round,client_id,selected,utility,normalized_utility,detector,cusum_pos,cusum_neg,change_detected,change_direction,last_seen,age,explore_score,exploit_score,final_score
1,82,True,0.207959,0.208,none,,,False,,1,0,,,
1,34,True,0.142721,0.1427,none,,,False,,1,0,,,
1,28,True,0.13892,0.1389,none,,,False,,1,0,,,
1,72,True,0.102692,0.1027,none,,,False,,1,0,,,
1,97,True,0.045015,0.045,none,,,False,,1,0,,,
1,38,True,0.056583,0.0566,none,,,False,,1,0,,,
1,78,True,0.047354,0.0474,none,,,False,,1,0,,,
1,7,True,0.440234,0.4402,none,,,False,,1,0,,,
1,12,True,0.337263,0.3373,none,,,False,,1,0,,,
1,57,True,0.067972,0.068,none,,,False,,1,0,,,
1,99,True,0.221281,0.2213,none,,,False,,1,0,,,
1,9,True,0.07535,0.0754,none,,,False,,1,0,,,
1,27,True,0.153134,0.1531,none,,,False,,1,0,,,
1,42,True,0.192208,0.1922,none,,,False,,1,0,,,
1,30,True,0.202603,0.2026,none,,,False,,1,0,,,
1,8,True,0.222371,0.2224,none,,,False,,1,0,,,
1,47,True,0.586364,0.5864,none,,,False,,1,0,,,
1,98,True,0.080133,0.0801,none,,,False,,1,0,,,
1,6,True,0.109628,0.1096,none,,,False,,1,0,,,
1,37,True,0.424531,0.4245,none,,,False,,1,0,,,
1,73,True,0.028149,0.0281,none,,,False,,1,0,,,
1,59,True,0.114817,0.1148,none,,,False,,1,0,,,
1,93,True,0.029324,0.0293,none,,,False,,1,0,,,
1,94,True,0.329083,0.3291,none,,,False,,1,0,,,
1,17,True,0.077885,0.0779,none,,,False,,1,0,,,
2,59,True,0.268272,0.2683,none,,,False,,2,0,,,
2,82,True,0.49442,0.4944,none,,,False,,2,0,,,
2,13,True,0.826429,0.8264,none,,,False,,2,0,,,
2,1,True,0.368193,0.3682,none,,,False,,2,0,,,
2,49,True,0.523793,0.5238,none,,,False,,2,0,,,
2,61,True,0.253484,0.2535,none,,,False,,2,0,,,
2,84,True,0.451865,0.4519,none,,,False,,2,0,,,
2,88,True,0.637386,0.6374,none,,,False,,2,0,,,
2,56,True,0.553849,0.5538,none,,,False,,2,0,,,
2,74,True,0.706732,0.7067,none,,,False,,2,0,,,
2,83,True,0.159974,0.16,none,,,False,,2,0,,,
2,71,True,0.425339,0.4253,none,,,False,,2,0,,,
2,73,True,0.066445,0.0664,none,,,False,,2,0,,,
2,57,True,0.151592,0.1516,none,,,False,,2,0,,,
2,69,True,0.229655,0.2297,none,,,False,,2,0,,,
2,23,True,0.097133,0.0971,none,,,False,,2,0,,,
2,75,True,0.136964,0.137,none,,,False,,2,0,,,
2,95,True,0.119341,0.1193,none,,,False,,2,0,,,
2,14,True,0.38395,0.3839,none,,,False,,2,0,,,
2,36,True,0.529121,0.5291,none,,,False,,2,0,,,
2,39,True,0.119538,0.1195,none,,,False,,2,0,,,
2,26,True,0.246256,0.2463,none,,,False,,2,0,,,
2,66,True,0.115934,0.1159,none,,,False,,2,0,,,
2,85,True,0.126724,0.1267,none,,,False,,2,0,,,
2,48,True,0.270008,0.27,none,,,False,,2,0,,,
3,73,True,0.202201,0.2022,none,,,False,,3,0,,,
3,23,True,0.212278,0.2123,none,,,False,,3,0,,,
3,47,True,0.689494,0.6895,none,,,False,,3,0,,,
3,48,True,0.57845,0.5785,none,,,False,,3,0,,,
3,16,True,0.891264,0.8913,none,,,False,,3,0,,,
3,97,True,0.273331,0.2733,none,,,False,,3,0,,,
3,1,True,0.514026,0.514,none,,,False,,3,0,,,
3,19,True,0.70776,0.7078,none,,,False,,3,0,,,
3,74,True,0.539809,0.5398,none,,,False,,3,0,,,
3,7,True,0.486311,0.4863,none,,,False,,3,0,,,
3,32,True,0.62175,0.6217,none,,,False,,3,0,,,
3,39,True,0.267809,0.2678,none,,,False,,3,0,,,
3,98,True,0.45288,0.4529,none,,,False,,3,0,,,
3,84,True,0.355697,0.3557,none,,,False,,3,0,,,
3,22,True,0.258923,0.2589,none,,,False,,3,0,,,
3,86,True,0.381311,0.3813,none,,,False,,3,0,,,
3,59,True,0.491702,0.4917,none,,,False,,3,0,,,
3,25,True,0.810186,0.8102,none,,,False,,3,0,,,
3,29,True,0.250892,0.2509,none,,,False,,3,0,,,
3,67,True,0.396034,0.396,none,,,False,,3,0,,,
3,6,True,0.410365,0.4104,none,,,False,,3,0,,,
3,50,True,0.620918,0.6209,none,,,False,,3,0,,,
3,11,True,0.817812,0.8178,none,,,False,,3,0,,,
3,34,True,0.466485,0.4665,none,,,False,,3,0,,,
3,87,True,0.326246,0.3262,none,,,False,,3,0,,,
4,94,True,0.505456,0.5055,none,,,False,,4,0,,,
4,2,True,0.995522,0.9955,none,,,False,,4,0,,,
4,40,True,0.611316,0.6113,none,,,False,,4,0,,,
4,3,True,0.504087,0.5041,none,,,False,,4,0,,,
4,8,True,0.332727,0.3327,none,,,False,,4,0,,,
4,15,True,0.612721,0.6127,none,,,False,,4,0,,,
4,25,True,0.784184,0.7842,none,,,False,,4,0,,,
4,77,True,0.727749,0.7277,none,,,False,,4,0,,,
4,59,True,0.570766,0.5708,none,,,False,,4,0,,,
4,56,True,0.6526,0.6526,none,,,False,,4,0,,,
4,5,True,1.160312,1.1603,none,,,False,,4,0,,,
4,64,True,0.160145,0.1601,none,,,False,,4,0,,,
4,45,True,0.343499,0.3435,none,,,False,,4,0,,,
4,21,True,0.45507,0.4551,none,,,False,,4,0,,,
4,4,True,0.480135,0.4801,none,,,False,,4,0,,,
4,66,True,0.231979,0.232,none,,,False,,4,0,,,
4,53,True,0.453303,0.4533,none,,,False,,4,0,,,
4,50,True,0.427149,0.4271,none,,,False,,4,0,,,
4,38,True,0.303448,0.3034,none,,,False,,4,0,,,
4,44,True,0.452027,0.452,none,,,False,,4,0,,,
4,84,True,0.430639,0.4306,none,,,False,,4,0,,,
4,52,True,0.853683,0.8537,none,,,False,,4,0,,,
4,81,True,0.476872,0.4769,none,,,False,,4,0,,,
4,28,True,0.529538,0.5295,none,,,False,,4,0,,,
4,69,True,0.393272,0.3933,none,,,False,,4,0,,,
5,66,True,0.221655,0.2217,none,,,False,,5,0,,,
5,38,True,0.264101,0.2641,none,,,False,,5,0,,,
5,39,True,0.295171,0.2952,none,,,False,,5,0,,,
5,90,True,0.509077,0.5091,none,,,False,,5,0,,,
5,85,True,0.388873,0.3889,none,,,False,,5,0,,,
5,11,True,0.36195,0.3619,none,,,False,,5,0,,,
5,59,True,0.474849,0.4748,none,,,False,,5,0,,,
5,44,True,0.381063,0.3811,none,,,False,,5,0,,,
5,52,True,0.935457,0.9355,none,,,False,,5,0,,,
5,82,True,0.788981,0.789,none,,,False,,5,0,,,
5,32,True,0.411497,0.4115,none,,,False,,5,0,,,
5,4,True,0.366221,0.3662,none,,,False,,5,0,,,
5,13,True,0.861685,0.8617,none,,,False,,5,0,,,
5,37,True,0.463685,0.4637,none,,,False,,5,0,,,
5,92,True,0.610409,0.6104,none,,,False,,5,0,,,
5,79,True,0.424595,0.4246,none,,,False,,5,0,,,
5,88,True,0.720766,0.7208,none,,,False,,5,0,,,
5,60,True,0.527025,0.527,none,,,False,,5,0,,,
5,81,True,0.440522,0.4405,none,,,False,,5,0,,,
5,49,True,0.61012,0.6101,none,,,False,,5,0,,,
5,89,True,0.46764,0.4676,none,,,False,,5,0,,,
5,69,True,0.479856,0.4799,none,,,False,,5,0,,,
5,14,True,0.539908,0.5399,none,,,False,,5,0,,,
5,91,True,0.28468,0.2847,none,,,False,,5,0,,,
5,67,True,0.309962,0.31,none,,,False,,5,0,,,
6,11,True,0.961526,0.9615,none,,,False,,6,0,,,
6,50,True,0.678299,0.6783,none,,,False,,6,0,,,
6,82,True,0.708095,0.7081,none,,,False,,6,0,,,
6,53,True,0.523426,0.5234,none,,,False,,6,0,,,
6,99,True,0.592245,0.5922,none,,,False,,6,0,,,
6,93,True,0.304716,0.3047,none,,,False,,6,0,,,
6,67,True,0.326403,0.3264,none,,,False,,6,0,,,
6,84,True,0.243024,0.243,none,,,False,,6,0,,,
6,12,True,0.750295,0.7503,none,,,False,,6,0,,,
6,75,True,0.317115,0.3171,none,,,False,,6,0,,,
6,35,True,0.59528,0.5953,none,,,False,,6,0,,,
6,81,True,0.568298,0.5683,none,,,False,,6,0,,,
6,63,True,0.293595,0.2936,none,,,False,,6,0,,,
6,98,True,0.651306,0.6513,none,,,False,,6,0,,,
6,85,True,0.472982,0.473,none,,,False,,6,0,,,
6,43,True,0.505184,0.5052,none,,,False,,6,0,,,
6,25,True,0.802776,0.8028,none,,,False,,6,0,,,
6,66,True,0.132809,0.1328,none,,,False,,6,0,,,
6,68,True,0.244279,0.2443,none,,,False,,6,0,,,
6,46,True,0.476033,0.476,none,,,False,,6,0,,,
6,40,True,0.710928,0.7109,none,,,False,,6,0,,,
6,57,True,0.482009,0.482,none,,,False,,6,0,,,
6,16,True,0.84573,0.8457,none,,,False,,6,0,,,
6,91,True,0.320351,0.3204,none,,,False,,6,0,,,
6,72,True,0.437677,0.4377,none,,,False,,6,0,,,
7,98,True,0.47456,0.4746,none,,,False,,7,0,,,
7,71,True,0.657611,0.6576,none,,,False,,7,0,,,
7,64,True,0.228226,0.2282,none,,,False,,7,0,,,
7,77,True,1.000878,1.0009,none,,,False,,7,0,,,
7,29,True,0.295543,0.2955,none,,,False,,7,0,,,
7,49,True,0.801391,0.8014,none,,,False,,7,0,,,
7,6,True,0.522887,0.5229,none,,,False,,7,0,,,
7,85,True,0.435141,0.4351,none,,,False,,7,0,,,
7,65,True,0.104704,0.1047,none,,,False,,7,0,,,
7,35,True,0.31143,0.3114,none,,,False,,7,0,,,
7,59,True,0.747525,0.7475,none,,,False,,7,0,,,
7,17,True,0.66409,0.6641,none,,,False,,7,0,,,
7,87,True,0.416183,0.4162,none,,,False,,7,0,,,
7,72,True,0.253667,0.2537,none,,,False,,7,0,,,
7,23,True,0.365906,0.3659,none,,,False,,7,0,,,
7,20,True,0.599989,0.6,none,,,False,,7,0,,,
7,53,True,0.295936,0.2959,none,,,False,,7,0,,,
7,84,True,0.54614,0.5461,none,,,False,,7,0,,,
7,36,True,0.746412,0.7464,none,,,False,,7,0,,,
7,19,True,0.903246,0.9032,none,,,False,,7,0,,,
7,99,True,0.736032,0.736,none,,,False,,7,0,,,
7,48,True,0.486763,0.4868,none,,,False,,7,0,,,
7,21,True,0.396943,0.3969,none,,,False,,7,0,,,
7,81,True,0.655358,0.6554,none,,,False,,7,0,,,
7,18,True,0.547713,0.5477,none,,,False,,7,0,,,
8,24,True,0.250179,0.2502,none,,,False,,8,0,,,
8,29,True,0.327997,0.328,none,,,False,,8,0,,,
8,85,True,0.323958,0.324,none,,,False,,8,0,,,
8,6,True,0.364674,0.3647,none,,,False,,8,0,,,
8,42,True,0.579676,0.5797,none,,,False,,8,0,,,
8,86,True,0.446297,0.4463,none,,,False,,8,0,,,
8,1,True,0.639924,0.6399,none,,,False,,8,0,,,
8,11,True,0.697549,0.6975,none,,,False,,8,0,,,
8,88,True,0.536004,0.536,none,,,False,,8,0,,,
8,83,True,0.641812,0.6418,none,,,False,,8,0,,,
8,55,True,0.759827,0.7598,none,,,False,,8,0,,,
8,12,True,0.58849,0.5885,none,,,False,,8,0,,,
8,8,True,0.342015,0.342,none,,,False,,8,0,,,
8,95,True,0.382808,0.3828,none,,,False,,8,0,,,
8,41,True,1.214337,1.2143,none,,,False,,8,0,,,
8,99,True,0.409841,0.4098,none,,,False,,8,0,,,
8,2,True,0.929323,0.9293,none,,,False,,8,0,,,
8,9,True,0.587821,0.5878,none,,,False,,8,0,,,
8,50,True,0.585969,0.586,none,,,False,,8,0,,,
8,34,True,0.389423,0.3894,none,,,False,,8,0,,,
8,28,True,0.690836,0.6908,none,,,False,,8,0,,,
8,17,True,0.793176,0.7932,none,,,False,,8,0,,,
8,0,True,0.349178,0.3492,none,,,False,,8,0,,,
8,77,True,0.590359,0.5904,none,,,False,,8,0,,,
8,4,True,0.445516,0.4455,none,,,False,,8,0,,,
9,30,True,0.964954,0.965,none,,,False,,9,0,,,
9,0,True,0.350356,0.3504,none,,,False,,9,0,,,
9,60,True,0.607268,0.6073,none,,,False,,9,0,,,
9,61,True,0.499029,0.499,none,,,False,,9,0,,,
9,41,True,1.113469,1.1135,none,,,False,,9,0,,,
9,43,True,0.346314,0.3463,none,,,False,,9,0,,,
9,17,True,0.670362,0.6704,none,,,False,,9,0,,,
9,28,True,0.533087,0.5331,none,,,False,,9,0,,,
9,27,True,0.528754,0.5288,none,,,False,,9,0,,,
9,13,True,0.919096,0.9191,none,,,False,,9,0,,,
9,33,True,0.377383,0.3774,none,,,False,,9,0,,,
9,21,True,0.48841,0.4884,none,,,False,,9,0,,,
9,59,True,0.369125,0.3691,none,,,False,,9,0,,,
9,8,True,0.253895,0.2539,none,,,False,,9,0,,,
9,34,True,0.436099,0.4361,none,,,False,,9,0,,,
9,26,True,0.393844,0.3938,none,,,False,,9,0,,,
9,72,True,0.360197,0.3602,none,,,False,,9,0,,,
9,16,True,0.638125,0.6381,none,,,False,,9,0,,,
9,22,True,0.370308,0.3703,none,,,False,,9,0,,,
9,88,True,0.761529,0.7615,none,,,False,,9,0,,,
9,23,True,0.388792,0.3888,none,,,False,,9,0,,,
9,99,True,0.779396,0.7794,none,,,False,,9,0,,,
9,39,True,0.171231,0.1712,none,,,False,,9,0,,,
9,83,True,0.576929,0.5769,none,,,False,,9,0,,,
9,64,True,0.235516,0.2355,none,,,False,,9,0,,,
10,0,True,0.487053,0.4871,none,,,False,,10,0,,,
10,50,True,0.709455,0.7095,none,,,False,,10,0,,,
10,70,True,0.306673,0.3067,none,,,False,,10,0,,,
10,84,True,0.217871,0.2179,none,,,False,,10,0,,,
10,75,True,0.330695,0.3307,none,,,False,,10,0,,,
10,98,True,0.618577,0.6186,none,,,False,,10,0,,,
10,32,True,0.622899,0.6229,none,,,False,,10,0,,,
10,83,True,0.489964,0.49,none,,,False,,10,0,,,
10,61,True,0.771495,0.7715,none,,,False,,10,0,,,
10,71,True,0.425081,0.4251,none,,,False,,10,0,,,
10,19,True,0.691107,0.6911,none,,,False,,10,0,,,
10,86,True,0.531,0.531,none,,,False,,10,0,,,
10,94,True,0.609337,0.6093,none,,,False,,10,0,,,
10,49,True,0.615099,0.6151,none,,,False,,10,0,,,
10,59,True,0.622387,0.6224,none,,,False,,10,0,,,
10,46,True,0.633808,0.6338,none,,,False,,10,0,,,
10,13,True,0.50138,0.5014,none,,,False,,10,0,,,
10,26,True,0.325821,0.3258,none,,,False,,10,0,,,
10,27,True,0.448089,0.4481,none,,,False,,10,0,,,
10,82,True,0.851385,0.8514,none,,,False,,10,0,,,
10,74,True,0.862228,0.8622,none,,,False,,10,0,,,
10,97,True,0.618672,0.6187,none,,,False,,10,0,,,
10,67,True,0.205143,0.2051,none,,,False,,10,0,,,
10,6,True,0.434545,0.4345,none,,,False,,10,0,,,
10,12,True,0.626634,0.6266,none,,,False,,10,0,,,
11,77,True,0.562772,0.5628,none,,,False,,11,0,,,
11,84,True,0.440045,0.44,none,,,False,,11,0,,,
11,68,True,0.249264,0.2493,none,,,False,,11,0,,,
11,37,True,0.37374,0.3737,none,,,False,,11,0,,,
11,69,True,0.314874,0.3149,none,,,False,,11,0,,,
11,55,True,0.807128,0.8071,none,,,False,,11,0,,,
11,32,True,0.484155,0.4842,none,,,False,,11,0,,,
11,11,True,0.699371,0.6994,none,,,False,,11,0,,,
11,67,True,0.385963,0.386,none,,,False,,11,0,,,
11,58,True,1.300974,1.301,none,,,False,,11,0,,,
11,40,True,0.911083,0.9111,none,,,False,,11,0,,,
11,89,True,0.438137,0.4381,none,,,False,,11,0,,,
11,13,True,0.886855,0.8869,none,,,False,,11,0,,,
11,64,True,0.225336,0.2253,none,,,False,,11,0,,,
11,12,True,0.626703,0.6267,none,,,False,,11,0,,,
11,21,True,0.590296,0.5903,none,,,False,,11,0,,,
11,6,True,0.380202,0.3802,none,,,False,,11,0,,,
11,31,True,0.521998,0.522,none,,,False,,11,0,,,
11,81,True,0.527662,0.5277,none,,,False,,11,0,,,
11,15,True,0.667325,0.6673,none,,,False,,11,0,,,
11,2,True,0.817686,0.8177,none,,,False,,11,0,,,
11,0,True,0.376552,0.3766,none,,,False,,11,0,,,
11,30,True,0.793316,0.7933,none,,,False,,11,0,,,
11,80,True,0.400004,0.4,none,,,False,,11,0,,,
11,59,True,0.452041,0.452,none,,,False,,11,0,,,
12,38,True,0.28356,0.2836,none,,,False,,12,0,,,
12,22,True,0.309022,0.309,none,,,False,,12,0,,,
12,55,True,0.580671,0.5807,none,,,False,,12,0,,,
12,39,True,0.365814,0.3658,none,,,False,,12,0,,,
12,50,True,0.593916,0.5939,none,,,False,,12,0,,,
12,10,True,0.458497,0.4585,none,,,False,,12,0,,,
12,25,True,0.887028,0.887,none,,,False,,12,0,,,
12,54,True,0.379217,0.3792,none,,,False,,12,0,,,
12,48,True,0.39833,0.3983,none,,,False,,12,0,,,
12,37,True,0.386617,0.3866,none,,,False,,12,0,,,
12,5,True,1.110374,1.1104,none,,,False,,12,0,,,
12,84,True,0.40966,0.4097,none,,,False,,12,0,,,
12,20,True,0.478273,0.4783,none,,,False,,12,0,,,
12,58,True,0.83455,0.8345,none,,,False,,12,0,,,
12,35,True,0.386037,0.386,none,,,False,,12,0,,,
12,92,True,0.666228,0.6662,none,,,False,,12,0,,,
12,9,True,0.477644,0.4776,none,,,False,,12,0,,,
12,94,True,0.633559,0.6336,none,,,False,,12,0,,,
12,44,True,0.509896,0.5099,none,,,False,,12,0,,,
12,64,True,0.178765,0.1788,none,,,False,,12,0,,,
12,91,True,0.232796,0.2328,none,,,False,,12,0,,,
12,62,True,0.752731,0.7527,none,,,False,,12,0,,,
12,99,True,0.443141,0.4431,none,,,False,,12,0,,,
12,32,True,0.359586,0.3596,none,,,False,,12,0,,,
12,85,True,0.269142,0.2691,none,,,False,,12,0,,,
13,7,True,0.498529,0.4985,none,,,False,,13,0,,,
13,33,True,0.256864,0.2569,none,,,False,,13,0,,,
13,64,True,0.329081,0.3291,none,,,False,,13,0,,,
13,34,True,0.666483,0.6665,none,,,False,,13,0,,,
13,25,True,0.638214,0.6382,none,,,False,,13,0,,,
13,75,True,0.437828,0.4378,none,,,False,,13,0,,,
13,47,True,0.802689,0.8027,none,,,False,,13,0,,,
13,74,True,0.977375,0.9774,none,,,False,,13,0,,,
13,69,True,0.372113,0.3721,none,,,False,,13,0,,,
13,66,True,0.233321,0.2333,none,,,False,,13,0,,,
13,35,True,0.443479,0.4435,none,,,False,,13,0,,,
13,90,True,0.459136,0.4591,none,,,False,,13,0,,,
13,44,True,0.45752,0.4575,none,,,False,,13,0,,,
13,12,True,0.555336,0.5553,none,,,False,,13,0,,,
13,22,True,0.31818,0.3182,none,,,False,,13,0,,,
13,77,True,0.599882,0.5999,none,,,False,,13,0,,,
13,15,True,0.648372,0.6484,none,,,False,,13,0,,,
13,63,True,0.412535,0.4125,none,,,False,,13,0,,,
13,42,True,0.564825,0.5648,none,,,False,,13,0,,,
13,82,True,0.552636,0.5526,none,,,False,,13,0,,,
13,68,True,0.254379,0.2544,none,,,False,,13,0,,,
13,45,True,0.321227,0.3212,none,,,False,,13,0,,,
13,13,True,0.788753,0.7888,none,,,False,,13,0,,,
13,59,True,0.656501,0.6565,none,,,False,,13,0,,,
13,27,True,0.363195,0.3632,none,,,False,,13,0,,,
14,48,True,0.492569,0.4926,none,,,False,,14,0,,,
14,94,True,0.684033,0.684,none,,,False,,14,0,,,
14,21,True,0.664308,0.6643,none,,,False,,14,0,,,
14,64,True,0.225544,0.2255,none,,,False,,14,0,,,
14,23,True,0.227467,0.2275,none,,,False,,14,0,,,
14,59,True,0.384776,0.3848,none,,,False,,14,0,,,
14,76,True,0.945602,0.9456,none,,,False,,14,0,,,
14,22,True,0.31519,0.3152,none,,,False,,14,0,,,
14,30,True,0.345481,0.3455,none,,,False,,14,0,,,
14,39,True,0.365337,0.3653,none,,,False,,14,0,,,
14,89,True,0.459973,0.46,none,,,False,,14,0,,,
14,77,True,0.576103,0.5761,none,,,False,,14,0,,,
14,46,True,0.469318,0.4693,none,,,False,,14,0,,,
14,79,True,0.508045,0.508,none,,,False,,14,0,,,
14,66,True,0.208217,0.2082,none,,,False,,14,0,,,
14,93,True,0.316216,0.3162,none,,,False,,14,0,,,
14,9,True,0.655465,0.6555,none,,,False,,14,0,,,
14,33,True,0.420121,0.4201,none,,,False,,14,0,,,
14,4,True,0.507115,0.5071,none,,,False,,14,0,,,
14,41,True,1.31297,1.313,none,,,False,,14,0,,,
14,3,True,0.627611,0.6276,none,,,False,,14,0,,,
14,31,True,0.497012,0.497,none,,,False,,14,0,,,
14,62,True,0.843285,0.8433,none,,,False,,14,0,,,
14,83,True,1.064367,1.0644,none,,,False,,14,0,,,
14,75,True,0.233924,0.2339,none,,,False,,14,0,,,
15,91,True,0.186199,0.1862,none,,,False,,15,0,,,
15,61,True,0.635691,0.6357,none,,,False,,15,0,,,
15,29,True,0.247378,0.2474,none,,,False,,15,0,,,
15,92,True,0.559821,0.5598,none,,,False,,15,0,,,
15,75,True,0.368282,0.3683,none,,,False,,15,0,,,
15,33,True,0.273624,0.2736,none,,,False,,15,0,,,
15,36,True,0.738451,0.7385,none,,,False,,15,0,,,
15,99,True,0.604878,0.6049,none,,,False,,15,0,,,
15,4,True,0.366939,0.3669,none,,,False,,15,0,,,
15,2,True,1.091902,1.0919,none,,,False,,15,0,,,
15,52,True,0.883267,0.8833,none,,,False,,15,0,,,
15,46,True,0.463327,0.4633,none,,,False,,15,0,,,
15,73,True,0.256306,0.2563,none,,,False,,15,0,,,
15,48,True,0.472548,0.4725,none,,,False,,15,0,,,
15,10,True,0.556656,0.5567,none,,,False,,15,0,,,
15,39,True,0.325059,0.3251,none,,,False,,15,0,,,
15,79,True,0.630779,0.6308,none,,,False,,15,0,,,
15,9,True,0.613515,0.6135,none,,,False,,15,0,,,
15,42,True,0.577109,0.5771,none,,,False,,15,0,,,
15,11,True,0.97764,0.9776,none,,,False,,15,0,,,
15,63,True,0.443427,0.4434,none,,,False,,15,0,,,
15,72,True,0.467485,0.4675,none,,,False,,15,0,,,
15,59,True,0.554068,0.5541,none,,,False,,15,0,,,
15,23,True,0.319894,0.3199,none,,,False,,15,0,,,
15,40,True,0.793523,0.7935,none,,,False,,15,0,,,
16,68,True,0.301104,0.3011,none,,,False,,16,0,,,
16,89,True,0.599473,0.5995,none,,,False,,16,0,,,
16,62,True,0.704304,0.7043,none,,,False,,16,0,,,
16,44,True,0.58613,0.5861,none,,,False,,16,0,,,
16,39,True,0.176587,0.1766,none,,,False,,16,0,,,
16,47,True,0.685136,0.6851,none,,,False,,16,0,,,
16,85,True,0.273305,0.2733,none,,,False,,16,0,,,
16,3,True,0.368223,0.3682,none,,,False,,16,0,,,
16,30,True,0.650649,0.6506,none,,,False,,16,0,,,
16,6,True,0.360637,0.3606,none,,,False,,16,0,,,
16,32,True,0.506367,0.5064,none,,,False,,16,0,,,
16,24,True,0.133493,0.1335,none,,,False,,16,0,,,
16,11,True,0.113557,0.1136,none,,,False,,16,0,,,
16,75,True,0.20971,0.2097,none,,,False,,16,0,,,
16,13,True,0.857754,0.8578,none,,,False,,16,0,,,
16,33,True,0.452008,0.452,none,,,False,,16,0,,,
16,14,True,0.473947,0.4739,none,,,False,,16,0,,,
16,16,True,0.989958,0.99,none,,,False,,16,0,,,
16,42,True,0.573597,0.5736,none,,,False,,16,0,,,
16,29,True,0.237165,0.2372,none,,,False,,16,0,,,
16,10,True,0.398755,0.3988,none,,,False,,16,0,,,
16,70,True,0.1842,0.1842,none,,,False,,16,0,,,
16,35,True,0.503103,0.5031,none,,,False,,16,0,,,
16,76,True,0.773232,0.7732,none,,,False,,16,0,,,
16,7,True,0.602763,0.6028,none,,,False,,16,0,,,
17,71,True,0.583633,0.5836,none,,,False,,17,0,,,
17,61,True,0.459048,0.459,none,,,False,,17,0,,,
17,63,True,0.560102,0.5601,none,,,False,,17,0,,,
17,29,True,0.269907,0.2699,none,,,False,,17,0,,,
17,93,True,0.270711,0.2707,none,,,False,,17,0,,,
17,20,True,0.654554,0.6546,none,,,False,,17,0,,,
17,48,True,0.52605,0.526,none,,,False,,17,0,,,
17,92,True,0.700153,0.7002,none,,,False,,17,0,,,
17,24,True,0.427977,0.428,none,,,False,,17,0,,,
17,86,True,0.509644,0.5096,none,,,False,,17,0,,,
17,80,True,0.524958,0.525,none,,,False,,17,0,,,
17,30,True,0.794385,0.7944,none,,,False,,17,0,,,
17,37,True,0.621549,0.6215,none,,,False,,17,0,,,
17,58,True,1.060184,1.0602,none,,,False,,17,0,,,
17,94,True,0.522243,0.5222,none,,,False,,17,0,,,
17,12,True,0.423456,0.4235,none,,,False,,17,0,,,
17,25,True,0.889237,0.8892,none,,,False,,17,0,,,
17,45,True,0.276731,0.2767,none,,,False,,17,0,,,
17,72,True,0.427061,0.4271,none,,,False,,17,0,,,
17,53,True,0.412863,0.4129,none,,,False,,17,0,,,
17,66,True,0.208693,0.2087,none,,,False,,17,0,,,
17,87,True,0.273275,0.2733,none,,,False,,17,0,,,
17,39,True,0.325662,0.3257,none,,,False,,17,0,,,
17,46,True,0.490321,0.4903,none,,,False,,17,0,,,
17,79,True,0.716408,0.7164,none,,,False,,17,0,,,
18,55,True,0.62924,0.6292,none,,,False,,18,0,,,
18,80,True,0.536073,0.5361,none,,,False,,18,0,,,
18,86,True,0.303954,0.304,none,,,False,,18,0,,,
18,51,True,0.944903,0.9449,none,,,False,,18,0,,,
18,66,True,0.263406,0.2634,none,,,False,,18,0,,,
18,15,True,0.465115,0.4651,none,,,False,,18,0,,,
18,41,True,1.255169,1.2552,none,,,False,,18,0,,,
18,84,True,0.548645,0.5486,none,,,False,,18,0,,,
18,9,True,0.568252,0.5683,none,,,False,,18,0,,,
18,33,True,0.19651,0.1965,none,,,False,,18,0,,,
18,18,True,0.802713,0.8027,none,,,False,,18,0,,,
18,67,True,0.508126,0.5081,none,,,False,,18,0,,,
18,91,True,0.412227,0.4122,none,,,False,,18,0,,,
18,40,True,0.787327,0.7873,none,,,False,,18,0,,,
18,11,True,0.743082,0.7431,none,,,False,,18,0,,,
18,52,True,0.631592,0.6316,none,,,False,,18,0,,,
18,3,True,0.316645,0.3166,none,,,False,,18,0,,,
18,95,True,0.380364,0.3804,none,,,False,,18,0,,,
18,24,True,0.263947,0.2639,none,,,False,,18,0,,,
18,88,True,0.736465,0.7365,none,,,False,,18,0,,,
18,38,True,0.398701,0.3987,none,,,False,,18,0,,,
18,14,True,0.39292,0.3929,none,,,False,,18,0,,,
18,82,True,0.493038,0.493,none,,,False,,18,0,,,
18,5,True,1.076452,1.0765,none,,,False,,18,0,,,
18,12,True,0.41626,0.4163,none,,,False,,18,0,,,
19,88,True,0.563301,0.5633,none,,,False,,19,0,,,
19,76,True,0.448668,0.4487,none,,,False,,19,0,,,
19,84,True,0.309014,0.309,none,,,False,,19,0,,,
19,16,True,0.434961,0.435,none,,,False,,19,0,,,
19,45,True,0.266753,0.2668,none,,,False,,19,0,,,
19,26,True,0.321476,0.3215,none,,,False,,19,0,,,
19,55,True,0.662121,0.6621,none,,,False,,19,0,,,
19,80,True,0.546303,0.5463,none,,,False,,19,0,,,
19,63,True,0.527318,0.5273,none,,,False,,19,0,,,
19,36,True,0.885316,0.8853,none,,,False,,19,0,,,
19,92,True,0.724973,0.725,none,,,False,,19,0,,,
19,13,True,0.638354,0.6384,none,,,False,,19,0,,,
19,24,True,0.412727,0.4127,none,,,False,,19,0,,,
19,1,True,0.492579,0.4926,none,,,False,,19,0,,,
19,51,True,0.537356,0.5374,none,,,False,,19,0,,,
19,11,True,1.363071,1.3631,none,,,False,,19,0,,,
19,9,True,0.299158,0.2992,none,,,False,,19,0,,,
19,39,True,0.38374,0.3837,none,,,False,,19,0,,,
19,85,True,0.414542,0.4145,none,,,False,,19,0,,,
19,59,True,0.748644,0.7486,none,,,False,,19,0,,,
19,6,True,0.458863,0.4589,none,,,False,,19,0,,,
19,31,True,0.258452,0.2585,none,,,False,,19,0,,,
19,60,True,1.072863,1.0729,none,,,False,,19,0,,,
19,5,True,1.115316,1.1153,none,,,False,,19,0,,,
19,89,True,0.428391,0.4284,none,,,False,,19,0,,,
20,23,True,0.292866,0.2929,none,,,False,,20,0,,,
20,71,True,0.497183,0.4972,none,,,False,,20,0,,,
20,84,True,0.563762,0.5638,none,,,False,,20,0,,,
20,16,True,0.434076,0.4341,none,,,False,,20,0,,,
20,28,True,0.738939,0.7389,none,,,False,,20,0,,,
20,78,True,0.260839,0.2608,none,,,False,,20,0,,,
20,97,True,0.324382,0.3244,none,,,False,,20,0,,,
20,70,True,0.16079,0.1608,none,,,False,,20,0,,,
20,80,True,0.379585,0.3796,none,,,False,,20,0,,,
20,50,True,0.687347,0.6873,none,,,False,,20,0,,,
20,55,True,0.70444,0.7044,none,,,False,,20,0,,,
20,26,True,0.464742,0.4647,none,,,False,,20,0,,,
20,10,True,0.475174,0.4752,none,,,False,,20,0,,,
20,69,True,0.500954,0.501,none,,,False,,20,0,,,
20,66,True,0.337268,0.3373,none,,,False,,20,0,,,
20,63,True,0.437653,0.4377,none,,,False,,20,0,,,
20,48,True,0.434436,0.4344,none,,,False,,20,0,,,
20,37,True,0.670536,0.6705,none,,,False,,20,0,,,
20,24,True,0.204241,0.2042,none,,,False,,20,0,,,
20,15,True,0.517776,0.5178,none,,,False,,20,0,,,
20,32,True,0.579967,0.58,none,,,False,,20,0,,,
20,64,True,0.239971,0.24,none,,,False,,20,0,,,
20,87,True,0.393998,0.394,none,,,False,,20,0,,,
20,89,True,0.434776,0.4348,none,,,False,,20,0,,,
20,42,True,0.415929,0.4159,none,,,False,,20,0,,,
21,82,True,0.73695,0.737,none,,,False,,21,0,,,
21,65,True,0.246071,0.2461,none,,,False,,21,0,,,
21,59,True,0.488309,0.4883,none,,,False,,21,0,,,
21,91,True,0.209205,0.2092,none,,,False,,21,0,,,
21,89,True,0.419774,0.4198,none,,,False,,21,0,,,
21,31,True,0.35309,0.3531,none,,,False,,21,0,,,
21,97,True,0.36119,0.3612,none,,,False,,21,0,,,
21,40,True,0.510976,0.511,none,,,False,,21,0,,,
21,61,True,0.445994,0.446,none,,,False,,21,0,,,
21,34,True,0.579351,0.5794,none,,,False,,21,0,,,
21,79,True,0.568217,0.5682,none,,,False,,21,0,,,
21,78,True,0.173625,0.1736,none,,,False,,21,0,,,
21,92,True,0.695467,0.6955,none,,,False,,21,0,,,
21,68,True,0.292233,0.2922,none,,,False,,21,0,,,
21,47,True,0.878766,0.8788,none,,,False,,21,0,,,
21,43,True,0.40833,0.4083,none,,,False,,21,0,,,
21,9,True,0.308737,0.3087,none,,,False,,21,0,,,
21,94,True,0.605243,0.6052,none,,,False,,21,0,,,
21,45,True,0.368504,0.3685,none,,,False,,21,0,,,
21,12,True,0.501414,0.5014,none,,,False,,21,0,,,
21,1,True,0.407689,0.4077,none,,,False,,21,0,,,
21,26,True,0.321504,0.3215,none,,,False,,21,0,,,
21,8,True,0.396851,0.3969,none,,,False,,21,0,,,
21,55,True,0.477592,0.4776,none,,,False,,21,0,,,
21,44,True,0.62348,0.6235,none,,,False,,21,0,,,
22,46,True,0.557471,0.5575,none,,,False,,22,0,,,
22,69,True,0.453557,0.4536,none,,,False,,22,0,,,
22,26,True,0.411376,0.4114,none,,,False,,22,0,,,
22,79,True,0.667471,0.6675,none,,,False,,22,0,,,
22,60,True,0.767559,0.7676,none,,,False,,22,0,,,
22,20,True,0.806916,0.8069,none,,,False,,22,0,,,
22,78,True,0.239391,0.2394,none,,,False,,22,0,,,
22,6,True,0.316197,0.3162,none,,,False,,22,0,,,
22,80,True,0.47938,0.4794,none,,,False,,22,0,,,
22,51,True,0.453536,0.4535,none,,,False,,22,0,,,
22,75,True,0.437385,0.4374,none,,,False,,22,0,,,
22,37,True,0.60796,0.608,none,,,False,,22,0,,,
22,95,True,0.452569,0.4526,none,,,False,,22,0,,,
22,16,True,0.583828,0.5838,none,,,False,,22,0,,,
22,33,True,0.211399,0.2114,none,,,False,,22,0,,,
22,57,True,0.562806,0.5628,none,,,False,,22,0,,,
22,58,True,1.02196,1.022,none,,,False,,22,0,,,
22,67,True,0.297571,0.2976,none,,,False,,22,0,,,
22,41,True,0.940073,0.9401,none,,,False,,22,0,,,
22,96,True,0.485455,0.4855,none,,,False,,22,0,,,
22,12,True,0.479575,0.4796,none,,,False,,22,0,,,
22,23,True,0.337191,0.3372,none,,,False,,22,0,,,
22,91,True,0.159701,0.1597,none,,,False,,22,0,,,
22,5,True,1.03638,1.0364,none,,,False,,22,0,,,
22,22,True,0.277497,0.2775,none,,,False,,22,0,,,
23,59,True,0.700807,0.7008,none,,,False,,23,0,,,
23,63,True,0.515267,0.5153,none,,,False,,23,0,,,
23,78,True,0.270937,0.2709,none,,,False,,23,0,,,
23,4,True,0.417246,0.4172,none,,,False,,23,0,,,
23,93,True,0.371394,0.3714,none,,,False,,23,0,,,
23,45,True,0.377604,0.3776,none,,,False,,23,0,,,
23,36,True,0.768721,0.7687,none,,,False,,23,0,,,
23,43,True,0.35648,0.3565,none,,,False,,23,0,,,
23,92,True,0.503252,0.5033,none,,,False,,23,0,,,
23,18,True,0.600327,0.6003,none,,,False,,23,0,,,
23,86,True,0.648009,0.648,none,,,False,,23,0,,,
23,54,True,0.258334,0.2583,none,,,False,,23,0,,,
23,95,True,0.465149,0.4651,none,,,False,,23,0,,,
23,24,True,0.361269,0.3613,none,,,False,,23,0,,,
23,27,True,0.485315,0.4853,none,,,False,,23,0,,,
23,60,True,0.72793,0.7279,none,,,False,,23,0,,,
23,94,True,0.671602,0.6716,none,,,False,,23,0,,,
23,49,True,0.729412,0.7294,none,,,False,,23,0,,,
23,44,True,0.395143,0.3951,none,,,False,,23,0,,,
23,30,True,0.794115,0.7941,none,,,False,,23,0,,,
23,71,True,0.334094,0.3341,none,,,False,,23,0,,,
23,10,True,0.490558,0.4906,none,,,False,,23,0,,,
23,82,True,0.783522,0.7835,none,,,False,,23,0,,,
23,13,True,0.397973,0.398,none,,,False,,23,0,,,
23,12,True,0.611009,0.611,none,,,False,,23,0,,,
24,55,True,0.804282,0.8043,none,,,False,,24,0,,,
24,85,True,0.334624,0.3346,none,,,False,,24,0,,,
24,71,True,0.25962,0.2596,none,,,False,,24,0,,,
24,74,True,0.683645,0.6836,none,,,False,,24,0,,,
24,95,True,0.518906,0.5189,none,,,False,,24,0,,,
24,60,True,0.353908,0.3539,none,,,False,,24,0,,,
24,23,True,0.281117,0.2811,none,,,False,,24,0,,,
24,83,True,0.549871,0.5499,none,,,False,,24,0,,,
24,69,True,0.435515,0.4355,none,,,False,,24,0,,,
24,96,True,0.431372,0.4314,none,,,False,,24,0,,,
24,51,True,0.62375,0.6237,none,,,False,,24,0,,,
24,47,True,0.795531,0.7955,none,,,False,,24,0,,,
24,72,True,0.496625,0.4966,none,,,False,,24,0,,,
24,68,True,0.216108,0.2161,none,,,False,,24,0,,,
24,32,True,0.578838,0.5788,none,,,False,,24,0,,,
24,93,True,0.314677,0.3147,none,,,False,,24,0,,,
24,5,True,0.922226,0.9222,none,,,False,,24,0,,,
24,86,True,0.384625,0.3846,none,,,False,,24,0,,,
24,36,True,0.332461,0.3325,none,,,False,,24,0,,,
24,63,True,0.195794,0.1958,none,,,False,,24,0,,,
24,92,True,0.664077,0.6641,none,,,False,,24,0,,,
24,0,True,0.396877,0.3969,none,,,False,,24,0,,,
24,4,True,0.370991,0.371,none,,,False,,24,0,,,
24,65,True,0.417834,0.4178,none,,,False,,24,0,,,
24,78,True,0.254726,0.2547,none,,,False,,24,0,,,
25,15,True,0.502542,0.5025,none,,,False,,25,0,,,
25,97,True,0.417325,0.4173,none,,,False,,25,0,,,
25,58,True,0.814302,0.8143,none,,,False,,25,0,,,
25,33,True,0.318471,0.3185,none,,,False,,25,0,,,
25,99,True,0.229711,0.2297,none,,,False,,25,0,,,
25,90,True,0.372249,0.3722,none,,,False,,25,0,,,
25,60,True,0.338416,0.3384,none,,,False,,25,0,,,
25,13,True,0.485274,0.4853,none,,,False,,25,0,,,
25,82,True,0.801558,0.8016,none,,,False,,25,0,,,
25,12,True,0.770266,0.7703,none,,,False,,25,0,,,
25,22,True,0.284853,0.2849,none,,,False,,25,0,,,
25,86,True,0.39994,0.3999,none,,,False,,25,0,,,
25,45,True,0.409705,0.4097,none,,,False,,25,0,,,
25,9,True,0.447565,0.4476,none,,,False,,25,0,,,
25,89,True,0.348369,0.3484,none,,,False,,25,0,,,
25,8,True,0.339644,0.3396,none,,,False,,25,0,,,
25,31,True,0.517883,0.5179,none,,,False,,25,0,,,
25,32,True,0.414907,0.4149,none,,,False,,25,0,,,
25,51,True,0.753093,0.7531,none,,,False,,25,0,,,
25,87,True,0.45987,0.4599,none,,,False,,25,0,,,
25,38,True,0.269819,0.2698,none,,,False,,25,0,,,
25,55,True,0.480436,0.4804,none,,,False,,25,0,,,
25,18,True,0.628611,0.6286,none,,,False,,25,0,,,
25,44,True,0.436896,0.4369,none,,,False,,25,0,,,
25,28,True,0.687136,0.6871,none,,,False,,25,0,,,
26,49,True,0.538945,0.5389,none,,,False,,26,0,,,
26,11,True,0.849833,0.8498,none,,,False,,26,0,,,
26,37,True,0.538907,0.5389,none,,,False,,26,0,,,
26,19,True,0.833757,0.8338,none,,,False,,26,0,,,
26,48,True,0.405903,0.4059,none,,,False,,26,0,,,
26,33,True,0.29891,0.2989,none,,,False,,26,0,,,
26,42,True,0.417148,0.4171,none,,,False,,26,0,,,
26,27,True,0.30885,0.3089,none,,,False,,26,0,,,
26,0,True,0.503735,0.5037,none,,,False,,26,0,,,
26,76,True,0.445588,0.4456,none,,,False,,26,0,,,
26,66,True,0.09912,0.0991,none,,,False,,26,0,,,
26,25,True,0.559531,0.5595,none,,,False,,26,0,,,
26,38,True,0.33716,0.3372,none,,,False,,26,0,,,
26,34,True,0.473038,0.473,none,,,False,,26,0,,,
26,81,True,0.524344,0.5243,none,,,False,,26,0,,,
26,10,True,0.22087,0.2209,none,,,False,,26,0,,,
26,26,True,0.365244,0.3652,none,,,False,,26,0,,,
26,44,True,0.443789,0.4438,none,,,False,,26,0,,,
26,3,True,0.497054,0.4971,none,,,False,,26,0,,,
26,29,True,0.293975,0.294,none,,,False,,26,0,,,
26,96,True,0.534693,0.5347,none,,,False,,26,0,,,
26,41,True,0.64806,0.6481,none,,,False,,26,0,,,
26,14,True,0.493157,0.4932,none,,,False,,26,0,,,
26,84,True,0.318818,0.3188,none,,,False,,26,0,,,
26,86,True,0.386225,0.3862,none,,,False,,26,0,,,
27,27,True,0.413377,0.4134,none,,,False,,27,0,,,
27,9,True,0.371972,0.372,none,,,False,,27,0,,,
27,22,True,0.267257,0.2673,none,,,False,,27,0,,,
27,99,True,0.575496,0.5755,none,,,False,,27,0,,,
27,34,True,0.547573,0.5476,none,,,False,,27,0,,,
27,7,True,0.51234,0.5123,none,,,False,,27,0,,,
27,1,True,0.589504,0.5895,none,,,False,,27,0,,,
27,32,True,0.556492,0.5565,none,,,False,,27,0,,,
27,5,True,0.808199,0.8082,none,,,False,,27,0,,,
27,33,True,0.312178,0.3122,none,,,False,,27,0,,,
27,81,True,0.584548,0.5845,none,,,False,,27,0,,,
27,73,True,0.318013,0.318,none,,,False,,27,0,,,
27,70,True,0.203255,0.2033,none,,,False,,27,0,,,
27,88,True,0.565901,0.5659,none,,,False,,27,0,,,
27,52,True,0.722477,0.7225,none,,,False,,27,0,,,
27,80,True,0.482476,0.4825,none,,,False,,27,0,,,
27,19,True,0.634502,0.6345,none,,,False,,27,0,,,
27,78,True,0.262948,0.2629,none,,,False,,27,0,,,
27,23,True,0.252212,0.2522,none,,,False,,27,0,,,
27,25,True,0.768751,0.7688,none,,,False,,27,0,,,
27,39,True,0.264941,0.2649,none,,,False,,27,0,,,
27,86,True,0.379337,0.3793,none,,,False,,27,0,,,
27,87,True,0.346066,0.3461,none,,,False,,27,0,,,
27,8,True,0.292676,0.2927,none,,,False,,27,0,,,
27,36,True,0.553795,0.5538,none,,,False,,27,0,,,
28,89,True,0.451757,0.4518,none,,,False,,28,0,,,
28,82,True,0.682937,0.6829,none,,,False,,28,0,,,
28,96,True,0.592676,0.5927,none,,,False,,28,0,,,
28,60,True,0.534587,0.5346,none,,,False,,28,0,,,
28,91,True,0.235695,0.2357,none,,,False,,28,0,,,
28,80,True,0.394626,0.3946,none,,,False,,28,0,,,
28,39,True,0.279079,0.2791,none,,,False,,28,0,,,
28,29,True,0.305783,0.3058,none,,,False,,28,0,,,
28,41,True,0.948578,0.9486,none,,,False,,28,0,,,
28,76,True,0.594464,0.5945,none,,,False,,28,0,,,
28,22,True,0.319148,0.3191,none,,,False,,28,0,,,
28,19,True,0.70372,0.7037,none,,,False,,28,0,,,
28,58,True,0.628852,0.6289,none,,,False,,28,0,,,
28,13,True,0.788113,0.7881,none,,,False,,28,0,,,
28,45,True,0.194081,0.1941,none,,,False,,28,0,,,
28,86,True,0.228464,0.2285,none,,,False,,28,0,,,
28,31,True,0.411625,0.4116,none,,,False,,28,0,,,
28,51,True,0.693254,0.6933,none,,,False,,28,0,,,
28,43,True,0.500328,0.5003,none,,,False,,28,0,,,
28,74,True,0.739208,0.7392,none,,,False,,28,0,,,
28,3,True,0.438028,0.438,none,,,False,,28,0,,,
28,30,True,0.639305,0.6393,none,,,False,,28,0,,,
28,90,True,0.422824,0.4228,none,,,False,,28,0,,,
28,85,True,0.254246,0.2542,none,,,False,,28,0,,,
28,84,True,0.46509,0.4651,none,,,False,,28,0,,,
29,66,True,0.095891,0.0959,none,,,False,,29,0,,,
29,9,True,0.322069,0.3221,none,,,False,,29,0,,,
29,24,True,0.201073,0.2011,none,,,False,,29,0,,,
29,36,True,0.640042,0.64,none,,,False,,29,0,,,
29,19,True,0.718447,0.7184,none,,,False,,29,0,,,
29,67,True,0.124815,0.1248,none,,,False,,29,0,,,
29,75,True,0.373066,0.3731,none,,,False,,29,0,,,
29,81,True,0.512396,0.5124,none,,,False,,29,0,,,
29,65,True,0.346412,0.3464,none,,,False,,29,0,,,
29,70,True,0.236065,0.2361,none,,,False,,29,0,,,
29,99,True,0.494368,0.4944,none,,,False,,29,0,,,
29,86,True,0.324268,0.3243,none,,,False,,29,0,,,
29,41,True,0.675765,0.6758,none,,,False,,29,0,,,
29,51,True,0.670898,0.6709,none,,,False,,29,0,,,
29,2,True,0.564487,0.5645,none,,,False,,29,0,,,
29,94,True,0.608111,0.6081,none,,,False,,29,0,,,
29,52,True,0.797514,0.7975,none,,,False,,29,0,,,
29,33,True,0.281485,0.2815,none,,,False,,29,0,,,
29,90,True,0.404797,0.4048,none,,,False,,29,0,,,
29,16,True,0.620296,0.6203,none,,,False,,29,0,,,
29,49,True,0.419367,0.4194,none,,,False,,29,0,,,
29,72,True,0.476791,0.4768,none,,,False,,29,0,,,
29,79,True,0.530997,0.531,none,,,False,,29,0,,,
29,5,True,0.814061,0.8141,none,,,False,,29,0,,,
29,85,True,0.412118,0.4121,none,,,False,,29,0,,,
30,29,True,0.043556,0.0436,none,,,False,,30,0,,,
30,96,True,0.681592,0.6816,none,,,False,,30,0,,,
30,97,True,0.432202,0.4322,none,,,False,,30,0,,,
30,77,True,0.699875,0.6999,none,,,False,,30,0,,,
30,92,True,0.661967,0.662,none,,,False,,30,0,,,
30,87,True,0.250556,0.2506,none,,,False,,30,0,,,
30,51,True,0.637838,0.6378,none,,,False,,30,0,,,
30,19,True,0.557342,0.5573,none,,,False,,30,0,,,
30,10,True,0.464989,0.465,none,,,False,,30,0,,,
30,70,True,0.156426,0.1564,none,,,False,,30,0,,,
30,71,True,0.492542,0.4925,none,,,False,,30,0,,,
30,81,True,0.405064,0.4051,none,,,False,,30,0,,,
30,60,True,0.688165,0.6882,none,,,False,,30,0,,,
30,25,True,0.771294,0.7713,none,,,False,,30,0,,,
30,5,True,0.968298,0.9683,none,,,False,,30,0,,,
30,67,True,0.116242,0.1162,none,,,False,,30,0,,,
30,84,True,0.340216,0.3402,none,,,False,,30,0,,,
30,40,True,0.477503,0.4775,none,,,False,,30,0,,,
30,6,True,0.145973,0.146,none,,,False,,30,0,,,
30,80,True,0.374289,0.3743,none,,,False,,30,0,,,
30,76,True,0.486525,0.4865,none,,,False,,30,0,,,
30,32,True,0.424624,0.4246,none,,,False,,30,0,,,
30,2,True,0.74328,0.7433,none,,,False,,30,0,,,
30,1,True,0.540525,0.5405,none,,,False,,30,0,,,
30,69,True,0.481403,0.4814,none,,,False,,30,0,,,
31,72,True,0.519883,0.5199,none,,,False,,31,0,,,
31,30,True,0.738751,0.7388,none,,,False,,31,0,,,
31,41,True,1.009192,1.0092,none,,,False,,31,0,,,
31,35,True,0.496673,0.4967,none,,,False,,31,0,,,
31,98,True,0.704704,0.7047,none,,,False,,31,0,,,
31,47,True,0.944207,0.9442,none,,,False,,31,0,,,
31,66,True,0.220507,0.2205,none,,,False,,31,0,,,
31,1,True,0.547916,0.5479,none,,,False,,31,0,,,
31,91,True,0.37967,0.3797,none,,,False,,31,0,,,
31,87,True,0.443077,0.4431,none,,,False,,31,0,,,
31,68,True,0.211248,0.2112,none,,,False,,31,0,,,
31,59,True,0.297905,0.2979,none,,,False,,31,0,,,
31,0,True,0.448289,0.4483,none,,,False,,31,0,,,
31,28,True,0.733875,0.7339,none,,,False,,31,0,,,
31,11,True,0.8112,0.8112,none,,,False,,31,0,,,
31,86,True,0.536284,0.5363,none,,,False,,31,0,,,
31,48,True,0.508917,0.5089,none,,,False,,31,0,,,
31,93,True,0.368817,0.3688,none,,,False,,31,0,,,
31,5,True,0.815067,0.8151,none,,,False,,31,0,,,
31,24,True,0.259629,0.2596,none,,,False,,31,0,,,
31,89,True,0.415098,0.4151,none,,,False,,31,0,,,
31,57,True,0.498822,0.4988,none,,,False,,31,0,,,
31,95,True,0.474725,0.4747,none,,,False,,31,0,,,
31,78,True,0.208719,0.2087,none,,,False,,31,0,,,
31,80,True,0.309889,0.3099,none,,,False,,31,0,,,
32,38,True,0.266338,0.2663,none,,,False,,32,0,,,
32,40,True,0.490279,0.4903,none,,,False,,32,0,,,
32,9,True,0.244065,0.2441,none,,,False,,32,0,,,
32,27,True,0.59825,0.5983,none,,,False,,32,0,,,
32,59,True,0.500508,0.5005,none,,,False,,32,0,,,
32,29,True,0.25995,0.2599,none,,,False,,32,0,,,
32,32,True,0.394557,0.3946,none,,,False,,32,0,,,
32,25,True,0.737717,0.7377,none,,,False,,32,0,,,
32,31,True,0.323533,0.3235,none,,,False,,32,0,,,
32,64,True,0.267785,0.2678,none,,,False,,32,0,,,
32,79,True,0.660215,0.6602,none,,,False,,32,0,,,
32,88,True,0.648078,0.6481,none,,,False,,32,0,,,
32,89,True,0.250854,0.2509,none,,,False,,32,0,,,
32,52,True,0.626922,0.6269,none,,,False,,32,0,,,
32,69,True,0.050843,0.0508,none,,,False,,32,0,,,
32,57,True,0.491866,0.4919,none,,,False,,32,0,,,
32,48,True,0.495727,0.4957,none,,,False,,32,0,,,
32,65,True,0.233951,0.234,none,,,False,,32,0,,,
32,19,True,0.877402,0.8774,none,,,False,,32,0,,,
32,36,True,0.671668,0.6717,none,,,False,,32,0,,,
32,44,True,0.534173,0.5342,none,,,False,,32,0,,,
32,75,True,0.406069,0.4061,none,,,False,,32,0,,,
32,45,True,0.365624,0.3656,none,,,False,,32,0,,,
32,7,True,0.355397,0.3554,none,,,False,,32,0,,,
32,77,True,0.9282,0.9282,none,,,False,,32,0,,,
33,75,True,0.407324,0.4073,none,,,False,,33,0,,,
33,73,True,0.32319,0.3232,none,,,False,,33,0,,,
33,81,True,0.397538,0.3975,none,,,False,,33,0,,,
33,41,True,0.754372,0.7544,none,,,False,,33,0,,,
33,18,True,0.549294,0.5493,none,,,False,,33,0,,,
33,47,True,0.750573,0.7506,none,,,False,,33,0,,,
33,77,True,0.43726,0.4373,none,,,False,,33,0,,,
33,9,True,0.407357,0.4074,none,,,False,,33,0,,,
33,58,True,1.266713,1.2667,none,,,False,,33,0,,,
33,36,True,0.375273,0.3753,none,,,False,,33,0,,,
33,3,True,0.530174,0.5302,none,,,False,,33,0,,,
33,46,True,0.472335,0.4723,none,,,False,,33,0,,,
33,39,True,0.361982,0.362,none,,,False,,33,0,,,
33,99,True,0.439665,0.4397,none,,,False,,33,0,,,
33,87,True,0.353014,0.353,none,,,False,,33,0,,,
33,70,True,0.212979,0.213,none,,,False,,33,0,,,
33,88,True,0.625635,0.6256,none,,,False,,33,0,,,
33,53,True,0.57221,0.5722,none,,,False,,33,0,,,
33,60,True,0.543944,0.5439,none,,,False,,33,0,,,
33,42,True,0.570785,0.5708,none,,,False,,33,0,,,
33,28,True,0.688355,0.6884,none,,,False,,33,0,,,
33,54,True,0.306281,0.3063,none,,,False,,33,0,,,
33,85,True,0.388565,0.3886,none,,,False,,33,0,,,
33,97,True,0.341497,0.3415,none,,,False,,33,0,,,
33,67,True,0.165192,0.1652,none,,,False,,33,0,,,
34,58,True,0.958601,0.9586,none,,,False,,34,0,,,
34,51,True,0.723262,0.7233,none,,,False,,34,0,,,
34,54,True,0.278568,0.2786,none,,,False,,34,0,,,
34,65,True,0.270314,0.2703,none,,,False,,34,0,,,
34,55,True,0.492637,0.4926,none,,,False,,34,0,,,
34,71,True,0.321141,0.3211,none,,,False,,34,0,,,
34,24,True,0.258856,0.2589,none,,,False,,34,0,,,
34,7,True,0.316664,0.3167,none,,,False,,34,0,,,
34,49,True,0.537239,0.5372,none,,,False,,34,0,,,
34,92,True,0.67589,0.6759,none,,,False,,34,0,,,
34,23,True,0.315442,0.3154,none,,,False,,34,0,,,
34,16,True,0.636314,0.6363,none,,,False,,34,0,,,
34,36,True,0.539531,0.5395,none,,,False,,34,0,,,
34,15,True,0.431624,0.4316,none,,,False,,34,0,,,
34,50,True,0.449273,0.4493,none,,,False,,34,0,,,
34,81,True,0.419946,0.4199,none,,,False,,34,0,,,
34,59,True,0.368537,0.3685,none,,,False,,34,0,,,
34,8,True,0.210582,0.2106,none,,,False,,34,0,,,
34,90,True,0.332366,0.3324,none,,,False,,34,0,,,
34,69,True,0.279548,0.2795,none,,,False,,34,0,,,
34,12,True,0.516019,0.516,none,,,False,,34,0,,,
34,74,True,0.707676,0.7077,none,,,False,,34,0,,,
34,14,True,0.49381,0.4938,none,,,False,,34,0,,,
34,89,True,0.479079,0.4791,none,,,False,,34,0,,,
34,57,True,0.584276,0.5843,none,,,False,,34,0,,,
35,7,True,0.346127,0.3461,none,,,False,,35,0,,,
35,18,True,0.43424,0.4342,none,,,False,,35,0,,,
35,21,True,0.283681,0.2837,none,,,False,,35,0,,,
35,20,True,0.087057,0.0871,none,,,False,,35,0,,,
35,90,True,0.340043,0.34,none,,,False,,35,0,,,
35,25,True,0.749831,0.7498,none,,,False,,35,0,,,
35,59,True,0.421446,0.4214,none,,,False,,35,0,,,
35,52,True,0.769469,0.7695,none,,,False,,35,0,,,
35,39,True,0.200906,0.2009,none,,,False,,35,0,,,
35,71,True,0.390967,0.391,none,,,False,,35,0,,,
35,51,True,0.638201,0.6382,none,,,False,,35,0,,,
35,94,True,0.459891,0.4599,none,,,False,,35,0,,,
35,19,True,0.595609,0.5956,none,,,False,,35,0,,,
35,48,True,0.601122,0.6011,none,,,False,,35,0,,,
35,96,True,0.73456,0.7346,none,,,False,,35,0,,,
35,60,True,0.549836,0.5498,none,,,False,,35,0,,,
35,67,True,0.237174,0.2372,none,,,False,,35,0,,,
35,49,True,0.523929,0.5239,none,,,False,,35,0,,,
35,76,True,0.463199,0.4632,none,,,False,,35,0,,,
35,23,True,0.288988,0.289,none,,,False,,35,0,,,
35,78,True,0.220227,0.2202,none,,,False,,35,0,,,
35,83,True,0.392997,0.393,none,,,False,,35,0,,,
35,36,True,0.56033,0.5603,none,,,False,,35,0,,,
35,17,True,0.579689,0.5797,none,,,False,,35,0,,,
35,91,True,0.208884,0.2089,none,,,False,,35,0,,,
36,18,True,0.436351,0.4364,none,,,False,,36,0,,,
36,25,True,0.782031,0.782,none,,,False,,36,0,,,
36,86,True,0.383961,0.384,none,,,False,,36,0,,,
36,78,True,0.236972,0.237,none,,,False,,36,0,,,
36,39,True,0.312052,0.3121,none,,,False,,36,0,,,
36,71,True,0.297337,0.2973,none,,,False,,36,0,,,
36,74,True,0.577897,0.5779,none,,,False,,36,0,,,
36,59,True,0.325002,0.325,none,,,False,,36,0,,,
36,44,True,0.33606,0.3361,none,,,False,,36,0,,,
36,32,True,0.574119,0.5741,none,,,False,,36,0,,,
36,84,True,0.32,0.32,none,,,False,,36,0,,,
36,97,True,0.417948,0.4179,none,,,False,,36,0,,,
36,1,True,0.589756,0.5898,none,,,False,,36,0,,,
36,98,True,0.475992,0.476,none,,,False,,36,0,,,
36,22,True,0.242393,0.2424,none,,,False,,36,0,,,
36,64,True,0.439123,0.4391,none,,,False,,36,0,,,
36,36,True,0.414612,0.4146,none,,,False,,36,0,,,
36,52,True,0.81773,0.8177,none,,,False,,36,0,,,
36,33,True,0.2082,0.2082,none,,,False,,36,0,,,
36,87,True,0.405864,0.4059,none,,,False,,36,0,,,
36,45,True,0.285778,0.2858,none,,,False,,36,0,,,
36,42,True,0.645585,0.6456,none,,,False,,36,0,,,
36,38,True,0.314144,0.3141,none,,,False,,36,0,,,
36,0,True,0.475829,0.4758,none,,,False,,36,0,,,
36,49,True,0.563283,0.5633,none,,,False,,36,0,,,
37,8,True,0.319711,0.3197,none,,,False,,37,0,,,
37,36,True,0.438812,0.4388,none,,,False,,37,0,,,
37,6,True,0.298029,0.298,none,,,False,,37,0,,,
37,74,True,0.420024,0.42,none,,,False,,37,0,,,
37,32,True,0.600041,0.6,none,,,False,,37,0,,,
37,31,True,0.431978,0.432,none,,,False,,37,0,,,
37,12,True,0.571817,0.5718,none,,,False,,37,0,,,
37,44,True,0.311088,0.3111,none,,,False,,37,0,,,
37,0,True,0.417667,0.4177,none,,,False,,37,0,,,
37,63,True,-0.037173,-0.0372,none,,,False,,37,0,,,
37,22,True,0.171163,0.1712,none,,,False,,37,0,,,
37,99,True,0.469592,0.4696,none,,,False,,37,0,,,
37,15,True,0.634536,0.6345,none,,,False,,37,0,,,
37,34,True,0.25948,0.2595,none,,,False,,37,0,,,
37,19,True,0.648938,0.6489,none,,,False,,37,0,,,
37,98,True,0.658439,0.6584,none,,,False,,37,0,,,
37,40,True,0.624363,0.6244,none,,,False,,37,0,,,
37,82,True,0.664664,0.6647,none,,,False,,37,0,,,
37,41,True,0.686211,0.6862,none,,,False,,37,0,,,
37,51,True,0.628681,0.6287,none,,,False,,37,0,,,
37,66,True,0.198915,0.1989,none,,,False,,37,0,,,
37,65,True,0.317747,0.3177,none,,,False,,37,0,,,
37,35,True,0.518069,0.5181,none,,,False,,37,0,,,
37,13,True,0.488177,0.4882,none,,,False,,37,0,,,
37,21,True,0.498866,0.4989,none,,,False,,37,0,,,
38,17,True,0.497225,0.4972,none,,,False,,38,0,,,
38,48,True,0.499415,0.4994,none,,,False,,38,0,,,
38,12,True,0.427142,0.4271,none,,,False,,38,0,,,
38,87,True,0.379784,0.3798,none,,,False,,38,0,,,
38,69,True,0.65042,0.6504,none,,,False,,38,0,,,
38,90,True,0.297946,0.2979,none,,,False,,38,0,,,
38,72,True,0.463197,0.4632,none,,,False,,38,0,,,
38,91,True,0.193301,0.1933,none,,,False,,38,0,,,
38,40,True,0.441356,0.4414,none,,,False,,38,0,,,
38,57,True,0.674899,0.6749,none,,,False,,38,0,,,
38,70,True,0.29915,0.2991,none,,,False,,38,0,,,
38,55,True,0.701459,0.7015,none,,,False,,38,0,,,
38,85,True,0.317446,0.3174,none,,,False,,38,0,,,
38,92,True,0.602372,0.6024,none,,,False,,38,0,,,
38,96,True,0.588083,0.5881,none,,,False,,38,0,,,
38,26,True,0.221038,0.221,none,,,False,,38,0,,,
38,66,True,0.120924,0.1209,none,,,False,,38,0,,,
38,22,True,0.323853,0.3239,none,,,False,,38,0,,,
38,35,True,0.289527,0.2895,none,,,False,,38,0,,,
38,53,True,0.38706,0.3871,none,,,False,,38,0,,,
38,19,True,0.398472,0.3985,none,,,False,,38,0,,,
38,45,True,0.356061,0.3561,none,,,False,,38,0,,,
38,88,True,0.495501,0.4955,none,,,False,,38,0,,,
38,18,True,0.45963,0.4596,none,,,False,,38,0,,,
38,84,True,-0.105545,-0.1055,none,,,False,,38,0,,,
39,93,True,0.308466,0.3085,none,,,False,,39,0,,,
39,92,True,0.770555,0.7706,none,,,False,,39,0,,,
39,18,True,0.342314,0.3423,none,,,False,,39,0,,,
39,14,True,0.426302,0.4263,none,,,False,,39,0,,,
39,40,True,0.518106,0.5181,none,,,False,,39,0,,,
39,53,True,0.239471,0.2395,none,,,False,,39,0,,,
39,89,True,0.478805,0.4788,none,,,False,,39,0,,,
39,83,True,0.294937,0.2949,none,,,False,,39,0,,,
39,75,True,0.295964,0.296,none,,,False,,39,0,,,
39,10,True,0.481242,0.4812,none,,,False,,39,0,,,
39,65,True,0.017214,0.0172,none,,,False,,39,0,,,
39,71,True,0.480528,0.4805,none,,,False,,39,0,,,
39,27,True,0.519288,0.5193,none,,,False,,39,0,,,
39,62,True,0.473587,0.4736,none,,,False,,39,0,,,
39,90,True,0.359401,0.3594,none,,,False,,39,0,,,
39,21,True,0.21779,0.2178,none,,,False,,39,0,,,
39,57,True,0.657175,0.6572,none,,,False,,39,0,,,
39,52,True,0.293192,0.2932,none,,,False,,39,0,,,
39,26,True,0.395743,0.3957,none,,,False,,39,0,,,
39,64,True,0.416431,0.4164,none,,,False,,39,0,,,
39,37,True,0.409363,0.4094,none,,,False,,39,0,,,
39,72,True,0.385459,0.3855,none,,,False,,39,0,,,
39,69,True,0.540368,0.5404,none,,,False,,39,0,,,
39,51,True,0.427201,0.4272,none,,,False,,39,0,,,
39,74,True,0.665172,0.6652,none,,,False,,39,0,,,
40,10,True,0.524384,0.5244,none,,,False,,40,0,,,
40,5,True,0.736904,0.7369,none,,,False,,40,0,,,
40,80,True,0.505138,0.5051,none,,,False,,40,0,,,
40,41,True,0.434279,0.4343,none,,,False,,40,0,,,
40,81,True,0.640961,0.641,none,,,False,,40,0,,,
40,45,True,0.469115,0.4691,none,,,False,,40,0,,,
40,49,True,0.410836,0.4108,none,,,False,,40,0,,,
40,89,True,0.40296,0.403,none,,,False,,40,0,,,
40,55,True,0.440957,0.441,none,,,False,,40,0,,,
40,88,True,0.634603,0.6346,none,,,False,,40,0,,,
40,37,True,0.261917,0.2619,none,,,False,,40,0,,,
40,7,True,0.354556,0.3546,none,,,False,,40,0,,,
40,28,True,0.701671,0.7017,none,,,False,,40,0,,,
40,63,True,0.239235,0.2392,none,,,False,,40,0,,,
40,60,True,0.439043,0.439,none,,,False,,40,0,,,
40,8,True,0.222425,0.2224,none,,,False,,40,0,,,
40,94,True,0.48915,0.4892,none,,,False,,40,0,,,
40,65,True,0.324665,0.3247,none,,,False,,40,0,,,
40,78,True,0.187821,0.1878,none,,,False,,40,0,,,
40,50,True,0.602256,0.6023,none,,,False,,40,0,,,
40,51,True,0.601235,0.6012,none,,,False,,40,0,,,
40,17,True,0.516607,0.5166,none,,,False,,40,0,,,
40,43,True,0.496041,0.496,none,,,False,,40,0,,,
40,75,True,0.334632,0.3346,none,,,False,,40,0,,,
40,82,True,0.744086,0.7441,none,,,False,,40,0,,,
41,10,True,0.389006,0.389,none,,,False,,41,0,,,
41,68,True,0.249532,0.2495,none,,,False,,41,0,,,
41,80,True,0.490297,0.4903,none,,,False,,41,0,,,
41,0,True,0.46829,0.4683,none,,,False,,41,0,,,
41,84,True,0.313634,0.3136,none,,,False,,41,0,,,
41,30,True,0.769526,0.7695,none,,,False,,41,0,,,
41,78,True,0.253737,0.2537,none,,,False,,41,0,,,
41,74,True,0.573337,0.5733,none,,,False,,41,0,,,
41,54,True,0.254404,0.2544,none,,,False,,41,0,,,
41,39,True,0.27115,0.2711,none,,,False,,41,0,,,
41,13,True,0.429698,0.4297,none,,,False,,41,0,,,
41,7,True,0.261365,0.2614,none,,,False,,41,0,,,
41,40,True,0.456204,0.4562,none,,,False,,41,0,,,
41,53,True,0.360818,0.3608,none,,,False,,41,0,,,
41,28,True,0.488811,0.4888,none,,,False,,41,0,,,
41,6,True,0.464209,0.4642,none,,,False,,41,0,,,
41,55,True,0.728998,0.729,none,,,False,,41,0,,,
41,29,True,-0.020231,-0.0202,none,,,False,,41,0,,,
41,73,True,0.243409,0.2434,none,,,False,,41,0,,,
41,63,True,-0.030154,-0.0302,none,,,False,,41,0,,,
41,75,True,0.247069,0.2471,none,,,False,,41,0,,,
41,62,True,0.669986,0.67,none,,,False,,41,0,,,
41,93,True,0.421233,0.4212,none,,,False,,41,0,,,
41,69,True,0.462726,0.4627,none,,,False,,41,0,,,
41,18,True,0.538193,0.5382,none,,,False,,41,0,,,
42,49,True,0.251972,0.252,none,,,False,,42,0,,,
42,9,True,0.35451,0.3545,none,,,False,,42,0,,,
42,61,True,0.433929,0.4339,none,,,False,,42,0,,,
42,39,True,0.270392,0.2704,none,,,False,,42,0,,,
42,53,True,0.321928,0.3219,none,,,False,,42,0,,,
42,78,True,0.173501,0.1735,none,,,False,,42,0,,,
42,93,True,0.409988,0.41,none,,,False,,42,0,,,
42,56,True,0.447685,0.4477,none,,,False,,42,0,,,
42,44,True,0.252481,0.2525,none,,,False,,42,0,,,
42,68,True,0.175527,0.1755,none,,,False,,42,0,,,
42,84,True,0.130332,0.1303,none,,,False,,42,0,,,
42,94,True,0.549414,0.5494,none,,,False,,42,0,,,
42,32,True,0.474673,0.4747,none,,,False,,42,0,,,
42,4,True,0.514679,0.5147,none,,,False,,42,0,,,
42,29,True,0.269496,0.2695,none,,,False,,42,0,,,
42,72,True,0.350157,0.3502,none,,,False,,42,0,,,
42,88,True,0.487259,0.4873,none,,,False,,42,0,,,
42,62,True,0.647968,0.648,none,,,False,,42,0,,,
42,37,True,0.217202,0.2172,none,,,False,,42,0,,,
42,7,True,0.31976,0.3198,none,,,False,,42,0,,,
42,85,True,0.432136,0.4321,none,,,False,,42,0,,,
42,2,True,0.612152,0.6122,none,,,False,,42,0,,,
42,12,True,0.463155,0.4632,none,,,False,,42,0,,,
42,95,True,0.482761,0.4828,none,,,False,,42,0,,,
42,70,True,0.244654,0.2447,none,,,False,,42,0,,,
43,93,True,0.324339,0.3243,none,,,False,,43,0,,,
43,80,True,0.440972,0.441,none,,,False,,43,0,,,
43,85,True,0.293467,0.2935,none,,,False,,43,0,,,
43,56,True,0.238278,0.2383,none,,,False,,43,0,,,
43,91,True,0.182918,0.1829,none,,,False,,43,0,,,
43,33,True,0.259113,0.2591,none,,,False,,43,0,,,
43,75,True,0.347518,0.3475,none,,,False,,43,0,,,
43,62,True,0.44205,0.4421,none,,,False,,43,0,,,
43,1,True,0.391702,0.3917,none,,,False,,43,0,,,
43,43,True,0.32918,0.3292,none,,,False,,43,0,,,
43,28,True,0.518762,0.5188,none,,,False,,43,0,,,
43,64,True,0.415174,0.4152,none,,,False,,43,0,,,
43,55,True,0.631895,0.6319,none,,,False,,43,0,,,
43,89,True,0.349893,0.3499,none,,,False,,43,0,,,
43,81,True,0.563426,0.5634,none,,,False,,43,0,,,
43,25,True,0.643085,0.6431,none,,,False,,43,0,,,
43,14,True,0.449645,0.4496,none,,,False,,43,0,,,
43,92,True,0.563917,0.5639,none,,,False,,43,0,,,
43,97,True,0.399496,0.3995,none,,,False,,43,0,,,
43,45,True,0.359997,0.36,none,,,False,,43,0,,,
43,58,True,0.909326,0.9093,none,,,False,,43,0,,,
43,2,True,0.866163,0.8662,none,,,False,,43,0,,,
43,20,True,-3.033496,-3.0335,none,,,False,,43,0,,,
43,7,True,0.275942,0.2759,none,,,False,,43,0,,,
43,87,True,0.424983,0.425,none,,,False,,43,0,,,
44,79,True,0.793364,0.7934,none,,,False,,44,0,,,
44,28,True,0.38528,0.3853,none,,,False,,44,0,,,
44,18,True,0.376621,0.3766,none,,,False,,44,0,,,
44,57,True,0.610645,0.6106,none,,,False,,44,0,,,
44,56,True,0.462834,0.4628,none,,,False,,44,0,,,
44,99,True,0.411041,0.411,none,,,False,,44,0,,,
44,95,True,0.363413,0.3634,none,,,False,,44,0,,,
44,7,True,0.26681,0.2668,none,,,False,,44,0,,,
44,91,True,0.139532,0.1395,none,,,False,,44,0,,,
44,68,True,0.113636,0.1136,none,,,False,,44,0,,,
44,73,True,0.33619,0.3362,none,,,False,,44,0,,,
44,20,True,0.425187,0.4252,none,,,False,,44,0,,,
44,19,True,0.786376,0.7864,none,,,False,,44,0,,,
44,38,True,0.477224,0.4772,none,,,False,,44,0,,,
44,48,True,0.464667,0.4647,none,,,False,,44,0,,,
44,3,True,0.474283,0.4743,none,,,False,,44,0,,,
44,40,True,0.512146,0.5121,none,,,False,,44,0,,,
44,42,True,0.358844,0.3588,none,,,False,,44,0,,,
44,41,True,0.3227,0.3227,none,,,False,,44,0,,,
44,54,True,0.213573,0.2136,none,,,False,,44,0,,,
44,71,True,0.514656,0.5147,none,,,False,,44,0,,,
44,35,True,0.442441,0.4424,none,,,False,,44,0,,,
44,75,True,0.386799,0.3868,none,,,False,,44,0,,,
44,44,True,0.359668,0.3597,none,,,False,,44,0,,,
44,12,True,0.352699,0.3527,none,,,False,,44,0,,,
45,24,True,0.237288,0.2373,none,,,False,,45,0,,,
45,63,True,0.384874,0.3849,none,,,False,,45,0,,,
45,73,True,0.256854,0.2569,none,,,False,,45,0,,,
45,92,True,0.480693,0.4807,none,,,False,,45,0,,,
45,67,True,0.173763,0.1738,none,,,False,,45,0,,,
45,18,True,0.170555,0.1706,none,,,False,,45,0,,,
45,78,True,0.268011,0.268,none,,,False,,45,0,,,
45,90,True,0.351615,0.3516,none,,,False,,45,0,,,
45,15,True,0.485192,0.4852,none,,,False,,45,0,,,
45,71,True,0.314368,0.3144,none,,,False,,45,0,,,
45,50,True,0.608992,0.609,none,,,False,,45,0,,,
45,42,True,0.393272,0.3933,none,,,False,,45,0,,,
45,70,True,0.19594,0.1959,none,,,False,,45,0,,,
45,81,True,0.434443,0.4344,none,,,False,,45,0,,,
45,38,True,0.267038,0.267,none,,,False,,45,0,,,
45,31,True,0.401694,0.4017,none,,,False,,45,0,,,
45,28,True,0.538453,0.5385,none,,,False,,45,0,,,
45,61,True,0.457225,0.4572,none,,,False,,45,0,,,
45,30,True,0.622149,0.6221,none,,,False,,45,0,,,
45,68,True,0.167732,0.1677,none,,,False,,45,0,,,
45,25,True,0.844991,0.845,none,,,False,,45,0,,,
45,57,True,0.591972,0.592,none,,,False,,45,0,,,
45,91,True,0.102291,0.1023,none,,,False,,45,0,,,
45,97,True,0.380819,0.3808,none,,,False,,45,0,,,
45,75,True,0.446138,0.4461,none,,,False,,45,0,,,
46,37,True,0.365765,0.3658,none,,,False,,46,0,,,
46,48,True,0.572601,0.5726,none,,,False,,46,0,,,
46,60,True,0.688622,0.6886,none,,,False,,46,0,,,
46,29,True,0.007399,0.0074,none,,,False,,46,0,,,
46,49,True,0.694692,0.6947,none,,,False,,46,0,,,
46,5,True,0.688419,0.6884,none,,,False,,46,0,,,
46,97,True,0.415632,0.4156,none,,,False,,46,0,,,
46,90,True,0.25578,0.2558,none,,,False,,46,0,,,
46,99,True,0.318041,0.318,none,,,False,,46,0,,,
46,9,True,0.340464,0.3405,none,,,False,,46,0,,,
46,51,True,0.644162,0.6442,none,,,False,,46,0,,,
46,58,True,0.98187,0.9819,none,,,False,,46,0,,,
46,38,True,0.10808,0.1081,none,,,False,,46,0,,,
46,16,True,0.629761,0.6298,none,,,False,,46,0,,,
46,96,True,0.610912,0.6109,none,,,False,,46,0,,,
46,12,True,0.621864,0.6219,none,,,False,,46,0,,,
46,75,True,0.438719,0.4387,none,,,False,,46,0,,,
46,4,True,0.524254,0.5243,none,,,False,,46,0,,,
46,40,True,0.505833,0.5058,none,,,False,,46,0,,,
46,88,True,0.538113,0.5381,none,,,False,,46,0,,,
46,43,True,0.422937,0.4229,none,,,False,,46,0,,,
46,91,True,0.085158,0.0852,none,,,False,,46,0,,,
46,79,True,0.303811,0.3038,none,,,False,,46,0,,,
46,44,True,0.283307,0.2833,none,,,False,,46,0,,,
46,73,True,0.280497,0.2805,none,,,False,,46,0,,,
47,14,True,0.453735,0.4537,none,,,False,,47,0,,,
47,85,True,0.364346,0.3643,none,,,False,,47,0,,,
47,3,True,0.61616,0.6162,none,,,False,,47,0,,,
47,84,True,0.259648,0.2596,none,,,False,,47,0,,,
47,69,True,0.42209,0.4221,none,,,False,,47,0,,,
47,29,True,-0.043851,-0.0439,none,,,False,,47,0,,,
47,99,True,0.509269,0.5093,none,,,False,,47,0,,,
47,38,True,0.314435,0.3144,none,,,False,,47,0,,,
47,86,True,0.355029,0.355,none,,,False,,47,0,,,
47,66,True,0.175844,0.1758,none,,,False,,47,0,,,
47,60,True,0.501929,0.5019,none,,,False,,47,0,,,
47,39,True,0.279692,0.2797,none,,,False,,47,0,,,
47,5,True,0.904958,0.905,none,,,False,,47,0,,,
47,90,True,0.284028,0.284,none,,,False,,47,0,,,
47,12,True,0.553898,0.5539,none,,,False,,47,0,,,
47,43,True,0.250313,0.2503,none,,,False,,47,0,,,
47,41,True,0.487946,0.4879,none,,,False,,47,0,,,
47,7,True,0.081376,0.0814,none,,,False,,47,0,,,
47,61,True,0.445484,0.4455,none,,,False,,47,0,,,
47,81,True,0.513278,0.5133,none,,,False,,47,0,,,
47,35,True,0.347347,0.3473,none,,,False,,47,0,,,
47,37,True,0.395974,0.396,none,,,False,,47,0,,,
47,55,True,0.646755,0.6468,none,,,False,,47,0,,,
47,1,True,0.408997,0.409,none,,,False,,47,0,,,
47,89,True,0.409487,0.4095,none,,,False,,47,0,,,
48,88,True,0.695521,0.6955,none,,,False,,48,0,,,
48,5,True,0.861913,0.8619,none,,,False,,48,0,,,
48,84,True,0.32001,0.32,none,,,False,,48,0,,,
48,94,True,0.525054,0.5251,none,,,False,,48,0,,,
48,3,True,0.505144,0.5051,none,,,False,,48,0,,,
48,50,True,0.597128,0.5971,none,,,False,,48,0,,,
48,13,True,0.535243,0.5352,none,,,False,,48,0,,,
48,74,True,0.661539,0.6615,none,,,False,,48,0,,,
48,22,True,0.235049,0.235,none,,,False,,48,0,,,
48,75,True,0.261721,0.2617,none,,,False,,48,0,,,
48,92,True,0.639052,0.6391,none,,,False,,48,0,,,
48,20,True,0.776108,0.7761,none,,,False,,48,0,,,
48,76,True,0.480944,0.4809,none,,,False,,48,0,,,
48,67,True,0.227754,0.2278,none,,,False,,48,0,,,
48,34,True,0.420187,0.4202,none,,,False,,48,0,,,
48,21,True,0.362781,0.3628,none,,,False,,48,0,,,
48,17,True,0.658471,0.6585,none,,,False,,48,0,,,
48,31,True,0.286128,0.2861,none,,,False,,48,0,,,
48,18,True,0.509231,0.5092,none,,,False,,48,0,,,
48,19,True,0.922529,0.9225,none,,,False,,48,0,,,
48,80,True,0.429859,0.4299,none,,,False,,48,0,,,
48,4,True,0.415407,0.4154,none,,,False,,48,0,,,
48,97,True,0.535965,0.536,none,,,False,,48,0,,,
48,36,True,0.388666,0.3887,none,,,False,,48,0,,,
48,16,True,0.689627,0.6896,none,,,False,,48,0,,,
49,56,True,0.48508,0.4851,none,,,False,,49,0,,,
49,92,True,0.452078,0.4521,none,,,False,,49,0,,,
49,75,True,0.454455,0.4545,none,,,False,,49,0,,,
49,66,True,0.126496,0.1265,none,,,False,,49,0,,,
49,65,True,0.242505,0.2425,none,,,False,,49,0,,,
49,23,True,0.144964,0.145,none,,,False,,49,0,,,
49,73,True,0.280774,0.2808,none,,,False,,49,0,,,
49,79,True,0.67061,0.6706,none,,,False,,49,0,,,
49,15,True,0.645444,0.6454,none,,,False,,49,0,,,
49,82,True,0.750208,0.7502,none,,,False,,49,0,,,
49,69,True,0.401285,0.4013,none,,,False,,49,0,,,
49,62,True,0.618716,0.6187,none,,,False,,49,0,,,
49,60,True,0.707537,0.7075,none,,,False,,49,0,,,
49,54,True,0.212533,0.2125,none,,,False,,49,0,,,
49,99,True,0.428658,0.4287,none,,,False,,49,0,,,
49,50,True,0.55374,0.5537,none,,,False,,49,0,,,
49,87,True,0.179456,0.1795,none,,,False,,49,0,,,
49,44,True,0.131083,0.1311,none,,,False,,49,0,,,
49,98,True,0.397868,0.3979,none,,,False,,49,0,,,
49,91,True,0.195809,0.1958,none,,,False,,49,0,,,
49,78,True,0.272182,0.2722,none,,,False,,49,0,,,
49,94,True,0.313609,0.3136,none,,,False,,49,0,,,
49,71,True,0.228017,0.228,none,,,False,,49,0,,,
49,42,True,0.443228,0.4432,none,,,False,,49,0,,,
49,32,True,0.605633,0.6056,none,,,False,,49,0,,,
50,59,True,0.396606,0.3966,none,,,False,,50,0,,,
50,6,True,0.633961,0.634,none,,,False,,50,0,,,
50,92,True,0.573831,0.5738,none,,,False,,50,0,,,
50,11,True,0.584136,0.5841,none,,,False,,50,0,,,
50,58,True,1.151541,1.1515,none,,,False,,50,0,,,
50,51,True,0.687582,0.6876,none,,,False,,50,0,,,
50,4,True,0.384439,0.3844,none,,,False,,50,0,,,
50,67,True,0.307255,0.3073,none,,,False,,50,0,,,
50,3,True,0.458458,0.4585,none,,,False,,50,0,,,
50,28,True,0.877218,0.8772,none,,,False,,50,0,,,
50,90,True,0.600651,0.6007,none,,,False,,50,0,,,
50,83,True,0.338084,0.3381,none,,,False,,50,0,,,
50,46,True,0.379734,0.3797,none,,,False,,50,0,,,
50,65,True,0.142563,0.1426,none,,,False,,50,0,,,
50,72,True,0.546699,0.5467,none,,,False,,50,0,,,
50,1,True,0.389762,0.3898,none,,,False,,50,0,,,
50,31,True,0.428347,0.4283,none,,,False,,50,0,,,
50,41,True,1.054241,1.0542,none,,,False,,50,0,,,
50,26,True,0.436433,0.4364,none,,,False,,50,0,,,
50,2,True,0.934512,0.9345,none,,,False,,50,0,,,
50,82,True,0.744731,0.7447,none,,,False,,50,0,,,
50,16,True,0.765742,0.7657,none,,,False,,50,0,,,
50,61,True,0.48266,0.4827,none,,,False,,50,0,,,
50,9,True,0.483376,0.4834,none,,,False,,50,0,,,
50,19,True,0.692736,0.6927,none,,,False,,50,0,,,
51,44,True,0.592927,0.5929,none,,,False,,51,0,,,
51,59,True,0.476233,0.4762,none,,,False,,51,0,,,
51,95,True,0.422524,0.4225,none,,,False,,51,0,,,
51,71,True,0.629135,0.6291,none,,,False,,51,0,,,
51,62,True,0.510089,0.5101,none,,,False,,51,0,,,
51,84,True,0.36259,0.3626,none,,,False,,51,0,,,
51,38,True,0.485832,0.4858,none,,,False,,51,0,,,
51,91,True,0.175602,0.1756,none,,,False,,51,0,,,
51,8,True,0.338084,0.3381,none,,,False,,51,0,,,
51,65,True,0.111815,0.1118,none,,,False,,51,0,,,
51,20,True,0.401786,0.4018,none,,,False,,51,0,,,
51,52,True,0.77509,0.7751,none,,,False,,51,0,,,
51,40,True,0.565263,0.5653,none,,,False,,51,0,,,
51,58,True,0.975248,0.9752,none,,,False,,51,0,,,
51,23,True,0.362499,0.3625,none,,,False,,51,0,,,
51,73,True,0.213745,0.2137,none,,,False,,51,0,,,
51,90,True,0.827182,0.8272,none,,,False,,51,0,,,
51,28,True,0.667659,0.6677,none,,,False,,51,0,,,
51,89,True,0.614155,0.6142,none,,,False,,51,0,,,
51,17,True,0.47231,0.4723,none,,,False,,51,0,,,
51,50,True,0.388486,0.3885,none,,,False,,51,0,,,
51,96,True,0.769289,0.7693,none,,,False,,51,0,,,
51,79,True,0.745769,0.7458,none,,,False,,51,0,,,
51,48,True,0.483241,0.4832,none,,,False,,51,0,,,
51,99,True,0.669368,0.6694,none,,,False,,51,0,,,
52,73,True,0.162995,0.163,none,,,False,,52,0,,,
52,39,True,0.734904,0.7349,none,,,False,,52,0,,,
52,5,True,0.700623,0.7006,none,,,False,,52,0,,,
52,2,True,0.970727,0.9707,none,,,False,,52,0,,,
52,70,True,0.110144,0.1101,none,,,False,,52,0,,,
52,11,True,0.665075,0.6651,none,,,False,,52,0,,,
52,72,True,0.520368,0.5204,none,,,False,,52,0,,,
52,40,True,0.619617,0.6196,none,,,False,,52,0,,,
52,21,True,0.438492,0.4385,none,,,False,,52,0,,,
52,51,True,0.619584,0.6196,none,,,False,,52,0,,,
52,50,True,0.503458,0.5035,none,,,False,,52,0,,,
52,89,True,0.482302,0.4823,none,,,False,,52,0,,,
52,64,True,0.491729,0.4917,none,,,False,,52,0,,,
52,57,True,0.511131,0.5111,none,,,False,,52,0,,,
52,71,True,0.30907,0.3091,none,,,False,,52,0,,,
52,92,True,0.604495,0.6045,none,,,False,,52,0,,,
52,13,True,1.019655,1.0197,none,,,False,,52,0,,,
52,68,True,0.134942,0.1349,none,,,False,,52,0,,,
52,14,True,0.404927,0.4049,none,,,False,,52,0,,,
52,80,True,0.167606,0.1676,none,,,False,,52,0,,,
52,4,True,0.253453,0.2535,none,,,False,,52,0,,,
52,38,True,0.183729,0.1837,none,,,False,,52,0,,,
52,84,True,0.266424,0.2664,none,,,False,,52,0,,,
52,27,True,0.317659,0.3177,none,,,False,,52,0,,,
52,43,True,0.428444,0.4284,none,,,False,,52,0,,,
53,7,True,0.49832,0.4983,none,,,False,,53,0,,,
53,65,True,0.335601,0.3356,none,,,False,,53,0,,,
53,28,True,0.761741,0.7617,none,,,False,,53,0,,,
53,90,True,0.689049,0.689,none,,,False,,53,0,,,
53,43,True,0.302076,0.3021,none,,,False,,53,0,,,
53,25,True,0.758446,0.7584,none,,,False,,53,0,,,
53,19,True,0.781286,0.7813,none,,,False,,53,0,,,
53,75,True,0.341436,0.3414,none,,,False,,53,0,,,
53,24,True,0.184733,0.1847,none,,,False,,53,0,,,
53,88,True,0.720093,0.7201,none,,,False,,53,0,,,
53,86,True,0.239963,0.24,none,,,False,,53,0,,,
53,1,True,0.367487,0.3675,none,,,False,,53,0,,,
53,21,True,0.357359,0.3574,none,,,False,,53,0,,,
53,70,True,0.124545,0.1245,none,,,False,,53,0,,,
53,60,True,0.412744,0.4127,none,,,False,,53,0,,,
53,46,True,0.449438,0.4494,none,,,False,,53,0,,,
53,29,True,0.249407,0.2494,none,,,False,,53,0,,,
53,91,True,0.255237,0.2552,none,,,False,,53,0,,,
53,64,True,0.401583,0.4016,none,,,False,,53,0,,,
53,83,True,0.337431,0.3374,none,,,False,,53,0,,,
53,8,True,0.185355,0.1854,none,,,False,,53,0,,,
53,44,True,0.388623,0.3886,none,,,False,,53,0,,,
53,97,True,0.481155,0.4812,none,,,False,,53,0,,,
53,74,True,0.575194,0.5752,none,,,False,,53,0,,,
53,32,True,0.63633,0.6363,none,,,False,,53,0,,,
54,96,True,0.691311,0.6913,none,,,False,,54,0,,,
54,97,True,0.523313,0.5233,none,,,False,,54,0,,,
54,6,True,0.6299,0.6299,none,,,False,,54,0,,,
54,37,True,0.372396,0.3724,none,,,False,,54,0,,,
54,68,True,0.204531,0.2045,none,,,False,,54,0,,,
54,73,True,0.283422,0.2834,none,,,False,,54,0,,,
54,1,True,0.352189,0.3522,none,,,False,,54,0,,,
54,25,True,0.7761,0.7761,none,,,False,,54,0,,,
54,90,True,0.781081,0.7811,none,,,False,,54,0,,,
54,17,True,0.620822,0.6208,none,,,False,,54,0,,,
54,67,True,0.225808,0.2258,none,,,False,,54,0,,,
54,64,True,0.403339,0.4033,none,,,False,,54,0,,,
54,69,True,0.326951,0.327,none,,,False,,54,0,,,
54,19,True,0.681636,0.6816,none,,,False,,54,0,,,
54,10,True,0.420251,0.4203,none,,,False,,54,0,,,
54,0,True,0.432649,0.4326,none,,,False,,54,0,,,
54,71,True,0.180393,0.1804,none,,,False,,54,0,,,
54,30,True,0.599246,0.5992,none,,,False,,54,0,,,
54,80,True,0.326945,0.3269,none,,,False,,54,0,,,
54,48,True,0.495385,0.4954,none,,,False,,54,0,,,
54,91,True,0.154585,0.1546,none,,,False,,54,0,,,
54,92,True,0.55409,0.5541,none,,,False,,54,0,,,
54,62,True,0.584691,0.5847,none,,,False,,54,0,,,
54,22,True,0.221419,0.2214,none,,,False,,54,0,,,
54,31,True,0.351318,0.3513,none,,,False,,54,0,,,
55,8,True,0.355711,0.3557,none,,,False,,55,0,,,
55,49,True,0.530903,0.5309,none,,,False,,55,0,,,
55,19,True,0.640166,0.6402,none,,,False,,55,0,,,
55,79,True,0.821329,0.8213,none,,,False,,55,0,,,
55,46,True,0.336238,0.3362,none,,,False,,55,0,,,
55,7,True,0.525883,0.5259,none,,,False,,55,0,,,
55,55,True,0.645902,0.6459,none,,,False,,55,0,,,
55,96,True,0.771271,0.7713,none,,,False,,55,0,,,
55,54,True,0.304602,0.3046,none,,,False,,55,0,,,
55,24,True,0.310784,0.3108,none,,,False,,55,0,,,
55,1,True,0.50998,0.51,none,,,False,,55,0,,,
55,11,True,0.940861,0.9409,none,,,False,,55,0,,,
55,34,True,0.580095,0.5801,none,,,False,,55,0,,,
55,58,True,1.10562,1.1056,none,,,False,,55,0,,,
55,4,True,0.518436,0.5184,none,,,False,,55,0,,,
55,23,True,0.163229,0.1632,none,,,False,,55,0,,,
55,80,True,0.192708,0.1927,none,,,False,,55,0,,,
55,14,True,0.377181,0.3772,none,,,False,,55,0,,,
55,13,True,0.997315,0.9973,none,,,False,,55,0,,,
55,17,True,0.609604,0.6096,none,,,False,,55,0,,,
55,57,True,0.506953,0.507,none,,,False,,55,0,,,
55,27,True,0.390603,0.3906,none,,,False,,55,0,,,
55,45,True,0.379256,0.3793,none,,,False,,55,0,,,
55,10,True,0.532015,0.532,none,,,False,,55,0,,,
55,18,True,0.387965,0.388,none,,,False,,55,0,,,
56,2,True,0.521298,0.5213,none,,,False,,56,0,,,
56,11,True,0.680042,0.68,none,,,False,,56,0,,,
56,80,True,0.381759,0.3818,none,,,False,,56,0,,,
56,28,True,0.94121,0.9412,none,,,False,,56,0,,,
56,81,True,0.570054,0.5701,none,,,False,,56,0,,,
56,34,True,0.305194,0.3052,none,,,False,,56,0,,,
56,75,True,0.346531,0.3465,none,,,False,,56,0,,,
56,13,True,0.68555,0.6855,none,,,False,,56,0,,,
56,8,True,0.174546,0.1745,none,,,False,,56,0,,,
56,12,True,0.671557,0.6716,none,,,False,,56,0,,,
56,88,True,0.625944,0.6259,none,,,False,,56,0,,,
56,77,True,0.554849,0.5548,none,,,False,,56,0,,,
56,35,True,0.326165,0.3262,none,,,False,,56,0,,,
56,38,True,0.45293,0.4529,none,,,False,,56,0,,,
56,9,True,0.375308,0.3753,none,,,False,,56,0,,,
56,79,True,0.631008,0.631,none,,,False,,56,0,,,
56,24,True,0.305104,0.3051,none,,,False,,56,0,,,
56,61,True,0.54446,0.5445,none,,,False,,56,0,,,
56,62,True,0.537239,0.5372,none,,,False,,56,0,,,
56,44,True,0.485336,0.4853,none,,,False,,56,0,,,
56,5,True,1.246281,1.2463,none,,,False,,56,0,,,
56,32,True,0.721938,0.7219,none,,,False,,56,0,,,
56,49,True,0.371306,0.3713,none,,,False,,56,0,,,
56,84,True,0.421021,0.421,none,,,False,,56,0,,,
56,74,True,0.601835,0.6018,none,,,False,,56,0,,,
57,45,True,0.35474,0.3547,none,,,False,,57,0,,,
57,80,True,0.266403,0.2664,none,,,False,,57,0,,,
57,92,True,0.508714,0.5087,none,,,False,,57,0,,,
57,10,True,0.393834,0.3938,none,,,False,,57,0,,,
57,4,True,0.316675,0.3167,none,,,False,,57,0,,,
57,52,True,0.746913,0.7469,none,,,False,,57,0,,,
57,7,True,0.332434,0.3324,none,,,False,,57,0,,,
57,56,True,0.419457,0.4195,none,,,False,,57,0,,,
57,32,True,0.582128,0.5821,none,,,False,,57,0,,,
57,93,True,0.308433,0.3084,none,,,False,,57,0,,,
57,26,True,0.290034,0.29,none,,,False,,57,0,,,
57,91,True,0.236941,0.2369,none,,,False,,57,0,,,
57,24,True,0.282995,0.283,none,,,False,,57,0,,,
57,67,True,0.328856,0.3289,none,,,False,,57,0,,,
57,1,True,0.355251,0.3553,none,,,False,,57,0,,,
57,61,True,0.52678,0.5268,none,,,False,,57,0,,,
57,29,True,0.245923,0.2459,none,,,False,,57,0,,,
57,88,True,0.379746,0.3797,none,,,False,,57,0,,,
57,23,True,0.268935,0.2689,none,,,False,,57,0,,,
57,99,True,0.46957,0.4696,none,,,False,,57,0,,,
57,50,True,0.541314,0.5413,none,,,False,,57,0,,,
57,83,True,0.368439,0.3684,none,,,False,,57,0,,,
57,54,True,0.311498,0.3115,none,,,False,,57,0,,,
57,41,True,0.858285,0.8583,none,,,False,,57,0,,,
57,3,True,0.475431,0.4754,none,,,False,,57,0,,,
58,25,True,0.664308,0.6643,none,,,False,,58,0,,,
58,4,True,0.292122,0.2921,none,,,False,,58,0,,,
58,92,True,0.613361,0.6134,none,,,False,,58,0,,,
58,88,True,0.679973,0.68,none,,,False,,58,0,,,
58,77,True,0.500415,0.5004,none,,,False,,58,0,,,
58,62,True,0.504814,0.5048,none,,,False,,58,0,,,
58,15,True,0.540592,0.5406,none,,,False,,58,0,,,
58,50,True,0.488613,0.4886,none,,,False,,58,0,,,
58,97,True,0.584981,0.585,none,,,False,,58,0,,,
58,8,True,0.324176,0.3242,none,,,False,,58,0,,,
58,52,True,0.681335,0.6813,none,,,False,,58,0,,,
58,79,True,0.560692,0.5607,none,,,False,,58,0,,,
58,33,True,0.246499,0.2465,none,,,False,,58,0,,,
58,17,True,0.599636,0.5996,none,,,False,,58,0,,,
58,5,True,0.795611,0.7956,none,,,False,,58,0,,,
58,71,True,0.328178,0.3282,none,,,False,,58,0,,,
58,32,True,0.562897,0.5629,none,,,False,,58,0,,,
58,43,True,0.263295,0.2633,none,,,False,,58,0,,,
58,10,True,0.417803,0.4178,none,,,False,,58,0,,,
58,91,True,0.205046,0.205,none,,,False,,58,0,,,
58,14,True,0.448769,0.4488,none,,,False,,58,0,,,
58,20,True,0.321282,0.3213,none,,,False,,58,0,,,
58,40,True,0.602479,0.6025,none,,,False,,58,0,,,
58,13,True,0.80988,0.8099,none,,,False,,58,0,,,
58,46,True,0.502216,0.5022,none,,,False,,58,0,,,
59,77,True,0.553689,0.5537,none,,,False,,59,0,,,
59,83,True,0.430966,0.431,none,,,False,,59,0,,,
59,56,True,0.484568,0.4846,none,,,False,,59,0,,,
59,4,True,0.353419,0.3534,none,,,False,,59,0,,,
59,61,True,0.100672,0.1007,none,,,False,,59,0,,,
59,88,True,0.416818,0.4168,none,,,False,,59,0,,,
59,26,True,0.315385,0.3154,none,,,False,,59,0,,,
59,79,True,0.618179,0.6182,none,,,False,,59,0,,,
59,53,True,0.791758,0.7918,none,,,False,,59,0,,,
59,90,True,0.842661,0.8427,none,,,False,,59,0,,,
59,6,True,0.709497,0.7095,none,,,False,,59,0,,,
59,70,True,0.228616,0.2286,none,,,False,,59,0,,,
59,95,True,0.487835,0.4878,none,,,False,,59,0,,,
59,97,True,0.525926,0.5259,none,,,False,,59,0,,,
59,81,True,0.525638,0.5256,none,,,False,,59,0,,,
59,5,True,0.853175,0.8532,none,,,False,,59,0,,,
59,31,True,0.415152,0.4152,none,,,False,,59,0,,,
59,86,True,0.281595,0.2816,none,,,False,,59,0,,,
59,27,True,0.357581,0.3576,none,,,False,,59,0,,,
59,51,True,0.59548,0.5955,none,,,False,,59,0,,,
59,11,True,0.531642,0.5316,none,,,False,,59,0,,,
59,21,True,0.373383,0.3734,none,,,False,,59,0,,,
59,75,True,0.313931,0.3139,none,,,False,,59,0,,,
59,69,True,0.460709,0.4607,none,,,False,,59,0,,,
59,34,True,0.435747,0.4357,none,,,False,,59,0,,,
60,12,True,0.67298,0.673,none,,,False,,60,0,,,
60,87,True,0.437165,0.4372,none,,,False,,60,0,,,
60,56,True,0.218704,0.2187,none,,,False,,60,0,,,
60,64,True,0.527086,0.5271,none,,,False,,60,0,,,
60,90,True,0.801765,0.8018,none,,,False,,60,0,,,
60,34,True,0.266639,0.2666,none,,,False,,60,0,,,
60,50,True,0.707863,0.7079,none,,,False,,60,0,,,
60,67,True,0.294745,0.2947,none,,,False,,60,0,,,
60,0,True,0.583329,0.5833,none,,,False,,60,0,,,
60,72,True,0.545579,0.5456,none,,,False,,60,0,,,
60,81,True,0.368914,0.3689,none,,,False,,60,0,,,
60,83,True,0.400891,0.4009,none,,,False,,60,0,,,
60,88,True,0.616228,0.6162,none,,,False,,60,0,,,
60,46,True,0.546753,0.5468,none,,,False,,60,0,,,
60,13,True,0.793036,0.793,none,,,False,,60,0,,,
60,10,True,0.477404,0.4774,none,,,False,,60,0,,,
60,80,True,0.333444,0.3334,none,,,False,,60,0,,,
60,68,True,0.157063,0.1571,none,,,False,,60,0,,,
60,3,True,0.449959,0.45,none,,,False,,60,0,,,
60,41,True,0.584393,0.5844,none,,,False,,60,0,,,
60,36,True,1.381237,1.3812,none,,,False,,60,0,,,
60,84,True,0.364029,0.364,none,,,False,,60,0,,,
60,96,True,0.651198,0.6512,none,,,False,,60,0,,,
60,92,True,0.658184,0.6582,none,,,False,,60,0,,,
60,23,True,0.165525,0.1655,none,,,False,,60,0,,,
61,19,True,0.599615,0.5996,none,,,False,,61,0,,,
61,23,True,0.388853,0.3889,none,,,False,,61,0,,,
61,75,True,0.301791,0.3018,none,,,False,,61,0,,,
61,0,True,0.42794,0.4279,none,,,False,,61,0,,,
61,21,True,0.326283,0.3263,none,,,False,,61,0,,,
61,35,True,0.496488,0.4965,none,,,False,,61,0,,,
61,51,True,0.534808,0.5348,none,,,False,,61,0,,,
61,95,True,0.495914,0.4959,none,,,False,,61,0,,,
61,68,True,0.227146,0.2271,none,,,False,,61,0,,,
61,61,True,0.57292,0.5729,none,,,False,,61,0,,,
61,4,True,0.522136,0.5221,none,,,False,,61,0,,,
61,62,True,0.468028,0.468,none,,,False,,61,0,,,
61,77,True,0.777006,0.777,none,,,False,,61,0,,,
61,90,True,0.882427,0.8824,none,,,False,,61,0,,,
61,8,True,0.340035,0.34,none,,,False,,61,0,,,
61,2,True,0.944734,0.9447,none,,,False,,61,0,,,
61,50,True,0.553328,0.5533,none,,,False,,61,0,,,
61,26,True,0.329679,0.3297,none,,,False,,61,0,,,
61,49,True,0.555894,0.5559,none,,,False,,61,0,,,
61,86,True,0.416543,0.4165,none,,,False,,61,0,,,
61,37,True,0.548955,0.549,none,,,False,,61,0,,,
61,43,True,0.242824,0.2428,none,,,False,,61,0,,,
61,38,True,0.497869,0.4979,none,,,False,,61,0,,,
61,45,True,0.481654,0.4817,none,,,False,,61,0,,,
61,65,True,0.319569,0.3196,none,,,False,,61,0,,,
62,26,True,0.42886,0.4289,none,,,False,,62,0,,,
62,0,True,0.346904,0.3469,none,,,False,,62,0,,,
62,58,True,1.014012,1.014,none,,,False,,62,0,,,
62,86,True,0.199429,0.1994,none,,,False,,62,0,,,
62,63,True,0.242644,0.2426,none,,,False,,62,0,,,
62,61,True,0.289244,0.2892,none,,,False,,62,0,,,
62,81,True,0.574882,0.5749,none,,,False,,62,0,,,
62,69,True,0.443339,0.4433,none,,,False,,62,0,,,
62,45,True,0.243981,0.244,none,,,False,,62,0,,,
62,89,True,0.68699,0.687,none,,,False,,62,0,,,
62,50,True,0.333387,0.3334,none,,,False,,62,0,,,
62,97,True,0.543148,0.5431,none,,,False,,62,0,,,
62,5,True,1.062622,1.0626,none,,,False,,62,0,,,
62,51,True,0.63647,0.6365,none,,,False,,62,0,,,
62,49,True,0.401273,0.4013,none,,,False,,62,0,,,
62,90,True,0.917494,0.9175,none,,,False,,62,0,,,
62,22,True,0.342149,0.3421,none,,,False,,62,0,,,
62,95,True,0.512294,0.5123,none,,,False,,62,0,,,
62,94,True,0.509604,0.5096,none,,,False,,62,0,,,
62,85,True,0.34488,0.3449,none,,,False,,62,0,,,
62,30,True,0.710171,0.7102,none,,,False,,62,0,,,
62,91,True,0.200242,0.2002,none,,,False,,62,0,,,
62,28,True,0.715811,0.7158,none,,,False,,62,0,,,
62,23,True,0.328456,0.3285,none,,,False,,62,0,,,
62,24,True,0.26035,0.2603,none,,,False,,62,0,,,
63,65,True,0.262788,0.2628,none,,,False,,63,0,,,
63,31,True,0.384793,0.3848,none,,,False,,63,0,,,
63,48,True,0.560968,0.561,none,,,False,,63,0,,,
63,79,True,0.670723,0.6707,none,,,False,,63,0,,,
63,94,True,0.385353,0.3854,none,,,False,,63,0,,,
63,12,True,0.400039,0.4,none,,,False,,63,0,,,
63,35,True,0.441568,0.4416,none,,,False,,63,0,,,
63,26,True,0.447602,0.4476,none,,,False,,63,0,,,
63,16,True,1.04706,1.0471,none,,,False,,63,0,,,
63,50,True,0.387882,0.3879,none,,,False,,63,0,,,
63,38,True,0.320776,0.3208,none,,,False,,63,0,,,
63,71,True,0.255772,0.2558,none,,,False,,63,0,,,
63,5,True,0.510453,0.5105,none,,,False,,63,0,,,
63,73,True,0.30341,0.3034,none,,,False,,63,0,,,
63,11,True,0.772172,0.7722,none,,,False,,63,0,,,
63,8,True,0.390623,0.3906,none,,,False,,63,0,,,
63,56,True,0.424082,0.4241,none,,,False,,63,0,,,
63,20,True,0.511035,0.511,none,,,False,,63,0,,,
63,32,True,0.666992,0.667,none,,,False,,63,0,,,
63,84,True,0.340347,0.3403,none,,,False,,63,0,,,
63,75,True,0.415358,0.4154,none,,,False,,63,0,,,
63,40,True,0.604179,0.6042,none,,,False,,63,0,,,
63,98,True,0.467114,0.4671,none,,,False,,63,0,,,
63,58,True,0.517573,0.5176,none,,,False,,63,0,,,
63,51,True,0.577805,0.5778,none,,,False,,63,0,,,
64,90,True,0.962041,0.962,none,,,False,,64,0,,,
64,39,True,0.661117,0.6611,none,,,False,,64,0,,,
64,15,True,0.554922,0.5549,none,,,False,,64,0,,,
64,45,True,0.301966,0.302,none,,,False,,64,0,,,
64,53,True,0.894086,0.8941,none,,,False,,64,0,,,
64,27,True,0.453158,0.4532,none,,,False,,64,0,,,
64,86,True,0.372348,0.3723,none,,,False,,64,0,,,
64,77,True,0.548274,0.5483,none,,,False,,64,0,,,
64,78,True,0.241492,0.2415,none,,,False,,64,0,,,
64,81,True,0.485851,0.4859,none,,,False,,64,0,,,
64,62,True,0.577642,0.5776,none,,,False,,64,0,,,
64,24,True,0.318913,0.3189,none,,,False,,64,0,,,
64,9,True,0.280522,0.2805,none,,,False,,64,0,,,
64,87,True,0.362592,0.3626,none,,,False,,64,0,,,
64,67,True,0.090041,0.09,none,,,False,,64,0,,,
64,80,True,0.301732,0.3017,none,,,False,,64,0,,,
64,64,True,0.366696,0.3667,none,,,False,,64,0,,,
64,52,True,0.941126,0.9411,none,,,False,,64,0,,,
64,38,True,0.197368,0.1974,none,,,False,,64,0,,,
64,46,True,0.496044,0.496,none,,,False,,64,0,,,
64,0,True,0.439512,0.4395,none,,,False,,64,0,,,
64,10,True,0.428832,0.4288,none,,,False,,64,0,,,
64,28,True,0.736163,0.7362,none,,,False,,64,0,,,
64,54,True,0.039977,0.04,none,,,False,,64,0,,,
64,82,True,0.528254,0.5283,none,,,False,,64,0,,,
65,60,True,0.500502,0.5005,none,,,False,,65,0,,,
65,8,True,0.395908,0.3959,none,,,False,,65,0,,,
65,41,True,0.913792,0.9138,none,,,False,,65,0,,,
65,61,True,0.357726,0.3577,none,,,False,,65,0,,,
65,58,True,0.657412,0.6574,none,,,False,,65,0,,,
65,51,True,0.311462,0.3115,none,,,False,,65,0,,,
65,94,True,0.464582,0.4646,none,,,False,,65,0,,,
65,23,True,0.203575,0.2036,none,,,False,,65,0,,,
65,18,True,0.505027,0.505,none,,,False,,65,0,,,
65,85,True,0.327391,0.3274,none,,,False,,65,0,,,
65,35,True,0.426609,0.4266,none,,,False,,65,0,,,
65,29,True,-0.538714,-0.5387,none,,,False,,65,0,,,
65,86,True,0.319338,0.3193,none,,,False,,65,0,,,
65,75,True,0.35455,0.3545,none,,,False,,65,0,,,
65,17,True,0.645851,0.6459,none,,,False,,65,0,,,
65,91,True,0.190739,0.1907,none,,,False,,65,0,,,
65,74,True,0.806291,0.8063,none,,,False,,65,0,,,
65,36,True,1.298689,1.2987,none,,,False,,65,0,,,
65,7,True,0.260831,0.2608,none,,,False,,65,0,,,
65,80,True,0.355254,0.3553,none,,,False,,65,0,,,
65,31,True,0.364866,0.3649,none,,,False,,65,0,,,
65,44,True,0.412151,0.4122,none,,,False,,65,0,,,
65,71,True,0.348488,0.3485,none,,,False,,65,0,,,
65,52,True,0.736504,0.7365,none,,,False,,65,0,,,
65,4,True,0.314998,0.315,none,,,False,,65,0,,,
66,21,True,0.340425,0.3404,none,,,False,,66,0,,,
66,32,True,0.758686,0.7587,none,,,False,,66,0,,,
66,8,True,0.242381,0.2424,none,,,False,,66,0,,,
66,86,True,0.4581,0.4581,none,,,False,,66,0,,,
66,46,True,0.501848,0.5018,none,,,False,,66,0,,,
66,83,True,0.241692,0.2417,none,,,False,,66,0,,,
66,99,True,0.597742,0.5977,none,,,False,,66,0,,,
66,39,True,0.783436,0.7834,none,,,False,,66,0,,,
66,53,True,0.828772,0.8288,none,,,False,,66,0,,,
66,6,True,0.626251,0.6263,none,,,False,,66,0,,,
66,61,True,0.436176,0.4362,none,,,False,,66,0,,,
66,72,True,0.407842,0.4078,none,,,False,,66,0,,,
66,19,True,0.656007,0.656,none,,,False,,66,0,,,
66,20,True,0.464205,0.4642,none,,,False,,66,0,,,
66,9,True,0.154712,0.1547,none,,,False,,66,0,,,
66,65,True,0.174947,0.1749,none,,,False,,66,0,,,
66,69,True,0.296809,0.2968,none,,,False,,66,0,,,
66,41,True,0.578974,0.579,none,,,False,,66,0,,,
66,66,True,0.238592,0.2386,none,,,False,,66,0,,,
66,7,True,0.42068,0.4207,none,,,False,,66,0,,,
66,56,True,0.299665,0.2997,none,,,False,,66,0,,,
66,38,True,0.212418,0.2124,none,,,False,,66,0,,,
66,58,True,1.055209,1.0552,none,,,False,,66,0,,,
66,51,True,0.550992,0.551,none,,,False,,66,0,,,
66,42,True,0.429024,0.429,none,,,False,,66,0,,,
67,65,True,0.048088,0.0481,none,,,False,,67,0,,,
67,23,True,0.242568,0.2426,none,,,False,,67,0,,,
67,89,True,0.693707,0.6937,none,,,False,,67,0,,,
67,13,True,0.835615,0.8356,none,,,False,,67,0,,,
67,55,True,0.595342,0.5953,none,,,False,,67,0,,,
67,1,True,0.441003,0.441,none,,,False,,67,0,,,
67,8,True,0.317503,0.3175,none,,,False,,67,0,,,
67,95,True,0.454478,0.4545,none,,,False,,67,0,,,
67,39,True,0.76787,0.7679,none,,,False,,67,0,,,
67,30,True,0.625479,0.6255,none,,,False,,67,0,,,
67,97,True,0.56704,0.567,none,,,False,,67,0,,,
67,87,True,0.374624,0.3746,none,,,False,,67,0,,,
67,5,True,1.049385,1.0494,none,,,False,,67,0,,,
67,64,True,0.427828,0.4278,none,,,False,,67,0,,,
67,24,True,0.309139,0.3091,none,,,False,,67,0,,,
67,52,True,0.681164,0.6812,none,,,False,,67,0,,,
67,46,True,0.521393,0.5214,none,,,False,,67,0,,,
67,62,True,0.366539,0.3665,none,,,False,,67,0,,,
67,72,True,0.25821,0.2582,none,,,False,,67,0,,,
67,3,True,0.363906,0.3639,none,,,False,,67,0,,,
67,38,True,0.216282,0.2163,none,,,False,,67,0,,,
67,25,True,0.573011,0.573,none,,,False,,67,0,,,
67,27,True,0.333335,0.3333,none,,,False,,67,0,,,
67,44,True,0.402788,0.4028,none,,,False,,67,0,,,
67,96,True,0.776339,0.7763,none,,,False,,67,0,,,
68,65,True,0.262556,0.2626,none,,,False,,68,0,,,
68,83,True,0.384757,0.3848,none,,,False,,68,0,,,
68,64,True,0.561667,0.5617,none,,,False,,68,0,,,
68,22,True,0.134255,0.1343,none,,,False,,68,0,,,
68,41,True,0.729638,0.7296,none,,,False,,68,0,,,
68,98,True,0.460275,0.4603,none,,,False,,68,0,,,
68,7,True,0.463723,0.4637,none,,,False,,68,0,,,
68,36,True,1.257542,1.2575,none,,,False,,68,0,,,
68,35,True,0.465831,0.4658,none,,,False,,68,0,,,
68,11,True,0.469619,0.4696,none,,,False,,68,0,,,
68,53,True,0.816125,0.8161,none,,,False,,68,0,,,
68,42,True,0.559577,0.5596,none,,,False,,68,0,,,
68,48,True,0.521273,0.5213,none,,,False,,68,0,,,
68,88,True,0.746944,0.7469,none,,,False,,68,0,,,
68,70,True,0.022794,0.0228,none,,,False,,68,0,,,
68,92,True,0.578133,0.5781,none,,,False,,68,0,,,
68,26,True,0.452824,0.4528,none,,,False,,68,0,,,
68,78,True,0.290614,0.2906,none,,,False,,68,0,,,
68,87,True,0.323505,0.3235,none,,,False,,68,0,,,
68,79,True,0.609634,0.6096,none,,,False,,68,0,,,
68,73,True,0.261185,0.2612,none,,,False,,68,0,,,
68,72,True,0.587951,0.588,none,,,False,,68,0,,,
68,84,True,0.315171,0.3152,none,,,False,,68,0,,,
68,62,True,0.511516,0.5115,none,,,False,,68,0,,,
68,3,True,0.445144,0.4451,none,,,False,,68,0,,,
69,37,True,0.339021,0.339,none,,,False,,69,0,,,
69,40,True,0.598214,0.5982,none,,,False,,69,0,,,
69,84,True,0.283239,0.2832,none,,,False,,69,0,,,
69,75,True,0.275492,0.2755,none,,,False,,69,0,,,
69,15,True,0.552983,0.553,none,,,False,,69,0,,,
69,46,True,0.532366,0.5324,none,,,False,,69,0,,,
69,45,True,0.307307,0.3073,none,,,False,,69,0,,,
69,22,True,0.234315,0.2343,none,,,False,,69,0,,,
69,39,True,0.753437,0.7534,none,,,False,,69,0,,,
69,52,True,0.387922,0.3879,none,,,False,,69,0,,,
69,19,True,0.533766,0.5338,none,,,False,,69,0,,,
69,34,True,0.473161,0.4732,none,,,False,,69,0,,,
69,27,True,0.472958,0.473,none,,,False,,69,0,,,
69,12,True,-0.619003,-0.619,none,,,False,,69,0,,,
69,73,True,0.364701,0.3647,none,,,False,,69,0,,,
69,47,True,0.59519,0.5952,none,,,False,,69,0,,,
69,94,True,0.506051,0.5061,none,,,False,,69,0,,,
69,18,True,0.403438,0.4034,none,,,False,,69,0,,,
69,62,True,0.507271,0.5073,none,,,False,,69,0,,,
69,90,True,0.99102,0.991,none,,,False,,69,0,,,
69,57,True,0.546315,0.5463,none,,,False,,69,0,,,
69,86,True,0.158186,0.1582,none,,,False,,69,0,,,
69,58,True,0.957266,0.9573,none,,,False,,69,0,,,
69,96,True,0.601725,0.6017,none,,,False,,69,0,,,
69,3,True,0.464852,0.4649,none,,,False,,69,0,,,
70,87,True,0.264122,0.2641,none,,,False,,70,0,,,
70,64,True,0.397457,0.3975,none,,,False,,70,0,,,
70,36,True,1.18701,1.187,none,,,False,,70,0,,,
70,71,True,0.447699,0.4477,none,,,False,,70,0,,,
70,9,True,0.283936,0.2839,none,,,False,,70,0,,,
70,81,True,0.452321,0.4523,none,,,False,,70,0,,,
70,73,True,0.354946,0.3549,none,,,False,,70,0,,,
70,13,True,1.156073,1.1561,none,,,False,,70,0,,,
70,40,True,0.594609,0.5946,none,,,False,,70,0,,,
70,80,True,0.311516,0.3115,none,,,False,,70,0,,,
70,18,True,0.401504,0.4015,none,,,False,,70,0,,,
70,53,True,0.788576,0.7886,none,,,False,,70,0,,,
70,91,True,0.263907,0.2639,none,,,False,,70,0,,,
70,82,True,0.665764,0.6658,none,,,False,,70,0,,,
70,88,True,0.4699,0.4699,none,,,False,,70,0,,,
70,23,True,0.194151,0.1942,none,,,False,,70,0,,,
70,56,True,0.618825,0.6188,none,,,False,,70,0,,,
70,68,True,0.245619,0.2456,none,,,False,,70,0,,,
70,59,True,0.498261,0.4983,none,,,False,,70,0,,,
70,98,True,0.337107,0.3371,none,,,False,,70,0,,,
70,33,True,0.276319,0.2763,none,,,False,,70,0,,,
70,8,True,0.503113,0.5031,none,,,False,,70,0,,,
70,24,True,0.168205,0.1682,none,,,False,,70,0,,,
70,95,True,0.433266,0.4333,none,,,False,,70,0,,,
70,61,True,0.469046,0.469,none,,,False,,70,0,,,
71,86,True,0.401882,0.4019,none,,,False,,71,0,,,
71,83,True,0.292186,0.2922,none,,,False,,71,0,,,
71,2,True,0.641917,0.6419,none,,,False,,71,0,,,
71,36,True,0.926762,0.9268,none,,,False,,71,0,,,
71,41,True,0.589175,0.5892,none,,,False,,71,0,,,
71,91,True,0.223857,0.2239,none,,,False,,71,0,,,
71,39,True,0.836689,0.8367,none,,,False,,71,0,,,
71,84,True,0.402276,0.4023,none,,,False,,71,0,,,
71,57,True,0.487779,0.4878,none,,,False,,71,0,,,
71,10,True,0.47706,0.4771,none,,,False,,71,0,,,
71,69,True,0.456792,0.4568,none,,,False,,71,0,,,
71,38,True,0.295738,0.2957,none,,,False,,71,0,,,
71,33,True,0.245868,0.2459,none,,,False,,71,0,,,
71,64,True,0.519091,0.5191,none,,,False,,71,0,,,
71,71,True,0.399751,0.3998,none,,,False,,71,0,,,
71,97,True,0.58137,0.5814,none,,,False,,71,0,,,
71,93,True,0.316248,0.3162,none,,,False,,71,0,,,
71,70,True,0.353277,0.3533,none,,,False,,71,0,,,
71,75,True,0.443566,0.4436,none,,,False,,71,0,,,
71,37,True,0.528356,0.5284,none,,,False,,71,0,,,
71,78,True,0.355139,0.3551,none,,,False,,71,0,,,
71,31,True,0.466644,0.4666,none,,,False,,71,0,,,
71,88,True,0.427706,0.4277,none,,,False,,71,0,,,
71,28,True,0.492296,0.4923,none,,,False,,71,0,,,
71,6,True,0.715712,0.7157,none,,,False,,71,0,,,
72,89,True,0.597719,0.5977,none,,,False,,72,0,,,
72,30,True,0.457143,0.4571,none,,,False,,72,0,,,
72,21,True,0.508473,0.5085,none,,,False,,72,0,,,
72,7,True,0.283021,0.283,none,,,False,,72,0,,,
72,90,True,0.899771,0.8998,none,,,False,,72,0,,,
72,43,True,0.352865,0.3529,none,,,False,,72,0,,,
72,99,True,0.416531,0.4165,none,,,False,,72,0,,,
72,70,True,0.193514,0.1935,none,,,False,,72,0,,,
72,79,True,0.657184,0.6572,none,,,False,,72,0,,,
72,85,True,0.33245,0.3324,none,,,False,,72,0,,,
72,73,True,0.262652,0.2627,none,,,False,,72,0,,,
72,91,True,0.258149,0.2581,none,,,False,,72,0,,,
72,62,True,0.502726,0.5027,none,,,False,,72,0,,,
72,57,True,0.42972,0.4297,none,,,False,,72,0,,,
72,23,True,0.27877,0.2788,none,,,False,,72,0,,,
72,46,True,0.474764,0.4748,none,,,False,,72,0,,,
72,65,True,-0.076715,-0.0767,none,,,False,,72,0,,,
72,67,True,0.322351,0.3224,none,,,False,,72,0,,,
72,26,True,0.200714,0.2007,none,,,False,,72,0,,,
72,71,True,0.368355,0.3684,none,,,False,,72,0,,,
72,28,True,0.753343,0.7533,none,,,False,,72,0,,,
72,54,True,0.26824,0.2682,none,,,False,,72,0,,,
72,58,True,0.991339,0.9913,none,,,False,,72,0,,,
72,15,True,0.601022,0.601,none,,,False,,72,0,,,
72,98,True,0.626755,0.6268,none,,,False,,72,0,,,
73,44,True,0.401004,0.401,none,,,False,,73,0,,,
73,4,True,0.326591,0.3266,none,,,False,,73,0,,,
73,25,True,0.638928,0.6389,none,,,False,,73,0,,,
73,17,True,0.653378,0.6534,none,,,False,,73,0,,,
73,48,True,0.287589,0.2876,none,,,False,,73,0,,,
73,24,True,0.235138,0.2351,none,,,False,,73,0,,,
73,32,True,0.569908,0.5699,none,,,False,,73,0,,,
73,96,True,0.751898,0.7519,none,,,False,,73,0,,,
73,87,True,0.366434,0.3664,none,,,False,,73,0,,,
73,62,True,0.50131,0.5013,none,,,False,,73,0,,,
73,29,True,0.015202,0.0152,none,,,False,,73,0,,,
73,28,True,0.850296,0.8503,none,,,False,,73,0,,,
73,90,True,0.787013,0.787,none,,,False,,73,0,,,
73,43,True,0.391697,0.3917,none,,,False,,73,0,,,
73,59,True,0.455495,0.4555,none,,,False,,73,0,,,
73,15,True,0.309475,0.3095,none,,,False,,73,0,,,
73,53,True,0.883596,0.8836,none,,,False,,73,0,,,
73,65,True,0.285266,0.2853,none,,,False,,73,0,,,
73,80,True,0.231754,0.2318,none,,,False,,73,0,,,
73,73,True,0.227148,0.2271,none,,,False,,73,0,,,
73,2,True,1.057645,1.0576,none,,,False,,73,0,,,
73,49,True,0.793716,0.7937,none,,,False,,73,0,,,
73,57,True,0.634983,0.635,none,,,False,,73,0,,,
73,63,True,0.357115,0.3571,none,,,False,,73,0,,,
73,78,True,0.274927,0.2749,none,,,False,,73,0,,,
74,78,True,0.349041,0.349,none,,,False,,74,0,,,
74,77,True,0.278489,0.2785,none,,,False,,74,0,,,
74,33,True,0.296641,0.2966,none,,,False,,74,0,,,
74,37,True,0.302182,0.3022,none,,,False,,74,0,,,
74,85,True,0.237684,0.2377,none,,,False,,74,0,,,
74,42,True,0.534206,0.5342,none,,,False,,74,0,,,
74,95,True,0.487082,0.4871,none,,,False,,74,0,,,
74,32,True,0.574354,0.5744,none,,,False,,74,0,,,
74,41,True,0.724458,0.7245,none,,,False,,74,0,,,
74,10,True,0.531014,0.531,none,,,False,,74,0,,,
74,30,True,0.650041,0.65,none,,,False,,74,0,,,
74,16,True,0.816407,0.8164,none,,,False,,74,0,,,
74,70,True,0.183505,0.1835,none,,,False,,74,0,,,
74,75,True,0.332425,0.3324,none,,,False,,74,0,,,
74,62,True,0.469881,0.4699,none,,,False,,74,0,,,
74,88,True,0.745676,0.7457,none,,,False,,74,0,,,
74,47,True,0.686703,0.6867,none,,,False,,74,0,,,
74,89,True,0.500808,0.5008,none,,,False,,74,0,,,
74,68,True,0.2286,0.2286,none,,,False,,74,0,,,
74,92,True,0.594735,0.5947,none,,,False,,74,0,,,
74,59,True,0.344261,0.3443,none,,,False,,74,0,,,
74,74,True,0.81174,0.8117,none,,,False,,74,0,,,
74,84,True,0.417249,0.4172,none,,,False,,74,0,,,
74,90,True,0.868346,0.8683,none,,,False,,74,0,,,
74,96,True,0.553768,0.5538,none,,,False,,74,0,,,
75,24,True,0.317322,0.3173,none,,,False,,75,0,,,
75,13,True,0.871621,0.8716,none,,,False,,75,0,,,
75,25,True,0.638259,0.6383,none,,,False,,75,0,,,
75,26,True,0.260547,0.2605,none,,,False,,75,0,,,
75,47,True,0.491826,0.4918,none,,,False,,75,0,,,
75,42,True,0.265851,0.2659,none,,,False,,75,0,,,
75,50,True,0.585351,0.5854,none,,,False,,75,0,,,
75,76,True,0.515572,0.5156,none,,,False,,75,0,,,
75,48,True,0.694491,0.6945,none,,,False,,75,0,,,
75,62,True,0.572296,0.5723,none,,,False,,75,0,,,
75,94,True,0.575255,0.5753,none,,,False,,75,0,,,
75,16,True,0.565013,0.565,none,,,False,,75,0,,,
75,77,True,0.53976,0.5398,none,,,False,,75,0,,,
75,59,True,0.493665,0.4937,none,,,False,,75,0,,,
75,35,True,0.588999,0.589,none,,,False,,75,0,,,
75,49,True,0.380212,0.3802,none,,,False,,75,0,,,
75,8,True,0.252815,0.2528,none,,,False,,75,0,,,
75,65,True,0.268051,0.2681,none,,,False,,75,0,,,
75,2,True,0.75856,0.7586,none,,,False,,75,0,,,
75,3,True,0.531498,0.5315,none,,,False,,75,0,,,
75,45,True,0.408953,0.409,none,,,False,,75,0,,,
75,33,True,0.302653,0.3027,none,,,False,,75,0,,,
75,68,True,0.208181,0.2082,none,,,False,,75,0,,,
75,53,True,0.838163,0.8382,none,,,False,,75,0,,,
75,78,True,0.26128,0.2613,none,,,False,,75,0,,,
76,86,True,0.279852,0.2799,none,,,False,,76,0,,,
76,50,True,0.323339,0.3233,none,,,False,,76,0,,,
76,87,True,0.486087,0.4861,none,,,False,,76,0,,,
76,73,True,0.405368,0.4054,none,,,False,,76,0,,,
76,88,True,0.730688,0.7307,none,,,False,,76,0,,,
76,97,True,0.558339,0.5583,none,,,False,,76,0,,,
76,89,True,0.694412,0.6944,none,,,False,,76,0,,,
76,99,True,0.62729,0.6273,none,,,False,,76,0,,,
76,48,True,0.510879,0.5109,none,,,False,,76,0,,,
76,72,True,0.287716,0.2877,none,,,False,,76,0,,,
76,11,True,0.387126,0.3871,none,,,False,,76,0,,,
76,43,True,0.431848,0.4318,none,,,False,,76,0,,,
76,78,True,0.342661,0.3427,none,,,False,,76,0,,,
76,70,True,0.25448,0.2545,none,,,False,,76,0,,,
76,51,True,0.606931,0.6069,none,,,False,,76,0,,,
76,35,True,0.256934,0.2569,none,,,False,,76,0,,,
76,32,True,0.666531,0.6665,none,,,False,,76,0,,,
76,25,True,0.621322,0.6213,none,,,False,,76,0,,,
76,1,True,0.408116,0.4081,none,,,False,,76,0,,,
76,57,True,0.564048,0.564,none,,,False,,76,0,,,
76,95,True,0.530853,0.5309,none,,,False,,76,0,,,
76,0,True,0.356951,0.357,none,,,False,,76,0,,,
76,92,True,0.768501,0.7685,none,,,False,,76,0,,,
76,61,True,0.413628,0.4136,none,,,False,,76,0,,,
76,66,True,0.382038,0.382,none,,,False,,76,0,,,
77,4,True,0.412169,0.4122,none,,,False,,77,0,,,
77,77,True,0.585009,0.585,none,,,False,,77,0,,,
77,61,True,0.218579,0.2186,none,,,False,,77,0,,,
77,27,True,0.496032,0.496,none,,,False,,77,0,,,
77,19,True,0.765542,0.7655,none,,,False,,77,0,,,
77,29,True,0.229796,0.2298,none,,,False,,77,0,,,
77,44,True,0.393918,0.3939,none,,,False,,77,0,,,
77,43,True,0.354772,0.3548,none,,,False,,77,0,,,
77,98,True,0.45163,0.4516,none,,,False,,77,0,,,
77,6,True,0.718293,0.7183,none,,,False,,77,0,,,
77,88,True,0.589585,0.5896,none,,,False,,77,0,,,
77,53,True,0.839368,0.8394,none,,,False,,77,0,,,
77,34,True,0.290989,0.291,none,,,False,,77,0,,,
77,17,True,0.750345,0.7503,none,,,False,,77,0,,,
77,37,True,0.227558,0.2276,none,,,False,,77,0,,,
77,46,True,0.450902,0.4509,none,,,False,,77,0,,,
77,96,True,0.794726,0.7947,none,,,False,,77,0,,,
77,35,True,0.431223,0.4312,none,,,False,,77,0,,,
77,85,True,0.301703,0.3017,none,,,False,,77,0,,,
77,9,True,0.270662,0.2707,none,,,False,,77,0,,,
77,16,True,0.264846,0.2648,none,,,False,,77,0,,,
77,24,True,0.214561,0.2146,none,,,False,,77,0,,,
77,3,True,0.34096,0.341,none,,,False,,77,0,,,
77,30,True,0.512515,0.5125,none,,,False,,77,0,,,
77,93,True,0.280971,0.281,none,,,False,,77,0,,,
78,12,True,0.337885,0.3379,none,,,False,,78,0,,,
78,34,True,0.25137,0.2514,none,,,False,,78,0,,,
78,0,True,0.446422,0.4464,none,,,False,,78,0,,,
78,60,True,0.55559,0.5556,none,,,False,,78,0,,,
78,52,True,0.621254,0.6213,none,,,False,,78,0,,,
78,86,True,0.429986,0.43,none,,,False,,78,0,,,
78,39,True,0.874528,0.8745,none,,,False,,78,0,,,
78,71,True,0.387424,0.3874,none,,,False,,78,0,,,
78,37,True,0.486689,0.4867,none,,,False,,78,0,,,
78,41,True,0.257149,0.2571,none,,,False,,78,0,,,
78,32,True,0.864544,0.8645,none,,,False,,78,0,,,
78,7,True,0.501242,0.5012,none,,,False,,78,0,,,
78,94,True,0.58533,0.5853,none,,,False,,78,0,,,
78,9,True,0.383285,0.3833,none,,,False,,78,0,,,
78,30,True,0.250093,0.2501,none,,,False,,78,0,,,
78,89,True,0.69481,0.6948,none,,,False,,78,0,,,
78,74,True,0.717946,0.7179,none,,,False,,78,0,,,
78,28,True,1.063947,1.0639,none,,,False,,78,0,,,
78,6,True,0.648203,0.6482,none,,,False,,78,0,,,
78,67,True,0.317652,0.3177,none,,,False,,78,0,,,
78,65,True,0.332552,0.3326,none,,,False,,78,0,,,
78,38,True,0.379373,0.3794,none,,,False,,78,0,,,
78,82,True,0.806131,0.8061,none,,,False,,78,0,,,
78,14,True,0.463679,0.4637,none,,,False,,78,0,,,
78,33,True,0.357008,0.357,none,,,False,,78,0,,,
79,74,True,0.535107,0.5351,none,,,False,,79,0,,,
79,6,True,0.662166,0.6622,none,,,False,,79,0,,,
79,2,True,0.499206,0.4992,none,,,False,,79,0,,,
79,94,True,0.51262,0.5126,none,,,False,,79,0,,,
79,38,True,0.228459,0.2285,none,,,False,,79,0,,,
79,28,True,0.744052,0.7441,none,,,False,,79,0,,,
79,69,True,0.315534,0.3155,none,,,False,,79,0,,,
79,45,True,0.513185,0.5132,none,,,False,,79,0,,,
79,33,True,0.302567,0.3026,none,,,False,,79,0,,,
79,53,True,0.803534,0.8035,none,,,False,,79,0,,,
79,72,True,0.390697,0.3907,none,,,False,,79,0,,,
79,49,True,0.280775,0.2808,none,,,False,,79,0,,,
79,82,True,0.485035,0.485,none,,,False,,79,0,,,
79,35,True,0.423607,0.4236,none,,,False,,79,0,,,
79,59,True,0.339459,0.3395,none,,,False,,79,0,,,
79,22,True,0.295446,0.2954,none,,,False,,79,0,,,
79,55,True,0.431129,0.4311,none,,,False,,79,0,,,
79,26,True,0.299371,0.2994,none,,,False,,79,0,,,
79,91,True,0.310677,0.3107,none,,,False,,79,0,,,
79,1,True,0.346773,0.3468,none,,,False,,79,0,,,
79,20,True,0.663489,0.6635,none,,,False,,79,0,,,
79,62,True,0.481422,0.4814,none,,,False,,79,0,,,
79,46,True,0.451063,0.4511,none,,,False,,79,0,,,
79,8,True,0.280018,0.28,none,,,False,,79,0,,,
79,71,True,0.386882,0.3869,none,,,False,,79,0,,,
80,76,True,0.279246,0.2792,none,,,False,,80,0,,,
80,6,True,0.637285,0.6373,none,,,False,,80,0,,,
80,66,True,0.266715,0.2667,none,,,False,,80,0,,,
80,46,True,0.379954,0.38,none,,,False,,80,0,,,
80,0,True,0.182385,0.1824,none,,,False,,80,0,,,
80,4,True,0.511108,0.5111,none,,,False,,80,0,,,
80,38,True,0.431685,0.4317,none,,,False,,80,0,,,
80,14,True,0.336597,0.3366,none,,,False,,80,0,,,
80,97,True,0.576913,0.5769,none,,,False,,80,0,,,
80,90,True,0.942656,0.9427,none,,,False,,80,0,,,
80,59,True,0.439873,0.4399,none,,,False,,80,0,,,
80,93,True,0.282915,0.2829,none,,,False,,80,0,,,
80,24,True,0.339242,0.3392,none,,,False,,80,0,,,
80,57,True,0.352515,0.3525,none,,,False,,80,0,,,
80,33,True,0.230871,0.2309,none,,,False,,80,0,,,
80,13,True,0.888936,0.8889,none,,,False,,80,0,,,
80,39,True,0.8132,0.8132,none,,,False,,80,0,,,
80,79,True,0.766904,0.7669,none,,,False,,80,0,,,
80,51,True,0.670451,0.6705,none,,,False,,80,0,,,
80,84,True,0.401528,0.4015,none,,,False,,80,0,,,
80,89,True,0.694266,0.6943,none,,,False,,80,0,,,
80,19,True,0.737551,0.7376,none,,,False,,80,0,,,
80,78,True,0.322133,0.3221,none,,,False,,80,0,,,
80,88,True,0.776986,0.777,none,,,False,,80,0,,,
80,28,True,0.74242,0.7424,none,,,False,,80,0,,,
81,18,True,0.422223,0.4222,none,,,False,,81,0,,,
81,75,True,0.423045,0.423,none,,,False,,81,0,,,
81,98,True,0.471787,0.4718,none,,,False,,81,0,,,
81,15,True,0.237064,0.2371,none,,,False,,81,0,,,
81,82,True,0.600792,0.6008,none,,,False,,81,0,,,
81,33,True,0.238577,0.2386,none,,,False,,81,0,,,
81,55,True,0.616995,0.617,none,,,False,,81,0,,,
81,31,True,0.253241,0.2532,none,,,False,,81,0,,,
81,50,True,0.50621,0.5062,none,,,False,,81,0,,,
81,93,True,0.267235,0.2672,none,,,False,,81,0,,,
81,94,True,0.42074,0.4207,none,,,False,,81,0,,,
81,45,True,0.411664,0.4117,none,,,False,,81,0,,,
81,14,True,0.269115,0.2691,none,,,False,,81,0,,,
81,49,True,0.533152,0.5332,none,,,False,,81,0,,,
81,20,True,0.708732,0.7087,none,,,False,,81,0,,,
81,74,True,0.72408,0.7241,none,,,False,,81,0,,,
81,36,True,1.11198,1.112,none,,,False,,81,0,,,
81,24,True,0.316169,0.3162,none,,,False,,81,0,,,
81,9,True,0.341842,0.3418,none,,,False,,81,0,,,
81,23,True,0.218064,0.2181,none,,,False,,81,0,,,
81,62,True,0.602407,0.6024,none,,,False,,81,0,,,
81,26,True,0.39011,0.3901,none,,,False,,81,0,,,
81,40,True,0.590291,0.5903,none,,,False,,81,0,,,
81,0,True,0.441329,0.4413,none,,,False,,81,0,,,
81,65,True,0.236939,0.2369,none,,,False,,81,0,,,
82,34,True,0.445877,0.4459,none,,,False,,82,0,,,
82,41,True,0.66418,0.6642,none,,,False,,82,0,,,
82,63,True,0.35036,0.3504,none,,,False,,82,0,,,
82,95,True,0.451866,0.4519,none,,,False,,82,0,,,
82,42,True,0.594401,0.5944,none,,,False,,82,0,,,
82,72,True,0.309039,0.309,none,,,False,,82,0,,,
82,48,True,0.648775,0.6488,none,,,False,,82,0,,,
82,35,True,0.449776,0.4498,none,,,False,,82,0,,,
82,56,True,0.36531,0.3653,none,,,False,,82,0,,,
82,54,True,0.296849,0.2968,none,,,False,,82,0,,,
82,30,True,0.444971,0.445,none,,,False,,82,0,,,
82,76,True,0.340109,0.3401,none,,,False,,82,0,,,
82,59,True,0.517886,0.5179,none,,,False,,82,0,,,
82,73,True,0.384918,0.3849,none,,,False,,82,0,,,
82,75,True,0.382493,0.3825,none,,,False,,82,0,,,
82,37,True,0.354756,0.3548,none,,,False,,82,0,,,
82,7,True,0.317904,0.3179,none,,,False,,82,0,,,
82,23,True,0.2832,0.2832,none,,,False,,82,0,,,
82,87,True,0.366204,0.3662,none,,,False,,82,0,,,
82,38,True,0.301179,0.3012,none,,,False,,82,0,,,
82,66,True,0.160388,0.1604,none,,,False,,82,0,,,
82,98,True,0.396805,0.3968,none,,,False,,82,0,,,
82,26,True,0.329258,0.3293,none,,,False,,82,0,,,
82,89,True,0.680103,0.6801,none,,,False,,82,0,,,
82,21,True,0.374664,0.3747,none,,,False,,82,0,,,
83,59,True,0.201343,0.2013,none,,,False,,83,0,,,
83,74,True,0.681226,0.6812,none,,,False,,83,0,,,
83,40,True,0.544128,0.5441,none,,,False,,83,0,,,
83,54,True,0.141325,0.1413,none,,,False,,83,0,,,
83,61,True,0.26309,0.2631,none,,,False,,83,0,,,
83,69,True,0.38483,0.3848,none,,,False,,83,0,,,
83,98,True,0.473079,0.4731,none,,,False,,83,0,,,
83,57,True,0.477494,0.4775,none,,,False,,83,0,,,
83,77,True,0.480829,0.4808,none,,,False,,83,0,,,
83,32,True,0.636931,0.6369,none,,,False,,83,0,,,
83,23,True,0.23322,0.2332,none,,,False,,83,0,,,
83,9,True,0.229232,0.2292,none,,,False,,83,0,,,
83,29,True,0.23193,0.2319,none,,,False,,83,0,,,
83,1,True,0.318539,0.3185,none,,,False,,83,0,,,
83,21,True,0.304105,0.3041,none,,,False,,83,0,,,
83,44,True,0.431091,0.4311,none,,,False,,83,0,,,
83,68,True,0.078462,0.0785,none,,,False,,83,0,,,
83,83,True,0.335121,0.3351,none,,,False,,83,0,,,
83,13,True,0.98761,0.9876,none,,,False,,83,0,,,
83,8,True,0.366754,0.3668,none,,,False,,83,0,,,
83,10,True,0.27029,0.2703,none,,,False,,83,0,,,
83,39,True,0.97214,0.9721,none,,,False,,83,0,,,
83,66,True,0.08091,0.0809,none,,,False,,83,0,,,
83,88,True,0.616401,0.6164,none,,,False,,83,0,,,
83,58,True,0.643002,0.643,none,,,False,,83,0,,,
84,38,True,0.262194,0.2622,none,,,False,,84,0,,,
84,13,True,0.813163,0.8132,none,,,False,,84,0,,,
84,21,True,0.29061,0.2906,none,,,False,,84,0,,,
84,23,True,0.173941,0.1739,none,,,False,,84,0,,,
84,40,True,0.529718,0.5297,none,,,False,,84,0,,,
84,58,True,0.924432,0.9244,none,,,False,,84,0,,,
84,97,True,0.557646,0.5576,none,,,False,,84,0,,,
84,32,True,0.699983,0.7,none,,,False,,84,0,,,
84,93,True,0.269666,0.2697,none,,,False,,84,0,,,
84,63,True,0.417834,0.4178,none,,,False,,84,0,,,
84,79,True,0.654598,0.6546,none,,,False,,84,0,,,
84,75,True,0.374899,0.3749,none,,,False,,84,0,,,
84,50,True,0.416392,0.4164,none,,,False,,84,0,,,
84,60,True,0.44497,0.445,none,,,False,,84,0,,,
84,41,True,0.485595,0.4856,none,,,False,,84,0,,,
84,39,True,0.839199,0.8392,none,,,False,,84,0,,,
84,52,True,0.679516,0.6795,none,,,False,,84,0,,,
84,55,True,0.618768,0.6188,none,,,False,,84,0,,,
84,35,True,0.276994,0.277,none,,,False,,84,0,,,
84,6,True,0.632194,0.6322,none,,,False,,84,0,,,
84,20,True,0.604271,0.6043,none,,,False,,84,0,,,
84,53,True,0.767268,0.7673,none,,,False,,84,0,,,
84,68,True,0.173657,0.1737,none,,,False,,84,0,,,
84,1,True,0.394307,0.3943,none,,,False,,84,0,,,
84,36,True,1.111263,1.1113,none,,,False,,84,0,,,
85,50,True,0.378881,0.3789,none,,,False,,85,0,,,
85,30,True,0.772343,0.7723,none,,,False,,85,0,,,
85,68,True,0.237734,0.2377,none,,,False,,85,0,,,
85,26,True,0.411004,0.411,none,,,False,,85,0,,,
85,5,True,1.158031,1.158,none,,,False,,85,0,,,
85,74,True,0.768899,0.7689,none,,,False,,85,0,,,
85,10,True,0.45494,0.4549,none,,,False,,85,0,,,
85,72,True,0.315087,0.3151,none,,,False,,85,0,,,
85,89,True,0.728254,0.7283,none,,,False,,85,0,,,
85,66,True,0.307428,0.3074,none,,,False,,85,0,,,
85,85,True,0.309594,0.3096,none,,,False,,85,0,,,
85,92,True,0.786284,0.7863,none,,,False,,85,0,,,
85,59,True,0.255237,0.2552,none,,,False,,85,0,,,
85,98,True,0.427899,0.4279,none,,,False,,85,0,,,
85,0,True,0.316742,0.3167,none,,,False,,85,0,,,
85,33,True,0.302757,0.3028,none,,,False,,85,0,,,
85,22,True,0.373011,0.373,none,,,False,,85,0,,,
85,28,True,0.788814,0.7888,none,,,False,,85,0,,,
85,97,True,0.579714,0.5797,none,,,False,,85,0,,,
85,48,True,0.459255,0.4593,none,,,False,,85,0,,,
85,12,True,0.462621,0.4626,none,,,False,,85,0,,,
85,46,True,0.579327,0.5793,none,,,False,,85,0,,,
85,86,True,0.366357,0.3664,none,,,False,,85,0,,,
85,99,True,0.581321,0.5813,none,,,False,,85,0,,,
85,76,True,0.343585,0.3436,none,,,False,,85,0,,,
86,26,True,0.426088,0.4261,none,,,False,,86,0,,,
86,79,True,0.627665,0.6277,none,,,False,,86,0,,,
86,27,True,0.474588,0.4746,none,,,False,,86,0,,,
86,58,True,0.854846,0.8548,none,,,False,,86,0,,,
86,65,True,0.430798,0.4308,none,,,False,,86,0,,,
86,40,True,0.648674,0.6487,none,,,False,,86,0,,,
86,51,True,0.767619,0.7676,none,,,False,,86,0,,,
86,48,True,0.616512,0.6165,none,,,False,,86,0,,,
86,52,True,0.398924,0.3989,none,,,False,,86,0,,,
86,38,True,0.374831,0.3748,none,,,False,,86,0,,,
86,30,True,0.501789,0.5018,none,,,False,,86,0,,,
86,77,True,0.688769,0.6888,none,,,False,,86,0,,,
86,14,True,0.261088,0.2611,none,,,False,,86,0,,,
86,43,True,0.421432,0.4214,none,,,False,,86,0,,,
86,96,True,1.010523,1.0105,none,,,False,,86,0,,,
86,89,True,0.382323,0.3823,none,,,False,,86,0,,,
86,8,True,0.301005,0.301,none,,,False,,86,0,,,
86,61,True,0.332878,0.3329,none,,,False,,86,0,,,
86,22,True,0.241443,0.2414,none,,,False,,86,0,,,
86,9,True,0.456713,0.4567,none,,,False,,86,0,,,
86,56,True,0.349387,0.3494,none,,,False,,86,0,,,
86,44,True,0.415852,0.4159,none,,,False,,86,0,,,
86,82,True,0.562929,0.5629,none,,,False,,86,0,,,
86,13,True,1.181903,1.1819,none,,,False,,86,0,,,
86,87,True,0.405348,0.4053,none,,,False,,86,0,,,
87,55,True,0.502982,0.503,none,,,False,,87,0,,,
87,75,True,0.422731,0.4227,none,,,False,,87,0,,,
87,15,True,0.552961,0.553,none,,,False,,87,0,,,
87,13,True,0.669492,0.6695,none,,,False,,87,0,,,
87,54,True,0.263895,0.2639,none,,,False,,87,0,,,
87,42,True,0.510468,0.5105,none,,,False,,87,0,,,
87,12,True,0.69022,0.6902,none,,,False,,87,0,,,
87,67,True,0.323042,0.323,none,,,False,,87,0,,,
87,81,True,0.429841,0.4298,none,,,False,,87,0,,,
87,7,True,0.301108,0.3011,none,,,False,,87,0,,,
87,97,True,0.538132,0.5381,none,,,False,,87,0,,,
87,49,True,0.375502,0.3755,none,,,False,,87,0,,,
87,32,True,0.80184,0.8018,none,,,False,,87,0,,,
87,4,True,0.416385,0.4164,none,,,False,,87,0,,,
87,31,True,0.346103,0.3461,none,,,False,,87,0,,,
87,52,True,0.745354,0.7454,none,,,False,,87,0,,,
87,78,True,0.345138,0.3451,none,,,False,,87,0,,,
87,76,True,0.389322,0.3893,none,,,False,,87,0,,,
87,71,True,0.336185,0.3362,none,,,False,,87,0,,,
87,34,True,0.308442,0.3084,none,,,False,,87,0,,,
87,87,True,0.239957,0.24,none,,,False,,87,0,,,
87,37,True,0.514325,0.5143,none,,,False,,87,0,,,
87,5,True,0.900446,0.9004,none,,,False,,87,0,,,
87,73,True,0.254257,0.2543,none,,,False,,87,0,,,
87,51,True,0.519157,0.5192,none,,,False,,87,0,,,
88,59,True,0.378598,0.3786,none,,,False,,88,0,,,
88,86,True,0.344583,0.3446,none,,,False,,88,0,,,
88,8,True,0.399347,0.3993,none,,,False,,88,0,,,
88,19,True,0.561232,0.5612,none,,,False,,88,0,,,
88,93,True,0.351593,0.3516,none,,,False,,88,0,,,
88,30,True,0.4587,0.4587,none,,,False,,88,0,,,
88,41,True,0.571009,0.571,none,,,False,,88,0,,,
88,87,True,0.384903,0.3849,none,,,False,,88,0,,,
88,43,True,0.249207,0.2492,none,,,False,,88,0,,,
88,77,True,0.550649,0.5506,none,,,False,,88,0,,,
88,7,True,0.063802,0.0638,none,,,False,,88,0,,,
88,48,True,0.559022,0.559,none,,,False,,88,0,,,
88,13,True,0.867602,0.8676,none,,,False,,88,0,,,
88,3,True,0.460861,0.4609,none,,,False,,88,0,,,
88,10,True,0.319131,0.3191,none,,,False,,88,0,,,
88,25,True,0.392024,0.392,none,,,False,,88,0,,,
88,2,True,0.644293,0.6443,none,,,False,,88,0,,,
88,26,True,0.119406,0.1194,none,,,False,,88,0,,,
88,49,True,0.44833,0.4483,none,,,False,,88,0,,,
88,40,True,0.495321,0.4953,none,,,False,,88,0,,,
88,21,True,0.20406,0.2041,none,,,False,,88,0,,,
88,15,True,0.099272,0.0993,none,,,False,,88,0,,,
88,89,True,0.666908,0.6669,none,,,False,,88,0,,,
88,23,True,0.20145,0.2014,none,,,False,,88,0,,,
88,80,True,0.359273,0.3593,none,,,False,,88,0,,,
89,63,True,0.301126,0.3011,none,,,False,,89,0,,,
89,38,True,0.345068,0.3451,none,,,False,,89,0,,,
89,36,True,1.236655,1.2367,none,,,False,,89,0,,,
89,59,True,0.24423,0.2442,none,,,False,,89,0,,,
89,87,True,0.348097,0.3481,none,,,False,,89,0,,,
89,64,True,0.332141,0.3321,none,,,False,,89,0,,,
89,10,True,0.353371,0.3534,none,,,False,,89,0,,,
89,22,True,0.334188,0.3342,none,,,False,,89,0,,,
89,74,True,0.704523,0.7045,none,,,False,,89,0,,,
89,65,True,0.365118,0.3651,none,,,False,,89,0,,,
89,89,True,0.511524,0.5115,none,,,False,,89,0,,,
89,52,True,0.390654,0.3907,none,,,False,,89,0,,,
89,55,True,0.740877,0.7409,none,,,False,,89,0,,,
89,61,True,0.290841,0.2908,none,,,False,,89,0,,,
89,31,True,0.363379,0.3634,none,,,False,,89,0,,,
89,48,True,0.428254,0.4283,none,,,False,,89,0,,,
89,46,True,0.550849,0.5508,none,,,False,,89,0,,,
89,80,True,0.35577,0.3558,none,,,False,,89,0,,,
89,83,True,0.378383,0.3784,none,,,False,,89,0,,,
89,40,True,0.471214,0.4712,none,,,False,,89,0,,,
89,20,True,0.364935,0.3649,none,,,False,,89,0,,,
89,37,True,0.302435,0.3024,none,,,False,,89,0,,,
89,4,True,0.055332,0.0553,none,,,False,,89,0,,,
89,3,True,0.416137,0.4161,none,,,False,,89,0,,,
89,58,True,0.669716,0.6697,none,,,False,,89,0,,,
90,14,True,-0.180317,-0.1803,none,,,False,,90,0,,,
90,82,True,0.544188,0.5442,none,,,False,,90,0,,,
90,12,True,0.353886,0.3539,none,,,False,,90,0,,,
90,67,True,0.339527,0.3395,none,,,False,,90,0,,,
90,23,True,0.159072,0.1591,none,,,False,,90,0,,,
90,24,True,0.247361,0.2474,none,,,False,,90,0,,,
90,98,True,0.511835,0.5118,none,,,False,,90,0,,,
90,33,True,0.292851,0.2929,none,,,False,,90,0,,,
90,54,True,0.306362,0.3064,none,,,False,,90,0,,,
90,25,True,0.632319,0.6323,none,,,False,,90,0,,,
90,75,True,0.338182,0.3382,none,,,False,,90,0,,,
90,11,True,0.732435,0.7324,none,,,False,,90,0,,,
90,69,True,0.44487,0.4449,none,,,False,,90,0,,,
90,83,True,0.29605,0.296,none,,,False,,90,0,,,
90,90,True,0.976756,0.9768,none,,,False,,90,0,,,
90,59,True,0.403639,0.4036,none,,,False,,90,0,,,
90,81,True,0.429247,0.4292,none,,,False,,90,0,,,
90,48,True,0.529296,0.5293,none,,,False,,90,0,,,
90,89,True,0.609505,0.6095,none,,,False,,90,0,,,
90,29,True,0.286522,0.2865,none,,,False,,90,0,,,
90,35,True,0.43206,0.4321,none,,,False,,90,0,,,
90,10,True,0.40881,0.4088,none,,,False,,90,0,,,
90,21,True,0.32761,0.3276,none,,,False,,90,0,,,
90,96,True,0.751259,0.7513,none,,,False,,90,0,,,
90,6,True,0.694557,0.6946,none,,,False,,90,0,,,
91,34,True,0.328963,0.329,none,,,False,,91,0,,,
91,11,True,0.518992,0.519,none,,,False,,91,0,,,
91,45,True,0.386152,0.3862,none,,,False,,91,0,,,
91,26,True,0.311713,0.3117,none,,,False,,91,0,,,
91,68,True,0.236076,0.2361,none,,,False,,91,0,,,
91,99,True,0.407797,0.4078,none,,,False,,91,0,,,
91,16,True,0.843745,0.8437,none,,,False,,91,0,,,
91,46,True,0.440586,0.4406,none,,,False,,91,0,,,
91,73,True,0.294923,0.2949,none,,,False,,91,0,,,
91,53,True,0.642913,0.6429,none,,,False,,91,0,,,
91,82,True,0.40767,0.4077,none,,,False,,91,0,,,
91,90,True,0.923347,0.9233,none,,,False,,91,0,,,
91,31,True,0.305545,0.3055,none,,,False,,91,0,,,
91,60,True,0.533208,0.5332,none,,,False,,91,0,,,
91,85,True,0.285628,0.2856,none,,,False,,91,0,,,
91,57,True,0.4968,0.4968,none,,,False,,91,0,,,
91,23,True,0.196676,0.1967,none,,,False,,91,0,,,
91,41,True,0.409717,0.4097,none,,,False,,91,0,,,
91,67,True,0.287384,0.2874,none,,,False,,91,0,,,
91,33,True,0.232669,0.2327,none,,,False,,91,0,,,
91,4,True,0.413522,0.4135,none,,,False,,91,0,,,
91,71,True,0.456496,0.4565,none,,,False,,91,0,,,
91,24,True,0.138856,0.1389,none,,,False,,91,0,,,
91,61,True,0.421974,0.422,none,,,False,,91,0,,,
91,66,True,0.251052,0.2511,none,,,False,,91,0,,,
92,58,True,0.782799,0.7828,none,,,False,,92,0,,,
92,86,True,0.326735,0.3267,none,,,False,,92,0,,,
92,43,True,0.373093,0.3731,none,,,False,,92,0,,,
92,63,True,0.407248,0.4072,none,,,False,,92,0,,,
92,23,True,0.182158,0.1822,none,,,False,,92,0,,,
92,54,True,0.218594,0.2186,none,,,False,,92,0,,,
92,71,True,0.325521,0.3255,none,,,False,,92,0,,,
92,44,True,0.144566,0.1446,none,,,False,,92,0,,,
92,55,True,0.809353,0.8094,none,,,False,,92,0,,,
92,67,True,0.153354,0.1534,none,,,False,,92,0,,,
92,14,True,0.441854,0.4419,none,,,False,,92,0,,,
92,84,True,0.193598,0.1936,none,,,False,,92,0,,,
92,32,True,0.82969,0.8297,none,,,False,,92,0,,,
92,56,True,0.288303,0.2883,none,,,False,,92,0,,,
92,50,True,0.523026,0.523,none,,,False,,92,0,,,
92,2,True,0.574381,0.5744,none,,,False,,92,0,,,
92,99,True,0.418136,0.4181,none,,,False,,92,0,,,
92,42,True,0.389084,0.3891,none,,,False,,92,0,,,
92,68,True,0.214114,0.2141,none,,,False,,92,0,,,
92,16,True,0.735522,0.7355,none,,,False,,92,0,,,
92,73,True,0.234549,0.2345,none,,,False,,92,0,,,
92,53,True,0.84872,0.8487,none,,,False,,92,0,,,
92,33,True,0.238092,0.2381,none,,,False,,92,0,,,
92,95,True,0.635112,0.6351,none,,,False,,92,0,,,
92,22,True,0.302811,0.3028,none,,,False,,92,0,,,
93,86,True,0.357809,0.3578,none,,,False,,93,0,,,
93,88,True,0.59664,0.5966,none,,,False,,93,0,,,
93,21,True,0.262835,0.2628,none,,,False,,93,0,,,
93,1,True,0.394319,0.3943,none,,,False,,93,0,,,
93,83,True,0.255696,0.2557,none,,,False,,93,0,,,
93,25,True,0.610276,0.6103,none,,,False,,93,0,,,
93,4,True,0.386239,0.3862,none,,,False,,93,0,,,
93,15,True,0.54511,0.5451,none,,,False,,93,0,,,
93,11,True,0.579079,0.5791,none,,,False,,93,0,,,
93,16,True,0.754414,0.7544,none,,,False,,93,0,,,
93,53,True,0.774562,0.7746,none,,,False,,93,0,,,
93,57,True,0.400945,0.4009,none,,,False,,93,0,,,
93,92,True,0.64202,0.642,none,,,False,,93,0,,,
93,8,True,0.283456,0.2835,none,,,False,,93,0,,,
93,95,True,0.508052,0.5081,none,,,False,,93,0,,,
93,55,True,0.615093,0.6151,none,,,False,,93,0,,,
93,96,True,0.710312,0.7103,none,,,False,,93,0,,,
93,29,True,0.181936,0.1819,none,,,False,,93,0,,,
93,27,True,0.29036,0.2904,none,,,False,,93,0,,,
93,93,True,0.225777,0.2258,none,,,False,,93,0,,,
93,74,True,0.638443,0.6384,none,,,False,,93,0,,,
93,19,True,0.809725,0.8097,none,,,False,,93,0,,,
93,13,True,0.915524,0.9155,none,,,False,,93,0,,,
93,69,True,0.357843,0.3578,none,,,False,,93,0,,,
93,84,True,0.293817,0.2938,none,,,False,,93,0,,,
94,3,True,0.408012,0.408,none,,,False,,94,0,,,
94,92,True,0.68434,0.6843,none,,,False,,94,0,,,
94,21,True,0.186677,0.1867,none,,,False,,94,0,,,
94,15,True,0.484909,0.4849,none,,,False,,94,0,,,
94,73,True,0.307355,0.3074,none,,,False,,94,0,,,
94,17,True,0.528155,0.5282,none,,,False,,94,0,,,
94,14,True,0.212945,0.2129,none,,,False,,94,0,,,
94,78,True,0.300728,0.3007,none,,,False,,94,0,,,
94,66,True,0.20383,0.2038,none,,,False,,94,0,,,
94,24,True,0.291145,0.2911,none,,,False,,94,0,,,
94,7,True,0.404228,0.4042,none,,,False,,94,0,,,
94,77,True,0.597195,0.5972,none,,,False,,94,0,,,
94,48,True,0.502713,0.5027,none,,,False,,94,0,,,
94,26,True,0.35109,0.3511,none,,,False,,94,0,,,
94,97,True,0.631051,0.6311,none,,,False,,94,0,,,
94,88,True,0.419811,0.4198,none,,,False,,94,0,,,
94,19,True,0.645452,0.6455,none,,,False,,94,0,,,
94,59,True,0.336386,0.3364,none,,,False,,94,0,,,
94,94,True,0.530419,0.5304,none,,,False,,94,0,,,
94,96,True,0.236872,0.2369,none,,,False,,94,0,,,
94,28,True,1.043616,1.0436,none,,,False,,94,0,,,
94,52,True,0.531496,0.5315,none,,,False,,94,0,,,
94,18,True,0.397721,0.3977,none,,,False,,94,0,,,
94,67,True,0.294676,0.2947,none,,,False,,94,0,,,
94,46,True,0.534913,0.5349,none,,,False,,94,0,,,
95,67,True,0.147771,0.1478,none,,,False,,95,0,,,
95,35,True,0.506585,0.5066,none,,,False,,95,0,,,
95,53,True,0.90682,0.9068,none,,,False,,95,0,,,
95,52,True,0.650911,0.6509,none,,,False,,95,0,,,
95,23,True,0.184648,0.1846,none,,,False,,95,0,,,
95,51,True,0.585159,0.5852,none,,,False,,95,0,,,
95,40,True,0.540884,0.5409,none,,,False,,95,0,,,
95,46,True,0.487161,0.4872,none,,,False,,95,0,,,
95,78,True,0.314262,0.3143,none,,,False,,95,0,,,
95,68,True,0.243421,0.2434,none,,,False,,95,0,,,
95,62,True,0.607737,0.6077,none,,,False,,95,0,,,
95,36,True,1.276072,1.2761,none,,,False,,95,0,,,
95,2,True,0.857077,0.8571,none,,,False,,95,0,,,
95,77,True,0.390548,0.3905,none,,,False,,95,0,,,
95,0,True,0.54473,0.5447,none,,,False,,95,0,,,
95,60,True,0.50814,0.5081,none,,,False,,95,0,,,
95,47,True,0.354229,0.3542,none,,,False,,95,0,,,
95,72,True,0.417862,0.4179,none,,,False,,95,0,,,
95,84,True,0.250508,0.2505,none,,,False,,95,0,,,
95,21,True,0.203439,0.2034,none,,,False,,95,0,,,
95,59,True,0.385736,0.3857,none,,,False,,95,0,,,
95,93,True,0.293029,0.293,none,,,False,,95,0,,,
95,50,True,0.51109,0.5111,none,,,False,,95,0,,,
95,26,True,0.298823,0.2988,none,,,False,,95,0,,,
95,92,True,0.655791,0.6558,none,,,False,,95,0,,,
96,44,True,0.331257,0.3313,none,,,False,,96,0,,,
96,78,True,0.24898,0.249,none,,,False,,96,0,,,
96,92,True,0.61629,0.6163,none,,,False,,96,0,,,
96,89,True,0.655815,0.6558,none,,,False,,96,0,,,
96,31,True,0.548563,0.5486,none,,,False,,96,0,,,
96,97,True,0.641742,0.6417,none,,,False,,96,0,,,
96,84,True,0.433799,0.4338,none,,,False,,96,0,,,
96,62,True,0.57731,0.5773,none,,,False,,96,0,,,
96,51,True,0.613614,0.6136,none,,,False,,96,0,,,
96,74,True,0.514842,0.5148,none,,,False,,96,0,,,
96,56,True,0.297734,0.2977,none,,,False,,96,0,,,
96,19,True,0.606506,0.6065,none,,,False,,96,0,,,
96,87,True,0.5077,0.5077,none,,,False,,96,0,,,
96,12,True,0.067298,0.0673,none,,,False,,96,0,,,
96,75,True,0.249837,0.2498,none,,,False,,96,0,,,
96,83,True,0.256429,0.2564,none,,,False,,96,0,,,
96,3,True,0.484735,0.4847,none,,,False,,96,0,,,
96,30,True,0.64134,0.6413,none,,,False,,96,0,,,
96,68,True,0.257865,0.2579,none,,,False,,96,0,,,
96,77,True,0.423962,0.424,none,,,False,,96,0,,,
96,36,True,1.136797,1.1368,none,,,False,,96,0,,,
96,59,True,0.307025,0.307,none,,,False,,96,0,,,
96,28,True,0.923865,0.9239,none,,,False,,96,0,,,
96,7,True,0.307183,0.3072,none,,,False,,96,0,,,
96,95,True,0.637001,0.637,none,,,False,,96,0,,,
97,72,True,0.574265,0.5743,none,,,False,,97,0,,,
97,5,True,0.658751,0.6588,none,,,False,,97,0,,,
97,12,True,0.301012,0.301,none,,,False,,97,0,,,
97,53,True,0.906334,0.9063,none,,,False,,97,0,,,
97,6,True,0.745321,0.7453,none,,,False,,97,0,,,
97,34,True,0.495693,0.4957,none,,,False,,97,0,,,
97,14,True,0.393268,0.3933,none,,,False,,97,0,,,
97,40,True,0.568131,0.5681,none,,,False,,97,0,,,
97,13,True,1.151401,1.1514,none,,,False,,97,0,,,
97,91,True,0.225436,0.2254,none,,,False,,97,0,,,
97,74,True,0.528159,0.5282,none,,,False,,97,0,,,
97,97,True,0.480075,0.4801,none,,,False,,97,0,,,
97,59,True,0.531195,0.5312,none,,,False,,97,0,,,
97,41,True,0.66106,0.6611,none,,,False,,97,0,,,
97,3,True,0.539983,0.54,none,,,False,,97,0,,,
97,9,True,0.439734,0.4397,none,,,False,,97,0,,,
97,71,True,0.229199,0.2292,none,,,False,,97,0,,,
97,81,True,0.430114,0.4301,none,,,False,,97,0,,,
97,86,True,0.501637,0.5016,none,,,False,,97,0,,,
97,93,True,0.289208,0.2892,none,,,False,,97,0,,,
97,61,True,0.551157,0.5512,none,,,False,,97,0,,,
97,4,True,0.650617,0.6506,none,,,False,,97,0,,,
97,38,True,0.299851,0.2999,none,,,False,,97,0,,,
97,51,True,0.50858,0.5086,none,,,False,,97,0,,,
97,56,True,0.556741,0.5567,none,,,False,,97,0,,,
98,1,True,0.39187,0.3919,none,,,False,,98,0,,,
98,47,True,0.546141,0.5461,none,,,False,,98,0,,,
98,36,True,1.146284,1.1463,none,,,False,,98,0,,,
98,2,True,0.473745,0.4737,none,,,False,,98,0,,,
98,29,True,0.309691,0.3097,none,,,False,,98,0,,,
98,76,True,0.445281,0.4453,none,,,False,,98,0,,,
98,11,True,0.712256,0.7123,none,,,False,,98,0,,,
98,32,True,0.678679,0.6787,none,,,False,,98,0,,,
98,82,True,0.650829,0.6508,none,,,False,,98,0,,,
98,19,True,0.73851,0.7385,none,,,False,,98,0,,,
98,63,True,0.338271,0.3383,none,,,False,,98,0,,,
98,38,True,0.381108,0.3811,none,,,False,,98,0,,,
98,10,True,0.322688,0.3227,none,,,False,,98,0,,,
98,26,True,0.247293,0.2473,none,,,False,,98,0,,,
98,64,True,0.362451,0.3625,none,,,False,,98,0,,,
98,62,True,0.608933,0.6089,none,,,False,,98,0,,,
98,60,True,0.486536,0.4865,none,,,False,,98,0,,,
98,75,True,0.30323,0.3032,none,,,False,,98,0,,,
98,96,True,0.591071,0.5911,none,,,False,,98,0,,,
98,14,True,0.072098,0.0721,none,,,False,,98,0,,,
98,4,True,0.36079,0.3608,none,,,False,,98,0,,,
98,69,True,0.417959,0.418,none,,,False,,98,0,,,
98,65,True,0.342952,0.343,none,,,False,,98,0,,,
98,83,True,0.34156,0.3416,none,,,False,,98,0,,,
98,15,True,0.491632,0.4916,none,,,False,,98,0,,,
99,26,True,0.398973,0.399,none,,,False,,99,0,,,
99,15,True,0.298811,0.2988,none,,,False,,99,0,,,
99,49,True,0.680995,0.681,none,,,False,,99,0,,,
99,84,True,0.491043,0.491,none,,,False,,99,0,,,
99,46,True,0.497964,0.498,none,,,False,,99,0,,,
99,63,True,0.31626,0.3163,none,,,False,,99,0,,,
99,50,True,0.469566,0.4696,none,,,False,,99,0,,,
99,28,True,0.860914,0.8609,none,,,False,,99,0,,,
99,86,True,0.294094,0.2941,none,,,False,,99,0,,,
99,68,True,0.278185,0.2782,none,,,False,,99,0,,,
99,30,True,0.636429,0.6364,none,,,False,,99,0,,,
99,47,True,0.562305,0.5623,none,,,False,,99,0,,,
99,97,True,0.570873,0.5709,none,,,False,,99,0,,,
99,93,True,0.329512,0.3295,none,,,False,,99,0,,,
99,62,True,0.592013,0.592,none,,,False,,99,0,,,
99,92,True,0.748306,0.7483,none,,,False,,99,0,,,
99,52,True,0.57488,0.5749,none,,,False,,99,0,,,
99,29,True,0.334694,0.3347,none,,,False,,99,0,,,
99,48,True,0.352564,0.3526,none,,,False,,99,0,,,
99,9,True,0.242667,0.2427,none,,,False,,99,0,,,
99,78,True,0.344649,0.3446,none,,,False,,99,0,,,
99,16,True,1.168512,1.1685,none,,,False,,99,0,,,
99,79,True,0.413191,0.4132,none,,,False,,99,0,,,
99,31,True,0.410227,0.4102,none,,,False,,99,0,,,
99,17,True,0.841405,0.8414,none,,,False,,99,0,,,
100,51,True,0.801102,0.8011,none,,,False,,100,0,,,
100,20,True,0.545707,0.5457,none,,,False,,100,0,,,
100,19,True,0.850412,0.8504,none,,,False,,100,0,,,
100,92,True,0.6644,0.6644,none,,,False,,100,0,,,
100,28,True,0.730833,0.7308,none,,,False,,100,0,,,
100,37,True,0.431909,0.4319,none,,,False,,100,0,,,
100,71,True,0.396058,0.3961,none,,,False,,100,0,,,
100,59,True,0.35898,0.359,none,,,False,,100,0,,,
100,49,True,0.464679,0.4647,none,,,False,,100,0,,,
100,42,True,0.308308,0.3083,none,,,False,,100,0,,,
100,11,True,0.601436,0.6014,none,,,False,,100,0,,,
100,65,True,0.081189,0.0812,none,,,False,,100,0,,,
100,22,True,0.271617,0.2716,none,,,False,,100,0,,,
100,72,True,0.298855,0.2989,none,,,False,,100,0,,,
100,55,True,0.535019,0.535,none,,,False,,100,0,,,
100,29,True,0.265981,0.266,none,,,False,,100,0,,,
100,58,True,0.733674,0.7337,none,,,False,,100,0,,,
100,48,True,0.373402,0.3734,none,,,False,,100,0,,,
100,38,True,0.351867,0.3519,none,,,False,,100,0,,,
100,93,True,0.306587,0.3066,none,,,False,,100,0,,,
100,0,True,0.336445,0.3364,none,,,False,,100,0,,,
100,6,True,0.75469,0.7547,none,,,False,,100,0,,,
100,4,True,0.224106,0.2241,none,,,False,,100,0,,,
100,95,True,0.64185,0.6419,none,,,False,,100,0,,,
100,32,True,0.689577,0.6896,none,,,False,,100,0,,,
