round,client_id,selected,utility,normalized_utility,detector,cusum_pos,cusum_neg,change_detected,change_direction,last_seen,age,explore_score,exploit_score,final_score
1,37,True,0.277151,0.2772,none,,,False,,1,0,,,
1,1,True,0.676358,0.6764,none,,,False,,1,0,,,
1,97,True,0.069933,0.0699,none,,,False,,1,0,,,
1,19,True,0.152367,0.1524,none,,,False,,1,0,,,
1,40,True,0.023771,0.0238,none,,,False,,1,0,,,
1,73,True,0.092985,0.093,none,,,False,,1,0,,,
1,12,True,0.339153,0.3392,none,,,False,,1,0,,,
1,33,True,0.071397,0.0714,none,,,False,,1,0,,,
1,70,True,0.435501,0.4355,none,,,False,,1,0,,,
1,60,True,0.346052,0.3461,none,,,False,,1,0,,,
1,2,True,0.17717,0.1772,none,,,False,,1,0,,,
1,72,True,0.025247,0.0252,none,,,False,,1,0,,,
1,39,True,0.286678,0.2867,none,,,False,,1,0,,,
1,30,True,0.255436,0.2554,none,,,False,,1,0,,,
1,82,True,0.048532,0.0485,none,,,False,,1,0,,,
1,25,True,0.396706,0.3967,none,,,False,,1,0,,,
1,65,True,0.219152,0.2192,none,,,False,,1,0,,,
1,94,True,0.058431,0.0584,none,,,False,,1,0,,,
1,26,True,0.056741,0.0567,none,,,False,,1,0,,,
1,17,True,0.046187,0.0462,none,,,False,,1,0,,,
1,95,True,0.164278,0.1643,none,,,False,,1,0,,,
1,43,True,0.11339,0.1134,none,,,False,,1,0,,,
1,54,True,0.083057,0.0831,none,,,False,,1,0,,,
1,86,True,0.463386,0.4634,none,,,False,,1,0,,,
1,78,True,0.072465,0.0725,none,,,False,,1,0,,,
1,53,True,0.119611,0.1196,none,,,False,,1,0,,,
1,22,True,0.11469,0.1147,none,,,False,,1,0,,,
1,83,True,0.075647,0.0756,none,,,False,,1,0,,,
1,91,True,0.184741,0.1847,none,,,False,,1,0,,,
1,16,True,0.200323,0.2003,none,,,False,,1,0,,,
1,0,True,0.616098,0.6161,none,,,False,,1,0,,,
1,21,True,0.312271,0.3123,none,,,False,,1,0,,,
1,34,True,0.356248,0.3562,none,,,False,,1,0,,,
1,58,True,0.075438,0.0754,none,,,False,,1,0,,,
1,93,True,0.238697,0.2387,none,,,False,,1,0,,,
1,32,True,0.046206,0.0462,none,,,False,,1,0,,,
2,19,True,0.394009,0.394,none,,,False,,2,0,,,
2,75,True,0.339638,0.3396,none,,,False,,2,0,,,
2,42,True,0.136196,0.1362,none,,,False,,2,0,,,
2,33,True,0.174159,0.1742,none,,,False,,2,0,,,
2,81,True,0.254094,0.2541,none,,,False,,2,0,,,
2,46,True,0.54608,0.5461,none,,,False,,2,0,,,
2,67,True,0.60402,0.604,none,,,False,,2,0,,,
2,31,True,1.004939,1.0049,none,,,False,,2,0,,,
2,94,True,0.138156,0.1382,none,,,False,,2,0,,,
2,16,True,0.655094,0.6551,none,,,False,,2,0,,,
2,92,True,0.414497,0.4145,none,,,False,,2,0,,,
2,40,True,0.056539,0.0565,none,,,False,,2,0,,,
2,76,True,0.171695,0.1717,none,,,False,,2,0,,,
2,99,True,0.347304,0.3473,none,,,False,,2,0,,,
2,34,True,0.832903,0.8329,none,,,False,,2,0,,,
2,41,True,0.204004,0.204,none,,,False,,2,0,,,
2,60,True,0.631516,0.6315,none,,,False,,2,0,,,
2,27,True,0.629837,0.6298,none,,,False,,2,0,,,
2,51,True,0.435855,0.4359,none,,,False,,2,0,,,
2,21,True,0.334788,0.3348,none,,,False,,2,0,,,
2,30,True,0.491645,0.4916,none,,,False,,2,0,,,
2,11,True,0.561928,0.5619,none,,,False,,2,0,,,
2,22,True,0.288243,0.2882,none,,,False,,2,0,,,
2,95,True,0.552878,0.5529,none,,,False,,2,0,,,
2,35,True,0.479536,0.4795,none,,,False,,2,0,,,
2,84,True,0.38613,0.3861,none,,,False,,2,0,,,
2,48,True,0.263456,0.2635,none,,,False,,2,0,,,
2,5,True,0.896305,0.8963,none,,,False,,2,0,,,
2,89,True,0.138488,0.1385,none,,,False,,2,0,,,
2,54,True,0.23312,0.2331,none,,,False,,2,0,,,
2,24,True,0.701334,0.7013,none,,,False,,2,0,,,
2,26,True,0.161286,0.1613,none,,,False,,2,0,,,
2,62,True,0.423392,0.4234,none,,,False,,2,0,,,
2,7,True,0.416431,0.4164,none,,,False,,2,0,,,
2,86,True,0.5786,0.5786,none,,,False,,2,0,,,
2,2,True,0.489531,0.4895,none,,,False,,2,0,,,
3,54,True,0.261838,0.2618,none,,,False,,3,0,,,
3,84,True,0.320372,0.3204,none,,,False,,3,0,,,
3,61,True,0.600999,0.601,none,,,False,,3,0,,,
3,51,True,0.40839,0.4084,none,,,False,,3,0,,,
3,57,True,0.451209,0.4512,none,,,False,,3,0,,,
3,62,True,0.380293,0.3803,none,,,False,,3,0,,,
3,33,True,0.466171,0.4662,none,,,False,,3,0,,,
3,52,True,0.489835,0.4898,none,,,False,,3,0,,,
3,49,True,0.764081,0.7641,none,,,False,,3,0,,,
3,88,True,0.443013,0.443,none,,,False,,3,0,,,
3,47,True,0.291611,0.2916,none,,,False,,3,0,,,
3,13,True,0.697005,0.697,none,,,False,,3,0,,,
3,5,True,0.979767,0.9798,none,,,False,,3,0,,,
3,53,True,0.970613,0.9706,none,,,False,,3,0,,,
3,75,True,0.493589,0.4936,none,,,False,,3,0,,,
3,72,True,0.258424,0.2584,none,,,False,,3,0,,,
3,76,True,0.33112,0.3311,none,,,False,,3,0,,,
3,45,True,0.353934,0.3539,none,,,False,,3,0,,,
3,77,True,0.432239,0.4322,none,,,False,,3,0,,,
3,63,True,1.018913,1.0189,none,,,False,,3,0,,,
3,32,True,0.421076,0.4211,none,,,False,,3,0,,,
3,69,True,0.356205,0.3562,none,,,False,,3,0,,,
3,86,True,0.458456,0.4585,none,,,False,,3,0,,,
3,41,True,0.415408,0.4154,none,,,False,,3,0,,,
3,97,True,0.377809,0.3778,none,,,False,,3,0,,,
3,99,True,0.994574,0.9946,none,,,False,,3,0,,,
3,68,True,0.412939,0.4129,none,,,False,,3,0,,,
3,81,True,0.407415,0.4074,none,,,False,,3,0,,,
3,83,True,0.41328,0.4133,none,,,False,,3,0,,,
3,36,True,0.433697,0.4337,none,,,False,,3,0,,,
3,20,True,0.131887,0.1319,none,,,False,,3,0,,,
3,90,True,0.438051,0.4381,none,,,False,,3,0,,,
3,94,True,0.611861,0.6119,none,,,False,,3,0,,,
3,73,True,0.615057,0.6151,none,,,False,,3,0,,,
3,48,True,0.342191,0.3422,none,,,False,,3,0,,,
3,82,True,0.388517,0.3885,none,,,False,,3,0,,,
4,23,True,0.242677,0.2427,none,,,False,,4,0,,,
4,62,True,0.336551,0.3366,none,,,False,,4,0,,,
4,17,True,0.446245,0.4462,none,,,False,,4,0,,,
4,26,True,0.161841,0.1618,none,,,False,,4,0,,,
4,64,True,0.486342,0.4863,none,,,False,,4,0,,,
4,21,True,0.43732,0.4373,none,,,False,,4,0,,,
4,96,True,0.555905,0.5559,none,,,False,,4,0,,,
4,91,True,0.482061,0.4821,none,,,False,,4,0,,,
4,85,True,0.288091,0.2881,none,,,False,,4,0,,,
4,67,True,0.64737,0.6474,none,,,False,,4,0,,,
4,75,True,0.501032,0.501,none,,,False,,4,0,,,
4,14,True,0.183472,0.1835,none,,,False,,4,0,,,
4,54,True,0.229286,0.2293,none,,,False,,4,0,,,
4,65,True,0.788508,0.7885,none,,,False,,4,0,,,
4,34,True,0.595464,0.5955,none,,,False,,4,0,,,
4,66,True,0.671251,0.6713,none,,,False,,4,0,,,
4,47,True,0.317161,0.3172,none,,,False,,4,0,,,
4,56,True,0.35587,0.3559,none,,,False,,4,0,,,
4,53,True,0.309957,0.31,none,,,False,,4,0,,,
4,43,True,0.794626,0.7946,none,,,False,,4,0,,,
4,16,True,0.902738,0.9027,none,,,False,,4,0,,,
4,8,True,0.680286,0.6803,none,,,False,,4,0,,,
4,63,True,0.976923,0.9769,none,,,False,,4,0,,,
4,87,True,0.29079,0.2908,none,,,False,,4,0,,,
4,98,True,0.383549,0.3835,none,,,False,,4,0,,,
4,86,True,0.424565,0.4246,none,,,False,,4,0,,,
4,38,True,0.942264,0.9423,none,,,False,,4,0,,,
4,4,True,0.346535,0.3465,none,,,False,,4,0,,,
4,51,True,0.430753,0.4308,none,,,False,,4,0,,,
4,12,True,0.762513,0.7625,none,,,False,,4,0,,,
4,22,True,0.515315,0.5153,none,,,False,,4,0,,,
4,93,True,0.732825,0.7328,none,,,False,,4,0,,,
4,35,True,0.423399,0.4234,none,,,False,,4,0,,,
4,74,True,0.69006,0.6901,none,,,False,,4,0,,,
4,50,True,0.297611,0.2976,none,,,False,,4,0,,,
4,84,True,0.284136,0.2841,none,,,False,,4,0,,,
5,77,True,0.441554,0.4416,none,,,False,,5,0,,,
5,83,True,0.338518,0.3385,none,,,False,,5,0,,,
5,81,True,0.507802,0.5078,none,,,False,,5,0,,,
5,33,True,0.403326,0.4033,none,,,False,,5,0,,,
5,50,True,0.494207,0.4942,none,,,False,,5,0,,,
5,69,True,0.313942,0.3139,none,,,False,,5,0,,,
5,92,True,0.462453,0.4625,none,,,False,,5,0,,,
5,11,True,0.365333,0.3653,none,,,False,,5,0,,,
5,62,True,0.385183,0.3852,none,,,False,,5,0,,,
5,61,True,0.604286,0.6043,none,,,False,,5,0,,,
5,78,True,0.272079,0.2721,none,,,False,,5,0,,,
5,44,True,0.446658,0.4467,none,,,False,,5,0,,,
5,58,True,0.522497,0.5225,none,,,False,,5,0,,,
5,23,True,0.34042,0.3404,none,,,False,,5,0,,,
5,87,True,0.343719,0.3437,none,,,False,,5,0,,,
5,2,True,0.402844,0.4028,none,,,False,,5,0,,,
5,60,True,0.492187,0.4922,none,,,False,,5,0,,,
5,82,True,0.396017,0.396,none,,,False,,5,0,,,
5,8,True,0.535472,0.5355,none,,,False,,5,0,,,
5,75,True,0.494012,0.494,none,,,False,,5,0,,,
5,70,True,0.771153,0.7712,none,,,False,,5,0,,,
5,54,True,0.251519,0.2515,none,,,False,,5,0,,,
5,43,True,0.760877,0.7609,none,,,False,,5,0,,,
5,88,True,0.533855,0.5339,none,,,False,,5,0,,,
5,14,True,0.177319,0.1773,none,,,False,,5,0,,,
5,63,True,0.91525,0.9153,none,,,False,,5,0,,,
5,68,True,0.673545,0.6735,none,,,False,,5,0,,,
5,4,True,0.497939,0.4979,none,,,False,,5,0,,,
5,97,True,0.474392,0.4744,none,,,False,,5,0,,,
5,9,True,0.763598,0.7636,none,,,False,,5,0,,,
5,94,True,0.662914,0.6629,none,,,False,,5,0,,,
5,67,True,0.778365,0.7784,none,,,False,,5,0,,,
5,96,True,0.60014,0.6001,none,,,False,,5,0,,,
5,16,True,0.676516,0.6765,none,,,False,,5,0,,,
5,93,True,0.947641,0.9476,none,,,False,,5,0,,,
5,66,True,0.569708,0.5697,none,,,False,,5,0,,,
6,73,True,0.364396,0.3644,none,,,False,,6,0,,,
6,36,True,0.372435,0.3724,none,,,False,,6,0,,,
6,77,True,0.496472,0.4965,none,,,False,,6,0,,,
6,0,True,0.864227,0.8642,none,,,False,,6,0,,,
6,76,True,0.308256,0.3083,none,,,False,,6,0,,,
6,84,True,0.390825,0.3908,none,,,False,,6,0,,,
6,57,True,0.540832,0.5408,none,,,False,,6,0,,,
6,95,True,0.436009,0.436,none,,,False,,6,0,,,
6,58,True,0.468236,0.4682,none,,,False,,6,0,,,
6,32,True,0.486663,0.4867,none,,,False,,6,0,,,
6,9,True,0.909123,0.9091,none,,,False,,6,0,,,
6,26,True,0.22221,0.2222,none,,,False,,6,0,,,
6,83,True,0.290878,0.2909,none,,,False,,6,0,,,
6,12,True,0.494135,0.4941,none,,,False,,6,0,,,
6,54,True,0.226891,0.2269,none,,,False,,6,0,,,
6,85,True,0.352494,0.3525,none,,,False,,6,0,,,
6,70,True,0.679056,0.6791,none,,,False,,6,0,,,
6,92,True,0.542879,0.5429,none,,,False,,6,0,,,
6,35,True,0.453579,0.4536,none,,,False,,6,0,,,
6,4,True,0.420716,0.4207,none,,,False,,6,0,,,
6,37,True,0.432097,0.4321,none,,,False,,6,0,,,
6,46,True,0.744783,0.7448,none,,,False,,6,0,,,
6,31,True,1.04342,1.0434,none,,,False,,6,0,,,
6,75,True,0.452507,0.4525,none,,,False,,6,0,,,
6,29,True,0.311926,0.3119,none,,,False,,6,0,,,
6,33,True,0.341203,0.3412,none,,,False,,6,0,,,
6,17,True,0.444327,0.4443,none,,,False,,6,0,,,
6,87,True,0.351863,0.3519,none,,,False,,6,0,,,
6,88,True,0.493205,0.4932,none,,,False,,6,0,,,
6,53,True,0.888354,0.8884,none,,,False,,6,0,,,
6,86,True,0.537543,0.5375,none,,,False,,6,0,,,
6,47,True,0.276948,0.2769,none,,,False,,6,0,,,
6,30,True,0.804775,0.8048,none,,,False,,6,0,,,
6,72,True,0.310149,0.3101,none,,,False,,6,0,,,
6,1,True,0.68857,0.6886,none,,,False,,6,0,,,
6,99,True,0.650741,0.6507,none,,,False,,6,0,,,
7,30,True,0.669815,0.6698,none,,,False,,7,0,,,
7,98,True,0.443155,0.4432,none,,,False,,7,0,,,
7,68,True,0.614807,0.6148,none,,,False,,7,0,,,
7,89,True,0.496357,0.4964,none,,,False,,7,0,,,
7,40,True,0.296679,0.2967,none,,,False,,7,0,,,
7,19,True,0.642483,0.6425,none,,,False,,7,0,,,
7,17,True,0.416901,0.4169,none,,,False,,7,0,,,
7,77,True,0.393877,0.3939,none,,,False,,7,0,,,
7,93,True,0.87007,0.8701,none,,,False,,7,0,,,
7,67,True,0.801837,0.8018,none,,,False,,7,0,,,
7,8,True,0.076025,0.076,none,,,False,,7,0,,,
7,2,True,0.518836,0.5188,none,,,False,,7,0,,,
7,23,True,0.301314,0.3013,none,,,False,,7,0,,,
7,36,True,0.366259,0.3663,none,,,False,,7,0,,,
7,55,True,0.366196,0.3662,none,,,False,,7,0,,,
7,28,True,0.300254,0.3003,none,,,False,,7,0,,,
7,7,True,0.73325,0.7332,none,,,False,,7,0,,,
7,20,True,0.156521,0.1565,none,,,False,,7,0,,,
7,5,True,1.167455,1.1675,none,,,False,,7,0,,,
7,46,True,0.63392,0.6339,none,,,False,,7,0,,,
7,0,True,0.740642,0.7406,none,,,False,,7,0,,,
7,10,True,1.50764,1.5076,none,,,False,,7,0,,,
7,11,True,0.713739,0.7137,none,,,False,,7,0,,,
7,85,True,0.3144,0.3144,none,,,False,,7,0,,,
7,64,True,0.533213,0.5332,none,,,False,,7,0,,,
7,78,True,0.187983,0.188,none,,,False,,7,0,,,
7,92,True,0.622918,0.6229,none,,,False,,7,0,,,
7,32,True,0.480148,0.4801,none,,,False,,7,0,,,
7,47,True,0.277938,0.2779,none,,,False,,7,0,,,
7,45,True,0.254968,0.255,none,,,False,,7,0,,,
7,70,True,0.896762,0.8968,none,,,False,,7,0,,,
7,9,True,0.659974,0.66,none,,,False,,7,0,,,
7,29,True,0.348934,0.3489,none,,,False,,7,0,,,
7,66,True,0.505305,0.5053,none,,,False,,7,0,,,
7,74,True,0.711038,0.711,none,,,False,,7,0,,,
7,12,True,0.763958,0.764,none,,,False,,7,0,,,
8,3,True,0.983803,0.9838,none,,,False,,8,0,,,
8,94,True,0.725292,0.7253,none,,,False,,8,0,,,
8,37,True,0.438133,0.4381,none,,,False,,8,0,,,
8,65,True,0.738396,0.7384,none,,,False,,8,0,,,
8,55,True,0.31359,0.3136,none,,,False,,8,0,,,
8,90,True,0.526093,0.5261,none,,,False,,8,0,,,
8,67,True,0.557102,0.5571,none,,,False,,8,0,,,
8,47,True,0.352371,0.3524,none,,,False,,8,0,,,
8,85,True,0.356205,0.3562,none,,,False,,8,0,,,
8,74,True,0.589179,0.5892,none,,,False,,8,0,,,
8,51,True,0.457091,0.4571,none,,,False,,8,0,,,
8,42,True,0.459316,0.4593,none,,,False,,8,0,,,
8,5,True,1.054289,1.0543,none,,,False,,8,0,,,
8,4,True,0.450581,0.4506,none,,,False,,8,0,,,
8,95,True,0.775768,0.7758,none,,,False,,8,0,,,
8,82,True,0.427845,0.4278,none,,,False,,8,0,,,
8,30,True,0.623762,0.6238,none,,,False,,8,0,,,
8,20,True,0.178209,0.1782,none,,,False,,8,0,,,
8,21,True,0.289104,0.2891,none,,,False,,8,0,,,
8,23,True,0.339966,0.34,none,,,False,,8,0,,,
8,29,True,0.342917,0.3429,none,,,False,,8,0,,,
8,84,True,0.359163,0.3592,none,,,False,,8,0,,,
8,33,True,0.606311,0.6063,none,,,False,,8,0,,,
8,53,True,0.412419,0.4124,none,,,False,,8,0,,,
8,18,True,0.501655,0.5017,none,,,False,,8,0,,,
8,81,True,0.540535,0.5405,none,,,False,,8,0,,,
8,89,True,0.493115,0.4931,none,,,False,,8,0,,,
8,77,True,0.390099,0.3901,none,,,False,,8,0,,,
8,38,True,0.99899,0.999,none,,,False,,8,0,,,
8,16,True,0.917709,0.9177,none,,,False,,8,0,,,
8,64,True,0.548537,0.5485,none,,,False,,8,0,,,
8,15,True,0.71822,0.7182,none,,,False,,8,0,,,
8,99,True,1.112573,1.1126,none,,,False,,8,0,,,
8,24,True,0.732612,0.7326,none,,,False,,8,0,,,
8,92,True,0.650423,0.6504,none,,,False,,8,0,,,
8,36,True,0.371767,0.3718,none,,,False,,8,0,,,
9,8,True,0.668798,0.6688,none,,,False,,9,0,,,
9,72,True,0.355882,0.3559,none,,,False,,9,0,,,
9,2,True,0.553374,0.5534,none,,,False,,9,0,,,
9,64,True,0.68976,0.6898,none,,,False,,9,0,,,
9,17,True,0.497164,0.4972,none,,,False,,9,0,,,
9,24,True,0.506306,0.5063,none,,,False,,9,0,,,
9,22,True,0.390485,0.3905,none,,,False,,9,0,,,
9,52,True,0.396358,0.3964,none,,,False,,9,0,,,
9,69,True,0.493497,0.4935,none,,,False,,9,0,,,
9,83,True,0.344462,0.3445,none,,,False,,9,0,,,
9,37,True,0.561524,0.5615,none,,,False,,9,0,,,
9,96,True,0.581131,0.5811,none,,,False,,9,0,,,
9,88,True,0.348513,0.3485,none,,,False,,9,0,,,
9,30,True,0.473232,0.4732,none,,,False,,9,0,,,
9,56,True,0.180634,0.1806,none,,,False,,9,0,,,
9,38,True,0.824864,0.8249,none,,,False,,9,0,,,
9,3,True,0.935302,0.9353,none,,,False,,9,0,,,
9,46,True,0.69878,0.6988,none,,,False,,9,0,,,
9,70,True,0.687065,0.6871,none,,,False,,9,0,,,
9,5,True,0.841646,0.8416,none,,,False,,9,0,,,
9,45,True,0.346759,0.3468,none,,,False,,9,0,,,
9,79,True,0.292279,0.2923,none,,,False,,9,0,,,
9,25,True,0.571563,0.5716,none,,,False,,9,0,,,
9,6,True,1.01275,1.0127,none,,,False,,9,0,,,
9,14,True,0.242007,0.242,none,,,False,,9,0,,,
9,44,True,0.48027,0.4803,none,,,False,,9,0,,,
9,67,True,0.57715,0.5772,none,,,False,,9,0,,,
9,4,True,0.509245,0.5092,none,,,False,,9,0,,,
9,87,True,0.326477,0.3265,none,,,False,,9,0,,,
9,43,True,0.738572,0.7386,none,,,False,,9,0,,,
9,26,True,0.145012,0.145,none,,,False,,9,0,,,
9,42,True,0.540816,0.5408,none,,,False,,9,0,,,
9,97,True,0.430941,0.4309,none,,,False,,9,0,,,
9,31,True,0.843415,0.8434,none,,,False,,9,0,,,
9,98,True,0.455357,0.4554,none,,,False,,9,0,,,
9,41,True,0.391557,0.3916,none,,,False,,9,0,,,
10,32,True,0.507185,0.5072,none,,,False,,10,0,,,
10,42,True,0.502528,0.5025,none,,,False,,10,0,,,
10,48,True,0.412123,0.4121,none,,,False,,10,0,,,
10,29,True,0.319393,0.3194,none,,,False,,10,0,,,
10,94,True,0.609231,0.6092,none,,,False,,10,0,,,
10,1,True,0.658655,0.6587,none,,,False,,10,0,,,
10,57,True,0.535512,0.5355,none,,,False,,10,0,,,
10,73,True,0.329217,0.3292,none,,,False,,10,0,,,
10,51,True,0.430547,0.4305,none,,,False,,10,0,,,
10,83,True,0.338593,0.3386,none,,,False,,10,0,,,
10,41,True,0.505254,0.5053,none,,,False,,10,0,,,
10,90,True,0.534225,0.5342,none,,,False,,10,0,,,
10,54,True,0.137912,0.1379,none,,,False,,10,0,,,
10,98,True,0.31811,0.3181,none,,,False,,10,0,,,
10,59,True,1.381652,1.3817,none,,,False,,10,0,,,
10,60,True,0.481337,0.4813,none,,,False,,10,0,,,
10,20,True,0.202873,0.2029,none,,,False,,10,0,,,
10,18,True,0.523078,0.5231,none,,,False,,10,0,,,
10,55,True,0.269471,0.2695,none,,,False,,10,0,,,
10,9,True,0.77061,0.7706,none,,,False,,10,0,,,
10,24,True,0.710462,0.7105,none,,,False,,10,0,,,
10,0,True,0.582555,0.5826,none,,,False,,10,0,,,
10,28,True,0.258523,0.2585,none,,,False,,10,0,,,
10,6,True,0.669912,0.6699,none,,,False,,10,0,,,
10,17,True,0.455602,0.4556,none,,,False,,10,0,,,
10,68,True,0.738233,0.7382,none,,,False,,10,0,,,
10,45,True,0.165713,0.1657,none,,,False,,10,0,,,
10,79,True,0.378623,0.3786,none,,,False,,10,0,,,
10,11,True,0.560839,0.5608,none,,,False,,10,0,,,
10,91,True,0.410643,0.4106,none,,,False,,10,0,,,
10,23,True,0.305549,0.3055,none,,,False,,10,0,,,
10,82,True,0.364585,0.3646,none,,,False,,10,0,,,
10,39,True,0.869083,0.8691,none,,,False,,10,0,,,
10,81,True,0.596482,0.5965,none,,,False,,10,0,,,
10,76,True,0.355846,0.3558,none,,,False,,10,0,,,
10,10,True,1.434753,1.4348,none,,,False,,10,0,,,
11,91,True,0.44275,0.4427,none,,,False,,11,0,,,
11,83,True,0.414427,0.4144,none,,,False,,11,0,,,
11,93,True,0.889414,0.8894,none,,,False,,11,0,,,
11,79,True,0.347759,0.3478,none,,,False,,11,0,,,
11,0,True,0.747297,0.7473,none,,,False,,11,0,,,
11,68,True,0.5971,0.5971,none,,,False,,11,0,,,
11,81,True,0.582752,0.5828,none,,,False,,11,0,,,
11,84,True,0.29585,0.2959,none,,,False,,11,0,,,
11,63,True,0.799191,0.7992,none,,,False,,11,0,,,
11,26,True,0.377275,0.3773,none,,,False,,11,0,,,
11,14,True,0.176319,0.1763,none,,,False,,11,0,,,
11,78,True,0.230118,0.2301,none,,,False,,11,0,,,
11,29,True,0.372918,0.3729,none,,,False,,11,0,,,
11,32,True,0.579297,0.5793,none,,,False,,11,0,,,
11,40,True,0.306009,0.306,none,,,False,,11,0,,,
11,76,True,0.354129,0.3541,none,,,False,,11,0,,,
11,50,True,0.61263,0.6126,none,,,False,,11,0,,,
11,51,True,0.350823,0.3508,none,,,False,,11,0,,,
11,94,True,0.753037,0.753,none,,,False,,11,0,,,
11,3,True,1.033007,1.033,none,,,False,,11,0,,,
11,57,True,0.339105,0.3391,none,,,False,,11,0,,,
11,12,True,1.170288,1.1703,none,,,False,,11,0,,,
11,28,True,0.276809,0.2768,none,,,False,,11,0,,,
11,18,True,0.426378,0.4264,none,,,False,,11,0,,,
11,25,True,0.552146,0.5521,none,,,False,,11,0,,,
11,70,True,0.846524,0.8465,none,,,False,,11,0,,,
11,92,True,0.57063,0.5706,none,,,False,,11,0,,,
11,99,True,1.172388,1.1724,none,,,False,,11,0,,,
11,59,True,1.202201,1.2022,none,,,False,,11,0,,,
11,65,True,0.721035,0.721,none,,,False,,11,0,,,
11,53,True,0.279302,0.2793,none,,,False,,11,0,,,
11,6,True,0.352103,0.3521,none,,,False,,11,0,,,
11,71,True,0.592813,0.5928,none,,,False,,11,0,,,
11,10,True,1.273289,1.2733,none,,,False,,11,0,,,
11,74,True,0.647181,0.6472,none,,,False,,11,0,,,
11,15,True,0.944636,0.9446,none,,,False,,11,0,,,
12,79,True,0.337706,0.3377,none,,,False,,12,0,,,
12,22,True,0.382373,0.3824,none,,,False,,12,0,,,
12,80,True,0.600321,0.6003,none,,,False,,12,0,,,
12,65,True,0.690714,0.6907,none,,,False,,12,0,,,
12,91,True,0.451711,0.4517,none,,,False,,12,0,,,
12,76,True,0.438074,0.4381,none,,,False,,12,0,,,
12,19,True,0.724081,0.7241,none,,,False,,12,0,,,
12,20,True,0.200519,0.2005,none,,,False,,12,0,,,
12,67,True,0.818796,0.8188,none,,,False,,12,0,,,
12,31,True,1.104887,1.1049,none,,,False,,12,0,,,
12,73,True,0.445681,0.4457,none,,,False,,12,0,,,
12,95,True,0.577063,0.5771,none,,,False,,12,0,,,
12,70,True,0.820284,0.8203,none,,,False,,12,0,,,
12,87,True,0.338363,0.3384,none,,,False,,12,0,,,
12,89,True,0.612113,0.6121,none,,,False,,12,0,,,
12,81,True,0.630194,0.6302,none,,,False,,12,0,,,
12,61,True,0.461843,0.4618,none,,,False,,12,0,,,
12,44,True,0.504116,0.5041,none,,,False,,12,0,,,
12,60,True,0.498649,0.4986,none,,,False,,12,0,,,
12,88,True,0.495284,0.4953,none,,,False,,12,0,,,
12,29,True,0.325792,0.3258,none,,,False,,12,0,,,
12,82,True,0.354879,0.3549,none,,,False,,12,0,,,
12,18,True,0.495412,0.4954,none,,,False,,12,0,,,
12,84,True,0.294498,0.2945,none,,,False,,12,0,,,
12,71,True,0.636486,0.6365,none,,,False,,12,0,,,
12,35,True,0.41572,0.4157,none,,,False,,12,0,,,
12,17,True,0.444426,0.4444,none,,,False,,12,0,,,
12,78,True,0.258667,0.2587,none,,,False,,12,0,,,
12,15,True,0.703922,0.7039,none,,,False,,12,0,,,
12,48,True,0.400693,0.4007,none,,,False,,12,0,,,
12,49,True,0.648445,0.6484,none,,,False,,12,0,,,
12,50,True,0.463415,0.4634,none,,,False,,12,0,,,
12,64,True,0.537814,0.5378,none,,,False,,12,0,,,
12,1,True,0.734859,0.7349,none,,,False,,12,0,,,
12,3,True,0.806242,0.8062,none,,,False,,12,0,,,
12,99,True,1.04633,1.0463,none,,,False,,12,0,,,
13,66,True,0.645731,0.6457,none,,,False,,13,0,,,
13,76,True,0.373052,0.3731,none,,,False,,13,0,,,
13,70,True,0.622567,0.6226,none,,,False,,13,0,,,
13,38,True,0.859482,0.8595,none,,,False,,13,0,,,
13,40,True,0.330684,0.3307,none,,,False,,13,0,,,
13,84,True,0.345217,0.3452,none,,,False,,13,0,,,
13,36,True,0.317819,0.3178,none,,,False,,13,0,,,
13,0,True,0.681781,0.6818,none,,,False,,13,0,,,
13,41,True,0.486485,0.4865,none,,,False,,13,0,,,
13,45,True,0.275228,0.2752,none,,,False,,13,0,,,
13,68,True,0.71981,0.7198,none,,,False,,13,0,,,
13,31,True,0.867983,0.868,none,,,False,,13,0,,,
13,17,True,0.474338,0.4743,none,,,False,,13,0,,,
13,29,True,0.302037,0.302,none,,,False,,13,0,,,
13,63,True,0.974091,0.9741,none,,,False,,13,0,,,
13,47,True,0.294903,0.2949,none,,,False,,13,0,,,
13,60,True,0.611675,0.6117,none,,,False,,13,0,,,
13,23,True,0.30715,0.3071,none,,,False,,13,0,,,
13,80,True,0.670451,0.6705,none,,,False,,13,0,,,
13,50,True,0.368522,0.3685,none,,,False,,13,0,,,
13,79,True,0.340346,0.3403,none,,,False,,13,0,,,
13,3,True,0.834068,0.8341,none,,,False,,13,0,,,
13,14,True,0.140023,0.14,none,,,False,,13,0,,,
13,39,True,0.799957,0.8,none,,,False,,13,0,,,
13,61,True,0.339816,0.3398,none,,,False,,13,0,,,
13,46,True,0.731572,0.7316,none,,,False,,13,0,,,
13,78,True,0.259218,0.2592,none,,,False,,13,0,,,
13,9,True,0.831852,0.8319,none,,,False,,13,0,,,
13,54,True,0.227315,0.2273,none,,,False,,13,0,,,
13,86,True,0.420889,0.4209,none,,,False,,13,0,,,
13,57,True,0.493263,0.4933,none,,,False,,13,0,,,
13,69,True,0.451151,0.4512,none,,,False,,13,0,,,
13,20,True,0.189875,0.1899,none,,,False,,13,0,,,
13,90,True,0.542878,0.5429,none,,,False,,13,0,,,
13,72,True,0.35386,0.3539,none,,,False,,13,0,,,
13,94,True,0.711733,0.7117,none,,,False,,13,0,,,
14,90,True,0.5002,0.5002,none,,,False,,14,0,,,
14,80,True,0.590147,0.5901,none,,,False,,14,0,,,
14,18,True,0.56009,0.5601,none,,,False,,14,0,,,
14,65,True,0.652052,0.6521,none,,,False,,14,0,,,
14,1,True,0.659126,0.6591,none,,,False,,14,0,,,
14,31,True,1.189297,1.1893,none,,,False,,14,0,,,
14,79,True,0.444478,0.4445,none,,,False,,14,0,,,
14,28,True,0.345895,0.3459,none,,,False,,14,0,,,
14,73,True,0.506727,0.5067,none,,,False,,14,0,,,
14,17,True,0.430561,0.4306,none,,,False,,14,0,,,
14,34,True,0.720777,0.7208,none,,,False,,14,0,,,
14,86,True,0.702081,0.7021,none,,,False,,14,0,,,
14,4,True,0.380175,0.3802,none,,,False,,14,0,,,
14,9,True,0.785115,0.7851,none,,,False,,14,0,,,
14,49,True,0.83208,0.8321,none,,,False,,14,0,,,
14,11,True,0.608552,0.6086,none,,,False,,14,0,,,
14,30,True,0.837304,0.8373,none,,,False,,14,0,,,
14,13,True,0.520205,0.5202,none,,,False,,14,0,,,
14,2,True,0.574289,0.5743,none,,,False,,14,0,,,
14,56,True,0.317515,0.3175,none,,,False,,14,0,,,
14,74,True,0.737443,0.7374,none,,,False,,14,0,,,
14,8,True,0.55722,0.5572,none,,,False,,14,0,,,
14,45,True,0.278376,0.2784,none,,,False,,14,0,,,
14,41,True,0.487749,0.4877,none,,,False,,14,0,,,
14,26,True,0.139196,0.1392,none,,,False,,14,0,,,
14,43,True,0.803827,0.8038,none,,,False,,14,0,,,
14,81,True,0.80229,0.8023,none,,,False,,14,0,,,
14,5,True,0.823062,0.8231,none,,,False,,14,0,,,
14,92,True,0.634884,0.6349,none,,,False,,14,0,,,
14,52,True,0.574852,0.5749,none,,,False,,14,0,,,
14,46,True,0.702605,0.7026,none,,,False,,14,0,,,
14,25,True,0.432885,0.4329,none,,,False,,14,0,,,
14,47,True,0.342735,0.3427,none,,,False,,14,0,,,
14,24,True,0.754494,0.7545,none,,,False,,14,0,,,
14,6,True,0.799689,0.7997,none,,,False,,14,0,,,
14,23,True,0.313826,0.3138,none,,,False,,14,0,,,
15,97,True,0.445893,0.4459,none,,,False,,15,0,,,
15,26,True,-0.03846,-0.0385,none,,,False,,15,0,,,
15,77,True,0.421755,0.4218,none,,,False,,15,0,,,
15,22,True,0.429062,0.4291,none,,,False,,15,0,,,
15,29,True,0.350516,0.3505,none,,,False,,15,0,,,
15,10,True,1.618691,1.6187,none,,,False,,15,0,,,
15,37,True,0.376877,0.3769,none,,,False,,15,0,,,
15,88,True,0.363651,0.3637,none,,,False,,15,0,,,
15,68,True,0.538869,0.5389,none,,,False,,15,0,,,
15,87,True,0.305716,0.3057,none,,,False,,15,0,,,
15,19,True,0.667544,0.6675,none,,,False,,15,0,,,
15,11,True,0.613226,0.6132,none,,,False,,15,0,,,
15,80,True,0.621275,0.6213,none,,,False,,15,0,,,
15,81,True,0.481787,0.4818,none,,,False,,15,0,,,
15,67,True,0.335489,0.3355,none,,,False,,15,0,,,
15,90,True,0.465191,0.4652,none,,,False,,15,0,,,
15,14,True,0.249586,0.2496,none,,,False,,15,0,,,
15,34,True,1.01794,1.0179,none,,,False,,15,0,,,
15,53,True,0.691074,0.6911,none,,,False,,15,0,,,
15,45,True,0.327275,0.3273,none,,,False,,15,0,,,
15,79,True,0.376942,0.3769,none,,,False,,15,0,,,
15,17,True,0.453753,0.4538,none,,,False,,15,0,,,
15,25,True,0.455658,0.4557,none,,,False,,15,0,,,
15,52,True,0.427051,0.4271,none,,,False,,15,0,,,
15,12,True,0.955205,0.9552,none,,,False,,15,0,,,
15,35,True,0.575358,0.5754,none,,,False,,15,0,,,
15,50,True,0.480313,0.4803,none,,,False,,15,0,,,
15,23,True,0.309936,0.3099,none,,,False,,15,0,,,
15,69,True,0.535588,0.5356,none,,,False,,15,0,,,
15,38,True,1.045657,1.0457,none,,,False,,15,0,,,
15,61,True,0.483503,0.4835,none,,,False,,15,0,,,
15,71,True,0.701174,0.7012,none,,,False,,15,0,,,
15,57,True,0.651523,0.6515,none,,,False,,15,0,,,
15,74,True,0.623127,0.6231,none,,,False,,15,0,,,
15,36,True,0.410474,0.4105,none,,,False,,15,0,,,
15,13,True,0.75775,0.7578,none,,,False,,15,0,,,
16,55,True,0.096866,0.0969,none,,,False,,16,0,,,
16,13,True,0.45951,0.4595,none,,,False,,16,0,,,
16,0,True,0.613572,0.6136,none,,,False,,16,0,,,
16,12,True,0.851496,0.8515,none,,,False,,16,0,,,
16,74,True,0.582217,0.5822,none,,,False,,16,0,,,
16,8,True,0.58354,0.5835,none,,,False,,16,0,,,
16,18,True,0.561613,0.5616,none,,,False,,16,0,,,
16,36,True,0.404699,0.4047,none,,,False,,16,0,,,
16,32,True,0.572704,0.5727,none,,,False,,16,0,,,
16,17,True,0.41383,0.4138,none,,,False,,16,0,,,
16,33,True,0.438712,0.4387,none,,,False,,16,0,,,
16,20,True,0.173126,0.1731,none,,,False,,16,0,,,
16,57,True,0.345035,0.345,none,,,False,,16,0,,,
16,90,True,0.507227,0.5072,none,,,False,,16,0,,,
16,92,True,0.672988,0.673,none,,,False,,16,0,,,
16,98,True,0.430432,0.4304,none,,,False,,16,0,,,
16,79,True,0.35115,0.3511,none,,,False,,16,0,,,
16,70,True,0.940763,0.9408,none,,,False,,16,0,,,
16,6,True,0.854091,0.8541,none,,,False,,16,0,,,
16,28,True,0.330832,0.3308,none,,,False,,16,0,,,
16,7,True,0.652387,0.6524,none,,,False,,16,0,,,
16,34,True,0.63003,0.63,none,,,False,,16,0,,,
16,23,True,0.375799,0.3758,none,,,False,,16,0,,,
16,68,True,0.741241,0.7412,none,,,False,,16,0,,,
16,85,True,0.288748,0.2887,none,,,False,,16,0,,,
16,78,True,0.214564,0.2146,none,,,False,,16,0,,,
16,80,True,0.608872,0.6089,none,,,False,,16,0,,,
16,89,True,0.576154,0.5762,none,,,False,,16,0,,,
16,69,True,0.335101,0.3351,none,,,False,,16,0,,,
16,45,True,0.44034,0.4403,none,,,False,,16,0,,,
16,73,True,0.376573,0.3766,none,,,False,,16,0,,,
16,9,True,0.843371,0.8434,none,,,False,,16,0,,,
16,96,True,0.715557,0.7156,none,,,False,,16,0,,,
16,51,True,0.508722,0.5087,none,,,False,,16,0,,,
16,71,True,0.511642,0.5116,none,,,False,,16,0,,,
16,64,True,0.631418,0.6314,none,,,False,,16,0,,,
17,58,True,0.431016,0.431,none,,,False,,17,0,,,
17,90,True,0.614788,0.6148,none,,,False,,17,0,,,
17,74,True,0.752882,0.7529,none,,,False,,17,0,,,
17,13,True,0.463551,0.4636,none,,,False,,17,0,,,
17,79,True,0.405826,0.4058,none,,,False,,17,0,,,
17,21,True,0.447849,0.4478,none,,,False,,17,0,,,
17,7,True,0.689281,0.6893,none,,,False,,17,0,,,
17,95,True,0.524897,0.5249,none,,,False,,17,0,,,
17,16,True,0.600643,0.6006,none,,,False,,17,0,,,
17,1,True,0.76092,0.7609,none,,,False,,17,0,,,
17,12,True,0.732321,0.7323,none,,,False,,17,0,,,
17,97,True,0.516823,0.5168,none,,,False,,17,0,,,
17,52,True,0.274892,0.2749,none,,,False,,17,0,,,
17,59,True,1.342868,1.3429,none,,,False,,17,0,,,
17,42,True,0.511959,0.512,none,,,False,,17,0,,,
17,43,True,0.901041,0.901,none,,,False,,17,0,,,
17,91,True,0.318386,0.3184,none,,,False,,17,0,,,
17,54,True,0.226304,0.2263,none,,,False,,17,0,,,
17,8,True,0.504178,0.5042,none,,,False,,17,0,,,
17,9,True,0.769438,0.7694,none,,,False,,17,0,,,
17,45,True,0.329859,0.3299,none,,,False,,17,0,,,
17,32,True,0.4864,0.4864,none,,,False,,17,0,,,
17,39,True,0.673064,0.6731,none,,,False,,17,0,,,
17,19,True,0.626685,0.6267,none,,,False,,17,0,,,
17,68,True,0.790281,0.7903,none,,,False,,17,0,,,
17,34,True,0.879528,0.8795,none,,,False,,17,0,,,
17,72,True,0.419445,0.4194,none,,,False,,17,0,,,
17,71,True,0.647864,0.6479,none,,,False,,17,0,,,
17,26,True,0.175488,0.1755,none,,,False,,17,0,,,
17,65,True,0.849815,0.8498,none,,,False,,17,0,,,
17,63,True,0.918683,0.9187,none,,,False,,17,0,,,
17,36,True,0.348467,0.3485,none,,,False,,17,0,,,
17,48,True,0.299521,0.2995,none,,,False,,17,0,,,
17,64,True,0.448532,0.4485,none,,,False,,17,0,,,
17,49,True,0.61895,0.6189,none,,,False,,17,0,,,
17,37,True,0.484318,0.4843,none,,,False,,17,0,,,
18,54,True,0.40499,0.405,none,,,False,,18,0,,,
18,46,True,0.64674,0.6467,none,,,False,,18,0,,,
18,65,True,0.944291,0.9443,none,,,False,,18,0,,,
18,29,True,0.422733,0.4227,none,,,False,,18,0,,,
18,20,True,0.184867,0.1849,none,,,False,,18,0,,,
18,22,True,0.447801,0.4478,none,,,False,,18,0,,,
18,94,True,0.744882,0.7449,none,,,False,,18,0,,,
18,10,True,1.163189,1.1632,none,,,False,,18,0,,,
18,24,True,0.539016,0.539,none,,,False,,18,0,,,
18,32,True,0.57028,0.5703,none,,,False,,18,0,,,
18,38,True,1.184584,1.1846,none,,,False,,18,0,,,
18,52,True,0.512039,0.512,none,,,False,,18,0,,,
18,69,True,0.315249,0.3152,none,,,False,,18,0,,,
18,14,True,0.285457,0.2855,none,,,False,,18,0,,,
18,3,True,1.099615,1.0996,none,,,False,,18,0,,,
18,70,True,0.951037,0.951,none,,,False,,18,0,,,
18,60,True,0.582313,0.5823,none,,,False,,18,0,,,
18,61,True,0.49025,0.4902,none,,,False,,18,0,,,
18,98,True,0.368129,0.3681,none,,,False,,18,0,,,
18,33,True,0.608987,0.609,none,,,False,,18,0,,,
18,76,True,0.376875,0.3769,none,,,False,,18,0,,,
18,18,True,0.629777,0.6298,none,,,False,,18,0,,,
18,87,True,0.333813,0.3338,none,,,False,,18,0,,,
18,62,True,0.605143,0.6051,none,,,False,,18,0,,,
18,82,True,0.443869,0.4439,none,,,False,,18,0,,,
18,93,True,0.997918,0.9979,none,,,False,,18,0,,,
18,86,True,0.400769,0.4008,none,,,False,,18,0,,,
18,30,True,0.749338,0.7493,none,,,False,,18,0,,,
18,83,True,0.373263,0.3733,none,,,False,,18,0,,,
18,28,True,0.124698,0.1247,none,,,False,,18,0,,,
18,58,True,0.659663,0.6597,none,,,False,,18,0,,,
18,31,True,0.90226,0.9023,none,,,False,,18,0,,,
18,95,True,0.782589,0.7826,none,,,False,,18,0,,,
18,96,True,0.911116,0.9111,none,,,False,,18,0,,,
18,27,True,0.777872,0.7779,none,,,False,,18,0,,,
18,78,True,0.146654,0.1467,none,,,False,,18,0,,,
19,19,True,0.686579,0.6866,none,,,False,,19,0,,,
19,80,True,0.652756,0.6528,none,,,False,,19,0,,,
19,45,True,0.290674,0.2907,none,,,False,,19,0,,,
19,85,True,0.354801,0.3548,none,,,False,,19,0,,,
19,69,True,0.479741,0.4797,none,,,False,,19,0,,,
19,51,True,0.306514,0.3065,none,,,False,,19,0,,,
19,44,True,0.442182,0.4422,none,,,False,,19,0,,,
19,74,True,0.743649,0.7436,none,,,False,,19,0,,,
19,61,True,0.322295,0.3223,none,,,False,,19,0,,,
19,94,True,0.603595,0.6036,none,,,False,,19,0,,,
19,42,True,0.511287,0.5113,none,,,False,,19,0,,,
19,36,True,0.36576,0.3658,none,,,False,,19,0,,,
19,53,True,0.947269,0.9473,none,,,False,,19,0,,,
19,29,True,0.2356,0.2356,none,,,False,,19,0,,,
19,2,True,0.466934,0.4669,none,,,False,,19,0,,,
19,9,True,1.03765,1.0376,none,,,False,,19,0,,,
19,59,True,1.399765,1.3998,none,,,False,,19,0,,,
19,20,True,0.18047,0.1805,none,,,False,,19,0,,,
19,4,True,0.482539,0.4825,none,,,False,,19,0,,,
19,26,True,0.270361,0.2704,none,,,False,,19,0,,,
19,48,True,0.344832,0.3448,none,,,False,,19,0,,,
19,11,True,0.595634,0.5956,none,,,False,,19,0,,,
19,16,True,0.544674,0.5447,none,,,False,,19,0,,,
19,25,True,0.627494,0.6275,none,,,False,,19,0,,,
19,60,True,0.642428,0.6424,none,,,False,,19,0,,,
19,83,True,0.310501,0.3105,none,,,False,,19,0,,,
19,6,True,0.91227,0.9123,none,,,False,,19,0,,,
19,32,True,0.388221,0.3882,none,,,False,,19,0,,,
19,99,True,0.897292,0.8973,none,,,False,,19,0,,,
19,75,True,0.537164,0.5372,none,,,False,,19,0,,,
19,5,True,1.076884,1.0769,none,,,False,,19,0,,,
19,24,True,0.466143,0.4661,none,,,False,,19,0,,,
19,65,True,0.578347,0.5783,none,,,False,,19,0,,,
19,86,True,0.623527,0.6235,none,,,False,,19,0,,,
19,33,True,0.274321,0.2743,none,,,False,,19,0,,,
19,40,True,0.298131,0.2981,none,,,False,,19,0,,,
20,18,True,0.495685,0.4957,none,,,False,,20,0,,,
20,79,True,0.356137,0.3561,none,,,False,,20,0,,,
20,45,True,0.405975,0.406,none,,,False,,20,0,,,
20,57,True,0.440296,0.4403,none,,,False,,20,0,,,
20,34,True,0.769626,0.7696,none,,,False,,20,0,,,
20,47,True,0.333004,0.333,none,,,False,,20,0,,,
20,93,True,0.76549,0.7655,none,,,False,,20,0,,,
20,37,True,0.402239,0.4022,none,,,False,,20,0,,,
20,94,True,0.77031,0.7703,none,,,False,,20,0,,,
20,11,True,0.417444,0.4174,none,,,False,,20,0,,,
20,59,True,0.960699,0.9607,none,,,False,,20,0,,,
20,61,True,0.53412,0.5341,none,,,False,,20,0,,,
20,30,True,0.695724,0.6957,none,,,False,,20,0,,,
20,21,True,0.412558,0.4126,none,,,False,,20,0,,,
20,35,True,0.318783,0.3188,none,,,False,,20,0,,,
20,20,True,0.192102,0.1921,none,,,False,,20,0,,,
20,97,True,0.564672,0.5647,none,,,False,,20,0,,,
20,77,True,0.587732,0.5877,none,,,False,,20,0,,,
20,80,True,0.40836,0.4084,none,,,False,,20,0,,,
20,58,True,0.554937,0.5549,none,,,False,,20,0,,,
20,88,True,0.491513,0.4915,none,,,False,,20,0,,,
20,52,True,0.503486,0.5035,none,,,False,,20,0,,,
20,98,True,0.21464,0.2146,none,,,False,,20,0,,,
20,91,True,0.31336,0.3134,none,,,False,,20,0,,,
20,41,True,0.449635,0.4496,none,,,False,,20,0,,,
20,44,True,0.473701,0.4737,none,,,False,,20,0,,,
20,65,True,0.766424,0.7664,none,,,False,,20,0,,,
20,81,True,0.667853,0.6679,none,,,False,,20,0,,,
20,90,True,0.495043,0.495,none,,,False,,20,0,,,
20,83,True,0.336353,0.3364,none,,,False,,20,0,,,
20,95,True,0.723104,0.7231,none,,,False,,20,0,,,
20,33,True,0.461268,0.4613,none,,,False,,20,0,,,
20,82,True,0.40085,0.4009,none,,,False,,20,0,,,
20,29,True,0.363973,0.364,none,,,False,,20,0,,,
20,16,True,0.958785,0.9588,none,,,False,,20,0,,,
20,48,True,0.383383,0.3834,none,,,False,,20,0,,,
21,72,True,0.358552,0.3586,none,,,False,,21,0,,,
21,79,True,0.375754,0.3758,none,,,False,,21,0,,,
21,41,True,0.506639,0.5066,none,,,False,,21,0,,,
21,33,True,0.209619,0.2096,none,,,False,,21,0,,,
21,68,True,0.753146,0.7531,none,,,False,,21,0,,,
21,94,True,0.735877,0.7359,none,,,False,,21,0,,,
21,23,True,0.327195,0.3272,none,,,False,,21,0,,,
21,40,True,0.316174,0.3162,none,,,False,,21,0,,,
21,35,True,0.538518,0.5385,none,,,False,,21,0,,,
21,15,True,0.663702,0.6637,none,,,False,,21,0,,,
21,91,True,0.395322,0.3953,none,,,False,,21,0,,,
21,32,True,0.333085,0.3331,none,,,False,,21,0,,,
21,37,True,0.599601,0.5996,none,,,False,,21,0,,,
21,2,True,0.381021,0.381,none,,,False,,21,0,,,
21,0,True,0.67141,0.6714,none,,,False,,21,0,,,
21,81,True,0.522315,0.5223,none,,,False,,21,0,,,
21,73,True,0.276746,0.2767,none,,,False,,21,0,,,
21,82,True,0.445266,0.4453,none,,,False,,21,0,,,
21,64,True,0.517694,0.5177,none,,,False,,21,0,,,
21,55,True,0.27819,0.2782,none,,,False,,21,0,,,
21,29,True,0.257684,0.2577,none,,,False,,21,0,,,
21,42,True,0.496248,0.4962,none,,,False,,21,0,,,
21,31,True,0.885634,0.8856,none,,,False,,21,0,,,
21,83,True,0.362677,0.3627,none,,,False,,21,0,,,
21,25,True,0.518573,0.5186,none,,,False,,21,0,,,
21,80,True,0.516109,0.5161,none,,,False,,21,0,,,
21,6,True,0.614633,0.6146,none,,,False,,21,0,,,
21,60,True,0.649606,0.6496,none,,,False,,21,0,,,
21,3,True,0.950624,0.9506,none,,,False,,21,0,,,
21,58,True,0.459898,0.4599,none,,,False,,21,0,,,
21,95,True,0.5656,0.5656,none,,,False,,21,0,,,
21,66,True,0.685837,0.6858,none,,,False,,21,0,,,
21,67,True,0.627801,0.6278,none,,,False,,21,0,,,
21,11,True,0.427556,0.4276,none,,,False,,21,0,,,
21,46,True,0.797242,0.7972,none,,,False,,21,0,,,
21,26,True,0.194286,0.1943,none,,,False,,21,0,,,
22,82,True,0.41937,0.4194,none,,,False,,22,0,,,
22,10,True,1.229356,1.2294,none,,,False,,22,0,,,
22,66,True,0.542359,0.5424,none,,,False,,22,0,,,
22,14,True,0.176126,0.1761,none,,,False,,22,0,,,
22,25,True,0.348224,0.3482,none,,,False,,22,0,,,
22,33,True,0.361319,0.3613,none,,,False,,22,0,,,
22,74,True,0.841901,0.8419,none,,,False,,22,0,,,
22,34,True,0.62619,0.6262,none,,,False,,22,0,,,
22,20,True,0.224822,0.2248,none,,,False,,22,0,,,
22,6,True,0.818905,0.8189,none,,,False,,22,0,,,
22,97,True,0.630439,0.6304,none,,,False,,22,0,,,
22,78,True,0.218133,0.2181,none,,,False,,22,0,,,
22,22,True,0.323954,0.324,none,,,False,,22,0,,,
22,76,True,0.483698,0.4837,none,,,False,,22,0,,,
22,21,True,0.474598,0.4746,none,,,False,,22,0,,,
22,17,True,0.392149,0.3921,none,,,False,,22,0,,,
22,16,True,1.072384,1.0724,none,,,False,,22,0,,,
22,80,True,0.499024,0.499,none,,,False,,22,0,,,
22,36,True,0.334255,0.3343,none,,,False,,22,0,,,
22,49,True,0.695939,0.6959,none,,,False,,22,0,,,
22,64,True,0.571916,0.5719,none,,,False,,22,0,,,
22,93,True,0.909527,0.9095,none,,,False,,22,0,,,
22,77,True,0.539044,0.539,none,,,False,,22,0,,,
22,29,True,0.351023,0.351,none,,,False,,22,0,,,
22,84,True,0.460295,0.4603,none,,,False,,22,0,,,
22,53,True,0.429457,0.4295,none,,,False,,22,0,,,
22,65,True,0.618626,0.6186,none,,,False,,22,0,,,
22,30,True,0.643577,0.6436,none,,,False,,22,0,,,
22,47,True,0.223683,0.2237,none,,,False,,22,0,,,
22,55,True,0.183516,0.1835,none,,,False,,22,0,,,
22,39,True,0.8355,0.8355,none,,,False,,22,0,,,
22,68,True,0.648437,0.6484,none,,,False,,22,0,,,
22,43,True,0.777064,0.7771,none,,,False,,22,0,,,
22,50,True,0.427425,0.4274,none,,,False,,22,0,,,
22,28,True,0.292983,0.293,none,,,False,,22,0,,,
22,96,True,0.680606,0.6806,none,,,False,,22,0,,,
23,66,True,0.362071,0.3621,none,,,False,,23,0,,,
23,44,True,0.486765,0.4868,none,,,False,,23,0,,,
23,32,True,0.433253,0.4333,none,,,False,,23,0,,,
23,99,True,1.006892,1.0069,none,,,False,,23,0,,,
23,14,True,0.206982,0.207,none,,,False,,23,0,,,
23,92,True,0.5009,0.5009,none,,,False,,23,0,,,
23,17,True,0.426131,0.4261,none,,,False,,23,0,,,
23,15,True,0.475938,0.4759,none,,,False,,23,0,,,
23,31,True,0.931834,0.9318,none,,,False,,23,0,,,
23,18,True,0.540234,0.5402,none,,,False,,23,0,,,
23,76,True,0.356153,0.3562,none,,,False,,23,0,,,
23,97,True,0.549834,0.5498,none,,,False,,23,0,,,
23,74,True,0.409156,0.4092,none,,,False,,23,0,,,
23,43,True,0.725105,0.7251,none,,,False,,23,0,,,
23,95,True,0.631568,0.6316,none,,,False,,23,0,,,
23,24,True,0.53709,0.5371,none,,,False,,23,0,,,
23,79,True,0.337358,0.3374,none,,,False,,23,0,,,
23,26,True,0.175015,0.175,none,,,False,,23,0,,,
23,80,True,0.569066,0.5691,none,,,False,,23,0,,,
23,65,True,0.736637,0.7366,none,,,False,,23,0,,,
23,82,True,0.469262,0.4693,none,,,False,,23,0,,,
23,10,True,1.109548,1.1095,none,,,False,,23,0,,,
23,1,True,0.64521,0.6452,none,,,False,,23,0,,,
23,22,True,0.281229,0.2812,none,,,False,,23,0,,,
23,89,True,0.300873,0.3009,none,,,False,,23,0,,,
23,12,True,0.836107,0.8361,none,,,False,,23,0,,,
23,40,True,0.364927,0.3649,none,,,False,,23,0,,,
23,72,True,0.339528,0.3395,none,,,False,,23,0,,,
23,39,True,0.602349,0.6023,none,,,False,,23,0,,,
23,47,True,0.313832,0.3138,none,,,False,,23,0,,,
23,58,True,0.503237,0.5032,none,,,False,,23,0,,,
23,64,True,0.5934,0.5934,none,,,False,,23,0,,,
23,57,True,0.490259,0.4903,none,,,False,,23,0,,,
23,46,True,0.736284,0.7363,none,,,False,,23,0,,,
23,5,True,1.053966,1.054,none,,,False,,23,0,,,
23,83,True,0.334413,0.3344,none,,,False,,23,0,,,
24,95,True,0.413471,0.4135,none,,,False,,24,0,,,
24,32,True,0.436754,0.4368,none,,,False,,24,0,,,
24,82,True,0.405237,0.4052,none,,,False,,24,0,,,
24,65,True,0.681935,0.6819,none,,,False,,24,0,,,
24,17,True,0.414677,0.4147,none,,,False,,24,0,,,
24,62,True,0.327651,0.3277,none,,,False,,24,0,,,
24,74,True,0.44347,0.4435,none,,,False,,24,0,,,
24,29,True,0.36587,0.3659,none,,,False,,24,0,,,
24,97,True,0.451415,0.4514,none,,,False,,24,0,,,
24,47,True,0.273687,0.2737,none,,,False,,24,0,,,
24,53,True,0.839606,0.8396,none,,,False,,24,0,,,
24,70,True,0.675978,0.676,none,,,False,,24,0,,,
24,96,True,0.630065,0.6301,none,,,False,,24,0,,,
24,42,True,0.453387,0.4534,none,,,False,,24,0,,,
24,83,True,0.299022,0.299,none,,,False,,24,0,,,
24,86,True,0.386321,0.3863,none,,,False,,24,0,,,
24,79,True,0.332468,0.3325,none,,,False,,24,0,,,
24,34,True,0.549491,0.5495,none,,,False,,24,0,,,
24,71,True,0.573214,0.5732,none,,,False,,24,0,,,
24,78,True,0.216858,0.2169,none,,,False,,24,0,,,
24,26,True,0.170749,0.1707,none,,,False,,24,0,,,
24,21,True,0.287387,0.2874,none,,,False,,24,0,,,
24,13,True,0.646707,0.6467,none,,,False,,24,0,,,
24,31,True,0.795126,0.7951,none,,,False,,24,0,,,
24,11,True,0.550716,0.5507,none,,,False,,24,0,,,
24,89,True,0.604335,0.6043,none,,,False,,24,0,,,
24,20,True,0.190718,0.1907,none,,,False,,24,0,,,
24,67,True,0.374358,0.3744,none,,,False,,24,0,,,
24,19,True,0.603429,0.6034,none,,,False,,24,0,,,
24,18,True,0.375014,0.375,none,,,False,,24,0,,,
24,99,True,0.967873,0.9679,none,,,False,,24,0,,,
24,2,True,0.698126,0.6981,none,,,False,,24,0,,,
24,51,True,0.346449,0.3464,none,,,False,,24,0,,,
24,15,True,0.661396,0.6614,none,,,False,,24,0,,,
24,46,True,0.687463,0.6875,none,,,False,,24,0,,,
24,52,True,0.492644,0.4926,none,,,False,,24,0,,,
25,98,True,0.27002,0.27,none,,,False,,25,0,,,
25,87,True,0.021921,0.0219,none,,,False,,25,0,,,
25,54,True,0.175869,0.1759,none,,,False,,25,0,,,
25,16,True,0.582571,0.5826,none,,,False,,25,0,,,
25,23,True,0.265603,0.2656,none,,,False,,25,0,,,
25,60,True,0.549644,0.5496,none,,,False,,25,0,,,
25,28,True,0.154683,0.1547,none,,,False,,25,0,,,
25,56,True,0.197272,0.1973,none,,,False,,25,0,,,
25,21,True,0.333197,0.3332,none,,,False,,25,0,,,
25,18,True,0.379049,0.379,none,,,False,,25,0,,,
25,8,True,0.605691,0.6057,none,,,False,,25,0,,,
25,36,True,0.448571,0.4486,none,,,False,,25,0,,,
25,83,True,0.318749,0.3187,none,,,False,,25,0,,,
25,71,True,0.631494,0.6315,none,,,False,,25,0,,,
25,91,True,0.44989,0.4499,none,,,False,,25,0,,,
25,19,True,0.807075,0.8071,none,,,False,,25,0,,,
25,31,True,0.903335,0.9033,none,,,False,,25,0,,,
25,14,True,-0.214549,-0.2145,none,,,False,,25,0,,,
25,29,True,0.322939,0.3229,none,,,False,,25,0,,,
25,35,True,0.559842,0.5598,none,,,False,,25,0,,,
25,2,True,-0.299003,-0.299,none,,,False,,25,0,,,
25,27,True,0.560763,0.5608,none,,,False,,25,0,,,
25,93,True,0.920605,0.9206,none,,,False,,25,0,,,
25,42,True,0.471975,0.472,none,,,False,,25,0,,,
25,90,True,0.55269,0.5527,none,,,False,,25,0,,,
25,72,True,0.315109,0.3151,none,,,False,,25,0,,,
25,86,True,0.247308,0.2473,none,,,False,,25,0,,,
25,55,True,0.408016,0.408,none,,,False,,25,0,,,
25,53,True,0.607072,0.6071,none,,,False,,25,0,,,
25,62,True,0.362553,0.3626,none,,,False,,25,0,,,
25,44,True,0.513577,0.5136,none,,,False,,25,0,,,
25,0,True,0.786169,0.7862,none,,,False,,25,0,,,
25,12,True,0.895211,0.8952,none,,,False,,25,0,,,
25,33,True,0.391411,0.3914,none,,,False,,25,0,,,
25,85,True,0.386617,0.3866,none,,,False,,25,0,,,
25,43,True,0.797605,0.7976,none,,,False,,25,0,,,
26,0,True,0.691653,0.6917,none,,,False,,26,0,,,
26,79,True,0.289994,0.29,none,,,False,,26,0,,,
26,18,True,0.427087,0.4271,none,,,False,,26,0,,,
26,2,True,0.537155,0.5372,none,,,False,,26,0,,,
26,71,True,0.612257,0.6123,none,,,False,,26,0,,,
26,78,True,0.284488,0.2845,none,,,False,,26,0,,,
26,93,True,0.960258,0.9603,none,,,False,,26,0,,,
26,91,True,0.364423,0.3644,none,,,False,,26,0,,,
26,40,True,0.25608,0.2561,none,,,False,,26,0,,,
26,99,True,0.975217,0.9752,none,,,False,,26,0,,,
26,25,True,0.553499,0.5535,none,,,False,,26,0,,,
26,22,True,0.337531,0.3375,none,,,False,,26,0,,,
26,67,True,0.588783,0.5888,none,,,False,,26,0,,,
26,10,True,1.288733,1.2887,none,,,False,,26,0,,,
26,60,True,0.438773,0.4388,none,,,False,,26,0,,,
26,29,True,0.289911,0.2899,none,,,False,,26,0,,,
26,74,True,0.599391,0.5994,none,,,False,,26,0,,,
26,82,True,0.402254,0.4023,none,,,False,,26,0,,,
26,70,True,0.76133,0.7613,none,,,False,,26,0,,,
26,59,True,1.020779,1.0208,none,,,False,,26,0,,,
26,58,True,0.459799,0.4598,none,,,False,,26,0,,,
26,23,True,0.284227,0.2842,none,,,False,,26,0,,,
26,51,True,0.271566,0.2716,none,,,False,,26,0,,,
26,68,True,0.762839,0.7628,none,,,False,,26,0,,,
26,13,True,0.58884,0.5888,none,,,False,,26,0,,,
26,48,True,0.323529,0.3235,none,,,False,,26,0,,,
26,84,True,0.32531,0.3253,none,,,False,,26,0,,,
26,3,True,0.914493,0.9145,none,,,False,,26,0,,,
26,46,True,0.828654,0.8287,none,,,False,,26,0,,,
26,73,True,0.234044,0.234,none,,,False,,26,0,,,
26,85,True,0.314108,0.3141,none,,,False,,26,0,,,
26,87,True,-0.136246,-0.1362,none,,,False,,26,0,,,
26,12,True,0.747354,0.7474,none,,,False,,26,0,,,
26,39,True,0.779211,0.7792,none,,,False,,26,0,,,
26,19,True,0.653674,0.6537,none,,,False,,26,0,,,
26,57,True,0.447725,0.4477,none,,,False,,26,0,,,
27,1,True,0.72013,0.7201,none,,,False,,27,0,,,
27,33,True,0.422844,0.4228,none,,,False,,27,0,,,
27,38,True,0.949091,0.9491,none,,,False,,27,0,,,
27,27,True,0.66627,0.6663,none,,,False,,27,0,,,
27,34,True,0.734301,0.7343,none,,,False,,27,0,,,
27,42,True,0.375845,0.3758,none,,,False,,27,0,,,
27,16,True,0.989427,0.9894,none,,,False,,27,0,,,
27,63,True,0.772183,0.7722,none,,,False,,27,0,,,
27,99,True,1.026313,1.0263,none,,,False,,27,0,,,
27,47,True,0.389094,0.3891,none,,,False,,27,0,,,
27,31,True,1.104822,1.1048,none,,,False,,27,0,,,
27,14,True,0.183481,0.1835,none,,,False,,27,0,,,
27,60,True,0.487925,0.4879,none,,,False,,27,0,,,
27,7,True,0.481414,0.4814,none,,,False,,27,0,,,
27,96,True,0.64185,0.6418,none,,,False,,27,0,,,
27,50,True,0.503532,0.5035,none,,,False,,27,0,,,
27,26,True,0.090843,0.0908,none,,,False,,27,0,,,
27,0,True,0.516087,0.5161,none,,,False,,27,0,,,
27,84,True,0.289345,0.2893,none,,,False,,27,0,,,
27,46,True,0.813166,0.8132,none,,,False,,27,0,,,
27,56,True,0.166775,0.1668,none,,,False,,27,0,,,
27,28,True,0.091424,0.0914,none,,,False,,27,0,,,
27,43,True,0.94526,0.9453,none,,,False,,27,0,,,
27,40,True,0.29175,0.2918,none,,,False,,27,0,,,
27,91,True,0.43506,0.4351,none,,,False,,27,0,,,
27,61,True,0.411948,0.4119,none,,,False,,27,0,,,
27,8,True,0.722147,0.7221,none,,,False,,27,0,,,
27,3,True,0.727175,0.7272,none,,,False,,27,0,,,
27,59,True,1.099776,1.0998,none,,,False,,27,0,,,
27,21,True,0.411898,0.4119,none,,,False,,27,0,,,
27,86,True,0.569793,0.5698,none,,,False,,27,0,,,
27,73,True,0.355633,0.3556,none,,,False,,27,0,,,
27,89,True,0.588473,0.5885,none,,,False,,27,0,,,
27,92,True,0.507714,0.5077,none,,,False,,27,0,,,
27,68,True,0.786033,0.786,none,,,False,,27,0,,,
27,24,True,0.789186,0.7892,none,,,False,,27,0,,,
28,58,True,0.58376,0.5838,none,,,False,,28,0,,,
28,29,True,0.352628,0.3526,none,,,False,,28,0,,,
28,74,True,0.545108,0.5451,none,,,False,,28,0,,,
28,68,True,0.381351,0.3814,none,,,False,,28,0,,,
28,35,True,0.460736,0.4607,none,,,False,,28,0,,,
28,77,True,0.378899,0.3789,none,,,False,,28,0,,,
28,43,True,0.578895,0.5789,none,,,False,,28,0,,,
28,95,True,0.601393,0.6014,none,,,False,,28,0,,,
28,0,True,0.715694,0.7157,none,,,False,,28,0,,,
28,64,True,0.784321,0.7843,none,,,False,,28,0,,,
28,28,True,0.212225,0.2122,none,,,False,,28,0,,,
28,89,True,0.601838,0.6018,none,,,False,,28,0,,,
28,62,True,0.280441,0.2804,none,,,False,,28,0,,,
28,3,True,0.861356,0.8614,none,,,False,,28,0,,,
28,59,True,1.04274,1.0427,none,,,False,,28,0,,,
28,27,True,0.616075,0.6161,none,,,False,,28,0,,,
28,4,True,0.381167,0.3812,none,,,False,,28,0,,,
28,91,True,0.471662,0.4717,none,,,False,,28,0,,,
28,85,True,0.325096,0.3251,none,,,False,,28,0,,,
28,46,True,0.482916,0.4829,none,,,False,,28,0,,,
28,37,True,0.480911,0.4809,none,,,False,,28,0,,,
28,81,True,0.507709,0.5077,none,,,False,,28,0,,,
28,2,True,0.556773,0.5568,none,,,False,,28,0,,,
28,98,True,0.127439,0.1274,none,,,False,,28,0,,,
28,72,True,0.281001,0.281,none,,,False,,28,0,,,
28,55,True,0.079277,0.0793,none,,,False,,28,0,,,
28,80,True,0.513961,0.514,none,,,False,,28,0,,,
28,41,True,0.481598,0.4816,none,,,False,,28,0,,,
28,17,True,0.394747,0.3947,none,,,False,,28,0,,,
28,42,True,0.422923,0.4229,none,,,False,,28,0,,,
28,12,True,0.703639,0.7036,none,,,False,,28,0,,,
28,20,True,0.265657,0.2657,none,,,False,,28,0,,,
28,96,True,0.580169,0.5802,none,,,False,,28,0,,,
28,82,True,0.487691,0.4877,none,,,False,,28,0,,,
28,10,True,1.180533,1.1805,none,,,False,,28,0,,,
28,75,True,0.413563,0.4136,none,,,False,,28,0,,,
29,13,True,0.418969,0.419,none,,,False,,29,0,,,
29,11,True,0.579848,0.5798,none,,,False,,29,0,,,
29,9,True,0.803688,0.8037,none,,,False,,29,0,,,
29,96,True,0.673519,0.6735,none,,,False,,29,0,,,
29,74,True,0.583443,0.5834,none,,,False,,29,0,,,
29,30,True,0.68728,0.6873,none,,,False,,29,0,,,
29,35,True,0.409779,0.4098,none,,,False,,29,0,,,
29,76,True,0.463181,0.4632,none,,,False,,29,0,,,
29,45,True,0.412578,0.4126,none,,,False,,29,0,,,
29,85,True,0.126172,0.1262,none,,,False,,29,0,,,
29,80,True,0.531967,0.532,none,,,False,,29,0,,,
29,16,True,0.957736,0.9577,none,,,False,,29,0,,,
29,99,True,0.999658,0.9997,none,,,False,,29,0,,,
29,71,True,0.562435,0.5624,none,,,False,,29,0,,,
29,27,True,0.707311,0.7073,none,,,False,,29,0,,,
29,41,True,0.416238,0.4162,none,,,False,,29,0,,,
29,66,True,0.59098,0.591,none,,,False,,29,0,,,
29,32,True,0.56441,0.5644,none,,,False,,29,0,,,
29,25,True,0.463664,0.4637,none,,,False,,29,0,,,
29,14,True,0.081084,0.0811,none,,,False,,29,0,,,
29,37,True,0.469428,0.4694,none,,,False,,29,0,,,
29,4,True,0.41887,0.4189,none,,,False,,29,0,,,
29,88,True,0.565245,0.5652,none,,,False,,29,0,,,
29,8,True,0.635741,0.6357,none,,,False,,29,0,,,
29,58,True,0.538785,0.5388,none,,,False,,29,0,,,
29,3,True,0.764596,0.7646,none,,,False,,29,0,,,
29,68,True,0.736313,0.7363,none,,,False,,29,0,,,
29,83,True,0.321636,0.3216,none,,,False,,29,0,,,
29,39,True,0.658659,0.6587,none,,,False,,29,0,,,
29,92,True,0.381238,0.3812,none,,,False,,29,0,,,
29,17,True,0.4013,0.4013,none,,,False,,29,0,,,
29,98,True,0.304594,0.3046,none,,,False,,29,0,,,
29,47,True,0.319463,0.3195,none,,,False,,29,0,,,
29,33,True,0.433229,0.4332,none,,,False,,29,0,,,
29,6,True,0.716295,0.7163,none,,,False,,29,0,,,
29,28,True,0.168175,0.1682,none,,,False,,29,0,,,
30,7,True,0.621198,0.6212,none,,,False,,30,0,,,
30,49,True,0.752975,0.753,none,,,False,,30,0,,,
30,39,True,0.737905,0.7379,none,,,False,,30,0,,,
30,76,True,0.308556,0.3086,none,,,False,,30,0,,,
30,66,True,0.579381,0.5794,none,,,False,,30,0,,,
30,17,True,0.34922,0.3492,none,,,False,,30,0,,,
30,46,True,0.667912,0.6679,none,,,False,,30,0,,,
30,52,True,0.438087,0.4381,none,,,False,,30,0,,,
30,98,True,0.274844,0.2748,none,,,False,,30,0,,,
30,94,True,0.73194,0.7319,none,,,False,,30,0,,,
30,1,True,0.625157,0.6252,none,,,False,,30,0,,,
30,30,True,0.816878,0.8169,none,,,False,,30,0,,,
30,71,True,0.48925,0.4892,none,,,False,,30,0,,,
30,75,True,0.472382,0.4724,none,,,False,,30,0,,,
30,37,True,0.404015,0.404,none,,,False,,30,0,,,
30,42,True,0.355365,0.3554,none,,,False,,30,0,,,
30,86,True,0.563728,0.5637,none,,,False,,30,0,,,
30,67,True,0.625908,0.6259,none,,,False,,30,0,,,
30,48,True,0.358707,0.3587,none,,,False,,30,0,,,
30,64,True,0.465888,0.4659,none,,,False,,30,0,,,
30,63,True,0.762301,0.7623,none,,,False,,30,0,,,
30,88,True,0.635902,0.6359,none,,,False,,30,0,,,
30,35,True,0.595815,0.5958,none,,,False,,30,0,,,
30,84,True,0.441056,0.4411,none,,,False,,30,0,,,
30,56,True,0.381734,0.3817,none,,,False,,30,0,,,
30,20,True,0.398555,0.3986,none,,,False,,30,0,,,
30,87,True,0.02033,0.0203,none,,,False,,30,0,,,
30,0,True,0.718367,0.7184,none,,,False,,30,0,,,
30,2,True,0.816699,0.8167,none,,,False,,30,0,,,
30,51,True,0.368325,0.3683,none,,,False,,30,0,,,
30,93,True,0.687846,0.6878,none,,,False,,30,0,,,
30,65,True,0.785446,0.7854,none,,,False,,30,0,,,
30,19,True,0.445871,0.4459,none,,,False,,30,0,,,
30,61,True,0.443859,0.4439,none,,,False,,30,0,,,
30,70,True,0.743063,0.7431,none,,,False,,30,0,,,
30,31,True,1.095446,1.0954,none,,,False,,30,0,,,
31,82,True,0.443497,0.4435,none,,,False,,31,0,,,
31,96,True,0.764275,0.7643,none,,,False,,31,0,,,
31,0,True,0.751128,0.7511,none,,,False,,31,0,,,
31,3,True,0.960738,0.9607,none,,,False,,31,0,,,
31,18,True,0.406387,0.4064,none,,,False,,31,0,,,
31,9,True,0.800333,0.8003,none,,,False,,31,0,,,
31,1,True,0.539895,0.5399,none,,,False,,31,0,,,
31,39,True,0.782397,0.7824,none,,,False,,31,0,,,
31,81,True,0.559136,0.5591,none,,,False,,31,0,,,
31,53,True,0.191219,0.1912,none,,,False,,31,0,,,
31,56,True,0.233435,0.2334,none,,,False,,31,0,,,
31,75,True,0.382951,0.383,none,,,False,,31,0,,,
31,31,True,0.967381,0.9674,none,,,False,,31,0,,,
31,99,True,1.04552,1.0455,none,,,False,,31,0,,,
31,19,True,0.633065,0.6331,none,,,False,,31,0,,,
31,26,True,0.026219,0.0262,none,,,False,,31,0,,,
31,44,True,0.786521,0.7865,none,,,False,,31,0,,,
31,64,True,0.522207,0.5222,none,,,False,,31,0,,,
31,12,True,0.81805,0.8181,none,,,False,,31,0,,,
31,11,True,0.570971,0.571,none,,,False,,31,0,,,
31,90,True,0.477117,0.4771,none,,,False,,31,0,,,
31,46,True,0.489605,0.4896,none,,,False,,31,0,,,
31,24,True,0.677029,0.677,none,,,False,,31,0,,,
31,41,True,0.458056,0.4581,none,,,False,,31,0,,,
31,21,True,0.25549,0.2555,none,,,False,,31,0,,,
31,49,True,0.376769,0.3768,none,,,False,,31,0,,,
31,97,True,0.546393,0.5464,none,,,False,,31,0,,,
31,92,True,0.591635,0.5916,none,,,False,,31,0,,,
31,38,True,1.18482,1.1848,none,,,False,,31,0,,,
31,7,True,0.585561,0.5856,none,,,False,,31,0,,,
31,87,True,0.202195,0.2022,none,,,False,,31,0,,,
31,20,True,0.2914,0.2914,none,,,False,,31,0,,,
31,67,True,0.201326,0.2013,none,,,False,,31,0,,,
31,6,True,0.243419,0.2434,none,,,False,,31,0,,,
31,86,True,0.422634,0.4226,none,,,False,,31,0,,,
31,74,True,0.509296,0.5093,none,,,False,,31,0,,,
32,47,True,0.31053,0.3105,none,,,False,,32,0,,,
32,93,True,0.987349,0.9873,none,,,False,,32,0,,,
32,81,True,0.570501,0.5705,none,,,False,,32,0,,,
32,27,True,0.565647,0.5656,none,,,False,,32,0,,,
32,26,True,0.288407,0.2884,none,,,False,,32,0,,,
32,80,True,0.517175,0.5172,none,,,False,,32,0,,,
32,32,True,0.240427,0.2404,none,,,False,,32,0,,,
32,72,True,0.347192,0.3472,none,,,False,,32,0,,,
32,2,True,0.592791,0.5928,none,,,False,,32,0,,,
32,79,True,0.229539,0.2295,none,,,False,,32,0,,,
32,8,True,0.611174,0.6112,none,,,False,,32,0,,,
32,69,True,0.387784,0.3878,none,,,False,,32,0,,,
32,37,True,0.456106,0.4561,none,,,False,,32,0,,,
32,13,True,0.585265,0.5853,none,,,False,,32,0,,,
32,10,True,1.165744,1.1657,none,,,False,,32,0,,,
32,56,True,0.139765,0.1398,none,,,False,,32,0,,,
32,24,True,0.371151,0.3712,none,,,False,,32,0,,,
32,74,True,0.527336,0.5273,none,,,False,,32,0,,,
32,25,True,0.436008,0.436,none,,,False,,32,0,,,
32,75,True,0.214322,0.2143,none,,,False,,32,0,,,
32,3,True,0.869703,0.8697,none,,,False,,32,0,,,
32,20,True,0.257187,0.2572,none,,,False,,32,0,,,
32,54,True,0.297624,0.2976,none,,,False,,32,0,,,
32,88,True,0.450455,0.4505,none,,,False,,32,0,,,
32,39,True,0.824916,0.8249,none,,,False,,32,0,,,
32,19,True,0.692326,0.6923,none,,,False,,32,0,,,
32,57,True,0.517408,0.5174,none,,,False,,32,0,,,
32,64,True,0.643036,0.643,none,,,False,,32,0,,,
32,58,True,0.522168,0.5222,none,,,False,,32,0,,,
32,5,True,0.695984,0.696,none,,,False,,32,0,,,
32,7,True,0.573642,0.5736,none,,,False,,32,0,,,
32,17,True,0.352963,0.353,none,,,False,,32,0,,,
32,85,True,0.396304,0.3963,none,,,False,,32,0,,,
32,29,True,0.288714,0.2887,none,,,False,,32,0,,,
32,97,True,0.499686,0.4997,none,,,False,,32,0,,,
32,76,True,0.291013,0.291,none,,,False,,32,0,,,
33,43,True,0.768867,0.7689,none,,,False,,33,0,,,
33,0,True,0.595562,0.5956,none,,,False,,33,0,,,
33,92,True,0.519513,0.5195,none,,,False,,33,0,,,
33,10,True,0.985911,0.9859,none,,,False,,33,0,,,
33,58,True,0.422224,0.4222,none,,,False,,33,0,,,
33,1,True,0.707887,0.7079,none,,,False,,33,0,,,
33,71,True,0.549576,0.5496,none,,,False,,33,0,,,
33,69,True,0.358605,0.3586,none,,,False,,33,0,,,
33,2,True,0.277751,0.2778,none,,,False,,33,0,,,
33,19,True,0.468509,0.4685,none,,,False,,33,0,,,
33,62,True,0.376707,0.3767,none,,,False,,33,0,,,
33,57,True,0.417408,0.4174,none,,,False,,33,0,,,
33,29,True,0.374799,0.3748,none,,,False,,33,0,,,
33,40,True,0.323059,0.3231,none,,,False,,33,0,,,
33,32,True,0.42861,0.4286,none,,,False,,33,0,,,
33,91,True,0.332568,0.3326,none,,,False,,33,0,,,
33,52,True,0.454197,0.4542,none,,,False,,33,0,,,
33,87,True,0.364824,0.3648,none,,,False,,33,0,,,
33,84,True,0.263536,0.2635,none,,,False,,33,0,,,
33,76,True,0.396715,0.3967,none,,,False,,33,0,,,
33,11,True,0.518762,0.5188,none,,,False,,33,0,,,
33,44,True,0.479878,0.4799,none,,,False,,33,0,,,
33,77,True,0.467409,0.4674,none,,,False,,33,0,,,
33,64,True,0.378881,0.3789,none,,,False,,33,0,,,
33,90,True,0.594297,0.5943,none,,,False,,33,0,,,
33,59,True,1.15612,1.1561,none,,,False,,33,0,,,
33,83,True,0.38117,0.3812,none,,,False,,33,0,,,
33,21,True,0.348781,0.3488,none,,,False,,33,0,,,
33,66,True,0.680293,0.6803,none,,,False,,33,0,,,
33,12,True,0.847552,0.8476,none,,,False,,33,0,,,
33,98,True,0.259621,0.2596,none,,,False,,33,0,,,
33,72,True,0.263375,0.2634,none,,,False,,33,0,,,
33,4,True,0.389968,0.39,none,,,False,,33,0,,,
33,13,True,0.340449,0.3404,none,,,False,,33,0,,,
33,75,True,0.421753,0.4218,none,,,False,,33,0,,,
33,85,True,0.236202,0.2362,none,,,False,,33,0,,,
34,77,True,0.342765,0.3428,none,,,False,,34,0,,,
34,64,True,0.678886,0.6789,none,,,False,,34,0,,,
34,14,True,0.223394,0.2234,none,,,False,,34,0,,,
34,68,True,0.547437,0.5474,none,,,False,,34,0,,,
34,93,True,0.865385,0.8654,none,,,False,,34,0,,,
34,59,True,0.912912,0.9129,none,,,False,,34,0,,,
34,51,True,0.476694,0.4767,none,,,False,,34,0,,,
34,38,True,0.985805,0.9858,none,,,False,,34,0,,,
34,30,True,0.691331,0.6913,none,,,False,,34,0,,,
34,98,True,0.258611,0.2586,none,,,False,,34,0,,,
34,9,True,0.760368,0.7604,none,,,False,,34,0,,,
34,10,True,1.004506,1.0045,none,,,False,,34,0,,,
34,83,True,0.286093,0.2861,none,,,False,,34,0,,,
34,35,True,0.420644,0.4206,none,,,False,,34,0,,,
34,49,True,0.576968,0.577,none,,,False,,34,0,,,
34,48,True,0.347262,0.3473,none,,,False,,34,0,,,
34,96,True,0.626263,0.6263,none,,,False,,34,0,,,
34,82,True,0.438554,0.4386,none,,,False,,34,0,,,
34,66,True,0.549884,0.5499,none,,,False,,34,0,,,
34,37,True,0.347483,0.3475,none,,,False,,34,0,,,
34,63,True,0.603695,0.6037,none,,,False,,34,0,,,
34,94,True,0.7672,0.7672,none,,,False,,34,0,,,
34,41,True,0.514546,0.5145,none,,,False,,34,0,,,
34,32,True,0.437833,0.4378,none,,,False,,34,0,,,
34,5,True,0.942201,0.9422,none,,,False,,34,0,,,
34,13,True,0.566288,0.5663,none,,,False,,34,0,,,
34,73,True,0.407308,0.4073,none,,,False,,34,0,,,
34,50,True,0.41973,0.4197,none,,,False,,34,0,,,
34,24,True,0.576551,0.5766,none,,,False,,34,0,,,
34,46,True,0.539569,0.5396,none,,,False,,34,0,,,
34,86,True,0.546773,0.5468,none,,,False,,34,0,,,
34,2,True,0.59765,0.5977,none,,,False,,34,0,,,
34,89,True,0.526653,0.5267,none,,,False,,34,0,,,
34,80,True,0.502607,0.5026,none,,,False,,34,0,,,
34,34,True,0.699777,0.6998,none,,,False,,34,0,,,
34,6,True,0.613365,0.6134,none,,,False,,34,0,,,
35,70,True,0.803894,0.8039,none,,,False,,35,0,,,
35,50,True,0.504634,0.5046,none,,,False,,35,0,,,
35,69,True,0.320148,0.3201,none,,,False,,35,0,,,
35,76,True,0.323133,0.3231,none,,,False,,35,0,,,
35,61,True,0.464223,0.4642,none,,,False,,35,0,,,
35,4,True,0.335217,0.3352,none,,,False,,35,0,,,
35,71,True,0.523623,0.5236,none,,,False,,35,0,,,
35,18,True,0.465093,0.4651,none,,,False,,35,0,,,
35,37,True,0.35539,0.3554,none,,,False,,35,0,,,
35,28,True,0.216802,0.2168,none,,,False,,35,0,,,
35,15,True,0.573066,0.5731,none,,,False,,35,0,,,
35,74,True,0.595677,0.5957,none,,,False,,35,0,,,
35,40,True,0.314871,0.3149,none,,,False,,35,0,,,
35,98,True,0.365321,0.3653,none,,,False,,35,0,,,
35,2,True,0.548943,0.5489,none,,,False,,35,0,,,
35,21,True,0.353738,0.3537,none,,,False,,35,0,,,
35,51,True,0.164797,0.1648,none,,,False,,35,0,,,
35,87,True,0.04362,0.0436,none,,,False,,35,0,,,
35,5,True,0.966697,0.9667,none,,,False,,35,0,,,
35,38,True,1.082265,1.0823,none,,,False,,35,0,,,
35,73,True,0.533462,0.5335,none,,,False,,35,0,,,
35,32,True,0.531417,0.5314,none,,,False,,35,0,,,
35,34,True,0.632632,0.6326,none,,,False,,35,0,,,
35,81,True,0.650374,0.6504,none,,,False,,35,0,,,
35,90,True,0.534919,0.5349,none,,,False,,35,0,,,
35,0,True,0.680735,0.6807,none,,,False,,35,0,,,
35,59,True,1.208155,1.2082,none,,,False,,35,0,,,
35,46,True,0.776496,0.7765,none,,,False,,35,0,,,
35,48,True,0.273021,0.273,none,,,False,,35,0,,,
35,95,True,0.626276,0.6263,none,,,False,,35,0,,,
35,26,True,0.318058,0.3181,none,,,False,,35,0,,,
35,35,True,0.519037,0.519,none,,,False,,35,0,,,
35,56,True,0.262644,0.2626,none,,,False,,35,0,,,
35,55,True,0.304763,0.3048,none,,,False,,35,0,,,
35,66,True,0.499011,0.499,none,,,False,,35,0,,,
35,72,True,0.290423,0.2904,none,,,False,,35,0,,,
36,44,True,0.51615,0.5162,none,,,False,,36,0,,,
36,78,True,0.199946,0.1999,none,,,False,,36,0,,,
36,27,True,0.583325,0.5833,none,,,False,,36,0,,,
36,52,True,0.424653,0.4247,none,,,False,,36,0,,,
36,68,True,0.618596,0.6186,none,,,False,,36,0,,,
36,66,True,0.62132,0.6213,none,,,False,,36,0,,,
36,97,True,0.432093,0.4321,none,,,False,,36,0,,,
36,7,True,0.65423,0.6542,none,,,False,,36,0,,,
36,62,True,0.19209,0.1921,none,,,False,,36,0,,,
36,10,True,1.052932,1.0529,none,,,False,,36,0,,,
36,41,True,0.35872,0.3587,none,,,False,,36,0,,,
36,90,True,0.588767,0.5888,none,,,False,,36,0,,,
36,92,True,0.374547,0.3745,none,,,False,,36,0,,,
36,45,True,0.156121,0.1561,none,,,False,,36,0,,,
36,3,True,1.023898,1.0239,none,,,False,,36,0,,,
36,12,True,0.622483,0.6225,none,,,False,,36,0,,,
36,99,True,1.001374,1.0014,none,,,False,,36,0,,,
36,67,True,0.438394,0.4384,none,,,False,,36,0,,,
36,14,True,0.264315,0.2643,none,,,False,,36,0,,,
36,21,True,0.22439,0.2244,none,,,False,,36,0,,,
36,88,True,0.420047,0.42,none,,,False,,36,0,,,
36,5,True,0.818999,0.819,none,,,False,,36,0,,,
36,61,True,0.394511,0.3945,none,,,False,,36,0,,,
36,20,True,0.292872,0.2929,none,,,False,,36,0,,,
36,15,True,0.696717,0.6967,none,,,False,,36,0,,,
36,54,True,0.241034,0.241,none,,,False,,36,0,,,
36,29,True,0.300391,0.3004,none,,,False,,36,0,,,
36,22,True,0.385918,0.3859,none,,,False,,36,0,,,
36,70,True,0.720437,0.7204,none,,,False,,36,0,,,
36,87,True,-0.242251,-0.2423,none,,,False,,36,0,,,
36,49,True,0.471697,0.4717,none,,,False,,36,0,,,
36,8,True,0.516534,0.5165,none,,,False,,36,0,,,
36,83,True,0.378926,0.3789,none,,,False,,36,0,,,
36,43,True,0.821567,0.8216,none,,,False,,36,0,,,
36,31,True,0.878228,0.8782,none,,,False,,36,0,,,
36,85,True,0.436129,0.4361,none,,,False,,36,0,,,
37,61,True,0.412113,0.4121,none,,,False,,37,0,,,
37,2,True,0.305314,0.3053,none,,,False,,37,0,,,
37,78,True,0.267097,0.2671,none,,,False,,37,0,,,
37,95,True,0.580202,0.5802,none,,,False,,37,0,,,
37,73,True,0.398209,0.3982,none,,,False,,37,0,,,
37,96,True,0.474695,0.4747,none,,,False,,37,0,,,
37,31,True,1.032285,1.0323,none,,,False,,37,0,,,
37,70,True,0.562141,0.5621,none,,,False,,37,0,,,
37,19,True,0.816108,0.8161,none,,,False,,37,0,,,
37,0,True,0.508803,0.5088,none,,,False,,37,0,,,
37,34,True,0.522333,0.5223,none,,,False,,37,0,,,
37,63,True,0.814149,0.8141,none,,,False,,37,0,,,
37,15,True,0.575915,0.5759,none,,,False,,37,0,,,
37,94,True,0.718393,0.7184,none,,,False,,37,0,,,
37,65,True,0.57201,0.572,none,,,False,,37,0,,,
37,92,True,0.368718,0.3687,none,,,False,,37,0,,,
37,44,True,0.320354,0.3204,none,,,False,,37,0,,,
37,50,True,0.359175,0.3592,none,,,False,,37,0,,,
37,88,True,0.524785,0.5248,none,,,False,,37,0,,,
37,71,True,0.560651,0.5607,none,,,False,,37,0,,,
37,28,True,0.353173,0.3532,none,,,False,,37,0,,,
37,33,True,0.258661,0.2587,none,,,False,,37,0,,,
37,48,True,0.369278,0.3693,none,,,False,,37,0,,,
37,93,True,1.07386,1.0739,none,,,False,,37,0,,,
37,97,True,0.587046,0.587,none,,,False,,37,0,,,
37,8,True,0.683667,0.6837,none,,,False,,37,0,,,
37,43,True,0.665259,0.6653,none,,,False,,37,0,,,
37,80,True,0.655882,0.6559,none,,,False,,37,0,,,
37,9,True,0.925511,0.9255,none,,,False,,37,0,,,
37,58,True,0.471027,0.471,none,,,False,,37,0,,,
37,77,True,0.408189,0.4082,none,,,False,,37,0,,,
37,27,True,0.519728,0.5197,none,,,False,,37,0,,,
37,53,True,0.571837,0.5718,none,,,False,,37,0,,,
37,5,True,0.919403,0.9194,none,,,False,,37,0,,,
37,83,True,0.224991,0.225,none,,,False,,37,0,,,
37,67,True,0.52134,0.5213,none,,,False,,37,0,,,
38,75,True,0.176136,0.1761,none,,,False,,38,0,,,
38,53,True,0.642216,0.6422,none,,,False,,38,0,,,
38,24,True,0.716856,0.7169,none,,,False,,38,0,,,
38,56,True,0.207645,0.2076,none,,,False,,38,0,,,
38,28,True,0.082246,0.0822,none,,,False,,38,0,,,
38,55,True,0.123558,0.1236,none,,,False,,38,0,,,
38,18,True,0.454419,0.4544,none,,,False,,38,0,,,
38,84,True,0.347755,0.3478,none,,,False,,38,0,,,
38,16,True,0.453607,0.4536,none,,,False,,38,0,,,
38,62,True,0.278355,0.2784,none,,,False,,38,0,,,
38,47,True,0.298422,0.2984,none,,,False,,38,0,,,
38,92,True,0.411321,0.4113,none,,,False,,38,0,,,
38,21,True,0.317773,0.3178,none,,,False,,38,0,,,
38,51,True,0.435305,0.4353,none,,,False,,38,0,,,
38,71,True,0.58154,0.5815,none,,,False,,38,0,,,
38,10,True,1.15021,1.1502,none,,,False,,38,0,,,
38,87,True,-0.140689,-0.1407,none,,,False,,38,0,,,
38,65,True,0.788443,0.7884,none,,,False,,38,0,,,
38,86,True,0.469286,0.4693,none,,,False,,38,0,,,
38,1,True,0.517846,0.5178,none,,,False,,38,0,,,
38,13,True,0.457954,0.458,none,,,False,,38,0,,,
38,0,True,0.723438,0.7234,none,,,False,,38,0,,,
38,67,True,0.468326,0.4683,none,,,False,,38,0,,,
38,81,True,0.632685,0.6327,none,,,False,,38,0,,,
38,48,True,0.344574,0.3446,none,,,False,,38,0,,,
38,9,True,0.691044,0.691,none,,,False,,38,0,,,
38,68,True,0.68759,0.6876,none,,,False,,38,0,,,
38,17,True,0.401484,0.4015,none,,,False,,38,0,,,
38,69,True,0.26022,0.2602,none,,,False,,38,0,,,
38,59,True,1.155307,1.1553,none,,,False,,38,0,,,
38,23,True,0.269022,0.269,none,,,False,,38,0,,,
38,89,True,0.525622,0.5256,none,,,False,,38,0,,,
38,26,True,0.178571,0.1786,none,,,False,,38,0,,,
38,95,True,0.657291,0.6573,none,,,False,,38,0,,,
38,97,True,0.535183,0.5352,none,,,False,,38,0,,,
38,41,True,0.462385,0.4624,none,,,False,,38,0,,,
39,6,True,0.096849,0.0968,none,,,False,,39,0,,,
39,15,True,0.745894,0.7459,none,,,False,,39,0,,,
39,58,True,0.6437,0.6437,none,,,False,,39,0,,,
39,78,True,0.149004,0.149,none,,,False,,39,0,,,
39,55,True,0.339042,0.339,none,,,False,,39,0,,,
39,38,True,1.017433,1.0174,none,,,False,,39,0,,,
39,84,True,0.328489,0.3285,none,,,False,,39,0,,,
39,9,True,0.809253,0.8093,none,,,False,,39,0,,,
39,3,True,1.034997,1.035,none,,,False,,39,0,,,
39,11,True,0.348106,0.3481,none,,,False,,39,0,,,
39,8,True,0.671735,0.6717,none,,,False,,39,0,,,
39,25,True,0.439873,0.4399,none,,,False,,39,0,,,
39,80,True,0.492243,0.4922,none,,,False,,39,0,,,
39,93,True,0.914742,0.9147,none,,,False,,39,0,,,
39,50,True,0.452384,0.4524,none,,,False,,39,0,,,
39,98,True,0.267772,0.2678,none,,,False,,39,0,,,
39,44,True,0.662063,0.6621,none,,,False,,39,0,,,
39,97,True,0.531921,0.5319,none,,,False,,39,0,,,
39,85,True,0.418873,0.4189,none,,,False,,39,0,,,
39,96,True,0.731998,0.732,none,,,False,,39,0,,,
39,88,True,0.493789,0.4938,none,,,False,,39,0,,,
39,95,True,0.669817,0.6698,none,,,False,,39,0,,,
39,54,True,0.327542,0.3275,none,,,False,,39,0,,,
39,40,True,0.3104,0.3104,none,,,False,,39,0,,,
39,51,True,0.377914,0.3779,none,,,False,,39,0,,,
39,42,True,0.371668,0.3717,none,,,False,,39,0,,,
39,91,True,0.464204,0.4642,none,,,False,,39,0,,,
39,92,True,0.497526,0.4975,none,,,False,,39,0,,,
39,24,True,0.522843,0.5228,none,,,False,,39,0,,,
39,89,True,0.493687,0.4937,none,,,False,,39,0,,,
39,70,True,0.878655,0.8787,none,,,False,,39,0,,,
39,79,True,0.283802,0.2838,none,,,False,,39,0,,,
39,10,True,1.121904,1.1219,none,,,False,,39,0,,,
39,36,True,0.463069,0.4631,none,,,False,,39,0,,,
39,37,True,0.134284,0.1343,none,,,False,,39,0,,,
39,23,True,0.295474,0.2955,none,,,False,,39,0,,,
40,43,True,0.950217,0.9502,none,,,False,,40,0,,,
40,13,True,0.507647,0.5076,none,,,False,,40,0,,,
40,61,True,0.086799,0.0868,none,,,False,,40,0,,,
40,64,True,0.438824,0.4388,none,,,False,,40,0,,,
40,20,True,0.351985,0.352,none,,,False,,40,0,,,
40,55,True,0.270901,0.2709,none,,,False,,40,0,,,
40,11,True,0.491285,0.4913,none,,,False,,40,0,,,
40,26,True,0.385259,0.3853,none,,,False,,40,0,,,
40,48,True,0.410736,0.4107,none,,,False,,40,0,,,
40,58,True,0.298107,0.2981,none,,,False,,40,0,,,
40,24,True,0.838809,0.8388,none,,,False,,40,0,,,
40,25,True,0.429319,0.4293,none,,,False,,40,0,,,
40,30,True,0.735211,0.7352,none,,,False,,40,0,,,
40,49,True,0.719721,0.7197,none,,,False,,40,0,,,
40,81,True,0.758435,0.7584,none,,,False,,40,0,,,
40,99,True,0.962132,0.9621,none,,,False,,40,0,,,
40,65,True,0.607122,0.6071,none,,,False,,40,0,,,
40,12,True,0.892028,0.892,none,,,False,,40,0,,,
40,37,True,0.412419,0.4124,none,,,False,,40,0,,,
40,79,True,0.311821,0.3118,none,,,False,,40,0,,,
40,32,True,0.460131,0.4601,none,,,False,,40,0,,,
40,41,True,0.417998,0.418,none,,,False,,40,0,,,
40,68,True,0.775262,0.7753,none,,,False,,40,0,,,
40,45,True,0.403731,0.4037,none,,,False,,40,0,,,
40,51,True,0.357491,0.3575,none,,,False,,40,0,,,
40,19,True,0.540811,0.5408,none,,,False,,40,0,,,
40,22,True,0.265801,0.2658,none,,,False,,40,0,,,
40,21,True,0.45782,0.4578,none,,,False,,40,0,,,
40,83,True,0.300686,0.3007,none,,,False,,40,0,,,
40,23,True,0.366962,0.367,none,,,False,,40,0,,,
40,85,True,0.358032,0.358,none,,,False,,40,0,,,
40,74,True,0.749641,0.7496,none,,,False,,40,0,,,
40,60,True,0.701827,0.7018,none,,,False,,40,0,,,
40,18,True,0.424889,0.4249,none,,,False,,40,0,,,
40,3,True,0.784345,0.7843,none,,,False,,40,0,,,
40,92,True,0.393846,0.3938,none,,,False,,40,0,,,
41,71,True,0.547286,0.5473,none,,,False,,41,0,,,
41,55,True,-0.263043,-0.263,none,,,False,,41,0,,,
41,49,True,0.36636,0.3664,none,,,False,,41,0,,,
41,17,True,0.448937,0.4489,none,,,False,,41,0,,,
41,70,True,0.708831,0.7088,none,,,False,,41,0,,,
41,94,True,0.767553,0.7676,none,,,False,,41,0,,,
41,64,True,0.645115,0.6451,none,,,False,,41,0,,,
41,54,True,0.219596,0.2196,none,,,False,,41,0,,,
41,33,True,0.341783,0.3418,none,,,False,,41,0,,,
41,36,True,0.378016,0.378,none,,,False,,41,0,,,
41,3,True,0.735306,0.7353,none,,,False,,41,0,,,
41,2,True,0.102499,0.1025,none,,,False,,41,0,,,
41,84,True,0.383048,0.383,none,,,False,,41,0,,,
41,6,True,0.884258,0.8843,none,,,False,,41,0,,,
41,16,True,0.615927,0.6159,none,,,False,,41,0,,,
41,47,True,0.299165,0.2992,none,,,False,,41,0,,,
41,60,True,0.557568,0.5576,none,,,False,,41,0,,,
41,40,True,0.324686,0.3247,none,,,False,,41,0,,,
41,75,True,0.381431,0.3814,none,,,False,,41,0,,,
41,14,True,0.067794,0.0678,none,,,False,,41,0,,,
41,44,True,0.562168,0.5622,none,,,False,,41,0,,,
41,19,True,0.673217,0.6732,none,,,False,,41,0,,,
41,99,True,0.941744,0.9417,none,,,False,,41,0,,,
41,95,True,0.592512,0.5925,none,,,False,,41,0,,,
41,18,True,0.354909,0.3549,none,,,False,,41,0,,,
41,73,True,0.489883,0.4899,none,,,False,,41,0,,,
41,63,True,0.778286,0.7783,none,,,False,,41,0,,,
41,53,True,0.802176,0.8022,none,,,False,,41,0,,,
41,9,True,0.823849,0.8238,none,,,False,,41,0,,,
41,78,True,0.23944,0.2394,none,,,False,,41,0,,,
41,85,True,0.245967,0.246,none,,,False,,41,0,,,
41,86,True,0.345776,0.3458,none,,,False,,41,0,,,
41,26,True,0.012317,0.0123,none,,,False,,41,0,,,
41,62,True,0.38007,0.3801,none,,,False,,41,0,,,
41,69,True,0.450362,0.4504,none,,,False,,41,0,,,
41,90,True,0.636407,0.6364,none,,,False,,41,0,,,
42,27,True,0.462416,0.4624,none,,,False,,42,0,,,
42,16,True,0.713136,0.7131,none,,,False,,42,0,,,
42,69,True,0.373631,0.3736,none,,,False,,42,0,,,
42,51,True,0.32372,0.3237,none,,,False,,42,0,,,
42,68,True,0.599289,0.5993,none,,,False,,42,0,,,
42,80,True,0.39865,0.3986,none,,,False,,42,0,,,
42,97,True,0.697904,0.6979,none,,,False,,42,0,,,
42,29,True,0.403835,0.4038,none,,,False,,42,0,,,
42,75,True,0.299289,0.2993,none,,,False,,42,0,,,
42,22,True,0.265901,0.2659,none,,,False,,42,0,,,
42,33,True,0.366156,0.3662,none,,,False,,42,0,,,
42,43,True,0.743981,0.744,none,,,False,,42,0,,,
42,89,True,0.510438,0.5104,none,,,False,,42,0,,,
42,31,True,1.088036,1.088,none,,,False,,42,0,,,
42,61,True,0.060986,0.061,none,,,False,,42,0,,,
42,54,True,0.227908,0.2279,none,,,False,,42,0,,,
42,21,True,0.437114,0.4371,none,,,False,,42,0,,,
42,3,True,0.831649,0.8316,none,,,False,,42,0,,,
42,0,True,0.759006,0.759,none,,,False,,42,0,,,
42,8,True,0.419948,0.4199,none,,,False,,42,0,,,
42,92,True,0.100871,0.1009,none,,,False,,42,0,,,
42,55,True,0.277174,0.2772,none,,,False,,42,0,,,
42,26,True,-0.415822,-0.4158,none,,,False,,42,0,,,
42,96,True,0.523763,0.5238,none,,,False,,42,0,,,
42,18,True,0.446124,0.4461,none,,,False,,42,0,,,
42,25,True,0.389745,0.3897,none,,,False,,42,0,,,
42,40,True,0.327313,0.3273,none,,,False,,42,0,,,
42,44,True,0.417619,0.4176,none,,,False,,42,0,,,
42,99,True,0.823189,0.8232,none,,,False,,42,0,,,
42,2,True,0.334492,0.3345,none,,,False,,42,0,,,
42,48,True,0.327061,0.3271,none,,,False,,42,0,,,
42,66,True,0.49485,0.4949,none,,,False,,42,0,,,
42,95,True,0.504084,0.5041,none,,,False,,42,0,,,
42,6,True,0.475614,0.4756,none,,,False,,42,0,,,
42,71,True,0.470607,0.4706,none,,,False,,42,0,,,
42,98,True,0.26327,0.2633,none,,,False,,42,0,,,
43,80,True,0.55125,0.5513,none,,,False,,43,0,,,
43,6,True,0.65486,0.6549,none,,,False,,43,0,,,
43,74,True,0.732435,0.7324,none,,,False,,43,0,,,
43,22,True,0.247796,0.2478,none,,,False,,43,0,,,
43,42,True,0.456832,0.4568,none,,,False,,43,0,,,
43,72,True,0.40007,0.4001,none,,,False,,43,0,,,
43,52,True,0.246562,0.2466,none,,,False,,43,0,,,
43,59,True,1.137452,1.1375,none,,,False,,43,0,,,
43,82,True,0.336804,0.3368,none,,,False,,43,0,,,
43,62,True,0.274853,0.2749,none,,,False,,43,0,,,
43,87,True,0.278069,0.2781,none,,,False,,43,0,,,
43,92,True,0.309352,0.3094,none,,,False,,43,0,,,
43,20,True,0.307534,0.3075,none,,,False,,43,0,,,
43,70,True,0.618932,0.6189,none,,,False,,43,0,,,
43,60,True,0.638107,0.6381,none,,,False,,43,0,,,
43,71,True,0.591051,0.5911,none,,,False,,43,0,,,
43,57,True,0.382421,0.3824,none,,,False,,43,0,,,
43,44,True,0.388876,0.3889,none,,,False,,43,0,,,
43,53,True,0.380921,0.3809,none,,,False,,43,0,,,
43,18,True,0.339841,0.3398,none,,,False,,43,0,,,
43,35,True,0.44467,0.4447,none,,,False,,43,0,,,
43,5,True,0.860585,0.8606,none,,,False,,43,0,,,
43,1,True,0.606077,0.6061,none,,,False,,43,0,,,
43,32,True,-0.110599,-0.1106,none,,,False,,43,0,,,
43,41,True,0.444669,0.4447,none,,,False,,43,0,,,
43,77,True,0.457927,0.4579,none,,,False,,43,0,,,
43,19,True,0.736914,0.7369,none,,,False,,43,0,,,
43,54,True,0.086745,0.0867,none,,,False,,43,0,,,
43,65,True,0.597457,0.5975,none,,,False,,43,0,,,
43,85,True,0.385401,0.3854,none,,,False,,43,0,,,
43,40,True,0.276639,0.2766,none,,,False,,43,0,,,
43,93,True,0.853014,0.853,none,,,False,,43,0,,,
43,24,True,0.633199,0.6332,none,,,False,,43,0,,,
43,86,True,0.476138,0.4761,none,,,False,,43,0,,,
43,48,True,0.346958,0.347,none,,,False,,43,0,,,
43,90,True,0.666492,0.6665,none,,,False,,43,0,,,
44,69,True,0.342203,0.3422,none,,,False,,44,0,,,
44,38,True,1.006005,1.006,none,,,False,,44,0,,,
44,71,True,0.561245,0.5612,none,,,False,,44,0,,,
44,16,True,0.652736,0.6527,none,,,False,,44,0,,,
44,19,True,0.726467,0.7265,none,,,False,,44,0,,,
44,46,True,0.797318,0.7973,none,,,False,,44,0,,,
44,45,True,0.343946,0.3439,none,,,False,,44,0,,,
44,88,True,0.492411,0.4924,none,,,False,,44,0,,,
44,70,True,0.849547,0.8495,none,,,False,,44,0,,,
44,37,True,0.58401,0.584,none,,,False,,44,0,,,
44,2,True,-0.044781,-0.0448,none,,,False,,44,0,,,
44,58,True,0.500753,0.5008,none,,,False,,44,0,,,
44,97,True,0.44153,0.4415,none,,,False,,44,0,,,
44,36,True,0.460244,0.4602,none,,,False,,44,0,,,
44,94,True,0.7737,0.7737,none,,,False,,44,0,,,
44,64,True,0.574659,0.5747,none,,,False,,44,0,,,
44,11,True,0.407381,0.4074,none,,,False,,44,0,,,
44,98,True,0.179873,0.1799,none,,,False,,44,0,,,
44,32,True,0.496744,0.4967,none,,,False,,44,0,,,
44,57,True,0.35633,0.3563,none,,,False,,44,0,,,
44,1,True,0.66629,0.6663,none,,,False,,44,0,,,
44,66,True,0.783423,0.7834,none,,,False,,44,0,,,
44,89,True,0.611616,0.6116,none,,,False,,44,0,,,
44,48,True,0.247546,0.2475,none,,,False,,44,0,,,
44,6,True,0.375213,0.3752,none,,,False,,44,0,,,
44,30,True,0.607104,0.6071,none,,,False,,44,0,,,
44,53,True,0.476997,0.477,none,,,False,,44,0,,,
44,96,True,0.618507,0.6185,none,,,False,,44,0,,,
44,10,True,1.040907,1.0409,none,,,False,,44,0,,,
44,34,True,0.802736,0.8027,none,,,False,,44,0,,,
44,56,True,-0.10952,-0.1095,none,,,False,,44,0,,,
44,74,True,0.572189,0.5722,none,,,False,,44,0,,,
44,23,True,0.257505,0.2575,none,,,False,,44,0,,,
44,55,True,-0.989329,-0.9893,none,,,False,,44,0,,,
44,22,True,0.293002,0.293,none,,,False,,44,0,,,
44,5,True,0.760489,0.7605,none,,,False,,44,0,,,
45,32,True,0.504361,0.5044,none,,,False,,45,0,,,
45,24,True,0.663991,0.664,none,,,False,,45,0,,,
45,84,True,0.466563,0.4666,none,,,False,,45,0,,,
45,38,True,0.857181,0.8572,none,,,False,,45,0,,,
45,21,True,0.252598,0.2526,none,,,False,,45,0,,,
45,26,True,0.251688,0.2517,none,,,False,,45,0,,,
45,50,True,0.409169,0.4092,none,,,False,,45,0,,,
45,60,True,0.659261,0.6593,none,,,False,,45,0,,,
45,29,True,0.320947,0.3209,none,,,False,,45,0,,,
45,51,True,0.243931,0.2439,none,,,False,,45,0,,,
45,75,True,0.434819,0.4348,none,,,False,,45,0,,,
45,61,True,0.450776,0.4508,none,,,False,,45,0,,,
45,47,True,0.165215,0.1652,none,,,False,,45,0,,,
45,88,True,0.542037,0.542,none,,,False,,45,0,,,
45,66,True,0.505156,0.5052,none,,,False,,45,0,,,
45,30,True,0.533953,0.534,none,,,False,,45,0,,,
45,13,True,0.549699,0.5497,none,,,False,,45,0,,,
45,7,True,0.625718,0.6257,none,,,False,,45,0,,,
45,12,True,0.889179,0.8892,none,,,False,,45,0,,,
45,8,True,0.284423,0.2844,none,,,False,,45,0,,,
45,90,True,0.65878,0.6588,none,,,False,,45,0,,,
45,39,True,0.643792,0.6438,none,,,False,,45,0,,,
45,95,True,0.49778,0.4978,none,,,False,,45,0,,,
45,55,True,0.092834,0.0928,none,,,False,,45,0,,,
45,86,True,0.401122,0.4011,none,,,False,,45,0,,,
45,1,True,0.492428,0.4924,none,,,False,,45,0,,,
45,98,True,0.371064,0.3711,none,,,False,,45,0,,,
45,10,True,1.003717,1.0037,none,,,False,,45,0,,,
45,78,True,0.22439,0.2244,none,,,False,,45,0,,,
45,46,True,0.642136,0.6421,none,,,False,,45,0,,,
45,22,True,0.309341,0.3093,none,,,False,,45,0,,,
45,81,True,0.701837,0.7018,none,,,False,,45,0,,,
45,27,True,0.552045,0.552,none,,,False,,45,0,,,
45,23,True,0.323192,0.3232,none,,,False,,45,0,,,
45,41,True,0.555104,0.5551,none,,,False,,45,0,,,
45,9,True,0.665884,0.6659,none,,,False,,45,0,,,
46,11,True,0.430198,0.4302,none,,,False,,46,0,,,
46,13,True,0.535535,0.5355,none,,,False,,46,0,,,
46,65,True,0.716861,0.7169,none,,,False,,46,0,,,
46,87,True,0.305062,0.3051,none,,,False,,46,0,,,
46,72,True,0.345148,0.3451,none,,,False,,46,0,,,
46,36,True,0.321303,0.3213,none,,,False,,46,0,,,
46,53,True,0.232957,0.233,none,,,False,,46,0,,,
46,66,True,0.508614,0.5086,none,,,False,,46,0,,,
46,6,True,0.172968,0.173,none,,,False,,46,0,,,
46,18,True,0.480503,0.4805,none,,,False,,46,0,,,
46,60,True,0.577246,0.5772,none,,,False,,46,0,,,
46,0,True,0.670862,0.6709,none,,,False,,46,0,,,
46,94,True,0.868091,0.8681,none,,,False,,46,0,,,
46,84,True,0.276759,0.2768,none,,,False,,46,0,,,
46,80,True,0.547268,0.5473,none,,,False,,46,0,,,
46,98,True,0.377738,0.3777,none,,,False,,46,0,,,
46,57,True,0.489969,0.49,none,,,False,,46,0,,,
46,88,True,0.483046,0.483,none,,,False,,46,0,,,
46,46,True,0.51724,0.5172,none,,,False,,46,0,,,
46,96,True,0.658045,0.658,none,,,False,,46,0,,,
46,7,True,0.46787,0.4679,none,,,False,,46,0,,,
46,33,True,0.368196,0.3682,none,,,False,,46,0,,,
46,62,True,0.389403,0.3894,none,,,False,,46,0,,,
46,99,True,0.95982,0.9598,none,,,False,,46,0,,,
46,63,True,0.872863,0.8729,none,,,False,,46,0,,,
46,64,True,0.564013,0.564,none,,,False,,46,0,,,
46,55,True,0.137709,0.1377,none,,,False,,46,0,,,
46,23,True,0.287734,0.2877,none,,,False,,46,0,,,
46,54,True,0.303928,0.3039,none,,,False,,46,0,,,
46,24,True,0.485674,0.4857,none,,,False,,46,0,,,
46,8,True,0.65725,0.6573,none,,,False,,46,0,,,
46,78,True,0.207302,0.2073,none,,,False,,46,0,,,
46,45,True,0.351063,0.3511,none,,,False,,46,0,,,
46,86,True,0.483138,0.4831,none,,,False,,46,0,,,
46,75,True,0.289427,0.2894,none,,,False,,46,0,,,
46,68,True,0.494279,0.4943,none,,,False,,46,0,,,
47,50,True,0.418144,0.4181,none,,,False,,47,0,,,
47,21,True,0.32609,0.3261,none,,,False,,47,0,,,
47,82,True,0.399014,0.399,none,,,False,,47,0,,,
47,84,True,0.128447,0.1284,none,,,False,,47,0,,,
47,54,True,0.12393,0.1239,none,,,False,,47,0,,,
47,55,True,0.412338,0.4123,none,,,False,,47,0,,,
47,17,True,0.35883,0.3588,none,,,False,,47,0,,,
47,78,True,0.243276,0.2433,none,,,False,,47,0,,,
47,96,True,0.431573,0.4316,none,,,False,,47,0,,,
47,6,True,0.094872,0.0949,none,,,False,,47,0,,,
47,98,True,0.192574,0.1926,none,,,False,,47,0,,,
47,83,True,0.396192,0.3962,none,,,False,,47,0,,,
47,49,True,0.565564,0.5656,none,,,False,,47,0,,,
47,25,True,0.448471,0.4485,none,,,False,,47,0,,,
47,40,True,0.359513,0.3595,none,,,False,,47,0,,,
47,16,True,0.439337,0.4393,none,,,False,,47,0,,,
47,91,True,0.487696,0.4877,none,,,False,,47,0,,,
47,74,True,0.729114,0.7291,none,,,False,,47,0,,,
47,94,True,0.803499,0.8035,none,,,False,,47,0,,,
47,4,True,0.376044,0.376,none,,,False,,47,0,,,
47,95,True,0.703056,0.7031,none,,,False,,47,0,,,
47,90,True,0.662947,0.6629,none,,,False,,47,0,,,
47,32,True,0.467672,0.4677,none,,,False,,47,0,,,
47,60,True,0.301036,0.301,none,,,False,,47,0,,,
47,47,True,0.331752,0.3318,none,,,False,,47,0,,,
47,41,True,0.428007,0.428,none,,,False,,47,0,,,
47,79,True,0.324637,0.3246,none,,,False,,47,0,,,
47,34,True,0.421176,0.4212,none,,,False,,47,0,,,
47,88,True,0.627412,0.6274,none,,,False,,47,0,,,
47,99,True,0.827095,0.8271,none,,,False,,47,0,,,
47,9,True,0.962424,0.9624,none,,,False,,47,0,,,
47,72,True,0.266959,0.267,none,,,False,,47,0,,,
47,52,True,0.349678,0.3497,none,,,False,,47,0,,,
47,12,True,0.620126,0.6201,none,,,False,,47,0,,,
47,51,True,0.363382,0.3634,none,,,False,,47,0,,,
47,22,True,0.375275,0.3753,none,,,False,,47,0,,,
48,22,True,0.337066,0.3371,none,,,False,,48,0,,,
48,54,True,0.231591,0.2316,none,,,False,,48,0,,,
48,67,True,0.650798,0.6508,none,,,False,,48,0,,,
48,33,True,0.242239,0.2422,none,,,False,,48,0,,,
48,12,True,0.876601,0.8766,none,,,False,,48,0,,,
48,16,True,0.49615,0.4961,none,,,False,,48,0,,,
48,0,True,0.711756,0.7118,none,,,False,,48,0,,,
48,15,True,0.618259,0.6183,none,,,False,,48,0,,,
48,56,True,0.18377,0.1838,none,,,False,,48,0,,,
48,1,True,0.550792,0.5508,none,,,False,,48,0,,,
48,66,True,0.460978,0.461,none,,,False,,48,0,,,
48,69,True,0.416206,0.4162,none,,,False,,48,0,,,
48,20,True,0.297549,0.2975,none,,,False,,48,0,,,
48,84,True,0.374654,0.3747,none,,,False,,48,0,,,
48,62,True,0.279748,0.2797,none,,,False,,48,0,,,
48,72,True,0.354644,0.3546,none,,,False,,48,0,,,
48,99,True,0.875225,0.8752,none,,,False,,48,0,,,
48,53,True,0.249163,0.2492,none,,,False,,48,0,,,
48,91,True,0.285627,0.2856,none,,,False,,48,0,,,
48,55,True,0.29342,0.2934,none,,,False,,48,0,,,
48,86,True,0.592766,0.5928,none,,,False,,48,0,,,
48,40,True,0.299981,0.3,none,,,False,,48,0,,,
48,48,True,0.390702,0.3907,none,,,False,,48,0,,,
48,85,True,0.409907,0.4099,none,,,False,,48,0,,,
48,95,True,0.447054,0.4471,none,,,False,,48,0,,,
48,88,True,0.561204,0.5612,none,,,False,,48,0,,,
48,82,True,0.334018,0.334,none,,,False,,48,0,,,
48,59,True,1.162872,1.1629,none,,,False,,48,0,,,
48,45,True,0.424303,0.4243,none,,,False,,48,0,,,
48,11,True,0.568389,0.5684,none,,,False,,48,0,,,
48,96,True,0.563345,0.5633,none,,,False,,48,0,,,
48,81,True,0.641718,0.6417,none,,,False,,48,0,,,
48,42,True,0.477534,0.4775,none,,,False,,48,0,,,
48,36,True,0.280001,0.28,none,,,False,,48,0,,,
48,93,True,0.656139,0.6561,none,,,False,,48,0,,,
48,97,True,0.609967,0.61,none,,,False,,48,0,,,
49,16,True,0.633074,0.6331,none,,,False,,49,0,,,
49,63,True,0.827651,0.8277,none,,,False,,49,0,,,
49,26,True,0.27677,0.2768,none,,,False,,49,0,,,
49,68,True,0.588822,0.5888,none,,,False,,49,0,,,
49,12,True,0.733581,0.7336,none,,,False,,49,0,,,
49,92,True,0.287771,0.2878,none,,,False,,49,0,,,
49,77,True,0.496793,0.4968,none,,,False,,49,0,,,
49,85,True,0.341803,0.3418,none,,,False,,49,0,,,
49,86,True,0.375606,0.3756,none,,,False,,49,0,,,
49,4,True,0.373104,0.3731,none,,,False,,49,0,,,
49,34,True,0.627909,0.6279,none,,,False,,49,0,,,
49,54,True,0.233324,0.2333,none,,,False,,49,0,,,
49,33,True,0.322763,0.3228,none,,,False,,49,0,,,
49,49,True,0.53597,0.536,none,,,False,,49,0,,,
49,0,True,0.598906,0.5989,none,,,False,,49,0,,,
49,10,True,1.299281,1.2993,none,,,False,,49,0,,,
49,99,True,0.835703,0.8357,none,,,False,,49,0,,,
49,6,True,0.614387,0.6144,none,,,False,,49,0,,,
49,5,True,0.770665,0.7707,none,,,False,,49,0,,,
49,62,True,0.367292,0.3673,none,,,False,,49,0,,,
49,32,True,0.367847,0.3678,none,,,False,,49,0,,,
49,64,True,0.711034,0.711,none,,,False,,49,0,,,
49,27,True,0.483186,0.4832,none,,,False,,49,0,,,
49,60,True,0.599458,0.5995,none,,,False,,49,0,,,
49,22,True,0.330347,0.3303,none,,,False,,49,0,,,
49,90,True,0.699264,0.6993,none,,,False,,49,0,,,
49,89,True,0.626686,0.6267,none,,,False,,49,0,,,
49,7,True,0.544953,0.545,none,,,False,,49,0,,,
49,2,True,-0.349265,-0.3493,none,,,False,,49,0,,,
49,57,True,0.340239,0.3402,none,,,False,,49,0,,,
49,21,True,0.371308,0.3713,none,,,False,,49,0,,,
49,14,True,0.166321,0.1663,none,,,False,,49,0,,,
49,50,True,0.426882,0.4269,none,,,False,,49,0,,,
49,46,True,0.628594,0.6286,none,,,False,,49,0,,,
49,97,True,0.470892,0.4709,none,,,False,,49,0,,,
49,74,True,0.715996,0.716,none,,,False,,49,0,,,
50,40,True,0.413371,0.4134,none,,,False,,50,0,,,
50,82,True,0.485703,0.4857,none,,,False,,50,0,,,
50,7,True,0.539353,0.5394,none,,,False,,50,0,,,
50,29,True,0.396847,0.3968,none,,,False,,50,0,,,
50,32,True,0.563962,0.564,none,,,False,,50,0,,,
50,97,True,0.579825,0.5798,none,,,False,,50,0,,,
50,51,True,0.543957,0.544,none,,,False,,50,0,,,
50,88,True,0.446251,0.4463,none,,,False,,50,0,,,
50,13,True,0.747295,0.7473,none,,,False,,50,0,,,
50,21,True,0.423739,0.4237,none,,,False,,50,0,,,
50,28,True,0.235594,0.2356,none,,,False,,50,0,,,
50,53,True,0.932333,0.9323,none,,,False,,50,0,,,
50,59,True,1.282517,1.2825,none,,,False,,50,0,,,
50,1,True,0.691905,0.6919,none,,,False,,50,0,,,
50,62,True,0.376079,0.3761,none,,,False,,50,0,,,
50,31,True,1.008449,1.0084,none,,,False,,50,0,,,
50,90,True,0.643734,0.6437,none,,,False,,50,0,,,
50,80,True,0.721266,0.7213,none,,,False,,50,0,,,
50,19,True,0.830679,0.8307,none,,,False,,50,0,,,
50,73,True,0.355041,0.355,none,,,False,,50,0,,,
50,36,True,0.580467,0.5805,none,,,False,,50,0,,,
50,26,True,0.309687,0.3097,none,,,False,,50,0,,,
50,48,True,0.382612,0.3826,none,,,False,,50,0,,,
50,30,True,0.692392,0.6924,none,,,False,,50,0,,,
50,42,True,0.428439,0.4284,none,,,False,,50,0,,,
50,24,True,0.699247,0.6992,none,,,False,,50,0,,,
50,93,True,1.082381,1.0824,none,,,False,,50,0,,,
50,63,True,0.589008,0.589,none,,,False,,50,0,,,
50,67,True,0.475022,0.475,none,,,False,,50,0,,,
50,68,True,0.400912,0.4009,none,,,False,,50,0,,,
50,54,True,0.273324,0.2733,none,,,False,,50,0,,,
50,50,True,0.355172,0.3552,none,,,False,,50,0,,,
50,58,True,0.68465,0.6847,none,,,False,,50,0,,,
50,87,True,0.175278,0.1753,none,,,False,,50,0,,,
50,38,True,0.941933,0.9419,none,,,False,,50,0,,,
50,91,True,0.574603,0.5746,none,,,False,,50,0,,,
51,24,True,0.688272,0.6883,none,,,False,,51,0,,,
51,58,True,0.484736,0.4847,none,,,False,,51,0,,,
51,92,True,0.869225,0.8692,none,,,False,,51,0,,,
51,49,True,0.478583,0.4786,none,,,False,,51,0,,,
51,19,True,0.461341,0.4613,none,,,False,,51,0,,,
51,69,True,0.430721,0.4307,none,,,False,,51,0,,,
51,40,True,0.286833,0.2868,none,,,False,,51,0,,,
51,98,True,0.117684,0.1177,none,,,False,,51,0,,,
51,66,True,0.611042,0.611,none,,,False,,51,0,,,
51,9,True,0.580365,0.5804,none,,,False,,51,0,,,
51,46,True,0.683395,0.6834,none,,,False,,51,0,,,
51,20,True,0.426936,0.4269,none,,,False,,51,0,,,
51,32,True,0.773154,0.7732,none,,,False,,51,0,,,
51,85,True,0.500066,0.5001,none,,,False,,51,0,,,
51,8,True,0.525711,0.5257,none,,,False,,51,0,,,
51,84,True,0.454833,0.4548,none,,,False,,51,0,,,
51,7,True,0.6819,0.6819,none,,,False,,51,0,,,
51,78,True,0.181623,0.1816,none,,,False,,51,0,,,
51,61,True,0.361284,0.3613,none,,,False,,51,0,,,
51,15,True,0.622989,0.623,none,,,False,,51,0,,,
51,80,True,0.449313,0.4493,none,,,False,,51,0,,,
51,56,True,0.38539,0.3854,none,,,False,,51,0,,,
51,89,True,0.388848,0.3888,none,,,False,,51,0,,,
51,33,True,0.40056,0.4006,none,,,False,,51,0,,,
51,79,True,0.614035,0.614,none,,,False,,51,0,,,
51,48,True,0.363683,0.3637,none,,,False,,51,0,,,
51,2,True,0.688054,0.6881,none,,,False,,51,0,,,
51,83,True,0.509126,0.5091,none,,,False,,51,0,,,
51,70,True,1.015209,1.0152,none,,,False,,51,0,,,
51,31,True,0.969842,0.9698,none,,,False,,51,0,,,
51,21,True,0.281267,0.2813,none,,,False,,51,0,,,
51,1,True,0.619423,0.6194,none,,,False,,51,0,,,
51,11,True,0.326164,0.3262,none,,,False,,51,0,,,
51,86,True,0.38295,0.3829,none,,,False,,51,0,,,
51,76,True,0.233857,0.2339,none,,,False,,51,0,,,
51,16,True,0.687771,0.6878,none,,,False,,51,0,,,
52,76,True,0.360916,0.3609,none,,,False,,52,0,,,
52,4,True,0.342388,0.3424,none,,,False,,52,0,,,
52,20,True,0.328798,0.3288,none,,,False,,52,0,,,
52,55,True,0.394787,0.3948,none,,,False,,52,0,,,
52,81,True,0.313177,0.3132,none,,,False,,52,0,,,
52,66,True,0.535043,0.535,none,,,False,,52,0,,,
52,77,True,0.403971,0.404,none,,,False,,52,0,,,
52,50,True,0.359531,0.3595,none,,,False,,52,0,,,
52,64,True,0.590555,0.5906,none,,,False,,52,0,,,
52,87,True,0.322939,0.3229,none,,,False,,52,0,,,
52,48,True,0.323328,0.3233,none,,,False,,52,0,,,
52,30,True,0.695428,0.6954,none,,,False,,52,0,,,
52,47,True,0.365329,0.3653,none,,,False,,52,0,,,
52,95,True,0.636891,0.6369,none,,,False,,52,0,,,
52,26,True,0.336952,0.337,none,,,False,,52,0,,,
52,46,True,0.590779,0.5908,none,,,False,,52,0,,,
52,35,True,0.526903,0.5269,none,,,False,,52,0,,,
52,21,True,0.381982,0.382,none,,,False,,52,0,,,
52,19,True,0.585499,0.5855,none,,,False,,52,0,,,
52,45,True,0.353364,0.3534,none,,,False,,52,0,,,
52,58,True,0.561808,0.5618,none,,,False,,52,0,,,
52,65,True,0.669986,0.67,none,,,False,,52,0,,,
52,41,True,0.489708,0.4897,none,,,False,,52,0,,,
52,89,True,0.46706,0.4671,none,,,False,,52,0,,,
52,51,True,0.372084,0.3721,none,,,False,,52,0,,,
52,2,True,-0.076327,-0.0763,none,,,False,,52,0,,,
52,9,True,0.699633,0.6996,none,,,False,,52,0,,,
52,80,True,0.640754,0.6408,none,,,False,,52,0,,,
52,85,True,0.388061,0.3881,none,,,False,,52,0,,,
52,84,True,0.355473,0.3555,none,,,False,,52,0,,,
52,5,True,0.833839,0.8338,none,,,False,,52,0,,,
52,70,True,0.9017,0.9017,none,,,False,,52,0,,,
52,96,True,0.555836,0.5558,none,,,False,,52,0,,,
52,29,True,0.349636,0.3496,none,,,False,,52,0,,,
52,57,True,0.496959,0.497,none,,,False,,52,0,,,
52,59,True,1.177083,1.1771,none,,,False,,52,0,,,
53,72,True,0.345011,0.345,none,,,False,,53,0,,,
53,91,True,0.387734,0.3877,none,,,False,,53,0,,,
53,19,True,0.560113,0.5601,none,,,False,,53,0,,,
53,87,True,-0.034725,-0.0347,none,,,False,,53,0,,,
53,44,True,0.468821,0.4688,none,,,False,,53,0,,,
53,45,True,0.402295,0.4023,none,,,False,,53,0,,,
53,71,True,0.705987,0.706,none,,,False,,53,0,,,
53,66,True,0.655542,0.6555,none,,,False,,53,0,,,
53,5,True,0.610455,0.6105,none,,,False,,53,0,,,
53,67,True,0.31277,0.3128,none,,,False,,53,0,,,
53,23,True,0.757517,0.7575,none,,,False,,53,0,,,
53,52,True,0.092294,0.0923,none,,,False,,53,0,,,
53,85,True,0.269651,0.2697,none,,,False,,53,0,,,
53,68,True,0.621552,0.6216,none,,,False,,53,0,,,
53,86,True,0.314545,0.3145,none,,,False,,53,0,,,
53,24,True,0.870177,0.8702,none,,,False,,53,0,,,
53,77,True,0.553467,0.5535,none,,,False,,53,0,,,
53,64,True,0.369955,0.37,none,,,False,,53,0,,,
53,49,True,0.475843,0.4758,none,,,False,,53,0,,,
53,59,True,1.039032,1.039,none,,,False,,53,0,,,
53,46,True,0.788651,0.7887,none,,,False,,53,0,,,
53,31,True,1.011845,1.0118,none,,,False,,53,0,,,
53,2,True,0.306097,0.3061,none,,,False,,53,0,,,
53,33,True,0.397517,0.3975,none,,,False,,53,0,,,
53,84,True,0.184968,0.185,none,,,False,,53,0,,,
53,10,True,1.24966,1.2497,none,,,False,,53,0,,,
53,74,True,0.760861,0.7609,none,,,False,,53,0,,,
53,98,True,0.318053,0.3181,none,,,False,,53,0,,,
53,53,True,0.525793,0.5258,none,,,False,,53,0,,,
53,8,True,0.550127,0.5501,none,,,False,,53,0,,,
53,70,True,1.216687,1.2167,none,,,False,,53,0,,,
53,79,True,0.251443,0.2514,none,,,False,,53,0,,,
53,35,True,0.423331,0.4233,none,,,False,,53,0,,,
53,47,True,0.385138,0.3851,none,,,False,,53,0,,,
53,21,True,0.370404,0.3704,none,,,False,,53,0,,,
53,96,True,0.432485,0.4325,none,,,False,,53,0,,,
54,38,True,1.041532,1.0415,none,,,False,,54,0,,,
54,72,True,0.26478,0.2648,none,,,False,,54,0,,,
54,36,True,0.325928,0.3259,none,,,False,,54,0,,,
54,0,True,0.611231,0.6112,none,,,False,,54,0,,,
54,1,True,0.716355,0.7164,none,,,False,,54,0,,,
54,46,True,0.555779,0.5558,none,,,False,,54,0,,,
54,7,True,0.583166,0.5832,none,,,False,,54,0,,,
54,53,True,0.676101,0.6761,none,,,False,,54,0,,,
54,76,True,0.429932,0.4299,none,,,False,,54,0,,,
54,75,True,0.566436,0.5664,none,,,False,,54,0,,,
54,87,True,0.234534,0.2345,none,,,False,,54,0,,,
54,77,True,0.454919,0.4549,none,,,False,,54,0,,,
54,55,True,0.302468,0.3025,none,,,False,,54,0,,,
54,93,True,0.818531,0.8185,none,,,False,,54,0,,,
54,56,True,0.227691,0.2277,none,,,False,,54,0,,,
54,60,True,0.363213,0.3632,none,,,False,,54,0,,,
54,42,True,0.368797,0.3688,none,,,False,,54,0,,,
54,15,True,0.443791,0.4438,none,,,False,,54,0,,,
54,68,True,0.470358,0.4704,none,,,False,,54,0,,,
54,82,True,0.379659,0.3797,none,,,False,,54,0,,,
54,5,True,0.716086,0.7161,none,,,False,,54,0,,,
54,81,True,0.369909,0.3699,none,,,False,,54,0,,,
54,97,True,0.537239,0.5372,none,,,False,,54,0,,,
54,28,True,0.175062,0.1751,none,,,False,,54,0,,,
54,84,True,0.318218,0.3182,none,,,False,,54,0,,,
54,16,True,0.844405,0.8444,none,,,False,,54,0,,,
54,58,True,0.639729,0.6397,none,,,False,,54,0,,,
54,18,True,1.147244,1.1472,none,,,False,,54,0,,,
54,44,True,0.64308,0.6431,none,,,False,,54,0,,,
54,73,True,0.492224,0.4922,none,,,False,,54,0,,,
54,62,True,0.484323,0.4843,none,,,False,,54,0,,,
54,67,True,0.398921,0.3989,none,,,False,,54,0,,,
54,83,True,0.480444,0.4804,none,,,False,,54,0,,,
54,66,True,0.617031,0.617,none,,,False,,54,0,,,
54,45,True,0.350918,0.3509,none,,,False,,54,0,,,
54,33,True,0.506162,0.5062,none,,,False,,54,0,,,
55,59,True,1.223396,1.2234,none,,,False,,55,0,,,
55,86,True,0.224145,0.2241,none,,,False,,55,0,,,
55,65,True,0.565782,0.5658,none,,,False,,55,0,,,
55,87,True,0.27078,0.2708,none,,,False,,55,0,,,
55,67,True,0.435807,0.4358,none,,,False,,55,0,,,
55,38,True,0.868619,0.8686,none,,,False,,55,0,,,
55,72,True,0.323287,0.3233,none,,,False,,55,0,,,
55,81,True,0.515335,0.5153,none,,,False,,55,0,,,
55,69,True,0.459324,0.4593,none,,,False,,55,0,,,
55,37,True,0.364859,0.3649,none,,,False,,55,0,,,
55,19,True,0.644365,0.6444,none,,,False,,55,0,,,
55,74,True,0.721089,0.7211,none,,,False,,55,0,,,
55,55,True,0.295467,0.2955,none,,,False,,55,0,,,
55,5,True,1.039682,1.0397,none,,,False,,55,0,,,
55,17,True,0.475018,0.475,none,,,False,,55,0,,,
55,14,True,-0.000224,-0.0002,none,,,False,,55,0,,,
55,11,True,0.603777,0.6038,none,,,False,,55,0,,,
55,0,True,0.721334,0.7213,none,,,False,,55,0,,,
55,6,True,0.892604,0.8926,none,,,False,,55,0,,,
55,31,True,0.956952,0.957,none,,,False,,55,0,,,
55,41,True,0.500679,0.5007,none,,,False,,55,0,,,
55,99,True,0.658549,0.6585,none,,,False,,55,0,,,
55,49,True,0.495007,0.495,none,,,False,,55,0,,,
55,84,True,0.385469,0.3855,none,,,False,,55,0,,,
55,64,True,0.686143,0.6861,none,,,False,,55,0,,,
55,30,True,0.675431,0.6754,none,,,False,,55,0,,,
55,53,True,0.470875,0.4709,none,,,False,,55,0,,,
55,98,True,0.241771,0.2418,none,,,False,,55,0,,,
55,83,True,0.505002,0.505,none,,,False,,55,0,,,
55,22,True,0.316753,0.3168,none,,,False,,55,0,,,
55,63,True,0.849105,0.8491,none,,,False,,55,0,,,
55,90,True,0.592908,0.5929,none,,,False,,55,0,,,
55,20,True,0.336648,0.3366,none,,,False,,55,0,,,
55,75,True,0.26813,0.2681,none,,,False,,55,0,,,
55,34,True,0.533367,0.5334,none,,,False,,55,0,,,
55,39,True,0.911201,0.9112,none,,,False,,55,0,,,
56,88,True,0.584981,0.585,none,,,False,,56,0,,,
56,68,True,0.767698,0.7677,none,,,False,,56,0,,,
56,91,True,0.445562,0.4456,none,,,False,,56,0,,,
56,13,True,0.706816,0.7068,none,,,False,,56,0,,,
56,41,True,0.38841,0.3884,none,,,False,,56,0,,,
56,33,True,0.437559,0.4376,none,,,False,,56,0,,,
56,64,True,0.570622,0.5706,none,,,False,,56,0,,,
56,35,True,0.462217,0.4622,none,,,False,,56,0,,,
56,92,True,0.811315,0.8113,none,,,False,,56,0,,,
56,97,True,0.480182,0.4802,none,,,False,,56,0,,,
56,78,True,0.285851,0.2859,none,,,False,,56,0,,,
56,83,True,0.559817,0.5598,none,,,False,,56,0,,,
56,58,True,0.606108,0.6061,none,,,False,,56,0,,,
56,84,True,0.200388,0.2004,none,,,False,,56,0,,,
56,18,True,1.285806,1.2858,none,,,False,,56,0,,,
56,24,True,0.706137,0.7061,none,,,False,,56,0,,,
56,2,True,0.272384,0.2724,none,,,False,,56,0,,,
56,5,True,0.562623,0.5626,none,,,False,,56,0,,,
56,60,True,0.443723,0.4437,none,,,False,,56,0,,,
56,9,True,0.782914,0.7829,none,,,False,,56,0,,,
56,87,True,0.224283,0.2243,none,,,False,,56,0,,,
56,80,True,0.497773,0.4978,none,,,False,,56,0,,,
56,46,True,0.79214,0.7921,none,,,False,,56,0,,,
56,22,True,0.313235,0.3132,none,,,False,,56,0,,,
56,89,True,0.521123,0.5211,none,,,False,,56,0,,,
56,65,True,0.676017,0.676,none,,,False,,56,0,,,
56,42,True,0.39131,0.3913,none,,,False,,56,0,,,
56,74,True,0.510348,0.5103,none,,,False,,56,0,,,
56,28,True,0.16141,0.1614,none,,,False,,56,0,,,
56,15,True,0.536996,0.537,none,,,False,,56,0,,,
56,95,True,0.643683,0.6437,none,,,False,,56,0,,,
56,16,True,0.702637,0.7026,none,,,False,,56,0,,,
56,52,True,-0.220343,-0.2203,none,,,False,,56,0,,,
56,93,True,0.813674,0.8137,none,,,False,,56,0,,,
56,19,True,0.676759,0.6768,none,,,False,,56,0,,,
56,86,True,0.459665,0.4597,none,,,False,,56,0,,,
57,0,True,0.475678,0.4757,none,,,False,,57,0,,,
57,61,True,0.409105,0.4091,none,,,False,,57,0,,,
57,45,True,0.46628,0.4663,none,,,False,,57,0,,,
57,58,True,0.357519,0.3575,none,,,False,,57,0,,,
57,42,True,0.478254,0.4783,none,,,False,,57,0,,,
57,30,True,0.74209,0.7421,none,,,False,,57,0,,,
57,40,True,0.405822,0.4058,none,,,False,,57,0,,,
57,60,True,0.608786,0.6088,none,,,False,,57,0,,,
57,52,True,0.26111,0.2611,none,,,False,,57,0,,,
57,5,True,0.755321,0.7553,none,,,False,,57,0,,,
57,68,True,0.556235,0.5562,none,,,False,,57,0,,,
57,49,True,0.550031,0.55,none,,,False,,57,0,,,
57,71,True,0.426365,0.4264,none,,,False,,57,0,,,
57,67,True,0.514572,0.5146,none,,,False,,57,0,,,
57,91,True,0.405896,0.4059,none,,,False,,57,0,,,
57,44,True,0.60503,0.605,none,,,False,,57,0,,,
57,90,True,0.676928,0.6769,none,,,False,,57,0,,,
57,20,True,0.351367,0.3514,none,,,False,,57,0,,,
57,73,True,0.626268,0.6263,none,,,False,,57,0,,,
57,55,True,-0.006913,-0.0069,none,,,False,,57,0,,,
57,87,True,-0.132669,-0.1327,none,,,False,,57,0,,,
57,28,True,0.205603,0.2056,none,,,False,,57,0,,,
57,70,True,1.060695,1.0607,none,,,False,,57,0,,,
57,2,True,0.56093,0.5609,none,,,False,,57,0,,,
57,95,True,0.58999,0.59,none,,,False,,57,0,,,
57,27,True,0.669114,0.6691,none,,,False,,57,0,,,
57,79,True,0.462961,0.463,none,,,False,,57,0,,,
57,47,True,0.408616,0.4086,none,,,False,,57,0,,,
57,9,True,0.537833,0.5378,none,,,False,,57,0,,,
57,12,True,0.887689,0.8877,none,,,False,,57,0,,,
57,99,True,0.942504,0.9425,none,,,False,,57,0,,,
57,22,True,0.232562,0.2326,none,,,False,,57,0,,,
57,8,True,0.634832,0.6348,none,,,False,,57,0,,,
57,14,True,0.278783,0.2788,none,,,False,,57,0,,,
57,56,True,0.21907,0.2191,none,,,False,,57,0,,,
57,92,True,0.720612,0.7206,none,,,False,,57,0,,,
58,90,True,0.661217,0.6612,none,,,False,,58,0,,,
58,51,True,0.317851,0.3179,none,,,False,,58,0,,,
58,79,True,0.389767,0.3898,none,,,False,,58,0,,,
58,69,True,0.293461,0.2935,none,,,False,,58,0,,,
58,45,True,0.357387,0.3574,none,,,False,,58,0,,,
58,55,True,0.211865,0.2119,none,,,False,,58,0,,,
58,42,True,0.49402,0.494,none,,,False,,58,0,,,
58,19,True,0.540805,0.5408,none,,,False,,58,0,,,
58,7,True,0.322044,0.322,none,,,False,,58,0,,,
58,47,True,0.31909,0.3191,none,,,False,,58,0,,,
58,87,True,0.220077,0.2201,none,,,False,,58,0,,,
58,15,True,0.507813,0.5078,none,,,False,,58,0,,,
58,33,True,0.330822,0.3308,none,,,False,,58,0,,,
58,81,True,0.624776,0.6248,none,,,False,,58,0,,,
58,43,True,0.774031,0.774,none,,,False,,58,0,,,
58,67,True,0.476116,0.4761,none,,,False,,58,0,,,
58,75,True,0.460306,0.4603,none,,,False,,58,0,,,
58,16,True,0.672749,0.6727,none,,,False,,58,0,,,
58,17,True,0.471758,0.4718,none,,,False,,58,0,,,
58,68,True,0.72122,0.7212,none,,,False,,58,0,,,
58,72,True,0.267782,0.2678,none,,,False,,58,0,,,
58,48,True,0.317792,0.3178,none,,,False,,58,0,,,
58,23,True,0.761897,0.7619,none,,,False,,58,0,,,
58,71,True,0.527859,0.5279,none,,,False,,58,0,,,
58,2,True,0.517664,0.5177,none,,,False,,58,0,,,
58,38,True,0.825231,0.8252,none,,,False,,58,0,,,
58,24,True,0.713785,0.7138,none,,,False,,58,0,,,
58,85,True,0.309905,0.3099,none,,,False,,58,0,,,
58,96,True,0.408012,0.408,none,,,False,,58,0,,,
58,56,True,0.233035,0.233,none,,,False,,58,0,,,
58,83,True,0.532206,0.5322,none,,,False,,58,0,,,
58,60,True,0.448726,0.4487,none,,,False,,58,0,,,
58,9,True,0.670505,0.6705,none,,,False,,58,0,,,
58,36,True,0.369802,0.3698,none,,,False,,58,0,,,
58,44,True,0.467797,0.4678,none,,,False,,58,0,,,
58,94,True,0.630055,0.6301,none,,,False,,58,0,,,
59,44,True,0.474016,0.474,none,,,False,,59,0,,,
59,33,True,0.344854,0.3449,none,,,False,,59,0,,,
59,13,True,0.646596,0.6466,none,,,False,,59,0,,,
59,69,True,0.342355,0.3424,none,,,False,,59,0,,,
59,45,True,0.365011,0.365,none,,,False,,59,0,,,
59,6,True,0.666368,0.6664,none,,,False,,59,0,,,
59,22,True,0.262994,0.263,none,,,False,,59,0,,,
59,72,True,0.341848,0.3418,none,,,False,,59,0,,,
59,59,True,1.135958,1.136,none,,,False,,59,0,,,
59,94,True,0.800356,0.8004,none,,,False,,59,0,,,
59,70,True,1.118524,1.1185,none,,,False,,59,0,,,
59,79,True,0.368416,0.3684,none,,,False,,59,0,,,
59,4,True,0.362519,0.3625,none,,,False,,59,0,,,
59,65,True,0.62683,0.6268,none,,,False,,59,0,,,
59,49,True,0.5168,0.5168,none,,,False,,59,0,,,
59,38,True,0.867898,0.8679,none,,,False,,59,0,,,
59,86,True,0.44008,0.4401,none,,,False,,59,0,,,
59,84,True,0.346872,0.3469,none,,,False,,59,0,,,
59,90,True,0.608316,0.6083,none,,,False,,59,0,,,
59,15,True,0.328885,0.3289,none,,,False,,59,0,,,
59,51,True,0.337,0.337,none,,,False,,59,0,,,
59,97,True,0.44161,0.4416,none,,,False,,59,0,,,
59,54,True,0.211439,0.2114,none,,,False,,59,0,,,
59,76,True,0.208428,0.2084,none,,,False,,59,0,,,
59,96,True,0.442217,0.4422,none,,,False,,59,0,,,
59,87,True,0.172586,0.1726,none,,,False,,59,0,,,
59,46,True,0.601915,0.6019,none,,,False,,59,0,,,
59,16,True,0.574804,0.5748,none,,,False,,59,0,,,
59,17,True,0.450213,0.4502,none,,,False,,59,0,,,
59,98,True,0.338105,0.3381,none,,,False,,59,0,,,
59,82,True,0.276776,0.2768,none,,,False,,59,0,,,
59,0,True,0.566658,0.5667,none,,,False,,59,0,,,
59,63,True,0.936418,0.9364,none,,,False,,59,0,,,
59,50,True,0.191167,0.1912,none,,,False,,59,0,,,
59,92,True,0.804847,0.8048,none,,,False,,59,0,,,
59,42,True,0.486591,0.4866,none,,,False,,59,0,,,
60,70,True,1.121492,1.1215,none,,,False,,60,0,,,
60,56,True,0.221511,0.2215,none,,,False,,60,0,,,
60,93,True,0.808974,0.809,none,,,False,,60,0,,,
60,41,True,0.398064,0.3981,none,,,False,,60,0,,,
60,32,True,0.610742,0.6107,none,,,False,,60,0,,,
60,38,True,0.7785,0.7785,none,,,False,,60,0,,,
60,25,True,0.552309,0.5523,none,,,False,,60,0,,,
60,59,True,0.978535,0.9785,none,,,False,,60,0,,,
60,55,True,0.341321,0.3413,none,,,False,,60,0,,,
60,12,True,0.740849,0.7408,none,,,False,,60,0,,,
60,1,True,0.701536,0.7015,none,,,False,,60,0,,,
60,94,True,0.692716,0.6927,none,,,False,,60,0,,,
60,34,True,0.300164,0.3002,none,,,False,,60,0,,,
60,9,True,0.865768,0.8658,none,,,False,,60,0,,,
60,87,True,0.043379,0.0434,none,,,False,,60,0,,,
60,65,True,0.522607,0.5226,none,,,False,,60,0,,,
60,72,True,0.229335,0.2293,none,,,False,,60,0,,,
60,46,True,0.659558,0.6596,none,,,False,,60,0,,,
60,99,True,0.782711,0.7827,none,,,False,,60,0,,,
60,11,True,0.278788,0.2788,none,,,False,,60,0,,,
60,64,True,0.726249,0.7262,none,,,False,,60,0,,,
60,10,True,1.043559,1.0436,none,,,False,,60,0,,,
60,30,True,0.682956,0.683,none,,,False,,60,0,,,
60,91,True,0.476031,0.476,none,,,False,,60,0,,,
60,50,True,0.464218,0.4642,none,,,False,,60,0,,,
60,24,True,0.739393,0.7394,none,,,False,,60,0,,,
60,0,True,0.482171,0.4822,none,,,False,,60,0,,,
60,31,True,0.85717,0.8572,none,,,False,,60,0,,,
60,62,True,0.29897,0.299,none,,,False,,60,0,,,
60,61,True,0.430842,0.4308,none,,,False,,60,0,,,
60,79,True,0.353393,0.3534,none,,,False,,60,0,,,
60,15,True,0.572821,0.5728,none,,,False,,60,0,,,
60,29,True,0.394962,0.395,none,,,False,,60,0,,,
60,39,True,0.705528,0.7055,none,,,False,,60,0,,,
60,85,True,0.240708,0.2407,none,,,False,,60,0,,,
60,3,True,0.716873,0.7169,none,,,False,,60,0,,,
61,5,True,1.159542,1.1595,none,,,False,,61,0,,,
61,71,True,0.643327,0.6433,none,,,False,,61,0,,,
61,11,True,0.469107,0.4691,none,,,False,,61,0,,,
61,3,True,0.704409,0.7044,none,,,False,,61,0,,,
61,10,True,1.163614,1.1636,none,,,False,,61,0,,,
61,79,True,0.455609,0.4556,none,,,False,,61,0,,,
61,83,True,0.460314,0.4603,none,,,False,,61,0,,,
61,58,True,0.467603,0.4676,none,,,False,,61,0,,,
61,92,True,0.877837,0.8778,none,,,False,,61,0,,,
61,1,True,0.532736,0.5327,none,,,False,,61,0,,,
61,73,True,0.320742,0.3207,none,,,False,,61,0,,,
61,82,True,0.373553,0.3736,none,,,False,,61,0,,,
61,15,True,0.404134,0.4041,none,,,False,,61,0,,,
61,39,True,0.588939,0.5889,none,,,False,,61,0,,,
61,44,True,0.603379,0.6034,none,,,False,,61,0,,,
61,54,True,0.275004,0.275,none,,,False,,61,0,,,
61,86,True,0.493084,0.4931,none,,,False,,61,0,,,
61,84,True,0.399699,0.3997,none,,,False,,61,0,,,
61,41,True,0.549868,0.5499,none,,,False,,61,0,,,
61,88,True,0.520425,0.5204,none,,,False,,61,0,,,
61,59,True,1.156211,1.1562,none,,,False,,61,0,,,
61,38,True,0.752668,0.7527,none,,,False,,61,0,,,
61,32,True,0.641279,0.6413,none,,,False,,61,0,,,
61,95,True,0.455391,0.4554,none,,,False,,61,0,,,
61,96,True,0.724305,0.7243,none,,,False,,61,0,,,
61,35,True,0.589878,0.5899,none,,,False,,61,0,,,
61,78,True,0.108863,0.1089,none,,,False,,61,0,,,
61,61,True,0.418272,0.4183,none,,,False,,61,0,,,
61,30,True,0.578785,0.5788,none,,,False,,61,0,,,
61,25,True,0.162476,0.1625,none,,,False,,61,0,,,
61,64,True,0.534432,0.5344,none,,,False,,61,0,,,
61,43,True,0.708281,0.7083,none,,,False,,61,0,,,
61,89,True,0.349998,0.35,none,,,False,,61,0,,,
61,49,True,0.520146,0.5201,none,,,False,,61,0,,,
61,13,True,0.596212,0.5962,none,,,False,,61,0,,,
61,37,True,0.360128,0.3601,none,,,False,,61,0,,,
62,88,True,0.534189,0.5342,none,,,False,,62,0,,,
62,27,True,0.628161,0.6282,none,,,False,,62,0,,,
62,96,True,0.448293,0.4483,none,,,False,,62,0,,,
62,43,True,0.740264,0.7403,none,,,False,,62,0,,,
62,95,True,0.585914,0.5859,none,,,False,,62,0,,,
62,87,True,0.157434,0.1574,none,,,False,,62,0,,,
62,22,True,0.26272,0.2627,none,,,False,,62,0,,,
62,63,True,0.813882,0.8139,none,,,False,,62,0,,,
62,46,True,0.752771,0.7528,none,,,False,,62,0,,,
62,36,True,0.372281,0.3723,none,,,False,,62,0,,,
62,4,True,0.386194,0.3862,none,,,False,,62,0,,,
62,18,True,1.261288,1.2613,none,,,False,,62,0,,,
62,7,True,0.482376,0.4824,none,,,False,,62,0,,,
62,82,True,0.345195,0.3452,none,,,False,,62,0,,,
62,20,True,0.397499,0.3975,none,,,False,,62,0,,,
62,77,True,0.408153,0.4082,none,,,False,,62,0,,,
62,0,True,0.49503,0.495,none,,,False,,62,0,,,
62,34,True,0.049287,0.0493,none,,,False,,62,0,,,
62,47,True,0.335814,0.3358,none,,,False,,62,0,,,
62,86,True,0.544742,0.5447,none,,,False,,62,0,,,
62,66,True,0.601832,0.6018,none,,,False,,62,0,,,
62,57,True,0.371414,0.3714,none,,,False,,62,0,,,
62,40,True,0.324444,0.3244,none,,,False,,62,0,,,
62,64,True,0.60266,0.6027,none,,,False,,62,0,,,
62,93,True,0.77466,0.7747,none,,,False,,62,0,,,
62,3,True,0.693116,0.6931,none,,,False,,62,0,,,
62,78,True,0.235803,0.2358,none,,,False,,62,0,,,
62,31,True,1.022496,1.0225,none,,,False,,62,0,,,
62,67,True,0.505201,0.5052,none,,,False,,62,0,,,
62,17,True,0.544996,0.545,none,,,False,,62,0,,,
62,25,True,0.389706,0.3897,none,,,False,,62,0,,,
62,8,True,0.650099,0.6501,none,,,False,,62,0,,,
62,12,True,0.704338,0.7043,none,,,False,,62,0,,,
62,21,True,0.298586,0.2986,none,,,False,,62,0,,,
62,41,True,0.442705,0.4427,none,,,False,,62,0,,,
62,51,True,0.377435,0.3774,none,,,False,,62,0,,,
63,18,True,1.242282,1.2423,none,,,False,,63,0,,,
63,56,True,0.353709,0.3537,none,,,False,,63,0,,,
63,72,True,0.27464,0.2746,none,,,False,,63,0,,,
63,12,True,0.513809,0.5138,none,,,False,,63,0,,,
63,78,True,0.158659,0.1587,none,,,False,,63,0,,,
63,70,True,1.257413,1.2574,none,,,False,,63,0,,,
63,2,True,-0.074297,-0.0743,none,,,False,,63,0,,,
63,60,True,0.355541,0.3555,none,,,False,,63,0,,,
63,62,True,0.220857,0.2209,none,,,False,,63,0,,,
63,87,True,0.261297,0.2613,none,,,False,,63,0,,,
63,5,True,1.050562,1.0506,none,,,False,,63,0,,,
63,53,True,0.684679,0.6847,none,,,False,,63,0,,,
63,76,True,0.423541,0.4235,none,,,False,,63,0,,,
63,46,True,0.519589,0.5196,none,,,False,,63,0,,,
63,91,True,0.372353,0.3724,none,,,False,,63,0,,,
63,32,True,0.756798,0.7568,none,,,False,,63,0,,,
63,31,True,1.096343,1.0963,none,,,False,,63,0,,,
63,90,True,0.549979,0.55,none,,,False,,63,0,,,
63,54,True,0.262458,0.2625,none,,,False,,63,0,,,
63,75,True,0.389521,0.3895,none,,,False,,63,0,,,
63,97,True,0.66332,0.6633,none,,,False,,63,0,,,
63,30,True,0.801956,0.802,none,,,False,,63,0,,,
63,39,True,0.791948,0.7919,none,,,False,,63,0,,,
63,77,True,0.486718,0.4867,none,,,False,,63,0,,,
63,57,True,0.530763,0.5308,none,,,False,,63,0,,,
63,10,True,1.160104,1.1601,none,,,False,,63,0,,,
63,68,True,0.153338,0.1533,none,,,False,,63,0,,,
63,29,True,0.491445,0.4914,none,,,False,,63,0,,,
63,65,True,0.738793,0.7388,none,,,False,,63,0,,,
63,9,True,0.632405,0.6324,none,,,False,,63,0,,,
63,80,True,0.493771,0.4938,none,,,False,,63,0,,,
63,63,True,0.696322,0.6963,none,,,False,,63,0,,,
63,22,True,0.318077,0.3181,none,,,False,,63,0,,,
63,48,True,0.441665,0.4417,none,,,False,,63,0,,,
63,92,True,0.96222,0.9622,none,,,False,,63,0,,,
63,21,True,0.320359,0.3204,none,,,False,,63,0,,,
64,58,True,0.618808,0.6188,none,,,False,,64,0,,,
64,80,True,0.578788,0.5788,none,,,False,,64,0,,,
64,7,True,0.498951,0.499,none,,,False,,64,0,,,
64,84,True,0.165794,0.1658,none,,,False,,64,0,,,
64,26,True,0.310108,0.3101,none,,,False,,64,0,,,
64,46,True,0.504177,0.5042,none,,,False,,64,0,,,
64,50,True,0.489015,0.489,none,,,False,,64,0,,,
64,17,True,0.518654,0.5187,none,,,False,,64,0,,,
64,52,True,0.491312,0.4913,none,,,False,,64,0,,,
64,18,True,1.207537,1.2075,none,,,False,,64,0,,,
64,47,True,0.443724,0.4437,none,,,False,,64,0,,,
64,16,True,0.877448,0.8774,none,,,False,,64,0,,,
64,48,True,0.351643,0.3516,none,,,False,,64,0,,,
64,94,True,0.808968,0.809,none,,,False,,64,0,,,
64,40,True,0.399099,0.3991,none,,,False,,64,0,,,
64,22,True,0.322487,0.3225,none,,,False,,64,0,,,
64,99,True,0.838633,0.8386,none,,,False,,64,0,,,
64,25,True,0.452283,0.4523,none,,,False,,64,0,,,
64,12,True,0.852391,0.8524,none,,,False,,64,0,,,
64,3,True,0.75575,0.7558,none,,,False,,64,0,,,
64,82,True,0.399794,0.3998,none,,,False,,64,0,,,
64,20,True,0.365692,0.3657,none,,,False,,64,0,,,
64,45,True,0.447791,0.4478,none,,,False,,64,0,,,
64,62,True,0.412781,0.4128,none,,,False,,64,0,,,
64,71,True,0.3773,0.3773,none,,,False,,64,0,,,
64,89,True,0.437076,0.4371,none,,,False,,64,0,,,
64,74,True,0.453562,0.4536,none,,,False,,64,0,,,
64,65,True,0.654929,0.6549,none,,,False,,64,0,,,
64,69,True,0.241872,0.2419,none,,,False,,64,0,,,
64,38,True,1.02552,1.0255,none,,,False,,64,0,,,
64,31,True,0.937307,0.9373,none,,,False,,64,0,,,
64,4,True,0.392217,0.3922,none,,,False,,64,0,,,
64,14,True,-0.035683,-0.0357,none,,,False,,64,0,,,
64,98,True,0.363997,0.364,none,,,False,,64,0,,,
64,27,True,0.65303,0.653,none,,,False,,64,0,,,
64,41,True,0.407772,0.4078,none,,,False,,64,0,,,
65,6,True,0.45172,0.4517,none,,,False,,65,0,,,
65,76,True,0.315898,0.3159,none,,,False,,65,0,,,
65,94,True,0.759282,0.7593,none,,,False,,65,0,,,
65,99,True,0.611568,0.6116,none,,,False,,65,0,,,
65,34,True,0.378675,0.3787,none,,,False,,65,0,,,
65,91,True,0.437435,0.4374,none,,,False,,65,0,,,
65,55,True,0.35725,0.3572,none,,,False,,65,0,,,
65,54,True,-0.011878,-0.0119,none,,,False,,65,0,,,
65,77,True,0.423995,0.424,none,,,False,,65,0,,,
65,10,True,1.241783,1.2418,none,,,False,,65,0,,,
65,9,True,0.704312,0.7043,none,,,False,,65,0,,,
65,38,True,0.739871,0.7399,none,,,False,,65,0,,,
65,89,True,0.52995,0.5299,none,,,False,,65,0,,,
65,52,True,0.390261,0.3903,none,,,False,,65,0,,,
65,33,True,0.246806,0.2468,none,,,False,,65,0,,,
65,19,True,0.588492,0.5885,none,,,False,,65,0,,,
65,1,True,0.45387,0.4539,none,,,False,,65,0,,,
65,90,True,0.54688,0.5469,none,,,False,,65,0,,,
65,36,True,0.453677,0.4537,none,,,False,,65,0,,,
65,16,True,0.562364,0.5624,none,,,False,,65,0,,,
65,8,True,0.577669,0.5777,none,,,False,,65,0,,,
65,87,True,0.224804,0.2248,none,,,False,,65,0,,,
65,45,True,0.198832,0.1988,none,,,False,,65,0,,,
65,80,True,0.606168,0.6062,none,,,False,,65,0,,,
65,0,True,0.528298,0.5283,none,,,False,,65,0,,,
65,81,True,0.599065,0.5991,none,,,False,,65,0,,,
65,44,True,0.436573,0.4366,none,,,False,,65,0,,,
65,88,True,0.561813,0.5618,none,,,False,,65,0,,,
65,39,True,0.872514,0.8725,none,,,False,,65,0,,,
65,79,True,0.535874,0.5359,none,,,False,,65,0,,,
65,37,True,0.307919,0.3079,none,,,False,,65,0,,,
65,51,True,0.400825,0.4008,none,,,False,,65,0,,,
65,5,True,0.986325,0.9863,none,,,False,,65,0,,,
65,73,True,0.383739,0.3837,none,,,False,,65,0,,,
65,42,True,0.446017,0.446,none,,,False,,65,0,,,
65,69,True,0.184514,0.1845,none,,,False,,65,0,,,
66,67,True,0.543971,0.544,none,,,False,,66,0,,,
66,73,True,0.481503,0.4815,none,,,False,,66,0,,,
66,42,True,0.471817,0.4718,none,,,False,,66,0,,,
66,80,True,0.487844,0.4878,none,,,False,,66,0,,,
66,8,True,0.667866,0.6679,none,,,False,,66,0,,,
66,25,True,0.338817,0.3388,none,,,False,,66,0,,,
66,20,True,0.459893,0.4599,none,,,False,,66,0,,,
66,72,True,0.342395,0.3424,none,,,False,,66,0,,,
66,34,True,0.509197,0.5092,none,,,False,,66,0,,,
66,70,True,1.113473,1.1135,none,,,False,,66,0,,,
66,21,True,0.259377,0.2594,none,,,False,,66,0,,,
66,81,True,0.665376,0.6654,none,,,False,,66,0,,,
66,37,True,0.311683,0.3117,none,,,False,,66,0,,,
66,19,True,0.425004,0.425,none,,,False,,66,0,,,
66,89,True,0.317565,0.3176,none,,,False,,66,0,,,
66,13,True,0.602411,0.6024,none,,,False,,66,0,,,
66,90,True,0.657685,0.6577,none,,,False,,66,0,,,
66,57,True,0.375593,0.3756,none,,,False,,66,0,,,
66,4,True,0.451024,0.451,none,,,False,,66,0,,,
66,30,True,0.707871,0.7079,none,,,False,,66,0,,,
66,49,True,0.512408,0.5124,none,,,False,,66,0,,,
66,22,True,0.313148,0.3131,none,,,False,,66,0,,,
66,11,True,0.397262,0.3973,none,,,False,,66,0,,,
66,56,True,0.30757,0.3076,none,,,False,,66,0,,,
66,71,True,0.522275,0.5223,none,,,False,,66,0,,,
66,82,True,0.299076,0.2991,none,,,False,,66,0,,,
66,85,True,0.32769,0.3277,none,,,False,,66,0,,,
66,66,True,0.546475,0.5465,none,,,False,,66,0,,,
66,74,True,0.673594,0.6736,none,,,False,,66,0,,,
66,92,True,0.943778,0.9438,none,,,False,,66,0,,,
66,51,True,0.376026,0.376,none,,,False,,66,0,,,
66,62,True,0.410412,0.4104,none,,,False,,66,0,,,
66,65,True,0.671471,0.6715,none,,,False,,66,0,,,
66,83,True,0.534823,0.5348,none,,,False,,66,0,,,
66,43,True,0.829336,0.8293,none,,,False,,66,0,,,
66,93,True,0.373304,0.3733,none,,,False,,66,0,,,
67,3,True,0.879375,0.8794,none,,,False,,67,0,,,
67,57,True,0.29703,0.297,none,,,False,,67,0,,,
67,59,True,1.134822,1.1348,none,,,False,,67,0,,,
67,85,True,0.381526,0.3815,none,,,False,,67,0,,,
67,33,True,0.445248,0.4452,none,,,False,,67,0,,,
67,80,True,0.547552,0.5476,none,,,False,,67,0,,,
67,51,True,0.485507,0.4855,none,,,False,,67,0,,,
67,62,True,0.348872,0.3489,none,,,False,,67,0,,,
67,5,True,1.041886,1.0419,none,,,False,,67,0,,,
67,6,True,0.660628,0.6606,none,,,False,,67,0,,,
67,2,True,0.537342,0.5373,none,,,False,,67,0,,,
67,30,True,0.612972,0.613,none,,,False,,67,0,,,
67,79,True,0.609368,0.6094,none,,,False,,67,0,,,
67,36,True,0.387584,0.3876,none,,,False,,67,0,,,
67,22,True,0.294342,0.2943,none,,,False,,67,0,,,
67,64,True,0.50782,0.5078,none,,,False,,67,0,,,
67,99,True,0.865763,0.8658,none,,,False,,67,0,,,
67,70,True,0.990509,0.9905,none,,,False,,67,0,,,
67,53,True,0.490543,0.4905,none,,,False,,67,0,,,
67,44,True,0.549755,0.5498,none,,,False,,67,0,,,
67,89,True,0.399803,0.3998,none,,,False,,67,0,,,
67,61,True,0.326569,0.3266,none,,,False,,67,0,,,
67,16,True,0.681056,0.6811,none,,,False,,67,0,,,
67,47,True,0.317587,0.3176,none,,,False,,67,0,,,
67,66,True,0.415599,0.4156,none,,,False,,67,0,,,
67,84,True,0.431019,0.431,none,,,False,,67,0,,,
67,86,True,0.443885,0.4439,none,,,False,,67,0,,,
67,12,True,0.702294,0.7023,none,,,False,,67,0,,,
67,19,True,0.435075,0.4351,none,,,False,,67,0,,,
67,88,True,0.52103,0.521,none,,,False,,67,0,,,
67,63,True,0.699559,0.6996,none,,,False,,67,0,,,
67,4,True,0.371275,0.3713,none,,,False,,67,0,,,
67,18,True,1.399608,1.3996,none,,,False,,67,0,,,
67,7,True,0.518409,0.5184,none,,,False,,67,0,,,
67,40,True,0.367034,0.367,none,,,False,,67,0,,,
67,13,True,0.50037,0.5004,none,,,False,,67,0,,,
68,16,True,0.638926,0.6389,none,,,False,,68,0,,,
68,97,True,0.460614,0.4606,none,,,False,,68,0,,,
68,66,True,0.652798,0.6528,none,,,False,,68,0,,,
68,93,True,0.638432,0.6384,none,,,False,,68,0,,,
68,6,True,0.572737,0.5727,none,,,False,,68,0,,,
68,57,True,0.360047,0.36,none,,,False,,68,0,,,
68,24,True,0.734961,0.735,none,,,False,,68,0,,,
68,55,True,0.181496,0.1815,none,,,False,,68,0,,,
68,71,True,0.713414,0.7134,none,,,False,,68,0,,,
68,82,True,0.343283,0.3433,none,,,False,,68,0,,,
68,85,True,0.305222,0.3052,none,,,False,,68,0,,,
68,56,True,0.309538,0.3095,none,,,False,,68,0,,,
68,15,True,0.413105,0.4131,none,,,False,,68,0,,,
68,62,True,0.26159,0.2616,none,,,False,,68,0,,,
68,65,True,0.750164,0.7502,none,,,False,,68,0,,,
68,36,True,0.425493,0.4255,none,,,False,,68,0,,,
68,48,True,0.374452,0.3745,none,,,False,,68,0,,,
68,59,True,0.896492,0.8965,none,,,False,,68,0,,,
68,31,True,0.890607,0.8906,none,,,False,,68,0,,,
68,44,True,0.411376,0.4114,none,,,False,,68,0,,,
68,32,True,0.723664,0.7237,none,,,False,,68,0,,,
68,4,True,0.358439,0.3584,none,,,False,,68,0,,,
68,9,True,0.657546,0.6575,none,,,False,,68,0,,,
68,87,True,0.291928,0.2919,none,,,False,,68,0,,,
68,91,True,0.412931,0.4129,none,,,False,,68,0,,,
68,29,True,0.417911,0.4179,none,,,False,,68,0,,,
68,45,True,0.371129,0.3711,none,,,False,,68,0,,,
68,2,True,0.172674,0.1727,none,,,False,,68,0,,,
68,75,True,0.480844,0.4808,none,,,False,,68,0,,,
68,80,True,0.286924,0.2869,none,,,False,,68,0,,,
68,95,True,0.68412,0.6841,none,,,False,,68,0,,,
68,28,True,0.223804,0.2238,none,,,False,,68,0,,,
68,5,True,0.760716,0.7607,none,,,False,,68,0,,,
68,21,True,0.518791,0.5188,none,,,False,,68,0,,,
68,77,True,0.496574,0.4966,none,,,False,,68,0,,,
68,30,True,0.775765,0.7758,none,,,False,,68,0,,,
69,55,True,0.050359,0.0504,none,,,False,,69,0,,,
69,62,True,0.326406,0.3264,none,,,False,,69,0,,,
69,35,True,0.516596,0.5166,none,,,False,,69,0,,,
69,42,True,0.491234,0.4912,none,,,False,,69,0,,,
69,92,True,0.821639,0.8216,none,,,False,,69,0,,,
69,23,True,0.75393,0.7539,none,,,False,,69,0,,,
69,31,True,0.882995,0.883,none,,,False,,69,0,,,
69,16,True,0.48102,0.481,none,,,False,,69,0,,,
69,5,True,0.500294,0.5003,none,,,False,,69,0,,,
69,89,True,0.449369,0.4494,none,,,False,,69,0,,,
69,56,True,0.284444,0.2844,none,,,False,,69,0,,,
69,13,True,0.673541,0.6735,none,,,False,,69,0,,,
69,36,True,0.386014,0.386,none,,,False,,69,0,,,
69,91,True,0.392391,0.3924,none,,,False,,69,0,,,
69,74,True,0.584333,0.5843,none,,,False,,69,0,,,
69,0,True,0.634036,0.634,none,,,False,,69,0,,,
69,27,True,0.66101,0.661,none,,,False,,69,0,,,
69,19,True,0.408682,0.4087,none,,,False,,69,0,,,
69,99,True,0.813666,0.8137,none,,,False,,69,0,,,
69,73,True,0.438908,0.4389,none,,,False,,69,0,,,
69,32,True,0.698229,0.6982,none,,,False,,69,0,,,
69,96,True,0.453531,0.4535,none,,,False,,69,0,,,
69,69,True,0.293343,0.2933,none,,,False,,69,0,,,
69,85,True,0.25281,0.2528,none,,,False,,69,0,,,
69,84,True,0.32382,0.3238,none,,,False,,69,0,,,
69,46,True,0.652793,0.6528,none,,,False,,69,0,,,
69,86,True,0.303413,0.3034,none,,,False,,69,0,,,
69,37,True,0.314372,0.3144,none,,,False,,69,0,,,
69,12,True,0.681201,0.6812,none,,,False,,69,0,,,
69,15,True,0.49669,0.4967,none,,,False,,69,0,,,
69,34,True,0.529698,0.5297,none,,,False,,69,0,,,
69,14,True,0.200763,0.2008,none,,,False,,69,0,,,
69,40,True,0.391653,0.3917,none,,,False,,69,0,,,
69,65,True,0.565496,0.5655,none,,,False,,69,0,,,
69,58,True,0.457326,0.4573,none,,,False,,69,0,,,
69,57,True,0.486778,0.4868,none,,,False,,69,0,,,
70,2,True,0.445032,0.445,none,,,False,,70,0,,,
70,63,True,0.789664,0.7897,none,,,False,,70,0,,,
70,60,True,0.34987,0.3499,none,,,False,,70,0,,,
70,30,True,0.510137,0.5101,none,,,False,,70,0,,,
70,13,True,0.734386,0.7344,none,,,False,,70,0,,,
70,72,True,0.282734,0.2827,none,,,False,,70,0,,,
70,79,True,0.455643,0.4556,none,,,False,,70,0,,,
70,80,True,0.482511,0.4825,none,,,False,,70,0,,,
70,14,True,-0.018779,-0.0188,none,,,False,,70,0,,,
70,42,True,0.393002,0.393,none,,,False,,70,0,,,
70,52,True,0.453628,0.4536,none,,,False,,70,0,,,
70,54,True,0.157801,0.1578,none,,,False,,70,0,,,
70,25,True,0.573912,0.5739,none,,,False,,70,0,,,
70,99,True,0.768744,0.7687,none,,,False,,70,0,,,
70,64,True,0.764259,0.7643,none,,,False,,70,0,,,
70,81,True,0.510512,0.5105,none,,,False,,70,0,,,
70,61,True,0.499286,0.4993,none,,,False,,70,0,,,
70,82,True,0.446313,0.4463,none,,,False,,70,0,,,
70,32,True,0.76513,0.7651,none,,,False,,70,0,,,
70,98,True,0.265681,0.2657,none,,,False,,70,0,,,
70,28,True,0.067141,0.0671,none,,,False,,70,0,,,
70,49,True,0.600169,0.6002,none,,,False,,70,0,,,
70,55,True,0.284639,0.2846,none,,,False,,70,0,,,
70,95,True,0.721589,0.7216,none,,,False,,70,0,,,
70,88,True,0.608145,0.6081,none,,,False,,70,0,,,
70,0,True,0.609461,0.6095,none,,,False,,70,0,,,
70,7,True,0.573729,0.5737,none,,,False,,70,0,,,
70,37,True,0.480594,0.4806,none,,,False,,70,0,,,
70,57,True,0.237039,0.237,none,,,False,,70,0,,,
70,39,True,0.650637,0.6506,none,,,False,,70,0,,,
70,91,True,0.330798,0.3308,none,,,False,,70,0,,,
70,38,True,1.028431,1.0284,none,,,False,,70,0,,,
70,4,True,0.423895,0.4239,none,,,False,,70,0,,,
70,36,True,0.484079,0.4841,none,,,False,,70,0,,,
70,23,True,0.681762,0.6818,none,,,False,,70,0,,,
70,45,True,0.43491,0.4349,none,,,False,,70,0,,,
71,30,True,0.675149,0.6751,none,,,False,,71,0,,,
71,21,True,0.220073,0.2201,none,,,False,,71,0,,,
71,80,True,0.607133,0.6071,none,,,False,,71,0,,,
71,40,True,0.451771,0.4518,none,,,False,,71,0,,,
71,54,True,0.287173,0.2872,none,,,False,,71,0,,,
71,6,True,0.89944,0.8994,none,,,False,,71,0,,,
71,70,True,1.253041,1.253,none,,,False,,71,0,,,
71,14,True,0.203396,0.2034,none,,,False,,71,0,,,
71,68,True,0.590012,0.59,none,,,False,,71,0,,,
71,85,True,0.341303,0.3413,none,,,False,,71,0,,,
71,3,True,0.808449,0.8084,none,,,False,,71,0,,,
71,62,True,0.304802,0.3048,none,,,False,,71,0,,,
71,9,True,0.449895,0.4499,none,,,False,,71,0,,,
71,92,True,1.219334,1.2193,none,,,False,,71,0,,,
71,7,True,0.314539,0.3145,none,,,False,,71,0,,,
71,5,True,1.380261,1.3803,none,,,False,,71,0,,,
71,39,True,0.570618,0.5706,none,,,False,,71,0,,,
71,36,True,0.351573,0.3516,none,,,False,,71,0,,,
71,22,True,0.265859,0.2659,none,,,False,,71,0,,,
71,59,True,1.336069,1.3361,none,,,False,,71,0,,,
71,46,True,0.614056,0.6141,none,,,False,,71,0,,,
71,25,True,0.251742,0.2517,none,,,False,,71,0,,,
71,31,True,1.176644,1.1766,none,,,False,,71,0,,,
71,8,True,0.62424,0.6242,none,,,False,,71,0,,,
71,48,True,0.44058,0.4406,none,,,False,,71,0,,,
71,64,True,0.394489,0.3945,none,,,False,,71,0,,,
71,63,True,0.680641,0.6806,none,,,False,,71,0,,,
71,18,True,1.452297,1.4523,none,,,False,,71,0,,,
71,72,True,0.246119,0.2461,none,,,False,,71,0,,,
71,73,True,0.358479,0.3585,none,,,False,,71,0,,,
71,47,True,0.381024,0.381,none,,,False,,71,0,,,
71,42,True,0.542279,0.5423,none,,,False,,71,0,,,
71,71,True,0.275074,0.2751,none,,,False,,71,0,,,
71,43,True,0.666946,0.6669,none,,,False,,71,0,,,
71,67,True,0.379406,0.3794,none,,,False,,71,0,,,
71,49,True,0.391327,0.3913,none,,,False,,71,0,,,
72,14,True,0.214067,0.2141,none,,,False,,72,0,,,
72,13,True,0.518434,0.5184,none,,,False,,72,0,,,
72,10,True,1.051762,1.0518,none,,,False,,72,0,,,
72,30,True,0.608012,0.608,none,,,False,,72,0,,,
72,75,True,0.414489,0.4145,none,,,False,,72,0,,,
72,26,True,0.345196,0.3452,none,,,False,,72,0,,,
72,53,True,0.605727,0.6057,none,,,False,,72,0,,,
72,79,True,0.473009,0.473,none,,,False,,72,0,,,
72,45,True,0.411001,0.411,none,,,False,,72,0,,,
72,35,True,0.539419,0.5394,none,,,False,,72,0,,,
72,5,True,1.033327,1.0333,none,,,False,,72,0,,,
72,60,True,0.514732,0.5147,none,,,False,,72,0,,,
72,34,True,0.472141,0.4721,none,,,False,,72,0,,,
72,17,True,0.553036,0.553,none,,,False,,72,0,,,
72,94,True,0.63623,0.6362,none,,,False,,72,0,,,
72,44,True,0.388144,0.3881,none,,,False,,72,0,,,
72,22,True,0.302877,0.3029,none,,,False,,72,0,,,
72,1,True,0.609802,0.6098,none,,,False,,72,0,,,
72,41,True,0.512186,0.5122,none,,,False,,72,0,,,
72,31,True,0.830695,0.8307,none,,,False,,72,0,,,
72,93,True,0.881297,0.8813,none,,,False,,72,0,,,
72,9,True,0.599085,0.5991,none,,,False,,72,0,,,
72,91,True,0.430803,0.4308,none,,,False,,72,0,,,
72,68,True,0.671609,0.6716,none,,,False,,72,0,,,
72,76,True,0.3683,0.3683,none,,,False,,72,0,,,
72,18,True,1.33405,1.3341,none,,,False,,72,0,,,
72,0,True,0.58329,0.5833,none,,,False,,72,0,,,
72,85,True,0.230303,0.2303,none,,,False,,72,0,,,
72,74,True,0.631991,0.632,none,,,False,,72,0,,,
72,28,True,0.087356,0.0874,none,,,False,,72,0,,,
72,52,True,0.404026,0.404,none,,,False,,72,0,,,
72,97,True,0.528031,0.528,none,,,False,,72,0,,,
72,78,True,0.202924,0.2029,none,,,False,,72,0,,,
72,16,True,0.888508,0.8885,none,,,False,,72,0,,,
72,80,True,0.45056,0.4506,none,,,False,,72,0,,,
72,57,True,0.487698,0.4877,none,,,False,,72,0,,,
73,7,True,0.637252,0.6373,none,,,False,,73,0,,,
73,49,True,0.571473,0.5715,none,,,False,,73,0,,,
73,17,True,0.499897,0.4999,none,,,False,,73,0,,,
73,75,True,0.530527,0.5305,none,,,False,,73,0,,,
73,67,True,0.383564,0.3836,none,,,False,,73,0,,,
73,43,True,0.687598,0.6876,none,,,False,,73,0,,,
73,8,True,0.585049,0.585,none,,,False,,73,0,,,
73,88,True,0.559253,0.5593,none,,,False,,73,0,,,
73,4,True,0.408645,0.4086,none,,,False,,73,0,,,
73,95,True,0.679175,0.6792,none,,,False,,73,0,,,
73,19,True,0.558865,0.5589,none,,,False,,73,0,,,
73,78,True,0.13859,0.1386,none,,,False,,73,0,,,
73,91,True,0.366115,0.3661,none,,,False,,73,0,,,
73,21,True,0.39345,0.3935,none,,,False,,73,0,,,
73,82,True,0.392533,0.3925,none,,,False,,73,0,,,
73,18,True,1.279236,1.2792,none,,,False,,73,0,,,
73,36,True,0.454738,0.4547,none,,,False,,73,0,,,
73,72,True,0.310102,0.3101,none,,,False,,73,0,,,
73,0,True,0.60062,0.6006,none,,,False,,73,0,,,
73,25,True,0.416227,0.4162,none,,,False,,73,0,,,
73,63,True,0.85813,0.8581,none,,,False,,73,0,,,
73,46,True,0.702258,0.7023,none,,,False,,73,0,,,
73,1,True,0.679137,0.6791,none,,,False,,73,0,,,
73,12,True,0.732757,0.7328,none,,,False,,73,0,,,
73,85,True,0.326012,0.326,none,,,False,,73,0,,,
73,74,True,0.583888,0.5839,none,,,False,,73,0,,,
73,37,True,0.317088,0.3171,none,,,False,,73,0,,,
73,97,True,0.420713,0.4207,none,,,False,,73,0,,,
73,29,True,0.396881,0.3969,none,,,False,,73,0,,,
73,39,True,0.672825,0.6728,none,,,False,,73,0,,,
73,6,True,0.5616,0.5616,none,,,False,,73,0,,,
73,64,True,0.641322,0.6413,none,,,False,,73,0,,,
73,94,True,0.808931,0.8089,none,,,False,,73,0,,,
73,81,True,0.568816,0.5688,none,,,False,,73,0,,,
73,92,True,0.87984,0.8798,none,,,False,,73,0,,,
73,35,True,0.40664,0.4066,none,,,False,,73,0,,,
74,53,True,0.716951,0.717,none,,,False,,74,0,,,
74,67,True,0.491428,0.4914,none,,,False,,74,0,,,
74,54,True,0.30129,0.3013,none,,,False,,74,0,,,
74,8,True,0.54765,0.5476,none,,,False,,74,0,,,
74,86,True,0.520111,0.5201,none,,,False,,74,0,,,
74,19,True,0.480449,0.4804,none,,,False,,74,0,,,
74,59,True,1.149003,1.149,none,,,False,,74,0,,,
74,42,True,0.42663,0.4266,none,,,False,,74,0,,,
74,37,True,0.20211,0.2021,none,,,False,,74,0,,,
74,87,True,0.191785,0.1918,none,,,False,,74,0,,,
74,45,True,0.216441,0.2164,none,,,False,,74,0,,,
74,5,True,1.437074,1.4371,none,,,False,,74,0,,,
74,25,True,0.252554,0.2526,none,,,False,,74,0,,,
74,24,True,0.811704,0.8117,none,,,False,,74,0,,,
74,32,True,0.911389,0.9114,none,,,False,,74,0,,,
74,60,True,0.453059,0.4531,none,,,False,,74,0,,,
74,96,True,0.807424,0.8074,none,,,False,,74,0,,,
74,48,True,0.510951,0.511,none,,,False,,74,0,,,
74,4,True,0.322712,0.3227,none,,,False,,74,0,,,
74,91,True,0.478688,0.4787,none,,,False,,74,0,,,
74,13,True,0.63913,0.6391,none,,,False,,74,0,,,
74,70,True,1.230652,1.2307,none,,,False,,74,0,,,
74,66,True,0.433709,0.4337,none,,,False,,74,0,,,
74,56,True,0.233425,0.2334,none,,,False,,74,0,,,
74,82,True,0.5707,0.5707,none,,,False,,74,0,,,
74,7,True,0.610763,0.6108,none,,,False,,74,0,,,
74,18,True,1.367975,1.368,none,,,False,,74,0,,,
74,41,True,0.718563,0.7186,none,,,False,,74,0,,,
74,15,True,0.391742,0.3917,none,,,False,,74,0,,,
74,34,True,0.615663,0.6157,none,,,False,,74,0,,,
74,77,True,0.397592,0.3976,none,,,False,,74,0,,,
74,9,True,0.578822,0.5788,none,,,False,,74,0,,,
74,38,True,1.043538,1.0435,none,,,False,,74,0,,,
74,40,True,0.373719,0.3737,none,,,False,,74,0,,,
74,84,True,0.468755,0.4688,none,,,False,,74,0,,,
74,99,True,0.616514,0.6165,none,,,False,,74,0,,,
75,6,True,0.689254,0.6893,none,,,False,,75,0,,,
75,67,True,0.397621,0.3976,none,,,False,,75,0,,,
75,31,True,0.886991,0.887,none,,,False,,75,0,,,
75,15,True,0.459063,0.4591,none,,,False,,75,0,,,
75,9,True,0.642201,0.6422,none,,,False,,75,0,,,
75,25,True,0.468968,0.469,none,,,False,,75,0,,,
75,10,True,1.078967,1.079,none,,,False,,75,0,,,
75,45,True,0.375775,0.3758,none,,,False,,75,0,,,
75,76,True,0.349171,0.3492,none,,,False,,75,0,,,
75,61,True,0.218488,0.2185,none,,,False,,75,0,,,
75,91,True,0.392922,0.3929,none,,,False,,75,0,,,
75,88,True,0.507516,0.5075,none,,,False,,75,0,,,
75,98,True,0.303432,0.3034,none,,,False,,75,0,,,
75,86,True,0.377348,0.3773,none,,,False,,75,0,,,
75,7,True,0.506938,0.5069,none,,,False,,75,0,,,
75,46,True,0.679071,0.6791,none,,,False,,75,0,,,
75,54,True,0.206996,0.207,none,,,False,,75,0,,,
75,77,True,0.27966,0.2797,none,,,False,,75,0,,,
75,14,True,0.151072,0.1511,none,,,False,,75,0,,,
75,4,True,0.328997,0.329,none,,,False,,75,0,,,
75,87,True,0.205734,0.2057,none,,,False,,75,0,,,
75,43,True,0.64202,0.642,none,,,False,,75,0,,,
75,29,True,0.4154,0.4154,none,,,False,,75,0,,,
75,95,True,0.551165,0.5512,none,,,False,,75,0,,,
75,26,True,0.318451,0.3185,none,,,False,,75,0,,,
75,92,True,0.99848,0.9985,none,,,False,,75,0,,,
75,56,True,0.227707,0.2277,none,,,False,,75,0,,,
75,40,True,0.426038,0.426,none,,,False,,75,0,,,
75,33,True,0.35795,0.358,none,,,False,,75,0,,,
75,38,True,0.993072,0.9931,none,,,False,,75,0,,,
75,90,True,0.637419,0.6374,none,,,False,,75,0,,,
75,27,True,0.620248,0.6202,none,,,False,,75,0,,,
75,75,True,0.548139,0.5481,none,,,False,,75,0,,,
75,89,True,0.458469,0.4585,none,,,False,,75,0,,,
75,82,True,0.4413,0.4413,none,,,False,,75,0,,,
75,3,True,0.888213,0.8882,none,,,False,,75,0,,,
76,19,True,0.453312,0.4533,none,,,False,,76,0,,,
76,40,True,0.319983,0.32,none,,,False,,76,0,,,
76,44,True,0.51316,0.5132,none,,,False,,76,0,,,
76,21,True,0.288123,0.2881,none,,,False,,76,0,,,
76,48,True,0.492867,0.4929,none,,,False,,76,0,,,
76,17,True,0.401936,0.4019,none,,,False,,76,0,,,
76,35,True,0.500108,0.5001,none,,,False,,76,0,,,
76,66,True,0.492152,0.4922,none,,,False,,76,0,,,
76,82,True,0.357184,0.3572,none,,,False,,76,0,,,
76,60,True,0.523769,0.5238,none,,,False,,76,0,,,
76,10,True,1.031917,1.0319,none,,,False,,76,0,,,
76,58,True,0.437847,0.4378,none,,,False,,76,0,,,
76,37,True,0.321282,0.3213,none,,,False,,76,0,,,
76,22,True,0.19106,0.1911,none,,,False,,76,0,,,
76,85,True,0.341899,0.3419,none,,,False,,76,0,,,
76,76,True,0.240347,0.2403,none,,,False,,76,0,,,
76,2,True,0.540977,0.541,none,,,False,,76,0,,,
76,89,True,0.359217,0.3592,none,,,False,,76,0,,,
76,12,True,0.749727,0.7497,none,,,False,,76,0,,,
76,30,True,0.579818,0.5798,none,,,False,,76,0,,,
76,9,True,0.550751,0.5508,none,,,False,,76,0,,,
76,87,True,-0.158765,-0.1588,none,,,False,,76,0,,,
76,34,True,0.438909,0.4389,none,,,False,,76,0,,,
76,25,True,0.285688,0.2857,none,,,False,,76,0,,,
76,95,True,0.65639,0.6564,none,,,False,,76,0,,,
76,64,True,0.234277,0.2343,none,,,False,,76,0,,,
76,8,True,0.580097,0.5801,none,,,False,,76,0,,,
76,5,True,0.996517,0.9965,none,,,False,,76,0,,,
76,57,True,0.502103,0.5021,none,,,False,,76,0,,,
76,41,True,0.565952,0.566,none,,,False,,76,0,,,
76,36,True,0.367684,0.3677,none,,,False,,76,0,,,
76,14,True,0.178674,0.1787,none,,,False,,76,0,,,
76,20,True,0.457867,0.4579,none,,,False,,76,0,,,
76,39,True,0.617308,0.6173,none,,,False,,76,0,,,
76,7,True,0.43181,0.4318,none,,,False,,76,0,,,
76,38,True,0.721839,0.7218,none,,,False,,76,0,,,
77,62,True,0.328315,0.3283,none,,,False,,77,0,,,
77,58,True,0.485003,0.485,none,,,False,,77,0,,,
77,17,True,0.515697,0.5157,none,,,False,,77,0,,,
77,90,True,0.514718,0.5147,none,,,False,,77,0,,,
77,82,True,0.352103,0.3521,none,,,False,,77,0,,,
77,80,True,0.490754,0.4908,none,,,False,,77,0,,,
77,91,True,0.317112,0.3171,none,,,False,,77,0,,,
77,52,True,0.45527,0.4553,none,,,False,,77,0,,,
77,81,True,0.775927,0.7759,none,,,False,,77,0,,,
77,49,True,0.594361,0.5944,none,,,False,,77,0,,,
77,57,True,0.329035,0.329,none,,,False,,77,0,,,
77,6,True,0.637983,0.638,none,,,False,,77,0,,,
77,72,True,0.334193,0.3342,none,,,False,,77,0,,,
77,70,True,1.279354,1.2794,none,,,False,,77,0,,,
77,61,True,0.383969,0.384,none,,,False,,77,0,,,
77,84,True,0.325109,0.3251,none,,,False,,77,0,,,
77,50,True,0.364393,0.3644,none,,,False,,77,0,,,
77,13,True,0.465613,0.4656,none,,,False,,77,0,,,
77,53,True,0.299876,0.2999,none,,,False,,77,0,,,
77,97,True,0.673759,0.6738,none,,,False,,77,0,,,
77,39,True,0.570049,0.57,none,,,False,,77,0,,,
77,88,True,0.574111,0.5741,none,,,False,,77,0,,,
77,79,True,0.537455,0.5375,none,,,False,,77,0,,,
77,76,True,0.315114,0.3151,none,,,False,,77,0,,,
77,28,True,0.285999,0.286,none,,,False,,77,0,,,
77,47,True,0.261868,0.2619,none,,,False,,77,0,,,
77,40,True,0.446937,0.4469,none,,,False,,77,0,,,
77,3,True,0.801162,0.8012,none,,,False,,77,0,,,
77,19,True,0.408317,0.4083,none,,,False,,77,0,,,
77,9,True,0.436212,0.4362,none,,,False,,77,0,,,
77,96,True,0.509989,0.51,none,,,False,,77,0,,,
77,95,True,0.566725,0.5667,none,,,False,,77,0,,,
77,71,True,0.424856,0.4249,none,,,False,,77,0,,,
77,2,True,0.393589,0.3936,none,,,False,,77,0,,,
77,83,True,0.57713,0.5771,none,,,False,,77,0,,,
77,27,True,0.644415,0.6444,none,,,False,,77,0,,,
78,90,True,0.595055,0.5951,none,,,False,,78,0,,,
78,89,True,0.505364,0.5054,none,,,False,,78,0,,,
78,82,True,0.226873,0.2269,none,,,False,,78,0,,,
78,99,True,0.485917,0.4859,none,,,False,,78,0,,,
78,11,True,0.506152,0.5062,none,,,False,,78,0,,,
78,22,True,0.30269,0.3027,none,,,False,,78,0,,,
78,63,True,0.759117,0.7591,none,,,False,,78,0,,,
78,4,True,0.416517,0.4165,none,,,False,,78,0,,,
78,16,True,0.669103,0.6691,none,,,False,,78,0,,,
78,14,True,0.199022,0.199,none,,,False,,78,0,,,
78,17,True,0.447258,0.4473,none,,,False,,78,0,,,
78,32,True,0.789543,0.7895,none,,,False,,78,0,,,
78,12,True,0.717685,0.7177,none,,,False,,78,0,,,
78,15,True,0.495734,0.4957,none,,,False,,78,0,,,
78,3,True,0.871504,0.8715,none,,,False,,78,0,,,
78,91,True,0.290622,0.2906,none,,,False,,78,0,,,
78,25,True,0.446998,0.447,none,,,False,,78,0,,,
78,75,True,0.612702,0.6127,none,,,False,,78,0,,,
78,56,True,0.276014,0.276,none,,,False,,78,0,,,
78,53,True,0.210163,0.2102,none,,,False,,78,0,,,
78,65,True,0.761068,0.7611,none,,,False,,78,0,,,
78,23,True,0.766406,0.7664,none,,,False,,78,0,,,
78,80,True,0.410399,0.4104,none,,,False,,78,0,,,
78,9,True,0.474138,0.4741,none,,,False,,78,0,,,
78,40,True,0.393261,0.3933,none,,,False,,78,0,,,
78,1,True,0.866634,0.8666,none,,,False,,78,0,,,
78,33,True,0.252785,0.2528,none,,,False,,78,0,,,
78,64,True,0.425833,0.4258,none,,,False,,78,0,,,
78,83,True,0.558244,0.5582,none,,,False,,78,0,,,
78,19,True,0.470564,0.4706,none,,,False,,78,0,,,
78,95,True,0.505751,0.5058,none,,,False,,78,0,,,
78,74,True,0.680243,0.6802,none,,,False,,78,0,,,
78,0,True,0.655179,0.6552,none,,,False,,78,0,,,
78,2,True,0.570504,0.5705,none,,,False,,78,0,,,
78,62,True,0.302554,0.3026,none,,,False,,78,0,,,
78,52,True,0.340707,0.3407,none,,,False,,78,0,,,
79,36,True,0.416865,0.4169,none,,,False,,79,0,,,
79,33,True,0.375936,0.3759,none,,,False,,79,0,,,
79,52,True,0.495099,0.4951,none,,,False,,79,0,,,
79,80,True,0.58581,0.5858,none,,,False,,79,0,,,
79,0,True,0.483253,0.4833,none,,,False,,79,0,,,
79,85,True,0.304481,0.3045,none,,,False,,79,0,,,
79,46,True,0.410756,0.4108,none,,,False,,79,0,,,
79,58,True,0.475282,0.4753,none,,,False,,79,0,,,
79,75,True,0.311991,0.312,none,,,False,,79,0,,,
79,1,True,0.484316,0.4843,none,,,False,,79,0,,,
79,10,True,0.991996,0.992,none,,,False,,79,0,,,
79,81,True,0.733852,0.7339,none,,,False,,79,0,,,
79,86,True,0.222207,0.2222,none,,,False,,79,0,,,
79,3,True,0.734812,0.7348,none,,,False,,79,0,,,
79,2,True,0.380921,0.3809,none,,,False,,79,0,,,
79,92,True,1.023875,1.0239,none,,,False,,79,0,,,
79,18,True,1.449882,1.4499,none,,,False,,79,0,,,
79,9,True,0.567378,0.5674,none,,,False,,79,0,,,
79,16,True,0.784558,0.7846,none,,,False,,79,0,,,
79,54,True,0.180801,0.1808,none,,,False,,79,0,,,
79,37,True,0.228281,0.2283,none,,,False,,79,0,,,
79,95,True,0.213297,0.2133,none,,,False,,79,0,,,
79,98,True,0.383535,0.3835,none,,,False,,79,0,,,
79,97,True,0.664994,0.665,none,,,False,,79,0,,,
79,84,True,0.431303,0.4313,none,,,False,,79,0,,,
79,35,True,0.472063,0.4721,none,,,False,,79,0,,,
79,24,True,0.81162,0.8116,none,,,False,,79,0,,,
79,28,True,0.160909,0.1609,none,,,False,,79,0,,,
79,40,True,0.389928,0.3899,none,,,False,,79,0,,,
79,31,True,0.997446,0.9974,none,,,False,,79,0,,,
79,7,True,0.456857,0.4569,none,,,False,,79,0,,,
79,94,True,0.700803,0.7008,none,,,False,,79,0,,,
79,48,True,0.394482,0.3945,none,,,False,,79,0,,,
79,27,True,0.764049,0.764,none,,,False,,79,0,,,
79,4,True,0.314997,0.315,none,,,False,,79,0,,,
79,68,True,0.532161,0.5322,none,,,False,,79,0,,,
80,40,True,0.391231,0.3912,none,,,False,,80,0,,,
80,83,True,0.610115,0.6101,none,,,False,,80,0,,,
80,82,True,0.394278,0.3943,none,,,False,,80,0,,,
80,59,True,1.099099,1.0991,none,,,False,,80,0,,,
80,52,True,0.500925,0.5009,none,,,False,,80,0,,,
80,6,True,0.417096,0.4171,none,,,False,,80,0,,,
80,25,True,0.414126,0.4141,none,,,False,,80,0,,,
80,15,True,0.364279,0.3643,none,,,False,,80,0,,,
80,85,True,0.313768,0.3138,none,,,False,,80,0,,,
80,65,True,0.463349,0.4633,none,,,False,,80,0,,,
80,56,True,0.156173,0.1562,none,,,False,,80,0,,,
80,53,True,0.44688,0.4469,none,,,False,,80,0,,,
80,1,True,0.548848,0.5488,none,,,False,,80,0,,,
80,94,True,0.771766,0.7718,none,,,False,,80,0,,,
80,46,True,0.620157,0.6202,none,,,False,,80,0,,,
80,13,True,0.7931,0.7931,none,,,False,,80,0,,,
80,2,True,0.452271,0.4523,none,,,False,,80,0,,,
80,26,True,0.27377,0.2738,none,,,False,,80,0,,,
80,75,True,0.360535,0.3605,none,,,False,,80,0,,,
80,66,True,0.42956,0.4296,none,,,False,,80,0,,,
80,99,True,0.729375,0.7294,none,,,False,,80,0,,,
80,22,True,0.185229,0.1852,none,,,False,,80,0,,,
80,50,True,0.452038,0.452,none,,,False,,80,0,,,
80,45,True,0.350379,0.3504,none,,,False,,80,0,,,
80,90,True,0.583976,0.584,none,,,False,,80,0,,,
80,87,True,0.111613,0.1116,none,,,False,,80,0,,,
80,98,True,0.04519,0.0452,none,,,False,,80,0,,,
80,4,True,0.39215,0.3922,none,,,False,,80,0,,,
80,21,True,0.48375,0.4838,none,,,False,,80,0,,,
80,72,True,0.350518,0.3505,none,,,False,,80,0,,,
80,18,True,1.183632,1.1836,none,,,False,,80,0,,,
80,17,True,0.496195,0.4962,none,,,False,,80,0,,,
80,80,True,0.572528,0.5725,none,,,False,,80,0,,,
80,93,True,0.925618,0.9256,none,,,False,,80,0,,,
80,37,True,0.322229,0.3222,none,,,False,,80,0,,,
80,0,True,0.597599,0.5976,none,,,False,,80,0,,,
81,45,True,0.248084,0.2481,none,,,False,,81,0,,,
81,59,True,1.145418,1.1454,none,,,False,,81,0,,,
81,19,True,0.494259,0.4943,none,,,False,,81,0,,,
81,12,True,0.256495,0.2565,none,,,False,,81,0,,,
81,97,True,0.740245,0.7402,none,,,False,,81,0,,,
81,25,True,0.24524,0.2452,none,,,False,,81,0,,,
81,82,True,0.461681,0.4617,none,,,False,,81,0,,,
81,41,True,0.689085,0.6891,none,,,False,,81,0,,,
81,72,True,0.285832,0.2858,none,,,False,,81,0,,,
81,3,True,0.855193,0.8552,none,,,False,,81,0,,,
81,7,True,0.456561,0.4566,none,,,False,,81,0,,,
81,2,True,0.56505,0.565,none,,,False,,81,0,,,
81,88,True,0.662248,0.6622,none,,,False,,81,0,,,
81,63,True,0.784836,0.7848,none,,,False,,81,0,,,
81,50,True,0.289497,0.2895,none,,,False,,81,0,,,
81,8,True,0.564609,0.5646,none,,,False,,81,0,,,
81,5,True,1.296223,1.2962,none,,,False,,81,0,,,
81,13,True,0.697536,0.6975,none,,,False,,81,0,,,
81,31,True,1.183944,1.1839,none,,,False,,81,0,,,
81,20,True,0.477939,0.4779,none,,,False,,81,0,,,
81,58,True,0.512986,0.513,none,,,False,,81,0,,,
81,34,True,0.483855,0.4839,none,,,False,,81,0,,,
81,38,True,0.952731,0.9527,none,,,False,,81,0,,,
81,61,True,0.369465,0.3695,none,,,False,,81,0,,,
81,40,True,0.462067,0.4621,none,,,False,,81,0,,,
81,98,True,0.313661,0.3137,none,,,False,,81,0,,,
81,0,True,0.764179,0.7642,none,,,False,,81,0,,,
81,67,True,0.399044,0.399,none,,,False,,81,0,,,
81,74,True,0.739946,0.7399,none,,,False,,81,0,,,
81,99,True,0.51307,0.5131,none,,,False,,81,0,,,
81,90,True,0.496935,0.4969,none,,,False,,81,0,,,
81,47,True,0.262879,0.2629,none,,,False,,81,0,,,
81,26,True,0.433192,0.4332,none,,,False,,81,0,,,
81,73,True,0.246562,0.2466,none,,,False,,81,0,,,
81,93,True,0.8879,0.8879,none,,,False,,81,0,,,
81,53,True,0.652607,0.6526,none,,,False,,81,0,,,
82,49,True,0.561041,0.561,none,,,False,,82,0,,,
82,89,True,0.551395,0.5514,none,,,False,,82,0,,,
82,12,True,0.476867,0.4769,none,,,False,,82,0,,,
82,14,True,0.19378,0.1938,none,,,False,,82,0,,,
82,73,True,0.367391,0.3674,none,,,False,,82,0,,,
82,20,True,0.445106,0.4451,none,,,False,,82,0,,,
82,80,True,0.546681,0.5467,none,,,False,,82,0,,,
82,66,True,0.492217,0.4922,none,,,False,,82,0,,,
82,33,True,0.31456,0.3146,none,,,False,,82,0,,,
82,26,True,0.323023,0.323,none,,,False,,82,0,,,
82,71,True,0.615792,0.6158,none,,,False,,82,0,,,
82,70,True,1.262982,1.263,none,,,False,,82,0,,,
82,34,True,0.20234,0.2023,none,,,False,,82,0,,,
82,35,True,0.356765,0.3568,none,,,False,,82,0,,,
82,97,True,0.575189,0.5752,none,,,False,,82,0,,,
82,91,True,0.456459,0.4565,none,,,False,,82,0,,,
82,77,True,0.343059,0.3431,none,,,False,,82,0,,,
82,65,True,0.57898,0.579,none,,,False,,82,0,,,
82,37,True,0.475424,0.4754,none,,,False,,82,0,,,
82,46,True,0.735189,0.7352,none,,,False,,82,0,,,
82,78,True,0.153063,0.1531,none,,,False,,82,0,,,
82,53,True,0.628737,0.6287,none,,,False,,82,0,,,
82,41,True,0.415808,0.4158,none,,,False,,82,0,,,
82,27,True,0.625666,0.6257,none,,,False,,82,0,,,
82,95,True,0.729299,0.7293,none,,,False,,82,0,,,
82,7,True,0.429233,0.4292,none,,,False,,82,0,,,
82,8,True,0.430322,0.4303,none,,,False,,82,0,,,
82,67,True,0.491951,0.492,none,,,False,,82,0,,,
82,48,True,0.383388,0.3834,none,,,False,,82,0,,,
82,87,True,0.130434,0.1304,none,,,False,,82,0,,,
82,58,True,0.467414,0.4674,none,,,False,,82,0,,,
82,54,True,0.180686,0.1807,none,,,False,,82,0,,,
82,81,True,0.450055,0.4501,none,,,False,,82,0,,,
82,40,True,0.378224,0.3782,none,,,False,,82,0,,,
82,28,True,0.202614,0.2026,none,,,False,,82,0,,,
82,5,True,0.672408,0.6724,none,,,False,,82,0,,,
83,55,True,0.391764,0.3918,none,,,False,,83,0,,,
83,3,True,0.945045,0.945,none,,,False,,83,0,,,
83,24,True,0.590082,0.5901,none,,,False,,83,0,,,
83,52,True,0.383074,0.3831,none,,,False,,83,0,,,
83,58,True,0.530757,0.5308,none,,,False,,83,0,,,
83,47,True,0.306807,0.3068,none,,,False,,83,0,,,
83,48,True,0.281975,0.282,none,,,False,,83,0,,,
83,8,True,0.471308,0.4713,none,,,False,,83,0,,,
83,83,True,0.679457,0.6795,none,,,False,,83,0,,,
83,84,True,0.420036,0.42,none,,,False,,83,0,,,
83,95,True,0.699651,0.6997,none,,,False,,83,0,,,
83,29,True,0.425001,0.425,none,,,False,,83,0,,,
83,26,True,0.094298,0.0943,none,,,False,,83,0,,,
83,97,True,0.375811,0.3758,none,,,False,,83,0,,,
83,93,True,0.773971,0.774,none,,,False,,83,0,,,
83,74,True,0.482987,0.483,none,,,False,,83,0,,,
83,40,True,0.408668,0.4087,none,,,False,,83,0,,,
83,17,True,0.52801,0.528,none,,,False,,83,0,,,
83,0,True,0.6682,0.6682,none,,,False,,83,0,,,
83,30,True,0.563216,0.5632,none,,,False,,83,0,,,
83,42,True,0.515751,0.5158,none,,,False,,83,0,,,
83,70,True,1.054422,1.0544,none,,,False,,83,0,,,
83,44,True,0.529362,0.5294,none,,,False,,83,0,,,
83,45,True,0.282331,0.2823,none,,,False,,83,0,,,
83,7,True,0.412334,0.4123,none,,,False,,83,0,,,
83,61,True,0.266755,0.2668,none,,,False,,83,0,,,
83,4,True,0.342784,0.3428,none,,,False,,83,0,,,
83,28,True,0.084416,0.0844,none,,,False,,83,0,,,
83,16,True,0.461744,0.4617,none,,,False,,83,0,,,
83,34,True,0.565126,0.5651,none,,,False,,83,0,,,
83,76,True,0.238513,0.2385,none,,,False,,83,0,,,
83,60,True,0.506777,0.5068,none,,,False,,83,0,,,
83,49,True,0.321204,0.3212,none,,,False,,83,0,,,
83,11,True,0.505514,0.5055,none,,,False,,83,0,,,
83,2,True,0.441149,0.4411,none,,,False,,83,0,,,
83,77,True,0.383449,0.3834,none,,,False,,83,0,,,
84,54,True,0.17711,0.1771,none,,,False,,84,0,,,
84,5,True,0.851891,0.8519,none,,,False,,84,0,,,
84,39,True,0.765169,0.7652,none,,,False,,84,0,,,
84,57,True,0.387034,0.387,none,,,False,,84,0,,,
84,3,True,0.575607,0.5756,none,,,False,,84,0,,,
84,30,True,0.508752,0.5088,none,,,False,,84,0,,,
84,70,True,1.218285,1.2183,none,,,False,,84,0,,,
84,1,True,0.767481,0.7675,none,,,False,,84,0,,,
84,81,True,0.522377,0.5224,none,,,False,,84,0,,,
84,82,True,0.408272,0.4083,none,,,False,,84,0,,,
84,59,True,0.953201,0.9532,none,,,False,,84,0,,,
84,93,True,0.848873,0.8489,none,,,False,,84,0,,,
84,44,True,0.516629,0.5166,none,,,False,,84,0,,,
84,2,True,-1.148914,-1.1489,none,,,False,,84,0,,,
84,48,True,0.271689,0.2717,none,,,False,,84,0,,,
84,42,True,0.572489,0.5725,none,,,False,,84,0,,,
84,6,True,0.5381,0.5381,none,,,False,,84,0,,,
84,40,True,0.379202,0.3792,none,,,False,,84,0,,,
84,56,True,0.151837,0.1518,none,,,False,,84,0,,,
84,33,True,0.271626,0.2716,none,,,False,,84,0,,,
84,14,True,0.213897,0.2139,none,,,False,,84,0,,,
84,80,True,0.575918,0.5759,none,,,False,,84,0,,,
84,0,True,0.447257,0.4473,none,,,False,,84,0,,,
84,11,True,0.45535,0.4554,none,,,False,,84,0,,,
84,65,True,0.584972,0.585,none,,,False,,84,0,,,
84,4,True,0.30324,0.3032,none,,,False,,84,0,,,
84,17,True,0.470923,0.4709,none,,,False,,84,0,,,
84,12,True,0.532669,0.5327,none,,,False,,84,0,,,
84,98,True,0.291123,0.2911,none,,,False,,84,0,,,
84,58,True,0.491072,0.4911,none,,,False,,84,0,,,
84,84,True,0.290249,0.2902,none,,,False,,84,0,,,
84,74,True,0.564016,0.564,none,,,False,,84,0,,,
84,91,True,0.380321,0.3803,none,,,False,,84,0,,,
84,47,True,0.30743,0.3074,none,,,False,,84,0,,,
84,66,True,0.727341,0.7273,none,,,False,,84,0,,,
84,61,True,0.211898,0.2119,none,,,False,,84,0,,,
85,66,True,0.671435,0.6714,none,,,False,,85,0,,,
85,81,True,0.578307,0.5783,none,,,False,,85,0,,,
85,93,True,0.898952,0.899,none,,,False,,85,0,,,
85,44,True,0.499463,0.4995,none,,,False,,85,0,,,
85,26,True,0.341068,0.3411,none,,,False,,85,0,,,
85,33,True,0.355526,0.3555,none,,,False,,85,0,,,
85,40,True,0.299711,0.2997,none,,,False,,85,0,,,
85,32,True,0.908891,0.9089,none,,,False,,85,0,,,
85,45,True,0.402293,0.4023,none,,,False,,85,0,,,
85,78,True,0.225704,0.2257,none,,,False,,85,0,,,
85,84,True,0.162893,0.1629,none,,,False,,85,0,,,
85,74,True,0.554248,0.5542,none,,,False,,85,0,,,
85,11,True,0.322146,0.3221,none,,,False,,85,0,,,
85,14,True,0.171051,0.1711,none,,,False,,85,0,,,
85,47,True,0.369276,0.3693,none,,,False,,85,0,,,
85,56,True,0.226481,0.2265,none,,,False,,85,0,,,
85,71,True,0.642074,0.6421,none,,,False,,85,0,,,
85,4,True,0.494966,0.495,none,,,False,,85,0,,,
85,97,True,0.44534,0.4453,none,,,False,,85,0,,,
85,73,True,0.326445,0.3264,none,,,False,,85,0,,,
85,36,True,0.463968,0.464,none,,,False,,85,0,,,
85,70,True,1.253297,1.2533,none,,,False,,85,0,,,
85,85,True,0.352575,0.3526,none,,,False,,85,0,,,
85,86,True,0.437997,0.438,none,,,False,,85,0,,,
85,38,True,0.814144,0.8141,none,,,False,,85,0,,,
85,24,True,0.628328,0.6283,none,,,False,,85,0,,,
85,12,True,0.581692,0.5817,none,,,False,,85,0,,,
85,13,True,0.83933,0.8393,none,,,False,,85,0,,,
85,22,True,0.328178,0.3282,none,,,False,,85,0,,,
85,49,True,0.701858,0.7019,none,,,False,,85,0,,,
85,31,True,0.696633,0.6966,none,,,False,,85,0,,,
85,34,True,0.585931,0.5859,none,,,False,,85,0,,,
85,35,True,0.36746,0.3675,none,,,False,,85,0,,,
85,23,True,0.778992,0.779,none,,,False,,85,0,,,
85,29,True,0.441437,0.4414,none,,,False,,85,0,,,
85,15,True,0.507852,0.5079,none,,,False,,85,0,,,
86,88,True,0.442741,0.4427,none,,,False,,86,0,,,
86,70,True,1.070392,1.0704,none,,,False,,86,0,,,
86,54,True,0.234991,0.235,none,,,False,,86,0,,,
86,75,True,0.600809,0.6008,none,,,False,,86,0,,,
86,51,True,0.505877,0.5059,none,,,False,,86,0,,,
86,13,True,0.729317,0.7293,none,,,False,,86,0,,,
86,90,True,0.585323,0.5853,none,,,False,,86,0,,,
86,28,True,-0.099014,-0.099,none,,,False,,86,0,,,
86,71,True,0.484221,0.4842,none,,,False,,86,0,,,
86,44,True,0.510494,0.5105,none,,,False,,86,0,,,
86,53,True,0.553494,0.5535,none,,,False,,86,0,,,
86,40,True,0.331522,0.3315,none,,,False,,86,0,,,
86,42,True,0.569434,0.5694,none,,,False,,86,0,,,
86,91,True,0.505092,0.5051,none,,,False,,86,0,,,
86,76,True,0.316627,0.3166,none,,,False,,86,0,,,
86,85,True,0.341168,0.3412,none,,,False,,86,0,,,
86,35,True,0.488514,0.4885,none,,,False,,86,0,,,
86,30,True,0.384706,0.3847,none,,,False,,86,0,,,
86,82,True,0.419982,0.42,none,,,False,,86,0,,,
86,5,True,1.029041,1.029,none,,,False,,86,0,,,
86,6,True,0.727184,0.7272,none,,,False,,86,0,,,
86,17,True,0.485079,0.4851,none,,,False,,86,0,,,
86,81,True,0.502279,0.5023,none,,,False,,86,0,,,
86,29,True,0.375334,0.3753,none,,,False,,86,0,,,
86,0,True,0.538166,0.5382,none,,,False,,86,0,,,
86,58,True,0.4626,0.4626,none,,,False,,86,0,,,
86,2,True,0.314452,0.3145,none,,,False,,86,0,,,
86,21,True,0.504287,0.5043,none,,,False,,86,0,,,
86,26,True,0.372336,0.3723,none,,,False,,86,0,,,
86,39,True,0.736561,0.7366,none,,,False,,86,0,,,
86,57,True,0.513884,0.5139,none,,,False,,86,0,,,
86,37,True,0.442263,0.4423,none,,,False,,86,0,,,
86,7,True,0.296273,0.2963,none,,,False,,86,0,,,
86,74,True,0.511285,0.5113,none,,,False,,86,0,,,
86,47,True,0.310784,0.3108,none,,,False,,86,0,,,
86,25,True,0.404314,0.4043,none,,,False,,86,0,,,
87,48,True,0.399486,0.3995,none,,,False,,87,0,,,
87,82,True,0.352313,0.3523,none,,,False,,87,0,,,
87,73,True,0.457525,0.4575,none,,,False,,87,0,,,
87,68,True,0.792867,0.7929,none,,,False,,87,0,,,
87,43,True,0.450266,0.4503,none,,,False,,87,0,,,
87,87,True,0.257941,0.2579,none,,,False,,87,0,,,
87,55,True,0.030607,0.0306,none,,,False,,87,0,,,
87,19,True,0.441594,0.4416,none,,,False,,87,0,,,
87,63,True,0.681935,0.6819,none,,,False,,87,0,,,
87,42,True,0.435984,0.436,none,,,False,,87,0,,,
87,77,True,0.500034,0.5,none,,,False,,87,0,,,
87,39,True,0.493428,0.4934,none,,,False,,87,0,,,
87,60,True,0.430181,0.4302,none,,,False,,87,0,,,
87,96,True,0.450794,0.4508,none,,,False,,87,0,,,
87,75,True,0.481817,0.4818,none,,,False,,87,0,,,
87,14,True,0.218711,0.2187,none,,,False,,87,0,,,
87,12,True,0.717965,0.718,none,,,False,,87,0,,,
87,17,True,0.55274,0.5527,none,,,False,,87,0,,,
87,56,True,0.237774,0.2378,none,,,False,,87,0,,,
87,67,True,0.383926,0.3839,none,,,False,,87,0,,,
87,49,True,0.524617,0.5246,none,,,False,,87,0,,,
87,64,True,0.448541,0.4485,none,,,False,,87,0,,,
87,28,True,0.143385,0.1434,none,,,False,,87,0,,,
87,80,True,0.398595,0.3986,none,,,False,,87,0,,,
87,95,True,0.65849,0.6585,none,,,False,,87,0,,,
87,41,True,0.36712,0.3671,none,,,False,,87,0,,,
87,46,True,0.796065,0.7961,none,,,False,,87,0,,,
87,71,True,0.451239,0.4512,none,,,False,,87,0,,,
87,10,True,0.741485,0.7415,none,,,False,,87,0,,,
87,37,True,0.375863,0.3759,none,,,False,,87,0,,,
87,78,True,0.17504,0.175,none,,,False,,87,0,,,
87,74,True,0.528009,0.528,none,,,False,,87,0,,,
87,57,True,0.221609,0.2216,none,,,False,,87,0,,,
87,83,True,0.609877,0.6099,none,,,False,,87,0,,,
87,1,True,0.744892,0.7449,none,,,False,,87,0,,,
87,8,True,0.530085,0.5301,none,,,False,,87,0,,,
88,32,True,0.769738,0.7697,none,,,False,,88,0,,,
88,68,True,0.477427,0.4774,none,,,False,,88,0,,,
88,16,True,0.894333,0.8943,none,,,False,,88,0,,,
88,22,True,0.415314,0.4153,none,,,False,,88,0,,,
88,7,True,0.28576,0.2858,none,,,False,,88,0,,,
88,43,True,0.485299,0.4853,none,,,False,,88,0,,,
88,91,True,0.468645,0.4686,none,,,False,,88,0,,,
88,50,True,0.282973,0.283,none,,,False,,88,0,,,
88,81,True,0.737775,0.7378,none,,,False,,88,0,,,
88,72,True,0.296103,0.2961,none,,,False,,88,0,,,
88,6,True,0.781165,0.7812,none,,,False,,88,0,,,
88,86,True,0.354972,0.355,none,,,False,,88,0,,,
88,66,True,0.456555,0.4566,none,,,False,,88,0,,,
88,53,True,0.62073,0.6207,none,,,False,,88,0,,,
88,37,True,0.173447,0.1734,none,,,False,,88,0,,,
88,14,True,0.332227,0.3322,none,,,False,,88,0,,,
88,60,True,0.29922,0.2992,none,,,False,,88,0,,,
88,61,True,0.259333,0.2593,none,,,False,,88,0,,,
88,75,True,0.318588,0.3186,none,,,False,,88,0,,,
88,4,True,0.257041,0.257,none,,,False,,88,0,,,
88,65,True,0.86231,0.8623,none,,,False,,88,0,,,
88,12,True,0.652249,0.6522,none,,,False,,88,0,,,
88,69,True,0.344936,0.3449,none,,,False,,88,0,,,
88,23,True,0.727781,0.7278,none,,,False,,88,0,,,
88,98,True,0.260602,0.2606,none,,,False,,88,0,,,
88,88,True,0.556932,0.5569,none,,,False,,88,0,,,
88,1,True,0.491298,0.4913,none,,,False,,88,0,,,
88,26,True,0.381151,0.3812,none,,,False,,88,0,,,
88,36,True,0.53418,0.5342,none,,,False,,88,0,,,
88,11,True,0.505632,0.5056,none,,,False,,88,0,,,
88,92,True,1.192722,1.1927,none,,,False,,88,0,,,
88,20,True,0.488607,0.4886,none,,,False,,88,0,,,
88,27,True,0.773846,0.7738,none,,,False,,88,0,,,
88,8,True,0.609141,0.6091,none,,,False,,88,0,,,
88,71,True,0.40653,0.4065,none,,,False,,88,0,,,
88,95,True,0.668063,0.6681,none,,,False,,88,0,,,
89,29,True,0.427968,0.428,none,,,False,,89,0,,,
89,60,True,0.330789,0.3308,none,,,False,,89,0,,,
89,7,True,0.613757,0.6138,none,,,False,,89,0,,,
89,92,True,0.946347,0.9463,none,,,False,,89,0,,,
89,81,True,0.636176,0.6362,none,,,False,,89,0,,,
89,64,True,0.471242,0.4712,none,,,False,,89,0,,,
89,45,True,0.376804,0.3768,none,,,False,,89,0,,,
89,54,True,0.184259,0.1843,none,,,False,,89,0,,,
89,70,True,1.264733,1.2647,none,,,False,,89,0,,,
89,12,True,0.560844,0.5608,none,,,False,,89,0,,,
89,91,True,0.377999,0.378,none,,,False,,89,0,,,
89,63,True,0.747307,0.7473,none,,,False,,89,0,,,
89,31,True,0.799527,0.7995,none,,,False,,89,0,,,
89,37,True,0.340218,0.3402,none,,,False,,89,0,,,
89,11,True,0.228158,0.2282,none,,,False,,89,0,,,
89,24,True,0.558616,0.5586,none,,,False,,89,0,,,
89,72,True,0.347117,0.3471,none,,,False,,89,0,,,
89,9,True,0.643241,0.6432,none,,,False,,89,0,,,
89,66,True,0.271973,0.272,none,,,False,,89,0,,,
89,19,True,0.493454,0.4935,none,,,False,,89,0,,,
89,76,True,0.242448,0.2424,none,,,False,,89,0,,,
89,58,True,0.497709,0.4977,none,,,False,,89,0,,,
89,38,True,1.036724,1.0367,none,,,False,,89,0,,,
89,23,True,0.712678,0.7127,none,,,False,,89,0,,,
89,80,True,0.517397,0.5174,none,,,False,,89,0,,,
89,94,True,0.83614,0.8361,none,,,False,,89,0,,,
89,95,True,0.542827,0.5428,none,,,False,,89,0,,,
89,34,True,-0.015095,-0.0151,none,,,False,,89,0,,,
89,99,True,0.653538,0.6535,none,,,False,,89,0,,,
89,96,True,0.402964,0.403,none,,,False,,89,0,,,
89,36,True,0.462512,0.4625,none,,,False,,89,0,,,
89,25,True,0.223351,0.2234,none,,,False,,89,0,,,
89,57,True,0.453905,0.4539,none,,,False,,89,0,,,
89,61,True,0.481573,0.4816,none,,,False,,89,0,,,
89,10,True,1.010101,1.0101,none,,,False,,89,0,,,
89,26,True,0.31572,0.3157,none,,,False,,89,0,,,
90,9,True,0.563493,0.5635,none,,,False,,90,0,,,
90,48,True,0.440614,0.4406,none,,,False,,90,0,,,
90,79,True,0.648816,0.6488,none,,,False,,90,0,,,
90,51,True,0.459247,0.4592,none,,,False,,90,0,,,
90,23,True,0.743389,0.7434,none,,,False,,90,0,,,
90,3,True,0.870158,0.8702,none,,,False,,90,0,,,
90,67,True,0.530943,0.5309,none,,,False,,90,0,,,
90,45,True,0.418057,0.4181,none,,,False,,90,0,,,
90,74,True,0.637699,0.6377,none,,,False,,90,0,,,
90,29,True,0.494568,0.4946,none,,,False,,90,0,,,
90,43,True,0.391908,0.3919,none,,,False,,90,0,,,
90,69,True,0.342263,0.3423,none,,,False,,90,0,,,
90,56,True,0.292607,0.2926,none,,,False,,90,0,,,
90,14,True,0.214039,0.214,none,,,False,,90,0,,,
90,19,True,0.469528,0.4695,none,,,False,,90,0,,,
90,8,True,0.60137,0.6014,none,,,False,,90,0,,,
90,18,True,1.340966,1.341,none,,,False,,90,0,,,
90,57,True,0.376598,0.3766,none,,,False,,90,0,,,
90,50,True,0.347303,0.3473,none,,,False,,90,0,,,
90,83,True,0.587357,0.5874,none,,,False,,90,0,,,
90,40,True,0.384608,0.3846,none,,,False,,90,0,,,
90,76,True,0.282334,0.2823,none,,,False,,90,0,,,
90,17,True,0.486071,0.4861,none,,,False,,90,0,,,
90,89,True,0.35797,0.358,none,,,False,,90,0,,,
90,33,True,0.375823,0.3758,none,,,False,,90,0,,,
90,61,True,0.008721,0.0087,none,,,False,,90,0,,,
90,24,True,0.832739,0.8327,none,,,False,,90,0,,,
90,98,True,0.417138,0.4171,none,,,False,,90,0,,,
90,84,True,0.410067,0.4101,none,,,False,,90,0,,,
90,13,True,0.546651,0.5467,none,,,False,,90,0,,,
90,44,True,0.492713,0.4927,none,,,False,,90,0,,,
90,86,True,0.33323,0.3332,none,,,False,,90,0,,,
90,75,True,0.343791,0.3438,none,,,False,,90,0,,,
90,88,True,0.653067,0.6531,none,,,False,,90,0,,,
90,38,True,0.732796,0.7328,none,,,False,,90,0,,,
90,85,True,0.308576,0.3086,none,,,False,,90,0,,,
91,38,True,0.816044,0.816,none,,,False,,91,0,,,
91,82,True,0.350169,0.3502,none,,,False,,91,0,,,
91,40,True,0.337118,0.3371,none,,,False,,91,0,,,
91,19,True,0.485546,0.4855,none,,,False,,91,0,,,
91,93,True,0.751767,0.7518,none,,,False,,91,0,,,
91,23,True,0.752532,0.7525,none,,,False,,91,0,,,
91,56,True,0.114968,0.115,none,,,False,,91,0,,,
91,28,True,0.243188,0.2432,none,,,False,,91,0,,,
91,67,True,0.564871,0.5649,none,,,False,,91,0,,,
91,92,True,0.948711,0.9487,none,,,False,,91,0,,,
91,63,True,0.851813,0.8518,none,,,False,,91,0,,,
91,37,True,0.219529,0.2195,none,,,False,,91,0,,,
91,98,True,0.346448,0.3464,none,,,False,,91,0,,,
91,49,True,0.514994,0.515,none,,,False,,91,0,,,
91,43,True,0.646852,0.6469,none,,,False,,91,0,,,
91,25,True,0.303605,0.3036,none,,,False,,91,0,,,
91,24,True,0.578354,0.5784,none,,,False,,91,0,,,
91,31,True,0.702508,0.7025,none,,,False,,91,0,,,
91,95,True,0.572718,0.5727,none,,,False,,91,0,,,
91,78,True,0.215551,0.2156,none,,,False,,91,0,,,
91,99,True,0.720288,0.7203,none,,,False,,91,0,,,
91,39,True,0.794655,0.7947,none,,,False,,91,0,,,
91,90,True,0.583558,0.5836,none,,,False,,91,0,,,
91,96,True,0.435724,0.4357,none,,,False,,91,0,,,
91,0,True,0.505631,0.5056,none,,,False,,91,0,,,
91,22,True,0.313057,0.3131,none,,,False,,91,0,,,
91,53,True,0.492915,0.4929,none,,,False,,91,0,,,
91,42,True,0.486216,0.4862,none,,,False,,91,0,,,
91,70,True,1.269894,1.2699,none,,,False,,91,0,,,
91,68,True,0.681583,0.6816,none,,,False,,91,0,,,
91,66,True,0.555323,0.5553,none,,,False,,91,0,,,
91,94,True,0.736198,0.7362,none,,,False,,91,0,,,
91,97,True,0.504466,0.5045,none,,,False,,91,0,,,
91,29,True,0.443127,0.4431,none,,,False,,91,0,,,
91,65,True,0.611307,0.6113,none,,,False,,91,0,,,
91,1,True,0.619604,0.6196,none,,,False,,91,0,,,
92,41,True,0.59861,0.5986,none,,,False,,92,0,,,
92,5,True,1.180568,1.1806,none,,,False,,92,0,,,
92,38,True,0.853255,0.8533,none,,,False,,92,0,,,
92,18,True,1.402317,1.4023,none,,,False,,92,0,,,
92,40,True,0.397381,0.3974,none,,,False,,92,0,,,
92,67,True,0.319066,0.3191,none,,,False,,92,0,,,
92,91,True,0.548232,0.5482,none,,,False,,92,0,,,
92,80,True,0.681078,0.6811,none,,,False,,92,0,,,
92,87,True,0.241513,0.2415,none,,,False,,92,0,,,
92,27,True,0.787744,0.7877,none,,,False,,92,0,,,
92,89,True,0.309118,0.3091,none,,,False,,92,0,,,
92,1,True,0.369471,0.3695,none,,,False,,92,0,,,
92,24,True,0.563256,0.5633,none,,,False,,92,0,,,
92,33,True,0.467548,0.4675,none,,,False,,92,0,,,
92,82,True,0.515236,0.5152,none,,,False,,92,0,,,
92,31,True,0.792981,0.793,none,,,False,,92,0,,,
92,95,True,0.66131,0.6613,none,,,False,,92,0,,,
92,20,True,0.472053,0.4721,none,,,False,,92,0,,,
92,32,True,0.844697,0.8447,none,,,False,,92,0,,,
92,78,True,0.121596,0.1216,none,,,False,,92,0,,,
92,9,True,0.736406,0.7364,none,,,False,,92,0,,,
92,66,True,0.410159,0.4102,none,,,False,,92,0,,,
92,88,True,0.454206,0.4542,none,,,False,,92,0,,,
92,56,True,0.259366,0.2594,none,,,False,,92,0,,,
92,58,True,0.627214,0.6272,none,,,False,,92,0,,,
92,34,True,0.54999,0.55,none,,,False,,92,0,,,
92,75,True,0.352751,0.3528,none,,,False,,92,0,,,
92,3,True,0.785921,0.7859,none,,,False,,92,0,,,
92,30,True,0.544081,0.5441,none,,,False,,92,0,,,
92,19,True,0.564268,0.5643,none,,,False,,92,0,,,
92,17,True,0.563356,0.5634,none,,,False,,92,0,,,
92,98,True,0.375434,0.3754,none,,,False,,92,0,,,
92,59,True,1.161548,1.1615,none,,,False,,92,0,,,
92,51,True,0.541318,0.5413,none,,,False,,92,0,,,
92,94,True,0.760659,0.7607,none,,,False,,92,0,,,
92,46,True,0.391697,0.3917,none,,,False,,92,0,,,
93,36,True,0.448787,0.4488,none,,,False,,93,0,,,
93,85,True,0.40381,0.4038,none,,,False,,93,0,,,
93,74,True,0.685453,0.6855,none,,,False,,93,0,,,
93,4,True,0.466594,0.4666,none,,,False,,93,0,,,
93,51,True,0.367478,0.3675,none,,,False,,93,0,,,
93,81,True,0.534407,0.5344,none,,,False,,93,0,,,
93,93,True,0.79882,0.7988,none,,,False,,93,0,,,
93,44,True,0.219878,0.2199,none,,,False,,93,0,,,
93,12,True,0.713703,0.7137,none,,,False,,93,0,,,
93,86,True,0.368689,0.3687,none,,,False,,93,0,,,
93,37,True,0.392822,0.3928,none,,,False,,93,0,,,
93,42,True,0.448302,0.4483,none,,,False,,93,0,,,
93,7,True,0.688013,0.688,none,,,False,,93,0,,,
93,90,True,0.648084,0.6481,none,,,False,,93,0,,,
93,29,True,0.417815,0.4178,none,,,False,,93,0,,,
93,94,True,0.778684,0.7787,none,,,False,,93,0,,,
93,34,True,0.524166,0.5242,none,,,False,,93,0,,,
93,58,True,0.446128,0.4461,none,,,False,,93,0,,,
93,3,True,0.861246,0.8612,none,,,False,,93,0,,,
93,70,True,1.35513,1.3551,none,,,False,,93,0,,,
93,5,True,0.834687,0.8347,none,,,False,,93,0,,,
93,46,True,0.55877,0.5588,none,,,False,,93,0,,,
93,16,True,0.594977,0.595,none,,,False,,93,0,,,
93,63,True,0.933519,0.9335,none,,,False,,93,0,,,
93,89,True,0.484173,0.4842,none,,,False,,93,0,,,
93,25,True,0.451959,0.452,none,,,False,,93,0,,,
93,33,True,0.337873,0.3379,none,,,False,,93,0,,,
93,77,True,0.501066,0.5011,none,,,False,,93,0,,,
93,35,True,0.525028,0.525,none,,,False,,93,0,,,
93,91,True,0.34567,0.3457,none,,,False,,93,0,,,
93,99,True,0.676074,0.6761,none,,,False,,93,0,,,
93,48,True,0.410126,0.4101,none,,,False,,93,0,,,
93,0,True,0.699902,0.6999,none,,,False,,93,0,,,
93,56,True,0.243857,0.2439,none,,,False,,93,0,,,
93,30,True,0.585668,0.5857,none,,,False,,93,0,,,
93,2,True,0.513227,0.5132,none,,,False,,93,0,,,
94,4,True,0.321915,0.3219,none,,,False,,94,0,,,
94,63,True,0.802871,0.8029,none,,,False,,94,0,,,
94,60,True,0.450549,0.4505,none,,,False,,94,0,,,
94,45,True,0.324504,0.3245,none,,,False,,94,0,,,
94,35,True,0.430118,0.4301,none,,,False,,94,0,,,
94,65,True,0.462315,0.4623,none,,,False,,94,0,,,
94,58,True,0.566623,0.5666,none,,,False,,94,0,,,
94,13,True,0.721808,0.7218,none,,,False,,94,0,,,
94,56,True,0.165324,0.1653,none,,,False,,94,0,,,
94,55,True,0.1256,0.1256,none,,,False,,94,0,,,
94,47,True,0.006253,0.0063,none,,,False,,94,0,,,
94,39,True,0.673117,0.6731,none,,,False,,94,0,,,
94,5,True,0.911436,0.9114,none,,,False,,94,0,,,
94,34,True,0.408631,0.4086,none,,,False,,94,0,,,
94,93,True,0.797926,0.7979,none,,,False,,94,0,,,
94,57,True,0.375704,0.3757,none,,,False,,94,0,,,
94,53,True,0.331613,0.3316,none,,,False,,94,0,,,
94,79,True,0.65755,0.6576,none,,,False,,94,0,,,
94,6,True,0.741628,0.7416,none,,,False,,94,0,,,
94,83,True,0.681804,0.6818,none,,,False,,94,0,,,
94,40,True,0.337726,0.3377,none,,,False,,94,0,,,
94,75,True,0.518736,0.5187,none,,,False,,94,0,,,
94,84,True,0.303746,0.3037,none,,,False,,94,0,,,
94,73,True,0.176948,0.1769,none,,,False,,94,0,,,
94,96,True,0.53997,0.54,none,,,False,,94,0,,,
94,28,True,0.069272,0.0693,none,,,False,,94,0,,,
94,52,True,0.509297,0.5093,none,,,False,,94,0,,,
94,86,True,0.405641,0.4056,none,,,False,,94,0,,,
94,50,True,0.413846,0.4138,none,,,False,,94,0,,,
94,12,True,0.659477,0.6595,none,,,False,,94,0,,,
94,71,True,0.543387,0.5434,none,,,False,,94,0,,,
94,3,True,0.722633,0.7226,none,,,False,,94,0,,,
94,54,True,0.2488,0.2488,none,,,False,,94,0,,,
94,15,True,0.367558,0.3676,none,,,False,,94,0,,,
94,11,True,0.48548,0.4855,none,,,False,,94,0,,,
94,92,True,1.047863,1.0479,none,,,False,,94,0,,,
95,86,True,0.554489,0.5545,none,,,False,,95,0,,,
95,9,True,0.618345,0.6183,none,,,False,,95,0,,,
95,72,True,0.322098,0.3221,none,,,False,,95,0,,,
95,23,True,0.710791,0.7108,none,,,False,,95,0,,,
95,3,True,0.747906,0.7479,none,,,False,,95,0,,,
95,31,True,0.955361,0.9554,none,,,False,,95,0,,,
95,66,True,0.549474,0.5495,none,,,False,,95,0,,,
95,7,True,0.421925,0.4219,none,,,False,,95,0,,,
95,34,True,0.317441,0.3174,none,,,False,,95,0,,,
95,92,True,1.087738,1.0877,none,,,False,,95,0,,,
95,97,True,0.57547,0.5755,none,,,False,,95,0,,,
95,64,True,0.5305,0.5305,none,,,False,,95,0,,,
95,14,True,0.189177,0.1892,none,,,False,,95,0,,,
95,94,True,0.786277,0.7863,none,,,False,,95,0,,,
95,65,True,0.693742,0.6937,none,,,False,,95,0,,,
95,12,True,0.529451,0.5295,none,,,False,,95,0,,,
95,25,True,0.48437,0.4844,none,,,False,,95,0,,,
95,96,True,0.273967,0.274,none,,,False,,95,0,,,
95,88,True,0.634847,0.6348,none,,,False,,95,0,,,
95,17,True,0.557335,0.5573,none,,,False,,95,0,,,
95,43,True,0.604847,0.6048,none,,,False,,95,0,,,
95,63,True,0.801868,0.8019,none,,,False,,95,0,,,
95,5,True,0.532826,0.5328,none,,,False,,95,0,,,
95,70,True,1.459567,1.4596,none,,,False,,95,0,,,
95,38,True,1.007445,1.0074,none,,,False,,95,0,,,
95,45,True,0.371106,0.3711,none,,,False,,95,0,,,
95,11,True,0.405512,0.4055,none,,,False,,95,0,,,
95,73,True,0.469365,0.4694,none,,,False,,95,0,,,
95,79,True,0.45252,0.4525,none,,,False,,95,0,,,
95,68,True,0.684713,0.6847,none,,,False,,95,0,,,
95,89,True,0.509115,0.5091,none,,,False,,95,0,,,
95,48,True,0.400473,0.4005,none,,,False,,95,0,,,
95,78,True,0.228573,0.2286,none,,,False,,95,0,,,
95,0,True,0.557342,0.5573,none,,,False,,95,0,,,
95,87,True,0.232644,0.2326,none,,,False,,95,0,,,
95,95,True,0.606326,0.6063,none,,,False,,95,0,,,
96,17,True,0.49235,0.4924,none,,,False,,96,0,,,
96,71,True,0.617693,0.6177,none,,,False,,96,0,,,
96,33,True,0.356229,0.3562,none,,,False,,96,0,,,
96,73,True,0.293372,0.2934,none,,,False,,96,0,,,
96,19,True,0.581702,0.5817,none,,,False,,96,0,,,
96,8,True,0.596857,0.5969,none,,,False,,96,0,,,
96,56,True,0.251861,0.2519,none,,,False,,96,0,,,
96,97,True,0.6449,0.6449,none,,,False,,96,0,,,
96,9,True,0.542942,0.5429,none,,,False,,96,0,,,
96,23,True,0.811523,0.8115,none,,,False,,96,0,,,
96,22,True,0.230865,0.2309,none,,,False,,96,0,,,
96,62,True,0.302913,0.3029,none,,,False,,96,0,,,
96,41,True,0.606322,0.6063,none,,,False,,96,0,,,
96,35,True,0.57137,0.5714,none,,,False,,96,0,,,
96,18,True,1.44272,1.4427,none,,,False,,96,0,,,
96,51,True,0.492499,0.4925,none,,,False,,96,0,,,
96,43,True,0.455751,0.4558,none,,,False,,96,0,,,
96,52,True,0.430502,0.4305,none,,,False,,96,0,,,
96,74,True,0.726451,0.7265,none,,,False,,96,0,,,
96,99,True,0.486966,0.487,none,,,False,,96,0,,,
96,81,True,0.709953,0.71,none,,,False,,96,0,,,
96,6,True,0.830976,0.831,none,,,False,,96,0,,,
96,95,True,0.545719,0.5457,none,,,False,,96,0,,,
96,64,True,0.627365,0.6274,none,,,False,,96,0,,,
96,12,True,0.67812,0.6781,none,,,False,,96,0,,,
96,31,True,0.977811,0.9778,none,,,False,,96,0,,,
96,58,True,0.497781,0.4978,none,,,False,,96,0,,,
96,50,True,0.350387,0.3504,none,,,False,,96,0,,,
96,89,True,0.385467,0.3855,none,,,False,,96,0,,,
96,3,True,0.568782,0.5688,none,,,False,,96,0,,,
96,28,True,0.174493,0.1745,none,,,False,,96,0,,,
96,53,True,0.64371,0.6437,none,,,False,,96,0,,,
96,75,True,0.406531,0.4065,none,,,False,,96,0,,,
96,26,True,0.355742,0.3557,none,,,False,,96,0,,,
96,93,True,0.925451,0.9255,none,,,False,,96,0,,,
96,59,True,1.189027,1.189,none,,,False,,96,0,,,
97,94,True,0.866351,0.8664,none,,,False,,97,0,,,
97,1,True,0.644868,0.6449,none,,,False,,97,0,,,
97,91,True,0.339787,0.3398,none,,,False,,97,0,,,
97,86,True,0.333674,0.3337,none,,,False,,97,0,,,
97,73,True,0.626442,0.6264,none,,,False,,97,0,,,
97,63,True,0.928075,0.9281,none,,,False,,97,0,,,
97,35,True,0.41689,0.4169,none,,,False,,97,0,,,
97,44,True,0.473136,0.4731,none,,,False,,97,0,,,
97,67,True,0.405146,0.4051,none,,,False,,97,0,,,
97,53,True,0.443682,0.4437,none,,,False,,97,0,,,
97,52,True,0.384258,0.3843,none,,,False,,97,0,,,
97,36,True,0.417493,0.4175,none,,,False,,97,0,,,
97,54,True,0.248224,0.2482,none,,,False,,97,0,,,
97,68,True,0.750792,0.7508,none,,,False,,97,0,,,
97,8,True,0.444366,0.4444,none,,,False,,97,0,,,
97,58,True,0.494111,0.4941,none,,,False,,97,0,,,
97,87,True,0.320249,0.3202,none,,,False,,97,0,,,
97,32,True,0.891399,0.8914,none,,,False,,97,0,,,
97,76,True,0.200873,0.2009,none,,,False,,97,0,,,
97,93,True,0.649443,0.6494,none,,,False,,97,0,,,
97,96,True,0.331842,0.3318,none,,,False,,97,0,,,
97,22,True,0.350297,0.3503,none,,,False,,97,0,,,
97,99,True,0.641838,0.6418,none,,,False,,97,0,,,
97,46,True,0.734016,0.734,none,,,False,,97,0,,,
97,4,True,0.411251,0.4113,none,,,False,,97,0,,,
97,55,True,0.342886,0.3429,none,,,False,,97,0,,,
97,31,True,0.790358,0.7904,none,,,False,,97,0,,,
97,89,True,0.526968,0.527,none,,,False,,97,0,,,
97,6,True,0.440712,0.4407,none,,,False,,97,0,,,
97,48,True,0.308314,0.3083,none,,,False,,97,0,,,
97,66,True,0.583676,0.5837,none,,,False,,97,0,,,
97,40,True,0.371421,0.3714,none,,,False,,97,0,,,
97,23,True,0.736778,0.7368,none,,,False,,97,0,,,
97,30,True,0.682535,0.6825,none,,,False,,97,0,,,
97,21,True,0.372477,0.3725,none,,,False,,97,0,,,
97,60,True,0.504309,0.5043,none,,,False,,97,0,,,
98,60,True,0.377667,0.3777,none,,,False,,98,0,,,
98,2,True,0.527326,0.5273,none,,,False,,98,0,,,
98,46,True,0.566998,0.567,none,,,False,,98,0,,,
98,17,True,0.581217,0.5812,none,,,False,,98,0,,,
98,21,True,0.349566,0.3496,none,,,False,,98,0,,,
98,15,True,0.45016,0.4502,none,,,False,,98,0,,,
98,56,True,0.240132,0.2401,none,,,False,,98,0,,,
98,73,True,0.458016,0.458,none,,,False,,98,0,,,
98,18,True,1.434166,1.4342,none,,,False,,98,0,,,
98,14,True,0.138447,0.1384,none,,,False,,98,0,,,
98,59,True,0.889111,0.8891,none,,,False,,98,0,,,
98,41,True,0.470957,0.471,none,,,False,,98,0,,,
98,72,True,0.28563,0.2856,none,,,False,,98,0,,,
98,62,True,0.008243,0.0082,none,,,False,,98,0,,,
98,90,True,0.54322,0.5432,none,,,False,,98,0,,,
98,68,True,0.602875,0.6029,none,,,False,,98,0,,,
98,65,True,0.557054,0.5571,none,,,False,,98,0,,,
98,81,True,0.638254,0.6383,none,,,False,,98,0,,,
98,86,True,0.407273,0.4073,none,,,False,,98,0,,,
98,58,True,0.535707,0.5357,none,,,False,,98,0,,,
98,88,True,0.604421,0.6044,none,,,False,,98,0,,,
98,0,True,0.555134,0.5551,none,,,False,,98,0,,,
98,63,True,0.587857,0.5879,none,,,False,,98,0,,,
98,74,True,0.641893,0.6419,none,,,False,,98,0,,,
98,29,True,0.539587,0.5396,none,,,False,,98,0,,,
98,12,True,0.548016,0.548,none,,,False,,98,0,,,
98,48,True,0.320051,0.3201,none,,,False,,98,0,,,
98,42,True,0.438051,0.4381,none,,,False,,98,0,,,
98,7,True,0.560368,0.5604,none,,,False,,98,0,,,
98,35,True,0.465654,0.4657,none,,,False,,98,0,,,
98,57,True,0.269457,0.2695,none,,,False,,98,0,,,
98,69,True,0.344007,0.344,none,,,False,,98,0,,,
98,51,True,0.420859,0.4209,none,,,False,,98,0,,,
98,77,True,0.472396,0.4724,none,,,False,,98,0,,,
98,32,True,0.973436,0.9734,none,,,False,,98,0,,,
98,99,True,0.68837,0.6884,none,,,False,,98,0,,,
99,38,True,1.061627,1.0616,none,,,False,,99,0,,,
99,71,True,0.575265,0.5753,none,,,False,,99,0,,,
99,11,True,0.241217,0.2412,none,,,False,,99,0,,,
99,76,True,0.402469,0.4025,none,,,False,,99,0,,,
99,33,True,0.338014,0.338,none,,,False,,99,0,,,
99,43,True,0.571163,0.5712,none,,,False,,99,0,,,
99,45,True,0.368323,0.3683,none,,,False,,99,0,,,
99,22,True,0.31082,0.3108,none,,,False,,99,0,,,
99,4,True,0.337081,0.3371,none,,,False,,99,0,,,
99,72,True,0.302369,0.3024,none,,,False,,99,0,,,
99,46,True,0.646194,0.6462,none,,,False,,99,0,,,
99,96,True,0.353384,0.3534,none,,,False,,99,0,,,
99,95,True,0.721345,0.7213,none,,,False,,99,0,,,
99,30,True,0.710843,0.7108,none,,,False,,99,0,,,
99,65,True,0.545005,0.545,none,,,False,,99,0,,,
99,25,True,0.529761,0.5298,none,,,False,,99,0,,,
99,52,True,0.463492,0.4635,none,,,False,,99,0,,,
99,48,True,0.272622,0.2726,none,,,False,,99,0,,,
99,77,True,0.40941,0.4094,none,,,False,,99,0,,,
99,24,True,0.636933,0.6369,none,,,False,,99,0,,,
99,5,True,0.57204,0.572,none,,,False,,99,0,,,
99,0,True,0.488976,0.489,none,,,False,,99,0,,,
99,36,True,0.621279,0.6213,none,,,False,,99,0,,,
99,19,True,0.811317,0.8113,none,,,False,,99,0,,,
99,91,True,0.576163,0.5762,none,,,False,,99,0,,,
99,87,True,0.096659,0.0967,none,,,False,,99,0,,,
99,13,True,0.873478,0.8735,none,,,False,,99,0,,,
99,18,True,1.296723,1.2967,none,,,False,,99,0,,,
99,29,True,0.474763,0.4748,none,,,False,,99,0,,,
99,6,True,0.643503,0.6435,none,,,False,,99,0,,,
99,79,True,0.592137,0.5921,none,,,False,,99,0,,,
99,16,True,0.898099,0.8981,none,,,False,,99,0,,,
99,64,True,0.820958,0.821,none,,,False,,99,0,,,
99,66,True,0.680556,0.6806,none,,,False,,99,0,,,
99,2,True,0.235443,0.2354,none,,,False,,99,0,,,
99,70,True,1.550652,1.5507,none,,,False,,99,0,,,
100,66,True,0.498276,0.4983,none,,,False,,100,0,,,
100,94,True,0.667256,0.6673,none,,,False,,100,0,,,
100,76,True,0.255913,0.2559,none,,,False,,100,0,,,
100,84,True,0.525123,0.5251,none,,,False,,100,0,,,
100,30,True,0.446554,0.4466,none,,,False,,100,0,,,
100,99,True,0.736531,0.7365,none,,,False,,100,0,,,
100,9,True,0.476374,0.4764,none,,,False,,100,0,,,
100,55,True,0.220792,0.2208,none,,,False,,100,0,,,
100,10,True,1.02406,1.0241,none,,,False,,100,0,,,
100,19,True,0.454009,0.454,none,,,False,,100,0,,,
100,8,True,0.505574,0.5056,none,,,False,,100,0,,,
100,65,True,0.473647,0.4736,none,,,False,,100,0,,,
100,29,True,0.40117,0.4012,none,,,False,,100,0,,,
100,23,True,0.788348,0.7883,none,,,False,,100,0,,,
100,78,True,0.140453,0.1405,none,,,False,,100,0,,,
100,13,True,0.671076,0.6711,none,,,False,,100,0,,,
100,38,True,0.628154,0.6282,none,,,False,,100,0,,,
100,96,True,0.474776,0.4748,none,,,False,,100,0,,,
100,26,True,0.347959,0.348,none,,,False,,100,0,,,
100,51,True,0.495332,0.4953,none,,,False,,100,0,,,
100,82,True,0.333128,0.3331,none,,,False,,100,0,,,
100,69,True,0.496886,0.4969,none,,,False,,100,0,,,
100,34,True,0.625655,0.6257,none,,,False,,100,0,,,
100,62,True,0.284366,0.2844,none,,,False,,100,0,,,
100,89,True,0.445369,0.4454,none,,,False,,100,0,,,
100,25,True,0.342672,0.3427,none,,,False,,100,0,,,
100,28,True,0.180658,0.1807,none,,,False,,100,0,,,
100,22,True,0.259052,0.2591,none,,,False,,100,0,,,
100,33,True,0.386431,0.3864,none,,,False,,100,0,,,
100,77,True,0.453475,0.4535,none,,,False,,100,0,,,
100,71,True,0.424344,0.4243,none,,,False,,100,0,,,
100,1,True,0.529691,0.5297,none,,,False,,100,0,,,
100,85,True,0.435145,0.4351,none,,,False,,100,0,,,
100,15,True,0.581073,0.5811,none,,,False,,100,0,,,
100,20,True,0.424152,0.4242,none,,,False,,100,0,,,
100,27,True,0.662847,0.6628,none,,,False,,100,0,,,
