round,client_id,selected,utility,normalized_utility,detector,cusum_pos,cusum_neg,change_detected,change_direction,last_seen,age,explore_score,exploit_score,final_score
1,30,True,0.095619,-0.4527,none,,,False,,1,0,,,
1,66,True,0.121507,-0.1934,none,,,False,,1,0,,,
1,31,True,0.819859,3.0,none,,,False,,1,0,,,
1,4,True,0.169758,0.2899,none,,,False,,1,0,,,
1,99,True,0.3556,2.1515,none,,,False,,1,0,,,
1,93,True,0.037694,-1.033,none,,,False,,1,0,,,
1,75,True,0.05447,-0.8649,none,,,False,,1,0,,,
1,65,True,0.060094,-0.8086,none,,,False,,1,0,,,
1,24,True,0.421818,2.8148,none,,,False,,1,0,,,
1,96,True,0.112796,-0.2807,none,,,False,,1,0,,,
1,33,True,0.379539,2.3913,none,,,False,,1,0,,,
1,67,True,0.367607,2.2718,none,,,False,,1,0,,,
1,54,True,0.138779,-0.0204,none,,,False,,1,0,,,
1,6,True,0.073527,-0.674,none,,,False,,1,0,,,
1,51,True,0.036868,-1.0412,none,,,False,,1,0,,,
1,32,True,0.113422,-0.2744,none,,,False,,1,0,,,
1,35,True,0.183409,0.4267,none,,,False,,1,0,,,
1,69,True,0.234681,0.9403,none,,,False,,1,0,,,
1,11,True,0.182589,0.4185,none,,,False,,1,0,,,
1,68,True,0.113322,-0.2754,none,,,False,,1,0,,,
1,83,True,0.329219,1.8872,none,,,False,,1,0,,,
1,77,True,0.131804,-0.0903,none,,,False,,1,0,,,
1,15,True,0.492438,3.0,none,,,False,,1,0,,,
1,57,True,0.162289,0.2151,none,,,False,,1,0,,,
1,84,True,0.119875,-0.2098,none,,,False,,1,0,,,
1,87,True,0.171671,0.3091,none,,,False,,1,0,,,
1,23,True,0.10811,-0.3276,none,,,False,,1,0,,,
1,7,True,0.032963,-1.0804,none,,,False,,1,0,,,
1,48,True,0.495048,3.0,none,,,False,,1,0,,,
1,73,True,0.086859,-0.5405,none,,,False,,1,0,,,
1,89,True,0.064874,-0.7607,none,,,False,,1,0,,,
1,34,True,0.247315,1.0668,none,,,False,,1,0,,,
1,46,True,0.082221,-0.5869,none,,,False,,1,0,,,
1,36,True,0.436312,2.96,none,,,False,,1,0,,,
1,60,True,0.169543,0.2878,none,,,False,,1,0,,,
1,64,True,0.036787,-1.0421,none,,,False,,1,0,,,
1,85,True,0.577443,3.0,none,,,False,,1,0,,,
1,63,True,0.102753,-0.3813,none,,,False,,1,0,,,
1,79,True,0.087688,-0.5322,none,,,False,,1,0,,,
1,74,True,0.197558,0.5684,none,,,False,,1,0,,,
1,43,True,0.081938,-0.5898,none,,,False,,1,0,,,
1,18,True,0.294344,1.5379,none,,,False,,1,0,,,
1,56,True,0.109958,-0.3091,none,,,False,,1,0,,,
1,58,True,0.073435,-0.675,none,,,False,,1,0,,,
1,40,True,0.072582,-0.6835,none,,,False,,1,0,,,
1,13,True,1.023439,3.0,none,,,False,,1,0,,,
1,26,True,0.142851,0.0204,none,,,False,,1,0,,,
1,8,True,0.162357,0.2158,none,,,False,,1,0,,,
1,5,True,0.383718,2.4332,none,,,False,,1,0,,,
1,72,True,0.436476,2.9616,none,,,False,,1,0,,,
2,47,True,0.516936,0.9357,none,,,False,,2,0,,,
2,28,True,0.353079,0.221,none,,,False,,2,0,,,
2,43,True,0.16651,-0.5928,none,,,False,,2,0,,,
2,96,True,0.304607,0.0095,none,,,False,,2,0,,,
2,48,True,0.604433,1.3173,none,,,False,,2,0,,,
2,94,True,0.488353,0.811,none,,,False,,2,0,,,
2,26,True,0.421437,0.5191,none,,,False,,2,0,,,
2,89,True,0.151176,-0.6597,none,,,False,,2,0,,,
2,95,True,1.19218,3.0,none,,,False,,2,0,,,
2,31,True,1.407253,3.0,none,,,False,,2,0,,,
2,49,True,0.212424,-0.3925,none,,,False,,2,0,,,
2,0,True,0.300236,-0.0095,none,,,False,,2,0,,,
2,76,True,0.134154,-0.7339,none,,,False,,2,0,,,
2,56,True,0.257302,-0.1968,none,,,False,,2,0,,,
2,45,True,0.220758,-0.3562,none,,,False,,2,0,,,
2,23,True,0.276288,-0.114,none,,,False,,2,0,,,
2,39,True,0.064598,-1.0373,none,,,False,,2,0,,,
2,83,True,0.44128,0.6057,none,,,False,,2,0,,,
2,74,True,0.65942,1.5571,none,,,False,,2,0,,,
2,51,True,0.071486,-1.0073,none,,,False,,2,0,,,
2,87,True,0.451832,0.6517,none,,,False,,2,0,,,
2,78,True,0.863905,2.449,none,,,False,,2,0,,,
2,38,True,0.036901,-1.1581,none,,,False,,2,0,,,
2,17,True,0.048234,-1.1087,none,,,False,,2,0,,,
2,2,True,0.274562,-0.1215,none,,,False,,2,0,,,
2,9,True,0.1402,-0.7076,none,,,False,,2,0,,,
2,90,True,0.14439,-0.6893,none,,,False,,2,0,,,
2,99,True,0.350344,0.209,none,,,False,,2,0,,,
2,53,True,0.573162,1.1809,none,,,False,,2,0,,,
2,7,True,0.06047,-1.0553,none,,,False,,2,0,,,
2,82,True,0.189376,-0.4931,none,,,False,,2,0,,,
2,19,True,0.93165,2.7445,none,,,False,,2,0,,,
2,60,True,0.541953,1.0448,none,,,False,,2,0,,,
2,6,True,0.143438,-0.6934,none,,,False,,2,0,,,
2,68,True,0.212103,-0.3939,none,,,False,,2,0,,,
2,29,True,0.584693,1.2312,none,,,False,,2,0,,,
2,33,True,0.409677,0.4678,none,,,False,,2,0,,,
2,64,True,0.067432,-1.025,none,,,False,,2,0,,,
2,88,True,0.401697,0.433,none,,,False,,2,0,,,
2,46,True,0.203043,-0.4335,none,,,False,,2,0,,,
2,8,True,0.452464,0.6544,none,,,False,,2,0,,,
2,73,True,0.191739,-0.4828,none,,,False,,2,0,,,
2,44,True,0.732714,1.8768,none,,,False,,2,0,,,
2,79,True,0.185971,-0.5079,none,,,False,,2,0,,,
2,69,True,0.33872,0.1583,none,,,False,,2,0,,,
2,3,True,0.570995,1.1714,none,,,False,,2,0,,,
2,25,True,0.266158,-0.1582,none,,,False,,2,0,,,
2,35,True,0.368914,0.29,none,,,False,,2,0,,,
2,91,True,0.105892,-0.8572,none,,,False,,2,0,,,
2,10,True,0.475987,0.757,none,,,False,,2,0,,,
3,55,True,0.480223,-0.0925,none,,,False,,3,0,,,
3,75,True,0.358965,-0.6046,none,,,False,,3,0,,,
3,31,True,1.399569,3.0,none,,,False,,3,0,,,
3,74,True,0.776326,1.158,none,,,False,,3,0,,,
3,14,True,0.218919,-1.196,none,,,False,,3,0,,,
3,58,True,0.519108,0.0717,none,,,False,,3,0,,,
3,59,True,0.500175,-0.0083,none,,,False,,3,0,,,
3,29,True,0.509934,0.033,none,,,False,,3,0,,,
3,57,True,0.695186,0.8153,none,,,False,,3,0,,,
3,39,True,0.189728,-1.3193,none,,,False,,3,0,,,
3,63,True,0.504374,0.0095,none,,,False,,3,0,,,
3,54,True,0.392181,-0.4643,none,,,False,,3,0,,,
3,62,True,0.501315,-0.0034,none,,,False,,3,0,,,
3,42,True,0.467877,-0.1447,none,,,False,,3,0,,,
3,41,True,0.281165,-0.9332,none,,,False,,3,0,,,
3,64,True,0.254505,-1.0458,none,,,False,,3,0,,,
3,23,True,0.692807,0.8053,none,,,False,,3,0,,,
3,28,True,0.656224,0.6508,none,,,False,,3,0,,,
3,1,True,0.760828,1.0925,none,,,False,,3,0,,,
3,50,True,0.266392,-0.9956,none,,,False,,3,0,,,
3,66,True,0.432334,-0.2948,none,,,False,,3,0,,,
3,52,True,0.500623,-0.0064,none,,,False,,3,0,,,
3,48,True,0.723422,0.9345,none,,,False,,3,0,,,
3,87,True,0.630625,0.5427,none,,,False,,3,0,,,
3,60,True,0.666504,0.6942,none,,,False,,3,0,,,
3,49,True,0.542372,0.1699,none,,,False,,3,0,,,
3,17,True,0.179259,-1.3635,none,,,False,,3,0,,,
3,95,True,1.442664,3.0,none,,,False,,3,0,,,
3,18,True,0.309605,-0.8131,none,,,False,,3,0,,,
3,5,True,1.236234,3.0,none,,,False,,3,0,,,
3,65,True,0.511793,0.0408,none,,,False,,3,0,,,
3,8,True,0.422837,-0.3349,none,,,False,,3,0,,,
3,6,True,0.458702,-0.1834,none,,,False,,3,0,,,
3,71,True,0.611197,0.4606,none,,,False,,3,0,,,
3,38,True,0.142575,-1.5185,none,,,False,,3,0,,,
3,16,True,0.302722,-0.8421,none,,,False,,3,0,,,
3,13,True,0.996978,2.0898,none,,,False,,3,0,,,
3,44,True,0.657183,0.6548,none,,,False,,3,0,,,
3,9,True,0.386546,-0.4881,none,,,False,,3,0,,,
3,15,True,0.67544,0.7319,none,,,False,,3,0,,,
3,27,True,0.967891,1.967,none,,,False,,3,0,,,
3,78,True,0.86807,1.5454,none,,,False,,3,0,,,
3,26,True,0.449806,-0.221,none,,,False,,3,0,,,
3,46,True,0.419405,-0.3494,none,,,False,,3,0,,,
3,51,True,0.254457,-1.046,none,,,False,,3,0,,,
3,97,True,0.502946,0.0034,none,,,False,,3,0,,,
3,33,True,0.364102,-0.5829,none,,,False,,3,0,,,
3,45,True,0.714966,0.8988,none,,,False,,3,0,,,
3,19,True,0.938458,1.8427,none,,,False,,3,0,,,
3,89,True,0.400375,-0.4297,none,,,False,,3,0,,,
4,74,True,0.808459,1.4507,none,,,False,,4,0,,,
4,99,True,0.393268,-0.7453,none,,,False,,4,0,,,
4,27,True,0.794651,1.3777,none,,,False,,4,0,,,
4,77,True,0.763451,1.2126,none,,,False,,4,0,,,
4,28,True,0.605872,0.3792,none,,,False,,4,0,,,
4,68,True,0.931217,2.1,none,,,False,,4,0,,,
4,0,True,0.641909,0.5698,none,,,False,,4,0,,,
4,61,True,0.83402,1.5859,none,,,False,,4,0,,,
4,76,True,0.465652,-0.3625,none,,,False,,4,0,,,
4,23,True,0.703767,0.897,none,,,False,,4,0,,,
4,6,True,0.420047,-0.6037,none,,,False,,4,0,,,
4,14,True,0.332704,-1.0656,none,,,False,,4,0,,,
4,72,True,0.775636,1.2771,none,,,False,,4,0,,,
4,86,True,0.457806,-0.404,none,,,False,,4,0,,,
4,56,True,0.448614,-0.4526,none,,,False,,4,0,,,
4,59,True,0.591569,0.3035,none,,,False,,4,0,,,
4,40,True,0.389792,-0.7637,none,,,False,,4,0,,,
4,45,True,0.787993,1.3424,none,,,False,,4,0,,,
4,84,True,0.647705,0.6004,none,,,False,,4,0,,,
4,83,True,0.481455,-0.2789,none,,,False,,4,0,,,
4,7,True,0.379311,-0.8191,none,,,False,,4,0,,,
4,95,True,1.425105,3.0,none,,,False,,4,0,,,
4,70,True,0.136331,-2.1043,none,,,False,,4,0,,,
4,25,True,0.428966,-0.5565,none,,,False,,4,0,,,
4,33,True,0.345779,-0.9965,none,,,False,,4,0,,,
4,16,True,0.329331,-1.0835,none,,,False,,4,0,,,
4,79,True,0.24802,-1.5135,none,,,False,,4,0,,,
4,67,True,0.599896,0.3476,none,,,False,,4,0,,,
4,22,True,0.570902,0.1942,none,,,False,,4,0,,,
4,18,True,0.34002,-1.0269,none,,,False,,4,0,,,
4,43,True,0.315669,-1.1557,none,,,False,,4,0,,,
4,66,True,0.371734,-0.8592,none,,,False,,4,0,,,
4,71,True,0.49936,-0.1842,none,,,False,,4,0,,,
4,3,True,0.589115,0.2905,none,,,False,,4,0,,,
4,97,True,0.578034,0.2319,none,,,False,,4,0,,,
4,82,True,0.599108,0.3434,none,,,False,,4,0,,,
4,11,True,0.616753,0.4367,none,,,False,,4,0,,,
4,78,True,0.861182,1.7295,none,,,False,,4,0,,,
4,19,True,0.889738,1.8806,none,,,False,,4,0,,,
4,26,True,0.540531,0.0336,none,,,False,,4,0,,,
4,51,True,0.472263,-0.3275,none,,,False,,4,0,,,
4,88,True,0.565833,0.1674,none,,,False,,4,0,,,
4,91,True,0.520069,-0.0746,none,,,False,,4,0,,,
4,69,True,0.307811,-1.1973,none,,,False,,4,0,,,
4,42,True,0.527832,-0.0336,none,,,False,,4,0,,,
4,1,True,0.804885,1.4318,none,,,False,,4,0,,,
4,46,True,0.433697,-0.5315,none,,,False,,4,0,,,
4,31,True,1.432062,3.0,none,,,False,,4,0,,,
4,8,True,0.475836,-0.3086,none,,,False,,4,0,,,
4,49,True,0.480218,-0.2854,none,,,False,,4,0,,,
5,11,True,0.703704,1.1563,none,,,False,,5,0,,,
5,1,True,0.808815,1.7816,none,,,False,,5,0,,,
5,63,True,0.589652,0.4779,none,,,False,,5,0,,,
5,30,True,0.653853,0.8598,none,,,False,,5,0,,,
5,56,True,0.532746,0.1394,none,,,False,,5,0,,,
5,32,True,0.617173,0.6416,none,,,False,,5,0,,,
5,29,True,0.596503,0.5186,none,,,False,,5,0,,,
5,18,True,0.330764,-1.0621,none,,,False,,5,0,,,
5,99,True,0.427814,-0.4848,none,,,False,,5,0,,,
5,93,True,0.481862,-0.1633,none,,,False,,5,0,,,
5,14,True,0.336326,-1.0291,none,,,False,,5,0,,,
5,45,True,0.773727,1.5729,none,,,False,,5,0,,,
5,51,True,0.461165,-0.2864,none,,,False,,5,0,,,
5,86,True,0.435439,-0.4395,none,,,False,,5,0,,,
5,58,True,0.605266,0.5708,none,,,False,,5,0,,,
5,70,True,0.145522,-2.1641,none,,,False,,5,0,,,
5,92,True,0.594033,0.504,none,,,False,,5,0,,,
5,8,True,0.44847,-0.362,none,,,False,,5,0,,,
5,87,True,1.025045,3.0,none,,,False,,5,0,,,
5,38,True,0.253376,-1.5225,none,,,False,,5,0,,,
5,66,True,0.410768,-0.5862,none,,,False,,5,0,,,
5,82,True,0.377268,-0.7855,none,,,False,,5,0,,,
5,37,True,0.410905,-0.5854,none,,,False,,5,0,,,
5,26,True,0.537664,0.1686,none,,,False,,5,0,,,
5,68,True,0.984541,2.8269,none,,,False,,5,0,,,
5,47,True,0.445976,-0.3768,none,,,False,,5,0,,,
5,60,True,0.637614,0.7632,none,,,False,,5,0,,,
5,89,True,0.486525,-0.1356,none,,,False,,5,0,,,
5,67,True,0.48916,-0.1199,none,,,False,,5,0,,,
5,7,True,0.34399,-0.9835,none,,,False,,5,0,,,
5,79,True,0.345155,-0.9765,none,,,False,,5,0,,,
5,2,True,0.60653,0.5783,none,,,False,,5,0,,,
5,50,True,0.315725,-1.1516,none,,,False,,5,0,,,
5,28,True,0.646598,0.8166,none,,,False,,5,0,,,
5,54,True,0.425214,-0.5003,none,,,False,,5,0,,,
5,76,True,0.348089,-0.9591,none,,,False,,5,0,,,
5,16,True,0.336131,-1.0302,none,,,False,,5,0,,,
5,65,True,0.742221,1.3855,none,,,False,,5,0,,,
5,69,True,0.234834,-1.6328,none,,,False,,5,0,,,
5,43,True,0.403643,-0.6286,none,,,False,,5,0,,,
5,21,True,0.529473,0.1199,none,,,False,,5,0,,,
5,97,True,0.275016,-1.3938,none,,,False,,5,0,,,
5,10,True,0.729792,1.3115,none,,,False,,5,0,,,
5,71,True,0.631504,0.7269,none,,,False,,5,0,,,
5,85,True,0.62823,0.7074,none,,,False,,5,0,,,
5,94,True,0.596976,0.5215,none,,,False,,5,0,,,
5,0,True,0.401971,-0.6386,none,,,False,,5,0,,,
5,52,True,0.569299,0.3568,none,,,False,,5,0,,,
5,12,True,0.587391,0.4644,none,,,False,,5,0,,,
5,15,True,0.642869,0.7945,none,,,False,,5,0,,,
6,83,True,0.505159,-0.1173,none,,,False,,6,0,,,
6,15,True,0.587686,0.4446,none,,,False,,6,0,,,
6,69,True,0.361103,-1.0981,none,,,False,,6,0,,,
6,50,True,0.220652,-2.0544,none,,,False,,6,0,,,
6,27,True,0.894521,2.5337,none,,,False,,6,0,,,
6,51,True,0.515274,-0.0484,none,,,False,,6,0,,,
6,68,True,0.775989,1.7266,none,,,False,,6,0,,,
6,41,True,0.258426,-1.7972,none,,,False,,6,0,,,
6,4,True,0.378388,-0.9804,none,,,False,,6,0,,,
6,84,True,0.622906,0.6844,none,,,False,,6,0,,,
6,23,True,0.713235,1.2994,none,,,False,,6,0,,,
6,89,True,0.423713,-0.6718,none,,,False,,6,0,,,
6,75,True,0.428318,-0.6405,none,,,False,,6,0,,,
6,32,True,0.503343,-0.1297,none,,,False,,6,0,,,
6,82,True,0.551072,0.1953,none,,,False,,6,0,,,
6,98,True,0.526413,0.0274,none,,,False,,6,0,,,
6,65,True,0.659727,0.9351,none,,,False,,6,0,,,
6,5,True,1.231901,3.0,none,,,False,,6,0,,,
6,11,True,0.621391,0.6741,none,,,False,,6,0,,,
6,2,True,0.614986,0.6305,none,,,False,,6,0,,,
6,21,True,0.58357,0.4166,none,,,False,,6,0,,,
6,13,True,1.210221,3.0,none,,,False,,6,0,,,
6,10,True,0.58841,0.4495,none,,,False,,6,0,,,
6,16,True,0.37019,-1.0362,none,,,False,,6,0,,,
6,35,True,0.74004,1.4819,none,,,False,,6,0,,,
6,64,True,0.522614,0.0015,none,,,False,,6,0,,,
6,93,True,0.506492,-0.1082,none,,,False,,6,0,,,
6,88,True,0.53945,0.1162,none,,,False,,6,0,,,
6,37,True,0.38638,-0.926,none,,,False,,6,0,,,
6,57,True,0.64687,0.8475,none,,,False,,6,0,,,
6,14,True,0.307659,-1.462,none,,,False,,6,0,,,
6,55,True,0.447602,-0.5092,none,,,False,,6,0,,,
6,49,True,0.464844,-0.3918,none,,,False,,6,0,,,
6,6,True,0.50554,-0.1147,none,,,False,,6,0,,,
6,56,True,0.479578,-0.2915,none,,,False,,6,0,,,
6,80,True,0.479593,-0.2914,none,,,False,,6,0,,,
6,25,True,0.47916,-0.2943,none,,,False,,6,0,,,
6,76,True,0.363669,-1.0806,none,,,False,,6,0,,,
6,97,True,0.666014,0.9779,none,,,False,,6,0,,,
6,7,True,0.423259,-0.6749,none,,,False,,6,0,,,
6,90,True,0.330191,-1.3086,none,,,False,,6,0,,,
6,17,True,0.355089,-1.1391,none,,,False,,6,0,,,
6,85,True,0.561657,0.2674,none,,,False,,6,0,,,
6,67,True,0.558459,0.2456,none,,,False,,6,0,,,
6,86,True,0.522162,-0.0015,none,,,False,,6,0,,,
6,81,True,0.81921,2.0209,none,,,False,,6,0,,,
6,44,True,0.836562,2.1391,none,,,False,,6,0,,,
6,78,True,1.028889,3.0,none,,,False,,6,0,,,
6,63,True,0.4969,-0.1735,none,,,False,,6,0,,,
6,19,True,0.993728,3.0,none,,,False,,6,0,,,
7,16,True,0.353226,-0.7899,none,,,False,,7,0,,,
7,8,True,0.384613,-0.5847,none,,,False,,7,0,,,
7,35,True,0.923247,2.9371,none,,,False,,7,0,,,
7,80,True,0.471409,-0.0172,none,,,False,,7,0,,,
7,65,True,0.786118,2.0405,none,,,False,,7,0,,,
7,85,True,0.680984,1.3531,none,,,False,,7,0,,,
7,34,True,0.751196,1.8122,none,,,False,,7,0,,,
7,90,True,0.38378,-0.5902,none,,,False,,7,0,,,
7,45,True,0.707755,1.5281,none,,,False,,7,0,,,
7,26,True,0.409431,-0.4224,none,,,False,,7,0,,,
7,54,True,0.481548,0.0491,none,,,False,,7,0,,,
7,33,True,0.476668,0.0172,none,,,False,,7,0,,,
7,98,True,0.464742,-0.0608,none,,,False,,7,0,,,
7,87,True,0.786687,2.0442,none,,,False,,7,0,,,
7,96,True,0.285948,-1.2298,none,,,False,,7,0,,,
7,63,True,0.530019,0.366,none,,,False,,7,0,,,
7,21,True,0.541786,0.443,none,,,False,,7,0,,,
7,84,True,0.468269,-0.0377,none,,,False,,7,0,,,
7,27,True,0.906764,2.8294,none,,,False,,7,0,,,
7,20,True,0.80812,2.1844,none,,,False,,7,0,,,
7,81,True,0.423752,-0.3288,none,,,False,,7,0,,,
7,32,True,0.619685,0.9523,none,,,False,,7,0,,,
7,37,True,0.424528,-0.3237,none,,,False,,7,0,,,
7,89,True,0.447218,-0.1754,none,,,False,,7,0,,,
7,42,True,0.503674,0.1938,none,,,False,,7,0,,,
7,76,True,0.315941,-1.0337,none,,,False,,7,0,,,
7,64,True,0.45407,-0.1306,none,,,False,,7,0,,,
7,62,True,0.709604,1.5402,none,,,False,,7,0,,,
7,91,True,0.547887,0.4829,none,,,False,,7,0,,,
7,31,True,1.243748,3.0,none,,,False,,7,0,,,
7,83,True,0.398629,-0.4931,none,,,False,,7,0,,,
7,41,True,0.34108,-0.8693,none,,,False,,7,0,,,
7,4,True,0.404607,-0.454,none,,,False,,7,0,,,
7,56,True,0.491773,0.116,none,,,False,,7,0,,,
7,50,True,0.270447,-1.3312,none,,,False,,7,0,,,
7,30,True,0.59819,0.8118,none,,,False,,7,0,,,
7,19,True,1.064987,3.0,none,,,False,,7,0,,,
7,79,True,0.382805,-0.5965,none,,,False,,7,0,,,
7,48,True,0.770611,1.9391,none,,,False,,7,0,,,
7,97,True,0.47937,0.0349,none,,,False,,7,0,,,
7,28,True,0.661543,1.226,none,,,False,,7,0,,,
7,43,True,0.358958,-0.7525,none,,,False,,7,0,,,
7,13,True,0.82349,2.2849,none,,,False,,7,0,,,
7,46,True,0.461364,-0.0829,none,,,False,,7,0,,,
7,99,True,0.400872,-0.4784,none,,,False,,7,0,,,
7,75,True,0.321215,-0.9992,none,,,False,,7,0,,,
7,10,True,0.712037,1.5561,none,,,False,,7,0,,,
7,18,True,0.402496,-0.4678,none,,,False,,7,0,,,
7,55,True,0.446652,-0.1791,none,,,False,,7,0,,,
7,38,True,0.256748,-1.4208,none,,,False,,7,0,,,
8,73,True,0.358538,-0.7416,none,,,False,,8,0,,,
8,82,True,0.66816,0.6602,none,,,False,,8,0,,,
8,83,True,0.421453,-0.4567,none,,,False,,8,0,,,
8,62,True,0.712602,0.8614,none,,,False,,8,0,,,
8,13,True,0.96183,1.9897,none,,,False,,8,0,,,
8,96,True,0.183069,-1.536,none,,,False,,8,0,,,
8,54,True,0.411573,-0.5015,none,,,False,,8,0,,,
8,36,True,0.647041,0.5645,none,,,False,,8,0,,,
8,50,True,0.252364,-1.2222,none,,,False,,8,0,,,
8,9,True,0.411383,-0.5023,none,,,False,,8,0,,,
8,31,True,1.323635,3.0,none,,,False,,8,0,,,
8,68,True,0.861122,1.5337,none,,,False,,8,0,,,
8,41,True,0.294468,-1.0316,none,,,False,,8,0,,,
8,8,True,0.520719,-0.0073,none,,,False,,8,0,,,
8,7,True,0.405797,-0.5276,none,,,False,,8,0,,,
8,4,True,0.32475,-0.8945,none,,,False,,8,0,,,
8,30,True,0.556107,0.1529,none,,,False,,8,0,,,
8,64,True,0.506675,-0.0709,none,,,False,,8,0,,,
8,76,True,0.310495,-0.9591,none,,,False,,8,0,,,
8,58,True,0.460389,-0.2805,none,,,False,,8,0,,,
8,48,True,0.721058,0.8996,none,,,False,,8,0,,,
8,57,True,0.76123,1.0815,none,,,False,,8,0,,,
8,94,True,0.592711,0.3186,none,,,False,,8,0,,,
8,10,True,0.623837,0.4595,none,,,False,,8,0,,,
8,70,True,0.181843,-1.5415,none,,,False,,8,0,,,
8,35,True,0.708731,0.8438,none,,,False,,8,0,,,
8,89,True,0.45789,-0.2918,none,,,False,,8,0,,,
8,75,True,0.398736,-0.5596,none,,,False,,8,0,,,
8,60,True,0.783792,1.1836,none,,,False,,8,0,,,
8,78,True,0.852482,1.4946,none,,,False,,8,0,,,
8,67,True,0.619091,0.438,none,,,False,,8,0,,,
8,80,True,0.414408,-0.4886,none,,,False,,8,0,,,
8,2,True,0.570617,0.2186,none,,,False,,8,0,,,
8,74,True,0.834884,1.415,none,,,False,,8,0,,,
8,32,True,0.424103,-0.4447,none,,,False,,8,0,,,
8,63,True,0.349392,-0.783,none,,,False,,8,0,,,
8,77,True,0.770863,1.1251,none,,,False,,8,0,,,
8,66,True,0.428553,-0.4246,none,,,False,,8,0,,,
8,71,True,0.633744,0.5043,none,,,False,,8,0,,,
8,87,True,0.691199,0.7645,none,,,False,,8,0,,,
8,38,True,0.258147,-1.1961,none,,,False,,8,0,,,
8,93,True,0.505406,-0.0767,none,,,False,,8,0,,,
8,19,True,0.879325,1.6161,none,,,False,,8,0,,,
8,5,True,1.090539,2.5724,none,,,False,,8,0,,,
8,95,True,1.542828,3.0,none,,,False,,8,0,,,
8,37,True,0.379523,-0.6466,none,,,False,,8,0,,,
8,17,True,0.370189,-0.6888,none,,,False,,8,0,,,
8,46,True,0.453324,-0.3125,none,,,False,,8,0,,,
8,88,True,0.523962,0.0073,none,,,False,,8,0,,,
8,0,True,0.622935,0.4554,none,,,False,,8,0,,,
9,67,True,0.508125,-0.1439,none,,,False,,9,0,,,
9,41,True,0.363555,-0.8532,none,,,False,,9,0,,,
9,79,True,0.317933,-1.077,none,,,False,,9,0,,,
9,8,True,0.481585,-0.2741,none,,,False,,9,0,,,
9,50,True,0.251471,-1.403,none,,,False,,9,0,,,
9,93,True,0.515382,-0.1083,none,,,False,,9,0,,,
9,25,True,0.55439,0.083,none,,,False,,9,0,,,
9,17,True,0.307649,-1.1274,none,,,False,,9,0,,,
9,35,True,0.78253,1.2023,none,,,False,,9,0,,,
9,74,True,0.8198,1.3851,none,,,False,,9,0,,,
9,89,True,0.437212,-0.4918,none,,,False,,9,0,,,
9,28,True,0.67025,0.6514,none,,,False,,9,0,,,
9,7,True,0.426945,-0.5422,none,,,False,,9,0,,,
9,65,True,0.808177,1.3281,none,,,False,,9,0,,,
9,56,True,0.436665,-0.4945,none,,,False,,9,0,,,
9,26,True,0.484915,-0.2578,none,,,False,,9,0,,,
9,85,True,0.686626,0.7318,none,,,False,,9,0,,,
9,46,True,0.400181,-0.6735,none,,,False,,9,0,,,
9,61,True,0.812452,1.349,none,,,False,,9,0,,,
9,84,True,0.44269,-0.465,none,,,False,,9,0,,,
9,53,True,0.689971,0.7482,none,,,False,,9,0,,,
9,77,True,0.756562,1.0749,none,,,False,,9,0,,,
9,96,True,0.45547,-0.4023,none,,,False,,9,0,,,
9,2,True,0.627261,0.4405,none,,,False,,9,0,,,
9,48,True,0.776459,1.1725,none,,,False,,9,0,,,
9,20,True,0.884414,1.7021,none,,,False,,9,0,,,
9,3,True,0.650215,0.5531,none,,,False,,9,0,,,
9,73,True,0.26408,-1.3412,none,,,False,,9,0,,,
9,83,True,0.372074,-0.8114,none,,,False,,9,0,,,
9,15,True,0.72466,0.9184,none,,,False,,9,0,,,
9,1,True,0.860423,1.5844,none,,,False,,9,0,,,
9,11,True,0.738223,0.9849,none,,,False,,9,0,,,
9,92,True,0.608219,0.3471,none,,,False,,9,0,,,
9,72,True,0.505684,-0.1559,none,,,False,,9,0,,,
9,76,True,0.373323,-0.8053,none,,,False,,9,0,,,
9,0,True,0.420827,-0.5722,none,,,False,,9,0,,,
9,81,True,0.579026,0.2039,none,,,False,,9,0,,,
9,31,True,1.338414,3.0,none,,,False,,9,0,,,
9,18,True,0.318521,-1.0741,none,,,False,,9,0,,,
9,21,True,0.620583,0.4078,none,,,False,,9,0,,,
9,82,True,0.493879,-0.2138,none,,,False,,9,0,,,
9,13,True,0.934336,1.947,none,,,False,,9,0,,,
9,51,True,0.520541,-0.083,none,,,False,,9,0,,,
9,75,True,0.469798,-0.332,none,,,False,,9,0,,,
9,22,True,0.58419,0.2292,none,,,False,,9,0,,,
9,57,True,0.675155,0.6755,none,,,False,,9,0,,,
9,97,True,0.492646,-0.2199,none,,,False,,9,0,,,
9,36,True,0.8038,1.3066,none,,,False,,9,0,,,
9,42,True,0.509628,-0.1366,none,,,False,,9,0,,,
9,19,True,0.965357,2.0992,none,,,False,,9,0,,,
10,87,True,0.92915,1.9892,none,,,False,,10,0,,,
10,2,True,0.707555,0.8439,none,,,False,,10,0,,,
10,45,True,0.734145,0.9813,none,,,False,,10,0,,,
10,84,True,0.62321,0.4079,none,,,False,,10,0,,,
10,6,True,0.401552,-0.7378,none,,,False,,10,0,,,
10,50,True,0.293873,-1.2943,none,,,False,,10,0,,,
10,81,True,0.560854,0.0856,none,,,False,,10,0,,,
10,98,True,0.542058,-0.0115,none,,,False,,10,0,,,
10,26,True,0.442256,-0.5274,none,,,False,,10,0,,,
10,88,True,0.46712,-0.3988,none,,,False,,10,0,,,
10,23,True,0.705236,0.8319,none,,,False,,10,0,,,
10,99,True,0.385725,-0.8196,none,,,False,,10,0,,,
10,80,True,0.526491,-0.092,none,,,False,,10,0,,,
10,25,True,0.517645,-0.1377,none,,,False,,10,0,,,
10,27,True,1.063373,2.683,none,,,False,,10,0,,,
10,92,True,0.681573,0.7096,none,,,False,,10,0,,,
10,51,True,0.540037,-0.022,none,,,False,,10,0,,,
10,53,True,0.383937,-0.8288,none,,,False,,10,0,,,
10,0,True,0.591795,0.2456,none,,,False,,10,0,,,
10,58,True,0.648588,0.5391,none,,,False,,10,0,,,
10,19,True,0.792919,1.2851,none,,,False,,10,0,,,
10,36,True,0.703732,0.8241,none,,,False,,10,0,,,
10,20,True,0.707189,0.842,none,,,False,,10,0,,,
10,4,True,0.290977,-1.3093,none,,,False,,10,0,,,
10,60,True,0.671829,0.6592,none,,,False,,10,0,,,
10,65,True,0.699453,0.802,none,,,False,,10,0,,,
10,41,True,0.284076,-1.3449,none,,,False,,10,0,,,
10,14,True,0.351845,-0.9947,none,,,False,,10,0,,,
10,34,True,0.681508,0.7092,none,,,False,,10,0,,,
10,48,True,0.739036,1.0066,none,,,False,,10,0,,,
10,33,True,0.410836,-0.6898,none,,,False,,10,0,,,
10,29,True,0.518493,-0.1333,none,,,False,,10,0,,,
10,12,True,0.545651,0.007,none,,,False,,10,0,,,
10,85,True,0.581804,0.1939,none,,,False,,10,0,,,
10,46,True,0.463955,-0.4152,none,,,False,,10,0,,,
10,71,True,0.45777,-0.4472,none,,,False,,10,0,,,
10,69,True,0.341912,-1.046,none,,,False,,10,0,,,
10,11,True,0.765809,1.145,none,,,False,,10,0,,,
10,43,True,0.445449,-0.5109,none,,,False,,10,0,,,
10,55,True,0.478252,-0.3413,none,,,False,,10,0,,,
10,40,True,0.459701,-0.4372,none,,,False,,10,0,,,
10,13,True,0.974683,2.2246,none,,,False,,10,0,,,
10,63,True,0.521627,-0.1171,none,,,False,,10,0,,,
10,15,True,0.762267,1.1267,none,,,False,,10,0,,,
10,93,True,0.533353,-0.0565,none,,,False,,10,0,,,
10,28,True,0.578825,0.1785,none,,,False,,10,0,,,
10,3,True,0.568074,0.1229,none,,,False,,10,0,,,
10,72,True,0.57728,0.1705,none,,,False,,10,0,,,
10,89,True,0.542923,-0.007,none,,,False,,10,0,,,
10,70,True,0.165028,-1.9603,none,,,False,,10,0,,,
11,89,True,0.42416,-0.7842,none,,,False,,11,0,,,
11,45,True,0.761645,1.2015,none,,,False,,11,0,,,
11,62,True,0.557687,0.0015,none,,,False,,11,0,,,
11,94,True,0.519913,-0.2208,none,,,False,,11,0,,,
11,77,True,0.838056,1.6511,none,,,False,,11,0,,,
11,28,True,0.570341,0.0759,none,,,False,,11,0,,,
11,50,True,0.271107,-1.6847,none,,,False,,11,0,,,
11,70,True,0.203588,-2.082,none,,,False,,11,0,,,
11,66,True,0.486176,-0.4193,none,,,False,,11,0,,,
11,93,True,0.55901,0.0092,none,,,False,,11,0,,,
11,87,True,0.685667,0.7545,none,,,False,,11,0,,,
11,35,True,0.802434,1.4415,none,,,False,,11,0,,,
11,9,True,0.393998,-0.9617,none,,,False,,11,0,,,
11,38,True,0.302221,-1.5017,none,,,False,,11,0,,,
11,6,True,0.485092,-0.4257,none,,,False,,11,0,,,
11,57,True,0.748727,1.1255,none,,,False,,11,0,,,
11,56,True,0.54979,-0.045,none,,,False,,11,0,,,
11,71,True,0.605989,0.2857,none,,,False,,11,0,,,
11,23,True,0.674898,0.6911,none,,,False,,11,0,,,
11,5,True,1.10251,3.0,none,,,False,,11,0,,,
11,17,True,0.381493,-1.0353,none,,,False,,11,0,,,
11,20,True,0.459542,-0.576,none,,,False,,11,0,,,
11,88,True,0.44563,-0.6579,none,,,False,,11,0,,,
11,72,True,0.525363,-0.1887,none,,,False,,11,0,,,
11,4,True,0.363952,-1.1385,none,,,False,,11,0,,,
11,76,True,0.346525,-1.241,none,,,False,,11,0,,,
11,43,True,0.326535,-1.3586,none,,,False,,11,0,,,
11,44,True,0.901303,2.0232,none,,,False,,11,0,,,
11,24,True,0.604649,0.2778,none,,,False,,11,0,,,
11,73,True,0.362085,-1.1494,none,,,False,,11,0,,,
11,59,True,0.613167,0.3279,none,,,False,,11,0,,,
11,63,True,0.522493,-0.2056,none,,,False,,11,0,,,
11,67,True,0.557193,-0.0015,none,,,False,,11,0,,,
11,60,True,0.565177,0.0455,none,,,False,,11,0,,,
11,69,True,0.345046,-1.2497,none,,,False,,11,0,,,
11,10,True,0.593533,0.2124,none,,,False,,11,0,,,
11,99,True,0.331292,-1.3306,none,,,False,,11,0,,,
11,1,True,0.78786,1.3558,none,,,False,,11,0,,,
11,8,True,0.556777,-0.0039,none,,,False,,11,0,,,
11,19,True,1.013216,2.6817,none,,,False,,11,0,,,
11,29,True,0.554245,-0.0188,none,,,False,,11,0,,,
11,3,True,0.534386,-0.1357,none,,,False,,11,0,,,
11,75,True,0.44888,-0.6388,none,,,False,,11,0,,,
11,49,True,0.562903,0.0321,none,,,False,,11,0,,,
11,30,True,0.571677,0.0838,none,,,False,,11,0,,,
11,82,True,0.568352,0.0642,none,,,False,,11,0,,,
11,34,True,0.782152,1.3222,none,,,False,,11,0,,,
11,36,True,0.80219,1.4401,none,,,False,,11,0,,,
11,15,True,0.706624,0.8778,none,,,False,,11,0,,,
11,85,True,0.562275,0.0284,none,,,False,,11,0,,,
12,59,True,0.417507,-0.7852,none,,,False,,12,0,,,
12,85,True,0.792061,1.0499,none,,,False,,12,0,,,
12,2,True,0.687439,0.5373,none,,,False,,12,0,,,
12,26,True,0.466844,-0.5435,none,,,False,,12,0,,,
12,5,True,0.86135,1.3894,none,,,False,,12,0,,,
12,57,True,0.634585,0.2784,none,,,False,,12,0,,,
12,74,True,0.930424,1.7278,none,,,False,,12,0,,,
12,48,True,0.832594,1.2485,none,,,False,,12,0,,,
12,18,True,0.286372,-1.4276,none,,,False,,12,0,,,
12,95,True,1.450853,3.0,none,,,False,,12,0,,,
12,16,True,0.311971,-1.3022,none,,,False,,12,0,,,
12,73,True,0.374618,-0.9953,none,,,False,,12,0,,,
12,75,True,0.529113,-0.2384,none,,,False,,12,0,,,
12,21,True,0.632408,0.2677,none,,,False,,12,0,,,
12,99,True,0.438259,-0.6835,none,,,False,,12,0,,,
12,14,True,0.349711,-1.1173,none,,,False,,12,0,,,
12,4,True,0.292118,-1.3995,none,,,False,,12,0,,,
12,22,True,0.557882,-0.0974,none,,,False,,12,0,,,
12,39,True,0.335058,-1.1891,none,,,False,,12,0,,,
12,68,True,0.538102,-0.1943,none,,,False,,12,0,,,
12,3,True,0.711745,0.6564,none,,,False,,12,0,,,
12,44,True,0.843969,1.3042,none,,,False,,12,0,,,
12,7,True,0.441746,-0.6664,none,,,False,,12,0,,,
12,23,True,0.601242,0.115,none,,,False,,12,0,,,
12,62,True,0.680242,0.5021,none,,,False,,12,0,,,
12,1,True,0.73608,0.7756,none,,,False,,12,0,,,
12,92,True,0.575169,-0.0127,none,,,False,,12,0,,,
12,58,True,0.74266,0.8079,none,,,False,,12,0,,,
12,97,True,0.595634,0.0875,none,,,False,,12,0,,,
12,50,True,0.381832,-0.96,none,,,False,,12,0,,,
12,29,True,0.507695,-0.3433,none,,,False,,12,0,,,
12,77,True,0.438923,-0.6802,none,,,False,,12,0,,,
12,45,True,0.671286,0.4582,none,,,False,,12,0,,,
12,87,True,0.975371,1.948,none,,,False,,12,0,,,
12,60,True,0.733332,0.7622,none,,,False,,12,0,,,
12,91,True,0.580366,0.0127,none,,,False,,12,0,,,
12,20,True,0.913917,1.6469,none,,,False,,12,0,,,
12,65,True,0.839589,1.2828,none,,,False,,12,0,,,
12,94,True,0.582063,0.021,none,,,False,,12,0,,,
12,84,True,0.630865,0.2601,none,,,False,,12,0,,,
12,46,True,0.441271,-0.6687,none,,,False,,12,0,,,
12,6,True,0.493204,-0.4143,none,,,False,,12,0,,,
12,72,True,0.483779,-0.4605,none,,,False,,12,0,,,
12,71,True,0.564744,-0.0638,none,,,False,,12,0,,,
12,9,True,0.386828,-0.9355,none,,,False,,12,0,,,
12,56,True,0.363145,-1.0515,none,,,False,,12,0,,,
12,36,True,0.655095,0.3789,none,,,False,,12,0,,,
12,12,True,0.643307,0.3211,none,,,False,,12,0,,,
12,93,True,0.452156,-0.6154,none,,,False,,12,0,,,
12,37,True,0.308095,-1.3212,none,,,False,,12,0,,,
13,80,True,0.394593,-0.8411,none,,,False,,13,0,,,
13,15,True,0.791993,1.0618,none,,,False,,13,0,,,
13,55,True,0.500059,-0.3361,none,,,False,,13,0,,,
13,79,True,0.339996,-1.1025,none,,,False,,13,0,,,
13,9,True,0.38812,-0.8721,none,,,False,,13,0,,,
13,53,True,0.475644,-0.453,none,,,False,,13,0,,,
13,89,True,0.325556,-1.1717,none,,,False,,13,0,,,
13,40,True,0.526944,-0.2074,none,,,False,,13,0,,,
13,65,True,0.562005,-0.0395,none,,,False,,13,0,,,
13,35,True,0.894195,1.5512,none,,,False,,13,0,,,
13,42,True,0.618383,0.2305,none,,,False,,13,0,,,
13,5,True,1.254244,3.0,none,,,False,,13,0,,,
13,85,True,0.575772,0.0265,none,,,False,,13,0,,,
13,26,True,0.532783,-0.1794,none,,,False,,13,0,,,
13,48,True,0.645115,0.3585,none,,,False,,13,0,,,
13,12,True,0.55281,-0.0835,none,,,False,,13,0,,,
13,71,True,0.704083,0.6409,none,,,False,,13,0,,,
13,29,True,0.597719,0.1316,none,,,False,,13,0,,,
13,46,True,0.375905,-0.9306,none,,,False,,13,0,,,
13,14,True,0.319912,-1.1987,none,,,False,,13,0,,,
13,84,True,0.575306,0.0242,none,,,False,,13,0,,,
13,0,True,0.422058,-0.7096,none,,,False,,13,0,,,
13,28,True,0.63091,0.2905,none,,,False,,13,0,,,
13,39,True,0.324292,-1.1777,none,,,False,,13,0,,,
13,20,True,0.794769,1.0751,none,,,False,,13,0,,,
13,38,True,0.355017,-1.0306,none,,,False,,13,0,,,
13,33,True,0.514625,-0.2663,none,,,False,,13,0,,,
13,81,True,0.639447,0.3314,none,,,False,,13,0,,,
13,57,True,0.716672,0.7012,none,,,False,,13,0,,,
13,43,True,0.303235,-1.2786,none,,,False,,13,0,,,
13,61,True,0.8755,1.4617,none,,,False,,13,0,,,
13,36,True,0.746776,0.8453,none,,,False,,13,0,,,
13,56,True,0.565188,-0.0242,none,,,False,,13,0,,,
13,95,True,0.966649,1.8982,none,,,False,,13,0,,,
13,8,True,0.623974,0.2573,none,,,False,,13,0,,,
13,98,True,0.479045,-0.4367,none,,,False,,13,0,,,
13,50,True,0.25478,-1.5106,none,,,False,,13,0,,,
13,58,True,0.541298,-0.1386,none,,,False,,13,0,,,
13,68,True,1.036765,2.2339,none,,,False,,13,0,,,
13,30,True,0.619823,0.2374,none,,,False,,13,0,,,
13,69,True,0.307151,-1.2598,none,,,False,,13,0,,,
13,96,True,0.417337,-0.7322,none,,,False,,13,0,,,
13,76,True,0.358049,-1.0161,none,,,False,,13,0,,,
13,88,True,0.486717,-0.4,none,,,False,,13,0,,,
13,45,True,0.833572,1.2609,none,,,False,,13,0,,,
13,92,True,0.721096,0.7223,none,,,False,,13,0,,,
13,86,True,0.600463,0.1447,none,,,False,,13,0,,,
13,34,True,0.705536,0.6478,none,,,False,,13,0,,,
13,22,True,0.58557,0.0734,none,,,False,,13,0,,,
13,64,True,0.642558,0.3463,none,,,False,,13,0,,,
14,65,True,0.757508,1.7887,none,,,False,,14,0,,,
14,29,True,0.502768,-0.1151,none,,,False,,14,0,,,
14,52,True,0.645734,0.9534,none,,,False,,14,0,,,
14,12,True,0.71028,1.4358,none,,,False,,14,0,,,
14,48,True,0.80253,2.1252,none,,,False,,14,0,,,
14,42,True,0.394659,-0.9231,none,,,False,,14,0,,,
14,60,True,0.738073,1.6435,none,,,False,,14,0,,,
14,74,True,0.72268,1.5284,none,,,False,,14,0,,,
14,38,True,0.454386,-0.4767,none,,,False,,14,0,,,
14,82,True,0.558558,0.3018,none,,,False,,14,0,,,
14,70,True,0.176681,-2.5522,none,,,False,,14,0,,,
14,98,True,0.523444,0.0394,none,,,False,,14,0,,,
14,84,True,0.499236,-0.1415,none,,,False,,14,0,,,
14,9,True,0.401781,-0.8699,none,,,False,,14,0,,,
14,16,True,0.269993,-1.8548,none,,,False,,14,0,,,
14,94,True,0.430696,-0.6538,none,,,False,,14,0,,,
14,7,True,0.492789,-0.1897,none,,,False,,14,0,,,
14,61,True,0.758966,1.7996,none,,,False,,14,0,,,
14,68,True,0.639836,0.9093,none,,,False,,14,0,,,
14,15,True,0.522334,0.0311,none,,,False,,14,0,,,
14,40,True,0.463987,-0.4049,none,,,False,,14,0,,,
14,11,True,0.411049,-0.8006,none,,,False,,14,0,,,
14,1,True,0.818123,2.2417,none,,,False,,14,0,,,
14,56,True,0.478416,-0.2971,none,,,False,,14,0,,,
14,31,True,1.20919,3.0,none,,,False,,14,0,,,
14,5,True,1.037372,3.0,none,,,False,,14,0,,,
14,88,True,0.502379,-0.118,none,,,False,,14,0,,,
14,80,True,0.558956,0.3048,none,,,False,,14,0,,,
14,77,True,0.540088,0.1638,none,,,False,,14,0,,,
14,47,True,0.566027,0.3577,none,,,False,,14,0,,,
14,41,True,0.353088,-1.2338,none,,,False,,14,0,,,
14,46,True,0.402434,-0.865,none,,,False,,14,0,,,
14,55,True,0.425148,-0.6952,none,,,False,,14,0,,,
14,36,True,0.819915,2.2551,none,,,False,,14,0,,,
14,67,True,0.521457,0.0246,none,,,False,,14,0,,,
14,63,True,0.51308,-0.0381,none,,,False,,14,0,,,
14,32,True,0.511212,-0.052,none,,,False,,14,0,,,
14,62,True,0.595093,0.5749,none,,,False,,14,0,,,
14,89,True,0.500446,-0.1325,none,,,False,,14,0,,,
14,23,True,0.67161,1.1467,none,,,False,,14,0,,,
14,85,True,0.677771,1.1928,none,,,False,,14,0,,,
14,91,True,0.545103,0.2013,none,,,False,,14,0,,,
14,30,True,0.476634,-0.3104,none,,,False,,14,0,,,
14,78,True,0.844515,2.439,none,,,False,,14,0,,,
14,24,True,0.514885,-0.0246,none,,,False,,14,0,,,
14,0,True,0.477531,-0.3037,none,,,False,,14,0,,,
14,59,True,0.541402,0.1736,none,,,False,,14,0,,,
14,17,True,0.406095,-0.8376,none,,,False,,14,0,,,
14,76,True,0.451511,-0.4982,none,,,False,,14,0,,,
14,26,True,0.395689,-0.9154,none,,,False,,14,0,,,
15,71,True,0.569455,0.261,none,,,False,,15,0,,,
15,21,True,0.711515,1.0014,none,,,False,,15,0,,,
15,35,True,0.839094,1.6663,none,,,False,,15,0,,,
15,99,True,0.320896,-1.0344,none,,,False,,15,0,,,
15,74,True,0.882244,1.8911,none,,,False,,15,0,,,
15,28,True,0.665247,0.7602,none,,,False,,15,0,,,
15,10,True,0.553927,0.1801,none,,,False,,15,0,,,
15,20,True,0.950347,2.2461,none,,,False,,15,0,,,
15,97,True,0.502653,-0.0872,none,,,False,,15,0,,,
15,54,True,0.523375,0.0208,none,,,False,,15,0,,,
15,86,True,0.613617,0.4912,none,,,False,,15,0,,,
15,40,True,0.367445,-0.7918,none,,,False,,15,0,,,
15,42,True,0.508685,-0.0557,none,,,False,,15,0,,,
15,56,True,0.388058,-0.6844,none,,,False,,15,0,,,
15,17,True,0.390958,-0.6693,none,,,False,,15,0,,,
15,55,True,0.407291,-0.5841,none,,,False,,15,0,,,
15,0,True,0.613051,0.4882,none,,,False,,15,0,,,
15,76,True,0.406994,-0.5857,none,,,False,,15,0,,,
15,4,True,0.395339,-0.6464,none,,,False,,15,0,,,
15,1,True,0.810032,1.5148,none,,,False,,15,0,,,
15,51,True,0.66769,0.773,none,,,False,,15,0,,,
15,31,True,1.097688,3.0,none,,,False,,15,0,,,
15,96,True,0.433123,-0.4495,none,,,False,,15,0,,,
15,83,True,0.389624,-0.6762,none,,,False,,15,0,,,
15,61,True,0.746027,1.1812,none,,,False,,15,0,,,
15,24,True,0.498589,-0.1083,none,,,False,,15,0,,,
15,22,True,0.470208,-0.2562,none,,,False,,15,0,,,
15,43,True,0.355993,-0.8515,none,,,False,,15,0,,,
15,19,True,1.04526,2.7407,none,,,False,,15,0,,,
15,79,True,0.254345,-1.3812,none,,,False,,15,0,,,
15,47,True,0.626929,0.5605,none,,,False,,15,0,,,
15,92,True,0.515376,-0.0208,none,,,False,,15,0,,,
15,12,True,0.59566,0.3976,none,,,False,,15,0,,,
15,80,True,0.562224,0.2233,none,,,False,,15,0,,,
15,90,True,0.340087,-0.9344,none,,,False,,15,0,,,
15,37,True,0.386413,-0.6929,none,,,False,,15,0,,,
15,49,True,0.43316,-0.4493,none,,,False,,15,0,,,
15,46,True,0.493701,-0.1338,none,,,False,,15,0,,,
15,89,True,0.406403,-0.5888,none,,,False,,15,0,,,
15,59,True,0.348076,-0.8927,none,,,False,,15,0,,,
15,16,True,0.167113,-1.8359,none,,,False,,15,0,,,
15,29,True,0.509365,-0.0522,none,,,False,,15,0,,,
15,68,True,0.719221,1.0415,none,,,False,,15,0,,,
15,91,True,0.583765,0.3356,none,,,False,,15,0,,,
15,73,True,0.279009,-1.2527,none,,,False,,15,0,,,
15,85,True,0.685178,0.8641,none,,,False,,15,0,,,
15,44,True,0.89585,1.9621,none,,,False,,15,0,,,
15,15,True,0.574884,0.2893,none,,,False,,15,0,,,
15,81,True,0.830315,1.6205,none,,,False,,15,0,,,
15,62,True,0.648465,0.6728,none,,,False,,15,0,,,
16,0,True,0.239328,-1.5301,none,,,False,,16,0,,,
16,29,True,0.568821,0.0042,none,,,False,,16,0,,,
16,19,True,0.711154,0.6669,none,,,False,,16,0,,,
16,51,True,0.546038,-0.1019,none,,,False,,16,0,,,
16,16,True,0.366058,-0.94,none,,,False,,16,0,,,
16,58,True,0.717015,0.6942,none,,,False,,16,0,,,
16,74,True,0.783977,1.006,none,,,False,,16,0,,,
16,89,True,0.567037,-0.0042,none,,,False,,16,0,,,
16,96,True,0.457721,-0.5132,none,,,False,,16,0,,,
16,12,True,0.559849,-0.0376,none,,,False,,16,0,,,
16,75,True,0.526449,-0.1931,none,,,False,,16,0,,,
16,49,True,0.451984,-0.5399,none,,,False,,16,0,,,
16,39,True,0.280533,-1.3382,none,,,False,,16,0,,,
16,25,True,0.547876,-0.0934,none,,,False,,16,0,,,
16,81,True,0.603253,0.1645,none,,,False,,16,0,,,
16,17,True,0.363754,-0.9507,none,,,False,,16,0,,,
16,65,True,0.616914,0.2281,none,,,False,,16,0,,,
16,93,True,0.490901,-0.3587,none,,,False,,16,0,,,
16,61,True,0.642406,0.3468,none,,,False,,16,0,,,
16,84,True,0.661762,0.4369,none,,,False,,16,0,,,
16,34,True,0.71441,0.6821,none,,,False,,16,0,,,
16,70,True,0.168552,-1.8596,none,,,False,,16,0,,,
16,97,True,0.571982,0.0189,none,,,False,,16,0,,,
16,56,True,0.541811,-0.1216,none,,,False,,16,0,,,
16,18,True,0.237462,-1.5388,none,,,False,,16,0,,,
16,35,True,0.820231,1.1748,none,,,False,,16,0,,,
16,95,True,1.285217,3.0,none,,,False,,16,0,,,
16,87,True,0.904576,1.5676,none,,,False,,16,0,,,
16,13,True,1.098103,2.4687,none,,,False,,16,0,,,
16,27,True,0.995453,1.9907,none,,,False,,16,0,,,
16,54,True,0.375543,-0.8958,none,,,False,,16,0,,,
16,41,True,0.31688,-1.169,none,,,False,,16,0,,,
16,67,True,0.675837,0.5025,none,,,False,,16,0,,,
16,79,True,0.27687,-1.3553,none,,,False,,16,0,,,
16,90,True,0.22114,-1.6148,none,,,False,,16,0,,,
16,44,True,0.843871,1.2849,none,,,False,,16,0,,,
16,22,True,0.431549,-0.635,none,,,False,,16,0,,,
16,4,True,0.251135,-1.4751,none,,,False,,16,0,,,
16,76,True,0.372149,-0.9116,none,,,False,,16,0,,,
16,91,True,0.615257,0.2204,none,,,False,,16,0,,,
16,24,True,0.466167,-0.4738,none,,,False,,16,0,,,
16,63,True,0.586677,0.0873,none,,,False,,16,0,,,
16,5,True,1.245898,3.0,none,,,False,,16,0,,,
16,26,True,0.512311,-0.259,none,,,False,,16,0,,,
16,71,True,0.587366,0.0905,none,,,False,,16,0,,,
16,78,True,0.973881,1.8903,none,,,False,,16,0,,,
16,83,True,0.46051,-0.5002,none,,,False,,16,0,,,
16,15,True,0.843319,1.2823,none,,,False,,16,0,,,
16,1,True,0.733066,0.7689,none,,,False,,16,0,,,
16,8,True,0.663105,0.4432,none,,,False,,16,0,,,
17,59,True,0.432978,-0.2716,none,,,False,,17,0,,,
17,9,True,0.255035,-1.3637,none,,,False,,17,0,,,
17,82,True,0.523329,0.283,none,,,False,,17,0,,,
17,66,True,0.354164,-0.7553,none,,,False,,17,0,,,
17,23,True,0.651707,1.0709,none,,,False,,17,0,,,
17,89,True,0.369813,-0.6592,none,,,False,,17,0,,,
17,53,True,0.592155,0.7054,none,,,False,,17,0,,,
17,93,True,0.49453,0.1062,none,,,False,,17,0,,,
17,50,True,0.318209,-0.976,none,,,False,,17,0,,,
17,36,True,0.812734,2.0592,none,,,False,,17,0,,,
17,65,True,0.721012,1.4962,none,,,False,,17,0,,,
17,4,True,0.360386,-0.7171,none,,,False,,17,0,,,
17,80,True,0.488321,0.0681,none,,,False,,17,0,,,
17,72,True,0.498941,0.1333,none,,,False,,17,0,,,
17,69,True,0.257522,-1.3484,none,,,False,,17,0,,,
17,12,True,0.665607,1.1562,none,,,False,,17,0,,,
17,99,True,0.381785,-0.5858,none,,,False,,17,0,,,
17,0,True,0.571529,0.5788,none,,,False,,17,0,,,
17,87,True,0.534443,0.3512,none,,,False,,17,0,,,
17,42,True,0.471769,-0.0335,none,,,False,,17,0,,,
17,88,True,0.372747,-0.6412,none,,,False,,17,0,,,
17,84,True,0.566678,0.549,none,,,False,,17,0,,,
17,98,True,0.489459,0.0751,none,,,False,,17,0,,,
17,54,True,0.499582,0.1372,none,,,False,,17,0,,,
17,52,True,0.481367,0.0254,none,,,False,,17,0,,,
17,64,True,0.547544,0.4316,none,,,False,,17,0,,,
17,11,True,0.59079,0.697,none,,,False,,17,0,,,
17,73,True,0.322773,-0.948,none,,,False,,17,0,,,
17,83,True,0.44516,-0.1968,none,,,False,,17,0,,,
17,47,True,0.473084,-0.0254,none,,,False,,17,0,,,
17,91,True,0.559542,0.5052,none,,,False,,17,0,,,
17,16,True,0.327696,-0.9177,none,,,False,,17,0,,,
17,32,True,0.589605,0.6897,none,,,False,,17,0,,,
17,41,True,0.30165,-1.0776,none,,,False,,17,0,,,
17,96,True,0.047406,-2.638,none,,,False,,17,0,,,
17,85,True,0.574081,0.5945,none,,,False,,17,0,,,
17,90,True,0.316624,-0.9857,none,,,False,,17,0,,,
17,46,True,0.443577,-0.2065,none,,,False,,17,0,,,
17,10,True,0.72042,1.4926,none,,,False,,17,0,,,
17,1,True,0.80717,2.025,none,,,False,,17,0,,,
17,17,True,0.303424,-1.0667,none,,,False,,17,0,,,
17,56,True,0.388523,-0.5444,none,,,False,,17,0,,,
17,43,True,0.337335,-0.8586,none,,,False,,17,0,,,
17,14,True,0.384303,-0.5703,none,,,False,,17,0,,,
17,62,True,0.717234,1.4731,none,,,False,,17,0,,,
17,22,True,0.548743,0.4389,none,,,False,,17,0,,,
17,55,True,0.36343,-0.6984,none,,,False,,17,0,,,
17,20,True,0.839472,2.2233,none,,,False,,17,0,,,
17,76,True,0.428453,-0.2993,none,,,False,,17,0,,,
17,8,True,0.338542,-0.8512,none,,,False,,17,0,,,
18,70,True,0.220121,-1.5518,none,,,False,,18,0,,,
18,71,True,0.647743,0.907,none,,,False,,18,0,,,
18,52,True,0.320419,-0.9751,none,,,False,,18,0,,,
18,67,True,0.580045,0.5177,none,,,False,,18,0,,,
18,75,True,0.321831,-0.967,none,,,False,,18,0,,,
18,14,True,0.312428,-1.021,none,,,False,,18,0,,,
18,10,True,0.546363,0.3241,none,,,False,,18,0,,,
18,54,True,0.218957,-1.5585,none,,,False,,18,0,,,
18,5,True,1.2813,3.0,none,,,False,,18,0,,,
18,49,True,0.600355,0.6345,none,,,False,,18,0,,,
18,23,True,0.506406,0.0943,none,,,False,,18,0,,,
18,82,True,0.517339,0.1572,none,,,False,,18,0,,,
18,42,True,0.511792,0.1253,none,,,False,,18,0,,,
18,27,True,0.942713,2.603,none,,,False,,18,0,,,
18,18,True,0.365981,-0.7131,none,,,False,,18,0,,,
18,44,True,0.810324,1.8418,none,,,False,,18,0,,,
18,62,True,0.710892,1.2701,none,,,False,,18,0,,,
18,66,True,0.339767,-0.8638,none,,,False,,18,0,,,
18,24,True,0.660102,0.978,none,,,False,,18,0,,,
18,43,True,0.369832,-0.691,none,,,False,,18,0,,,
18,89,True,0.444817,-0.2598,none,,,False,,18,0,,,
18,16,True,0.351219,-0.798,none,,,False,,18,0,,,
18,26,True,0.494418,0.0254,none,,,False,,18,0,,,
18,35,True,0.994166,2.8989,none,,,False,,18,0,,,
18,64,True,0.635558,0.8369,none,,,False,,18,0,,,
18,65,True,0.446365,-0.2509,none,,,False,,18,0,,,
18,39,True,0.295475,-1.1185,none,,,False,,18,0,,,
18,76,True,0.218098,-1.5634,none,,,False,,18,0,,,
18,90,True,0.359171,-0.7523,none,,,False,,18,0,,,
18,9,True,0.392681,-0.5596,none,,,False,,18,0,,,
18,47,True,0.485591,-0.0254,none,,,False,,18,0,,,
18,32,True,0.628131,0.7942,none,,,False,,18,0,,,
18,59,True,0.484087,-0.034,none,,,False,,18,0,,,
18,68,True,0.962499,2.7168,none,,,False,,18,0,,,
18,37,True,0.391732,-0.5651,none,,,False,,18,0,,,
18,30,True,0.677697,1.0792,none,,,False,,18,0,,,
18,86,True,0.588426,0.5659,none,,,False,,18,0,,,
18,7,True,0.477082,-0.0743,none,,,False,,18,0,,,
18,69,True,0.396261,-0.539,none,,,False,,18,0,,,
18,94,True,0.550238,0.3463,none,,,False,,18,0,,,
18,98,True,0.518699,0.165,none,,,False,,18,0,,,
18,81,True,0.626215,0.7832,none,,,False,,18,0,,,
18,12,True,0.434862,-0.3171,none,,,False,,18,0,,,
18,58,True,0.604443,0.658,none,,,False,,18,0,,,
18,40,True,0.474173,-0.091,none,,,False,,18,0,,,
18,22,True,0.466908,-0.1328,none,,,False,,18,0,,,
18,72,True,0.376809,-0.6509,none,,,False,,18,0,,,
18,88,True,0.354186,-0.7809,none,,,False,,18,0,,,
18,92,True,0.593859,0.5971,none,,,False,,18,0,,,
18,93,True,0.559824,0.4015,none,,,False,,18,0,,,
19,27,True,0.713415,1.1316,none,,,False,,19,0,,,
19,84,True,0.412778,-0.2595,none,,,False,,19,0,,,
19,36,True,0.857651,1.799,none,,,False,,19,0,,,
19,6,True,0.410674,-0.2692,none,,,False,,19,0,,,
19,25,True,0.453945,-0.069,none,,,False,,19,0,,,
19,83,True,0.469168,0.0015,none,,,False,,19,0,,,
19,0,True,0.482485,0.0631,none,,,False,,19,0,,,
19,90,True,0.233658,-1.0883,none,,,False,,19,0,,,
19,34,True,0.707621,1.1048,none,,,False,,19,0,,,
19,96,True,0.185211,-1.3125,none,,,False,,19,0,,,
19,74,True,0.850576,1.7663,none,,,False,,19,0,,,
19,99,True,0.39877,-0.3243,none,,,False,,19,0,,,
19,20,True,0.881994,1.9117,none,,,False,,19,0,,,
19,1,True,0.777003,1.4259,none,,,False,,19,0,,,
19,17,True,0.321266,-0.6829,none,,,False,,19,0,,,
19,49,True,0.308924,-0.74,none,,,False,,19,0,,,
19,70,True,0.137538,-1.533,none,,,False,,19,0,,,
19,65,True,0.766013,1.375,none,,,False,,19,0,,,
19,54,True,0.47965,0.05,none,,,False,,19,0,,,
19,18,True,0.427549,-0.1911,none,,,False,,19,0,,,
19,59,True,0.530756,0.2864,none,,,False,,19,0,,,
19,11,True,0.481697,0.0594,none,,,False,,19,0,,,
19,32,True,0.665956,0.912,none,,,False,,19,0,,,
19,30,True,0.347059,-0.5636,none,,,False,,19,0,,,
19,21,True,0.668237,0.9226,none,,,False,,19,0,,,
19,95,True,1.313303,3.0,none,,,False,,19,0,,,
19,71,True,0.643253,0.807,none,,,False,,19,0,,,
19,40,True,0.499823,0.1433,none,,,False,,19,0,,,
19,10,True,0.636717,0.7767,none,,,False,,19,0,,,
19,94,True,0.461909,-0.0321,none,,,False,,19,0,,,
19,43,True,0.232601,-1.0932,none,,,False,,19,0,,,
19,38,True,0.465314,-0.0164,none,,,False,,19,0,,,
19,5,True,0.936029,2.1617,none,,,False,,19,0,,,
19,80,True,0.450992,-0.0826,none,,,False,,19,0,,,
19,3,True,0.672643,0.943,none,,,False,,19,0,,,
19,63,True,0.553323,0.3909,none,,,False,,19,0,,,
19,9,True,0.385306,-0.3866,none,,,False,,19,0,,,
19,19,True,1.074927,2.8044,none,,,False,,19,0,,,
19,68,True,0.459742,-0.0422,none,,,False,,19,0,,,
19,82,True,0.458443,-0.0482,none,,,False,,19,0,,,
19,98,True,0.468537,-0.0015,none,,,False,,19,0,,,
19,35,True,0.726932,1.1942,none,,,False,,19,0,,,
19,73,True,0.336492,-0.6125,none,,,False,,19,0,,,
19,52,True,0.324338,-0.6687,none,,,False,,19,0,,,
19,12,True,0.687451,1.0115,none,,,False,,19,0,,,
19,93,True,0.447343,-0.0995,none,,,False,,19,0,,,
19,26,True,0.321831,-0.6803,none,,,False,,19,0,,,
19,69,True,0.40039,-0.3168,none,,,False,,19,0,,,
19,13,True,1.039117,2.6387,none,,,False,,19,0,,,
19,79,True,0.352795,-0.537,none,,,False,,19,0,,,
20,17,True,0.333555,-0.8519,none,,,False,,20,0,,,
20,40,True,0.459555,-0.344,none,,,False,,20,0,,,
20,70,True,0.183226,-1.4579,none,,,False,,20,0,,,
20,18,True,0.413257,-0.5306,none,,,False,,20,0,,,
20,51,True,0.489962,-0.2214,none,,,False,,20,0,,,
20,64,True,0.544894,0.0,none,,,False,,20,0,,,
20,33,True,0.359331,-0.748,none,,,False,,20,0,,,
20,5,True,1.064054,2.0927,none,,,False,,20,0,,,
20,94,True,0.581086,0.1459,none,,,False,,20,0,,,
20,24,True,0.19139,-1.425,none,,,False,,20,0,,,
20,11,True,0.594314,0.1992,none,,,False,,20,0,,,
20,39,True,0.310845,-0.9434,none,,,False,,20,0,,,
20,22,True,0.623846,0.3183,none,,,False,,20,0,,,
20,98,True,0.544887,-0.0,none,,,False,,20,0,,,
20,47,True,0.587195,0.1705,none,,,False,,20,0,,,
20,61,True,0.768149,0.8999,none,,,False,,20,0,,,
20,93,True,0.474944,-0.282,none,,,False,,20,0,,,
20,42,True,0.374993,-0.6849,none,,,False,,20,0,,,
20,71,True,0.715129,0.6862,none,,,False,,20,0,,,
20,69,True,0.351923,-0.7778,none,,,False,,20,0,,,
20,50,True,0.266092,-1.1238,none,,,False,,20,0,,,
20,85,True,0.501463,-0.1751,none,,,False,,20,0,,,
20,37,True,0.356062,-0.7612,none,,,False,,20,0,,,
20,62,True,0.733012,0.7583,none,,,False,,20,0,,,
20,2,True,0.562385,0.0705,none,,,False,,20,0,,,
20,27,True,0.967462,1.7034,none,,,False,,20,0,,,
20,12,True,0.588224,0.1747,none,,,False,,20,0,,,
20,8,True,0.56471,0.0799,none,,,False,,20,0,,,
20,44,True,0.834351,1.1668,none,,,False,,20,0,,,
20,68,True,0.834506,1.1674,none,,,False,,20,0,,,
20,78,True,0.914555,1.4901,none,,,False,,20,0,,,
20,35,True,0.807334,1.0579,none,,,False,,20,0,,,
20,13,True,0.969258,1.7106,none,,,False,,20,0,,,
20,0,True,0.550423,0.0223,none,,,False,,20,0,,,
20,36,True,0.687824,0.5762,none,,,False,,20,0,,,
20,54,True,0.380134,-0.6641,none,,,False,,20,0,,,
20,55,True,0.451918,-0.3748,none,,,False,,20,0,,,
20,9,True,0.39614,-0.5996,none,,,False,,20,0,,,
20,84,True,0.577297,0.1306,none,,,False,,20,0,,,
20,14,True,0.278969,-1.0719,none,,,False,,20,0,,,
20,96,True,0.245058,-1.2086,none,,,False,,20,0,,,
20,26,True,0.284266,-1.0506,none,,,False,,20,0,,,
20,75,True,0.390885,-0.6208,none,,,False,,20,0,,,
20,99,True,0.233258,-1.2562,none,,,False,,20,0,,,
20,58,True,0.567718,0.092,none,,,False,,20,0,,,
20,3,True,0.466541,-0.3158,none,,,False,,20,0,,,
20,23,True,0.531759,-0.0529,none,,,False,,20,0,,,
20,34,True,0.624574,0.3212,none,,,False,,20,0,,,
20,48,True,0.727706,0.7369,none,,,False,,20,0,,,
20,74,True,0.786521,0.974,none,,,False,,20,0,,,
21,80,True,0.38757,-0.4862,none,,,False,,21,0,,,
21,33,True,0.371634,-0.5691,none,,,False,,21,0,,,
21,49,True,0.364583,-0.6058,none,,,False,,21,0,,,
21,77,True,0.89366,2.1462,none,,,False,,21,0,,,
21,47,True,0.614052,0.6919,none,,,False,,21,0,,,
21,63,True,0.458426,-0.1176,none,,,False,,21,0,,,
21,69,True,0.354709,-0.6571,none,,,False,,21,0,,,
21,29,True,0.558292,0.4018,none,,,False,,21,0,,,
21,50,True,0.245385,-1.2258,none,,,False,,21,0,,,
21,61,True,0.920158,2.2841,none,,,False,,21,0,,,
21,93,True,0.48738,0.033,none,,,False,,21,0,,,
21,40,True,0.478825,-0.0115,none,,,False,,21,0,,,
21,41,True,0.325011,-0.8116,none,,,False,,21,0,,,
21,76,True,0.246227,-1.2214,none,,,False,,21,0,,,
21,12,True,0.325968,-0.8066,none,,,False,,21,0,,,
21,96,True,0.257313,-1.1637,none,,,False,,21,0,,,
21,18,True,0.470312,-0.0558,none,,,False,,21,0,,,
21,2,True,0.508889,0.1448,none,,,False,,21,0,,,
21,36,True,0.821692,1.7719,none,,,False,,21,0,,,
21,73,True,0.325761,-0.8077,none,,,False,,21,0,,,
21,4,True,0.420572,-0.3145,none,,,False,,21,0,,,
21,87,True,0.537695,0.2947,none,,,False,,21,0,,,
21,37,True,0.48326,0.0115,none,,,False,,21,0,,,
21,82,True,0.525849,0.2331,none,,,False,,21,0,,,
21,85,True,0.458363,-0.118,none,,,False,,21,0,,,
21,90,True,0.388146,-0.4832,none,,,False,,21,0,,,
21,56,True,0.522225,0.2142,none,,,False,,21,0,,,
21,60,True,0.706514,1.1728,none,,,False,,21,0,,,
21,52,True,0.072543,-2.1248,none,,,False,,21,0,,,
21,44,True,0.656685,0.9136,none,,,False,,21,0,,,
21,62,True,0.691106,1.0927,none,,,False,,21,0,,,
21,59,True,0.675438,1.0112,none,,,False,,21,0,,,
21,67,True,0.523293,0.2198,none,,,False,,21,0,,,
21,0,True,0.255741,-1.1719,none,,,False,,21,0,,,
21,6,True,0.273945,-1.0772,none,,,False,,21,0,,,
21,55,True,0.321859,-0.828,none,,,False,,21,0,,,
21,34,True,0.793121,1.6233,none,,,False,,21,0,,,
21,78,True,0.646417,0.8602,none,,,False,,21,0,,,
21,84,True,0.532733,0.2689,none,,,False,,21,0,,,
21,27,True,0.807623,1.6987,none,,,False,,21,0,,,
21,19,True,0.99001,2.6474,none,,,False,,21,0,,,
21,91,True,0.591291,0.5735,none,,,False,,21,0,,,
21,32,True,0.384686,-0.5012,none,,,False,,21,0,,,
21,9,True,0.464112,-0.0881,none,,,False,,21,0,,,
21,64,True,0.543457,0.3247,none,,,False,,21,0,,,
21,45,True,0.473905,-0.0371,none,,,False,,21,0,,,
21,81,True,0.244013,-1.2329,none,,,False,,21,0,,,
21,35,True,0.927744,2.3235,none,,,False,,21,0,,,
21,58,True,0.476539,-0.0234,none,,,False,,21,0,,,
21,11,True,0.642309,0.8388,none,,,False,,21,0,,,
22,42,True,0.327043,-0.6543,none,,,False,,22,0,,,
22,4,True,0.234602,-1.0974,none,,,False,,22,0,,,
22,39,True,0.295881,-0.8037,none,,,False,,22,0,,,
22,17,True,0.367304,-0.4613,none,,,False,,22,0,,,
22,43,True,0.304431,-0.7627,none,,,False,,22,0,,,
22,86,True,0.604,0.6734,none,,,False,,22,0,,,
22,49,True,0.433677,-0.1431,none,,,False,,22,0,,,
22,56,True,0.425688,-0.1814,none,,,False,,22,0,,,
22,91,True,0.6401,0.8465,none,,,False,,22,0,,,
22,88,True,0.5496,0.4127,none,,,False,,22,0,,,
22,54,True,0.427362,-0.1734,none,,,False,,22,0,,,
22,90,True,0.292175,-0.8214,none,,,False,,22,0,,,
22,70,True,0.136305,-1.5687,none,,,False,,22,0,,,
22,84,True,0.633375,0.8143,none,,,False,,22,0,,,
22,71,True,0.57895,0.5534,none,,,False,,22,0,,,
22,23,True,0.710775,1.1853,none,,,False,,22,0,,,
22,57,True,0.552978,0.4288,none,,,False,,22,0,,,
22,36,True,0.668378,0.9821,none,,,False,,22,0,,,
22,87,True,0.702008,1.1433,none,,,False,,22,0,,,
22,37,True,0.378244,-0.4088,none,,,False,,22,0,,,
22,30,True,0.344569,-0.5703,none,,,False,,22,0,,,
22,51,True,0.563474,0.4792,none,,,False,,22,0,,,
22,1,True,0.830366,1.7586,none,,,False,,22,0,,,
22,55,True,0.448714,-0.071,none,,,False,,22,0,,,
22,63,True,0.279713,-0.8812,none,,,False,,22,0,,,
22,12,True,0.684142,1.0576,none,,,False,,22,0,,,
22,92,True,0.670968,0.9945,none,,,False,,22,0,,,
22,78,True,0.908376,2.1326,none,,,False,,22,0,,,
22,18,True,0.28235,-0.8685,none,,,False,,22,0,,,
22,66,True,0.421028,-0.2037,none,,,False,,22,0,,,
22,21,True,0.657395,0.9294,none,,,False,,22,0,,,
22,22,True,0.570989,0.5152,none,,,False,,22,0,,,
22,7,True,0.377668,-0.4116,none,,,False,,22,0,,,
22,10,True,0.679964,1.0376,none,,,False,,22,0,,,
22,20,True,0.723291,1.2453,none,,,False,,22,0,,,
22,65,True,0.649273,0.8905,none,,,False,,22,0,,,
22,61,True,0.604435,0.6755,none,,,False,,22,0,,,
22,76,True,0.393763,-0.3344,none,,,False,,22,0,,,
22,77,True,0.616494,0.7333,none,,,False,,22,0,,,
22,99,True,0.394765,-0.3296,none,,,False,,22,0,,,
22,48,True,0.758853,1.4158,none,,,False,,22,0,,,
22,6,True,0.223921,-1.1487,none,,,False,,22,0,,,
22,73,True,0.33106,-0.635,none,,,False,,22,0,,,
22,80,True,0.428335,-0.1687,none,,,False,,22,0,,,
22,69,True,0.388275,-0.3607,none,,,False,,22,0,,,
22,59,True,0.569392,0.5075,none,,,False,,22,0,,,
22,9,True,0.388692,-0.3587,none,,,False,,22,0,,,
22,24,True,0.463357,-0.0008,none,,,False,,22,0,,,
22,85,True,0.627419,0.7857,none,,,False,,22,0,,,
22,52,True,0.463688,0.0008,none,,,False,,22,0,,,
23,67,True,0.548317,0.2693,none,,,False,,23,0,,,
23,88,True,0.238732,-1.5678,none,,,False,,23,0,,,
23,97,True,0.482926,-0.1187,none,,,False,,23,0,,,
23,72,True,0.396741,-0.6302,none,,,False,,23,0,,,
23,95,True,1.135521,3.0,none,,,False,,23,0,,,
23,15,True,0.61549,0.668,none,,,False,,23,0,,,
23,34,True,0.660042,0.9323,none,,,False,,23,0,,,
23,37,True,0.401793,-0.6002,none,,,False,,23,0,,,
23,17,True,0.346138,-0.9305,none,,,False,,23,0,,,
23,65,True,0.543962,0.2435,none,,,False,,23,0,,,
23,90,True,0.355981,-0.872,none,,,False,,23,0,,,
23,87,True,0.637349,0.7977,none,,,False,,23,0,,,
23,40,True,0.320991,-1.0797,none,,,False,,23,0,,,
23,23,True,0.57413,0.4225,none,,,False,,23,0,,,
23,0,True,0.439923,-0.3739,none,,,False,,23,0,,,
23,71,True,0.65142,0.8812,none,,,False,,23,0,,,
23,9,True,0.446681,-0.3338,none,,,False,,23,0,,,
23,89,True,0.350939,-0.902,none,,,False,,23,0,,,
23,11,True,0.672891,1.0086,none,,,False,,23,0,,,
23,31,True,1.166867,3.0,none,,,False,,23,0,,,
23,26,True,0.442238,-0.3602,none,,,False,,23,0,,,
23,55,True,0.455428,-0.2819,none,,,False,,23,0,,,
23,14,True,0.334082,-1.002,none,,,False,,23,0,,,
23,16,True,0.35447,-0.881,none,,,False,,23,0,,,
23,10,True,0.484987,-0.1065,none,,,False,,23,0,,,
23,94,True,0.580473,0.4601,none,,,False,,23,0,,,
23,58,True,0.379612,-0.7318,none,,,False,,23,0,,,
23,99,True,0.120864,-2.2673,none,,,False,,23,0,,,
23,22,True,0.489662,-0.0787,none,,,False,,23,0,,,
23,33,True,0.380002,-0.7295,none,,,False,,23,0,,,
23,36,True,0.695109,1.1404,none,,,False,,23,0,,,
23,20,True,0.608643,0.6273,none,,,False,,23,0,,,
23,62,True,0.67934,1.0469,none,,,False,,23,0,,,
23,86,True,0.529451,0.1574,none,,,False,,23,0,,,
23,38,True,0.357971,-0.8602,none,,,False,,23,0,,,
23,44,True,0.69871,1.1618,none,,,False,,23,0,,,
23,2,True,0.583098,0.4757,none,,,False,,23,0,,,
23,18,True,0.3955,-0.6375,none,,,False,,23,0,,,
23,92,True,0.65418,0.8976,none,,,False,,23,0,,,
23,60,True,0.464167,-0.23,none,,,False,,23,0,,,
23,61,True,0.857758,2.1056,none,,,False,,23,0,,,
23,28,True,0.6407,0.8176,none,,,False,,23,0,,,
23,51,True,0.599333,0.5721,none,,,False,,23,0,,,
23,25,True,0.543035,0.238,none,,,False,,23,0,,,
23,56,True,0.528719,0.153,none,,,False,,23,0,,,
23,93,True,0.494645,-0.0492,none,,,False,,23,0,,,
23,12,True,0.295285,-1.2322,none,,,False,,23,0,,,
23,80,True,0.38817,-0.681,none,,,False,,23,0,,,
23,98,True,0.511218,0.0492,none,,,False,,23,0,,,
23,64,True,0.598457,0.5669,none,,,False,,23,0,,,
24,7,True,0.526938,0.3213,none,,,False,,24,0,,,
24,12,True,0.51918,0.2723,none,,,False,,24,0,,,
24,35,True,0.929689,2.8639,none,,,False,,24,0,,,
24,79,True,0.430932,-0.2848,none,,,False,,24,0,,,
24,44,True,0.745328,1.7,none,,,False,,24,0,,,
24,23,True,0.565742,0.5662,none,,,False,,24,0,,,
24,2,True,0.268686,-1.3091,none,,,False,,24,0,,,
24,34,True,0.496194,0.1272,none,,,False,,24,0,,,
24,9,True,0.427643,-0.3056,none,,,False,,24,0,,,
24,66,True,0.602345,0.7973,none,,,False,,24,0,,,
24,10,True,0.498163,0.1396,none,,,False,,24,0,,,
24,25,True,0.443968,-0.2025,none,,,False,,24,0,,,
24,59,True,0.471579,-0.0282,none,,,False,,24,0,,,
24,0,True,0.558575,0.521,none,,,False,,24,0,,,
24,67,True,0.365641,-0.697,none,,,False,,24,0,,,
24,3,True,0.573796,0.6171,none,,,False,,24,0,,,
24,90,True,0.359806,-0.7338,none,,,False,,24,0,,,
24,87,True,0.730658,1.6074,none,,,False,,24,0,,,
24,72,True,0.421666,-0.3433,none,,,False,,24,0,,,
24,54,True,0.395563,-0.5081,none,,,False,,24,0,,,
24,71,True,0.671256,1.2324,none,,,False,,24,0,,,
24,81,True,0.034876,-2.7851,none,,,False,,24,0,,,
24,97,True,0.597828,0.7688,none,,,False,,24,0,,,
24,58,True,0.596044,0.7575,none,,,False,,24,0,,,
24,48,True,0.719495,1.5369,none,,,False,,24,0,,,
24,32,True,0.66034,1.1634,none,,,False,,24,0,,,
24,77,True,0.916255,2.7791,none,,,False,,24,0,,,
24,85,True,0.709945,1.4766,none,,,False,,24,0,,,
24,18,True,0.398547,-0.4893,none,,,False,,24,0,,,
24,78,True,1.078215,3.0,none,,,False,,24,0,,,
24,50,True,0.480518,0.0282,none,,,False,,24,0,,,
24,99,True,0.337703,-0.8734,none,,,False,,24,0,,,
24,5,True,0.605686,0.8184,none,,,False,,24,0,,,
24,43,True,0.377568,-0.6217,none,,,False,,24,0,,,
24,11,True,0.426946,-0.31,none,,,False,,24,0,,,
24,20,True,0.718733,1.5321,none,,,False,,24,0,,,
24,15,True,0.372775,-0.652,none,,,False,,24,0,,,
24,63,True,0.406574,-0.4386,none,,,False,,24,0,,,
24,98,True,0.305237,-1.0783,none,,,False,,24,0,,,
24,82,True,0.468084,-0.0503,none,,,False,,24,0,,,
24,55,True,0.111158,-2.3036,none,,,False,,24,0,,,
24,65,True,0.739941,1.666,none,,,False,,24,0,,,
24,73,True,0.329248,-0.9268,none,,,False,,24,0,,,
24,4,True,0.380024,-0.6062,none,,,False,,24,0,,,
24,26,True,0.310971,-1.0421,none,,,False,,24,0,,,
24,89,True,0.406446,-0.4394,none,,,False,,24,0,,,
24,41,True,0.468482,-0.0478,none,,,False,,24,0,,,
24,39,True,0.414521,-0.3884,none,,,False,,24,0,,,
24,19,True,0.994041,3.0,none,,,False,,24,0,,,
24,49,True,0.487716,0.0737,none,,,False,,24,0,,,
25,67,True,0.552663,0.3498,none,,,False,,25,0,,,
25,0,True,0.545239,0.3078,none,,,False,,25,0,,,
25,33,True,0.285723,-1.1594,none,,,False,,25,0,,,
25,89,True,0.37836,-0.6357,none,,,False,,25,0,,,
25,96,True,0.052115,-2.4801,none,,,False,,25,0,,,
25,60,True,0.718032,1.2847,none,,,False,,25,0,,,
25,81,True,0.600342,0.6193,none,,,False,,25,0,,,
25,2,True,0.595374,0.5912,none,,,False,,25,0,,,
25,4,True,0.244763,-1.3909,none,,,False,,25,0,,,
25,29,True,0.489492,-0.0074,none,,,False,,25,0,,,
25,66,True,0.438132,-0.2977,none,,,False,,25,0,,,
25,12,True,0.644772,0.8705,none,,,False,,25,0,,,
25,87,True,0.425001,-0.372,none,,,False,,25,0,,,
25,72,True,0.494441,0.0206,none,,,False,,25,0,,,
25,35,True,0.646739,0.8816,none,,,False,,25,0,,,
25,25,True,0.415454,-0.4259,none,,,False,,25,0,,,
25,7,True,0.492101,0.0074,none,,,False,,25,0,,,
25,10,True,0.525233,0.1947,none,,,False,,25,0,,,
25,15,True,0.6501,0.9006,none,,,False,,25,0,,,
25,41,True,0.262154,-1.2926,none,,,False,,25,0,,,
25,59,True,0.529582,0.2193,none,,,False,,25,0,,,
25,30,True,0.385895,-0.5931,none,,,False,,25,0,,,
25,58,True,0.619198,0.7259,none,,,False,,25,0,,,
25,97,True,0.559808,0.3902,none,,,False,,25,0,,,
25,18,True,0.332277,-0.8962,none,,,False,,25,0,,,
25,80,True,0.540494,0.281,none,,,False,,25,0,,,
25,9,True,0.194767,-1.6736,none,,,False,,25,0,,,
25,20,True,0.639017,0.838,none,,,False,,25,0,,,
25,23,True,0.731489,1.3607,none,,,False,,25,0,,,
25,90,True,0.372672,-0.6678,none,,,False,,25,0,,,
25,42,True,0.411733,-0.447,none,,,False,,25,0,,,
25,45,True,0.528188,0.2114,none,,,False,,25,0,,,
25,39,True,0.309129,-1.0271,none,,,False,,25,0,,,
25,84,True,0.551383,0.3425,none,,,False,,25,0,,,
25,43,True,0.37031,-0.6812,none,,,False,,25,0,,,
25,26,True,0.265217,-1.2753,none,,,False,,25,0,,,
25,52,True,0.252729,-1.3459,none,,,False,,25,0,,,
25,38,True,0.300302,-1.077,none,,,False,,25,0,,,
25,57,True,0.632424,0.8007,none,,,False,,25,0,,,
25,75,True,0.305696,-1.0465,none,,,False,,25,0,,,
25,24,True,0.402556,-0.4989,none,,,False,,25,0,,,
25,34,True,0.565371,0.4216,none,,,False,,25,0,,,
25,55,True,0.382748,-0.6108,none,,,False,,25,0,,,
25,99,True,0.183476,-1.7374,none,,,False,,25,0,,,
25,54,True,0.354144,-0.7726,none,,,False,,25,0,,,
25,56,True,0.544186,0.3018,none,,,False,,25,0,,,
25,62,True,0.786351,1.6709,none,,,False,,25,0,,,
25,86,True,0.571706,0.4574,none,,,False,,25,0,,,
25,32,True,0.316009,-0.9882,none,,,False,,25,0,,,
25,22,True,0.674649,1.0394,none,,,False,,25,0,,,
26,95,True,1.166422,3.0,none,,,False,,26,0,0.1818,3.1581,
26,31,True,0.81302,1.4745,none,,,False,,26,0,0.169,3.1508,
26,19,True,0.81306,1.4747,none,,,False,,26,0,0.1173,2.9464,
26,13,True,1.108936,3.0,none,,,False,,26,0,0.2094,2.4234,
26,35,True,0.428475,-0.926,none,,,False,,26,0,0.0983,2.1443,
26,78,True,1.001807,2.6529,none,,,False,,26,0,0.1433,2.1419,
26,77,True,0.470329,-0.6647,none,,,False,,26,0,0.1555,2.037,
26,1,True,0.790559,1.3343,none,,,False,,26,0,0.1586,1.8752,
26,61,True,0.711179,0.8387,none,,,False,,26,0,0.169,1.8392,
26,5,True,0.8223,1.5324,none,,,False,,26,0,0.1205,1.8246,
26,27,True,0.830069,1.5809,none,,,False,,26,0,0.1959,1.662,
26,36,True,0.695935,0.7436,none,,,False,,26,0,0.1308,1.4272,
26,68,True,0.542244,-0.2158,none,,,False,,26,0,0.1743,1.4143,
26,62,True,0.532147,-0.2788,none,,,False,,26,0,0.107,1.4038,
26,44,True,0.757002,1.1248,none,,,False,,26,0,0.1317,1.3971,
26,74,True,0.937862,2.2538,none,,,False,,26,0,0.1855,1.3874,
26,48,True,0.67061,0.5855,none,,,False,,26,0,0.1205,1.3635,
26,20,True,0.600735,0.1493,none,,,False,,26,0,0.107,1.1328,
26,21,True,0.575924,-0.0056,none,,,False,,26,0,0.209,1.1178,
26,65,True,0.704742,0.7986,none,,,False,,26,0,0.1094,1.0512,
26,71,True,0.602558,0.1607,none,,,False,,26,0,0.1118,1.0102,
26,92,True,0.656847,0.4996,none,,,False,,26,0,0.1818,0.9878,
26,23,True,0.5477,-0.1817,none,,,False,,26,0,0.0983,0.9044,
26,60,True,0.748066,1.069,none,,,False,,26,0,0.1182,0.8812,
26,85,True,0.727362,0.9398,none,,,False,,26,0,0.1118,0.8361,
26,87,True,0.635637,0.3672,none,,,False,,26,0,0.0983,0.799,
26,57,True,0.548977,-0.1738,none,,,False,,26,0,0.1421,0.7943,
26,91,True,0.584623,0.0488,none,,,False,,26,0,0.1825,0.7925,
26,28,True,0.598599,0.136,none,,,False,,26,0,0.1568,0.7671,
26,11,True,0.577703,0.0056,none,,,False,,26,0,0.1205,0.6461,
26,34,True,0.612472,0.2226,none,,,False,,26,0,0.1182,0.6324,
26,22,True,0.553153,-0.1477,none,,,False,,26,0,0.1182,0.6306,
26,45,True,0.431149,-0.9093,none,,,False,,26,0,0.1299,0.6227,
26,84,True,0.477322,-0.621,none,,,False,,26,0,0.0983,0.5965,
26,86,True,0.669493,0.5785,none,,,False,,26,0,0.1549,0.5875,
26,3,True,0.42897,-0.9229,none,,,False,,26,0,0.1684,0.5729,
26,97,True,0.565804,-0.0687,none,,,False,,26,0,0.1182,0.4854,
26,47,True,0.467193,-0.6843,none,,,False,,26,0,0.2224,0.4457,
26,64,True,0.49086,-0.5365,none,,,False,,26,0,0.1451,0.4359,
26,15,True,0.515708,-0.3814,none,,,False,,26,0,0.1038,0.4346,
26,51,True,0.544784,-0.1999,none,,,False,,26,0,0.1339,0.4102,
26,58,True,0.422605,-0.9626,none,,,False,,26,0,0.1038,0.3796,
26,59,True,0.548176,-0.1788,none,,,False,,26,0,0.107,0.3665,
26,94,True,0.4207,-0.9745,none,,,False,,26,0,0.169,0.3421,
26,53,True,0.377879,-1.2418,none,,,False,,26,0,0.3256,0.012,
26,46,True,0.470344,-0.6646,none,,,False,,26,0,0.2147,-0.2681,
26,83,True,0.394676,-1.1369,none,,,False,,26,0,0.2107,-0.0875,
26,8,True,0.515755,-0.3811,none,,,False,,26,0,0.1743,0.0243,
26,6,True,0.255122,-2.0081,none,,,False,,26,0,0.1703,-0.6874,
26,70,True,0.129599,-2.7916,none,,,False,,26,0,0.1703,-1.3755,
27,95,True,1.357797,3.0,cusum,,,True,positive,27,0,0.3444,4.1508,
27,13,True,0.914249,1.9647,cusum,,,True,positive,27,0,0.3325,3.5941,
27,78,True,0.77149,0.9361,none,,,False,,27,0,0.1211,2.7339,
27,31,True,0.742823,0.7296,none,,,False,,27,0,0.1325,2.6358,
27,19,True,0.599449,-0.3035,none,,,False,,27,0,0.1005,2.499,
27,27,True,0.876589,1.6934,none,,,False,,27,0,0.1325,1.8053,
27,74,True,0.751002,0.7885,none,,,False,,27,0,0.1102,1.7983,
27,1,True,0.932002,2.0926,none,,,False,,27,0,0.1102,1.6399,
27,5,True,0.787775,1.0534,none,,,False,,27,0,0.1033,1.6103,
27,44,True,0.868151,1.6326,none,,,False,,27,0,0.1102,1.4625,
27,61,True,0.663772,0.16,none,,,False,,27,0,0.1325,1.351,
27,48,True,0.667739,0.1886,none,,,False,,27,0,0.1033,1.3085,
27,85,True,0.632642,-0.0643,none,,,False,,27,0,0.0955,1.1852,
27,77,True,0.665817,0.1747,none,,,False,,27,0,0.1325,1.0936,
27,36,True,0.720532,0.5689,none,,,False,,27,0,0.1005,1.0804,
27,35,True,0.835088,1.3943,none,,,False,,27,0,0.0955,1.0577,
27,65,True,0.637938,-0.0262,none,,,False,,27,0,0.0933,1.0174,
27,20,True,0.674977,0.2407,none,,,False,,27,0,0.1033,0.9689,
27,92,True,0.590796,-0.3658,none,,,False,,27,0,0.1444,0.948,
27,62,True,0.645198,0.0262,none,,,False,,27,0,0.1033,0.9421,
27,71,True,0.649487,0.0571,none,,,False,,27,0,0.0955,0.8759,
27,60,True,0.659534,0.1294,none,,,False,,27,0,0.1102,0.8415,
27,21,True,0.550466,-0.6564,none,,,False,,27,0,0.157,0.7736,
27,28,True,0.654144,0.0906,none,,,False,,27,0,0.1211,0.7099,
27,23,True,0.730893,0.6436,none,,,False,,27,0,0.0955,0.6996,
27,87,True,0.648171,0.0476,none,,,False,,27,0,0.0955,0.652,
27,91,True,0.626963,-0.1052,none,,,False,,27,0,0.1325,0.6339,
27,86,True,0.4356,-1.484,none,,,False,,27,0,0.1444,0.5485,
27,97,True,0.367074,-1.9778,none,,,False,,27,0,0.1102,0.497,
27,57,True,0.689587,0.346,none,,,False,,27,0,0.1325,0.4963,
27,68,True,0.722483,0.583,none,,,False,,27,0,0.1033,0.4323,
27,51,True,0.488642,-1.1019,none,,,False,,27,0,0.1033,0.4129,
27,22,True,0.612351,-0.2105,none,,,False,,27,0,0.1102,0.4046,
27,34,True,0.650605,0.0651,none,,,False,,27,0,0.1102,0.3908,
27,11,True,0.502588,-1.0014,none,,,False,,27,0,0.1033,0.3638,
27,58,True,0.538168,-0.745,none,,,False,,27,0,0.1005,0.2986,
27,84,True,0.468598,-1.2463,none,,,False,,27,0,0.0955,0.2964,
27,29,True,0.557844,-0.6032,none,,,False,,27,0,0.1341,0.2715,
27,0,True,0.585632,-0.403,none,,,False,,27,0,0.1084,0.2695,
27,64,True,0.486058,-1.1205,none,,,False,,27,0,0.1102,0.252,
27,66,True,0.11115,-3.0,none,,,False,,27,0,0.1455,0.243,
27,47,True,0.582044,-0.4289,none,,,False,,27,0,0.157,0.2175,
27,56,True,0.363025,-2.0069,none,,,False,,27,0,0.1062,0.2059,
27,10,True,0.666767,0.1816,none,,,False,,27,0,0.1163,0.205,
27,53,True,0.459259,-1.3136,none,,,False,,27,0,0.2008,-0.1408,
27,14,True,0.355247,-2.063,none,,,False,,27,0,0.1714,-0.8873,
27,37,True,0.350838,-2.0948,none,,,False,,27,0,0.1714,-0.1882,
27,40,True,0.318549,-2.3274,none,,,False,,27,0,0.1714,-0.3341,
27,24,True,0.545445,-0.6926,none,,,False,,27,0,0.1699,-0.4834,
27,52,True,0.536405,-0.7577,none,,,False,,27,0,0.1699,-0.9985,
28,95,True,1.561408,3.0,none,,,False,,28,0,0.335,4.1443,
28,13,True,0.919033,1.4341,none,,,False,,28,0,0.3239,3.3638,
28,78,True,0.867577,1.1819,cusum,,,True,positive,28,0,0.3132,3.33,
28,1,True,0.870435,1.1959,cusum,,,True,positive,28,0,0.3029,2.8576,
28,27,True,0.821917,0.9581,cusum,,,True,positive,28,0,0.3239,2.7963,
28,31,True,0.906094,1.3707,none,,,False,,28,0,0.1239,1.8733,
28,44,True,0.841761,1.0554,none,,,False,,28,0,0.1029,1.6149,
28,19,True,0.733249,0.5235,none,,,False,,28,0,0.0974,1.5117,
28,74,True,0.785655,0.7803,none,,,False,,28,0,0.1029,1.4678,
28,5,True,0.817203,0.935,none,,,False,,28,0,0.1,1.2597,
28,61,True,0.717871,0.4481,none,,,False,,28,0,0.1239,1.1735,
28,60,True,0.694651,0.3343,none,,,False,,28,0,0.1029,0.9568,
28,36,True,0.68766,0.3,none,,,False,,28,0,0.0974,0.9389,
28,65,True,0.601526,-0.1222,none,,,False,,28,0,0.0908,0.9246,
28,77,True,0.685182,0.2878,none,,,False,,28,0,0.1239,0.9017,
28,85,True,0.383325,-1.1918,none,,,False,,28,0,0.0928,0.8987,
28,48,True,0.665481,0.1913,none,,,False,,28,0,0.1,0.8953,
28,23,True,0.860114,1.1453,none,,,False,,28,0,0.0928,0.7222,
28,68,True,0.580417,-0.2257,none,,,False,,28,0,0.1,0.6365,
28,71,True,0.343331,-1.3878,none,,,False,,28,0,0.0928,0.5981,
28,62,True,0.631661,0.0255,none,,,False,,28,0,0.1,0.5977,
28,35,True,0.676997,0.2477,none,,,False,,28,0,0.0928,0.5647,
28,20,True,0.725542,0.4857,none,,,False,,28,0,0.1,0.5343,
28,92,True,0.682216,0.2733,none,,,False,,28,0,0.135,0.4881,
28,28,True,0.433052,-0.948,none,,,False,,28,0,0.1132,0.4817,
28,57,True,0.497884,-0.6302,none,,,False,,28,0,0.1239,0.463,
28,91,True,0.561094,-0.3204,none,,,False,,28,0,0.1239,0.402,
28,34,True,0.701341,0.3671,none,,,False,,28,0,0.1029,0.3655,
28,22,True,0.686503,0.2943,none,,,False,,28,0,0.1029,0.3562,
28,10,True,0.687834,0.3008,none,,,False,,28,0,0.1,0.297,
28,0,True,0.526912,-0.488,none,,,False,,28,0,0.0928,0.2566,
28,21,True,0.621257,-0.0255,none,,,False,,28,0,0.1466,0.2399,
28,82,True,0.448445,-0.8726,none,,,False,,28,0,0.1507,0.1785,
28,59,True,0.603671,-0.1117,none,,,False,,28,0,0.1154,0.1332,
28,87,True,0.636023,0.0469,none,,,False,,28,0,0.0928,0.129,
28,7,True,0.403255,-1.0941,none,,,False,,28,0,0.1382,0.106,
28,67,True,0.561832,-0.3168,none,,,False,,28,0,0.1279,0.1031,
28,12,True,0.708329,0.4013,none,,,False,,28,0,0.1224,0.0915,
28,15,True,0.479831,-0.7187,none,,,False,,28,0,0.1125,0.0807,
28,29,True,0.436077,-0.9332,none,,,False,,28,0,0.1132,0.064,
28,2,True,0.57009,-0.2763,none,,,False,,28,0,0.1489,0.058,
28,32,True,0.424254,-0.9912,none,,,False,,28,0,0.1489,0.03,
28,93,True,0.244889,-1.8704,none,,,False,,28,0,0.15,0.0256,
28,66,True,0.190251,-2.1382,cusum,,,True,negative,28,0,0.3239,-1.1948,
28,53,True,0.422988,-0.9974,none,,,False,,28,0,0.1862,-0.4399,
28,16,True,0.344771,-1.3808,none,,,False,,28,0,0.1739,-0.7269,
28,88,True,0.527195,-0.4866,none,,,False,,28,0,0.1739,-0.5067,
28,79,True,0.250818,-1.8413,none,,,False,,28,0,0.1725,-0.5814,
28,98,True,0.443645,-0.8961,none,,,False,,28,0,0.1725,-0.1987,
28,25,True,0.391709,-1.1507,none,,,False,,28,0,0.1716,0.0206,
29,95,True,1.403878,3.0,cusum,,,True,positive,29,0,0.3264,4.1387,
29,13,True,1.039874,2.9659,cusum,,,True,positive,29,0,0.316,3.2666,
29,78,True,0.854254,1.7207,none,,,False,,29,0,0.3059,2.7194,
29,1,True,0.931178,2.2367,none,,,False,,29,0,0.2996,2.6659,
29,27,True,0.795735,1.3282,none,,,False,,29,0,0.316,2.5444,
29,74,True,0.752234,1.0364,cusum,,,True,positive,29,0,0.2996,2.3992,
29,44,True,0.737474,0.9373,cusum,,,True,positive,29,0,0.2996,2.3959,
29,31,True,0.77222,1.1704,cusum,,,True,positive,29,0,0.316,2.3252,
29,5,True,0.6104,0.0849,cusum,,,True,positive,29,0,0.297,2.2949,
29,19,True,0.685784,0.5906,none,,,False,,29,0,0.0946,0.6828,
29,36,True,0.599498,0.0118,none,,,False,,29,0,0.0946,0.6554,
29,23,True,0.743666,0.9789,none,,,False,,29,0,0.0903,0.6475,
29,60,True,0.596156,-0.0106,none,,,False,,29,0,0.0996,0.6359,
29,12,True,0.54453,-0.3569,none,,,False,,29,0,0.0946,0.6325,
29,61,True,0.763126,1.1094,none,,,False,,29,0,0.116,0.6159,
29,48,True,0.692694,0.637,none,,,False,,29,0,0.097,0.443,
29,20,True,0.549069,-0.3265,none,,,False,,29,0,0.097,0.4132,
29,35,True,0.837944,1.6113,none,,,False,,29,0,0.0903,0.3505,
29,10,True,0.643563,0.3074,none,,,False,,29,0,0.097,0.347,
29,34,True,0.599323,0.0106,none,,,False,,29,0,0.0996,0.3433,
29,65,True,0.632539,0.2334,none,,,False,,29,0,0.0884,0.3258,
29,92,True,0.63059,0.2204,none,,,False,,29,0,0.1264,0.2744,
29,87,True,0.681437,0.5614,none,,,False,,29,0,0.0903,0.2657,
29,68,True,0.54519,-0.3525,none,,,False,,29,0,0.097,0.1684,
29,22,True,0.684114,0.5794,none,,,False,,29,0,0.0996,0.1037,
29,59,True,0.525082,-0.4874,none,,,False,,29,0,0.0996,0.1013,
29,77,True,0.646925,0.3299,none,,,False,,29,0,0.116,0.0663,
29,15,True,0.400741,-1.3215,none,,,False,,29,0,0.097,0.0547,
29,62,True,0.625882,0.1888,none,,,False,,29,0,0.097,0.0455,
29,94,True,0.4394,-1.0621,none,,,False,,29,0,0.1614,0.0215,
29,47,True,0.247848,-2.3471,none,,,False,,29,0,0.1607,0.0103,
29,91,True,0.624799,0.1815,none,,,False,,29,0,0.116,0.008,
29,85,True,0.612335,0.0979,none,,,False,,29,0,0.0903,0.0064,
29,86,True,0.541415,-0.3778,none,,,False,,29,0,0.1493,-0.005,
29,57,True,0.58714,-0.0711,none,,,False,,29,0,0.116,-0.019,
29,80,True,0.573043,-0.1657,none,,,False,,29,0,0.1522,-0.056,
29,3,True,0.499957,-0.6559,none,,,False,,29,0,0.1728,-0.0564,
29,0,True,0.494422,-0.6931,none,,,False,,29,0,0.0903,-0.0826,
29,21,True,0.555727,-0.2818,none,,,False,,29,0,0.1372,-0.0848,
29,49,True,0.310746,-1.9252,none,,,False,,29,0,0.1747,-0.0864,
29,67,True,0.387122,-1.4128,none,,,False,,29,0,0.0996,-0.0963,
29,82,True,0.487565,-0.7391,none,,,False,,29,0,0.1059,-0.1008,
29,53,True,0.510702,-0.5839,cusum,,,True,negative,29,0,0.3736,-1.5176,
29,66,True,0.252142,-2.3183,none,,,False,,29,0,0.316,-2.1783,
29,39,True,0.267171,-2.2175,none,,,False,,29,0,0.1848,-0.589,
29,69,True,0.400081,-1.3259,none,,,False,,29,0,0.1783,-0.4695,
29,73,True,0.418269,-1.2039,none,,,False,,29,0,0.1747,-0.6512,
29,30,True,0.386844,-1.4147,none,,,False,,29,0,0.1735,-0.4313,
29,33,True,0.28168,-2.1201,none,,,False,,29,0,0.1735,-0.675,
29,38,True,0.282648,-2.1136,none,,,False,,29,0,0.1735,-0.5068,
30,95,True,1.229833,3.0,none,,,False,,30,0,0.3185,4.1336,
30,13,True,0.86613,1.4341,none,,,False,,30,0,0.3087,3.2507,
30,1,True,0.892249,1.5816,cusum,,,True,positive,30,0,0.2966,2.963,
30,27,True,0.88504,1.5409,none,,,False,,30,0,0.3087,2.4556,
30,78,True,0.723442,0.6288,none,,,False,,30,0,0.2992,2.4046,
30,44,True,0.86665,1.4371,none,,,False,,30,0,0.2966,2.3297,
30,31,True,0.970063,2.0208,none,,,False,,30,0,0.3087,2.2193,
30,74,True,0.734898,0.6935,none,,,False,,30,0,0.2966,1.9897,
30,5,True,0.774376,0.9163,none,,,False,,30,0,0.2942,1.809,
30,35,True,0.890457,1.5714,none,,,False,,30,0,0.088,1.1936,
30,23,True,0.485191,-0.7159,none,,,False,,30,0,0.088,1.0317,
30,61,True,0.773845,0.9133,none,,,False,,30,0,0.1087,0.7016,
30,48,True,0.74397,0.7447,none,,,False,,30,0,0.0942,0.4568,
30,12,True,0.633638,0.1219,none,,,False,,30,0,0.092,0.4197,
30,36,True,0.609833,-0.0124,none,,,False,,30,0,0.092,0.4083,
30,77,True,0.261683,-1.9774,none,,,False,,30,0,0.1087,0.3933,
30,19,True,0.760954,0.8405,none,,,False,,30,0,0.092,0.3849,
30,10,True,0.648593,0.2063,none,,,False,,30,0,0.0942,0.3811,
30,22,True,0.614236,0.0124,none,,,False,,30,0,0.0966,0.3423,
30,87,True,0.779362,0.9444,none,,,False,,30,0,0.088,0.3277,
30,60,True,0.674421,0.3521,none,,,False,,30,0,0.0966,0.2723,
30,34,True,0.495891,-0.6555,none,,,False,,30,0,0.0966,0.2689,
30,20,True,0.663268,0.2892,none,,,False,,30,0,0.0942,0.2512,
30,62,True,0.577234,-0.1964,none,,,False,,30,0,0.0942,0.198,
30,92,True,0.626607,0.0822,none,,,False,,30,0,0.1185,0.1762,
30,65,True,0.623558,0.065,none,,,False,,30,0,0.0863,0.135,
30,68,True,0.723886,0.6313,none,,,False,,30,0,0.0942,0.1195,
30,91,True,0.646042,0.1919,none,,,False,,30,0,0.1087,0.0477,
30,57,True,0.678903,0.3774,none,,,False,,30,0,0.1087,0.0106,
30,80,True,0.500195,-0.6312,none,,,False,,30,0,0.1087,-0.0595,
30,45,True,0.639939,0.1575,none,,,False,,30,0,0.1637,-0.1063,
30,28,True,0.50805,-0.5869,none,,,False,,30,0,0.1204,-0.1114,
30,51,True,0.544853,-0.3792,none,,,False,,30,0,0.1225,-0.1182,
30,7,True,0.411423,-1.1323,none,,,False,,30,0,0.1204,-0.1261,
30,59,True,0.570711,-0.2332,none,,,False,,30,0,0.0966,-0.138,
30,32,True,0.507762,-0.5885,none,,,False,,30,0,0.1302,-0.1383,
30,72,True,0.527742,-0.4758,none,,,False,,30,0,0.186,-0.1733,
30,3,True,0.523723,-0.4984,none,,,False,,30,0,0.1394,-0.1762,
30,21,True,0.551658,-0.3408,none,,,False,,30,0,0.1287,-0.1826,
30,2,True,0.548787,-0.357,none,,,False,,30,0,0.1302,-0.1978,
30,46,True,0.325933,-1.6148,none,,,False,,30,0,0.1437,-0.2059,
30,53,True,0.422005,-1.0725,none,,,False,,30,0,0.3623,-1.3068,
30,39,True,0.328349,-1.6012,cusum,,,True,negative,30,0,0.3394,-1.5666,
30,47,True,0.439912,-0.9715,cusum,,,True,negative,30,0,0.3394,-1.5091,
30,33,True,0.267651,-1.9437,cusum,,,True,negative,30,0,0.3287,-1.6977,
30,38,True,0.331766,-1.5819,cusum,,,True,negative,30,0,0.3287,-1.7116,
30,66,True,0.394346,-1.2287,cusum,,,True,negative,30,0,0.3087,-2.8564,
30,81,True,0.51526,-0.5462,none,,,False,,30,0,0.186,-0.9886,
30,17,True,0.334588,-1.5659,none,,,False,,30,0,0.1787,-0.6188,
30,76,True,0.24217,-2.0876,none,,,False,,30,0,0.1782,-0.9185,
31,95,True,1.147134,2.4142,cusum,,,True,positive,31,0,0.3113,4.1291,
31,13,True,0.88025,1.2372,cusum,,,True,positive,31,0,0.302,3.0697,
31,1,True,0.935272,1.4798,none,,,False,,31,0,0.2938,2.7892,
31,31,True,1.038258,1.9341,cusum,,,True,positive,31,0,0.302,2.6456,
31,27,True,0.917748,1.4026,cusum,,,True,positive,31,0,0.302,2.4007,
31,78,True,0.874941,1.2138,cusum,,,True,positive,31,0,0.2962,2.2984,
31,44,True,0.752101,0.672,none,,,False,,31,0,0.2938,2.2611,
31,35,True,0.753768,0.6793,cusum,,,True,positive,31,0,0.2859,2.2501,
31,74,True,0.69485,0.4195,none,,,False,,31,0,0.2938,1.9546,
31,5,True,0.787838,0.8296,none,,,False,,31,0,0.2916,1.7601,
31,61,True,0.703751,0.4587,none,,,False,,31,0,0.102,0.9486,
31,19,True,0.775964,0.7772,none,,,False,,31,0,0.0896,0.7633,
31,48,True,0.783415,0.8101,none,,,False,,31,0,0.0916,0.639,
31,87,True,0.695621,0.4229,none,,,False,,31,0,0.0859,0.6242,
31,23,True,0.774827,0.7722,none,,,False,,31,0,0.0859,0.576,
31,22,True,0.695627,0.4229,none,,,False,,31,0,0.0938,0.4132,
31,10,True,0.60569,0.0262,none,,,False,,31,0,0.0916,0.3862,
31,60,True,0.614964,0.0671,none,,,False,,31,0,0.0938,0.3431,
31,92,True,0.661028,0.2703,none,,,False,,31,0,0.1113,0.3211,
31,20,True,0.592122,-0.0336,none,,,False,,31,0,0.0916,0.2642,
31,36,True,0.694606,0.4184,none,,,False,,31,0,0.0896,0.2116,
31,12,True,0.522903,-0.3389,none,,,False,,31,0,0.0896,0.1672,
31,65,True,0.560675,-0.1723,none,,,False,,31,0,0.0843,0.163,
31,91,True,0.632745,0.1456,none,,,False,,31,0,0.102,0.1427,
31,68,True,0.652372,0.2321,none,,,False,,31,0,0.0916,0.1324,
31,62,True,0.615221,0.0683,none,,,False,,31,0,0.0916,0.1207,
31,2,True,0.523218,-0.3375,none,,,False,,31,0,0.1113,0.1151,
31,34,True,0.736076,0.6013,none,,,False,,31,0,0.0938,0.0252,
31,57,True,0.444144,-0.6862,none,,,False,,31,0,0.102,0.017,
31,45,True,0.27377,-1.4377,none,,,False,,31,0,0.121,-0.0465,
31,80,True,0.446239,-0.677,none,,,False,,31,0,0.102,-0.047,
31,21,True,0.558597,-0.1815,none,,,False,,31,0,0.121,-0.0824,
31,72,True,0.445734,-0.6792,none,,,False,,31,0,0.1309,-0.1275,
31,59,True,0.593971,-0.0254,none,,,False,,31,0,0.0938,-0.1596,
31,58,True,0.605506,0.0254,none,,,False,,31,0,0.13,-0.206,
31,64,True,0.52843,-0.3145,none,,,False,,31,0,0.1452,-0.2343,
31,24,True,0.459265,-0.6195,none,,,False,,31,0,0.1862,-0.2467,
31,8,True,0.432799,-0.7363,none,,,False,,31,0,0.1565,-0.255,
31,85,True,0.584763,-0.066,none,,,False,,31,0,0.099,-0.277,
31,71,True,0.444952,-0.6827,none,,,False,,31,0,0.1121,-0.2782,
31,86,True,0.515951,-0.3695,none,,,False,,31,0,0.1422,-0.2891,
31,53,True,0.40444,-0.8613,none,,,False,,31,0,0.3523,-1.2338,
31,39,True,0.109327,-2.1629,none,,,False,,31,0,0.3309,-1.9765,
31,47,True,0.371857,-1.0051,none,,,False,,31,0,0.3309,-1.6105,
31,33,True,0.198553,-1.7694,none,,,False,,31,0,0.321,-2.1075,
31,38,True,0.33488,-1.1681,none,,,False,,31,0,0.321,-1.9572,
31,66,True,0.351159,-1.0963,none,,,False,,31,0,0.302,-2.27,
31,41,True,0.327757,-1.1996,none,,,False,,31,0,0.1874,-0.5787,
31,42,True,0.310571,-1.2754,none,,,False,,31,0,0.1874,-0.4567,
31,75,True,0.452066,-0.6513,none,,,False,,31,0,0.1874,-0.7394,
32,95,True,1.399683,3.0,none,,,False,,32,0,0.3047,3.9297,
32,13,True,0.807293,1.3508,none,,,False,,32,0,0.2958,3.0003,
32,1,True,0.856844,1.605,none,,,False,,32,0,0.2912,2.8807,
32,31,True,1.097375,2.8389,none,,,False,,32,0,0.2958,2.8297,
32,27,True,0.934636,2.004,none,,,False,,32,0,0.2958,2.5451,
32,35,True,0.668816,0.6404,none,,,False,,32,0,0.2839,2.3916,
32,78,True,0.673762,0.6657,none,,,False,,32,0,0.2934,2.3056,
32,44,True,0.936419,2.0132,none,,,False,,32,0,0.2912,2.1302,
32,74,True,0.653226,0.5604,none,,,False,,32,0,0.2912,1.8311,
32,5,True,0.960011,2.1342,none,,,False,,32,0,0.2892,1.7221,
32,61,True,0.663025,0.6106,none,,,False,,32,0,0.0958,0.9484,
32,19,True,0.797265,1.2993,none,,,False,,32,0,0.0873,0.8452,
32,48,True,0.698967,0.795,none,,,False,,32,0,0.0892,0.8424,
32,87,True,0.677179,0.6833,none,,,False,,32,0,0.0839,0.7472,
32,22,True,0.496985,-0.2412,none,,,False,,32,0,0.0912,0.453,
32,23,True,0.853906,1.5899,none,,,False,,32,0,0.0839,0.4493,
32,92,True,0.677431,0.6846,none,,,False,,32,0,0.1047,0.316,
32,91,True,0.636905,0.4766,none,,,False,,32,0,0.0958,0.2943,
32,10,True,0.697802,0.7891,none,,,False,,32,0,0.0892,0.2918,
32,68,True,0.669573,0.6442,none,,,False,,32,0,0.0892,0.2821,
32,60,True,0.512426,-0.1619,none,,,False,,32,0,0.0912,0.2509,
32,36,True,0.732037,0.9647,none,,,False,,32,0,0.0873,0.2484,
32,65,True,0.538369,-0.0289,none,,,False,,32,0,0.0824,0.1441,
32,62,True,0.623826,0.4095,none,,,False,,32,0,0.0892,0.132,
32,34,True,0.499651,-0.2275,none,,,False,,32,0,0.0912,0.1002,
32,20,True,0.61999,0.3899,none,,,False,,32,0,0.0892,0.0882,
32,57,True,0.516427,-0.1414,none,,,False,,32,0,0.0958,-0.0054,
32,12,True,0.421713,-0.6273,none,,,False,,32,0,0.0873,-0.0822,
32,59,True,0.569985,0.1333,none,,,False,,32,0,0.0912,-0.134,
32,21,True,0.499891,-0.2263,none,,,False,,32,0,0.1138,-0.1389,
32,2,True,0.549618,0.0289,none,,,False,,32,0,0.1047,-0.1986,
32,8,True,0.324331,-1.1269,none,,,False,,32,0,0.1047,-0.2208,
32,72,True,0.453083,-0.4664,none,,,False,,32,0,0.1232,-0.2445,
32,85,True,0.49349,-0.2591,none,,,False,,32,0,0.0856,-0.28,
32,83,True,0.348763,-1.0016,none,,,False,,32,0,0.1877,-0.3054,
32,11,True,0.729396,0.9511,none,,,False,,32,0,0.1484,-0.3103,
32,77,True,0.480402,-0.3262,none,,,False,,32,0,0.1156,-0.3282,
32,67,True,0.503855,-0.2059,none,,,False,,32,0,0.1177,-0.3387,
32,63,True,0.500602,-0.2226,none,,,False,,32,0,0.1904,-0.35,
32,54,True,0.464366,-0.4085,none,,,False,,32,0,0.1794,-0.3556,
32,28,True,0.458937,-0.4364,none,,,False,,32,0,0.1156,-0.3564,
32,53,True,0.269637,-1.4075,none,,,False,,32,0,0.3432,-1.1949,
32,39,True,0.251736,-1.4993,cusum,,,True,negative,32,0,0.3232,-2.3602,
32,47,True,0.475777,-0.35,none,,,False,,32,0,0.3232,-1.8076,
32,33,True,0.326366,-1.1165,cusum,,,True,negative,32,0,0.3138,-2.3153,
32,38,True,0.346428,-1.0135,none,,,False,,32,0,0.3138,-1.9921,
32,66,True,0.328882,-1.1036,none,,,False,,32,0,0.2958,-1.9265,
32,52,True,0.331423,-1.0905,none,,,False,,32,0,0.1977,-0.5502,
32,50,True,0.313007,-1.185,none,,,False,,32,0,0.1904,-0.6447,
32,90,True,0.317785,-1.1605,none,,,False,,32,0,0.1889,-0.6243,
33,95,True,1.198663,3.0,cusum,,,True,positive,33,0,0.2985,3.926,
33,31,True,1.04513,2.4611,cusum,,,True,positive,33,0,0.2931,3.3824,
33,27,True,0.946501,1.9355,cusum,,,True,positive,33,0,0.2931,2.767,
33,1,True,0.90747,1.7274,cusum,,,True,positive,33,0,0.2889,2.6673,
33,44,True,0.842734,1.3824,cusum,,,True,positive,33,0,0.2889,2.4859,
33,13,True,0.871434,1.5354,none,,,False,,33,0,0.2931,2.4585,
33,5,True,0.813779,1.2281,cusum,,,True,positive,33,0,0.287,2.4025,
33,19,True,0.722445,0.7413,cusum,,,True,positive,33,0,0.2852,2.079,
33,35,True,0.831566,1.3229,none,,,False,,33,0,0.282,2.0658,
33,78,True,0.795986,1.1332,none,,,False,,33,0,0.2909,1.9508,
33,74,True,0.652072,0.3662,none,,,False,,33,0,0.2889,1.6696,
33,23,True,0.762707,0.9559,cusum,,,True,positive,33,0,0.282,1.6508,
33,48,True,0.730494,0.7842,none,,,False,,33,0,0.087,0.8924,
33,87,True,0.703788,0.6418,none,,,False,,33,0,0.082,0.7856,
33,61,True,0.616956,0.179,none,,,False,,33,0,0.0931,0.7787,
33,68,True,0.550921,-0.1729,none,,,False,,33,0,0.087,0.6117,
33,36,True,0.626887,0.232,none,,,False,,33,0,0.0852,0.5635,
33,92,True,0.609649,0.1401,none,,,False,,33,0,0.0985,0.467,
33,10,True,0.588368,0.0267,none,,,False,,33,0,0.087,0.4497,
33,91,True,0.635857,0.2798,none,,,False,,33,0,0.0931,0.3892,
33,20,True,0.670509,0.4645,none,,,False,,33,0,0.087,0.3243,
33,62,True,0.611844,0.1518,none,,,False,,33,0,0.087,0.2029,
33,60,True,0.708267,0.6657,none,,,False,,33,0,0.0889,0.1976,
33,22,True,0.560465,-0.122,none,,,False,,33,0,0.0889,0.1765,
33,11,True,0.660055,0.4087,none,,,False,,33,0,0.0985,0.1064,
33,59,True,0.538901,-0.237,none,,,False,,33,0,0.0889,0.07,
33,65,True,0.562145,-0.1131,none,,,False,,33,0,0.0806,0.0546,
33,85,True,0.52075,-0.3337,none,,,False,,33,0,0.0836,0.0285,
33,34,True,0.578359,-0.0267,none,,,False,,33,0,0.0889,0.0179,
33,57,True,0.614903,0.1681,none,,,False,,33,0,0.0931,-0.0322,
33,2,True,0.566906,-0.0877,none,,,False,,33,0,0.0985,-0.1006,
33,21,True,0.56029,-0.123,none,,,False,,33,0,0.1072,-0.1245,
33,12,True,0.631715,0.2577,none,,,False,,33,0,0.0852,-0.1748,
33,80,True,0.500367,-0.4424,none,,,False,,33,0,0.1091,-0.37,
33,29,True,0.52995,-0.2847,none,,,False,,33,0,0.1586,-0.3855,
33,94,True,0.455166,-0.6833,none,,,False,,33,0,0.1668,-0.3868,
33,63,True,0.206549,-2.0083,none,,,False,,33,0,0.1072,-0.3891,
33,84,True,0.524719,-0.3126,none,,,False,,33,0,0.1439,-0.3936,
33,56,True,0.491369,-0.4903,none,,,False,,33,0,0.1419,-0.4056,
33,72,True,0.395825,-0.9995,none,,,False,,33,0,0.1161,-0.4114,
33,88,True,0.417618,-0.8834,none,,,False,,33,0,0.1678,-0.4136,
33,53,True,0.429871,-0.8181,cusum,,,True,negative,33,0,0.335,-1.4751,
33,39,True,0.266627,-1.6881,none,,,False,,33,0,0.3161,-2.1254,
33,47,True,0.344226,-1.2746,none,,,False,,33,0,0.3161,-1.1464,
33,33,True,0.385544,-1.0543,none,,,False,,33,0,0.3072,-1.9849,
33,38,True,0.314499,-1.433,cusum,,,True,negative,33,0,0.3072,-1.6295,
33,66,True,0.337551,-1.3101,cusum,,,True,negative,33,0,0.2931,-1.525,
33,96,True,0.429505,-0.82,none,,,False,,33,0,0.1996,-1.4838,
33,6,True,0.234185,-1.8611,none,,,False,,33,0,0.1986,-1.2726,
33,70,True,0.151301,-2.3028,none,,,False,,33,0,0.1986,-1.8007,
34,95,True,1.358829,3.0,none,,,False,,34,0,0.2928,3.9226,
34,31,True,0.893715,1.8467,none,,,False,,34,0,0.2906,3.5261,
34,27,True,0.79839,1.3048,none,,,False,,34,0,0.2906,2.8954,
34,1,True,0.838806,1.5345,none,,,False,,34,0,0.2867,2.7132,
34,5,True,0.594935,0.1482,none,,,False,,34,0,0.2849,2.5039,
34,13,True,1.00086,2.4557,cusum,,,True,positive,34,0,0.2906,2.4891,
34,44,True,0.845731,1.5739,none,,,False,,34,0,0.2867,2.465,
34,23,True,0.572996,0.0235,none,,,False,,34,0,0.2803,2.206,
34,78,True,0.870273,1.7134,none,,,False,,34,0,0.2886,2.116,
34,19,True,0.863281,1.6737,none,,,False,,34,0,0.2833,2.0435,
34,35,True,0.616314,0.2697,none,,,False,,34,0,0.2803,1.9809,
34,48,True,0.731349,0.9237,none,,,False,,34,0,0.0849,0.903,
34,87,True,0.534836,-0.1934,none,,,False,,34,0,0.0803,0.6827,
34,36,True,0.806102,1.3486,none,,,False,,34,0,0.0833,0.6426,
34,74,True,0.802433,1.3278,none,,,False,,34,0,0.2867,0.5578,
34,61,True,0.859794,1.6538,none,,,False,,34,0,0.0906,0.5309,
34,92,True,0.652058,0.4729,none,,,False,,34,0,0.0928,0.4828,
34,91,True,0.548716,-0.1145,none,,,False,,34,0,0.0906,0.4154,
34,10,True,0.583865,0.0853,none,,,False,,34,0,0.0849,0.3873,
34,20,True,0.66157,0.527,none,,,False,,34,0,0.0849,0.3802,
34,68,True,0.700368,0.7476,none,,,False,,34,0,0.0849,0.3411,
34,62,True,0.475383,-0.5314,none,,,False,,34,0,0.0849,0.3165,
34,60,True,0.432594,-0.7746,none,,,False,,34,0,0.0867,0.2994,
34,11,True,0.53577,-0.1881,none,,,False,,34,0,0.0928,0.2374,
34,34,True,0.62146,0.299,none,,,False,,34,0,0.0867,0.2248,
34,22,True,0.601806,0.1873,none,,,False,,34,0,0.0867,0.129,
34,59,True,0.591623,0.1294,none,,,False,,34,0,0.0867,0.0661,
34,65,True,0.564728,-0.0235,none,,,False,,34,0,0.0789,-0.0067,
34,2,True,0.471654,-0.5526,none,,,False,,34,0,0.0928,-0.0143,
34,21,True,0.548636,-0.115,none,,,False,,34,0,0.1011,-0.0556,
34,57,True,0.638657,0.3968,none,,,False,,34,0,0.0906,-0.1051,
34,85,True,0.54449,-0.1385,none,,,False,,34,0,0.0817,-0.1176,
34,12,True,0.640353,0.4064,none,,,False,,34,0,0.0833,-0.1319,
34,0,True,0.551761,-0.0972,none,,,False,,34,0,0.1278,-0.4189,
34,97,True,0.577678,0.0501,none,,,False,,34,0,0.1801,-0.423,
34,82,True,0.417748,-0.859,none,,,False,,34,0,0.1507,-0.429,
34,54,True,0.452198,-0.6632,none,,,False,,34,0,0.1199,-0.4381,
34,51,True,0.524982,-0.2494,none,,,False,,34,0,0.1319,-0.4391,
34,58,True,0.43144,-0.7812,none,,,False,,34,0,0.1134,-0.4429,
34,25,True,0.456292,-0.6399,none,,,False,,34,0,0.1981,-0.4487,
34,6,True,0.273108,-1.6812,cusum,,,True,negative,34,0,0.3274,-2.039,
34,53,True,0.448221,-0.6858,none,,,False,,34,0,0.3274,-1.3953,
34,70,True,0.171892,-2.2566,cusum,,,True,negative,34,0,0.3274,-2.5874,
34,96,True,0.090923,-2.7169,cusum,,,True,negative,34,0,0.3183,-1.8588,
34,39,True,0.191943,-2.1426,cusum,,,True,negative,34,0,0.3096,-2.1585,
34,47,True,0.538251,-0.174,none,,,False,,34,0,0.3096,-1.2515,
34,33,True,0.317014,-1.4317,none,,,False,,34,0,0.3011,-1.6921,
34,38,True,0.311662,-1.4621,none,,,False,,34,0,0.3011,-1.5836,
34,66,True,0.337636,-1.3144,none,,,False,,34,0,0.2906,-1.5553,
34,4,True,0.379622,-1.0758,none,,,False,,34,0,0.2007,-0.9024,
35,95,True,1.363285,3.0,cusum,,,True,positive,35,0,0.2903,4.1147,
35,31,True,0.701509,0.7088,cusum,,,True,positive,35,0,0.2883,3.494,
35,13,True,0.851019,1.6378,none,,,False,,35,0,0.2883,2.8924,
35,27,True,0.876121,1.7937,cusum,,,True,positive,35,0,0.2883,2.8599,
35,44,True,0.605018,0.1093,none,,,False,,35,0,0.2846,2.7631,
35,1,True,0.901243,1.9498,cusum,,,True,positive,35,0,0.2846,2.7289,
35,19,True,0.824459,1.4727,none,,,False,,35,0,0.2814,2.3401,
35,78,True,0.656226,0.4275,cusum,,,True,positive,35,0,0.2864,2.2799,
35,5,True,0.752851,1.0278,none,,,False,,35,0,0.283,2.2744,
35,23,True,0.717753,0.8097,none,,,False,,35,0,0.2786,1.9545,
35,48,True,0.803628,1.3433,cusum,,,True,positive,35,0,0.283,1.9386,
35,61,True,0.626892,0.2452,cusum,,,True,positive,35,0,0.2883,1.9263,
35,74,True,0.690461,0.6402,cusum,,,True,positive,35,0,0.2846,1.858,
35,35,True,0.913102,2.0235,none,,,False,,35,0,0.2786,1.8424,
35,36,True,0.668329,0.5027,none,,,False,,35,0,0.0814,0.9505,
35,20,True,0.594284,0.0426,none,,,False,,35,0,0.083,0.5647,
35,92,True,0.628797,0.257,none,,,False,,35,0,0.0903,0.5472,
35,68,True,0.877665,1.8033,none,,,False,,35,0,0.083,0.5106,
35,11,True,0.586868,-0.0035,none,,,False,,35,0,0.0903,0.5053,
35,87,True,0.68078,0.58,none,,,False,,35,0,0.0786,0.4753,
35,10,True,0.657959,0.4382,none,,,False,,35,0,0.083,0.4046,
35,91,True,0.532915,-0.3387,none,,,False,,35,0,0.0883,0.3258,
35,57,True,0.472115,-0.7165,none,,,False,,35,0,0.0883,0.2529,
35,34,True,0.675426,0.5468,none,,,False,,35,0,0.0846,0.1215,
35,59,True,0.576233,-0.0696,none,,,False,,35,0,0.0846,0.1152,
35,12,True,0.541545,-0.2851,none,,,False,,35,0,0.0814,0.1143,
35,62,True,0.442677,-0.8994,none,,,False,,35,0,0.083,0.1142,
35,22,True,0.582543,-0.0304,none,,,False,,35,0,0.0846,0.048,
35,65,True,0.529762,-0.3583,none,,,False,,35,0,0.0774,0.0411,
35,60,True,0.686132,0.6133,none,,,False,,35,0,0.0846,0.0163,
35,21,True,0.514199,-0.455,none,,,False,,35,0,0.0954,-0.0369,
35,2,True,0.548364,-0.2427,none,,,False,,35,0,0.0903,-0.0891,
35,85,True,0.45826,-0.8026,none,,,False,,35,0,0.08,-0.1438,
35,0,True,0.299216,-1.7907,none,,,False,,35,0,0.0846,-0.3195,
35,58,True,0.587988,0.0035,none,,,False,,35,0,0.0903,-0.3855,
35,51,True,0.622786,0.2197,none,,,False,,35,0,0.0954,-0.459,
35,24,True,0.553785,-0.209,none,,,False,,35,0,0.1782,-0.4593,
35,80,True,0.499768,-0.5447,none,,,False,,35,0,0.1054,-0.4657,
35,47,True,0.486728,-0.6257,none,,,False,,35,0,0.3035,-0.4782,
35,29,True,0.645054,0.358,none,,,False,,35,0,0.1218,-0.482,
35,6,True,-0.207029,-3.0,none,,,False,,35,0,0.3204,-2.221,
35,53,True,0.346997,-1.4939,none,,,False,,35,0,0.3204,-1.3414,
35,70,True,0.212943,-2.3268,none,,,False,,35,0,0.3204,-2.8212,
35,96,True,0.42016,-1.0393,none,,,False,,35,0,0.3118,-2.3807,
35,39,True,0.252936,-2.0783,none,,,False,,35,0,0.3035,-2.1554,
35,33,True,0.255193,-2.0643,cusum,,,True,negative,35,0,0.2954,-1.583,
35,38,True,0.358392,-1.4231,none,,,False,,35,0,0.2954,-1.685,
35,66,True,0.441025,-0.9096,none,,,False,,35,0,0.2883,-1.6309,
35,55,True,0.377215,-1.3061,none,,,False,,35,0,0.2104,-0.9363,
35,14,True,0.381467,-1.2797,none,,,False,,35,0,0.2085,-1.2403,
36,95,True,1.463201,3.0,none,,,False,,36,0,0.288,4.1118,
36,13,True,0.951919,2.0525,cusum,,,True,positive,36,0,0.2861,2.9854,
36,1,True,0.741952,0.9149,none,,,False,,36,0,0.2827,2.8415,
36,27,True,0.697344,0.6732,none,,,False,,36,0,0.2861,2.7871,
36,31,True,0.841027,1.4517,none,,,False,,36,0,0.2861,2.7813,
36,19,True,0.770158,1.0677,cusum,,,True,positive,36,0,0.2797,2.3959,
36,35,True,0.723915,0.8171,cusum,,,True,positive,36,0,0.2771,2.3016,
36,78,True,0.962472,2.1097,none,,,False,,36,0,0.2843,2.198,
36,44,True,1.006972,2.3508,none,,,False,,36,0,0.2827,2.1261,
36,48,True,0.717823,0.7841,none,,,False,,36,0,0.2812,2.1191,
36,5,True,0.492613,-0.4361,none,,,False,,36,0,0.2812,1.9034,
36,74,True,0.74464,0.9294,none,,,False,,36,0,0.2827,1.8823,
36,61,True,0.628842,0.302,none,,,False,,36,0,0.2861,1.8018,
36,23,True,0.851581,1.5088,none,,,False,,36,0,0.2771,1.6926,
36,68,True,0.515204,-0.3137,none,,,False,,36,0,0.0812,0.8947,
36,36,True,0.697831,0.6758,none,,,False,,36,0,0.0797,0.7944,
36,20,True,0.671914,0.5354,none,,,False,,36,0,0.0812,0.4468,
36,87,True,0.640013,0.3625,none,,,False,,36,0,0.0771,0.439,
36,92,True,0.623824,0.2748,none,,,False,,36,0,0.088,0.4018,
36,34,True,0.746442,0.9392,none,,,False,,36,0,0.0827,0.3773,
36,10,True,0.676183,0.5585,none,,,False,,36,0,0.0812,0.2855,
36,60,True,0.787677,1.1626,none,,,False,,36,0,0.0827,0.2724,
36,12,True,0.60321,0.1631,none,,,False,,36,0,0.0797,0.2263,
36,11,True,0.485799,-0.473,none,,,False,,36,0,0.088,0.1842,
36,22,True,0.555604,-0.0948,none,,,False,,36,0,0.0827,0.1159,
36,57,True,0.549145,-0.1298,none,,,False,,36,0,0.0861,0.0586,
36,91,True,0.577447,0.0236,none,,,False,,36,0,0.0861,0.0513,
36,59,True,0.598546,0.1379,none,,,False,,36,0,0.0827,0.0452,
36,51,True,0.562017,-0.06,none,,,False,,36,0,0.09,-0.0216,
36,65,True,0.568752,-0.0236,none,,,False,,36,0,0.0759,-0.0705,
36,21,True,0.618854,0.2479,none,,,False,,36,0,0.09,-0.1163,
36,58,True,0.47598,-0.5262,none,,,False,,36,0,0.088,-0.139,
36,29,True,0.225007,-1.886,none,,,False,,36,0,0.1057,-0.1653,
36,2,True,0.463445,-0.5941,none,,,False,,36,0,0.088,-0.1825,
36,62,True,0.374642,-1.0753,none,,,False,,36,0,0.0812,-0.3243,
36,85,True,0.584067,0.0594,none,,,False,,36,0,0.0784,-0.3269,
36,24,True,0.465612,-0.5824,none,,,False,,36,0,0.1401,-0.3684,
36,80,True,0.455438,-0.6375,none,,,False,,36,0,0.09,-0.44,
36,54,True,0.458455,-0.6212,none,,,False,,36,0,0.1154,-0.4935,
36,98,True,0.531623,-0.2247,none,,,False,,36,0,0.2082,-0.5031,
36,14,True,0.362984,-1.1384,cusum,,,True,negative,36,0,0.331,-1.8146,
36,6,True,0.277174,-1.6034,cusum,,,True,negative,36,0,0.3139,-2.5558,
36,53,True,0.414558,-0.859,none,,,False,,36,0,0.3139,-1.3742,
36,70,True,0.167989,-2.1949,cusum,,,True,negative,36,0,0.3139,-2.6704,
36,96,True,0.379071,-1.0513,cusum,,,True,negative,36,0,0.3057,-1.9041,
36,39,True,0.197721,-2.0338,cusum,,,True,negative,36,0,0.2978,-2.3518,
36,47,True,0.499299,-0.3999,cusum,,,True,negative,36,0,0.2978,-1.0736,
36,33,True,0.341159,-1.2567,none,,,False,,36,0,0.29,-1.902,
36,38,True,0.330704,-1.3133,cusum,,,True,negative,36,0,0.29,-1.8247,
36,66,True,0.373127,-1.0835,cusum,,,True,negative,36,0,0.2861,-1.569,
37,95,True,1.422584,3.0,cusum,,,True,positive,37,0,0.2858,4.1091,
37,13,True,0.959749,1.8235,none,,,False,,37,0,0.2841,3.1553,
37,1,True,0.711467,0.6489,none,,,False,,37,0,0.2809,2.5685,
37,78,True,0.854345,1.3249,none,,,False,,37,0,0.2824,2.5211,
37,19,True,0.762376,0.8898,none,,,False,,37,0,0.2781,2.5027,
37,44,True,0.840805,1.2608,cusum,,,True,positive,37,0,0.2809,2.4467,
37,31,True,0.955871,1.8052,none,,,False,,37,0,0.2841,2.4423,
37,27,True,0.800075,1.0681,none,,,False,,37,0,0.2841,2.3638,
37,35,True,0.722426,0.7008,none,,,False,,37,0,0.2756,2.1313,
37,48,True,0.638219,0.3024,none,,,False,,37,0,0.2795,2.117,
37,74,True,0.7401,0.7844,none,,,False,,37,0,0.2809,2.0678,
37,23,True,0.83662,1.241,none,,,False,,37,0,0.2756,1.8752,
37,61,True,0.722265,0.7,none,,,False,,37,0,0.2841,1.8403,
37,5,True,0.960134,1.8253,none,,,False,,37,0,0.2795,1.3466,
37,36,True,0.740214,0.7849,none,,,False,,37,0,0.0781,0.9404,
37,68,True,0.544612,-0.1404,none,,,False,,37,0,0.0795,0.8457,
37,34,True,0.494977,-0.3752,none,,,False,,37,0,0.0809,0.697,
37,20,True,0.626836,0.2486,none,,,False,,37,0,0.0795,0.4683,
37,10,True,0.584592,0.0487,none,,,False,,37,0,0.0795,0.4607,
37,92,True,0.689653,0.5457,none,,,False,,37,0,0.0858,0.444,
37,60,True,0.674026,0.4718,none,,,False,,37,0,0.0809,0.4358,
37,87,True,0.656741,0.39,none,,,False,,37,0,0.0756,0.3442,
37,12,True,0.563664,-0.0503,none,,,False,,37,0,0.0781,0.1929,
37,59,True,0.620669,0.2194,none,,,False,,37,0,0.0809,0.168,
37,22,True,0.639732,0.3096,none,,,False,,37,0,0.0809,0.1228,
37,51,True,0.596637,0.1057,none,,,False,,37,0,0.0877,0.0819,
37,21,True,0.563993,-0.0487,none,,,False,,37,0,0.0877,0.0044,
37,91,True,0.632351,0.2747,none,,,False,,37,0,0.0841,-0.0366,
37,65,True,0.512919,-0.2903,none,,,False,,37,0,0.0745,-0.0423,
37,57,True,0.492915,-0.385,none,,,False,,37,0,0.0841,-0.0432,
37,11,True,0.638247,0.3026,none,,,False,,37,0,0.0858,-0.1124,
37,85,True,0.529681,-0.211,none,,,False,,37,0,0.0768,-0.1977,
37,58,True,0.319431,-1.2057,none,,,False,,37,0,0.0858,-0.3255,
37,24,True,0.469968,-0.4935,none,,,False,,37,0,0.1327,-0.3367,
37,2,True,0.55164,-0.1072,none,,,False,,37,0,0.0858,-0.354,
37,80,True,0.502282,-0.3407,none,,,False,,37,0,0.0877,-0.4297,
37,54,True,0.380748,-0.9156,none,,,False,,37,0,0.1001,-0.4464,
37,29,True,0.451072,-0.5829,none,,,False,,37,0,0.1001,-0.4864,
37,93,True,0.370416,-0.9645,none,,,False,,37,0,0.1835,-0.5076,
37,67,True,0.473931,-0.4748,none,,,False,,37,0,0.1379,-0.5273,
37,14,True,0.343495,-1.0919,none,,,False,,37,0,0.3242,-1.8646,
37,6,True,0.268962,-1.4445,none,,,False,,37,0,0.3079,-2.4736,
37,53,True,0.319296,-1.2063,cusum,,,True,negative,37,0,0.3079,-1.3916,
37,70,True,0.199004,-1.7754,none,,,False,,37,0,0.3079,-2.6382,
37,96,True,0.388331,-0.8798,none,,,False,,37,0,0.3001,-1.9846,
37,39,True,0.268527,-1.4465,none,,,False,,37,0,0.2925,-2.4702,
37,47,True,0.513493,-0.2876,none,,,False,,37,0,0.2925,-0.7851,
37,33,True,0.3561,-1.0322,cusum,,,True,negative,37,0,0.2877,-1.9724,
37,38,True,0.352982,-1.047,none,,,False,,37,0,0.2877,-1.7877,
37,66,True,0.311354,-1.2439,none,,,False,,37,0,0.2841,-1.4959,
38,95,True,1.20482,3.0,none,,,False,,38,0,0.2838,4.1066,
38,13,True,0.905543,1.8158,cusum,,,True,positive,38,0,0.2822,2.9422,
38,31,True,1.033033,2.5659,cusum,,,True,positive,38,0,0.2822,2.4261,
38,78,True,0.87131,1.6143,cusum,,,True,positive,38,0,0.2807,2.3894,
38,44,True,0.874981,1.6359,none,,,False,,38,0,0.2792,2.3403,
38,27,True,0.777069,1.0598,cusum,,,True,positive,38,0,0.2822,2.2826,
38,23,True,0.736843,0.8232,cusum,,,True,positive,38,0,0.2742,2.2794,
38,35,True,0.703063,0.6244,none,,,False,,38,0,0.2742,2.2733,
38,1,True,0.66746,0.4149,cusum,,,True,positive,38,0,0.2792,2.2712,
38,19,True,0.774292,1.0435,none,,,False,,38,0,0.2766,2.2396,
38,48,True,0.707546,0.6508,none,,,False,,38,0,0.2779,1.908,
38,74,True,0.709647,0.6631,none,,,False,,38,0,0.2792,1.8847,
38,36,True,0.693603,0.5687,cusum,,,True,positive,38,0,0.2766,1.7507,
38,61,True,0.727276,0.7669,none,,,False,,38,0,0.2822,1.52,
38,5,True,0.93365,1.9811,none,,,False,,38,0,0.2779,0.9038,
38,60,True,0.633144,0.213,none,,,False,,38,0,0.0792,0.8492,
38,68,True,0.55233,-0.2625,none,,,False,,38,0,0.0779,0.5478,
38,87,True,0.681539,0.4978,none,,,False,,38,0,0.0742,0.5371,
38,34,True,0.60296,0.0354,none,,,False,,38,0,0.0792,0.4702,
38,92,True,0.619975,0.1355,none,,,False,,38,0,0.0838,0.4658,
38,10,True,0.600427,0.0205,none,,,False,,38,0,0.0779,0.4465,
38,20,True,0.691647,0.5572,none,,,False,,38,0,0.0779,0.3736,
38,51,True,0.621356,0.1437,none,,,False,,38,0,0.0856,0.1976,
38,59,True,0.57449,-0.1321,none,,,False,,38,0,0.0792,0.1959,
38,22,True,0.580814,-0.0949,none,,,False,,38,0,0.0792,0.1615,
38,91,True,0.580819,-0.0949,none,,,False,,38,0,0.0822,0.0908,
38,11,True,0.576608,-0.1196,none,,,False,,38,0,0.0838,0.0486,
38,12,True,0.611903,0.088,none,,,False,,38,0,0.0766,0.0388,
38,21,True,0.551733,-0.266,none,,,False,,38,0,0.0856,0.0238,
38,65,True,0.543811,-0.3126,none,,,False,,38,0,0.0731,-0.1328,
38,2,True,0.547735,-0.2895,none,,,False,,38,0,0.0838,-0.2081,
38,85,True,0.525431,-0.4208,none,,,False,,38,0,0.0754,-0.2236,
38,24,True,0.413874,-1.0771,none,,,False,,38,0,0.1259,-0.2992,
38,57,True,0.604978,0.0473,none,,,False,,38,0,0.0822,-0.3062,
38,80,True,0.480379,-0.6858,none,,,False,,38,0,0.0856,-0.3985,
38,58,True,0.474823,-0.7185,none,,,False,,38,0,0.0838,-0.4695,
38,49,True,0.373556,-1.3144,none,,,False,,38,0,0.208,-0.5312,
38,64,True,0.593456,-0.0205,none,,,False,,38,0,0.173,-0.5322,
38,28,True,0.408899,-1.1064,none,,,False,,38,0,0.1559,-0.5358,
38,77,True,0.615714,0.1105,none,,,False,,38,0,0.1559,-0.5366,
38,14,True,0.331481,-1.5619,none,,,False,,38,0,0.3178,-1.545,
38,6,True,0.344186,-1.4872,none,,,False,,38,0,0.3022,-2.3981,
38,53,True,0.37759,-1.2906,none,,,False,,38,0,0.3022,-1.5685,
38,70,True,0.165124,-2.5407,cusum,,,True,negative,38,0,0.3022,-2.4812,
38,96,True,0.131332,-2.7396,none,,,False,,38,0,0.2948,-1.3754,
38,39,True,0.242755,-2.084,cusum,,,True,negative,38,0,0.2875,-2.2411,
38,47,True,0.430688,-0.9782,none,,,False,,38,0,0.2875,-0.8259,
38,33,True,0.263726,-1.9606,none,,,False,,38,0,0.2856,-1.8419,
38,38,True,0.385845,-1.2421,none,,,False,,38,0,0.2856,-1.652,
38,66,True,0.170611,-2.5085,none,,,False,,38,0,0.2822,-1.4747,
39,95,True,1.321649,3.0,cusum,,,True,positive,39,0,0.282,4.1043,
39,31,True,0.917725,1.819,none,,,False,,39,0,0.2804,3.043,
39,13,True,0.849324,1.4286,none,,,False,,39,0,0.2804,2.9993,
39,44,True,0.806653,1.185,none,,,False,,39,0,0.2776,2.8472,
39,78,True,0.803407,1.1665,none,,,False,,39,0,0.279,2.783,
39,23,True,0.611661,0.072,none,,,False,,39,0,0.2729,2.2823,
39,5,True,0.93766,1.9328,cusum,,,True,positive,39,0,0.2763,2.2197,
39,19,True,0.723748,0.7118,none,,,False,,39,0,0.2751,2.0948,
39,27,True,0.773661,0.9967,none,,,False,,39,0,0.2804,2.0358,
39,74,True,0.71783,0.678,none,,,False,,39,0,0.2776,1.8904,
39,35,True,0.641184,0.2405,none,,,False,,39,0,0.2729,1.8054,
39,36,True,0.684414,0.4873,none,,,False,,39,0,0.2751,1.771,
39,1,True,0.862703,1.505,none,,,False,,39,0,0.2776,1.7576,
39,61,True,0.764727,0.9457,none,,,False,,39,0,0.2804,1.6917,
39,48,True,0.80166,1.1565,none,,,False,,39,0,0.2763,1.6753,
39,60,True,0.681993,0.4735,none,,,False,,39,0,0.0776,0.7139,
39,20,True,0.633084,0.1943,none,,,False,,39,0,0.0763,0.5433,
39,87,True,0.716587,0.6709,none,,,False,,39,0,0.0729,0.5081,
39,92,True,0.687159,0.503,none,,,False,,39,0,0.082,0.423,
39,10,True,0.700395,0.5785,none,,,False,,39,0,0.0763,0.3055,
39,34,True,0.646449,0.2706,none,,,False,,39,0,0.0776,0.2978,
39,59,True,0.601625,0.0147,none,,,False,,39,0,0.0776,0.1731,
39,91,True,0.588801,-0.0585,none,,,False,,39,0,0.0804,0.1698,
39,51,True,0.596462,-0.0147,none,,,False,,39,0,0.0836,0.1697,
39,12,True,0.569816,-0.1668,none,,,False,,39,0,0.0751,0.1615,
39,22,True,0.467957,-0.7482,none,,,False,,39,0,0.0776,0.138,
39,21,True,0.516966,-0.4685,none,,,False,,39,0,0.0836,0.0843,
39,11,True,0.62253,0.1341,none,,,False,,39,0,0.082,0.0076,
39,57,True,0.620507,0.1225,none,,,False,,39,0,0.0804,-0.0538,
39,85,True,0.528429,-0.4031,none,,,False,,39,0,0.074,-0.0979,
39,65,True,0.497817,-0.5778,none,,,False,,39,0,0.0718,-0.119,
39,68,True,0.645034,0.2625,none,,,False,,39,0,0.0763,-0.1426,
39,2,True,0.434645,-0.9384,none,,,False,,39,0,0.082,-0.226,
39,64,True,0.544602,-0.3108,none,,,False,,39,0,0.1118,-0.3639,
39,80,True,0.484636,-0.653,none,,,False,,39,0,0.0836,-0.4481,
39,97,True,0.492234,-0.6097,none,,,False,,39,0,0.1554,-0.5405,
39,89,True,0.495512,-0.591,none,,,False,,39,0,0.2065,-0.5472,
39,18,True,0.438659,-0.9155,none,,,False,,39,0,0.2285,-0.5531,
39,3,True,0.545239,-0.3071,none,,,False,,39,0,0.2163,-0.5537,
39,49,True,0.355485,-1.3902,cusum,,,True,negative,39,0,0.3275,-1.4262,
39,14,True,0.397268,-1.1517,cusum,,,True,negative,39,0,0.3118,-1.6428,
39,6,True,0.348875,-1.428,cusum,,,True,negative,39,0,0.297,-1.897,
39,53,True,0.36448,-1.3389,none,,,False,,39,0,0.297,-1.5039,
39,70,True,0.188264,-2.3447,none,,,False,,39,0,0.297,-2.5557,
39,96,True,0.124289,-2.7099,cusum,,,True,negative,39,0,0.2898,-1.9451,
39,39,True,0.164672,-2.4794,none,,,False,,39,0,0.2854,-2.2457,
39,47,True,0.442201,-0.8953,none,,,False,,39,0,0.2854,-0.9461,
39,33,True,0.298317,-1.7166,none,,,False,,39,0,0.2836,-1.8099,
39,38,True,0.367804,-1.3199,cusum,,,True,negative,39,0,0.2836,-1.5942,
39,58,True,0.52141,-0.4431,cusum,,,True,negative,39,0,0.282,-1.2126,
40,95,True,1.002468,2.6106,none,,,False,,40,0,0.2802,4.1021,
40,31,True,0.966248,2.3761,cusum,,,True,positive,40,0,0.2787,3.1634,
40,5,True,0.646887,0.3084,none,,,False,,40,0,0.2749,3.0076,
40,13,True,0.796996,1.2803,cusum,,,True,positive,40,0,0.2787,2.7893,
40,78,True,0.561553,-0.2441,none,,,False,,40,0,0.2774,2.4666,
40,44,True,0.791455,1.2444,cusum,,,True,positive,40,0,0.2761,2.4568,
40,27,True,0.895255,1.9164,none,,,False,,40,0,0.2787,2.1416,
40,19,True,0.749342,0.9717,cusum,,,True,positive,40,0,0.2737,1.9746,
40,1,True,0.872449,1.7688,none,,,False,,40,0,0.2761,1.9525,
40,23,True,0.683389,0.5447,none,,,False,,40,0,0.2716,1.8019,
40,48,True,0.736909,0.8912,cusum,,,True,positive,40,0,0.2749,1.7977,
40,36,True,0.733615,0.8699,none,,,False,,40,0,0.2737,1.7065,
40,35,True,0.843941,1.5842,none,,,False,,40,0,0.2716,1.6117,
40,61,True,0.691355,0.5963,none,,,False,,40,0,0.2787,0.9042,
40,74,True,0.659808,0.3921,none,,,False,,40,0,0.2761,0.8048,
40,87,True,0.616537,0.1119,none,,,False,,40,0,0.0716,0.6094,
40,92,True,0.645523,0.2996,none,,,False,,40,0,0.0802,0.4968,
40,60,True,0.667648,0.4428,none,,,False,,40,0,0.0761,0.4823,
40,20,True,0.632629,0.2161,none,,,False,,40,0,0.0749,0.4279,
40,10,True,0.674933,0.49,none,,,False,,40,0,0.0749,0.3104,
40,11,True,0.518291,-0.5242,none,,,False,,40,0,0.0802,0.2077,
40,51,True,0.643291,0.2851,none,,,False,,40,0,0.0817,0.1825,
40,91,True,0.641363,0.2726,none,,,False,,40,0,0.0787,0.1404,
40,59,True,0.483,-0.7527,none,,,False,,40,0,0.0761,0.1302,
40,34,True,0.650057,0.3289,none,,,False,,40,0,0.0761,0.0732,
40,12,True,0.533744,-0.4241,none,,,False,,40,0,0.0737,0.0498,
40,68,True,0.672096,0.4716,none,,,False,,40,0,0.0749,0.0477,
40,57,True,0.59911,-0.0009,none,,,False,,40,0,0.0787,0.0283,
40,22,True,0.625764,0.1716,none,,,False,,40,0,0.0761,-0.0816,
40,64,True,0.566032,-0.2151,none,,,False,,40,0,0.1062,-0.0974,
40,21,True,0.565855,-0.2162,none,,,False,,40,0,0.0817,-0.1568,
40,85,True,0.465122,-0.8684,none,,,False,,40,0,0.0727,-0.2537,
40,65,True,0.55263,-0.3019,none,,,False,,40,0,0.0706,-0.3052,
40,2,True,0.543599,-0.3603,none,,,False,,40,0,0.0802,-0.343,
40,3,True,0.564983,-0.2219,none,,,False,,40,0,0.1373,-0.3535,
40,89,True,0.430689,-1.0914,none,,,False,,40,0,0.0851,-0.4462,
40,80,True,0.447444,-0.9829,none,,,False,,40,0,0.0817,-0.4556,
40,71,True,0.599398,0.0009,none,,,False,,40,0,0.1551,-0.562,
40,43,True,0.34628,-1.6379,none,,,False,,40,0,0.2437,-0.5635,
40,49,True,0.357489,-1.5653,none,,,False,,40,0,0.3213,-1.9183,
40,14,True,0.415622,-1.1889,none,,,False,,40,0,0.3062,-1.6507,
40,6,True,0.358931,-1.556,none,,,False,,40,0,0.292,-1.8414,
40,53,True,0.285266,-2.0329,cusum,,,True,negative,40,0,0.292,-1.6668,
40,70,True,0.215549,-2.4843,cusum,,,True,negative,40,0,0.292,-2.6085,
40,66,True,0.414074,-1.1989,none,,,False,,40,0,0.2889,-2.0099,
40,96,True,0.388121,-1.367,none,,,False,,40,0,0.2851,-2.5006,
40,39,True,0.285329,-2.0325,cusum,,,True,negative,40,0,0.2834,-2.3967,
40,47,True,0.529546,-0.4513,none,,,False,,40,0,0.2834,-1.1138,
40,33,True,0.359678,-1.5511,cusum,,,True,negative,40,0,0.2817,-1.9655,
40,38,True,0.375969,-1.4456,none,,,False,,40,0,0.2817,-1.5987,
41,95,True,1.175535,2.5316,cusum,,,True,positive,41,0,0.2785,3.9702,
41,31,True,0.858717,1.1567,none,,,False,,41,0,0.2772,3.3517,
41,13,True,0.760397,0.73,none,,,False,,41,0,0.2772,2.6063,
41,5,True,0.852496,1.1297,none,,,False,,41,0,0.2735,2.5003,
41,44,True,0.940301,1.5108,none,,,False,,41,0,0.2747,2.4496,
41,27,True,0.830067,1.0324,cusum,,,True,positive,41,0,0.2772,2.4224,
41,1,True,0.838874,1.0706,cusum,,,True,positive,41,0,0.2747,2.3241,
41,19,True,0.750013,0.685,none,,,False,,41,0,0.2724,2.0003,
41,48,True,0.705567,0.4921,none,,,False,,41,0,0.2735,1.9924,
41,78,True,0.745176,0.664,none,,,False,,41,0,0.2759,1.9418,
41,36,True,0.737575,0.631,none,,,False,,41,0,0.2724,1.7333,
41,23,True,0.778747,0.8097,none,,,False,,41,0,0.2704,1.5684,
41,35,True,0.643939,0.2247,none,,,False,,41,0,0.2704,0.9048,
41,61,True,0.616044,0.1036,none,,,False,,41,0,0.2772,0.8677,
41,74,True,0.656389,0.2787,none,,,False,,41,0,0.2747,0.6722,
41,87,True,0.660272,0.2955,none,,,False,,41,0,0.0704,0.5153,
41,60,True,0.698444,0.4612,none,,,False,,41,0,0.0747,0.4709,
41,10,True,0.587801,-0.0189,none,,,False,,41,0,0.0735,0.4558,
41,20,True,0.44641,-0.6325,none,,,False,,41,0,0.0735,0.4154,
41,92,True,0.624544,0.1405,none,,,False,,41,0,0.0785,0.4127,
41,34,True,0.633372,0.1788,none,,,False,,41,0,0.0747,0.3061,
41,68,True,0.757423,0.7171,none,,,False,,41,0,0.0735,0.2501,
41,51,True,0.662202,0.3039,none,,,False,,41,0,0.08,0.2401,
41,57,True,0.445099,-0.6382,none,,,False,,41,0,0.0772,0.1543,
41,91,True,0.594497,0.0101,none,,,False,,41,0,0.0772,0.1378,
41,64,True,0.548161,-0.191,none,,,False,,41,0,0.101,-0.0674,
41,11,True,0.620443,0.1227,none,,,False,,41,0,0.0785,-0.0699,
41,12,True,0.589838,-0.0101,none,,,False,,41,0,0.0724,-0.0764,
41,22,True,0.683315,0.3955,none,,,False,,41,0,0.0747,-0.1293,
41,59,True,0.601526,0.0406,none,,,False,,41,0,0.0747,-0.1955,
41,3,True,0.386623,-0.892,none,,,False,,41,0,0.1306,-0.2134,
41,21,True,0.581583,-0.0459,none,,,False,,41,0,0.08,-0.2149,
41,65,True,0.509242,-0.3599,none,,,False,,41,0,0.0695,-0.3104,
41,2,True,0.071514,-2.2594,none,,,False,,41,0,0.0785,-0.4294,
41,85,True,0.410182,-0.7897,none,,,False,,41,0,0.0714,-0.4743,
41,83,True,0.381416,-0.9146,none,,,False,,41,0,0.207,-0.5787,
41,67,True,0.526285,-0.2859,none,,,False,,41,0,0.1266,-0.5831,
41,71,True,0.49002,-0.4433,none,,,False,,41,0,0.0832,-0.5833,
41,29,True,0.566831,-0.1099,none,,,False,,41,0,0.1266,-0.5889,
41,49,True,0.222049,-1.6062,none,,,False,,41,0,0.3154,-1.802,
41,14,True,0.370353,-0.9626,none,,,False,,41,0,0.301,-1.6862,
41,58,True,0.429454,-0.7061,none,,,False,,41,0,0.2885,-1.1871,
41,6,True,0.116079,-2.066,none,,,False,,41,0,0.2874,-1.8813,
41,53,True,0.196623,-1.7165,none,,,False,,41,0,0.2874,-1.945,
41,70,True,0.210528,-1.6562,none,,,False,,41,0,0.2874,-2.8475,
41,96,True,0.361105,-1.0027,cusum,,,True,negative,41,0,0.2832,-2.6656,
41,39,True,0.262809,-1.4293,none,,,False,,41,0,0.2815,-2.5944,
41,47,True,0.341187,-1.0892,none,,,False,,41,0,0.2815,-0.6707,
41,33,True,0.331021,-1.1333,none,,,False,,41,0,0.28,-2.1407,
41,38,True,0.379754,-0.9218,none,,,False,,41,0,0.28,-1.7338,
42,95,True,1.352891,3.0,none,,,False,,42,0,0.277,3.8121,
42,31,True,0.957502,2.3749,cusum,,,True,positive,42,0,0.2757,2.8802,
42,1,True,0.833771,1.6044,none,,,False,,42,0,0.2733,2.541,
42,27,True,0.818442,1.5089,none,,,False,,42,0,0.2757,2.4114,
42,44,True,0.936815,2.2461,none,,,False,,42,0,0.2733,2.4062,
42,13,True,0.94989,2.3275,none,,,False,,42,0,0.2757,2.2425,
42,5,True,0.837214,1.6258,none,,,False,,42,0,0.2722,2.2149,
42,48,True,0.639063,0.3919,none,,,False,,42,0,0.2722,1.9379,
42,19,True,0.632195,0.3491,none,,,False,,42,0,0.2712,1.8793,
42,36,True,0.5489,-0.1696,none,,,False,,42,0,0.2712,1.7525,
42,78,True,0.676574,0.6255,none,,,False,,42,0,0.2745,1.6233,
42,23,True,0.728802,0.9507,none,,,False,,42,0,0.2693,1.5625,
42,35,True,0.62045,0.276,none,,,False,,42,0,0.2693,0.7702,
42,61,True,0.574923,-0.0076,none,,,False,,42,0,0.2757,0.6448,
42,68,True,0.704177,0.7974,none,,,False,,42,0,0.0722,0.575,
42,60,True,0.635115,0.3673,none,,,False,,42,0,0.0733,0.552,
42,74,True,0.797691,1.3797,none,,,False,,42,0,0.2733,0.5424,
42,87,True,0.638181,0.3864,none,,,False,,42,0,0.0693,0.4465,
42,10,True,0.596042,0.124,none,,,False,,42,0,0.0722,0.4411,
42,92,True,0.582946,0.0424,none,,,False,,42,0,0.077,0.4124,
42,34,True,0.636462,0.3757,none,,,False,,42,0,0.0733,0.3523,
42,51,True,0.603542,0.1707,none,,,False,,42,0,0.0783,0.2914,
42,91,True,0.581633,0.0342,none,,,False,,42,0,0.0757,0.171,
42,22,True,0.520241,-0.3481,none,,,False,,42,0,0.0733,0.0325,
42,20,True,0.768944,1.2007,none,,,False,,42,0,0.0722,0.0172,
42,11,True,0.584636,0.0529,none,,,False,,42,0,0.077,0.0089,
42,57,True,0.577349,0.0076,none,,,False,,42,0,0.0757,-0.076,
42,12,True,0.509174,-0.417,none,,,False,,42,0,0.0712,-0.1106,
42,64,True,0.565999,-0.0631,none,,,False,,42,0,0.0961,-0.1271,
42,59,True,0.539132,-0.2304,none,,,False,,42,0,0.0733,-0.1396,
42,21,True,0.579945,0.0237,none,,,False,,42,0,0.0783,-0.1436,
42,67,True,0.483344,-0.5779,none,,,False,,42,0,0.0961,-0.2104,
42,71,True,0.352156,-1.3948,none,,,False,,42,0,0.0813,-0.2708,
42,65,True,0.451317,-0.7773,none,,,False,,42,0,0.0684,-0.3274,
42,3,True,0.459953,-0.7235,none,,,False,,42,0,0.1244,-0.3487,
42,72,True,0.508982,-0.4182,none,,,False,,42,0,0.1911,-0.5901,
42,28,True,0.455427,-0.7517,none,,,False,,42,0,0.1349,-0.592,
42,24,True,0.411878,-1.0229,none,,,False,,42,0,0.1494,-0.5927,
42,85,True,0.483839,-0.5748,none,,,False,,42,0,0.0702,-0.5987,
42,49,True,0.374986,-1.2526,cusum,,,True,negative,42,0,0.3099,-1.9027,
42,14,True,0.322613,-1.5788,none,,,False,,42,0,0.2961,-1.4893,
42,80,True,0.482457,-0.5834,none,,,False,,42,0,0.2881,-1.1719,
42,66,True,0.443519,-0.8259,none,,,False,,42,0,0.2867,-2.0504,
42,6,True,0.301611,-1.7096,cusum,,,True,negative,42,0,0.283,-2.0767,
42,53,True,0.351095,-1.4014,cusum,,,True,negative,42,0,0.283,-2.0895,
42,70,True,0.178352,-2.4771,cusum,,,True,negative,42,0,0.283,-2.5551,
42,96,True,0.366961,-1.3026,none,,,False,,42,0,0.2813,-2.0889,
42,39,True,0.31696,-1.614,cusum,,,True,negative,42,0,0.2798,-2.3783,
42,47,True,0.514199,-0.3857,none,,,False,,42,0,0.2798,-0.7098,
42,33,True,0.264318,-1.9418,none,,,False,,42,0,0.2783,-1.867,
43,95,True,1.446637,3.0,cusum,,,True,positive,43,0,0.2755,3.8103,
43,31,True,0.906286,1.9138,none,,,False,,43,0,0.2743,3.0637,
43,44,True,0.904888,1.906,cusum,,,True,positive,43,0,0.272,2.7584,
43,27,True,1.011347,2.4988,none,,,False,,43,0,0.2743,2.5804,
43,1,True,0.787268,1.2511,none,,,False,,43,0,0.272,2.5725,
43,13,True,0.877264,1.7522,cusum,,,True,positive,43,0,0.2743,2.5404,
43,5,True,0.756374,1.0791,cusum,,,True,positive,43,0,0.271,2.1111,
43,74,True,0.623763,0.3407,cusum,,,True,positive,43,0,0.272,1.7748,
43,19,True,0.648119,0.4763,none,,,False,,43,0,0.27,1.757,
43,48,True,0.813263,1.3959,none,,,False,,43,0,0.271,1.6815,
43,23,True,0.688586,0.7017,none,,,False,,43,0,0.2682,0.8541,
43,35,True,0.784956,1.2383,none,,,False,,43,0,0.2682,0.7807,
43,68,True,0.480939,-0.4545,none,,,False,,43,0,0.071,0.7518,
43,36,True,0.654697,0.513,none,,,False,,43,0,0.27,0.5322,
43,60,True,0.559137,-0.0191,none,,,False,,43,0,0.072,0.5151,
43,78,True,0.758621,1.0916,none,,,False,,43,0,0.2731,0.4413,
43,34,True,0.64073,0.4352,none,,,False,,43,0,0.072,0.3858,
43,51,True,0.648526,0.4786,none,,,False,,43,0,0.0768,0.3513,
43,20,True,0.45531,-0.5972,none,,,False,,43,0,0.071,0.3512,
43,87,True,0.734284,0.9561,none,,,False,,43,0,0.0682,0.3504,
43,61,True,0.670835,0.6028,none,,,False,,43,0,0.2743,0.3253,
43,10,True,0.618501,0.3114,none,,,False,,43,0,0.071,0.2881,
43,92,True,0.627187,0.3598,none,,,False,,43,0,0.0755,0.257,
43,91,True,0.516265,-0.2578,none,,,False,,43,0,0.0743,0.2001,
43,22,True,0.532776,-0.1659,none,,,False,,43,0,0.072,0.1643,
43,21,True,0.498925,-0.3544,none,,,False,,43,0,0.0768,0.0186,
43,11,True,0.704098,0.788,none,,,False,,43,0,0.0755,-0.02,
43,64,True,0.565997,0.0191,none,,,False,,43,0,0.0915,-0.0473,
43,57,True,0.494414,-0.3795,none,,,False,,43,0,0.0743,-0.116,
43,12,True,0.5084,-0.3016,none,,,False,,43,0,0.07,-0.1954,
43,59,True,0.514914,-0.2653,none,,,False,,43,0,0.072,-0.2229,
43,67,True,0.415163,-0.8207,none,,,False,,43,0,0.0915,-0.3371,
43,65,True,0.474479,-0.4905,none,,,False,,43,0,0.0673,-0.3952,
43,3,True,0.535316,-0.1517,none,,,False,,43,0,0.1186,-0.4912,
43,72,True,0.435765,-0.706,none,,,False,,43,0,0.1186,-0.5068,
43,71,True,0.584426,0.1217,none,,,False,,43,0,0.0796,-0.5103,
43,47,True,0.310305,-1.4046,none,,,False,,43,0,0.2781,-0.5421,
43,98,True,0.488793,-0.4108,none,,,False,,43,0,0.1901,-0.5994,
43,25,True,0.594971,0.1804,none,,,False,,43,0,0.2145,-0.6002,
43,24,True,0.44631,-0.6473,cusum,,,True,negative,43,0,0.3186,-1.2433,
43,49,True,0.346683,-1.202,none,,,False,,43,0,0.3047,-1.86,
43,14,True,0.392048,-0.9494,cusum,,,True,negative,43,0,0.2915,-1.6343,
43,38,True,0.392458,-0.9472,none,,,False,,43,0,0.2863,-1.6291,
43,58,True,0.628943,0.3696,none,,,False,,43,0,0.2863,-1.0226,
43,2,True,0.383493,-0.9971,none,,,False,,43,0,0.2849,-1.588,
43,6,True,0.040206,-2.9085,none,,,False,,43,0,0.2811,-2.1729,
43,53,True,0.274203,-1.6056,none,,,False,,43,0,0.2811,-2.1127,
43,70,True,0.212598,-1.9486,none,,,False,,43,0,0.2811,-2.6016,
43,96,True,0.423279,-0.7755,none,,,False,,43,0,0.2796,-1.622,
43,39,True,0.21997,-1.9076,none,,,False,,43,0,0.2781,-2.0919,
44,95,True,1.064672,2.2993,none,,,False,,44,0,0.2741,3.9384,
44,44,True,0.696082,0.5471,none,,,False,,44,0,0.2708,2.9774,
44,31,True,0.95841,1.7942,cusum,,,True,positive,44,0,0.2729,2.908,
44,27,True,0.786037,0.9747,cusum,,,True,positive,44,0,0.2729,2.7729,
44,13,True,0.907702,1.5531,none,,,False,,44,0,0.2729,2.6961,
44,1,True,0.670302,0.4246,cusum,,,True,positive,44,0,0.2708,2.3985,
44,5,True,0.771707,0.9066,none,,,False,,44,0,0.2698,2.3666,
44,78,True,0.809809,1.0877,cusum,,,True,positive,44,0,0.2719,1.885,
44,48,True,0.677529,0.4589,none,,,False,,44,0,0.2698,1.8483,
44,74,True,0.819732,1.1349,none,,,False,,44,0,0.2708,1.7562,
44,35,True,0.726343,0.691,cusum,,,True,positive,44,0,0.2671,1.6641,
44,87,True,0.720705,0.6642,cusum,,,True,positive,44,0,0.2671,1.6305,
44,19,True,0.725052,0.6848,none,,,False,,44,0,0.2689,1.5905,
44,23,True,0.597183,0.077,none,,,False,,44,0,0.2671,0.9052,
44,68,True,0.644878,0.3037,none,,,False,,44,0,0.0698,0.4417,
44,34,True,0.60885,0.1324,none,,,False,,44,0,0.0708,0.4197,
44,11,True,0.594883,0.066,none,,,False,,44,0,0.0741,0.4157,
44,51,True,0.631863,0.2418,none,,,False,,44,0,0.0753,0.414,
44,36,True,0.658803,0.3699,none,,,False,,44,0,0.2689,0.4118,
44,60,True,0.589183,0.0389,none,,,False,,44,0,0.0708,0.3596,
44,61,True,0.756787,0.8357,none,,,False,,44,0,0.2729,0.3258,
44,92,True,0.555402,-0.1217,none,,,False,,44,0,0.0741,0.2754,
44,10,True,0.616548,0.169,none,,,False,,44,0,0.0698,0.2272,
44,20,True,0.688011,0.5087,none,,,False,,44,0,0.0698,0.0787,
44,22,True,0.64385,0.2988,none,,,False,,44,0,0.0708,0.0503,
44,64,True,0.525582,-0.2634,none,,,False,,44,0,0.0871,0.0283,
44,91,True,0.59093,0.0472,none,,,False,,44,0,0.0729,0.0217,
44,21,True,0.572805,-0.0389,none,,,False,,44,0,0.0753,-0.0293,
44,59,True,0.490484,-0.4303,none,,,False,,44,0,0.0708,-0.0619,
44,12,True,0.357568,-1.0621,none,,,False,,44,0,0.0689,-0.1559,
44,58,True,0.504,-0.366,none,,,False,,44,0,0.2766,-0.1618,
44,57,True,0.539062,-0.1993,none,,,False,,44,0,0.0729,-0.2439,
44,98,True,0.403712,-0.8428,none,,,False,,44,0,0.1347,-0.3814,
44,25,True,0.452824,-0.6093,none,,,False,,44,0,0.1424,-0.4031,
44,67,True,0.406287,-0.8305,none,,,False,,44,0,0.0871,-0.4549,
44,65,True,0.508753,-0.3434,none,,,False,,44,0,0.0663,-0.4592,
44,3,True,0.569314,-0.0555,none,,,False,,44,0,0.1132,-0.4712,
44,71,True,0.290861,-1.3792,none,,,False,,44,0,0.078,-0.4721,
44,72,True,0.427158,-0.7313,none,,,False,,44,0,0.1132,-0.5901,
44,24,True,0.426041,-0.7366,none,,,False,,44,0,0.3132,-1.2979,
44,49,True,0.315025,-1.2644,none,,,False,,44,0,0.2999,-1.7418,
44,14,True,0.3315,-1.186,none,,,False,,44,0,0.2871,-1.557,
44,80,True,0.492106,-0.4226,none,,,False,,44,0,0.2859,-1.1398,
44,33,True,0.366245,-1.0209,none,,,False,,44,0,0.2845,-1.944,
44,66,True,0.320827,-1.2368,none,,,False,,44,0,0.2845,-1.413,
44,6,True,0.377794,-0.966,cusum,,,True,negative,44,0,0.2794,-2.626,
44,53,True,0.378663,-0.9618,none,,,False,,44,0,0.2794,-1.9724,
44,70,True,0.169418,-1.9566,cusum,,,True,negative,44,0,0.2794,-2.4252,
44,96,True,0.41933,-0.7685,none,,,False,,44,0,0.278,-1.427,
44,37,True,0.328226,-1.2016,none,,,False,,44,0,0.2778,-0.8959,
45,95,True,1.287115,3.0,cusum,,,True,positive,45,0,0.2728,3.8593,
45,31,True,0.804593,1.4765,none,,,False,,45,0,0.2717,3.1189,
45,13,True,0.970811,2.4823,cusum,,,True,positive,45,0,0.2717,2.9689,
45,27,True,0.830774,1.6349,none,,,False,,45,0,0.2717,2.7521,
45,44,True,0.915731,2.149,none,,,False,,45,0,0.2696,2.6548,
45,5,True,0.87886,1.9259,none,,,False,,45,0,0.2687,2.2909,
45,1,True,0.789072,1.3826,none,,,False,,45,0,0.2696,2.1817,
45,74,True,0.759549,1.2039,none,,,False,,45,0,0.2696,2.0402,
45,78,True,0.858651,1.8036,none,,,False,,45,0,0.2706,2.0247,
45,35,True,0.783832,1.3508,none,,,False,,45,0,0.2661,1.8184,
45,87,True,0.725999,1.0009,none,,,False,,45,0,0.2661,1.7522,
45,48,True,0.824221,1.5953,none,,,False,,45,0,0.2687,0.8359,
45,23,True,0.673562,0.6835,none,,,False,,45,0,0.2661,0.6598,
45,19,True,0.608115,0.2875,none,,,False,,45,0,0.2678,0.5892,
45,61,True,0.672033,0.6743,none,,,False,,45,0,0.0717,0.5683,
45,20,True,0.598918,0.2318,none,,,False,,45,0,0.0687,0.4578,
45,34,True,0.56448,0.0234,none,,,False,,45,0,0.0696,0.4028,
45,11,True,0.629644,0.4178,none,,,False,,45,0,0.0728,0.3952,
45,51,True,0.644383,0.507,none,,,False,,45,0,0.0739,0.3915,
45,36,True,0.549741,-0.0657,none,,,False,,45,0,0.2678,0.3235,
45,68,True,0.612668,0.3151,none,,,False,,45,0,0.0687,0.3026,
45,10,True,0.55471,-0.0357,none,,,False,,45,0,0.0687,0.2885,
45,60,True,0.526947,-0.2037,none,,,False,,45,0,0.0696,0.2174,
45,92,True,0.595167,0.2091,none,,,False,,45,0,0.0728,0.1864,
45,91,True,0.572715,0.0733,none,,,False,,45,0,0.0717,0.0325,
45,22,True,0.54482,-0.0955,none,,,False,,45,0,0.0696,0.0167,
45,64,True,0.556731,-0.0234,none,,,False,,45,0,0.083,0.0018,
45,21,True,0.51103,-0.3,none,,,False,,45,0,0.0739,-0.0287,
45,57,True,0.555287,-0.0322,none,,,False,,45,0,0.0717,-0.0991,
45,58,True,0.567862,0.0439,none,,,False,,45,0,0.2751,-0.138,
45,3,True,0.541258,-0.1171,none,,,False,,45,0,0.1081,-0.1955,
45,59,True,0.515313,-0.2741,none,,,False,,45,0,0.0696,-0.2203,
45,25,True,0.545005,-0.0944,none,,,False,,45,0,0.1359,-0.2272,
45,98,True,0.384904,-1.0633,none,,,False,,45,0,0.1286,-0.3678,
45,65,True,0.510037,-0.306,none,,,False,,45,0,0.0653,-0.4549,
45,72,True,0.45493,-0.6395,none,,,False,,45,0,0.1081,-0.5038,
45,12,True,0.60156,0.2478,none,,,False,,45,0,0.0678,-0.5078,
45,45,True,0.267612,-1.773,none,,,False,,45,0,0.237,-0.6007,
45,37,True,0.26569,-1.7847,cusum,,,True,negative,45,0,0.3435,-1.6652,
45,24,True,0.376807,-1.1122,none,,,False,,45,0,0.3081,-1.1876,
45,49,True,0.415422,-0.8786,cusum,,,True,negative,45,0,0.2953,-1.6306,
45,38,True,0.43497,-0.7603,none,,,False,,45,0,0.2842,-1.5068,
45,39,True,0.295061,-1.6069,none,,,False,,45,0,0.2842,-2.0522,
45,47,True,0.482953,-0.4699,none,,,False,,45,0,0.2842,-1.3618,
45,40,True,0.279554,-1.7008,none,,,False,,45,0,0.2837,-1.0009,
45,14,True,0.360566,-1.2105,none,,,False,,45,0,0.283,-1.6338,
45,67,True,0.449114,-0.6747,cusum,,,True,negative,45,0,0.283,-1.1388,
45,2,True,0.585593,0.1512,none,,,False,,45,0,0.2829,-1.6094,
45,6,True,0.295913,-1.6018,none,,,False,,45,0,0.2778,-2.2613,
45,53,True,0.253853,-1.8563,cusum,,,True,negative,45,0,0.2778,-1.723,
46,95,True,1.048186,2.2886,none,,,False,,46,0,0.2715,3.8577,
46,13,True,0.754653,0.9496,none,,,False,,46,0,0.2705,3.019,
46,31,True,0.884121,1.5402,cusum,,,True,positive,46,0,0.2705,2.818,
46,27,True,0.818725,1.2419,none,,,False,,46,0,0.2705,2.7926,
46,44,True,0.784758,1.0869,cusum,,,True,positive,46,0,0.2685,2.6211,
46,78,True,0.709515,0.7437,none,,,False,,46,0,0.2695,2.416,
46,5,True,0.827622,1.2825,cusum,,,True,positive,46,0,0.2676,2.3896,
46,48,True,0.646508,0.4563,cusum,,,True,positive,46,0,0.2676,2.2358,
46,35,True,0.698537,0.6936,none,,,False,,46,0,0.2651,2.1756,
46,1,True,0.612079,0.2992,none,,,False,,46,0,0.2685,2.1064,
46,74,True,0.754688,0.9498,none,,,False,,46,0,0.2685,1.9802,
46,87,True,0.539211,-0.0332,none,,,False,,46,0,0.2651,1.9559,
46,61,True,0.731647,0.8447,cusum,,,True,positive,46,0,0.2705,1.7941,
46,23,True,0.722815,0.8044,none,,,False,,46,0,0.2651,0.5696,
46,19,True,0.815887,1.2289,none,,,False,,46,0,0.2668,0.5674,
46,11,True,0.558775,0.0561,none,,,False,,46,0,0.0715,0.5152,
46,51,True,0.666356,0.5468,none,,,False,,46,0,0.0726,0.502,
46,36,True,0.690957,0.659,none,,,False,,46,0,0.2668,0.3569,
46,34,True,0.564352,0.0815,none,,,False,,46,0,0.0685,0.2841,
46,92,True,0.606858,0.2754,none,,,False,,46,0,0.0715,0.2404,
46,10,True,0.489647,-0.2593,none,,,False,,46,0,0.0676,0.234,
46,68,True,0.6256,0.3609,none,,,False,,46,0,0.0676,0.1405,
46,20,True,0.597957,0.2348,none,,,False,,46,0,0.0676,0.1335,
46,58,True,0.465767,-0.3682,none,,,False,,46,0,0.2738,0.1103,
46,22,True,0.50643,-0.1827,none,,,False,,46,0,0.0685,0.0995,
46,91,True,0.538326,-0.0372,none,,,False,,46,0,0.0705,0.044,
46,60,True,0.553714,0.033,none,,,False,,46,0,0.0685,0.0258,
46,64,True,0.514043,-0.148,none,,,False,,46,0,0.0791,0.0128,
46,3,True,0.562324,0.0723,none,,,False,,46,0,0.1033,0.0037,
46,25,True,0.530879,-0.0712,none,,,False,,46,0,0.1299,-0.0494,
46,57,True,0.58355,0.1691,none,,,False,,46,0,0.0705,-0.1139,
46,21,True,0.505502,-0.1869,none,,,False,,46,0,0.0726,-0.1382,
46,59,True,0.337,-0.9556,none,,,False,,46,0,0.0685,-0.2362,
46,12,True,0.418607,-0.5833,none,,,False,,46,0,0.0668,-0.2874,
46,65,True,0.464936,-0.372,none,,,False,,46,0,0.0644,-0.2989,
46,80,True,0.539251,-0.033,none,,,False,,46,0,0.2839,-0.5649,
46,86,True,0.554082,0.0347,none,,,False,,46,0,0.2512,-0.6102,
46,40,True,0.411328,-0.6165,cusum,,,True,negative,46,0,0.3446,-2.069,
46,37,True,0.395233,-0.6899,none,,,False,,46,0,0.3371,-2.0646,
46,45,True,0.36694,-0.819,cusum,,,True,negative,46,0,0.3299,-1.3927,
46,24,True,0.320667,-1.0301,none,,,False,,46,0,0.3033,-1.2203,
46,72,True,0.39322,-0.6991,cusum,,,True,negative,46,0,0.3033,-1.0805,
46,49,True,0.365951,-0.8235,none,,,False,,46,0,0.2909,-1.5084,
46,70,True,0.203739,-1.5635,none,,,False,,46,0,0.2852,-2.5274,
46,71,True,-0.008269,-2.5306,none,,,False,,46,0,0.2839,-1.2861,
46,96,True,-0.029559,-2.6277,none,,,False,,46,0,0.2839,-1.3508,
46,33,True,0.276733,-1.2305,none,,,False,,46,0,0.2826,-1.7691,
46,66,True,0.349781,-0.8973,none,,,False,,46,0,0.2826,-0.991,
46,79,True,0.286946,-1.1839,none,,,False,,46,0,0.2819,-0.749,
46,14,True,0.309947,-1.079,none,,,False,,46,0,0.2791,-1.5133,
47,95,True,1.18883,3.0,cusum,,,True,positive,47,0,0.2703,3.6191,
47,13,True,0.863987,1.6183,cusum,,,True,positive,47,0,0.2693,2.7501,
47,31,True,0.837985,1.4759,none,,,False,,47,0,0.2693,2.692,
47,5,True,0.867013,1.6349,none,,,False,,47,0,0.2666,2.4562,
47,27,True,0.803668,1.2881,cusum,,,True,positive,47,0,0.2693,2.3722,
47,44,True,0.84626,1.5212,none,,,False,,47,0,0.2675,2.3468,
47,78,True,0.763433,1.0678,cusum,,,True,positive,47,0,0.2684,2.2987,
47,74,True,0.696689,0.7023,none,,,False,,47,0,0.2675,2.1819,
47,35,True,0.789664,1.2114,none,,,False,,47,0,0.2642,1.9929,
47,48,True,0.761631,1.0579,none,,,False,,47,0,0.2666,1.9213,
47,61,True,0.616591,0.2638,none,,,False,,47,0,0.2693,1.8733,
47,19,True,0.689585,0.6635,cusum,,,True,positive,47,0,0.2658,1.8171,
47,1,True,0.744444,0.9638,none,,,False,,47,0,0.2675,1.7879,
47,87,True,0.579392,0.0602,none,,,False,,47,0,0.2642,1.6251,
47,23,True,0.600071,0.1734,cusum,,,True,positive,47,0,0.2642,1.6027,
47,51,True,0.614567,0.2527,none,,,False,,47,0,0.0713,0.5232,
47,68,True,0.531773,-0.2006,none,,,False,,47,0,0.0666,0.4111,
47,20,True,0.636445,0.3725,none,,,False,,47,0,0.0666,0.4096,
47,36,True,0.607467,0.2139,none,,,False,,47,0,0.2658,0.4044,
47,11,True,0.510911,-0.3148,none,,,False,,47,0,0.0703,0.2698,
47,92,True,0.577733,0.0511,none,,,False,,47,0,0.0703,0.2108,
47,34,True,0.652642,0.4612,none,,,False,,47,0,0.0675,0.1649,
47,91,True,0.623816,0.3034,none,,,False,,47,0,0.0693,0.1162,
47,22,True,0.559043,-0.0513,none,,,False,,47,0,0.0675,0.0926,
47,3,True,0.471309,-0.5316,none,,,False,,47,0,0.0987,0.0757,
47,57,True,0.412741,-0.8523,none,,,False,,47,0,0.0693,0.0676,
47,10,True,0.644687,0.4176,none,,,False,,47,0,0.0666,0.0425,
47,60,True,0.39883,-0.9284,none,,,False,,47,0,0.0675,0.0418,
47,64,True,0.557932,-0.0573,none,,,False,,47,0,0.0774,-0.0449,
47,21,True,0.594398,0.1423,none,,,False,,47,0,0.0713,-0.084,
47,86,True,0.546694,-0.1189,none,,,False,,47,0,0.1382,-0.1085,
47,25,True,0.35097,-1.1905,none,,,False,,47,0,0.1242,-0.137,
47,58,True,0.585573,0.094,none,,,False,,47,0,0.2724,-0.1373,
47,80,True,0.449724,-0.6498,none,,,False,,47,0,0.2748,-0.2501,
47,65,True,0.559078,-0.0511,none,,,False,,47,0,0.0635,-0.2604,
47,12,True,0.603704,0.1933,none,,,False,,47,0,0.0658,-0.3825,
47,59,True,0.446595,-0.6669,none,,,False,,47,0,0.0675,-0.4676,
47,40,True,0.416696,-0.8306,none,,,False,,47,0,0.3382,-1.9191,
47,37,True,0.257293,-1.7033,none,,,False,,47,0,0.3311,-1.6004,
47,45,True,0.520533,-0.2621,none,,,False,,47,0,0.3242,-1.722,
47,24,True,0.411808,-0.8574,none,,,False,,47,0,0.2987,-1.3505,
47,72,True,0.443825,-0.6821,none,,,False,,47,0,0.2987,-1.0809,
47,67,True,0.451424,-0.6405,none,,,False,,47,0,0.2885,-1.1733,
47,49,True,0.382523,-1.0177,none,,,False,,47,0,0.2868,-1.3846,
47,6,True,0.326602,-1.3239,none,,,False,,47,0,0.2835,-2.2274,
47,53,True,0.337607,-1.2636,none,,,False,,47,0,0.2835,-1.8765,
47,38,True,0.441313,-0.6958,none,,,False,,47,0,0.2823,-0.7802,
47,39,True,0.227916,-1.8642,none,,,False,,47,0,0.2823,-2.1133,
47,47,True,0.232599,-1.8385,none,,,False,,47,0,0.2823,-1.1572,
47,2,True,0.254603,-1.7181,none,,,False,,47,0,0.281,-0.9406,
48,95,True,1.208523,3.0,none,,,False,,48,0,0.2692,3.8513,
48,13,True,0.922929,2.1234,none,,,False,,48,0,0.2682,2.7705,
48,5,True,0.862164,1.7713,none,,,False,,48,0,0.2656,2.6977,
48,44,True,0.900628,1.9942,none,,,False,,48,0,0.2665,2.6702,
48,31,True,0.714254,0.9143,none,,,False,,48,0,0.2682,2.5846,
48,27,True,0.88411,1.8985,none,,,False,,48,0,0.2682,2.4753,
48,78,True,0.768452,1.2283,none,,,False,,48,0,0.2673,2.2908,
48,35,True,0.584734,0.1638,cusum,,,True,positive,48,0,0.2633,2.1653,
48,48,True,0.779921,1.2948,none,,,False,,48,0,0.2656,2.1198,
48,74,True,0.75839,1.17,cusum,,,True,positive,48,0,0.2665,2.0365,
48,1,True,0.802603,1.4262,none,,,False,,48,0,0.2665,1.9664,
48,19,True,0.735014,1.0346,none,,,False,,48,0,0.2648,1.8088,
48,61,True,0.708778,0.8825,none,,,False,,48,0,0.2682,1.6813,
48,23,True,0.60584,0.2861,none,,,False,,48,0,0.2633,1.6338,
48,87,True,0.509146,-0.2742,none,,,False,,48,0,0.2633,1.4227,
48,51,True,0.663077,0.6177,none,,,False,,48,0,0.0702,0.5253,
48,20,True,0.571233,0.0855,none,,,False,,48,0,0.0656,0.3631,
48,36,True,0.67772,0.7026,none,,,False,,48,0,0.0648,0.3512,
48,34,True,0.54529,-0.0648,none,,,False,,48,0,0.0665,0.2732,
48,92,True,0.596655,0.2329,none,,,False,,48,0,0.0692,0.2669,
48,68,True,0.658119,0.589,none,,,False,,48,0,0.0656,0.2418,
48,91,True,0.596629,0.2327,none,,,False,,48,0,0.0682,0.2002,
48,11,True,0.515254,-0.2388,none,,,False,,48,0,0.0692,0.1414,
48,10,True,0.621891,0.3791,none,,,False,,48,0,0.0656,0.1242,
48,12,True,0.410471,-0.846,none,,,False,,48,0,0.0648,0.0348,
48,64,True,0.527563,-0.1675,none,,,False,,48,0,0.0759,0.0218,
48,58,True,0.603507,0.2725,none,,,False,,48,0,0.2712,0.0145,
48,21,True,0.524178,-0.1871,none,,,False,,48,0,0.0702,-0.0251,
48,22,True,0.482457,-0.4289,none,,,False,,48,0,0.0665,-0.0253,
48,86,True,0.557594,0.0065,none,,,False,,48,0,0.1323,-0.0262,
48,3,True,0.555345,-0.0065,none,,,False,,48,0,0.0944,-0.0855,
48,57,True,0.571269,0.0858,none,,,False,,48,0,0.0682,-0.1514,
48,65,True,0.47498,-0.4722,none,,,False,,48,0,0.0626,-0.164,
48,80,True,0.373472,-1.0604,none,,,False,,48,0,0.2734,-0.274,
48,60,True,0.513336,-0.2499,none,,,False,,48,0,0.0665,-0.2819,
48,25,True,0.508701,-0.2768,none,,,False,,48,0,0.119,-0.3342,
48,59,True,0.524983,-0.1824,none,,,False,,48,0,0.0665,-0.5477,
48,77,True,0.668028,0.6464,none,,,False,,48,0,0.1846,-0.6132,
48,40,True,0.419182,-0.7955,none,,,False,,48,0,0.3323,-1.4243,
48,37,True,0.326514,-1.3324,cusum,,,True,negative,48,0,0.3255,-1.7714,
48,45,True,0.52115,-0.2047,none,,,False,,48,0,0.319,-1.3335,
48,24,True,0.36935,-1.0842,cusum,,,True,negative,48,0,0.2944,-1.3933,
48,72,True,0.407855,-0.8611,none,,,False,,48,0,0.2944,-1.067,
48,9,True,0.535389,-0.1221,none,,,False,,48,0,0.2859,-0.6497,
48,99,True,0.333724,-1.2907,none,,,False,,48,0,0.2859,-1.5048,
48,30,True,0.425763,-0.7574,none,,,False,,48,0,0.2856,-0.7207,
48,16,True,0.182881,-2.1647,none,,,False,,48,0,0.2852,-0.8863,
48,14,True,0.327045,-1.3294,none,,,False,,48,0,0.2846,-1.5585,
48,70,True,0.193346,-2.1041,none,,,False,,48,0,0.2832,-2.2248,
48,49,True,0.303751,-1.4643,none,,,False,,48,0,0.2829,-1.3045,
49,95,True,1.145846,3.0,cusum,,,True,positive,49,0,0.2681,3.8499,
49,13,True,0.819733,1.3451,cusum,,,True,positive,49,0,0.2672,2.6495,
49,5,True,0.814803,1.3191,cusum,,,True,positive,49,0,0.2647,2.6451,
49,44,True,0.774177,1.1048,cusum,,,True,positive,49,0,0.2655,2.6174,
49,27,True,0.825201,1.3739,cusum,,,True,positive,49,0,0.2672,2.5619,
49,31,True,1.007621,2.336,cusum,,,True,positive,49,0,0.2672,2.3959,
49,78,True,0.763914,1.0507,none,,,False,,49,0,0.2663,2.0978,
49,19,True,0.680624,0.6114,none,,,False,,49,0,0.2639,2.0568,
49,74,True,0.765483,1.0589,none,,,False,,49,0,0.2655,2.024,
49,48,True,0.755363,1.0056,none,,,False,,49,0,0.2647,2.0185,
49,1,True,0.742588,0.9382,cusum,,,True,positive,49,0,0.2655,1.9797,
49,35,True,0.704188,0.7357,none,,,False,,49,0,0.2625,1.7686,
49,61,True,0.657202,0.4878,none,,,False,,49,0,0.2672,1.7494,
49,23,True,0.544778,-0.1051,none,,,False,,49,0,0.2625,1.5003,
49,36,True,0.636348,0.3779,none,,,False,,49,0,0.0639,0.6063,
49,51,True,0.658771,0.4961,none,,,False,,49,0,0.069,0.5608,
49,68,True,0.656778,0.4856,none,,,False,,49,0,0.0647,0.332,
49,20,True,0.714774,0.7915,none,,,False,,49,0,0.0647,0.3132,
49,92,True,0.592073,0.1443,none,,,False,,49,0,0.0681,0.2735,
49,10,True,0.579794,0.0796,none,,,False,,49,0,0.0647,0.2613,
49,77,True,0.62722,0.3297,none,,,False,,49,0,0.114,0.2583,
49,91,True,0.560791,-0.0206,none,,,False,,49,0,0.0672,0.252,
49,34,True,0.571428,0.0355,none,,,False,,49,0,0.0655,0.2426,
49,86,True,0.482474,-0.4337,none,,,False,,49,0,0.1267,0.0954,
49,58,True,0.058559,-2.6695,none,,,False,,49,0,0.07,0.0893,
49,21,True,0.565127,0.0022,none,,,False,,49,0,0.069,0.0111,
49,87,True,0.612502,0.2521,none,,,False,,49,0,0.2625,-0.0034,
49,64,True,0.559193,-0.0291,none,,,False,,49,0,0.0745,-0.028,
49,3,True,0.523164,-0.2191,none,,,False,,49,0,0.0903,-0.051,
49,11,True,0.556962,-0.0408,none,,,False,,49,0,0.0681,-0.0788,
49,57,True,0.499016,-0.3465,none,,,False,,49,0,0.0672,-0.1134,
49,22,True,0.309802,-1.3444,none,,,False,,49,0,0.0655,-0.1376,
49,65,True,0.282103,-1.4905,none,,,False,,49,0,0.0618,-0.2203,
49,60,True,0.476294,-0.4663,none,,,False,,49,0,0.0655,-0.2985,
49,12,True,0.535411,-0.1545,none,,,False,,49,0,0.0639,-0.3309,
49,25,True,0.585101,0.1076,none,,,False,,49,0,0.114,-0.3981,
49,80,True,0.36805,-1.0372,none,,,False,,49,0,0.2721,-0.4882,
49,59,True,0.467405,-0.5132,none,,,False,,49,0,0.0655,-0.5183,
49,16,True,0.297468,-1.4094,cusum,,,True,negative,49,0,0.3404,-1.8464,
49,40,True,0.41981,-0.7642,none,,,False,,49,0,0.3267,-1.1263,
49,37,True,0.391249,-0.9148,none,,,False,,49,0,0.3203,-1.6241,
49,45,True,0.419265,-0.7671,none,,,False,,49,0,0.314,-0.8139,
49,24,True,0.343027,-1.1692,none,,,False,,49,0,0.2903,-1.3863,
49,72,True,0.412375,-0.8034,none,,,False,,49,0,0.2903,-1.1432,
49,71,True,0.564281,-0.0022,none,,,False,,49,0,0.2888,-1.6665,
49,96,True,0.285431,-1.4729,none,,,False,,49,0,0.2888,-1.7944,
49,33,True,0.420157,-0.7624,none,,,False,,49,0,0.2876,-1.3032,
49,66,True,0.413201,-0.7991,none,,,False,,49,0,0.2876,-1.3921,
49,67,True,0.448415,-0.6133,none,,,False,,49,0,0.2863,-1.1152,
49,81,True,0.660112,0.5032,none,,,False,,49,0,0.2838,-0.7653,
50,95,True,2.055336,3.0,none,,,False,,50,0,0.267,4.0857,
50,13,True,0.738457,1.3253,none,,,False,,50,0,0.2662,2.7801,
50,31,True,0.928433,2.8434,none,,,False,,50,0,0.2662,2.6599,
50,5,True,0.872131,2.3934,none,,,False,,50,0,0.2638,2.6562,
50,44,True,1.152314,3.0,none,,,False,,50,0,0.2645,2.6223,
50,27,True,0.769446,1.5729,none,,,False,,50,0,0.2662,2.6047,
50,48,True,0.820073,1.9775,cusum,,,True,positive,50,0,0.2638,2.2005,
50,78,True,0.79079,1.7435,none,,,False,,50,0,0.2653,2.1989,
50,1,True,0.756343,1.4682,none,,,False,,50,0,0.2645,2.1916,
50,74,True,0.927323,2.8345,none,,,False,,50,0,0.2645,2.0593,
50,19,True,0.674544,0.8145,none,,,False,,50,0,0.263,1.8499,
50,35,True,0.505939,-0.5328,none,,,False,,50,0,0.2617,1.7817,
50,61,True,0.566443,-0.0493,none,,,False,,50,0,0.2662,1.6292,
50,23,True,0.532273,-0.3224,none,,,False,,50,0,0.2617,1.1962,
50,51,True,0.685076,0.8987,none,,,False,,50,0,0.0679,0.5426,
50,36,True,0.631093,0.4673,none,,,False,,50,0,0.063,0.5115,
50,20,True,0.404472,-1.3436,none,,,False,,50,0,0.0638,0.4976,
50,77,True,0.571598,-0.0081,none,,,False,,50,0,0.1093,0.474,
50,10,True,0.644974,0.5782,none,,,False,,50,0,0.0638,0.3732,
50,68,True,0.609749,0.2968,none,,,False,,50,0,0.0638,0.3725,
50,81,True,0.598714,0.2086,none,,,False,,50,0,0.1485,0.3257,
50,91,True,0.514213,-0.4667,none,,,False,,50,0,0.0662,0.2563,
50,92,True,0.573628,0.0081,none,,,False,,50,0,0.067,0.2285,
50,34,True,0.609534,0.295,none,,,False,,50,0,0.0645,0.2262,
50,87,True,0.64088,0.5455,none,,,False,,50,0,0.2617,0.0908,
50,21,True,0.532758,-0.3185,none,,,False,,50,0,0.0679,0.0728,
50,64,True,0.553128,-0.1557,none,,,False,,50,0,0.0731,0.0099,
50,86,True,0.530514,-0.3364,none,,,False,,50,0,0.1215,-0.0642,
50,11,True,0.740679,1.343,none,,,False,,50,0,0.067,-0.1124,
50,3,True,0.604957,0.2585,none,,,False,,50,0,0.0864,-0.1503,
50,12,True,0.555431,-0.1373,none,,,False,,50,0,0.063,-0.189,
50,57,True,0.539473,-0.2648,none,,,False,,50,0,0.0662,-0.2865,
50,25,True,0.554931,-0.1413,none,,,False,,50,0,0.1093,-0.3414,
50,59,True,0.496851,-0.6054,none,,,False,,50,0,0.0645,-0.372,
50,60,True,0.622815,0.4012,none,,,False,,50,0,0.0645,-0.466,
50,22,True,0.543805,-0.2302,none,,,False,,50,0,0.0645,-0.526,
50,67,True,0.583698,0.0886,none,,,False,,50,0,0.2756,-0.5448,
50,9,True,0.513107,-0.4755,none,,,False,,50,0,0.1285,-0.5826,
50,16,True,0.297036,-2.2021,none,,,False,,50,0,0.3345,-2.0266,
50,40,True,0.273047,-2.3938,none,,,False,,50,0,0.3215,-1.1789,
50,37,True,0.392819,-1.4367,none,,,False,,50,0,0.3153,-1.7022,
50,45,True,0.479562,-0.7436,none,,,False,,50,0,0.3093,-0.7995,
50,73,True,0.267996,-2.4342,none,,,False,,50,0,0.2885,-0.7883,
50,6,True,0.228138,-2.7527,none,,,False,,50,0,0.2884,-1.701,
50,53,True,0.594766,0.177,none,,,False,,50,0,0.2884,-1.7644,
50,49,True,0.251259,-2.5679,none,,,False,,50,0,0.288,-1.5019,
50,38,True,0.462854,-0.8771,none,,,False,,50,0,0.2871,-0.7066,
50,39,True,0.238579,-2.6693,none,,,False,,50,0,0.2871,-2.1984,
50,47,True,0.669609,0.7751,none,,,False,,50,0,0.2871,-1.1432,
50,24,True,0.377898,-1.556,none,,,False,,50,0,0.2864,-1.4349,
51,95,True,2.330548,3.0,cusum,,,True,positive,51,0,0.266,4.0845,
51,31,True,0.93627,2.2518,cusum,,,True,positive,51,0,0.2652,3.1145,
51,44,True,1.176635,3.0,cusum,,,True,positive,51,0,0.2636,3.1141,
51,5,True,0.774735,1.2702,cusum,,,True,positive,51,0,0.2629,2.908,
51,74,True,0.811511,1.4937,cusum,,,True,positive,51,0,0.2636,2.7689,
51,27,True,0.834952,1.6361,none,,,False,,51,0,0.2652,2.6984,
51,13,True,0.862858,1.8057,none,,,False,,51,0,0.2652,2.6812,
51,48,True,0.771391,1.2499,none,,,False,,51,0,0.2629,2.506,
51,78,True,0.698565,0.8073,cusum,,,True,positive,51,0,0.2644,2.423,
51,1,True,0.506626,-0.359,none,,,False,,51,0,0.2636,2.3586,
51,19,True,0.660279,0.5747,none,,,False,,51,0,0.2622,1.8992,
51,35,True,0.681951,0.7064,none,,,False,,51,0,0.2609,1.1994,
51,23,True,0.684697,0.7231,none,,,False,,51,0,0.2609,1.03,
51,51,True,0.612864,0.2866,none,,,False,,51,0,0.0669,0.7566,
51,36,True,0.535826,-0.1816,none,,,False,,51,0,0.0622,0.595,
51,68,True,0.62652,0.3695,none,,,False,,51,0,0.0629,0.5372,
51,61,True,0.559611,-0.0371,none,,,False,,51,0,0.2652,0.5237,
51,11,True,0.621404,0.3384,none,,,False,,51,0,0.066,0.439,
51,77,True,0.068801,-3.0,none,,,False,,51,0,0.1048,0.4318,
51,10,True,0.692174,0.7685,none,,,False,,51,0,0.0629,0.4257,
51,87,True,0.596413,0.1866,none,,,False,,51,0,0.2609,0.2516,
51,92,True,0.528565,-0.2257,none,,,False,,51,0,0.066,0.213,
51,81,True,0.514361,-0.312,none,,,False,,51,0,0.1423,0.1843,
51,34,True,0.699803,0.8149,none,,,False,,51,0,0.0636,0.1697,
51,3,True,0.342155,-1.3585,none,,,False,,51,0,0.0827,0.111,
51,25,True,0.494213,-0.4345,none,,,False,,51,0,0.1048,0.0056,
51,91,True,0.557735,-0.0485,none,,,False,,51,0,0.0652,-0.0015,
51,60,True,0.594632,0.1758,none,,,False,,51,0,0.0636,-0.0239,
51,64,True,0.529753,-0.2185,none,,,False,,51,0,0.0719,-0.0246,
51,20,True,0.636967,0.433,none,,,False,,51,0,0.0629,-0.0755,
51,21,True,0.620829,0.335,none,,,False,,51,0,0.0669,-0.082,
51,57,True,0.58385,0.1102,none,,,False,,51,0,0.0652,-0.0918,
51,86,True,0.502998,-0.3811,none,,,False,,51,0,0.1166,-0.1398,
51,67,True,0.557035,-0.0527,none,,,False,,51,0,0.2742,-0.2922,
51,12,True,0.573978,0.0502,none,,,False,,51,0,0.0622,-0.3002,
51,59,True,0.545972,-0.1199,none,,,False,,51,0,0.0636,-0.3526,
51,47,True,0.639932,0.451,none,,,False,,51,0,0.2719,-0.4183,
51,45,True,0.571808,0.0371,none,,,False,,51,0,0.3048,-0.4627,
51,73,True,0.362916,-1.2323,cusum,,,True,negative,51,0,0.3423,-1.8925,
51,16,True,0.374478,-1.1621,cusum,,,True,negative,51,0,0.329,-2.3042,
51,40,True,0.435409,-0.7918,cusum,,,True,negative,51,0,0.3166,-1.7031,
51,37,True,0.343364,-1.3512,cusum,,,True,negative,51,0,0.3106,-1.6162,
51,72,True,0.488149,-0.4713,none,,,False,,51,0,0.295,-0.6801,
51,2,True,0.459964,-0.6426,none,,,False,,51,0,0.2924,-0.7618,
51,14,True,0.328517,-1.4414,none,,,False,,51,0,0.2912,-1.6082,
51,52,True,0.324138,-1.468,none,,,False,,51,0,0.2883,-0.9204,
51,26,True,0.113169,-2.75,none,,,False,,51,0,0.2881,-0.7778,
51,70,True,0.171269,-2.397,none,,,False,,51,0,0.2879,-2.2785,
51,24,True,0.379258,-1.133,cusum,,,True,negative,51,0,0.2827,-1.6698,
51,71,True,0.145332,-2.5546,none,,,False,,51,0,0.2799,-1.2095,
52,95,True,2.54278,3.0,none,,,False,,52,0,0.2651,4.0833,
52,31,True,0.816072,1.4412,none,,,False,,52,0,0.2643,3.5593,
52,44,True,1.189191,3.0,none,,,False,,52,0,0.2628,3.4483,
52,74,True,0.897513,1.9326,none,,,False,,52,0,0.2628,2.8758,
52,5,True,0.870926,1.7722,none,,,False,,52,0,0.2621,2.74,
52,27,True,0.849138,1.6407,cusum,,,True,positive,52,0,0.2643,2.6098,
52,13,True,0.942555,2.2044,cusum,,,True,positive,52,0,0.2643,2.5742,
52,48,True,0.696101,0.7174,cusum,,,True,positive,52,0,0.2621,2.49,
52,78,True,0.871696,1.7769,none,,,False,,52,0,0.2635,2.2816,
52,1,True,0.691316,0.6885,none,,,False,,52,0,0.2628,1.7625,
52,35,True,0.704989,0.771,none,,,False,,52,0,0.2601,1.3793,
52,19,True,0.668657,0.5518,none,,,False,,52,0,0.2614,0.745,
52,51,True,0.605824,0.1727,none,,,False,,52,0,0.0659,0.645,
52,11,True,0.723045,0.8799,none,,,False,,52,0,0.0651,0.6302,
52,10,True,0.603662,0.1596,none,,,False,,52,0,0.0621,0.5545,
52,68,True,0.664519,0.5268,none,,,False,,52,0,0.0621,0.463,
52,34,True,0.554398,-0.1376,none,,,False,,52,0,0.0628,0.4619,
52,87,True,0.668109,0.5485,none,,,False,,52,0,0.2601,0.4043,
52,36,True,0.51493,-0.3758,none,,,False,,52,0,0.0614,0.2993,
52,81,True,-0.103353,-3.0,none,,,False,,52,0,0.1365,0.2582,
52,61,True,0.610534,0.2011,none,,,False,,52,0,0.2643,0.216,
52,23,True,0.46774,-0.6605,none,,,False,,52,0,0.2601,0.1748,
52,60,True,0.602132,0.1504,none,,,False,,52,0,0.0628,0.1169,
52,21,True,0.58434,0.043,none,,,False,,52,0,0.0659,0.0908,
52,92,True,0.510709,-0.4012,none,,,False,,52,0,0.0651,0.0589,
52,20,True,0.650096,0.4398,none,,,False,,52,0,0.0621,0.0394,
52,12,True,0.58891,0.0706,none,,,False,,52,0,0.0614,-0.0024,
52,64,True,0.570072,-0.043,none,,,False,,52,0,0.0706,-0.0431,
52,25,True,0.520509,-0.3421,none,,,False,,52,0,0.1006,-0.0495,
52,57,True,0.528077,-0.2964,none,,,False,,52,0,0.0643,-0.0848,
52,91,True,0.621956,0.27,none,,,False,,52,0,0.0643,-0.0964,
52,67,True,0.533007,-0.2667,none,,,False,,52,0,0.2729,-0.098,
52,47,True,0.648793,0.4319,none,,,False,,52,0,0.2706,-0.1128,
52,86,True,0.515169,-0.3743,none,,,False,,52,0,0.1119,-0.2719,
52,59,True,0.475565,-0.6133,none,,,False,,52,0,0.0628,-0.3328,
52,3,True,0.396786,-1.0886,none,,,False,,52,0,0.0792,-0.3417,
52,45,True,0.59444,0.104,none,,,False,,52,0,0.3006,-0.3846,
52,22,True,0.561412,-0.0953,none,,,False,,52,0,0.0702,-0.5867,
52,52,True,-0.191141,-3.0,cusum,,,True,negative,52,0,0.3576,-1.4667,
52,73,True,0.284976,-1.7632,none,,,False,,52,0,0.3365,-1.9985,
52,16,True,0.318194,-1.5628,none,,,False,,52,0,0.3238,-1.9734,
52,26,True,0.292355,-1.7187,cusum,,,True,negative,52,0,0.3119,-2.0774,
52,40,True,0.355957,-1.3349,none,,,False,,52,0,0.3119,-1.7048,
52,37,True,0.366247,-1.2729,none,,,False,,52,0,0.3062,-1.6251,
52,77,True,0.535063,-0.2543,cusum,,,True,negative,52,0,0.3006,-1.2862,
52,96,True,0.224313,-2.1292,none,,,False,,52,0,0.2863,-2.0286,
52,49,True,0.351976,-1.359,none,,,False,,52,0,0.2859,-2.0853,
52,33,True,0.214334,-2.1894,none,,,False,,52,0,0.2852,-0.9117,
52,66,True,0.340029,-1.431,none,,,False,,52,0,0.2852,-0.8849,
52,41,True,0.326829,-1.5107,none,,,False,,52,0,0.2849,-0.713,
53,95,True,2.360401,3.0,cusum,,,True,positive,53,0,0.2641,4.0822,
53,44,True,1.146063,3.0,cusum,,,True,positive,53,0,0.2619,4.0791,
53,31,True,0.887811,2.0159,cusum,,,True,positive,53,0,0.2634,3.2599,
53,74,True,0.762241,1.1777,cusum,,,True,positive,53,0,0.2619,3.166,
53,5,True,0.908433,2.1536,none,,,False,,53,0,0.2613,2.89,
53,13,True,0.78302,1.3164,none,,,False,,53,0,0.2634,2.8596,
53,27,True,0.62632,0.2704,none,,,False,,53,0,0.2634,2.6977,
53,78,True,0.75433,1.1249,none,,,False,,53,0,0.2626,2.5226,
53,48,True,0.72209,0.9097,none,,,False,,53,0,0.2613,2.393,
53,1,True,0.73353,0.986,none,,,False,,53,0,0.2619,1.6783,
53,11,True,0.757832,1.1483,none,,,False,,53,0,0.0641,0.936,
53,19,True,0.684078,0.6559,none,,,False,,53,0,0.2606,0.7242,
53,47,True,0.60227,0.1098,none,,,False,,53,0,0.2695,0.6425,
53,10,True,0.69169,0.7068,none,,,False,,53,0,0.0613,0.5802,
53,51,True,0.669451,0.5583,none,,,False,,53,0,0.0649,0.536,
53,87,True,0.532115,-0.3585,none,,,False,,53,0,0.2594,0.5022,
53,68,True,0.678515,0.6188,none,,,False,,53,0,0.0613,0.4758,
53,34,True,0.661034,0.5021,none,,,False,,53,0,0.0619,0.4032,
53,35,True,0.621786,0.2401,none,,,False,,53,0,0.2594,0.3902,
53,60,True,0.534371,-0.3434,none,,,False,,53,0,0.0619,0.3215,
53,61,True,0.563776,-0.1471,none,,,False,,53,0,0.2634,0.1194,
53,21,True,0.58232,-0.0233,none,,,False,,53,0,0.0649,0.1032,
53,12,True,0.525856,-0.4003,none,,,False,,53,0,0.0606,0.0717,
53,36,True,0.726139,0.9367,none,,,False,,53,0,0.0606,0.0471,
53,67,True,0.503533,-0.5493,none,,,False,,53,0,0.2716,0.0159,
53,91,True,0.597479,0.0778,none,,,False,,53,0,0.0634,-0.0006,
53,23,True,0.61819,0.2161,none,,,False,,53,0,0.2594,-0.0112,
53,64,True,0.57088,-0.0997,none,,,False,,53,0,0.0695,-0.0493,
53,57,True,0.589315,0.0233,none,,,False,,53,0,0.0634,-0.0692,
53,20,True,0.664645,0.5262,none,,,False,,53,0,0.0613,-0.0788,
53,45,True,0.537608,-0.3218,none,,,False,,53,0,0.2966,-0.0966,
53,92,True,0.611463,0.1712,none,,,False,,53,0,0.0641,-0.1241,
53,25,True,0.571206,-0.0975,none,,,False,,53,0,0.0966,-0.2017,
53,86,True,0.424485,-1.077,none,,,False,,53,0,0.1075,-0.2548,
53,59,True,0.448549,-0.9163,none,,,False,,53,0,0.0619,-0.3671,
53,22,True,0.399748,-1.2421,none,,,False,,53,0,0.0626,-0.4766,
53,65,True,0.53067,-0.3681,none,,,False,,53,0,0.0804,-0.5941,
53,52,True,0.481998,-0.693,none,,,False,,53,0,0.3511,-2.2192,
53,41,True,0.259275,-2.1798,cusum,,,True,negative,53,0,0.3441,-1.7052,
53,73,True,0.33041,-1.705,none,,,False,,53,0,0.3311,-2.1886,
53,81,True,0.553633,-0.2149,cusum,,,True,negative,53,0,0.3311,-1.4132,
53,16,True,0.346161,-1.5998,none,,,False,,53,0,0.319,-2.0276,
53,26,True,0.358311,-1.5187,none,,,False,,53,0,0.3075,-2.3056,
53,40,True,0.361428,-1.4979,none,,,False,,53,0,0.3075,-1.8978,
53,37,True,0.44504,-0.9398,none,,,False,,53,0,0.302,-1.747,
53,77,True,0.435221,-1.0053,none,,,False,,53,0,0.2966,-1.4832,
53,72,True,0.518534,-0.4492,none,,,False,,53,0,0.2926,-0.612,
53,42,True,0.440059,-0.973,none,,,False,,53,0,0.2898,-0.6586,
53,75,True,0.423554,-1.0832,none,,,False,,53,0,0.2898,-0.6392,
53,32,True,0.663272,0.517,none,,,False,,53,0,0.2894,-0.7268,
54,95,True,2.263491,3.0,none,,,False,,54,0,0.2633,4.0811,
54,44,True,1.259186,3.0,none,,,False,,54,0,0.2611,4.0781,
54,31,True,1.052127,3.0,none,,,False,,54,0,0.2625,2.9831,
54,13,True,0.800477,1.427,cusum,,,True,positive,54,0,0.2625,2.8556,
54,5,True,0.888893,2.0029,cusum,,,True,positive,54,0,0.2605,2.8092,
54,74,True,0.818564,1.5448,none,,,False,,54,0,0.2611,2.6128,
54,78,True,0.675904,0.6156,cusum,,,True,positive,54,0,0.2618,2.3154,
54,27,True,0.802166,1.438,none,,,False,,54,0,0.2625,2.2625,
54,48,True,0.755663,1.1351,none,,,False,,54,0,0.2605,2.0361,
54,11,True,0.673037,0.5969,cusum,,,True,positive,54,0,0.2633,1.87,
54,19,True,0.593451,0.0785,cusum,,,True,positive,54,0,0.2599,1.6704,
54,35,True,0.668043,0.5644,none,,,False,,54,0,0.2587,0.647,
54,10,True,0.665494,0.5478,none,,,False,,54,0,0.0605,0.6221,
54,68,True,0.582554,0.0075,none,,,False,,54,0,0.0605,0.5822,
54,20,True,0.641471,0.3913,none,,,False,,54,0,0.0605,0.5435,
54,1,True,0.743057,1.053,none,,,False,,54,0,0.2611,0.5166,
54,34,True,0.639462,0.3782,none,,,False,,54,0,0.0611,0.4712,
54,51,True,0.647812,0.4326,none,,,False,,54,0,0.064,0.4214,
54,47,True,0.590359,0.0584,none,,,False,,54,0,0.0684,0.4193,
54,36,True,0.482777,-0.6424,none,,,False,,54,0,0.0599,0.2027,
54,21,True,0.566715,-0.0956,none,,,False,,54,0,0.064,0.2004,
54,87,True,0.822351,1.5695,none,,,False,,54,0,0.0587,0.2001,
54,91,True,0.580237,-0.0075,none,,,False,,54,0,0.0625,0.1799,
54,23,True,0.485496,-0.6247,none,,,False,,54,0,0.2587,0.1674,
54,61,True,0.420497,-1.048,none,,,False,,54,0,0.2625,0.0857,
54,60,True,0.641085,0.3888,none,,,False,,54,0,0.0611,0.0723,
54,45,True,0.429245,-0.9911,none,,,False,,54,0,0.2927,0.0418,
54,57,True,0.626234,0.2921,none,,,False,,54,0,0.0625,0.0258,
54,12,True,0.559259,-0.1442,none,,,False,,54,0,0.0599,-0.0169,
54,64,True,0.591475,0.0657,none,,,False,,54,0,0.0684,-0.032,
54,92,True,0.554458,-0.1755,none,,,False,,54,0,0.0633,-0.0708,
54,25,True,0.509253,-0.4699,none,,,False,,54,0,0.0927,-0.1893,
54,67,True,0.592823,0.0744,none,,,False,,54,0,0.2704,-0.1983,
54,32,True,0.652092,0.4605,none,,,False,,54,0,0.1384,-0.2292,
54,22,True,0.463034,-0.771,none,,,False,,54,0,0.0618,-0.4435,
54,59,True,0.472914,-0.7066,none,,,False,,54,0,0.0611,-0.4718,
54,72,True,0.364525,-1.4126,none,,,False,,54,0,0.2825,-0.4766,
54,52,True,0.518415,-0.4102,cusum,,,True,negative,54,0,0.345,-2.0913,
54,41,True,0.315454,-1.7323,none,,,False,,54,0,0.3384,-2.005,
54,73,True,0.262647,-2.0762,cusum,,,True,negative,54,0,0.326,-1.949,
54,81,True,0.570035,-0.074,none,,,False,,54,0,0.326,-1.5578,
54,16,True,0.34549,-1.5366,cusum,,,True,negative,54,0,0.3144,-1.8298,
54,26,True,0.242688,-2.2062,cusum,,,True,negative,54,0,0.3033,-2.3892,
54,40,True,0.446666,-0.8776,cusum,,,True,negative,54,0,0.3033,-1.6016,
54,37,True,0.380677,-1.3074,cusum,,,True,negative,54,0,0.298,-1.5837,
54,24,True,0.363223,-1.4211,none,,,False,,54,0,0.2955,-1.688,
54,69,True,0.36505,-1.4092,none,,,False,,54,0,0.294,-0.6563,
54,77,True,0.490396,-0.5927,none,,,False,,54,0,0.2927,-1.8178,
54,6,True,0.333454,-1.615,none,,,False,,54,0,0.2921,-1.7983,
54,53,True,0.466374,-0.7492,none,,,False,,54,0,0.2921,-0.8865,
55,95,True,2.364253,3.0,cusum,,,True,positive,55,0,0.2624,4.0801,
55,44,True,1.133768,3.0,cusum,,,True,positive,55,0,0.2604,4.0772,
55,31,True,0.985992,2.3394,cusum,,,True,positive,55,0,0.2617,3.2315,
55,5,True,0.808189,1.345,none,,,False,,55,0,0.2597,3.0525,
55,13,True,0.902725,1.8737,none,,,False,,55,0,0.2617,2.7283,
55,74,True,0.761422,1.0834,none,,,False,,55,0,0.2604,2.6289,
55,78,True,0.769914,1.1309,none,,,False,,55,0,0.261,2.2505,
55,27,True,0.780338,1.1892,none,,,False,,55,0,0.2617,2.1954,
55,48,True,0.730043,0.9079,none,,,False,,55,0,0.2597,1.997,
55,1,True,0.608014,0.2254,cusum,,,True,positive,55,0,0.2604,1.9863,
55,11,True,0.689705,0.6823,none,,,False,,55,0,0.2624,1.9551,
55,19,True,0.677323,0.6131,none,,,False,,55,0,0.2591,1.5041,
55,87,True,0.7034,0.7589,none,,,False,,55,0,0.058,0.6602,
55,35,True,0.615708,0.2685,none,,,False,,55,0,0.258,0.5989,
55,10,True,0.622742,0.3078,none,,,False,,55,0,0.0597,0.5476,
55,20,True,0.688639,0.6763,none,,,False,,55,0,0.0597,0.5287,
55,51,True,0.606762,0.2184,none,,,False,,55,0,0.0631,0.469,
55,68,True,0.576486,0.0491,none,,,False,,55,0,0.0597,0.4606,
55,34,True,0.683238,0.6461,none,,,False,,55,0,0.0604,0.3247,
55,47,True,0.660684,0.52,none,,,False,,55,0,0.0673,0.2871,
55,32,True,0.565471,-0.0125,none,,,False,,55,0,0.1331,0.2509,
55,91,True,0.524456,-0.2419,none,,,False,,55,0,0.0617,0.1925,
55,60,True,0.640834,0.409,none,,,False,,55,0,0.0604,0.1424,
55,57,True,0.643448,0.4236,none,,,False,,55,0,0.0617,0.0854,
55,64,True,0.553137,-0.0815,none,,,False,,55,0,0.0673,0.0613,
55,21,True,0.590594,0.128,none,,,False,,55,0,0.0631,0.0558,
55,36,True,0.46792,-0.5581,none,,,False,,55,0,0.0591,0.0482,
55,92,True,0.534985,-0.183,none,,,False,,55,0,0.0624,-0.0551,
55,12,True,0.447436,-0.6726,none,,,False,,55,0,0.0591,-0.0826,
55,67,True,0.516852,-0.2844,none,,,False,,55,0,0.0692,-0.1574,
55,25,True,0.421989,-0.815,none,,,False,,55,0,0.0891,-0.2032,
55,61,True,0.569943,0.0125,none,,,False,,55,0,0.2617,-0.2523,
55,23,True,0.599475,0.1777,none,,,False,,55,0,0.258,-0.2826,
55,45,True,0.53896,-0.1608,none,,,False,,55,0,0.2891,-0.303,
55,86,True,0.469832,-0.5474,none,,,False,,55,0,0.111,-0.5042,
55,53,True,0.563547,-0.0233,none,,,False,,55,0,0.2714,-0.5191,
55,7,True,0.451548,-0.6496,none,,,False,,55,0,0.292,-0.6147,
55,52,True,0.179443,-2.1715,none,,,False,,55,0,0.3393,-1.7428,
55,41,True,0.212098,-1.9888,cusum,,,True,negative,55,0,0.3331,-2.1863,
55,73,True,0.346988,-1.2344,none,,,False,,55,0,0.3212,-2.2334,
55,81,True,0.564979,-0.0153,none,,,False,,55,0,0.3212,-1.4816,
55,16,True,0.257226,-1.7364,none,,,False,,55,0,0.31,-1.9573,
55,26,True,0.321566,-1.3766,none,,,False,,55,0,0.2993,-2.2103,
55,40,True,0.445168,-0.6853,none,,,False,,55,0,0.2993,-1.6326,
55,14,True,0.351101,-1.2114,none,,,False,,55,0,0.2983,-1.187,
55,39,True,0.268293,-1.6745,none,,,False,,55,0,0.2968,-1.9539,
55,37,True,0.376276,-1.0706,none,,,False,,55,0,0.2942,-1.5713,
55,70,True,0.178191,-2.1785,none,,,False,,55,0,0.2934,-2.427,
55,17,True,0.321684,-1.3759,none,,,False,,55,0,0.292,-0.8609,
55,46,True,0.392438,-0.9802,none,,,False,,55,0,0.292,-0.7036,
56,95,True,2.098747,3.0,none,,,False,,56,0,0.2616,4.0791,
56,44,True,1.255672,3.0,none,,,False,,56,0,0.2596,4.0762,
56,31,True,0.926231,1.825,none,,,False,,56,0,0.2609,3.5299,
56,5,True,0.723806,0.689,cusum,,,True,positive,56,0,0.259,2.9092,
56,13,True,0.855797,1.4297,cusum,,,True,positive,56,0,0.2609,2.6171,
56,74,True,0.74735,0.8211,cusum,,,True,positive,56,0,0.2596,2.3449,
56,48,True,0.725103,0.6963,none,,,False,,56,0,0.259,2.0596,
56,27,True,0.681048,0.449,cusum,,,True,positive,56,0,0.2609,2.044,
56,78,True,0.730714,0.7278,none,,,False,,56,0,0.2603,2.0343,
56,11,True,0.711586,0.6204,none,,,False,,56,0,0.2616,1.8882,
56,1,True,0.720066,0.668,none,,,False,,56,0,0.2596,1.8311,
56,19,True,0.687497,0.4852,none,,,False,,56,0,0.2584,1.5237,
56,87,True,0.557825,-0.2425,none,,,False,,56,0,0.0573,0.7296,
56,20,True,0.645607,0.2501,none,,,False,,56,0,0.059,0.6067,
56,10,True,0.706016,0.5892,none,,,False,,56,0,0.059,0.5962,
56,34,True,0.729807,0.7227,none,,,False,,56,0,0.0596,0.5851,
56,51,True,0.645972,0.2522,none,,,False,,56,0,0.0623,0.4832,
56,32,True,0.670701,0.391,none,,,False,,56,0,0.128,0.4395,
56,35,True,0.692817,0.5151,none,,,False,,56,0,0.2573,0.4306,
56,57,True,0.351314,-1.4014,none,,,False,,56,0,0.0609,0.3244,
56,47,True,0.665959,0.3644,none,,,False,,56,0,0.0663,0.3152,
56,68,True,0.631158,0.1691,none,,,False,,56,0,0.059,0.3005,
56,60,True,0.614925,0.078,none,,,False,,56,0,0.0596,0.2277,
56,21,True,0.568077,-0.1849,none,,,False,,56,0,0.0623,0.0831,
56,64,True,0.575578,-0.1428,none,,,False,,56,0,0.0663,0.0472,
56,91,True,0.580932,-0.1128,none,,,False,,56,0,0.0609,0.0209,
56,92,True,0.57857,-0.1261,none,,,False,,56,0,0.0616,0.0166,
56,23,True,0.729542,0.7212,none,,,False,,56,0,0.2573,-0.004,
56,36,True,0.717388,0.653,none,,,False,,56,0,0.0584,-0.0134,
56,53,True,0.524292,-0.4307,none,,,False,,56,0,0.2702,-0.1072,
56,67,True,0.468729,-0.7425,none,,,False,,56,0,0.0681,-0.1647,
56,61,True,0.614115,0.0734,none,,,False,,56,0,0.0609,-0.3161,
56,12,True,0.367902,-1.3083,none,,,False,,56,0,0.0584,-0.3312,
56,25,True,0.45878,-0.7983,none,,,False,,56,0,0.0856,-0.3627,
56,45,True,0.519117,-0.4597,none,,,False,,56,0,0.0856,-0.3932,
56,81,True,0.556292,-0.2511,none,,,False,,56,0,0.3167,-0.4896,
56,86,True,0.467172,-0.7512,none,,,False,,56,0,0.1007,-0.562,
56,84,True,0.479685,-0.681,none,,,False,,56,0,0.2542,-0.6148,
56,52,True,0.291187,-1.7388,none,,,False,,56,0,0.334,-1.4703,
56,41,True,0.271874,-1.8472,none,,,False,,56,0,0.328,-2.3491,
56,73,True,0.328575,-1.529,cusum,,,True,negative,56,0,0.3167,-2.0601,
56,16,True,0.361865,-1.3422,cusum,,,True,negative,56,0,0.3059,-2.0177,
56,49,True,0.291674,-1.7361,none,,,False,,56,0,0.2995,-2.2009,
56,77,True,0.577469,-0.1322,none,,,False,,56,0,0.2968,-1.0174,
56,71,True,0.503578,-0.5469,none,,,False,,56,0,0.2962,-2.1029,
56,26,True,0.248025,-1.981,cusum,,,True,negative,56,0,0.2956,-2.0985,
56,40,True,0.23308,-2.0649,none,,,False,,56,0,0.2956,-1.4182,
56,94,True,0.871962,1.5204,none,,,False,,56,0,0.2909,-0.773,
56,37,True,0.397165,-1.1441,none,,,False,,56,0,0.2905,-1.5059,
56,15,True,0.58795,-0.0734,none,,,False,,56,0,0.2905,-0.6894,
57,95,True,2.449932,3.0,cusum,,,True,positive,57,0,0.2608,4.0781,
57,44,True,1.299331,3.0,cusum,,,True,positive,57,0,0.2589,4.0754,
57,31,True,0.638064,0.2396,cusum,,,True,positive,57,0,0.2601,3.4653,
57,13,True,0.793021,1.0947,none,,,False,,57,0,0.2601,2.654,
57,5,True,0.790277,1.0795,none,,,False,,57,0,0.2583,2.4202,
57,74,True,0.794516,1.1029,none,,,False,,57,0,0.2589,2.2252,
57,27,True,0.716389,0.6718,none,,,False,,57,0,0.2601,2.1026,
57,48,True,0.646178,0.2843,cusum,,,True,positive,57,0,0.2583,1.9876,
57,78,True,0.76405,0.9348,none,,,False,,57,0,0.2595,1.901,
57,1,True,0.769531,0.965,none,,,False,,57,0,0.2589,1.7242,
57,11,True,0.620015,0.14,none,,,False,,57,0,0.2608,1.7113,
57,19,True,0.788004,1.067,none,,,False,,57,0,0.2577,1.466,
57,87,True,0.545802,-0.2696,none,,,False,,57,0,0.0567,0.7675,
57,34,True,0.615192,0.1133,none,,,False,,57,0,0.0589,0.6577,
57,10,True,0.676853,0.4536,none,,,False,,57,0,0.0583,0.5561,
57,35,True,0.690749,0.5303,none,,,False,,57,0,0.2567,0.5215,
57,20,True,0.717369,0.6772,none,,,False,,57,0,0.0583,0.5138,
57,47,True,0.704176,0.6044,none,,,False,,57,0,0.0653,0.3988,
57,32,True,0.673342,0.4342,none,,,False,,57,0,0.1233,0.3944,
57,51,True,0.658914,0.3546,none,,,False,,57,0,0.0615,0.3801,
57,60,True,0.605141,0.0579,none,,,False,,57,0,0.0589,0.3673,
57,23,True,0.536313,-0.3219,none,,,False,,57,0,0.0567,0.1636,
57,68,True,0.693694,0.5465,none,,,False,,57,0,0.0583,0.1498,
57,94,True,0.862628,1.4788,none,,,False,,57,0,0.1474,0.0541,
57,64,True,0.535852,-0.3245,none,,,False,,57,0,0.0653,0.0316,
57,21,True,0.583768,-0.0601,none,,,False,,57,0,0.0615,0.0282,
57,91,True,0.584165,-0.0579,none,,,False,,57,0,0.0601,-0.0436,
57,92,True,0.506536,-0.4863,none,,,False,,57,0,0.0608,-0.0834,
57,36,True,0.730379,0.749,none,,,False,,57,0,0.0577,-0.1088,
57,57,True,0.655619,0.3364,none,,,False,,57,0,0.0601,-0.1514,
57,67,True,0.466221,-0.7087,none,,,False,,57,0,0.0671,-0.2304,
57,61,True,0.627056,0.1788,none,,,False,,57,0,0.0601,-0.2436,
57,53,True,0.566887,-0.1532,none,,,False,,57,0,0.269,-0.3112,
57,45,True,0.576479,-0.1003,none,,,False,,57,0,0.0823,-0.4409,
57,77,True,0.388047,-1.1401,none,,,False,,57,0,0.2871,-0.4787,
57,81,True,-0.008258,-3.0,none,,,False,,57,0,0.3123,-0.5043,
57,15,True,0.455766,-0.7664,none,,,False,,57,0,0.1233,-0.5898,
57,25,True,0.418105,-0.9743,none,,,False,,57,0,0.0823,-0.5982,
57,52,True,0.508649,-0.4746,cusum,,,True,negative,57,0,0.329,-1.8223,
57,41,True,0.326216,-1.4813,cusum,,,True,negative,57,0,0.3233,-2.2414,
57,73,True,0.410133,-1.0183,none,,,False,,57,0,0.3123,-2.0041,
57,16,True,0.352594,-1.3358,none,,,False,,57,0,0.3019,-1.9341,
57,96,True,-0.744049,-3.0,none,,,False,,57,0,0.2974,-1.9838,
57,90,True,0.261899,-1.8363,none,,,False,,57,0,0.2948,-0.7249,
57,33,True,0.308586,-1.5786,none,,,False,,57,0,0.2946,-1.8028,
57,24,True,0.411322,-1.0117,none,,,False,,57,0,0.2946,-1.2738,
57,72,True,0.524177,-0.3889,none,,,False,,57,0,0.2946,-1.1815,
57,26,True,0.401495,-1.0659,none,,,False,,57,0,0.2919,-2.2546,
57,40,True,0.392214,-1.1171,cusum,,,True,negative,57,0,0.2919,-1.6093,
57,76,True,0.473097,-0.6708,none,,,False,,57,0,0.2886,-1.0966,
58,95,True,2.173119,3.0,none,,,False,,58,0,0.26,4.0772,
58,44,True,1.22519,3.0,none,,,False,,58,0,0.2582,4.0745,
58,31,True,0.858798,1.9579,none,,,False,,58,0,0.2594,2.5442,
58,13,True,0.946935,2.5876,none,,,False,,58,0,0.2594,2.5423,
58,5,True,0.795815,1.5078,none,,,False,,58,0,0.2576,2.1115,
58,74,True,0.973548,2.7778,none,,,False,,58,0,0.2582,2.077,
58,78,True,0.810412,1.6121,none,,,False,,58,0,0.2588,2.0065,
58,27,True,0.832321,1.7687,none,,,False,,58,0,0.2594,1.8463,
58,19,True,0.618315,0.2396,none,,,False,,58,0,0.2571,1.7947,
58,48,True,0.580211,-0.0327,none,,,False,,58,0,0.2576,1.7032,
58,1,True,0.700214,0.8248,none,,,False,,58,0,0.2582,1.694,
58,11,True,0.566543,-0.1304,none,,,False,,58,0,0.26,1.558,
58,94,True,0.849935,1.8945,none,,,False,,58,0,0.1418,0.897,
58,20,True,0.615095,0.2166,none,,,False,,58,0,0.0576,0.6083,
58,47,True,0.589095,0.0308,none,,,False,,58,0,0.0644,0.5796,
58,34,True,0.626115,0.2953,none,,,False,,58,0,0.0582,0.5686,
58,10,True,0.657694,0.5209,none,,,False,,58,0,0.0576,0.5239,
58,35,True,0.650018,0.4661,none,,,False,,58,0,0.056,0.5094,
58,32,True,0.637424,0.3761,none,,,False,,58,0,0.1188,0.3827,
58,36,True,0.584007,-0.0056,none,,,False,,58,0,0.0571,0.3542,
58,51,True,0.619099,0.2452,none,,,False,,58,0,0.0607,0.3532,
58,68,True,0.607662,0.1635,none,,,False,,58,0,0.0576,0.3286,
58,23,True,0.577011,-0.0556,none,,,False,,58,0,0.056,0.2637,
58,60,True,0.665117,0.574,none,,,False,,58,0,0.0582,0.2561,
58,61,True,0.338656,-1.7586,none,,,False,,58,0,0.0594,0.1645,
58,87,True,0.631386,0.333,none,,,False,,58,0,0.056,0.1537,
58,21,True,0.574924,-0.0705,none,,,False,,58,0,0.0607,0.0391,
58,91,True,0.448001,-0.9774,none,,,False,,58,0,0.0594,-0.0613,
58,64,True,0.558387,-0.1886,none,,,False,,58,0,0.0644,-0.0996,
58,53,True,0.514942,-0.499,none,,,False,,58,0,0.0679,-0.114,
58,57,True,0.587234,0.0175,none,,,False,,58,0,0.0594,-0.1375,
58,45,True,0.585931,0.0082,none,,,False,,58,0,0.0791,-0.1458,
58,92,True,0.53755,-0.3375,none,,,False,,58,0,0.06,-0.188,
58,67,True,0.559494,-0.1807,none,,,False,,58,0,0.0661,-0.4928,
58,77,True,0.588423,0.026,none,,,False,,58,0,0.2837,-0.5255,
58,15,True,0.535336,-0.3533,none,,,False,,58,0,0.1188,-0.6086,
58,54,True,0.585566,0.0056,none,,,False,,58,0,0.245,-0.6186,
58,56,True,0.476322,-0.775,none,,,False,,58,0,0.2583,-0.6227,
58,90,True,0.221718,-2.5942,cusum,,,True,negative,58,0,0.3418,-1.5965,
58,52,True,0.440479,-1.0311,none,,,False,,58,0,0.3243,-1.8469,
58,41,True,0.305072,-1.9986,none,,,False,,58,0,0.3188,-2.1607,
58,73,True,0.329859,-1.8215,none,,,False,,58,0,0.3082,-1.654,
58,81,True,0.465784,-0.8503,cusum,,,True,negative,58,0,0.3082,-1.4822,
58,16,True,0.343754,-1.7222,none,,,False,,58,0,0.2982,-1.8694,
58,37,True,0.372599,-1.5161,none,,,False,,58,0,0.2945,-1.576,
58,88,True,0.433311,-1.0823,none,,,False,,58,0,0.293,-0.8502,
58,50,True,0.321179,-1.8835,none,,,False,,58,0,0.2927,-0.6692,
58,6,True,0.39633,-1.3466,none,,,False,,58,0,0.2926,-2.3043,
58,14,True,0.357226,-1.626,none,,,False,,58,0,0.2911,-1.7329,
58,26,True,0.431562,-1.0948,none,,,False,,58,0,0.2885,-1.8765,
59,95,True,2.602292,3.0,cusum,,,True,positive,59,0,0.2593,4.0762,
59,44,True,1.146048,3.0,cusum,,,True,positive,59,0,0.2575,4.0737,
59,13,True,0.795593,1.3735,cusum,,,True,positive,59,0,0.2587,2.7794,
59,94,True,0.748899,1.0542,cusum,,,True,positive,59,0,0.3366,2.7525,
59,74,True,0.859645,1.8114,cusum,,,True,positive,59,0,0.2575,2.641,
59,31,True,0.687009,0.6311,none,,,False,,59,0,0.2587,2.4162,
59,78,True,0.722124,0.8712,cusum,,,True,positive,59,0,0.2581,2.1661,
59,5,True,0.847998,1.7318,none,,,False,,59,0,0.257,2.1651,
59,27,True,0.718895,0.8491,none,,,False,,59,0,0.2587,2.0385,
59,1,True,0.737221,0.9744,none,,,False,,59,0,0.2575,1.893,
59,48,True,0.672151,0.5295,none,,,False,,59,0,0.257,1.3889,
59,19,True,0.791547,1.3458,none,,,False,,59,0,0.2565,0.6694,
59,10,True,0.659467,0.4427,none,,,False,,59,0,0.057,0.5942,
59,35,True,0.753291,1.0843,none,,,False,,59,0,0.0554,0.5745,
59,36,True,0.767604,1.1821,none,,,False,,59,0,0.0565,0.5376,
59,32,True,0.524962,-0.4769,none,,,False,,59,0,0.1145,0.5095,
59,20,True,0.675417,0.5518,none,,,False,,59,0,0.057,0.4542,
59,34,True,0.509474,-0.5828,none,,,False,,59,0,0.0575,0.4508,
59,47,True,0.678269,0.5713,none,,,False,,59,0,0.0635,0.4154,
59,68,True,0.5694,-0.1731,none,,,False,,59,0,0.057,0.366,
59,51,True,0.634986,0.2754,none,,,False,,59,0,0.0599,0.3611,
59,60,True,0.61357,0.1289,none,,,False,,59,0,0.0575,0.3103,
59,11,True,0.668311,0.5032,none,,,False,,59,0,0.2593,0.2863,
59,23,True,0.617884,0.1584,none,,,False,,59,0,0.0554,0.1853,
59,87,True,0.575857,-0.1289,none,,,False,,59,0,0.0554,0.011,
59,21,True,0.64015,0.3107,none,,,False,,59,0,0.0599,-0.028,
59,45,True,0.628434,0.2306,none,,,False,,59,0,0.076,-0.0911,
59,64,True,0.536635,-0.3971,none,,,False,,59,0,0.0635,-0.1365,
59,92,True,0.499743,-0.6493,none,,,False,,59,0,0.0593,-0.2404,
59,57,True,0.493185,-0.6942,none,,,False,,59,0,0.0587,-0.2738,
59,53,True,0.54864,-0.315,none,,,False,,59,0,0.0669,-0.2739,
59,15,True,0.36852,-1.5466,none,,,False,,59,0,0.1145,-0.2886,
59,91,True,0.564978,-0.2033,none,,,False,,59,0,0.0587,-0.3073,
59,77,True,0.558565,-0.2472,none,,,False,,59,0,0.2806,-0.321,
59,54,True,0.544442,-0.3437,none,,,False,,59,0,0.1198,-0.3986,
59,61,True,0.639727,0.3078,none,,,False,,59,0,0.0587,-0.4268,
59,67,True,0.519065,-0.5172,none,,,False,,59,0,0.0651,-0.4595,
59,22,True,0.69048,0.6548,none,,,False,,59,0,0.0843,-0.6247,
59,90,True,0.253856,-2.3306,none,,,False,,59,0,0.3366,-2.2424,
59,52,True,0.301505,-2.0048,none,,,False,,59,0,0.3198,-1.4697,
59,41,True,0.343319,-1.7189,cusum,,,True,negative,59,0,0.3145,-2.1666,
59,73,True,0.381968,-1.4546,cusum,,,True,negative,59,0,0.3043,-1.852,
59,81,True,0.517439,-0.5284,none,,,False,,59,0,0.3043,-1.7629,
59,40,True,0.422243,-1.1792,none,,,False,,59,0,0.2958,-1.6911,
59,16,True,0.329714,-1.8119,cusum,,,True,negative,59,0,0.2946,-1.8667,
59,70,True,0.190235,-2.7656,none,,,False,,59,0,0.2938,-2.1337,
59,49,True,0.271907,-2.2071,none,,,False,,59,0,0.2924,-1.7932,
59,8,True,0.485849,-0.7443,none,,,False,,59,0,0.2908,-0.6268,
59,39,True,0.329882,-1.8107,none,,,False,,59,0,0.2893,-2.478,
59,24,True,0.438458,-1.0684,none,,,False,,59,0,0.2865,-1.5941,
60,95,True,2.400553,3.0,none,,,False,,60,0,0.2586,4.0754,
60,44,True,1.121396,3.0,none,,,False,,60,0,0.2569,4.0729,
60,74,True,0.870944,1.684,none,,,False,,60,0,0.2569,2.9703,
60,13,True,0.827157,1.4188,none,,,False,,60,0,0.258,2.7598,
60,94,True,0.852122,1.57,none,,,False,,60,0,0.3317,2.5937,
60,5,True,0.896773,1.8405,cusum,,,True,positive,60,0,0.2564,2.5119,
60,78,True,0.790171,1.1948,none,,,False,,60,0,0.2574,2.2131,
60,27,True,0.877342,1.7228,cusum,,,True,positive,60,0,0.258,2.171,
60,31,True,1.000395,2.4681,none,,,False,,60,0,0.258,2.0174,
60,48,True,0.738539,0.8821,none,,,False,,60,0,0.2564,1.3325,
60,1,True,0.756321,0.9898,none,,,False,,60,0,0.2569,0.9943,
60,19,True,0.658972,0.4001,none,,,False,,60,0,0.2558,0.9556,
60,35,True,0.700898,0.6541,none,,,False,,60,0,0.0548,0.7636,
60,36,True,0.762693,1.0284,none,,,False,,60,0,0.0558,0.7133,
60,20,True,0.67717,0.5103,none,,,False,,60,0,0.0564,0.554,
60,10,True,0.589867,-0.0185,none,,,False,,60,0,0.0564,0.5446,
60,47,True,0.618876,0.1573,none,,,False,,60,0,0.0626,0.4833,
60,51,True,0.630847,0.2298,none,,,False,,60,0,0.0592,0.368,
60,60,True,0.677471,0.5122,none,,,False,,60,0,0.0569,0.3265,
60,68,True,0.573551,-0.1173,none,,,False,,60,0,0.0564,0.2511,
60,11,True,0.718849,0.7628,none,,,False,,60,0,0.2586,0.2463,
60,32,True,0.595961,0.0185,none,,,False,,60,0,0.1105,0.2177,
60,45,True,0.471142,-0.7376,none,,,False,,60,0,0.0731,0.1374,
60,21,True,0.577091,-0.0958,none,,,False,,60,0,0.0592,0.1363,
60,87,True,0.817856,1.3625,none,,,False,,60,0,0.0548,0.0482,
60,34,True,0.633418,0.2453,none,,,False,,60,0,0.0569,0.0149,
60,23,True,0.691123,0.5949,none,,,False,,60,0,0.0548,-0.003,
60,57,True,0.524884,-0.4121,none,,,False,,60,0,0.058,-0.0389,
60,64,True,0.533219,-0.3616,none,,,False,,60,0,0.0626,-0.2223,
60,53,True,0.566065,-0.1626,none,,,False,,60,0,0.0659,-0.2367,
60,54,True,0.625586,0.1979,none,,,False,,60,0,0.1155,-0.3088,
60,91,True,0.620804,0.1689,none,,,False,,60,0,0.058,-0.3383,
60,61,True,0.588204,-0.0285,none,,,False,,60,0,0.058,-0.3495,
60,77,True,0.522724,-0.4251,none,,,False,,60,0,0.2775,-0.3609,
60,22,True,0.577855,-0.0912,none,,,False,,60,0,0.0598,-0.3756,
60,67,True,0.576223,-0.1011,none,,,False,,60,0,0.0642,-0.3856,
60,92,True,0.539347,-0.3245,none,,,False,,60,0,0.0586,-0.4157,
60,3,True,0.557101,-0.2169,none,,,False,,60,0,0.1274,-0.6333,
60,90,True,0.216064,-2.2826,cusum,,,True,negative,60,0,0.3317,-2.6358,
60,52,True,0.33981,-1.5331,cusum,,,True,negative,60,0,0.3155,-1.561,
60,15,True,0.575346,-0.1064,cusum,,,True,negative,60,0,0.3105,-1.2822,
60,41,True,0.345476,-1.4987,none,,,False,,60,0,0.3105,-2.1263,
60,73,True,0.361765,-1.4001,none,,,False,,60,0,0.3006,-1.8294,
60,81,True,0.560428,-0.1968,none,,,False,,60,0,0.3006,-1.8575,
60,25,True,0.457883,-0.8179,none,,,False,,60,0,0.2936,-1.268,
60,72,True,0.478185,-0.6949,none,,,False,,60,0,0.2936,-0.6557,
60,26,True,0.418224,-1.0581,none,,,False,,60,0,0.2924,-1.7844,
60,37,True,0.420312,-1.0455,none,,,False,,60,0,0.2924,-1.6474,
60,16,True,0.398404,-1.1781,none,,,False,,60,0,0.2911,-2.0252,
60,71,True,0.342508,-1.5167,none,,,False,,60,0,0.2906,-0.9433,
61,95,True,2.619567,3.0,cusum,,,True,positive,61,0,0.2579,4.0745,
61,44,True,1.186495,3.0,cusum,,,True,positive,61,0,0.2563,4.0722,
61,74,True,0.745496,0.9583,cusum,,,True,positive,61,0,0.2563,3.1632,
61,13,True,0.90877,2.1106,none,,,False,,61,0,0.2573,2.867,
61,5,True,0.843349,1.6489,none,,,False,,61,0,0.2557,2.7648,
61,31,True,0.847176,1.676,cusum,,,True,positive,61,0,0.2573,2.7594,
61,94,True,0.835628,1.5945,none,,,False,,61,0,0.327,2.621,
61,27,True,0.776943,1.1803,none,,,False,,61,0,0.2573,2.5206,
61,78,True,0.739088,0.9131,none,,,False,,61,0,0.2568,2.299,
61,1,True,0.722133,0.7935,cusum,,,True,positive,61,0,0.2563,2.0018,
61,35,True,0.683062,0.5177,cusum,,,True,positive,61,0,0.2543,1.8041,
61,48,True,0.650747,0.2896,none,,,False,,61,0,0.2557,1.531,
61,36,True,0.69289,0.5871,none,,,False,,61,0,0.0552,0.8057,
61,19,True,0.754009,1.0184,none,,,False,,61,0,0.2552,0.7325,
61,87,True,0.629091,0.1368,none,,,False,,61,0,0.0543,0.5915,
61,20,True,0.662937,0.3757,none,,,False,,61,0,0.0557,0.4977,
61,60,True,0.64259,0.2321,none,,,False,,61,0,0.0563,0.4772,
61,11,True,0.5973,-0.0876,none,,,False,,61,0,0.2579,0.4531,
61,10,True,0.582431,-0.1925,none,,,False,,61,0,0.0557,0.3865,
61,47,True,0.633744,0.1697,none,,,False,,61,0,0.0618,0.3332,
61,51,True,0.642385,0.2306,none,,,False,,61,0,0.0585,0.3255,
61,23,True,0.625066,0.1084,none,,,False,,61,0,0.0543,0.3019,
61,21,True,0.593756,-0.1126,none,,,False,,61,0,0.0585,0.1235,
61,32,True,0.667726,0.4095,none,,,False,,61,0,0.1066,0.0768,
61,54,True,0.599704,-0.0706,none,,,False,,61,0,0.1115,0.0598,
61,34,True,0.579684,-0.2119,none,,,False,,61,0,0.0563,0.0581,
61,68,True,0.693203,0.5893,none,,,False,,61,0,0.0557,0.0291,
61,22,True,0.574697,-0.2471,none,,,False,,61,0,0.0591,0.0071,
61,45,True,0.45842,-1.0677,none,,,False,,61,0,0.0702,-0.0765,
61,77,True,0.552816,-0.4015,none,,,False,,61,0,0.2746,-0.1241,
61,67,True,0.514982,-0.6685,none,,,False,,61,0,0.0633,-0.1841,
61,64,True,0.546264,-0.4477,none,,,False,,61,0,0.0618,-0.2357,
61,53,True,0.557437,-0.3689,none,,,False,,61,0,0.0649,-0.2411,
61,91,True,0.540871,-0.4858,none,,,False,,61,0,0.0573,-0.2635,
61,57,True,0.513288,-0.6805,none,,,False,,61,0,0.0573,-0.2892,
61,92,True,0.489982,-0.8449,none,,,False,,61,0,0.0579,-0.3626,
61,61,True,0.602184,-0.0531,none,,,False,,61,0,0.0573,-0.4194,
61,12,True,0.617227,0.0531,none,,,False,,61,0,0.0803,-0.6347,
61,90,True,0.244,-2.581,none,,,False,,61,0,0.327,-2.7877,
61,52,True,0.476532,-0.9399,none,,,False,,61,0,0.3115,-1.9164,
61,15,True,0.503091,-0.7524,none,,,False,,61,0,0.3066,-1.0645,
61,41,True,0.287479,-2.2741,cusum,,,True,negative,61,0,0.3066,-2.1345,
61,73,True,0.246277,-2.5649,none,,,False,,61,0,0.297,-1.9587,
61,81,True,0.664146,0.3842,none,,,False,,61,0,0.297,-0.9251,
61,59,True,0.457758,-1.0724,none,,,False,,61,0,0.2942,-0.6683,
61,40,True,0.471624,-0.9745,none,,,False,,61,0,0.2936,-1.8575,
61,4,True,0.258714,-2.4771,none,,,False,,61,0,0.2932,-0.8993,
61,63,True,0.807392,1.3952,none,,,False,,61,0,0.2931,-0.7686,
61,96,True,0.050777,-3.0,none,,,False,,61,0,0.2918,-2.6094,
61,14,True,0.388264,-1.5628,none,,,False,,61,0,0.2904,-1.3334,
62,95,True,2.586896,3.0,none,,,False,,62,0,0.2572,4.0737,
62,44,True,1.212065,3.0,none,,,False,,62,0,0.2556,4.0714,
62,5,True,0.482181,-0.5327,cusum,,,True,positive,62,0,0.2551,2.8111,
62,13,True,0.970078,2.1981,cusum,,,True,positive,62,0,0.2567,2.7072,
62,31,True,0.847951,1.5145,none,,,False,,62,0,0.2567,2.6646,
62,74,True,0.888478,1.7414,none,,,False,,62,0,0.2556,2.556,
62,94,True,0.685137,0.6032,cusum,,,True,positive,62,0,0.3226,2.518,
62,27,True,0.857635,1.5687,none,,,False,,62,0,0.2567,2.3236,
62,78,True,0.726565,0.8351,none,,,False,,62,0,0.2562,2.0652,
62,19,True,0.582116,0.0266,cusum,,,True,positive,62,0,0.2547,1.9915,
62,1,True,0.735049,0.8826,none,,,False,,62,0,0.2556,1.9906,
62,35,True,0.792022,1.2015,none,,,False,,62,0,0.2537,1.8207,
62,36,True,0.637622,0.3373,none,,,False,,62,0,0.0547,1.0025,
62,48,True,0.72108,0.8044,none,,,False,,62,0,0.2551,0.6378,
62,20,True,0.634367,0.3191,none,,,False,,62,0,0.0551,0.55,
62,87,True,0.556019,-0.1195,none,,,False,,62,0,0.0537,0.5255,
62,11,True,0.693596,0.6506,none,,,False,,62,0,0.2572,0.4665,
62,47,True,0.544292,-0.1851,none,,,False,,62,0,0.061,0.3785,
62,60,True,0.572604,-0.0266,none,,,False,,62,0,0.0556,0.3625,
62,23,True,0.527441,-0.2794,none,,,False,,62,0,0.0537,0.3559,
62,51,True,0.631048,0.3005,none,,,False,,62,0,0.0578,0.3198,
62,22,True,0.607394,0.1681,none,,,False,,62,0,0.0584,0.1809,
62,68,True,0.707558,0.7287,none,,,False,,62,0,0.0551,0.1704,
62,61,True,0.406788,-0.9547,none,,,False,,62,0,0.0567,0.1483,
62,10,True,0.591612,0.0798,none,,,False,,62,0,0.0551,0.148,
62,21,True,0.612169,0.1948,none,,,False,,62,0,0.0578,0.1086,
62,32,True,0.627724,0.2819,none,,,False,,62,0,0.1029,0.0857,
62,54,True,0.561623,-0.0881,none,,,False,,62,0,0.1077,0.0321,
62,91,True,0.610944,0.188,none,,,False,,62,0,0.0567,-0.1005,
62,34,True,0.595702,0.1027,none,,,False,,62,0,0.0556,-0.1117,
62,63,True,0.980802,2.2581,none,,,False,,62,0,0.1333,-0.1607,
62,53,True,0.523998,-0.2987,none,,,False,,62,0,0.064,-0.1988,
62,77,True,0.546585,-0.1723,none,,,False,,62,0,0.0717,-0.2681,
62,64,True,0.540083,-0.2086,none,,,False,,62,0,0.061,-0.3231,
62,67,True,0.41843,-0.8896,none,,,False,,62,0,0.0624,-0.3478,
62,45,True,0.61895,0.2328,none,,,False,,62,0,0.0675,-0.4365,
62,81,True,-0.594784,-3.0,none,,,False,,62,0,0.2936,-0.5156,
62,57,True,0.552339,-0.14,none,,,False,,62,0,0.0567,-0.5226,
62,4,True,0.219932,-2.0006,cusum,,,True,negative,62,0,0.3389,-2.0267,
62,90,True,0.344035,-1.3059,cusum,,,True,negative,62,0,0.3226,-2.7862,
62,52,True,0.498999,-0.4386,none,,,False,,62,0,0.3077,-1.8883,
62,15,True,0.533519,-0.2454,none,,,False,,62,0,0.3029,-1.1997,
62,41,True,0.287347,-1.6232,none,,,False,,62,0,0.3029,-2.2285,
62,16,True,0.243552,-1.8684,none,,,False,,62,0,0.2948,-1.9745,
62,33,True,0.224703,-1.9739,none,,,False,,62,0,0.2943,-1.4203,
62,73,True,0.328734,-1.3916,cusum,,,True,negative,62,0,0.2936,-2.2085,
62,6,True,0.158311,-2.3455,none,,,False,,62,0,0.2929,-1.8135,
62,24,True,0.392839,-1.0328,none,,,False,,62,0,0.2916,-1.5742,
62,49,True,0.370283,-1.159,none,,,False,,62,0,0.2916,-2.1745,
62,55,True,0.452581,-0.6984,none,,,False,,62,0,0.2915,-1.2818,
63,95,True,2.214121,3.0,cusum,,,True,positive,63,0,0.2566,4.0729,
63,44,True,1.237022,3.0,cusum,,,True,positive,63,0,0.2551,4.0707,
63,13,True,0.933243,2.1531,none,,,False,,63,0,0.2561,2.9814,
63,31,True,0.895957,1.9177,cusum,,,True,positive,63,0,0.2561,2.9584,
63,27,True,0.761769,1.0705,cusum,,,True,positive,63,0,0.2561,2.5628,
63,74,True,0.895863,1.9171,none,,,False,,63,0,0.2551,2.532,
63,94,True,0.792766,1.2662,none,,,False,,63,0,0.3184,2.365,
63,5,True,0.791392,1.2575,none,,,False,,63,0,0.2546,2.0556,
63,78,True,0.720531,0.8101,cusum,,,True,positive,63,0,0.2556,2.0524,
63,1,True,0.697885,0.6671,none,,,False,,63,0,0.2551,1.9593,
63,35,True,0.726725,0.8492,none,,,False,,63,0,0.2532,1.8591,
63,63,True,0.96157,2.332,cusum,,,True,positive,63,0,0.3287,1.663,
63,19,True,0.525361,-0.4222,none,,,False,,63,0,0.2541,1.5511,
63,48,True,0.664432,0.4559,none,,,False,,63,0,0.2546,0.7287,
63,36,True,0.764281,1.0863,none,,,False,,63,0,0.0541,0.7202,
63,87,True,0.525984,-0.4183,none,,,False,,63,0,0.0532,0.528,
63,11,True,0.642231,0.3157,none,,,False,,63,0,0.2566,0.5149,
63,20,True,0.628605,0.2297,none,,,False,,63,0,0.0546,0.4717,
63,68,True,0.563093,-0.184,none,,,False,,63,0,0.0546,0.4703,
63,32,True,0.593645,0.0089,none,,,False,,63,0,0.0994,0.3366,
63,51,True,0.584363,-0.0497,none,,,False,,63,0,0.0572,0.3274,
63,60,True,0.672081,0.5042,none,,,False,,63,0,0.0551,0.3099,
63,23,True,0.67481,0.5214,none,,,False,,63,0,0.0532,0.2093,
63,47,True,0.547469,-0.2826,none,,,False,,63,0,0.0602,0.1254,
63,34,True,0.700227,0.6819,none,,,False,,63,0,0.0551,0.1161,
63,54,True,0.65491,0.3958,none,,,False,,63,0,0.104,0.1151,
63,21,True,0.579405,-0.081,none,,,False,,63,0,0.0572,0.0692,
63,91,True,0.497748,-0.5965,none,,,False,,63,0,0.0561,0.0292,
63,10,True,0.609701,0.1103,none,,,False,,63,0,0.0546,0.0263,
63,22,True,0.640983,0.3078,none,,,False,,63,0,0.0577,0.0178,
63,53,True,0.479444,-0.7121,none,,,False,,63,0,0.0631,-0.1945,
63,77,True,0.620168,0.1764,none,,,False,,63,0,0.069,-0.2446,
63,64,True,0.516466,-0.4784,none,,,False,,63,0,0.0602,-0.2612,
63,61,True,0.61324,0.1327,none,,,False,,63,0,0.0561,-0.2733,
63,57,True,0.574029,-0.1149,none,,,False,,63,0,0.0561,-0.3387,
63,45,True,0.545002,-0.2982,none,,,False,,63,0,0.0665,-0.4371,
63,67,True,0.469192,-0.7769,none,,,False,,63,0,0.0616,-0.473,
63,92,True,0.590815,-0.0089,none,,,False,,63,0,0.0627,-0.5325,
63,4,True,0.297646,-1.86,none,,,False,,63,0,0.3341,-2.2333,
63,90,True,0.216844,-2.3701,none,,,False,,63,0,0.3184,-2.4474,
63,52,True,0.435258,-0.9911,none,,,False,,63,0,0.304,-1.3684,
63,15,True,0.450498,-0.8949,none,,,False,,63,0,0.2994,-0.7681,
63,41,True,0.330013,-1.6556,cusum,,,True,negative,63,0,0.2994,-2.1987,
63,26,True,0.420537,-1.0841,none,,,False,,63,0,0.2971,-1.4785,
63,37,True,0.367406,-1.4195,none,,,False,,63,0,0.2971,-1.1407,
63,82,True,0.506517,-0.5412,none,,,False,,63,0,0.2952,-0.7023,
63,70,True,0.184929,-2.5717,none,,,False,,63,0,0.2941,-2.8557,
63,25,True,0.282822,-1.9536,none,,,False,,63,0,0.2928,-0.7706,
63,72,True,0.508155,-0.5308,none,,,False,,63,0,0.2928,-0.7393,
63,40,True,0.297692,-1.8597,none,,,False,,63,0,0.2915,-0.9958,
64,95,True,2.757222,3.0,none,,,False,,64,0,0.256,4.0722,
64,44,True,1.295848,3.0,none,,,False,,64,0,0.2545,4.07,
64,13,True,1.003527,2.5549,cusum,,,True,positive,64,0,0.2555,3.2254,
64,63,True,0.956458,2.2678,none,,,False,,64,0,0.3244,3.1069,
64,31,True,0.95106,2.2349,none,,,False,,64,0,0.2555,2.7742,
64,74,True,0.839085,1.5519,cusum,,,True,positive,64,0,0.2545,2.609,
64,27,True,0.840668,1.5616,none,,,False,,64,0,0.2555,2.3446,
64,94,True,0.844596,1.5855,none,,,False,,64,0,0.3145,2.2612,
64,35,True,0.696016,0.6793,none,,,False,,64,0,0.2527,1.9235,
64,78,True,0.806794,1.3549,none,,,False,,64,0,0.255,1.9235,
64,5,True,0.857155,1.6621,none,,,False,,64,0,0.254,1.8606,
64,1,True,0.622398,0.2303,none,,,False,,64,0,0.2545,1.8511,
64,36,True,0.625264,0.2477,cusum,,,True,positive,64,0,0.2535,1.7389,
64,19,True,0.658986,0.4534,none,,,False,,64,0,0.2535,1.2763,
64,48,True,0.686257,0.6198,none,,,False,,64,0,0.254,0.586,
64,68,True,0.468867,-0.7062,none,,,False,,64,0,0.054,0.4474,
64,20,True,0.694449,0.6697,none,,,False,,64,0,0.054,0.3775,
64,11,True,0.697676,0.6894,none,,,False,,64,0,0.056,0.3651,
64,32,True,0.634309,0.3029,none,,,False,,64,0,0.096,0.3315,
64,60,True,0.628711,0.2688,none,,,False,,64,0,0.0545,0.3066,
64,34,True,0.506613,-0.476,none,,,False,,64,0,0.0545,0.2609,
64,51,True,0.621621,0.2255,none,,,False,,64,0,0.0565,0.2334,
64,23,True,0.569604,-0.0918,none,,,False,,64,0,0.0527,0.1842,
64,54,True,0.561575,-0.1407,none,,,False,,64,0,0.1005,0.179,
64,22,True,0.518517,-0.4034,none,,,False,,64,0,0.0571,0.15,
64,21,True,0.610538,0.1579,none,,,False,,64,0,0.0565,0.0734,
64,10,True,0.543038,-0.2538,none,,,False,,64,0,0.054,0.0685,
64,47,True,0.68237,0.596,none,,,False,,64,0,0.0595,-0.0222,
64,77,True,0.517392,-0.4102,none,,,False,,64,0,0.0664,-0.0454,
64,87,True,0.706391,0.7426,none,,,False,,64,0,0.0527,-0.0662,
64,61,True,0.578044,-0.0403,none,,,False,,64,0,0.0555,-0.2203,
64,91,True,0.575709,-0.0545,none,,,False,,64,0,0.0555,-0.2267,
64,57,True,0.586056,0.0086,none,,,False,,64,0,0.0555,-0.2404,
64,45,True,0.513725,-0.4326,none,,,False,,64,0,0.0655,-0.292,
64,64,True,0.553802,-0.1881,none,,,False,,64,0,0.0595,-0.3011,
64,92,True,0.478436,-0.6478,none,,,False,,64,0,0.0565,-0.3198,
64,53,True,0.58324,-0.0086,none,,,False,,64,0,0.0622,-0.3788,
64,72,True,0.396775,-1.1459,none,,,False,,64,0,0.2787,-0.4469,
64,4,True,0.28779,-1.8106,cusum,,,True,negative,64,0,0.3295,-2.4978,
64,90,True,0.269585,-1.9217,cusum,,,True,negative,64,0,0.3145,-2.4791,
64,52,True,0.545989,-0.2358,cusum,,,True,negative,64,0,0.3005,-1.1899,
64,73,True,0.354189,-1.4057,none,,,False,,64,0,0.297,-2.1893,
64,81,True,0.717217,0.8086,none,,,False,,64,0,0.297,-1.3413,
64,39,True,0.328843,-1.5602,none,,,False,,64,0,0.2965,-1.9617,
64,15,True,0.517258,-0.411,none,,,False,,64,0,0.296,-1.0328,
64,41,True,0.333224,-1.5335,none,,,False,,64,0,0.296,-2.2529,
64,16,True,0.246433,-2.0629,none,,,False,,64,0,0.2927,-2.025,
64,14,True,0.320352,-1.612,none,,,False,,64,0,0.2897,-1.8754,
64,96,True,0.194166,-2.3817,none,,,False,,64,0,0.2855,-2.6199,
64,24,True,0.284969,-1.8278,none,,,False,,64,0,0.2842,-0.9463,
65,95,True,2.527526,3.0,cusum,,,True,positive,65,0,0.2554,4.0714,
65,44,True,1.174874,3.0,cusum,,,True,positive,65,0,0.2539,4.0693,
65,63,True,0.9565,2.21,cusum,,,True,positive,65,0,0.3202,3.3951,
65,13,True,0.930764,2.0567,none,,,False,,65,0,0.2549,3.3727,
65,31,True,1.002962,2.4868,cusum,,,True,positive,65,0,0.2549,2.9597,
65,74,True,0.847341,1.5597,none,,,False,,65,0,0.2539,2.8061,
65,27,True,0.897928,1.8611,none,,,False,,65,0,0.2549,2.471,
65,94,True,0.826055,1.4329,cusum,,,True,positive,65,0,0.3107,2.2559,
65,78,True,0.78049,1.1615,none,,,False,,65,0,0.2544,2.0701,
65,35,True,0.755662,1.0136,none,,,False,,65,0,0.2522,1.9768,
65,5,True,0.888317,1.8038,none,,,False,,65,0,0.2535,1.8643,
65,1,True,0.701789,0.6927,none,,,False,,65,0,0.2539,1.6627,
65,36,True,0.627631,0.2509,none,,,False,,65,0,0.253,1.6252,
65,19,True,0.614263,0.1712,none,,,False,,65,0,0.253,1.0873,
65,48,True,0.695692,0.6563,none,,,False,,65,0,0.2535,0.6954,
65,11,True,0.784797,1.1872,none,,,False,,65,0,0.0554,0.6233,
65,20,True,0.582383,-0.0187,none,,,False,,65,0,0.0535,0.4748,
65,60,True,0.563082,-0.1337,none,,,False,,65,0,0.0539,0.3181,
65,32,True,0.647765,0.3708,none,,,False,,65,0,0.0927,0.2941,
65,51,True,0.678495,0.5539,none,,,False,,65,0,0.0559,0.2309,
65,34,True,0.496939,-0.5277,none,,,False,,65,0,0.0539,0.1722,
65,21,True,0.576092,-0.0562,none,,,False,,65,0,0.0559,0.1628,
65,54,True,0.583206,-0.0138,none,,,False,,65,0,0.0971,0.1537,
65,87,True,0.666925,0.485,none,,,False,,65,0,0.0522,0.1351,
65,47,True,0.636205,0.3019,none,,,False,,65,0,0.0588,0.119,
65,23,True,0.441594,-0.8574,none,,,False,,65,0,0.0522,0.1169,
65,22,True,0.535223,-0.2996,none,,,False,,65,0,0.0564,0.0971,
65,10,True,0.553254,-0.1922,none,,,False,,65,0,0.0535,0.0474,
65,68,True,0.658257,0.4333,none,,,False,,65,0,0.0535,0.0149,
65,57,True,0.569816,-0.0935,none,,,False,,65,0,0.0549,-0.0114,
65,77,True,0.594129,0.0513,none,,,False,,65,0,0.0654,-0.0496,
65,45,True,0.544978,-0.2415,none,,,False,,65,0,0.0645,-0.0815,
65,91,True,0.537318,-0.2871,none,,,False,,65,0,0.0549,-0.0837,
65,64,True,0.58783,0.0138,none,,,False,,65,0,0.0588,-0.2155,
65,61,True,0.615619,0.1793,none,,,False,,65,0,0.0549,-0.2167,
65,53,True,0.513133,-0.4312,none,,,False,,65,0,0.0614,-0.2597,
65,15,True,0.600825,0.0912,none,,,False,,65,0,0.2927,-0.4209,
65,92,True,0.540489,-0.2683,none,,,False,,65,0,0.0559,-0.4284,
65,4,True,0.173566,-2.4541,none,,,False,,65,0,0.3252,-2.2786,
65,90,True,0.339115,-1.4679,none,,,False,,65,0,0.3107,-2.2617,
65,52,True,0.360416,-1.341,none,,,False,,65,0,0.2971,-0.9571,
65,41,True,0.261333,-1.9312,cusum,,,True,negative,65,0,0.2927,-2.0079,
65,49,True,0.356313,-1.3654,none,,,False,,65,0,0.2908,-1.6095,
65,26,True,0.383239,-1.205,none,,,False,,65,0,0.2896,-0.9861,
65,37,True,0.402658,-1.0893,none,,,False,,65,0,0.2896,-1.7342,
65,40,True,0.310165,-1.6403,none,,,False,,65,0,0.2896,-1.745,
65,73,True,0.106899,-2.8512,none,,,False,,65,0,0.2885,-2.1929,
65,81,True,0.407172,-1.0625,none,,,False,,65,0,0.2885,-1.0079,
65,6,True,0.42619,-0.9492,none,,,False,,65,0,0.2867,-2.1792,
65,25,True,0.519973,-0.3905,none,,,False,,65,0,0.2854,-1.1573,
66,95,True,1.867031,3.0,none,,,False,,66,0,0.2548,4.0707,
66,44,True,1.095403,2.9225,none,,,False,,66,0,0.2534,4.0687,
66,63,True,0.968912,2.1718,none,,,False,,66,0,0.3163,3.3765,
66,13,True,0.873549,1.6058,cusum,,,True,positive,66,0,0.2543,3.3249,
66,31,True,0.834313,1.373,none,,,False,,66,0,0.2543,3.2831,
66,74,True,0.844471,1.4333,cusum,,,True,positive,66,0,0.2534,2.7449,
66,5,True,0.665397,0.3705,cusum,,,True,positive,66,0,0.2529,2.6425,
66,27,True,0.680987,0.463,cusum,,,True,positive,66,0,0.2543,2.5677,
66,94,True,0.818939,1.2817,none,,,False,,66,0,0.307,2.5303,
66,78,True,0.733835,0.7766,none,,,False,,66,0,0.2538,2.1782,
66,35,True,0.664032,0.3624,cusum,,,True,positive,66,0,0.2517,1.9136,
66,36,True,0.728275,0.7436,none,,,False,,66,0,0.2525,1.5957,
66,19,True,0.715099,0.6654,none,,,False,,66,0,0.2525,1.1349,
66,11,True,0.679931,0.4567,none,,,False,,66,0,0.0548,0.8015,
66,48,True,0.72495,0.7239,none,,,False,,66,0,0.2529,0.6454,
66,1,True,0.696728,0.5564,none,,,False,,66,0,0.2534,0.5987,
66,20,True,0.451402,-0.8996,none,,,False,,66,0,0.0529,0.3616,
66,87,True,0.60205,-0.0055,none,,,False,,66,0,0.0517,0.336,
66,32,True,0.622,0.1129,none,,,False,,66,0,0.0896,0.322,
66,51,True,0.644607,0.2471,none,,,False,,66,0,0.0553,0.3147,
66,60,True,0.585921,-0.1012,none,,,False,,66,0,0.0534,0.2818,
66,47,True,0.430763,-1.0221,none,,,False,,66,0,0.0581,0.2805,
66,54,True,0.631343,0.1684,none,,,False,,66,0,0.0939,0.1766,
66,61,True,0.585616,-0.103,none,,,False,,66,0,0.0543,0.1606,
66,21,True,0.631537,0.1695,none,,,False,,66,0,0.0553,0.0784,
66,77,True,0.618094,0.0897,none,,,False,,66,0,0.0645,0.0237,
66,57,True,0.551324,-0.3065,none,,,False,,66,0,0.0543,0.0034,
66,34,True,0.6039,0.0055,none,,,False,,66,0,0.0534,-0.0386,
66,10,True,0.638541,0.2111,none,,,False,,66,0,0.0529,-0.0439,
66,22,True,0.624201,0.126,none,,,False,,66,0,0.0558,-0.0596,
66,23,True,0.634323,0.186,none,,,False,,66,0,0.0517,-0.0764,
66,68,True,0.380065,-1.323,none,,,False,,66,0,0.0529,-0.0842,
66,64,True,0.541139,-0.367,none,,,False,,66,0,0.0581,-0.1422,
66,92,True,0.524261,-0.4672,none,,,False,,66,0,0.0553,-0.2369,
66,45,True,0.487804,-0.6835,none,,,False,,66,0,0.0636,-0.2408,
66,91,True,0.600225,-0.0163,none,,,False,,66,0,0.0543,-0.2427,
66,53,True,0.508666,-0.5597,none,,,False,,66,0,0.0606,-0.3049,
66,15,True,0.537673,-0.3876,none,,,False,,66,0,0.2896,-0.3104,
66,4,True,0.32862,-1.6283,cusum,,,True,negative,66,0,0.3211,-2.4325,
66,90,True,0.215513,-2.2996,cusum,,,True,negative,66,0,0.307,-2.3178,
66,52,True,0.363646,-1.4204,none,,,False,,66,0,0.2939,-1.2597,
66,16,True,0.400666,-1.2007,none,,,False,,66,0,0.2908,-2.1103,
66,41,True,0.184483,-2.4837,none,,,False,,66,0,0.2896,-2.1123,
66,33,True,0.313735,-1.7166,none,,,False,,66,0,0.2891,-2.3256,
66,70,True,0.20238,-2.3775,none,,,False,,66,0,0.2879,-2.4154,
66,73,True,0.378778,-1.3306,cusum,,,True,negative,66,0,0.2854,-2.29,
66,81,True,0.509516,-0.5547,none,,,False,,66,0,0.2854,-1.4918,
66,93,True,0.358531,-1.4508,none,,,False,,66,0,0.2848,-0.8435,
66,14,True,0.39716,-1.2215,none,,,False,,66,0,0.2826,-2.0105,
66,24,True,0.404297,-1.1791,none,,,False,,66,0,0.2826,-1.7199,
67,95,True,2.414395,3.0,cusum,,,True,positive,67,0,0.2542,4.07,
67,44,True,1.181393,2.986,cusum,,,True,positive,67,0,0.2529,4.0422,
67,63,True,0.979109,1.9816,cusum,,,True,positive,67,0,0.3125,3.3208,
67,13,True,0.929726,1.7364,none,,,False,,67,0,0.2538,3.1418,
67,31,True,0.893875,1.5584,cusum,,,True,positive,67,0,0.2538,3.1009,
67,74,True,0.828132,1.2319,none,,,False,,67,0,0.2529,2.583,
67,94,True,0.844608,1.3137,none,,,False,,67,0,0.3036,2.5334,
67,27,True,0.864326,1.4116,none,,,False,,67,0,0.2538,2.3646,
67,5,True,0.90489,1.613,none,,,False,,67,0,0.2524,2.3462,
67,78,True,0.738438,0.7865,cusum,,,True,positive,67,0,0.2533,2.1664,
67,35,True,0.732519,0.7571,none,,,False,,67,0,0.2512,1.7507,
67,48,True,0.661981,0.4069,cusum,,,True,positive,67,0,0.2524,1.7341,
67,36,True,0.577009,-0.015,none,,,False,,67,0,0.252,1.4809,
67,11,True,0.738497,0.7868,none,,,False,,67,0,0.0542,0.8478,
67,1,True,0.594857,0.0736,none,,,False,,67,0,0.2529,0.5611,
67,19,True,0.627059,0.2335,none,,,False,,67,0,0.252,0.4968,
67,87,True,0.758715,0.8872,none,,,False,,67,0,0.0512,0.473,
67,51,True,0.677429,0.4836,none,,,False,,67,0,0.0547,0.4129,
67,32,True,0.656981,0.3821,none,,,False,,67,0,0.0866,0.3551,
67,21,True,0.564757,-0.0759,none,,,False,,67,0,0.0547,0.1611,
67,54,True,0.60206,0.1093,none,,,False,,67,0,0.0908,0.0991,
67,61,True,0.333536,-1.224,none,,,False,,67,0,0.0538,0.0813,
67,60,True,0.583069,0.015,none,,,False,,67,0,0.0529,0.0793,
67,47,True,0.667186,0.4327,none,,,False,,67,0,0.0574,0.0332,
67,77,True,0.554246,-0.1281,none,,,False,,67,0,0.0636,-0.0064,
67,10,True,0.635834,0.2771,none,,,False,,67,0,0.0524,-0.0109,
67,20,True,0.58619,0.0305,none,,,False,,67,0,0.0524,-0.0154,
67,91,True,0.601087,0.1045,none,,,False,,67,0,0.0538,-0.05,
67,57,True,0.552319,-0.1376,none,,,False,,67,0,0.0538,-0.0612,
67,64,True,0.56033,-0.0979,none,,,False,,67,0,0.0574,-0.1059,
67,22,True,0.512433,-0.3357,none,,,False,,67,0,0.0552,-0.1209,
67,15,True,0.565269,-0.0733,none,,,False,,67,0,0.2866,-0.143,
67,23,True,0.562423,-0.0875,none,,,False,,67,0,0.0512,-0.1887,
67,53,True,0.556683,-0.116,none,,,False,,67,0,0.0599,-0.2551,
67,34,True,0.571132,-0.0442,none,,,False,,67,0,0.0529,-0.2647,
67,45,True,0.414531,-0.8218,none,,,False,,67,0,0.0628,-0.3703,
67,92,True,0.508822,-0.3536,none,,,False,,67,0,0.0547,-0.3904,
67,68,True,0.670654,0.4499,none,,,False,,67,0,0.0524,-0.4645,
67,93,True,0.323724,-1.2727,cusum,,,True,negative,67,0,0.3318,-1.8138,
67,4,True,0.277639,-1.5016,none,,,False,,67,0,0.3172,-2.3577,
67,90,True,0.274703,-1.5161,none,,,False,,67,0,0.3036,-2.2964,
67,52,True,0.534758,-0.2248,none,,,False,,67,0,0.2908,-1.4046,
67,26,True,0.419585,-0.7967,none,,,False,,67,0,0.2878,-1.0244,
67,37,True,0.284938,-1.4653,none,,,False,,67,0,0.2878,-1.5935,
67,40,True,0.374956,-1.0183,none,,,False,,67,0,0.2878,-1.9002,
67,41,True,0.289755,-1.4414,cusum,,,True,negative,67,0,0.2866,-2.39,
67,39,True,0.220833,-1.7836,none,,,False,,67,0,0.285,-2.0935,
67,96,True,0.395752,-0.9151,none,,,False,,67,0,0.285,-3.2055,
67,83,True,0.299013,-1.3954,none,,,False,,67,0,0.2844,-0.8886,
67,25,True,0.460848,-0.5918,none,,,False,,67,0,0.2838,-0.9642,
68,95,True,2.771996,3.0,none,,,False,,68,0,0.2537,4.0693,
68,44,True,1.248404,3.0,none,,,False,,68,0,0.2523,4.0369,
68,63,True,0.924429,2.1161,none,,,False,,68,0,0.3089,3.2232,
68,31,True,0.690647,0.6534,none,,,False,,68,0,0.2532,2.8747,
68,13,True,0.870294,1.7774,cusum,,,True,positive,68,0,0.2532,2.8683,
68,74,True,0.75939,1.0835,none,,,False,,68,0,0.2523,2.4757,
68,94,True,0.826709,1.5047,cusum,,,True,positive,68,0,0.3003,2.4409,
68,5,True,0.526319,-0.3747,none,,,False,,68,0,0.2519,2.3293,
68,27,True,0.858761,1.7052,none,,,False,,68,0,0.2532,2.3139,
68,78,True,0.769293,1.1455,none,,,False,,68,0,0.2528,1.9763,
68,11,True,0.661911,0.4737,cusum,,,True,positive,68,0,0.2537,1.8796,
68,35,True,0.706173,0.7506,none,,,False,,68,0,0.2507,1.7761,
68,48,True,0.66376,0.4852,none,,,False,,68,0,0.2519,1.6625,
68,36,True,0.669263,0.5197,none,,,False,,68,0,0.2515,1.3927,
68,87,True,0.630839,0.2793,none,,,False,,68,0,0.0507,0.5207,
68,1,True,0.66051,0.4649,none,,,False,,68,0,0.2523,0.5083,
68,51,True,0.643501,0.3585,none,,,False,,68,0,0.0542,0.4982,
68,19,True,0.481024,-0.658,none,,,False,,68,0,0.2515,0.4229,
68,32,True,0.605823,0.1228,none,,,False,,68,0,0.0838,0.3799,
68,54,True,0.598456,0.0767,none,,,False,,68,0,0.0878,0.1808,
68,10,True,0.647172,0.3815,none,,,False,,68,0,0.0519,0.1655,
68,77,True,0.47376,-0.7035,none,,,False,,68,0,0.0627,0.0865,
68,21,True,0.648951,0.3926,none,,,False,,68,0,0.0542,0.0825,
68,91,True,0.613547,0.1711,none,,,False,,68,0,0.0532,0.0024,
68,60,True,0.424721,-1.0103,none,,,False,,68,0,0.0523,-0.0059,
68,47,True,0.632555,0.29,none,,,False,,68,0,0.0568,-0.0221,
68,15,True,0.459918,-0.7901,none,,,False,,68,0,0.2838,-0.032,
68,64,True,0.539052,-0.295,none,,,False,,68,0,0.0568,-0.0766,
68,68,True,0.630127,0.2748,none,,,False,,68,0,0.0519,-0.0797,
68,22,True,0.591016,0.0301,none,,,False,,68,0,0.0546,-0.0991,
68,57,True,0.516336,-0.4371,none,,,False,,68,0,0.0532,-0.1106,
68,34,True,0.481288,-0.6564,none,,,False,,68,0,0.0523,-0.1214,
68,81,True,0.475762,-0.691,none,,,False,,68,0,0.2889,-0.1782,
68,23,True,0.495913,-0.5649,none,,,False,,68,0,0.0507,-0.1878,
68,20,True,0.656319,0.4387,none,,,False,,68,0,0.0519,-0.2291,
68,53,True,0.581388,-0.0301,none,,,False,,68,0,0.0592,-0.2918,
68,92,True,0.529201,-0.3566,none,,,False,,68,0,0.0542,-0.293,
68,61,True,0.530489,-0.3486,none,,,False,,68,0,0.0532,-0.3139,
68,83,True,0.24987,-2.1042,cusum,,,True,negative,68,0,0.3485,-1.4789,
68,93,True,0.387533,-1.2429,none,,,False,,68,0,0.3275,-1.6175,
68,4,True,0.290145,-1.8522,cusum,,,True,negative,68,0,0.3134,-2.2571,
68,90,True,0.246197,-2.1272,cusum,,,True,negative,68,0,0.3003,-2.1631,
68,49,True,0.279917,-1.9162,none,,,False,,68,0,0.2901,-1.4874,
68,16,True,0.320666,-1.6613,none,,,False,,68,0,0.2889,-2.1194,
68,73,True,0.258115,-2.0526,none,,,False,,68,0,0.2889,-2.2712,
68,52,True,0.343445,-1.5188,none,,,False,,68,0,0.2878,-1.4026,
68,97,True,0.475486,-0.6927,none,,,False,,68,0,0.2871,-0.7245,
68,6,True,0.435887,-0.9404,none,,,False,,68,0,0.2861,-1.4587,
68,41,True,0.301633,-1.7804,none,,,False,,68,0,0.2838,-2.3608,
68,43,True,0.11868,-2.925,none,,,False,,68,0,0.2819,-0.859,
69,95,True,2.629077,3.0,cusum,,,True,positive,69,0,0.2531,4.0687,
69,44,True,1.055017,2.085,cusum,,,True,positive,69,0,0.2518,4.0363,
69,63,True,0.892337,1.3688,cusum,,,True,positive,69,0,0.3055,3.1898,
69,13,True,0.839609,1.1367,none,,,False,,69,0,0.2527,2.7746,
69,94,True,0.777145,0.8617,none,,,False,,69,0,0.2971,2.4629,
69,74,True,0.885205,1.3374,cusum,,,True,positive,69,0,0.2518,2.3164,
69,31,True,0.985355,1.7783,none,,,False,,69,0,0.2527,2.263,
69,27,True,0.908751,1.4411,cusum,,,True,positive,69,0,0.2527,2.2613,
69,78,True,0.666132,0.373,none,,,False,,69,0,0.2523,1.9703,
69,35,True,0.773527,0.8458,none,,,False,,69,0,0.2503,1.6879,
69,11,True,0.802195,0.972,none,,,False,,69,0,0.2531,1.6411,
69,48,True,0.536512,-0.1976,none,,,False,,69,0,0.2514,1.6049,
69,5,True,0.886099,1.3413,none,,,False,,69,0,0.2514,1.6025,
69,36,True,0.63235,0.2243,none,,,False,,69,0,0.251,0.4817,
69,87,True,0.681093,0.4389,none,,,False,,69,0,0.0503,0.4515,
69,51,True,0.703318,0.5367,none,,,False,,69,0,0.0536,0.4324,
69,1,True,0.813607,1.0222,none,,,False,,69,0,0.2518,0.4318,
69,10,True,0.592429,0.0485,none,,,False,,69,0,0.0514,0.3561,
69,32,True,0.649538,0.2999,none,,,False,,69,0,0.081,0.2957,
69,21,True,0.54374,-0.1658,none,,,False,,69,0,0.0536,0.2314,
69,54,True,0.622932,0.1828,none,,,False,,69,0,0.0849,0.2094,
69,91,True,0.619185,0.1663,none,,,False,,69,0,0.0527,0.1545,
69,19,True,0.685352,0.4576,none,,,False,,69,0,0.251,0.146,
69,22,True,0.513001,-0.3011,none,,,False,,69,0,0.0541,0.0101,
69,47,True,0.735852,0.6799,none,,,False,,69,0,0.0561,-0.0268,
69,20,True,0.626064,0.1966,none,,,False,,69,0,0.0514,-0.0772,
69,23,True,0.549551,-0.1402,none,,,False,,69,0,0.0503,-0.0909,
69,68,True,0.580581,-0.0036,none,,,False,,69,0,0.0514,-0.1332,
69,53,True,0.458544,-0.5409,none,,,False,,69,0,0.0584,-0.159,
69,34,True,0.588173,0.0298,none,,,False,,69,0,0.0518,-0.1649,
69,77,True,0.537152,-0.1948,none,,,False,,69,0,0.0618,-0.1662,
69,64,True,0.558678,-0.1,none,,,False,,69,0,0.0561,-0.1803,
69,57,True,0.566138,-0.0672,none,,,False,,69,0,0.0527,-0.2257,
69,60,True,0.565421,-0.0704,none,,,False,,69,0,0.0518,-0.2987,
69,97,True,0.387655,-0.8529,none,,,False,,69,0,0.1383,-0.2996,
69,92,True,0.496611,-0.3733,none,,,False,,69,0,0.0536,-0.3231,
69,15,True,0.582228,0.0036,none,,,False,,69,0,0.281,-0.3272,
69,83,True,0.397915,-0.8078,none,,,False,,69,0,0.3436,-1.8501,
69,43,True,0.338393,-1.0698,cusum,,,True,negative,69,0,0.3383,-2.1302,
69,93,True,0.402501,-0.7876,none,,,False,,69,0,0.3235,-1.713,
69,4,True,0.27587,-1.345,none,,,False,,69,0,0.3098,-2.0586,
69,90,True,0.363646,-0.9586,none,,,False,,69,0,0.2971,-2.3847,
69,14,True,0.402789,-0.7863,none,,,False,,69,0,0.2872,-1.3771,
69,24,True,0.357524,-0.9856,none,,,False,,69,0,0.2872,-1.7582,
69,70,True,0.209233,-1.6384,none,,,False,,69,0,0.2872,-2.9832,
69,26,True,0.429423,-0.6691,none,,,False,,69,0,0.2861,-1.4388,
69,37,True,0.328114,-1.1151,none,,,False,,69,0,0.2861,-1.2349,
69,40,True,0.37361,-0.9148,none,,,False,,69,0,0.2861,-1.4163,
69,18,True,0.285921,-1.3008,none,,,False,,69,0,0.2854,-0.6491,
69,52,True,0.457006,-0.5476,cusum,,,True,negative,69,0,0.2849,-1.4634,
70,95,True,2.772894,3.0,none,,,False,,70,0,0.2526,4.068,
70,44,True,1.246004,3.0,none,,,False,,70,0,0.2514,3.7566,
70,63,True,0.925105,2.2648,none,,,False,,70,0,0.3022,2.9202,
70,13,True,0.875804,1.9199,none,,,False,,70,0,0.2522,2.6176,
70,27,True,0.773706,1.2057,none,,,False,,70,0,0.2522,2.5867,
70,31,True,0.946173,2.4121,cusum,,,True,positive,70,0,0.2522,2.3975,
70,94,True,0.869202,1.8737,none,,,False,,70,0,0.294,2.3212,
70,74,True,0.880837,1.9551,none,,,False,,70,0,0.2514,2.2838,
70,5,True,0.789637,1.3172,none,,,False,,70,0,0.251,1.9256,
70,35,True,0.624593,0.1627,none,,,False,,70,0,0.2498,1.8485,
70,78,True,0.706208,0.7336,none,,,False,,70,0,0.2518,1.8352,
70,11,True,0.674402,0.5111,none,,,False,,70,0,0.2526,1.8122,
70,1,True,0.72499,0.8649,cusum,,,True,positive,70,0,0.2514,1.5865,
70,48,True,0.715434,0.7981,none,,,False,,70,0,0.251,1.2971,
70,87,True,0.650774,0.3458,none,,,False,,70,0,0.0498,0.5991,
70,47,True,0.512896,-0.6187,none,,,False,,70,0,0.0555,0.5397,
70,51,True,0.660993,0.4173,none,,,False,,70,0,0.0531,0.5283,
70,32,True,0.58125,-0.1405,none,,,False,,70,0,0.0783,0.3566,
70,36,True,0.603022,0.0118,none,,,False,,70,0,0.2506,0.3081,
70,68,True,0.61793,0.116,none,,,False,,70,0,0.051,0.306,
70,10,True,0.614123,0.0894,none,,,False,,70,0,0.051,0.3013,
70,20,True,0.699298,0.6852,none,,,False,,70,0,0.051,0.2876,
70,91,True,0.61007,0.0611,none,,,False,,70,0,0.0522,0.2147,
70,54,True,0.55495,-0.3245,none,,,False,,70,0,0.0821,0.2127,
70,21,True,0.652339,0.3567,none,,,False,,70,0,0.0531,0.119,
70,19,True,0.566297,-0.2451,none,,,False,,70,0,0.2506,0.0761,
70,64,True,0.558934,-0.2966,none,,,False,,70,0,0.0555,-0.0921,
70,22,True,0.559363,-0.2936,none,,,False,,70,0,0.0535,-0.1329,
70,57,True,0.543233,-0.4065,none,,,False,,70,0,0.0522,-0.1466,
70,53,True,0.599657,-0.0118,none,,,False,,70,0,0.0578,-0.1536,
70,34,True,0.678549,0.5401,none,,,False,,70,0,0.0514,-0.1574,
70,15,True,0.414856,-1.3045,none,,,False,,70,0,0.0783,-0.1982,
70,23,True,0.544145,-0.4001,none,,,False,,70,0,0.0498,-0.2002,
70,77,True,0.464813,-0.955,none,,,False,,70,0,0.061,-0.2621,
70,60,True,0.640237,0.2721,none,,,False,,70,0,0.0514,-0.289,
70,92,True,0.492038,-0.7646,none,,,False,,70,0,0.0531,-0.2925,
70,61,True,0.513452,-0.6148,none,,,False,,70,0,0.0576,-0.4905,
70,83,True,0.300083,-2.1073,none,,,False,,70,0,0.3389,-1.818,
70,43,True,0.27505,-2.2824,none,,,False,,70,0,0.3339,-2.2628,
70,97,True,0.525685,-0.5292,cusum,,,True,negative,70,0,0.3339,-1.1037,
70,93,True,0.387021,-1.4992,none,,,False,,70,0,0.3196,-1.4945,
70,4,True,0.30239,-2.0912,cusum,,,True,negative,70,0,0.3064,-1.9663,
70,90,True,0.206166,-2.7643,none,,,False,,70,0,0.294,-1.9395,
70,33,True,0.405352,-1.3709,none,,,False,,70,0,0.2895,-1.6693,
70,25,True,0.548576,-0.3691,none,,,False,,70,0,0.2883,-1.3902,
70,16,True,0.354919,-1.7237,none,,,False,,70,0,0.2871,-2.0518,
70,41,True,0.27757,-2.2648,none,,,False,,70,0,0.2871,-2.312,
70,73,True,0.288005,-2.1918,none,,,False,,70,0,0.2871,-2.4884,
70,81,True,0.696229,0.6638,none,,,False,,70,0,0.2871,-0.6796,
70,0,True,0.531936,-0.4855,none,,,False,,70,0,0.2851,-0.7561,
71,95,True,2.704346,3.0,cusum,,,True,positive,71,0,0.2521,4.0674,
71,44,True,1.183234,2.8441,cusum,,,True,positive,71,0,0.2509,3.7606,
71,63,True,0.944591,1.7184,cusum,,,True,positive,71,0,0.299,3.0128,
71,31,True,0.972461,1.8499,none,,,False,,71,0,0.2517,2.6814,
71,13,True,0.843002,1.2392,cusum,,,True,positive,71,0,0.2517,2.6781,
71,74,True,0.899401,1.5052,cusum,,,True,positive,71,0,0.2509,2.5243,
71,27,True,0.836518,1.2086,none,,,False,,71,0,0.2517,2.5175,
71,94,True,0.882369,1.4249,cusum,,,True,positive,71,0,0.291,2.5062,
71,1,True,0.740243,0.7545,none,,,False,,71,0,0.2509,1.8497,
71,5,True,0.866628,1.3507,cusum,,,True,positive,71,0,0.2505,1.8264,
71,78,True,0.707126,0.5983,none,,,False,,71,0,0.2513,1.8169,
71,11,True,0.685449,0.496,none,,,False,,71,0,0.2521,1.7197,
71,48,True,0.620116,0.1879,none,,,False,,71,0,0.2505,1.427,
71,35,True,0.832294,1.1887,none,,,False,,71,0,0.2494,0.6498,
71,51,True,0.692594,0.5297,none,,,False,,71,0,0.0526,0.5055,
71,20,True,0.530846,-0.2332,none,,,False,,71,0,0.0505,0.5053,
71,87,True,0.758736,0.8417,none,,,False,,71,0,0.0494,0.4181,
71,36,True,0.473529,-0.5036,none,,,False,,71,0,0.2501,0.3165,
71,21,True,0.527326,-0.2498,none,,,False,,71,0,0.0526,0.2625,
71,10,True,0.59388,0.0641,none,,,False,,71,0,0.0505,0.2382,
71,91,True,0.556496,-0.1122,none,,,False,,71,0,0.0517,0.1996,
71,68,True,0.716773,0.6438,none,,,False,,71,0,0.0505,0.1942,
71,47,True,0.700988,0.5693,none,,,False,,71,0,0.0549,0.1885,
71,32,True,0.625675,0.2141,none,,,False,,71,0,0.0757,0.1811,
71,54,True,0.577511,-0.0131,none,,,False,,71,0,0.0795,0.0667,
71,34,True,0.624137,0.2068,none,,,False,,71,0,0.0509,0.0368,
71,19,True,0.705604,0.5911,none,,,False,,71,0,0.2501,-0.084,
71,81,True,0.219767,-1.7006,none,,,False,,71,0,0.2795,-0.1056,
71,22,True,0.547727,-0.1536,none,,,False,,71,0,0.053,-0.1195,
71,53,True,0.501898,-0.3698,none,,,False,,71,0,0.0571,-0.1197,
71,64,True,0.546293,-0.1604,none,,,False,,71,0,0.0549,-0.1591,
71,60,True,0.518692,-0.2905,none,,,False,,71,0,0.0509,-0.2039,
71,57,True,0.603248,0.1083,none,,,False,,71,0,0.0517,-0.2368,
71,23,True,0.4399,-0.6622,none,,,False,,71,0,0.0494,-0.3049,
71,92,True,0.45276,-0.6015,none,,,False,,71,0,0.0526,-0.4301,
71,45,True,0.583066,0.0131,none,,,False,,71,0,0.0765,-0.5012,
71,77,True,0.664188,0.3957,none,,,False,,71,0,0.0603,-0.5387,
71,83,True,0.322943,-1.2139,cusum,,,True,negative,71,0,0.3345,-2.0584,
71,43,True,0.295576,-1.343,cusum,,,True,negative,71,0,0.3297,-2.4806,
71,97,True,0.438608,-0.6683,none,,,False,,71,0,0.3297,-1.0798,
71,93,True,0.43229,-0.6981,cusum,,,True,negative,71,0,0.3159,-1.5723,
71,4,True,0.318185,-1.2363,none,,,False,,71,0,0.3031,-2.1648,
71,90,True,0.32008,-1.2274,cusum,,,True,negative,71,0,0.291,-2.3572,
71,39,True,0.306797,-1.29,none,,,False,,71,0,0.2905,-1.6312,
71,96,True,0.385123,-0.9206,none,,,False,,71,0,0.2905,-2.0119,
71,49,True,0.233615,-1.6352,none,,,False,,71,0,0.2893,-1.8918,
71,52,True,0.376694,-0.9603,none,,,False,,71,0,0.2882,-1.1739,
71,6,True,0.431786,-0.7005,none,,,False,,71,0,0.2856,-1.3246,
71,26,True,0.361184,-1.0335,none,,,False,,71,0,0.2844,-1.3019,
71,37,True,0.435984,-0.6807,none,,,False,,71,0,0.2844,-1.6349,
72,95,True,2.739441,3.0,none,,,False,,72,0,0.2516,4.0668,
72,44,True,1.205052,2.843,none,,,False,,72,0,0.2504,3.7081,
72,31,True,0.91424,1.512,cusum,,,True,positive,72,0,0.2512,3.0797,
72,63,True,0.840145,1.1729,none,,,False,,72,0,0.296,2.8785,
72,74,True,0.851353,1.2242,none,,,False,,72,0,0.2504,2.6643,
72,13,True,0.931708,1.5919,none,,,False,,72,0,0.2512,2.4982,
72,94,True,0.847501,1.2065,none,,,False,,72,0,0.2882,2.4781,
72,5,True,0.924093,1.5571,none,,,False,,72,0,0.25,2.4009,
72,27,True,0.882191,1.3653,cusum,,,True,positive,72,0,0.2512,2.3514,
72,1,True,0.719276,0.6197,none,,,False,,72,0,0.2504,1.9456,
72,11,True,0.752307,0.7709,none,,,False,,72,0,0.2516,1.7265,
72,35,True,0.624565,0.1862,none,,,False,,72,0,0.249,0.7954,
72,78,True,0.840844,1.1761,none,,,False,,72,0,0.2508,0.6339,
72,87,True,0.627106,0.1978,none,,,False,,72,0,0.049,0.6051,
72,51,True,0.663626,0.365,none,,,False,,72,0,0.0521,0.562,
72,19,True,0.574969,-0.0408,none,,,False,,72,0,0.0497,0.3319,
72,48,True,0.74323,0.7293,none,,,False,,72,0,0.25,0.3273,
72,34,True,0.677374,0.4279,none,,,False,,72,0,0.0504,0.324,
72,68,True,0.592275,0.0384,none,,,False,,72,0,0.05,0.3166,
72,47,True,0.552794,-0.1423,none,,,False,,72,0,0.0544,0.2809,
72,20,True,0.57581,-0.0369,none,,,False,,72,0,0.05,0.2808,
72,32,True,0.581011,-0.0131,none,,,False,,72,0,0.0732,0.2102,
72,10,True,0.479334,-0.4785,none,,,False,,72,0,0.05,0.1319,
72,91,True,0.631755,0.2191,none,,,False,,72,0,0.0512,0.1046,
72,21,True,0.586755,0.0131,none,,,False,,72,0,0.0521,0.0478,
72,60,True,0.66921,0.3905,none,,,False,,72,0,0.0504,0.0355,
72,54,True,0.645738,0.2831,none,,,False,,72,0,0.0769,0.0354,
72,36,True,0.643483,0.2728,none,,,False,,72,0,0.2497,-0.0252,
72,57,True,0.277529,-1.4021,none,,,False,,72,0,0.0512,-0.0556,
72,64,True,0.556032,-0.1275,none,,,False,,72,0,0.0544,-0.115,
72,77,True,0.538025,-0.2099,none,,,False,,72,0,0.0595,-0.1733,
72,22,True,0.562016,-0.1001,none,,,False,,72,0,0.0525,-0.1814,
72,53,True,0.283137,-1.3765,none,,,False,,72,0,0.0565,-0.2337,
72,23,True,0.570132,-0.0629,none,,,False,,72,0,0.049,-0.3378,
72,45,True,0.530308,-0.2452,none,,,False,,72,0,0.0609,-0.4174,
72,81,True,0.685712,0.4661,none,,,False,,72,0,0.2769,-0.4889,
72,92,True,0.603456,0.0896,none,,,False,,72,0,0.0521,-0.5124,
72,12,True,0.543444,-0.1851,none,,,False,,72,0,0.1045,-0.5697,
72,83,True,0.35392,-1.0525,none,,,False,,72,0,0.3303,-1.7645,
72,43,True,0.313856,-1.2359,none,,,False,,72,0,0.3257,-1.956,
72,97,True,0.460832,-0.5632,none,,,False,,72,0,0.3257,-1.0744,
72,93,True,0.361928,-1.0159,none,,,False,,72,0,0.3124,-1.3929,
72,4,True,0.22066,-1.6624,cusum,,,True,negative,72,0,0.3,-1.9613,
72,40,True,0.39673,-0.8566,none,,,False,,72,0,0.2903,-1.6028,
72,90,True,0.298599,-1.3057,none,,,False,,72,0,0.2882,-2.0588,
72,14,True,0.34555,-1.0908,none,,,False,,72,0,0.2866,-1.6196,
72,24,True,0.208867,-1.7164,none,,,False,,72,0,0.2866,-1.2438,
72,70,True,0.216809,-1.6801,none,,,False,,72,0,0.2866,-2.1088,
72,16,True,0.320318,-1.2063,none,,,False,,72,0,0.2855,-1.9402,
72,41,True,0.224084,-1.6468,none,,,False,,72,0,0.2855,-2.2405,
73,95,True,2.717557,3.0,cusum,,,True,positive,73,0,0.2512,4.0662,
73,44,True,1.166493,1.954,cusum,,,True,positive,73,0,0.25,3.9602,
73,31,True,0.942178,1.1832,none,,,False,,73,0,0.2508,2.9903,
73,63,True,0.84563,0.8514,none,,,False,,73,0,0.2931,2.8115,
73,13,True,0.889131,1.0009,none,,,False,,73,0,0.2508,2.6493,
73,74,True,0.897728,1.0304,none,,,False,,73,0,0.25,2.6261,
73,94,True,0.870219,0.9359,none,,,False,,73,0,0.2855,2.5915,
73,5,True,0.984136,1.3274,none,,,False,,73,0,0.2496,2.4723,
73,27,True,0.921609,1.1125,none,,,False,,73,0,0.2508,2.3255,
73,78,True,0.543309,-0.1874,cusum,,,True,positive,73,0,0.2504,1.9011,
73,1,True,0.819822,0.7628,none,,,False,,73,0,0.25,1.8109,
73,11,True,0.830681,0.8001,none,,,False,,73,0,0.2512,0.6589,
73,48,True,0.648936,0.1756,none,,,False,,73,0,0.2496,0.6358,
73,35,True,0.646021,0.1655,none,,,False,,73,0,0.2485,0.575,
73,87,True,0.719834,0.4192,none,,,False,,73,0,0.0485,0.5243,
73,51,True,0.750635,0.525,none,,,False,,73,0,0.0516,0.5041,
73,34,True,0.65716,0.2038,none,,,False,,73,0,0.05,0.4562,
73,68,True,0.667796,0.2404,none,,,False,,73,0,0.0496,0.3301,
73,20,True,0.685056,0.2997,none,,,False,,73,0,0.0496,0.2024,
73,60,True,0.549174,-0.1672,none,,,False,,73,0,0.05,0.1886,
73,19,True,0.639541,0.1433,none,,,False,,73,0,0.0492,0.1652,
73,91,True,0.643694,0.1575,none,,,False,,73,0,0.0508,0.1216,
73,21,True,0.576255,-0.0742,none,,,False,,73,0,0.0516,0.1068,
73,32,True,0.65747,0.2049,none,,,False,,73,0,0.0708,0.1047,
73,54,True,0.606616,0.0301,none,,,False,,73,0,0.0744,0.0676,
73,47,True,0.688764,0.3124,none,,,False,,73,0,0.0538,0.0061,
73,36,True,0.589072,-0.0301,none,,,False,,73,0,0.2492,-0.0095,
73,10,True,0.4877,-0.3785,none,,,False,,73,0,0.0496,-0.0443,
73,81,True,0.21287,-1.3228,none,,,False,,73,0,0.0744,-0.1045,
73,22,True,0.396547,-0.6917,none,,,False,,73,0,0.052,-0.115,
73,64,True,0.61115,0.0457,none,,,False,,73,0,0.0538,-0.1248,
73,77,True,0.57532,-0.0774,none,,,False,,73,0,0.0588,-0.1792,
73,45,True,0.39751,-0.6884,none,,,False,,73,0,0.0601,-0.2723,
73,23,True,0.505445,-0.3175,none,,,False,,73,0,0.0485,-0.3126,
73,92,True,0.513598,-0.2895,none,,,False,,73,0,0.0516,-0.3587,
73,25,True,0.534386,-0.2181,none,,,False,,73,0,0.2876,-0.3634,
73,12,True,0.313514,-0.977,none,,,False,,73,0,0.0553,-0.4079,
73,57,True,0.636533,0.1329,none,,,False,,73,0,0.0508,-0.5011,
73,83,True,0.351788,-0.8455,none,,,False,,73,0,0.3264,-1.8488,
73,43,True,0.365981,-0.7967,none,,,False,,73,0,0.3219,-2.0138,
73,97,True,0.42581,-0.5911,none,,,False,,73,0,0.3219,-0.9803,
73,93,True,0.390757,-0.7116,none,,,False,,73,0,0.309,-1.471,
73,4,True,0.166146,-1.4834,none,,,False,,73,0,0.297,-2.0688,
73,73,True,0.241625,-1.224,none,,,False,,73,0,0.2913,-2.27,
73,79,True,0.333433,-0.9086,none,,,False,,73,0,0.2874,-0.9697,
73,52,True,0.404269,-0.6652,none,,,False,,73,0,0.2865,-1.4205,
73,90,True,0.113321,-1.6649,none,,,False,,73,0,0.2855,-2.176,
73,26,True,0.288536,-1.0628,none,,,False,,73,0,0.2828,-0.7461,
73,37,True,0.396748,-0.691,none,,,False,,73,0,0.2828,-1.5,
73,49,True,0.398835,-0.6838,none,,,False,,73,0,0.2828,-2.0519,
74,95,True,2.893478,3.0,none,,,False,,74,0,0.2507,4.0657,
74,44,True,1.164395,3.0,none,,,False,,74,0,0.2495,3.611,
74,31,True,0.854903,1.6377,none,,,False,,74,0,0.2503,2.5801,
74,5,True,0.737764,0.8939,cusum,,,True,positive,74,0,0.2492,2.4752,
74,13,True,0.826916,1.46,cusum,,,True,positive,74,0,0.2503,2.3424,
74,63,True,0.835178,1.5125,cusum,,,True,positive,74,0,0.2903,2.3389,
74,74,True,0.880957,1.8031,cusum,,,True,positive,74,0,0.2495,2.3173,
74,27,True,0.832302,1.4942,none,,,False,,74,0,0.2503,2.2939,
74,94,True,0.85984,1.6691,cusum,,,True,positive,74,0,0.2828,2.2775,
74,1,True,0.712893,0.736,none,,,False,,74,0,0.2495,1.7763,
74,78,True,0.808697,1.3443,none,,,False,,74,0,0.2499,1.5935,
74,11,True,0.662987,0.4191,none,,,False,,74,0,0.2507,0.7546,
74,35,True,0.648128,0.3248,none,,,False,,74,0,0.2481,0.5755,
74,87,True,0.661365,0.4088,none,,,False,,74,0,0.0481,0.5483,
74,51,True,0.658743,0.3922,none,,,False,,74,0,0.0511,0.5395,
74,48,True,0.693513,0.613,none,,,False,,74,0,0.2492,0.4277,
74,68,True,0.632728,0.227,none,,,False,,74,0,0.0492,0.371,
74,34,True,0.66492,0.4314,none,,,False,,74,0,0.0495,0.3435,
74,47,True,0.654259,0.3637,none,,,False,,74,0,0.0533,0.3158,
74,19,True,0.46374,-0.846,none,,,False,,74,0,0.0488,0.2942,
74,32,True,0.476551,-0.7646,none,,,False,,74,0,0.0685,0.2186,
74,54,True,0.650185,0.3379,none,,,False,,74,0,0.072,0.1846,
74,91,True,0.625824,0.1832,none,,,False,,74,0,0.0503,0.1532,
74,77,True,0.530569,-0.4216,none,,,False,,74,0,0.0581,0.1124,
74,20,True,0.649342,0.3325,none,,,False,,74,0,0.0492,0.0733,
74,60,True,0.609376,0.0787,none,,,False,,74,0,0.0495,0.0416,
74,64,True,0.597142,0.0011,none,,,False,,74,0,0.0533,-0.0114,
74,36,True,0.546297,-0.3218,none,,,False,,74,0,0.0488,-0.024,
74,21,True,0.603636,0.0423,none,,,False,,74,0,0.0511,-0.0374,
74,10,True,0.340405,-1.6291,none,,,False,,74,0,0.0492,-0.2008,
74,92,True,0.557729,-0.2492,none,,,False,,74,0,0.0511,-0.2009,
74,45,True,0.517458,-0.5049,none,,,False,,74,0,0.0594,-0.2287,
74,22,True,0.505101,-0.5834,none,,,False,,74,0,0.0515,-0.2483,
74,23,True,0.513158,-0.5322,none,,,False,,74,0,0.0481,-0.2855,
74,12,True,0.539417,-0.3655,none,,,False,,74,0,0.0547,-0.2982,
74,25,True,0.520251,-0.4872,none,,,False,,74,0,0.2756,-0.3072,
74,57,True,0.596808,-0.0011,none,,,False,,74,0,0.0503,-0.3219,
74,53,True,0.52981,-0.4265,none,,,False,,74,0,0.0605,-0.5131,
74,79,True,0.302568,-1.8693,cusum,,,True,negative,74,0,0.3573,-1.6822,
74,83,True,0.295829,-1.9121,none,,,False,,74,0,0.3226,-1.4307,
74,43,True,0.293502,-1.9269,none,,,False,,74,0,0.3183,-1.5209,
74,97,True,0.413787,-1.1631,none,,,False,,74,0,0.3183,-1.0033,
74,93,True,0.419522,-1.1267,none,,,False,,74,0,0.3058,-1.2105,
74,4,True,0.207245,-2.4746,cusum,,,True,negative,74,0,0.294,-1.8679,
74,39,True,0.272315,-2.0614,none,,,False,,74,0,0.285,-1.4589,
74,96,True,0.370898,-1.4355,none,,,False,,74,0,0.285,-1.32,
74,62,True,0.539111,-0.3674,none,,,False,,74,0,0.2849,-0.7353,
74,16,True,0.36834,-1.4517,none,,,False,,74,0,0.2839,-1.9434,
74,40,True,0.425557,-1.0884,none,,,False,,74,0,0.2839,-1.3429,
74,41,True,0.258279,-2.1505,none,,,False,,74,0,0.2839,-2.3103,
75,95,True,2.744876,3.0,cusum,,,True,positive,75,0,0.2502,4.0651,
75,44,True,1.1335,2.6332,cusum,,,True,positive,75,0,0.2491,3.6625,
75,31,True,0.98475,1.905,cusum,,,True,positive,75,0,0.2499,2.5088,
75,74,True,0.879146,1.3879,none,,,False,,75,0,0.2491,2.4161,
75,13,True,0.962723,1.7971,none,,,False,,75,0,0.2499,2.4155,
75,27,True,0.897504,1.4778,cusum,,,True,positive,75,0,0.2499,2.3886,
75,94,True,0.768159,0.8446,none,,,False,,75,0,0.2803,2.3575,
75,5,True,0.887999,1.4313,none,,,False,,75,0,0.2488,2.3225,
75,63,True,0.884369,1.4135,none,,,False,,75,0,0.2875,2.2687,
75,78,True,0.677013,0.3983,none,,,False,,75,0,0.2495,1.8417,
75,51,True,0.697608,0.4991,cusum,,,True,positive,75,0,0.2506,1.493,
75,1,True,0.770487,0.856,none,,,False,,75,0,0.2491,0.7696,
75,11,True,0.692885,0.476,none,,,False,,75,0,0.2502,0.7284,
75,48,True,0.691988,0.4716,none,,,False,,75,0,0.2488,0.5689,
75,34,True,0.716581,0.592,none,,,False,,75,0,0.0491,0.4179,
75,87,True,0.661128,0.3205,none,,,False,,75,0,0.0477,0.4035,
75,54,True,0.610414,0.0723,none,,,False,,75,0,0.0697,0.3004,
75,35,True,0.685286,0.4388,none,,,False,,75,0,0.2477,0.2871,
75,20,True,0.580508,-0.0742,none,,,False,,75,0,0.0488,0.2614,
75,91,True,0.608228,0.0615,none,,,False,,75,0,0.0499,0.2512,
75,47,True,0.719572,0.6067,none,,,False,,75,0,0.0527,0.2466,
75,68,True,0.708653,0.5532,none,,,False,,75,0,0.0488,0.2316,
75,60,True,0.583085,-0.0615,none,,,False,,75,0,0.0491,0.1642,
75,21,True,0.620888,0.1235,none,,,False,,75,0,0.0506,0.0594,
75,64,True,0.511107,-0.4139,none,,,False,,75,0,0.0527,0.0418,
75,36,True,0.625745,0.1473,none,,,False,,75,0,0.0484,0.0361,
75,92,True,0.450078,-0.7127,none,,,False,,75,0,0.0506,-0.084,
75,32,True,0.617476,0.1068,none,,,False,,75,0,0.0662,-0.1088,
75,77,True,0.428641,-0.8177,none,,,False,,75,0,0.0574,-0.1609,
75,19,True,0.531787,-0.3127,none,,,False,,75,0,0.0484,-0.1853,
75,23,True,0.44906,-0.7177,none,,,False,,75,0,0.0477,-0.2427,
75,25,True,0.397283,-0.9712,none,,,False,,75,0,0.2732,-0.2736,
75,57,True,0.558074,-0.184,none,,,False,,75,0,0.0499,-0.3589,
75,22,True,0.465702,-0.6362,none,,,False,,75,0,0.051,-0.3921,
75,45,True,0.518383,-0.3783,none,,,False,,75,0,0.0587,-0.4023,
75,12,True,0.631719,0.1766,none,,,False,,75,0,0.0542,-0.4385,
75,82,True,0.446665,-0.7294,none,,,False,,75,0,0.1932,-0.5952,
75,15,True,0.538195,-0.2813,none,,,False,,75,0,0.0989,-0.6099,
75,79,True,0.235259,-1.7645,none,,,False,,75,0,0.3522,-1.6956,
75,83,True,0.393341,-0.9905,cusum,,,True,negative,75,0,0.319,-1.6658,
75,43,True,0.337889,-1.262,cusum,,,True,negative,75,0,0.3148,-1.7178,
75,97,True,0.481177,-0.5605,none,,,False,,75,0,0.3148,-0.6704,
75,93,True,0.414584,-0.8865,none,,,False,,75,0,0.3027,-1.3552,
75,4,True,0.25719,-1.6571,none,,,False,,75,0,0.2912,-2.2822,
75,90,True,0.292191,-1.4857,none,,,False,,75,0,0.2885,-1.8109,
75,28,True,0.522575,-0.3578,none,,,False,,75,0,0.2863,-0.6501,
75,29,True,0.433951,-0.7917,none,,,False,,75,0,0.2863,-0.7478,
75,14,True,0.394415,-0.9853,none,,,False,,75,0,0.286,-0.9471,
75,24,True,0.308302,-1.4069,none,,,False,,75,0,0.286,-1.708,
75,70,True,0.198418,-1.9448,none,,,False,,75,0,0.286,-2.3129,
76,95,True,2.758566,3.0,none,,,False,,76,0,0.2498,4.0645,
76,44,True,1.28972,3.0,none,,,False,,76,0,0.2487,3.5921,
76,31,True,0.876508,1.45,none,,,False,,76,0,0.2494,2.6393,
76,13,True,0.954488,1.8181,cusum,,,True,positive,76,0,0.2494,2.4834,
76,74,True,0.844334,1.2981,cusum,,,True,positive,76,0,0.2487,2.4702,
76,27,True,0.778172,0.9858,none,,,False,,76,0,0.2494,2.4255,
76,63,True,0.88461,1.4883,none,,,False,,76,0,0.2849,2.3475,
76,5,True,0.880497,1.4688,none,,,False,,76,0,0.2484,2.28,
76,94,True,0.831329,1.2368,none,,,False,,76,0,0.2778,2.2356,
76,1,True,0.756075,0.8815,cusum,,,True,positive,76,0,0.2487,1.8479,
76,11,True,0.576119,0.0321,cusum,,,True,positive,76,0,0.2498,1.6296,
76,78,True,0.842058,1.2874,none,,,False,,76,0,0.2491,1.5819,
76,51,True,0.653949,0.3995,none,,,False,,76,0,0.2502,1.5372,
76,47,True,0.540186,-0.1375,none,,,False,,76,0,0.0522,0.4956,
76,48,True,0.63364,0.3036,none,,,False,,76,0,0.2484,0.4826,
76,34,True,0.720839,0.7152,none,,,False,,76,0,0.0487,0.4721,
76,87,True,0.686617,0.5537,none,,,False,,76,0,0.0474,0.4439,
76,68,True,0.519995,-0.2328,none,,,False,,76,0,0.0484,0.4027,
76,35,True,0.557127,-0.0576,none,,,False,,76,0,0.0474,0.3708,
76,20,True,0.744028,0.8247,none,,,False,,76,0,0.0484,0.2485,
76,54,True,0.663213,0.4432,none,,,False,,76,0,0.0674,0.2289,
76,91,True,0.559247,-0.0476,none,,,False,,76,0,0.0494,0.1981,
76,21,True,0.611515,0.1992,none,,,False,,76,0,0.0502,0.0956,
76,57,True,0.495047,-0.3506,none,,,False,,76,0,0.0494,0.0466,
76,60,True,0.654284,0.4011,none,,,False,,76,0,0.0487,0.013,
76,36,True,0.562524,-0.0321,none,,,False,,76,0,0.048,-0.0062,
76,64,True,0.577566,0.0389,none,,,False,,76,0,0.0522,-0.0543,
76,32,True,0.389775,-0.8475,none,,,False,,76,0,0.064,-0.0699,
76,19,True,0.507652,-0.2911,none,,,False,,76,0,0.048,-0.2764,
76,12,True,0.630632,0.2894,none,,,False,,76,0,0.0536,-0.3186,
76,92,True,0.514818,-0.2573,none,,,False,,76,0,0.0502,-0.352,
76,77,True,0.46073,-0.5126,none,,,False,,76,0,0.0568,-0.3644,
76,29,True,0.256524,-1.4765,none,,,False,,76,0,0.1283,-0.3858,
76,15,True,0.498514,-0.3342,none,,,False,,76,0,0.0778,-0.4416,
76,45,True,0.449342,-0.5663,none,,,False,,76,0,0.058,-0.4476,
76,23,True,0.630564,0.2891,none,,,False,,76,0,0.0474,-0.4614,
76,25,True,0.435057,-0.6338,none,,,False,,76,0,0.2708,-0.4755,
76,22,True,0.579155,0.0464,none,,,False,,76,0,0.0506,-0.5714,
76,79,True,0.256739,-1.4755,cusum,,,True,negative,76,0,0.3474,-1.8928,
76,83,True,0.378473,-0.9009,none,,,False,,76,0,0.3155,-1.6473,
76,43,True,0.318595,-1.1835,none,,,False,,76,0,0.3114,-1.7285,
76,97,True,0.494199,-0.3546,none,,,False,,76,0,0.3114,-0.6716,
76,93,True,0.331015,-1.1249,cusum,,,True,negative,76,0,0.2997,-1.3138,
76,52,True,0.590376,0.0994,none,,,False,,76,0,0.2905,-0.6373,
76,73,True,0.400117,-0.7987,none,,,False,,76,0,0.2905,-2.2358,
76,4,True,0.209318,-1.6993,cusum,,,True,negative,76,0,0.2885,-2.2819,
76,30,True,0.376894,-0.9083,none,,,False,,76,0,0.2883,-0.7881,
76,26,True,0.299086,-1.2756,none,,,False,,76,0,0.287,-0.8361,
76,37,True,0.265896,-1.4323,none,,,False,,76,0,0.287,-0.7432,
76,49,True,0.321955,-1.1676,none,,,False,,76,0,0.287,-1.326,
77,95,True,2.825147,3.0,cusum,,,True,positive,77,0,0.2494,4.064,
77,44,True,1.214653,3.0,cusum,,,True,positive,77,0,0.2483,3.9402,
77,13,True,0.857351,1.4419,none,,,False,,77,0,0.249,2.7552,
77,31,True,0.982897,2.1189,cusum,,,True,positive,77,0,0.249,2.7277,
77,74,True,0.83537,1.3234,none,,,False,,77,0,0.2483,2.5589,
77,63,True,0.829793,1.2933,cusum,,,True,positive,77,0,0.2824,2.5584,
77,27,True,0.788856,1.0726,none,,,False,,77,0,0.249,2.3828,
77,94,True,0.854314,1.4255,cusum,,,True,positive,77,0,0.2754,2.3346,
77,5,True,0.887142,1.6026,cusum,,,True,positive,77,0,0.248,2.3267,
77,78,True,0.873821,1.5307,none,,,False,,77,0,0.2486,2.073,
77,1,True,0.713174,0.6645,none,,,False,,77,0,0.2483,1.887,
77,51,True,0.622404,0.1751,none,,,False,,77,0,0.2497,1.4948,
77,11,True,0.67167,0.4407,none,,,False,,77,0,0.2494,1.3731,
77,34,True,0.727804,0.7434,none,,,False,,77,0,0.0483,0.6421,
77,48,True,0.656141,0.357,none,,,False,,77,0,0.048,0.5247,
77,87,True,0.6604,0.3799,none,,,False,,77,0,0.047,0.4883,
77,20,True,0.653501,0.3428,none,,,False,,77,0,0.048,0.423,
77,54,True,0.690654,0.5431,none,,,False,,77,0,0.0652,0.3655,
77,47,True,0.656208,0.3573,none,,,False,,77,0,0.0517,0.345,
77,35,True,0.581746,-0.0442,none,,,False,,77,0,0.047,0.296,
77,68,True,0.616714,0.1444,none,,,False,,77,0,0.048,0.2445,
77,60,True,0.636559,0.2514,none,,,False,,77,0,0.0483,0.2019,
77,21,True,0.585759,-0.0225,none,,,False,,77,0,0.0497,0.1862,
77,91,True,0.596529,0.0356,none,,,False,,77,0,0.049,0.1292,
77,12,True,0.698967,0.5879,none,,,False,,77,0,0.0531,0.1028,
77,36,True,0.675207,0.4598,none,,,False,,77,0,0.0476,-0.0073,
77,64,True,0.584307,-0.0303,none,,,False,,77,0,0.0517,-0.0572,
77,57,True,0.444869,-0.7822,none,,,False,,77,0,0.049,-0.1151,
77,23,True,0.499573,-0.4872,none,,,False,,77,0,0.047,-0.2596,
77,22,True,0.410068,-0.9699,none,,,False,,77,0,0.0501,-0.326,
77,92,True,0.488536,-0.5468,none,,,False,,77,0,0.0497,-0.3419,
77,45,True,0.519463,-0.38,none,,,False,,77,0,0.0573,-0.4078,
77,32,True,0.594111,0.0225,none,,,False,,77,0,0.0619,-0.4217,
77,19,True,0.483101,-0.5761,none,,,False,,77,0,0.0476,-0.4217,
77,52,True,0.359202,-1.2441,none,,,False,,77,0,0.2789,-0.423,
77,77,True,0.580461,-0.0511,none,,,False,,77,0,0.0562,-0.5103,
77,15,True,0.498809,-0.4914,none,,,False,,77,0,0.0754,-0.5555,
77,97,True,0.538763,-0.2759,none,,,False,,77,0,0.3083,-0.5947,
77,79,True,0.273115,-1.7083,none,,,False,,77,0,0.3429,-2.0852,
77,29,True,0.351954,-1.2832,cusum,,,True,negative,77,0,0.3246,-1.1861,
77,83,True,0.402687,-1.0096,none,,,False,,77,0,0.3122,-1.6678,
77,43,True,0.31676,-1.473,none,,,False,,77,0,0.3083,-1.8594,
77,93,True,0.372241,-1.1738,none,,,False,,77,0,0.2968,-1.4532,
77,98,True,0.494048,-0.517,none,,,False,,77,0,0.2888,-0.651,
77,89,True,0.462995,-0.6845,none,,,False,,77,0,0.2883,-0.6661,
77,16,True,0.307057,-1.5253,none,,,False,,77,0,0.2879,-1.3748,
77,40,True,0.450183,-0.7536,none,,,False,,77,0,0.2879,-0.8675,
77,41,True,0.260227,-1.7778,none,,,False,,77,0,0.2879,-2.4349,
77,90,True,0.135224,-2.4518,none,,,False,,77,0,0.2869,-1.8984,
77,4,True,0.221314,-1.9876,none,,,False,,77,0,0.2859,-2.3553,
78,95,True,2.750439,3.0,none,,,False,,78,0,0.2489,4.0635,
78,44,True,1.137778,2.4296,none,,,False,,78,0,0.2479,3.9398,
78,31,True,0.600481,0.0162,none,,,False,,78,0,0.2486,2.8876,
78,13,True,0.824572,1.0228,cusum,,,True,positive,78,0,0.2486,2.7487,
78,5,True,0.87274,1.2391,none,,,False,,78,0,0.2476,2.5624,
78,63,True,0.80056,0.9149,none,,,False,,78,0,0.2799,2.4841,
78,74,True,0.863889,1.1994,none,,,False,,78,0,0.2479,2.3985,
78,94,True,0.759497,0.7305,none,,,False,,78,0,0.2731,2.2523,
78,27,True,0.771157,0.7828,cusum,,,True,positive,78,0,0.2486,2.2417,
78,78,True,0.792148,0.8771,cusum,,,True,positive,78,0,0.2482,2.1346,
78,1,True,0.778312,0.815,none,,,False,,78,0,0.2479,1.8627,
78,51,True,0.700014,0.4633,none,,,False,,78,0,0.2493,1.4219,
78,11,True,0.729328,0.595,none,,,False,,78,0,0.2489,1.3798,
78,34,True,0.561889,-0.1571,none,,,False,,78,0,0.0479,0.7456,
78,87,True,0.638261,0.1859,none,,,False,,78,0,0.0466,0.4782,
78,48,True,0.647003,0.2252,none,,,False,,78,0,0.0476,0.439,
78,54,True,0.688222,0.4103,none,,,False,,78,0,0.0631,0.4329,
78,20,True,0.735766,0.6239,none,,,False,,78,0,0.0476,0.426,
78,12,True,0.692433,0.4292,none,,,False,,78,0,0.0526,0.42,
78,47,True,0.670708,0.3317,none,,,False,,78,0,0.0513,0.3423,
78,60,True,0.595543,-0.006,none,,,False,,78,0,0.0479,0.259,
78,36,True,0.598198,0.006,none,,,False,,78,0,0.0472,0.2528,
78,68,True,0.661515,0.2904,none,,,False,,78,0,0.0476,0.2165,
78,35,True,0.581513,-0.069,none,,,False,,78,0,0.0466,0.1726,
78,21,True,0.629155,0.145,none,,,False,,78,0,0.0493,0.1641,
78,91,True,0.60332,0.029,none,,,False,,78,0,0.0486,0.0795,
78,64,True,0.559433,-0.1682,none,,,False,,78,0,0.0513,-0.0683,
78,32,True,0.614693,0.0801,none,,,False,,78,0,0.0598,-0.1603,
78,23,True,0.403462,-0.8687,none,,,False,,78,0,0.0466,-0.2451,
78,15,True,0.58609,-0.0484,none,,,False,,78,0,0.0731,-0.2856,
78,97,True,0.572448,-0.1097,none,,,False,,78,0,0.3052,-0.3008,
78,19,True,0.634298,0.1681,none,,,False,,78,0,0.0472,-0.3322,
78,57,True,0.509111,-0.3942,none,,,False,,78,0,0.0486,-0.3759,
78,77,True,0.499218,-0.4386,none,,,False,,78,0,0.0555,-0.3875,
78,92,True,0.485976,-0.4981,none,,,False,,78,0,0.0493,-0.4416,
78,22,True,0.564593,-0.145,none,,,False,,78,0,0.0497,-0.4553,
78,52,True,0.310373,-1.2869,none,,,False,,78,0,0.2765,-0.5188,
78,82,True,0.435438,-0.7251,none,,,False,,78,0,0.1476,-0.5952,
78,79,True,0.231765,-1.6399,cusum,,,True,negative,78,0,0.3386,-2.0347,
78,29,True,0.435255,-0.7259,none,,,False,,78,0,0.3211,-1.5795,
78,83,True,0.30756,-1.2995,none,,,False,,78,0,0.309,-1.369,
78,43,True,0.306537,-1.3041,cusum,,,True,negative,78,0,0.3052,-1.7099,
78,93,True,0.343411,-1.1385,none,,,False,,78,0,0.294,-1.4705,
78,39,True,0.385747,-0.9483,none,,,False,,78,0,0.2899,-2.1272,
78,14,True,0.334049,-1.1805,none,,,False,,78,0,0.2854,-0.8696,
78,24,True,0.411785,-0.8314,none,,,False,,78,0,0.2854,-1.2851,
78,70,True,0.192667,-1.8156,none,,,False,,78,0,0.2854,-1.6699,
78,73,True,0.366015,-1.0369,none,,,False,,78,0,0.2844,-1.8191,
78,4,True,0.240048,-1.6027,cusum,,,True,negative,78,0,0.2834,-2.1943,
78,26,True,0.373618,-1.0028,none,,,False,,78,0,0.281,-1.5395,
79,95,True,2.56781,3.0,cusum,,,True,positive,79,0,0.2485,4.063,
79,44,True,1.284646,3.0,cusum,,,True,positive,79,0,0.2475,3.8714,
79,5,True,0.8698,1.3627,none,,,False,,79,0,0.2472,2.4979,
79,13,True,0.946355,1.7167,none,,,False,,79,0,0.2482,2.4901,
79,74,True,0.843622,1.2417,cusum,,,True,positive,79,0,0.2475,2.3352,
79,63,True,0.859845,1.3167,none,,,False,,79,0,0.2775,2.3167,
79,78,True,0.781505,0.9545,none,,,False,,79,0,0.2478,2.2938,
79,31,True,0.976463,1.8559,none,,,False,,79,0,0.2482,2.2575,
79,94,True,0.874381,1.3839,none,,,False,,79,0,0.2708,2.2131,
79,27,True,0.745093,0.7861,none,,,False,,79,0,0.2482,2.0096,
79,1,True,0.693119,0.5458,none,,,False,,79,0,0.2475,1.8486,
79,11,True,0.700073,0.578,none,,,False,,79,0,0.2485,1.4189,
79,51,True,0.633254,0.269,none,,,False,,79,0,0.2489,1.4094,
79,20,True,0.727393,0.7043,none,,,False,,79,0,0.0472,0.6582,
79,54,True,0.714505,0.6447,none,,,False,,79,0,0.061,0.5446,
79,12,True,0.564248,-0.0501,none,,,False,,79,0,0.0521,0.5036,
79,34,True,0.479219,-0.4432,none,,,False,,79,0,0.0475,0.4954,
79,87,True,0.69733,0.5653,none,,,False,,79,0,0.0463,0.4329,
79,48,True,0.68945,0.5288,none,,,False,,79,0,0.0472,0.3563,
79,60,True,0.59362,0.0857,none,,,False,,79,0,0.0475,0.277,
79,47,True,0.625797,0.2345,none,,,False,,79,0,0.0508,0.2501,
79,36,True,0.320764,-1.1759,none,,,False,,79,0,0.0469,0.2052,
79,21,True,0.673988,0.4574,none,,,False,,79,0,0.0489,0.1707,
79,68,True,0.581522,0.0298,none,,,False,,79,0,0.0472,0.1284,
79,91,True,0.582719,0.0353,none,,,False,,79,0,0.0482,0.0682,
79,64,True,0.57315,-0.0089,none,,,False,,79,0,0.0508,0.013,
79,35,True,0.583883,0.0407,none,,,False,,79,0,0.0463,0.0029,
79,97,True,0.551013,-0.1113,none,,,False,,79,0,0.3022,-0.1523,
79,32,True,0.576999,0.0089,none,,,False,,79,0,0.0591,-0.1702,
79,19,True,0.482751,-0.4269,none,,,False,,79,0,0.0469,-0.1724,
79,15,True,0.583589,0.0394,none,,,False,,79,0,0.0708,-0.2091,
79,77,True,0.511797,-0.2926,none,,,False,,79,0,0.0549,-0.2619,
79,22,True,0.53988,-0.1627,none,,,False,,79,0,0.0492,-0.2921,
79,23,True,0.40554,-0.7839,none,,,False,,79,0,0.0463,-0.2959,
79,57,True,0.556138,-0.0876,none,,,False,,79,0,0.0482,-0.4465,
79,25,True,0.529872,-0.209,none,,,False,,79,0,0.0797,-0.6152,
79,28,True,0.403213,-0.7947,none,,,False,,79,0,0.1479,-0.6268,
79,84,True,0.515072,-0.2774,none,,,False,,79,0,0.2276,-0.6375,
79,79,True,0.252055,-1.4936,none,,,False,,79,0,0.3346,-1.9961,
79,82,True,0.45232,-0.5676,cusum,,,True,negative,79,0,0.3346,-1.0534,
79,29,True,0.375068,-0.9248,none,,,False,,79,0,0.3176,-1.5598,
79,83,True,0.328435,-1.1404,cusum,,,True,negative,79,0,0.306,-1.4738,
79,43,True,0.310994,-1.2211,none,,,False,,79,0,0.3022,-1.7257,
79,93,True,0.352875,-1.0274,cusum,,,True,negative,79,0,0.2913,-1.5559,
79,37,True,0.396465,-0.8259,none,,,False,,79,0,0.2864,-0.8501,
79,49,True,0.343409,-1.0712,none,,,False,,79,0,0.2864,-1.5777,
79,90,True,0.254978,-1.4801,none,,,False,,79,0,0.2853,-2.2817,
79,16,True,0.365362,-0.9697,none,,,False,,79,0,0.2819,-1.8099,
79,40,True,0.416644,-0.7325,none,,,False,,79,0,0.2819,-0.815,
79,41,True,0.307285,-1.2382,none,,,False,,79,0,0.2819,-2.2738,
80,95,True,2.82328,3.0,none,,,False,,80,0,0.2481,4.0625,
80,44,True,1.146292,3.0,none,,,False,,80,0,0.2471,3.8709,
80,5,True,0.824781,1.527,cusum,,,True,positive,80,0,0.2468,2.4621,
80,13,True,0.853436,1.7127,none,,,False,,80,0,0.2478,2.4558,
80,31,True,0.857612,1.7397,cusum,,,True,positive,80,0,0.2478,2.3924,
80,74,True,0.836873,1.6054,none,,,False,,80,0,0.2471,2.3159,
80,94,True,0.880688,1.8892,cusum,,,True,positive,80,0,0.2687,2.2611,
80,63,True,0.906775,2.0582,cusum,,,True,positive,80,0,0.2752,2.2583,
80,78,True,0.85498,1.7227,none,,,False,,80,0,0.2475,2.1823,
80,27,True,0.668503,0.5146,none,,,False,,80,0,0.2478,1.9425,
80,1,True,0.694273,0.6816,none,,,False,,80,0,0.2471,1.7362,
80,11,True,0.61775,0.1858,none,,,False,,80,0,0.2481,1.6004,
80,20,True,0.63908,0.324,none,,,False,,80,0,0.0468,0.6176,
80,54,True,0.718367,0.8376,none,,,False,,80,0,0.059,0.6108,
80,87,True,0.644023,0.356,none,,,False,,80,0,0.0459,0.4364,
80,48,True,0.618599,0.1913,none,,,False,,80,0,0.0468,0.431,
80,12,True,0.593793,0.0306,none,,,False,,80,0,0.0516,0.3898,
80,47,True,0.501813,-0.5653,none,,,False,,80,0,0.0503,0.3735,
80,51,True,0.653869,0.4198,none,,,False,,80,0,0.2485,0.3654,
80,21,True,0.640161,0.331,none,,,False,,80,0,0.0485,0.2563,
80,68,True,0.584344,-0.0306,none,,,False,,80,0,0.0468,0.2155,
80,60,True,0.583426,-0.0366,none,,,False,,80,0,0.0471,0.1715,
80,32,True,0.635224,0.299,none,,,False,,80,0,0.0584,0.1143,
80,34,True,0.694583,0.6836,none,,,False,,80,0,0.0471,0.1088,
80,91,True,0.541341,-0.3092,none,,,False,,80,0,0.0478,0.0953,
80,35,True,0.601432,0.0801,none,,,False,,80,0,0.0459,0.0352,
80,64,True,0.535798,-0.3451,none,,,False,,80,0,0.0503,-0.0035,
80,97,True,0.506318,-0.5361,none,,,False,,80,0,0.0994,-0.0728,
80,15,True,0.540944,-0.3118,none,,,False,,80,0,0.0687,-0.0857,
80,36,True,0.63505,0.2979,none,,,False,,80,0,0.0465,-0.1765,
80,77,True,0.359879,-1.4848,none,,,False,,80,0,0.0544,-0.1893,
80,19,True,0.671365,0.5331,none,,,False,,80,0,0.0465,-0.2181,
80,84,True,0.488427,-0.652,none,,,False,,80,0,0.1265,-0.3171,
80,57,True,0.202161,-2.5065,none,,,False,,80,0,0.0478,-0.3593,
80,22,True,0.528041,-0.3954,none,,,False,,80,0,0.0488,-0.3624,
80,25,True,0.458764,-0.8442,none,,,False,,80,0,0.0687,-0.5236,
80,9,True,0.415651,-1.1235,none,,,False,,80,0,0.2665,-0.6424,
80,2,True,0.55905,-0.1945,none,,,False,,80,0,0.2183,-0.6452,
80,53,True,0.567525,-0.1396,none,,,False,,80,0,0.0768,-0.6521,
80,28,True,0.506046,-0.5378,cusum,,,True,negative,80,0,0.3308,-1.0256,
80,79,True,0.207299,-2.4732,cusum,,,True,negative,80,0,0.3308,-2.0048,
80,82,True,0.454897,-0.8692,none,,,False,,80,0,0.3308,-1.0649,
80,29,True,0.301478,-1.8631,none,,,False,,80,0,0.3144,-1.378,
80,83,True,0.405164,-1.1914,none,,,False,,80,0,0.303,-1.5554,
80,43,True,0.27025,-2.0654,none,,,False,,80,0,0.2994,-1.7399,
80,93,True,0.311248,-1.7998,none,,,False,,80,0,0.2887,-1.5248,
80,4,True,0.346762,-1.5697,none,,,False,,80,0,0.2863,-2.1775,
80,73,True,0.296357,-1.8963,none,,,False,,80,0,0.2829,-0.9354,
80,99,True,0.692093,0.6674,none,,,False,,80,0,0.28,-1.1826,
80,24,True,0.313067,-1.788,none,,,False,,80,0,0.2796,-1.2349,
81,95,True,2.804738,3.0,cusum,,,True,positive,81,0,0.2477,4.062,
81,44,True,1.023279,2.2784,cusum,,,True,positive,81,0,0.2468,3.8705,
81,13,True,0.968346,2.0006,cusum,,,True,positive,81,0,0.2474,2.5456,
81,63,True,0.724287,0.7661,none,,,False,,81,0,0.273,2.5121,
81,5,True,0.813913,1.2194,none,,,False,,81,0,0.2465,2.4365,
81,94,True,0.829139,1.2964,none,,,False,,81,0,0.2665,2.4146,
81,74,True,0.880067,1.554,none,,,False,,81,0,0.2468,2.4094,
81,31,True,0.932107,1.8173,none,,,False,,81,0,0.2474,2.2655,
81,78,True,0.9139,1.7252,cusum,,,True,positive,81,0,0.2471,2.2458,
81,27,True,0.782883,1.0625,none,,,False,,81,0,0.2474,1.7561,
81,1,True,0.705631,0.6717,none,,,False,,81,0,0.2468,0.7414,
81,54,True,0.669122,0.487,none,,,False,,81,0,0.0583,0.708,
81,20,True,0.712058,0.7042,none,,,False,,81,0,0.0465,0.6109,
81,11,True,0.657786,0.4297,none,,,False,,81,0,0.2477,0.5149,
81,51,True,0.619616,0.2366,none,,,False,,81,0,0.2481,0.4465,
81,87,True,0.660797,0.4449,none,,,False,,81,0,0.0456,0.428,
81,48,True,0.675048,0.517,none,,,False,,81,0,0.0465,0.3753,
81,21,True,0.656355,0.4225,none,,,False,,81,0,0.0481,0.3736,
81,32,True,0.438937,-0.6773,none,,,False,,81,0,0.0577,0.2056,
81,12,True,0.547478,-0.1283,none,,,False,,81,0,0.0511,0.2034,
81,68,True,0.566112,-0.034,none,,,False,,81,0,0.0465,0.1567,
81,19,True,0.628827,0.2832,none,,,False,,81,0,0.0462,0.1512,
81,34,True,0.742705,0.8592,none,,,False,,81,0,0.0468,0.0884,
81,35,True,0.656424,0.4228,none,,,False,,81,0,0.0456,0.0762,
81,60,True,0.601852,0.1468,none,,,False,,81,0,0.0468,0.075,
81,47,True,0.643648,0.3582,none,,,False,,81,0,0.0499,0.0654,
81,91,True,0.579559,0.034,none,,,False,,81,0,0.0474,-0.0201,
81,15,True,0.537767,-0.1774,none,,,False,,81,0,0.0665,-0.0269,
81,64,True,0.547353,-0.1289,none,,,False,,81,0,0.0499,-0.109,
81,97,True,0.467745,-0.5316,none,,,False,,81,0,0.0966,-0.1611,
81,22,True,0.379373,-0.9786,none,,,False,,81,0,0.0484,-0.1714,
81,36,True,0.636015,0.3196,none,,,False,,81,0,0.0462,-0.2309,
81,84,True,0.519618,-0.2692,none,,,False,,81,0,0.123,-0.4325,
81,9,True,0.383978,-0.9553,none,,,False,,81,0,0.1357,-0.4619,
81,25,True,0.473977,-0.5,none,,,False,,81,0,0.0665,-0.4822,
81,53,True,0.464863,-0.5461,none,,,False,,81,0,0.0543,-0.5761,
81,23,True,0.440195,-0.6709,none,,,False,,81,0,0.0502,-0.6539,
81,85,True,0.47111,-0.5145,none,,,False,,81,0,0.2504,-0.6573,
81,61,True,0.361643,-1.0683,none,,,False,,81,0,0.0947,-0.6617,
81,28,True,0.357283,-1.0903,none,,,False,,81,0,0.3271,-0.9568,
81,79,True,0.222278,-1.7732,none,,,False,,81,0,0.3271,-2.2623,
81,82,True,0.442185,-0.6609,none,,,False,,81,0,0.3271,-1.114,
81,29,True,0.381168,-0.9695,cusum,,,True,negative,81,0,0.3112,-1.5732,
81,83,True,0.377523,-0.9879,none,,,False,,81,0,0.3002,-1.6176,
81,43,True,0.298276,-1.3888,cusum,,,True,negative,81,0,0.2966,-1.9389,
81,93,True,0.37911,-0.9799,none,,,False,,81,0,0.2862,-1.7349,
81,26,True,0.27917,-1.4854,none,,,False,,81,0,0.2849,-1.5304,
81,39,True,0.370842,-1.0217,none,,,False,,81,0,0.2849,-1.3499,
81,52,True,0.475706,-0.4913,none,,,False,,81,0,0.2849,-1.2272,
81,70,True,0.187216,-1.9505,none,,,False,,81,0,0.2849,-2.2302,
82,95,True,2.683611,3.0,none,,,False,,82,0,0.2474,4.0615,
82,44,True,1.338593,3.0,none,,,False,,82,0,0.2464,3.8197,
82,13,True,0.87006,1.305,none,,,False,,82,0,0.247,2.8711,
82,31,True,0.880132,1.3533,cusum,,,True,positive,82,0,0.247,2.8654,
82,94,True,0.884965,1.3765,cusum,,,True,positive,82,0,0.2645,2.6022,
82,78,True,0.790532,0.9235,none,,,False,,82,0,0.2467,2.5281,
82,74,True,0.792936,0.935,cusum,,,True,positive,82,0,0.2464,2.5272,
82,63,True,0.891138,1.4061,none,,,False,,82,0,0.2708,2.4614,
82,5,True,0.805294,0.9943,none,,,False,,82,0,0.2461,2.4295,
82,27,True,0.779664,0.8714,none,,,False,,82,0,0.247,1.8488,
82,54,True,0.692978,0.4555,none,,,False,,82,0,0.0576,0.7327,
82,1,True,0.733094,0.6479,none,,,False,,82,0,0.2464,0.6932,
82,20,True,0.693286,0.457,none,,,False,,82,0,0.0461,0.6373,
82,87,True,0.634628,0.1756,none,,,False,,82,0,0.0452,0.5139,
82,48,True,0.574822,-0.1113,none,,,False,,82,0,0.0461,0.4721,
82,21,True,0.649112,0.2451,none,,,False,,82,0,0.0477,0.4656,
82,11,True,0.528459,-0.3338,none,,,False,,82,0,0.2474,0.4594,
82,34,True,0.674169,0.3653,none,,,False,,82,0,0.0464,0.4267,
82,51,True,0.681787,0.4018,none,,,False,,82,0,0.2477,0.3705,
82,35,True,0.643463,0.218,none,,,False,,82,0,0.0452,0.2397,
82,19,True,0.609893,0.0569,none,,,False,,82,0,0.0458,0.1892,
82,60,True,0.512651,-0.4096,none,,,False,,82,0,0.0464,0.1255,
82,47,True,0.457579,-0.6738,none,,,False,,82,0,0.0495,0.0737,
82,68,True,0.604128,0.0292,none,,,False,,82,0,0.0461,0.0482,
82,12,True,0.604556,0.0313,none,,,False,,82,0,0.0506,0.017,
82,91,True,0.6022,0.02,none,,,False,,82,0,0.047,-0.0189,
82,32,True,0.625719,0.1328,none,,,False,,82,0,0.057,-0.0477,
82,15,True,0.457296,-0.6752,none,,,False,,82,0,0.0645,-0.0709,
82,64,True,0.568784,-0.1403,none,,,False,,82,0,0.0495,-0.0964,
82,36,True,0.701011,0.494,none,,,False,,82,0,0.0458,-0.1268,
82,84,True,0.475937,-0.5857,none,,,False,,82,0,0.1196,-0.2975,
82,53,True,0.552845,-0.2168,none,,,False,,82,0,0.0538,-0.3,
82,97,True,0.525593,-0.3475,none,,,False,,82,0,0.094,-0.3032,
82,25,True,0.45079,-0.7064,none,,,False,,82,0,0.0645,-0.4387,
82,22,True,0.63403,0.1727,none,,,False,,82,0,0.048,-0.4497,
82,85,True,0.396311,-0.9677,none,,,False,,82,0,0.0838,-0.5406,
82,61,True,0.593864,-0.02,none,,,False,,82,0,0.051,-0.6104,
82,77,True,0.579342,-0.0897,none,,,False,,82,0,0.058,-0.6679,
82,9,True,0.402894,-0.9362,cusum,,,True,negative,82,0,0.3319,-1.2423,
82,28,True,0.417302,-0.867,none,,,False,,82,0,0.3236,-1.2033,
82,79,True,0.288519,-1.4849,cusum,,,True,negative,82,0,0.3236,-2.3091,
82,82,True,0.443615,-0.7408,none,,,False,,82,0,0.3236,-1.095,
82,29,True,0.38377,-1.0279,none,,,False,,82,0,0.3082,-1.6562,
82,83,True,0.41867,-0.8605,none,,,False,,82,0,0.2974,-1.5153,
82,43,True,0.35953,-1.1442,none,,,False,,82,0,0.294,-1.9686,
82,90,True,0.320775,-1.3301,none,,,False,,82,0,0.289,-2.2214,
82,16,True,0.380155,-1.0452,none,,,False,,82,0,0.2858,-1.7322,
82,41,True,0.268464,-1.5811,none,,,False,,82,0,0.2858,-2.1388,
82,49,True,0.212618,-1.849,none,,,False,,82,0,0.2858,-0.8909,
82,4,True,0.344642,-1.2156,none,,,False,,82,0,0.2848,-2.1355,
83,95,True,2.644539,3.0,cusum,,,True,positive,83,0,0.247,4.0611,
83,44,True,1.211794,3.0,cusum,,,True,positive,83,0,0.246,3.8192,
83,13,True,0.942365,2.4124,cusum,,,True,positive,83,0,0.2467,2.7334,
83,31,True,0.937979,2.384,none,,,False,,83,0,0.2467,2.6974,
83,94,True,0.84767,1.7987,none,,,False,,83,0,0.2625,2.5988,
83,78,True,0.632863,0.4067,none,,,False,,83,0,0.2464,2.5173,
83,63,True,0.855514,1.8496,cusum,,,True,positive,83,0,0.2687,2.4902,
83,74,True,0.898844,2.1304,none,,,False,,83,0,0.246,2.4246,
83,5,True,0.675394,0.6823,cusum,,,True,positive,83,0,0.2458,2.3063,
83,27,True,0.759424,1.2269,cusum,,,True,positive,83,0,0.2467,1.8768,
83,1,True,0.706704,0.8852,cusum,,,True,positive,83,0,0.246,1.7268,
83,34,True,0.658358,0.5719,none,,,False,,83,0,0.046,0.6958,
83,54,True,0.682624,0.7292,none,,,False,,83,0,0.057,0.6688,
83,20,True,0.591715,0.14,none,,,False,,83,0,0.0458,0.5544,
83,36,True,0.541006,-0.1886,none,,,False,,83,0,0.0455,0.4294,
83,51,True,0.64308,0.4729,none,,,False,,83,0,0.2473,0.4143,
83,21,True,0.602589,0.2105,none,,,False,,83,0,0.0473,0.3944,
83,87,True,0.693423,0.7991,none,,,False,,83,0,0.0449,0.3836,
83,19,True,0.577991,0.0511,none,,,False,,83,0,0.0455,0.35,
83,35,True,0.65838,0.572,none,,,False,,83,0,0.0449,0.2984,
83,48,True,0.672983,0.6667,none,,,False,,83,0,0.0458,0.2583,
83,11,True,0.526736,-0.2811,none,,,False,,83,0,0.247,0.155,
83,68,True,0.582945,0.0832,none,,,False,,83,0,0.0458,0.0475,
83,12,True,0.522127,-0.3109,none,,,False,,83,0,0.0502,0.0435,
83,32,True,0.533921,-0.2345,none,,,False,,83,0,0.0564,-0.0073,
83,91,True,0.601167,0.2013,none,,,False,,83,0,0.0467,-0.0244,
83,60,True,0.571867,0.0114,none,,,False,,83,0,0.046,-0.04,
83,64,True,0.583584,0.0873,none,,,False,,83,0,0.049,-0.1408,
83,47,True,0.605537,0.2296,none,,,False,,83,0,0.049,-0.2296,
83,53,True,0.362831,-1.3433,none,,,False,,83,0,0.0532,-0.2308,
83,15,True,0.550803,-0.1251,none,,,False,,83,0,0.0625,-0.31,
83,22,True,0.468228,-0.6602,none,,,False,,83,0,0.0476,-0.3384,
83,45,True,0.54086,-0.1895,none,,,False,,83,0,0.2775,-0.367,
83,97,True,0.521254,-0.3166,none,,,False,,83,0,0.0914,-0.3833,
83,84,True,0.568351,-0.0114,none,,,False,,83,0,0.1164,-0.4023,
83,61,True,0.552622,-0.1133,none,,,False,,83,0,0.0506,-0.5014,
83,77,True,0.548604,-0.1394,none,,,False,,83,0,0.0532,-0.5523,
83,25,True,0.463103,-0.6935,none,,,False,,83,0,0.0625,-0.6054,
83,9,True,0.388547,-1.1766,none,,,False,,83,0,0.3282,-1.3984,
83,28,True,0.403411,-1.0803,none,,,False,,83,0,0.3202,-1.2297,
83,79,True,0.261535,-1.9997,none,,,False,,83,0,0.3202,-2.3084,
83,82,True,0.348975,-1.4331,none,,,False,,83,0,0.3202,-1.1549,
83,29,True,0.381607,-1.2216,none,,,False,,83,0,0.3053,-1.6923,
83,83,True,0.375842,-1.2589,cusum,,,True,negative,83,0,0.2948,-1.4235,
83,43,True,0.227475,-2.2205,none,,,False,,83,0,0.2914,-1.9444,
83,93,True,0.406527,-1.0601,none,,,False,,83,0,0.2889,-1.6833,
83,73,True,0.335814,-1.5184,none,,,False,,83,0,0.2866,-1.6606,
83,24,True,0.396551,-1.1247,none,,,False,,83,0,0.2834,-1.7599,
83,42,True,0.49062,-0.5151,none,,,False,,83,0,0.2831,-0.7693,
83,75,True,0.372206,-1.2825,none,,,False,,83,0,0.2831,-0.7979,
84,95,True,2.849404,3.0,none,,,False,,84,0,0.2466,4.0606,
84,44,True,1.297917,3.0,none,,,False,,84,0,0.2457,3.8188,
84,13,True,0.850881,1.5117,none,,,False,,84,0,0.2463,2.9662,
84,31,True,0.923122,1.8995,cusum,,,True,positive,84,0,0.2463,2.9117,
84,74,True,0.786861,1.1679,none,,,False,,84,0,0.2457,2.5992,
84,94,True,0.845099,1.4806,cusum,,,True,positive,84,0,0.2606,2.5677,
84,63,True,0.961945,2.1079,none,,,False,,84,0,0.2666,2.4197,
84,27,True,0.680126,0.5949,none,,,False,,84,0,0.2463,2.1138,
84,78,True,0.812764,1.307,none,,,False,,84,0,0.246,2.0782,
84,5,True,0.736168,0.8958,none,,,False,,84,0,0.2454,2.0243,
84,1,True,0.717315,0.7946,none,,,False,,84,0,0.2457,1.7943,
84,87,True,0.694835,0.6739,cusum,,,True,positive,84,0,0.2446,1.5309,
84,34,True,0.704508,0.7258,none,,,False,,84,0,0.0457,0.6581,
84,54,True,0.797879,1.2271,none,,,False,,84,0,0.0563,0.6318,
84,20,True,0.695228,0.676,none,,,False,,84,0,0.0454,0.4927,
84,35,True,0.574267,0.0266,none,,,False,,84,0,0.0446,0.462,
84,51,True,0.662984,0.5029,none,,,False,,84,0,0.2469,0.4315,
84,48,True,0.636505,0.3607,none,,,False,,84,0,0.0454,0.4164,
84,21,True,0.658276,0.4776,none,,,False,,84,0,0.0469,0.3538,
84,36,True,0.645374,0.4083,none,,,False,,84,0,0.0451,0.2669,
84,19,True,0.591365,0.1184,none,,,False,,84,0,0.0451,0.1889,
84,91,True,0.604705,0.19,none,,,False,,84,0,0.0463,0.1453,
84,68,True,0.564361,-0.0266,none,,,False,,84,0,0.0454,0.0851,
84,47,True,0.620051,0.2724,none,,,False,,84,0,0.0486,0.0348,
84,64,True,0.546944,-0.1201,none,,,False,,84,0,0.0486,0.0029,
84,11,True,0.656208,0.4665,none,,,False,,84,0,0.2466,-0.0011,
84,60,True,0.563718,-0.03,none,,,False,,84,0,0.0457,-0.0245,
84,12,True,0.537062,-0.1732,none,,,False,,84,0,0.0497,-0.0709,
84,32,True,0.600832,0.1692,none,,,False,,84,0,0.0558,-0.1859,
84,84,True,0.459263,-0.5908,none,,,False,,84,0,0.1133,-0.1907,
84,15,True,0.447475,-0.6541,none,,,False,,84,0,0.0606,-0.2487,
84,45,True,0.481395,-0.472,none,,,False,,84,0,0.2558,-0.3049,
84,97,True,0.469968,-0.5334,none,,,False,,84,0,0.0889,-0.3115,
84,61,True,0.517636,-0.2774,none,,,False,,84,0,0.0501,-0.3349,
84,92,True,0.458061,-0.5973,none,,,False,,84,0,0.2695,-0.3705,
84,22,True,0.54636,-0.1232,none,,,False,,84,0,0.0472,-0.4272,
84,77,True,0.438158,-0.7041,none,,,False,,84,0,0.0527,-0.5019,
84,75,True,0.359151,-1.1283,cusum,,,True,negative,84,0,0.356,-1.3807,
84,9,True,0.440273,-0.6928,none,,,False,,84,0,0.3248,-1.4184,
84,28,True,0.445585,-0.6643,none,,,False,,84,0,0.317,-1.4125,
84,79,True,0.263208,-1.6434,cusum,,,True,negative,84,0,0.317,-2.1526,
84,82,True,0.411947,-0.8449,cusum,,,True,negative,84,0,0.317,-1.3449,
84,29,True,0.339419,-1.2342,none,,,False,,84,0,0.3025,-1.4801,
84,83,True,0.367687,-1.0825,none,,,False,,84,0,0.2922,-1.4474,
84,43,True,0.275907,-1.5752,cusum,,,True,negative,84,0,0.2889,-1.9974,
84,85,True,0.488285,-0.435,none,,,False,,84,0,0.2865,-1.1012,
84,26,True,0.132898,-2.343,none,,,False,,84,0,0.2843,-1.1724,
84,39,True,0.206468,-1.948,none,,,False,,84,0,0.2843,-1.2616,
84,52,True,0.443568,-0.6751,none,,,False,,84,0,0.2843,-0.9252,
84,70,True,0.182615,-2.0761,none,,,False,,84,0,0.2843,-1.8214,
85,95,True,2.747018,3.0,cusum,,,True,positive,85,0,0.2463,4.0602,
85,44,True,1.229842,3.0,cusum,,,True,positive,85,0,0.2454,4.0589,
85,31,True,0.966475,1.8551,none,,,False,,85,0,0.246,2.9387,
85,63,True,0.87961,1.4177,cusum,,,True,positive,85,0,0.2647,2.866,
85,13,True,0.850793,1.2726,cusum,,,True,positive,85,0,0.246,2.8028,
85,94,True,0.925657,1.6495,none,,,False,,85,0,0.2587,2.6282,
85,74,True,0.802012,1.027,cusum,,,True,positive,85,0,0.2454,2.47,
85,27,True,0.779458,0.9135,none,,,False,,85,0,0.246,1.9575,
85,78,True,0.734887,0.689,cusum,,,True,positive,85,0,0.2457,1.9384,
85,5,True,0.855999,1.2988,none,,,False,,85,0,0.2451,1.916,
85,54,True,0.693487,0.4806,cusum,,,True,positive,85,0,0.2557,1.8776,
85,1,True,0.794064,0.987,none,,,False,,85,0,0.2454,1.8348,
85,87,True,0.646289,0.243,none,,,False,,85,0,0.2443,1.6069,
85,34,True,0.643884,0.2309,none,,,False,,85,0,0.0454,0.6133,
85,51,True,0.729104,0.6599,none,,,False,,85,0,0.0466,0.5198,
85,20,True,0.659346,0.3087,none,,,False,,85,0,0.0451,0.4829,
85,21,True,0.607797,0.0492,none,,,False,,85,0,0.0466,0.3717,
85,48,True,0.60679,0.0441,none,,,False,,85,0,0.0451,0.3639,
85,35,True,0.532446,-0.3302,none,,,False,,85,0,0.0443,0.3296,
85,36,True,0.63146,0.1683,none,,,False,,85,0,0.0448,0.296,
85,91,True,0.610345,0.062,none,,,False,,85,0,0.046,0.1969,
85,19,True,0.604864,0.0344,none,,,False,,85,0,0.0448,0.1336,
85,32,True,0.615847,0.0897,none,,,False,,85,0,0.0552,0.0954,
85,68,True,0.558412,-0.1995,none,,,False,,85,0,0.0451,0.0871,
85,11,True,0.74902,0.7602,none,,,False,,85,0,0.2463,0.0107,
85,47,True,0.624895,0.1353,none,,,False,,85,0,0.0482,0.0057,
85,64,True,0.591197,-0.0344,none,,,False,,85,0,0.0482,0.0053,
85,61,True,0.577877,-0.1015,none,,,False,,85,0,0.0497,-0.0718,
85,60,True,0.510011,-0.4432,none,,,False,,85,0,0.0454,-0.0838,
85,12,True,0.491671,-0.5355,none,,,False,,85,0,0.0493,-0.0864,
85,22,True,0.550411,-0.2398,none,,,False,,85,0,0.0469,-0.1425,
85,77,True,0.312237,-1.4389,none,,,False,,85,0,0.0522,-0.2424,
85,45,True,0.478237,-0.6031,none,,,False,,85,0,0.2552,-0.2742,
85,84,True,0.514489,-0.4206,none,,,False,,85,0,0.1103,-0.2998,
85,15,True,0.482915,-0.5796,none,,,False,,85,0,0.0587,-0.4086,
85,92,True,0.482361,-0.5824,none,,,False,,85,0,0.2482,-0.4844,
85,99,True,0.692954,0.4779,none,,,False,,85,0,0.1585,-0.6722,
85,75,True,0.342257,-1.2878,none,,,False,,85,0,0.3514,-1.5434,
85,9,True,0.444161,-0.7747,none,,,False,,85,0,0.3214,-1.3331,
85,28,True,0.492055,-0.5336,cusum,,,True,negative,85,0,0.3139,-1.2725,
85,79,True,0.267741,-1.6629,none,,,False,,85,0,0.3139,-2.1113,
85,82,True,0.457459,-0.7077,none,,,False,,85,0,0.3139,-1.4082,
85,29,True,0.353222,-1.2326,cusum,,,True,negative,85,0,0.2998,-1.57,
85,83,True,0.339377,-1.3023,none,,,False,,85,0,0.2898,-1.4803,
85,4,True,0.2025,-1.9914,none,,,False,,85,0,0.2883,-1.8794,
85,90,True,0.289651,-1.5526,none,,,False,,85,0,0.2883,-1.6707,
85,93,True,0.326447,-1.3674,none,,,False,,85,0,0.2874,-1.6954,
85,43,True,0.379235,-1.1016,none,,,False,,85,0,0.2865,-2.0609,
85,97,True,0.41342,-0.9295,cusum,,,True,negative,85,0,0.2865,-0.8134,
85,16,True,0.437607,-0.8077,none,,,False,,85,0,0.2852,-1.0979,
86,95,True,2.667413,3.0,none,,,False,,86,0,0.2459,4.0598,
86,44,True,1.137553,3.0,none,,,False,,86,0,0.245,4.0585,
86,31,True,0.763206,1.0796,cusum,,,True,positive,86,0,0.2456,3.1055,
86,63,True,0.832157,1.5177,none,,,False,,86,0,0.2627,2.8689,
86,13,True,0.925615,2.1114,none,,,False,,86,0,0.2456,2.7916,
86,94,True,0.867285,1.7408,cusum,,,True,positive,86,0,0.2568,2.7183,
86,74,True,0.815126,1.4095,none,,,False,,86,0,0.245,2.5003,
86,5,True,0.911529,2.0219,none,,,False,,86,0,0.2448,2.0171,
86,27,True,0.814898,1.408,none,,,False,,86,0,0.2456,1.9711,
86,1,True,0.678466,0.5412,none,,,False,,86,0,0.245,1.9474,
86,54,True,0.67709,0.5325,none,,,False,,86,0,0.2551,1.8852,
86,78,True,0.866523,1.736,none,,,False,,86,0,0.2453,1.8598,
86,87,True,0.614498,0.1348,none,,,False,,86,0,0.244,1.629,
86,51,True,0.672344,0.5023,none,,,False,,86,0,0.0462,0.6054,
86,34,True,0.538061,-0.3508,none,,,False,,86,0,0.045,0.5681,
86,20,True,0.662911,0.4424,none,,,False,,86,0,0.0448,0.433,
86,48,True,0.597742,0.0284,none,,,False,,86,0,0.0448,0.4153,
86,11,True,0.67305,0.5068,none,,,False,,86,0,0.0459,0.375,
86,21,True,0.618276,0.1588,none,,,False,,86,0,0.0462,0.306,
86,47,True,0.688432,0.6045,none,,,False,,86,0,0.0478,0.2749,
86,91,True,0.58881,-0.0284,none,,,False,,86,0,0.0456,0.2104,
86,36,True,0.712955,0.7603,none,,,False,,86,0,0.0445,0.1871,
86,35,True,0.665252,0.4573,none,,,False,,86,0,0.044,0.1465,
86,19,True,0.44554,-0.9386,none,,,False,,86,0,0.0445,0.1257,
86,32,True,0.63659,0.2752,none,,,False,,86,0,0.0546,0.0803,
86,99,True,0.609239,0.1014,none,,,False,,86,0,0.1381,0.0634,
86,64,True,0.547091,-0.2934,none,,,False,,86,0,0.0478,0.0401,
86,68,True,0.628073,0.2211,none,,,False,,86,0,0.0448,0.0105,
86,60,True,0.598046,0.0303,none,,,False,,86,0,0.045,-0.0954,
86,61,True,0.567074,-0.1665,none,,,False,,86,0,0.0493,-0.0995,
86,84,True,0.490715,-0.6516,none,,,False,,86,0,0.1074,-0.2465,
86,12,True,0.553243,-0.2543,none,,,False,,86,0,0.0489,-0.2758,
86,22,True,0.567496,-0.1638,none,,,False,,86,0,0.0465,-0.2804,
86,45,True,0.451329,-0.9018,none,,,False,,86,0,0.2546,-0.3494,
86,15,True,0.534537,-0.3732,none,,,False,,86,0,0.0568,-0.3776,
86,92,True,0.478123,-0.7316,none,,,False,,86,0,0.2478,-0.4968,
86,58,True,0.574667,-0.1182,none,,,False,,86,0,0.2404,-0.6793,
86,75,True,0.382803,-1.3372,none,,,False,,86,0,0.347,-1.615,
86,9,True,0.40458,-1.1988,none,,,False,,86,0,0.3183,-1.2814,
86,28,True,0.538462,-0.3482,none,,,False,,86,0,0.311,-1.1631,
86,79,True,0.285867,-1.953,cusum,,,True,negative,86,0,0.311,-2.1725,
86,82,True,0.393378,-1.27,none,,,False,,86,0,0.311,-1.399,
86,29,True,0.412718,-1.1471,none,,,False,,86,0,0.2972,-1.6397,
86,41,True,0.28698,-1.946,none,,,False,,86,0,0.2901,-1.4502,
86,49,True,0.222171,-2.3577,none,,,False,,86,0,0.2901,-1.2804,
86,83,True,0.33711,-1.6275,cusum,,,True,negative,86,0,0.2874,-1.6288,
86,73,True,0.394716,-1.2615,none,,,False,,86,0,0.286,-1.4017,
86,85,True,0.483507,-0.6974,none,,,False,,86,0,0.2851,-1.0558,
86,43,True,0.279611,-1.9928,none,,,False,,86,0,0.2842,-2.0479,
86,97,True,0.495906,-0.6186,none,,,False,,86,0,0.2842,-1.0086,
87,95,True,2.629024,3.0,cusum,,,True,positive,87,0,0.2456,4.0593,
87,44,True,1.200448,3.0,cusum,,,True,positive,87,0,0.2447,4.0581,
87,63,True,0.870589,1.4679,none,,,False,,87,0,0.2608,2.7573,
87,94,True,0.874094,1.4866,none,,,False,,87,0,0.2562,2.6982,
87,13,True,0.863734,1.4314,cusum,,,True,positive,87,0,0.2453,2.6908,
87,31,True,0.870389,1.4669,none,,,False,,87,0,0.2453,2.6703,
87,5,True,0.937471,1.8242,cusum,,,True,positive,87,0,0.2444,2.4633,
87,78,True,0.597073,0.0109,none,,,False,,87,0,0.245,2.3025,
87,74,True,0.785994,1.0173,none,,,False,,87,0,0.2447,2.2596,
87,27,True,0.769976,0.932,cusum,,,True,positive,87,0,0.2453,2.0311,
87,1,True,0.754721,0.8507,none,,,False,,87,0,0.2447,1.8324,
87,54,True,0.61909,0.1282,none,,,False,,87,0,0.2545,1.8189,
87,87,True,0.592963,-0.0109,none,,,False,,87,0,0.2437,1.4072,
87,11,True,0.655105,0.3201,none,,,False,,87,0,0.0456,0.6372,
87,51,True,0.693021,0.522,none,,,False,,87,0,0.0459,0.6148,
87,20,True,0.704527,0.5833,none,,,False,,87,0,0.0444,0.5334,
87,99,True,0.522076,-0.3885,none,,,False,,87,0,0.1344,0.5247,
87,36,True,0.649627,0.2909,none,,,False,,87,0,0.0442,0.503,
87,47,True,0.685406,0.4815,none,,,False,,87,0,0.0474,0.3994,
87,21,True,0.638262,0.2304,none,,,False,,87,0,0.0459,0.2883,
87,34,True,0.729358,0.7156,none,,,False,,87,0,0.0447,0.2601,
87,32,True,0.536285,-0.3129,none,,,False,,87,0,0.054,0.2495,
87,48,True,0.620034,0.1333,none,,,False,,87,0,0.0444,0.2021,
87,91,True,0.602125,0.0379,none,,,False,,87,0,0.0453,0.1335,
87,35,True,0.598312,0.0175,none,,,False,,87,0,0.0437,0.1078,
87,68,True,0.653224,0.3101,none,,,False,,87,0,0.0444,0.0561,
87,64,True,0.599179,0.0222,none,,,False,,87,0,0.0474,-0.0873,
87,60,True,0.234723,-1.9192,none,,,False,,87,0,0.0447,-0.0895,
87,22,True,0.551623,-0.2312,none,,,False,,87,0,0.0462,-0.1154,
87,61,True,0.558326,-0.1955,none,,,False,,87,0,0.0488,-0.1178,
87,19,True,0.565923,-0.155,none,,,False,,87,0,0.0442,-0.2046,
87,12,True,0.511553,-0.4446,none,,,False,,87,0,0.0485,-0.2575,
87,15,True,0.511313,-0.4459,none,,,False,,87,0,0.0562,-0.4611,
87,92,True,0.427121,-0.8944,none,,,False,,87,0,0.2474,-0.5751,
87,45,True,0.476115,-0.6334,none,,,False,,87,0,0.254,-0.5876,
87,62,True,0.632325,0.1987,none,,,False,,87,0,0.1635,-0.6826,
87,89,True,0.439356,-0.8292,none,,,False,,87,0,0.1626,-0.6847,
87,75,True,0.316053,-1.486,cusum,,,True,negative,87,0,0.3429,-1.6364,
87,9,True,0.441532,-0.8176,cusum,,,True,negative,87,0,0.3152,-1.2907,
87,28,True,0.52013,-0.3989,none,,,False,,87,0,0.3081,-0.9209,
87,79,True,0.195847,-2.1263,none,,,False,,87,0,0.3081,-2.1586,
87,82,True,0.513101,-0.4364,none,,,False,,87,0,0.3081,-1.3464,
87,84,True,0.445771,-0.795,cusum,,,True,negative,87,0,0.3046,-0.9615,
87,29,True,0.382857,-1.1301,none,,,False,,87,0,0.2946,-1.6163,
87,24,True,0.37124,-1.192,none,,,False,,87,0,0.2878,-1.1669,
87,93,True,0.400417,-1.0366,none,,,False,,87,0,0.2859,-1.0525,
87,83,True,0.31766,-1.4774,none,,,False,,87,0,0.285,-1.7529,
87,26,True,0.247823,-1.8494,none,,,False,,87,0,0.2838,-2.0293,
87,39,True,0.248268,-1.8471,none,,,False,,87,0,0.2838,-1.7249,
87,52,True,0.133457,-2.4587,none,,,False,,87,0,0.2838,-0.7366,
88,95,True,2.86212,3.0,none,,,False,,88,0,0.2452,4.0589,
88,44,True,1.256988,3.0,none,,,False,,88,0,0.2444,4.0577,
88,5,True,0.831103,1.0793,none,,,False,,88,0,0.2441,2.7723,
88,94,True,0.823812,1.0457,cusum,,,True,positive,88,0,0.2556,2.6994,
88,13,True,0.949046,1.6235,none,,,False,,88,0,0.2449,2.6637,
88,63,True,0.822885,1.0414,cusum,,,True,positive,88,0,0.259,2.5431,
88,31,True,0.717247,0.554,none,,,False,,88,0,0.2449,2.5257,
88,74,True,0.819064,1.0238,cusum,,,True,positive,88,0,0.2444,2.209,
88,27,True,0.717528,0.5553,none,,,False,,88,0,0.2449,2.143,
88,78,True,0.847345,1.1543,none,,,False,,88,0,0.2447,1.8701,
88,1,True,0.744238,0.6786,cusum,,,True,positive,88,0,0.2444,1.8507,
88,20,True,0.687104,0.4149,cusum,,,True,positive,88,0,0.2441,1.5022,
88,54,True,0.761253,0.7571,none,,,False,,88,0,0.254,1.4519,
88,87,True,0.632947,0.1651,none,,,False,,88,0,0.2434,1.1785,
88,51,True,0.656141,0.2721,none,,,False,,88,0,0.0455,0.6208,
88,11,True,0.594052,-0.0144,none,,,False,,88,0,0.0452,0.588,
88,47,True,0.679533,0.38,none,,,False,,88,0,0.0471,0.4686,
88,36,True,0.640447,0.1997,none,,,False,,88,0,0.0439,0.4635,
88,34,True,0.689452,0.4258,none,,,False,,88,0,0.0444,0.2563,
88,21,True,0.689518,0.4261,none,,,False,,88,0,0.0455,0.2055,
88,99,True,0.639267,0.1942,none,,,False,,88,0,0.1309,0.1702,
88,68,True,0.618828,0.0999,none,,,False,,88,0,0.0441,0.1679,
88,48,True,0.596911,-0.0012,none,,,False,,88,0,0.0441,0.1259,
88,35,True,0.5846,-0.058,none,,,False,,88,0,0.0434,0.1045,
88,32,True,0.618293,0.0975,none,,,False,,88,0,0.0535,0.0881,
88,91,True,0.601514,0.02,none,,,False,,88,0,0.0449,0.0824,
88,64,True,0.564493,-0.1508,none,,,False,,88,0,0.0471,-0.0403,
88,61,True,0.605279,0.0374,none,,,False,,88,0,0.0484,-0.091,
88,22,True,0.44229,-0.7146,none,,,False,,88,0,0.0458,-0.1518,
88,19,True,0.556211,-0.189,none,,,False,,88,0,0.0439,-0.2961,
88,62,True,0.439804,-0.7261,none,,,False,,88,0,0.1122,-0.3184,
88,12,True,0.571701,-0.1175,none,,,False,,88,0,0.0481,-0.3485,
88,15,True,0.40931,-0.8668,none,,,False,,88,0,0.0556,-0.3925,
88,85,True,0.499591,-0.4502,none,,,False,,88,0,0.2837,-0.6179,
88,45,True,0.535935,-0.2825,none,,,False,,88,0,0.0535,-0.6421,
88,92,True,0.376653,-1.0174,none,,,False,,88,0,0.2471,-0.6746,
88,38,True,0.409744,-0.8648,none,,,False,,88,0,0.2525,-0.6849,
88,75,True,0.379931,-1.0023,none,,,False,,88,0,0.3391,-1.7585,
88,9,True,0.430505,-0.769,none,,,False,,88,0,0.3122,-1.3342,
88,28,True,0.546474,-0.2339,none,,,False,,88,0,0.3053,-0.8341,
88,79,True,0.169418,-1.9736,cusum,,,True,negative,88,0,0.3053,-2.3213,
88,82,True,0.451862,-0.6704,none,,,False,,88,0,0.3053,-1.2119,
88,84,True,0.449483,-0.6814,none,,,False,,88,0,0.302,-1.0311,
88,29,True,0.306877,-1.3394,cusum,,,True,negative,88,0,0.2922,-1.5829,
88,70,True,0.182148,-1.9148,none,,,False,,88,0,0.2886,-2.3663,
88,4,True,0.265884,-1.5285,none,,,False,,88,0,0.2877,-2.0101,
88,90,True,0.208753,-1.7921,none,,,False,,88,0,0.2877,-1.8721,
88,43,True,0.167593,-1.982,none,,,False,,88,0,0.2867,-1.9732,
88,97,True,0.597427,0.0012,none,,,False,,88,0,0.2867,-1.1105,
88,69,True,0.442459,-0.7138,none,,,False,,88,0,0.2838,-0.9107,
89,95,True,2.218924,3.0,cusum,,,True,positive,89,0,0.2449,4.0585,
89,44,True,1.204507,3.0,cusum,,,True,positive,89,0,0.2441,4.0574,
89,13,True,0.869039,1.6025,none,,,False,,89,0,0.2446,2.7802,
89,5,True,0.890143,1.7169,none,,,False,,89,0,0.2438,2.6988,
89,94,True,0.822486,1.3504,none,,,False,,89,0,0.255,2.4973,
89,63,True,0.838774,1.4386,none,,,False,,89,0,0.2572,2.4169,
89,74,True,0.868299,1.5985,none,,,False,,89,0,0.2441,2.2075,
89,31,True,0.888707,1.7091,none,,,False,,89,0,0.2446,2.0916,
89,78,True,0.625407,0.283,none,,,False,,89,0,0.2443,2.0248,
89,27,True,0.77848,1.1121,none,,,False,,89,0,0.2446,2.0232,
89,1,True,0.72578,0.8266,none,,,False,,89,0,0.2441,1.7475,
89,54,True,0.667696,0.512,none,,,False,,89,0,0.2534,1.5433,
89,20,True,0.658025,0.4597,none,,,False,,89,0,0.2438,1.5372,
89,47,True,0.702116,0.6985,none,,,False,,89,0,0.0467,0.5498,
89,51,True,0.632285,0.3203,none,,,False,,89,0,0.0452,0.4911,
89,36,True,0.73886,0.8975,none,,,False,,89,0,0.0436,0.4736,
89,21,True,0.670558,0.5275,none,,,False,,89,0,0.0452,0.3307,
89,11,True,0.568159,-0.0271,none,,,False,,89,0,0.0449,0.3294,
89,34,True,0.74466,0.9289,none,,,False,,89,0,0.0441,0.3209,
89,68,True,0.634485,0.3322,none,,,False,,89,0,0.0438,0.2673,
89,35,True,0.676289,0.5586,none,,,False,,89,0,0.0431,0.1948,
89,87,True,0.665004,0.4975,none,,,False,,89,0,0.2431,0.1522,
89,48,True,0.62926,0.3039,none,,,False,,89,0,0.0438,0.1105,
89,32,True,0.638694,0.355,none,,,False,,89,0,0.0529,0.0899,
89,99,True,0.569077,-0.0221,none,,,False,,89,0,0.1275,0.0733,
89,91,True,0.551726,-0.1161,none,,,False,,89,0,0.0446,0.068,
89,61,True,0.481644,-0.4956,none,,,False,,89,0,0.048,-0.0452,
89,64,True,0.567639,-0.0299,none,,,False,,89,0,0.0467,-0.0796,
89,62,True,0.574833,0.0091,none,,,False,,89,0,0.1094,-0.2038,
89,12,True,0.54164,-0.1707,none,,,False,,89,0,0.0477,-0.2096,
89,22,True,0.571478,-0.0091,none,,,False,,89,0,0.0455,-0.3105,
89,19,True,0.654034,0.438,none,,,False,,89,0,0.0436,-0.3709,
89,85,True,0.400156,-0.937,none,,,False,,89,0,0.2776,-0.4464,
89,45,True,0.556035,-0.0927,none,,,False,,89,0,0.0529,-0.5359,
89,25,True,0.384962,-1.0193,none,,,False,,89,0,0.2855,-0.5561,
89,53,True,0.478141,-0.5146,none,,,False,,89,0,0.2721,-0.6327,
89,0,True,0.496745,-0.4139,none,,,False,,89,0,0.1945,-0.6891,
89,69,True,0.33886,-1.269,cusum,,,True,negative,89,0,0.3482,-1.5318,
89,75,True,0.375395,-1.0711,none,,,False,,89,0,0.3354,-1.6661,
89,9,True,0.409431,-0.8868,none,,,False,,89,0,0.3094,-1.334,
89,28,True,0.453049,-0.6505,none,,,False,,89,0,0.3027,-0.7357,
89,38,True,0.424946,-0.8027,cusum,,,True,negative,89,0,0.3027,-1.2213,
89,79,True,0.312591,-1.4113,none,,,False,,89,0,0.3027,-2.4264,
89,82,True,0.476418,-0.5239,none,,,False,,89,0,0.3027,-0.701,
89,84,True,0.496535,-0.415,none,,,False,,89,0,0.2994,-1.1195,
89,29,True,0.361563,-1.146,none,,,False,,89,0,0.2898,-1.6198,
89,83,True,0.268995,-1.6474,none,,,False,,89,0,0.2875,-1.8857,
89,41,True,0.278924,-1.5936,none,,,False,,89,0,0.2854,-2.0073,
89,49,True,0.324522,-1.3466,none,,,False,,89,0,0.2854,-2.1782,
89,73,True,0.399886,-0.9385,none,,,False,,89,0,0.2854,-1.4776,
90,95,True,2.702114,3.0,none,,,False,,90,0,0.2446,4.0581,
90,44,True,1.184575,3.0,none,,,False,,90,0,0.2438,4.057,
90,13,True,0.876318,1.5263,cusum,,,True,positive,90,0,0.2443,2.6102,
90,5,True,1.001986,2.1708,cusum,,,True,positive,90,0,0.2435,2.5967,
90,63,True,0.898637,1.6407,none,,,False,,90,0,0.2555,2.3897,
90,94,True,0.902944,1.6628,none,,,False,,90,0,0.2544,2.3664,
90,31,True,0.816894,1.2215,cusum,,,True,positive,90,0,0.2443,2.3011,
90,74,True,0.711178,0.6793,none,,,False,,90,0,0.2438,2.2702,
90,27,True,0.731776,0.785,none,,,False,,90,0,0.2443,1.9242,
90,1,True,0.760728,0.9335,none,,,False,,90,0,0.2438,1.8423,
90,20,True,0.709293,0.6697,none,,,False,,90,0,0.2435,1.5426,
90,34,True,0.612761,0.1746,none,,,False,,90,0,0.0438,0.7471,
90,47,True,0.723887,0.7445,none,,,False,,90,0,0.0463,0.5806,
90,78,True,0.731003,0.781,none,,,False,,90,0,0.244,0.5401,
90,54,True,0.669369,0.4649,none,,,False,,90,0,0.2529,0.5358,
90,36,True,0.699629,0.6201,none,,,False,,90,0,0.0433,0.5189,
90,21,True,0.670529,0.4709,none,,,False,,90,0,0.0449,0.4532,
90,51,True,0.678361,0.511,none,,,False,,90,0,0.0449,0.43,
90,68,True,0.577292,-0.0073,none,,,False,,90,0,0.0435,0.304,
90,87,True,0.56367,-0.0772,none,,,False,,90,0,0.2428,0.2728,
90,35,True,0.636339,0.2955,none,,,False,,90,0,0.0428,0.2283,
90,48,True,0.549143,-0.1517,none,,,False,,90,0,0.0435,0.2019,
90,11,True,0.695598,0.5994,none,,,False,,90,0,0.0446,0.151,
90,32,True,0.58477,0.031,none,,,False,,90,0,0.0524,0.1159,
90,19,True,0.636136,0.2945,none,,,False,,90,0,0.0433,0.0876,
90,91,True,0.58015,0.0073,none,,,False,,90,0,0.0443,0.0383,
90,99,True,0.582307,0.0184,none,,,False,,90,0,0.1242,0.0299,
90,64,True,0.554434,-0.1246,none,,,False,,90,0,0.0463,0.0078,
90,62,True,0.548666,-0.1541,none,,,False,,90,0,0.1067,-0.0799,
90,61,True,0.556321,-0.1149,none,,,False,,90,0,0.0476,-0.1554,
90,12,True,0.591564,0.0659,none,,,False,,90,0,0.0473,-0.1822,
90,22,True,0.520881,-0.2966,none,,,False,,90,0,0.0451,-0.2594,
90,45,True,0.4653,-0.5817,none,,,False,,90,0,0.0524,-0.2669,
90,28,True,0.516125,-0.321,none,,,False,,90,0,0.3001,-0.338,
90,97,True,0.557357,-0.1096,none,,,False,,90,0,0.2853,-0.4334,
90,85,True,0.300939,-1.4246,none,,,False,,90,0,0.2755,-0.6148,
90,53,True,0.542322,-0.1867,none,,,False,,90,0,0.252,-0.6229,
90,69,True,0.372773,-1.0562,none,,,False,,90,0,0.3442,-1.516,
90,75,True,0.281374,-1.525,cusum,,,True,negative,90,0,0.3318,-1.5799,
90,9,True,0.393052,-0.9522,none,,,False,,90,0,0.3067,-1.2316,
90,38,True,0.406162,-0.885,none,,,False,,90,0,0.3001,-1.2584,
90,79,True,0.235301,-1.7613,cusum,,,True,negative,90,0,0.3001,-2.2472,
90,82,True,0.451611,-0.6519,cusum,,,True,negative,90,0,0.3001,-0.9538,
90,84,True,0.422951,-0.7989,none,,,False,,90,0,0.2969,-1.0421,
90,93,True,0.396096,-0.9366,none,,,False,,90,0,0.2892,-1.5725,
90,29,True,0.379884,-1.0198,none,,,False,,90,0,0.2875,-1.6207,
90,7,True,0.380138,-1.0185,none,,,False,,90,0,0.2854,-0.8374,
90,17,True,0.33548,-1.2475,none,,,False,,90,0,0.2854,-1.1695,
90,46,True,0.3671,-1.0853,none,,,False,,90,0,0.2854,-0.9653,
90,43,True,0.20304,-1.9267,none,,,False,,90,0,0.2853,-2.1099,
91,95,True,2.590052,3.0,cusum,,,True,positive,91,0,0.2443,4.0577,
91,44,True,1.151936,3.0,cusum,,,True,positive,91,0,0.2435,4.0566,
91,5,True,0.7374,0.8563,none,,,False,,91,0,0.2432,2.7119,
91,13,True,0.782127,1.1,none,,,False,,91,0,0.244,2.6415,
91,63,True,0.854498,1.4943,cusum,,,True,positive,91,0,0.2549,2.4465,
91,94,True,0.917704,1.8386,cusum,,,True,positive,91,0,0.2538,2.4244,
91,31,True,0.946125,1.9934,none,,,False,,91,0,0.244,2.2189,
91,74,True,0.775019,1.0613,none,,,False,,91,0,0.2435,2.1572,
91,27,True,0.743689,0.8906,none,,,False,,91,0,0.244,1.8748,
91,1,True,0.716442,0.7421,none,,,False,,91,0,0.2435,1.8695,
91,78,True,0.623003,0.2331,cusum,,,True,positive,91,0,0.2437,1.7964,
91,20,True,0.623854,0.2377,none,,,False,,91,0,0.2432,1.571,
91,47,True,0.579738,-0.0026,none,,,False,,91,0,0.046,0.6679,
91,54,True,0.704428,0.6767,none,,,False,,91,0,0.2524,0.6473,
91,36,True,0.670201,0.4902,none,,,False,,91,0,0.043,0.6283,
91,34,True,0.761978,0.9902,none,,,False,,91,0,0.0435,0.5664,
91,21,True,0.692271,0.6105,none,,,False,,91,0,0.0445,0.533,
91,51,True,0.628306,0.262,none,,,False,,91,0,0.0445,0.4259,
91,35,True,0.6416,0.3344,none,,,False,,91,0,0.0425,0.3206,
91,87,True,0.619333,0.2131,none,,,False,,91,0,0.2425,0.2503,
91,11,True,0.646813,0.3628,none,,,False,,91,0,0.0443,0.2437,
91,19,True,0.703623,0.6723,none,,,False,,91,0,0.043,0.2371,
91,32,True,0.572299,-0.0431,none,,,False,,91,0,0.0519,0.2298,
91,68,True,0.45089,-0.7046,none,,,False,,91,0,0.0432,0.1978,
91,99,True,0.613336,0.1804,none,,,False,,91,0,0.1211,0.1635,
91,48,True,0.665266,0.4633,none,,,False,,91,0,0.0432,0.1066,
91,91,True,0.5807,0.0026,none,,,False,,91,0,0.044,0.0278,
91,12,True,0.559458,-0.1131,none,,,False,,91,0,0.0469,-0.0126,
91,64,True,0.535813,-0.2419,none,,,False,,91,0,0.046,-0.0415,
91,61,True,0.576759,-0.0188,none,,,False,,91,0,0.0473,-0.129,
91,97,True,0.462704,-0.6402,none,,,False,,91,0,0.2793,-0.1612,
91,62,True,0.536053,-0.2406,none,,,False,,91,0,0.104,-0.1991,
91,45,True,0.541039,-0.2134,none,,,False,,91,0,0.0519,-0.2503,
91,22,True,0.64155,0.3341,none,,,False,,91,0,0.0448,-0.2816,
91,28,True,0.50954,-0.3851,none,,,False,,91,0,0.2976,-0.3134,
91,53,True,0.561539,-0.1018,none,,,False,,91,0,0.2515,-0.6135,
91,86,True,0.449512,-0.7121,none,,,False,,91,0,0.2555,-0.6898,
91,7,True,0.386168,-1.0572,cusum,,,True,negative,91,0,0.349,-1.3156,
91,17,True,0.365944,-1.1673,cusum,,,True,negative,91,0,0.349,-1.7786,
91,46,True,0.341373,-1.3012,cusum,,,True,negative,91,0,0.349,-1.6089,
91,69,True,0.443059,-0.7472,none,,,False,,91,0,0.3404,-1.4012,
91,75,True,0.37981,-1.0918,none,,,False,,91,0,0.3285,-1.5952,
91,9,True,0.398366,-0.9907,none,,,False,,91,0,0.304,-1.278,
91,38,True,0.401909,-0.9714,none,,,False,,91,0,0.2976,-1.2624,
91,79,True,0.25331,-1.781,none,,,False,,91,0,0.2976,-2.127,
91,82,True,0.485347,-0.5169,none,,,False,,91,0,0.2976,-1.027,
91,84,True,0.577692,-0.0138,none,,,False,,91,0,0.2944,-1.0447,
91,26,True,0.367069,-1.1612,none,,,False,,91,0,0.2879,-1.8126,
91,39,True,0.336161,-1.3296,none,,,False,,91,0,0.2879,-1.5255,
91,52,True,0.360506,-1.197,none,,,False,,91,0,0.2879,-1.6283,
92,95,True,2.542996,3.0,none,,,False,,92,0,0.244,4.0574,
92,44,True,0.984758,1.7838,none,,,False,,92,0,0.2432,4.0563,
92,31,True,0.950771,1.6335,cusum,,,True,positive,92,0,0.2437,2.6983,
92,94,True,0.790457,0.9247,none,,,False,,92,0,0.2533,2.688,
92,5,True,0.897894,1.3997,none,,,False,,92,0,0.2429,2.6372,
92,63,True,0.842928,1.1567,none,,,False,,92,0,0.2543,2.5967,
92,13,True,0.830201,1.1004,none,,,False,,92,0,0.2437,2.4666,
92,74,True,0.816196,1.0385,cusum,,,True,positive,92,0,0.2432,2.1693,
92,27,True,0.803211,0.9811,cusum,,,True,positive,92,0,0.2437,1.9862,
92,1,True,0.788501,0.9161,none,,,False,,92,0,0.2432,1.8903,
92,34,True,0.559411,-0.0967,cusum,,,True,positive,92,0,0.2432,1.7541,
92,20,True,0.612623,0.1385,none,,,False,,92,0,0.2429,1.5116,
92,78,True,0.74742,0.7345,none,,,False,,92,0,0.2434,1.489,
92,36,True,0.719753,0.6121,none,,,False,,92,0,0.0427,0.7248,
92,54,True,0.637184,0.2471,none,,,False,,92,0,0.2519,0.6199,
92,21,True,0.616219,0.1544,none,,,False,,92,0,0.0442,0.594,
92,47,True,0.743816,0.7185,none,,,False,,92,0,0.0456,0.5399,
92,19,True,0.682652,0.4481,none,,,False,,92,0,0.0427,0.5238,
92,35,True,0.674368,0.4115,none,,,False,,92,0,0.0422,0.451,
92,51,True,0.734456,0.6772,none,,,False,,92,0,0.0442,0.4222,
92,11,True,0.752507,0.757,none,,,False,,92,0,0.044,0.3691,
92,87,True,0.569378,-0.0527,none,,,False,,92,0,0.2422,0.266,
92,48,True,0.492255,-0.3936,none,,,False,,92,0,0.0429,0.2611,
92,32,True,0.672076,0.4014,none,,,False,,92,0,0.0514,0.1823,
92,99,True,0.583261,0.0087,none,,,False,,92,0,0.1181,0.157,
92,22,True,0.481494,-0.4412,none,,,False,,92,0,0.0445,0.0676,
92,91,True,0.629306,0.2123,none,,,False,,92,0,0.0437,0.0216,
92,12,True,0.539564,-0.1845,none,,,False,,92,0,0.0466,-0.0116,
92,62,True,0.621551,0.178,none,,,False,,92,0,0.1014,-0.0388,
92,68,True,0.582716,0.0063,none,,,False,,92,0,0.0429,-0.0707,
92,64,True,0.562106,-0.0848,none,,,False,,92,0,0.0456,-0.0724,
92,61,True,0.579865,-0.0063,none,,,False,,92,0,0.0469,-0.1482,
92,97,True,0.442083,-0.6154,none,,,False,,92,0,0.2772,-0.1695,
92,53,True,0.131773,-1.9873,none,,,False,,92,0,0.251,-0.2003,
92,45,True,0.272095,-1.367,none,,,False,,92,0,0.0514,-0.2279,
92,84,True,0.467881,-0.5014,none,,,False,,92,0,0.2921,-0.3235,
92,7,True,0.42933,-0.6718,none,,,False,,92,0,0.345,-1.2937,
92,17,True,0.368418,-0.9411,none,,,False,,92,0,0.345,-1.6489,
92,46,True,0.284147,-1.3137,none,,,False,,92,0,0.345,-1.5076,
92,69,True,0.340044,-1.0666,none,,,False,,92,0,0.3367,-1.415,
92,75,True,0.383876,-0.8728,none,,,False,,92,0,0.3252,-1.6272,
92,86,True,0.41211,-0.748,cusum,,,True,negative,92,0,0.3216,-1.0702,
92,9,True,0.432886,-0.6561,cusum,,,True,negative,92,0,0.3014,-1.3534,
92,28,True,0.485105,-0.4252,none,,,False,,92,0,0.2952,-0.3652,
92,38,True,0.431012,-0.6644,none,,,False,,92,0,0.2952,-1.2993,
92,79,True,0.238717,-1.5145,cusum,,,True,negative,92,0,0.2952,-2.0641,
92,82,True,0.524377,-0.2516,none,,,False,,92,0,0.2952,-0.9772,
92,4,True,0.204577,-1.6655,none,,,False,,92,0,0.2916,-1.4974,
92,90,True,0.280253,-1.3309,none,,,False,,92,0,0.2916,-1.4772,
92,83,True,0.316834,-1.1692,none,,,False,,92,0,0.2907,-2.0019,
93,95,True,2.479156,3.0,cusum,,,True,positive,93,0,0.2436,4.057,
93,44,True,1.026261,2.6288,cusum,,,True,positive,93,0,0.2429,3.6505,
93,31,True,0.958311,2.2172,none,,,False,,93,0,0.2434,2.6728,
93,94,True,0.879419,1.7393,none,,,False,,93,0,0.2528,2.5454,
93,5,True,0.953885,2.1904,cusum,,,True,positive,93,0,0.2427,2.5312,
93,63,True,0.820807,1.3843,none,,,False,,93,0,0.2538,2.502,
93,13,True,0.69937,0.6487,cusum,,,True,positive,93,0,0.2434,2.2988,
93,74,True,0.842352,1.5148,none,,,False,,93,0,0.2429,1.9823,
93,27,True,0.790688,1.2018,none,,,False,,93,0,0.2434,1.9422,
93,1,True,0.727191,0.8172,cusum,,,True,positive,93,0,0.2429,1.9198,
93,78,True,0.726409,0.8125,none,,,False,,93,0,0.2431,1.6391,
93,34,True,0.593933,0.01,none,,,False,,93,0,0.2429,1.4119,
93,11,True,0.645166,0.3203,none,,,False,,93,0,0.0436,0.63,
93,36,True,0.602588,0.0624,none,,,False,,93,0,0.0424,0.6294,
93,47,True,0.706446,0.6916,none,,,False,,93,0,0.0453,0.5461,
93,51,True,0.65638,0.3883,none,,,False,,93,0,0.0439,0.5407,
93,54,True,0.616762,0.1483,none,,,False,,93,0,0.2514,0.5309,
93,19,True,0.643288,0.309,none,,,False,,93,0,0.0424,0.5268,
93,21,True,0.628622,0.2201,none,,,False,,93,0,0.0439,0.4693,
93,20,True,0.638344,0.279,none,,,False,,93,0,0.2427,0.4042,
93,35,True,0.689666,0.5899,none,,,False,,93,0,0.042,0.4017,
93,32,True,0.551648,-0.2461,none,,,False,,93,0,0.051,0.1972,
93,99,True,0.64714,0.3323,none,,,False,,93,0,0.1152,0.1654,
93,91,True,0.625225,0.1996,none,,,False,,93,0,0.0434,0.1307,
93,87,True,0.626402,0.2067,none,,,False,,93,0,0.242,0.0823,
93,48,True,0.490038,-0.6193,none,,,False,,93,0,0.0427,0.0282,
93,62,True,0.590629,-0.01,none,,,False,,93,0,0.099,0.0161,
93,61,True,0.550134,-0.2553,none,,,False,,93,0,0.0465,0.0144,
93,12,True,0.538337,-0.3268,none,,,False,,93,0,0.0462,-0.0166,
93,22,True,0.410953,-1.0984,none,,,False,,93,0,0.0442,-0.0768,
93,64,True,0.560959,-0.1897,none,,,False,,93,0,0.0453,-0.0911,
93,68,True,0.623642,0.19,none,,,False,,93,0,0.0427,-0.1796,
93,28,True,0.522933,-0.4201,none,,,False,,93,0,0.2928,-0.2914,
93,84,True,0.530363,-0.3751,none,,,False,,93,0,0.2898,-0.3535,
93,97,True,0.513976,-0.4743,none,,,False,,93,0,0.2752,-0.376,
93,45,True,0.48375,-0.6574,none,,,False,,93,0,0.051,-0.6533,
93,7,True,0.452674,-0.8457,none,,,False,,93,0,0.3412,-1.304,
93,17,True,0.346243,-1.4904,none,,,False,,93,0,0.3412,-1.5069,
93,46,True,0.256309,-2.0351,none,,,False,,93,0,0.3412,-1.6216,
93,69,True,0.306386,-1.7318,cusum,,,True,negative,93,0,0.3332,-1.3501,
93,75,True,0.382881,-1.2684,cusum,,,True,negative,93,0,0.3222,-1.5632,
93,86,True,0.494972,-0.5894,none,,,False,,93,0,0.3186,-1.139,
93,9,True,0.368485,-1.3556,none,,,False,,93,0,0.299,-1.278,
93,29,True,0.428399,-0.9927,none,,,False,,93,0,0.2944,-1.585,
93,70,True,0.210277,-2.314,none,,,False,,93,0,0.2931,-1.9004,
93,38,True,0.448728,-0.8696,none,,,False,,93,0,0.2928,-1.2545,
93,79,True,0.240854,-2.1288,none,,,False,,93,0,0.2928,-2.0998,
93,82,True,0.466911,-0.7594,none,,,False,,93,0,0.2928,-0.8877,
93,41,True,0.274886,-1.9226,none,,,False,,93,0,0.2894,-1.6268,
93,49,True,0.298061,-1.7822,none,,,False,,93,0,0.2894,-1.771,
94,95,True,2.510211,3.0,none,,,False,,94,0,0.2434,4.0566,
94,44,True,1.112479,2.5384,none,,,False,,94,0,0.2426,3.5264,
94,31,True,0.858897,1.3252,cusum,,,True,positive,94,0,0.2431,3.0043,
94,94,True,0.856023,1.3114,cusum,,,True,positive,94,0,0.2523,2.5702,
94,5,True,0.898796,1.5161,none,,,False,,94,0,0.2424,2.5374,
94,63,True,0.783029,0.9622,cusum,,,True,positive,94,0,0.2532,2.4158,
94,74,True,0.824155,1.1589,none,,,False,,94,0,0.2426,2.2604,
94,27,True,0.759296,0.8486,none,,,False,,94,0,0.2431,2.0808,
94,13,True,0.820421,1.1411,none,,,False,,94,0,0.2431,2.006,
94,1,True,0.665685,0.4007,none,,,False,,94,0,0.2426,1.8807,
94,78,True,0.677938,0.4594,none,,,False,,94,0,0.2429,1.6492,
94,34,True,0.610596,0.1371,none,,,False,,94,0,0.2426,1.3567,
94,11,True,0.638167,0.2691,none,,,False,,94,0,0.0434,0.5366,
94,19,True,0.57054,-0.0545,none,,,False,,94,0,0.0421,0.5313,
94,47,True,0.672225,0.432,none,,,False,,94,0,0.045,0.5281,
94,35,True,0.665464,0.3997,none,,,False,,94,0,0.0417,0.4995,
94,51,True,0.648225,0.3172,none,,,False,,94,0,0.0436,0.4995,
94,36,True,0.731783,0.717,none,,,False,,94,0,0.0421,0.4431,
94,54,True,0.727382,0.6959,none,,,False,,94,0,0.2509,0.4248,
94,21,True,0.665306,0.3989,none,,,False,,94,0,0.0436,0.3853,
94,20,True,0.686544,0.5005,none,,,False,,94,0,0.2424,0.2736,
94,99,True,0.567411,-0.0695,none,,,False,,94,0,0.1124,0.2683,
94,91,True,0.63006,0.2303,none,,,False,,94,0,0.0431,0.1944,
94,87,True,0.612106,0.1444,none,,,False,,94,0,0.0417,0.1766,
94,32,True,0.668713,0.4152,none,,,False,,94,0,0.0505,0.1042,
94,62,True,0.580723,-0.0058,none,,,False,,94,0,0.0966,0.0628,
94,61,True,0.501219,-0.3862,none,,,False,,94,0,0.0462,-0.0329,
94,64,True,0.58314,0.0058,none,,,False,,94,0,0.045,-0.1132,
94,68,True,0.561648,-0.097,none,,,False,,94,0,0.0424,-0.1142,
94,48,True,0.613437,0.1507,none,,,False,,94,0,0.0424,-0.128,
94,12,True,0.566491,-0.0739,none,,,False,,94,0,0.0459,-0.1479,
94,84,True,0.506153,-0.3626,none,,,False,,94,0,0.2876,-0.2134,
94,28,True,0.325057,-1.229,none,,,False,,94,0,0.2905,-0.3256,
94,22,True,0.524574,-0.2744,none,,,False,,94,0,0.0439,-0.3445,
94,15,True,0.540164,-0.1998,none,,,False,,94,0,0.2755,-0.489,
94,97,True,0.433908,-0.7082,none,,,False,,94,0,0.2733,-0.4986,
94,98,True,0.441323,-0.6727,none,,,False,,94,0,0.2096,-0.6898,
94,7,True,0.391024,-0.9134,none,,,False,,94,0,0.3375,-1.2491,
94,17,True,0.340939,-1.153,cusum,,,True,negative,94,0,0.3375,-1.5905,
94,46,True,0.229944,-1.6841,cusum,,,True,negative,94,0,0.3375,-1.9409,
94,69,True,0.323105,-1.2384,none,,,False,,94,0,0.3299,-1.5776,
94,75,True,0.384118,-0.9464,none,,,False,,94,0,0.3192,-1.4796,
94,86,True,0.440595,-0.6762,none,,,False,,94,0,0.3158,-1.0869,
94,9,True,0.369716,-1.0154,none,,,False,,94,0,0.2966,-1.4138,
94,73,True,0.371211,-1.0082,none,,,False,,94,0,0.2938,-1.6594,
94,43,True,0.333706,-1.1876,none,,,False,,94,0,0.2929,-2.3861,
94,93,True,0.388625,-0.9249,none,,,False,,94,0,0.2929,-1.0324,
94,38,True,0.411846,-0.8138,cusum,,,True,negative,94,0,0.2905,-1.2506,
94,79,True,0.271126,-1.4871,cusum,,,True,negative,94,0,0.2905,-2.2236,
94,82,True,0.511123,-0.3388,none,,,False,,94,0,0.2905,-0.9248,
95,95,True,2.452347,3.0,cusum,,,True,positive,95,0,0.2431,4.0563,
95,44,True,1.014068,2.3462,cusum,,,True,positive,95,0,0.2423,3.3722,
95,31,True,0.839075,1.3356,none,,,False,,95,0,0.2428,2.7812,
95,5,True,0.818053,1.2142,cusum,,,True,positive,95,0,0.2421,2.7569,
95,94,True,0.789516,1.0494,none,,,False,,95,0,0.2518,2.3938,
95,74,True,0.767019,0.9194,cusum,,,True,positive,95,0,0.2423,2.2926,
95,63,True,0.764024,0.9021,none,,,False,,95,0,0.2527,2.2377,
95,27,True,0.630479,0.1309,none,,,False,,95,0,0.2428,2.0664,
95,13,True,0.822174,1.238,none,,,False,,95,0,0.2428,2.0193,
95,1,True,0.587853,-0.1153,none,,,False,,95,0,0.2423,1.7666,
95,78,True,0.721862,0.6587,none,,,False,,95,0,0.2426,1.7243,
95,34,True,0.694422,0.5002,none,,,False,,95,0,0.2423,1.072,
95,47,True,0.726525,0.6856,none,,,False,,95,0,0.0446,0.6726,
95,35,True,0.726401,0.6849,none,,,False,,95,0,0.0414,0.5209,
95,36,True,0.727735,0.6926,none,,,False,,95,0,0.0419,0.5184,
95,51,True,0.650807,0.2483,none,,,False,,95,0,0.0433,0.5175,
95,11,True,0.658617,0.2934,none,,,False,,95,0,0.0431,0.505,
95,54,True,0.692915,0.4915,none,,,False,,95,0,0.0505,0.4306,
95,20,True,0.687351,0.4593,none,,,False,,95,0,0.2421,0.3609,
95,21,True,0.629193,0.1235,none,,,False,,95,0,0.0433,0.3144,
95,19,True,0.71053,0.5932,none,,,False,,95,0,0.0419,0.2888,
95,91,True,0.58966,-0.1048,none,,,False,,95,0,0.0428,0.2699,
95,32,True,0.61368,0.0339,none,,,False,,95,0,0.05,0.2564,
95,99,True,0.621891,0.0813,none,,,False,,95,0,0.1097,0.1834,
95,87,True,0.613184,0.031,none,,,False,,95,0,0.0414,0.1534,
95,62,True,0.551158,-0.3272,none,,,False,,95,0,0.0942,0.1398,
95,68,True,0.664729,0.3287,none,,,False,,95,0,0.0421,0.088,
95,64,True,0.526115,-0.4718,none,,,False,,95,0,0.0446,-0.0311,
95,12,True,0.704165,0.5564,none,,,False,,95,0,0.0455,-0.1353,
95,61,True,0.467088,-0.8127,none,,,False,,95,0,0.0458,-0.1557,
95,48,True,0.594284,-0.0781,none,,,False,,95,0,0.0421,-0.2325,
95,84,True,0.526778,-0.468,none,,,False,,95,0,0.2854,-0.3308,
95,82,True,0.533836,-0.4272,none,,,False,,95,0,0.2883,-0.3666,
95,15,True,0.414786,-1.1148,none,,,False,,95,0,0.2553,-0.432,
95,97,True,0.545561,-0.3595,none,,,False,,95,0,0.0714,-0.5222,
95,22,True,0.602442,-0.031,none,,,False,,95,0,0.0436,-0.5477,
95,28,True,0.507711,-0.5781,none,,,False,,95,0,0.0883,-0.6081,
95,98,True,0.423349,-1.0653,cusum,,,True,negative,95,0,0.3461,-1.1363,
95,7,True,0.446178,-0.9335,none,,,False,,95,0,0.3341,-1.2037,
95,17,True,0.362511,-1.4167,none,,,False,,95,0,0.3341,-1.5882,
95,46,True,0.373373,-1.3539,none,,,False,,95,0,0.3341,-2.071,
95,69,True,0.334845,-1.5764,none,,,False,,95,0,0.3267,-1.7435,
95,75,True,0.360272,-1.4296,none,,,False,,95,0,0.3163,-1.433,
95,86,True,0.471346,-0.7881,none,,,False,,95,0,0.313,-1.0767,
95,9,True,0.433431,-1.0071,none,,,False,,95,0,0.2942,-1.4233,
95,88,True,0.492818,-0.6641,none,,,False,,95,0,0.2922,-0.6924,
95,83,True,0.398584,-1.2083,none,,,False,,95,0,0.2899,-1.3502,
95,29,True,0.467683,-0.8093,none,,,False,,95,0,0.2891,-1.4706,
95,38,True,0.408227,-1.1526,none,,,False,,95,0,0.2883,-1.1992,
95,79,True,0.276812,-1.9116,none,,,False,,95,0,0.2883,-2.1268,
96,95,True,2.678369,3.0,none,,,False,,96,0,0.2428,4.0559,
96,44,True,1.122518,2.7297,none,,,False,,96,0,0.2421,3.5594,
96,5,True,0.889489,1.5362,none,,,False,,96,0,0.2418,2.6948,
96,31,True,0.802094,1.0886,none,,,False,,96,0,0.2425,2.6815,
96,94,True,0.912652,1.6549,none,,,False,,96,0,0.2513,2.4347,
96,74,True,0.759613,0.8711,none,,,False,,96,0,0.2421,2.2526,
96,63,True,0.834855,1.2564,none,,,False,,96,0,0.2522,2.1522,
96,13,True,0.851203,1.3402,none,,,False,,96,0,0.2425,2.0648,
96,27,True,0.665733,0.3903,none,,,False,,96,0,0.2425,1.7827,
96,1,True,0.636823,0.2422,none,,,False,,96,0,0.2421,1.4224,
96,34,True,0.618738,0.1496,none,,,False,,96,0,0.2421,1.2707,
96,78,True,0.81898,1.1751,none,,,False,,96,0,0.2423,0.6987,
96,47,True,0.718957,0.6628,none,,,False,,96,0,0.0443,0.6612,
96,35,True,0.659713,0.3594,none,,,False,,96,0,0.0412,0.6118,
96,36,True,0.804698,1.102,none,,,False,,96,0,0.0416,0.5449,
96,54,True,0.723503,0.6861,none,,,False,,96,0,0.05,0.5115,
96,20,True,0.669056,0.4073,none,,,False,,96,0,0.2418,0.4675,
96,51,True,0.650545,0.3125,none,,,False,,96,0,0.043,0.3742,
96,11,True,0.674829,0.4368,none,,,False,,96,0,0.0428,0.3502,
96,19,True,0.56007,-0.1509,none,,,False,,96,0,0.0416,0.3368,
96,21,True,0.669403,0.4091,none,,,False,,96,0,0.043,0.3038,
96,99,True,0.576559,-0.0664,none,,,False,,96,0,0.1071,0.206,
96,68,True,0.565276,-0.1242,none,,,False,,96,0,0.0418,0.1951,
96,87,True,0.625006,0.1817,none,,,False,,96,0,0.0412,0.181,
96,91,True,0.60139,0.0607,none,,,False,,96,0,0.0425,0.1639,
96,32,True,0.6504,0.3117,none,,,False,,96,0,0.0496,0.1333,
96,12,True,0.651794,0.3189,none,,,False,,96,0,0.0452,0.1113,
96,62,True,0.490143,-0.509,none,,,False,,96,0,0.092,-0.0298,
96,48,True,0.539437,-0.2566,none,,,False,,96,0,0.0418,-0.1277,
96,64,True,0.565311,-0.1241,none,,,False,,96,0,0.0443,-0.1605,
96,84,True,0.569538,-0.1024,none,,,False,,96,0,0.2833,-0.3208,
96,22,True,0.526957,-0.3205,none,,,False,,96,0,0.0433,-0.4113,
96,61,True,0.608585,0.0976,none,,,False,,96,0,0.0455,-0.425,
96,82,True,0.414385,-0.897,none,,,False,,96,0,0.2862,-0.4263,
96,97,True,0.575869,-0.07,none,,,False,,96,0,0.0695,-0.4378,
96,15,True,0.431596,-0.8089,none,,,False,,96,0,0.2536,-0.6557,
96,28,True,0.500191,-0.4576,none,,,False,,96,0,0.0862,-0.6602,
96,53,True,0.577675,-0.0607,none,,,False,,96,0,0.0614,-0.6918,
96,98,True,0.378131,-1.0827,none,,,False,,96,0,0.3423,-1.1399,
96,7,True,0.448747,-0.721,cusum,,,True,negative,96,0,0.3308,-1.2933,
96,17,True,0.30293,-1.4678,none,,,False,,96,0,0.3308,-1.7491,
96,46,True,0.415975,-0.8889,none,,,False,,96,0,0.3308,-2.0868,
96,69,True,0.380388,-1.0711,cusum,,,True,negative,96,0,0.3236,-1.9155,
96,75,True,0.336929,-1.2937,cusum,,,True,negative,96,0,0.3135,-1.6203,
96,86,True,0.452197,-0.7034,none,,,False,,96,0,0.3103,-1.0918,
96,39,True,0.308735,-1.4381,none,,,False,,96,0,0.2923,-2.1292,
96,52,True,0.206937,-1.9595,none,,,False,,96,0,0.2923,-1.3645,
96,9,True,0.329368,-1.3324,cusum,,,True,negative,96,0,0.292,-1.5415,
96,4,True,0.282717,-1.5714,none,,,False,,96,0,0.2915,-2.1484,
96,90,True,0.265191,-1.6611,none,,,False,,96,0,0.2915,-1.9785,
97,95,True,2.500057,3.0,cusum,,,True,positive,97,0,0.2425,4.0556,
97,44,True,1.036997,2.3264,cusum,,,True,positive,97,0,0.2418,3.5927,
97,5,True,0.697089,0.6314,none,,,False,,97,0,0.2416,2.4764,
97,94,True,0.840249,1.3453,cusum,,,True,positive,97,0,0.2508,2.406,
97,31,True,0.723834,0.7648,cusum,,,True,positive,97,0,0.2423,2.305,
97,13,True,0.606282,0.1786,cusum,,,True,positive,97,0,0.2423,2.2949,
97,63,True,0.86065,1.447,none,,,False,,97,0,0.2517,2.1089,
97,74,True,0.768214,0.9861,none,,,False,,97,0,0.2418,2.0377,
97,36,True,0.706587,0.6788,cusum,,,True,positive,97,0,0.2413,1.8911,
97,47,True,0.561618,-0.0441,cusum,,,True,positive,97,0,0.244,1.6512,
97,1,True,0.694447,0.6182,none,,,False,,97,0,0.2418,1.2304,
97,78,True,0.739333,0.8421,none,,,False,,97,0,0.242,0.8193,
97,54,True,0.668085,0.4868,none,,,False,,97,0,0.0496,0.6902,
97,35,True,0.688358,0.5879,none,,,False,,97,0,0.0409,0.5346,
97,27,True,0.722948,0.7604,none,,,False,,97,0,0.2423,0.5118,
97,20,True,0.67034,0.498,none,,,False,,97,0,0.2416,0.5099,
97,11,True,0.704865,0.6702,none,,,False,,97,0,0.0425,0.3887,
97,21,True,0.565599,-0.0243,none,,,False,,97,0,0.0427,0.3664,
97,51,True,0.664758,0.4702,none,,,False,,97,0,0.0427,0.3486,
97,12,True,0.541016,-0.1469,none,,,False,,97,0,0.0449,0.3261,
97,32,True,0.650072,0.397,none,,,False,,97,0,0.0492,0.3187,
97,34,True,0.719032,0.7408,none,,,False,,97,0,0.2418,0.3169,
97,19,True,0.713005,0.7108,none,,,False,,97,0,0.0413,0.1832,
97,87,True,0.631674,0.3052,none,,,False,,97,0,0.0409,0.1723,
97,91,True,0.555402,-0.0751,none,,,False,,97,0,0.0423,0.1173,
97,68,True,0.561287,-0.0458,none,,,False,,97,0,0.0416,0.09,
97,99,True,0.603692,0.1657,none,,,False,,97,0,0.1046,0.0716,
97,48,True,0.611841,0.2063,none,,,False,,97,0,0.0416,-0.0071,
97,64,True,0.537876,-0.1625,none,,,False,,97,0,0.044,-0.139,
97,22,True,0.575337,0.0243,none,,,False,,97,0,0.043,-0.1524,
97,62,True,0.532168,-0.191,none,,,False,,97,0,0.0898,-0.1973,
97,84,True,0.383105,-0.9343,none,,,False,,97,0,0.0813,-0.2309,
97,97,True,0.493711,-0.3828,none,,,False,,97,0,0.0677,-0.3039,
97,61,True,0.604426,0.1693,none,,,False,,97,0,0.0451,-0.3078,
97,82,True,0.482984,-0.4363,none,,,False,,97,0,0.2841,-0.4732,
97,86,True,0.444472,-0.6283,none,,,False,,97,0,0.3077,-0.6313,
97,15,True,0.502321,-0.3398,none,,,False,,97,0,0.2531,-0.6371,
97,98,True,0.41319,-0.7843,none,,,False,,97,0,0.3387,-1.3311,
97,7,True,0.407506,-0.8126,none,,,False,,97,0,0.3276,-1.2539,
97,17,True,0.353687,-1.081,cusum,,,True,negative,97,0,0.3276,-1.7438,
97,46,True,0.384932,-0.9252,cusum,,,True,negative,97,0,0.3276,-1.7069,
97,69,True,0.134825,-2.1724,none,,,False,,97,0,0.3207,-1.6973,
97,75,True,0.361003,-1.0445,none,,,False,,97,0,0.3109,-1.6304,
97,50,True,0.24147,-1.6406,none,,,False,,97,0,0.2926,-0.8922,
97,38,True,0.41992,-0.7507,none,,,False,,97,0,0.2905,-1.3631,
97,79,True,0.272595,-1.4854,none,,,False,,97,0,0.2905,-2.2603,
97,9,True,0.296907,-1.3642,none,,,False,,97,0,0.2898,-1.535,
97,41,True,0.309141,-1.3032,none,,,False,,97,0,0.2894,-2.2417,
97,49,True,0.307418,-1.3117,none,,,False,,97,0,0.2894,-2.2498,
97,70,True,0.246472,-1.6157,none,,,False,,97,0,0.2894,-2.5226,
98,95,True,2.587001,3.0,none,,,False,,98,0,0.2422,4.0552,
98,44,True,0.958571,2.0647,none,,,False,,98,0,0.2415,3.5217,
98,94,True,0.859535,1.5218,none,,,False,,98,0,0.2503,2.4167,
98,63,True,0.644887,0.3451,cusum,,,True,positive,98,0,0.2512,2.2699,
98,5,True,0.744108,0.889,none,,,False,,98,0,0.2413,2.1812,
98,31,True,0.851568,1.4781,none,,,False,,98,0,0.242,2.1179,
98,74,True,0.773191,1.0484,none,,,False,,98,0,0.2415,1.9798,
98,13,True,0.744643,0.8919,none,,,False,,98,0,0.242,1.9738,
98,78,True,0.764474,1.0007,cusum,,,True,positive,98,0,0.2418,1.9465,
98,36,True,0.716072,0.7353,none,,,False,,98,0,0.2411,1.878,
98,47,True,0.580619,-0.0073,none,,,False,,98,0,0.2437,1.4921,
98,27,True,0.716729,0.7389,cusum,,,True,positive,98,0,0.242,1.4821,
98,54,True,0.679841,0.5367,none,,,False,,98,0,0.0491,0.6199,
98,35,True,0.695765,0.624,none,,,False,,98,0,0.0407,0.5971,
98,11,True,0.666162,0.4617,none,,,False,,98,0,0.0422,0.522,
98,34,True,0.794901,1.1675,none,,,False,,98,0,0.2415,0.5178,
98,20,True,0.658107,0.4175,none,,,False,,98,0,0.0413,0.5088,
98,19,True,0.625795,0.2404,none,,,False,,98,0,0.0411,0.438,
98,51,True,0.661221,0.4346,none,,,False,,98,0,0.0425,0.3992,
98,32,True,0.624448,0.233,none,,,False,,98,0,0.0488,0.3121,
98,1,True,0.786721,1.1226,none,,,False,,98,0,0.2415,0.3026,
98,12,True,0.574655,-0.04,none,,,False,,98,0,0.0445,0.3013,
98,87,True,0.621977,0.2195,none,,,False,,98,0,0.0407,0.2256,
98,21,True,0.663624,0.4478,none,,,False,,98,0,0.0425,0.225,
98,99,True,0.534943,-0.2577,none,,,False,,98,0,0.1022,0.1486,
98,68,True,0.641629,0.3272,none,,,False,,98,0,0.0413,0.1068,
98,91,True,0.595605,0.0749,none,,,False,,98,0,0.042,0.0151,
98,48,True,0.583268,0.0073,none,,,False,,98,0,0.0413,0.0111,
98,22,True,0.528375,-0.2937,none,,,False,,98,0,0.0427,-0.0532,
98,61,True,0.567034,-0.0817,none,,,False,,98,0,0.0448,-0.123,
98,64,True,0.563829,-0.0993,none,,,False,,98,0,0.0437,-0.1954,
98,97,True,0.45046,-0.7208,none,,,False,,98,0,0.066,-0.1962,
98,62,True,0.579361,-0.0142,none,,,False,,98,0,0.0876,-0.2602,
98,84,True,0.527583,-0.298,none,,,False,,98,0,0.0793,-0.4225,
98,82,True,0.539546,-0.2324,none,,,False,,98,0,0.2821,-0.5068,
98,86,True,0.382081,-1.0957,none,,,False,,98,0,0.3052,-0.6168,
98,53,True,0.562504,-0.1066,none,,,False,,98,0,0.0535,-0.6504,
98,28,True,0.436917,-0.7951,none,,,False,,98,0,0.0884,-0.6738,
98,50,True,0.136691,-2.4409,cusum,,,True,negative,98,0,0.3514,-1.9519,
98,98,True,0.445082,-0.7503,none,,,False,,98,0,0.3353,-1.3708,
98,7,True,0.396982,-1.014,none,,,False,,98,0,0.3246,-1.2224,
98,17,True,0.348566,-1.2794,none,,,False,,98,0,0.3246,-1.7218,
98,46,True,0.321073,-1.4301,none,,,False,,98,0,0.3246,-1.456,
98,69,True,0.299718,-1.5472,cusum,,,True,negative,98,0,0.3179,-2.0104,
98,75,True,0.359086,-1.2217,none,,,False,,98,0,0.3083,-1.6647,
98,43,True,0.183427,-2.1847,none,,,False,,98,0,0.2928,-1.6187,
98,29,True,0.334827,-1.3547,none,,,False,,98,0,0.292,-0.8595,
98,73,True,0.467359,-0.6282,none,,,False,,98,0,0.29,-0.9903,
98,76,True,0.54909,-0.1801,none,,,False,,98,0,0.29,-0.9162,
98,83,True,0.360414,-1.2145,none,,,False,,98,0,0.2892,-1.7616,
99,95,True,2.502558,3.0,cusum,,,True,positive,99,0,0.242,4.0549,
99,44,True,1.115807,3.0,cusum,,,True,positive,99,0,0.2413,3.4275,
99,94,True,0.905044,1.9805,none,,,False,,99,0,0.2499,2.5735,
99,31,True,0.918877,2.0633,none,,,False,,99,0,0.2417,2.1651,
99,63,True,0.744406,1.0196,none,,,False,,99,0,0.2507,2.0836,
99,5,True,0.669713,0.5728,cusum,,,True,positive,99,0,0.2411,2.0725,
99,78,True,0.760776,1.1175,none,,,False,,99,0,0.2415,2.0602,
99,74,True,0.817177,1.4549,cusum,,,True,positive,99,0,0.2413,2.0225,
99,36,True,0.631298,0.343,none,,,False,,99,0,0.2408,1.892,
99,13,True,0.911763,2.0207,none,,,False,,99,0,0.2417,1.8581,
99,27,True,0.751289,1.0608,none,,,False,,99,0,0.2417,1.6844,
99,54,True,0.679242,0.6298,cusum,,,True,positive,99,0,0.2487,1.6344,
99,51,True,0.618446,0.2661,cusum,,,True,positive,99,0,0.2422,1.461,
99,47,True,0.716597,0.8533,none,,,False,,99,0,0.2434,1.2608,
99,34,True,0.732258,0.9469,none,,,False,,99,0,0.2413,0.7399,
99,1,True,0.706412,0.7923,none,,,False,,99,0,0.2413,0.7149,
99,11,True,0.686579,0.6737,none,,,False,,99,0,0.042,0.5778,
99,35,True,0.503011,-0.4244,none,,,False,,99,0,0.0404,0.5765,
99,20,True,0.715127,0.8445,none,,,False,,99,0,0.0411,0.4946,
99,32,True,0.583264,0.0557,none,,,False,,99,0,0.0483,0.3779,
99,21,True,0.652934,0.4724,none,,,False,,99,0,0.0422,0.3327,
99,19,True,0.642051,0.4073,none,,,False,,99,0,0.0408,0.3201,
99,87,True,0.57171,-0.0134,none,,,False,,99,0,0.0404,0.2882,
99,61,True,0.53063,-0.2592,none,,,False,,99,0,0.0445,0.1202,
99,68,True,0.592974,0.1138,none,,,False,,99,0,0.0411,0.106,
99,12,True,0.454049,-0.7172,none,,,False,,99,0,0.0442,0.1021,
99,91,True,0.576198,0.0134,none,,,False,,99,0,0.0417,0.0747,
99,48,True,0.536004,-0.227,none,,,False,,99,0,0.0411,0.0393,
99,99,True,0.657329,0.4987,none,,,False,,99,0,0.0998,0.0342,
99,64,True,0.603054,0.1741,none,,,False,,99,0,0.0434,-0.0716,
99,22,True,0.466427,-0.6432,none,,,False,,99,0,0.0424,-0.1411,
99,62,True,0.532376,-0.2487,none,,,False,,99,0,0.0856,-0.1569,
99,97,True,0.527022,-0.2807,none,,,False,,99,0,0.0642,-0.3175,
99,84,True,0.490105,-0.5016,none,,,False,,99,0,0.0774,-0.3668,
99,82,True,0.497572,-0.4569,none,,,False,,99,0,0.2801,-0.4428,
99,53,True,0.552843,-0.1263,none,,,False,,99,0,0.0495,-0.6526,
99,45,True,0.531765,-0.2524,none,,,False,,99,0,0.268,-0.6791,
99,50,True,0.169147,-2.4215,none,,,False,,99,0,0.3475,-2.3736,
99,98,True,0.498953,-0.4486,none,,,False,,99,0,0.3321,-1.2682,
99,7,True,0.437899,-0.8138,none,,,False,,99,0,0.3217,-1.2512,
99,17,True,0.362917,-1.2624,none,,,False,,99,0,0.3217,-1.678,
99,46,True,0.277097,-1.7757,none,,,False,,99,0,0.3217,-1.4833,
99,69,True,0.31702,-1.5369,none,,,False,,99,0,0.3151,-2.0024,
99,75,True,0.321561,-1.5098,cusum,,,True,negative,99,0,0.3058,-1.5969,
99,86,True,0.461063,-0.6753,cusum,,,True,negative,99,0,0.3028,-1.2207,
99,9,True,0.313451,-1.5583,none,,,False,,99,0,0.2919,-1.6524,
99,8,True,0.484383,-0.5358,none,,,False,,99,0,0.2896,-0.7513,
99,38,True,0.410852,-0.9756,none,,,False,,99,0,0.2891,-0.8246,
99,79,True,0.319288,-1.5233,none,,,False,,99,0,0.2891,-2.0469,
99,4,True,0.279455,-1.7616,none,,,False,,99,0,0.2872,-1.5094,
100,95,True,2.447225,3.0,none,,,False,,100,0,0.2417,4.0546,
100,44,True,0.935348,1.5781,none,,,False,,100,0,0.241,3.5173,
100,94,True,0.813125,1.0043,cusum,,,True,positive,100,0,0.2495,2.6815,
100,31,True,0.725194,0.5916,cusum,,,True,positive,100,0,0.2415,2.4896,
100,74,True,0.768843,0.7965,none,,,False,,100,0,0.241,2.2168,
100,13,True,0.785769,0.8759,none,,,False,,100,0,0.2415,2.0846,
100,78,True,0.687421,0.4142,none,,,False,,100,0,0.2412,2.0407,
100,63,True,0.837019,1.1165,none,,,False,,100,0,0.2503,2.0041,
100,27,True,0.815543,1.0157,none,,,False,,100,0,0.2415,1.9076,
100,5,True,0.912171,1.4693,none,,,False,,100,0,0.2408,1.751,
100,36,True,0.658863,0.2802,none,,,False,,100,0,0.2406,1.6387,
100,54,True,0.669686,0.331,none,,,False,,100,0,0.2483,1.6151,
100,51,True,0.711106,0.5254,none,,,False,,100,0,0.2419,1.4452,
100,47,True,0.781404,0.8554,none,,,False,,100,0,0.2431,1.3239,
100,34,True,0.774197,0.8216,none,,,False,,100,0,0.241,1.0054,
100,1,True,0.788011,0.8864,none,,,False,,100,0,0.241,0.898,
100,11,True,0.686056,0.4078,none,,,False,,100,0,0.0417,0.6564,
100,20,True,0.595096,-0.0192,none,,,False,,100,0,0.0408,0.64,
100,19,True,0.696431,0.4565,none,,,False,,100,0,0.0406,0.5058,
100,21,True,0.603255,0.0192,none,,,False,,100,0,0.0419,0.3535,
100,35,True,0.692114,0.4363,none,,,False,,100,0,0.0402,0.3149,
100,32,True,0.680651,0.3825,none,,,False,,100,0,0.048,0.2921,
100,87,True,0.613278,0.0662,none,,,False,,100,0,0.0402,0.2228,
100,99,True,0.50163,-0.4579,none,,,False,,100,0,0.0975,0.2213,
100,68,True,0.456215,-0.6711,none,,,False,,100,0,0.0408,0.185,
100,91,True,0.580592,-0.0872,none,,,False,,100,0,0.0415,0.0586,
100,48,True,0.642354,0.2027,none,,,False,,100,0,0.0408,0.0488,
100,64,True,0.552393,-0.2196,none,,,False,,100,0,0.0431,0.0274,
100,61,True,0.542254,-0.2672,none,,,False,,100,0,0.0442,0.0009,
100,53,True,0.530029,-0.3246,none,,,False,,100,0,0.0491,-0.0328,
100,62,True,0.628973,0.1399,none,,,False,,100,0,0.0835,-0.0712,
100,12,True,0.608821,0.0453,none,,,False,,100,0,0.0439,-0.2436,
100,22,True,0.454766,-0.6779,none,,,False,,100,0,0.0422,-0.249,
100,82,True,0.56899,-0.1417,none,,,False,,100,0,0.0782,-0.2971,
100,97,True,0.334656,-1.2417,none,,,False,,100,0,0.0626,-0.3885,
100,84,True,0.517218,-0.3847,none,,,False,,100,0,0.0755,-0.5008,
100,15,True,0.446402,-0.7172,none,,,False,,100,0,0.0595,-0.6845,
100,8,True,0.452678,-0.6877,none,,,False,,100,0,0.1478,-0.6876,
100,50,True,0.199068,-1.8782,cusum,,,True,negative,100,0,0.3438,-2.5559,
100,98,True,0.50778,-0.429,cusum,,,True,negative,100,0,0.3289,-1.059,
100,7,True,0.375946,-1.0479,none,,,False,,100,0,0.3189,-1.2839,
100,17,True,0.372732,-1.063,cusum,,,True,negative,100,0,0.3189,-1.6114,
100,46,True,0.206311,-1.8442,cusum,,,True,negative,100,0,0.3189,-1.7808,
100,69,True,0.377872,-1.0389,none,,,False,,100,0,0.3125,-2.1593,
100,75,True,0.309016,-1.3621,none,,,False,,100,0,0.3034,-1.6703,
100,86,True,0.424694,-0.8191,none,,,False,,100,0,0.3004,-1.2127,
100,90,True,0.295282,-1.4265,none,,,False,,100,0,0.2913,-1.5157,
100,39,True,0.329441,-1.2662,none,,,False,,100,0,0.2887,-1.4602,
100,52,True,0.407763,-0.8985,none,,,False,,100,0,0.2887,-2.2936,
100,28,True,0.500715,-0.4622,none,,,False,,100,0,0.287,-1.0302,
