round,client_id,selected,utility,normalized_utility,detector,cusum_pos,cusum_neg,change_detected,change_direction,last_seen,age,explore_score,exploit_score,final_score
1,50,True,0.109362,0.1094,none,,,False,,1,0,,,
1,74,True,0.071453,0.0715,none,,,False,,1,0,,,
1,36,True,0.034072,0.0341,none,,,False,,1,0,,,
1,56,True,0.745288,0.7453,none,,,False,,1,0,,,
1,20,True,0.29895,0.2989,none,,,False,,1,0,,,
1,68,True,0.811547,0.8115,none,,,False,,1,0,,,
1,78,True,0.674715,0.6747,none,,,False,,1,0,,,
1,6,True,0.096303,0.0963,none,,,False,,1,0,,,
1,33,True,0.122413,0.1224,none,,,False,,1,0,,,
1,65,True,0.101869,0.1019,none,,,False,,1,0,,,
1,30,True,0.025477,0.0255,none,,,False,,1,0,,,
1,13,True,0.039287,0.0393,none,,,False,,1,0,,,
1,71,True,0.377122,0.3771,none,,,False,,1,0,,,
1,34,True,0.42028,0.4203,none,,,False,,1,0,,,
1,75,True,0.123273,0.1233,none,,,False,,1,0,,,
1,9,True,0.642459,0.6425,none,,,False,,1,0,,,
1,66,True,0.202148,0.2021,none,,,False,,1,0,,,
1,87,True,0.568808,0.5688,none,,,False,,1,0,,,
1,46,True,0.219131,0.2191,none,,,False,,1,0,,,
1,92,True,0.145109,0.1451,none,,,False,,1,0,,,
1,43,True,0.597195,0.5972,none,,,False,,1,0,,,
1,27,True,0.485925,0.4859,none,,,False,,1,0,,,
1,84,True,0.193049,0.193,none,,,False,,1,0,,,
1,70,True,0.452523,0.4525,none,,,False,,1,0,,,
1,26,True,0.559442,0.5594,none,,,False,,1,0,,,
1,49,True,0.084293,0.0843,none,,,False,,1,0,,,
1,97,True,0.84766,0.8477,none,,,False,,1,0,,,
1,67,True,0.087137,0.0871,none,,,False,,1,0,,,
1,5,True,0.087683,0.0877,none,,,False,,1,0,,,
1,47,True,0.026016,0.026,none,,,False,,1,0,,,
1,31,True,0.522404,0.5224,none,,,False,,1,0,,,
1,17,True,0.203225,0.2032,none,,,False,,1,0,,,
1,77,True,0.031671,0.0317,none,,,False,,1,0,,,
1,69,True,0.181303,0.1813,none,,,False,,1,0,,,
1,72,True,0.346417,0.3464,none,,,False,,1,0,,,
1,98,True,0.056813,0.0568,none,,,False,,1,0,,,
1,22,True,0.580613,0.5806,none,,,False,,1,0,,,
1,16,True,0.161578,0.1616,none,,,False,,1,0,,,
1,53,True,0.272354,0.2724,none,,,False,,1,0,,,
1,76,True,0.324464,0.3245,none,,,False,,1,0,,,
1,79,True,0.05403,0.054,none,,,False,,1,0,,,
1,10,True,0.112852,0.1129,none,,,False,,1,0,,,
1,57,True,0.439243,0.4392,none,,,False,,1,0,,,
1,81,True,0.550933,0.5509,none,,,False,,1,0,,,
1,1,True,0.078869,0.0789,none,,,False,,1,0,,,
1,62,True,0.137611,0.1376,none,,,False,,1,0,,,
1,8,True,0.30943,0.3094,none,,,False,,1,0,,,
1,88,True,0.530664,0.5307,none,,,False,,1,0,,,
1,64,True,0.289248,0.2892,none,,,False,,1,0,,,
1,60,True,0.146311,0.1463,none,,,False,,1,0,,,
2,26,True,0.554026,0.554,none,,,False,,2,0,,,
2,60,True,0.335796,0.3358,none,,,False,,2,0,,,
2,79,True,0.169322,0.1693,none,,,False,,2,0,,,
2,90,True,0.357521,0.3575,none,,,False,,2,0,,,
2,86,True,0.699647,0.6996,none,,,False,,2,0,,,
2,93,True,0.279614,0.2796,none,,,False,,2,0,,,
2,68,True,0.795346,0.7953,none,,,False,,2,0,,,
2,22,True,0.75656,0.7566,none,,,False,,2,0,,,
2,55,True,0.456845,0.4568,none,,,False,,2,0,,,
2,37,True,0.535072,0.5351,none,,,False,,2,0,,,
2,30,True,0.092512,0.0925,none,,,False,,2,0,,,
2,66,True,0.374488,0.3745,none,,,False,,2,0,,,
2,63,True,0.302811,0.3028,none,,,False,,2,0,,,
2,77,True,0.104977,0.105,none,,,False,,2,0,,,
2,13,True,0.124213,0.1242,none,,,False,,2,0,,,
2,81,True,0.508091,0.5081,none,,,False,,2,0,,,
2,89,True,0.433484,0.4335,none,,,False,,2,0,,,
2,29,True,0.249973,0.25,none,,,False,,2,0,,,
2,33,True,0.449523,0.4495,none,,,False,,2,0,,,
2,76,True,0.972605,0.9726,none,,,False,,2,0,,,
2,5,True,0.303333,0.3033,none,,,False,,2,0,,,
2,48,True,0.137472,0.1375,none,,,False,,2,0,,,
2,12,True,0.543109,0.5431,none,,,False,,2,0,,,
2,82,True,0.347155,0.3472,none,,,False,,2,0,,,
2,80,True,0.862709,0.8627,none,,,False,,2,0,,,
2,97,True,0.832452,0.8325,none,,,False,,2,0,,,
2,16,True,0.620916,0.6209,none,,,False,,2,0,,,
2,18,True,0.361625,0.3616,none,,,False,,2,0,,,
2,74,True,0.235165,0.2352,none,,,False,,2,0,,,
2,10,True,0.41387,0.4139,none,,,False,,2,0,,,
2,23,True,0.527732,0.5277,none,,,False,,2,0,,,
2,45,True,0.546781,0.5468,none,,,False,,2,0,,,
2,24,True,0.474011,0.474,none,,,False,,2,0,,,
2,73,True,0.074639,0.0746,none,,,False,,2,0,,,
2,46,True,0.524988,0.525,none,,,False,,2,0,,,
2,39,True,0.953659,0.9537,none,,,False,,2,0,,,
2,19,True,0.609901,0.6099,none,,,False,,2,0,,,
2,50,True,0.354585,0.3546,none,,,False,,2,0,,,
2,54,True,0.304589,0.3046,none,,,False,,2,0,,,
2,32,True,0.697368,0.6974,none,,,False,,2,0,,,
2,41,True,0.349849,0.3498,none,,,False,,2,0,,,
2,78,True,0.719954,0.72,none,,,False,,2,0,,,
2,91,True,0.8835,0.8835,none,,,False,,2,0,,,
2,64,True,0.560263,0.5603,none,,,False,,2,0,,,
2,98,True,0.155395,0.1554,none,,,False,,2,0,,,
2,6,True,0.32452,0.3245,none,,,False,,2,0,,,
2,14,True,0.17177,0.1718,none,,,False,,2,0,,,
2,38,True,0.444888,0.4449,none,,,False,,2,0,,,
2,44,True,0.236281,0.2363,none,,,False,,2,0,,,
2,53,True,0.370594,0.3706,none,,,False,,2,0,,,
3,50,True,0.581329,0.5813,none,,,False,,3,0,,,
3,47,True,0.256319,0.2563,none,,,False,,3,0,,,
3,4,True,0.365358,0.3654,none,,,False,,3,0,,,
3,41,True,0.369288,0.3693,none,,,False,,3,0,,,
3,72,True,0.430471,0.4305,none,,,False,,3,0,,,
3,62,True,0.483106,0.4831,none,,,False,,3,0,,,
3,66,True,0.445021,0.445,none,,,False,,3,0,,,
3,91,True,0.856256,0.8563,none,,,False,,3,0,,,
3,9,True,1.037048,1.037,none,,,False,,3,0,,,
3,48,True,0.270844,0.2708,none,,,False,,3,0,,,
3,81,True,0.495018,0.495,none,,,False,,3,0,,,
3,19,True,0.626947,0.6269,none,,,False,,3,0,,,
3,26,True,0.57969,0.5797,none,,,False,,3,0,,,
3,83,True,0.444507,0.4445,none,,,False,,3,0,,,
3,74,True,0.466196,0.4662,none,,,False,,3,0,,,
3,43,True,0.873334,0.8733,none,,,False,,3,0,,,
3,28,True,1.302254,1.3023,none,,,False,,3,0,,,
3,69,True,1.101638,1.1016,none,,,False,,3,0,,,
3,99,True,1.386578,1.3866,none,,,False,,3,0,,,
3,45,True,0.592323,0.5923,none,,,False,,3,0,,,
3,8,True,0.43339,0.4334,none,,,False,,3,0,,,
3,12,True,0.336961,0.337,none,,,False,,3,0,,,
3,60,True,0.38337,0.3834,none,,,False,,3,0,,,
3,23,True,0.646072,0.6461,none,,,False,,3,0,,,
3,21,True,0.395297,0.3953,none,,,False,,3,0,,,
3,75,True,0.415689,0.4157,none,,,False,,3,0,,,
3,34,True,0.529454,0.5295,none,,,False,,3,0,,,
3,24,True,0.387071,0.3871,none,,,False,,3,0,,,
3,44,True,0.531486,0.5315,none,,,False,,3,0,,,
3,71,True,0.465242,0.4652,none,,,False,,3,0,,,
3,55,True,0.431902,0.4319,none,,,False,,3,0,,,
3,98,True,0.167959,0.168,none,,,False,,3,0,,,
3,93,True,0.256111,0.2561,none,,,False,,3,0,,,
3,14,True,0.476504,0.4765,none,,,False,,3,0,,,
3,70,True,0.49981,0.4998,none,,,False,,3,0,,,
3,53,True,0.679829,0.6798,none,,,False,,3,0,,,
3,7,True,0.435815,0.4358,none,,,False,,3,0,,,
3,6,True,0.500933,0.5009,none,,,False,,3,0,,,
3,76,True,0.823601,0.8236,none,,,False,,3,0,,,
3,27,True,0.460494,0.4605,none,,,False,,3,0,,,
3,84,True,0.349625,0.3496,none,,,False,,3,0,,,
3,73,True,0.202532,0.2025,none,,,False,,3,0,,,
3,85,True,0.09992,0.0999,none,,,False,,3,0,,,
3,46,True,0.567328,0.5673,none,,,False,,3,0,,,
3,90,True,0.412078,0.4121,none,,,False,,3,0,,,
3,33,True,0.513343,0.5133,none,,,False,,3,0,,,
3,11,True,0.569853,0.5699,none,,,False,,3,0,,,
3,52,True,0.363586,0.3636,none,,,False,,3,0,,,
3,40,True,1.01521,1.0152,none,,,False,,3,0,,,
3,78,True,0.681294,0.6813,none,,,False,,3,0,,,
4,1,True,0.491576,0.4916,none,,,False,,4,0,,,
4,29,True,0.553188,0.5532,none,,,False,,4,0,,,
4,28,True,1.092449,1.0924,none,,,False,,4,0,,,
4,90,True,0.243711,0.2437,none,,,False,,4,0,,,
4,6,True,0.380515,0.3805,none,,,False,,4,0,,,
4,96,True,0.689308,0.6893,none,,,False,,4,0,,,
4,69,True,0.997511,0.9975,none,,,False,,4,0,,,
4,40,True,0.907883,0.9079,none,,,False,,4,0,,,
4,46,True,0.49888,0.4989,none,,,False,,4,0,,,
4,89,True,0.350862,0.3509,none,,,False,,4,0,,,
4,19,True,0.616554,0.6166,none,,,False,,4,0,,,
4,37,True,0.566433,0.5664,none,,,False,,4,0,,,
4,61,True,0.646867,0.6469,none,,,False,,4,0,,,
4,17,True,0.832657,0.8327,none,,,False,,4,0,,,
4,95,True,0.581079,0.5811,none,,,False,,4,0,,,
4,88,True,1.297002,1.297,none,,,False,,4,0,,,
4,57,True,0.936067,0.9361,none,,,False,,4,0,,,
4,14,True,0.529954,0.53,none,,,False,,4,0,,,
4,80,True,0.8516,0.8516,none,,,False,,4,0,,,
4,93,True,0.187463,0.1875,none,,,False,,4,0,,,
4,60,True,0.310204,0.3102,none,,,False,,4,0,,,
4,82,True,0.335971,0.336,none,,,False,,4,0,,,
4,51,True,0.85981,0.8598,none,,,False,,4,0,,,
4,7,True,0.506626,0.5066,none,,,False,,4,0,,,
4,44,True,0.562894,0.5629,none,,,False,,4,0,,,
4,33,True,0.489609,0.4896,none,,,False,,4,0,,,
4,63,True,0.488537,0.4885,none,,,False,,4,0,,,
4,75,True,0.692241,0.6922,none,,,False,,4,0,,,
4,22,True,1.052941,1.0529,none,,,False,,4,0,,,
4,62,True,0.360379,0.3604,none,,,False,,4,0,,,
4,15,True,1.104869,1.1049,none,,,False,,4,0,,,
4,9,True,0.608559,0.6086,none,,,False,,4,0,,,
4,34,True,0.599763,0.5998,none,,,False,,4,0,,,
4,53,True,0.730862,0.7309,none,,,False,,4,0,,,
4,26,True,0.660171,0.6602,none,,,False,,4,0,,,
4,31,True,0.639779,0.6398,none,,,False,,4,0,,,
4,41,True,0.344492,0.3445,none,,,False,,4,0,,,
4,2,True,0.591772,0.5918,none,,,False,,4,0,,,
4,5,True,0.403929,0.4039,none,,,False,,4,0,,,
4,47,True,0.294617,0.2946,none,,,False,,4,0,,,
4,73,True,0.216463,0.2165,none,,,False,,4,0,,,
4,42,True,0.525168,0.5252,none,,,False,,4,0,,,
4,98,True,0.200728,0.2007,none,,,False,,4,0,,,
4,74,True,0.452505,0.4525,none,,,False,,4,0,,,
4,91,True,0.633049,0.633,none,,,False,,4,0,,,
4,27,True,0.459265,0.4593,none,,,False,,4,0,,,
4,85,True,0.123854,0.1239,none,,,False,,4,0,,,
4,3,True,0.944876,0.9449,none,,,False,,4,0,,,
4,0,True,0.78636,0.7864,none,,,False,,4,0,,,
4,49,True,0.305365,0.3054,none,,,False,,4,0,,,
5,42,True,0.398564,0.3986,none,,,False,,5,0,,,
5,66,True,0.427374,0.4274,none,,,False,,5,0,,,
5,25,True,0.602277,0.6023,none,,,False,,5,0,,,
5,69,True,0.467256,0.4673,none,,,False,,5,0,,,
5,9,True,0.94454,0.9445,none,,,False,,5,0,,,
5,21,True,0.483751,0.4838,none,,,False,,5,0,,,
5,47,True,0.301469,0.3015,none,,,False,,5,0,,,
5,4,True,0.42006,0.4201,none,,,False,,5,0,,,
5,79,True,0.313407,0.3134,none,,,False,,5,0,,,
5,20,True,0.558337,0.5583,none,,,False,,5,0,,,
5,94,True,1.264111,1.2641,none,,,False,,5,0,,,
5,54,True,0.503465,0.5035,none,,,False,,5,0,,,
5,80,True,0.829059,0.8291,none,,,False,,5,0,,,
5,37,True,0.512542,0.5125,none,,,False,,5,0,,,
5,98,True,0.206528,0.2065,none,,,False,,5,0,,,
5,15,True,0.764462,0.7645,none,,,False,,5,0,,,
5,52,True,0.385382,0.3854,none,,,False,,5,0,,,
5,0,True,0.772674,0.7727,none,,,False,,5,0,,,
5,14,True,0.439658,0.4397,none,,,False,,5,0,,,
5,19,True,0.457508,0.4575,none,,,False,,5,0,,,
5,48,True,0.322513,0.3225,none,,,False,,5,0,,,
5,65,True,0.334653,0.3347,none,,,False,,5,0,,,
5,46,True,0.470134,0.4701,none,,,False,,5,0,,,
5,95,True,0.767071,0.7671,none,,,False,,5,0,,,
5,11,True,0.479128,0.4791,none,,,False,,5,0,,,
5,78,True,0.831952,0.832,none,,,False,,5,0,,,
5,55,True,0.396261,0.3963,none,,,False,,5,0,,,
5,60,True,0.33339,0.3334,none,,,False,,5,0,,,
5,8,True,0.327831,0.3278,none,,,False,,5,0,,,
5,1,True,0.348367,0.3484,none,,,False,,5,0,,,
5,41,True,0.322502,0.3225,none,,,False,,5,0,,,
5,72,True,0.447037,0.447,none,,,False,,5,0,,,
5,92,True,0.385945,0.3859,none,,,False,,5,0,,,
5,38,True,0.295816,0.2958,none,,,False,,5,0,,,
5,26,True,0.525137,0.5251,none,,,False,,5,0,,,
5,23,True,0.471863,0.4719,none,,,False,,5,0,,,
5,3,True,0.795021,0.795,none,,,False,,5,0,,,
5,57,True,0.786917,0.7869,none,,,False,,5,0,,,
5,10,True,0.647855,0.6479,none,,,False,,5,0,,,
5,86,True,0.776968,0.777,none,,,False,,5,0,,,
5,53,True,0.695332,0.6953,none,,,False,,5,0,,,
5,88,True,1.163697,1.1637,none,,,False,,5,0,,,
5,56,True,0.849489,0.8495,none,,,False,,5,0,,,
5,59,True,0.474961,0.475,none,,,False,,5,0,,,
5,70,True,0.543403,0.5434,none,,,False,,5,0,,,
5,84,True,0.342495,0.3425,none,,,False,,5,0,,,
5,7,True,0.475319,0.4753,none,,,False,,5,0,,,
5,63,True,0.383877,0.3839,none,,,False,,5,0,,,
5,83,True,0.545682,0.5457,none,,,False,,5,0,,,
5,24,True,0.497447,0.4974,none,,,False,,5,0,,,
6,25,True,0.517653,0.5177,none,,,False,,6,0,,,
6,42,True,0.615219,0.6152,none,,,False,,6,0,,,
6,65,True,0.306221,0.3062,none,,,False,,6,0,,,
6,54,True,0.391103,0.3911,none,,,False,,6,0,,,
6,57,True,0.853024,0.853,none,,,False,,6,0,,,
6,36,True,0.410931,0.4109,none,,,False,,6,0,,,
6,7,True,0.394758,0.3948,none,,,False,,6,0,,,
6,97,True,0.993533,0.9935,none,,,False,,6,0,,,
6,27,True,0.477712,0.4777,none,,,False,,6,0,,,
6,84,True,0.329723,0.3297,none,,,False,,6,0,,,
6,83,True,0.492212,0.4922,none,,,False,,6,0,,,
6,86,True,0.529304,0.5293,none,,,False,,6,0,,,
6,1,True,0.486288,0.4863,none,,,False,,6,0,,,
6,95,True,0.590261,0.5903,none,,,False,,6,0,,,
6,63,True,0.352808,0.3528,none,,,False,,6,0,,,
6,5,True,0.278112,0.2781,none,,,False,,6,0,,,
6,68,True,0.888062,0.8881,none,,,False,,6,0,,,
6,70,True,0.54868,0.5487,none,,,False,,6,0,,,
6,79,True,0.33665,0.3366,none,,,False,,6,0,,,
6,26,True,0.750246,0.7502,none,,,False,,6,0,,,
6,23,True,0.638572,0.6386,none,,,False,,6,0,,,
6,38,True,0.255463,0.2555,none,,,False,,6,0,,,
6,82,True,0.32637,0.3264,none,,,False,,6,0,,,
6,12,True,0.334765,0.3348,none,,,False,,6,0,,,
6,11,True,0.537276,0.5373,none,,,False,,6,0,,,
6,69,True,0.8642,0.8642,none,,,False,,6,0,,,
6,58,True,0.47779,0.4778,none,,,False,,6,0,,,
6,48,True,0.332049,0.332,none,,,False,,6,0,,,
6,0,True,0.869315,0.8693,none,,,False,,6,0,,,
6,74,True,0.484836,0.4848,none,,,False,,6,0,,,
6,24,True,0.384552,0.3846,none,,,False,,6,0,,,
6,73,True,0.277512,0.2775,none,,,False,,6,0,,,
6,91,True,0.872573,0.8726,none,,,False,,6,0,,,
6,39,True,0.975653,0.9757,none,,,False,,6,0,,,
6,78,True,0.708443,0.7084,none,,,False,,6,0,,,
6,96,True,0.612511,0.6125,none,,,False,,6,0,,,
6,20,True,0.433999,0.434,none,,,False,,6,0,,,
6,18,True,0.990125,0.9901,none,,,False,,6,0,,,
6,77,True,0.290649,0.2906,none,,,False,,6,0,,,
6,52,True,0.384743,0.3847,none,,,False,,6,0,,,
6,72,True,0.459893,0.4599,none,,,False,,6,0,,,
6,6,True,0.445475,0.4455,none,,,False,,6,0,,,
6,94,True,1.449816,1.4498,none,,,False,,6,0,,,
6,66,True,0.429176,0.4292,none,,,False,,6,0,,,
6,29,True,0.572107,0.5721,none,,,False,,6,0,,,
6,32,True,0.730644,0.7306,none,,,False,,6,0,,,
6,31,True,0.954224,0.9542,none,,,False,,6,0,,,
6,90,True,0.449125,0.4491,none,,,False,,6,0,,,
6,93,True,0.265982,0.266,none,,,False,,6,0,,,
6,46,True,0.619419,0.6194,none,,,False,,6,0,,,
7,98,True,0.183678,0.1837,none,,,False,,7,0,,,
7,8,True,0.363924,0.3639,none,,,False,,7,0,,,
7,84,True,0.385557,0.3856,none,,,False,,7,0,,,
7,5,True,0.358226,0.3582,none,,,False,,7,0,,,
7,96,True,0.62133,0.6213,none,,,False,,7,0,,,
7,94,True,1.522945,1.5229,none,,,False,,7,0,,,
7,55,True,0.467341,0.4673,none,,,False,,7,0,,,
7,87,True,0.629547,0.6295,none,,,False,,7,0,,,
7,42,True,0.675885,0.6759,none,,,False,,7,0,,,
7,45,True,0.530854,0.5309,none,,,False,,7,0,,,
7,33,True,0.439771,0.4398,none,,,False,,7,0,,,
7,13,True,0.412408,0.4124,none,,,False,,7,0,,,
7,75,True,0.329515,0.3295,none,,,False,,7,0,,,
7,10,True,0.719677,0.7197,none,,,False,,7,0,,,
7,83,True,0.451373,0.4514,none,,,False,,7,0,,,
7,69,True,0.83981,0.8398,none,,,False,,7,0,,,
7,46,True,0.473981,0.474,none,,,False,,7,0,,,
7,66,True,0.362145,0.3621,none,,,False,,7,0,,,
7,21,True,0.434682,0.4347,none,,,False,,7,0,,,
7,4,True,0.368401,0.3684,none,,,False,,7,0,,,
7,59,True,0.501767,0.5018,none,,,False,,7,0,,,
7,99,True,1.483746,1.4837,none,,,False,,7,0,,,
7,2,True,0.547142,0.5471,none,,,False,,7,0,,,
7,40,True,1.150116,1.1501,none,,,False,,7,0,,,
7,35,True,0.519197,0.5192,none,,,False,,7,0,,,
7,79,True,0.313199,0.3132,none,,,False,,7,0,,,
7,63,True,0.414876,0.4149,none,,,False,,7,0,,,
7,65,True,0.345434,0.3454,none,,,False,,7,0,,,
7,58,True,0.46406,0.4641,none,,,False,,7,0,,,
7,34,True,0.673225,0.6732,none,,,False,,7,0,,,
7,74,True,0.53101,0.531,none,,,False,,7,0,,,
7,32,True,0.542554,0.5426,none,,,False,,7,0,,,
7,1,True,0.443852,0.4439,none,,,False,,7,0,,,
7,3,True,0.83869,0.8387,none,,,False,,7,0,,,
7,72,True,0.372875,0.3729,none,,,False,,7,0,,,
7,28,True,1.14378,1.1438,none,,,False,,7,0,,,
7,17,True,0.539738,0.5397,none,,,False,,7,0,,,
7,6,True,0.533713,0.5337,none,,,False,,7,0,,,
7,16,True,1.001542,1.0015,none,,,False,,7,0,,,
7,57,True,0.811407,0.8114,none,,,False,,7,0,,,
7,50,True,0.605134,0.6051,none,,,False,,7,0,,,
7,95,True,0.712711,0.7127,none,,,False,,7,0,,,
7,39,True,0.91426,0.9143,none,,,False,,7,0,,,
7,73,True,0.313815,0.3138,none,,,False,,7,0,,,
7,27,True,0.525081,0.5251,none,,,False,,7,0,,,
7,88,True,1.320605,1.3206,none,,,False,,7,0,,,
7,67,True,0.479542,0.4795,none,,,False,,7,0,,,
7,89,True,0.468933,0.4689,none,,,False,,7,0,,,
7,48,True,0.280491,0.2805,none,,,False,,7,0,,,
7,24,True,0.592037,0.592,none,,,False,,7,0,,,
8,95,True,0.535293,0.5353,none,,,False,,8,0,,,
8,52,True,0.471546,0.4715,none,,,False,,8,0,,,
8,60,True,0.38703,0.387,none,,,False,,8,0,,,
8,14,True,0.468562,0.4686,none,,,False,,8,0,,,
8,57,True,0.744804,0.7448,none,,,False,,8,0,,,
8,94,True,1.411986,1.412,none,,,False,,8,0,,,
8,30,True,0.334175,0.3342,none,,,False,,8,0,,,
8,77,True,0.301232,0.3012,none,,,False,,8,0,,,
8,61,True,0.690877,0.6909,none,,,False,,8,0,,,
8,49,True,0.361465,0.3615,none,,,False,,8,0,,,
8,92,True,0.497145,0.4971,none,,,False,,8,0,,,
8,0,True,0.825995,0.826,none,,,False,,8,0,,,
8,2,True,0.67186,0.6719,none,,,False,,8,0,,,
8,3,True,0.877727,0.8777,none,,,False,,8,0,,,
8,73,True,0.264546,0.2645,none,,,False,,8,0,,,
8,18,True,0.967937,0.9679,none,,,False,,8,0,,,
8,50,True,0.593746,0.5937,none,,,False,,8,0,,,
8,13,True,0.38693,0.3869,none,,,False,,8,0,,,
8,31,True,0.935061,0.9351,none,,,False,,8,0,,,
8,36,True,0.422321,0.4223,none,,,False,,8,0,,,
8,62,True,0.380433,0.3804,none,,,False,,8,0,,,
8,29,True,0.587284,0.5873,none,,,False,,8,0,,,
8,70,True,0.596929,0.5969,none,,,False,,8,0,,,
8,81,True,0.681388,0.6814,none,,,False,,8,0,,,
8,87,True,0.625608,0.6256,none,,,False,,8,0,,,
8,93,True,0.210299,0.2103,none,,,False,,8,0,,,
8,24,True,0.479724,0.4797,none,,,False,,8,0,,,
8,44,True,0.653087,0.6531,none,,,False,,8,0,,,
8,65,True,0.255273,0.2553,none,,,False,,8,0,,,
8,35,True,0.578674,0.5787,none,,,False,,8,0,,,
8,17,True,0.665183,0.6652,none,,,False,,8,0,,,
8,82,True,0.436382,0.4364,none,,,False,,8,0,,,
8,96,True,0.490685,0.4907,none,,,False,,8,0,,,
8,85,True,0.147574,0.1476,none,,,False,,8,0,,,
8,46,True,0.699978,0.7,none,,,False,,8,0,,,
8,25,True,0.702934,0.7029,none,,,False,,8,0,,,
8,90,True,0.243498,0.2435,none,,,False,,8,0,,,
8,27,True,0.461297,0.4613,none,,,False,,8,0,,,
8,63,True,0.401877,0.4019,none,,,False,,8,0,,,
8,79,True,0.338059,0.3381,none,,,False,,8,0,,,
8,11,True,0.568763,0.5688,none,,,False,,8,0,,,
8,40,True,0.856858,0.8569,none,,,False,,8,0,,,
8,64,True,0.442771,0.4428,none,,,False,,8,0,,,
8,97,True,1.002137,1.0021,none,,,False,,8,0,,,
8,98,True,0.163047,0.163,none,,,False,,8,0,,,
8,6,True,0.401337,0.4013,none,,,False,,8,0,,,
8,99,True,1.331248,1.3312,none,,,False,,8,0,,,
8,84,True,0.249326,0.2493,none,,,False,,8,0,,,
8,21,True,0.446636,0.4466,none,,,False,,8,0,,,
8,76,True,1.140655,1.1407,none,,,False,,8,0,,,
9,78,True,0.726881,0.7269,none,,,False,,9,0,,,
9,76,True,1.015723,1.0157,none,,,False,,9,0,,,
9,21,True,0.490286,0.4903,none,,,False,,9,0,,,
9,23,True,0.441776,0.4418,none,,,False,,9,0,,,
9,90,True,0.503932,0.5039,none,,,False,,9,0,,,
9,30,True,0.334029,0.334,none,,,False,,9,0,,,
9,69,True,0.806973,0.807,none,,,False,,9,0,,,
9,84,True,0.353388,0.3534,none,,,False,,9,0,,,
9,79,True,0.346489,0.3465,none,,,False,,9,0,,,
9,80,True,0.734946,0.7349,none,,,False,,9,0,,,
9,47,True,0.278979,0.279,none,,,False,,9,0,,,
9,45,True,0.549191,0.5492,none,,,False,,9,0,,,
9,95,True,0.868938,0.8689,none,,,False,,9,0,,,
9,22,True,0.823909,0.8239,none,,,False,,9,0,,,
9,0,True,0.859772,0.8598,none,,,False,,9,0,,,
9,18,True,0.921342,0.9213,none,,,False,,9,0,,,
9,31,True,0.778633,0.7786,none,,,False,,9,0,,,
9,68,True,0.534854,0.5349,none,,,False,,9,0,,,
9,59,True,0.62511,0.6251,none,,,False,,9,0,,,
9,25,True,0.574923,0.5749,none,,,False,,9,0,,,
9,58,True,0.546923,0.5469,none,,,False,,9,0,,,
9,49,True,0.314155,0.3142,none,,,False,,9,0,,,
9,89,True,0.381106,0.3811,none,,,False,,9,0,,,
9,16,True,0.789532,0.7895,none,,,False,,9,0,,,
9,14,True,0.532161,0.5322,none,,,False,,9,0,,,
9,41,True,0.399911,0.3999,none,,,False,,9,0,,,
9,81,True,0.495653,0.4957,none,,,False,,9,0,,,
9,8,True,0.518195,0.5182,none,,,False,,9,0,,,
9,65,True,0.418261,0.4183,none,,,False,,9,0,,,
9,10,True,0.679001,0.679,none,,,False,,9,0,,,
9,42,True,0.637348,0.6373,none,,,False,,9,0,,,
9,38,True,0.418533,0.4185,none,,,False,,9,0,,,
9,4,True,0.401444,0.4014,none,,,False,,9,0,,,
9,66,True,0.468994,0.469,none,,,False,,9,0,,,
9,63,True,0.383994,0.384,none,,,False,,9,0,,,
9,61,True,0.528509,0.5285,none,,,False,,9,0,,,
9,94,True,1.346966,1.347,none,,,False,,9,0,,,
9,88,True,0.937359,0.9374,none,,,False,,9,0,,,
9,70,True,0.289508,0.2895,none,,,False,,9,0,,,
9,39,True,1.089619,1.0896,none,,,False,,9,0,,,
9,43,True,0.423974,0.424,none,,,False,,9,0,,,
9,97,True,0.857714,0.8577,none,,,False,,9,0,,,
9,57,True,1.045618,1.0456,none,,,False,,9,0,,,
9,1,True,0.51843,0.5184,none,,,False,,9,0,,,
9,32,True,0.737448,0.7374,none,,,False,,9,0,,,
9,91,True,0.892588,0.8926,none,,,False,,9,0,,,
9,3,True,0.650137,0.6501,none,,,False,,9,0,,,
9,6,True,0.604391,0.6044,none,,,False,,9,0,,,
9,34,True,0.727503,0.7275,none,,,False,,9,0,,,
9,37,True,0.45097,0.451,none,,,False,,9,0,,,
10,5,True,0.440868,0.4409,none,,,False,,10,0,,,
10,84,True,0.434357,0.4344,none,,,False,,10,0,,,
10,90,True,0.421696,0.4217,none,,,False,,10,0,,,
10,28,True,1.194609,1.1946,none,,,False,,10,0,,,
10,57,True,0.735012,0.735,none,,,False,,10,0,,,
10,15,True,0.828192,0.8282,none,,,False,,10,0,,,
10,78,True,0.800608,0.8006,none,,,False,,10,0,,,
10,56,True,0.719347,0.7193,none,,,False,,10,0,,,
10,95,True,0.766667,0.7667,none,,,False,,10,0,,,
10,34,True,0.619348,0.6193,none,,,False,,10,0,,,
10,51,True,0.504594,0.5046,none,,,False,,10,0,,,
10,24,True,0.496827,0.4968,none,,,False,,10,0,,,
10,14,True,0.389773,0.3898,none,,,False,,10,0,,,
10,39,True,0.918919,0.9189,none,,,False,,10,0,,,
10,55,True,0.335611,0.3356,none,,,False,,10,0,,,
10,2,True,0.653761,0.6538,none,,,False,,10,0,,,
10,67,True,0.436863,0.4369,none,,,False,,10,0,,,
10,37,True,0.50651,0.5065,none,,,False,,10,0,,,
10,93,True,0.204303,0.2043,none,,,False,,10,0,,,
10,85,True,0.110477,0.1105,none,,,False,,10,0,,,
10,53,True,0.692199,0.6922,none,,,False,,10,0,,,
10,71,True,0.479251,0.4793,none,,,False,,10,0,,,
10,22,True,1.161175,1.1612,none,,,False,,10,0,,,
10,72,True,0.516322,0.5163,none,,,False,,10,0,,,
10,79,True,0.288409,0.2884,none,,,False,,10,0,,,
10,8,True,0.385298,0.3853,none,,,False,,10,0,,,
10,58,True,0.428137,0.4281,none,,,False,,10,0,,,
10,42,True,0.782348,0.7823,none,,,False,,10,0,,,
10,75,True,0.542131,0.5421,none,,,False,,10,0,,,
10,91,True,0.856051,0.8561,none,,,False,,10,0,,,
10,73,True,0.309365,0.3094,none,,,False,,10,0,,,
10,66,True,0.41478,0.4148,none,,,False,,10,0,,,
10,29,True,0.510903,0.5109,none,,,False,,10,0,,,
10,4,True,0.355771,0.3558,none,,,False,,10,0,,,
10,81,True,0.730228,0.7302,none,,,False,,10,0,,,
10,38,True,0.378484,0.3785,none,,,False,,10,0,,,
10,36,True,0.434794,0.4348,none,,,False,,10,0,,,
10,47,True,0.274935,0.2749,none,,,False,,10,0,,,
10,26,True,0.580323,0.5803,none,,,False,,10,0,,,
10,82,True,0.322729,0.3227,none,,,False,,10,0,,,
10,48,True,0.257532,0.2575,none,,,False,,10,0,,,
10,52,True,0.503887,0.5039,none,,,False,,10,0,,,
10,65,True,0.244832,0.2448,none,,,False,,10,0,,,
10,54,True,0.404552,0.4046,none,,,False,,10,0,,,
10,88,True,1.375603,1.3756,none,,,False,,10,0,,,
10,96,True,0.592844,0.5928,none,,,False,,10,0,,,
10,59,True,0.438933,0.4389,none,,,False,,10,0,,,
10,18,True,0.921132,0.9211,none,,,False,,10,0,,,
10,9,True,1.111324,1.1113,none,,,False,,10,0,,,
10,23,True,0.660524,0.6605,none,,,False,,10,0,,,
11,5,True,0.317857,0.3179,none,,,False,,11,0,,,
11,17,True,0.767074,0.7671,none,,,False,,11,0,,,
11,64,True,0.563847,0.5638,none,,,False,,11,0,,,
11,39,True,0.990821,0.9908,none,,,False,,11,0,,,
11,60,True,0.307255,0.3073,none,,,False,,11,0,,,
11,16,True,0.64999,0.65,none,,,False,,11,0,,,
11,32,True,0.737552,0.7376,none,,,False,,11,0,,,
11,67,True,0.544595,0.5446,none,,,False,,11,0,,,
11,93,True,0.203851,0.2039,none,,,False,,11,0,,,
11,46,True,0.525074,0.5251,none,,,False,,11,0,,,
11,13,True,0.363821,0.3638,none,,,False,,11,0,,,
11,19,True,0.591564,0.5916,none,,,False,,11,0,,,
11,54,True,0.424857,0.4249,none,,,False,,11,0,,,
11,90,True,0.416521,0.4165,none,,,False,,11,0,,,
11,38,True,0.294283,0.2943,none,,,False,,11,0,,,
11,1,True,0.403558,0.4036,none,,,False,,11,0,,,
11,74,True,0.493476,0.4935,none,,,False,,11,0,,,
11,29,True,0.588671,0.5887,none,,,False,,11,0,,,
11,58,True,0.432953,0.433,none,,,False,,11,0,,,
11,94,True,1.493134,1.4931,none,,,False,,11,0,,,
11,49,True,0.335302,0.3353,none,,,False,,11,0,,,
11,91,True,0.896501,0.8965,none,,,False,,11,0,,,
11,36,True,0.447884,0.4479,none,,,False,,11,0,,,
11,97,True,0.870937,0.8709,none,,,False,,11,0,,,
11,51,True,0.511305,0.5113,none,,,False,,11,0,,,
11,30,True,0.348263,0.3483,none,,,False,,11,0,,,
11,6,True,0.471412,0.4714,none,,,False,,11,0,,,
11,70,True,0.446545,0.4465,none,,,False,,11,0,,,
11,14,True,0.484948,0.4849,none,,,False,,11,0,,,
11,11,True,0.438189,0.4382,none,,,False,,11,0,,,
11,45,True,0.665682,0.6657,none,,,False,,11,0,,,
11,89,True,0.37478,0.3748,none,,,False,,11,0,,,
11,48,True,0.311381,0.3114,none,,,False,,11,0,,,
11,76,True,0.986877,0.9869,none,,,False,,11,0,,,
11,35,True,0.574602,0.5746,none,,,False,,11,0,,,
11,15,True,1.149963,1.15,none,,,False,,11,0,,,
11,65,True,0.337659,0.3377,none,,,False,,11,0,,,
11,10,True,0.561559,0.5616,none,,,False,,11,0,,,
11,2,True,0.648302,0.6483,none,,,False,,11,0,,,
11,27,True,0.148333,0.1483,none,,,False,,11,0,,,
11,52,True,0.416613,0.4166,none,,,False,,11,0,,,
11,72,True,0.437848,0.4378,none,,,False,,11,0,,,
11,92,True,0.394946,0.3949,none,,,False,,11,0,,,
11,3,True,0.798652,0.7987,none,,,False,,11,0,,,
11,87,True,0.609371,0.6094,none,,,False,,11,0,,,
11,25,True,0.534029,0.534,none,,,False,,11,0,,,
11,44,True,0.645088,0.6451,none,,,False,,11,0,,,
11,68,True,0.843554,0.8436,none,,,False,,11,0,,,
11,95,True,0.671886,0.6719,none,,,False,,11,0,,,
11,88,True,0.997705,0.9977,none,,,False,,11,0,,,
12,84,True,0.451994,0.452,none,,,False,,12,0,,,
12,30,True,0.339766,0.3398,none,,,False,,12,0,,,
12,73,True,0.353501,0.3535,none,,,False,,12,0,,,
12,87,True,0.523162,0.5232,none,,,False,,12,0,,,
12,75,True,0.545993,0.546,none,,,False,,12,0,,,
12,31,True,0.815726,0.8157,none,,,False,,12,0,,,
12,17,True,0.625818,0.6258,none,,,False,,12,0,,,
12,96,True,0.538965,0.539,none,,,False,,12,0,,,
12,8,True,0.502977,0.503,none,,,False,,12,0,,,
12,27,True,0.617312,0.6173,none,,,False,,12,0,,,
12,54,True,0.267156,0.2672,none,,,False,,12,0,,,
12,10,True,0.764792,0.7648,none,,,False,,12,0,,,
12,82,True,0.375016,0.375,none,,,False,,12,0,,,
12,41,True,0.234637,0.2346,none,,,False,,12,0,,,
12,89,True,0.474076,0.4741,none,,,False,,12,0,,,
12,55,True,0.546837,0.5468,none,,,False,,12,0,,,
12,9,True,0.90492,0.9049,none,,,False,,12,0,,,
12,79,True,0.343419,0.3434,none,,,False,,12,0,,,
12,39,True,0.760897,0.7609,none,,,False,,12,0,,,
12,57,True,0.806021,0.806,none,,,False,,12,0,,,
12,72,True,0.482036,0.482,none,,,False,,12,0,,,
12,69,True,0.086283,0.0863,none,,,False,,12,0,,,
12,78,True,0.944218,0.9442,none,,,False,,12,0,,,
12,76,True,1.070978,1.071,none,,,False,,12,0,,,
12,98,True,0.156336,0.1563,none,,,False,,12,0,,,
12,48,True,0.198762,0.1988,none,,,False,,12,0,,,
12,93,True,0.277377,0.2774,none,,,False,,12,0,,,
12,26,True,0.552476,0.5525,none,,,False,,12,0,,,
12,22,True,0.966247,0.9662,none,,,False,,12,0,,,
12,21,True,0.405954,0.406,none,,,False,,12,0,,,
12,35,True,0.472716,0.4727,none,,,False,,12,0,,,
12,6,True,0.546824,0.5468,none,,,False,,12,0,,,
12,99,True,1.274469,1.2745,none,,,False,,12,0,,,
12,70,True,0.476433,0.4764,none,,,False,,12,0,,,
12,91,True,0.87431,0.8743,none,,,False,,12,0,,,
12,49,True,0.306015,0.306,none,,,False,,12,0,,,
12,11,True,0.525196,0.5252,none,,,False,,12,0,,,
12,62,True,0.417601,0.4176,none,,,False,,12,0,,,
12,58,True,0.504352,0.5044,none,,,False,,12,0,,,
12,94,True,1.267901,1.2679,none,,,False,,12,0,,,
12,24,True,0.669597,0.6696,none,,,False,,12,0,,,
12,42,True,0.757829,0.7578,none,,,False,,12,0,,,
12,92,True,0.385514,0.3855,none,,,False,,12,0,,,
12,61,True,0.707981,0.708,none,,,False,,12,0,,,
12,81,True,0.625395,0.6254,none,,,False,,12,0,,,
12,59,True,0.461701,0.4617,none,,,False,,12,0,,,
12,56,True,1.040496,1.0405,none,,,False,,12,0,,,
12,40,True,1.195661,1.1957,none,,,False,,12,0,,,
12,12,True,0.533564,0.5336,none,,,False,,12,0,,,
12,19,True,0.736498,0.7365,none,,,False,,12,0,,,
13,84,True,0.189206,0.1892,none,,,False,,13,0,,,
13,43,True,0.60992,0.6099,none,,,False,,13,0,,,
13,86,True,0.527344,0.5273,none,,,False,,13,0,,,
13,79,True,0.369538,0.3695,none,,,False,,13,0,,,
13,81,True,0.619833,0.6198,none,,,False,,13,0,,,
13,77,True,0.299143,0.2991,none,,,False,,13,0,,,
13,75,True,0.824308,0.8243,none,,,False,,13,0,,,
13,1,True,0.418423,0.4184,none,,,False,,13,0,,,
13,59,True,0.565437,0.5654,none,,,False,,13,0,,,
13,93,True,0.165465,0.1655,none,,,False,,13,0,,,
13,57,True,0.786052,0.7861,none,,,False,,13,0,,,
13,60,True,0.248216,0.2482,none,,,False,,13,0,,,
13,35,True,0.562014,0.562,none,,,False,,13,0,,,
13,42,True,0.203543,0.2035,none,,,False,,13,0,,,
13,66,True,0.457632,0.4576,none,,,False,,13,0,,,
13,82,True,0.334849,0.3348,none,,,False,,13,0,,,
13,12,True,0.504326,0.5043,none,,,False,,13,0,,,
13,89,True,0.167164,0.1672,none,,,False,,13,0,,,
13,7,True,0.420653,0.4207,none,,,False,,13,0,,,
13,98,True,0.08874,0.0887,none,,,False,,13,0,,,
13,53,True,0.65679,0.6568,none,,,False,,13,0,,,
13,76,True,1.19589,1.1959,none,,,False,,13,0,,,
13,10,True,0.6628,0.6628,none,,,False,,13,0,,,
13,83,True,0.541471,0.5415,none,,,False,,13,0,,,
13,44,True,0.658567,0.6586,none,,,False,,13,0,,,
13,69,True,0.878014,0.878,none,,,False,,13,0,,,
13,30,True,0.354968,0.355,none,,,False,,13,0,,,
13,6,True,0.472934,0.4729,none,,,False,,13,0,,,
13,0,True,0.91322,0.9132,none,,,False,,13,0,,,
13,22,True,0.859104,0.8591,none,,,False,,13,0,,,
13,99,True,1.332137,1.3321,none,,,False,,13,0,,,
13,17,True,0.833258,0.8333,none,,,False,,13,0,,,
13,78,True,0.516627,0.5166,none,,,False,,13,0,,,
13,11,True,0.339044,0.339,none,,,False,,13,0,,,
13,51,True,0.60598,0.606,none,,,False,,13,0,,,
13,34,True,0.73744,0.7374,none,,,False,,13,0,,,
13,56,True,0.667637,0.6676,none,,,False,,13,0,,,
13,21,True,0.600746,0.6007,none,,,False,,13,0,,,
13,95,True,0.579317,0.5793,none,,,False,,13,0,,,
13,40,True,0.894872,0.8949,none,,,False,,13,0,,,
13,85,True,0.141212,0.1412,none,,,False,,13,0,,,
13,8,True,0.342957,0.343,none,,,False,,13,0,,,
13,54,True,0.503778,0.5038,none,,,False,,13,0,,,
13,26,True,0.796401,0.7964,none,,,False,,13,0,,,
13,15,True,1.174162,1.1742,none,,,False,,13,0,,,
13,88,True,1.168296,1.1683,none,,,False,,13,0,,,
13,65,True,0.40421,0.4042,none,,,False,,13,0,,,
13,18,True,0.881429,0.8814,none,,,False,,13,0,,,
13,24,True,0.394465,0.3945,none,,,False,,13,0,,,
13,37,True,0.566993,0.567,none,,,False,,13,0,,,
14,44,True,0.628627,0.6286,none,,,False,,14,0,,,
14,46,True,0.62161,0.6216,none,,,False,,14,0,,,
14,57,True,0.851785,0.8518,none,,,False,,14,0,,,
14,56,True,0.758701,0.7587,none,,,False,,14,0,,,
14,58,True,0.433189,0.4332,none,,,False,,14,0,,,
14,87,True,0.653889,0.6539,none,,,False,,14,0,,,
14,76,True,1.099365,1.0994,none,,,False,,14,0,,,
14,18,True,1.080649,1.0806,none,,,False,,14,0,,,
14,24,True,0.413791,0.4138,none,,,False,,14,0,,,
14,52,True,0.482545,0.4825,none,,,False,,14,0,,,
14,79,True,0.286103,0.2861,none,,,False,,14,0,,,
14,15,True,0.952792,0.9528,none,,,False,,14,0,,,
14,60,True,0.390084,0.3901,none,,,False,,14,0,,,
14,35,True,0.531172,0.5312,none,,,False,,14,0,,,
14,38,True,0.327986,0.328,none,,,False,,14,0,,,
14,12,True,0.454448,0.4544,none,,,False,,14,0,,,
14,77,True,0.346253,0.3463,none,,,False,,14,0,,,
14,29,True,0.442123,0.4421,none,,,False,,14,0,,,
14,31,True,1.005854,1.0059,none,,,False,,14,0,,,
14,62,True,0.528548,0.5285,none,,,False,,14,0,,,
14,66,True,0.410523,0.4105,none,,,False,,14,0,,,
14,84,True,0.245855,0.2459,none,,,False,,14,0,,,
14,40,True,0.886243,0.8862,none,,,False,,14,0,,,
14,11,True,0.48421,0.4842,none,,,False,,14,0,,,
14,64,True,0.492902,0.4929,none,,,False,,14,0,,,
14,91,True,0.924388,0.9244,none,,,False,,14,0,,,
14,37,True,0.512053,0.5121,none,,,False,,14,0,,,
14,47,True,0.313121,0.3131,none,,,False,,14,0,,,
14,55,True,0.345304,0.3453,none,,,False,,14,0,,,
14,27,True,0.615744,0.6157,none,,,False,,14,0,,,
14,6,True,0.3402,0.3402,none,,,False,,14,0,,,
14,51,True,0.79043,0.7904,none,,,False,,14,0,,,
14,13,True,0.41708,0.4171,none,,,False,,14,0,,,
14,28,True,1.383171,1.3832,none,,,False,,14,0,,,
14,36,True,0.41775,0.4178,none,,,False,,14,0,,,
14,42,True,0.670956,0.671,none,,,False,,14,0,,,
14,73,True,0.312183,0.3122,none,,,False,,14,0,,,
14,83,True,0.452131,0.4521,none,,,False,,14,0,,,
14,10,True,0.617124,0.6171,none,,,False,,14,0,,,
14,97,True,0.807146,0.8071,none,,,False,,14,0,,,
14,41,True,0.316104,0.3161,none,,,False,,14,0,,,
14,88,True,1.303563,1.3036,none,,,False,,14,0,,,
14,0,True,0.729124,0.7291,none,,,False,,14,0,,,
14,63,True,0.311687,0.3117,none,,,False,,14,0,,,
14,45,True,0.470496,0.4705,none,,,False,,14,0,,,
14,93,True,0.300043,0.3,none,,,False,,14,0,,,
14,9,True,1.235354,1.2354,none,,,False,,14,0,,,
14,43,True,0.924175,0.9242,none,,,False,,14,0,,,
14,68,True,0.743284,0.7433,none,,,False,,14,0,,,
14,65,True,0.302987,0.303,none,,,False,,14,0,,,
15,34,True,0.520128,0.5201,none,,,False,,15,0,,,
15,25,True,0.61205,0.6121,none,,,False,,15,0,,,
15,58,True,0.548027,0.548,none,,,False,,15,0,,,
15,85,True,0.130542,0.1305,none,,,False,,15,0,,,
15,92,True,0.307513,0.3075,none,,,False,,15,0,,,
15,62,True,0.332095,0.3321,none,,,False,,15,0,,,
15,81,True,0.793472,0.7935,none,,,False,,15,0,,,
15,24,True,0.46046,0.4605,none,,,False,,15,0,,,
15,31,True,0.65926,0.6593,none,,,False,,15,0,,,
15,52,True,0.49125,0.4913,none,,,False,,15,0,,,
15,21,True,0.582402,0.5824,none,,,False,,15,0,,,
15,57,True,0.787391,0.7874,none,,,False,,15,0,,,
15,2,True,0.475502,0.4755,none,,,False,,15,0,,,
15,95,True,0.643943,0.6439,none,,,False,,15,0,,,
15,8,True,0.312288,0.3123,none,,,False,,15,0,,,
15,28,True,1.155231,1.1552,none,,,False,,15,0,,,
15,11,True,0.405563,0.4056,none,,,False,,15,0,,,
15,12,True,0.500204,0.5002,none,,,False,,15,0,,,
15,19,True,0.689048,0.689,none,,,False,,15,0,,,
15,68,True,0.719829,0.7198,none,,,False,,15,0,,,
15,90,True,0.468448,0.4684,none,,,False,,15,0,,,
15,87,True,0.593043,0.593,none,,,False,,15,0,,,
15,49,True,0.227144,0.2271,none,,,False,,15,0,,,
15,60,True,0.246667,0.2467,none,,,False,,15,0,,,
15,23,True,0.587086,0.5871,none,,,False,,15,0,,,
15,37,True,0.524618,0.5246,none,,,False,,15,0,,,
15,96,True,0.678746,0.6787,none,,,False,,15,0,,,
15,27,True,0.413574,0.4136,none,,,False,,15,0,,,
15,3,True,0.799077,0.7991,none,,,False,,15,0,,,
15,77,True,0.339786,0.3398,none,,,False,,15,0,,,
15,72,True,0.372173,0.3722,none,,,False,,15,0,,,
15,74,True,0.515415,0.5154,none,,,False,,15,0,,,
15,18,True,0.793798,0.7938,none,,,False,,15,0,,,
15,70,True,0.477336,0.4773,none,,,False,,15,0,,,
15,89,True,0.39633,0.3963,none,,,False,,15,0,,,
15,75,True,0.58544,0.5854,none,,,False,,15,0,,,
15,84,True,0.416289,0.4163,none,,,False,,15,0,,,
15,4,True,0.341111,0.3411,none,,,False,,15,0,,,
15,22,True,0.733561,0.7336,none,,,False,,15,0,,,
15,82,True,0.375277,0.3753,none,,,False,,15,0,,,
15,6,True,0.428083,0.4281,none,,,False,,15,0,,,
15,67,True,0.564581,0.5646,none,,,False,,15,0,,,
15,17,True,0.89448,0.8945,none,,,False,,15,0,,,
15,54,True,0.502335,0.5023,none,,,False,,15,0,,,
15,63,True,0.476442,0.4764,none,,,False,,15,0,,,
15,73,True,0.304624,0.3046,none,,,False,,15,0,,,
15,51,True,0.636066,0.6361,none,,,False,,15,0,,,
15,33,True,0.377418,0.3774,none,,,False,,15,0,,,
15,0,True,0.715124,0.7151,none,,,False,,15,0,,,
15,14,True,0.364776,0.3648,none,,,False,,15,0,,,
16,85,True,0.13731,0.1373,none,,,False,,16,0,,,
16,18,True,0.852325,0.8523,none,,,False,,16,0,,,
16,27,True,0.337984,0.338,none,,,False,,16,0,,,
16,79,True,0.355326,0.3553,none,,,False,,16,0,,,
16,95,True,0.691574,0.6916,none,,,False,,16,0,,,
16,23,True,0.474328,0.4743,none,,,False,,16,0,,,
16,84,True,0.388933,0.3889,none,,,False,,16,0,,,
16,7,True,0.440305,0.4403,none,,,False,,16,0,,,
16,31,True,0.955212,0.9552,none,,,False,,16,0,,,
16,16,True,0.881893,0.8819,none,,,False,,16,0,,,
16,64,True,0.466442,0.4664,none,,,False,,16,0,,,
16,14,True,0.452091,0.4521,none,,,False,,16,0,,,
16,36,True,0.408899,0.4089,none,,,False,,16,0,,,
16,15,True,1.032367,1.0324,none,,,False,,16,0,,,
16,56,True,1.005182,1.0052,none,,,False,,16,0,,,
16,60,True,0.413847,0.4138,none,,,False,,16,0,,,
16,69,True,1.060839,1.0608,none,,,False,,16,0,,,
16,86,True,0.552741,0.5527,none,,,False,,16,0,,,
16,71,True,0.183059,0.1831,none,,,False,,16,0,,,
16,70,True,0.477327,0.4773,none,,,False,,16,0,,,
16,45,True,0.528536,0.5285,none,,,False,,16,0,,,
16,5,True,0.341825,0.3418,none,,,False,,16,0,,,
16,9,True,1.118149,1.1181,none,,,False,,16,0,,,
16,47,True,0.271784,0.2718,none,,,False,,16,0,,,
16,24,True,0.571904,0.5719,none,,,False,,16,0,,,
16,63,True,0.321443,0.3214,none,,,False,,16,0,,,
16,29,True,0.485986,0.486,none,,,False,,16,0,,,
16,59,True,0.59419,0.5942,none,,,False,,16,0,,,
16,1,True,0.469278,0.4693,none,,,False,,16,0,,,
16,40,True,1.040054,1.0401,none,,,False,,16,0,,,
16,48,True,0.302049,0.302,none,,,False,,16,0,,,
16,54,True,0.3096,0.3096,none,,,False,,16,0,,,
16,58,True,0.471722,0.4717,none,,,False,,16,0,,,
16,61,True,0.50775,0.5077,none,,,False,,16,0,,,
16,94,True,1.265184,1.2652,none,,,False,,16,0,,,
16,78,True,0.680781,0.6808,none,,,False,,16,0,,,
16,68,True,0.856338,0.8563,none,,,False,,16,0,,,
16,12,True,0.474048,0.474,none,,,False,,16,0,,,
16,52,True,0.368537,0.3685,none,,,False,,16,0,,,
16,3,True,0.813302,0.8133,none,,,False,,16,0,,,
16,77,True,0.263982,0.264,none,,,False,,16,0,,,
16,81,True,0.476247,0.4762,none,,,False,,16,0,,,
16,89,True,0.412321,0.4123,none,,,False,,16,0,,,
16,65,True,0.426874,0.4269,none,,,False,,16,0,,,
16,51,True,0.710992,0.711,none,,,False,,16,0,,,
16,35,True,0.540841,0.5408,none,,,False,,16,0,,,
16,20,True,0.450893,0.4509,none,,,False,,16,0,,,
16,0,True,0.790386,0.7904,none,,,False,,16,0,,,
16,88,True,1.261594,1.2616,none,,,False,,16,0,,,
16,28,True,1.145941,1.1459,none,,,False,,16,0,,,
17,44,True,0.592941,0.5929,none,,,False,,17,0,,,
17,37,True,0.576933,0.5769,none,,,False,,17,0,,,
17,7,True,0.44182,0.4418,none,,,False,,17,0,,,
17,80,True,0.885599,0.8856,none,,,False,,17,0,,,
17,5,True,0.332115,0.3321,none,,,False,,17,0,,,
17,38,True,0.332727,0.3327,none,,,False,,17,0,,,
17,17,True,0.742641,0.7426,none,,,False,,17,0,,,
17,35,True,0.576505,0.5765,none,,,False,,17,0,,,
17,11,True,0.584088,0.5841,none,,,False,,17,0,,,
17,47,True,0.281958,0.282,none,,,False,,17,0,,,
17,48,True,0.222914,0.2229,none,,,False,,17,0,,,
17,54,True,0.329183,0.3292,none,,,False,,17,0,,,
17,19,True,0.647023,0.647,none,,,False,,17,0,,,
17,63,True,0.411597,0.4116,none,,,False,,17,0,,,
17,2,True,0.678783,0.6788,none,,,False,,17,0,,,
17,57,True,0.963595,0.9636,none,,,False,,17,0,,,
17,27,True,0.511362,0.5114,none,,,False,,17,0,,,
17,52,True,0.44919,0.4492,none,,,False,,17,0,,,
17,99,True,1.283,1.283,none,,,False,,17,0,,,
17,71,True,0.378599,0.3786,none,,,False,,17,0,,,
17,9,True,1.057553,1.0576,none,,,False,,17,0,,,
17,96,True,0.579219,0.5792,none,,,False,,17,0,,,
17,75,True,0.667143,0.6671,none,,,False,,17,0,,,
17,6,True,0.380965,0.381,none,,,False,,17,0,,,
17,10,True,0.684415,0.6844,none,,,False,,17,0,,,
17,74,True,0.433082,0.4331,none,,,False,,17,0,,,
17,1,True,0.521753,0.5218,none,,,False,,17,0,,,
17,85,True,0.142316,0.1423,none,,,False,,17,0,,,
17,95,True,0.566581,0.5666,none,,,False,,17,0,,,
17,56,True,0.72298,0.723,none,,,False,,17,0,,,
17,97,True,0.836891,0.8369,none,,,False,,17,0,,,
17,31,True,0.929919,0.9299,none,,,False,,17,0,,,
17,23,True,0.562593,0.5626,none,,,False,,17,0,,,
17,20,True,0.545865,0.5459,none,,,False,,17,0,,,
17,73,True,0.269391,0.2694,none,,,False,,17,0,,,
17,24,True,0.323856,0.3239,none,,,False,,17,0,,,
17,86,True,0.641232,0.6412,none,,,False,,17,0,,,
17,66,True,0.464923,0.4649,none,,,False,,17,0,,,
17,14,True,0.545417,0.5454,none,,,False,,17,0,,,
17,88,True,1.411967,1.412,none,,,False,,17,0,,,
17,64,True,0.433046,0.433,none,,,False,,17,0,,,
17,77,True,0.289282,0.2893,none,,,False,,17,0,,,
17,40,True,0.64911,0.6491,none,,,False,,17,0,,,
17,60,True,0.348166,0.3482,none,,,False,,17,0,,,
17,53,True,0.596751,0.5968,none,,,False,,17,0,,,
17,69,True,0.979376,0.9794,none,,,False,,17,0,,,
17,43,True,0.655022,0.655,none,,,False,,17,0,,,
17,78,True,0.572658,0.5727,none,,,False,,17,0,,,
17,65,True,0.311407,0.3114,none,,,False,,17,0,,,
17,72,True,0.482419,0.4824,none,,,False,,17,0,,,
18,12,True,0.413055,0.4131,none,,,False,,18,0,,,
18,94,True,1.36361,1.3636,none,,,False,,18,0,,,
18,25,True,0.448889,0.4489,none,,,False,,18,0,,,
18,45,True,0.60552,0.6055,none,,,False,,18,0,,,
18,32,True,0.727258,0.7273,none,,,False,,18,0,,,
18,78,True,0.447544,0.4475,none,,,False,,18,0,,,
18,87,True,0.545641,0.5456,none,,,False,,18,0,,,
18,84,True,0.403788,0.4038,none,,,False,,18,0,,,
18,91,True,0.922024,0.922,none,,,False,,18,0,,,
18,90,True,0.472139,0.4721,none,,,False,,18,0,,,
18,50,True,0.643979,0.644,none,,,False,,18,0,,,
18,34,True,0.706418,0.7064,none,,,False,,18,0,,,
18,99,True,1.209661,1.2097,none,,,False,,18,0,,,
18,83,True,0.602349,0.6023,none,,,False,,18,0,,,
18,86,True,0.5126,0.5126,none,,,False,,18,0,,,
18,59,True,0.607238,0.6072,none,,,False,,18,0,,,
18,22,True,0.65165,0.6516,none,,,False,,18,0,,,
18,73,True,0.398519,0.3985,none,,,False,,18,0,,,
18,65,True,0.349687,0.3497,none,,,False,,18,0,,,
18,36,True,0.506186,0.5062,none,,,False,,18,0,,,
18,8,True,0.449853,0.4499,none,,,False,,18,0,,,
18,24,True,0.49997,0.5,none,,,False,,18,0,,,
18,98,True,0.162641,0.1626,none,,,False,,18,0,,,
18,13,True,0.353455,0.3535,none,,,False,,18,0,,,
18,71,True,0.510265,0.5103,none,,,False,,18,0,,,
18,42,True,0.583182,0.5832,none,,,False,,18,0,,,
18,16,True,0.756482,0.7565,none,,,False,,18,0,,,
18,57,True,0.786574,0.7866,none,,,False,,18,0,,,
18,72,True,0.442804,0.4428,none,,,False,,18,0,,,
18,53,True,0.494512,0.4945,none,,,False,,18,0,,,
18,79,True,0.348754,0.3488,none,,,False,,18,0,,,
18,23,True,0.501773,0.5018,none,,,False,,18,0,,,
18,58,True,0.4899,0.4899,none,,,False,,18,0,,,
18,5,True,0.284413,0.2844,none,,,False,,18,0,,,
18,62,True,0.397785,0.3978,none,,,False,,18,0,,,
18,77,True,0.346031,0.346,none,,,False,,18,0,,,
18,37,True,0.442322,0.4423,none,,,False,,18,0,,,
18,51,True,0.742929,0.7429,none,,,False,,18,0,,,
18,27,True,0.326215,0.3262,none,,,False,,18,0,,,
18,48,True,0.346283,0.3463,none,,,False,,18,0,,,
18,43,True,0.612187,0.6122,none,,,False,,18,0,,,
18,41,True,0.349241,0.3492,none,,,False,,18,0,,,
18,21,True,0.511607,0.5116,none,,,False,,18,0,,,
18,29,True,0.58104,0.581,none,,,False,,18,0,,,
18,2,True,0.534632,0.5346,none,,,False,,18,0,,,
18,60,True,0.206214,0.2062,none,,,False,,18,0,,,
18,44,True,0.734841,0.7348,none,,,False,,18,0,,,
18,10,True,0.549671,0.5497,none,,,False,,18,0,,,
18,1,True,0.452796,0.4528,none,,,False,,18,0,,,
18,0,True,0.904749,0.9047,none,,,False,,18,0,,,
19,41,True,0.311381,0.3114,none,,,False,,19,0,,,
19,88,True,0.654444,0.6544,none,,,False,,19,0,,,
19,26,True,0.661986,0.662,none,,,False,,19,0,,,
19,6,True,0.094128,0.0941,none,,,False,,19,0,,,
19,71,True,0.381131,0.3811,none,,,False,,19,0,,,
19,28,True,1.067909,1.0679,none,,,False,,19,0,,,
19,38,True,0.427345,0.4273,none,,,False,,19,0,,,
19,99,True,1.269178,1.2692,none,,,False,,19,0,,,
19,22,True,1.129866,1.1299,none,,,False,,19,0,,,
19,68,True,0.701068,0.7011,none,,,False,,19,0,,,
19,83,True,0.475411,0.4754,none,,,False,,19,0,,,
19,92,True,0.305475,0.3055,none,,,False,,19,0,,,
19,46,True,0.538324,0.5383,none,,,False,,19,0,,,
19,61,True,0.703436,0.7034,none,,,False,,19,0,,,
19,8,True,0.375713,0.3757,none,,,False,,19,0,,,
19,24,True,0.617128,0.6171,none,,,False,,19,0,,,
19,97,True,0.676509,0.6765,none,,,False,,19,0,,,
19,32,True,0.569986,0.57,none,,,False,,19,0,,,
19,52,True,0.312635,0.3126,none,,,False,,19,0,,,
19,40,True,1.176129,1.1761,none,,,False,,19,0,,,
19,51,True,0.637709,0.6377,none,,,False,,19,0,,,
19,94,True,1.172263,1.1723,none,,,False,,19,0,,,
19,75,True,0.65618,0.6562,none,,,False,,19,0,,,
19,37,True,0.423387,0.4234,none,,,False,,19,0,,,
19,21,True,0.336116,0.3361,none,,,False,,19,0,,,
19,12,True,0.50395,0.504,none,,,False,,19,0,,,
19,65,True,0.316085,0.3161,none,,,False,,19,0,,,
19,25,True,0.672506,0.6725,none,,,False,,19,0,,,
19,13,True,0.378462,0.3785,none,,,False,,19,0,,,
19,74,True,0.595581,0.5956,none,,,False,,19,0,,,
19,5,True,0.460762,0.4608,none,,,False,,19,0,,,
19,60,True,0.461616,0.4616,none,,,False,,19,0,,,
19,27,True,0.599461,0.5995,none,,,False,,19,0,,,
19,42,True,0.558813,0.5588,none,,,False,,19,0,,,
19,50,True,0.562948,0.5629,none,,,False,,19,0,,,
19,36,True,0.419284,0.4193,none,,,False,,19,0,,,
19,56,True,0.928356,0.9284,none,,,False,,19,0,,,
19,72,True,0.429825,0.4298,none,,,False,,19,0,,,
19,86,True,0.698403,0.6984,none,,,False,,19,0,,,
19,7,True,0.574442,0.5744,none,,,False,,19,0,,,
19,98,True,0.131994,0.132,none,,,False,,19,0,,,
19,81,True,0.650451,0.6505,none,,,False,,19,0,,,
19,96,True,0.453741,0.4537,none,,,False,,19,0,,,
19,34,True,0.610771,0.6108,none,,,False,,19,0,,,
19,18,True,0.911149,0.9111,none,,,False,,19,0,,,
19,17,True,0.578071,0.5781,none,,,False,,19,0,,,
19,59,True,0.518139,0.5181,none,,,False,,19,0,,,
19,2,True,0.729694,0.7297,none,,,False,,19,0,,,
19,84,True,0.456711,0.4567,none,,,False,,19,0,,,
19,30,True,0.359706,0.3597,none,,,False,,19,0,,,
20,33,True,0.567443,0.5674,none,,,False,,20,0,,,
20,77,True,0.30241,0.3024,none,,,False,,20,0,,,
20,6,True,0.312879,0.3129,none,,,False,,20,0,,,
20,8,True,0.359087,0.3591,none,,,False,,20,0,,,
20,91,True,0.817597,0.8176,none,,,False,,20,0,,,
20,7,True,0.39625,0.3963,none,,,False,,20,0,,,
20,95,True,0.680734,0.6807,none,,,False,,20,0,,,
20,20,True,0.402324,0.4023,none,,,False,,20,0,,,
20,28,True,1.040167,1.0402,none,,,False,,20,0,,,
20,4,True,0.278852,0.2789,none,,,False,,20,0,,,
20,53,True,0.692739,0.6927,none,,,False,,20,0,,,
20,68,True,0.732382,0.7324,none,,,False,,20,0,,,
20,11,True,0.454532,0.4545,none,,,False,,20,0,,,
20,41,True,0.386552,0.3866,none,,,False,,20,0,,,
20,82,True,0.2717,0.2717,none,,,False,,20,0,,,
20,88,True,1.300418,1.3004,none,,,False,,20,0,,,
20,60,True,0.22125,0.2212,none,,,False,,20,0,,,
20,83,True,0.555631,0.5556,none,,,False,,20,0,,,
20,50,True,0.602698,0.6027,none,,,False,,20,0,,,
20,3,True,0.909263,0.9093,none,,,False,,20,0,,,
20,36,True,0.444597,0.4446,none,,,False,,20,0,,,
20,92,True,0.252651,0.2527,none,,,False,,20,0,,,
20,38,True,0.290925,0.2909,none,,,False,,20,0,,,
20,70,True,0.589572,0.5896,none,,,False,,20,0,,,
20,74,True,0.515391,0.5154,none,,,False,,20,0,,,
20,40,True,0.985044,0.985,none,,,False,,20,0,,,
20,1,True,0.312023,0.312,none,,,False,,20,0,,,
20,45,True,0.658894,0.6589,none,,,False,,20,0,,,
20,27,True,0.324459,0.3245,none,,,False,,20,0,,,
20,51,True,0.559166,0.5592,none,,,False,,20,0,,,
20,43,True,0.692562,0.6926,none,,,False,,20,0,,,
20,96,True,0.603871,0.6039,none,,,False,,20,0,,,
20,21,True,0.445179,0.4452,none,,,False,,20,0,,,
20,94,True,1.296945,1.2969,none,,,False,,20,0,,,
20,73,True,0.329999,0.33,none,,,False,,20,0,,,
20,55,True,0.420586,0.4206,none,,,False,,20,0,,,
20,71,True,0.518493,0.5185,none,,,False,,20,0,,,
20,90,True,0.492562,0.4926,none,,,False,,20,0,,,
20,29,True,0.532983,0.533,none,,,False,,20,0,,,
20,79,True,0.259284,0.2593,none,,,False,,20,0,,,
20,13,True,0.361821,0.3618,none,,,False,,20,0,,,
20,62,True,0.470846,0.4708,none,,,False,,20,0,,,
20,32,True,0.713149,0.7131,none,,,False,,20,0,,,
20,49,True,0.375182,0.3752,none,,,False,,20,0,,,
20,64,True,0.54586,0.5459,none,,,False,,20,0,,,
20,15,True,1.170912,1.1709,none,,,False,,20,0,,,
20,16,True,0.802358,0.8024,none,,,False,,20,0,,,
20,99,True,1.046777,1.0468,none,,,False,,20,0,,,
20,75,True,0.572403,0.5724,none,,,False,,20,0,,,
20,9,True,1.183879,1.1839,none,,,False,,20,0,,,
21,43,True,0.46196,0.462,none,,,False,,21,0,,,
21,45,True,0.521076,0.5211,none,,,False,,21,0,,,
21,16,True,0.827509,0.8275,none,,,False,,21,0,,,
21,69,True,0.964613,0.9646,none,,,False,,21,0,,,
21,52,True,0.460531,0.4605,none,,,False,,21,0,,,
21,93,True,0.181074,0.1811,none,,,False,,21,0,,,
21,19,True,0.751722,0.7517,none,,,False,,21,0,,,
21,74,True,0.523188,0.5232,none,,,False,,21,0,,,
21,49,True,0.355181,0.3552,none,,,False,,21,0,,,
21,5,True,0.410689,0.4107,none,,,False,,21,0,,,
21,0,True,0.672842,0.6728,none,,,False,,21,0,,,
21,1,True,0.4568,0.4568,none,,,False,,21,0,,,
21,20,True,0.613017,0.613,none,,,False,,21,0,,,
21,30,True,0.299643,0.2996,none,,,False,,21,0,,,
21,34,True,0.653672,0.6537,none,,,False,,21,0,,,
21,60,True,0.480854,0.4809,none,,,False,,21,0,,,
21,54,True,0.375349,0.3753,none,,,False,,21,0,,,
21,95,True,0.814455,0.8145,none,,,False,,21,0,,,
21,64,True,0.396601,0.3966,none,,,False,,21,0,,,
21,23,True,0.514264,0.5143,none,,,False,,21,0,,,
21,87,True,0.604784,0.6048,none,,,False,,21,0,,,
21,75,True,0.365167,0.3652,none,,,False,,21,0,,,
21,96,True,0.540695,0.5407,none,,,False,,21,0,,,
21,15,True,1.01617,1.0162,none,,,False,,21,0,,,
21,13,True,0.379828,0.3798,none,,,False,,21,0,,,
21,18,True,0.849894,0.8499,none,,,False,,21,0,,,
21,99,True,1.339053,1.3391,none,,,False,,21,0,,,
21,35,True,0.51366,0.5137,none,,,False,,21,0,,,
21,4,True,0.393572,0.3936,none,,,False,,21,0,,,
21,59,True,0.443286,0.4433,none,,,False,,21,0,,,
21,73,True,0.312201,0.3122,none,,,False,,21,0,,,
21,31,True,0.83703,0.837,none,,,False,,21,0,,,
21,12,True,0.503172,0.5032,none,,,False,,21,0,,,
21,84,True,0.423785,0.4238,none,,,False,,21,0,,,
21,37,True,0.497617,0.4976,none,,,False,,21,0,,,
21,11,True,0.61827,0.6183,none,,,False,,21,0,,,
21,48,True,0.204842,0.2048,none,,,False,,21,0,,,
21,47,True,0.230604,0.2306,none,,,False,,21,0,,,
21,7,True,0.56349,0.5635,none,,,False,,21,0,,,
21,76,True,1.026495,1.0265,none,,,False,,21,0,,,
21,22,True,1.015469,1.0155,none,,,False,,21,0,,,
21,21,True,0.363981,0.364,none,,,False,,21,0,,,
21,58,True,0.458079,0.4581,none,,,False,,21,0,,,
21,9,True,1.146402,1.1464,none,,,False,,21,0,,,
21,10,True,0.665105,0.6651,none,,,False,,21,0,,,
21,17,True,0.638796,0.6388,none,,,False,,21,0,,,
21,89,True,0.434028,0.434,none,,,False,,21,0,,,
21,42,True,0.710561,0.7106,none,,,False,,21,0,,,
21,97,True,0.805274,0.8053,none,,,False,,21,0,,,
21,27,True,0.5201,0.5201,none,,,False,,21,0,,,
22,67,True,0.531536,0.5315,none,,,False,,22,0,,,
22,77,True,0.343793,0.3438,none,,,False,,22,0,,,
22,41,True,0.292046,0.292,none,,,False,,22,0,,,
22,38,True,0.342365,0.3424,none,,,False,,22,0,,,
22,34,True,0.678802,0.6788,none,,,False,,22,0,,,
22,29,True,0.512994,0.513,none,,,False,,22,0,,,
22,92,True,0.336535,0.3365,none,,,False,,22,0,,,
22,87,True,0.53923,0.5392,none,,,False,,22,0,,,
22,46,True,0.539606,0.5396,none,,,False,,22,0,,,
22,31,True,0.820634,0.8206,none,,,False,,22,0,,,
22,37,True,0.401467,0.4015,none,,,False,,22,0,,,
22,73,True,0.427491,0.4275,none,,,False,,22,0,,,
22,79,True,0.308717,0.3087,none,,,False,,22,0,,,
22,64,True,0.387465,0.3875,none,,,False,,22,0,,,
22,25,True,0.509079,0.5091,none,,,False,,22,0,,,
22,0,True,0.719925,0.7199,none,,,False,,22,0,,,
22,58,True,0.474689,0.4747,none,,,False,,22,0,,,
22,50,True,0.552089,0.5521,none,,,False,,22,0,,,
22,8,True,0.418841,0.4188,none,,,False,,22,0,,,
22,51,True,0.762,0.762,none,,,False,,22,0,,,
22,39,True,1.107748,1.1077,none,,,False,,22,0,,,
22,72,True,0.444322,0.4443,none,,,False,,22,0,,,
22,13,True,0.355064,0.3551,none,,,False,,22,0,,,
22,15,True,0.730072,0.7301,none,,,False,,22,0,,,
22,30,True,0.405948,0.4059,none,,,False,,22,0,,,
22,90,True,0.475625,0.4756,none,,,False,,22,0,,,
22,22,True,0.942107,0.9421,none,,,False,,22,0,,,
22,1,True,0.495565,0.4956,none,,,False,,22,0,,,
22,81,True,0.539561,0.5396,none,,,False,,22,0,,,
22,6,True,0.608806,0.6088,none,,,False,,22,0,,,
22,80,True,1.032451,1.0325,none,,,False,,22,0,,,
22,16,True,0.906774,0.9068,none,,,False,,22,0,,,
22,40,True,1.118364,1.1184,none,,,False,,22,0,,,
22,32,True,0.741406,0.7414,none,,,False,,22,0,,,
22,26,True,0.633707,0.6337,none,,,False,,22,0,,,
22,98,True,0.140102,0.1401,none,,,False,,22,0,,,
22,82,True,0.346989,0.347,none,,,False,,22,0,,,
22,89,True,0.380978,0.381,none,,,False,,22,0,,,
22,76,True,1.13784,1.1378,none,,,False,,22,0,,,
22,24,True,0.481444,0.4814,none,,,False,,22,0,,,
22,5,True,0.321433,0.3214,none,,,False,,22,0,,,
22,10,True,0.518646,0.5186,none,,,False,,22,0,,,
22,83,True,0.585538,0.5855,none,,,False,,22,0,,,
22,49,True,0.215526,0.2155,none,,,False,,22,0,,,
22,68,True,0.748799,0.7488,none,,,False,,22,0,,,
22,43,True,0.706792,0.7068,none,,,False,,22,0,,,
22,56,True,0.854457,0.8545,none,,,False,,22,0,,,
22,20,True,0.362832,0.3628,none,,,False,,22,0,,,
22,44,True,0.708055,0.7081,none,,,False,,22,0,,,
22,65,True,0.332164,0.3322,none,,,False,,22,0,,,
23,80,True,0.822232,0.8222,none,,,False,,23,0,,,
23,6,True,0.496063,0.4961,none,,,False,,23,0,,,
23,49,True,0.413555,0.4136,none,,,False,,23,0,,,
23,57,True,0.798388,0.7984,none,,,False,,23,0,,,
23,22,True,0.922677,0.9227,none,,,False,,23,0,,,
23,93,True,0.256799,0.2568,none,,,False,,23,0,,,
23,64,True,0.443625,0.4436,none,,,False,,23,0,,,
23,34,True,0.524362,0.5244,none,,,False,,23,0,,,
23,24,True,0.436693,0.4367,none,,,False,,23,0,,,
23,14,True,0.437032,0.437,none,,,False,,23,0,,,
23,62,True,0.432287,0.4323,none,,,False,,23,0,,,
23,28,True,1.154999,1.155,none,,,False,,23,0,,,
23,91,True,0.714533,0.7145,none,,,False,,23,0,,,
23,44,True,0.56943,0.5694,none,,,False,,23,0,,,
23,95,True,0.717147,0.7171,none,,,False,,23,0,,,
23,82,True,0.336396,0.3364,none,,,False,,23,0,,,
23,88,True,1.172852,1.1729,none,,,False,,23,0,,,
23,25,True,0.590118,0.5901,none,,,False,,23,0,,,
23,4,True,0.309061,0.3091,none,,,False,,23,0,,,
23,10,True,0.586554,0.5866,none,,,False,,23,0,,,
23,55,True,0.35574,0.3557,none,,,False,,23,0,,,
23,8,True,0.151084,0.1511,none,,,False,,23,0,,,
23,69,True,1.023512,1.0235,none,,,False,,23,0,,,
23,26,True,0.627081,0.6271,none,,,False,,23,0,,,
23,75,True,0.654802,0.6548,none,,,False,,23,0,,,
23,84,True,0.332906,0.3329,none,,,False,,23,0,,,
23,58,True,0.504205,0.5042,none,,,False,,23,0,,,
23,20,True,0.501532,0.5015,none,,,False,,23,0,,,
23,97,True,0.74512,0.7451,none,,,False,,23,0,,,
23,45,True,0.537216,0.5372,none,,,False,,23,0,,,
23,50,True,0.570166,0.5702,none,,,False,,23,0,,,
23,65,True,0.356348,0.3563,none,,,False,,23,0,,,
23,60,True,0.37769,0.3777,none,,,False,,23,0,,,
23,46,True,0.552144,0.5521,none,,,False,,23,0,,,
23,99,True,1.524764,1.5248,none,,,False,,23,0,,,
23,23,True,0.574845,0.5748,none,,,False,,23,0,,,
23,71,True,0.404805,0.4048,none,,,False,,23,0,,,
23,74,True,0.473196,0.4732,none,,,False,,23,0,,,
23,67,True,0.422385,0.4224,none,,,False,,23,0,,,
23,87,True,0.723975,0.724,none,,,False,,23,0,,,
23,96,True,0.52055,0.5205,none,,,False,,23,0,,,
23,94,True,0.87688,0.8769,none,,,False,,23,0,,,
23,83,True,0.471077,0.4711,none,,,False,,23,0,,,
23,3,True,0.75499,0.755,none,,,False,,23,0,,,
23,78,True,0.724083,0.7241,none,,,False,,23,0,,,
23,5,True,0.335204,0.3352,none,,,False,,23,0,,,
23,37,True,0.536937,0.5369,none,,,False,,23,0,,,
23,52,True,0.468992,0.469,none,,,False,,23,0,,,
23,29,True,0.433653,0.4337,none,,,False,,23,0,,,
23,35,True,0.496259,0.4963,none,,,False,,23,0,,,
24,45,True,0.354255,0.3543,none,,,False,,24,0,,,
24,66,True,0.502433,0.5024,none,,,False,,24,0,,,
24,92,True,0.31954,0.3195,none,,,False,,24,0,,,
24,7,True,0.485708,0.4857,none,,,False,,24,0,,,
24,27,True,0.31216,0.3122,none,,,False,,24,0,,,
24,14,True,0.421141,0.4211,none,,,False,,24,0,,,
24,99,True,1.273222,1.2732,none,,,False,,24,0,,,
24,73,True,0.395687,0.3957,none,,,False,,24,0,,,
24,22,True,0.958407,0.9584,none,,,False,,24,0,,,
24,43,True,0.765048,0.765,none,,,False,,24,0,,,
24,57,True,0.81313,0.8131,none,,,False,,24,0,,,
24,69,True,0.971084,0.9711,none,,,False,,24,0,,,
24,76,True,0.962654,0.9627,none,,,False,,24,0,,,
24,20,True,0.479761,0.4798,none,,,False,,24,0,,,
24,30,True,0.334543,0.3345,none,,,False,,24,0,,,
24,88,True,1.253485,1.2535,none,,,False,,24,0,,,
24,54,True,0.390387,0.3904,none,,,False,,24,0,,,
24,81,True,0.611296,0.6113,none,,,False,,24,0,,,
24,98,True,0.161635,0.1616,none,,,False,,24,0,,,
24,49,True,0.249782,0.2498,none,,,False,,24,0,,,
24,67,True,0.47139,0.4714,none,,,False,,24,0,,,
24,37,True,0.381956,0.382,none,,,False,,24,0,,,
24,79,True,0.325572,0.3256,none,,,False,,24,0,,,
24,59,True,0.588972,0.589,none,,,False,,24,0,,,
24,90,True,0.535916,0.5359,none,,,False,,24,0,,,
24,60,True,0.319702,0.3197,none,,,False,,24,0,,,
24,39,True,1.090042,1.09,none,,,False,,24,0,,,
24,52,True,0.318493,0.3185,none,,,False,,24,0,,,
24,38,True,0.300176,0.3002,none,,,False,,24,0,,,
24,4,True,0.395893,0.3959,none,,,False,,24,0,,,
24,84,True,0.397748,0.3977,none,,,False,,24,0,,,
24,25,True,0.426557,0.4266,none,,,False,,24,0,,,
24,29,True,0.5573,0.5573,none,,,False,,24,0,,,
24,10,True,0.513157,0.5132,none,,,False,,24,0,,,
24,97,True,0.913949,0.9139,none,,,False,,24,0,,,
24,41,True,0.314732,0.3147,none,,,False,,24,0,,,
24,85,True,0.106103,0.1061,none,,,False,,24,0,,,
24,62,True,0.427531,0.4275,none,,,False,,24,0,,,
24,11,True,0.467912,0.4679,none,,,False,,24,0,,,
24,75,True,0.507463,0.5075,none,,,False,,24,0,,,
24,19,True,0.541752,0.5418,none,,,False,,24,0,,,
24,16,True,0.787339,0.7873,none,,,False,,24,0,,,
24,80,True,0.879696,0.8797,none,,,False,,24,0,,,
24,64,True,0.396196,0.3962,none,,,False,,24,0,,,
24,78,True,0.734219,0.7342,none,,,False,,24,0,,,
24,70,True,0.364845,0.3648,none,,,False,,24,0,,,
24,46,True,0.589674,0.5897,none,,,False,,24,0,,,
24,83,True,0.528185,0.5282,none,,,False,,24,0,,,
24,28,True,1.104864,1.1049,none,,,False,,24,0,,,
24,21,True,0.400843,0.4008,none,,,False,,24,0,,,
25,13,True,0.333198,0.3332,none,,,False,,25,0,,,
25,99,True,1.286107,1.2861,none,,,False,,25,0,,,
25,90,True,0.493799,0.4938,none,,,False,,25,0,,,
25,7,True,0.388245,0.3882,none,,,False,,25,0,,,
25,61,True,0.518724,0.5187,none,,,False,,25,0,,,
25,9,True,1.060743,1.0607,none,,,False,,25,0,,,
25,47,True,0.221405,0.2214,none,,,False,,25,0,,,
25,60,True,0.344225,0.3442,none,,,False,,25,0,,,
25,24,True,0.40753,0.4075,none,,,False,,25,0,,,
25,79,True,0.343876,0.3439,none,,,False,,25,0,,,
25,43,True,0.740391,0.7404,none,,,False,,25,0,,,
25,74,True,0.515407,0.5154,none,,,False,,25,0,,,
25,66,True,0.38718,0.3872,none,,,False,,25,0,,,
25,85,True,0.113426,0.1134,none,,,False,,25,0,,,
25,46,True,0.5044,0.5044,none,,,False,,25,0,,,
25,44,True,0.570993,0.571,none,,,False,,25,0,,,
25,40,True,1.091099,1.0911,none,,,False,,25,0,,,
25,28,True,1.328598,1.3286,none,,,False,,25,0,,,
25,88,True,1.229738,1.2297,none,,,False,,25,0,,,
25,83,True,0.422939,0.4229,none,,,False,,25,0,,,
25,18,True,1.013531,1.0135,none,,,False,,25,0,,,
25,34,True,0.633446,0.6334,none,,,False,,25,0,,,
25,26,True,0.751605,0.7516,none,,,False,,25,0,,,
25,10,True,0.678617,0.6786,none,,,False,,25,0,,,
25,20,True,0.49332,0.4933,none,,,False,,25,0,,,
25,93,True,0.278647,0.2786,none,,,False,,25,0,,,
25,63,True,0.371698,0.3717,none,,,False,,25,0,,,
25,78,True,0.690447,0.6904,none,,,False,,25,0,,,
25,67,True,0.542103,0.5421,none,,,False,,25,0,,,
25,30,True,0.340363,0.3404,none,,,False,,25,0,,,
25,25,True,0.58999,0.59,none,,,False,,25,0,,,
25,73,True,0.319605,0.3196,none,,,False,,25,0,,,
25,21,True,0.47722,0.4772,none,,,False,,25,0,,,
25,64,True,0.394534,0.3945,none,,,False,,25,0,,,
25,95,True,0.834382,0.8344,none,,,False,,25,0,,,
25,65,True,0.375445,0.3754,none,,,False,,25,0,,,
25,41,True,0.353996,0.354,none,,,False,,25,0,,,
25,50,True,0.643522,0.6435,none,,,False,,25,0,,,
25,42,True,0.497843,0.4978,none,,,False,,25,0,,,
25,98,True,0.101631,0.1016,none,,,False,,25,0,,,
25,86,True,0.604983,0.605,none,,,False,,25,0,,,
25,92,True,0.365776,0.3658,none,,,False,,25,0,,,
25,91,True,0.861657,0.8617,none,,,False,,25,0,,,
25,38,True,0.346913,0.3469,none,,,False,,25,0,,,
25,27,True,0.33113,0.3311,none,,,False,,25,0,,,
25,45,True,0.492033,0.492,none,,,False,,25,0,,,
25,3,True,0.759964,0.76,none,,,False,,25,0,,,
25,81,True,0.447435,0.4474,none,,,False,,25,0,,,
25,49,True,0.343768,0.3438,none,,,False,,25,0,,,
25,14,True,0.394804,0.3948,none,,,False,,25,0,,,
26,1,True,0.453046,0.453,none,,,False,,26,0,,,
26,69,True,0.948247,0.9482,none,,,False,,26,0,,,
26,56,True,0.544194,0.5442,none,,,False,,26,0,,,
26,5,True,0.305054,0.3051,none,,,False,,26,0,,,
26,67,True,0.562195,0.5622,none,,,False,,26,0,,,
26,46,True,0.567927,0.5679,none,,,False,,26,0,,,
26,42,True,0.523449,0.5234,none,,,False,,26,0,,,
26,47,True,0.30729,0.3073,none,,,False,,26,0,,,
26,60,True,0.243421,0.2434,none,,,False,,26,0,,,
26,68,True,0.811786,0.8118,none,,,False,,26,0,,,
26,2,True,0.632243,0.6322,none,,,False,,26,0,,,
26,49,True,0.369099,0.3691,none,,,False,,26,0,,,
26,80,True,0.797203,0.7972,none,,,False,,26,0,,,
26,53,True,0.661321,0.6613,none,,,False,,26,0,,,
26,70,True,0.609664,0.6097,none,,,False,,26,0,,,
26,76,True,1.029972,1.03,none,,,False,,26,0,,,
26,10,True,0.465218,0.4652,none,,,False,,26,0,,,
26,19,True,0.495596,0.4956,none,,,False,,26,0,,,
26,83,True,0.545793,0.5458,none,,,False,,26,0,,,
26,66,True,0.522637,0.5226,none,,,False,,26,0,,,
26,65,True,0.338242,0.3382,none,,,False,,26,0,,,
26,88,True,1.354148,1.3541,none,,,False,,26,0,,,
26,97,True,0.835179,0.8352,none,,,False,,26,0,,,
26,85,True,0.142371,0.1424,none,,,False,,26,0,,,
26,29,True,0.58105,0.581,none,,,False,,26,0,,,
26,91,True,0.760832,0.7608,none,,,False,,26,0,,,
26,61,True,0.529818,0.5298,none,,,False,,26,0,,,
26,45,True,0.615484,0.6155,none,,,False,,26,0,,,
26,95,True,0.38793,0.3879,none,,,False,,26,0,,,
26,71,True,0.45282,0.4528,none,,,False,,26,0,,,
26,33,True,0.492672,0.4927,none,,,False,,26,0,,,
26,39,True,1.117434,1.1174,none,,,False,,26,0,,,
26,16,True,0.192434,0.1924,none,,,False,,26,0,,,
26,8,True,0.33641,0.3364,none,,,False,,26,0,,,
26,90,True,0.323529,0.3235,none,,,False,,26,0,,,
26,22,True,1.10432,1.1043,none,,,False,,26,0,,,
26,99,True,1.252941,1.2529,none,,,False,,26,0,,,
26,75,True,0.666392,0.6664,none,,,False,,26,0,,,
26,52,True,0.3749,0.3749,none,,,False,,26,0,,,
26,98,True,0.178381,0.1784,none,,,False,,26,0,,,
26,35,True,0.555168,0.5552,none,,,False,,26,0,,,
26,32,True,0.79227,0.7923,none,,,False,,26,0,,,
26,89,True,0.327167,0.3272,none,,,False,,26,0,,,
26,87,True,0.793089,0.7931,none,,,False,,26,0,,,
26,63,True,0.403418,0.4034,none,,,False,,26,0,,,
26,86,True,0.522186,0.5222,none,,,False,,26,0,,,
26,41,True,0.45623,0.4562,none,,,False,,26,0,,,
26,94,True,1.37686,1.3769,none,,,False,,26,0,,,
26,37,True,0.527723,0.5277,none,,,False,,26,0,,,
26,50,True,0.386478,0.3865,none,,,False,,26,0,,,
27,91,True,0.793721,0.7937,none,,,False,,27,0,,,
27,50,True,0.769882,0.7699,none,,,False,,27,0,,,
27,76,True,1.002673,1.0027,none,,,False,,27,0,,,
27,8,True,0.608657,0.6087,none,,,False,,27,0,,,
27,56,True,0.894879,0.8949,none,,,False,,27,0,,,
27,61,True,0.735552,0.7356,none,,,False,,27,0,,,
27,38,True,0.449939,0.4499,none,,,False,,27,0,,,
27,96,True,0.446389,0.4464,none,,,False,,27,0,,,
27,93,True,0.411585,0.4116,none,,,False,,27,0,,,
27,74,True,0.589127,0.5891,none,,,False,,27,0,,,
27,77,True,0.314621,0.3146,none,,,False,,27,0,,,
27,53,True,0.450341,0.4503,none,,,False,,27,0,,,
27,25,True,0.777154,0.7772,none,,,False,,27,0,,,
27,1,True,0.557275,0.5573,none,,,False,,27,0,,,
27,60,True,0.590281,0.5903,none,,,False,,27,0,,,
27,89,True,0.582383,0.5824,none,,,False,,27,0,,,
27,72,True,0.443051,0.4431,none,,,False,,27,0,,,
27,26,True,0.696477,0.6965,none,,,False,,27,0,,,
27,92,True,0.427864,0.4279,none,,,False,,27,0,,,
27,68,True,0.607149,0.6071,none,,,False,,27,0,,,
27,81,True,0.566036,0.566,none,,,False,,27,0,,,
27,23,True,0.610492,0.6105,none,,,False,,27,0,,,
27,33,True,0.524081,0.5241,none,,,False,,27,0,,,
27,39,True,0.702178,0.7022,none,,,False,,27,0,,,
27,24,True,0.72498,0.725,none,,,False,,27,0,,,
27,67,True,0.534558,0.5346,none,,,False,,27,0,,,
27,64,True,0.386799,0.3868,none,,,False,,27,0,,,
27,99,True,0.880194,0.8802,none,,,False,,27,0,,,
27,65,True,0.446137,0.4461,none,,,False,,27,0,,,
27,88,True,1.223487,1.2235,none,,,False,,27,0,,,
27,44,True,0.574333,0.5743,none,,,False,,27,0,,,
27,20,True,0.663384,0.6634,none,,,False,,27,0,,,
27,55,True,0.575419,0.5754,none,,,False,,27,0,,,
27,3,True,0.849492,0.8495,none,,,False,,27,0,,,
27,71,True,0.377182,0.3772,none,,,False,,27,0,,,
27,47,True,0.272263,0.2723,none,,,False,,27,0,,,
27,14,True,0.439134,0.4391,none,,,False,,27,0,,,
27,7,True,0.57608,0.5761,none,,,False,,27,0,,,
27,11,True,0.716749,0.7167,none,,,False,,27,0,,,
27,85,True,0.146374,0.1464,none,,,False,,27,0,,,
27,9,True,1.159722,1.1597,none,,,False,,27,0,,,
27,19,True,0.766747,0.7667,none,,,False,,27,0,,,
27,42,True,0.658944,0.6589,none,,,False,,27,0,,,
27,62,True,0.53159,0.5316,none,,,False,,27,0,,,
27,78,True,0.986284,0.9863,none,,,False,,27,0,,,
27,27,True,0.701765,0.7018,none,,,False,,27,0,,,
27,29,True,0.278707,0.2787,none,,,False,,27,0,,,
27,69,True,0.716366,0.7164,none,,,False,,27,0,,,
27,12,True,0.642407,0.6424,none,,,False,,27,0,,,
27,79,True,0.371925,0.3719,none,,,False,,27,0,,,
28,76,True,1.114541,1.1145,none,,,False,,28,0,,,
28,78,True,0.411157,0.4112,none,,,False,,28,0,,,
28,92,True,0.383716,0.3837,none,,,False,,28,0,,,
28,59,True,0.519304,0.5193,none,,,False,,28,0,,,
28,44,True,0.660405,0.6604,none,,,False,,28,0,,,
28,13,True,0.31287,0.3129,none,,,False,,28,0,,,
28,64,True,0.640049,0.64,none,,,False,,28,0,,,
28,69,True,0.807024,0.807,none,,,False,,28,0,,,
28,31,True,0.897484,0.8975,none,,,False,,28,0,,,
28,28,True,1.257648,1.2576,none,,,False,,28,0,,,
28,68,True,1.018741,1.0187,none,,,False,,28,0,,,
28,43,True,0.71093,0.7109,none,,,False,,28,0,,,
28,4,True,0.372957,0.373,none,,,False,,28,0,,,
28,5,True,0.331887,0.3319,none,,,False,,28,0,,,
28,71,True,0.559539,0.5595,none,,,False,,28,0,,,
28,19,True,0.39455,0.3945,none,,,False,,28,0,,,
28,23,True,0.564937,0.5649,none,,,False,,28,0,,,
28,15,True,1.202275,1.2023,none,,,False,,28,0,,,
28,8,True,0.348762,0.3488,none,,,False,,28,0,,,
28,95,True,0.634711,0.6347,none,,,False,,28,0,,,
28,14,True,0.421965,0.422,none,,,False,,28,0,,,
28,81,True,0.572681,0.5727,none,,,False,,28,0,,,
28,20,True,0.453449,0.4534,none,,,False,,28,0,,,
28,25,True,0.376002,0.376,none,,,False,,28,0,,,
28,51,True,0.572652,0.5727,none,,,False,,28,0,,,
28,0,True,0.955397,0.9554,none,,,False,,28,0,,,
28,45,True,0.709829,0.7098,none,,,False,,28,0,,,
28,27,True,0.258601,0.2586,none,,,False,,28,0,,,
28,22,True,0.848784,0.8488,none,,,False,,28,0,,,
28,37,True,0.58833,0.5883,none,,,False,,28,0,,,
28,66,True,0.547675,0.5477,none,,,False,,28,0,,,
28,74,True,0.453724,0.4537,none,,,False,,28,0,,,
28,2,True,0.611388,0.6114,none,,,False,,28,0,,,
28,24,True,0.413407,0.4134,none,,,False,,28,0,,,
28,50,True,0.504173,0.5042,none,,,False,,28,0,,,
28,65,True,0.302007,0.302,none,,,False,,28,0,,,
28,11,True,0.326273,0.3263,none,,,False,,28,0,,,
28,57,True,0.805954,0.806,none,,,False,,28,0,,,
28,90,True,0.494048,0.494,none,,,False,,28,0,,,
28,67,True,0.521301,0.5213,none,,,False,,28,0,,,
28,18,True,0.781912,0.7819,none,,,False,,28,0,,,
28,6,True,0.385427,0.3854,none,,,False,,28,0,,,
28,61,True,0.42013,0.4201,none,,,False,,28,0,,,
28,89,True,0.312476,0.3125,none,,,False,,28,0,,,
28,75,True,0.725596,0.7256,none,,,False,,28,0,,,
28,85,True,0.151174,0.1512,none,,,False,,28,0,,,
28,40,True,0.921734,0.9217,none,,,False,,28,0,,,
28,46,True,0.717384,0.7174,none,,,False,,28,0,,,
28,17,True,0.623373,0.6234,none,,,False,,28,0,,,
28,98,True,0.238934,0.2389,none,,,False,,28,0,,,
29,58,True,0.638284,0.6383,none,,,False,,29,0,,,
29,83,True,0.548561,0.5486,none,,,False,,29,0,,,
29,80,True,0.853272,0.8533,none,,,False,,29,0,,,
29,87,True,0.873358,0.8734,none,,,False,,29,0,,,
29,19,True,0.670982,0.671,none,,,False,,29,0,,,
29,53,True,0.671735,0.6717,none,,,False,,29,0,,,
29,70,True,0.543425,0.5434,none,,,False,,29,0,,,
29,42,True,0.586223,0.5862,none,,,False,,29,0,,,
29,22,True,1.026129,1.0261,none,,,False,,29,0,,,
29,18,True,1.043094,1.0431,none,,,False,,29,0,,,
29,62,True,0.390115,0.3901,none,,,False,,29,0,,,
29,34,True,0.509225,0.5092,none,,,False,,29,0,,,
29,98,True,0.248041,0.248,none,,,False,,29,0,,,
29,8,True,0.390623,0.3906,none,,,False,,29,0,,,
29,48,True,0.147612,0.1476,none,,,False,,29,0,,,
29,82,True,0.450984,0.451,none,,,False,,29,0,,,
29,1,True,0.654422,0.6544,none,,,False,,29,0,,,
29,64,True,0.420473,0.4205,none,,,False,,29,0,,,
29,91,True,0.725703,0.7257,none,,,False,,29,0,,,
29,15,True,0.871504,0.8715,none,,,False,,29,0,,,
29,69,True,1.236428,1.2364,none,,,False,,29,0,,,
29,57,True,1.024835,1.0248,none,,,False,,29,0,,,
29,50,True,0.563282,0.5633,none,,,False,,29,0,,,
29,44,True,0.474645,0.4746,none,,,False,,29,0,,,
29,35,True,0.536229,0.5362,none,,,False,,29,0,,,
29,73,True,0.296751,0.2968,none,,,False,,29,0,,,
29,85,True,0.128936,0.1289,none,,,False,,29,0,,,
29,93,True,0.361214,0.3612,none,,,False,,29,0,,,
29,32,True,0.731902,0.7319,none,,,False,,29,0,,,
29,81,True,0.54951,0.5495,none,,,False,,29,0,,,
29,89,True,0.325166,0.3252,none,,,False,,29,0,,,
29,96,True,0.43325,0.4332,none,,,False,,29,0,,,
29,27,True,0.596885,0.5969,none,,,False,,29,0,,,
29,0,True,0.588936,0.5889,none,,,False,,29,0,,,
29,36,True,0.357908,0.3579,none,,,False,,29,0,,,
29,4,True,0.296417,0.2964,none,,,False,,29,0,,,
29,6,True,0.602786,0.6028,none,,,False,,29,0,,,
29,61,True,0.620373,0.6204,none,,,False,,29,0,,,
29,26,True,0.661384,0.6614,none,,,False,,29,0,,,
29,31,True,0.946121,0.9461,none,,,False,,29,0,,,
29,47,True,0.254041,0.254,none,,,False,,29,0,,,
29,65,True,0.346161,0.3462,none,,,False,,29,0,,,
29,75,True,0.585726,0.5857,none,,,False,,29,0,,,
29,88,True,1.528926,1.5289,none,,,False,,29,0,,,
29,72,True,0.417388,0.4174,none,,,False,,29,0,,,
29,86,True,0.672545,0.6725,none,,,False,,29,0,,,
29,52,True,0.515781,0.5158,none,,,False,,29,0,,,
29,11,True,0.631761,0.6318,none,,,False,,29,0,,,
29,14,True,0.479377,0.4794,none,,,False,,29,0,,,
29,33,True,0.497153,0.4972,none,,,False,,29,0,,,
30,89,True,0.40702,0.407,none,,,False,,30,0,,,
30,85,True,0.119317,0.1193,none,,,False,,30,0,,,
30,61,True,0.573093,0.5731,none,,,False,,30,0,,,
30,7,True,0.391341,0.3913,none,,,False,,30,0,,,
30,3,True,0.554485,0.5545,none,,,False,,30,0,,,
30,19,True,0.505877,0.5059,none,,,False,,30,0,,,
30,58,True,0.372082,0.3721,none,,,False,,30,0,,,
30,6,True,0.364464,0.3645,none,,,False,,30,0,,,
30,72,True,0.497767,0.4978,none,,,False,,30,0,,,
30,25,True,0.438681,0.4387,none,,,False,,30,0,,,
30,13,True,0.331622,0.3316,none,,,False,,30,0,,,
30,49,True,0.225101,0.2251,none,,,False,,30,0,,,
30,22,True,0.707094,0.7071,none,,,False,,30,0,,,
30,24,True,0.509284,0.5093,none,,,False,,30,0,,,
30,99,True,1.159905,1.1599,none,,,False,,30,0,,,
30,42,True,0.755391,0.7554,none,,,False,,30,0,,,
30,64,True,0.50695,0.507,none,,,False,,30,0,,,
30,95,True,0.696719,0.6967,none,,,False,,30,0,,,
30,80,True,0.926923,0.9269,none,,,False,,30,0,,,
30,5,True,0.316118,0.3161,none,,,False,,30,0,,,
30,55,True,0.432374,0.4324,none,,,False,,30,0,,,
30,76,True,1.118391,1.1184,none,,,False,,30,0,,,
30,74,True,0.510886,0.5109,none,,,False,,30,0,,,
30,26,True,0.619497,0.6195,none,,,False,,30,0,,,
30,53,True,0.719172,0.7192,none,,,False,,30,0,,,
30,54,True,0.336665,0.3367,none,,,False,,30,0,,,
30,48,True,0.309733,0.3097,none,,,False,,30,0,,,
30,37,True,0.621103,0.6211,none,,,False,,30,0,,,
30,51,True,0.458224,0.4582,none,,,False,,30,0,,,
30,35,True,0.571688,0.5717,none,,,False,,30,0,,,
30,66,True,0.44077,0.4408,none,,,False,,30,0,,,
30,14,True,0.337596,0.3376,none,,,False,,30,0,,,
30,38,True,0.222676,0.2227,none,,,False,,30,0,,,
30,59,True,0.321635,0.3216,none,,,False,,30,0,,,
30,45,True,0.572587,0.5726,none,,,False,,30,0,,,
30,93,True,0.190441,0.1904,none,,,False,,30,0,,,
30,75,True,0.589489,0.5895,none,,,False,,30,0,,,
30,84,True,0.450678,0.4507,none,,,False,,30,0,,,
30,87,True,0.71475,0.7148,none,,,False,,30,0,,,
30,60,True,0.380469,0.3805,none,,,False,,30,0,,,
30,50,True,0.589076,0.5891,none,,,False,,30,0,,,
30,29,True,0.576222,0.5762,none,,,False,,30,0,,,
30,32,True,0.755711,0.7557,none,,,False,,30,0,,,
30,94,True,1.403616,1.4036,none,,,False,,30,0,,,
30,21,True,0.504878,0.5049,none,,,False,,30,0,,,
30,68,True,0.938003,0.938,none,,,False,,30,0,,,
30,82,True,0.238092,0.2381,none,,,False,,30,0,,,
30,86,True,0.627241,0.6272,none,,,False,,30,0,,,
30,81,True,0.587424,0.5874,none,,,False,,30,0,,,
30,0,True,0.85695,0.857,none,,,False,,30,0,,,
31,22,True,1.036256,1.0363,none,,,False,,31,0,,,
31,45,True,0.389625,0.3896,none,,,False,,31,0,,,
31,14,True,0.539331,0.5393,none,,,False,,31,0,,,
31,28,True,1.274062,1.2741,none,,,False,,31,0,,,
31,80,True,0.738357,0.7384,none,,,False,,31,0,,,
31,92,True,0.376576,0.3766,none,,,False,,31,0,,,
31,54,True,0.232198,0.2322,none,,,False,,31,0,,,
31,7,True,0.375551,0.3756,none,,,False,,31,0,,,
31,12,True,0.518083,0.5181,none,,,False,,31,0,,,
31,9,True,1.059907,1.0599,none,,,False,,31,0,,,
31,90,True,0.366453,0.3665,none,,,False,,31,0,,,
31,79,True,0.394518,0.3945,none,,,False,,31,0,,,
31,29,True,0.305398,0.3054,none,,,False,,31,0,,,
31,5,True,0.351588,0.3516,none,,,False,,31,0,,,
31,98,True,0.179535,0.1795,none,,,False,,31,0,,,
31,20,True,0.46512,0.4651,none,,,False,,31,0,,,
31,42,True,0.475162,0.4752,none,,,False,,31,0,,,
31,97,True,0.923356,0.9234,none,,,False,,31,0,,,
31,61,True,0.457059,0.4571,none,,,False,,31,0,,,
31,0,True,0.824959,0.825,none,,,False,,31,0,,,
31,73,True,0.343443,0.3434,none,,,False,,31,0,,,
31,48,True,0.260783,0.2608,none,,,False,,31,0,,,
31,71,True,0.36088,0.3609,none,,,False,,31,0,,,
31,60,True,0.350777,0.3508,none,,,False,,31,0,,,
31,59,True,0.49607,0.4961,none,,,False,,31,0,,,
31,15,True,1.087595,1.0876,none,,,False,,31,0,,,
31,43,True,0.947388,0.9474,none,,,False,,31,0,,,
31,26,True,0.741749,0.7417,none,,,False,,31,0,,,
31,99,True,0.733142,0.7331,none,,,False,,31,0,,,
31,21,True,0.477213,0.4772,none,,,False,,31,0,,,
31,84,True,0.297845,0.2978,none,,,False,,31,0,,,
31,30,True,0.293614,0.2936,none,,,False,,31,0,,,
31,76,True,1.190732,1.1907,none,,,False,,31,0,,,
31,2,True,0.796924,0.7969,none,,,False,,31,0,,,
31,56,True,0.903922,0.9039,none,,,False,,31,0,,,
31,33,True,0.653445,0.6534,none,,,False,,31,0,,,
31,87,True,0.511256,0.5113,none,,,False,,31,0,,,
31,25,True,0.559611,0.5596,none,,,False,,31,0,,,
31,38,True,0.421649,0.4216,none,,,False,,31,0,,,
31,94,True,0.971709,0.9717,none,,,False,,31,0,,,
31,96,True,0.393326,0.3933,none,,,False,,31,0,,,
31,41,True,0.53108,0.5311,none,,,False,,31,0,,,
31,47,True,0.233631,0.2336,none,,,False,,31,0,,,
31,49,True,0.438808,0.4388,none,,,False,,31,0,,,
31,10,True,0.506695,0.5067,none,,,False,,31,0,,,
31,53,True,0.54018,0.5402,none,,,False,,31,0,,,
31,35,True,0.412,0.412,none,,,False,,31,0,,,
31,64,True,0.364902,0.3649,none,,,False,,31,0,,,
31,11,True,0.608397,0.6084,none,,,False,,31,0,,,
31,50,True,0.756339,0.7563,none,,,False,,31,0,,,
32,30,True,0.316317,0.3163,none,,,False,,32,0,,,
32,53,True,0.678663,0.6787,none,,,False,,32,0,,,
32,93,True,0.284449,0.2844,none,,,False,,32,0,,,
32,36,True,0.378925,0.3789,none,,,False,,32,0,,,
32,86,True,0.689651,0.6897,none,,,False,,32,0,,,
32,78,True,0.737795,0.7378,none,,,False,,32,0,,,
32,96,True,0.534561,0.5346,none,,,False,,32,0,,,
32,70,True,0.414602,0.4146,none,,,False,,32,0,,,
32,41,True,0.242744,0.2427,none,,,False,,32,0,,,
32,64,True,0.454556,0.4546,none,,,False,,32,0,,,
32,25,True,0.478164,0.4782,none,,,False,,32,0,,,
32,28,True,1.096048,1.096,none,,,False,,32,0,,,
32,69,True,0.739153,0.7392,none,,,False,,32,0,,,
32,39,True,0.972102,0.9721,none,,,False,,32,0,,,
32,59,True,0.311052,0.3111,none,,,False,,32,0,,,
32,49,True,0.32199,0.322,none,,,False,,32,0,,,
32,43,True,0.545208,0.5452,none,,,False,,32,0,,,
32,6,True,0.478896,0.4789,none,,,False,,32,0,,,
32,11,True,0.342087,0.3421,none,,,False,,32,0,,,
32,97,True,0.801832,0.8018,none,,,False,,32,0,,,
32,68,True,0.610443,0.6104,none,,,False,,32,0,,,
32,15,True,0.94843,0.9484,none,,,False,,32,0,,,
32,48,True,0.244125,0.2441,none,,,False,,32,0,,,
32,76,True,0.885315,0.8853,none,,,False,,32,0,,,
32,98,True,0.211484,0.2115,none,,,False,,32,0,,,
32,35,True,0.557876,0.5579,none,,,False,,32,0,,,
32,89,True,0.465717,0.4657,none,,,False,,32,0,,,
32,84,True,0.496267,0.4963,none,,,False,,32,0,,,
32,60,True,0.365326,0.3653,none,,,False,,32,0,,,
32,24,True,0.533374,0.5334,none,,,False,,32,0,,,
32,57,True,0.483525,0.4835,none,,,False,,32,0,,,
32,77,True,0.25601,0.256,none,,,False,,32,0,,,
32,10,True,0.612053,0.6121,none,,,False,,32,0,,,
32,23,True,0.500021,0.5,none,,,False,,32,0,,,
32,29,True,0.371786,0.3718,none,,,False,,32,0,,,
32,17,True,0.711217,0.7112,none,,,False,,32,0,,,
32,90,True,0.347988,0.348,none,,,False,,32,0,,,
32,45,True,0.339815,0.3398,none,,,False,,32,0,,,
32,91,True,0.720979,0.721,none,,,False,,32,0,,,
32,14,True,0.307322,0.3073,none,,,False,,32,0,,,
32,7,True,0.442864,0.4429,none,,,False,,32,0,,,
32,40,True,1.124461,1.1245,none,,,False,,32,0,,,
32,55,True,0.502166,0.5022,none,,,False,,32,0,,,
32,8,True,0.408627,0.4086,none,,,False,,32,0,,,
32,19,True,0.554683,0.5547,none,,,False,,32,0,,,
32,88,True,1.007744,1.0077,none,,,False,,32,0,,,
32,58,True,0.435637,0.4356,none,,,False,,32,0,,,
32,34,True,0.724097,0.7241,none,,,False,,32,0,,,
32,85,True,0.100048,0.1,none,,,False,,32,0,,,
32,32,True,0.729417,0.7294,none,,,False,,32,0,,,
33,15,True,0.687006,0.687,none,,,False,,33,0,,,
33,47,True,0.263229,0.2632,none,,,False,,33,0,,,
33,2,True,0.623736,0.6237,none,,,False,,33,0,,,
33,90,True,0.335555,0.3356,none,,,False,,33,0,,,
33,38,True,0.255178,0.2552,none,,,False,,33,0,,,
33,94,True,1.248841,1.2488,none,,,False,,33,0,,,
33,77,True,0.296957,0.297,none,,,False,,33,0,,,
33,71,True,0.426063,0.4261,none,,,False,,33,0,,,
33,29,True,0.32748,0.3275,none,,,False,,33,0,,,
33,35,True,0.598041,0.598,none,,,False,,33,0,,,
33,61,True,0.583093,0.5831,none,,,False,,33,0,,,
33,81,True,0.504098,0.5041,none,,,False,,33,0,,,
33,30,True,0.314618,0.3146,none,,,False,,33,0,,,
33,46,True,0.522059,0.5221,none,,,False,,33,0,,,
33,95,True,0.578804,0.5788,none,,,False,,33,0,,,
33,44,True,0.536093,0.5361,none,,,False,,33,0,,,
33,3,True,0.736608,0.7366,none,,,False,,33,0,,,
33,12,True,0.369023,0.369,none,,,False,,33,0,,,
33,75,True,0.614104,0.6141,none,,,False,,33,0,,,
33,13,True,0.416422,0.4164,none,,,False,,33,0,,,
33,89,True,0.30165,0.3016,none,,,False,,33,0,,,
33,33,True,0.498465,0.4985,none,,,False,,33,0,,,
33,64,True,0.395616,0.3956,none,,,False,,33,0,,,
33,74,True,0.42108,0.4211,none,,,False,,33,0,,,
33,0,True,0.610199,0.6102,none,,,False,,33,0,,,
33,72,True,0.389772,0.3898,none,,,False,,33,0,,,
33,99,True,1.217526,1.2175,none,,,False,,33,0,,,
33,70,True,0.606017,0.606,none,,,False,,33,0,,,
33,86,True,0.60039,0.6004,none,,,False,,33,0,,,
33,26,True,0.51545,0.5155,none,,,False,,33,0,,,
33,57,True,0.588767,0.5888,none,,,False,,33,0,,,
33,28,True,1.17794,1.1779,none,,,False,,33,0,,,
33,14,True,0.450516,0.4505,none,,,False,,33,0,,,
33,43,True,0.64861,0.6486,none,,,False,,33,0,,,
33,42,True,0.357203,0.3572,none,,,False,,33,0,,,
33,62,True,0.427142,0.4271,none,,,False,,33,0,,,
33,68,True,0.68308,0.6831,none,,,False,,33,0,,,
33,32,True,0.55066,0.5507,none,,,False,,33,0,,,
33,82,True,0.223419,0.2234,none,,,False,,33,0,,,
33,56,True,0.658061,0.6581,none,,,False,,33,0,,,
33,40,True,0.844313,0.8443,none,,,False,,33,0,,,
33,9,True,0.837469,0.8375,none,,,False,,33,0,,,
33,83,True,0.527104,0.5271,none,,,False,,33,0,,,
33,59,True,0.482676,0.4827,none,,,False,,33,0,,,
33,18,True,0.897065,0.8971,none,,,False,,33,0,,,
33,58,True,0.446511,0.4465,none,,,False,,33,0,,,
33,55,True,0.293821,0.2938,none,,,False,,33,0,,,
33,66,True,0.417308,0.4173,none,,,False,,33,0,,,
33,98,True,0.218855,0.2189,none,,,False,,33,0,,,
33,93,True,0.167652,0.1677,none,,,False,,33,0,,,
34,36,True,0.292126,0.2921,none,,,False,,34,0,,,
34,88,True,1.159783,1.1598,none,,,False,,34,0,,,
34,90,True,0.491863,0.4919,none,,,False,,34,0,,,
34,13,True,0.372628,0.3726,none,,,False,,34,0,,,
34,27,True,0.514718,0.5147,none,,,False,,34,0,,,
34,11,True,0.542803,0.5428,none,,,False,,34,0,,,
34,85,True,0.096895,0.0969,none,,,False,,34,0,,,
34,92,True,0.378156,0.3782,none,,,False,,34,0,,,
34,9,True,0.811113,0.8111,none,,,False,,34,0,,,
34,6,True,0.374339,0.3743,none,,,False,,34,0,,,
34,16,True,0.79324,0.7932,none,,,False,,34,0,,,
34,75,True,0.665467,0.6655,none,,,False,,34,0,,,
34,65,True,0.232533,0.2325,none,,,False,,34,0,,,
34,93,True,0.201059,0.2011,none,,,False,,34,0,,,
34,25,True,0.527372,0.5274,none,,,False,,34,0,,,
34,30,True,0.297173,0.2972,none,,,False,,34,0,,,
34,70,True,0.470298,0.4703,none,,,False,,34,0,,,
34,4,True,0.361601,0.3616,none,,,False,,34,0,,,
34,74,True,0.45907,0.4591,none,,,False,,34,0,,,
34,62,True,0.337356,0.3374,none,,,False,,34,0,,,
34,14,True,0.382509,0.3825,none,,,False,,34,0,,,
34,33,True,0.594642,0.5946,none,,,False,,34,0,,,
34,86,True,0.551935,0.5519,none,,,False,,34,0,,,
34,71,True,0.325025,0.325,none,,,False,,34,0,,,
34,22,True,0.948804,0.9488,none,,,False,,34,0,,,
34,42,True,0.610753,0.6108,none,,,False,,34,0,,,
34,38,True,0.342923,0.3429,none,,,False,,34,0,,,
34,46,True,0.519371,0.5194,none,,,False,,34,0,,,
34,20,True,0.466448,0.4664,none,,,False,,34,0,,,
34,66,True,0.399721,0.3997,none,,,False,,34,0,,,
34,18,True,0.793191,0.7932,none,,,False,,34,0,,,
34,47,True,0.209583,0.2096,none,,,False,,34,0,,,
34,1,True,0.443376,0.4434,none,,,False,,34,0,,,
34,40,True,0.974627,0.9746,none,,,False,,34,0,,,
34,76,True,0.957231,0.9572,none,,,False,,34,0,,,
34,63,True,0.346104,0.3461,none,,,False,,34,0,,,
34,98,True,0.162058,0.1621,none,,,False,,34,0,,,
34,56,True,0.862424,0.8624,none,,,False,,34,0,,,
34,54,True,0.315306,0.3153,none,,,False,,34,0,,,
34,3,True,0.690032,0.69,none,,,False,,34,0,,,
34,79,True,0.311878,0.3119,none,,,False,,34,0,,,
34,57,True,0.555239,0.5552,none,,,False,,34,0,,,
34,10,True,0.467986,0.468,none,,,False,,34,0,,,
34,44,True,0.51055,0.5105,none,,,False,,34,0,,,
34,58,True,0.342626,0.3426,none,,,False,,34,0,,,
34,78,True,0.689803,0.6898,none,,,False,,34,0,,,
34,55,True,0.379001,0.379,none,,,False,,34,0,,,
34,69,True,0.843969,0.844,none,,,False,,34,0,,,
34,59,True,0.40653,0.4065,none,,,False,,34,0,,,
34,84,True,0.261598,0.2616,none,,,False,,34,0,,,
35,6,True,0.240899,0.2409,none,,,False,,35,0,,,
35,84,True,0.336976,0.337,none,,,False,,35,0,,,
35,40,True,0.771066,0.7711,none,,,False,,35,0,,,
35,62,True,0.321155,0.3212,none,,,False,,35,0,,,
35,31,True,0.865998,0.866,none,,,False,,35,0,,,
35,15,True,1.082801,1.0828,none,,,False,,35,0,,,
35,14,True,0.376056,0.3761,none,,,False,,35,0,,,
35,61,True,0.352768,0.3528,none,,,False,,35,0,,,
35,21,True,0.530059,0.5301,none,,,False,,35,0,,,
35,58,True,0.348705,0.3487,none,,,False,,35,0,,,
35,0,True,0.842512,0.8425,none,,,False,,35,0,,,
35,66,True,0.542945,0.5429,none,,,False,,35,0,,,
35,1,True,0.372635,0.3726,none,,,False,,35,0,,,
35,57,True,0.679307,0.6793,none,,,False,,35,0,,,
35,83,True,0.555756,0.5558,none,,,False,,35,0,,,
35,93,True,0.23859,0.2386,none,,,False,,35,0,,,
35,60,True,0.289642,0.2896,none,,,False,,35,0,,,
35,41,True,0.314943,0.3149,none,,,False,,35,0,,,
35,27,True,0.320426,0.3204,none,,,False,,35,0,,,
35,22,True,0.407469,0.4075,none,,,False,,35,0,,,
35,64,True,0.599734,0.5997,none,,,False,,35,0,,,
35,79,True,0.364211,0.3642,none,,,False,,35,0,,,
35,35,True,0.707813,0.7078,none,,,False,,35,0,,,
35,36,True,0.44367,0.4437,none,,,False,,35,0,,,
35,51,True,0.605553,0.6056,none,,,False,,35,0,,,
35,25,True,0.471015,0.471,none,,,False,,35,0,,,
35,73,True,0.31888,0.3189,none,,,False,,35,0,,,
35,4,True,0.36874,0.3687,none,,,False,,35,0,,,
35,29,True,0.537809,0.5378,none,,,False,,35,0,,,
35,20,True,0.461807,0.4618,none,,,False,,35,0,,,
35,92,True,0.417773,0.4178,none,,,False,,35,0,,,
35,97,True,0.969524,0.9695,none,,,False,,35,0,,,
35,32,True,0.889811,0.8898,none,,,False,,35,0,,,
35,43,True,0.62343,0.6234,none,,,False,,35,0,,,
35,68,True,0.797568,0.7976,none,,,False,,35,0,,,
35,63,True,0.442915,0.4429,none,,,False,,35,0,,,
35,23,True,0.554153,0.5542,none,,,False,,35,0,,,
35,65,True,0.388859,0.3889,none,,,False,,35,0,,,
35,75,True,0.142995,0.143,none,,,False,,35,0,,,
35,87,True,0.487757,0.4878,none,,,False,,35,0,,,
35,50,True,0.513571,0.5136,none,,,False,,35,0,,,
35,11,True,0.29515,0.2952,none,,,False,,35,0,,,
35,42,True,0.588923,0.5889,none,,,False,,35,0,,,
35,70,True,0.519671,0.5197,none,,,False,,35,0,,,
35,76,True,1.182911,1.1829,none,,,False,,35,0,,,
35,34,True,0.592829,0.5928,none,,,False,,35,0,,,
35,46,True,0.676942,0.6769,none,,,False,,35,0,,,
35,71,True,0.464655,0.4647,none,,,False,,35,0,,,
35,30,True,0.406211,0.4062,none,,,False,,35,0,,,
35,16,True,0.640149,0.6401,none,,,False,,35,0,,,
36,77,True,0.320768,0.3208,none,,,False,,36,0,,,
36,43,True,0.385339,0.3853,none,,,False,,36,0,,,
36,95,True,0.79308,0.7931,none,,,False,,36,0,,,
36,23,True,0.394531,0.3945,none,,,False,,36,0,,,
36,85,True,0.097266,0.0973,none,,,False,,36,0,,,
36,90,True,0.104701,0.1047,none,,,False,,36,0,,,
36,36,True,0.341947,0.3419,none,,,False,,36,0,,,
36,47,True,0.231674,0.2317,none,,,False,,36,0,,,
36,91,True,0.83666,0.8367,none,,,False,,36,0,,,
36,39,True,0.971877,0.9719,none,,,False,,36,0,,,
36,33,True,0.342454,0.3425,none,,,False,,36,0,,,
36,38,True,0.403022,0.403,none,,,False,,36,0,,,
36,81,True,0.665378,0.6654,none,,,False,,36,0,,,
36,99,True,1.327288,1.3273,none,,,False,,36,0,,,
36,28,True,1.095989,1.096,none,,,False,,36,0,,,
36,12,True,0.313619,0.3136,none,,,False,,36,0,,,
36,7,True,0.306827,0.3068,none,,,False,,36,0,,,
36,60,True,0.407765,0.4078,none,,,False,,36,0,,,
36,97,True,0.556344,0.5563,none,,,False,,36,0,,,
36,57,True,0.636527,0.6365,none,,,False,,36,0,,,
36,6,True,0.557578,0.5576,none,,,False,,36,0,,,
36,24,True,0.569993,0.57,none,,,False,,36,0,,,
36,92,True,0.312603,0.3126,none,,,False,,36,0,,,
36,2,True,0.553401,0.5534,none,,,False,,36,0,,,
36,51,True,0.705074,0.7051,none,,,False,,36,0,,,
36,58,True,0.471463,0.4715,none,,,False,,36,0,,,
36,25,True,0.663824,0.6638,none,,,False,,36,0,,,
36,14,True,0.356906,0.3569,none,,,False,,36,0,,,
36,93,True,0.265943,0.2659,none,,,False,,36,0,,,
36,35,True,0.279743,0.2797,none,,,False,,36,0,,,
36,0,True,0.533152,0.5332,none,,,False,,36,0,,,
36,69,True,0.669926,0.6699,none,,,False,,36,0,,,
36,49,True,0.360228,0.3602,none,,,False,,36,0,,,
36,94,True,1.259541,1.2595,none,,,False,,36,0,,,
36,86,True,0.743773,0.7438,none,,,False,,36,0,,,
36,61,True,0.713301,0.7133,none,,,False,,36,0,,,
36,15,True,0.782082,0.7821,none,,,False,,36,0,,,
36,63,True,0.405794,0.4058,none,,,False,,36,0,,,
36,89,True,0.439281,0.4393,none,,,False,,36,0,,,
36,44,True,0.445169,0.4452,none,,,False,,36,0,,,
36,70,True,0.391211,0.3912,none,,,False,,36,0,,,
36,34,True,0.565241,0.5652,none,,,False,,36,0,,,
36,50,True,0.623175,0.6232,none,,,False,,36,0,,,
36,71,True,0.324831,0.3248,none,,,False,,36,0,,,
36,64,True,0.552376,0.5524,none,,,False,,36,0,,,
36,88,True,0.90904,0.909,none,,,False,,36,0,,,
36,46,True,0.428145,0.4281,none,,,False,,36,0,,,
36,62,True,0.39461,0.3946,none,,,False,,36,0,,,
36,9,True,0.857367,0.8574,none,,,False,,36,0,,,
36,22,True,0.725187,0.7252,none,,,False,,36,0,,,
37,5,True,0.292879,0.2929,none,,,False,,37,0,,,
37,43,True,0.685567,0.6856,none,,,False,,37,0,,,
37,65,True,0.322295,0.3223,none,,,False,,37,0,,,
37,48,True,0.239056,0.2391,none,,,False,,37,0,,,
37,38,True,0.251863,0.2519,none,,,False,,37,0,,,
37,56,True,0.534089,0.5341,none,,,False,,37,0,,,
37,30,True,0.341042,0.341,none,,,False,,37,0,,,
37,17,True,0.634908,0.6349,none,,,False,,37,0,,,
37,27,True,0.334453,0.3345,none,,,False,,37,0,,,
37,99,True,0.962094,0.9621,none,,,False,,37,0,,,
37,82,True,0.325851,0.3259,none,,,False,,37,0,,,
37,36,True,0.344312,0.3443,none,,,False,,37,0,,,
37,55,True,0.3638,0.3638,none,,,False,,37,0,,,
37,29,True,0.380921,0.3809,none,,,False,,37,0,,,
37,96,True,0.626689,0.6267,none,,,False,,37,0,,,
37,78,True,0.604884,0.6049,none,,,False,,37,0,,,
37,83,True,0.4843,0.4843,none,,,False,,37,0,,,
37,23,True,0.51636,0.5164,none,,,False,,37,0,,,
37,86,True,0.542542,0.5425,none,,,False,,37,0,,,
37,76,True,1.134935,1.1349,none,,,False,,37,0,,,
37,45,True,0.396285,0.3963,none,,,False,,37,0,,,
37,0,True,0.792212,0.7922,none,,,False,,37,0,,,
37,37,True,0.45536,0.4554,none,,,False,,37,0,,,
37,3,True,0.654463,0.6545,none,,,False,,37,0,,,
37,84,True,0.109342,0.1093,none,,,False,,37,0,,,
37,19,True,0.487306,0.4873,none,,,False,,37,0,,,
37,71,True,0.419323,0.4193,none,,,False,,37,0,,,
37,4,True,0.350784,0.3508,none,,,False,,37,0,,,
37,88,True,0.861878,0.8619,none,,,False,,37,0,,,
37,44,True,0.58237,0.5824,none,,,False,,37,0,,,
37,89,True,0.336236,0.3362,none,,,False,,37,0,,,
37,61,True,0.450333,0.4503,none,,,False,,37,0,,,
37,92,True,0.360238,0.3602,none,,,False,,37,0,,,
37,7,True,0.395362,0.3954,none,,,False,,37,0,,,
37,8,True,0.342032,0.342,none,,,False,,37,0,,,
37,21,True,0.458394,0.4584,none,,,False,,37,0,,,
37,13,True,0.356431,0.3564,none,,,False,,37,0,,,
37,90,True,0.091255,0.0913,none,,,False,,37,0,,,
37,94,True,1.26849,1.2685,none,,,False,,37,0,,,
37,20,True,0.553363,0.5534,none,,,False,,37,0,,,
37,66,True,0.429476,0.4295,none,,,False,,37,0,,,
37,77,True,0.26191,0.2619,none,,,False,,37,0,,,
37,6,True,0.420102,0.4201,none,,,False,,37,0,,,
37,39,True,0.95717,0.9572,none,,,False,,37,0,,,
37,63,True,0.430933,0.4309,none,,,False,,37,0,,,
37,46,True,0.531379,0.5314,none,,,False,,37,0,,,
37,62,True,0.255106,0.2551,none,,,False,,37,0,,,
37,35,True,0.519828,0.5198,none,,,False,,37,0,,,
37,32,True,0.769013,0.769,none,,,False,,37,0,,,
37,98,True,-0.163416,-0.1634,none,,,False,,37,0,,,
38,92,True,0.404397,0.4044,none,,,False,,38,0,,,
38,87,True,0.612915,0.6129,none,,,False,,38,0,,,
38,51,True,0.708641,0.7086,none,,,False,,38,0,,,
38,12,True,0.469356,0.4694,none,,,False,,38,0,,,
38,39,True,0.761631,0.7616,none,,,False,,38,0,,,
38,32,True,0.611714,0.6117,none,,,False,,38,0,,,
38,59,True,0.313119,0.3131,none,,,False,,38,0,,,
38,93,True,0.231957,0.232,none,,,False,,38,0,,,
38,83,True,0.408664,0.4087,none,,,False,,38,0,,,
38,90,True,0.410776,0.4108,none,,,False,,38,0,,,
38,4,True,0.381389,0.3814,none,,,False,,38,0,,,
38,73,True,0.362688,0.3627,none,,,False,,38,0,,,
38,50,True,0.528899,0.5289,none,,,False,,38,0,,,
38,72,True,0.46035,0.4603,none,,,False,,38,0,,,
38,36,True,0.31739,0.3174,none,,,False,,38,0,,,
38,43,True,0.899392,0.8994,none,,,False,,38,0,,,
38,1,True,0.40049,0.4005,none,,,False,,38,0,,,
38,18,True,0.886904,0.8869,none,,,False,,38,0,,,
38,53,True,0.219159,0.2192,none,,,False,,38,0,,,
38,48,True,0.217925,0.2179,none,,,False,,38,0,,,
38,71,True,0.24014,0.2401,none,,,False,,38,0,,,
38,38,True,0.345138,0.3451,none,,,False,,38,0,,,
38,97,True,0.893252,0.8933,none,,,False,,38,0,,,
38,15,True,0.96951,0.9695,none,,,False,,38,0,,,
38,69,True,0.880483,0.8805,none,,,False,,38,0,,,
38,58,True,0.494579,0.4946,none,,,False,,38,0,,,
38,99,True,1.094143,1.0941,none,,,False,,38,0,,,
38,84,True,0.422998,0.423,none,,,False,,38,0,,,
38,68,True,0.742981,0.743,none,,,False,,38,0,,,
38,23,True,0.751878,0.7519,none,,,False,,38,0,,,
38,22,True,1.174932,1.1749,none,,,False,,38,0,,,
38,10,True,0.542162,0.5422,none,,,False,,38,0,,,
38,35,True,0.472079,0.4721,none,,,False,,38,0,,,
38,63,True,0.329605,0.3296,none,,,False,,38,0,,,
38,8,True,0.361522,0.3615,none,,,False,,38,0,,,
38,21,True,0.426095,0.4261,none,,,False,,38,0,,,
38,7,True,0.433445,0.4334,none,,,False,,38,0,,,
38,40,True,1.041023,1.041,none,,,False,,38,0,,,
38,13,True,0.33769,0.3377,none,,,False,,38,0,,,
38,31,True,1.023744,1.0237,none,,,False,,38,0,,,
38,88,True,1.291488,1.2915,none,,,False,,38,0,,,
38,94,True,0.858192,0.8582,none,,,False,,38,0,,,
38,9,True,1.239111,1.2391,none,,,False,,38,0,,,
38,98,True,0.149852,0.1499,none,,,False,,38,0,,,
38,29,True,0.294563,0.2946,none,,,False,,38,0,,,
38,46,True,0.614053,0.6141,none,,,False,,38,0,,,
38,86,True,0.583181,0.5832,none,,,False,,38,0,,,
38,34,True,0.683783,0.6838,none,,,False,,38,0,,,
38,96,True,0.359032,0.359,none,,,False,,38,0,,,
38,64,True,0.304724,0.3047,none,,,False,,38,0,,,
39,40,True,1.028597,1.0286,none,,,False,,39,0,,,
39,86,True,0.680908,0.6809,none,,,False,,39,0,,,
39,52,True,0.47187,0.4719,none,,,False,,39,0,,,
39,67,True,0.56131,0.5613,none,,,False,,39,0,,,
39,50,True,0.554278,0.5543,none,,,False,,39,0,,,
39,69,True,0.67871,0.6787,none,,,False,,39,0,,,
39,75,True,0.365428,0.3654,none,,,False,,39,0,,,
39,93,True,0.275526,0.2755,none,,,False,,39,0,,,
39,96,True,0.385048,0.385,none,,,False,,39,0,,,
39,25,True,0.619355,0.6194,none,,,False,,39,0,,,
39,84,True,0.201257,0.2013,none,,,False,,39,0,,,
39,68,True,0.600444,0.6004,none,,,False,,39,0,,,
39,83,True,0.475565,0.4756,none,,,False,,39,0,,,
39,98,True,0.054156,0.0542,none,,,False,,39,0,,,
39,55,True,0.361779,0.3618,none,,,False,,39,0,,,
39,51,True,0.59202,0.592,none,,,False,,39,0,,,
39,6,True,0.501394,0.5014,none,,,False,,39,0,,,
39,99,True,1.086767,1.0868,none,,,False,,39,0,,,
39,42,True,0.4616,0.4616,none,,,False,,39,0,,,
39,59,True,0.45528,0.4553,none,,,False,,39,0,,,
39,4,True,0.403808,0.4038,none,,,False,,39,0,,,
39,72,True,0.271839,0.2718,none,,,False,,39,0,,,
39,82,True,0.341371,0.3414,none,,,False,,39,0,,,
39,58,True,0.456257,0.4563,none,,,False,,39,0,,,
39,20,True,0.558562,0.5586,none,,,False,,39,0,,,
39,57,True,0.281572,0.2816,none,,,False,,39,0,,,
39,19,True,0.606974,0.607,none,,,False,,39,0,,,
39,24,True,0.508097,0.5081,none,,,False,,39,0,,,
39,80,True,1.037499,1.0375,none,,,False,,39,0,,,
39,3,True,0.638883,0.6389,none,,,False,,39,0,,,
39,76,True,0.879004,0.879,none,,,False,,39,0,,,
39,36,True,0.306282,0.3063,none,,,False,,39,0,,,
39,9,True,0.83049,0.8305,none,,,False,,39,0,,,
39,7,True,0.45219,0.4522,none,,,False,,39,0,,,
39,88,True,0.649179,0.6492,none,,,False,,39,0,,,
39,13,True,0.363272,0.3633,none,,,False,,39,0,,,
39,89,True,0.458658,0.4587,none,,,False,,39,0,,,
39,53,True,0.647512,0.6475,none,,,False,,39,0,,,
39,31,True,0.774004,0.774,none,,,False,,39,0,,,
39,12,True,0.481429,0.4814,none,,,False,,39,0,,,
39,26,True,0.646528,0.6465,none,,,False,,39,0,,,
39,92,True,0.332022,0.332,none,,,False,,39,0,,,
39,95,True,0.750085,0.7501,none,,,False,,39,0,,,
39,28,True,1.255881,1.2559,none,,,False,,39,0,,,
39,8,True,0.34697,0.347,none,,,False,,39,0,,,
39,87,True,0.552972,0.553,none,,,False,,39,0,,,
39,22,True,0.741476,0.7415,none,,,False,,39,0,,,
39,91,True,0.863139,0.8631,none,,,False,,39,0,,,
39,49,True,0.322069,0.3221,none,,,False,,39,0,,,
39,37,True,0.359723,0.3597,none,,,False,,39,0,,,
40,9,True,0.740307,0.7403,none,,,False,,40,0,,,
40,91,True,0.705223,0.7052,none,,,False,,40,0,,,
40,11,True,0.407605,0.4076,none,,,False,,40,0,,,
40,97,True,0.883087,0.8831,none,,,False,,40,0,,,
40,43,True,0.777445,0.7774,none,,,False,,40,0,,,
40,34,True,0.656711,0.6567,none,,,False,,40,0,,,
40,26,True,0.81972,0.8197,none,,,False,,40,0,,,
40,80,True,0.922777,0.9228,none,,,False,,40,0,,,
40,53,True,0.585156,0.5852,none,,,False,,40,0,,,
40,63,True,0.325297,0.3253,none,,,False,,40,0,,,
40,45,True,0.541966,0.542,none,,,False,,40,0,,,
40,18,True,0.537502,0.5375,none,,,False,,40,0,,,
40,74,True,0.452245,0.4522,none,,,False,,40,0,,,
40,21,True,0.493747,0.4937,none,,,False,,40,0,,,
40,70,True,0.548765,0.5488,none,,,False,,40,0,,,
40,54,True,0.42249,0.4225,none,,,False,,40,0,,,
40,73,True,0.388592,0.3886,none,,,False,,40,0,,,
40,4,True,0.392945,0.3929,none,,,False,,40,0,,,
40,38,True,0.174856,0.1749,none,,,False,,40,0,,,
40,85,True,0.135222,0.1352,none,,,False,,40,0,,,
40,23,True,0.543543,0.5435,none,,,False,,40,0,,,
40,56,True,0.935447,0.9354,none,,,False,,40,0,,,
40,42,True,0.459644,0.4596,none,,,False,,40,0,,,
40,72,True,0.435956,0.436,none,,,False,,40,0,,,
40,58,True,0.539107,0.5391,none,,,False,,40,0,,,
40,51,True,0.546002,0.546,none,,,False,,40,0,,,
40,71,True,0.465473,0.4655,none,,,False,,40,0,,,
40,52,True,0.307395,0.3074,none,,,False,,40,0,,,
40,55,True,0.446938,0.4469,none,,,False,,40,0,,,
40,35,True,0.344815,0.3448,none,,,False,,40,0,,,
40,14,True,0.381542,0.3815,none,,,False,,40,0,,,
40,90,True,0.483246,0.4832,none,,,False,,40,0,,,
40,59,True,0.442076,0.4421,none,,,False,,40,0,,,
40,37,True,0.498355,0.4984,none,,,False,,40,0,,,
40,93,True,0.208328,0.2083,none,,,False,,40,0,,,
40,57,True,0.68453,0.6845,none,,,False,,40,0,,,
40,27,True,0.349932,0.3499,none,,,False,,40,0,,,
40,61,True,0.514858,0.5149,none,,,False,,40,0,,,
40,6,True,0.410963,0.411,none,,,False,,40,0,,,
40,10,True,0.495845,0.4958,none,,,False,,40,0,,,
40,31,True,0.913479,0.9135,none,,,False,,40,0,,,
40,84,True,0.368107,0.3681,none,,,False,,40,0,,,
40,88,True,1.122142,1.1221,none,,,False,,40,0,,,
40,40,True,0.993793,0.9938,none,,,False,,40,0,,,
40,19,True,0.416993,0.417,none,,,False,,40,0,,,
40,20,True,0.436775,0.4368,none,,,False,,40,0,,,
40,65,True,0.320127,0.3201,none,,,False,,40,0,,,
40,36,True,0.405192,0.4052,none,,,False,,40,0,,,
40,49,True,0.217283,0.2173,none,,,False,,40,0,,,
40,75,True,0.538375,0.5384,none,,,False,,40,0,,,
41,69,True,0.568706,0.5687,none,,,False,,41,0,,,
41,17,True,0.770381,0.7704,none,,,False,,41,0,,,
41,39,True,1.101652,1.1017,none,,,False,,41,0,,,
41,29,True,0.333943,0.3339,none,,,False,,41,0,,,
41,87,True,0.562705,0.5627,none,,,False,,41,0,,,
41,55,True,0.407105,0.4071,none,,,False,,41,0,,,
41,40,True,0.867502,0.8675,none,,,False,,41,0,,,
41,77,True,0.318173,0.3182,none,,,False,,41,0,,,
41,86,True,0.646082,0.6461,none,,,False,,41,0,,,
41,46,True,0.47499,0.475,none,,,False,,41,0,,,
41,52,True,0.440602,0.4406,none,,,False,,41,0,,,
41,93,True,0.17768,0.1777,none,,,False,,41,0,,,
41,66,True,0.462239,0.4622,none,,,False,,41,0,,,
41,92,True,0.399386,0.3994,none,,,False,,41,0,,,
41,23,True,0.441598,0.4416,none,,,False,,41,0,,,
41,3,True,0.620128,0.6201,none,,,False,,41,0,,,
41,22,True,0.636127,0.6361,none,,,False,,41,0,,,
41,51,True,0.694259,0.6943,none,,,False,,41,0,,,
41,31,True,0.742862,0.7429,none,,,False,,41,0,,,
41,11,True,0.308966,0.309,none,,,False,,41,0,,,
41,59,True,0.405973,0.406,none,,,False,,41,0,,,
41,18,True,0.718972,0.719,none,,,False,,41,0,,,
41,27,True,0.308665,0.3087,none,,,False,,41,0,,,
41,37,True,0.491268,0.4913,none,,,False,,41,0,,,
41,82,True,0.240979,0.241,none,,,False,,41,0,,,
41,68,True,0.723468,0.7235,none,,,False,,41,0,,,
41,8,True,0.312439,0.3124,none,,,False,,41,0,,,
41,32,True,0.762663,0.7627,none,,,False,,41,0,,,
41,57,True,0.239322,0.2393,none,,,False,,41,0,,,
41,33,True,0.462122,0.4621,none,,,False,,41,0,,,
41,71,True,0.372469,0.3725,none,,,False,,41,0,,,
41,84,True,0.257988,0.258,none,,,False,,41,0,,,
41,47,True,0.279072,0.2791,none,,,False,,41,0,,,
41,30,True,0.374163,0.3742,none,,,False,,41,0,,,
41,96,True,0.336176,0.3362,none,,,False,,41,0,,,
41,43,True,0.299029,0.299,none,,,False,,41,0,,,
41,4,True,0.335199,0.3352,none,,,False,,41,0,,,
41,78,True,0.744688,0.7447,none,,,False,,41,0,,,
41,15,True,0.896973,0.897,none,,,False,,41,0,,,
41,25,True,0.541151,0.5412,none,,,False,,41,0,,,
41,12,True,0.472376,0.4724,none,,,False,,41,0,,,
41,91,True,0.775369,0.7754,none,,,False,,41,0,,,
41,67,True,0.545047,0.545,none,,,False,,41,0,,,
41,44,True,0.470389,0.4704,none,,,False,,41,0,,,
41,99,True,1.210003,1.21,none,,,False,,41,0,,,
41,95,True,0.729154,0.7292,none,,,False,,41,0,,,
41,80,True,0.755332,0.7553,none,,,False,,41,0,,,
41,21,True,0.451273,0.4513,none,,,False,,41,0,,,
41,56,True,0.617014,0.617,none,,,False,,41,0,,,
41,76,True,0.942449,0.9424,none,,,False,,41,0,,,
42,32,True,0.620822,0.6208,none,,,False,,42,0,,,
42,67,True,0.498648,0.4986,none,,,False,,42,0,,,
42,6,True,0.423314,0.4233,none,,,False,,42,0,,,
42,29,True,0.333935,0.3339,none,,,False,,42,0,,,
42,7,True,0.464589,0.4646,none,,,False,,42,0,,,
42,57,True,0.555352,0.5554,none,,,False,,42,0,,,
42,0,True,0.642018,0.642,none,,,False,,42,0,,,
42,30,True,0.374634,0.3746,none,,,False,,42,0,,,
42,14,True,0.333043,0.333,none,,,False,,42,0,,,
42,56,True,0.925724,0.9257,none,,,False,,42,0,,,
42,79,True,0.342169,0.3422,none,,,False,,42,0,,,
42,26,True,0.681194,0.6812,none,,,False,,42,0,,,
42,39,True,0.837522,0.8375,none,,,False,,42,0,,,
42,37,True,0.42784,0.4278,none,,,False,,42,0,,,
42,68,True,0.659091,0.6591,none,,,False,,42,0,,,
42,9,True,0.962361,0.9624,none,,,False,,42,0,,,
42,13,True,0.281066,0.2811,none,,,False,,42,0,,,
42,94,True,0.951591,0.9516,none,,,False,,42,0,,,
42,91,True,0.738048,0.738,none,,,False,,42,0,,,
42,41,True,0.317305,0.3173,none,,,False,,42,0,,,
42,22,True,0.766398,0.7664,none,,,False,,42,0,,,
42,23,True,0.590402,0.5904,none,,,False,,42,0,,,
42,76,True,1.17783,1.1778,none,,,False,,42,0,,,
42,3,True,0.686536,0.6865,none,,,False,,42,0,,,
42,47,True,0.255939,0.2559,none,,,False,,42,0,,,
42,66,True,0.405774,0.4058,none,,,False,,42,0,,,
42,85,True,0.110452,0.1105,none,,,False,,42,0,,,
42,81,True,0.548022,0.548,none,,,False,,42,0,,,
42,98,True,0.173946,0.1739,none,,,False,,42,0,,,
42,77,True,0.255781,0.2558,none,,,False,,42,0,,,
42,31,True,0.837577,0.8376,none,,,False,,42,0,,,
42,51,True,0.508939,0.5089,none,,,False,,42,0,,,
42,59,True,0.260504,0.2605,none,,,False,,42,0,,,
42,61,True,0.528897,0.5289,none,,,False,,42,0,,,
42,69,True,0.640746,0.6407,none,,,False,,42,0,,,
42,19,True,0.580494,0.5805,none,,,False,,42,0,,,
42,50,True,0.386867,0.3869,none,,,False,,42,0,,,
42,89,True,0.448706,0.4487,none,,,False,,42,0,,,
42,64,True,0.450467,0.4505,none,,,False,,42,0,,,
42,62,True,0.304159,0.3042,none,,,False,,42,0,,,
42,73,True,0.38833,0.3883,none,,,False,,42,0,,,
42,28,True,1.035073,1.0351,none,,,False,,42,0,,,
42,45,True,0.491617,0.4916,none,,,False,,42,0,,,
42,74,True,0.53236,0.5324,none,,,False,,42,0,,,
42,12,True,0.209434,0.2094,none,,,False,,42,0,,,
42,36,True,0.349154,0.3492,none,,,False,,42,0,,,
42,80,True,0.922939,0.9229,none,,,False,,42,0,,,
42,84,True,0.396044,0.396,none,,,False,,42,0,,,
42,70,True,0.466473,0.4665,none,,,False,,42,0,,,
42,44,True,0.62643,0.6264,none,,,False,,42,0,,,
43,17,True,0.522743,0.5227,none,,,False,,43,0,,,
43,2,True,0.569829,0.5698,none,,,False,,43,0,,,
43,86,True,0.680515,0.6805,none,,,False,,43,0,,,
43,62,True,0.375607,0.3756,none,,,False,,43,0,,,
43,58,True,0.446274,0.4463,none,,,False,,43,0,,,
43,48,True,0.159391,0.1594,none,,,False,,43,0,,,
43,6,True,0.323076,0.3231,none,,,False,,43,0,,,
43,93,True,0.188788,0.1888,none,,,False,,43,0,,,
43,26,True,0.604735,0.6047,none,,,False,,43,0,,,
43,19,True,0.721341,0.7213,none,,,False,,43,0,,,
43,85,True,0.122584,0.1226,none,,,False,,43,0,,,
43,61,True,0.500697,0.5007,none,,,False,,43,0,,,
43,30,True,0.331543,0.3315,none,,,False,,43,0,,,
43,95,True,0.735772,0.7358,none,,,False,,43,0,,,
43,21,True,0.193337,0.1933,none,,,False,,43,0,,,
43,79,True,0.342617,0.3426,none,,,False,,43,0,,,
43,71,True,0.308924,0.3089,none,,,False,,43,0,,,
43,77,True,0.295629,0.2956,none,,,False,,43,0,,,
43,27,True,0.454984,0.455,none,,,False,,43,0,,,
43,98,True,0.103954,0.104,none,,,False,,43,0,,,
43,31,True,0.805314,0.8053,none,,,False,,43,0,,,
43,9,True,0.908871,0.9089,none,,,False,,43,0,,,
43,23,True,0.448772,0.4488,none,,,False,,43,0,,,
43,4,True,0.241877,0.2419,none,,,False,,43,0,,,
43,33,True,0.607454,0.6075,none,,,False,,43,0,,,
43,76,True,0.99132,0.9913,none,,,False,,43,0,,,
43,60,True,0.520621,0.5206,none,,,False,,43,0,,,
43,63,True,0.409633,0.4096,none,,,False,,43,0,,,
43,90,True,0.460751,0.4608,none,,,False,,43,0,,,
43,34,True,0.633508,0.6335,none,,,False,,43,0,,,
43,70,True,0.375136,0.3751,none,,,False,,43,0,,,
43,54,True,0.277002,0.277,none,,,False,,43,0,,,
43,5,True,0.386112,0.3861,none,,,False,,43,0,,,
43,16,True,0.967036,0.967,none,,,False,,43,0,,,
43,44,True,0.389206,0.3892,none,,,False,,43,0,,,
43,50,True,0.611247,0.6112,none,,,False,,43,0,,,
43,57,True,0.708009,0.708,none,,,False,,43,0,,,
43,28,True,1.169511,1.1695,none,,,False,,43,0,,,
43,73,True,0.325122,0.3251,none,,,False,,43,0,,,
43,35,True,0.404422,0.4044,none,,,False,,43,0,,,
43,47,True,0.227546,0.2275,none,,,False,,43,0,,,
43,18,True,0.603871,0.6039,none,,,False,,43,0,,,
43,72,True,0.496019,0.496,none,,,False,,43,0,,,
43,22,True,0.721462,0.7215,none,,,False,,43,0,,,
43,8,True,0.341991,0.342,none,,,False,,43,0,,,
43,66,True,0.277756,0.2778,none,,,False,,43,0,,,
43,0,True,0.59517,0.5952,none,,,False,,43,0,,,
43,51,True,0.783696,0.7837,none,,,False,,43,0,,,
43,96,True,0.522017,0.522,none,,,False,,43,0,,,
43,29,True,0.230097,0.2301,none,,,False,,43,0,,,
44,64,True,0.501533,0.5015,none,,,False,,44,0,,,
44,41,True,0.370418,0.3704,none,,,False,,44,0,,,
44,62,True,0.297333,0.2973,none,,,False,,44,0,,,
44,13,True,0.39335,0.3933,none,,,False,,44,0,,,
44,75,True,0.508449,0.5084,none,,,False,,44,0,,,
44,47,True,0.29944,0.2994,none,,,False,,44,0,,,
44,58,True,0.433375,0.4334,none,,,False,,44,0,,,
44,8,True,0.389498,0.3895,none,,,False,,44,0,,,
44,63,True,0.430643,0.4306,none,,,False,,44,0,,,
44,77,True,0.251517,0.2515,none,,,False,,44,0,,,
44,15,True,0.8888,0.8888,none,,,False,,44,0,,,
44,3,True,0.703286,0.7033,none,,,False,,44,0,,,
44,7,True,0.49371,0.4937,none,,,False,,44,0,,,
44,18,True,0.416765,0.4168,none,,,False,,44,0,,,
44,12,True,0.365194,0.3652,none,,,False,,44,0,,,
44,79,True,0.245543,0.2455,none,,,False,,44,0,,,
44,14,True,0.38095,0.381,none,,,False,,44,0,,,
44,42,True,0.676741,0.6767,none,,,False,,44,0,,,
44,76,True,1.036188,1.0362,none,,,False,,44,0,,,
44,65,True,0.344502,0.3445,none,,,False,,44,0,,,
44,56,True,0.845141,0.8451,none,,,False,,44,0,,,
44,30,True,0.385468,0.3855,none,,,False,,44,0,,,
44,19,True,0.539433,0.5394,none,,,False,,44,0,,,
44,87,True,0.652152,0.6522,none,,,False,,44,0,,,
44,60,True,0.360733,0.3607,none,,,False,,44,0,,,
44,25,True,0.417324,0.4173,none,,,False,,44,0,,,
44,81,True,0.50544,0.5054,none,,,False,,44,0,,,
44,1,True,0.421657,0.4217,none,,,False,,44,0,,,
44,61,True,0.572429,0.5724,none,,,False,,44,0,,,
44,0,True,0.656563,0.6566,none,,,False,,44,0,,,
44,90,True,0.486298,0.4863,none,,,False,,44,0,,,
44,55,True,0.436721,0.4367,none,,,False,,44,0,,,
44,84,True,0.403282,0.4033,none,,,False,,44,0,,,
44,92,True,0.293627,0.2936,none,,,False,,44,0,,,
44,52,True,0.229296,0.2293,none,,,False,,44,0,,,
44,10,True,0.483624,0.4836,none,,,False,,44,0,,,
44,21,True,0.439416,0.4394,none,,,False,,44,0,,,
44,5,True,0.363477,0.3635,none,,,False,,44,0,,,
44,11,True,0.413196,0.4132,none,,,False,,44,0,,,
44,48,True,0.237226,0.2372,none,,,False,,44,0,,,
44,31,True,0.659359,0.6594,none,,,False,,44,0,,,
44,36,True,0.377267,0.3773,none,,,False,,44,0,,,
44,54,True,0.408323,0.4083,none,,,False,,44,0,,,
44,37,True,0.512568,0.5126,none,,,False,,44,0,,,
44,72,True,0.466089,0.4661,none,,,False,,44,0,,,
44,93,True,0.193099,0.1931,none,,,False,,44,0,,,
44,33,True,0.545264,0.5453,none,,,False,,44,0,,,
44,45,True,0.582088,0.5821,none,,,False,,44,0,,,
44,95,True,0.815061,0.8151,none,,,False,,44,0,,,
44,29,True,0.368709,0.3687,none,,,False,,44,0,,,
45,41,True,0.163293,0.1633,none,,,False,,45,0,,,
45,9,True,0.907102,0.9071,none,,,False,,45,0,,,
45,76,True,1.137692,1.1377,none,,,False,,45,0,,,
45,78,True,0.562118,0.5621,none,,,False,,45,0,,,
45,12,True,0.40919,0.4092,none,,,False,,45,0,,,
45,36,True,0.374478,0.3745,none,,,False,,45,0,,,
45,72,True,0.045522,0.0455,none,,,False,,45,0,,,
45,96,True,0.441401,0.4414,none,,,False,,45,0,,,
45,10,True,0.545756,0.5458,none,,,False,,45,0,,,
45,57,True,0.602387,0.6024,none,,,False,,45,0,,,
45,35,True,0.322923,0.3229,none,,,False,,45,0,,,
45,64,True,0.404994,0.405,none,,,False,,45,0,,,
45,71,True,0.36595,0.3659,none,,,False,,45,0,,,
45,82,True,0.247296,0.2473,none,,,False,,45,0,,,
45,47,True,0.286821,0.2868,none,,,False,,45,0,,,
45,73,True,0.428027,0.428,none,,,False,,45,0,,,
45,92,True,0.442437,0.4424,none,,,False,,45,0,,,
45,45,True,0.379027,0.379,none,,,False,,45,0,,,
45,3,True,0.699743,0.6997,none,,,False,,45,0,,,
45,83,True,0.483696,0.4837,none,,,False,,45,0,,,
45,21,True,0.461067,0.4611,none,,,False,,45,0,,,
45,15,True,0.729494,0.7295,none,,,False,,45,0,,,
45,40,True,1.007874,1.0079,none,,,False,,45,0,,,
45,67,True,0.412075,0.4121,none,,,False,,45,0,,,
45,60,True,0.396329,0.3963,none,,,False,,45,0,,,
45,86,True,0.518433,0.5184,none,,,False,,45,0,,,
45,79,True,0.251146,0.2511,none,,,False,,45,0,,,
45,77,True,0.300979,0.301,none,,,False,,45,0,,,
45,54,True,0.290125,0.2901,none,,,False,,45,0,,,
45,53,True,0.521899,0.5219,none,,,False,,45,0,,,
45,80,True,0.77146,0.7715,none,,,False,,45,0,,,
45,37,True,0.490992,0.491,none,,,False,,45,0,,,
45,16,True,0.852453,0.8525,none,,,False,,45,0,,,
45,98,True,0.110784,0.1108,none,,,False,,45,0,,,
45,46,True,0.561521,0.5615,none,,,False,,45,0,,,
45,61,True,0.515079,0.5151,none,,,False,,45,0,,,
45,7,True,0.31052,0.3105,none,,,False,,45,0,,,
45,69,True,0.48239,0.4824,none,,,False,,45,0,,,
45,74,True,0.429404,0.4294,none,,,False,,45,0,,,
45,89,True,0.408481,0.4085,none,,,False,,45,0,,,
45,14,True,0.312886,0.3129,none,,,False,,45,0,,,
45,4,True,0.425106,0.4251,none,,,False,,45,0,,,
45,18,True,0.724296,0.7243,none,,,False,,45,0,,,
45,88,True,1.02048,1.0205,none,,,False,,45,0,,,
45,58,True,0.189225,0.1892,none,,,False,,45,0,,,
45,66,True,0.469737,0.4697,none,,,False,,45,0,,,
45,49,True,0.188894,0.1889,none,,,False,,45,0,,,
45,38,True,0.182134,0.1821,none,,,False,,45,0,,,
45,55,True,0.381891,0.3819,none,,,False,,45,0,,,
45,11,True,0.505464,0.5055,none,,,False,,45,0,,,
46,97,True,0.899599,0.8996,none,,,False,,46,0,,,
46,68,True,0.736049,0.736,none,,,False,,46,0,,,
46,47,True,0.211099,0.2111,none,,,False,,46,0,,,
46,26,True,0.601505,0.6015,none,,,False,,46,0,,,
46,42,True,0.63419,0.6342,none,,,False,,46,0,,,
46,63,True,0.380969,0.381,none,,,False,,46,0,,,
46,64,True,0.481353,0.4814,none,,,False,,46,0,,,
46,11,True,0.487476,0.4875,none,,,False,,46,0,,,
46,8,True,0.431752,0.4318,none,,,False,,46,0,,,
46,85,True,0.135341,0.1353,none,,,False,,46,0,,,
46,37,True,0.485059,0.4851,none,,,False,,46,0,,,
46,96,True,0.446961,0.447,none,,,False,,46,0,,,
46,21,True,0.292493,0.2925,none,,,False,,46,0,,,
46,39,True,0.858,0.858,none,,,False,,46,0,,,
46,29,True,0.325955,0.326,none,,,False,,46,0,,,
46,77,True,0.267327,0.2673,none,,,False,,46,0,,,
46,81,True,0.463123,0.4631,none,,,False,,46,0,,,
46,59,True,0.379406,0.3794,none,,,False,,46,0,,,
46,70,True,0.296395,0.2964,none,,,False,,46,0,,,
46,73,True,0.404006,0.404,none,,,False,,46,0,,,
46,7,True,0.319064,0.3191,none,,,False,,46,0,,,
46,53,True,0.64354,0.6435,none,,,False,,46,0,,,
46,14,True,0.358476,0.3585,none,,,False,,46,0,,,
46,50,True,0.472132,0.4721,none,,,False,,46,0,,,
46,52,True,0.337349,0.3373,none,,,False,,46,0,,,
46,12,True,0.429984,0.43,none,,,False,,46,0,,,
46,40,True,0.963788,0.9638,none,,,False,,46,0,,,
46,1,True,0.370848,0.3708,none,,,False,,46,0,,,
46,25,True,0.333034,0.333,none,,,False,,46,0,,,
46,36,True,0.302111,0.3021,none,,,False,,46,0,,,
46,15,True,0.803,0.803,none,,,False,,46,0,,,
46,4,True,0.42709,0.4271,none,,,False,,46,0,,,
46,69,True,0.669818,0.6698,none,,,False,,46,0,,,
46,55,True,0.423119,0.4231,none,,,False,,46,0,,,
46,87,True,0.616294,0.6163,none,,,False,,46,0,,,
46,38,True,0.271455,0.2715,none,,,False,,46,0,,,
46,19,True,0.557887,0.5579,none,,,False,,46,0,,,
46,56,True,0.869077,0.8691,none,,,False,,46,0,,,
46,58,True,0.135726,0.1357,none,,,False,,46,0,,,
46,89,True,0.37434,0.3743,none,,,False,,46,0,,,
46,72,True,0.559414,0.5594,none,,,False,,46,0,,,
46,28,True,1.079459,1.0795,none,,,False,,46,0,,,
46,61,True,0.508845,0.5088,none,,,False,,46,0,,,
46,71,True,0.355505,0.3555,none,,,False,,46,0,,,
46,98,True,0.121089,0.1211,none,,,False,,46,0,,,
46,20,True,0.468602,0.4686,none,,,False,,46,0,,,
46,44,True,0.504371,0.5044,none,,,False,,46,0,,,
46,30,True,0.333241,0.3332,none,,,False,,46,0,,,
46,3,True,0.565137,0.5651,none,,,False,,46,0,,,
46,13,True,0.348537,0.3485,none,,,False,,46,0,,,
47,46,True,0.609762,0.6098,none,,,False,,47,0,,,
47,67,True,0.538688,0.5387,none,,,False,,47,0,,,
47,18,True,0.709857,0.7099,none,,,False,,47,0,,,
47,33,True,0.478643,0.4786,none,,,False,,47,0,,,
47,13,True,0.344649,0.3446,none,,,False,,47,0,,,
47,23,True,0.446203,0.4462,none,,,False,,47,0,,,
47,80,True,0.767093,0.7671,none,,,False,,47,0,,,
47,74,True,0.408343,0.4083,none,,,False,,47,0,,,
47,36,True,0.339928,0.3399,none,,,False,,47,0,,,
47,8,True,0.343617,0.3436,none,,,False,,47,0,,,
47,4,True,0.315298,0.3153,none,,,False,,47,0,,,
47,87,True,0.524132,0.5241,none,,,False,,47,0,,,
47,88,True,0.982321,0.9823,none,,,False,,47,0,,,
47,55,True,0.432247,0.4322,none,,,False,,47,0,,,
47,24,True,0.410711,0.4107,none,,,False,,47,0,,,
47,77,True,0.332238,0.3322,none,,,False,,47,0,,,
47,48,True,0.214432,0.2144,none,,,False,,47,0,,,
47,43,True,0.669283,0.6693,none,,,False,,47,0,,,
47,19,True,0.626978,0.627,none,,,False,,47,0,,,
47,32,True,0.598851,0.5989,none,,,False,,47,0,,,
47,52,True,0.332793,0.3328,none,,,False,,47,0,,,
47,56,True,0.577433,0.5774,none,,,False,,47,0,,,
47,71,True,0.240074,0.2401,none,,,False,,47,0,,,
47,14,True,0.314242,0.3142,none,,,False,,47,0,,,
47,66,True,0.355797,0.3558,none,,,False,,47,0,,,
47,37,True,0.450395,0.4504,none,,,False,,47,0,,,
47,62,True,0.376508,0.3765,none,,,False,,47,0,,,
47,79,True,0.264986,0.265,none,,,False,,47,0,,,
47,1,True,0.353163,0.3532,none,,,False,,47,0,,,
47,89,True,0.405308,0.4053,none,,,False,,47,0,,,
47,45,True,0.326115,0.3261,none,,,False,,47,0,,,
47,17,True,0.490127,0.4901,none,,,False,,47,0,,,
47,68,True,0.610716,0.6107,none,,,False,,47,0,,,
47,60,True,0.434226,0.4342,none,,,False,,47,0,,,
47,34,True,0.648502,0.6485,none,,,False,,47,0,,,
47,30,True,0.359295,0.3593,none,,,False,,47,0,,,
47,98,True,0.155443,0.1554,none,,,False,,47,0,,,
47,10,True,0.568055,0.5681,none,,,False,,47,0,,,
47,11,True,0.503682,0.5037,none,,,False,,47,0,,,
47,6,True,0.518389,0.5184,none,,,False,,47,0,,,
47,96,True,0.506951,0.507,none,,,False,,47,0,,,
47,22,True,0.877254,0.8773,none,,,False,,47,0,,,
47,69,True,0.622382,0.6224,none,,,False,,47,0,,,
47,21,True,0.412458,0.4125,none,,,False,,47,0,,,
47,27,True,0.418009,0.418,none,,,False,,47,0,,,
47,31,True,0.717372,0.7174,none,,,False,,47,0,,,
47,40,True,0.971958,0.972,none,,,False,,47,0,,,
47,38,True,0.250633,0.2506,none,,,False,,47,0,,,
47,61,True,0.426505,0.4265,none,,,False,,47,0,,,
47,91,True,0.684736,0.6847,none,,,False,,47,0,,,
48,58,True,0.434692,0.4347,none,,,False,,48,0,,,
48,89,True,0.269074,0.2691,none,,,False,,48,0,,,
48,49,True,0.277327,0.2773,none,,,False,,48,0,,,
48,39,True,0.99897,0.999,none,,,False,,48,0,,,
48,40,True,0.87597,0.876,none,,,False,,48,0,,,
48,43,True,0.420688,0.4207,none,,,False,,48,0,,,
48,90,True,0.257823,0.2578,none,,,False,,48,0,,,
48,35,True,0.40871,0.4087,none,,,False,,48,0,,,
48,1,True,0.463616,0.4636,none,,,False,,48,0,,,
48,3,True,0.723864,0.7239,none,,,False,,48,0,,,
48,25,True,0.431415,0.4314,none,,,False,,48,0,,,
48,65,True,0.339627,0.3396,none,,,False,,48,0,,,
48,2,True,0.517213,0.5172,none,,,False,,48,0,,,
48,20,True,0.521331,0.5213,none,,,False,,48,0,,,
48,59,True,0.422637,0.4226,none,,,False,,48,0,,,
48,13,True,0.376004,0.376,none,,,False,,48,0,,,
48,32,True,0.734676,0.7347,none,,,False,,48,0,,,
48,44,True,0.461276,0.4613,none,,,False,,48,0,,,
48,86,True,0.617802,0.6178,none,,,False,,48,0,,,
48,82,True,0.157118,0.1571,none,,,False,,48,0,,,
48,31,True,0.717353,0.7174,none,,,False,,48,0,,,
48,60,True,0.299383,0.2994,none,,,False,,48,0,,,
48,29,True,0.29561,0.2956,none,,,False,,48,0,,,
48,63,True,0.435097,0.4351,none,,,False,,48,0,,,
48,38,True,0.337703,0.3377,none,,,False,,48,0,,,
48,84,True,0.299214,0.2992,none,,,False,,48,0,,,
48,62,True,0.361476,0.3615,none,,,False,,48,0,,,
48,56,True,0.621111,0.6211,none,,,False,,48,0,,,
48,18,True,0.461968,0.462,none,,,False,,48,0,,,
48,55,True,0.256977,0.257,none,,,False,,48,0,,,
48,85,True,0.134523,0.1345,none,,,False,,48,0,,,
48,21,True,0.416053,0.4161,none,,,False,,48,0,,,
48,66,True,0.473996,0.474,none,,,False,,48,0,,,
48,94,True,1.019291,1.0193,none,,,False,,48,0,,,
48,33,True,0.413556,0.4136,none,,,False,,48,0,,,
48,88,True,1.00501,1.005,none,,,False,,48,0,,,
48,0,True,0.606402,0.6064,none,,,False,,48,0,,,
48,57,True,0.649984,0.65,none,,,False,,48,0,,,
48,73,True,0.372255,0.3723,none,,,False,,48,0,,,
48,28,True,0.963489,0.9635,none,,,False,,48,0,,,
48,71,True,0.294531,0.2945,none,,,False,,48,0,,,
48,98,True,0.193831,0.1938,none,,,False,,48,0,,,
48,26,True,0.656776,0.6568,none,,,False,,48,0,,,
48,30,True,0.347141,0.3471,none,,,False,,48,0,,,
48,99,True,1.144601,1.1446,none,,,False,,48,0,,,
48,61,True,0.535691,0.5357,none,,,False,,48,0,,,
48,48,True,0.18775,0.1877,none,,,False,,48,0,,,
48,95,True,0.757031,0.757,none,,,False,,48,0,,,
48,8,True,0.256091,0.2561,none,,,False,,48,0,,,
48,93,True,0.173933,0.1739,none,,,False,,48,0,,,
49,68,True,0.833046,0.833,none,,,False,,49,0,,,
49,14,True,0.318108,0.3181,none,,,False,,49,0,,,
49,57,True,0.568642,0.5686,none,,,False,,49,0,,,
49,34,True,0.659983,0.66,none,,,False,,49,0,,,
49,61,True,0.58179,0.5818,none,,,False,,49,0,,,
49,31,True,0.760567,0.7606,none,,,False,,49,0,,,
49,27,True,0.219704,0.2197,none,,,False,,49,0,,,
49,46,True,0.694989,0.695,none,,,False,,49,0,,,
49,97,True,0.909807,0.9098,none,,,False,,49,0,,,
49,13,True,0.358424,0.3584,none,,,False,,49,0,,,
49,7,True,0.334443,0.3344,none,,,False,,49,0,,,
49,39,True,0.774553,0.7746,none,,,False,,49,0,,,
49,16,True,0.709824,0.7098,none,,,False,,49,0,,,
49,81,True,0.621176,0.6212,none,,,False,,49,0,,,
49,72,True,0.55221,0.5522,none,,,False,,49,0,,,
49,11,True,0.528449,0.5284,none,,,False,,49,0,,,
49,59,True,0.135663,0.1357,none,,,False,,49,0,,,
49,24,True,0.439493,0.4395,none,,,False,,49,0,,,
49,2,True,0.546484,0.5465,none,,,False,,49,0,,,
49,23,True,0.543193,0.5432,none,,,False,,49,0,,,
49,15,True,0.844682,0.8447,none,,,False,,49,0,,,
49,65,True,0.214546,0.2145,none,,,False,,49,0,,,
49,18,True,0.667803,0.6678,none,,,False,,49,0,,,
49,94,True,1.043474,1.0435,none,,,False,,49,0,,,
49,17,True,0.556456,0.5565,none,,,False,,49,0,,,
49,88,True,0.812419,0.8124,none,,,False,,49,0,,,
49,41,True,0.260306,0.2603,none,,,False,,49,0,,,
49,62,True,0.304136,0.3041,none,,,False,,49,0,,,
49,79,True,0.378035,0.378,none,,,False,,49,0,,,
49,25,True,0.603162,0.6032,none,,,False,,49,0,,,
49,26,True,0.30686,0.3069,none,,,False,,49,0,,,
49,22,True,0.585198,0.5852,none,,,False,,49,0,,,
49,42,True,0.682018,0.682,none,,,False,,49,0,,,
49,82,True,0.253078,0.2531,none,,,False,,49,0,,,
49,33,True,0.45774,0.4577,none,,,False,,49,0,,,
49,50,True,0.489141,0.4891,none,,,False,,49,0,,,
49,8,True,0.227239,0.2272,none,,,False,,49,0,,,
49,35,True,0.446302,0.4463,none,,,False,,49,0,,,
49,49,True,0.307525,0.3075,none,,,False,,49,0,,,
49,40,True,0.826353,0.8264,none,,,False,,49,0,,,
49,52,True,0.490906,0.4909,none,,,False,,49,0,,,
49,67,True,0.468919,0.4689,none,,,False,,49,0,,,
49,98,True,0.101818,0.1018,none,,,False,,49,0,,,
49,9,True,0.852756,0.8528,none,,,False,,49,0,,,
49,55,True,0.338203,0.3382,none,,,False,,49,0,,,
49,3,True,0.58109,0.5811,none,,,False,,49,0,,,
49,10,True,0.628684,0.6287,none,,,False,,49,0,,,
49,20,True,0.547554,0.5476,none,,,False,,49,0,,,
49,58,True,0.380922,0.3809,none,,,False,,49,0,,,
49,86,True,0.689428,0.6894,none,,,False,,49,0,,,
50,34,True,0.571687,0.5717,none,,,False,,50,0,,,
50,47,True,0.297149,0.2971,none,,,False,,50,0,,,
50,70,True,0.40682,0.4068,none,,,False,,50,0,,,
50,37,True,0.554938,0.5549,none,,,False,,50,0,,,
50,3,True,0.672225,0.6722,none,,,False,,50,0,,,
50,60,True,0.308621,0.3086,none,,,False,,50,0,,,
50,87,True,0.679996,0.68,none,,,False,,50,0,,,
50,50,True,0.596263,0.5963,none,,,False,,50,0,,,
50,80,True,0.915506,0.9155,none,,,False,,50,0,,,
50,78,True,0.5045,0.5045,none,,,False,,50,0,,,
50,39,True,0.893975,0.894,none,,,False,,50,0,,,
50,73,True,0.30459,0.3046,none,,,False,,50,0,,,
50,29,True,0.556223,0.5562,none,,,False,,50,0,,,
50,84,True,0.960344,0.9603,none,,,False,,50,0,,,
50,61,True,0.611922,0.6119,none,,,False,,50,0,,,
50,97,True,0.598812,0.5988,none,,,False,,50,0,,,
50,14,True,0.363587,0.3636,none,,,False,,50,0,,,
50,69,True,0.629435,0.6294,none,,,False,,50,0,,,
50,6,True,0.446498,0.4465,none,,,False,,50,0,,,
50,64,True,0.553984,0.554,none,,,False,,50,0,,,
50,1,True,1.103446,1.1034,none,,,False,,50,0,,,
50,23,True,0.358721,0.3587,none,,,False,,50,0,,,
50,41,True,0.294799,0.2948,none,,,False,,50,0,,,
50,90,True,0.504278,0.5043,none,,,False,,50,0,,,
50,24,True,0.351808,0.3518,none,,,False,,50,0,,,
50,59,True,0.474931,0.4749,none,,,False,,50,0,,,
50,57,True,0.657642,0.6576,none,,,False,,50,0,,,
50,92,True,0.342336,0.3423,none,,,False,,50,0,,,
50,32,True,0.672035,0.672,none,,,False,,50,0,,,
50,16,True,0.804303,0.8043,none,,,False,,50,0,,,
50,17,True,0.646716,0.6467,none,,,False,,50,0,,,
50,40,True,0.802959,0.803,none,,,False,,50,0,,,
50,82,True,0.352739,0.3527,none,,,False,,50,0,,,
50,22,True,0.440626,0.4406,none,,,False,,50,0,,,
50,46,True,0.565283,0.5653,none,,,False,,50,0,,,
50,5,True,0.264819,0.2648,none,,,False,,50,0,,,
50,99,True,1.33112,1.3311,none,,,False,,50,0,,,
50,52,True,0.420264,0.4203,none,,,False,,50,0,,,
50,71,True,0.711496,0.7115,none,,,False,,50,0,,,
50,68,True,0.65054,0.6505,none,,,False,,50,0,,,
50,76,True,0.991848,0.9918,none,,,False,,50,0,,,
50,12,True,0.760222,0.7602,none,,,False,,50,0,,,
50,77,True,0.387305,0.3873,none,,,False,,50,0,,,
50,31,True,0.62182,0.6218,none,,,False,,50,0,,,
50,0,True,0.534268,0.5343,none,,,False,,50,0,,,
50,74,True,0.342732,0.3427,none,,,False,,50,0,,,
50,54,True,0.356382,0.3564,none,,,False,,50,0,,,
50,7,True,0.372448,0.3724,none,,,False,,50,0,,,
50,75,True,0.897942,0.8979,none,,,False,,50,0,,,
50,19,True,1.000961,1.001,none,,,False,,50,0,,,
51,74,True,0.42645,0.4264,none,,,False,,51,0,,,
51,79,True,0.331494,0.3315,none,,,False,,51,0,,,
51,38,True,0.369991,0.37,none,,,False,,51,0,,,
51,65,True,0.427927,0.4279,none,,,False,,51,0,,,
51,80,True,0.975445,0.9754,none,,,False,,51,0,,,
51,84,True,0.8717,0.8717,none,,,False,,51,0,,,
51,66,True,0.388772,0.3888,none,,,False,,51,0,,,
51,93,True,0.159532,0.1595,none,,,False,,51,0,,,
51,69,True,0.741707,0.7417,none,,,False,,51,0,,,
51,85,True,0.126987,0.127,none,,,False,,51,0,,,
51,50,True,0.626256,0.6263,none,,,False,,51,0,,,
51,43,True,0.558187,0.5582,none,,,False,,51,0,,,
51,20,True,0.458724,0.4587,none,,,False,,51,0,,,
51,54,True,0.338333,0.3383,none,,,False,,51,0,,,
51,21,True,0.381708,0.3817,none,,,False,,51,0,,,
51,12,True,0.54291,0.5429,none,,,False,,51,0,,,
51,52,True,0.177169,0.1772,none,,,False,,51,0,,,
51,71,True,0.664507,0.6645,none,,,False,,51,0,,,
51,2,True,0.611122,0.6111,none,,,False,,51,0,,,
51,83,True,0.497983,0.498,none,,,False,,51,0,,,
51,87,True,0.566418,0.5664,none,,,False,,51,0,,,
51,62,True,0.275449,0.2754,none,,,False,,51,0,,,
51,86,True,0.603925,0.6039,none,,,False,,51,0,,,
51,73,True,0.329529,0.3295,none,,,False,,51,0,,,
51,40,True,1.023921,1.0239,none,,,False,,51,0,,,
51,64,True,0.44677,0.4468,none,,,False,,51,0,,,
51,75,True,0.851382,0.8514,none,,,False,,51,0,,,
51,7,True,0.42934,0.4293,none,,,False,,51,0,,,
51,16,True,0.949426,0.9494,none,,,False,,51,0,,,
51,5,True,0.083921,0.0839,none,,,False,,51,0,,,
51,42,True,1.233799,1.2338,none,,,False,,51,0,,,
51,41,True,0.300714,0.3007,none,,,False,,51,0,,,
51,25,True,0.319678,0.3197,none,,,False,,51,0,,,
51,6,True,0.517186,0.5172,none,,,False,,51,0,,,
51,34,True,0.64392,0.6439,none,,,False,,51,0,,,
51,19,True,0.864123,0.8641,none,,,False,,51,0,,,
51,27,True,0.410757,0.4108,none,,,False,,51,0,,,
51,90,True,0.394652,0.3947,none,,,False,,51,0,,,
51,33,True,0.443476,0.4435,none,,,False,,51,0,,,
51,18,True,0.472777,0.4728,none,,,False,,51,0,,,
51,29,True,0.609434,0.6094,none,,,False,,51,0,,,
51,57,True,0.625267,0.6253,none,,,False,,51,0,,,
51,0,True,0.578288,0.5783,none,,,False,,51,0,,,
51,11,True,0.510921,0.5109,none,,,False,,51,0,,,
51,88,True,0.997039,0.997,none,,,False,,51,0,,,
51,53,True,0.578412,0.5784,none,,,False,,51,0,,,
51,44,True,0.440091,0.4401,none,,,False,,51,0,,,
51,91,True,0.799875,0.7999,none,,,False,,51,0,,,
51,30,True,0.407854,0.4079,none,,,False,,51,0,,,
51,8,True,0.464251,0.4643,none,,,False,,51,0,,,
52,86,True,0.452828,0.4528,none,,,False,,52,0,,,
52,21,True,0.506728,0.5067,none,,,False,,52,0,,,
52,77,True,0.28405,0.284,none,,,False,,52,0,,,
52,2,True,0.573302,0.5733,none,,,False,,52,0,,,
52,29,True,0.659799,0.6598,none,,,False,,52,0,,,
52,47,True,0.298174,0.2982,none,,,False,,52,0,,,
52,40,True,0.880826,0.8808,none,,,False,,52,0,,,
52,51,True,0.664121,0.6641,none,,,False,,52,0,,,
52,45,True,0.528001,0.528,none,,,False,,52,0,,,
52,73,True,0.355898,0.3559,none,,,False,,52,0,,,
52,36,True,0.32558,0.3256,none,,,False,,52,0,,,
52,27,True,0.342072,0.3421,none,,,False,,52,0,,,
52,50,True,0.464988,0.465,none,,,False,,52,0,,,
52,6,True,0.458803,0.4588,none,,,False,,52,0,,,
52,79,True,0.262432,0.2624,none,,,False,,52,0,,,
52,19,True,1.008627,1.0086,none,,,False,,52,0,,,
52,57,True,0.567897,0.5679,none,,,False,,52,0,,,
52,63,True,0.394604,0.3946,none,,,False,,52,0,,,
52,56,True,0.786783,0.7868,none,,,False,,52,0,,,
52,42,True,1.078197,1.0782,none,,,False,,52,0,,,
52,17,True,0.512494,0.5125,none,,,False,,52,0,,,
52,23,True,0.564772,0.5648,none,,,False,,52,0,,,
52,38,True,0.244836,0.2448,none,,,False,,52,0,,,
52,67,True,0.429253,0.4293,none,,,False,,52,0,,,
52,44,True,0.463065,0.4631,none,,,False,,52,0,,,
52,30,True,0.520524,0.5205,none,,,False,,52,0,,,
52,14,True,0.359112,0.3591,none,,,False,,52,0,,,
52,59,True,0.208083,0.2081,none,,,False,,52,0,,,
52,89,True,0.393254,0.3933,none,,,False,,52,0,,,
52,78,True,0.592441,0.5924,none,,,False,,52,0,,,
52,35,True,0.476963,0.477,none,,,False,,52,0,,,
52,94,True,1.048058,1.0481,none,,,False,,52,0,,,
52,4,True,0.404634,0.4046,none,,,False,,52,0,,,
52,41,True,0.27679,0.2768,none,,,False,,52,0,,,
52,28,True,1.006416,1.0064,none,,,False,,52,0,,,
52,13,True,0.380895,0.3809,none,,,False,,52,0,,,
52,33,True,0.531419,0.5314,none,,,False,,52,0,,,
52,90,True,0.529569,0.5296,none,,,False,,52,0,,,
52,76,True,1.027596,1.0276,none,,,False,,52,0,,,
52,9,True,0.866485,0.8665,none,,,False,,52,0,,,
52,82,True,0.204543,0.2045,none,,,False,,52,0,,,
52,10,True,0.512428,0.5124,none,,,False,,52,0,,,
52,16,True,0.771213,0.7712,none,,,False,,52,0,,,
52,87,True,0.574955,0.575,none,,,False,,52,0,,,
52,62,True,0.292762,0.2928,none,,,False,,52,0,,,
52,8,True,0.449275,0.4493,none,,,False,,52,0,,,
52,68,True,0.722529,0.7225,none,,,False,,52,0,,,
52,15,True,0.64202,0.642,none,,,False,,52,0,,,
52,55,True,0.459057,0.4591,none,,,False,,52,0,,,
52,20,True,0.434603,0.4346,none,,,False,,52,0,,,
53,96,True,0.52238,0.5224,none,,,False,,53,0,,,
53,83,True,0.485433,0.4854,none,,,False,,53,0,,,
53,4,True,0.415336,0.4153,none,,,False,,53,0,,,
53,3,True,0.648004,0.648,none,,,False,,53,0,,,
53,10,True,0.525919,0.5259,none,,,False,,53,0,,,
53,74,True,0.410944,0.4109,none,,,False,,53,0,,,
53,99,True,1.190871,1.1909,none,,,False,,53,0,,,
53,70,True,0.525403,0.5254,none,,,False,,53,0,,,
53,21,True,0.433663,0.4337,none,,,False,,53,0,,,
53,64,True,0.377627,0.3776,none,,,False,,53,0,,,
53,52,True,0.380316,0.3803,none,,,False,,53,0,,,
53,73,True,0.370005,0.37,none,,,False,,53,0,,,
53,76,True,1.17467,1.1747,none,,,False,,53,0,,,
53,78,True,0.530811,0.5308,none,,,False,,53,0,,,
53,71,True,0.676977,0.677,none,,,False,,53,0,,,
53,36,True,0.386648,0.3866,none,,,False,,53,0,,,
53,29,True,0.740922,0.7409,none,,,False,,53,0,,,
53,35,True,0.599422,0.5994,none,,,False,,53,0,,,
53,86,True,0.52051,0.5205,none,,,False,,53,0,,,
53,43,True,0.562356,0.5624,none,,,False,,53,0,,,
53,5,True,0.343606,0.3436,none,,,False,,53,0,,,
53,7,True,0.409877,0.4099,none,,,False,,53,0,,,
53,9,True,0.863945,0.8639,none,,,False,,53,0,,,
53,12,True,0.611714,0.6117,none,,,False,,53,0,,,
53,55,True,0.372079,0.3721,none,,,False,,53,0,,,
53,28,True,1.139918,1.1399,none,,,False,,53,0,,,
53,42,True,1.077124,1.0771,none,,,False,,53,0,,,
53,39,True,0.85388,0.8539,none,,,False,,53,0,,,
53,56,True,0.653965,0.654,none,,,False,,53,0,,,
53,8,True,0.400859,0.4009,none,,,False,,53,0,,,
53,18,True,0.599842,0.5998,none,,,False,,53,0,,,
53,82,True,0.277116,0.2771,none,,,False,,53,0,,,
53,19,True,1.025138,1.0251,none,,,False,,53,0,,,
53,65,True,0.329385,0.3294,none,,,False,,53,0,,,
53,63,True,0.382058,0.3821,none,,,False,,53,0,,,
53,24,True,0.380701,0.3807,none,,,False,,53,0,,,
53,27,True,0.285752,0.2858,none,,,False,,53,0,,,
53,17,True,0.461965,0.462,none,,,False,,53,0,,,
53,31,True,0.755759,0.7558,none,,,False,,53,0,,,
53,32,True,0.642493,0.6425,none,,,False,,53,0,,,
53,93,True,0.152042,0.152,none,,,False,,53,0,,,
53,67,True,0.558321,0.5583,none,,,False,,53,0,,,
53,90,True,0.48121,0.4812,none,,,False,,53,0,,,
53,34,True,0.720827,0.7208,none,,,False,,53,0,,,
53,6,True,0.336576,0.3366,none,,,False,,53,0,,,
53,72,True,0.458567,0.4586,none,,,False,,53,0,,,
53,81,True,0.602592,0.6026,none,,,False,,53,0,,,
53,92,True,0.429347,0.4293,none,,,False,,53,0,,,
53,30,True,0.624322,0.6243,none,,,False,,53,0,,,
53,11,True,0.459905,0.4599,none,,,False,,53,0,,,
54,34,True,0.625932,0.6259,none,,,False,,54,0,,,
54,11,True,0.319,0.319,none,,,False,,54,0,,,
54,27,True,0.073806,0.0738,none,,,False,,54,0,,,
54,51,True,0.657046,0.657,none,,,False,,54,0,,,
54,37,True,0.508364,0.5084,none,,,False,,54,0,,,
54,39,True,0.746336,0.7463,none,,,False,,54,0,,,
54,21,True,0.376475,0.3765,none,,,False,,54,0,,,
54,50,True,0.531204,0.5312,none,,,False,,54,0,,,
54,93,True,0.2575,0.2575,none,,,False,,54,0,,,
54,95,True,0.846958,0.847,none,,,False,,54,0,,,
54,3,True,0.684721,0.6847,none,,,False,,54,0,,,
54,58,True,0.402007,0.402,none,,,False,,54,0,,,
54,54,True,0.380475,0.3805,none,,,False,,54,0,,,
54,81,True,0.262866,0.2629,none,,,False,,54,0,,,
54,88,True,0.885667,0.8857,none,,,False,,54,0,,,
54,74,True,0.396446,0.3964,none,,,False,,54,0,,,
54,70,True,0.336601,0.3366,none,,,False,,54,0,,,
54,30,True,0.516742,0.5167,none,,,False,,54,0,,,
54,86,True,0.562768,0.5628,none,,,False,,54,0,,,
54,82,True,0.084249,0.0842,none,,,False,,54,0,,,
54,28,True,0.976937,0.9769,none,,,False,,54,0,,,
54,17,True,0.501763,0.5018,none,,,False,,54,0,,,
54,36,True,0.296074,0.2961,none,,,False,,54,0,,,
54,92,True,0.30777,0.3078,none,,,False,,54,0,,,
54,2,True,0.298634,0.2986,none,,,False,,54,0,,,
54,72,True,0.412199,0.4122,none,,,False,,54,0,,,
54,76,True,0.982985,0.983,none,,,False,,54,0,,,
54,6,True,0.417915,0.4179,none,,,False,,54,0,,,
54,48,True,0.219374,0.2194,none,,,False,,54,0,,,
54,80,True,0.975024,0.975,none,,,False,,54,0,,,
54,94,True,1.069092,1.0691,none,,,False,,54,0,,,
54,20,True,0.493731,0.4937,none,,,False,,54,0,,,
54,66,True,0.31282,0.3128,none,,,False,,54,0,,,
54,14,True,0.368492,0.3685,none,,,False,,54,0,,,
54,47,True,0.301291,0.3013,none,,,False,,54,0,,,
54,73,True,0.329708,0.3297,none,,,False,,54,0,,,
54,1,True,0.846342,0.8463,none,,,False,,54,0,,,
54,83,True,0.45183,0.4518,none,,,False,,54,0,,,
54,79,True,0.322982,0.323,none,,,False,,54,0,,,
54,43,True,0.426789,0.4268,none,,,False,,54,0,,,
54,61,True,0.500035,0.5,none,,,False,,54,0,,,
54,13,True,0.407778,0.4078,none,,,False,,54,0,,,
54,68,True,0.613356,0.6134,none,,,False,,54,0,,,
54,57,True,0.724407,0.7244,none,,,False,,54,0,,,
54,55,True,0.584626,0.5846,none,,,False,,54,0,,,
54,45,True,0.415838,0.4158,none,,,False,,54,0,,,
54,42,True,1.202101,1.2021,none,,,False,,54,0,,,
54,90,True,0.513573,0.5136,none,,,False,,54,0,,,
54,4,True,0.404424,0.4044,none,,,False,,54,0,,,
54,26,True,0.687185,0.6872,none,,,False,,54,0,,,
55,60,True,0.449812,0.4498,none,,,False,,55,0,,,
55,70,True,0.387841,0.3878,none,,,False,,55,0,,,
55,88,True,1.010253,1.0103,none,,,False,,55,0,,,
55,3,True,0.676214,0.6762,none,,,False,,55,0,,,
55,97,True,0.656148,0.6561,none,,,False,,55,0,,,
55,21,True,0.355781,0.3558,none,,,False,,55,0,,,
55,38,True,0.310807,0.3108,none,,,False,,55,0,,,
55,6,True,0.332423,0.3324,none,,,False,,55,0,,,
55,15,True,0.839542,0.8395,none,,,False,,55,0,,,
55,52,True,0.240852,0.2409,none,,,False,,55,0,,,
55,82,True,0.274132,0.2741,none,,,False,,55,0,,,
55,66,True,0.282345,0.2823,none,,,False,,55,0,,,
55,49,True,0.641168,0.6412,none,,,False,,55,0,,,
55,28,True,1.141715,1.1417,none,,,False,,55,0,,,
55,99,True,1.206979,1.207,none,,,False,,55,0,,,
55,76,True,0.933965,0.934,none,,,False,,55,0,,,
55,1,True,0.906458,0.9065,none,,,False,,55,0,,,
55,91,True,0.773125,0.7731,none,,,False,,55,0,,,
55,85,True,0.143989,0.144,none,,,False,,55,0,,,
55,12,True,0.608274,0.6083,none,,,False,,55,0,,,
55,35,True,0.524398,0.5244,none,,,False,,55,0,,,
55,17,True,0.529049,0.529,none,,,False,,55,0,,,
55,19,True,1.016654,1.0167,none,,,False,,55,0,,,
55,72,True,0.488131,0.4881,none,,,False,,55,0,,,
55,7,True,0.385314,0.3853,none,,,False,,55,0,,,
55,87,True,0.647248,0.6472,none,,,False,,55,0,,,
55,74,True,0.43601,0.436,none,,,False,,55,0,,,
55,64,True,0.506976,0.507,none,,,False,,55,0,,,
55,78,True,0.67271,0.6727,none,,,False,,55,0,,,
55,47,True,0.286825,0.2868,none,,,False,,55,0,,,
55,8,True,0.34056,0.3406,none,,,False,,55,0,,,
55,77,True,0.208441,0.2084,none,,,False,,55,0,,,
55,27,True,0.396971,0.397,none,,,False,,55,0,,,
55,57,True,0.727987,0.728,none,,,False,,55,0,,,
55,83,True,0.39246,0.3925,none,,,False,,55,0,,,
55,68,True,0.457444,0.4574,none,,,False,,55,0,,,
55,13,True,0.402295,0.4023,none,,,False,,55,0,,,
55,86,True,0.522386,0.5224,none,,,False,,55,0,,,
55,56,True,0.911054,0.9111,none,,,False,,55,0,,,
55,25,True,0.496173,0.4962,none,,,False,,55,0,,,
55,65,True,0.446227,0.4462,none,,,False,,55,0,,,
55,41,True,0.131515,0.1315,none,,,False,,55,0,,,
55,9,True,0.919496,0.9195,none,,,False,,55,0,,,
55,81,True,0.333687,0.3337,none,,,False,,55,0,,,
55,98,True,0.126961,0.127,none,,,False,,55,0,,,
55,71,True,0.819439,0.8194,none,,,False,,55,0,,,
55,84,True,1.043904,1.0439,none,,,False,,55,0,,,
55,93,True,0.202684,0.2027,none,,,False,,55,0,,,
55,51,True,0.652383,0.6524,none,,,False,,55,0,,,
55,43,True,0.696527,0.6965,none,,,False,,55,0,,,
56,36,True,0.304756,0.3048,none,,,False,,56,0,,,
56,71,True,0.602437,0.6024,none,,,False,,56,0,,,
56,63,True,0.454484,0.4545,none,,,False,,56,0,,,
56,87,True,0.552763,0.5528,none,,,False,,56,0,,,
56,10,True,0.486879,0.4869,none,,,False,,56,0,,,
56,44,True,0.584558,0.5846,none,,,False,,56,0,,,
56,85,True,0.151867,0.1519,none,,,False,,56,0,,,
56,6,True,0.415266,0.4153,none,,,False,,56,0,,,
56,40,True,1.115051,1.1151,none,,,False,,56,0,,,
56,76,True,1.030002,1.03,none,,,False,,56,0,,,
56,5,True,0.355508,0.3555,none,,,False,,56,0,,,
56,14,True,0.308564,0.3086,none,,,False,,56,0,,,
56,78,True,0.613272,0.6133,none,,,False,,56,0,,,
56,61,True,0.582423,0.5824,none,,,False,,56,0,,,
56,89,True,0.533991,0.534,none,,,False,,56,0,,,
56,84,True,0.888088,0.8881,none,,,False,,56,0,,,
56,28,True,0.873717,0.8737,none,,,False,,56,0,,,
56,98,True,0.155963,0.156,none,,,False,,56,0,,,
56,29,True,0.664065,0.6641,none,,,False,,56,0,,,
56,79,True,0.375074,0.3751,none,,,False,,56,0,,,
56,55,True,0.599848,0.5998,none,,,False,,56,0,,,
56,15,True,0.98509,0.9851,none,,,False,,56,0,,,
56,83,True,0.468326,0.4683,none,,,False,,56,0,,,
56,67,True,0.487919,0.4879,none,,,False,,56,0,,,
56,56,True,0.927487,0.9275,none,,,False,,56,0,,,
56,66,True,0.366022,0.366,none,,,False,,56,0,,,
56,34,True,0.680558,0.6806,none,,,False,,56,0,,,
56,13,True,0.372983,0.373,none,,,False,,56,0,,,
56,94,True,0.998376,0.9984,none,,,False,,56,0,,,
56,51,True,0.609154,0.6092,none,,,False,,56,0,,,
56,45,True,0.459769,0.4598,none,,,False,,56,0,,,
56,41,True,0.339563,0.3396,none,,,False,,56,0,,,
56,46,True,0.475128,0.4751,none,,,False,,56,0,,,
56,16,True,0.923185,0.9232,none,,,False,,56,0,,,
56,80,True,1.0893,1.0893,none,,,False,,56,0,,,
56,30,True,0.557996,0.558,none,,,False,,56,0,,,
56,22,True,0.568937,0.5689,none,,,False,,56,0,,,
56,72,True,0.435355,0.4354,none,,,False,,56,0,,,
56,20,True,0.318246,0.3182,none,,,False,,56,0,,,
56,54,True,0.344828,0.3448,none,,,False,,56,0,,,
56,88,True,0.758966,0.759,none,,,False,,56,0,,,
56,19,True,0.878903,0.8789,none,,,False,,56,0,,,
56,9,True,0.740987,0.741,none,,,False,,56,0,,,
56,81,True,0.478335,0.4783,none,,,False,,56,0,,,
56,27,True,0.319961,0.32,none,,,False,,56,0,,,
56,77,True,0.327212,0.3272,none,,,False,,56,0,,,
56,90,True,0.479621,0.4796,none,,,False,,56,0,,,
56,64,True,0.313259,0.3133,none,,,False,,56,0,,,
56,69,True,0.66438,0.6644,none,,,False,,56,0,,,
56,96,True,0.513821,0.5138,none,,,False,,56,0,,,
57,1,True,0.917565,0.9176,none,,,False,,57,0,,,
57,35,True,0.479872,0.4799,none,,,False,,57,0,,,
57,38,True,0.262539,0.2625,none,,,False,,57,0,,,
57,11,True,0.139569,0.1396,none,,,False,,57,0,,,
57,0,True,0.489862,0.4899,none,,,False,,57,0,,,
57,31,True,0.800154,0.8002,none,,,False,,57,0,,,
57,18,True,0.794321,0.7943,none,,,False,,57,0,,,
57,52,True,0.423101,0.4231,none,,,False,,57,0,,,
57,92,True,0.266478,0.2665,none,,,False,,57,0,,,
57,10,True,0.379148,0.3791,none,,,False,,57,0,,,
57,19,True,1.071944,1.0719,none,,,False,,57,0,,,
57,95,True,0.691802,0.6918,none,,,False,,57,0,,,
57,57,True,0.666545,0.6665,none,,,False,,57,0,,,
57,64,True,0.490599,0.4906,none,,,False,,57,0,,,
57,17,True,0.627997,0.628,none,,,False,,57,0,,,
57,82,True,0.182489,0.1825,none,,,False,,57,0,,,
57,73,True,0.313131,0.3131,none,,,False,,57,0,,,
57,9,True,0.928867,0.9289,none,,,False,,57,0,,,
57,26,True,0.58115,0.5812,none,,,False,,57,0,,,
57,39,True,0.826083,0.8261,none,,,False,,57,0,,,
57,77,True,0.383258,0.3833,none,,,False,,57,0,,,
57,43,True,0.685088,0.6851,none,,,False,,57,0,,,
57,62,True,0.37894,0.3789,none,,,False,,57,0,,,
57,44,True,0.436972,0.437,none,,,False,,57,0,,,
57,51,True,0.529663,0.5297,none,,,False,,57,0,,,
57,97,True,0.6748,0.6748,none,,,False,,57,0,,,
57,47,True,0.325897,0.3259,none,,,False,,57,0,,,
57,5,True,0.297026,0.297,none,,,False,,57,0,,,
57,25,True,0.361672,0.3617,none,,,False,,57,0,,,
57,33,True,0.360309,0.3603,none,,,False,,57,0,,,
57,4,True,0.375549,0.3755,none,,,False,,57,0,,,
57,60,True,0.305088,0.3051,none,,,False,,57,0,,,
57,71,True,0.800177,0.8002,none,,,False,,57,0,,,
57,99,True,1.272079,1.2721,none,,,False,,57,0,,,
57,63,True,0.386127,0.3861,none,,,False,,57,0,,,
57,87,True,0.631984,0.632,none,,,False,,57,0,,,
57,20,True,0.291046,0.291,none,,,False,,57,0,,,
57,28,True,1.14679,1.1468,none,,,False,,57,0,,,
57,55,True,0.422922,0.4229,none,,,False,,57,0,,,
57,32,True,0.661247,0.6612,none,,,False,,57,0,,,
57,6,True,0.423254,0.4233,none,,,False,,57,0,,,
57,40,True,0.687835,0.6878,none,,,False,,57,0,,,
57,8,True,0.512632,0.5126,none,,,False,,57,0,,,
57,49,True,0.602073,0.6021,none,,,False,,57,0,,,
57,88,True,0.943363,0.9434,none,,,False,,57,0,,,
57,48,True,0.130645,0.1306,none,,,False,,57,0,,,
57,84,True,0.900514,0.9005,none,,,False,,57,0,,,
57,94,True,1.132277,1.1323,none,,,False,,57,0,,,
57,53,True,0.451867,0.4519,none,,,False,,57,0,,,
57,3,True,0.769334,0.7693,none,,,False,,57,0,,,
58,47,True,0.273294,0.2733,none,,,False,,58,0,,,
58,86,True,0.524144,0.5241,none,,,False,,58,0,,,
58,26,True,0.458907,0.4589,none,,,False,,58,0,,,
58,63,True,0.439946,0.4399,none,,,False,,58,0,,,
58,66,True,0.498284,0.4983,none,,,False,,58,0,,,
58,33,True,0.452711,0.4527,none,,,False,,58,0,,,
58,48,True,0.255086,0.2551,none,,,False,,58,0,,,
58,20,True,0.553587,0.5536,none,,,False,,58,0,,,
58,6,True,0.580831,0.5808,none,,,False,,58,0,,,
58,60,True,0.311555,0.3116,none,,,False,,58,0,,,
58,88,True,0.768768,0.7688,none,,,False,,58,0,,,
58,12,True,0.507805,0.5078,none,,,False,,58,0,,,
58,97,True,0.700598,0.7006,none,,,False,,58,0,,,
58,45,True,0.464759,0.4648,none,,,False,,58,0,,,
58,50,True,0.559318,0.5593,none,,,False,,58,0,,,
58,14,True,0.337923,0.3379,none,,,False,,58,0,,,
58,8,True,0.332488,0.3325,none,,,False,,58,0,,,
58,21,True,0.340396,0.3404,none,,,False,,58,0,,,
58,22,True,0.624971,0.625,none,,,False,,58,0,,,
58,3,True,0.684867,0.6849,none,,,False,,58,0,,,
58,99,True,1.031033,1.031,none,,,False,,58,0,,,
58,93,True,0.216692,0.2167,none,,,False,,58,0,,,
58,69,True,0.619991,0.62,none,,,False,,58,0,,,
58,10,True,0.534905,0.5349,none,,,False,,58,0,,,
58,37,True,0.473814,0.4738,none,,,False,,58,0,,,
58,27,True,0.345378,0.3454,none,,,False,,58,0,,,
58,89,True,0.398304,0.3983,none,,,False,,58,0,,,
58,34,True,0.701975,0.702,none,,,False,,58,0,,,
58,71,True,0.591964,0.592,none,,,False,,58,0,,,
58,76,True,1.109941,1.1099,none,,,False,,58,0,,,
58,56,True,0.938725,0.9387,none,,,False,,58,0,,,
58,52,True,0.334032,0.334,none,,,False,,58,0,,,
58,28,True,1.056073,1.0561,none,,,False,,58,0,,,
58,55,True,0.486826,0.4868,none,,,False,,58,0,,,
58,68,True,0.670894,0.6709,none,,,False,,58,0,,,
58,30,True,0.430385,0.4304,none,,,False,,58,0,,,
58,75,True,1.036794,1.0368,none,,,False,,58,0,,,
58,84,True,0.996556,0.9966,none,,,False,,58,0,,,
58,73,True,0.349024,0.349,none,,,False,,58,0,,,
58,42,True,1.292996,1.293,none,,,False,,58,0,,,
58,32,True,0.559149,0.5591,none,,,False,,58,0,,,
58,4,True,0.498237,0.4982,none,,,False,,58,0,,,
58,91,True,0.607983,0.608,none,,,False,,58,0,,,
58,72,True,0.48689,0.4869,none,,,False,,58,0,,,
58,2,True,0.387457,0.3875,none,,,False,,58,0,,,
58,1,True,0.859866,0.8599,none,,,False,,58,0,,,
58,58,True,0.488891,0.4889,none,,,False,,58,0,,,
58,29,True,0.69088,0.6909,none,,,False,,58,0,,,
58,43,True,0.39153,0.3915,none,,,False,,58,0,,,
58,80,True,1.091942,1.0919,none,,,False,,58,0,,,
59,88,True,0.846036,0.846,none,,,False,,59,0,,,
59,27,True,0.22744,0.2274,none,,,False,,59,0,,,
59,76,True,0.85088,0.8509,none,,,False,,59,0,,,
59,34,True,0.569513,0.5695,none,,,False,,59,0,,,
59,30,True,0.514228,0.5142,none,,,False,,59,0,,,
59,41,True,0.302148,0.3021,none,,,False,,59,0,,,
59,50,True,0.424858,0.4249,none,,,False,,59,0,,,
59,74,True,0.448842,0.4488,none,,,False,,59,0,,,
59,13,True,0.363516,0.3635,none,,,False,,59,0,,,
59,70,True,0.577989,0.578,none,,,False,,59,0,,,
59,89,True,0.382224,0.3822,none,,,False,,59,0,,,
59,67,True,0.411682,0.4117,none,,,False,,59,0,,,
59,21,True,0.141423,0.1414,none,,,False,,59,0,,,
59,96,True,0.586215,0.5862,none,,,False,,59,0,,,
59,28,True,0.823095,0.8231,none,,,False,,59,0,,,
59,3,True,0.57158,0.5716,none,,,False,,59,0,,,
59,37,True,0.434465,0.4345,none,,,False,,59,0,,,
59,19,True,0.950661,0.9507,none,,,False,,59,0,,,
59,12,True,0.489341,0.4893,none,,,False,,59,0,,,
59,90,True,0.605797,0.6058,none,,,False,,59,0,,,
59,7,True,0.533027,0.533,none,,,False,,59,0,,,
59,17,True,0.578744,0.5787,none,,,False,,59,0,,,
59,47,True,0.284048,0.284,none,,,False,,59,0,,,
59,92,True,0.296686,0.2967,none,,,False,,59,0,,,
59,8,True,0.222936,0.2229,none,,,False,,59,0,,,
59,36,True,0.362132,0.3621,none,,,False,,59,0,,,
59,77,True,0.342171,0.3422,none,,,False,,59,0,,,
59,26,True,0.603365,0.6034,none,,,False,,59,0,,,
59,10,True,0.373669,0.3737,none,,,False,,59,0,,,
59,86,True,0.568108,0.5681,none,,,False,,59,0,,,
59,49,True,0.621105,0.6211,none,,,False,,59,0,,,
59,22,True,0.671794,0.6718,none,,,False,,59,0,,,
59,99,True,1.20231,1.2023,none,,,False,,59,0,,,
59,5,True,0.358738,0.3587,none,,,False,,59,0,,,
59,85,True,0.114021,0.114,none,,,False,,59,0,,,
59,52,True,0.353153,0.3532,none,,,False,,59,0,,,
59,11,True,0.256574,0.2566,none,,,False,,59,0,,,
59,33,True,0.348336,0.3483,none,,,False,,59,0,,,
59,15,True,0.907767,0.9078,none,,,False,,59,0,,,
59,84,True,0.927343,0.9273,none,,,False,,59,0,,,
59,43,True,0.594964,0.595,none,,,False,,59,0,,,
59,23,True,0.51841,0.5184,none,,,False,,59,0,,,
59,2,True,0.621954,0.622,none,,,False,,59,0,,,
59,62,True,0.433259,0.4333,none,,,False,,59,0,,,
59,95,True,0.801334,0.8013,none,,,False,,59,0,,,
59,24,True,0.50873,0.5087,none,,,False,,59,0,,,
59,60,True,0.462996,0.463,none,,,False,,59,0,,,
59,73,True,0.342528,0.3425,none,,,False,,59,0,,,
59,51,True,0.121896,0.1219,none,,,False,,59,0,,,
59,93,True,0.234662,0.2347,none,,,False,,59,0,,,
60,63,True,0.464319,0.4643,none,,,False,,60,0,,,
60,10,True,0.411998,0.412,none,,,False,,60,0,,,
60,87,True,0.529228,0.5292,none,,,False,,60,0,,,
60,41,True,0.260989,0.261,none,,,False,,60,0,,,
60,61,True,0.474337,0.4743,none,,,False,,60,0,,,
60,95,True,0.765352,0.7654,none,,,False,,60,0,,,
60,56,True,0.774318,0.7743,none,,,False,,60,0,,,
60,92,True,0.37344,0.3734,none,,,False,,60,0,,,
60,67,True,0.470538,0.4705,none,,,False,,60,0,,,
60,66,True,0.485408,0.4854,none,,,False,,60,0,,,
60,11,True,0.388349,0.3883,none,,,False,,60,0,,,
60,9,True,0.871004,0.871,none,,,False,,60,0,,,
60,32,True,0.674664,0.6747,none,,,False,,60,0,,,
60,99,True,1.096706,1.0967,none,,,False,,60,0,,,
60,37,True,0.36721,0.3672,none,,,False,,60,0,,,
60,64,True,0.356014,0.356,none,,,False,,60,0,,,
60,19,True,0.981313,0.9813,none,,,False,,60,0,,,
60,85,True,0.150776,0.1508,none,,,False,,60,0,,,
60,17,True,0.608275,0.6083,none,,,False,,60,0,,,
60,79,True,0.324495,0.3245,none,,,False,,60,0,,,
60,68,True,0.592577,0.5926,none,,,False,,60,0,,,
60,44,True,0.470497,0.4705,none,,,False,,60,0,,,
60,8,True,0.355205,0.3552,none,,,False,,60,0,,,
60,14,True,0.372732,0.3727,none,,,False,,60,0,,,
60,43,True,0.62205,0.6221,none,,,False,,60,0,,,
60,29,True,0.623366,0.6234,none,,,False,,60,0,,,
60,16,True,0.786871,0.7869,none,,,False,,60,0,,,
60,94,True,0.867152,0.8672,none,,,False,,60,0,,,
60,60,True,0.302454,0.3025,none,,,False,,60,0,,,
60,27,True,0.226833,0.2268,none,,,False,,60,0,,,
60,24,True,0.380599,0.3806,none,,,False,,60,0,,,
60,73,True,0.334896,0.3349,none,,,False,,60,0,,,
60,3,True,0.714613,0.7146,none,,,False,,60,0,,,
60,22,True,0.686816,0.6868,none,,,False,,60,0,,,
60,7,True,0.359958,0.36,none,,,False,,60,0,,,
60,72,True,0.372077,0.3721,none,,,False,,60,0,,,
60,82,True,0.286133,0.2861,none,,,False,,60,0,,,
60,69,True,0.581339,0.5813,none,,,False,,60,0,,,
60,23,True,0.490099,0.4901,none,,,False,,60,0,,,
60,20,True,0.422998,0.423,none,,,False,,60,0,,,
60,49,True,0.631543,0.6315,none,,,False,,60,0,,,
60,77,True,0.288466,0.2885,none,,,False,,60,0,,,
60,21,True,0.310988,0.311,none,,,False,,60,0,,,
60,81,True,0.516236,0.5162,none,,,False,,60,0,,,
60,13,True,0.323266,0.3233,none,,,False,,60,0,,,
60,39,True,0.844311,0.8443,none,,,False,,60,0,,,
60,88,True,0.856534,0.8565,none,,,False,,60,0,,,
60,57,True,0.772857,0.7729,none,,,False,,60,0,,,
60,45,True,0.473905,0.4739,none,,,False,,60,0,,,
60,4,True,0.386639,0.3866,none,,,False,,60,0,,,
61,11,True,0.394787,0.3948,none,,,False,,61,0,,,
61,91,True,0.872434,0.8724,none,,,False,,61,0,,,
61,99,True,0.992739,0.9927,none,,,False,,61,0,,,
61,13,True,0.370979,0.371,none,,,False,,61,0,,,
61,93,True,0.327647,0.3276,none,,,False,,61,0,,,
61,38,True,0.160589,0.1606,none,,,False,,61,0,,,
61,94,True,0.883333,0.8833,none,,,False,,61,0,,,
61,87,True,0.439738,0.4397,none,,,False,,61,0,,,
61,30,True,0.470666,0.4707,none,,,False,,61,0,,,
61,80,True,0.935054,0.9351,none,,,False,,61,0,,,
61,66,True,0.323148,0.3231,none,,,False,,61,0,,,
61,12,True,0.658364,0.6584,none,,,False,,61,0,,,
61,35,True,0.412396,0.4124,none,,,False,,61,0,,,
61,42,True,1.399993,1.4,none,,,False,,61,0,,,
61,16,True,1.05816,1.0582,none,,,False,,61,0,,,
61,9,True,0.756641,0.7566,none,,,False,,61,0,,,
61,75,True,1.266369,1.2664,none,,,False,,61,0,,,
61,26,True,0.58807,0.5881,none,,,False,,61,0,,,
61,73,True,0.362751,0.3628,none,,,False,,61,0,,,
61,31,True,0.736325,0.7363,none,,,False,,61,0,,,
61,86,True,0.502165,0.5022,none,,,False,,61,0,,,
61,84,True,1.104964,1.105,none,,,False,,61,0,,,
61,29,True,0.735642,0.7356,none,,,False,,61,0,,,
61,39,True,0.695261,0.6953,none,,,False,,61,0,,,
61,18,True,0.566587,0.5666,none,,,False,,61,0,,,
61,85,True,0.169094,0.1691,none,,,False,,61,0,,,
61,58,True,0.401089,0.4011,none,,,False,,61,0,,,
61,70,True,0.422949,0.4229,none,,,False,,61,0,,,
61,72,True,0.480285,0.4803,none,,,False,,61,0,,,
61,8,True,0.494593,0.4946,none,,,False,,61,0,,,
61,36,True,0.287817,0.2878,none,,,False,,61,0,,,
61,20,True,0.487065,0.4871,none,,,False,,61,0,,,
61,61,True,0.60693,0.6069,none,,,False,,61,0,,,
61,79,True,0.430115,0.4301,none,,,False,,61,0,,,
61,76,True,0.996574,0.9966,none,,,False,,61,0,,,
61,3,True,0.554878,0.5549,none,,,False,,61,0,,,
61,25,True,0.608573,0.6086,none,,,False,,61,0,,,
61,53,True,0.412699,0.4127,none,,,False,,61,0,,,
61,69,True,0.473286,0.4733,none,,,False,,61,0,,,
61,15,True,0.756052,0.7561,none,,,False,,61,0,,,
61,27,True,0.468695,0.4687,none,,,False,,61,0,,,
61,19,True,0.954357,0.9544,none,,,False,,61,0,,,
61,92,True,0.399469,0.3995,none,,,False,,61,0,,,
61,14,True,0.257915,0.2579,none,,,False,,61,0,,,
61,96,True,0.475135,0.4751,none,,,False,,61,0,,,
61,4,True,0.461915,0.4619,none,,,False,,61,0,,,
61,60,True,0.607255,0.6073,none,,,False,,61,0,,,
61,1,True,0.948397,0.9484,none,,,False,,61,0,,,
61,88,True,0.76619,0.7662,none,,,False,,61,0,,,
61,17,True,0.45738,0.4574,none,,,False,,61,0,,,
62,44,True,0.534346,0.5343,none,,,False,,62,0,,,
62,33,True,0.513927,0.5139,none,,,False,,62,0,,,
62,28,True,1.131025,1.131,none,,,False,,62,0,,,
62,25,True,0.388309,0.3883,none,,,False,,62,0,,,
62,34,True,0.790229,0.7902,none,,,False,,62,0,,,
62,48,True,0.183852,0.1839,none,,,False,,62,0,,,
62,37,True,0.482395,0.4824,none,,,False,,62,0,,,
62,54,True,0.316948,0.3169,none,,,False,,62,0,,,
62,92,True,0.393191,0.3932,none,,,False,,62,0,,,
62,80,True,0.894027,0.894,none,,,False,,62,0,,,
62,27,True,0.258777,0.2588,none,,,False,,62,0,,,
62,1,True,0.87586,0.8759,none,,,False,,62,0,,,
62,19,True,1.039084,1.0391,none,,,False,,62,0,,,
62,18,True,0.517686,0.5177,none,,,False,,62,0,,,
62,35,True,0.469612,0.4696,none,,,False,,62,0,,,
62,84,True,0.939513,0.9395,none,,,False,,62,0,,,
62,0,True,0.657705,0.6577,none,,,False,,62,0,,,
62,78,True,0.477456,0.4775,none,,,False,,62,0,,,
62,73,True,0.419181,0.4192,none,,,False,,62,0,,,
62,9,True,0.796552,0.7966,none,,,False,,62,0,,,
62,36,True,0.310629,0.3106,none,,,False,,62,0,,,
62,47,True,0.254723,0.2547,none,,,False,,62,0,,,
62,57,True,0.676904,0.6769,none,,,False,,62,0,,,
62,52,True,0.342108,0.3421,none,,,False,,62,0,,,
62,60,True,0.441327,0.4413,none,,,False,,62,0,,,
62,63,True,0.418965,0.419,none,,,False,,62,0,,,
62,26,True,0.632888,0.6329,none,,,False,,62,0,,,
62,16,True,0.823544,0.8235,none,,,False,,62,0,,,
62,43,True,0.44509,0.4451,none,,,False,,62,0,,,
62,12,True,0.654813,0.6548,none,,,False,,62,0,,,
62,10,True,0.371044,0.371,none,,,False,,62,0,,,
62,39,True,0.851881,0.8519,none,,,False,,62,0,,,
62,89,True,0.485653,0.4857,none,,,False,,62,0,,,
62,53,True,0.472877,0.4729,none,,,False,,62,0,,,
62,67,True,0.469908,0.4699,none,,,False,,62,0,,,
62,30,True,0.518883,0.5189,none,,,False,,62,0,,,
62,7,True,0.315098,0.3151,none,,,False,,62,0,,,
62,85,True,0.153679,0.1537,none,,,False,,62,0,,,
62,93,True,0.302522,0.3025,none,,,False,,62,0,,,
62,56,True,1.032676,1.0327,none,,,False,,62,0,,,
62,66,True,0.416556,0.4166,none,,,False,,62,0,,,
62,51,True,0.493525,0.4935,none,,,False,,62,0,,,
62,81,True,0.372812,0.3728,none,,,False,,62,0,,,
62,8,True,0.285258,0.2853,none,,,False,,62,0,,,
62,69,True,0.619392,0.6194,none,,,False,,62,0,,,
62,61,True,0.433855,0.4339,none,,,False,,62,0,,,
62,68,True,0.764469,0.7645,none,,,False,,62,0,,,
62,29,True,0.588071,0.5881,none,,,False,,62,0,,,
62,87,True,0.559043,0.559,none,,,False,,62,0,,,
62,22,True,0.618689,0.6187,none,,,False,,62,0,,,
63,49,True,0.567905,0.5679,none,,,False,,63,0,,,
63,16,True,0.818668,0.8187,none,,,False,,63,0,,,
63,34,True,0.649038,0.649,none,,,False,,63,0,,,
63,42,True,1.232954,1.233,none,,,False,,63,0,,,
63,45,True,0.441577,0.4416,none,,,False,,63,0,,,
63,48,True,0.18325,0.1833,none,,,False,,63,0,,,
63,24,True,0.525053,0.5251,none,,,False,,63,0,,,
63,43,True,0.458044,0.458,none,,,False,,63,0,,,
63,47,True,0.304445,0.3044,none,,,False,,63,0,,,
63,28,True,0.896626,0.8966,none,,,False,,63,0,,,
63,31,True,0.727709,0.7277,none,,,False,,63,0,,,
63,27,True,0.259156,0.2592,none,,,False,,63,0,,,
63,60,True,0.374766,0.3748,none,,,False,,63,0,,,
63,95,True,0.834978,0.835,none,,,False,,63,0,,,
63,89,True,0.194623,0.1946,none,,,False,,63,0,,,
63,26,True,0.545052,0.5451,none,,,False,,63,0,,,
63,97,True,0.749059,0.7491,none,,,False,,63,0,,,
63,10,True,0.400513,0.4005,none,,,False,,63,0,,,
63,61,True,0.489296,0.4893,none,,,False,,63,0,,,
63,73,True,0.364739,0.3647,none,,,False,,63,0,,,
63,21,True,0.243428,0.2434,none,,,False,,63,0,,,
63,4,True,0.345005,0.345,none,,,False,,63,0,,,
63,84,True,0.873154,0.8732,none,,,False,,63,0,,,
63,50,True,0.440177,0.4402,none,,,False,,63,0,,,
63,29,True,0.641467,0.6415,none,,,False,,63,0,,,
63,56,True,0.90023,0.9002,none,,,False,,63,0,,,
63,6,True,0.454149,0.4541,none,,,False,,63,0,,,
63,70,True,0.454499,0.4545,none,,,False,,63,0,,,
63,55,True,0.56927,0.5693,none,,,False,,63,0,,,
63,52,True,0.246118,0.2461,none,,,False,,63,0,,,
63,94,True,1.057975,1.058,none,,,False,,63,0,,,
63,64,True,0.409725,0.4097,none,,,False,,63,0,,,
63,11,True,0.41279,0.4128,none,,,False,,63,0,,,
63,66,True,0.427299,0.4273,none,,,False,,63,0,,,
63,33,True,0.479147,0.4791,none,,,False,,63,0,,,
63,62,True,0.345894,0.3459,none,,,False,,63,0,,,
63,38,True,0.339513,0.3395,none,,,False,,63,0,,,
63,91,True,0.715465,0.7155,none,,,False,,63,0,,,
63,88,True,0.883829,0.8838,none,,,False,,63,0,,,
63,35,True,0.488765,0.4888,none,,,False,,63,0,,,
63,39,True,0.805281,0.8053,none,,,False,,63,0,,,
63,22,True,0.70719,0.7072,none,,,False,,63,0,,,
63,54,True,0.290997,0.291,none,,,False,,63,0,,,
63,90,True,0.579486,0.5795,none,,,False,,63,0,,,
63,13,True,0.389371,0.3894,none,,,False,,63,0,,,
63,20,True,0.45438,0.4544,none,,,False,,63,0,,,
63,75,True,1.11109,1.1111,none,,,False,,63,0,,,
63,87,True,0.591406,0.5914,none,,,False,,63,0,,,
63,25,True,0.316379,0.3164,none,,,False,,63,0,,,
63,41,True,0.231315,0.2313,none,,,False,,63,0,,,
64,7,True,0.30633,0.3063,none,,,False,,64,0,,,
64,50,True,0.554994,0.555,none,,,False,,64,0,,,
64,82,True,0.260367,0.2604,none,,,False,,64,0,,,
64,72,True,0.428691,0.4287,none,,,False,,64,0,,,
64,76,True,1.089613,1.0896,none,,,False,,64,0,,,
64,95,True,0.666684,0.6667,none,,,False,,64,0,,,
64,24,True,0.403376,0.4034,none,,,False,,64,0,,,
64,42,True,1.168635,1.1686,none,,,False,,64,0,,,
64,39,True,0.803101,0.8031,none,,,False,,64,0,,,
64,4,True,0.387689,0.3877,none,,,False,,64,0,,,
64,1,True,0.948506,0.9485,none,,,False,,64,0,,,
64,64,True,0.419664,0.4197,none,,,False,,64,0,,,
64,5,True,0.255917,0.2559,none,,,False,,64,0,,,
64,77,True,0.301872,0.3019,none,,,False,,64,0,,,
64,29,True,0.701887,0.7019,none,,,False,,64,0,,,
64,22,True,0.669322,0.6693,none,,,False,,64,0,,,
64,86,True,0.482705,0.4827,none,,,False,,64,0,,,
64,66,True,0.336125,0.3361,none,,,False,,64,0,,,
64,17,True,0.612283,0.6123,none,,,False,,64,0,,,
64,81,True,0.513637,0.5136,none,,,False,,64,0,,,
64,28,True,1.005459,1.0055,none,,,False,,64,0,,,
64,40,True,0.797158,0.7972,none,,,False,,64,0,,,
64,20,True,0.303978,0.304,none,,,False,,64,0,,,
64,27,True,0.17424,0.1742,none,,,False,,64,0,,,
64,57,True,0.67442,0.6744,none,,,False,,64,0,,,
64,91,True,0.776036,0.776,none,,,False,,64,0,,,
64,85,True,0.144639,0.1446,none,,,False,,64,0,,,
64,94,True,0.708444,0.7084,none,,,False,,64,0,,,
64,46,True,0.604586,0.6046,none,,,False,,64,0,,,
64,45,True,0.49386,0.4939,none,,,False,,64,0,,,
64,90,True,0.391201,0.3912,none,,,False,,64,0,,,
64,78,True,0.286572,0.2866,none,,,False,,64,0,,,
64,61,True,0.500817,0.5008,none,,,False,,64,0,,,
64,16,True,0.532173,0.5322,none,,,False,,64,0,,,
64,62,True,0.296202,0.2962,none,,,False,,64,0,,,
64,53,True,0.591855,0.5919,none,,,False,,64,0,,,
64,54,True,0.334171,0.3342,none,,,False,,64,0,,,
64,9,True,0.714544,0.7145,none,,,False,,64,0,,,
64,38,True,0.27632,0.2763,none,,,False,,64,0,,,
64,71,True,0.77213,0.7721,none,,,False,,64,0,,,
64,8,True,0.399507,0.3995,none,,,False,,64,0,,,
64,80,True,0.930332,0.9303,none,,,False,,64,0,,,
64,74,True,0.354981,0.355,none,,,False,,64,0,,,
64,25,True,0.320998,0.321,none,,,False,,64,0,,,
64,84,True,0.915439,0.9154,none,,,False,,64,0,,,
64,48,True,0.159054,0.1591,none,,,False,,64,0,,,
64,59,True,0.363153,0.3632,none,,,False,,64,0,,,
64,65,True,0.420628,0.4206,none,,,False,,64,0,,,
64,41,True,0.287506,0.2875,none,,,False,,64,0,,,
64,92,True,0.366488,0.3665,none,,,False,,64,0,,,
65,31,True,0.857814,0.8578,none,,,False,,65,0,,,
65,41,True,0.312983,0.313,none,,,False,,65,0,,,
65,44,True,0.45549,0.4555,none,,,False,,65,0,,,
65,1,True,0.900733,0.9007,none,,,False,,65,0,,,
65,62,True,0.404382,0.4044,none,,,False,,65,0,,,
65,86,True,0.327095,0.3271,none,,,False,,65,0,,,
65,76,True,0.987232,0.9872,none,,,False,,65,0,,,
65,34,True,0.636317,0.6363,none,,,False,,65,0,,,
65,90,True,0.583312,0.5833,none,,,False,,65,0,,,
65,95,True,0.765233,0.7652,none,,,False,,65,0,,,
65,93,True,0.226567,0.2266,none,,,False,,65,0,,,
65,47,True,0.2936,0.2936,none,,,False,,65,0,,,
65,56,True,0.900236,0.9002,none,,,False,,65,0,,,
65,97,True,0.760017,0.76,none,,,False,,65,0,,,
65,68,True,0.684891,0.6849,none,,,False,,65,0,,,
65,46,True,0.607427,0.6074,none,,,False,,65,0,,,
65,43,True,0.701201,0.7012,none,,,False,,65,0,,,
65,45,True,0.4651,0.4651,none,,,False,,65,0,,,
65,35,True,0.440401,0.4404,none,,,False,,65,0,,,
65,17,True,0.603859,0.6039,none,,,False,,65,0,,,
65,2,True,0.638812,0.6388,none,,,False,,65,0,,,
65,77,True,0.317955,0.318,none,,,False,,65,0,,,
65,64,True,0.407209,0.4072,none,,,False,,65,0,,,
65,92,True,0.185373,0.1854,none,,,False,,65,0,,,
65,50,True,0.501456,0.5015,none,,,False,,65,0,,,
65,71,True,0.845327,0.8453,none,,,False,,65,0,,,
65,28,True,1.134096,1.1341,none,,,False,,65,0,,,
65,80,True,0.71906,0.7191,none,,,False,,65,0,,,
65,91,True,0.830253,0.8303,none,,,False,,65,0,,,
65,73,True,0.382858,0.3829,none,,,False,,65,0,,,
65,40,True,0.972595,0.9726,none,,,False,,65,0,,,
65,30,True,0.529565,0.5296,none,,,False,,65,0,,,
65,38,True,0.216577,0.2166,none,,,False,,65,0,,,
65,6,True,0.535212,0.5352,none,,,False,,65,0,,,
65,58,True,0.349831,0.3498,none,,,False,,65,0,,,
65,88,True,0.874916,0.8749,none,,,False,,65,0,,,
65,96,True,0.431078,0.4311,none,,,False,,65,0,,,
65,18,True,0.661547,0.6615,none,,,False,,65,0,,,
65,66,True,0.437672,0.4377,none,,,False,,65,0,,,
65,82,True,0.211187,0.2112,none,,,False,,65,0,,,
65,85,True,0.164485,0.1645,none,,,False,,65,0,,,
65,39,True,0.779095,0.7791,none,,,False,,65,0,,,
65,59,True,0.282644,0.2826,none,,,False,,65,0,,,
65,84,True,0.990296,0.9903,none,,,False,,65,0,,,
65,12,True,0.62212,0.6221,none,,,False,,65,0,,,
65,81,True,0.246656,0.2467,none,,,False,,65,0,,,
65,74,True,0.315407,0.3154,none,,,False,,65,0,,,
65,65,True,0.34459,0.3446,none,,,False,,65,0,,,
65,26,True,0.668989,0.669,none,,,False,,65,0,,,
65,57,True,0.720884,0.7209,none,,,False,,65,0,,,
66,55,True,0.552688,0.5527,none,,,False,,66,0,,,
66,35,True,0.63807,0.6381,none,,,False,,66,0,,,
66,49,True,0.690737,0.6907,none,,,False,,66,0,,,
66,53,True,0.684924,0.6849,none,,,False,,66,0,,,
66,98,True,0.119255,0.1193,none,,,False,,66,0,,,
66,76,True,0.815268,0.8153,none,,,False,,66,0,,,
66,44,True,0.368402,0.3684,none,,,False,,66,0,,,
66,13,True,0.471488,0.4715,none,,,False,,66,0,,,
66,5,True,0.427812,0.4278,none,,,False,,66,0,,,
66,41,True,0.231004,0.231,none,,,False,,66,0,,,
66,23,True,0.44902,0.449,none,,,False,,66,0,,,
66,57,True,0.680247,0.6802,none,,,False,,66,0,,,
66,63,True,0.496795,0.4968,none,,,False,,66,0,,,
66,77,True,0.342643,0.3426,none,,,False,,66,0,,,
66,33,True,0.518682,0.5187,none,,,False,,66,0,,,
66,19,True,0.896895,0.8969,none,,,False,,66,0,,,
66,56,True,0.609834,0.6098,none,,,False,,66,0,,,
66,43,True,0.578652,0.5787,none,,,False,,66,0,,,
66,78,True,0.812521,0.8125,none,,,False,,66,0,,,
66,64,True,0.44156,0.4416,none,,,False,,66,0,,,
66,80,True,1.029842,1.0298,none,,,False,,66,0,,,
66,27,True,0.394056,0.3941,none,,,False,,66,0,,,
66,1,True,0.887027,0.887,none,,,False,,66,0,,,
66,67,True,0.553021,0.553,none,,,False,,66,0,,,
66,15,True,0.835136,0.8351,none,,,False,,66,0,,,
66,92,True,0.276124,0.2761,none,,,False,,66,0,,,
66,0,True,0.482414,0.4824,none,,,False,,66,0,,,
66,9,True,0.871492,0.8715,none,,,False,,66,0,,,
66,99,True,1.154088,1.1541,none,,,False,,66,0,,,
66,83,True,0.462589,0.4626,none,,,False,,66,0,,,
66,7,True,0.532219,0.5322,none,,,False,,66,0,,,
66,8,True,0.399312,0.3993,none,,,False,,66,0,,,
66,68,True,0.572583,0.5726,none,,,False,,66,0,,,
66,51,True,0.558761,0.5588,none,,,False,,66,0,,,
66,37,True,0.588059,0.5881,none,,,False,,66,0,,,
66,25,True,0.576826,0.5768,none,,,False,,66,0,,,
66,10,True,0.637133,0.6371,none,,,False,,66,0,,,
66,14,True,0.296297,0.2963,none,,,False,,66,0,,,
66,12,True,0.559633,0.5596,none,,,False,,66,0,,,
66,61,True,0.645318,0.6453,none,,,False,,66,0,,,
66,60,True,0.500897,0.5009,none,,,False,,66,0,,,
66,69,True,0.693437,0.6934,none,,,False,,66,0,,,
66,87,True,0.586821,0.5868,none,,,False,,66,0,,,
66,86,True,0.671135,0.6711,none,,,False,,66,0,,,
66,74,True,0.351908,0.3519,none,,,False,,66,0,,,
66,93,True,0.205318,0.2053,none,,,False,,66,0,,,
66,32,True,0.518735,0.5187,none,,,False,,66,0,,,
66,54,True,0.248825,0.2488,none,,,False,,66,0,,,
66,91,True,0.70398,0.704,none,,,False,,66,0,,,
66,36,True,0.321826,0.3218,none,,,False,,66,0,,,
67,88,True,0.837879,0.8379,none,,,False,,67,0,,,
67,67,True,0.489075,0.4891,none,,,False,,67,0,,,
67,31,True,0.749895,0.7499,none,,,False,,67,0,,,
67,78,True,0.552069,0.5521,none,,,False,,67,0,,,
67,47,True,0.275008,0.275,none,,,False,,67,0,,,
67,82,True,0.283077,0.2831,none,,,False,,67,0,,,
67,6,True,0.445037,0.445,none,,,False,,67,0,,,
67,8,True,0.278182,0.2782,none,,,False,,67,0,,,
67,4,True,0.41599,0.416,none,,,False,,67,0,,,
67,98,True,0.151857,0.1519,none,,,False,,67,0,,,
67,70,True,0.41306,0.4131,none,,,False,,67,0,,,
67,56,True,0.929714,0.9297,none,,,False,,67,0,,,
67,63,True,0.376386,0.3764,none,,,False,,67,0,,,
67,68,True,0.59105,0.5911,none,,,False,,67,0,,,
67,52,True,0.287741,0.2877,none,,,False,,67,0,,,
67,54,True,0.302387,0.3024,none,,,False,,67,0,,,
67,51,True,0.515234,0.5152,none,,,False,,67,0,,,
67,42,True,1.379057,1.3791,none,,,False,,67,0,,,
67,19,True,1.153353,1.1534,none,,,False,,67,0,,,
67,1,True,0.933422,0.9334,none,,,False,,67,0,,,
67,64,True,0.254008,0.254,none,,,False,,67,0,,,
67,3,True,0.586601,0.5866,none,,,False,,67,0,,,
67,13,True,0.328911,0.3289,none,,,False,,67,0,,,
67,62,True,0.413901,0.4139,none,,,False,,67,0,,,
67,75,True,1.136427,1.1364,none,,,False,,67,0,,,
67,7,True,0.327017,0.327,none,,,False,,67,0,,,
67,99,True,0.831162,0.8312,none,,,False,,67,0,,,
67,74,True,0.423452,0.4235,none,,,False,,67,0,,,
67,9,True,0.569561,0.5696,none,,,False,,67,0,,,
67,49,True,0.628242,0.6282,none,,,False,,67,0,,,
67,28,True,1.067518,1.0675,none,,,False,,67,0,,,
67,23,True,0.440144,0.4401,none,,,False,,67,0,,,
67,61,True,0.399676,0.3997,none,,,False,,67,0,,,
67,84,True,0.975121,0.9751,none,,,False,,67,0,,,
67,22,True,0.765902,0.7659,none,,,False,,67,0,,,
67,41,True,0.178976,0.179,none,,,False,,67,0,,,
67,48,True,0.227152,0.2272,none,,,False,,67,0,,,
67,38,True,0.264536,0.2645,none,,,False,,67,0,,,
67,40,True,1.069737,1.0697,none,,,False,,67,0,,,
67,72,True,0.358134,0.3581,none,,,False,,67,0,,,
67,93,True,0.144802,0.1448,none,,,False,,67,0,,,
67,59,True,0.276804,0.2768,none,,,False,,67,0,,,
67,27,True,0.301173,0.3012,none,,,False,,67,0,,,
67,60,True,0.36977,0.3698,none,,,False,,67,0,,,
67,77,True,0.338186,0.3382,none,,,False,,67,0,,,
67,2,True,0.566921,0.5669,none,,,False,,67,0,,,
67,18,True,0.503222,0.5032,none,,,False,,67,0,,,
67,50,True,0.528901,0.5289,none,,,False,,67,0,,,
67,44,True,0.467096,0.4671,none,,,False,,67,0,,,
67,80,True,0.958739,0.9587,none,,,False,,67,0,,,
68,26,True,0.663864,0.6639,none,,,False,,68,0,,,
68,97,True,0.769126,0.7691,none,,,False,,68,0,,,
68,29,True,0.660689,0.6607,none,,,False,,68,0,,,
68,3,True,0.544546,0.5445,none,,,False,,68,0,,,
68,5,True,0.238002,0.238,none,,,False,,68,0,,,
68,35,True,0.578907,0.5789,none,,,False,,68,0,,,
68,2,True,0.516316,0.5163,none,,,False,,68,0,,,
68,34,True,0.685851,0.6859,none,,,False,,68,0,,,
68,72,True,0.470519,0.4705,none,,,False,,68,0,,,
68,91,True,0.749806,0.7498,none,,,False,,68,0,,,
68,76,True,1.035741,1.0357,none,,,False,,68,0,,,
68,42,True,1.227124,1.2271,none,,,False,,68,0,,,
68,16,True,0.718631,0.7186,none,,,False,,68,0,,,
68,11,True,0.281092,0.2811,none,,,False,,68,0,,,
68,7,True,0.419597,0.4196,none,,,False,,68,0,,,
68,6,True,0.430306,0.4303,none,,,False,,68,0,,,
68,51,True,0.596444,0.5964,none,,,False,,68,0,,,
68,96,True,0.457216,0.4572,none,,,False,,68,0,,,
68,45,True,0.315457,0.3155,none,,,False,,68,0,,,
68,74,True,0.355076,0.3551,none,,,False,,68,0,,,
68,20,True,0.496027,0.496,none,,,False,,68,0,,,
68,36,True,0.395198,0.3952,none,,,False,,68,0,,,
68,43,True,0.515748,0.5157,none,,,False,,68,0,,,
68,93,True,0.16433,0.1643,none,,,False,,68,0,,,
68,85,True,0.154699,0.1547,none,,,False,,68,0,,,
68,92,True,0.426891,0.4269,none,,,False,,68,0,,,
68,60,True,0.397197,0.3972,none,,,False,,68,0,,,
68,78,True,0.55699,0.557,none,,,False,,68,0,,,
68,53,True,0.61684,0.6168,none,,,False,,68,0,,,
68,4,True,0.353718,0.3537,none,,,False,,68,0,,,
68,87,True,0.644581,0.6446,none,,,False,,68,0,,,
68,31,True,0.692283,0.6923,none,,,False,,68,0,,,
68,22,True,0.509367,0.5094,none,,,False,,68,0,,,
68,95,True,0.469234,0.4692,none,,,False,,68,0,,,
68,56,True,0.713552,0.7136,none,,,False,,68,0,,,
68,24,True,0.398158,0.3982,none,,,False,,68,0,,,
68,68,True,0.686461,0.6865,none,,,False,,68,0,,,
68,57,True,0.674622,0.6746,none,,,False,,68,0,,,
68,58,True,0.370482,0.3705,none,,,False,,68,0,,,
68,21,True,0.497827,0.4978,none,,,False,,68,0,,,
68,0,True,0.539234,0.5392,none,,,False,,68,0,,,
68,50,True,0.427005,0.427,none,,,False,,68,0,,,
68,77,True,0.31374,0.3137,none,,,False,,68,0,,,
68,88,True,0.638746,0.6387,none,,,False,,68,0,,,
68,70,True,0.37626,0.3763,none,,,False,,68,0,,,
68,30,True,0.472248,0.4722,none,,,False,,68,0,,,
68,38,True,0.047697,0.0477,none,,,False,,68,0,,,
68,40,True,0.77231,0.7723,none,,,False,,68,0,,,
68,80,True,0.830819,0.8308,none,,,False,,68,0,,,
68,75,True,1.092439,1.0924,none,,,False,,68,0,,,
69,74,True,0.201555,0.2016,none,,,False,,69,0,,,
69,19,True,1.09573,1.0957,none,,,False,,69,0,,,
69,66,True,0.378673,0.3787,none,,,False,,69,0,,,
69,36,True,0.362289,0.3623,none,,,False,,69,0,,,
69,3,True,0.539544,0.5395,none,,,False,,69,0,,,
69,16,True,0.594468,0.5945,none,,,False,,69,0,,,
69,84,True,1.077981,1.078,none,,,False,,69,0,,,
69,75,True,1.170541,1.1705,none,,,False,,69,0,,,
69,37,True,0.591233,0.5912,none,,,False,,69,0,,,
69,40,True,0.783553,0.7836,none,,,False,,69,0,,,
69,35,True,0.529451,0.5295,none,,,False,,69,0,,,
69,49,True,0.638208,0.6382,none,,,False,,69,0,,,
69,76,True,0.719308,0.7193,none,,,False,,69,0,,,
69,9,True,0.75903,0.759,none,,,False,,69,0,,,
69,32,True,0.704558,0.7046,none,,,False,,69,0,,,
69,60,True,0.284156,0.2842,none,,,False,,69,0,,,
69,94,True,1.188005,1.188,none,,,False,,69,0,,,
69,18,True,0.441105,0.4411,none,,,False,,69,0,,,
69,65,True,0.360825,0.3608,none,,,False,,69,0,,,
69,64,True,0.498446,0.4984,none,,,False,,69,0,,,
69,46,True,0.454529,0.4545,none,,,False,,69,0,,,
69,8,True,0.39251,0.3925,none,,,False,,69,0,,,
69,41,True,0.187717,0.1877,none,,,False,,69,0,,,
69,54,True,0.38567,0.3857,none,,,False,,69,0,,,
69,99,True,1.262978,1.263,none,,,False,,69,0,,,
69,14,True,0.271878,0.2719,none,,,False,,69,0,,,
69,30,True,0.485868,0.4859,none,,,False,,69,0,,,
69,10,True,0.546631,0.5466,none,,,False,,69,0,,,
69,88,True,0.779401,0.7794,none,,,False,,69,0,,,
69,17,True,0.680704,0.6807,none,,,False,,69,0,,,
69,93,True,0.147394,0.1474,none,,,False,,69,0,,,
69,83,True,0.465433,0.4654,none,,,False,,69,0,,,
69,62,True,0.314816,0.3148,none,,,False,,69,0,,,
69,11,True,0.39395,0.3939,none,,,False,,69,0,,,
69,92,True,0.348024,0.348,none,,,False,,69,0,,,
69,1,True,1.080854,1.0809,none,,,False,,69,0,,,
69,58,True,0.417713,0.4177,none,,,False,,69,0,,,
69,85,True,0.161182,0.1612,none,,,False,,69,0,,,
69,55,True,0.409295,0.4093,none,,,False,,69,0,,,
69,15,True,0.676014,0.676,none,,,False,,69,0,,,
69,2,True,0.512524,0.5125,none,,,False,,69,0,,,
69,87,True,0.659958,0.66,none,,,False,,69,0,,,
69,51,True,0.547277,0.5473,none,,,False,,69,0,,,
69,45,True,0.559201,0.5592,none,,,False,,69,0,,,
69,43,True,0.556451,0.5565,none,,,False,,69,0,,,
69,91,True,0.554489,0.5545,none,,,False,,69,0,,,
69,61,True,0.56779,0.5678,none,,,False,,69,0,,,
69,25,True,0.481461,0.4815,none,,,False,,69,0,,,
69,34,True,0.388003,0.388,none,,,False,,69,0,,,
69,95,True,0.652452,0.6525,none,,,False,,69,0,,,
70,21,True,0.353682,0.3537,none,,,False,,70,0,,,
70,55,True,0.520422,0.5204,none,,,False,,70,0,,,
70,79,True,0.357921,0.3579,none,,,False,,70,0,,,
70,33,True,0.355202,0.3552,none,,,False,,70,0,,,
70,71,True,0.731895,0.7319,none,,,False,,70,0,,,
70,80,True,1.004816,1.0048,none,,,False,,70,0,,,
70,37,True,0.369174,0.3692,none,,,False,,70,0,,,
70,61,True,0.568527,0.5685,none,,,False,,70,0,,,
70,2,True,0.47221,0.4722,none,,,False,,70,0,,,
70,90,True,0.538732,0.5387,none,,,False,,70,0,,,
70,50,True,0.527396,0.5274,none,,,False,,70,0,,,
70,11,True,0.349108,0.3491,none,,,False,,70,0,,,
70,20,True,0.452041,0.452,none,,,False,,70,0,,,
70,99,True,0.95356,0.9536,none,,,False,,70,0,,,
70,28,True,1.066226,1.0662,none,,,False,,70,0,,,
70,92,True,0.266826,0.2668,none,,,False,,70,0,,,
70,64,True,0.37135,0.3713,none,,,False,,70,0,,,
70,86,True,0.480153,0.4802,none,,,False,,70,0,,,
70,40,True,0.985118,0.9851,none,,,False,,70,0,,,
70,84,True,0.958712,0.9587,none,,,False,,70,0,,,
70,43,True,0.556568,0.5566,none,,,False,,70,0,,,
70,42,True,1.282763,1.2828,none,,,False,,70,0,,,
70,8,True,0.389596,0.3896,none,,,False,,70,0,,,
70,4,True,0.417455,0.4175,none,,,False,,70,0,,,
70,58,True,0.382445,0.3824,none,,,False,,70,0,,,
70,25,True,0.295455,0.2955,none,,,False,,70,0,,,
70,74,True,0.398623,0.3986,none,,,False,,70,0,,,
70,47,True,0.314196,0.3142,none,,,False,,70,0,,,
70,57,True,0.464391,0.4644,none,,,False,,70,0,,,
70,62,True,0.421092,0.4211,none,,,False,,70,0,,,
70,19,True,1.083036,1.083,none,,,False,,70,0,,,
70,76,True,1.02589,1.0259,none,,,False,,70,0,,,
70,95,True,0.646397,0.6464,none,,,False,,70,0,,,
70,54,True,0.363459,0.3635,none,,,False,,70,0,,,
70,34,True,0.680001,0.68,none,,,False,,70,0,,,
70,17,True,0.571552,0.5716,none,,,False,,70,0,,,
70,70,True,0.346095,0.3461,none,,,False,,70,0,,,
70,51,True,0.416482,0.4165,none,,,False,,70,0,,,
70,60,True,0.490465,0.4905,none,,,False,,70,0,,,
70,39,True,0.789533,0.7895,none,,,False,,70,0,,,
70,15,True,0.70624,0.7062,none,,,False,,70,0,,,
70,30,True,0.434602,0.4346,none,,,False,,70,0,,,
70,63,True,0.363633,0.3636,none,,,False,,70,0,,,
70,48,True,0.212929,0.2129,none,,,False,,70,0,,,
70,49,True,0.611081,0.6111,none,,,False,,70,0,,,
70,53,True,0.50698,0.507,none,,,False,,70,0,,,
70,36,True,0.354169,0.3542,none,,,False,,70,0,,,
70,24,True,0.515014,0.515,none,,,False,,70,0,,,
70,12,True,0.580024,0.58,none,,,False,,70,0,,,
70,97,True,0.695101,0.6951,none,,,False,,70,0,,,
71,64,True,0.386899,0.3869,none,,,False,,71,0,,,
71,87,True,0.681806,0.6818,none,,,False,,71,0,,,
71,78,True,0.546973,0.547,none,,,False,,71,0,,,
71,18,True,0.457842,0.4578,none,,,False,,71,0,,,
71,92,True,0.314222,0.3142,none,,,False,,71,0,,,
71,97,True,0.479452,0.4795,none,,,False,,71,0,,,
71,38,True,0.366993,0.367,none,,,False,,71,0,,,
71,22,True,0.693132,0.6931,none,,,False,,71,0,,,
71,42,True,1.251295,1.2513,none,,,False,,71,0,,,
71,57,True,0.706815,0.7068,none,,,False,,71,0,,,
71,65,True,0.401616,0.4016,none,,,False,,71,0,,,
71,61,True,0.446032,0.446,none,,,False,,71,0,,,
71,67,True,0.523547,0.5235,none,,,False,,71,0,,,
71,29,True,0.683602,0.6836,none,,,False,,71,0,,,
71,34,True,0.566563,0.5666,none,,,False,,71,0,,,
71,28,True,1.048151,1.0482,none,,,False,,71,0,,,
71,10,True,0.477832,0.4778,none,,,False,,71,0,,,
71,16,True,0.481397,0.4814,none,,,False,,71,0,,,
71,52,True,0.371224,0.3712,none,,,False,,71,0,,,
71,40,True,0.760644,0.7606,none,,,False,,71,0,,,
71,6,True,0.327924,0.3279,none,,,False,,71,0,,,
71,62,True,0.351782,0.3518,none,,,False,,71,0,,,
71,13,True,0.407422,0.4074,none,,,False,,71,0,,,
71,88,True,0.790918,0.7909,none,,,False,,71,0,,,
71,19,True,1.020941,1.0209,none,,,False,,71,0,,,
71,25,True,0.00669,0.0067,none,,,False,,71,0,,,
71,68,True,0.445936,0.4459,none,,,False,,71,0,,,
71,49,True,0.682694,0.6827,none,,,False,,71,0,,,
71,11,True,0.412025,0.412,none,,,False,,71,0,,,
71,43,True,0.571915,0.5719,none,,,False,,71,0,,,
71,96,True,0.505039,0.505,none,,,False,,71,0,,,
71,31,True,0.679202,0.6792,none,,,False,,71,0,,,
71,27,True,0.343105,0.3431,none,,,False,,71,0,,,
71,26,True,0.595847,0.5958,none,,,False,,71,0,,,
71,83,True,0.425956,0.426,none,,,False,,71,0,,,
71,71,True,0.758689,0.7587,none,,,False,,71,0,,,
71,37,True,0.454769,0.4548,none,,,False,,71,0,,,
71,63,True,0.420766,0.4208,none,,,False,,71,0,,,
71,53,True,0.518029,0.518,none,,,False,,71,0,,,
71,51,True,0.622487,0.6225,none,,,False,,71,0,,,
71,56,True,0.753679,0.7537,none,,,False,,71,0,,,
71,35,True,0.526585,0.5266,none,,,False,,71,0,,,
71,55,True,0.483949,0.4839,none,,,False,,71,0,,,
71,4,True,0.36062,0.3606,none,,,False,,71,0,,,
71,0,True,0.553806,0.5538,none,,,False,,71,0,,,
71,66,True,0.479828,0.4798,none,,,False,,71,0,,,
71,50,True,0.539194,0.5392,none,,,False,,71,0,,,
71,69,True,0.617671,0.6177,none,,,False,,71,0,,,
71,7,True,0.405111,0.4051,none,,,False,,71,0,,,
71,54,True,0.277287,0.2773,none,,,False,,71,0,,,
72,36,True,0.418712,0.4187,none,,,False,,72,0,,,
72,35,True,0.557006,0.557,none,,,False,,72,0,,,
72,88,True,0.699963,0.7,none,,,False,,72,0,,,
72,51,True,0.705901,0.7059,none,,,False,,72,0,,,
72,78,True,0.404659,0.4047,none,,,False,,72,0,,,
72,89,True,0.399801,0.3998,none,,,False,,72,0,,,
72,70,True,0.524722,0.5247,none,,,False,,72,0,,,
72,26,True,0.494175,0.4942,none,,,False,,72,0,,,
72,72,True,0.373175,0.3732,none,,,False,,72,0,,,
72,16,True,0.611996,0.612,none,,,False,,72,0,,,
72,65,True,0.401584,0.4016,none,,,False,,72,0,,,
72,87,True,0.610153,0.6102,none,,,False,,72,0,,,
72,49,True,0.611725,0.6117,none,,,False,,72,0,,,
72,91,True,0.577285,0.5773,none,,,False,,72,0,,,
72,27,True,0.301364,0.3014,none,,,False,,72,0,,,
72,0,True,0.507111,0.5071,none,,,False,,72,0,,,
72,13,True,0.200749,0.2007,none,,,False,,72,0,,,
72,41,True,0.26456,0.2646,none,,,False,,72,0,,,
72,61,True,0.600905,0.6009,none,,,False,,72,0,,,
72,31,True,0.506048,0.506,none,,,False,,72,0,,,
72,68,True,0.60408,0.6041,none,,,False,,72,0,,,
72,86,True,0.514166,0.5142,none,,,False,,72,0,,,
72,18,True,0.388418,0.3884,none,,,False,,72,0,,,
72,14,True,0.284882,0.2849,none,,,False,,72,0,,,
72,8,True,0.350172,0.3502,none,,,False,,72,0,,,
72,1,True,0.988487,0.9885,none,,,False,,72,0,,,
72,57,True,0.683066,0.6831,none,,,False,,72,0,,,
72,11,True,0.208933,0.2089,none,,,False,,72,0,,,
72,52,True,0.340728,0.3407,none,,,False,,72,0,,,
72,95,True,0.725288,0.7253,none,,,False,,72,0,,,
72,46,True,-0.452261,-0.4523,none,,,False,,72,0,,,
72,99,True,1.065408,1.0654,none,,,False,,72,0,,,
72,84,True,1.128662,1.1287,none,,,False,,72,0,,,
72,34,True,0.484395,0.4844,none,,,False,,72,0,,,
72,94,True,0.997338,0.9973,none,,,False,,72,0,,,
72,3,True,0.663397,0.6634,none,,,False,,72,0,,,
72,76,True,0.883673,0.8837,none,,,False,,72,0,,,
72,23,True,0.491813,0.4918,none,,,False,,72,0,,,
72,74,True,0.371289,0.3713,none,,,False,,72,0,,,
72,85,True,0.177966,0.178,none,,,False,,72,0,,,
72,75,True,1.216162,1.2162,none,,,False,,72,0,,,
72,24,True,0.453005,0.453,none,,,False,,72,0,,,
72,32,True,0.652211,0.6522,none,,,False,,72,0,,,
72,71,True,0.59012,0.5901,none,,,False,,72,0,,,
72,19,True,1.101873,1.1019,none,,,False,,72,0,,,
72,50,True,0.474069,0.4741,none,,,False,,72,0,,,
72,69,True,0.311495,0.3115,none,,,False,,72,0,,,
72,4,True,0.309377,0.3094,none,,,False,,72,0,,,
72,45,True,0.532264,0.5323,none,,,False,,72,0,,,
72,6,True,0.439239,0.4392,none,,,False,,72,0,,,
73,10,True,0.464815,0.4648,none,,,False,,73,0,,,
73,71,True,0.601672,0.6017,none,,,False,,73,0,,,
73,16,True,0.731445,0.7314,none,,,False,,73,0,,,
73,75,True,1.07089,1.0709,none,,,False,,73,0,,,
73,79,True,0.32076,0.3208,none,,,False,,73,0,,,
73,59,True,0.180249,0.1802,none,,,False,,73,0,,,
73,77,True,0.383278,0.3833,none,,,False,,73,0,,,
73,12,True,0.532115,0.5321,none,,,False,,73,0,,,
73,41,True,0.155626,0.1556,none,,,False,,73,0,,,
73,80,True,1.045312,1.0453,none,,,False,,73,0,,,
73,73,True,0.381705,0.3817,none,,,False,,73,0,,,
73,51,True,0.544572,0.5446,none,,,False,,73,0,,,
73,50,True,0.539972,0.54,none,,,False,,73,0,,,
73,76,True,0.960781,0.9608,none,,,False,,73,0,,,
73,8,True,0.299364,0.2994,none,,,False,,73,0,,,
73,1,True,0.941425,0.9414,none,,,False,,73,0,,,
73,15,True,0.424917,0.4249,none,,,False,,73,0,,,
73,67,True,0.504746,0.5047,none,,,False,,73,0,,,
73,99,True,0.571664,0.5717,none,,,False,,73,0,,,
73,98,True,0.180222,0.1802,none,,,False,,73,0,,,
73,13,True,0.324626,0.3246,none,,,False,,73,0,,,
73,57,True,0.628509,0.6285,none,,,False,,73,0,,,
73,91,True,0.625842,0.6258,none,,,False,,73,0,,,
73,11,True,0.417526,0.4175,none,,,False,,73,0,,,
73,83,True,0.530575,0.5306,none,,,False,,73,0,,,
73,17,True,0.570997,0.571,none,,,False,,73,0,,,
73,3,True,0.625226,0.6252,none,,,False,,73,0,,,
73,19,True,1.05152,1.0515,none,,,False,,73,0,,,
73,47,True,0.321975,0.322,none,,,False,,73,0,,,
73,93,True,0.268199,0.2682,none,,,False,,73,0,,,
73,24,True,0.586819,0.5868,none,,,False,,73,0,,,
73,31,True,0.62309,0.6231,none,,,False,,73,0,,,
73,74,True,0.382514,0.3825,none,,,False,,73,0,,,
73,60,True,0.32716,0.3272,none,,,False,,73,0,,,
73,58,True,0.476668,0.4767,none,,,False,,73,0,,,
73,85,True,0.157406,0.1574,none,,,False,,73,0,,,
73,62,True,0.394272,0.3943,none,,,False,,73,0,,,
73,5,True,0.342825,0.3428,none,,,False,,73,0,,,
73,63,True,0.434498,0.4345,none,,,False,,73,0,,,
73,9,True,0.75836,0.7584,none,,,False,,73,0,,,
73,97,True,0.677334,0.6773,none,,,False,,73,0,,,
73,20,True,0.355359,0.3554,none,,,False,,73,0,,,
73,23,True,0.429202,0.4292,none,,,False,,73,0,,,
73,90,True,0.429579,0.4296,none,,,False,,73,0,,,
73,86,True,0.527417,0.5274,none,,,False,,73,0,,,
73,6,True,0.353649,0.3536,none,,,False,,73,0,,,
73,43,True,0.431862,0.4319,none,,,False,,73,0,,,
73,88,True,0.65727,0.6573,none,,,False,,73,0,,,
73,48,True,0.241937,0.2419,none,,,False,,73,0,,,
73,28,True,0.847324,0.8473,none,,,False,,73,0,,,
74,45,True,0.421794,0.4218,none,,,False,,74,0,,,
74,6,True,0.474095,0.4741,none,,,False,,74,0,,,
74,53,True,0.593884,0.5939,none,,,False,,74,0,,,
74,99,True,1.045923,1.0459,none,,,False,,74,0,,,
74,72,True,0.293336,0.2933,none,,,False,,74,0,,,
74,84,True,1.18715,1.1872,none,,,False,,74,0,,,
74,7,True,0.336361,0.3364,none,,,False,,74,0,,,
74,81,True,0.517852,0.5179,none,,,False,,74,0,,,
74,77,True,0.325891,0.3259,none,,,False,,74,0,,,
74,28,True,1.020757,1.0208,none,,,False,,74,0,,,
74,64,True,0.418964,0.419,none,,,False,,74,0,,,
74,68,True,0.502878,0.5029,none,,,False,,74,0,,,
74,42,True,1.287786,1.2878,none,,,False,,74,0,,,
74,79,True,0.248017,0.248,none,,,False,,74,0,,,
74,91,True,0.739368,0.7394,none,,,False,,74,0,,,
74,24,True,0.45407,0.4541,none,,,False,,74,0,,,
74,76,True,0.89191,0.8919,none,,,False,,74,0,,,
74,58,True,0.349887,0.3499,none,,,False,,74,0,,,
74,89,True,0.323302,0.3233,none,,,False,,74,0,,,
74,4,True,0.370633,0.3706,none,,,False,,74,0,,,
74,94,True,1.01962,1.0196,none,,,False,,74,0,,,
74,27,True,0.253047,0.253,none,,,False,,74,0,,,
74,48,True,0.19801,0.198,none,,,False,,74,0,,,
74,12,True,0.630331,0.6303,none,,,False,,74,0,,,
74,80,True,0.87432,0.8743,none,,,False,,74,0,,,
74,60,True,0.292712,0.2927,none,,,False,,74,0,,,
74,96,True,0.433365,0.4334,none,,,False,,74,0,,,
74,9,True,0.676367,0.6764,none,,,False,,74,0,,,
74,55,True,0.448074,0.4481,none,,,False,,74,0,,,
74,37,True,0.499533,0.4995,none,,,False,,74,0,,,
74,39,True,0.895765,0.8958,none,,,False,,74,0,,,
74,43,True,0.451118,0.4511,none,,,False,,74,0,,,
74,1,True,1.024675,1.0247,none,,,False,,74,0,,,
74,88,True,0.775497,0.7755,none,,,False,,74,0,,,
74,61,True,0.434047,0.434,none,,,False,,74,0,,,
74,11,True,0.283859,0.2839,none,,,False,,74,0,,,
74,97,True,0.583564,0.5836,none,,,False,,74,0,,,
74,51,True,0.582235,0.5822,none,,,False,,74,0,,,
74,5,True,0.320839,0.3208,none,,,False,,74,0,,,
74,78,True,0.685594,0.6856,none,,,False,,74,0,,,
74,32,True,0.704319,0.7043,none,,,False,,74,0,,,
74,33,True,0.49359,0.4936,none,,,False,,74,0,,,
74,98,True,0.100948,0.1009,none,,,False,,74,0,,,
74,54,True,0.385026,0.385,none,,,False,,74,0,,,
74,86,True,0.624924,0.6249,none,,,False,,74,0,,,
74,13,True,0.365217,0.3652,none,,,False,,74,0,,,
74,75,True,1.220241,1.2202,none,,,False,,74,0,,,
74,74,True,0.383638,0.3836,none,,,False,,74,0,,,
74,70,True,0.392981,0.393,none,,,False,,74,0,,,
74,87,True,0.670118,0.6701,none,,,False,,74,0,,,
75,82,True,0.206173,0.2062,none,,,False,,75,0,,,
75,96,True,0.405399,0.4054,none,,,False,,75,0,,,
75,10,True,0.416186,0.4162,none,,,False,,75,0,,,
75,94,True,0.833638,0.8336,none,,,False,,75,0,,,
75,76,True,0.963603,0.9636,none,,,False,,75,0,,,
75,12,True,0.604336,0.6043,none,,,False,,75,0,,,
75,92,True,0.292935,0.2929,none,,,False,,75,0,,,
75,44,True,0.506046,0.506,none,,,False,,75,0,,,
75,9,True,0.849806,0.8498,none,,,False,,75,0,,,
75,1,True,0.836339,0.8363,none,,,False,,75,0,,,
75,45,True,0.413948,0.4139,none,,,False,,75,0,,,
75,99,True,0.921101,0.9211,none,,,False,,75,0,,,
75,19,True,1.036672,1.0367,none,,,False,,75,0,,,
75,87,True,0.57945,0.5794,none,,,False,,75,0,,,
75,71,True,0.723331,0.7233,none,,,False,,75,0,,,
75,7,True,0.305263,0.3053,none,,,False,,75,0,,,
75,50,True,0.479198,0.4792,none,,,False,,75,0,,,
75,61,True,0.440298,0.4403,none,,,False,,75,0,,,
75,30,True,0.514527,0.5145,none,,,False,,75,0,,,
75,14,True,0.374318,0.3743,none,,,False,,75,0,,,
75,37,True,0.434448,0.4344,none,,,False,,75,0,,,
75,66,True,0.454952,0.455,none,,,False,,75,0,,,
75,39,True,0.726309,0.7263,none,,,False,,75,0,,,
75,75,True,1.127374,1.1274,none,,,False,,75,0,,,
75,32,True,0.592214,0.5922,none,,,False,,75,0,,,
75,57,True,0.621143,0.6211,none,,,False,,75,0,,,
75,91,True,0.769964,0.77,none,,,False,,75,0,,,
75,16,True,0.858355,0.8584,none,,,False,,75,0,,,
75,33,True,0.536197,0.5362,none,,,False,,75,0,,,
75,86,True,0.360313,0.3603,none,,,False,,75,0,,,
75,67,True,0.520987,0.521,none,,,False,,75,0,,,
75,42,True,1.281438,1.2814,none,,,False,,75,0,,,
75,73,True,0.385015,0.385,none,,,False,,75,0,,,
75,46,True,0.601248,0.6012,none,,,False,,75,0,,,
75,0,True,0.576089,0.5761,none,,,False,,75,0,,,
75,25,True,0.301129,0.3011,none,,,False,,75,0,,,
75,27,True,0.30194,0.3019,none,,,False,,75,0,,,
75,78,True,0.470723,0.4707,none,,,False,,75,0,,,
75,17,True,0.529867,0.5299,none,,,False,,75,0,,,
75,38,True,0.342565,0.3426,none,,,False,,75,0,,,
75,34,True,0.710656,0.7107,none,,,False,,75,0,,,
75,55,True,0.642907,0.6429,none,,,False,,75,0,,,
75,62,True,0.396608,0.3966,none,,,False,,75,0,,,
75,49,True,0.663204,0.6632,none,,,False,,75,0,,,
75,36,True,0.335295,0.3353,none,,,False,,75,0,,,
75,89,True,0.397245,0.3972,none,,,False,,75,0,,,
75,28,True,0.984328,0.9843,none,,,False,,75,0,,,
75,56,True,0.867457,0.8675,none,,,False,,75,0,,,
75,63,True,0.388948,0.3889,none,,,False,,75,0,,,
75,60,True,0.382101,0.3821,none,,,False,,75,0,,,
76,3,True,0.698806,0.6988,none,,,False,,76,0,,,
76,79,True,0.317701,0.3177,none,,,False,,76,0,,,
76,90,True,0.507129,0.5071,none,,,False,,76,0,,,
76,51,True,0.665047,0.665,none,,,False,,76,0,,,
76,91,True,0.668823,0.6688,none,,,False,,76,0,,,
76,32,True,0.585253,0.5853,none,,,False,,76,0,,,
76,47,True,0.323415,0.3234,none,,,False,,76,0,,,
76,76,True,1.042281,1.0423,none,,,False,,76,0,,,
76,34,True,0.45622,0.4562,none,,,False,,76,0,,,
76,21,True,0.380686,0.3807,none,,,False,,76,0,,,
76,8,True,0.366969,0.367,none,,,False,,76,0,,,
76,46,True,0.466436,0.4664,none,,,False,,76,0,,,
76,35,True,0.583705,0.5837,none,,,False,,76,0,,,
76,62,True,0.328641,0.3286,none,,,False,,76,0,,,
76,42,True,1.306726,1.3067,none,,,False,,76,0,,,
76,18,True,0.264959,0.265,none,,,False,,76,0,,,
76,49,True,0.688132,0.6881,none,,,False,,76,0,,,
76,36,True,0.350509,0.3505,none,,,False,,76,0,,,
76,72,True,0.405642,0.4056,none,,,False,,76,0,,,
76,67,True,0.448784,0.4488,none,,,False,,76,0,,,
76,14,True,0.265045,0.265,none,,,False,,76,0,,,
76,84,True,1.019567,1.0196,none,,,False,,76,0,,,
76,33,True,0.441454,0.4415,none,,,False,,76,0,,,
76,15,True,0.763357,0.7634,none,,,False,,76,0,,,
76,40,True,0.927369,0.9274,none,,,False,,76,0,,,
76,68,True,0.68866,0.6887,none,,,False,,76,0,,,
76,89,True,0.392861,0.3929,none,,,False,,76,0,,,
76,98,True,0.164472,0.1645,none,,,False,,76,0,,,
76,43,True,0.493959,0.494,none,,,False,,76,0,,,
76,10,True,0.41054,0.4105,none,,,False,,76,0,,,
76,45,True,0.458372,0.4584,none,,,False,,76,0,,,
76,60,True,0.296237,0.2962,none,,,False,,76,0,,,
76,17,True,0.582819,0.5828,none,,,False,,76,0,,,
76,64,True,0.277596,0.2776,none,,,False,,76,0,,,
76,28,True,0.848572,0.8486,none,,,False,,76,0,,,
76,58,True,0.500373,0.5004,none,,,False,,76,0,,,
76,54,True,0.3124,0.3124,none,,,False,,76,0,,,
76,9,True,0.788053,0.7881,none,,,False,,76,0,,,
76,11,True,0.417119,0.4171,none,,,False,,76,0,,,
76,66,True,0.448207,0.4482,none,,,False,,76,0,,,
76,85,True,0.178361,0.1784,none,,,False,,76,0,,,
76,13,True,0.384749,0.3847,none,,,False,,76,0,,,
76,92,True,0.254374,0.2544,none,,,False,,76,0,,,
76,22,True,0.755682,0.7557,none,,,False,,76,0,,,
76,77,True,0.341421,0.3414,none,,,False,,76,0,,,
76,69,True,0.582459,0.5825,none,,,False,,76,0,,,
76,24,True,0.544187,0.5442,none,,,False,,76,0,,,
76,65,True,0.435214,0.4352,none,,,False,,76,0,,,
76,6,True,0.313039,0.313,none,,,False,,76,0,,,
76,86,True,0.469782,0.4698,none,,,False,,76,0,,,
77,70,True,0.417286,0.4173,none,,,False,,77,0,,,
77,36,True,0.341945,0.3419,none,,,False,,77,0,,,
77,81,True,0.553113,0.5531,none,,,False,,77,0,,,
77,61,True,0.566462,0.5665,none,,,False,,77,0,,,
77,85,True,0.139145,0.1391,none,,,False,,77,0,,,
77,59,True,0.337018,0.337,none,,,False,,77,0,,,
77,44,True,0.416643,0.4166,none,,,False,,77,0,,,
77,56,True,0.840487,0.8405,none,,,False,,77,0,,,
77,52,True,0.242214,0.2422,none,,,False,,77,0,,,
77,14,True,0.248467,0.2485,none,,,False,,77,0,,,
77,90,True,0.482878,0.4829,none,,,False,,77,0,,,
77,11,True,0.448076,0.4481,none,,,False,,77,0,,,
77,6,True,0.420804,0.4208,none,,,False,,77,0,,,
77,98,True,0.133812,0.1338,none,,,False,,77,0,,,
77,91,True,0.5448,0.5448,none,,,False,,77,0,,,
77,33,True,0.553114,0.5531,none,,,False,,77,0,,,
77,60,True,0.47338,0.4734,none,,,False,,77,0,,,
77,79,True,0.276135,0.2761,none,,,False,,77,0,,,
77,76,True,0.774134,0.7741,none,,,False,,77,0,,,
77,78,True,0.602209,0.6022,none,,,False,,77,0,,,
77,29,True,0.70635,0.7064,none,,,False,,77,0,,,
77,86,True,0.537513,0.5375,none,,,False,,77,0,,,
77,99,True,1.155613,1.1556,none,,,False,,77,0,,,
77,17,True,0.528782,0.5288,none,,,False,,77,0,,,
77,74,True,0.415613,0.4156,none,,,False,,77,0,,,
77,54,True,0.2984,0.2984,none,,,False,,77,0,,,
77,39,True,0.818088,0.8181,none,,,False,,77,0,,,
77,26,True,0.434692,0.4347,none,,,False,,77,0,,,
77,16,True,0.733638,0.7336,none,,,False,,77,0,,,
77,65,True,0.428153,0.4282,none,,,False,,77,0,,,
77,97,True,0.551665,0.5517,none,,,False,,77,0,,,
77,25,True,0.390287,0.3903,none,,,False,,77,0,,,
77,27,True,0.354897,0.3549,none,,,False,,77,0,,,
77,31,True,0.755153,0.7552,none,,,False,,77,0,,,
77,92,True,0.309521,0.3095,none,,,False,,77,0,,,
77,40,True,0.951664,0.9517,none,,,False,,77,0,,,
77,0,True,0.441773,0.4418,none,,,False,,77,0,,,
77,67,True,0.52625,0.5262,none,,,False,,77,0,,,
77,37,True,0.297218,0.2972,none,,,False,,77,0,,,
77,5,True,0.267879,0.2679,none,,,False,,77,0,,,
77,30,True,0.492941,0.4929,none,,,False,,77,0,,,
77,50,True,0.365804,0.3658,none,,,False,,77,0,,,
77,19,True,1.162029,1.162,none,,,False,,77,0,,,
77,22,True,0.7615,0.7615,none,,,False,,77,0,,,
77,18,True,0.263363,0.2634,none,,,False,,77,0,,,
77,38,True,0.27913,0.2791,none,,,False,,77,0,,,
77,94,True,1.039202,1.0392,none,,,False,,77,0,,,
77,32,True,0.609518,0.6095,none,,,False,,77,0,,,
77,28,True,0.859299,0.8593,none,,,False,,77,0,,,
77,35,True,0.489777,0.4898,none,,,False,,77,0,,,
78,6,True,0.407563,0.4076,none,,,False,,78,0,,,
78,78,True,0.403933,0.4039,none,,,False,,78,0,,,
78,57,True,0.58561,0.5856,none,,,False,,78,0,,,
78,35,True,0.534972,0.535,none,,,False,,78,0,,,
78,60,True,0.319928,0.3199,none,,,False,,78,0,,,
78,95,True,0.695832,0.6958,none,,,False,,78,0,,,
78,20,True,0.401587,0.4016,none,,,False,,78,0,,,
78,14,True,0.285821,0.2858,none,,,False,,78,0,,,
78,87,True,0.610526,0.6105,none,,,False,,78,0,,,
78,76,True,0.930987,0.931,none,,,False,,78,0,,,
78,91,True,0.694635,0.6946,none,,,False,,78,0,,,
78,43,True,0.547842,0.5478,none,,,False,,78,0,,,
78,21,True,0.458343,0.4583,none,,,False,,78,0,,,
78,53,True,0.516349,0.5163,none,,,False,,78,0,,,
78,65,True,0.47386,0.4739,none,,,False,,78,0,,,
78,13,True,0.347102,0.3471,none,,,False,,78,0,,,
78,84,True,1.196763,1.1968,none,,,False,,78,0,,,
78,81,True,0.268488,0.2685,none,,,False,,78,0,,,
78,85,True,0.190947,0.1909,none,,,False,,78,0,,,
78,62,True,0.335113,0.3351,none,,,False,,78,0,,,
78,92,True,0.262646,0.2626,none,,,False,,78,0,,,
78,34,True,0.53,0.53,none,,,False,,78,0,,,
78,37,True,0.377114,0.3771,none,,,False,,78,0,,,
78,86,True,0.384973,0.385,none,,,False,,78,0,,,
78,98,True,0.126639,0.1266,none,,,False,,78,0,,,
78,47,True,0.355107,0.3551,none,,,False,,78,0,,,
78,83,True,0.47073,0.4707,none,,,False,,78,0,,,
78,72,True,0.310765,0.3108,none,,,False,,78,0,,,
78,49,True,0.732931,0.7329,none,,,False,,78,0,,,
78,22,True,0.793717,0.7937,none,,,False,,78,0,,,
78,68,True,0.656106,0.6561,none,,,False,,78,0,,,
78,97,True,0.763612,0.7636,none,,,False,,78,0,,,
78,26,True,0.566251,0.5663,none,,,False,,78,0,,,
78,42,True,1.412804,1.4128,none,,,False,,78,0,,,
78,15,True,0.620713,0.6207,none,,,False,,78,0,,,
78,82,True,0.170511,0.1705,none,,,False,,78,0,,,
78,93,True,0.298039,0.298,none,,,False,,78,0,,,
78,64,True,0.349331,0.3493,none,,,False,,78,0,,,
78,94,True,0.954122,0.9541,none,,,False,,78,0,,,
78,3,True,0.608475,0.6085,none,,,False,,78,0,,,
78,12,True,0.700016,0.7,none,,,False,,78,0,,,
78,33,True,0.378702,0.3787,none,,,False,,78,0,,,
78,52,True,0.213107,0.2131,none,,,False,,78,0,,,
78,18,True,0.304029,0.304,none,,,False,,78,0,,,
78,67,True,0.506267,0.5063,none,,,False,,78,0,,,
78,59,True,0.27426,0.2743,none,,,False,,78,0,,,
78,36,True,0.333008,0.333,none,,,False,,78,0,,,
78,0,True,0.548305,0.5483,none,,,False,,78,0,,,
78,77,True,0.331886,0.3319,none,,,False,,78,0,,,
78,63,True,0.374734,0.3747,none,,,False,,78,0,,,
79,87,True,0.554455,0.5545,none,,,False,,79,0,,,
79,52,True,0.381094,0.3811,none,,,False,,79,0,,,
79,33,True,0.530741,0.5307,none,,,False,,79,0,,,
79,76,True,0.787045,0.787,none,,,False,,79,0,,,
79,61,True,0.532956,0.533,none,,,False,,79,0,,,
79,50,True,0.621588,0.6216,none,,,False,,79,0,,,
79,38,True,0.223415,0.2234,none,,,False,,79,0,,,
79,63,True,0.460455,0.4605,none,,,False,,79,0,,,
79,7,True,0.414777,0.4148,none,,,False,,79,0,,,
79,41,True,0.125463,0.1255,none,,,False,,79,0,,,
79,15,True,0.807162,0.8072,none,,,False,,79,0,,,
79,68,True,0.53834,0.5383,none,,,False,,79,0,,,
79,30,True,0.52063,0.5206,none,,,False,,79,0,,,
79,22,True,0.685312,0.6853,none,,,False,,79,0,,,
79,8,True,0.349853,0.3499,none,,,False,,79,0,,,
79,29,True,0.69851,0.6985,none,,,False,,79,0,,,
79,32,True,0.550034,0.55,none,,,False,,79,0,,,
79,55,True,0.598817,0.5988,none,,,False,,79,0,,,
79,91,True,0.402885,0.4029,none,,,False,,79,0,,,
79,71,True,0.620536,0.6205,none,,,False,,79,0,,,
79,24,True,0.576152,0.5762,none,,,False,,79,0,,,
79,58,True,0.394079,0.3941,none,,,False,,79,0,,,
79,54,True,0.247025,0.247,none,,,False,,79,0,,,
79,86,True,0.430991,0.431,none,,,False,,79,0,,,
79,72,True,0.301697,0.3017,none,,,False,,79,0,,,
79,83,True,0.412781,0.4128,none,,,False,,79,0,,,
79,14,True,0.185291,0.1853,none,,,False,,79,0,,,
79,64,True,0.448136,0.4481,none,,,False,,79,0,,,
79,6,True,0.511356,0.5114,none,,,False,,79,0,,,
79,59,True,0.252172,0.2522,none,,,False,,79,0,,,
79,46,True,0.483274,0.4833,none,,,False,,79,0,,,
79,36,True,0.317604,0.3176,none,,,False,,79,0,,,
79,66,True,0.358632,0.3586,none,,,False,,79,0,,,
79,92,True,0.262237,0.2622,none,,,False,,79,0,,,
79,27,True,0.302857,0.3029,none,,,False,,79,0,,,
79,73,True,0.386121,0.3861,none,,,False,,79,0,,,
79,99,True,1.064524,1.0645,none,,,False,,79,0,,,
79,98,True,0.096476,0.0965,none,,,False,,79,0,,,
79,90,True,0.563803,0.5638,none,,,False,,79,0,,,
79,84,True,1.186429,1.1864,none,,,False,,79,0,,,
79,35,True,0.445889,0.4459,none,,,False,,79,0,,,
79,43,True,0.493661,0.4937,none,,,False,,79,0,,,
79,9,True,0.63489,0.6349,none,,,False,,79,0,,,
79,13,True,0.35355,0.3535,none,,,False,,79,0,,,
79,94,True,0.951906,0.9519,none,,,False,,79,0,,,
79,69,True,0.254082,0.2541,none,,,False,,79,0,,,
79,0,True,0.529097,0.5291,none,,,False,,79,0,,,
79,16,True,0.836808,0.8368,none,,,False,,79,0,,,
79,56,True,0.853922,0.8539,none,,,False,,79,0,,,
79,31,True,0.643299,0.6433,none,,,False,,79,0,,,
80,57,True,0.531314,0.5313,none,,,False,,80,0,,,
80,79,True,0.383336,0.3833,none,,,False,,80,0,,,
80,86,True,0.453039,0.453,none,,,False,,80,0,,,
80,23,True,0.459226,0.4592,none,,,False,,80,0,,,
80,56,True,0.84823,0.8482,none,,,False,,80,0,,,
80,26,True,0.491129,0.4911,none,,,False,,80,0,,,
80,53,True,0.499162,0.4992,none,,,False,,80,0,,,
80,70,True,0.391157,0.3912,none,,,False,,80,0,,,
80,1,True,0.98455,0.9845,none,,,False,,80,0,,,
80,5,True,0.352352,0.3524,none,,,False,,80,0,,,
80,38,True,0.314677,0.3147,none,,,False,,80,0,,,
80,91,True,0.736868,0.7369,none,,,False,,80,0,,,
80,61,True,0.463483,0.4635,none,,,False,,80,0,,,
80,50,True,0.560039,0.56,none,,,False,,80,0,,,
80,92,True,0.238439,0.2384,none,,,False,,80,0,,,
80,69,True,0.573732,0.5737,none,,,False,,80,0,,,
80,72,True,0.405185,0.4052,none,,,False,,80,0,,,
80,55,True,0.455715,0.4557,none,,,False,,80,0,,,
80,59,True,0.393648,0.3936,none,,,False,,80,0,,,
80,76,True,1.086349,1.0863,none,,,False,,80,0,,,
80,74,True,0.375259,0.3753,none,,,False,,80,0,,,
80,71,True,0.779865,0.7799,none,,,False,,80,0,,,
80,94,True,0.845486,0.8455,none,,,False,,80,0,,,
80,24,True,0.528316,0.5283,none,,,False,,80,0,,,
80,83,True,0.503171,0.5032,none,,,False,,80,0,,,
80,25,True,0.400177,0.4002,none,,,False,,80,0,,,
80,84,True,1.136907,1.1369,none,,,False,,80,0,,,
80,47,True,0.318528,0.3185,none,,,False,,80,0,,,
80,21,True,0.388942,0.3889,none,,,False,,80,0,,,
80,12,True,0.618005,0.618,none,,,False,,80,0,,,
80,73,True,0.426833,0.4268,none,,,False,,80,0,,,
80,20,True,0.49187,0.4919,none,,,False,,80,0,,,
80,36,True,0.343976,0.344,none,,,False,,80,0,,,
80,98,True,0.119509,0.1195,none,,,False,,80,0,,,
80,6,True,0.476036,0.476,none,,,False,,80,0,,,
80,32,True,0.545148,0.5451,none,,,False,,80,0,,,
80,22,True,0.650699,0.6507,none,,,False,,80,0,,,
80,0,True,0.526068,0.5261,none,,,False,,80,0,,,
80,46,True,0.496674,0.4967,none,,,False,,80,0,,,
80,16,True,0.80679,0.8068,none,,,False,,80,0,,,
80,27,True,0.095797,0.0958,none,,,False,,80,0,,,
80,88,True,0.690583,0.6906,none,,,False,,80,0,,,
80,77,True,0.37618,0.3762,none,,,False,,80,0,,,
80,9,True,0.596741,0.5967,none,,,False,,80,0,,,
80,29,True,0.748529,0.7485,none,,,False,,80,0,,,
80,49,True,0.637867,0.6379,none,,,False,,80,0,,,
80,40,True,0.910315,0.9103,none,,,False,,80,0,,,
80,90,True,0.47862,0.4786,none,,,False,,80,0,,,
80,14,True,0.323576,0.3236,none,,,False,,80,0,,,
80,54,True,0.234539,0.2345,none,,,False,,80,0,,,
81,86,True,0.361416,0.3614,none,,,False,,81,0,,,
81,17,True,0.494885,0.4949,none,,,False,,81,0,,,
81,4,True,0.411804,0.4118,none,,,False,,81,0,,,
81,39,True,0.776896,0.7769,none,,,False,,81,0,,,
81,90,True,0.517333,0.5173,none,,,False,,81,0,,,
81,95,True,0.635936,0.6359,none,,,False,,81,0,,,
81,84,True,1.14256,1.1426,none,,,False,,81,0,,,
81,97,True,0.723296,0.7233,none,,,False,,81,0,,,
81,98,True,0.134715,0.1347,none,,,False,,81,0,,,
81,55,True,0.503923,0.5039,none,,,False,,81,0,,,
81,33,True,0.51157,0.5116,none,,,False,,81,0,,,
81,9,True,0.775562,0.7756,none,,,False,,81,0,,,
81,93,True,0.094517,0.0945,none,,,False,,81,0,,,
81,68,True,0.638865,0.6389,none,,,False,,81,0,,,
81,57,True,0.366781,0.3668,none,,,False,,81,0,,,
81,46,True,0.520199,0.5202,none,,,False,,81,0,,,
81,81,True,0.397688,0.3977,none,,,False,,81,0,,,
81,65,True,0.369887,0.3699,none,,,False,,81,0,,,
81,76,True,0.960635,0.9606,none,,,False,,81,0,,,
81,87,True,0.613177,0.6132,none,,,False,,81,0,,,
81,82,True,0.254845,0.2548,none,,,False,,81,0,,,
81,27,True,0.303095,0.3031,none,,,False,,81,0,,,
81,43,True,0.469404,0.4694,none,,,False,,81,0,,,
81,61,True,0.350862,0.3509,none,,,False,,81,0,,,
81,52,True,0.333603,0.3336,none,,,False,,81,0,,,
81,8,True,0.457172,0.4572,none,,,False,,81,0,,,
81,56,True,0.832257,0.8323,none,,,False,,81,0,,,
81,28,True,0.991105,0.9911,none,,,False,,81,0,,,
81,78,True,0.528649,0.5286,none,,,False,,81,0,,,
81,38,True,0.101561,0.1016,none,,,False,,81,0,,,
81,66,True,0.39143,0.3914,none,,,False,,81,0,,,
81,20,True,0.396046,0.396,none,,,False,,81,0,,,
81,12,True,0.5504,0.5504,none,,,False,,81,0,,,
81,14,True,0.290879,0.2909,none,,,False,,81,0,,,
81,0,True,0.597404,0.5974,none,,,False,,81,0,,,
81,3,True,0.582519,0.5825,none,,,False,,81,0,,,
81,16,True,0.781816,0.7818,none,,,False,,81,0,,,
81,94,True,0.933317,0.9333,none,,,False,,81,0,,,
81,18,True,0.322095,0.3221,none,,,False,,81,0,,,
81,92,True,0.287867,0.2879,none,,,False,,81,0,,,
81,31,True,0.620546,0.6205,none,,,False,,81,0,,,
81,29,True,0.688942,0.6889,none,,,False,,81,0,,,
81,50,True,0.468678,0.4687,none,,,False,,81,0,,,
81,2,True,0.419532,0.4195,none,,,False,,81,0,,,
81,10,True,0.510351,0.5104,none,,,False,,81,0,,,
81,15,True,0.734728,0.7347,none,,,False,,81,0,,,
81,64,True,0.450316,0.4503,none,,,False,,81,0,,,
81,62,True,0.399048,0.399,none,,,False,,81,0,,,
81,54,True,0.270031,0.27,none,,,False,,81,0,,,
81,7,True,0.249451,0.2495,none,,,False,,81,0,,,
82,70,True,0.447739,0.4477,none,,,False,,82,0,,,
82,89,True,0.410011,0.41,none,,,False,,82,0,,,
82,13,True,0.352372,0.3524,none,,,False,,82,0,,,
82,41,True,0.217173,0.2172,none,,,False,,82,0,,,
82,52,True,0.351969,0.352,none,,,False,,82,0,,,
82,47,True,0.352708,0.3527,none,,,False,,82,0,,,
82,0,True,0.592063,0.5921,none,,,False,,82,0,,,
82,77,True,0.372953,0.373,none,,,False,,82,0,,,
82,42,True,1.431552,1.4316,none,,,False,,82,0,,,
82,88,True,0.723164,0.7232,none,,,False,,82,0,,,
82,60,True,0.409655,0.4097,none,,,False,,82,0,,,
82,12,True,0.663607,0.6636,none,,,False,,82,0,,,
82,10,True,0.518165,0.5182,none,,,False,,82,0,,,
82,8,True,0.446603,0.4466,none,,,False,,82,0,,,
82,59,True,0.315555,0.3156,none,,,False,,82,0,,,
82,71,True,0.719645,0.7196,none,,,False,,82,0,,,
82,98,True,0.115906,0.1159,none,,,False,,82,0,,,
82,3,True,0.541602,0.5416,none,,,False,,82,0,,,
82,58,True,0.246389,0.2464,none,,,False,,82,0,,,
82,4,True,0.334199,0.3342,none,,,False,,82,0,,,
82,34,True,0.600069,0.6001,none,,,False,,82,0,,,
82,85,True,0.180672,0.1807,none,,,False,,82,0,,,
82,80,True,1.026728,1.0267,none,,,False,,82,0,,,
82,91,True,0.539378,0.5394,none,,,False,,82,0,,,
82,37,True,0.446157,0.4462,none,,,False,,82,0,,,
82,76,True,0.98969,0.9897,none,,,False,,82,0,,,
82,53,True,0.522371,0.5224,none,,,False,,82,0,,,
82,33,True,0.445633,0.4456,none,,,False,,82,0,,,
82,30,True,0.523332,0.5233,none,,,False,,82,0,,,
82,21,True,0.250592,0.2506,none,,,False,,82,0,,,
82,57,True,0.504873,0.5049,none,,,False,,82,0,,,
82,36,True,0.332902,0.3329,none,,,False,,82,0,,,
82,15,True,0.874711,0.8747,none,,,False,,82,0,,,
82,16,True,0.6326,0.6326,none,,,False,,82,0,,,
82,63,True,0.445159,0.4452,none,,,False,,82,0,,,
82,86,True,0.499688,0.4997,none,,,False,,82,0,,,
82,94,True,0.803295,0.8033,none,,,False,,82,0,,,
82,75,True,1.18164,1.1816,none,,,False,,82,0,,,
82,82,True,0.303228,0.3032,none,,,False,,82,0,,,
82,22,True,0.615722,0.6157,none,,,False,,82,0,,,
82,54,True,0.378147,0.3781,none,,,False,,82,0,,,
82,50,True,0.58647,0.5865,none,,,False,,82,0,,,
82,6,True,0.484183,0.4842,none,,,False,,82,0,,,
82,67,True,0.436874,0.4369,none,,,False,,82,0,,,
82,46,True,0.469958,0.47,none,,,False,,82,0,,,
82,45,True,0.429292,0.4293,none,,,False,,82,0,,,
82,18,True,0.422117,0.4221,none,,,False,,82,0,,,
82,84,True,1.176956,1.177,none,,,False,,82,0,,,
82,44,True,0.483669,0.4837,none,,,False,,82,0,,,
82,65,True,0.405886,0.4059,none,,,False,,82,0,,,
83,4,True,0.441256,0.4413,none,,,False,,83,0,,,
83,18,True,0.288349,0.2883,none,,,False,,83,0,,,
83,35,True,0.470926,0.4709,none,,,False,,83,0,,,
83,72,True,0.465829,0.4658,none,,,False,,83,0,,,
83,24,True,0.537003,0.537,none,,,False,,83,0,,,
83,13,True,0.33649,0.3365,none,,,False,,83,0,,,
83,47,True,0.256251,0.2563,none,,,False,,83,0,,,
83,76,True,0.872318,0.8723,none,,,False,,83,0,,,
83,62,True,0.409139,0.4091,none,,,False,,83,0,,,
83,23,True,0.448791,0.4488,none,,,False,,83,0,,,
83,29,True,0.642662,0.6427,none,,,False,,83,0,,,
83,75,True,1.210111,1.2101,none,,,False,,83,0,,,
83,65,True,0.451012,0.451,none,,,False,,83,0,,,
83,54,True,0.369983,0.37,none,,,False,,83,0,,,
83,91,True,0.647156,0.6472,none,,,False,,83,0,,,
83,16,True,0.852872,0.8529,none,,,False,,83,0,,,
83,95,True,0.689328,0.6893,none,,,False,,83,0,,,
83,40,True,1.06831,1.0683,none,,,False,,83,0,,,
83,10,True,0.414772,0.4148,none,,,False,,83,0,,,
83,87,True,0.685882,0.6859,none,,,False,,83,0,,,
83,73,True,0.460632,0.4606,none,,,False,,83,0,,,
83,15,True,0.723074,0.7231,none,,,False,,83,0,,,
83,21,True,0.397246,0.3972,none,,,False,,83,0,,,
83,77,True,0.336802,0.3368,none,,,False,,83,0,,,
83,7,True,0.427031,0.427,none,,,False,,83,0,,,
83,30,True,0.444912,0.4449,none,,,False,,83,0,,,
83,97,True,0.614925,0.6149,none,,,False,,83,0,,,
83,88,True,0.893664,0.8937,none,,,False,,83,0,,,
83,89,True,0.360001,0.36,none,,,False,,83,0,,,
83,78,True,0.580608,0.5806,none,,,False,,83,0,,,
83,25,True,0.111366,0.1114,none,,,False,,83,0,,,
83,49,True,0.657309,0.6573,none,,,False,,83,0,,,
83,50,True,0.429428,0.4294,none,,,False,,83,0,,,
83,3,True,0.518959,0.519,none,,,False,,83,0,,,
83,22,True,0.572857,0.5729,none,,,False,,83,0,,,
83,64,True,0.472436,0.4724,none,,,False,,83,0,,,
83,60,True,0.337857,0.3379,none,,,False,,83,0,,,
83,82,True,0.230528,0.2305,none,,,False,,83,0,,,
83,41,True,0.145721,0.1457,none,,,False,,83,0,,,
83,46,True,0.396782,0.3968,none,,,False,,83,0,,,
83,34,True,0.615192,0.6152,none,,,False,,83,0,,,
83,31,True,0.777711,0.7777,none,,,False,,83,0,,,
83,44,True,0.407346,0.4073,none,,,False,,83,0,,,
83,59,True,0.394002,0.394,none,,,False,,83,0,,,
83,32,True,0.681989,0.682,none,,,False,,83,0,,,
83,57,True,0.652915,0.6529,none,,,False,,83,0,,,
83,37,True,0.326668,0.3267,none,,,False,,83,0,,,
83,86,True,0.597922,0.5979,none,,,False,,83,0,,,
83,61,True,0.503064,0.5031,none,,,False,,83,0,,,
83,67,True,0.103042,0.103,none,,,False,,83,0,,,
84,84,True,1.263892,1.2639,none,,,False,,84,0,,,
84,43,True,0.492778,0.4928,none,,,False,,84,0,,,
84,23,True,0.522847,0.5228,none,,,False,,84,0,,,
84,22,True,0.715135,0.7151,none,,,False,,84,0,,,
84,80,True,0.875693,0.8757,none,,,False,,84,0,,,
84,54,True,0.266034,0.266,none,,,False,,84,0,,,
84,51,True,0.464523,0.4645,none,,,False,,84,0,,,
84,37,True,0.528825,0.5288,none,,,False,,84,0,,,
84,57,True,0.526152,0.5262,none,,,False,,84,0,,,
84,94,True,0.835909,0.8359,none,,,False,,84,0,,,
84,98,True,0.185863,0.1859,none,,,False,,84,0,,,
84,67,True,0.49177,0.4918,none,,,False,,84,0,,,
84,68,True,0.606079,0.6061,none,,,False,,84,0,,,
84,25,True,0.417441,0.4174,none,,,False,,84,0,,,
84,33,True,0.4259,0.4259,none,,,False,,84,0,,,
84,17,True,0.153868,0.1539,none,,,False,,84,0,,,
84,92,True,0.34596,0.346,none,,,False,,84,0,,,
84,85,True,0.177183,0.1772,none,,,False,,84,0,,,
84,79,True,0.305725,0.3057,none,,,False,,84,0,,,
84,34,True,0.516129,0.5161,none,,,False,,84,0,,,
84,26,True,0.447454,0.4475,none,,,False,,84,0,,,
84,35,True,0.589512,0.5895,none,,,False,,84,0,,,
84,12,True,0.666056,0.6661,none,,,False,,84,0,,,
84,83,True,0.490821,0.4908,none,,,False,,84,0,,,
84,47,True,0.379493,0.3795,none,,,False,,84,0,,,
84,9,True,0.742843,0.7428,none,,,False,,84,0,,,
84,87,True,0.673888,0.6739,none,,,False,,84,0,,,
84,75,True,1.261286,1.2613,none,,,False,,84,0,,,
84,78,True,0.561874,0.5619,none,,,False,,84,0,,,
84,21,True,0.365932,0.3659,none,,,False,,84,0,,,
84,16,True,0.706428,0.7064,none,,,False,,84,0,,,
84,40,True,0.769781,0.7698,none,,,False,,84,0,,,
84,36,True,0.353223,0.3532,none,,,False,,84,0,,,
84,71,True,0.719064,0.7191,none,,,False,,84,0,,,
84,69,True,0.494718,0.4947,none,,,False,,84,0,,,
84,45,True,0.470235,0.4702,none,,,False,,84,0,,,
84,41,True,0.225909,0.2259,none,,,False,,84,0,,,
84,42,True,1.442641,1.4426,none,,,False,,84,0,,,
84,95,True,0.536711,0.5367,none,,,False,,84,0,,,
84,3,True,0.617153,0.6172,none,,,False,,84,0,,,
84,15,True,0.602621,0.6026,none,,,False,,84,0,,,
84,60,True,0.36484,0.3648,none,,,False,,84,0,,,
84,62,True,0.332732,0.3327,none,,,False,,84,0,,,
84,2,True,0.399796,0.3998,none,,,False,,84,0,,,
84,58,True,0.411708,0.4117,none,,,False,,84,0,,,
84,61,True,0.572729,0.5727,none,,,False,,84,0,,,
84,14,True,0.302298,0.3023,none,,,False,,84,0,,,
84,28,True,0.97255,0.9726,none,,,False,,84,0,,,
84,39,True,0.675889,0.6759,none,,,False,,84,0,,,
84,55,True,0.437548,0.4375,none,,,False,,84,0,,,
85,60,True,0.409418,0.4094,none,,,False,,85,0,,,
85,65,True,0.470843,0.4708,none,,,False,,85,0,,,
85,61,True,0.56848,0.5685,none,,,False,,85,0,,,
85,70,True,0.468172,0.4682,none,,,False,,85,0,,,
85,7,True,0.457313,0.4573,none,,,False,,85,0,,,
85,72,True,0.368372,0.3684,none,,,False,,85,0,,,
85,47,True,0.308174,0.3082,none,,,False,,85,0,,,
85,68,True,0.583491,0.5835,none,,,False,,85,0,,,
85,89,True,0.468557,0.4686,none,,,False,,85,0,,,
85,96,True,0.527921,0.5279,none,,,False,,85,0,,,
85,42,True,1.353103,1.3531,none,,,False,,85,0,,,
85,31,True,0.542772,0.5428,none,,,False,,85,0,,,
85,56,True,0.85734,0.8573,none,,,False,,85,0,,,
85,88,True,0.705607,0.7056,none,,,False,,85,0,,,
85,74,True,0.455715,0.4557,none,,,False,,85,0,,,
85,34,True,0.641624,0.6416,none,,,False,,85,0,,,
85,51,True,0.51387,0.5139,none,,,False,,85,0,,,
85,33,True,0.467725,0.4677,none,,,False,,85,0,,,
85,43,True,0.298866,0.2989,none,,,False,,85,0,,,
85,57,True,0.381319,0.3813,none,,,False,,85,0,,,
85,71,True,0.717702,0.7177,none,,,False,,85,0,,,
85,84,True,1.180678,1.1807,none,,,False,,85,0,,,
85,25,True,0.35247,0.3525,none,,,False,,85,0,,,
85,59,True,0.396326,0.3963,none,,,False,,85,0,,,
85,69,True,0.482969,0.483,none,,,False,,85,0,,,
85,36,True,0.352088,0.3521,none,,,False,,85,0,,,
85,94,True,0.773348,0.7733,none,,,False,,85,0,,,
85,44,True,0.452818,0.4528,none,,,False,,85,0,,,
85,92,True,0.364654,0.3647,none,,,False,,85,0,,,
85,91,True,0.660642,0.6606,none,,,False,,85,0,,,
85,67,True,0.487805,0.4878,none,,,False,,85,0,,,
85,66,True,0.331872,0.3319,none,,,False,,85,0,,,
85,76,True,0.912242,0.9122,none,,,False,,85,0,,,
85,39,True,0.792393,0.7924,none,,,False,,85,0,,,
85,4,True,0.383637,0.3836,none,,,False,,85,0,,,
85,78,True,0.589023,0.589,none,,,False,,85,0,,,
85,62,True,0.211529,0.2115,none,,,False,,85,0,,,
85,46,True,0.4942,0.4942,none,,,False,,85,0,,,
85,79,True,0.346545,0.3465,none,,,False,,85,0,,,
85,13,True,0.380271,0.3803,none,,,False,,85,0,,,
85,95,True,0.805966,0.806,none,,,False,,85,0,,,
85,48,True,0.26497,0.265,none,,,False,,85,0,,,
85,14,True,0.200246,0.2002,none,,,False,,85,0,,,
85,73,True,0.389035,0.389,none,,,False,,85,0,,,
85,35,True,0.59121,0.5912,none,,,False,,85,0,,,
85,0,True,0.47687,0.4769,none,,,False,,85,0,,,
85,9,True,0.626045,0.626,none,,,False,,85,0,,,
85,93,True,0.186841,0.1868,none,,,False,,85,0,,,
85,53,True,0.554422,0.5544,none,,,False,,85,0,,,
85,30,True,0.444705,0.4447,none,,,False,,85,0,,,
86,67,True,0.503563,0.5036,none,,,False,,86,0,,,
86,33,True,0.454586,0.4546,none,,,False,,86,0,,,
86,50,True,0.380506,0.3805,none,,,False,,86,0,,,
86,31,True,0.691151,0.6912,none,,,False,,86,0,,,
86,20,True,0.511265,0.5113,none,,,False,,86,0,,,
86,60,True,0.247999,0.248,none,,,False,,86,0,,,
86,80,True,0.917068,0.9171,none,,,False,,86,0,,,
86,35,True,0.545575,0.5456,none,,,False,,86,0,,,
86,6,True,0.364649,0.3646,none,,,False,,86,0,,,
86,95,True,0.6506,0.6506,none,,,False,,86,0,,,
86,21,True,0.484469,0.4845,none,,,False,,86,0,,,
86,27,True,0.261355,0.2614,none,,,False,,86,0,,,
86,51,True,0.547837,0.5478,none,,,False,,86,0,,,
86,61,True,0.554023,0.554,none,,,False,,86,0,,,
86,39,True,0.789265,0.7893,none,,,False,,86,0,,,
86,45,True,0.581061,0.5811,none,,,False,,86,0,,,
86,29,True,0.750683,0.7507,none,,,False,,86,0,,,
86,26,True,0.520371,0.5204,none,,,False,,86,0,,,
86,72,True,0.369929,0.3699,none,,,False,,86,0,,,
86,4,True,0.374987,0.375,none,,,False,,86,0,,,
86,57,True,0.642411,0.6424,none,,,False,,86,0,,,
86,15,True,0.657678,0.6577,none,,,False,,86,0,,,
86,56,True,0.547871,0.5479,none,,,False,,86,0,,,
86,42,True,1.379718,1.3797,none,,,False,,86,0,,,
86,90,True,0.491795,0.4918,none,,,False,,86,0,,,
86,37,True,0.493134,0.4931,none,,,False,,86,0,,,
86,46,True,0.448364,0.4484,none,,,False,,86,0,,,
86,10,True,0.430559,0.4306,none,,,False,,86,0,,,
86,87,True,0.705267,0.7053,none,,,False,,86,0,,,
86,98,True,-0.035018,-0.035,none,,,False,,86,0,,,
86,5,True,0.362626,0.3626,none,,,False,,86,0,,,
86,41,True,0.232187,0.2322,none,,,False,,86,0,,,
86,62,True,0.332611,0.3326,none,,,False,,86,0,,,
86,96,True,0.624224,0.6242,none,,,False,,86,0,,,
86,58,True,0.525745,0.5257,none,,,False,,86,0,,,
86,84,True,1.176078,1.1761,none,,,False,,86,0,,,
86,93,True,0.213145,0.2131,none,,,False,,86,0,,,
86,68,True,0.65332,0.6533,none,,,False,,86,0,,,
86,97,True,0.509221,0.5092,none,,,False,,86,0,,,
86,86,True,0.357489,0.3575,none,,,False,,86,0,,,
86,69,True,0.565044,0.565,none,,,False,,86,0,,,
86,23,True,0.467422,0.4674,none,,,False,,86,0,,,
86,73,True,0.330877,0.3309,none,,,False,,86,0,,,
86,24,True,0.361274,0.3613,none,,,False,,86,0,,,
86,19,True,1.146065,1.1461,none,,,False,,86,0,,,
86,78,True,0.401443,0.4014,none,,,False,,86,0,,,
86,9,True,0.671013,0.671,none,,,False,,86,0,,,
86,52,True,0.428266,0.4283,none,,,False,,86,0,,,
86,83,True,0.572516,0.5725,none,,,False,,86,0,,,
86,55,True,0.413981,0.414,none,,,False,,86,0,,,
87,56,True,0.706207,0.7062,none,,,False,,87,0,,,
87,77,True,0.316649,0.3166,none,,,False,,87,0,,,
87,31,True,0.63831,0.6383,none,,,False,,87,0,,,
87,24,True,0.426969,0.427,none,,,False,,87,0,,,
87,95,True,0.556669,0.5567,none,,,False,,87,0,,,
87,93,True,0.154006,0.154,none,,,False,,87,0,,,
87,4,True,0.373507,0.3735,none,,,False,,87,0,,,
87,19,True,1.247386,1.2474,none,,,False,,87,0,,,
87,98,True,0.124856,0.1249,none,,,False,,87,0,,,
87,59,True,0.375004,0.375,none,,,False,,87,0,,,
87,16,True,0.717815,0.7178,none,,,False,,87,0,,,
87,23,True,0.50432,0.5043,none,,,False,,87,0,,,
87,69,True,0.418539,0.4185,none,,,False,,87,0,,,
87,53,True,0.463995,0.464,none,,,False,,87,0,,,
87,39,True,0.678005,0.678,none,,,False,,87,0,,,
87,45,True,0.421624,0.4216,none,,,False,,87,0,,,
87,90,True,0.402148,0.4021,none,,,False,,87,0,,,
87,49,True,0.66431,0.6643,none,,,False,,87,0,,,
87,64,True,0.311738,0.3117,none,,,False,,87,0,,,
87,78,True,0.576717,0.5767,none,,,False,,87,0,,,
87,94,True,0.872844,0.8728,none,,,False,,87,0,,,
87,97,True,0.765685,0.7657,none,,,False,,87,0,,,
87,55,True,0.460581,0.4606,none,,,False,,87,0,,,
87,74,True,0.348378,0.3484,none,,,False,,87,0,,,
87,76,True,0.995038,0.995,none,,,False,,87,0,,,
87,28,True,1.092126,1.0921,none,,,False,,87,0,,,
87,20,True,0.411779,0.4118,none,,,False,,87,0,,,
87,63,True,0.405865,0.4059,none,,,False,,87,0,,,
87,41,True,0.20214,0.2021,none,,,False,,87,0,,,
87,18,True,0.585774,0.5858,none,,,False,,87,0,,,
87,46,True,0.505226,0.5052,none,,,False,,87,0,,,
87,68,True,0.610496,0.6105,none,,,False,,87,0,,,
87,73,True,0.3646,0.3646,none,,,False,,87,0,,,
87,82,True,0.196516,0.1965,none,,,False,,87,0,,,
87,84,True,1.16767,1.1677,none,,,False,,87,0,,,
87,43,True,0.546527,0.5465,none,,,False,,87,0,,,
87,71,True,0.812543,0.8125,none,,,False,,87,0,,,
87,3,True,0.577515,0.5775,none,,,False,,87,0,,,
87,36,True,0.384049,0.384,none,,,False,,87,0,,,
87,99,True,0.91569,0.9157,none,,,False,,87,0,,,
87,60,True,0.345231,0.3452,none,,,False,,87,0,,,
87,26,True,0.521409,0.5214,none,,,False,,87,0,,,
87,58,True,0.386223,0.3862,none,,,False,,87,0,,,
87,52,True,0.326518,0.3265,none,,,False,,87,0,,,
87,5,True,0.239773,0.2398,none,,,False,,87,0,,,
87,0,True,0.56385,0.5639,none,,,False,,87,0,,,
87,33,True,0.418463,0.4185,none,,,False,,87,0,,,
87,88,True,0.732019,0.732,none,,,False,,87,0,,,
87,65,True,0.407248,0.4072,none,,,False,,87,0,,,
87,57,True,0.466221,0.4662,none,,,False,,87,0,,,
88,95,True,0.67922,0.6792,none,,,False,,88,0,,,
88,56,True,0.680196,0.6802,none,,,False,,88,0,,,
88,6,True,0.350367,0.3504,none,,,False,,88,0,,,
88,24,True,0.416579,0.4166,none,,,False,,88,0,,,
88,15,True,0.827288,0.8273,none,,,False,,88,0,,,
88,52,True,0.328846,0.3288,none,,,False,,88,0,,,
88,12,True,0.700651,0.7007,none,,,False,,88,0,,,
88,92,True,0.378019,0.378,none,,,False,,88,0,,,
88,47,True,0.374624,0.3746,none,,,False,,88,0,,,
88,65,True,0.365988,0.366,none,,,False,,88,0,,,
88,45,True,0.445334,0.4453,none,,,False,,88,0,,,
88,48,True,0.124742,0.1247,none,,,False,,88,0,,,
88,42,True,1.420373,1.4204,none,,,False,,88,0,,,
88,82,True,0.309459,0.3095,none,,,False,,88,0,,,
88,44,True,0.438637,0.4386,none,,,False,,88,0,,,
88,13,True,0.389275,0.3893,none,,,False,,88,0,,,
88,7,True,0.518772,0.5188,none,,,False,,88,0,,,
88,16,True,0.573781,0.5738,none,,,False,,88,0,,,
88,33,True,0.429633,0.4296,none,,,False,,88,0,,,
88,59,True,0.385668,0.3857,none,,,False,,88,0,,,
88,28,True,1.030962,1.031,none,,,False,,88,0,,,
88,67,True,0.558563,0.5586,none,,,False,,88,0,,,
88,86,True,0.568495,0.5685,none,,,False,,88,0,,,
88,36,True,0.442062,0.4421,none,,,False,,88,0,,,
88,61,True,0.625853,0.6259,none,,,False,,88,0,,,
88,62,True,0.354214,0.3542,none,,,False,,88,0,,,
88,46,True,0.281996,0.282,none,,,False,,88,0,,,
88,72,True,0.300979,0.301,none,,,False,,88,0,,,
88,73,True,0.329829,0.3298,none,,,False,,88,0,,,
88,83,True,0.51125,0.5113,none,,,False,,88,0,,,
88,40,True,0.767284,0.7673,none,,,False,,88,0,,,
88,26,True,0.447685,0.4477,none,,,False,,88,0,,,
88,98,True,0.124839,0.1248,none,,,False,,88,0,,,
88,88,True,0.614729,0.6147,none,,,False,,88,0,,,
88,77,True,0.34147,0.3415,none,,,False,,88,0,,,
88,64,True,0.431365,0.4314,none,,,False,,88,0,,,
88,19,True,1.122101,1.1221,none,,,False,,88,0,,,
88,76,True,0.919281,0.9193,none,,,False,,88,0,,,
88,70,True,0.521142,0.5211,none,,,False,,88,0,,,
88,3,True,0.444989,0.445,none,,,False,,88,0,,,
88,51,True,0.577015,0.577,none,,,False,,88,0,,,
88,9,True,0.556229,0.5562,none,,,False,,88,0,,,
88,60,True,0.428027,0.428,none,,,False,,88,0,,,
88,49,True,0.71079,0.7108,none,,,False,,88,0,,,
88,35,True,0.58637,0.5864,none,,,False,,88,0,,,
88,1,True,1.228439,1.2284,none,,,False,,88,0,,,
88,87,True,0.624668,0.6247,none,,,False,,88,0,,,
88,21,True,0.460669,0.4607,none,,,False,,88,0,,,
88,99,True,0.990374,0.9904,none,,,False,,88,0,,,
88,63,True,0.479682,0.4797,none,,,False,,88,0,,,
89,38,True,0.366015,0.366,none,,,False,,89,0,,,
89,16,True,0.686673,0.6867,none,,,False,,89,0,,,
89,71,True,0.859082,0.8591,none,,,False,,89,0,,,
89,90,True,0.589269,0.5893,none,,,False,,89,0,,,
89,17,True,0.358749,0.3587,none,,,False,,89,0,,,
89,13,True,0.317999,0.318,none,,,False,,89,0,,,
89,4,True,0.378149,0.3781,none,,,False,,89,0,,,
89,55,True,0.471329,0.4713,none,,,False,,89,0,,,
89,54,True,0.388832,0.3888,none,,,False,,89,0,,,
89,42,True,1.371356,1.3714,none,,,False,,89,0,,,
89,82,True,0.234475,0.2345,none,,,False,,89,0,,,
89,99,True,0.864521,0.8645,none,,,False,,89,0,,,
89,46,True,0.579972,0.58,none,,,False,,89,0,,,
89,58,True,0.436553,0.4366,none,,,False,,89,0,,,
89,59,True,0.167957,0.168,none,,,False,,89,0,,,
89,68,True,0.692653,0.6927,none,,,False,,89,0,,,
89,36,True,0.355868,0.3559,none,,,False,,89,0,,,
89,77,True,0.349508,0.3495,none,,,False,,89,0,,,
89,63,True,0.373215,0.3732,none,,,False,,89,0,,,
89,25,True,0.183312,0.1833,none,,,False,,89,0,,,
89,0,True,0.638075,0.6381,none,,,False,,89,0,,,
89,22,True,0.802373,0.8024,none,,,False,,89,0,,,
89,51,True,0.561281,0.5613,none,,,False,,89,0,,,
89,49,True,0.754821,0.7548,none,,,False,,89,0,,,
89,61,True,0.379602,0.3796,none,,,False,,89,0,,,
89,39,True,0.684961,0.685,none,,,False,,89,0,,,
89,20,True,0.410777,0.4108,none,,,False,,89,0,,,
89,70,True,0.461158,0.4612,none,,,False,,89,0,,,
89,60,True,0.372346,0.3723,none,,,False,,89,0,,,
89,40,True,0.764258,0.7643,none,,,False,,89,0,,,
89,79,True,0.375416,0.3754,none,,,False,,89,0,,,
89,91,True,0.682226,0.6822,none,,,False,,89,0,,,
89,43,True,0.597598,0.5976,none,,,False,,89,0,,,
89,21,True,0.403992,0.404,none,,,False,,89,0,,,
89,34,True,0.530983,0.531,none,,,False,,89,0,,,
89,88,True,0.761601,0.7616,none,,,False,,89,0,,,
89,96,True,0.498526,0.4985,none,,,False,,89,0,,,
89,65,True,0.465089,0.4651,none,,,False,,89,0,,,
89,97,True,0.728468,0.7285,none,,,False,,89,0,,,
89,6,True,0.453331,0.4533,none,,,False,,89,0,,,
89,87,True,0.611199,0.6112,none,,,False,,89,0,,,
89,9,True,0.793496,0.7935,none,,,False,,89,0,,,
89,3,True,0.55725,0.5573,none,,,False,,89,0,,,
89,72,True,0.467415,0.4674,none,,,False,,89,0,,,
89,80,True,0.978797,0.9788,none,,,False,,89,0,,,
89,26,True,0.633368,0.6334,none,,,False,,89,0,,,
89,66,True,0.365943,0.3659,none,,,False,,89,0,,,
89,37,True,0.483321,0.4833,none,,,False,,89,0,,,
89,64,True,0.414161,0.4142,none,,,False,,89,0,,,
89,1,True,1.096465,1.0965,none,,,False,,89,0,,,
90,87,True,0.61567,0.6157,none,,,False,,90,0,,,
90,27,True,0.227649,0.2276,none,,,False,,90,0,,,
90,56,True,0.834247,0.8342,none,,,False,,90,0,,,
90,1,True,1.18515,1.1852,none,,,False,,90,0,,,
90,7,True,0.404164,0.4042,none,,,False,,90,0,,,
90,97,True,0.610581,0.6106,none,,,False,,90,0,,,
90,2,True,0.399319,0.3993,none,,,False,,90,0,,,
90,72,True,0.393365,0.3934,none,,,False,,90,0,,,
90,61,True,0.54597,0.546,none,,,False,,90,0,,,
90,57,True,0.637598,0.6376,none,,,False,,90,0,,,
90,95,True,0.745755,0.7458,none,,,False,,90,0,,,
90,5,True,0.342335,0.3423,none,,,False,,90,0,,,
90,74,True,0.411759,0.4118,none,,,False,,90,0,,,
90,17,True,0.309899,0.3099,none,,,False,,90,0,,,
90,36,True,0.383716,0.3837,none,,,False,,90,0,,,
90,45,True,0.379134,0.3791,none,,,False,,90,0,,,
90,62,True,0.35719,0.3572,none,,,False,,90,0,,,
90,67,True,0.453548,0.4535,none,,,False,,90,0,,,
90,73,True,0.381266,0.3813,none,,,False,,90,0,,,
90,75,True,1.303912,1.3039,none,,,False,,90,0,,,
90,91,True,0.639845,0.6398,none,,,False,,90,0,,,
90,68,True,0.608564,0.6086,none,,,False,,90,0,,,
90,80,True,0.930958,0.931,none,,,False,,90,0,,,
90,11,True,0.338135,0.3381,none,,,False,,90,0,,,
90,84,True,1.204749,1.2047,none,,,False,,90,0,,,
90,30,True,0.455025,0.455,none,,,False,,90,0,,,
90,99,True,1.004431,1.0044,none,,,False,,90,0,,,
90,19,True,1.225996,1.226,none,,,False,,90,0,,,
90,81,True,0.527266,0.5273,none,,,False,,90,0,,,
90,60,True,0.37602,0.376,none,,,False,,90,0,,,
90,98,True,0.149413,0.1494,none,,,False,,90,0,,,
90,79,True,0.31679,0.3168,none,,,False,,90,0,,,
90,88,True,0.449418,0.4494,none,,,False,,90,0,,,
90,90,True,0.151463,0.1515,none,,,False,,90,0,,,
90,20,True,0.492147,0.4921,none,,,False,,90,0,,,
90,78,True,0.588539,0.5885,none,,,False,,90,0,,,
90,71,True,0.610601,0.6106,none,,,False,,90,0,,,
90,14,True,0.294164,0.2942,none,,,False,,90,0,,,
90,44,True,0.426204,0.4262,none,,,False,,90,0,,,
90,65,True,0.437759,0.4378,none,,,False,,90,0,,,
90,82,True,0.265274,0.2653,none,,,False,,90,0,,,
90,37,True,0.470633,0.4706,none,,,False,,90,0,,,
90,40,True,0.861714,0.8617,none,,,False,,90,0,,,
90,28,True,0.911754,0.9118,none,,,False,,90,0,,,
90,0,True,0.444799,0.4448,none,,,False,,90,0,,,
90,33,True,0.427228,0.4272,none,,,False,,90,0,,,
90,3,True,0.438471,0.4385,none,,,False,,90,0,,,
90,32,True,0.619932,0.6199,none,,,False,,90,0,,,
90,43,True,0.411533,0.4115,none,,,False,,90,0,,,
90,42,True,1.436371,1.4364,none,,,False,,90,0,,,
91,35,True,0.574876,0.5749,none,,,False,,91,0,,,
91,57,True,0.463046,0.463,none,,,False,,91,0,,,
91,14,True,0.280337,0.2803,none,,,False,,91,0,,,
91,50,True,0.587108,0.5871,none,,,False,,91,0,,,
91,74,True,0.310196,0.3102,none,,,False,,91,0,,,
91,22,True,0.705948,0.7059,none,,,False,,91,0,,,
91,11,True,0.405648,0.4056,none,,,False,,91,0,,,
91,80,True,0.965072,0.9651,none,,,False,,91,0,,,
91,47,True,0.381147,0.3811,none,,,False,,91,0,,,
91,53,True,0.528506,0.5285,none,,,False,,91,0,,,
91,21,True,0.403319,0.4033,none,,,False,,91,0,,,
91,89,True,0.479268,0.4793,none,,,False,,91,0,,,
91,38,True,0.175426,0.1754,none,,,False,,91,0,,,
91,46,True,0.378842,0.3788,none,,,False,,91,0,,,
91,76,True,0.817037,0.817,none,,,False,,91,0,,,
91,82,True,0.253256,0.2533,none,,,False,,91,0,,,
91,79,True,0.297768,0.2978,none,,,False,,91,0,,,
91,81,True,0.488011,0.488,none,,,False,,91,0,,,
91,49,True,0.717891,0.7179,none,,,False,,91,0,,,
91,75,True,1.188238,1.1882,none,,,False,,91,0,,,
91,52,True,0.322629,0.3226,none,,,False,,91,0,,,
91,10,True,0.528336,0.5283,none,,,False,,91,0,,,
91,48,True,-0.258451,-0.2585,none,,,False,,91,0,,,
91,64,True,0.408055,0.4081,none,,,False,,91,0,,,
91,9,True,0.744549,0.7445,none,,,False,,91,0,,,
91,67,True,0.583391,0.5834,none,,,False,,91,0,,,
91,56,True,0.790948,0.7909,none,,,False,,91,0,,,
91,29,True,0.690197,0.6902,none,,,False,,91,0,,,
91,51,True,0.572315,0.5723,none,,,False,,91,0,,,
91,77,True,0.381856,0.3819,none,,,False,,91,0,,,
91,63,True,0.441828,0.4418,none,,,False,,91,0,,,
91,37,True,0.460339,0.4603,none,,,False,,91,0,,,
91,32,True,0.564318,0.5643,none,,,False,,91,0,,,
91,20,True,0.331221,0.3312,none,,,False,,91,0,,,
91,7,True,0.369832,0.3698,none,,,False,,91,0,,,
91,92,True,0.204159,0.2042,none,,,False,,91,0,,,
91,59,True,0.405146,0.4051,none,,,False,,91,0,,,
91,91,True,0.64587,0.6459,none,,,False,,91,0,,,
91,41,True,0.242386,0.2424,none,,,False,,91,0,,,
91,58,True,0.373138,0.3731,none,,,False,,91,0,,,
91,23,True,0.378277,0.3783,none,,,False,,91,0,,,
91,71,True,0.780638,0.7806,none,,,False,,91,0,,,
91,66,True,0.304012,0.304,none,,,False,,91,0,,,
91,98,True,0.105702,0.1057,none,,,False,,91,0,,,
91,69,True,0.559283,0.5593,none,,,False,,91,0,,,
91,8,True,0.384277,0.3843,none,,,False,,91,0,,,
91,95,True,0.482777,0.4828,none,,,False,,91,0,,,
91,40,True,0.822372,0.8224,none,,,False,,91,0,,,
91,61,True,0.52504,0.525,none,,,False,,91,0,,,
91,94,True,1.017118,1.0171,none,,,False,,91,0,,,
92,51,True,0.462666,0.4627,none,,,False,,92,0,,,
92,6,True,0.500411,0.5004,none,,,False,,92,0,,,
92,12,True,0.604041,0.604,none,,,False,,92,0,,,
92,13,True,0.252223,0.2522,none,,,False,,92,0,,,
92,32,True,0.674805,0.6748,none,,,False,,92,0,,,
92,27,True,0.278845,0.2788,none,,,False,,92,0,,,
92,3,True,0.494106,0.4941,none,,,False,,92,0,,,
92,75,True,1.289345,1.2893,none,,,False,,92,0,,,
92,23,True,0.246832,0.2468,none,,,False,,92,0,,,
92,17,True,0.411758,0.4118,none,,,False,,92,0,,,
92,15,True,0.706509,0.7065,none,,,False,,92,0,,,
92,67,True,0.422213,0.4222,none,,,False,,92,0,,,
92,20,True,0.270486,0.2705,none,,,False,,92,0,,,
92,57,True,0.487853,0.4879,none,,,False,,92,0,,,
92,10,True,0.432584,0.4326,none,,,False,,92,0,,,
92,22,True,0.827025,0.827,none,,,False,,92,0,,,
92,93,True,0.229533,0.2295,none,,,False,,92,0,,,
92,78,True,0.533533,0.5335,none,,,False,,92,0,,,
92,9,True,0.884446,0.8844,none,,,False,,92,0,,,
92,77,True,0.291949,0.2919,none,,,False,,92,0,,,
92,91,True,0.616457,0.6165,none,,,False,,92,0,,,
92,39,True,0.849615,0.8496,none,,,False,,92,0,,,
92,7,True,0.367049,0.367,none,,,False,,92,0,,,
92,88,True,0.903298,0.9033,none,,,False,,92,0,,,
92,81,True,0.37039,0.3704,none,,,False,,92,0,,,
92,74,True,0.387573,0.3876,none,,,False,,92,0,,,
92,73,True,0.450161,0.4502,none,,,False,,92,0,,,
92,84,True,1.146176,1.1462,none,,,False,,92,0,,,
92,37,True,0.414271,0.4143,none,,,False,,92,0,,,
92,52,True,0.111944,0.1119,none,,,False,,92,0,,,
92,16,True,0.80491,0.8049,none,,,False,,92,0,,,
92,66,True,0.458758,0.4588,none,,,False,,92,0,,,
92,38,True,0.288641,0.2886,none,,,False,,92,0,,,
92,29,True,0.691207,0.6912,none,,,False,,92,0,,,
92,63,True,0.334267,0.3343,none,,,False,,92,0,,,
92,21,True,0.363503,0.3635,none,,,False,,92,0,,,
92,53,True,0.484766,0.4848,none,,,False,,92,0,,,
92,62,True,0.393905,0.3939,none,,,False,,92,0,,,
92,26,True,0.569277,0.5693,none,,,False,,92,0,,,
92,94,True,0.625088,0.6251,none,,,False,,92,0,,,
92,14,True,0.240825,0.2408,none,,,False,,92,0,,,
92,92,True,0.356204,0.3562,none,,,False,,92,0,,,
92,72,True,0.508923,0.5089,none,,,False,,92,0,,,
92,19,True,1.333149,1.3331,none,,,False,,92,0,,,
92,61,True,0.404255,0.4043,none,,,False,,92,0,,,
92,50,True,0.427044,0.427,none,,,False,,92,0,,,
92,60,True,0.336722,0.3367,none,,,False,,92,0,,,
92,0,True,0.423966,0.424,none,,,False,,92,0,,,
92,46,True,0.543837,0.5438,none,,,False,,92,0,,,
92,45,True,0.330815,0.3308,none,,,False,,92,0,,,
93,51,True,0.523306,0.5233,none,,,False,,93,0,,,
93,8,True,0.30754,0.3075,none,,,False,,93,0,,,
93,77,True,0.317197,0.3172,none,,,False,,93,0,,,
93,65,True,0.367292,0.3673,none,,,False,,93,0,,,
93,34,True,0.718923,0.7189,none,,,False,,93,0,,,
93,97,True,0.683924,0.6839,none,,,False,,93,0,,,
93,44,True,0.485138,0.4851,none,,,False,,93,0,,,
93,82,True,0.109766,0.1098,none,,,False,,93,0,,,
93,56,True,0.903226,0.9032,none,,,False,,93,0,,,
93,23,True,0.542806,0.5428,none,,,False,,93,0,,,
93,22,True,0.699092,0.6991,none,,,False,,93,0,,,
93,46,True,0.07487,0.0749,none,,,False,,93,0,,,
93,62,True,0.472168,0.4722,none,,,False,,93,0,,,
93,81,True,0.427756,0.4278,none,,,False,,93,0,,,
93,96,True,0.431633,0.4316,none,,,False,,93,0,,,
93,61,True,0.499841,0.4998,none,,,False,,93,0,,,
93,6,True,0.303295,0.3033,none,,,False,,93,0,,,
93,86,True,0.421364,0.4214,none,,,False,,93,0,,,
93,98,True,0.099832,0.0998,none,,,False,,93,0,,,
93,53,True,0.469321,0.4693,none,,,False,,93,0,,,
93,38,True,0.34333,0.3433,none,,,False,,93,0,,,
93,95,True,0.677436,0.6774,none,,,False,,93,0,,,
93,94,True,0.719404,0.7194,none,,,False,,93,0,,,
93,1,True,1.106111,1.1061,none,,,False,,93,0,,,
93,69,True,0.345979,0.346,none,,,False,,93,0,,,
93,64,True,0.36703,0.367,none,,,False,,93,0,,,
93,20,True,0.44741,0.4474,none,,,False,,93,0,,,
93,48,True,0.137676,0.1377,none,,,False,,93,0,,,
93,0,True,0.517211,0.5172,none,,,False,,93,0,,,
93,58,True,0.298709,0.2987,none,,,False,,93,0,,,
93,31,True,0.725982,0.726,none,,,False,,93,0,,,
93,93,True,0.276805,0.2768,none,,,False,,93,0,,,
93,24,True,0.556727,0.5567,none,,,False,,93,0,,,
93,52,True,0.319894,0.3199,none,,,False,,93,0,,,
93,78,True,0.557372,0.5574,none,,,False,,93,0,,,
93,29,True,0.663947,0.6639,none,,,False,,93,0,,,
93,83,True,0.380643,0.3806,none,,,False,,93,0,,,
93,36,True,0.313337,0.3133,none,,,False,,93,0,,,
93,30,True,0.504043,0.504,none,,,False,,93,0,,,
93,43,True,0.500131,0.5001,none,,,False,,93,0,,,
93,91,True,0.527824,0.5278,none,,,False,,93,0,,,
93,92,True,0.318733,0.3187,none,,,False,,93,0,,,
93,57,True,0.478645,0.4786,none,,,False,,93,0,,,
93,39,True,0.662374,0.6624,none,,,False,,93,0,,,
93,99,True,0.885625,0.8856,none,,,False,,93,0,,,
93,26,True,0.553191,0.5532,none,,,False,,93,0,,,
93,33,True,0.460702,0.4607,none,,,False,,93,0,,,
93,21,True,0.331854,0.3319,none,,,False,,93,0,,,
93,74,True,0.439087,0.4391,none,,,False,,93,0,,,
93,59,True,0.290551,0.2906,none,,,False,,93,0,,,
94,39,True,0.76175,0.7617,none,,,False,,94,0,,,
94,69,True,0.530329,0.5303,none,,,False,,94,0,,,
94,90,True,0.609202,0.6092,none,,,False,,94,0,,,
94,62,True,0.287559,0.2876,none,,,False,,94,0,,,
94,30,True,0.515623,0.5156,none,,,False,,94,0,,,
94,43,True,0.504874,0.5049,none,,,False,,94,0,,,
94,22,True,0.756066,0.7561,none,,,False,,94,0,,,
94,79,True,0.333207,0.3332,none,,,False,,94,0,,,
94,93,True,0.245963,0.246,none,,,False,,94,0,,,
94,47,True,0.329966,0.33,none,,,False,,94,0,,,
94,27,True,0.233235,0.2332,none,,,False,,94,0,,,
94,13,True,0.281021,0.281,none,,,False,,94,0,,,
94,58,True,0.388762,0.3888,none,,,False,,94,0,,,
94,16,True,0.531167,0.5312,none,,,False,,94,0,,,
94,65,True,0.449323,0.4493,none,,,False,,94,0,,,
94,40,True,0.711554,0.7116,none,,,False,,94,0,,,
94,45,True,0.487538,0.4875,none,,,False,,94,0,,,
94,56,True,0.699674,0.6997,none,,,False,,94,0,,,
94,67,True,0.482758,0.4828,none,,,False,,94,0,,,
94,74,True,0.337411,0.3374,none,,,False,,94,0,,,
94,76,True,1.034706,1.0347,none,,,False,,94,0,,,
94,42,True,1.443812,1.4438,none,,,False,,94,0,,,
94,4,True,0.272171,0.2722,none,,,False,,94,0,,,
94,8,True,0.457373,0.4574,none,,,False,,94,0,,,
94,36,True,0.368434,0.3684,none,,,False,,94,0,,,
94,81,True,0.403708,0.4037,none,,,False,,94,0,,,
94,86,True,0.417548,0.4175,none,,,False,,94,0,,,
94,55,True,0.481989,0.482,none,,,False,,94,0,,,
94,52,True,0.372219,0.3722,none,,,False,,94,0,,,
94,89,True,0.255725,0.2557,none,,,False,,94,0,,,
94,57,True,0.62837,0.6284,none,,,False,,94,0,,,
94,78,True,0.519004,0.519,none,,,False,,94,0,,,
94,80,True,0.877332,0.8773,none,,,False,,94,0,,,
94,37,True,0.49274,0.4927,none,,,False,,94,0,,,
94,71,True,0.975135,0.9751,none,,,False,,94,0,,,
94,21,True,0.376341,0.3763,none,,,False,,94,0,,,
94,87,True,0.673119,0.6731,none,,,False,,94,0,,,
94,28,True,0.964454,0.9645,none,,,False,,94,0,,,
94,54,True,0.391371,0.3914,none,,,False,,94,0,,,
94,53,True,0.564205,0.5642,none,,,False,,94,0,,,
94,14,True,0.295601,0.2956,none,,,False,,94,0,,,
94,3,True,0.57936,0.5794,none,,,False,,94,0,,,
94,61,True,0.443096,0.4431,none,,,False,,94,0,,,
94,51,True,0.468984,0.469,none,,,False,,94,0,,,
94,10,True,0.390579,0.3906,none,,,False,,94,0,,,
94,11,True,0.410414,0.4104,none,,,False,,94,0,,,
94,72,True,0.496055,0.4961,none,,,False,,94,0,,,
94,64,True,0.382993,0.383,none,,,False,,94,0,,,
94,41,True,0.285033,0.285,none,,,False,,94,0,,,
94,17,True,0.564779,0.5648,none,,,False,,94,0,,,
95,3,True,0.42314,0.4231,none,,,False,,95,0,,,
95,81,True,0.504548,0.5045,none,,,False,,95,0,,,
95,46,True,0.530648,0.5306,none,,,False,,95,0,,,
95,18,True,0.487666,0.4877,none,,,False,,95,0,,,
95,20,True,0.334967,0.335,none,,,False,,95,0,,,
95,74,True,0.336158,0.3362,none,,,False,,95,0,,,
95,55,True,0.47068,0.4707,none,,,False,,95,0,,,
95,76,True,0.960056,0.9601,none,,,False,,95,0,,,
95,37,True,0.476147,0.4761,none,,,False,,95,0,,,
95,50,True,0.556618,0.5566,none,,,False,,95,0,,,
95,39,True,0.635079,0.6351,none,,,False,,95,0,,,
95,87,True,0.592332,0.5923,none,,,False,,95,0,,,
95,90,True,0.51573,0.5157,none,,,False,,95,0,,,
95,98,True,0.043485,0.0435,none,,,False,,95,0,,,
95,59,True,0.385271,0.3853,none,,,False,,95,0,,,
95,8,True,0.402291,0.4023,none,,,False,,95,0,,,
95,13,True,0.309147,0.3091,none,,,False,,95,0,,,
95,25,True,0.355862,0.3559,none,,,False,,95,0,,,
95,44,True,0.480396,0.4804,none,,,False,,95,0,,,
95,29,True,0.716611,0.7166,none,,,False,,95,0,,,
95,68,True,0.656378,0.6564,none,,,False,,95,0,,,
95,57,True,0.384869,0.3849,none,,,False,,95,0,,,
95,54,True,0.308554,0.3086,none,,,False,,95,0,,,
95,47,True,0.313062,0.3131,none,,,False,,95,0,,,
95,16,True,0.793104,0.7931,none,,,False,,95,0,,,
95,63,True,0.415916,0.4159,none,,,False,,95,0,,,
95,58,True,0.344333,0.3443,none,,,False,,95,0,,,
95,65,True,0.316914,0.3169,none,,,False,,95,0,,,
95,34,True,0.681301,0.6813,none,,,False,,95,0,,,
95,5,True,0.170828,0.1708,none,,,False,,95,0,,,
95,41,True,0.249727,0.2497,none,,,False,,95,0,,,
95,9,True,0.680223,0.6802,none,,,False,,95,0,,,
95,91,True,0.742254,0.7423,none,,,False,,95,0,,,
95,17,True,0.599252,0.5993,none,,,False,,95,0,,,
95,97,True,0.731062,0.7311,none,,,False,,95,0,,,
95,95,True,0.652956,0.653,none,,,False,,95,0,,,
95,80,True,0.884835,0.8848,none,,,False,,95,0,,,
95,22,True,0.634557,0.6346,none,,,False,,95,0,,,
95,84,True,1.287372,1.2874,none,,,False,,95,0,,,
95,61,True,0.326561,0.3266,none,,,False,,95,0,,,
95,15,True,0.820715,0.8207,none,,,False,,95,0,,,
95,75,True,1.321019,1.321,none,,,False,,95,0,,,
95,79,True,0.337325,0.3373,none,,,False,,95,0,,,
95,56,True,0.764429,0.7644,none,,,False,,95,0,,,
95,53,True,0.563683,0.5637,none,,,False,,95,0,,,
95,7,True,0.361843,0.3618,none,,,False,,95,0,,,
95,83,True,0.418283,0.4183,none,,,False,,95,0,,,
95,51,True,0.530017,0.53,none,,,False,,95,0,,,
95,52,True,0.26872,0.2687,none,,,False,,95,0,,,
95,94,True,0.887943,0.8879,none,,,False,,95,0,,,
96,27,True,0.264227,0.2642,none,,,False,,96,0,,,
96,47,True,0.350113,0.3501,none,,,False,,96,0,,,
96,93,True,0.160423,0.1604,none,,,False,,96,0,,,
96,90,True,0.608637,0.6086,none,,,False,,96,0,,,
96,76,True,0.915914,0.9159,none,,,False,,96,0,,,
96,25,True,0.298601,0.2986,none,,,False,,96,0,,,
96,45,True,0.404993,0.405,none,,,False,,96,0,,,
96,51,True,0.576245,0.5762,none,,,False,,96,0,,,
96,77,True,0.398033,0.398,none,,,False,,96,0,,,
96,41,True,0.185408,0.1854,none,,,False,,96,0,,,
96,11,True,0.470182,0.4702,none,,,False,,96,0,,,
96,5,True,0.176285,0.1763,none,,,False,,96,0,,,
96,98,True,0.074732,0.0747,none,,,False,,96,0,,,
96,69,True,0.493693,0.4937,none,,,False,,96,0,,,
96,4,True,0.39381,0.3938,none,,,False,,96,0,,,
96,55,True,0.488057,0.4881,none,,,False,,96,0,,,
96,8,True,0.39675,0.3968,none,,,False,,96,0,,,
96,20,True,0.334897,0.3349,none,,,False,,96,0,,,
96,89,True,0.277156,0.2772,none,,,False,,96,0,,,
96,50,True,0.525867,0.5259,none,,,False,,96,0,,,
96,88,True,0.882448,0.8824,none,,,False,,96,0,,,
96,13,True,0.304617,0.3046,none,,,False,,96,0,,,
96,17,True,0.546442,0.5464,none,,,False,,96,0,,,
96,14,True,0.224491,0.2245,none,,,False,,96,0,,,
96,19,True,1.286569,1.2866,none,,,False,,96,0,,,
96,36,True,0.343289,0.3433,none,,,False,,96,0,,,
96,57,True,0.550673,0.5507,none,,,False,,96,0,,,
96,65,True,0.395659,0.3957,none,,,False,,96,0,,,
96,83,True,0.368801,0.3688,none,,,False,,96,0,,,
96,35,True,0.444821,0.4448,none,,,False,,96,0,,,
96,74,True,0.345043,0.345,none,,,False,,96,0,,,
96,44,True,0.430508,0.4305,none,,,False,,96,0,,,
96,23,True,0.469474,0.4695,none,,,False,,96,0,,,
96,63,True,0.322924,0.3229,none,,,False,,96,0,,,
96,96,True,0.478054,0.4781,none,,,False,,96,0,,,
96,10,True,0.516698,0.5167,none,,,False,,96,0,,,
96,78,True,0.56908,0.5691,none,,,False,,96,0,,,
96,84,True,1.198813,1.1988,none,,,False,,96,0,,,
96,56,True,0.777038,0.777,none,,,False,,96,0,,,
96,87,True,0.616464,0.6165,none,,,False,,96,0,,,
96,30,True,0.460156,0.4602,none,,,False,,96,0,,,
96,95,True,0.641104,0.6411,none,,,False,,96,0,,,
96,46,True,0.524518,0.5245,none,,,False,,96,0,,,
96,66,True,0.231949,0.2319,none,,,False,,96,0,,,
96,37,True,0.475807,0.4758,none,,,False,,96,0,,,
96,1,True,1.187289,1.1873,none,,,False,,96,0,,,
96,61,True,0.407893,0.4079,none,,,False,,96,0,,,
96,12,True,0.688542,0.6885,none,,,False,,96,0,,,
96,42,True,1.437987,1.438,none,,,False,,96,0,,,
96,21,True,0.508664,0.5087,none,,,False,,96,0,,,
97,99,True,0.882511,0.8825,none,,,False,,97,0,,,
97,88,True,0.837261,0.8373,none,,,False,,97,0,,,
97,67,True,0.508718,0.5087,none,,,False,,97,0,,,
97,23,True,0.61025,0.6103,none,,,False,,97,0,,,
97,3,True,0.534828,0.5348,none,,,False,,97,0,,,
97,76,True,1.066772,1.0668,none,,,False,,97,0,,,
97,5,True,0.316121,0.3161,none,,,False,,97,0,,,
97,52,True,0.25134,0.2513,none,,,False,,97,0,,,
97,69,True,0.363129,0.3631,none,,,False,,97,0,,,
97,28,True,0.889871,0.8899,none,,,False,,97,0,,,
97,4,True,0.337289,0.3373,none,,,False,,97,0,,,
97,49,True,0.629705,0.6297,none,,,False,,97,0,,,
97,14,True,0.24324,0.2432,none,,,False,,97,0,,,
97,35,True,0.552057,0.5521,none,,,False,,97,0,,,
97,47,True,0.347602,0.3476,none,,,False,,97,0,,,
97,97,True,0.823735,0.8237,none,,,False,,97,0,,,
97,93,True,0.201432,0.2014,none,,,False,,97,0,,,
97,18,True,0.369371,0.3694,none,,,False,,97,0,,,
97,94,True,0.549422,0.5494,none,,,False,,97,0,,,
97,78,True,0.499162,0.4992,none,,,False,,97,0,,,
97,60,True,0.272113,0.2721,none,,,False,,97,0,,,
97,50,True,0.499731,0.4997,none,,,False,,97,0,,,
97,71,True,0.845937,0.8459,none,,,False,,97,0,,,
97,17,True,0.617244,0.6172,none,,,False,,97,0,,,
97,43,True,0.38451,0.3845,none,,,False,,97,0,,,
97,38,True,0.120379,0.1204,none,,,False,,97,0,,,
97,11,True,0.405463,0.4055,none,,,False,,97,0,,,
97,1,True,1.229518,1.2295,none,,,False,,97,0,,,
97,44,True,0.556105,0.5561,none,,,False,,97,0,,,
97,30,True,0.589638,0.5896,none,,,False,,97,0,,,
97,61,True,0.310949,0.3109,none,,,False,,97,0,,,
97,73,True,0.413059,0.4131,none,,,False,,97,0,,,
97,82,True,0.216554,0.2166,none,,,False,,97,0,,,
97,96,True,0.412578,0.4126,none,,,False,,97,0,,,
97,70,True,0.382559,0.3826,none,,,False,,97,0,,,
97,33,True,0.502981,0.503,none,,,False,,97,0,,,
97,48,True,0.275696,0.2757,none,,,False,,97,0,,,
97,59,True,0.333334,0.3333,none,,,False,,97,0,,,
97,56,True,0.664673,0.6647,none,,,False,,97,0,,,
97,72,True,0.527103,0.5271,none,,,False,,97,0,,,
97,80,True,0.93842,0.9384,none,,,False,,97,0,,,
97,20,True,0.401765,0.4018,none,,,False,,97,0,,,
97,27,True,0.270997,0.271,none,,,False,,97,0,,,
97,9,True,0.794748,0.7947,none,,,False,,97,0,,,
97,21,True,0.165731,0.1657,none,,,False,,97,0,,,
97,54,True,0.403924,0.4039,none,,,False,,97,0,,,
97,81,True,0.446478,0.4465,none,,,False,,97,0,,,
97,45,True,0.435317,0.4353,none,,,False,,97,0,,,
97,77,True,0.314766,0.3148,none,,,False,,97,0,,,
97,12,True,0.474823,0.4748,none,,,False,,97,0,,,
98,66,True,0.46729,0.4673,none,,,False,,98,0,,,
98,13,True,0.373719,0.3737,none,,,False,,98,0,,,
98,30,True,0.504731,0.5047,none,,,False,,98,0,,,
98,78,True,0.650711,0.6507,none,,,False,,98,0,,,
98,33,True,0.3816,0.3816,none,,,False,,98,0,,,
98,69,True,0.637899,0.6379,none,,,False,,98,0,,,
98,99,True,0.938478,0.9385,none,,,False,,98,0,,,
98,49,True,0.733318,0.7333,none,,,False,,98,0,,,
98,10,True,0.489952,0.49,none,,,False,,98,0,,,
98,23,True,0.376119,0.3761,none,,,False,,98,0,,,
98,82,True,0.191688,0.1917,none,,,False,,98,0,,,
98,3,True,0.380498,0.3805,none,,,False,,98,0,,,
98,19,True,1.265279,1.2653,none,,,False,,98,0,,,
98,17,True,0.671061,0.6711,none,,,False,,98,0,,,
98,96,True,0.415509,0.4155,none,,,False,,98,0,,,
98,71,True,0.761992,0.762,none,,,False,,98,0,,,
98,76,True,0.818868,0.8189,none,,,False,,98,0,,,
98,4,True,0.436547,0.4365,none,,,False,,98,0,,,
98,89,True,0.444398,0.4444,none,,,False,,98,0,,,
98,54,True,0.220359,0.2204,none,,,False,,98,0,,,
98,77,True,0.263224,0.2632,none,,,False,,98,0,,,
98,81,True,0.451773,0.4518,none,,,False,,98,0,,,
98,9,True,0.675704,0.6757,none,,,False,,98,0,,,
98,64,True,0.480719,0.4807,none,,,False,,98,0,,,
98,62,True,0.363894,0.3639,none,,,False,,98,0,,,
98,44,True,0.40259,0.4026,none,,,False,,98,0,,,
98,15,True,0.900978,0.901,none,,,False,,98,0,,,
98,80,True,0.783908,0.7839,none,,,False,,98,0,,,
98,26,True,0.593753,0.5938,none,,,False,,98,0,,,
98,98,True,0.108764,0.1088,none,,,False,,98,0,,,
98,72,True,0.335895,0.3359,none,,,False,,98,0,,,
98,8,True,0.401632,0.4016,none,,,False,,98,0,,,
98,14,True,0.215791,0.2158,none,,,False,,98,0,,,
98,37,True,0.424621,0.4246,none,,,False,,98,0,,,
98,46,True,0.527459,0.5275,none,,,False,,98,0,,,
98,34,True,0.599227,0.5992,none,,,False,,98,0,,,
98,43,True,0.518533,0.5185,none,,,False,,98,0,,,
98,59,True,0.391986,0.392,none,,,False,,98,0,,,
98,21,True,0.409843,0.4098,none,,,False,,98,0,,,
98,39,True,0.831942,0.8319,none,,,False,,98,0,,,
98,20,True,0.418993,0.419,none,,,False,,98,0,,,
98,42,True,1.619103,1.6191,none,,,False,,98,0,,,
98,56,True,0.983867,0.9839,none,,,False,,98,0,,,
98,25,True,0.303175,0.3032,none,,,False,,98,0,,,
98,29,True,0.657413,0.6574,none,,,False,,98,0,,,
98,6,True,0.598067,0.5981,none,,,False,,98,0,,,
98,67,True,0.522384,0.5224,none,,,False,,98,0,,,
98,55,True,0.66898,0.669,none,,,False,,98,0,,,
98,87,True,0.60587,0.6059,none,,,False,,98,0,,,
98,31,True,0.567468,0.5675,none,,,False,,98,0,,,
99,67,True,0.475554,0.4756,none,,,False,,99,0,,,
99,89,True,0.354606,0.3546,none,,,False,,99,0,,,
99,68,True,0.810888,0.8109,none,,,False,,99,0,,,
99,53,True,0.48623,0.4862,none,,,False,,99,0,,,
99,35,True,0.568435,0.5684,none,,,False,,99,0,,,
99,22,True,0.555904,0.5559,none,,,False,,99,0,,,
99,7,True,0.104947,0.1049,none,,,False,,99,0,,,
99,85,True,0.20839,0.2084,none,,,False,,99,0,,,
99,41,True,0.214914,0.2149,none,,,False,,99,0,,,
99,79,True,0.187517,0.1875,none,,,False,,99,0,,,
99,88,True,0.664734,0.6647,none,,,False,,99,0,,,
99,58,True,0.446256,0.4463,none,,,False,,99,0,,,
99,45,True,0.474716,0.4747,none,,,False,,99,0,,,
99,64,True,0.414097,0.4141,none,,,False,,99,0,,,
99,63,True,0.344663,0.3447,none,,,False,,99,0,,,
99,82,True,0.138523,0.1385,none,,,False,,99,0,,,
99,95,True,0.603753,0.6038,none,,,False,,99,0,,,
99,28,True,1.083817,1.0838,none,,,False,,99,0,,,
99,43,True,0.393695,0.3937,none,,,False,,99,0,,,
99,72,True,0.489577,0.4896,none,,,False,,99,0,,,
99,74,True,0.393035,0.393,none,,,False,,99,0,,,
99,39,True,0.756655,0.7567,none,,,False,,99,0,,,
99,87,True,0.536025,0.536,none,,,False,,99,0,,,
99,96,True,0.348522,0.3485,none,,,False,,99,0,,,
99,60,True,0.255065,0.2551,none,,,False,,99,0,,,
99,44,True,0.552202,0.5522,none,,,False,,99,0,,,
99,21,True,0.489028,0.489,none,,,False,,99,0,,,
99,11,True,0.360068,0.3601,none,,,False,,99,0,,,
99,16,True,0.771195,0.7712,none,,,False,,99,0,,,
99,8,True,0.435116,0.4351,none,,,False,,99,0,,,
99,59,True,0.426446,0.4264,none,,,False,,99,0,,,
99,30,True,0.519272,0.5193,none,,,False,,99,0,,,
99,86,True,0.35018,0.3502,none,,,False,,99,0,,,
99,77,True,0.401443,0.4014,none,,,False,,99,0,,,
99,34,True,0.792221,0.7922,none,,,False,,99,0,,,
99,14,True,0.290923,0.2909,none,,,False,,99,0,,,
99,57,True,0.394394,0.3944,none,,,False,,99,0,,,
99,66,True,0.402159,0.4022,none,,,False,,99,0,,,
99,2,True,0.435109,0.4351,none,,,False,,99,0,,,
99,19,True,1.288167,1.2882,none,,,False,,99,0,,,
99,61,True,0.445835,0.4458,none,,,False,,99,0,,,
99,62,True,0.230793,0.2308,none,,,False,,99,0,,,
99,71,True,0.742522,0.7425,none,,,False,,99,0,,,
99,93,True,0.252076,0.2521,none,,,False,,99,0,,,
99,23,True,0.437503,0.4375,none,,,False,,99,0,,,
99,91,True,0.789605,0.7896,none,,,False,,99,0,,,
99,17,True,0.517417,0.5174,none,,,False,,99,0,,,
99,9,True,0.564328,0.5643,none,,,False,,99,0,,,
99,80,True,0.971983,0.972,none,,,False,,99,0,,,
99,97,True,0.780915,0.7809,none,,,False,,99,0,,,
100,89,True,0.390461,0.3905,none,,,False,,100,0,,,
100,15,True,0.572025,0.572,none,,,False,,100,0,,,
100,31,True,0.578884,0.5789,none,,,False,,100,0,,,
100,65,True,0.372364,0.3724,none,,,False,,100,0,,,
100,43,True,0.469463,0.4695,none,,,False,,100,0,,,
100,85,True,0.157685,0.1577,none,,,False,,100,0,,,
100,61,True,0.549682,0.5497,none,,,False,,100,0,,,
100,6,True,0.437772,0.4378,none,,,False,,100,0,,,
100,44,True,0.410326,0.4103,none,,,False,,100,0,,,
100,90,True,0.735118,0.7351,none,,,False,,100,0,,,
100,16,True,0.905674,0.9057,none,,,False,,100,0,,,
100,32,True,0.56626,0.5663,none,,,False,,100,0,,,
100,47,True,0.322751,0.3228,none,,,False,,100,0,,,
100,87,True,0.537405,0.5374,none,,,False,,100,0,,,
100,86,True,0.423672,0.4237,none,,,False,,100,0,,,
100,30,True,0.464115,0.4641,none,,,False,,100,0,,,
100,25,True,0.424312,0.4243,none,,,False,,100,0,,,
100,20,True,0.511182,0.5112,none,,,False,,100,0,,,
100,46,True,0.469864,0.4699,none,,,False,,100,0,,,
100,28,True,0.638724,0.6387,none,,,False,,100,0,,,
100,22,True,0.672656,0.6727,none,,,False,,100,0,,,
100,33,True,0.473116,0.4731,none,,,False,,100,0,,,
100,92,True,0.205597,0.2056,none,,,False,,100,0,,,
100,21,True,0.280943,0.2809,none,,,False,,100,0,,,
100,3,True,0.545812,0.5458,none,,,False,,100,0,,,
100,9,True,0.732747,0.7327,none,,,False,,100,0,,,
100,75,True,1.368046,1.368,none,,,False,,100,0,,,
100,1,True,1.155232,1.1552,none,,,False,,100,0,,,
100,60,True,0.339315,0.3393,none,,,False,,100,0,,,
100,52,True,0.294224,0.2942,none,,,False,,100,0,,,
100,99,True,1.043775,1.0438,none,,,False,,100,0,,,
100,35,True,0.606915,0.6069,none,,,False,,100,0,,,
100,71,True,0.753747,0.7537,none,,,False,,100,0,,,
100,38,True,0.380864,0.3809,none,,,False,,100,0,,,
100,0,True,0.393029,0.393,none,,,False,,100,0,,,
100,68,True,0.56996,0.57,none,,,False,,100,0,,,
100,59,True,0.380369,0.3804,none,,,False,,100,0,,,
100,53,True,0.588592,0.5886,none,,,False,,100,0,,,
100,41,True,0.239811,0.2398,none,,,False,,100,0,,,
100,29,True,0.805764,0.8058,none,,,False,,100,0,,,
100,78,True,0.729752,0.7298,none,,,False,,100,0,,,
100,40,True,0.983409,0.9834,none,,,False,,100,0,,,
100,51,True,0.71037,0.7104,none,,,False,,100,0,,,
100,63,True,0.303533,0.3035,none,,,False,,100,0,,,
100,96,True,0.474246,0.4742,none,,,False,,100,0,,,
100,98,True,0.043088,0.0431,none,,,False,,100,0,,,
100,27,True,0.333649,0.3336,none,,,False,,100,0,,,
100,48,True,0.241381,0.2414,none,,,False,,100,0,,,
100,12,True,0.637995,0.638,none,,,False,,100,0,,,
100,73,True,0.396367,0.3964,none,,,False,,100,0,,,
