round,client_id,selected,utility,normalized_utility,detector,cusum_pos,cusum_neg,change_detected,change_direction,last_seen,age,explore_score,exploit_score,final_score
1,37,True,0.16047,0.1605,none,,,False,,1,0,,,
1,6,True,0.073325,0.0733,none,,,False,,1,0,,,
1,8,True,0.165141,0.1651,none,,,False,,1,0,,,
1,93,True,0.039716,0.0397,none,,,False,,1,0,,,
1,75,True,0.055867,0.0559,none,,,False,,1,0,,,
1,21,True,0.046046,0.046,none,,,False,,1,0,,,
1,78,True,0.769402,0.7694,none,,,False,,1,0,,,
1,54,True,0.148163,0.1482,none,,,False,,1,0,,,
1,59,True,0.081912,0.0819,none,,,False,,1,0,,,
1,29,True,0.525259,0.5253,none,,,False,,1,0,,,
1,56,True,0.109682,0.1097,none,,,False,,1,0,,,
1,57,True,0.160869,0.1609,none,,,False,,1,0,,,
1,62,True,0.351088,0.3511,none,,,False,,1,0,,,
1,87,True,0.167422,0.1674,none,,,False,,1,0,,,
1,43,True,0.079907,0.0799,none,,,False,,1,0,,,
1,88,True,0.367201,0.3672,none,,,False,,1,0,,,
1,5,True,0.398995,0.399,none,,,False,,1,0,,,
1,69,True,0.239518,0.2395,none,,,False,,1,0,,,
1,14,True,0.030189,0.0302,none,,,False,,1,0,,,
1,50,True,0.157569,0.1576,none,,,False,,1,0,,,
1,68,True,0.112967,0.113,none,,,False,,1,0,,,
1,99,True,0.350478,0.3505,none,,,False,,1,0,,,
1,10,True,0.157305,0.1573,none,,,False,,1,0,,,
1,41,True,0.054705,0.0547,none,,,False,,1,0,,,
1,15,True,0.468888,0.4689,none,,,False,,1,0,,,
1,74,True,0.18906,0.1891,none,,,False,,1,0,,,
1,36,True,0.430063,0.4301,none,,,False,,1,0,,,
1,51,True,0.039595,0.0396,none,,,False,,1,0,,,
1,39,True,0.03063,0.0306,none,,,False,,1,0,,,
1,31,True,0.869134,0.8691,none,,,False,,1,0,,,
1,81,True,0.145875,0.1459,none,,,False,,1,0,,,
1,60,True,0.165379,0.1654,none,,,False,,1,0,,,
1,42,True,0.100073,0.1001,none,,,False,,1,0,,,
1,73,True,0.083145,0.0831,none,,,False,,1,0,,,
1,92,True,0.121665,0.1217,none,,,False,,1,0,,,
1,94,True,0.171147,0.1711,none,,,False,,1,0,,,
2,21,True,0.09957,0.0996,none,,,False,,2,0,,,
2,36,True,0.776803,0.7768,none,,,False,,2,0,,,
2,68,True,0.210074,0.2101,none,,,False,,2,0,,,
2,75,True,0.120131,0.1201,none,,,False,,2,0,,,
2,82,True,0.196175,0.1962,none,,,False,,2,0,,,
2,18,True,0.357994,0.358,none,,,False,,2,0,,,
2,32,True,0.289196,0.2892,none,,,False,,2,0,,,
2,97,True,0.53379,0.5338,none,,,False,,2,0,,,
2,58,True,0.167586,0.1676,none,,,False,,2,0,,,
2,23,True,0.258413,0.2584,none,,,False,,2,0,,,
2,12,True,0.281285,0.2813,none,,,False,,2,0,,,
2,77,True,0.308228,0.3082,none,,,False,,2,0,,,
2,40,True,0.186236,0.1862,none,,,False,,2,0,,,
2,72,True,0.466188,0.4662,none,,,False,,2,0,,,
2,48,True,0.777027,0.777,none,,,False,,2,0,,,
2,64,True,0.074074,0.0741,none,,,False,,2,0,,,
2,90,True,0.145313,0.1453,none,,,False,,2,0,,,
2,33,True,0.449439,0.4494,none,,,False,,2,0,,,
2,98,True,0.298909,0.2989,none,,,False,,2,0,,,
2,0,True,0.291322,0.2913,none,,,False,,2,0,,,
2,78,True,0.85743,0.8574,none,,,False,,2,0,,,
2,92,True,0.29824,0.2982,none,,,False,,2,0,,,
2,74,True,0.6125,0.6125,none,,,False,,2,0,,,
2,8,True,0.443172,0.4432,none,,,False,,2,0,,,
2,16,True,0.150935,0.1509,none,,,False,,2,0,,,
2,46,True,0.194795,0.1948,none,,,False,,2,0,,,
2,30,True,0.22575,0.2258,none,,,False,,2,0,,,
2,7,True,0.059639,0.0596,none,,,False,,2,0,,,
2,55,True,0.374515,0.3745,none,,,False,,2,0,,,
2,49,True,0.22525,0.2252,none,,,False,,2,0,,,
2,62,True,0.505521,0.5055,none,,,False,,2,0,,,
2,88,True,0.461522,0.4615,none,,,False,,2,0,,,
2,69,True,0.352517,0.3525,none,,,False,,2,0,,,
2,99,True,0.365324,0.3653,none,,,False,,2,0,,,
2,25,True,0.301449,0.3014,none,,,False,,2,0,,,
2,79,True,0.205222,0.2052,none,,,False,,2,0,,,
3,17,True,0.182808,0.1828,none,,,False,,3,0,,,
3,20,True,0.711794,0.7118,none,,,False,,3,0,,,
3,62,True,0.700174,0.7002,none,,,False,,3,0,,,
3,92,True,0.560497,0.5605,none,,,False,,3,0,,,
3,58,True,0.48611,0.4861,none,,,False,,3,0,,,
3,82,True,0.492496,0.4925,none,,,False,,3,0,,,
3,30,True,0.593425,0.5934,none,,,False,,3,0,,,
3,98,True,0.478602,0.4786,none,,,False,,3,0,,,
3,71,True,0.590852,0.5909,none,,,False,,3,0,,,
3,91,True,0.347819,0.3478,none,,,False,,3,0,,,
3,34,True,0.571466,0.5715,none,,,False,,3,0,,,
3,73,True,0.330333,0.3303,none,,,False,,3,0,,,
3,22,True,0.45404,0.454,none,,,False,,3,0,,,
3,45,True,0.638309,0.6383,none,,,False,,3,0,,,
3,36,True,0.723587,0.7236,none,,,False,,3,0,,,
3,99,True,0.359088,0.3591,none,,,False,,3,0,,,
3,66,True,0.442731,0.4427,none,,,False,,3,0,,,
3,15,True,0.627505,0.6275,none,,,False,,3,0,,,
3,26,True,0.568948,0.5689,none,,,False,,3,0,,,
3,55,True,0.515286,0.5153,none,,,False,,3,0,,,
3,28,True,0.500472,0.5005,none,,,False,,3,0,,,
3,51,True,0.262115,0.2621,none,,,False,,3,0,,,
3,8,True,0.465505,0.4655,none,,,False,,3,0,,,
3,40,True,0.384054,0.3841,none,,,False,,3,0,,,
3,4,True,0.339517,0.3395,none,,,False,,3,0,,,
3,70,True,0.076259,0.0763,none,,,False,,3,0,,,
3,68,True,0.651581,0.6516,none,,,False,,3,0,,,
3,2,True,0.533202,0.5332,none,,,False,,3,0,,,
3,33,True,0.407555,0.4076,none,,,False,,3,0,,,
3,9,True,0.357937,0.3579,none,,,False,,3,0,,,
3,85,True,0.66797,0.668,none,,,False,,3,0,,,
3,44,True,0.776964,0.777,none,,,False,,3,0,,,
3,16,True,0.322433,0.3224,none,,,False,,3,0,,,
3,69,True,0.313866,0.3139,none,,,False,,3,0,,,
3,64,True,0.240822,0.2408,none,,,False,,3,0,,,
3,67,True,0.533534,0.5335,none,,,False,,3,0,,,
4,5,True,0.662758,0.6628,none,,,False,,4,0,,,
4,31,True,1.002051,1.0021,none,,,False,,4,0,,,
4,12,True,0.645131,0.6451,none,,,False,,4,0,,,
4,71,True,0.69553,0.6955,none,,,False,,4,0,,,
4,23,True,0.754155,0.7542,none,,,False,,4,0,,,
4,9,True,0.442664,0.4427,none,,,False,,4,0,,,
4,63,True,0.483921,0.4839,none,,,False,,4,0,,,
4,37,True,0.421544,0.4215,none,,,False,,4,0,,,
4,27,True,0.971345,0.9713,none,,,False,,4,0,,,
4,74,True,0.790136,0.7901,none,,,False,,4,0,,,
4,45,True,0.794969,0.795,none,,,False,,4,0,,,
4,38,True,0.224012,0.224,none,,,False,,4,0,,,
4,78,True,0.900836,0.9008,none,,,False,,4,0,,,
4,29,True,0.680353,0.6804,none,,,False,,4,0,,,
4,58,True,0.619367,0.6194,none,,,False,,4,0,,,
4,52,True,0.624149,0.6241,none,,,False,,4,0,,,
4,60,True,0.720316,0.7203,none,,,False,,4,0,,,
4,62,True,0.726055,0.7261,none,,,False,,4,0,,,
4,33,True,0.291643,0.2916,none,,,False,,4,0,,,
4,54,True,0.432554,0.4326,none,,,False,,4,0,,,
4,42,True,0.524227,0.5242,none,,,False,,4,0,,,
4,61,True,0.867021,0.867,none,,,False,,4,0,,,
4,96,True,0.363778,0.3638,none,,,False,,4,0,,,
4,57,True,0.815474,0.8155,none,,,False,,4,0,,,
4,92,True,0.686851,0.6869,none,,,False,,4,0,,,
4,43,True,0.453838,0.4538,none,,,False,,4,0,,,
4,8,True,0.378223,0.3782,none,,,False,,4,0,,,
4,18,True,0.465375,0.4654,none,,,False,,4,0,,,
4,1,True,0.89589,0.8959,none,,,False,,4,0,,,
4,6,True,0.332938,0.3329,none,,,False,,4,0,,,
4,84,True,0.42839,0.4284,none,,,False,,4,0,,,
4,15,True,0.520904,0.5209,none,,,False,,4,0,,,
4,41,True,0.363286,0.3633,none,,,False,,4,0,,,
4,14,True,0.323957,0.324,none,,,False,,4,0,,,
4,64,True,0.401602,0.4016,none,,,False,,4,0,,,
4,48,True,0.83366,0.8337,none,,,False,,4,0,,,
5,9,True,0.256876,0.2569,none,,,False,,5,0,,,
5,76,True,0.50381,0.5038,none,,,False,,5,0,,,
5,33,True,0.446664,0.4467,none,,,False,,5,0,,,
5,65,True,0.757642,0.7576,none,,,False,,5,0,,,
5,28,True,0.598727,0.5987,none,,,False,,5,0,,,
5,67,True,0.642361,0.6424,none,,,False,,5,0,,,
5,48,True,0.668108,0.6681,none,,,False,,5,0,,,
5,11,True,0.285704,0.2857,none,,,False,,5,0,,,
5,34,True,0.847048,0.847,none,,,False,,5,0,,,
5,88,True,0.622749,0.6227,none,,,False,,5,0,,,
5,10,True,0.765613,0.7656,none,,,False,,5,0,,,
5,1,True,0.63865,0.6387,none,,,False,,5,0,,,
5,0,True,0.704156,0.7042,none,,,False,,5,0,,,
5,69,True,0.399662,0.3997,none,,,False,,5,0,,,
5,37,True,0.45902,0.459,none,,,False,,5,0,,,
5,12,True,1.099776,1.0998,none,,,False,,5,0,,,
5,71,True,0.547546,0.5475,none,,,False,,5,0,,,
5,91,True,0.482953,0.483,none,,,False,,5,0,,,
5,57,True,0.69446,0.6945,none,,,False,,5,0,,,
5,26,True,0.523603,0.5236,none,,,False,,5,0,,,
5,29,True,0.409974,0.41,none,,,False,,5,0,,,
5,40,True,0.463053,0.4631,none,,,False,,5,0,,,
5,75,True,0.420942,0.4209,none,,,False,,5,0,,,
5,93,True,0.556355,0.5564,none,,,False,,5,0,,,
5,24,True,0.617778,0.6178,none,,,False,,5,0,,,
5,60,True,0.903556,0.9036,none,,,False,,5,0,,,
5,22,True,0.671486,0.6715,none,,,False,,5,0,,,
5,92,True,0.675614,0.6756,none,,,False,,5,0,,,
5,61,True,0.931718,0.9317,none,,,False,,5,0,,,
5,70,True,0.13823,0.1382,none,,,False,,5,0,,,
5,19,True,1.066474,1.0665,none,,,False,,5,0,,,
5,63,True,0.483142,0.4831,none,,,False,,5,0,,,
5,23,True,0.754067,0.7541,none,,,False,,5,0,,,
5,46,True,0.481881,0.4819,none,,,False,,5,0,,,
5,38,True,0.266349,0.2663,none,,,False,,5,0,,,
5,39,True,0.306874,0.3069,none,,,False,,5,0,,,
6,2,True,0.74038,0.7404,none,,,False,,6,0,,,
6,15,True,0.753606,0.7536,none,,,False,,6,0,,,
6,0,True,0.5787,0.5787,none,,,False,,6,0,,,
6,85,True,0.746211,0.7462,none,,,False,,6,0,,,
6,26,True,0.439019,0.439,none,,,False,,6,0,,,
6,16,True,0.283257,0.2833,none,,,False,,6,0,,,
6,99,True,0.431465,0.4315,none,,,False,,6,0,,,
6,60,True,0.597081,0.5971,none,,,False,,6,0,,,
6,53,True,0.585072,0.5851,none,,,False,,6,0,,,
6,1,True,0.677454,0.6775,none,,,False,,6,0,,,
6,38,True,0.274102,0.2741,none,,,False,,6,0,,,
6,23,True,0.78325,0.7832,none,,,False,,6,0,,,
6,31,True,1.558468,1.5585,none,,,False,,6,0,,,
6,11,True,0.686128,0.6861,none,,,False,,6,0,,,
6,51,True,0.462374,0.4624,none,,,False,,6,0,,,
6,6,True,0.565822,0.5658,none,,,False,,6,0,,,
6,74,True,0.697559,0.6976,none,,,False,,6,0,,,
6,64,True,0.430981,0.431,none,,,False,,6,0,,,
6,33,True,0.524376,0.5244,none,,,False,,6,0,,,
6,59,True,0.471477,0.4715,none,,,False,,6,0,,,
6,8,True,0.525418,0.5254,none,,,False,,6,0,,,
6,86,True,0.464825,0.4648,none,,,False,,6,0,,,
6,35,True,0.6977,0.6977,none,,,False,,6,0,,,
6,80,True,0.486158,0.4862,none,,,False,,6,0,,,
6,95,True,1.687726,1.6877,none,,,False,,6,0,,,
6,97,True,0.602785,0.6028,none,,,False,,6,0,,,
6,90,True,0.333894,0.3339,none,,,False,,6,0,,,
6,22,True,0.282216,0.2822,none,,,False,,6,0,,,
6,65,True,0.759839,0.7598,none,,,False,,6,0,,,
6,69,True,0.378322,0.3783,none,,,False,,6,0,,,
6,10,True,0.655145,0.6551,none,,,False,,6,0,,,
6,91,True,0.54835,0.5484,none,,,False,,6,0,,,
6,87,True,0.956084,0.9561,none,,,False,,6,0,,,
6,84,True,0.506241,0.5062,none,,,False,,6,0,,,
6,24,True,0.377256,0.3773,none,,,False,,6,0,,,
6,63,True,0.614104,0.6141,none,,,False,,6,0,,,
7,99,True,0.240126,0.2401,none,,,False,,7,0,,,
7,92,True,0.700396,0.7004,none,,,False,,7,0,,,
7,31,True,1.161659,1.1617,none,,,False,,7,0,,,
7,53,True,0.490133,0.4901,none,,,False,,7,0,,,
7,6,True,0.377812,0.3778,none,,,False,,7,0,,,
7,10,True,0.487198,0.4872,none,,,False,,7,0,,,
7,55,True,0.370496,0.3705,none,,,False,,7,0,,,
7,73,True,0.361046,0.361,none,,,False,,7,0,,,
7,42,True,0.532036,0.532,none,,,False,,7,0,,,
7,9,True,0.50964,0.5096,none,,,False,,7,0,,,
7,40,True,0.45487,0.4549,none,,,False,,7,0,,,
7,25,True,0.598267,0.5983,none,,,False,,7,0,,,
7,48,True,0.861852,0.8619,none,,,False,,7,0,,,
7,58,True,0.524698,0.5247,none,,,False,,7,0,,,
7,88,True,0.3812,0.3812,none,,,False,,7,0,,,
7,5,True,1.085587,1.0856,none,,,False,,7,0,,,
7,71,True,0.808556,0.8086,none,,,False,,7,0,,,
7,52,True,0.166764,0.1668,none,,,False,,7,0,,,
7,1,True,0.906257,0.9063,none,,,False,,7,0,,,
7,77,True,0.910294,0.9103,none,,,False,,7,0,,,
7,97,True,0.582767,0.5828,none,,,False,,7,0,,,
7,45,True,0.782179,0.7822,none,,,False,,7,0,,,
7,14,True,0.323691,0.3237,none,,,False,,7,0,,,
7,24,True,0.612153,0.6122,none,,,False,,7,0,,,
7,83,True,0.450294,0.4503,none,,,False,,7,0,,,
7,70,True,0.223528,0.2235,none,,,False,,7,0,,,
7,85,True,0.569436,0.5694,none,,,False,,7,0,,,
7,26,True,0.503737,0.5037,none,,,False,,7,0,,,
7,2,True,0.505654,0.5057,none,,,False,,7,0,,,
7,81,True,0.594421,0.5944,none,,,False,,7,0,,,
7,82,True,0.701215,0.7012,none,,,False,,7,0,,,
7,51,True,0.512702,0.5127,none,,,False,,7,0,,,
7,60,True,0.638702,0.6387,none,,,False,,7,0,,,
7,56,True,0.524894,0.5249,none,,,False,,7,0,,,
7,76,True,0.335066,0.3351,none,,,False,,7,0,,,
7,90,True,0.460965,0.461,none,,,False,,7,0,,,
8,8,True,0.471976,0.472,none,,,False,,8,0,,,
8,28,True,0.676636,0.6766,none,,,False,,8,0,,,
8,70,True,0.200309,0.2003,none,,,False,,8,0,,,
8,74,True,0.803447,0.8034,none,,,False,,8,0,,,
8,76,True,0.285405,0.2854,none,,,False,,8,0,,,
8,31,True,1.425496,1.4255,none,,,False,,8,0,,,
8,87,True,0.75784,0.7578,none,,,False,,8,0,,,
8,86,True,0.527514,0.5275,none,,,False,,8,0,,,
8,17,True,0.359739,0.3597,none,,,False,,8,0,,,
8,20,True,0.906816,0.9068,none,,,False,,8,0,,,
8,33,True,0.572339,0.5723,none,,,False,,8,0,,,
8,13,True,1.053585,1.0536,none,,,False,,8,0,,,
8,51,True,0.60031,0.6003,none,,,False,,8,0,,,
8,78,True,0.881447,0.8814,none,,,False,,8,0,,,
8,94,True,0.585644,0.5856,none,,,False,,8,0,,,
8,75,True,0.39995,0.3999,none,,,False,,8,0,,,
8,58,True,0.579158,0.5792,none,,,False,,8,0,,,
8,19,True,1.058695,1.0587,none,,,False,,8,0,,,
8,89,True,0.421148,0.4211,none,,,False,,8,0,,,
8,40,True,0.470219,0.4702,none,,,False,,8,0,,,
8,15,True,0.741067,0.7411,none,,,False,,8,0,,,
8,77,True,0.859562,0.8596,none,,,False,,8,0,,,
8,39,True,0.318561,0.3186,none,,,False,,8,0,,,
8,29,True,0.540874,0.5409,none,,,False,,8,0,,,
8,92,True,0.556462,0.5565,none,,,False,,8,0,,,
8,44,True,0.80669,0.8067,none,,,False,,8,0,,,
8,97,True,0.421678,0.4217,none,,,False,,8,0,,,
8,61,True,0.890321,0.8903,none,,,False,,8,0,,,
8,16,True,0.360645,0.3606,none,,,False,,8,0,,,
8,24,True,0.525544,0.5255,none,,,False,,8,0,,,
8,66,True,0.480411,0.4804,none,,,False,,8,0,,,
8,7,True,0.448659,0.4487,none,,,False,,8,0,,,
8,79,True,0.369349,0.3693,none,,,False,,8,0,,,
8,67,True,0.400604,0.4006,none,,,False,,8,0,,,
8,5,True,0.993039,0.993,none,,,False,,8,0,,,
8,18,True,0.390035,0.39,none,,,False,,8,0,,,
9,7,True,0.349573,0.3496,none,,,False,,9,0,,,
9,79,True,0.169858,0.1699,none,,,False,,9,0,,,
9,61,True,0.495329,0.4953,none,,,False,,9,0,,,
9,41,True,0.352415,0.3524,none,,,False,,9,0,,,
9,21,True,0.534413,0.5344,none,,,False,,9,0,,,
9,73,True,0.45009,0.4501,none,,,False,,9,0,,,
9,83,True,0.527361,0.5274,none,,,False,,9,0,,,
9,8,True,0.406991,0.407,none,,,False,,9,0,,,
9,13,True,0.998483,0.9985,none,,,False,,9,0,,,
9,96,True,0.334337,0.3343,none,,,False,,9,0,,,
9,76,True,0.491718,0.4917,none,,,False,,9,0,,,
9,69,True,0.297494,0.2975,none,,,False,,9,0,,,
9,53,True,0.626202,0.6262,none,,,False,,9,0,,,
9,19,True,0.748739,0.7487,none,,,False,,9,0,,,
9,28,True,0.49014,0.4901,none,,,False,,9,0,,,
9,98,True,0.64029,0.6403,none,,,False,,9,0,,,
9,26,True,0.480382,0.4804,none,,,False,,9,0,,,
9,71,True,0.582616,0.5826,none,,,False,,9,0,,,
9,38,True,0.274404,0.2744,none,,,False,,9,0,,,
9,67,True,0.481104,0.4811,none,,,False,,9,0,,,
9,63,True,0.565348,0.5653,none,,,False,,9,0,,,
9,37,True,0.521092,0.5211,none,,,False,,9,0,,,
9,0,True,0.749905,0.7499,none,,,False,,9,0,,,
9,3,True,0.790159,0.7902,none,,,False,,9,0,,,
9,4,True,0.318056,0.3181,none,,,False,,9,0,,,
9,75,True,0.501968,0.502,none,,,False,,9,0,,,
9,97,True,0.634472,0.6345,none,,,False,,9,0,,,
9,72,True,0.735725,0.7357,none,,,False,,9,0,,,
9,65,True,0.712134,0.7121,none,,,False,,9,0,,,
9,88,True,0.670266,0.6703,none,,,False,,9,0,,,
9,29,True,0.551783,0.5518,none,,,False,,9,0,,,
9,59,True,0.577369,0.5774,none,,,False,,9,0,,,
9,32,True,0.43413,0.4341,none,,,False,,9,0,,,
9,74,True,0.713837,0.7138,none,,,False,,9,0,,,
9,57,True,0.670059,0.6701,none,,,False,,9,0,,,
9,93,True,0.436755,0.4368,none,,,False,,9,0,,,
10,3,True,0.676666,0.6767,none,,,False,,10,0,,,
10,6,True,0.501074,0.5011,none,,,False,,10,0,,,
10,71,True,0.665074,0.6651,none,,,False,,10,0,,,
10,97,True,0.4652,0.4652,none,,,False,,10,0,,,
10,73,True,0.274685,0.2747,none,,,False,,10,0,,,
10,58,True,0.656406,0.6564,none,,,False,,10,0,,,
10,50,True,0.298712,0.2987,none,,,False,,10,0,,,
10,15,True,0.815543,0.8155,none,,,False,,10,0,,,
10,37,True,0.329949,0.3299,none,,,False,,10,0,,,
10,23,True,0.74331,0.7433,none,,,False,,10,0,,,
10,53,True,0.475078,0.4751,none,,,False,,10,0,,,
10,43,True,0.407152,0.4072,none,,,False,,10,0,,,
10,61,True,0.695656,0.6957,none,,,False,,10,0,,,
10,39,True,0.276125,0.2761,none,,,False,,10,0,,,
10,12,True,0.545408,0.5454,none,,,False,,10,0,,,
10,80,True,0.476866,0.4769,none,,,False,,10,0,,,
10,44,True,0.92213,0.9221,none,,,False,,10,0,,,
10,52,True,0.571097,0.5711,none,,,False,,10,0,,,
10,85,True,0.631273,0.6313,none,,,False,,10,0,,,
10,79,True,0.319848,0.3198,none,,,False,,10,0,,,
10,89,True,0.466422,0.4664,none,,,False,,10,0,,,
10,59,True,0.464963,0.465,none,,,False,,10,0,,,
10,18,True,0.349679,0.3497,none,,,False,,10,0,,,
10,78,True,0.896435,0.8964,none,,,False,,10,0,,,
10,63,True,0.443505,0.4435,none,,,False,,10,0,,,
10,9,True,0.454104,0.4541,none,,,False,,10,0,,,
10,91,True,0.550921,0.5509,none,,,False,,10,0,,,
10,99,True,0.352803,0.3528,none,,,False,,10,0,,,
10,46,True,0.420487,0.4205,none,,,False,,10,0,,,
10,33,True,0.487987,0.488,none,,,False,,10,0,,,
10,86,True,0.48777,0.4878,none,,,False,,10,0,,,
10,93,True,0.483338,0.4833,none,,,False,,10,0,,,
10,62,True,0.823869,0.8239,none,,,False,,10,0,,,
10,66,True,0.441234,0.4412,none,,,False,,10,0,,,
10,24,True,0.421771,0.4218,none,,,False,,10,0,,,
10,90,True,0.395234,0.3952,none,,,False,,10,0,,,
11,65,True,0.645564,0.6456,none,,,False,,11,0,,,
11,85,True,0.628108,0.6281,none,,,False,,11,0,,,
11,96,True,0.073992,0.074,none,,,False,,11,0,,,
11,80,True,0.352952,0.353,none,,,False,,11,0,,,
11,92,True,0.735075,0.7351,none,,,False,,11,0,,,
11,84,True,0.608211,0.6082,none,,,False,,11,0,,,
11,61,True,0.763985,0.764,none,,,False,,11,0,,,
11,17,True,0.343884,0.3439,none,,,False,,11,0,,,
11,60,True,0.734138,0.7341,none,,,False,,11,0,,,
11,44,True,0.854012,0.854,none,,,False,,11,0,,,
11,26,True,0.410391,0.4104,none,,,False,,11,0,,,
11,62,True,0.654127,0.6541,none,,,False,,11,0,,,
11,95,True,1.270822,1.2708,none,,,False,,11,0,,,
11,34,True,0.845373,0.8454,none,,,False,,11,0,,,
11,35,True,0.818935,0.8189,none,,,False,,11,0,,,
11,18,True,0.330469,0.3305,none,,,False,,11,0,,,
11,9,True,0.381497,0.3815,none,,,False,,11,0,,,
11,36,True,0.84121,0.8412,none,,,False,,11,0,,,
11,7,True,0.414112,0.4141,none,,,False,,11,0,,,
11,40,True,0.490902,0.4909,none,,,False,,11,0,,,
11,66,True,0.375062,0.3751,none,,,False,,11,0,,,
11,68,True,0.91107,0.9111,none,,,False,,11,0,,,
11,58,True,0.479172,0.4792,none,,,False,,11,0,,,
11,51,True,0.538209,0.5382,none,,,False,,11,0,,,
11,73,True,0.402528,0.4025,none,,,False,,11,0,,,
11,99,True,0.302225,0.3022,none,,,False,,11,0,,,
11,78,True,0.90827,0.9083,none,,,False,,11,0,,,
11,79,True,0.224194,0.2242,none,,,False,,11,0,,,
11,30,True,0.596897,0.5969,none,,,False,,11,0,,,
11,48,True,0.682629,0.6826,none,,,False,,11,0,,,
11,63,True,0.475389,0.4754,none,,,False,,11,0,,,
11,77,True,0.708066,0.7081,none,,,False,,11,0,,,
11,55,True,0.420103,0.4201,none,,,False,,11,0,,,
11,10,True,0.64377,0.6438,none,,,False,,11,0,,,
11,70,True,0.173424,0.1734,none,,,False,,11,0,,,
11,83,True,0.505816,0.5058,none,,,False,,11,0,,,
12,69,True,0.288829,0.2888,none,,,False,,12,0,,,
12,48,True,0.660572,0.6606,none,,,False,,12,0,,,
12,10,True,0.380941,0.3809,none,,,False,,12,0,,,
12,4,True,0.342497,0.3425,none,,,False,,12,0,,,
12,83,True,0.326295,0.3263,none,,,False,,12,0,,,
12,54,True,0.379725,0.3797,none,,,False,,12,0,,,
12,8,True,0.425923,0.4259,none,,,False,,12,0,,,
12,0,True,0.626021,0.626,none,,,False,,12,0,,,
12,84,True,0.527136,0.5271,none,,,False,,12,0,,,
12,23,True,0.464706,0.4647,none,,,False,,12,0,,,
12,34,True,0.565613,0.5656,none,,,False,,12,0,,,
12,39,True,0.370332,0.3703,none,,,False,,12,0,,,
12,77,True,0.72389,0.7239,none,,,False,,12,0,,,
12,63,True,0.379001,0.379,none,,,False,,12,0,,,
12,49,True,0.612997,0.613,none,,,False,,12,0,,,
12,99,True,0.315619,0.3156,none,,,False,,12,0,,,
12,25,True,0.576734,0.5767,none,,,False,,12,0,,,
12,33,True,0.539321,0.5393,none,,,False,,12,0,,,
12,37,True,0.467141,0.4671,none,,,False,,12,0,,,
12,35,True,0.793892,0.7939,none,,,False,,12,0,,,
12,7,True,0.47752,0.4775,none,,,False,,12,0,,,
12,79,True,0.302746,0.3027,none,,,False,,12,0,,,
12,2,True,0.60909,0.6091,none,,,False,,12,0,,,
12,27,True,1.054023,1.054,none,,,False,,12,0,,,
12,65,True,0.730177,0.7302,none,,,False,,12,0,,,
12,82,True,0.58374,0.5837,none,,,False,,12,0,,,
12,92,True,0.593746,0.5937,none,,,False,,12,0,,,
12,66,True,0.420578,0.4206,none,,,False,,12,0,,,
12,36,True,0.749389,0.7494,none,,,False,,12,0,,,
12,1,True,0.855146,0.8551,none,,,False,,12,0,,,
12,40,True,0.32854,0.3285,none,,,False,,12,0,,,
12,44,True,0.716573,0.7166,none,,,False,,12,0,,,
12,41,True,0.313843,0.3138,none,,,False,,12,0,,,
12,76,True,0.383005,0.383,none,,,False,,12,0,,,
12,64,True,0.570412,0.5704,none,,,False,,12,0,,,
12,32,True,0.554828,0.5548,none,,,False,,12,0,,,
13,65,True,0.670734,0.6707,none,,,False,,13,0,,,
13,80,True,0.398114,0.3981,none,,,False,,13,0,,,
13,47,True,0.567357,0.5674,none,,,False,,13,0,,,
13,8,True,0.576892,0.5769,none,,,False,,13,0,,,
13,97,True,0.483207,0.4832,none,,,False,,13,0,,,
13,91,True,0.472906,0.4729,none,,,False,,13,0,,,
13,83,True,0.354682,0.3547,none,,,False,,13,0,,,
13,70,True,0.19804,0.198,none,,,False,,13,0,,,
13,58,True,0.489798,0.4898,none,,,False,,13,0,,,
13,48,True,0.727668,0.7277,none,,,False,,13,0,,,
13,84,True,0.413965,0.414,none,,,False,,13,0,,,
13,10,True,0.642347,0.6423,none,,,False,,13,0,,,
13,14,True,0.31671,0.3167,none,,,False,,13,0,,,
13,9,True,0.43231,0.4323,none,,,False,,13,0,,,
13,89,True,0.499293,0.4993,none,,,False,,13,0,,,
13,4,True,0.260497,0.2605,none,,,False,,13,0,,,
13,19,True,0.995898,0.9959,none,,,False,,13,0,,,
13,71,True,0.564203,0.5642,none,,,False,,13,0,,,
13,54,True,0.397545,0.3975,none,,,False,,13,0,,,
13,5,True,1.252865,1.2529,none,,,False,,13,0,,,
13,37,True,0.351484,0.3515,none,,,False,,13,0,,,
13,16,True,0.302487,0.3025,none,,,False,,13,0,,,
13,78,True,0.899614,0.8996,none,,,False,,13,0,,,
13,99,True,0.35763,0.3576,none,,,False,,13,0,,,
13,67,True,0.524163,0.5242,none,,,False,,13,0,,,
13,49,True,0.47054,0.4705,none,,,False,,13,0,,,
13,15,True,0.664032,0.664,none,,,False,,13,0,,,
13,64,True,0.605369,0.6054,none,,,False,,13,0,,,
13,3,True,0.652467,0.6525,none,,,False,,13,0,,,
13,60,True,0.585781,0.5858,none,,,False,,13,0,,,
13,42,True,0.487104,0.4871,none,,,False,,13,0,,,
13,36,True,0.708893,0.7089,none,,,False,,13,0,,,
13,44,True,1.005574,1.0056,none,,,False,,13,0,,,
13,57,True,0.777092,0.7771,none,,,False,,13,0,,,
13,68,True,0.778309,0.7783,none,,,False,,13,0,,,
13,62,True,0.576171,0.5762,none,,,False,,13,0,,,
14,97,True,0.446608,0.4466,none,,,False,,14,0,,,
14,40,True,0.409645,0.4096,none,,,False,,14,0,,,
14,89,True,0.3238,0.3238,none,,,False,,14,0,,,
14,33,True,0.545558,0.5456,none,,,False,,14,0,,,
14,39,True,0.359464,0.3595,none,,,False,,14,0,,,
14,76,True,0.401576,0.4016,none,,,False,,14,0,,,
14,82,True,0.477053,0.4771,none,,,False,,14,0,,,
14,63,True,0.53298,0.533,none,,,False,,14,0,,,
14,80,True,0.484031,0.484,none,,,False,,14,0,,,
14,28,True,0.674626,0.6746,none,,,False,,14,0,,,
14,75,True,0.439514,0.4395,none,,,False,,14,0,,,
14,72,True,0.552711,0.5527,none,,,False,,14,0,,,
14,25,True,0.515271,0.5153,none,,,False,,14,0,,,
14,79,True,0.28246,0.2825,none,,,False,,14,0,,,
14,59,True,0.358467,0.3585,none,,,False,,14,0,,,
14,19,True,0.964415,0.9644,none,,,False,,14,0,,,
14,62,True,0.737047,0.737,none,,,False,,14,0,,,
14,85,True,0.73426,0.7343,none,,,False,,14,0,,,
14,16,True,0.339859,0.3399,none,,,False,,14,0,,,
14,20,True,0.927013,0.927,none,,,False,,14,0,,,
14,36,True,0.800162,0.8002,none,,,False,,14,0,,,
14,10,True,0.506928,0.5069,none,,,False,,14,0,,,
14,87,True,0.830165,0.8302,none,,,False,,14,0,,,
14,48,True,0.637504,0.6375,none,,,False,,14,0,,,
14,38,True,0.379946,0.3799,none,,,False,,14,0,,,
14,9,True,0.375303,0.3753,none,,,False,,14,0,,,
14,88,True,0.412777,0.4128,none,,,False,,14,0,,,
14,51,True,0.572665,0.5727,none,,,False,,14,0,,,
14,94,True,0.488592,0.4886,none,,,False,,14,0,,,
14,56,True,0.298178,0.2982,none,,,False,,14,0,,,
14,57,True,0.720304,0.7203,none,,,False,,14,0,,,
14,41,True,0.302955,0.303,none,,,False,,14,0,,,
14,8,True,0.536724,0.5367,none,,,False,,14,0,,,
14,12,True,0.710549,0.7105,none,,,False,,14,0,,,
14,29,True,0.595937,0.5959,none,,,False,,14,0,,,
14,11,True,0.749929,0.7499,none,,,False,,14,0,,,
15,78,True,0.991613,0.9916,none,,,False,,15,0,,,
15,41,True,0.350929,0.3509,none,,,False,,15,0,,,
15,27,True,0.774827,0.7748,none,,,False,,15,0,,,
15,10,True,0.670332,0.6703,none,,,False,,15,0,,,
15,39,True,0.263126,0.2631,none,,,False,,15,0,,,
15,94,True,0.582695,0.5827,none,,,False,,15,0,,,
15,21,True,0.662355,0.6624,none,,,False,,15,0,,,
15,44,True,0.971516,0.9715,none,,,False,,15,0,,,
15,55,True,0.342242,0.3422,none,,,False,,15,0,,,
15,26,True,0.55204,0.552,none,,,False,,15,0,,,
15,7,True,0.46576,0.4658,none,,,False,,15,0,,,
15,80,True,0.581154,0.5812,none,,,False,,15,0,,,
15,99,True,0.356354,0.3564,none,,,False,,15,0,,,
15,53,True,0.546991,0.547,none,,,False,,15,0,,,
15,69,True,0.424532,0.4245,none,,,False,,15,0,,,
15,5,True,1.092306,1.0923,none,,,False,,15,0,,,
15,95,True,1.683223,1.6832,none,,,False,,15,0,,,
15,93,True,0.502836,0.5028,none,,,False,,15,0,,,
15,70,True,0.134602,0.1346,none,,,False,,15,0,,,
15,66,True,0.451173,0.4512,none,,,False,,15,0,,,
15,24,True,0.455763,0.4558,none,,,False,,15,0,,,
15,79,True,0.20099,0.201,none,,,False,,15,0,,,
15,40,True,0.461752,0.4618,none,,,False,,15,0,,,
15,65,True,0.648394,0.6484,none,,,False,,15,0,,,
15,72,True,0.546592,0.5466,none,,,False,,15,0,,,
15,20,True,0.631565,0.6316,none,,,False,,15,0,,,
15,33,True,0.425602,0.4256,none,,,False,,15,0,,,
15,76,True,0.419843,0.4198,none,,,False,,15,0,,,
15,34,True,0.679898,0.6799,none,,,False,,15,0,,,
15,6,True,0.447046,0.447,none,,,False,,15,0,,,
15,43,True,0.275818,0.2758,none,,,False,,15,0,,,
15,35,True,0.736249,0.7362,none,,,False,,15,0,,,
15,9,True,0.352166,0.3522,none,,,False,,15,0,,,
15,3,True,0.579582,0.5796,none,,,False,,15,0,,,
15,57,True,0.6154,0.6154,none,,,False,,15,0,,,
15,81,True,0.717117,0.7171,none,,,False,,15,0,,,
16,16,True,0.301138,0.3011,none,,,False,,16,0,,,
16,99,True,0.252676,0.2527,none,,,False,,16,0,,,
16,73,True,0.252669,0.2527,none,,,False,,16,0,,,
16,57,True,0.642481,0.6425,none,,,False,,16,0,,,
16,46,True,0.363983,0.364,none,,,False,,16,0,,,
16,66,True,0.411437,0.4114,none,,,False,,16,0,,,
16,42,True,0.577678,0.5777,none,,,False,,16,0,,,
16,40,True,0.447401,0.4474,none,,,False,,16,0,,,
16,95,True,1.166051,1.1661,none,,,False,,16,0,,,
16,45,True,0.70277,0.7028,none,,,False,,16,0,,,
16,34,True,0.695104,0.6951,none,,,False,,16,0,,,
16,76,True,0.38209,0.3821,none,,,False,,16,0,,,
16,68,True,1.073016,1.073,none,,,False,,16,0,,,
16,22,True,0.643829,0.6438,none,,,False,,16,0,,,
16,86,True,0.531999,0.532,none,,,False,,16,0,,,
16,36,True,0.887401,0.8874,none,,,False,,16,0,,,
16,25,True,0.591462,0.5915,none,,,False,,16,0,,,
16,38,True,0.356516,0.3565,none,,,False,,16,0,,,
16,32,True,0.582966,0.583,none,,,False,,16,0,,,
16,75,True,0.479053,0.4791,none,,,False,,16,0,,,
16,71,True,0.732069,0.7321,none,,,False,,16,0,,,
16,98,True,0.368154,0.3682,none,,,False,,16,0,,,
16,88,True,0.384517,0.3845,none,,,False,,16,0,,,
16,7,True,0.436906,0.4369,none,,,False,,16,0,,,
16,0,True,0.501363,0.5014,none,,,False,,16,0,,,
16,14,True,0.352921,0.3529,none,,,False,,16,0,,,
16,78,True,0.760994,0.761,none,,,False,,16,0,,,
16,61,True,0.902068,0.9021,none,,,False,,16,0,,,
16,30,True,0.597818,0.5978,none,,,False,,16,0,,,
16,77,True,0.98316,0.9832,none,,,False,,16,0,,,
16,54,True,0.290372,0.2904,none,,,False,,16,0,,,
16,4,True,0.425777,0.4258,none,,,False,,16,0,,,
16,12,True,0.639581,0.6396,none,,,False,,16,0,,,
16,47,True,0.536881,0.5369,none,,,False,,16,0,,,
16,96,True,0.269724,0.2697,none,,,False,,16,0,,,
16,80,True,0.41333,0.4133,none,,,False,,16,0,,,
17,25,True,0.511331,0.5113,none,,,False,,17,0,,,
17,24,True,0.429198,0.4292,none,,,False,,17,0,,,
17,34,True,0.641126,0.6411,none,,,False,,17,0,,,
17,40,True,0.412188,0.4122,none,,,False,,17,0,,,
17,62,True,0.858046,0.858,none,,,False,,17,0,,,
17,35,True,0.879728,0.8797,none,,,False,,17,0,,,
17,73,True,0.167296,0.1673,none,,,False,,17,0,,,
17,77,True,0.852828,0.8528,none,,,False,,17,0,,,
17,2,True,0.705532,0.7055,none,,,False,,17,0,,,
17,83,True,0.417857,0.4179,none,,,False,,17,0,,,
17,63,True,0.70847,0.7085,none,,,False,,17,0,,,
17,10,True,0.652465,0.6525,none,,,False,,17,0,,,
17,72,True,0.293672,0.2937,none,,,False,,17,0,,,
17,90,True,0.333745,0.3337,none,,,False,,17,0,,,
17,87,True,1.016357,1.0164,none,,,False,,17,0,,,
17,49,True,0.544057,0.5441,none,,,False,,17,0,,,
17,60,True,0.647089,0.6471,none,,,False,,17,0,,,
17,33,True,0.473747,0.4737,none,,,False,,17,0,,,
17,92,True,0.603424,0.6034,none,,,False,,17,0,,,
17,51,True,0.649898,0.6499,none,,,False,,17,0,,,
17,53,True,0.541892,0.5419,none,,,False,,17,0,,,
17,36,True,0.434743,0.4347,none,,,False,,17,0,,,
17,9,True,0.500543,0.5005,none,,,False,,17,0,,,
17,38,True,0.512745,0.5127,none,,,False,,17,0,,,
17,96,True,0.543116,0.5431,none,,,False,,17,0,,,
17,48,True,0.907589,0.9076,none,,,False,,17,0,,,
17,44,True,0.85419,0.8542,none,,,False,,17,0,,,
17,74,True,0.678221,0.6782,none,,,False,,17,0,,,
17,89,True,0.614473,0.6145,none,,,False,,17,0,,,
17,71,True,0.697999,0.698,none,,,False,,17,0,,,
17,23,True,0.37553,0.3755,none,,,False,,17,0,,,
17,39,True,0.270556,0.2706,none,,,False,,17,0,,,
17,58,True,0.716098,0.7161,none,,,False,,17,0,,,
17,47,True,0.416473,0.4165,none,,,False,,17,0,,,
17,66,True,0.402628,0.4026,none,,,False,,17,0,,,
17,29,True,0.693144,0.6931,none,,,False,,17,0,,,
18,96,True,0.368675,0.3687,none,,,False,,18,0,,,
18,80,True,0.541754,0.5418,none,,,False,,18,0,,,
18,68,True,0.605084,0.6051,none,,,False,,18,0,,,
18,72,True,0.659719,0.6597,none,,,False,,18,0,,,
18,8,True,0.577055,0.5771,none,,,False,,18,0,,,
18,87,True,0.530197,0.5302,none,,,False,,18,0,,,
18,61,True,0.746068,0.7461,none,,,False,,18,0,,,
18,37,True,0.294849,0.2948,none,,,False,,18,0,,,
18,28,True,0.532502,0.5325,none,,,False,,18,0,,,
18,13,True,1.353037,1.353,none,,,False,,18,0,,,
18,98,True,0.533222,0.5332,none,,,False,,18,0,,,
18,53,True,0.724833,0.7248,none,,,False,,18,0,,,
18,76,True,0.523236,0.5232,none,,,False,,18,0,,,
18,46,True,0.401488,0.4015,none,,,False,,18,0,,,
18,42,True,0.713438,0.7134,none,,,False,,18,0,,,
18,50,True,0.372592,0.3726,none,,,False,,18,0,,,
18,3,True,0.440754,0.4408,none,,,False,,18,0,,,
18,9,True,0.265137,0.2651,none,,,False,,18,0,,,
18,25,True,0.428638,0.4286,none,,,False,,18,0,,,
18,65,True,0.75637,0.7564,none,,,False,,18,0,,,
18,58,True,0.436249,0.4362,none,,,False,,18,0,,,
18,33,True,0.606539,0.6065,none,,,False,,18,0,,,
18,32,True,0.482388,0.4824,none,,,False,,18,0,,,
18,64,True,0.540704,0.5407,none,,,False,,18,0,,,
18,52,True,0.618752,0.6188,none,,,False,,18,0,,,
18,83,True,0.648724,0.6487,none,,,False,,18,0,,,
18,18,True,0.370435,0.3704,none,,,False,,18,0,,,
18,75,True,0.534522,0.5345,none,,,False,,18,0,,,
18,5,True,0.623706,0.6237,none,,,False,,18,0,,,
18,0,True,0.729099,0.7291,none,,,False,,18,0,,,
18,54,True,0.515569,0.5156,none,,,False,,18,0,,,
18,43,True,0.198125,0.1981,none,,,False,,18,0,,,
18,92,True,0.587789,0.5878,none,,,False,,18,0,,,
18,49,True,0.427696,0.4277,none,,,False,,18,0,,,
18,11,True,0.339255,0.3393,none,,,False,,18,0,,,
18,34,True,0.728576,0.7286,none,,,False,,18,0,,,
19,42,True,0.294126,0.2941,none,,,False,,19,0,,,
19,47,True,0.451464,0.4515,none,,,False,,19,0,,,
19,49,True,0.495274,0.4953,none,,,False,,19,0,,,
19,39,True,0.258947,0.2589,none,,,False,,19,0,,,
19,70,True,0.184558,0.1846,none,,,False,,19,0,,,
19,55,True,0.460691,0.4607,none,,,False,,19,0,,,
19,98,True,0.44509,0.4451,none,,,False,,19,0,,,
19,0,True,0.39573,0.3957,none,,,False,,19,0,,,
19,89,True,0.508662,0.5087,none,,,False,,19,0,,,
19,56,True,0.655226,0.6552,none,,,False,,19,0,,,
19,34,True,0.72753,0.7275,none,,,False,,19,0,,,
19,17,True,0.328054,0.3281,none,,,False,,19,0,,,
19,22,True,0.475879,0.4759,none,,,False,,19,0,,,
19,61,True,0.539313,0.5393,none,,,False,,19,0,,,
19,2,True,0.693713,0.6937,none,,,False,,19,0,,,
19,85,True,0.598636,0.5986,none,,,False,,19,0,,,
19,21,True,0.578435,0.5784,none,,,False,,19,0,,,
19,45,True,0.637102,0.6371,none,,,False,,19,0,,,
19,77,True,0.779543,0.7795,none,,,False,,19,0,,,
19,66,True,0.473803,0.4738,none,,,False,,19,0,,,
19,23,True,0.69737,0.6974,none,,,False,,19,0,,,
19,81,True,0.264081,0.2641,none,,,False,,19,0,,,
19,57,True,0.744545,0.7445,none,,,False,,19,0,,,
19,80,True,0.500169,0.5002,none,,,False,,19,0,,,
19,27,True,0.874855,0.8749,none,,,False,,19,0,,,
19,86,True,0.484246,0.4842,none,,,False,,19,0,,,
19,87,True,0.964664,0.9647,none,,,False,,19,0,,,
19,79,True,0.446945,0.4469,none,,,False,,19,0,,,
19,3,True,0.725258,0.7253,none,,,False,,19,0,,,
19,50,True,0.286395,0.2864,none,,,False,,19,0,,,
19,76,True,0.318146,0.3181,none,,,False,,19,0,,,
19,35,True,0.927948,0.9279,none,,,False,,19,0,,,
19,83,True,0.381839,0.3818,none,,,False,,19,0,,,
19,62,True,0.765882,0.7659,none,,,False,,19,0,,,
19,7,True,0.393766,0.3938,none,,,False,,19,0,,,
19,96,True,0.465174,0.4652,none,,,False,,19,0,,,
20,51,True,0.588324,0.5883,none,,,False,,20,0,,,
20,27,True,0.799074,0.7991,none,,,False,,20,0,,,
20,99,True,0.285494,0.2855,none,,,False,,20,0,,,
20,3,True,0.420904,0.4209,none,,,False,,20,0,,,
20,97,True,0.631718,0.6317,none,,,False,,20,0,,,
20,24,True,0.675952,0.676,none,,,False,,20,0,,,
20,98,True,0.509095,0.5091,none,,,False,,20,0,,,
20,75,True,0.417113,0.4171,none,,,False,,20,0,,,
20,39,True,0.258352,0.2584,none,,,False,,20,0,,,
20,78,True,0.892247,0.8922,none,,,False,,20,0,,,
20,77,True,0.812554,0.8126,none,,,False,,20,0,,,
20,1,True,0.63602,0.636,none,,,False,,20,0,,,
20,29,True,0.555554,0.5556,none,,,False,,20,0,,,
20,5,True,0.876449,0.8764,none,,,False,,20,0,,,
20,91,True,0.572365,0.5724,none,,,False,,20,0,,,
20,26,True,0.417545,0.4175,none,,,False,,20,0,,,
20,33,True,0.493052,0.4931,none,,,False,,20,0,,,
20,37,True,0.492688,0.4927,none,,,False,,20,0,,,
20,87,True,0.465676,0.4657,none,,,False,,20,0,,,
20,63,True,0.438618,0.4386,none,,,False,,20,0,,,
20,81,True,0.604077,0.6041,none,,,False,,20,0,,,
20,35,True,0.777704,0.7777,none,,,False,,20,0,,,
20,38,True,0.332293,0.3323,none,,,False,,20,0,,,
20,88,True,0.531238,0.5312,none,,,False,,20,0,,,
20,79,True,0.390649,0.3906,none,,,False,,20,0,,,
20,94,True,0.449818,0.4498,none,,,False,,20,0,,,
20,15,True,0.699827,0.6998,none,,,False,,20,0,,,
20,53,True,0.591349,0.5913,none,,,False,,20,0,,,
20,69,True,0.377374,0.3774,none,,,False,,20,0,,,
20,44,True,0.886044,0.886,none,,,False,,20,0,,,
20,7,True,0.384467,0.3845,none,,,False,,20,0,,,
20,96,True,0.383287,0.3833,none,,,False,,20,0,,,
20,47,True,0.595401,0.5954,none,,,False,,20,0,,,
20,6,True,0.475541,0.4755,none,,,False,,20,0,,,
20,80,True,0.47604,0.476,none,,,False,,20,0,,,
20,9,True,0.472292,0.4723,none,,,False,,20,0,,,
21,12,True,0.79868,0.7987,none,,,False,,21,0,,,
21,56,True,0.49814,0.4981,none,,,False,,21,0,,,
21,44,True,0.676807,0.6768,none,,,False,,21,0,,,
21,17,True,0.36482,0.3648,none,,,False,,21,0,,,
21,13,True,1.058176,1.0582,none,,,False,,21,0,,,
21,35,True,0.865406,0.8654,none,,,False,,21,0,,,
21,47,True,0.70663,0.7066,none,,,False,,21,0,,,
21,43,True,0.267529,0.2675,none,,,False,,21,0,,,
21,14,True,0.302379,0.3024,none,,,False,,21,0,,,
21,39,True,0.328196,0.3282,none,,,False,,21,0,,,
21,61,True,0.78992,0.7899,none,,,False,,21,0,,,
21,81,True,0.786718,0.7867,none,,,False,,21,0,,,
21,66,True,0.576364,0.5764,none,,,False,,21,0,,,
21,88,True,0.502463,0.5025,none,,,False,,21,0,,,
21,95,True,1.644068,1.6441,none,,,False,,21,0,,,
21,64,True,0.417059,0.4171,none,,,False,,21,0,,,
21,57,True,0.678225,0.6782,none,,,False,,21,0,,,
21,4,True,0.232778,0.2328,none,,,False,,21,0,,,
21,85,True,0.688037,0.688,none,,,False,,21,0,,,
21,24,True,0.625818,0.6258,none,,,False,,21,0,,,
21,25,True,0.416271,0.4163,none,,,False,,21,0,,,
21,80,True,0.577469,0.5775,none,,,False,,21,0,,,
21,68,True,0.682371,0.6824,none,,,False,,21,0,,,
21,26,True,0.427338,0.4273,none,,,False,,21,0,,,
21,27,True,0.801992,0.802,none,,,False,,21,0,,,
21,34,True,0.540952,0.541,none,,,False,,21,0,,,
21,45,True,0.691789,0.6918,none,,,False,,21,0,,,
21,38,True,0.288773,0.2888,none,,,False,,21,0,,,
21,9,True,0.344867,0.3449,none,,,False,,21,0,,,
21,65,True,0.636629,0.6366,none,,,False,,21,0,,,
21,58,True,0.415562,0.4156,none,,,False,,21,0,,,
21,3,True,0.458447,0.4584,none,,,False,,21,0,,,
21,53,True,0.373569,0.3736,none,,,False,,21,0,,,
21,19,True,0.858389,0.8584,none,,,False,,21,0,,,
21,8,True,0.551588,0.5516,none,,,False,,21,0,,,
21,6,True,0.338019,0.338,none,,,False,,21,0,,,
22,67,True,0.55177,0.5518,none,,,False,,22,0,,,
22,43,True,0.420379,0.4204,none,,,False,,22,0,,,
22,73,True,0.360349,0.3603,none,,,False,,22,0,,,
22,24,True,0.264023,0.264,none,,,False,,22,0,,,
22,80,True,0.513635,0.5136,none,,,False,,22,0,,,
22,61,True,0.755763,0.7558,none,,,False,,22,0,,,
22,39,True,0.200037,0.2,none,,,False,,22,0,,,
22,84,True,0.561679,0.5617,none,,,False,,22,0,,,
22,56,True,0.52857,0.5286,none,,,False,,22,0,,,
22,55,True,0.466738,0.4667,none,,,False,,22,0,,,
22,63,True,0.54558,0.5456,none,,,False,,22,0,,,
22,82,True,0.516176,0.5162,none,,,False,,22,0,,,
22,27,True,0.902527,0.9025,none,,,False,,22,0,,,
22,45,True,0.316343,0.3163,none,,,False,,22,0,,,
22,33,True,0.465422,0.4654,none,,,False,,22,0,,,
22,46,True,0.333255,0.3333,none,,,False,,22,0,,,
22,28,True,0.369657,0.3697,none,,,False,,22,0,,,
22,86,True,0.333773,0.3338,none,,,False,,22,0,,,
22,4,True,0.34669,0.3467,none,,,False,,22,0,,,
22,17,True,0.357221,0.3572,none,,,False,,22,0,,,
22,1,True,0.922006,0.922,none,,,False,,22,0,,,
22,81,True,0.595294,0.5953,none,,,False,,22,0,,,
22,19,True,0.872702,0.8727,none,,,False,,22,0,,,
22,78,True,0.737213,0.7372,none,,,False,,22,0,,,
22,70,True,0.15871,0.1587,none,,,False,,22,0,,,
22,14,True,0.367335,0.3673,none,,,False,,22,0,,,
22,99,True,0.336363,0.3364,none,,,False,,22,0,,,
22,59,True,0.648604,0.6486,none,,,False,,22,0,,,
22,21,True,0.619205,0.6192,none,,,False,,22,0,,,
22,38,True,0.389446,0.3894,none,,,False,,22,0,,,
22,42,True,0.408895,0.4089,none,,,False,,22,0,,,
22,98,True,0.596341,0.5963,none,,,False,,22,0,,,
22,22,True,0.609228,0.6092,none,,,False,,22,0,,,
22,18,True,0.433275,0.4333,none,,,False,,22,0,,,
22,31,True,1.305513,1.3055,none,,,False,,22,0,,,
22,29,True,0.49461,0.4946,none,,,False,,22,0,,,
23,63,True,0.411798,0.4118,none,,,False,,23,0,,,
23,68,True,0.49195,0.4919,none,,,False,,23,0,,,
23,24,True,0.463458,0.4635,none,,,False,,23,0,,,
23,72,True,0.50341,0.5034,none,,,False,,23,0,,,
23,97,True,0.579955,0.58,none,,,False,,23,0,,,
23,37,True,0.374978,0.375,none,,,False,,23,0,,,
23,70,True,0.125841,0.1258,none,,,False,,23,0,,,
23,2,True,0.305448,0.3054,none,,,False,,23,0,,,
23,1,True,0.80517,0.8052,none,,,False,,23,0,,,
23,42,True,0.400208,0.4002,none,,,False,,23,0,,,
23,11,True,0.578206,0.5782,none,,,False,,23,0,,,
23,61,True,0.600712,0.6007,none,,,False,,23,0,,,
23,16,True,0.246618,0.2466,none,,,False,,23,0,,,
23,27,True,0.861025,0.861,none,,,False,,23,0,,,
23,49,True,0.282807,0.2828,none,,,False,,23,0,,,
23,18,True,0.411028,0.411,none,,,False,,23,0,,,
23,5,True,0.897275,0.8973,none,,,False,,23,0,,,
23,84,True,0.431199,0.4312,none,,,False,,23,0,,,
23,86,True,0.501821,0.5018,none,,,False,,23,0,,,
23,60,True,0.745328,0.7453,none,,,False,,23,0,,,
23,35,True,0.741957,0.742,none,,,False,,23,0,,,
23,43,True,0.25044,0.2504,none,,,False,,23,0,,,
23,96,True,0.43266,0.4327,none,,,False,,23,0,,,
23,82,True,0.444878,0.4449,none,,,False,,23,0,,,
23,32,True,0.274495,0.2745,none,,,False,,23,0,,,
23,64,True,0.453234,0.4532,none,,,False,,23,0,,,
23,9,True,0.357821,0.3578,none,,,False,,23,0,,,
23,66,True,0.513753,0.5138,none,,,False,,23,0,,,
23,7,True,0.361315,0.3613,none,,,False,,23,0,,,
23,30,True,0.206237,0.2062,none,,,False,,23,0,,,
23,26,True,0.308343,0.3083,none,,,False,,23,0,,,
23,78,True,0.987011,0.987,none,,,False,,23,0,,,
23,65,True,0.62462,0.6246,none,,,False,,23,0,,,
23,55,True,0.455632,0.4556,none,,,False,,23,0,,,
23,73,True,0.348663,0.3487,none,,,False,,23,0,,,
23,36,True,0.631469,0.6315,none,,,False,,23,0,,,
24,75,True,0.417127,0.4171,none,,,False,,24,0,,,
24,11,True,0.501649,0.5016,none,,,False,,24,0,,,
24,33,True,0.328248,0.3282,none,,,False,,24,0,,,
24,94,True,0.583953,0.584,none,,,False,,24,0,,,
24,13,True,0.934942,0.9349,none,,,False,,24,0,,,
24,12,True,0.50346,0.5035,none,,,False,,24,0,,,
24,35,True,0.804293,0.8043,none,,,False,,24,0,,,
24,73,True,0.336897,0.3369,none,,,False,,24,0,,,
24,52,True,0.622017,0.622,none,,,False,,24,0,,,
24,19,True,0.573866,0.5739,none,,,False,,24,0,,,
24,67,True,0.527173,0.5272,none,,,False,,24,0,,,
24,56,True,0.556654,0.5567,none,,,False,,24,0,,,
24,1,True,0.772959,0.773,none,,,False,,24,0,,,
24,22,True,0.431477,0.4315,none,,,False,,24,0,,,
24,91,True,0.527479,0.5275,none,,,False,,24,0,,,
24,27,True,0.63846,0.6385,none,,,False,,24,0,,,
24,78,True,0.916941,0.9169,none,,,False,,24,0,,,
24,50,True,0.268593,0.2686,none,,,False,,24,0,,,
24,38,True,0.386952,0.387,none,,,False,,24,0,,,
24,44,True,0.482628,0.4826,none,,,False,,24,0,,,
24,51,True,0.579998,0.58,none,,,False,,24,0,,,
24,15,True,0.453867,0.4539,none,,,False,,24,0,,,
24,98,True,0.458147,0.4581,none,,,False,,24,0,,,
24,57,True,0.518368,0.5184,none,,,False,,24,0,,,
24,74,True,0.82034,0.8203,none,,,False,,24,0,,,
24,26,True,0.348911,0.3489,none,,,False,,24,0,,,
24,95,True,1.617728,1.6177,none,,,False,,24,0,,,
24,10,True,0.664294,0.6643,none,,,False,,24,0,,,
24,42,True,0.414191,0.4142,none,,,False,,24,0,,,
24,17,True,0.398075,0.3981,none,,,False,,24,0,,,
24,20,True,0.771206,0.7712,none,,,False,,24,0,,,
24,77,True,0.676789,0.6768,none,,,False,,24,0,,,
24,3,True,0.537148,0.5371,none,,,False,,24,0,,,
24,4,True,0.298966,0.299,none,,,False,,24,0,,,
24,53,True,0.471914,0.4719,none,,,False,,24,0,,,
24,23,True,0.830512,0.8305,none,,,False,,24,0,,,
25,49,True,0.37037,0.3704,none,,,False,,25,0,,,
25,7,True,0.345581,0.3456,none,,,False,,25,0,,,
25,62,True,0.744003,0.744,none,,,False,,25,0,,,
25,64,True,0.43773,0.4377,none,,,False,,25,0,,,
25,82,True,0.525886,0.5259,none,,,False,,25,0,,,
25,65,True,0.641072,0.6411,none,,,False,,25,0,,,
25,56,True,0.218304,0.2183,none,,,False,,25,0,,,
25,67,True,0.537809,0.5378,none,,,False,,25,0,,,
25,16,True,0.219078,0.2191,none,,,False,,25,0,,,
25,14,True,0.309647,0.3096,none,,,False,,25,0,,,
25,60,True,0.751708,0.7517,none,,,False,,25,0,,,
25,32,True,0.047689,0.0477,none,,,False,,25,0,,,
25,33,True,0.294443,0.2944,none,,,False,,25,0,,,
25,96,True,0.135008,0.135,none,,,False,,25,0,,,
25,50,True,0.270967,0.271,none,,,False,,25,0,,,
25,0,True,0.581335,0.5813,none,,,False,,25,0,,,
25,9,True,0.512015,0.512,none,,,False,,25,0,,,
25,92,True,0.753082,0.7531,none,,,False,,25,0,,,
25,66,True,0.38411,0.3841,none,,,False,,25,0,,,
25,45,True,0.457108,0.4571,none,,,False,,25,0,,,
25,76,True,0.43015,0.4302,none,,,False,,25,0,,,
25,29,True,0.549284,0.5493,none,,,False,,25,0,,,
25,54,True,0.460146,0.4601,none,,,False,,25,0,,,
25,97,True,0.495085,0.4951,none,,,False,,25,0,,,
25,83,True,0.265893,0.2659,none,,,False,,25,0,,,
25,39,True,0.333388,0.3334,none,,,False,,25,0,,,
25,61,True,0.573821,0.5738,none,,,False,,25,0,,,
25,86,True,0.473855,0.4739,none,,,False,,25,0,,,
25,48,True,0.703092,0.7031,none,,,False,,25,0,,,
25,81,True,0.597205,0.5972,none,,,False,,25,0,,,
25,94,True,0.548755,0.5488,none,,,False,,25,0,,,
25,24,True,0.514389,0.5144,none,,,False,,25,0,,,
25,59,True,0.611295,0.6113,none,,,False,,25,0,,,
25,20,True,0.572988,0.573,none,,,False,,25,0,,,
25,70,True,0.184893,0.1849,none,,,False,,25,0,,,
25,41,True,0.363622,0.3636,none,,,False,,25,0,,,
26,7,True,0.44396,0.444,none,,,False,,26,0,,,
26,23,True,0.594704,0.5947,none,,,False,,26,0,,,
26,97,True,0.534391,0.5344,none,,,False,,26,0,,,
26,53,True,0.515532,0.5155,none,,,False,,26,0,,,
26,88,True,0.432809,0.4328,none,,,False,,26,0,,,
26,8,True,0.40984,0.4098,none,,,False,,26,0,,,
26,59,True,0.493389,0.4934,none,,,False,,26,0,,,
26,47,True,0.434151,0.4342,none,,,False,,26,0,,,
26,17,True,0.295873,0.2959,none,,,False,,26,0,,,
26,92,True,0.526994,0.527,none,,,False,,26,0,,,
26,18,True,0.328803,0.3288,none,,,False,,26,0,,,
26,36,True,0.535332,0.5353,none,,,False,,26,0,,,
26,3,True,0.437164,0.4372,none,,,False,,26,0,,,
26,21,True,0.638055,0.6381,none,,,False,,26,0,,,
26,90,True,0.325478,0.3255,none,,,False,,26,0,,,
26,46,True,0.388813,0.3888,none,,,False,,26,0,,,
26,24,True,0.382077,0.3821,none,,,False,,26,0,,,
26,16,True,0.246467,0.2465,none,,,False,,26,0,,,
26,15,True,0.613792,0.6138,none,,,False,,26,0,,,
26,94,True,0.585211,0.5852,none,,,False,,26,0,,,
26,10,True,0.584856,0.5849,none,,,False,,26,0,,,
26,5,True,0.849437,0.8494,none,,,False,,26,0,,,
26,28,True,0.618989,0.619,none,,,False,,26,0,,,
26,83,True,0.400757,0.4008,none,,,False,,26,0,,,
26,96,True,-0.248979,-0.249,none,,,False,,26,0,,,
26,40,True,0.459723,0.4597,none,,,False,,26,0,,,
26,41,True,0.304388,0.3044,none,,,False,,26,0,,,
26,69,True,0.342379,0.3424,none,,,False,,26,0,,,
26,0,True,0.525577,0.5256,none,,,False,,26,0,,,
26,4,True,0.193422,0.1934,none,,,False,,26,0,,,
26,1,True,0.877816,0.8778,none,,,False,,26,0,,,
26,20,True,0.84072,0.8407,none,,,False,,26,0,,,
26,12,True,0.597429,0.5974,none,,,False,,26,0,,,
26,71,True,0.52514,0.5251,none,,,False,,26,0,,,
26,99,True,0.330587,0.3306,none,,,False,,26,0,,,
26,42,True,0.486062,0.4861,none,,,False,,26,0,,,
27,34,True,0.492851,0.4929,none,,,False,,27,0,,,
27,86,True,0.57658,0.5766,none,,,False,,27,0,,,
27,37,True,0.381128,0.3811,none,,,False,,27,0,,,
27,28,True,0.717474,0.7175,none,,,False,,27,0,,,
27,23,True,0.595341,0.5953,none,,,False,,27,0,,,
27,71,True,0.69137,0.6914,none,,,False,,27,0,,,
27,95,True,1.030467,1.0305,none,,,False,,27,0,,,
27,68,True,0.661284,0.6613,none,,,False,,27,0,,,
27,7,True,0.504283,0.5043,none,,,False,,27,0,,,
27,26,True,0.296866,0.2969,none,,,False,,27,0,,,
27,38,True,0.364219,0.3642,none,,,False,,27,0,,,
27,97,True,0.407722,0.4077,none,,,False,,27,0,,,
27,18,True,0.282397,0.2824,none,,,False,,27,0,,,
27,5,True,0.929195,0.9292,none,,,False,,27,0,,,
27,67,True,0.291253,0.2913,none,,,False,,27,0,,,
27,44,True,0.705721,0.7057,none,,,False,,27,0,,,
27,3,True,0.541557,0.5416,none,,,False,,27,0,,,
27,63,True,0.443969,0.444,none,,,False,,27,0,,,
27,54,True,0.259991,0.26,none,,,False,,27,0,,,
27,58,True,0.643538,0.6435,none,,,False,,27,0,,,
27,69,True,0.313957,0.314,none,,,False,,27,0,,,
27,22,True,0.518741,0.5187,none,,,False,,27,0,,,
27,83,True,0.32291,0.3229,none,,,False,,27,0,,,
27,11,True,0.628457,0.6285,none,,,False,,27,0,,,
27,30,True,0.660222,0.6602,none,,,False,,27,0,,,
27,2,True,0.581611,0.5816,none,,,False,,27,0,,,
27,99,True,0.364796,0.3648,none,,,False,,27,0,,,
27,70,True,0.171564,0.1716,none,,,False,,27,0,,,
27,57,True,0.666889,0.6669,none,,,False,,27,0,,,
27,35,True,0.994958,0.995,none,,,False,,27,0,,,
27,40,True,0.313502,0.3135,none,,,False,,27,0,,,
27,9,True,0.452512,0.4525,none,,,False,,27,0,,,
27,17,True,0.305322,0.3053,none,,,False,,27,0,,,
27,65,True,0.690095,0.6901,none,,,False,,27,0,,,
27,93,True,0.476092,0.4761,none,,,False,,27,0,,,
27,32,True,0.567533,0.5675,none,,,False,,27,0,,,
28,29,True,0.556535,0.5565,none,,,False,,28,0,,,
28,30,True,0.569527,0.5695,none,,,False,,28,0,,,
28,35,True,0.743495,0.7435,none,,,False,,28,0,,,
28,38,True,0.314091,0.3141,none,,,False,,28,0,,,
28,83,True,0.361507,0.3615,none,,,False,,28,0,,,
28,73,True,0.334621,0.3346,none,,,False,,28,0,,,
28,78,True,0.996773,0.9968,none,,,False,,28,0,,,
28,11,True,0.538679,0.5387,none,,,False,,28,0,,,
28,82,True,0.441651,0.4417,none,,,False,,28,0,,,
28,71,True,0.634982,0.635,none,,,False,,28,0,,,
28,60,True,0.684948,0.6849,none,,,False,,28,0,,,
28,37,True,0.386798,0.3868,none,,,False,,28,0,,,
28,76,True,0.375776,0.3758,none,,,False,,28,0,,,
28,31,True,1.010688,1.0107,none,,,False,,28,0,,,
28,18,True,0.288223,0.2882,none,,,False,,28,0,,,
28,93,True,0.452411,0.4524,none,,,False,,28,0,,,
28,13,True,1.120357,1.1204,none,,,False,,28,0,,,
28,7,True,0.31131,0.3113,none,,,False,,28,0,,,
28,66,True,0.511087,0.5111,none,,,False,,28,0,,,
28,2,True,0.555328,0.5553,none,,,False,,28,0,,,
28,14,True,0.292889,0.2929,none,,,False,,28,0,,,
28,74,True,0.918395,0.9184,none,,,False,,28,0,,,
28,9,True,0.471825,0.4718,none,,,False,,28,0,,,
28,0,True,0.619705,0.6197,none,,,False,,28,0,,,
28,87,True,0.599424,0.5994,none,,,False,,28,0,,,
28,85,True,0.659044,0.659,none,,,False,,28,0,,,
28,26,True,0.289401,0.2894,none,,,False,,28,0,,,
28,34,True,0.616784,0.6168,none,,,False,,28,0,,,
28,22,True,0.572365,0.5724,none,,,False,,28,0,,,
28,57,True,0.457691,0.4577,none,,,False,,28,0,,,
28,47,True,0.647575,0.6476,none,,,False,,28,0,,,
28,96,True,0.248266,0.2483,none,,,False,,28,0,,,
28,12,True,0.545766,0.5458,none,,,False,,28,0,,,
28,6,True,-0.099303,-0.0993,none,,,False,,28,0,,,
28,89,True,0.374836,0.3748,none,,,False,,28,0,,,
28,77,True,0.551738,0.5517,none,,,False,,28,0,,,
29,12,True,0.556812,0.5568,none,,,False,,29,0,,,
29,43,True,0.414554,0.4146,none,,,False,,29,0,,,
29,29,True,0.47557,0.4756,none,,,False,,29,0,,,
29,94,True,0.662864,0.6629,none,,,False,,29,0,,,
29,75,True,0.353926,0.3539,none,,,False,,29,0,,,
29,36,True,0.554187,0.5542,none,,,False,,29,0,,,
29,58,True,0.42605,0.426,none,,,False,,29,0,,,
29,40,True,0.5153,0.5153,none,,,False,,29,0,,,
29,91,True,0.638085,0.6381,none,,,False,,29,0,,,
29,60,True,0.550433,0.5504,none,,,False,,29,0,,,
29,0,True,0.573365,0.5734,none,,,False,,29,0,,,
29,97,True,0.542126,0.5421,none,,,False,,29,0,,,
29,10,True,0.55406,0.5541,none,,,False,,29,0,,,
29,53,True,0.369433,0.3694,none,,,False,,29,0,,,
29,34,True,0.647287,0.6473,none,,,False,,29,0,,,
29,19,True,0.699287,0.6993,none,,,False,,29,0,,,
29,67,True,0.56213,0.5621,none,,,False,,29,0,,,
29,4,True,0.31875,0.3188,none,,,False,,29,0,,,
29,68,True,0.52864,0.5286,none,,,False,,29,0,,,
29,38,True,0.310737,0.3107,none,,,False,,29,0,,,
29,73,True,0.310023,0.31,none,,,False,,29,0,,,
29,88,True,0.433108,0.4331,none,,,False,,29,0,,,
29,13,True,0.852459,0.8525,none,,,False,,29,0,,,
29,31,True,0.929657,0.9297,none,,,False,,29,0,,,
29,54,True,0.479732,0.4797,none,,,False,,29,0,,,
29,89,True,0.4497,0.4497,none,,,False,,29,0,,,
29,82,True,0.613364,0.6134,none,,,False,,29,0,,,
29,59,True,0.704505,0.7045,none,,,False,,29,0,,,
29,44,True,0.991079,0.9911,none,,,False,,29,0,,,
29,96,True,0.305702,0.3057,none,,,False,,29,0,,,
29,21,True,0.551097,0.5511,none,,,False,,29,0,,,
29,65,True,0.519939,0.5199,none,,,False,,29,0,,,
29,95,True,1.694433,1.6944,none,,,False,,29,0,,,
29,66,True,0.343633,0.3436,none,,,False,,29,0,,,
29,64,True,0.551446,0.5514,none,,,False,,29,0,,,
29,35,True,0.572482,0.5725,none,,,False,,29,0,,,
30,82,True,0.357384,0.3574,none,,,False,,30,0,,,
30,55,True,0.44137,0.4414,none,,,False,,30,0,,,
30,26,True,0.235052,0.2351,none,,,False,,30,0,,,
30,37,True,0.395921,0.3959,none,,,False,,30,0,,,
30,71,True,0.69151,0.6915,none,,,False,,30,0,,,
30,59,True,0.328758,0.3288,none,,,False,,30,0,,,
30,31,True,0.911248,0.9112,none,,,False,,30,0,,,
30,1,True,0.951934,0.9519,none,,,False,,30,0,,,
30,78,True,0.825922,0.8259,none,,,False,,30,0,,,
30,24,True,0.526156,0.5262,none,,,False,,30,0,,,
30,14,True,0.328296,0.3283,none,,,False,,30,0,,,
30,66,True,0.512236,0.5122,none,,,False,,30,0,,,
30,19,True,0.51026,0.5103,none,,,False,,30,0,,,
30,11,True,0.695377,0.6954,none,,,False,,30,0,,,
30,27,True,1.091874,1.0919,none,,,False,,30,0,,,
30,90,True,0.386153,0.3862,none,,,False,,30,0,,,
30,76,True,0.402315,0.4023,none,,,False,,30,0,,,
30,33,True,0.321925,0.3219,none,,,False,,30,0,,,
30,38,True,0.353404,0.3534,none,,,False,,30,0,,,
30,77,True,0.600443,0.6004,none,,,False,,30,0,,,
30,41,True,0.390299,0.3903,none,,,False,,30,0,,,
30,7,True,0.513195,0.5132,none,,,False,,30,0,,,
30,36,True,0.555708,0.5557,none,,,False,,30,0,,,
30,67,True,0.393015,0.393,none,,,False,,30,0,,,
30,21,True,0.55097,0.551,none,,,False,,30,0,,,
30,85,True,0.782054,0.7821,none,,,False,,30,0,,,
30,28,True,0.780805,0.7808,none,,,False,,30,0,,,
30,10,True,0.577768,0.5778,none,,,False,,30,0,,,
30,49,True,0.519905,0.5199,none,,,False,,30,0,,,
30,84,True,0.471098,0.4711,none,,,False,,30,0,,,
30,16,True,0.24705,0.247,none,,,False,,30,0,,,
30,52,True,0.401239,0.4012,none,,,False,,30,0,,,
30,88,True,0.310429,0.3104,none,,,False,,30,0,,,
30,93,True,0.515522,0.5155,none,,,False,,30,0,,,
30,96,True,0.253057,0.2531,none,,,False,,30,0,,,
30,61,True,0.702536,0.7025,none,,,False,,30,0,,,
31,77,True,0.757827,0.7578,none,,,False,,31,0,,,
31,28,True,0.51216,0.5122,none,,,False,,31,0,,,
31,89,True,0.468443,0.4684,none,,,False,,31,0,,,
31,29,True,0.499189,0.4992,none,,,False,,31,0,,,
31,75,True,0.331159,0.3312,none,,,False,,31,0,,,
31,39,True,0.102764,0.1028,none,,,False,,31,0,,,
31,70,True,0.167492,0.1675,none,,,False,,31,0,,,
31,40,True,0.486977,0.487,none,,,False,,31,0,,,
31,64,True,0.444698,0.4447,none,,,False,,31,0,,,
31,44,True,1.021282,1.0213,none,,,False,,31,0,,,
31,76,True,0.340226,0.3402,none,,,False,,31,0,,,
31,85,True,0.567781,0.5678,none,,,False,,31,0,,,
31,1,True,0.753601,0.7536,none,,,False,,31,0,,,
31,58,True,0.561993,0.562,none,,,False,,31,0,,,
31,27,True,0.742734,0.7427,none,,,False,,31,0,,,
31,14,True,0.285329,0.2853,none,,,False,,31,0,,,
31,30,True,0.405917,0.4059,none,,,False,,31,0,,,
31,92,True,0.733293,0.7333,none,,,False,,31,0,,,
31,71,True,0.616478,0.6165,none,,,False,,31,0,,,
31,62,True,0.602384,0.6024,none,,,False,,31,0,,,
31,47,True,0.521056,0.5211,none,,,False,,31,0,,,
31,94,True,0.564701,0.5647,none,,,False,,31,0,,,
31,52,True,0.723911,0.7239,none,,,False,,31,0,,,
31,35,True,0.673838,0.6738,none,,,False,,31,0,,,
31,74,True,0.750581,0.7506,none,,,False,,31,0,,,
31,34,True,0.678202,0.6782,none,,,False,,31,0,,,
31,84,True,0.332281,0.3323,none,,,False,,31,0,,,
31,38,True,0.265849,0.2658,none,,,False,,31,0,,,
31,86,True,0.54604,0.546,none,,,False,,31,0,,,
31,98,True,0.445115,0.4451,none,,,False,,31,0,,,
31,87,True,0.660776,0.6608,none,,,False,,31,0,,,
31,46,True,0.461757,0.4618,none,,,False,,31,0,,,
31,96,True,0.402277,0.4023,none,,,False,,31,0,,,
31,23,True,1.017551,1.0176,none,,,False,,31,0,,,
31,31,True,0.953825,0.9538,none,,,False,,31,0,,,
31,66,True,0.415644,0.4156,none,,,False,,31,0,,,
32,2,True,0.473491,0.4735,none,,,False,,32,0,,,
32,22,True,0.799914,0.7999,none,,,False,,32,0,,,
32,24,True,0.503349,0.5033,none,,,False,,32,0,,,
32,88,True,0.57815,0.5781,none,,,False,,32,0,,,
32,96,True,0.007666,0.0077,none,,,False,,32,0,,,
32,59,True,0.746604,0.7466,none,,,False,,32,0,,,
32,89,True,0.3946,0.3946,none,,,False,,32,0,,,
32,10,True,0.607029,0.607,none,,,False,,32,0,,,
32,84,True,0.461704,0.4617,none,,,False,,32,0,,,
32,15,True,0.421398,0.4214,none,,,False,,32,0,,,
32,23,True,0.972234,0.9722,none,,,False,,32,0,,,
32,86,True,0.574579,0.5746,none,,,False,,32,0,,,
32,57,True,0.544674,0.5447,none,,,False,,32,0,,,
32,98,True,0.393453,0.3935,none,,,False,,32,0,,,
32,0,True,0.545116,0.5451,none,,,False,,32,0,,,
32,79,True,0.322472,0.3225,none,,,False,,32,0,,,
32,77,True,0.729366,0.7294,none,,,False,,32,0,,,
32,90,True,0.23541,0.2354,none,,,False,,32,0,,,
32,91,True,0.548523,0.5485,none,,,False,,32,0,,,
32,26,True,0.426893,0.4269,none,,,False,,32,0,,,
32,9,True,0.452195,0.4522,none,,,False,,32,0,,,
32,8,True,0.540476,0.5405,none,,,False,,32,0,,,
32,45,True,0.483016,0.483,none,,,False,,32,0,,,
32,58,True,0.396914,0.3969,none,,,False,,32,0,,,
32,93,True,0.353564,0.3536,none,,,False,,32,0,,,
32,55,True,0.258192,0.2582,none,,,False,,32,0,,,
32,36,True,0.923866,0.9239,none,,,False,,32,0,,,
32,35,True,0.727809,0.7278,none,,,False,,32,0,,,
32,13,True,1.114558,1.1146,none,,,False,,32,0,,,
32,30,True,0.145959,0.146,none,,,False,,32,0,,,
32,78,True,1.040468,1.0405,none,,,False,,32,0,,,
32,85,True,0.635114,0.6351,none,,,False,,32,0,,,
32,16,True,0.332794,0.3328,none,,,False,,32,0,,,
32,6,True,0.240293,0.2403,none,,,False,,32,0,,,
32,80,True,0.571873,0.5719,none,,,False,,32,0,,,
32,51,True,0.603192,0.6032,none,,,False,,32,0,,,
33,55,True,0.429477,0.4295,none,,,False,,33,0,,,
33,88,True,0.329413,0.3294,none,,,False,,33,0,,,
33,85,True,0.602312,0.6023,none,,,False,,33,0,,,
33,54,True,0.479194,0.4792,none,,,False,,33,0,,,
33,34,True,0.466254,0.4663,none,,,False,,33,0,,,
33,84,True,0.423109,0.4231,none,,,False,,33,0,,,
33,24,True,0.42191,0.4219,none,,,False,,33,0,,,
33,52,True,0.500685,0.5007,none,,,False,,33,0,,,
33,14,True,0.331238,0.3312,none,,,False,,33,0,,,
33,3,True,0.568561,0.5686,none,,,False,,33,0,,,
33,9,True,0.566062,0.5661,none,,,False,,33,0,,,
33,28,True,0.481009,0.481,none,,,False,,33,0,,,
33,20,True,0.671751,0.6718,none,,,False,,33,0,,,
33,98,True,0.386108,0.3861,none,,,False,,33,0,,,
33,95,True,1.143615,1.1436,none,,,False,,33,0,,,
33,44,True,0.684809,0.6848,none,,,False,,33,0,,,
33,70,True,0.197563,0.1976,none,,,False,,33,0,,,
33,13,True,0.792824,0.7928,none,,,False,,33,0,,,
33,65,True,0.680981,0.681,none,,,False,,33,0,,,
33,71,True,0.601068,0.6011,none,,,False,,33,0,,,
33,64,True,0.462956,0.463,none,,,False,,33,0,,,
33,48,True,0.799183,0.7992,none,,,False,,33,0,,,
33,92,True,0.637976,0.638,none,,,False,,33,0,,,
33,82,True,0.50376,0.5038,none,,,False,,33,0,,,
33,27,True,0.761217,0.7612,none,,,False,,33,0,,,
33,62,True,0.715971,0.716,none,,,False,,33,0,,,
33,15,True,0.526313,0.5263,none,,,False,,33,0,,,
33,96,True,0.168535,0.1685,none,,,False,,33,0,,,
33,19,True,0.793115,0.7931,none,,,False,,33,0,,,
33,26,True,0.410292,0.4103,none,,,False,,33,0,,,
33,30,True,0.508592,0.5086,none,,,False,,33,0,,,
33,75,True,0.332538,0.3325,none,,,False,,33,0,,,
33,11,True,0.524248,0.5242,none,,,False,,33,0,,,
33,73,True,0.320458,0.3205,none,,,False,,33,0,,,
33,32,True,0.538924,0.5389,none,,,False,,33,0,,,
33,59,True,0.585676,0.5857,none,,,False,,33,0,,,
34,83,True,0.536744,0.5367,none,,,False,,34,0,,,
34,38,True,0.289753,0.2898,none,,,False,,34,0,,,
34,34,True,0.641166,0.6412,none,,,False,,34,0,,,
34,80,True,0.494219,0.4942,none,,,False,,34,0,,,
34,17,True,0.348839,0.3488,none,,,False,,34,0,,,
34,5,True,0.893369,0.8934,none,,,False,,34,0,,,
34,67,True,0.593571,0.5936,none,,,False,,34,0,,,
34,62,True,0.497377,0.4974,none,,,False,,34,0,,,
34,22,True,0.75729,0.7573,none,,,False,,34,0,,,
34,54,True,0.471469,0.4715,none,,,False,,34,0,,,
34,16,True,0.294795,0.2948,none,,,False,,34,0,,,
34,13,True,1.024929,1.0249,none,,,False,,34,0,,,
34,10,True,0.467779,0.4678,none,,,False,,34,0,,,
34,71,True,0.340594,0.3406,none,,,False,,34,0,,,
34,47,True,0.416256,0.4163,none,,,False,,34,0,,,
34,15,True,0.548187,0.5482,none,,,False,,34,0,,,
34,65,True,0.547089,0.5471,none,,,False,,34,0,,,
34,96,True,0.148183,0.1482,none,,,False,,34,0,,,
34,53,True,0.387373,0.3874,none,,,False,,34,0,,,
34,32,True,0.536543,0.5365,none,,,False,,34,0,,,
34,52,True,0.445365,0.4454,none,,,False,,34,0,,,
34,98,True,0.480681,0.4807,none,,,False,,34,0,,,
34,78,True,0.790323,0.7903,none,,,False,,34,0,,,
34,51,True,0.546761,0.5468,none,,,False,,34,0,,,
34,23,True,0.788044,0.788,none,,,False,,34,0,,,
34,7,True,0.466089,0.4661,none,,,False,,34,0,,,
34,89,True,0.390434,0.3904,none,,,False,,34,0,,,
34,76,True,0.439546,0.4395,none,,,False,,34,0,,,
34,4,True,0.360117,0.3601,none,,,False,,34,0,,,
34,90,True,0.275202,0.2752,none,,,False,,34,0,,,
34,14,True,0.234349,0.2343,none,,,False,,34,0,,,
34,28,True,0.551458,0.5515,none,,,False,,34,0,,,
34,37,True,0.390927,0.3909,none,,,False,,34,0,,,
34,50,True,0.314034,0.314,none,,,False,,34,0,,,
34,35,True,0.836332,0.8363,none,,,False,,34,0,,,
34,29,True,0.400875,0.4009,none,,,False,,34,0,,,
35,93,True,0.335123,0.3351,none,,,False,,35,0,,,
35,13,True,0.997931,0.9979,none,,,False,,35,0,,,
35,61,True,0.569271,0.5693,none,,,False,,35,0,,,
35,83,True,0.410022,0.41,none,,,False,,35,0,,,
35,48,True,0.596457,0.5965,none,,,False,,35,0,,,
35,10,True,0.56419,0.5642,none,,,False,,35,0,,,
35,54,True,0.482934,0.4829,none,,,False,,35,0,,,
35,81,True,0.790992,0.791,none,,,False,,35,0,,,
35,87,True,0.611611,0.6116,none,,,False,,35,0,,,
35,55,True,0.440455,0.4405,none,,,False,,35,0,,,
35,38,True,0.34444,0.3444,none,,,False,,35,0,,,
35,96,True,0.311076,0.3111,none,,,False,,35,0,,,
35,41,True,0.268324,0.2683,none,,,False,,35,0,,,
35,75,True,0.37892,0.3789,none,,,False,,35,0,,,
35,77,True,0.595319,0.5953,none,,,False,,35,0,,,
35,99,True,0.346788,0.3468,none,,,False,,35,0,,,
35,63,True,0.41253,0.4125,none,,,False,,35,0,,,
35,24,True,0.289633,0.2896,none,,,False,,35,0,,,
35,12,True,0.572477,0.5725,none,,,False,,35,0,,,
35,18,True,0.375021,0.375,none,,,False,,35,0,,,
35,19,True,0.708527,0.7085,none,,,False,,35,0,,,
35,26,True,0.298259,0.2983,none,,,False,,35,0,,,
35,92,True,0.591508,0.5915,none,,,False,,35,0,,,
35,42,True,0.45426,0.4543,none,,,False,,35,0,,,
35,29,True,0.419062,0.4191,none,,,False,,35,0,,,
35,7,True,0.453921,0.4539,none,,,False,,35,0,,,
35,32,True,0.421847,0.4218,none,,,False,,35,0,,,
35,30,True,0.441545,0.4415,none,,,False,,35,0,,,
35,0,True,0.599595,0.5996,none,,,False,,35,0,,,
35,5,True,0.861068,0.8611,none,,,False,,35,0,,,
35,59,True,0.530717,0.5307,none,,,False,,35,0,,,
35,90,True,-0.103003,-0.103,none,,,False,,35,0,,,
35,21,True,0.616572,0.6166,none,,,False,,35,0,,,
35,17,True,0.34013,0.3401,none,,,False,,35,0,,,
35,85,True,0.564716,0.5647,none,,,False,,35,0,,,
35,56,True,0.485543,0.4855,none,,,False,,35,0,,,
36,17,True,0.356011,0.356,none,,,False,,36,0,,,
36,35,True,0.653004,0.653,none,,,False,,36,0,,,
36,93,True,0.347755,0.3478,none,,,False,,36,0,,,
36,23,True,0.728432,0.7284,none,,,False,,36,0,,,
36,4,True,-0.025888,-0.0259,none,,,False,,36,0,,,
36,98,True,0.582894,0.5829,none,,,False,,36,0,,,
36,68,True,0.601337,0.6013,none,,,False,,36,0,,,
36,99,True,0.310374,0.3104,none,,,False,,36,0,,,
36,60,True,0.7056,0.7056,none,,,False,,36,0,,,
36,14,True,0.314049,0.314,none,,,False,,36,0,,,
36,61,True,0.501808,0.5018,none,,,False,,36,0,,,
36,88,True,0.510533,0.5105,none,,,False,,36,0,,,
36,53,True,0.41099,0.411,none,,,False,,36,0,,,
36,69,True,0.368213,0.3682,none,,,False,,36,0,,,
36,94,True,0.658413,0.6584,none,,,False,,36,0,,,
36,55,True,0.537547,0.5375,none,,,False,,36,0,,,
36,77,True,0.597796,0.5978,none,,,False,,36,0,,,
36,44,True,0.926442,0.9264,none,,,False,,36,0,,,
36,95,True,1.199365,1.1994,none,,,False,,36,0,,,
36,30,True,0.639244,0.6392,none,,,False,,36,0,,,
36,18,True,0.324325,0.3243,none,,,False,,36,0,,,
36,39,True,0.244632,0.2446,none,,,False,,36,0,,,
36,82,True,0.585896,0.5859,none,,,False,,36,0,,,
36,24,True,0.301118,0.3011,none,,,False,,36,0,,,
36,87,True,0.63462,0.6346,none,,,False,,36,0,,,
36,9,True,0.459393,0.4594,none,,,False,,36,0,,,
36,10,True,0.586538,0.5865,none,,,False,,36,0,,,
36,8,True,0.524189,0.5242,none,,,False,,36,0,,,
36,51,True,0.640484,0.6405,none,,,False,,36,0,,,
36,70,True,0.170084,0.1701,none,,,False,,36,0,,,
36,73,True,0.264698,0.2647,none,,,False,,36,0,,,
36,15,True,0.835684,0.8357,none,,,False,,36,0,,,
36,3,True,0.464998,0.465,none,,,False,,36,0,,,
36,2,True,0.637706,0.6377,none,,,False,,36,0,,,
36,66,True,0.411852,0.4119,none,,,False,,36,0,,,
36,16,True,0.324525,0.3245,none,,,False,,36,0,,,
37,41,True,0.356457,0.3565,none,,,False,,37,0,,,
37,29,True,0.612674,0.6127,none,,,False,,37,0,,,
37,72,True,0.506896,0.5069,none,,,False,,37,0,,,
37,6,True,0.331497,0.3315,none,,,False,,37,0,,,
37,39,True,0.43366,0.4337,none,,,False,,37,0,,,
37,37,True,0.476155,0.4762,none,,,False,,37,0,,,
37,30,True,0.474661,0.4747,none,,,False,,37,0,,,
37,31,True,0.786746,0.7867,none,,,False,,37,0,,,
37,76,True,0.417103,0.4171,none,,,False,,37,0,,,
37,47,True,0.643645,0.6436,none,,,False,,37,0,,,
37,51,True,0.633968,0.634,none,,,False,,37,0,,,
37,38,True,0.336334,0.3363,none,,,False,,37,0,,,
37,91,True,0.623416,0.6234,none,,,False,,37,0,,,
37,57,True,0.625708,0.6257,none,,,False,,37,0,,,
37,32,True,0.527173,0.5272,none,,,False,,37,0,,,
37,2,True,0.375665,0.3757,none,,,False,,37,0,,,
37,49,True,0.539779,0.5398,none,,,False,,37,0,,,
37,35,True,0.953292,0.9533,none,,,False,,37,0,,,
37,74,True,1.000537,1.0005,none,,,False,,37,0,,,
37,33,True,0.400714,0.4007,none,,,False,,37,0,,,
37,26,True,0.466669,0.4667,none,,,False,,37,0,,,
37,92,True,0.585718,0.5857,none,,,False,,37,0,,,
37,81,True,0.659577,0.6596,none,,,False,,37,0,,,
37,64,True,0.401671,0.4017,none,,,False,,37,0,,,
37,63,True,0.279802,0.2798,none,,,False,,37,0,,,
37,23,True,0.477463,0.4775,none,,,False,,37,0,,,
37,94,True,0.256561,0.2566,none,,,False,,37,0,,,
37,34,True,0.597471,0.5975,none,,,False,,37,0,,,
37,48,True,0.669771,0.6698,none,,,False,,37,0,,,
37,52,True,-0.366794,-0.3668,none,,,False,,37,0,,,
37,84,True,0.444198,0.4442,none,,,False,,37,0,,,
37,59,True,0.356125,0.3561,none,,,False,,37,0,,,
37,25,True,0.501766,0.5018,none,,,False,,37,0,,,
37,60,True,0.701315,0.7013,none,,,False,,37,0,,,
37,40,True,0.409304,0.4093,none,,,False,,37,0,,,
37,27,True,0.939635,0.9396,none,,,False,,37,0,,,
38,16,True,0.354136,0.3541,none,,,False,,38,0,,,
38,69,True,0.509722,0.5097,none,,,False,,38,0,,,
38,0,True,0.617736,0.6177,none,,,False,,38,0,,,
38,14,True,0.168318,0.1683,none,,,False,,38,0,,,
38,55,True,0.206881,0.2069,none,,,False,,38,0,,,
38,42,True,0.510114,0.5101,none,,,False,,38,0,,,
38,1,True,0.601733,0.6017,none,,,False,,38,0,,,
38,89,True,0.480865,0.4809,none,,,False,,38,0,,,
38,11,True,0.387871,0.3879,none,,,False,,38,0,,,
38,24,True,0.423467,0.4235,none,,,False,,38,0,,,
38,88,True,0.45457,0.4546,none,,,False,,38,0,,,
38,18,True,0.566155,0.5662,none,,,False,,38,0,,,
38,63,True,0.472345,0.4723,none,,,False,,38,0,,,
38,37,True,0.365599,0.3656,none,,,False,,38,0,,,
38,80,True,0.656945,0.6569,none,,,False,,38,0,,,
38,66,True,0.336586,0.3366,none,,,False,,38,0,,,
38,39,True,0.216331,0.2163,none,,,False,,38,0,,,
38,40,True,0.589357,0.5894,none,,,False,,38,0,,,
38,64,True,0.523115,0.5231,none,,,False,,38,0,,,
38,15,True,0.488851,0.4889,none,,,False,,38,0,,,
38,65,True,0.492766,0.4928,none,,,False,,38,0,,,
38,47,True,0.425769,0.4258,none,,,False,,38,0,,,
38,33,True,0.27677,0.2768,none,,,False,,38,0,,,
38,78,True,0.893855,0.8939,none,,,False,,38,0,,,
38,91,True,0.412957,0.413,none,,,False,,38,0,,,
38,46,True,0.575006,0.575,none,,,False,,38,0,,,
38,93,True,0.44512,0.4451,none,,,False,,38,0,,,
38,77,True,0.666055,0.6661,none,,,False,,38,0,,,
38,28,True,0.463941,0.4639,none,,,False,,38,0,,,
38,52,True,0.20096,0.201,none,,,False,,38,0,,,
38,2,True,0.424269,0.4243,none,,,False,,38,0,,,
38,25,True,0.366403,0.3664,none,,,False,,38,0,,,
38,76,True,0.331542,0.3315,none,,,False,,38,0,,,
38,82,True,0.509655,0.5097,none,,,False,,38,0,,,
38,5,True,0.646251,0.6463,none,,,False,,38,0,,,
38,81,True,0.478755,0.4788,none,,,False,,38,0,,,
39,56,True,0.455598,0.4556,none,,,False,,39,0,,,
39,93,True,0.533257,0.5333,none,,,False,,39,0,,,
39,38,True,0.386844,0.3868,none,,,False,,39,0,,,
39,87,True,0.504722,0.5047,none,,,False,,39,0,,,
39,20,True,0.583178,0.5832,none,,,False,,39,0,,,
39,14,True,0.405137,0.4051,none,,,False,,39,0,,,
39,8,True,0.356613,0.3566,none,,,False,,39,0,,,
39,12,True,0.610044,0.61,none,,,False,,39,0,,,
39,54,True,0.432247,0.4322,none,,,False,,39,0,,,
39,86,True,0.624666,0.6247,none,,,False,,39,0,,,
39,21,True,0.566742,0.5667,none,,,False,,39,0,,,
39,97,True,0.42397,0.424,none,,,False,,39,0,,,
39,51,True,0.614687,0.6147,none,,,False,,39,0,,,
39,5,True,0.82428,0.8243,none,,,False,,39,0,,,
39,1,True,0.857763,0.8578,none,,,False,,39,0,,,
39,44,True,0.775581,0.7756,none,,,False,,39,0,,,
39,66,True,0.229645,0.2296,none,,,False,,39,0,,,
39,10,True,0.722982,0.723,none,,,False,,39,0,,,
39,7,True,0.494891,0.4949,none,,,False,,39,0,,,
39,92,True,0.561713,0.5617,none,,,False,,39,0,,,
39,49,True,0.32272,0.3227,none,,,False,,39,0,,,
39,22,True,0.606172,0.6062,none,,,False,,39,0,,,
39,35,True,0.975353,0.9754,none,,,False,,39,0,,,
39,71,True,0.512235,0.5122,none,,,False,,39,0,,,
39,55,True,0.395125,0.3951,none,,,False,,39,0,,,
39,3,True,0.603024,0.603,none,,,False,,39,0,,,
39,33,True,0.230894,0.2309,none,,,False,,39,0,,,
39,78,True,0.799864,0.7999,none,,,False,,39,0,,,
39,59,True,0.509764,0.5098,none,,,False,,39,0,,,
39,58,True,0.6218,0.6218,none,,,False,,39,0,,,
39,74,True,0.686054,0.6861,none,,,False,,39,0,,,
39,41,True,0.346986,0.347,none,,,False,,39,0,,,
39,4,True,0.142696,0.1427,none,,,False,,39,0,,,
39,57,True,0.689639,0.6896,none,,,False,,39,0,,,
39,15,True,0.464724,0.4647,none,,,False,,39,0,,,
39,80,True,0.453732,0.4537,none,,,False,,39,0,,,
40,76,True,0.343114,0.3431,none,,,False,,40,0,,,
40,63,True,0.381643,0.3816,none,,,False,,40,0,,,
40,62,True,0.514937,0.5149,none,,,False,,40,0,,,
40,66,True,0.26557,0.2656,none,,,False,,40,0,,,
40,28,True,0.650472,0.6505,none,,,False,,40,0,,,
40,13,True,0.896992,0.897,none,,,False,,40,0,,,
40,72,True,0.482193,0.4822,none,,,False,,40,0,,,
40,48,True,0.608329,0.6083,none,,,False,,40,0,,,
40,4,True,0.355238,0.3552,none,,,False,,40,0,,,
40,37,True,0.506729,0.5067,none,,,False,,40,0,,,
40,0,True,0.595346,0.5953,none,,,False,,40,0,,,
40,43,True,0.428646,0.4286,none,,,False,,40,0,,,
40,93,True,0.464063,0.4641,none,,,False,,40,0,,,
40,80,True,0.478194,0.4782,none,,,False,,40,0,,,
40,96,True,0.318274,0.3183,none,,,False,,40,0,,,
40,59,True,0.43717,0.4372,none,,,False,,40,0,,,
40,97,True,0.410304,0.4103,none,,,False,,40,0,,,
40,81,True,0.612668,0.6127,none,,,False,,40,0,,,
40,86,True,0.57091,0.5709,none,,,False,,40,0,,,
40,47,True,0.530601,0.5306,none,,,False,,40,0,,,
40,23,True,0.626805,0.6268,none,,,False,,40,0,,,
40,94,True,0.470034,0.47,none,,,False,,40,0,,,
40,6,True,0.132705,0.1327,none,,,False,,40,0,,,
40,70,True,0.210809,0.2108,none,,,False,,40,0,,,
40,9,True,0.520567,0.5206,none,,,False,,40,0,,,
40,2,True,0.424278,0.4243,none,,,False,,40,0,,,
40,52,True,0.243154,0.2432,none,,,False,,40,0,,,
40,91,True,0.632282,0.6323,none,,,False,,40,0,,,
40,38,True,0.372138,0.3721,none,,,False,,40,0,,,
40,65,True,0.460673,0.4607,none,,,False,,40,0,,,
40,79,True,0.379742,0.3797,none,,,False,,40,0,,,
40,21,True,0.52513,0.5251,none,,,False,,40,0,,,
40,83,True,0.393133,0.3931,none,,,False,,40,0,,,
40,17,True,0.299373,0.2994,none,,,False,,40,0,,,
40,3,True,0.516673,0.5167,none,,,False,,40,0,,,
40,98,True,0.35651,0.3565,none,,,False,,40,0,,,
41,8,True,0.512815,0.5128,none,,,False,,41,0,,,
41,37,True,0.36345,0.3635,none,,,False,,41,0,,,
41,3,True,0.411643,0.4116,none,,,False,,41,0,,,
41,28,True,0.564786,0.5648,none,,,False,,41,0,,,
41,60,True,0.719003,0.719,none,,,False,,41,0,,,
41,85,True,0.571208,0.5712,none,,,False,,41,0,,,
41,7,True,0.52695,0.527,none,,,False,,41,0,,,
41,57,True,0.498522,0.4985,none,,,False,,41,0,,,
41,69,True,0.288064,0.2881,none,,,False,,41,0,,,
41,6,True,0.396178,0.3962,none,,,False,,41,0,,,
41,20,True,0.7582,0.7582,none,,,False,,41,0,,,
41,61,True,0.781963,0.782,none,,,False,,41,0,,,
41,51,True,0.638337,0.6383,none,,,False,,41,0,,,
41,16,True,0.32091,0.3209,none,,,False,,41,0,,,
41,21,True,0.688947,0.6889,none,,,False,,41,0,,,
41,14,True,0.352004,0.352,none,,,False,,41,0,,,
41,91,True,0.620122,0.6201,none,,,False,,41,0,,,
41,72,True,0.49244,0.4924,none,,,False,,41,0,,,
41,63,True,0.318834,0.3188,none,,,False,,41,0,,,
41,94,True,0.36596,0.366,none,,,False,,41,0,,,
41,29,True,0.466389,0.4664,none,,,False,,41,0,,,
41,99,True,0.307203,0.3072,none,,,False,,41,0,,,
41,90,True,0.232726,0.2327,none,,,False,,41,0,,,
41,32,True,0.596646,0.5966,none,,,False,,41,0,,,
41,92,True,0.646159,0.6462,none,,,False,,41,0,,,
41,88,True,0.39775,0.3977,none,,,False,,41,0,,,
41,31,True,1.056694,1.0567,none,,,False,,41,0,,,
41,26,True,0.393461,0.3935,none,,,False,,41,0,,,
41,93,True,0.496358,0.4964,none,,,False,,41,0,,,
41,80,True,0.351656,0.3517,none,,,False,,41,0,,,
41,27,True,0.628089,0.6281,none,,,False,,41,0,,,
41,46,True,0.279085,0.2791,none,,,False,,41,0,,,
41,98,True,0.436906,0.4369,none,,,False,,41,0,,,
41,19,True,0.826495,0.8265,none,,,False,,41,0,,,
41,79,True,0.317543,0.3175,none,,,False,,41,0,,,
41,53,True,0.330547,0.3305,none,,,False,,41,0,,,
42,14,True,0.307809,0.3078,none,,,False,,42,0,,,
42,10,True,0.660158,0.6602,none,,,False,,42,0,,,
42,65,True,0.501122,0.5011,none,,,False,,42,0,,,
42,73,True,0.374543,0.3745,none,,,False,,42,0,,,
42,83,True,0.437673,0.4377,none,,,False,,42,0,,,
42,43,True,0.283885,0.2839,none,,,False,,42,0,,,
42,20,True,0.750234,0.7502,none,,,False,,42,0,,,
42,49,True,0.276467,0.2765,none,,,False,,42,0,,,
42,71,True,0.292696,0.2927,none,,,False,,42,0,,,
42,37,True,0.353615,0.3536,none,,,False,,42,0,,,
42,67,True,0.533872,0.5339,none,,,False,,42,0,,,
42,5,True,0.618265,0.6183,none,,,False,,42,0,,,
42,61,True,0.574637,0.5746,none,,,False,,42,0,,,
42,92,True,0.667919,0.6679,none,,,False,,42,0,,,
42,80,True,0.458287,0.4583,none,,,False,,42,0,,,
42,27,True,0.711747,0.7117,none,,,False,,42,0,,,
42,30,True,0.469791,0.4698,none,,,False,,42,0,,,
42,57,True,0.604766,0.6048,none,,,False,,42,0,,,
42,88,True,0.524366,0.5244,none,,,False,,42,0,,,
42,18,True,0.435759,0.4358,none,,,False,,42,0,,,
42,84,True,0.547319,0.5473,none,,,False,,42,0,,,
42,24,True,0.377759,0.3778,none,,,False,,42,0,,,
42,13,True,1.011388,1.0114,none,,,False,,42,0,,,
42,9,True,0.44696,0.447,none,,,False,,42,0,,,
42,69,True,0.494036,0.494,none,,,False,,42,0,,,
42,41,True,0.16904,0.169,none,,,False,,42,0,,,
42,15,True,0.429274,0.4293,none,,,False,,42,0,,,
42,91,True,0.565713,0.5657,none,,,False,,42,0,,,
42,72,True,0.491861,0.4919,none,,,False,,42,0,,,
42,32,True,0.393021,0.393,none,,,False,,42,0,,,
42,93,True,0.341739,0.3417,none,,,False,,42,0,,,
42,25,True,0.439872,0.4399,none,,,False,,42,0,,,
42,31,True,0.752473,0.7525,none,,,False,,42,0,,,
42,58,True,0.446331,0.4463,none,,,False,,42,0,,,
42,54,True,0.454702,0.4547,none,,,False,,42,0,,,
42,81,True,0.766468,0.7665,none,,,False,,42,0,,,
43,32,True,0.602248,0.6022,none,,,False,,43,0,,,
43,53,True,0.336659,0.3367,none,,,False,,43,0,,,
43,52,True,0.509839,0.5098,none,,,False,,43,0,,,
43,27,True,0.798991,0.799,none,,,False,,43,0,,,
43,93,True,0.486657,0.4867,none,,,False,,43,0,,,
43,47,True,0.397619,0.3976,none,,,False,,43,0,,,
43,33,True,0.400856,0.4009,none,,,False,,43,0,,,
43,14,True,0.325603,0.3256,none,,,False,,43,0,,,
43,30,True,0.559533,0.5595,none,,,False,,43,0,,,
43,56,True,0.267225,0.2672,none,,,False,,43,0,,,
43,49,True,0.353905,0.3539,none,,,False,,43,0,,,
43,21,True,0.523918,0.5239,none,,,False,,43,0,,,
43,74,True,0.782829,0.7828,none,,,False,,43,0,,,
43,38,True,0.373551,0.3736,none,,,False,,43,0,,,
43,35,True,0.855938,0.8559,none,,,False,,43,0,,,
43,96,True,0.446668,0.4467,none,,,False,,43,0,,,
43,98,True,0.474864,0.4749,none,,,False,,43,0,,,
43,23,True,0.524878,0.5249,none,,,False,,43,0,,,
43,34,True,0.61028,0.6103,none,,,False,,43,0,,,
43,54,True,0.323287,0.3233,none,,,False,,43,0,,,
43,48,True,0.663214,0.6632,none,,,False,,43,0,,,
43,70,True,0.204522,0.2045,none,,,False,,43,0,,,
43,4,True,0.301628,0.3016,none,,,False,,43,0,,,
43,81,True,0.645782,0.6458,none,,,False,,43,0,,,
43,61,True,0.688743,0.6887,none,,,False,,43,0,,,
43,69,True,0.350925,0.3509,none,,,False,,43,0,,,
43,79,True,0.382116,0.3821,none,,,False,,43,0,,,
43,44,True,0.752872,0.7529,none,,,False,,43,0,,,
43,82,True,0.358345,0.3583,none,,,False,,43,0,,,
43,45,True,0.615267,0.6153,none,,,False,,43,0,,,
43,64,True,0.48951,0.4895,none,,,False,,43,0,,,
43,59,True,0.457886,0.4579,none,,,False,,43,0,,,
43,51,True,0.654058,0.6541,none,,,False,,43,0,,,
43,65,True,0.489314,0.4893,none,,,False,,43,0,,,
43,57,True,0.621826,0.6218,none,,,False,,43,0,,,
43,85,True,0.525,0.525,none,,,False,,43,0,,,
44,34,True,0.58833,0.5883,none,,,False,,44,0,,,
44,32,True,0.456057,0.4561,none,,,False,,44,0,,,
44,51,True,0.671171,0.6712,none,,,False,,44,0,,,
44,50,True,0.194281,0.1943,none,,,False,,44,0,,,
44,39,True,0.24346,0.2435,none,,,False,,44,0,,,
44,18,True,0.366315,0.3663,none,,,False,,44,0,,,
44,98,True,0.399347,0.3993,none,,,False,,44,0,,,
44,66,True,0.314013,0.314,none,,,False,,44,0,,,
44,94,True,0.476447,0.4764,none,,,False,,44,0,,,
44,97,True,0.510416,0.5104,none,,,False,,44,0,,,
44,40,True,0.43954,0.4395,none,,,False,,44,0,,,
44,53,True,0.242541,0.2425,none,,,False,,44,0,,,
44,26,True,0.346682,0.3467,none,,,False,,44,0,,,
44,9,True,0.390611,0.3906,none,,,False,,44,0,,,
44,91,True,0.578031,0.578,none,,,False,,44,0,,,
44,96,True,0.371179,0.3712,none,,,False,,44,0,,,
44,11,True,0.367152,0.3672,none,,,False,,44,0,,,
44,20,True,0.32902,0.329,none,,,False,,44,0,,,
44,99,True,0.273732,0.2737,none,,,False,,44,0,,,
44,19,True,0.75817,0.7582,none,,,False,,44,0,,,
44,55,True,0.406203,0.4062,none,,,False,,44,0,,,
44,72,True,0.498919,0.4989,none,,,False,,44,0,,,
44,23,True,0.72513,0.7251,none,,,False,,44,0,,,
44,54,True,0.345343,0.3453,none,,,False,,44,0,,,
44,28,True,0.265546,0.2655,none,,,False,,44,0,,,
44,95,True,1.120633,1.1206,none,,,False,,44,0,,,
44,10,True,0.653068,0.6531,none,,,False,,44,0,,,
44,22,True,0.655803,0.6558,none,,,False,,44,0,,,
44,27,True,0.671334,0.6713,none,,,False,,44,0,,,
44,65,True,0.40249,0.4025,none,,,False,,44,0,,,
44,76,True,0.332387,0.3324,none,,,False,,44,0,,,
44,17,True,0.325181,0.3252,none,,,False,,44,0,,,
44,87,True,0.576571,0.5766,none,,,False,,44,0,,,
44,64,True,0.549993,0.55,none,,,False,,44,0,,,
44,42,True,0.506322,0.5063,none,,,False,,44,0,,,
44,5,True,0.990523,0.9905,none,,,False,,44,0,,,
45,66,True,0.527863,0.5279,none,,,False,,45,0,,,
45,58,True,0.531146,0.5311,none,,,False,,45,0,,,
45,25,True,0.360588,0.3606,none,,,False,,45,0,,,
45,78,True,0.853918,0.8539,none,,,False,,45,0,,,
45,72,True,0.440629,0.4406,none,,,False,,45,0,,,
45,6,True,0.252292,0.2523,none,,,False,,45,0,,,
45,82,True,0.467006,0.467,none,,,False,,45,0,,,
45,47,True,0.450626,0.4506,none,,,False,,45,0,,,
45,39,True,0.26102,0.261,none,,,False,,45,0,,,
45,64,True,0.403647,0.4036,none,,,False,,45,0,,,
45,37,True,0.320828,0.3208,none,,,False,,45,0,,,
45,74,True,0.827794,0.8278,none,,,False,,45,0,,,
45,28,True,0.470178,0.4702,none,,,False,,45,0,,,
45,88,True,0.420167,0.4202,none,,,False,,45,0,,,
45,9,True,0.289912,0.2899,none,,,False,,45,0,,,
45,81,True,-0.091346,-0.0913,none,,,False,,45,0,,,
45,55,True,0.247419,0.2474,none,,,False,,45,0,,,
45,61,True,0.509358,0.5094,none,,,False,,45,0,,,
45,97,True,0.474938,0.4749,none,,,False,,45,0,,,
45,94,True,0.389665,0.3897,none,,,False,,45,0,,,
45,1,True,0.600184,0.6002,none,,,False,,45,0,,,
45,85,True,0.484772,0.4848,none,,,False,,45,0,,,
45,18,True,0.259145,0.2591,none,,,False,,45,0,,,
45,96,True,0.222938,0.2229,none,,,False,,45,0,,,
45,20,True,0.432604,0.4326,none,,,False,,45,0,,,
45,90,True,0.276298,0.2763,none,,,False,,45,0,,,
45,80,True,0.350446,0.3504,none,,,False,,45,0,,,
45,73,True,0.209971,0.21,none,,,False,,45,0,,,
45,33,True,0.384242,0.3842,none,,,False,,45,0,,,
45,86,True,0.676196,0.6762,none,,,False,,45,0,,,
45,44,True,0.369937,0.3699,none,,,False,,45,0,,,
45,87,True,0.381697,0.3817,none,,,False,,45,0,,,
45,53,True,0.214283,0.2143,none,,,False,,45,0,,,
45,69,True,0.27156,0.2716,none,,,False,,45,0,,,
45,95,True,0.84466,0.8447,none,,,False,,45,0,,,
45,34,True,0.666539,0.6665,none,,,False,,45,0,,,
46,97,True,0.376266,0.3763,none,,,False,,46,0,,,
46,10,True,0.654861,0.6549,none,,,False,,46,0,,,
46,22,True,0.471131,0.4711,none,,,False,,46,0,,,
46,18,True,0.230266,0.2303,none,,,False,,46,0,,,
46,70,True,0.183246,0.1832,none,,,False,,46,0,,,
46,76,True,0.305532,0.3055,none,,,False,,46,0,,,
46,0,True,0.440185,0.4402,none,,,False,,46,0,,,
46,98,True,0.515482,0.5155,none,,,False,,46,0,,,
46,32,True,0.583098,0.5831,none,,,False,,46,0,,,
46,50,True,0.27234,0.2723,none,,,False,,46,0,,,
46,47,True,0.06911,0.0691,none,,,False,,46,0,,,
46,78,True,0.578426,0.5784,none,,,False,,46,0,,,
46,66,True,0.449239,0.4492,none,,,False,,46,0,,,
46,84,True,0.547794,0.5478,none,,,False,,46,0,,,
46,95,True,1.149498,1.1495,none,,,False,,46,0,,,
46,73,True,0.285443,0.2854,none,,,False,,46,0,,,
46,72,True,0.408035,0.408,none,,,False,,46,0,,,
46,99,True,0.329546,0.3295,none,,,False,,46,0,,,
46,54,True,0.289596,0.2896,none,,,False,,46,0,,,
46,71,True,0.436712,0.4367,none,,,False,,46,0,,,
46,38,True,0.421248,0.4212,none,,,False,,46,0,,,
46,28,True,0.330402,0.3304,none,,,False,,46,0,,,
46,80,True,0.422799,0.4228,none,,,False,,46,0,,,
46,62,True,0.62169,0.6217,none,,,False,,46,0,,,
46,37,True,0.488794,0.4888,none,,,False,,46,0,,,
46,23,True,0.490915,0.4909,none,,,False,,46,0,,,
46,64,True,0.460654,0.4607,none,,,False,,46,0,,,
46,14,True,0.414731,0.4147,none,,,False,,46,0,,,
46,89,True,0.549542,0.5495,none,,,False,,46,0,,,
46,57,True,0.688307,0.6883,none,,,False,,46,0,,,
46,75,True,0.358597,0.3586,none,,,False,,46,0,,,
46,36,True,0.625129,0.6251,none,,,False,,46,0,,,
46,82,True,0.447933,0.4479,none,,,False,,46,0,,,
46,11,True,0.630631,0.6306,none,,,False,,46,0,,,
46,86,True,0.608008,0.608,none,,,False,,46,0,,,
46,55,True,0.457351,0.4574,none,,,False,,46,0,,,
47,60,True,0.634837,0.6348,none,,,False,,47,0,,,
47,99,True,0.149826,0.1498,none,,,False,,47,0,,,
47,92,True,0.636172,0.6362,none,,,False,,47,0,,,
47,34,True,0.635522,0.6355,none,,,False,,47,0,,,
47,29,True,0.47659,0.4766,none,,,False,,47,0,,,
47,18,True,0.314606,0.3146,none,,,False,,47,0,,,
47,15,True,0.65566,0.6557,none,,,False,,47,0,,,
47,20,True,0.665338,0.6653,none,,,False,,47,0,,,
47,84,True,0.520591,0.5206,none,,,False,,47,0,,,
47,66,True,0.491763,0.4918,none,,,False,,47,0,,,
47,78,True,0.67588,0.6759,none,,,False,,47,0,,,
47,81,True,0.308968,0.309,none,,,False,,47,0,,,
47,21,True,0.603303,0.6033,none,,,False,,47,0,,,
47,46,True,0.173992,0.174,none,,,False,,47,0,,,
47,16,True,0.363562,0.3636,none,,,False,,47,0,,,
47,76,True,0.236945,0.2369,none,,,False,,47,0,,,
47,8,True,0.640579,0.6406,none,,,False,,47,0,,,
47,45,True,0.485503,0.4855,none,,,False,,47,0,,,
47,74,True,0.856099,0.8561,none,,,False,,47,0,,,
47,41,True,0.259074,0.2591,none,,,False,,47,0,,,
47,87,True,0.246796,0.2468,none,,,False,,47,0,,,
47,56,True,0.613199,0.6132,none,,,False,,47,0,,,
47,39,True,0.265963,0.266,none,,,False,,47,0,,,
47,63,True,0.446164,0.4462,none,,,False,,47,0,,,
47,28,True,0.407507,0.4075,none,,,False,,47,0,,,
47,35,True,0.507806,0.5078,none,,,False,,47,0,,,
47,5,True,1.151737,1.1517,none,,,False,,47,0,,,
47,6,True,0.278437,0.2784,none,,,False,,47,0,,,
47,26,True,0.467317,0.4673,none,,,False,,47,0,,,
47,48,True,0.612581,0.6126,none,,,False,,47,0,,,
47,97,True,0.54059,0.5406,none,,,False,,47,0,,,
47,52,True,0.301282,0.3013,none,,,False,,47,0,,,
47,17,True,0.367378,0.3674,none,,,False,,47,0,,,
47,11,True,0.485766,0.4858,none,,,False,,47,0,,,
47,68,True,0.753626,0.7536,none,,,False,,47,0,,,
47,85,True,0.497445,0.4974,none,,,False,,47,0,,,
48,9,True,0.487748,0.4877,none,,,False,,48,0,,,
48,58,True,0.509998,0.51,none,,,False,,48,0,,,
48,8,True,0.323921,0.3239,none,,,False,,48,0,,,
48,40,True,0.355272,0.3553,none,,,False,,48,0,,,
48,84,True,0.591359,0.5914,none,,,False,,48,0,,,
48,60,True,0.560079,0.5601,none,,,False,,48,0,,,
48,56,True,0.334715,0.3347,none,,,False,,48,0,,,
48,55,True,0.153694,0.1537,none,,,False,,48,0,,,
48,14,True,0.407077,0.4071,none,,,False,,48,0,,,
48,38,True,0.330094,0.3301,none,,,False,,48,0,,,
48,3,True,0.429504,0.4295,none,,,False,,48,0,,,
48,16,True,0.274278,0.2743,none,,,False,,48,0,,,
48,74,True,0.655372,0.6554,none,,,False,,48,0,,,
48,93,True,0.2583,0.2583,none,,,False,,48,0,,,
48,27,True,0.903661,0.9037,none,,,False,,48,0,,,
48,36,True,0.744761,0.7448,none,,,False,,48,0,,,
48,69,True,0.278551,0.2786,none,,,False,,48,0,,,
48,44,True,0.977601,0.9776,none,,,False,,48,0,,,
48,21,True,0.567762,0.5678,none,,,False,,48,0,,,
48,12,True,0.585447,0.5854,none,,,False,,48,0,,,
48,43,True,0.436982,0.437,none,,,False,,48,0,,,
48,11,True,0.642774,0.6428,none,,,False,,48,0,,,
48,96,True,0.450233,0.4502,none,,,False,,48,0,,,
48,6,True,0.262786,0.2628,none,,,False,,48,0,,,
48,4,True,0.389366,0.3894,none,,,False,,48,0,,,
48,23,True,0.70355,0.7035,none,,,False,,48,0,,,
48,89,True,0.407154,0.4072,none,,,False,,48,0,,,
48,45,True,0.506227,0.5062,none,,,False,,48,0,,,
48,66,True,0.368396,0.3684,none,,,False,,48,0,,,
48,75,True,0.365947,0.3659,none,,,False,,48,0,,,
48,90,True,0.301289,0.3013,none,,,False,,48,0,,,
48,30,True,0.395937,0.3959,none,,,False,,48,0,,,
48,80,True,0.561071,0.5611,none,,,False,,48,0,,,
48,79,True,0.258071,0.2581,none,,,False,,48,0,,,
48,86,True,0.429703,0.4297,none,,,False,,48,0,,,
48,82,True,0.428178,0.4282,none,,,False,,48,0,,,
49,55,True,0.283391,0.2834,none,,,False,,49,0,,,
49,49,True,0.390136,0.3901,none,,,False,,49,0,,,
49,15,True,0.528431,0.5284,none,,,False,,49,0,,,
49,22,True,0.743556,0.7436,none,,,False,,49,0,,,
49,61,True,0.749971,0.75,none,,,False,,49,0,,,
49,27,True,0.626669,0.6267,none,,,False,,49,0,,,
49,79,True,0.399926,0.3999,none,,,False,,49,0,,,
49,45,True,0.707566,0.7076,none,,,False,,49,0,,,
49,93,True,0.552161,0.5522,none,,,False,,49,0,,,
49,4,True,0.222913,0.2229,none,,,False,,49,0,,,
49,90,True,0.27902,0.279,none,,,False,,49,0,,,
49,70,True,0.251702,0.2517,none,,,False,,49,0,,,
49,67,True,0.547968,0.548,none,,,False,,49,0,,,
49,29,True,0.574581,0.5746,none,,,False,,49,0,,,
49,21,True,0.688487,0.6885,none,,,False,,49,0,,,
49,6,True,0.35784,0.3578,none,,,False,,49,0,,,
49,86,True,0.543815,0.5438,none,,,False,,49,0,,,
49,88,True,0.417893,0.4179,none,,,False,,49,0,,,
49,80,True,0.332182,0.3322,none,,,False,,49,0,,,
49,66,True,0.446174,0.4462,none,,,False,,49,0,,,
49,44,True,0.56953,0.5695,none,,,False,,49,0,,,
49,87,True,0.62791,0.6279,none,,,False,,49,0,,,
49,42,True,0.455259,0.4553,none,,,False,,49,0,,,
49,91,True,0.483722,0.4837,none,,,False,,49,0,,,
49,89,True,0.242351,0.2424,none,,,False,,49,0,,,
49,25,True,0.454934,0.4549,none,,,False,,49,0,,,
49,64,True,0.512622,0.5126,none,,,False,,49,0,,,
49,39,True,0.309074,0.3091,none,,,False,,49,0,,,
49,31,True,0.783735,0.7837,none,,,False,,49,0,,,
49,47,True,0.571805,0.5718,none,,,False,,49,0,,,
49,30,True,0.503302,0.5033,none,,,False,,49,0,,,
49,74,True,0.806096,0.8061,none,,,False,,49,0,,,
49,82,True,0.497269,0.4973,none,,,False,,49,0,,,
49,7,True,0.509152,0.5092,none,,,False,,49,0,,,
49,18,True,0.212436,0.2124,none,,,False,,49,0,,,
49,2,True,0.369504,0.3695,none,,,False,,49,0,,,
50,56,True,0.423823,0.4238,none,,,False,,50,0,,,
50,77,True,0.559184,0.5592,none,,,False,,50,0,,,
50,38,True,0.453277,0.4533,none,,,False,,50,0,,,
50,8,True,0.5216,0.5216,none,,,False,,50,0,,,
50,5,True,0.797046,0.797,none,,,False,,50,0,,,
50,75,True,0.361201,0.3612,none,,,False,,50,0,,,
50,53,True,0.566764,0.5668,none,,,False,,50,0,,,
50,48,True,0.575938,0.5759,none,,,False,,50,0,,,
50,58,True,0.532652,0.5327,none,,,False,,50,0,,,
50,12,True,0.697113,0.6971,none,,,False,,50,0,,,
50,69,True,0.496463,0.4965,none,,,False,,50,0,,,
50,95,True,2.427552,2.4276,none,,,False,,50,0,,,
50,1,True,0.626741,0.6267,none,,,False,,50,0,,,
50,74,True,0.975635,0.9756,none,,,False,,50,0,,,
50,50,True,0.381467,0.3815,none,,,False,,50,0,,,
50,43,True,0.28071,0.2807,none,,,False,,50,0,,,
50,39,True,0.33178,0.3318,none,,,False,,50,0,,,
50,81,True,0.889409,0.8894,none,,,False,,50,0,,,
50,10,True,0.678898,0.6789,none,,,False,,50,0,,,
50,52,True,0.338747,0.3387,none,,,False,,50,0,,,
50,80,True,0.832648,0.8326,none,,,False,,50,0,,,
50,27,True,0.655603,0.6556,none,,,False,,50,0,,,
50,91,True,0.479442,0.4794,none,,,False,,50,0,,,
50,16,True,0.36821,0.3682,none,,,False,,50,0,,,
50,54,True,0.749723,0.7497,none,,,False,,50,0,,,
50,13,True,1.021638,1.0216,none,,,False,,50,0,,,
50,24,True,0.378669,0.3787,none,,,False,,50,0,,,
50,15,True,0.422195,0.4222,none,,,False,,50,0,,,
50,17,True,0.305173,0.3052,none,,,False,,50,0,,,
50,32,True,0.516531,0.5165,none,,,False,,50,0,,,
50,89,True,0.392797,0.3928,none,,,False,,50,0,,,
50,93,True,0.251124,0.2511,none,,,False,,50,0,,,
50,55,True,0.464833,0.4648,none,,,False,,50,0,,,
50,33,True,0.309592,0.3096,none,,,False,,50,0,,,
50,28,True,0.34948,0.3495,none,,,False,,50,0,,,
50,26,True,0.452113,0.4521,none,,,False,,50,0,,,
51,68,True,0.712051,0.7121,none,,,False,,51,0,,,
51,30,True,0.5762,0.5762,none,,,False,,51,0,,,
51,20,True,0.628072,0.6281,none,,,False,,51,0,,,
51,34,True,0.629396,0.6294,none,,,False,,51,0,,,
51,81,True,0.224627,0.2246,none,,,False,,51,0,,,
51,67,True,0.487211,0.4872,none,,,False,,51,0,,,
51,83,True,0.418211,0.4182,none,,,False,,51,0,,,
51,72,True,0.638327,0.6383,none,,,False,,51,0,,,
51,28,True,0.57401,0.574,none,,,False,,51,0,,,
51,82,True,0.574461,0.5745,none,,,False,,51,0,,,
51,58,True,0.349774,0.3498,none,,,False,,51,0,,,
51,29,True,0.545497,0.5455,none,,,False,,51,0,,,
51,74,True,0.714316,0.7143,none,,,False,,51,0,,,
51,89,True,0.369583,0.3696,none,,,False,,51,0,,,
51,5,True,0.952203,0.9522,none,,,False,,51,0,,,
51,31,True,0.964663,0.9647,none,,,False,,51,0,,,
51,62,True,0.576272,0.5763,none,,,False,,51,0,,,
51,92,True,0.592655,0.5927,none,,,False,,51,0,,,
51,75,True,0.284837,0.2848,none,,,False,,51,0,,,
51,95,True,2.355606,2.3556,none,,,False,,51,0,,,
51,32,True,0.741654,0.7417,none,,,False,,51,0,,,
51,96,True,0.071124,0.0711,none,,,False,,51,0,,,
51,61,True,0.682442,0.6824,none,,,False,,51,0,,,
51,78,True,0.417527,0.4175,none,,,False,,51,0,,,
51,77,True,0.741357,0.7414,none,,,False,,51,0,,,
51,12,True,0.755502,0.7555,none,,,False,,51,0,,,
51,24,True,0.498419,0.4984,none,,,False,,51,0,,,
51,50,True,0.207292,0.2073,none,,,False,,51,0,,,
51,21,True,0.556197,0.5562,none,,,False,,51,0,,,
51,7,True,0.419768,0.4198,none,,,False,,51,0,,,
51,73,True,0.393245,0.3932,none,,,False,,51,0,,,
51,48,True,0.611205,0.6112,none,,,False,,51,0,,,
51,94,True,0.786459,0.7865,none,,,False,,51,0,,,
51,59,True,0.640272,0.6403,none,,,False,,51,0,,,
51,84,True,0.585824,0.5858,none,,,False,,51,0,,,
51,80,True,0.659267,0.6593,none,,,False,,51,0,,,
52,42,True,0.401466,0.4015,none,,,False,,52,0,,,
52,74,True,0.923762,0.9238,none,,,False,,52,0,,,
52,6,True,-0.291707,-0.2917,none,,,False,,52,0,,,
52,99,True,0.707081,0.7071,none,,,False,,52,0,,,
52,57,True,0.610043,0.61,none,,,False,,52,0,,,
52,54,True,0.577783,0.5778,none,,,False,,52,0,,,
52,98,True,0.502354,0.5024,none,,,False,,52,0,,,
52,21,True,0.653735,0.6537,none,,,False,,52,0,,,
52,11,True,0.637474,0.6375,none,,,False,,52,0,,,
52,84,True,0.524826,0.5248,none,,,False,,52,0,,,
52,79,True,0.119059,0.1191,none,,,False,,52,0,,,
52,83,True,0.474318,0.4743,none,,,False,,52,0,,,
52,34,True,0.72288,0.7229,none,,,False,,52,0,,,
52,47,True,0.669449,0.6694,none,,,False,,52,0,,,
52,72,True,0.473098,0.4731,none,,,False,,52,0,,,
52,50,True,0.270868,0.2709,none,,,False,,52,0,,,
52,16,True,0.321042,0.321,none,,,False,,52,0,,,
52,60,True,0.649077,0.6491,none,,,False,,52,0,,,
52,78,True,0.946382,0.9464,none,,,False,,52,0,,,
52,14,True,0.348745,0.3487,none,,,False,,52,0,,,
52,91,True,0.563425,0.5634,none,,,False,,52,0,,,
52,29,True,0.391856,0.3919,none,,,False,,52,0,,,
52,56,True,0.176107,0.1761,none,,,False,,52,0,,,
52,53,True,0.458924,0.4589,none,,,False,,52,0,,,
52,40,True,0.417007,0.417,none,,,False,,52,0,,,
52,51,True,0.54884,0.5488,none,,,False,,52,0,,,
52,43,True,0.339429,0.3394,none,,,False,,52,0,,,
52,58,True,0.58021,0.5802,none,,,False,,52,0,,,
52,39,True,0.331134,0.3311,none,,,False,,52,0,,,
52,68,True,0.687388,0.6874,none,,,False,,52,0,,,
52,94,True,0.735506,0.7355,none,,,False,,52,0,,,
52,37,True,0.442142,0.4421,none,,,False,,52,0,,,
52,82,True,0.419928,0.4199,none,,,False,,52,0,,,
52,80,True,0.581966,0.582,none,,,False,,52,0,,,
52,2,True,0.541855,0.5419,none,,,False,,52,0,,,
52,65,True,0.53072,0.5307,none,,,False,,52,0,,,
53,10,True,0.464539,0.4645,none,,,False,,53,0,,,
53,83,True,0.334521,0.3345,none,,,False,,53,0,,,
53,21,True,0.635515,0.6355,none,,,False,,53,0,,,
53,54,True,0.613825,0.6138,none,,,False,,53,0,,,
53,60,True,0.54354,0.5435,none,,,False,,53,0,,,
53,19,True,0.799854,0.7999,none,,,False,,53,0,,,
53,43,True,0.234889,0.2349,none,,,False,,53,0,,,
53,25,True,0.462667,0.4627,none,,,False,,53,0,,,
53,95,True,2.560902,2.5609,none,,,False,,53,0,,,
53,12,True,0.648844,0.6488,none,,,False,,53,0,,,
53,26,True,0.297126,0.2971,none,,,False,,53,0,,,
53,75,True,0.275515,0.2755,none,,,False,,53,0,,,
53,24,True,0.416634,0.4166,none,,,False,,53,0,,,
53,22,True,0.560402,0.5604,none,,,False,,53,0,,,
53,39,True,0.3306,0.3306,none,,,False,,53,0,,,
53,62,True,0.547623,0.5476,none,,,False,,53,0,,,
53,80,True,0.679704,0.6797,none,,,False,,53,0,,,
53,11,True,0.621391,0.6214,none,,,False,,53,0,,,
53,29,True,0.320289,0.3203,none,,,False,,53,0,,,
53,68,True,0.715088,0.7151,none,,,False,,53,0,,,
53,93,True,0.47723,0.4772,none,,,False,,53,0,,,
53,97,True,0.516152,0.5162,none,,,False,,53,0,,,
53,20,True,0.693529,0.6935,none,,,False,,53,0,,,
53,71,True,0.619715,0.6197,none,,,False,,53,0,,,
53,84,True,0.520773,0.5208,none,,,False,,53,0,,,
53,69,True,0.330124,0.3301,none,,,False,,53,0,,,
53,78,True,0.900381,0.9004,none,,,False,,53,0,,,
53,18,True,0.345296,0.3453,none,,,False,,53,0,,,
53,28,True,0.551156,0.5512,none,,,False,,53,0,,,
53,17,True,0.290746,0.2907,none,,,False,,53,0,,,
53,0,True,0.581666,0.5817,none,,,False,,53,0,,,
53,52,True,-0.046532,-0.0465,none,,,False,,53,0,,,
53,59,True,0.492477,0.4925,none,,,False,,53,0,,,
53,31,True,0.627095,0.6271,none,,,False,,53,0,,,
53,63,True,0.802644,0.8026,none,,,False,,53,0,,,
53,72,True,0.388114,0.3881,none,,,False,,53,0,,,
54,18,True,0.269651,0.2697,none,,,False,,54,0,,,
54,48,True,0.769806,0.7698,none,,,False,,54,0,,,
54,32,True,0.618565,0.6186,none,,,False,,54,0,,,
54,1,True,0.755866,0.7559,none,,,False,,54,0,,,
54,36,True,0.570876,0.5709,none,,,False,,54,0,,,
54,77,True,0.558128,0.5581,none,,,False,,54,0,,,
54,14,True,0.279,0.279,none,,,False,,54,0,,,
54,10,True,0.710812,0.7108,none,,,False,,54,0,,,
54,46,True,0.401414,0.4014,none,,,False,,54,0,,,
54,84,True,0.637342,0.6373,none,,,False,,54,0,,,
54,23,True,0.521908,0.5219,none,,,False,,54,0,,,
54,16,True,0.217398,0.2174,none,,,False,,54,0,,,
54,30,True,0.69576,0.6958,none,,,False,,54,0,,,
54,62,True,0.668088,0.6681,none,,,False,,54,0,,,
54,97,True,0.616668,0.6167,none,,,False,,54,0,,,
54,4,True,0.005175,0.0052,none,,,False,,54,0,,,
54,15,True,0.731104,0.7311,none,,,False,,54,0,,,
54,6,True,0.444137,0.4441,none,,,False,,54,0,,,
54,64,True,0.653007,0.653,none,,,False,,54,0,,,
54,99,True,0.658826,0.6588,none,,,False,,54,0,,,
54,24,True,0.336888,0.3369,none,,,False,,54,0,,,
54,39,True,0.275885,0.2759,none,,,False,,54,0,,,
54,93,True,0.375009,0.375,none,,,False,,54,0,,,
54,9,True,0.389632,0.3896,none,,,False,,54,0,,,
54,56,True,0.238669,0.2387,none,,,False,,54,0,,,
54,78,True,0.758832,0.7588,none,,,False,,54,0,,,
54,67,True,0.670397,0.6704,none,,,False,,54,0,,,
54,51,True,0.572,0.572,none,,,False,,54,0,,,
54,66,True,0.361307,0.3613,none,,,False,,54,0,,,
54,87,True,0.690752,0.6908,none,,,False,,54,0,,,
54,85,True,0.181427,0.1814,none,,,False,,54,0,,,
54,41,True,0.280668,0.2807,none,,,False,,54,0,,,
54,28,True,0.445149,0.4451,none,,,False,,54,0,,,
54,8,True,0.541321,0.5413,none,,,False,,54,0,,,
54,26,True,0.409447,0.4094,none,,,False,,54,0,,,
54,27,True,0.864936,0.8649,none,,,False,,54,0,,,
55,50,True,0.083579,0.0836,none,,,False,,55,0,,,
55,95,True,2.392684,2.3927,none,,,False,,55,0,,,
55,79,True,0.269932,0.2699,none,,,False,,55,0,,,
55,36,True,0.79371,0.7937,none,,,False,,55,0,,,
55,91,True,0.57079,0.5708,none,,,False,,55,0,,,
55,60,True,0.653171,0.6532,none,,,False,,55,0,,,
55,80,True,0.7335,0.7335,none,,,False,,55,0,,,
55,59,True,0.623049,0.623,none,,,False,,55,0,,,
55,9,True,0.457893,0.4579,none,,,False,,55,0,,,
55,88,True,0.395311,0.3953,none,,,False,,55,0,,,
55,39,True,0.171216,0.1712,none,,,False,,55,0,,,
55,23,True,0.723053,0.7231,none,,,False,,55,0,,,
55,3,True,0.361226,0.3612,none,,,False,,55,0,,,
55,61,True,0.372674,0.3727,none,,,False,,55,0,,,
55,1,True,0.609474,0.6095,none,,,False,,55,0,,,
55,22,True,0.729302,0.7293,none,,,False,,55,0,,,
55,58,True,0.401059,0.4011,none,,,False,,55,0,,,
55,13,True,0.82137,0.8214,none,,,False,,55,0,,,
55,85,True,0.516461,0.5165,none,,,False,,55,0,,,
55,49,True,0.182881,0.1829,none,,,False,,55,0,,,
55,72,True,0.651027,0.651,none,,,False,,55,0,,,
55,21,True,0.626731,0.6267,none,,,False,,55,0,,,
55,74,True,0.702027,0.702,none,,,False,,55,0,,,
55,28,True,0.554502,0.5545,none,,,False,,55,0,,,
55,69,True,0.419312,0.4193,none,,,False,,55,0,,,
55,31,True,0.703721,0.7037,none,,,False,,55,0,,,
55,71,True,0.363003,0.363,none,,,False,,55,0,,,
55,66,True,0.29856,0.2986,none,,,False,,55,0,,,
55,35,True,0.611908,0.6119,none,,,False,,55,0,,,
55,84,True,0.466846,0.4668,none,,,False,,55,0,,,
55,8,True,0.337073,0.3371,none,,,False,,55,0,,,
55,29,True,0.44478,0.4448,none,,,False,,55,0,,,
55,17,True,0.296725,0.2967,none,,,False,,55,0,,,
55,57,True,0.558301,0.5583,none,,,False,,55,0,,,
55,40,True,0.282856,0.2829,none,,,False,,55,0,,,
55,47,True,0.612715,0.6127,none,,,False,,55,0,,,
56,53,True,0.505927,0.5059,none,,,False,,56,0,,,
56,68,True,0.746345,0.7463,none,,,False,,56,0,,,
56,71,True,0.470768,0.4708,none,,,False,,56,0,,,
56,88,True,0.386759,0.3868,none,,,False,,56,0,,,
56,94,True,0.896441,0.8964,none,,,False,,56,0,,,
56,50,True,0.13341,0.1334,none,,,False,,56,0,,,
56,39,True,0.268777,0.2688,none,,,False,,56,0,,,
56,64,True,0.547278,0.5473,none,,,False,,56,0,,,
56,79,True,0.287112,0.2871,none,,,False,,56,0,,,
56,76,True,0.448358,0.4484,none,,,False,,56,0,,,
56,40,True,0.366813,0.3668,none,,,False,,56,0,,,
56,43,True,0.378961,0.379,none,,,False,,56,0,,,
56,65,True,0.422999,0.423,none,,,False,,56,0,,,
56,63,True,0.83322,0.8332,none,,,False,,56,0,,,
56,58,True,0.590712,0.5907,none,,,False,,56,0,,,
56,86,True,0.43887,0.4389,none,,,False,,56,0,,,
56,80,True,0.689885,0.6899,none,,,False,,56,0,,,
56,13,True,0.863845,0.8638,none,,,False,,56,0,,,
56,47,True,0.714091,0.7141,none,,,False,,56,0,,,
56,48,True,0.623198,0.6232,none,,,False,,56,0,,,
56,6,True,0.368642,0.3686,none,,,False,,56,0,,,
56,84,True,0.570309,0.5703,none,,,False,,56,0,,,
56,4,True,0.148863,0.1489,none,,,False,,56,0,,,
56,17,True,0.277433,0.2774,none,,,False,,56,0,,,
56,34,True,0.47648,0.4765,none,,,False,,56,0,,,
56,16,True,0.382058,0.3821,none,,,False,,56,0,,,
56,5,True,0.82024,0.8202,none,,,False,,56,0,,,
56,70,True,0.189058,0.1891,none,,,False,,56,0,,,
56,67,True,0.690213,0.6902,none,,,False,,56,0,,,
56,54,True,0.530341,0.5303,none,,,False,,56,0,,,
56,49,True,0.314924,0.3149,none,,,False,,56,0,,,
56,87,True,0.595357,0.5954,none,,,False,,56,0,,,
56,62,True,0.687167,0.6872,none,,,False,,56,0,,,
56,98,True,0.592132,0.5921,none,,,False,,56,0,,,
56,45,True,0.582338,0.5823,none,,,False,,56,0,,,
56,75,True,0.304414,0.3044,none,,,False,,56,0,,,
57,5,True,0.748562,0.7486,none,,,False,,57,0,,,
57,42,True,0.448035,0.448,none,,,False,,57,0,,,
57,74,True,0.814196,0.8142,none,,,False,,57,0,,,
57,3,True,0.440914,0.4409,none,,,False,,57,0,,,
57,76,True,0.435513,0.4355,none,,,False,,57,0,,,
57,45,True,0.647553,0.6476,none,,,False,,57,0,,,
57,75,True,0.368882,0.3689,none,,,False,,57,0,,,
57,36,True,0.842253,0.8423,none,,,False,,57,0,,,
57,34,True,0.768229,0.7682,none,,,False,,57,0,,,
57,63,True,0.885827,0.8858,none,,,False,,57,0,,,
57,47,True,0.707557,0.7076,none,,,False,,57,0,,,
57,11,True,0.589756,0.5898,none,,,False,,57,0,,,
57,41,True,0.291386,0.2914,none,,,False,,57,0,,,
57,89,True,0.293273,0.2933,none,,,False,,57,0,,,
57,60,True,0.602851,0.6029,none,,,False,,57,0,,,
57,72,True,0.58169,0.5817,none,,,False,,57,0,,,
57,95,True,2.804224,2.8042,none,,,False,,57,0,,,
57,2,True,0.270259,0.2703,none,,,False,,57,0,,,
57,99,True,0.638668,0.6387,none,,,False,,57,0,,,
57,37,True,0.482887,0.4829,none,,,False,,57,0,,,
57,97,True,0.590195,0.5902,none,,,False,,57,0,,,
57,94,True,0.742077,0.7421,none,,,False,,57,0,,,
57,91,True,0.517745,0.5177,none,,,False,,57,0,,,
57,23,True,0.491311,0.4913,none,,,False,,57,0,,,
57,48,True,0.590297,0.5903,none,,,False,,57,0,,,
57,59,True,0.495885,0.4959,none,,,False,,57,0,,,
57,65,True,0.39063,0.3906,none,,,False,,57,0,,,
57,10,True,0.56853,0.5685,none,,,False,,57,0,,,
57,28,True,0.550283,0.5503,none,,,False,,57,0,,,
57,6,True,0.417857,0.4179,none,,,False,,57,0,,,
57,18,True,0.237138,0.2371,none,,,False,,57,0,,,
57,62,True,0.462143,0.4621,none,,,False,,57,0,,,
57,31,True,0.918875,0.9189,none,,,False,,57,0,,,
57,25,True,0.464164,0.4642,none,,,False,,57,0,,,
57,81,True,0.567504,0.5675,none,,,False,,57,0,,,
57,88,True,0.398758,0.3988,none,,,False,,57,0,,,
58,0,True,0.522928,0.5229,none,,,False,,58,0,,,
58,30,True,0.510984,0.511,none,,,False,,58,0,,,
58,74,True,0.855032,0.855,none,,,False,,58,0,,,
58,27,True,0.929112,0.9291,none,,,False,,58,0,,,
58,69,True,0.424868,0.4249,none,,,False,,58,0,,,
58,75,True,0.285139,0.2851,none,,,False,,58,0,,,
58,8,True,0.469185,0.4692,none,,,False,,58,0,,,
58,85,True,0.492245,0.4922,none,,,False,,58,0,,,
58,50,True,0.260425,0.2604,none,,,False,,58,0,,,
58,35,True,0.631043,0.631,none,,,False,,58,0,,,
58,53,True,0.553601,0.5536,none,,,False,,58,0,,,
58,39,True,0.133367,0.1334,none,,,False,,58,0,,,
58,1,True,0.799467,0.7995,none,,,False,,58,0,,,
58,71,True,0.162788,0.1628,none,,,False,,58,0,,,
58,28,True,0.641403,0.6414,none,,,False,,58,0,,,
58,16,True,0.416621,0.4166,none,,,False,,58,0,,,
58,76,True,0.415276,0.4153,none,,,False,,58,0,,,
58,98,True,0.397767,0.3978,none,,,False,,58,0,,,
58,29,True,0.480514,0.4805,none,,,False,,58,0,,,
58,57,True,0.636334,0.6363,none,,,False,,58,0,,,
58,41,True,0.307873,0.3079,none,,,False,,58,0,,,
58,67,True,0.66442,0.6644,none,,,False,,58,0,,,
58,45,True,0.62203,0.622,none,,,False,,58,0,,,
58,11,True,0.745969,0.746,none,,,False,,58,0,,,
58,87,True,0.401748,0.4017,none,,,False,,58,0,,,
58,15,True,0.592482,0.5925,none,,,False,,58,0,,,
58,62,True,0.627989,0.628,none,,,False,,58,0,,,
58,22,True,0.358931,0.3589,none,,,False,,58,0,,,
58,88,True,0.390987,0.391,none,,,False,,58,0,,,
58,23,True,0.505777,0.5058,none,,,False,,58,0,,,
58,94,True,0.725878,0.7259,none,,,False,,58,0,,,
58,92,True,0.47448,0.4745,none,,,False,,58,0,,,
58,72,True,0.368996,0.369,none,,,False,,58,0,,,
58,63,True,0.845797,0.8458,none,,,False,,58,0,,,
58,81,True,0.470871,0.4709,none,,,False,,58,0,,,
58,2,True,0.509157,0.5092,none,,,False,,58,0,,,
59,97,True,0.582385,0.5824,none,,,False,,59,0,,,
59,77,True,0.745703,0.7457,none,,,False,,59,0,,,
59,93,True,0.410941,0.4109,none,,,False,,59,0,,,
59,3,True,0.474273,0.4743,none,,,False,,59,0,,,
59,48,True,0.644964,0.645,none,,,False,,59,0,,,
59,21,True,0.699081,0.6991,none,,,False,,59,0,,,
59,41,True,0.388742,0.3887,none,,,False,,59,0,,,
59,94,True,0.916655,0.9167,none,,,False,,59,0,,,
59,64,True,0.512196,0.5122,none,,,False,,59,0,,,
59,25,True,0.339631,0.3396,none,,,False,,59,0,,,
59,43,True,0.197855,0.1979,none,,,False,,59,0,,,
59,74,True,0.827781,0.8278,none,,,False,,59,0,,,
59,52,True,0.194998,0.195,none,,,False,,59,0,,,
59,63,True,0.957981,0.958,none,,,False,,59,0,,,
59,89,True,0.463908,0.4639,none,,,False,,59,0,,,
59,79,True,0.286631,0.2866,none,,,False,,59,0,,,
59,37,True,0.448425,0.4484,none,,,False,,59,0,,,
59,31,True,0.943612,0.9436,none,,,False,,59,0,,,
59,11,True,0.437842,0.4378,none,,,False,,59,0,,,
59,36,True,0.901002,0.901,none,,,False,,59,0,,,
59,57,True,0.487547,0.4875,none,,,False,,59,0,,,
59,75,True,0.421159,0.4212,none,,,False,,59,0,,,
59,67,True,0.350073,0.3501,none,,,False,,59,0,,,
59,38,True,0.421736,0.4217,none,,,False,,59,0,,,
59,81,True,0.545096,0.5451,none,,,False,,59,0,,,
59,80,True,0.813552,0.8136,none,,,False,,59,0,,,
59,18,True,0.3618,0.3618,none,,,False,,59,0,,,
59,40,True,0.536865,0.5369,none,,,False,,59,0,,,
59,32,True,0.416872,0.4169,none,,,False,,59,0,,,
59,0,True,0.584497,0.5845,none,,,False,,59,0,,,
59,13,True,0.991368,0.9914,none,,,False,,59,0,,,
59,90,True,0.166384,0.1664,none,,,False,,59,0,,,
59,6,True,0.291602,0.2916,none,,,False,,59,0,,,
59,14,True,0.448372,0.4484,none,,,False,,59,0,,,
59,56,True,0.524794,0.5248,none,,,False,,59,0,,,
59,72,True,0.672331,0.6723,none,,,False,,59,0,,,
60,90,True,0.204422,0.2044,none,,,False,,60,0,,,
60,70,True,0.178909,0.1789,none,,,False,,60,0,,,
60,17,True,0.287096,0.2871,none,,,False,,60,0,,,
60,61,True,0.417845,0.4178,none,,,False,,60,0,,,
60,65,True,0.406002,0.406,none,,,False,,60,0,,,
60,89,True,0.360485,0.3605,none,,,False,,60,0,,,
60,80,True,0.721949,0.7219,none,,,False,,60,0,,,
60,26,True,0.420433,0.4204,none,,,False,,60,0,,,
60,9,True,0.393353,0.3934,none,,,False,,60,0,,,
60,50,True,0.103161,0.1032,none,,,False,,60,0,,,
60,57,True,0.497372,0.4974,none,,,False,,60,0,,,
60,10,True,0.476353,0.4764,none,,,False,,60,0,,,
60,96,True,-0.037442,-0.0374,none,,,False,,60,0,,,
60,63,True,0.767827,0.7678,none,,,False,,60,0,,,
60,77,True,0.409272,0.4093,none,,,False,,60,0,,,
60,2,True,0.173857,0.1739,none,,,False,,60,0,,,
60,19,True,0.559692,0.5597,none,,,False,,60,0,,,
60,95,True,2.555011,2.555,none,,,False,,60,0,,,
60,52,True,0.350061,0.3501,none,,,False,,60,0,,,
60,12,True,0.617448,0.6174,none,,,False,,60,0,,,
60,49,True,0.198861,0.1989,none,,,False,,60,0,,,
60,39,True,0.309457,0.3095,none,,,False,,60,0,,,
60,31,True,0.81771,0.8177,none,,,False,,60,0,,,
60,15,True,0.567088,0.5671,none,,,False,,60,0,,,
60,36,True,0.76617,0.7662,none,,,False,,60,0,,,
60,28,True,0.519494,0.5195,none,,,False,,60,0,,,
60,78,True,0.835752,0.8358,none,,,False,,60,0,,,
60,71,True,0.313201,0.3132,none,,,False,,60,0,,,
60,74,True,0.728655,0.7287,none,,,False,,60,0,,,
60,44,True,1.067455,1.0675,none,,,False,,60,0,,,
60,22,True,0.639715,0.6397,none,,,False,,60,0,,,
60,58,True,0.506637,0.5066,none,,,False,,60,0,,,
60,51,True,0.614707,0.6147,none,,,False,,60,0,,,
60,84,True,0.588418,0.5884,none,,,False,,60,0,,,
60,23,True,0.490248,0.4902,none,,,False,,60,0,,,
60,35,True,0.667277,0.6673,none,,,False,,60,0,,,
61,74,True,0.776818,0.7768,none,,,False,,61,0,,,
61,47,True,0.561999,0.562,none,,,False,,61,0,,,
61,37,True,0.404181,0.4042,none,,,False,,61,0,,,
61,71,True,0.526723,0.5267,none,,,False,,61,0,,,
61,2,True,0.554588,0.5546,none,,,False,,61,0,,,
61,69,True,0.338998,0.339,none,,,False,,61,0,,,
61,95,True,2.490892,2.4909,none,,,False,,61,0,,,
61,91,True,0.648364,0.6484,none,,,False,,61,0,,,
61,19,True,0.64213,0.6421,none,,,False,,61,0,,,
61,59,True,0.525255,0.5253,none,,,False,,61,0,,,
61,99,True,0.434609,0.4346,none,,,False,,61,0,,,
61,66,True,0.369055,0.3691,none,,,False,,61,0,,,
61,92,True,0.621834,0.6218,none,,,False,,61,0,,,
61,85,True,0.380998,0.381,none,,,False,,61,0,,,
61,38,True,0.365322,0.3653,none,,,False,,61,0,,,
61,61,True,0.26596,0.266,none,,,False,,61,0,,,
61,28,True,0.522734,0.5227,none,,,False,,61,0,,,
61,86,True,0.428725,0.4287,none,,,False,,61,0,,,
61,9,True,0.446557,0.4466,none,,,False,,61,0,,,
61,24,True,0.310106,0.3101,none,,,False,,61,0,,,
61,62,True,0.558941,0.5589,none,,,False,,61,0,,,
61,40,True,0.436135,0.4361,none,,,False,,61,0,,,
61,77,True,0.535202,0.5352,none,,,False,,61,0,,,
61,10,True,0.546073,0.5461,none,,,False,,61,0,,,
61,89,True,0.422419,0.4224,none,,,False,,61,0,,,
61,70,True,0.166056,0.1661,none,,,False,,61,0,,,
61,6,True,0.399083,0.3991,none,,,False,,61,0,,,
61,60,True,0.717584,0.7176,none,,,False,,61,0,,,
61,14,True,0.358474,0.3585,none,,,False,,61,0,,,
61,41,True,0.263547,0.2635,none,,,False,,61,0,,,
61,84,True,0.46681,0.4668,none,,,False,,61,0,,,
61,3,True,0.270361,0.2704,none,,,False,,61,0,,,
61,51,True,0.628067,0.6281,none,,,False,,61,0,,,
61,13,True,0.877499,0.8775,none,,,False,,61,0,,,
61,64,True,0.543639,0.5436,none,,,False,,61,0,,,
61,5,True,0.913552,0.9136,none,,,False,,61,0,,,
62,62,True,0.489421,0.4894,none,,,False,,62,0,,,
62,98,True,0.498465,0.4985,none,,,False,,62,0,,,
62,39,True,0.333381,0.3334,none,,,False,,62,0,,,
62,89,True,0.282522,0.2825,none,,,False,,62,0,,,
62,51,True,0.686142,0.6861,none,,,False,,62,0,,,
62,56,True,0.502197,0.5022,none,,,False,,62,0,,,
62,97,True,0.453373,0.4534,none,,,False,,62,0,,,
62,77,True,0.435465,0.4355,none,,,False,,62,0,,,
62,61,True,0.567289,0.5673,none,,,False,,62,0,,,
62,31,True,0.957878,0.9579,none,,,False,,62,0,,,
62,79,True,0.239915,0.2399,none,,,False,,62,0,,,
62,3,True,0.26695,0.267,none,,,False,,62,0,,,
62,42,True,0.428824,0.4288,none,,,False,,62,0,,,
62,90,True,0.290357,0.2904,none,,,False,,62,0,,,
62,95,True,2.787946,2.7879,none,,,False,,62,0,,,
62,17,True,0.302799,0.3028,none,,,False,,62,0,,,
62,0,True,0.596417,0.5964,none,,,False,,62,0,,,
62,19,True,0.646967,0.647,none,,,False,,62,0,,,
62,48,True,0.517085,0.5171,none,,,False,,62,0,,,
62,35,True,0.629879,0.6299,none,,,False,,62,0,,,
62,74,True,0.571026,0.571,none,,,False,,62,0,,,
62,59,True,0.492955,0.493,none,,,False,,62,0,,,
62,47,True,0.640878,0.6409,none,,,False,,62,0,,,
62,86,True,0.426911,0.4269,none,,,False,,62,0,,,
62,29,True,0.341049,0.341,none,,,False,,62,0,,,
62,23,True,0.606203,0.6062,none,,,False,,62,0,,,
62,92,True,0.529566,0.5296,none,,,False,,62,0,,,
62,12,True,0.643522,0.6435,none,,,False,,62,0,,,
62,36,True,0.425092,0.4251,none,,,False,,62,0,,,
62,73,True,0.326088,0.3261,none,,,False,,62,0,,,
62,53,True,0.646946,0.6469,none,,,False,,62,0,,,
62,16,True,0.374331,0.3743,none,,,False,,62,0,,,
62,82,True,0.479224,0.4792,none,,,False,,62,0,,,
62,81,True,0.633135,0.6331,none,,,False,,62,0,,,
62,93,True,0.375436,0.3754,none,,,False,,62,0,,,
62,52,True,0.096677,0.0967,none,,,False,,62,0,,,
63,76,True,0.521879,0.5219,none,,,False,,63,0,,,
63,84,True,0.592558,0.5926,none,,,False,,63,0,,,
63,17,True,0.282631,0.2826,none,,,False,,63,0,,,
63,34,True,0.680264,0.6803,none,,,False,,63,0,,,
63,60,True,0.769233,0.7692,none,,,False,,63,0,,,
63,22,True,0.671436,0.6714,none,,,False,,63,0,,,
63,81,True,0.760079,0.7601,none,,,False,,63,0,,,
63,18,True,0.226652,0.2267,none,,,False,,63,0,,,
63,57,True,0.579975,0.58,none,,,False,,63,0,,,
63,83,True,0.298546,0.2985,none,,,False,,63,0,,,
63,56,True,0.440468,0.4405,none,,,False,,63,0,,,
63,23,True,0.503008,0.503,none,,,False,,63,0,,,
63,68,True,0.602381,0.6024,none,,,False,,63,0,,,
63,12,True,0.712656,0.7127,none,,,False,,63,0,,,
63,43,True,0.283542,0.2835,none,,,False,,63,0,,,
63,59,True,0.398763,0.3988,none,,,False,,63,0,,,
63,25,True,0.436408,0.4364,none,,,False,,63,0,,,
63,10,True,0.586057,0.5861,none,,,False,,63,0,,,
63,61,True,0.448479,0.4485,none,,,False,,63,0,,,
63,85,True,0.535562,0.5356,none,,,False,,63,0,,,
63,89,True,0.417258,0.4173,none,,,False,,63,0,,,
63,74,True,0.902493,0.9025,none,,,False,,63,0,,,
63,70,True,0.120642,0.1206,none,,,False,,63,0,,,
63,64,True,0.567919,0.5679,none,,,False,,63,0,,,
63,93,True,0.300368,0.3004,none,,,False,,63,0,,,
63,94,True,0.792211,0.7922,none,,,False,,63,0,,,
63,13,True,1.060986,1.061,none,,,False,,63,0,,,
63,8,True,0.538176,0.5382,none,,,False,,63,0,,,
63,99,True,0.619709,0.6197,none,,,False,,63,0,,,
63,27,True,0.912504,0.9125,none,,,False,,63,0,,,
63,78,True,0.881128,0.8811,none,,,False,,63,0,,,
63,39,True,0.348305,0.3483,none,,,False,,63,0,,,
63,91,True,0.697843,0.6978,none,,,False,,63,0,,,
63,98,True,0.579921,0.5799,none,,,False,,63,0,,,
63,54,True,0.70128,0.7013,none,,,False,,63,0,,,
63,37,True,0.390545,0.3905,none,,,False,,63,0,,,
64,53,True,0.590022,0.59,none,,,False,,64,0,,,
64,42,True,0.439171,0.4392,none,,,False,,64,0,,,
64,63,True,0.973396,0.9734,none,,,False,,64,0,,,
64,36,True,0.769366,0.7694,none,,,False,,64,0,,,
64,21,True,0.476871,0.4769,none,,,False,,64,0,,,
64,38,True,0.341578,0.3416,none,,,False,,64,0,,,
64,22,True,0.51836,0.5184,none,,,False,,64,0,,,
64,89,True,0.394037,0.394,none,,,False,,64,0,,,
64,73,True,0.320663,0.3207,none,,,False,,64,0,,,
64,60,True,0.428515,0.4285,none,,,False,,64,0,,,
64,20,True,0.649843,0.6498,none,,,False,,64,0,,,
64,54,True,0.703355,0.7034,none,,,False,,64,0,,,
64,90,True,0.425232,0.4252,none,,,False,,64,0,,,
64,97,True,0.408609,0.4086,none,,,False,,64,0,,,
64,16,True,0.354312,0.3543,none,,,False,,64,0,,,
64,72,True,0.411895,0.4119,none,,,False,,64,0,,,
64,33,True,0.360907,0.3609,none,,,False,,64,0,,,
64,91,True,0.59824,0.5982,none,,,False,,64,0,,,
64,8,True,0.471276,0.4713,none,,,False,,64,0,,,
64,61,True,0.747039,0.747,none,,,False,,64,0,,,
64,1,True,0.865246,0.8652,none,,,False,,64,0,,,
64,26,True,0.341668,0.3417,none,,,False,,64,0,,,
64,28,True,0.764389,0.7644,none,,,False,,64,0,,,
64,31,True,0.823226,0.8232,none,,,False,,64,0,,,
64,34,True,0.592632,0.5926,none,,,False,,64,0,,,
64,35,True,0.880499,0.8805,none,,,False,,64,0,,,
64,58,True,0.421299,0.4213,none,,,False,,64,0,,,
64,56,True,0.600509,0.6005,none,,,False,,64,0,,,
64,99,True,0.602774,0.6028,none,,,False,,64,0,,,
64,29,True,0.622051,0.6221,none,,,False,,64,0,,,
64,49,True,0.346565,0.3466,none,,,False,,64,0,,,
64,93,True,0.597747,0.5977,none,,,False,,64,0,,,
64,25,True,0.723195,0.7232,none,,,False,,64,0,,,
64,15,True,0.575221,0.5752,none,,,False,,64,0,,,
64,4,True,0.420466,0.4205,none,,,False,,64,0,,,
64,98,True,0.29932,0.2993,none,,,False,,64,0,,,
65,53,True,0.510191,0.5102,none,,,False,,65,0,,,
65,61,True,0.530999,0.531,none,,,False,,65,0,,,
65,62,True,0.46642,0.4664,none,,,False,,65,0,,,
65,2,True,0.438204,0.4382,none,,,False,,65,0,,,
65,96,True,0.164714,0.1647,none,,,False,,65,0,,,
65,18,True,0.299322,0.2993,none,,,False,,65,0,,,
65,57,True,0.521242,0.5212,none,,,False,,65,0,,,
65,83,True,0.43766,0.4377,none,,,False,,65,0,,,
65,85,True,0.449351,0.4494,none,,,False,,65,0,,,
65,16,True,0.363801,0.3638,none,,,False,,65,0,,,
65,19,True,0.632434,0.6324,none,,,False,,65,0,,,
65,39,True,0.348143,0.3481,none,,,False,,65,0,,,
65,41,True,0.270462,0.2705,none,,,False,,65,0,,,
65,36,True,0.674692,0.6747,none,,,False,,65,0,,,
65,59,True,0.469773,0.4698,none,,,False,,65,0,,,
65,51,True,0.547179,0.5472,none,,,False,,65,0,,,
65,11,True,0.592026,0.592,none,,,False,,65,0,,,
65,15,True,0.493615,0.4936,none,,,False,,65,0,,,
65,76,True,0.477319,0.4773,none,,,False,,65,0,,,
65,34,True,0.615655,0.6157,none,,,False,,65,0,,,
65,27,True,0.743394,0.7434,none,,,False,,65,0,,,
65,67,True,0.5125,0.5125,none,,,False,,65,0,,,
65,8,True,0.553857,0.5539,none,,,False,,65,0,,,
65,49,True,0.217048,0.217,none,,,False,,65,0,,,
65,29,True,0.326174,0.3262,none,,,False,,65,0,,,
65,94,True,0.76622,0.7662,none,,,False,,65,0,,,
65,46,True,0.289312,0.2893,none,,,False,,65,0,,,
65,80,True,0.819422,0.8194,none,,,False,,65,0,,,
65,7,True,0.525243,0.5252,none,,,False,,65,0,,,
65,99,True,0.682663,0.6827,none,,,False,,65,0,,,
65,73,True,0.36254,0.3625,none,,,False,,65,0,,,
65,1,True,0.578985,0.579,none,,,False,,65,0,,,
65,87,True,0.70615,0.7061,none,,,False,,65,0,,,
65,60,True,0.742323,0.7423,none,,,False,,65,0,,,
65,98,True,0.46492,0.4649,none,,,False,,65,0,,,
65,3,True,0.450397,0.4504,none,,,False,,65,0,,,
66,75,True,0.404868,0.4049,none,,,False,,66,0,,,
66,85,True,0.463463,0.4635,none,,,False,,66,0,,,
66,5,True,0.800149,0.8001,none,,,False,,66,0,,,
66,93,True,0.427726,0.4277,none,,,False,,66,0,,,
66,27,True,0.72822,0.7282,none,,,False,,66,0,,,
66,23,True,0.41978,0.4198,none,,,False,,66,0,,,
66,8,True,0.514514,0.5145,none,,,False,,66,0,,,
66,28,True,0.655063,0.6551,none,,,False,,66,0,,,
66,54,True,0.703189,0.7032,none,,,False,,66,0,,,
66,69,True,0.416901,0.4169,none,,,False,,66,0,,,
66,64,True,0.472977,0.473,none,,,False,,66,0,,,
66,38,True,0.367396,0.3674,none,,,False,,66,0,,,
66,74,True,0.812228,0.8122,none,,,False,,66,0,,,
66,6,True,0.273358,0.2734,none,,,False,,66,0,,,
66,81,True,0.689056,0.6891,none,,,False,,66,0,,,
66,26,True,0.326547,0.3265,none,,,False,,66,0,,,
66,19,True,0.694109,0.6941,none,,,False,,66,0,,,
66,2,True,0.486831,0.4868,none,,,False,,66,0,,,
66,87,True,0.532982,0.533,none,,,False,,66,0,,,
66,40,True,0.426406,0.4264,none,,,False,,66,0,,,
66,71,True,0.50932,0.5093,none,,,False,,66,0,,,
66,14,True,0.297992,0.298,none,,,False,,66,0,,,
66,97,True,0.604176,0.6042,none,,,False,,66,0,,,
66,29,True,0.373841,0.3738,none,,,False,,66,0,,,
66,43,True,0.197313,0.1973,none,,,False,,66,0,,,
66,11,True,0.590401,0.5904,none,,,False,,66,0,,,
66,86,True,0.54735,0.5474,none,,,False,,66,0,,,
66,77,True,0.41427,0.4143,none,,,False,,66,0,,,
66,13,True,0.969359,0.9694,none,,,False,,66,0,,,
66,22,True,0.670311,0.6703,none,,,False,,66,0,,,
66,7,True,0.539063,0.5391,none,,,False,,66,0,,,
66,70,True,0.196151,0.1962,none,,,False,,66,0,,,
66,61,True,0.525244,0.5252,none,,,False,,66,0,,,
66,59,True,0.484965,0.485,none,,,False,,66,0,,,
66,0,True,0.525544,0.5255,none,,,False,,66,0,,,
66,39,True,0.400995,0.401,none,,,False,,66,0,,,
67,6,True,0.192774,0.1928,none,,,False,,67,0,,,
67,5,True,1.110107,1.1101,none,,,False,,67,0,,,
67,38,True,0.476539,0.4765,none,,,False,,67,0,,,
67,44,True,1.239852,1.2399,none,,,False,,67,0,,,
67,4,True,0.16332,0.1633,none,,,False,,67,0,,,
67,78,True,0.566709,0.5667,none,,,False,,67,0,,,
67,47,True,0.66862,0.6686,none,,,False,,67,0,,,
67,61,True,0.517031,0.517,none,,,False,,67,0,,,
67,23,True,0.688374,0.6884,none,,,False,,67,0,,,
67,51,True,0.602025,0.602,none,,,False,,67,0,,,
67,0,True,0.552556,0.5526,none,,,False,,67,0,,,
67,1,True,0.734961,0.735,none,,,False,,67,0,,,
67,93,True,0.36638,0.3664,none,,,False,,67,0,,,
67,80,True,0.758722,0.7587,none,,,False,,67,0,,,
67,69,True,0.335031,0.335,none,,,False,,67,0,,,
67,37,True,0.521253,0.5213,none,,,False,,67,0,,,
67,39,True,0.240926,0.2409,none,,,False,,67,0,,,
67,68,True,0.624202,0.6242,none,,,False,,67,0,,,
67,66,True,0.061486,0.0615,none,,,False,,67,0,,,
67,25,True,0.507177,0.5072,none,,,False,,67,0,,,
67,62,True,0.674054,0.6741,none,,,False,,67,0,,,
67,99,True,0.768325,0.7683,none,,,False,,67,0,,,
67,14,True,0.339518,0.3395,none,,,False,,67,0,,,
67,84,True,0.623741,0.6237,none,,,False,,67,0,,,
67,70,True,0.196048,0.196,none,,,False,,67,0,,,
67,2,True,0.701227,0.7012,none,,,False,,67,0,,,
67,82,True,0.542748,0.5427,none,,,False,,67,0,,,
67,71,True,0.485914,0.4859,none,,,False,,67,0,,,
67,83,True,0.41258,0.4126,none,,,False,,67,0,,,
67,94,True,1.004107,1.0041,none,,,False,,67,0,,,
67,91,True,0.639128,0.6391,none,,,False,,67,0,,,
67,49,True,0.293464,0.2935,none,,,False,,67,0,,,
67,79,True,0.222563,0.2226,none,,,False,,67,0,,,
67,73,True,0.259754,0.2598,none,,,False,,67,0,,,
67,19,True,0.538116,0.5381,none,,,False,,67,0,,,
67,56,True,0.578624,0.5786,none,,,False,,67,0,,,
68,14,True,0.361973,0.362,none,,,False,,68,0,,,
68,1,True,0.645416,0.6454,none,,,False,,68,0,,,
68,8,True,0.571664,0.5717,none,,,False,,68,0,,,
68,29,True,0.447006,0.447,none,,,False,,68,0,,,
68,46,True,0.284765,0.2848,none,,,False,,68,0,,,
68,31,True,0.845546,0.8455,none,,,False,,68,0,,,
68,19,True,0.730159,0.7302,none,,,False,,68,0,,,
68,86,True,0.594068,0.5941,none,,,False,,68,0,,,
68,98,True,0.498748,0.4987,none,,,False,,68,0,,,
68,97,True,0.572442,0.5724,none,,,False,,68,0,,,
68,68,True,0.720101,0.7201,none,,,False,,68,0,,,
68,74,True,0.939968,0.94,none,,,False,,68,0,,,
68,60,True,0.707935,0.7079,none,,,False,,68,0,,,
68,52,True,0.238885,0.2389,none,,,False,,68,0,,,
68,75,True,0.459074,0.4591,none,,,False,,68,0,,,
68,9,True,0.361868,0.3619,none,,,False,,68,0,,,
68,30,True,0.603634,0.6036,none,,,False,,68,0,,,
68,58,True,0.33824,0.3382,none,,,False,,68,0,,,
68,95,True,2.931449,2.9314,none,,,False,,68,0,,,
68,77,True,0.60739,0.6074,none,,,False,,68,0,,,
68,10,True,0.527801,0.5278,none,,,False,,68,0,,,
68,28,True,0.598061,0.5981,none,,,False,,68,0,,,
68,0,True,0.289361,0.2894,none,,,False,,68,0,,,
68,82,True,0.378022,0.378,none,,,False,,68,0,,,
68,33,True,0.417605,0.4176,none,,,False,,68,0,,,
68,63,True,0.885614,0.8856,none,,,False,,68,0,,,
68,6,True,0.499286,0.4993,none,,,False,,68,0,,,
68,93,True,0.475715,0.4757,none,,,False,,68,0,,,
68,22,True,0.622941,0.6229,none,,,False,,68,0,,,
68,57,True,0.531424,0.5314,none,,,False,,68,0,,,
68,3,True,0.434856,0.4349,none,,,False,,68,0,,,
68,65,True,0.444702,0.4447,none,,,False,,68,0,,,
68,79,True,0.229073,0.2291,none,,,False,,68,0,,,
68,16,True,0.392404,0.3924,none,,,False,,68,0,,,
68,23,True,0.241768,0.2418,none,,,False,,68,0,,,
68,42,True,0.580526,0.5805,none,,,False,,68,0,,,
69,69,True,0.475294,0.4753,none,,,False,,69,0,,,
69,70,True,0.17957,0.1796,none,,,False,,69,0,,,
69,92,True,0.584745,0.5847,none,,,False,,69,0,,,
69,24,True,0.309038,0.309,none,,,False,,69,0,,,
69,9,True,0.41229,0.4123,none,,,False,,69,0,,,
69,88,True,0.536148,0.5361,none,,,False,,69,0,,,
69,58,True,0.517633,0.5176,none,,,False,,69,0,,,
69,98,True,0.3513,0.3513,none,,,False,,69,0,,,
69,80,True,0.670543,0.6705,none,,,False,,69,0,,,
69,62,True,0.532591,0.5326,none,,,False,,69,0,,,
69,71,True,0.531815,0.5318,none,,,False,,69,0,,,
69,6,True,0.469001,0.469,none,,,False,,69,0,,,
69,8,True,0.518038,0.518,none,,,False,,69,0,,,
69,87,True,0.406099,0.4061,none,,,False,,69,0,,,
69,7,True,0.409205,0.4092,none,,,False,,69,0,,,
69,59,True,0.57184,0.5718,none,,,False,,69,0,,,
69,23,True,0.541979,0.542,none,,,False,,69,0,,,
69,10,True,0.544415,0.5444,none,,,False,,69,0,,,
69,82,True,0.483997,0.484,none,,,False,,69,0,,,
69,37,True,0.314143,0.3141,none,,,False,,69,0,,,
69,5,True,0.863802,0.8638,none,,,False,,69,0,,,
69,78,True,0.685376,0.6854,none,,,False,,69,0,,,
69,96,True,0.281159,0.2812,none,,,False,,69,0,,,
69,4,True,0.247665,0.2477,none,,,False,,69,0,,,
69,60,True,0.61593,0.6159,none,,,False,,69,0,,,
69,26,True,0.311992,0.312,none,,,False,,69,0,,,
69,81,True,0.709266,0.7093,none,,,False,,69,0,,,
69,32,True,0.61644,0.6164,none,,,False,,69,0,,,
69,91,True,0.630127,0.6301,none,,,False,,69,0,,,
69,16,True,0.433418,0.4334,none,,,False,,69,0,,,
69,77,True,0.388498,0.3885,none,,,False,,69,0,,,
69,93,True,0.340196,0.3402,none,,,False,,69,0,,,
69,63,True,0.857895,0.8579,none,,,False,,69,0,,,
69,15,True,0.565816,0.5658,none,,,False,,69,0,,,
69,13,True,0.94713,0.9471,none,,,False,,69,0,,,
69,72,True,0.541955,0.542,none,,,False,,69,0,,,
70,29,True,0.540197,0.5402,none,,,False,,70,0,,,
70,62,True,0.452266,0.4523,none,,,False,,70,0,,,
70,36,True,0.579457,0.5795,none,,,False,,70,0,,,
70,95,True,2.779944,2.7799,none,,,False,,70,0,,,
70,20,True,0.678166,0.6782,none,,,False,,70,0,,,
70,90,True,0.29894,0.2989,none,,,False,,70,0,,,
70,8,True,0.213582,0.2136,none,,,False,,70,0,,,
70,70,True,0.207779,0.2078,none,,,False,,70,0,,,
70,37,True,0.460898,0.4609,none,,,False,,70,0,,,
70,17,True,0.257406,0.2574,none,,,False,,70,0,,,
70,49,True,0.45234,0.4523,none,,,False,,70,0,,,
70,48,True,0.507576,0.5076,none,,,False,,70,0,,,
70,71,True,0.494042,0.494,none,,,False,,70,0,,,
70,13,True,0.884662,0.8847,none,,,False,,70,0,,,
70,81,True,0.190477,0.1905,none,,,False,,70,0,,,
70,42,True,0.543158,0.5432,none,,,False,,70,0,,,
70,98,True,0.467998,0.468,none,,,False,,70,0,,,
70,44,True,1.19953,1.1995,none,,,False,,70,0,,,
70,47,True,0.804817,0.8048,none,,,False,,70,0,,,
70,22,True,0.498067,0.4981,none,,,False,,70,0,,,
70,21,True,0.52093,0.5209,none,,,False,,70,0,,,
70,57,True,0.494678,0.4947,none,,,False,,70,0,,,
70,45,True,0.744971,0.745,none,,,False,,70,0,,,
70,41,True,0.408427,0.4084,none,,,False,,70,0,,,
70,96,True,0.348618,0.3486,none,,,False,,70,0,,,
70,82,True,0.272882,0.2729,none,,,False,,70,0,,,
70,38,True,0.503137,0.5031,none,,,False,,70,0,,,
70,55,True,0.49935,0.4993,none,,,False,,70,0,,,
70,60,True,0.487313,0.4873,none,,,False,,70,0,,,
70,1,True,0.683061,0.6831,none,,,False,,70,0,,,
70,75,True,0.333841,0.3338,none,,,False,,70,0,,,
70,46,True,0.350087,0.3501,none,,,False,,70,0,,,
70,59,True,0.385317,0.3853,none,,,False,,70,0,,,
70,84,True,0.395126,0.3951,none,,,False,,70,0,,,
70,88,True,0.289395,0.2894,none,,,False,,70,0,,,
70,83,True,0.295564,0.2956,none,,,False,,70,0,,,
71,40,True,0.432442,0.4324,none,,,False,,71,0,,,
71,76,True,0.488738,0.4887,none,,,False,,71,0,,,
71,48,True,0.679648,0.6796,none,,,False,,71,0,,,
71,74,True,0.814519,0.8145,none,,,False,,71,0,,,
71,78,True,0.789344,0.7893,none,,,False,,71,0,,,
71,69,True,0.347197,0.3472,none,,,False,,71,0,,,
71,67,True,0.614726,0.6147,none,,,False,,71,0,,,
71,55,True,0.56386,0.5639,none,,,False,,71,0,,,
71,86,True,0.426644,0.4266,none,,,False,,71,0,,,
71,72,True,0.469211,0.4692,none,,,False,,71,0,,,
71,44,True,1.139148,1.1391,none,,,False,,71,0,,,
71,14,True,0.320017,0.32,none,,,False,,71,0,,,
71,52,True,0.179874,0.1799,none,,,False,,71,0,,,
71,84,True,0.509831,0.5098,none,,,False,,71,0,,,
71,90,True,0.235864,0.2359,none,,,False,,71,0,,,
71,68,True,0.579184,0.5792,none,,,False,,71,0,,,
71,56,True,0.542073,0.5421,none,,,False,,71,0,,,
71,4,True,0.262005,0.262,none,,,False,,71,0,,,
71,7,True,0.313335,0.3133,none,,,False,,71,0,,,
71,66,True,0.365511,0.3655,none,,,False,,71,0,,,
71,60,True,0.611025,0.611,none,,,False,,71,0,,,
71,83,True,0.390837,0.3908,none,,,False,,71,0,,,
71,15,True,0.629315,0.6293,none,,,False,,71,0,,,
71,63,True,0.786176,0.7862,none,,,False,,71,0,,,
71,31,True,1.074462,1.0745,none,,,False,,71,0,,,
71,18,True,0.281815,0.2818,none,,,False,,71,0,,,
71,19,True,0.603016,0.603,none,,,False,,71,0,,,
71,77,True,0.517379,0.5174,none,,,False,,71,0,,,
71,3,True,0.298762,0.2988,none,,,False,,71,0,,,
71,95,True,2.539973,2.54,none,,,False,,71,0,,,
71,25,True,0.490917,0.4909,none,,,False,,71,0,,,
71,91,True,0.633445,0.6334,none,,,False,,71,0,,,
71,45,True,0.453778,0.4538,none,,,False,,71,0,,,
71,57,True,0.554019,0.554,none,,,False,,71,0,,,
71,46,True,0.27475,0.2747,none,,,False,,71,0,,,
71,75,True,0.149601,0.1496,none,,,False,,71,0,,,
72,52,True,0.471397,0.4714,none,,,False,,72,0,,,
72,16,True,0.380267,0.3803,none,,,False,,72,0,,,
72,14,True,0.402623,0.4026,none,,,False,,72,0,,,
72,91,True,0.634751,0.6348,none,,,False,,72,0,,,
72,26,True,-0.138833,-0.1388,none,,,False,,72,0,,,
72,73,True,0.43418,0.4342,none,,,False,,72,0,,,
72,87,True,0.47565,0.4756,none,,,False,,72,0,,,
72,98,True,0.551417,0.5514,none,,,False,,72,0,,,
72,1,True,0.811879,0.8119,none,,,False,,72,0,,,
72,85,True,0.480455,0.4805,none,,,False,,72,0,,,
72,37,True,0.341404,0.3414,none,,,False,,72,0,,,
72,47,True,0.779329,0.7793,none,,,False,,72,0,,,
72,21,True,0.695376,0.6954,none,,,False,,72,0,,,
72,25,True,0.456085,0.4561,none,,,False,,72,0,,,
72,71,True,0.431663,0.4317,none,,,False,,72,0,,,
72,69,True,0.159428,0.1594,none,,,False,,72,0,,,
72,96,True,0.419062,0.4191,none,,,False,,72,0,,,
72,61,True,0.53667,0.5367,none,,,False,,72,0,,,
72,53,True,0.606678,0.6067,none,,,False,,72,0,,,
72,45,True,0.531813,0.5318,none,,,False,,72,0,,,
72,94,True,0.861465,0.8615,none,,,False,,72,0,,,
72,66,True,0.420402,0.4204,none,,,False,,72,0,,,
72,84,True,0.574134,0.5741,none,,,False,,72,0,,,
72,70,True,0.152143,0.1521,none,,,False,,72,0,,,
72,54,True,0.666574,0.6666,none,,,False,,72,0,,,
72,44,True,1.002309,1.0023,none,,,False,,72,0,,,
72,55,True,0.426425,0.4264,none,,,False,,72,0,,,
72,32,True,0.653642,0.6536,none,,,False,,72,0,,,
72,75,True,0.324241,0.3242,none,,,False,,72,0,,,
72,3,True,0.349932,0.3499,none,,,False,,72,0,,,
72,99,True,0.555363,0.5554,none,,,False,,72,0,,,
72,67,True,0.584418,0.5844,none,,,False,,72,0,,,
72,11,True,0.750451,0.7505,none,,,False,,72,0,,,
72,20,True,0.704134,0.7041,none,,,False,,72,0,,,
72,89,True,0.297119,0.2971,none,,,False,,72,0,,,
72,10,True,0.644216,0.6442,none,,,False,,72,0,,,
73,96,True,0.29571,0.2957,none,,,False,,73,0,,,
73,47,True,0.686182,0.6862,none,,,False,,73,0,,,
73,68,True,0.631925,0.6319,none,,,False,,73,0,,,
73,62,True,0.318092,0.3181,none,,,False,,73,0,,,
73,35,True,0.755835,0.7558,none,,,False,,73,0,,,
73,19,True,0.609499,0.6095,none,,,False,,73,0,,,
73,51,True,0.578025,0.578,none,,,False,,73,0,,,
73,82,True,0.486827,0.4868,none,,,False,,73,0,,,
73,26,True,0.218405,0.2184,none,,,False,,73,0,,,
73,15,True,0.362509,0.3625,none,,,False,,73,0,,,
73,54,True,0.715601,0.7156,none,,,False,,73,0,,,
73,46,True,0.261757,0.2618,none,,,False,,73,0,,,
73,41,True,0.405187,0.4052,none,,,False,,73,0,,,
73,53,True,0.591825,0.5918,none,,,False,,73,0,,,
73,63,True,0.84753,0.8475,none,,,False,,73,0,,,
73,73,True,0.348857,0.3489,none,,,False,,73,0,,,
73,89,True,0.30614,0.3061,none,,,False,,73,0,,,
73,8,True,0.440817,0.4408,none,,,False,,73,0,,,
73,1,True,0.69071,0.6907,none,,,False,,73,0,,,
73,2,True,0.427048,0.427,none,,,False,,73,0,,,
73,49,True,0.334989,0.335,none,,,False,,73,0,,,
73,61,True,0.491465,0.4915,none,,,False,,73,0,,,
73,64,True,0.431,0.431,none,,,False,,73,0,,,
73,45,True,0.557119,0.5571,none,,,False,,73,0,,,
73,87,True,0.603844,0.6038,none,,,False,,73,0,,,
73,91,True,0.55991,0.5599,none,,,False,,73,0,,,
73,17,True,0.347857,0.3479,none,,,False,,73,0,,,
73,7,True,0.507083,0.5071,none,,,False,,73,0,,,
73,93,True,0.480047,0.48,none,,,False,,73,0,,,
73,88,True,0.514164,0.5142,none,,,False,,73,0,,,
73,3,True,0.424583,0.4246,none,,,False,,73,0,,,
73,59,True,0.464519,0.4645,none,,,False,,73,0,,,
73,40,True,0.39308,0.3931,none,,,False,,73,0,,,
73,32,True,0.487267,0.4873,none,,,False,,73,0,,,
73,33,True,0.437151,0.4372,none,,,False,,73,0,,,
73,58,True,0.402503,0.4025,none,,,False,,73,0,,,
74,9,True,0.349712,0.3497,none,,,False,,74,0,,,
74,66,True,0.402169,0.4022,none,,,False,,74,0,,,
74,13,True,0.962249,0.9622,none,,,False,,74,0,,,
74,51,True,0.566295,0.5663,none,,,False,,74,0,,,
74,58,True,0.569255,0.5693,none,,,False,,74,0,,,
74,34,True,0.614958,0.615,none,,,False,,74,0,,,
74,39,True,0.430393,0.4304,none,,,False,,74,0,,,
74,56,True,0.493991,0.494,none,,,False,,74,0,,,
74,22,True,0.517061,0.5171,none,,,False,,74,0,,,
74,95,True,3.007783,3.0078,none,,,False,,74,0,,,
74,88,True,0.449233,0.4492,none,,,False,,74,0,,,
74,73,True,0.271877,0.2719,none,,,False,,74,0,,,
74,62,True,0.534301,0.5343,none,,,False,,74,0,,,
74,5,True,0.867422,0.8674,none,,,False,,74,0,,,
74,57,True,0.48049,0.4805,none,,,False,,74,0,,,
74,70,True,0.163983,0.164,none,,,False,,74,0,,,
74,45,True,0.583555,0.5836,none,,,False,,74,0,,,
74,93,True,0.400825,0.4008,none,,,False,,74,0,,,
74,65,True,0.630674,0.6307,none,,,False,,74,0,,,
74,35,True,0.717481,0.7175,none,,,False,,74,0,,,
74,89,True,0.467097,0.4671,none,,,False,,74,0,,,
74,8,True,0.334737,0.3347,none,,,False,,74,0,,,
74,20,True,0.831455,0.8315,none,,,False,,74,0,,,
74,28,True,0.550746,0.5507,none,,,False,,74,0,,,
74,67,True,0.405895,0.4059,none,,,False,,74,0,,,
74,52,True,0.192333,0.1923,none,,,False,,74,0,,,
74,43,True,-0.034573,-0.0346,none,,,False,,74,0,,,
74,44,True,1.11955,1.1196,none,,,False,,74,0,,,
74,36,True,0.52454,0.5245,none,,,False,,74,0,,,
74,74,True,0.981173,0.9812,none,,,False,,74,0,,,
74,77,True,0.468873,0.4689,none,,,False,,74,0,,,
74,2,True,0.525962,0.526,none,,,False,,74,0,,,
74,97,True,0.503261,0.5033,none,,,False,,74,0,,,
74,94,True,0.871934,0.8719,none,,,False,,74,0,,,
74,6,True,0.484865,0.4849,none,,,False,,74,0,,,
74,31,True,0.899815,0.8998,none,,,False,,74,0,,,
75,42,True,0.509501,0.5095,none,,,False,,75,0,,,
75,19,True,0.951672,0.9517,none,,,False,,75,0,,,
75,64,True,0.426606,0.4266,none,,,False,,75,0,,,
75,79,True,0.098919,0.0989,none,,,False,,75,0,,,
75,84,True,0.554737,0.5547,none,,,False,,75,0,,,
75,14,True,0.542989,0.543,none,,,False,,75,0,,,
75,52,True,0.244668,0.2447,none,,,False,,75,0,,,
75,62,True,0.641546,0.6415,none,,,False,,75,0,,,
75,95,True,2.524854,2.5249,none,,,False,,75,0,,,
75,41,True,0.32837,0.3284,none,,,False,,75,0,,,
75,70,True,0.212435,0.2124,none,,,False,,75,0,,,
75,72,True,0.550159,0.5502,none,,,False,,75,0,,,
75,17,True,0.337747,0.3377,none,,,False,,75,0,,,
75,4,True,0.489044,0.489,none,,,False,,75,0,,,
75,49,True,0.297365,0.2974,none,,,False,,75,0,,,
75,20,True,0.522505,0.5225,none,,,False,,75,0,,,
75,76,True,0.550917,0.5509,none,,,False,,75,0,,,
75,89,True,0.421277,0.4213,none,,,False,,75,0,,,
75,55,True,0.379752,0.3798,none,,,False,,75,0,,,
75,5,True,0.648065,0.6481,none,,,False,,75,0,,,
75,35,True,0.652968,0.653,none,,,False,,75,0,,,
75,16,True,0.425099,0.4251,none,,,False,,75,0,,,
75,36,True,0.784785,0.7848,none,,,False,,75,0,,,
75,91,True,0.613612,0.6136,none,,,False,,75,0,,,
75,26,True,0.509143,0.5091,none,,,False,,75,0,,,
75,65,True,0.465836,0.4658,none,,,False,,75,0,,,
75,21,True,0.54438,0.5444,none,,,False,,75,0,,,
75,46,True,0.408865,0.4089,none,,,False,,75,0,,,
75,39,True,0.265688,0.2657,none,,,False,,75,0,,,
75,22,True,0.614052,0.6141,none,,,False,,75,0,,,
75,27,True,0.828708,0.8287,none,,,False,,75,0,,,
75,29,True,0.573777,0.5738,none,,,False,,75,0,,,
75,33,True,0.290242,0.2902,none,,,False,,75,0,,,
75,67,True,0.475595,0.4756,none,,,False,,75,0,,,
75,94,True,0.757042,0.757,none,,,False,,75,0,,,
75,71,True,0.426048,0.426,none,,,False,,75,0,,,
76,56,True,0.545081,0.5451,none,,,False,,76,0,,,
76,30,True,0.492594,0.4926,none,,,False,,76,0,,,
76,11,True,0.538206,0.5382,none,,,False,,76,0,,,
76,98,True,0.592881,0.5929,none,,,False,,76,0,,,
76,65,True,0.471614,0.4716,none,,,False,,76,0,,,
76,76,True,0.443652,0.4437,none,,,False,,76,0,,,
76,37,True,0.417766,0.4178,none,,,False,,76,0,,,
76,57,True,0.564968,0.565,none,,,False,,76,0,,,
76,66,True,0.436583,0.4366,none,,,False,,76,0,,,
76,41,True,0.357141,0.3571,none,,,False,,76,0,,,
76,49,True,0.364083,0.3641,none,,,False,,76,0,,,
76,5,True,0.751408,0.7514,none,,,False,,76,0,,,
76,25,True,0.275429,0.2754,none,,,False,,76,0,,,
76,45,True,0.569881,0.5699,none,,,False,,76,0,,,
76,20,True,0.58993,0.5899,none,,,False,,76,0,,,
76,24,True,0.383462,0.3835,none,,,False,,76,0,,,
76,77,True,0.51432,0.5143,none,,,False,,76,0,,,
76,82,True,0.408256,0.4083,none,,,False,,76,0,,,
76,51,True,0.449139,0.4491,none,,,False,,76,0,,,
76,27,True,0.688879,0.6889,none,,,False,,76,0,,,
76,12,True,0.60123,0.6012,none,,,False,,76,0,,,
76,36,True,0.527709,0.5277,none,,,False,,76,0,,,
76,6,True,0.232029,0.232,none,,,False,,76,0,,,
76,39,True,0.412528,0.4125,none,,,False,,76,0,,,
76,72,True,0.528071,0.5281,none,,,False,,76,0,,,
76,99,True,0.814617,0.8146,none,,,False,,76,0,,,
76,42,True,0.439218,0.4392,none,,,False,,76,0,,,
76,28,True,0.468831,0.4688,none,,,False,,76,0,,,
76,23,True,0.403377,0.4034,none,,,False,,76,0,,,
76,46,True,0.374304,0.3743,none,,,False,,76,0,,,
76,16,True,0.3054,0.3054,none,,,False,,76,0,,,
76,33,True,0.16363,0.1636,none,,,False,,76,0,,,
76,44,True,1.301854,1.3019,none,,,False,,76,0,,,
76,73,True,0.157739,0.1577,none,,,False,,76,0,,,
76,84,True,0.556898,0.5569,none,,,False,,76,0,,,
76,43,True,0.177699,0.1777,none,,,False,,76,0,,,
77,62,True,0.352047,0.352,none,,,False,,77,0,,,
77,82,True,0.52467,0.5247,none,,,False,,77,0,,,
77,28,True,0.381116,0.3811,none,,,False,,77,0,,,
77,87,True,0.770232,0.7702,none,,,False,,77,0,,,
77,14,True,0.341289,0.3413,none,,,False,,77,0,,,
77,54,True,0.626918,0.6269,none,,,False,,77,0,,,
77,94,True,1.040881,1.0409,none,,,False,,77,0,,,
77,38,True,0.497984,0.498,none,,,False,,77,0,,,
77,19,True,0.917486,0.9175,none,,,False,,77,0,,,
77,48,True,0.732219,0.7322,none,,,False,,77,0,,,
77,37,True,0.293283,0.2933,none,,,False,,77,0,,,
77,27,True,0.588372,0.5884,none,,,False,,77,0,,,
77,25,True,0.520661,0.5207,none,,,False,,77,0,,,
77,84,True,0.325946,0.3259,none,,,False,,77,0,,,
77,99,True,0.573285,0.5733,none,,,False,,77,0,,,
77,6,True,0.38595,0.3859,none,,,False,,77,0,,,
77,23,True,0.747961,0.748,none,,,False,,77,0,,,
77,58,True,0.515431,0.5154,none,,,False,,77,0,,,
77,59,True,0.632303,0.6323,none,,,False,,77,0,,,
77,71,True,0.48252,0.4825,none,,,False,,77,0,,,
77,86,True,0.515704,0.5157,none,,,False,,77,0,,,
77,22,True,0.51573,0.5157,none,,,False,,77,0,,,
77,1,True,0.495816,0.4958,none,,,False,,77,0,,,
77,47,True,0.796455,0.7965,none,,,False,,77,0,,,
77,29,True,0.447152,0.4472,none,,,False,,77,0,,,
77,56,True,0.61398,0.614,none,,,False,,77,0,,,
77,55,True,0.573911,0.5739,none,,,False,,77,0,,,
77,78,True,0.976212,0.9762,none,,,False,,77,0,,,
77,41,True,0.310353,0.3104,none,,,False,,77,0,,,
77,13,True,0.972368,0.9724,none,,,False,,77,0,,,
77,61,True,0.684339,0.6843,none,,,False,,77,0,,,
77,43,True,0.214483,0.2145,none,,,False,,77,0,,,
77,2,True,0.521243,0.5212,none,,,False,,77,0,,,
77,95,True,3.158405,3.1584,none,,,False,,77,0,,,
77,73,True,0.308323,0.3083,none,,,False,,77,0,,,
77,75,True,0.499413,0.4994,none,,,False,,77,0,,,
78,12,True,0.656287,0.6563,none,,,False,,78,0,,,
78,77,True,0.585067,0.5851,none,,,False,,78,0,,,
78,31,True,0.862611,0.8626,none,,,False,,78,0,,,
78,22,True,0.587271,0.5873,none,,,False,,78,0,,,
78,24,True,0.483407,0.4834,none,,,False,,78,0,,,
78,95,True,2.214644,2.2146,none,,,False,,78,0,,,
78,47,True,0.681739,0.6817,none,,,False,,78,0,,,
78,41,True,0.307724,0.3077,none,,,False,,78,0,,,
78,55,True,0.489121,0.4891,none,,,False,,78,0,,,
78,17,True,0.32155,0.3216,none,,,False,,78,0,,,
78,21,True,0.716503,0.7165,none,,,False,,78,0,,,
78,3,True,0.175113,0.1751,none,,,False,,78,0,,,
78,4,True,0.297354,0.2974,none,,,False,,78,0,,,
78,36,True,0.762633,0.7626,none,,,False,,78,0,,,
78,19,True,0.654998,0.655,none,,,False,,78,0,,,
78,74,True,0.769569,0.7696,none,,,False,,78,0,,,
78,15,True,0.546685,0.5467,none,,,False,,78,0,,,
78,65,True,0.437011,0.437,none,,,False,,78,0,,,
78,38,True,0.343873,0.3439,none,,,False,,78,0,,,
78,53,True,0.574128,0.5741,none,,,False,,78,0,,,
78,97,True,0.582991,0.583,none,,,False,,78,0,,,
78,78,True,0.79759,0.7976,none,,,False,,78,0,,,
78,72,True,0.510128,0.5101,none,,,False,,78,0,,,
78,68,True,0.656226,0.6562,none,,,False,,78,0,,,
78,44,True,1.192612,1.1926,none,,,False,,78,0,,,
78,71,True,0.543632,0.5436,none,,,False,,78,0,,,
78,69,True,0.388756,0.3888,none,,,False,,78,0,,,
78,86,True,0.502495,0.5025,none,,,False,,78,0,,,
78,7,True,0.500413,0.5004,none,,,False,,78,0,,,
78,99,True,0.56202,0.562,none,,,False,,78,0,,,
78,43,True,0.227273,0.2273,none,,,False,,78,0,,,
78,18,True,0.308431,0.3084,none,,,False,,78,0,,,
78,40,True,0.447701,0.4477,none,,,False,,78,0,,,
78,92,True,0.49422,0.4942,none,,,False,,78,0,,,
78,14,True,0.318592,0.3186,none,,,False,,78,0,,,
78,90,True,0.300621,0.3006,none,,,False,,78,0,,,
79,20,True,0.726601,0.7266,none,,,False,,79,0,,,
79,90,True,0.362821,0.3628,none,,,False,,79,0,,,
79,95,True,2.407791,2.4078,none,,,False,,79,0,,,
79,58,True,0.706594,0.7066,none,,,False,,79,0,,,
79,79,True,0.310049,0.31,none,,,False,,79,0,,,
79,15,True,0.573506,0.5735,none,,,False,,79,0,,,
79,92,True,0.416499,0.4165,none,,,False,,79,0,,,
79,53,True,0.538013,0.538,none,,,False,,79,0,,,
79,33,True,0.251993,0.252,none,,,False,,79,0,,,
79,11,True,0.869078,0.8691,none,,,False,,79,0,,,
79,46,True,0.322883,0.3229,none,,,False,,79,0,,,
79,84,True,0.543695,0.5437,none,,,False,,79,0,,,
79,72,True,0.298846,0.2988,none,,,False,,79,0,,,
79,63,True,0.781372,0.7814,none,,,False,,79,0,,,
79,10,True,0.505336,0.5053,none,,,False,,79,0,,,
79,27,True,1.075345,1.0753,none,,,False,,79,0,,,
79,16,True,0.421811,0.4218,none,,,False,,79,0,,,
79,3,True,0.428291,0.4283,none,,,False,,79,0,,,
79,68,True,0.652364,0.6524,none,,,False,,79,0,,,
79,65,True,0.427722,0.4277,none,,,False,,79,0,,,
79,85,True,0.372127,0.3721,none,,,False,,79,0,,,
79,42,True,0.127528,0.1275,none,,,False,,79,0,,,
79,41,True,0.233474,0.2335,none,,,False,,79,0,,,
79,55,True,0.651195,0.6512,none,,,False,,79,0,,,
79,23,True,0.523281,0.5233,none,,,False,,79,0,,,
79,73,True,0.23006,0.2301,none,,,False,,79,0,,,
79,19,True,0.549827,0.5498,none,,,False,,79,0,,,
79,67,True,0.72895,0.7289,none,,,False,,79,0,,,
79,70,True,0.21141,0.2114,none,,,False,,79,0,,,
79,44,True,1.054923,1.0549,none,,,False,,79,0,,,
79,57,True,0.602344,0.6023,none,,,False,,79,0,,,
79,51,True,0.743341,0.7433,none,,,False,,79,0,,,
79,29,True,0.526369,0.5264,none,,,False,,79,0,,,
79,21,True,0.604343,0.6043,none,,,False,,79,0,,,
79,8,True,0.488488,0.4885,none,,,False,,79,0,,,
79,9,True,0.480679,0.4807,none,,,False,,79,0,,,
80,45,True,0.59062,0.5906,none,,,False,,80,0,,,
80,7,True,0.54387,0.5439,none,,,False,,80,0,,,
80,10,True,0.69775,0.6978,none,,,False,,80,0,,,
80,79,True,0.163195,0.1632,none,,,False,,80,0,,,
80,25,True,0.32106,0.3211,none,,,False,,80,0,,,
80,67,True,0.44994,0.4499,none,,,False,,80,0,,,
80,12,True,0.652699,0.6527,none,,,False,,80,0,,,
80,89,True,0.463523,0.4635,none,,,False,,80,0,,,
80,23,True,0.65676,0.6568,none,,,False,,80,0,,,
80,54,True,0.729336,0.7293,none,,,False,,80,0,,,
80,68,True,0.641525,0.6415,none,,,False,,80,0,,,
80,34,True,0.848958,0.849,none,,,False,,80,0,,,
80,82,True,0.453203,0.4532,none,,,False,,80,0,,,
80,1,True,0.582355,0.5824,none,,,False,,80,0,,,
80,43,True,0.138706,0.1387,none,,,False,,80,0,,,
80,57,True,0.538302,0.5383,none,,,False,,80,0,,,
80,66,True,0.465901,0.4659,none,,,False,,80,0,,,
80,13,True,1.097082,1.0971,none,,,False,,80,0,,,
80,85,True,0.562173,0.5622,none,,,False,,80,0,,,
80,22,True,0.647856,0.6479,none,,,False,,80,0,,,
80,16,True,0.429351,0.4294,none,,,False,,80,0,,,
80,56,True,0.547277,0.5473,none,,,False,,80,0,,,
80,3,True,0.478099,0.4781,none,,,False,,80,0,,,
80,37,True,0.483668,0.4837,none,,,False,,80,0,,,
80,2,True,0.374036,0.374,none,,,False,,80,0,,,
80,40,True,0.469957,0.47,none,,,False,,80,0,,,
80,51,True,0.462465,0.4625,none,,,False,,80,0,,,
80,15,True,0.391713,0.3917,none,,,False,,80,0,,,
80,60,True,0.857892,0.8579,none,,,False,,80,0,,,
80,48,True,0.583343,0.5833,none,,,False,,80,0,,,
80,92,True,0.61166,0.6117,none,,,False,,80,0,,,
80,72,True,0.638782,0.6388,none,,,False,,80,0,,,
80,97,True,0.663122,0.6631,none,,,False,,80,0,,,
80,27,True,0.521298,0.5213,none,,,False,,80,0,,,
80,87,True,0.645492,0.6455,none,,,False,,80,0,,,
80,18,True,0.338482,0.3385,none,,,False,,80,0,,,
81,30,True,0.625527,0.6255,none,,,False,,81,0,,,
81,62,True,0.614119,0.6141,none,,,False,,81,0,,,
81,27,True,0.833644,0.8336,none,,,False,,81,0,,,
81,46,True,0.407015,0.407,none,,,False,,81,0,,,
81,51,True,0.786091,0.7861,none,,,False,,81,0,,,
81,71,True,0.473573,0.4736,none,,,False,,81,0,,,
81,32,True,0.864648,0.8646,none,,,False,,81,0,,,
81,94,True,0.832419,0.8324,none,,,False,,81,0,,,
81,49,True,0.377558,0.3776,none,,,False,,81,0,,,
81,98,True,0.477722,0.4777,none,,,False,,81,0,,,
81,91,True,0.603298,0.6033,none,,,False,,81,0,,,
81,31,True,1.011377,1.0114,none,,,False,,81,0,,,
81,64,True,0.554796,0.5548,none,,,False,,81,0,,,
81,29,True,0.567366,0.5674,none,,,False,,81,0,,,
81,73,True,0.306961,0.307,none,,,False,,81,0,,,
81,37,True,0.512315,0.5123,none,,,False,,81,0,,,
81,24,True,0.499452,0.4995,none,,,False,,81,0,,,
81,44,True,1.066477,1.0665,none,,,False,,81,0,,,
81,43,True,0.341777,0.3418,none,,,False,,81,0,,,
81,6,True,0.474916,0.4749,none,,,False,,81,0,,,
81,88,True,0.439167,0.4392,none,,,False,,81,0,,,
81,59,True,0.476883,0.4769,none,,,False,,81,0,,,
81,87,True,0.604876,0.6049,none,,,False,,81,0,,,
81,15,True,0.481318,0.4813,none,,,False,,81,0,,,
81,25,True,0.506419,0.5064,none,,,False,,81,0,,,
81,18,True,0.380093,0.3801,none,,,False,,81,0,,,
81,55,True,0.488032,0.488,none,,,False,,81,0,,,
81,53,True,0.555938,0.5559,none,,,False,,81,0,,,
81,96,True,0.35593,0.3559,none,,,False,,81,0,,,
81,52,True,0.099035,0.099,none,,,False,,81,0,,,
81,68,True,0.653486,0.6535,none,,,False,,81,0,,,
81,95,True,2.731466,2.7315,none,,,False,,81,0,,,
81,5,True,0.853643,0.8536,none,,,False,,81,0,,,
81,12,True,0.458037,0.458,none,,,False,,81,0,,,
81,90,True,0.271316,0.2713,none,,,False,,81,0,,,
81,17,True,0.295447,0.2954,none,,,False,,81,0,,,
82,11,True,0.387285,0.3873,none,,,False,,82,0,,,
82,90,True,0.157309,0.1573,none,,,False,,82,0,,,
82,27,True,0.509316,0.5093,none,,,False,,82,0,,,
82,37,True,0.419149,0.4191,none,,,False,,82,0,,,
82,7,True,0.57532,0.5753,none,,,False,,82,0,,,
82,13,True,1.173532,1.1735,none,,,False,,82,0,,,
82,81,True,0.866713,0.8667,none,,,False,,82,0,,,
82,14,True,0.393342,0.3933,none,,,False,,82,0,,,
82,24,True,0.431786,0.4318,none,,,False,,82,0,,,
82,84,True,0.584679,0.5847,none,,,False,,82,0,,,
82,9,True,0.354167,0.3542,none,,,False,,82,0,,,
82,96,True,0.190616,0.1906,none,,,False,,82,0,,,
82,64,True,0.411462,0.4115,none,,,False,,82,0,,,
82,61,True,0.703139,0.7031,none,,,False,,82,0,,,
82,89,True,0.429684,0.4297,none,,,False,,82,0,,,
82,79,True,0.196533,0.1965,none,,,False,,82,0,,,
82,38,True,0.380529,0.3805,none,,,False,,82,0,,,
82,2,True,0.32278,0.3228,none,,,False,,82,0,,,
82,65,True,0.502084,0.5021,none,,,False,,82,0,,,
82,45,True,0.590569,0.5906,none,,,False,,82,0,,,
82,73,True,0.560428,0.5604,none,,,False,,82,0,,,
82,0,True,0.622027,0.622,none,,,False,,82,0,,,
82,95,True,2.747103,2.7471,none,,,False,,82,0,,,
82,12,True,0.755018,0.755,none,,,False,,82,0,,,
82,43,True,0.242618,0.2426,none,,,False,,82,0,,,
82,26,True,0.41773,0.4177,none,,,False,,82,0,,,
82,87,True,0.578097,0.5781,none,,,False,,82,0,,,
82,23,True,0.580374,0.5804,none,,,False,,82,0,,,
82,75,True,0.466997,0.467,none,,,False,,82,0,,,
82,93,True,0.35639,0.3564,none,,,False,,82,0,,,
82,76,True,0.525953,0.526,none,,,False,,82,0,,,
82,18,True,0.408355,0.4084,none,,,False,,82,0,,,
82,88,True,0.569169,0.5692,none,,,False,,82,0,,,
82,55,True,0.350775,0.3508,none,,,False,,82,0,,,
82,83,True,0.637058,0.6371,none,,,False,,82,0,,,
82,35,True,0.595039,0.595,none,,,False,,82,0,,,
83,47,True,0.705454,0.7055,none,,,False,,83,0,,,
83,39,True,0.245148,0.2451,none,,,False,,83,0,,,
83,57,True,0.527288,0.5273,none,,,False,,83,0,,,
83,18,True,0.353656,0.3537,none,,,False,,83,0,,,
83,55,True,0.441223,0.4412,none,,,False,,83,0,,,
83,36,True,0.638957,0.639,none,,,False,,83,0,,,
83,11,True,0.685786,0.6858,none,,,False,,83,0,,,
83,24,True,0.407254,0.4073,none,,,False,,83,0,,,
83,32,True,0.764099,0.7641,none,,,False,,83,0,,,
83,54,True,0.564978,0.565,none,,,False,,83,0,,,
83,66,True,0.376603,0.3766,none,,,False,,83,0,,,
83,2,True,0.562166,0.5622,none,,,False,,83,0,,,
83,99,True,0.554788,0.5548,none,,,False,,83,0,,,
83,34,True,0.731628,0.7316,none,,,False,,83,0,,,
83,56,True,0.673525,0.6735,none,,,False,,83,0,,,
83,76,True,0.447372,0.4474,none,,,False,,83,0,,,
83,10,True,0.580965,0.581,none,,,False,,83,0,,,
83,0,True,0.391762,0.3918,none,,,False,,83,0,,,
83,9,True,0.34788,0.3479,none,,,False,,83,0,,,
83,69,True,0.360119,0.3601,none,,,False,,83,0,,,
83,94,True,0.945653,0.9457,none,,,False,,83,0,,,
83,60,True,0.533662,0.5337,none,,,False,,83,0,,,
83,61,True,0.518765,0.5188,none,,,False,,83,0,,,
83,65,True,0.356918,0.3569,none,,,False,,83,0,,,
83,15,True,0.584885,0.5849,none,,,False,,83,0,,,
83,98,True,0.455518,0.4555,none,,,False,,83,0,,,
83,14,True,0.327515,0.3275,none,,,False,,83,0,,,
83,84,True,0.45479,0.4548,none,,,False,,83,0,,,
83,22,True,0.452253,0.4523,none,,,False,,83,0,,,
83,5,True,1.041442,1.0414,none,,,False,,83,0,,,
83,8,True,0.570206,0.5702,none,,,False,,83,0,,,
83,64,True,0.577586,0.5776,none,,,False,,83,0,,,
83,83,True,0.264841,0.2648,none,,,False,,83,0,,,
83,58,True,0.555947,0.5559,none,,,False,,83,0,,,
83,88,True,0.49828,0.4983,none,,,False,,83,0,,,
83,19,True,0.633248,0.6332,none,,,False,,83,0,,,
84,16,True,0.328073,0.3281,none,,,False,,84,0,,,
84,85,True,0.553595,0.5536,none,,,False,,84,0,,,
84,1,True,0.755482,0.7555,none,,,False,,84,0,,,
84,76,True,0.479586,0.4796,none,,,False,,84,0,,,
84,21,True,0.616168,0.6162,none,,,False,,84,0,,,
84,99,True,0.661751,0.6618,none,,,False,,84,0,,,
84,97,True,0.601861,0.6019,none,,,False,,84,0,,,
84,13,True,0.985117,0.9851,none,,,False,,84,0,,,
84,35,True,0.700768,0.7008,none,,,False,,84,0,,,
84,87,True,0.726449,0.7264,none,,,False,,84,0,,,
84,36,True,0.609512,0.6095,none,,,False,,84,0,,,
84,71,True,0.326646,0.3266,none,,,False,,84,0,,,
84,57,True,0.526543,0.5265,none,,,False,,84,0,,,
84,28,True,0.585652,0.5857,none,,,False,,84,0,,,
84,22,True,0.47629,0.4763,none,,,False,,84,0,,,
84,93,True,0.382958,0.383,none,,,False,,84,0,,,
84,63,True,0.895101,0.8951,none,,,False,,84,0,,,
84,91,True,0.565363,0.5654,none,,,False,,84,0,,,
84,86,True,0.577703,0.5777,none,,,False,,84,0,,,
84,53,True,0.644313,0.6443,none,,,False,,84,0,,,
84,45,True,0.572365,0.5724,none,,,False,,84,0,,,
84,72,True,0.410551,0.4106,none,,,False,,84,0,,,
84,92,True,0.404494,0.4045,none,,,False,,84,0,,,
84,98,True,0.500878,0.5009,none,,,False,,84,0,,,
84,62,True,0.501508,0.5015,none,,,False,,84,0,,,
84,74,True,0.990415,0.9904,none,,,False,,84,0,,,
84,83,True,0.398161,0.3982,none,,,False,,84,0,,,
84,41,True,0.373595,0.3736,none,,,False,,84,0,,,
84,66,True,0.383209,0.3832,none,,,False,,84,0,,,
84,11,True,0.739422,0.7394,none,,,False,,84,0,,,
84,61,True,0.481537,0.4815,none,,,False,,84,0,,,
84,58,True,0.59043,0.5904,none,,,False,,84,0,,,
84,14,True,0.317119,0.3171,none,,,False,,84,0,,,
84,27,True,0.86172,0.8617,none,,,False,,84,0,,,
84,9,True,0.418956,0.419,none,,,False,,84,0,,,
84,6,True,0.458865,0.4589,none,,,False,,84,0,,,
85,50,True,0.246066,0.2461,none,,,False,,85,0,,,
85,48,True,0.648251,0.6483,none,,,False,,85,0,,,
85,11,True,0.636825,0.6368,none,,,False,,85,0,,,
85,94,True,1.056396,1.0564,none,,,False,,85,0,,,
85,41,True,0.274763,0.2748,none,,,False,,85,0,,,
85,80,True,0.802983,0.803,none,,,False,,85,0,,,
85,77,True,0.709092,0.7091,none,,,False,,85,0,,,
85,73,True,0.420115,0.4201,none,,,False,,85,0,,,
85,88,True,0.608648,0.6086,none,,,False,,85,0,,,
85,64,True,0.590207,0.5902,none,,,False,,85,0,,,
85,74,True,0.705342,0.7053,none,,,False,,85,0,,,
85,4,True,0.433765,0.4338,none,,,False,,85,0,,,
85,76,True,0.551098,0.5511,none,,,False,,85,0,,,
85,20,True,0.735403,0.7354,none,,,False,,85,0,,,
85,87,True,0.537393,0.5374,none,,,False,,85,0,,,
85,13,True,0.64493,0.6449,none,,,False,,85,0,,,
85,71,True,0.206529,0.2065,none,,,False,,85,0,,,
85,9,True,0.553891,0.5539,none,,,False,,85,0,,,
85,43,True,0.20931,0.2093,none,,,False,,85,0,,,
85,52,True,0.391241,0.3912,none,,,False,,85,0,,,
85,90,True,0.273825,0.2738,none,,,False,,85,0,,,
85,75,True,0.394581,0.3946,none,,,False,,85,0,,,
85,12,True,0.609607,0.6096,none,,,False,,85,0,,,
85,79,True,0.305815,0.3058,none,,,False,,85,0,,,
85,82,True,0.586211,0.5862,none,,,False,,85,0,,,
85,72,True,0.466893,0.4669,none,,,False,,85,0,,,
85,66,True,0.319742,0.3197,none,,,False,,85,0,,,
85,6,True,0.523996,0.524,none,,,False,,85,0,,,
85,95,True,2.868456,2.8685,none,,,False,,85,0,,,
85,36,True,0.876293,0.8763,none,,,False,,85,0,,,
85,17,True,0.416641,0.4166,none,,,False,,85,0,,,
85,16,True,0.563961,0.564,none,,,False,,85,0,,,
85,69,True,0.457141,0.4571,none,,,False,,85,0,,,
85,26,True,0.371546,0.3715,none,,,False,,85,0,,,
85,61,True,0.420049,0.42,none,,,False,,85,0,,,
85,86,True,0.301807,0.3018,none,,,False,,85,0,,,
86,14,True,0.315956,0.316,none,,,False,,86,0,,,
86,34,True,0.609363,0.6094,none,,,False,,86,0,,,
86,76,True,0.468768,0.4688,none,,,False,,86,0,,,
86,36,True,0.691656,0.6917,none,,,False,,86,0,,,
86,24,True,0.544668,0.5447,none,,,False,,86,0,,,
86,90,True,0.385043,0.385,none,,,False,,86,0,,,
86,71,True,0.480544,0.4805,none,,,False,,86,0,,,
86,38,True,0.440964,0.441,none,,,False,,86,0,,,
86,35,True,0.971909,0.9719,none,,,False,,86,0,,,
86,73,True,0.343843,0.3438,none,,,False,,86,0,,,
86,8,True,0.460027,0.46,none,,,False,,86,0,,,
86,22,True,0.587383,0.5874,none,,,False,,86,0,,,
86,16,True,0.33342,0.3334,none,,,False,,86,0,,,
86,70,True,0.221128,0.2211,none,,,False,,86,0,,,
86,21,True,0.601501,0.6015,none,,,False,,86,0,,,
86,56,True,0.5062,0.5062,none,,,False,,86,0,,,
86,29,True,0.547284,0.5473,none,,,False,,86,0,,,
86,13,True,0.990981,0.991,none,,,False,,86,0,,,
86,25,True,0.424495,0.4245,none,,,False,,86,0,,,
86,54,True,0.492505,0.4925,none,,,False,,86,0,,,
86,97,True,0.650951,0.651,none,,,False,,86,0,,,
86,92,True,0.407035,0.407,none,,,False,,86,0,,,
86,33,True,0.156101,0.1561,none,,,False,,86,0,,,
86,52,True,0.219683,0.2197,none,,,False,,86,0,,,
86,93,True,0.44692,0.4469,none,,,False,,86,0,,,
86,96,True,0.307677,0.3077,none,,,False,,86,0,,,
86,88,True,0.332759,0.3328,none,,,False,,86,0,,,
86,31,True,1.104161,1.1042,none,,,False,,86,0,,,
86,11,True,0.711748,0.7117,none,,,False,,86,0,,,
86,27,True,0.892788,0.8928,none,,,False,,86,0,,,
86,43,True,0.200731,0.2007,none,,,False,,86,0,,,
86,5,True,0.973354,0.9734,none,,,False,,86,0,,,
86,94,True,0.786975,0.787,none,,,False,,86,0,,,
86,0,True,0.506569,0.5066,none,,,False,,86,0,,,
86,12,True,0.449747,0.4497,none,,,False,,86,0,,,
86,42,True,0.545513,0.5455,none,,,False,,86,0,,,
87,87,True,0.752988,0.753,none,,,False,,87,0,,,
87,11,True,0.512555,0.5126,none,,,False,,87,0,,,
87,16,True,0.368872,0.3689,none,,,False,,87,0,,,
87,44,True,1.361734,1.3617,none,,,False,,87,0,,,
87,94,True,0.902675,0.9027,none,,,False,,87,0,,,
87,82,True,0.450498,0.4505,none,,,False,,87,0,,,
87,17,True,0.319586,0.3196,none,,,False,,87,0,,,
87,60,True,0.627183,0.6272,none,,,False,,87,0,,,
87,32,True,0.637451,0.6375,none,,,False,,87,0,,,
87,63,True,1.1556,1.1556,none,,,False,,87,0,,,
87,13,True,0.875597,0.8756,none,,,False,,87,0,,,
87,21,True,0.541256,0.5413,none,,,False,,87,0,,,
87,96,True,-0.080959,-0.081,none,,,False,,87,0,,,
87,99,True,0.777964,0.778,none,,,False,,87,0,,,
87,75,True,0.439074,0.4391,none,,,False,,87,0,,,
87,64,True,0.45018,0.4502,none,,,False,,87,0,,,
87,41,True,0.356788,0.3568,none,,,False,,87,0,,,
87,59,True,0.558045,0.558,none,,,False,,87,0,,,
87,34,True,0.666888,0.6669,none,,,False,,87,0,,,
87,47,True,0.750461,0.7505,none,,,False,,87,0,,,
87,38,True,0.435806,0.4358,none,,,False,,87,0,,,
87,51,True,0.565177,0.5652,none,,,False,,87,0,,,
87,18,True,0.432111,0.4321,none,,,False,,87,0,,,
87,37,True,0.401673,0.4017,none,,,False,,87,0,,,
87,14,True,0.413457,0.4135,none,,,False,,87,0,,,
87,70,True,0.182558,0.1826,none,,,False,,87,0,,,
87,6,True,0.353221,0.3532,none,,,False,,87,0,,,
87,1,True,0.588894,0.5889,none,,,False,,87,0,,,
87,89,True,0.423372,0.4234,none,,,False,,87,0,,,
87,31,True,0.750143,0.7501,none,,,False,,87,0,,,
87,27,True,0.599306,0.5993,none,,,False,,87,0,,,
87,36,True,0.743143,0.7431,none,,,False,,87,0,,,
87,83,True,0.36227,0.3623,none,,,False,,87,0,,,
87,40,True,0.397692,0.3977,none,,,False,,87,0,,,
87,43,True,0.286781,0.2868,none,,,False,,87,0,,,
87,20,True,0.589816,0.5898,none,,,False,,87,0,,,
88,5,True,0.430355,0.4304,none,,,False,,88,0,,,
88,84,True,0.490909,0.4909,none,,,False,,88,0,,,
88,14,True,0.358909,0.3589,none,,,False,,88,0,,,
88,4,True,0.231517,0.2315,none,,,False,,88,0,,,
88,60,True,0.577811,0.5778,none,,,False,,88,0,,,
88,12,True,0.634698,0.6347,none,,,False,,88,0,,,
88,19,True,0.709221,0.7092,none,,,False,,88,0,,,
88,52,True,0.370667,0.3707,none,,,False,,88,0,,,
88,27,True,0.804538,0.8045,none,,,False,,88,0,,,
88,21,True,0.621675,0.6217,none,,,False,,88,0,,,
88,76,True,0.542834,0.5428,none,,,False,,88,0,,,
88,26,True,0.347761,0.3478,none,,,False,,88,0,,,
88,72,True,0.474655,0.4747,none,,,False,,88,0,,,
88,17,True,0.315294,0.3153,none,,,False,,88,0,,,
88,82,True,0.436141,0.4361,none,,,False,,88,0,,,
88,6,True,0.555432,0.5554,none,,,False,,88,0,,,
88,61,True,0.471743,0.4717,none,,,False,,88,0,,,
88,57,True,0.496649,0.4966,none,,,False,,88,0,,,
88,51,True,0.659926,0.6599,none,,,False,,88,0,,,
88,98,True,0.313136,0.3131,none,,,False,,88,0,,,
88,94,True,0.863734,0.8637,none,,,False,,88,0,,,
88,96,True,0.252261,0.2523,none,,,False,,88,0,,,
88,70,True,0.233607,0.2336,none,,,False,,88,0,,,
88,81,True,0.574935,0.5749,none,,,False,,88,0,,,
88,28,True,0.654246,0.6542,none,,,False,,88,0,,,
88,65,True,0.498693,0.4987,none,,,False,,88,0,,,
88,32,True,0.661117,0.6611,none,,,False,,88,0,,,
88,66,True,0.390523,0.3905,none,,,False,,88,0,,,
88,62,True,0.578598,0.5786,none,,,False,,88,0,,,
88,89,True,0.32251,0.3225,none,,,False,,88,0,,,
88,35,True,0.705714,0.7057,none,,,False,,88,0,,,
88,11,True,0.655709,0.6557,none,,,False,,88,0,,,
88,3,True,0.447032,0.447,none,,,False,,88,0,,,
88,13,True,0.86428,0.8643,none,,,False,,88,0,,,
88,88,True,0.552231,0.5522,none,,,False,,88,0,,,
88,9,True,0.454189,0.4542,none,,,False,,88,0,,,
89,73,True,0.339346,0.3393,none,,,False,,89,0,,,
89,50,True,0.245868,0.2459,none,,,False,,89,0,,,
89,36,True,0.692456,0.6925,none,,,False,,89,0,,,
89,23,True,0.430547,0.4305,none,,,False,,89,0,,,
89,44,True,1.273252,1.2733,none,,,False,,89,0,,,
89,78,True,0.816623,0.8166,none,,,False,,89,0,,,
89,9,True,0.354024,0.354,none,,,False,,89,0,,,
89,6,True,0.297993,0.298,none,,,False,,89,0,,,
89,99,True,0.794402,0.7944,none,,,False,,89,0,,,
89,33,True,0.254903,0.2549,none,,,False,,89,0,,,
89,88,True,0.459106,0.4591,none,,,False,,89,0,,,
89,79,True,0.227435,0.2274,none,,,False,,89,0,,,
89,94,True,0.899329,0.8993,none,,,False,,89,0,,,
89,71,True,0.457618,0.4576,none,,,False,,89,0,,,
89,37,True,0.368182,0.3682,none,,,False,,89,0,,,
89,18,True,0.33146,0.3315,none,,,False,,89,0,,,
89,54,True,0.675213,0.6752,none,,,False,,89,0,,,
89,1,True,0.606408,0.6064,none,,,False,,89,0,,,
89,5,True,0.690762,0.6908,none,,,False,,89,0,,,
89,62,True,0.407103,0.4071,none,,,False,,89,0,,,
89,66,True,0.414937,0.4149,none,,,False,,89,0,,,
89,17,True,0.345978,0.346,none,,,False,,89,0,,,
89,51,True,0.581251,0.5813,none,,,False,,89,0,,,
89,13,True,0.916508,0.9165,none,,,False,,89,0,,,
89,8,True,0.356554,0.3566,none,,,False,,89,0,,,
89,12,True,0.486428,0.4864,none,,,False,,89,0,,,
89,3,True,0.355759,0.3558,none,,,False,,89,0,,,
89,4,True,0.256,0.256,none,,,False,,89,0,,,
89,57,True,0.432545,0.4325,none,,,False,,89,0,,,
89,76,True,0.501295,0.5013,none,,,False,,89,0,,,
89,75,True,0.398303,0.3983,none,,,False,,89,0,,,
89,72,True,0.492711,0.4927,none,,,False,,89,0,,,
89,29,True,0.477933,0.4779,none,,,False,,89,0,,,
89,45,True,0.538534,0.5385,none,,,False,,89,0,,,
89,58,True,0.467765,0.4678,none,,,False,,89,0,,,
89,43,True,0.254977,0.255,none,,,False,,89,0,,,
90,52,True,0.303221,0.3032,none,,,False,,90,0,,,
90,10,True,0.418627,0.4186,none,,,False,,90,0,,,
90,89,True,0.442899,0.4429,none,,,False,,90,0,,,
90,57,True,0.552691,0.5527,none,,,False,,90,0,,,
90,79,True,0.282274,0.2823,none,,,False,,90,0,,,
90,45,True,0.464543,0.4645,none,,,False,,90,0,,,
90,5,True,0.9936,0.9936,none,,,False,,90,0,,,
90,64,True,0.569808,0.5698,none,,,False,,90,0,,,
90,69,True,0.324721,0.3247,none,,,False,,90,0,,,
90,94,True,0.776132,0.7761,none,,,False,,90,0,,,
90,4,True,0.255044,0.255,none,,,False,,90,0,,,
90,8,True,0.557703,0.5577,none,,,False,,90,0,,,
90,91,True,0.584009,0.584,none,,,False,,90,0,,,
90,7,True,0.455386,0.4554,none,,,False,,90,0,,,
90,32,True,0.735596,0.7356,none,,,False,,90,0,,,
90,6,True,0.542355,0.5424,none,,,False,,90,0,,,
90,65,True,0.444496,0.4445,none,,,False,,90,0,,,
90,73,True,0.289941,0.2899,none,,,False,,90,0,,,
90,44,True,0.891429,0.8914,none,,,False,,90,0,,,
90,25,True,0.501433,0.5014,none,,,False,,90,0,,,
90,98,True,0.452642,0.4526,none,,,False,,90,0,,,
90,96,True,0.31674,0.3167,none,,,False,,90,0,,,
90,12,True,0.524068,0.5241,none,,,False,,90,0,,,
90,66,True,0.312049,0.312,none,,,False,,90,0,,,
90,84,True,0.519221,0.5192,none,,,False,,90,0,,,
90,53,True,0.526832,0.5268,none,,,False,,90,0,,,
90,93,True,0.445741,0.4457,none,,,False,,90,0,,,
90,3,True,0.46621,0.4662,none,,,False,,90,0,,,
90,85,True,0.431763,0.4318,none,,,False,,90,0,,,
90,92,True,0.441104,0.4411,none,,,False,,90,0,,,
90,67,True,0.715541,0.7155,none,,,False,,90,0,,,
90,15,True,0.562782,0.5628,none,,,False,,90,0,,,
90,51,True,0.655824,0.6558,none,,,False,,90,0,,,
90,20,True,0.66664,0.6666,none,,,False,,90,0,,,
90,59,True,0.340002,0.34,none,,,False,,90,0,,,
90,18,True,0.252962,0.253,none,,,False,,90,0,,,
91,71,True,0.477304,0.4773,none,,,False,,91,0,,,
91,33,True,0.299094,0.2991,none,,,False,,91,0,,,
91,5,True,0.576036,0.576,none,,,False,,91,0,,,
91,96,True,0.014867,0.0149,none,,,False,,91,0,,,
91,97,True,0.617428,0.6174,none,,,False,,91,0,,,
91,64,True,0.396577,0.3966,none,,,False,,91,0,,,
91,60,True,0.733821,0.7338,none,,,False,,91,0,,,
91,37,True,0.523323,0.5233,none,,,False,,91,0,,,
91,40,True,0.295358,0.2954,none,,,False,,91,0,,,
91,57,True,0.522848,0.5228,none,,,False,,91,0,,,
91,41,True,0.366314,0.3663,none,,,False,,91,0,,,
91,68,True,0.687592,0.6876,none,,,False,,91,0,,,
91,59,True,0.465053,0.4651,none,,,False,,91,0,,,
91,17,True,0.283199,0.2832,none,,,False,,91,0,,,
91,77,True,0.536406,0.5364,none,,,False,,91,0,,,
91,16,True,0.372709,0.3727,none,,,False,,91,0,,,
91,23,True,0.431255,0.4313,none,,,False,,91,0,,,
91,19,True,0.766659,0.7667,none,,,False,,91,0,,,
91,73,True,0.428593,0.4286,none,,,False,,91,0,,,
91,91,True,0.590407,0.5904,none,,,False,,91,0,,,
91,6,True,0.267157,0.2672,none,,,False,,91,0,,,
91,43,True,0.30466,0.3047,none,,,False,,91,0,,,
91,20,True,0.569944,0.5699,none,,,False,,91,0,,,
91,25,True,0.411519,0.4115,none,,,False,,91,0,,,
91,8,True,0.414697,0.4147,none,,,False,,91,0,,,
91,35,True,0.770268,0.7703,none,,,False,,91,0,,,
91,49,True,0.351924,0.3519,none,,,False,,91,0,,,
91,53,True,0.590818,0.5908,none,,,False,,91,0,,,
91,74,True,0.701254,0.7013,none,,,False,,91,0,,,
91,11,True,0.698366,0.6984,none,,,False,,91,0,,,
91,0,True,0.380469,0.3805,none,,,False,,91,0,,,
91,10,True,0.586946,0.5869,none,,,False,,91,0,,,
91,39,True,0.392793,0.3928,none,,,False,,91,0,,,
91,7,True,0.500972,0.501,none,,,False,,91,0,,,
91,72,True,0.55443,0.5544,none,,,False,,91,0,,,
91,79,True,0.287677,0.2877,none,,,False,,91,0,,,
92,8,True,0.493568,0.4936,none,,,False,,92,0,,,
92,81,True,-0.097975,-0.098,none,,,False,,92,0,,,
92,26,True,0.36828,0.3683,none,,,False,,92,0,,,
92,79,True,0.329115,0.3291,none,,,False,,92,0,,,
92,88,True,0.513624,0.5136,none,,,False,,92,0,,,
92,11,True,0.673283,0.6733,none,,,False,,92,0,,,
92,12,True,0.314799,0.3148,none,,,False,,92,0,,,
92,10,True,0.594874,0.5949,none,,,False,,92,0,,,
92,22,True,0.364884,0.3649,none,,,False,,92,0,,,
92,48,True,0.796926,0.7969,none,,,False,,92,0,,,
92,76,True,0.472932,0.4729,none,,,False,,92,0,,,
92,27,True,0.761433,0.7614,none,,,False,,92,0,,,
92,18,True,0.335616,0.3356,none,,,False,,92,0,,,
92,62,True,0.507064,0.5071,none,,,False,,92,0,,,
92,55,True,0.583399,0.5834,none,,,False,,92,0,,,
92,1,True,0.61948,0.6195,none,,,False,,92,0,,,
92,33,True,0.298571,0.2986,none,,,False,,92,0,,,
92,25,True,0.440989,0.441,none,,,False,,92,0,,,
92,52,True,0.357732,0.3577,none,,,False,,92,0,,,
92,7,True,0.51463,0.5146,none,,,False,,92,0,,,
92,15,True,0.483344,0.4833,none,,,False,,92,0,,,
92,58,True,0.57806,0.5781,none,,,False,,92,0,,,
92,70,True,0.193274,0.1933,none,,,False,,92,0,,,
92,28,True,0.401072,0.4011,none,,,False,,92,0,,,
92,82,True,0.281329,0.2813,none,,,False,,92,0,,,
92,73,True,0.272041,0.272,none,,,False,,92,0,,,
92,89,True,0.606924,0.6069,none,,,False,,92,0,,,
92,37,True,0.333269,0.3333,none,,,False,,92,0,,,
92,34,True,0.589376,0.5894,none,,,False,,92,0,,,
92,97,True,0.611946,0.6119,none,,,False,,92,0,,,
92,19,True,0.547863,0.5479,none,,,False,,92,0,,,
92,61,True,0.577872,0.5779,none,,,False,,92,0,,,
92,35,True,0.664467,0.6645,none,,,False,,92,0,,,
92,80,True,0.984715,0.9847,none,,,False,,92,0,,,
92,9,True,0.37741,0.3774,none,,,False,,92,0,,,
92,95,True,2.803978,2.804,none,,,False,,92,0,,,
93,9,True,0.2911,0.2911,none,,,False,,93,0,,,
93,94,True,0.853838,0.8538,none,,,False,,93,0,,,
93,86,True,0.44382,0.4438,none,,,False,,93,0,,,
93,88,True,0.46535,0.4653,none,,,False,,93,0,,,
93,99,True,0.76302,0.763,none,,,False,,93,0,,,
93,96,True,0.349213,0.3492,none,,,False,,93,0,,,
93,15,True,0.433438,0.4334,none,,,False,,93,0,,,
93,98,True,0.341849,0.3418,none,,,False,,93,0,,,
93,82,True,0.353165,0.3532,none,,,False,,93,0,,,
93,57,True,0.529572,0.5296,none,,,False,,93,0,,,
93,46,True,0.432,0.432,none,,,False,,93,0,,,
93,62,True,0.457515,0.4575,none,,,False,,93,0,,,
93,27,True,0.59223,0.5922,none,,,False,,93,0,,,
93,3,True,0.333019,0.333,none,,,False,,93,0,,,
93,10,True,0.580583,0.5806,none,,,False,,93,0,,,
93,29,True,0.31653,0.3165,none,,,False,,93,0,,,
93,36,True,0.648852,0.6489,none,,,False,,93,0,,,
93,71,True,0.409382,0.4094,none,,,False,,93,0,,,
93,87,True,0.495576,0.4956,none,,,False,,93,0,,,
93,54,True,0.590664,0.5907,none,,,False,,93,0,,,
93,56,True,0.400273,0.4003,none,,,False,,93,0,,,
93,50,True,0.287121,0.2871,none,,,False,,93,0,,,
93,68,True,0.658633,0.6586,none,,,False,,93,0,,,
93,45,True,0.538118,0.5381,none,,,False,,93,0,,,
93,74,True,0.799908,0.7999,none,,,False,,93,0,,,
93,51,True,0.659688,0.6597,none,,,False,,93,0,,,
93,65,True,0.407052,0.4071,none,,,False,,93,0,,,
93,12,True,0.519883,0.5199,none,,,False,,93,0,,,
93,13,True,0.919761,0.9198,none,,,False,,93,0,,,
93,23,True,0.619949,0.6199,none,,,False,,93,0,,,
93,83,True,0.382474,0.3825,none,,,False,,93,0,,,
93,32,True,0.730215,0.7302,none,,,False,,93,0,,,
93,41,True,0.232303,0.2323,none,,,False,,93,0,,,
93,59,True,0.449803,0.4498,none,,,False,,93,0,,,
93,70,True,0.19526,0.1953,none,,,False,,93,0,,,
93,66,True,0.410191,0.4102,none,,,False,,93,0,,,
94,92,True,0.492066,0.4921,none,,,False,,94,0,,,
94,70,True,0.236808,0.2368,none,,,False,,94,0,,,
94,1,True,0.617218,0.6172,none,,,False,,94,0,,,
94,4,True,0.433104,0.4331,none,,,False,,94,0,,,
94,44,True,1.077273,1.0773,none,,,False,,94,0,,,
94,17,True,0.32904,0.329,none,,,False,,94,0,,,
94,8,True,0.476388,0.4764,none,,,False,,94,0,,,
94,26,True,0.353148,0.3531,none,,,False,,94,0,,,
94,77,True,0.618175,0.6182,none,,,False,,94,0,,,
94,97,True,0.527805,0.5278,none,,,False,,94,0,,,
94,24,True,0.454006,0.454,none,,,False,,94,0,,,
94,39,True,0.437624,0.4376,none,,,False,,94,0,,,
94,51,True,0.692493,0.6925,none,,,False,,94,0,,,
94,83,True,0.336883,0.3369,none,,,False,,94,0,,,
94,69,True,0.244086,0.2441,none,,,False,,94,0,,,
94,59,True,0.458153,0.4582,none,,,False,,94,0,,,
94,9,True,0.263495,0.2635,none,,,False,,94,0,,,
94,73,True,0.492913,0.4929,none,,,False,,94,0,,,
94,67,True,0.67474,0.6747,none,,,False,,94,0,,,
94,80,True,0.842598,0.8426,none,,,False,,94,0,,,
94,29,True,0.379853,0.3799,none,,,False,,94,0,,,
94,3,True,0.31968,0.3197,none,,,False,,94,0,,,
94,18,True,0.350793,0.3508,none,,,False,,94,0,,,
94,79,True,0.141,0.141,none,,,False,,94,0,,,
94,5,True,0.757941,0.7579,none,,,False,,94,0,,,
94,25,True,0.490704,0.4907,none,,,False,,94,0,,,
94,47,True,0.403927,0.4039,none,,,False,,94,0,,,
94,86,True,0.454139,0.4541,none,,,False,,94,0,,,
94,68,True,0.610579,0.6106,none,,,False,,94,0,,,
94,45,True,0.54081,0.5408,none,,,False,,94,0,,,
94,54,True,0.765651,0.7657,none,,,False,,94,0,,,
94,36,True,0.847014,0.847,none,,,False,,94,0,,,
94,96,True,-0.172546,-0.1725,none,,,False,,94,0,,,
94,20,True,0.822632,0.8226,none,,,False,,94,0,,,
94,99,True,0.560726,0.5607,none,,,False,,94,0,,,
94,15,True,0.460226,0.4602,none,,,False,,94,0,,,
95,50,True,0.300138,0.3001,none,,,False,,95,0,,,
95,8,True,0.444204,0.4442,none,,,False,,95,0,,,
95,95,True,3.00254,3.0025,none,,,False,,95,0,,,
95,49,True,0.28326,0.2833,none,,,False,,95,0,,,
95,94,True,0.900733,0.9007,none,,,False,,95,0,,,
95,36,True,0.549491,0.5495,none,,,False,,95,0,,,
95,84,True,0.645583,0.6456,none,,,False,,95,0,,,
95,48,True,0.628524,0.6285,none,,,False,,95,0,,,
95,58,True,0.710313,0.7103,none,,,False,,95,0,,,
95,40,True,0.435056,0.4351,none,,,False,,95,0,,,
95,35,True,0.720066,0.7201,none,,,False,,95,0,,,
95,19,True,0.417205,0.4172,none,,,False,,95,0,,,
95,60,True,0.679972,0.68,none,,,False,,95,0,,,
95,72,True,0.446283,0.4463,none,,,False,,95,0,,,
95,87,True,0.830752,0.8308,none,,,False,,95,0,,,
95,90,True,0.26243,0.2624,none,,,False,,95,0,,,
95,69,True,0.290755,0.2908,none,,,False,,95,0,,,
95,54,True,0.711753,0.7118,none,,,False,,95,0,,,
95,11,True,0.721655,0.7217,none,,,False,,95,0,,,
95,81,True,0.809389,0.8094,none,,,False,,95,0,,,
95,98,True,0.597683,0.5977,none,,,False,,95,0,,,
95,13,True,1.083941,1.0839,none,,,False,,95,0,,,
95,29,True,0.295873,0.2959,none,,,False,,95,0,,,
95,3,True,0.380384,0.3804,none,,,False,,95,0,,,
95,24,True,0.242191,0.2422,none,,,False,,95,0,,,
95,76,True,0.624726,0.6247,none,,,False,,95,0,,,
95,2,True,0.692309,0.6923,none,,,False,,95,0,,,
95,62,True,0.547937,0.5479,none,,,False,,95,0,,,
95,32,True,0.573866,0.5739,none,,,False,,95,0,,,
95,80,True,0.864268,0.8643,none,,,False,,95,0,,,
95,55,True,0.646779,0.6468,none,,,False,,95,0,,,
95,10,True,0.658468,0.6585,none,,,False,,95,0,,,
95,68,True,0.605608,0.6056,none,,,False,,95,0,,,
95,66,True,0.42529,0.4253,none,,,False,,95,0,,,
95,14,True,0.333332,0.3333,none,,,False,,95,0,,,
95,28,True,0.490145,0.4901,none,,,False,,95,0,,,
96,24,True,0.447037,0.447,none,,,False,,96,0,,,
96,72,True,0.482863,0.4829,none,,,False,,96,0,,,
96,2,True,0.488799,0.4888,none,,,False,,96,0,,,
96,40,True,0.455426,0.4554,none,,,False,,96,0,,,
96,89,True,0.413811,0.4138,none,,,False,,96,0,,,
96,87,True,0.473537,0.4735,none,,,False,,96,0,,,
96,68,True,0.665617,0.6656,none,,,False,,96,0,,,
96,86,True,0.469685,0.4697,none,,,False,,96,0,,,
96,93,True,0.36159,0.3616,none,,,False,,96,0,,,
96,71,True,0.420207,0.4202,none,,,False,,96,0,,,
96,76,True,0.503509,0.5035,none,,,False,,96,0,,,
96,30,True,0.495998,0.496,none,,,False,,96,0,,,
96,50,True,0.202394,0.2024,none,,,False,,96,0,,,
96,11,True,0.753752,0.7538,none,,,False,,96,0,,,
96,51,True,0.675442,0.6754,none,,,False,,96,0,,,
96,88,True,0.578418,0.5784,none,,,False,,96,0,,,
96,75,True,0.352958,0.353,none,,,False,,96,0,,,
96,39,True,0.30927,0.3093,none,,,False,,96,0,,,
96,48,True,0.530947,0.5309,none,,,False,,96,0,,,
96,26,True,0.370763,0.3708,none,,,False,,96,0,,,
96,62,True,0.610539,0.6105,none,,,False,,96,0,,,
96,10,True,0.509186,0.5092,none,,,False,,96,0,,,
96,80,True,0.715844,0.7158,none,,,False,,96,0,,,
96,0,True,0.502193,0.5022,none,,,False,,96,0,,,
96,57,True,0.540535,0.5405,none,,,False,,96,0,,,
96,18,True,0.321221,0.3212,none,,,False,,96,0,,,
96,13,True,0.886503,0.8865,none,,,False,,96,0,,,
96,94,True,0.724184,0.7242,none,,,False,,96,0,,,
96,42,True,0.562411,0.5624,none,,,False,,96,0,,,
96,55,True,0.499089,0.4991,none,,,False,,96,0,,,
96,78,True,0.570067,0.5701,none,,,False,,96,0,,,
96,95,True,2.445675,2.4457,none,,,False,,96,0,,,
96,44,True,1.112154,1.1122,none,,,False,,96,0,,,
96,45,True,0.554553,0.5546,none,,,False,,96,0,,,
96,23,True,0.507761,0.5078,none,,,False,,96,0,,,
96,35,True,0.663375,0.6634,none,,,False,,96,0,,,
97,9,True,0.408246,0.4082,none,,,False,,97,0,,,
97,52,True,0.261986,0.262,none,,,False,,97,0,,,
97,34,True,0.727973,0.728,none,,,False,,97,0,,,
97,39,True,0.284584,0.2846,none,,,False,,97,0,,,
97,40,True,0.452398,0.4524,none,,,False,,97,0,,,
97,15,True,0.613797,0.6138,none,,,False,,97,0,,,
97,5,True,0.76015,0.7602,none,,,False,,97,0,,,
97,50,True,0.252308,0.2523,none,,,False,,97,0,,,
97,35,True,0.72963,0.7296,none,,,False,,97,0,,,
97,4,True,0.344007,0.344,none,,,False,,97,0,,,
97,56,True,0.491684,0.4917,none,,,False,,97,0,,,
97,31,True,0.942412,0.9424,none,,,False,,97,0,,,
97,66,True,0.375465,0.3755,none,,,False,,97,0,,,
97,70,True,0.235312,0.2353,none,,,False,,97,0,,,
97,77,True,0.487494,0.4875,none,,,False,,97,0,,,
97,45,True,0.550016,0.55,none,,,False,,97,0,,,
97,10,True,0.540013,0.54,none,,,False,,97,0,,,
97,48,True,0.464992,0.465,none,,,False,,97,0,,,
97,33,True,0.404429,0.4044,none,,,False,,97,0,,,
97,78,True,0.66631,0.6663,none,,,False,,97,0,,,
97,46,True,0.321016,0.321,none,,,False,,97,0,,,
97,37,True,0.413642,0.4136,none,,,False,,97,0,,,
97,38,True,0.353369,0.3534,none,,,False,,97,0,,,
97,85,True,0.386914,0.3869,none,,,False,,97,0,,,
97,23,True,0.482216,0.4822,none,,,False,,97,0,,,
97,54,True,0.575361,0.5754,none,,,False,,97,0,,,
97,18,True,0.316851,0.3169,none,,,False,,97,0,,,
97,60,True,0.574107,0.5741,none,,,False,,97,0,,,
97,74,True,0.843561,0.8436,none,,,False,,97,0,,,
97,36,True,0.824732,0.8247,none,,,False,,97,0,,,
97,96,True,-0.303096,-0.3031,none,,,False,,97,0,,,
97,86,True,0.461604,0.4616,none,,,False,,97,0,,,
97,92,True,0.531012,0.531,none,,,False,,97,0,,,
97,61,True,0.728219,0.7282,none,,,False,,97,0,,,
97,6,True,0.448213,0.4482,none,,,False,,97,0,,,
97,25,True,0.36948,0.3695,none,,,False,,97,0,,,
98,84,True,0.46728,0.4673,none,,,False,,98,0,,,
98,85,True,0.342836,0.3428,none,,,False,,98,0,,,
98,25,True,0.389292,0.3893,none,,,False,,98,0,,,
98,2,True,0.597226,0.5972,none,,,False,,98,0,,,
98,47,True,0.811767,0.8118,none,,,False,,98,0,,,
98,24,True,0.419737,0.4197,none,,,False,,98,0,,,
98,69,True,0.314417,0.3144,none,,,False,,98,0,,,
98,10,True,0.65681,0.6568,none,,,False,,98,0,,,
98,76,True,0.562971,0.563,none,,,False,,98,0,,,
98,1,True,0.848321,0.8483,none,,,False,,98,0,,,
98,54,True,0.696077,0.6961,none,,,False,,98,0,,,
98,68,True,0.654555,0.6546,none,,,False,,98,0,,,
98,13,True,0.749576,0.7496,none,,,False,,98,0,,,
98,0,True,0.577845,0.5778,none,,,False,,98,0,,,
98,18,True,0.210852,0.2109,none,,,False,,98,0,,,
98,52,True,0.45232,0.4523,none,,,False,,98,0,,,
98,55,True,0.510281,0.5103,none,,,False,,98,0,,,
98,87,True,0.632007,0.632,none,,,False,,98,0,,,
98,65,True,0.503143,0.5031,none,,,False,,98,0,,,
98,83,True,0.347506,0.3475,none,,,False,,98,0,,,
98,26,True,0.25498,0.255,none,,,False,,98,0,,,
98,48,True,0.495408,0.4954,none,,,False,,98,0,,,
98,71,True,0.308107,0.3081,none,,,False,,98,0,,,
98,50,True,0.251724,0.2517,none,,,False,,98,0,,,
98,7,True,0.47962,0.4796,none,,,False,,98,0,,,
98,45,True,0.491805,0.4918,none,,,False,,98,0,,,
98,6,True,0.473841,0.4738,none,,,False,,98,0,,,
98,93,True,0.322339,0.3223,none,,,False,,98,0,,,
98,58,True,0.576639,0.5766,none,,,False,,98,0,,,
98,94,True,0.912924,0.9129,none,,,False,,98,0,,,
98,86,True,0.459292,0.4593,none,,,False,,98,0,,,
98,19,True,0.628877,0.6289,none,,,False,,98,0,,,
98,44,True,1.38271,1.3827,none,,,False,,98,0,,,
98,23,True,0.485039,0.485,none,,,False,,98,0,,,
98,63,True,1.111104,1.1111,none,,,False,,98,0,,,
98,92,True,0.318322,0.3183,none,,,False,,98,0,,,
99,37,True,0.391458,0.3915,none,,,False,,99,0,,,
99,82,True,0.526051,0.5261,none,,,False,,99,0,,,
99,66,True,0.315136,0.3151,none,,,False,,99,0,,,
99,41,True,0.282569,0.2826,none,,,False,,99,0,,,
99,52,True,0.238823,0.2388,none,,,False,,99,0,,,
99,83,True,0.293826,0.2938,none,,,False,,99,0,,,
99,60,True,0.587493,0.5875,none,,,False,,99,0,,,
99,23,True,0.460975,0.461,none,,,False,,99,0,,,
99,25,True,0.592777,0.5928,none,,,False,,99,0,,,
99,80,True,0.863321,0.8633,none,,,False,,99,0,,,
99,30,True,0.682725,0.6827,none,,,False,,99,0,,,
99,49,True,0.315841,0.3158,none,,,False,,99,0,,,
99,61,True,0.582621,0.5826,none,,,False,,99,0,,,
99,24,True,0.40128,0.4013,none,,,False,,99,0,,,
99,92,True,0.466081,0.4661,none,,,False,,99,0,,,
99,5,True,0.970529,0.9705,none,,,False,,99,0,,,
99,65,True,0.460145,0.4601,none,,,False,,99,0,,,
99,12,True,0.574785,0.5748,none,,,False,,99,0,,,
99,0,True,0.455773,0.4558,none,,,False,,99,0,,,
99,88,True,0.572114,0.5721,none,,,False,,99,0,,,
99,35,True,0.700252,0.7003,none,,,False,,99,0,,,
99,42,True,0.475927,0.4759,none,,,False,,99,0,,,
99,51,True,0.699171,0.6992,none,,,False,,99,0,,,
99,17,True,0.356895,0.3569,none,,,False,,99,0,,,
99,19,True,0.58659,0.5866,none,,,False,,99,0,,,
99,74,True,0.887431,0.8874,none,,,False,,99,0,,,
99,54,True,0.592108,0.5921,none,,,False,,99,0,,,
99,57,True,0.395158,0.3952,none,,,False,,99,0,,,
99,55,True,0.602768,0.6028,none,,,False,,99,0,,,
99,78,True,0.620038,0.62,none,,,False,,99,0,,,
99,22,True,0.39359,0.3936,none,,,False,,99,0,,,
99,58,True,0.573384,0.5734,none,,,False,,99,0,,,
99,15,True,0.639146,0.6391,none,,,False,,99,0,,,
99,53,True,0.566272,0.5663,none,,,False,,99,0,,,
99,71,True,0.575753,0.5758,none,,,False,,99,0,,,
99,87,True,0.591841,0.5918,none,,,False,,99,0,,,
100,50,True,0.223718,0.2237,none,,,False,,100,0,,,
100,76,True,0.409462,0.4095,none,,,False,,100,0,,,
100,57,True,0.737027,0.737,none,,,False,,100,0,,,
100,8,True,0.391447,0.3914,none,,,False,,100,0,,,
100,1,True,0.834661,0.8347,none,,,False,,100,0,,,
100,95,True,3.048774,3.0488,none,,,False,,100,0,,,
100,89,True,0.384449,0.3844,none,,,False,,100,0,,,
100,39,True,0.275554,0.2756,none,,,False,,100,0,,,
100,40,True,0.383221,0.3832,none,,,False,,100,0,,,
100,42,True,0.448706,0.4487,none,,,False,,100,0,,,
100,9,True,0.410711,0.4107,none,,,False,,100,0,,,
100,31,True,0.845797,0.8458,none,,,False,,100,0,,,
100,58,True,0.622653,0.6227,none,,,False,,100,0,,,
100,90,True,0.351255,0.3513,none,,,False,,100,0,,,
100,85,True,0.328028,0.328,none,,,False,,100,0,,,
100,68,True,0.632703,0.6327,none,,,False,,100,0,,,
100,13,True,0.680906,0.6809,none,,,False,,100,0,,,
100,46,True,0.529035,0.529,none,,,False,,100,0,,,
100,47,True,0.867463,0.8675,none,,,False,,100,0,,,
100,77,True,0.498408,0.4984,none,,,False,,100,0,,,
100,5,True,0.715923,0.7159,none,,,False,,100,0,,,
100,34,True,0.622387,0.6224,none,,,False,,100,0,,,
100,97,True,0.513062,0.5131,none,,,False,,100,0,,,
100,62,True,0.655366,0.6554,none,,,False,,100,0,,,
100,4,True,0.265825,0.2658,none,,,False,,100,0,,,
100,67,True,0.734705,0.7347,none,,,False,,100,0,,,
100,83,True,0.334791,0.3348,none,,,False,,100,0,,,
100,12,True,0.476506,0.4765,none,,,False,,100,0,,,
100,2,True,0.64278,0.6428,none,,,False,,100,0,,,
100,87,True,0.666801,0.6668,none,,,False,,100,0,,,
100,73,True,0.346385,0.3464,none,,,False,,100,0,,,
100,37,True,0.362442,0.3624,none,,,False,,100,0,,,
100,43,True,0.345779,0.3458,none,,,False,,100,0,,,
100,69,True,0.326156,0.3262,none,,,False,,100,0,,,
100,59,True,0.508792,0.5088,none,,,False,,100,0,,,
100,48,True,0.517409,0.5174,none,,,False,,100,0,,,
