round,client_id,selected,utility,normalized_utility,detector,cusum_pos,cusum_neg,change_detected,change_direction,last_seen,age,explore_score,exploit_score,final_score
1,30,True,0.095619,0.0956,none,,,False,,1,0,,,
1,66,True,0.121507,0.1215,none,,,False,,1,0,,,
1,31,True,0.819859,0.8199,none,,,False,,1,0,,,
1,4,True,0.169758,0.1698,none,,,False,,1,0,,,
1,99,True,0.3556,0.3556,none,,,False,,1,0,,,
1,93,True,0.037694,0.0377,none,,,False,,1,0,,,
1,75,True,0.05447,0.0545,none,,,False,,1,0,,,
1,65,True,0.060094,0.0601,none,,,False,,1,0,,,
1,24,True,0.421818,0.4218,none,,,False,,1,0,,,
1,96,True,0.112796,0.1128,none,,,False,,1,0,,,
1,33,True,0.379539,0.3795,none,,,False,,1,0,,,
1,67,True,0.367607,0.3676,none,,,False,,1,0,,,
1,54,True,0.138779,0.1388,none,,,False,,1,0,,,
1,6,True,0.073527,0.0735,none,,,False,,1,0,,,
1,51,True,0.036868,0.0369,none,,,False,,1,0,,,
1,32,True,0.113422,0.1134,none,,,False,,1,0,,,
1,35,True,0.183409,0.1834,none,,,False,,1,0,,,
1,69,True,0.234681,0.2347,none,,,False,,1,0,,,
1,11,True,0.182589,0.1826,none,,,False,,1,0,,,
1,68,True,0.113322,0.1133,none,,,False,,1,0,,,
1,83,True,0.329219,0.3292,none,,,False,,1,0,,,
1,77,True,0.131804,0.1318,none,,,False,,1,0,,,
1,15,True,0.492438,0.4924,none,,,False,,1,0,,,
1,57,True,0.162289,0.1623,none,,,False,,1,0,,,
1,84,True,0.119875,0.1199,none,,,False,,1,0,,,
1,87,True,0.171671,0.1717,none,,,False,,1,0,,,
1,23,True,0.10811,0.1081,none,,,False,,1,0,,,
1,7,True,0.032963,0.033,none,,,False,,1,0,,,
1,48,True,0.495048,0.495,none,,,False,,1,0,,,
1,73,True,0.086859,0.0869,none,,,False,,1,0,,,
1,89,True,0.064874,0.0649,none,,,False,,1,0,,,
1,34,True,0.247315,0.2473,none,,,False,,1,0,,,
1,46,True,0.082221,0.0822,none,,,False,,1,0,,,
1,36,True,0.436312,0.4363,none,,,False,,1,0,,,
1,60,True,0.169543,0.1695,none,,,False,,1,0,,,
1,64,True,0.036787,0.0368,none,,,False,,1,0,,,
1,85,True,0.577443,0.5774,none,,,False,,1,0,,,
1,63,True,0.102753,0.1028,none,,,False,,1,0,,,
1,79,True,0.087688,0.0877,none,,,False,,1,0,,,
1,74,True,0.197558,0.1976,none,,,False,,1,0,,,
1,43,True,0.081938,0.0819,none,,,False,,1,0,,,
1,18,True,0.294344,0.2943,none,,,False,,1,0,,,
1,56,True,0.109958,0.11,none,,,False,,1,0,,,
1,58,True,0.073435,0.0734,none,,,False,,1,0,,,
1,40,True,0.072582,0.0726,none,,,False,,1,0,,,
1,13,True,1.023439,1.0234,none,,,False,,1,0,,,
1,26,True,0.142851,0.1429,none,,,False,,1,0,,,
1,8,True,0.162357,0.1624,none,,,False,,1,0,,,
1,5,True,0.383718,0.3837,none,,,False,,1,0,,,
1,72,True,0.436476,0.4365,none,,,False,,1,0,,,
2,47,True,0.516936,0.5169,none,,,False,,2,0,,,
2,28,True,0.353079,0.3531,none,,,False,,2,0,,,
2,43,True,0.16651,0.1665,none,,,False,,2,0,,,
2,96,True,0.304607,0.3046,none,,,False,,2,0,,,
2,48,True,0.604433,0.6044,none,,,False,,2,0,,,
2,94,True,0.488353,0.4884,none,,,False,,2,0,,,
2,26,True,0.421437,0.4214,none,,,False,,2,0,,,
2,89,True,0.151176,0.1512,none,,,False,,2,0,,,
2,95,True,1.19218,1.1922,none,,,False,,2,0,,,
2,31,True,1.407253,1.4073,none,,,False,,2,0,,,
2,49,True,0.212424,0.2124,none,,,False,,2,0,,,
2,0,True,0.300236,0.3002,none,,,False,,2,0,,,
2,76,True,0.134154,0.1342,none,,,False,,2,0,,,
2,56,True,0.257302,0.2573,none,,,False,,2,0,,,
2,45,True,0.220758,0.2208,none,,,False,,2,0,,,
2,23,True,0.276288,0.2763,none,,,False,,2,0,,,
2,39,True,0.064598,0.0646,none,,,False,,2,0,,,
2,83,True,0.44128,0.4413,none,,,False,,2,0,,,
2,74,True,0.65942,0.6594,none,,,False,,2,0,,,
2,51,True,0.071486,0.0715,none,,,False,,2,0,,,
2,87,True,0.451832,0.4518,none,,,False,,2,0,,,
2,78,True,0.863905,0.8639,none,,,False,,2,0,,,
2,38,True,0.036901,0.0369,none,,,False,,2,0,,,
2,17,True,0.048234,0.0482,none,,,False,,2,0,,,
2,2,True,0.274562,0.2746,none,,,False,,2,0,,,
2,9,True,0.1402,0.1402,none,,,False,,2,0,,,
2,90,True,0.14439,0.1444,none,,,False,,2,0,,,
2,99,True,0.350344,0.3503,none,,,False,,2,0,,,
2,53,True,0.573162,0.5732,none,,,False,,2,0,,,
2,7,True,0.06047,0.0605,none,,,False,,2,0,,,
2,82,True,0.189376,0.1894,none,,,False,,2,0,,,
2,19,True,0.93165,0.9317,none,,,False,,2,0,,,
2,60,True,0.541953,0.542,none,,,False,,2,0,,,
2,6,True,0.143438,0.1434,none,,,False,,2,0,,,
2,68,True,0.212103,0.2121,none,,,False,,2,0,,,
2,29,True,0.584693,0.5847,none,,,False,,2,0,,,
2,33,True,0.409677,0.4097,none,,,False,,2,0,,,
2,64,True,0.067432,0.0674,none,,,False,,2,0,,,
2,88,True,0.401697,0.4017,none,,,False,,2,0,,,
2,46,True,0.203043,0.203,none,,,False,,2,0,,,
2,8,True,0.452464,0.4525,none,,,False,,2,0,,,
2,73,True,0.191739,0.1917,none,,,False,,2,0,,,
2,44,True,0.732714,0.7327,none,,,False,,2,0,,,
2,79,True,0.185971,0.186,none,,,False,,2,0,,,
2,69,True,0.33872,0.3387,none,,,False,,2,0,,,
2,3,True,0.570995,0.571,none,,,False,,2,0,,,
2,25,True,0.266158,0.2662,none,,,False,,2,0,,,
2,35,True,0.368914,0.3689,none,,,False,,2,0,,,
2,91,True,0.105892,0.1059,none,,,False,,2,0,,,
2,10,True,0.475987,0.476,none,,,False,,2,0,,,
3,55,True,0.480223,0.4802,none,,,False,,3,0,,,
3,75,True,0.358965,0.359,none,,,False,,3,0,,,
3,31,True,1.399569,1.3996,none,,,False,,3,0,,,
3,74,True,0.776326,0.7763,none,,,False,,3,0,,,
3,14,True,0.218919,0.2189,none,,,False,,3,0,,,
3,58,True,0.519108,0.5191,none,,,False,,3,0,,,
3,59,True,0.500175,0.5002,none,,,False,,3,0,,,
3,29,True,0.509934,0.5099,none,,,False,,3,0,,,
3,57,True,0.695186,0.6952,none,,,False,,3,0,,,
3,39,True,0.189728,0.1897,none,,,False,,3,0,,,
3,63,True,0.504374,0.5044,none,,,False,,3,0,,,
3,54,True,0.392181,0.3922,none,,,False,,3,0,,,
3,62,True,0.501315,0.5013,none,,,False,,3,0,,,
3,42,True,0.467877,0.4679,none,,,False,,3,0,,,
3,41,True,0.281165,0.2812,none,,,False,,3,0,,,
3,64,True,0.254505,0.2545,none,,,False,,3,0,,,
3,23,True,0.692807,0.6928,none,,,False,,3,0,,,
3,28,True,0.656224,0.6562,none,,,False,,3,0,,,
3,1,True,0.760828,0.7608,none,,,False,,3,0,,,
3,50,True,0.266392,0.2664,none,,,False,,3,0,,,
3,66,True,0.432334,0.4323,none,,,False,,3,0,,,
3,52,True,0.500623,0.5006,none,,,False,,3,0,,,
3,48,True,0.723422,0.7234,none,,,False,,3,0,,,
3,87,True,0.630625,0.6306,none,,,False,,3,0,,,
3,60,True,0.666504,0.6665,none,,,False,,3,0,,,
3,49,True,0.542372,0.5424,none,,,False,,3,0,,,
3,17,True,0.179259,0.1793,none,,,False,,3,0,,,
3,95,True,1.442664,1.4427,none,,,False,,3,0,,,
3,18,True,0.309605,0.3096,none,,,False,,3,0,,,
3,5,True,1.236234,1.2362,none,,,False,,3,0,,,
3,65,True,0.511793,0.5118,none,,,False,,3,0,,,
3,8,True,0.422837,0.4228,none,,,False,,3,0,,,
3,6,True,0.458702,0.4587,none,,,False,,3,0,,,
3,71,True,0.611197,0.6112,none,,,False,,3,0,,,
3,38,True,0.142575,0.1426,none,,,False,,3,0,,,
3,16,True,0.302722,0.3027,none,,,False,,3,0,,,
3,13,True,0.996978,0.997,none,,,False,,3,0,,,
3,44,True,0.657183,0.6572,none,,,False,,3,0,,,
3,9,True,0.386546,0.3865,none,,,False,,3,0,,,
3,15,True,0.67544,0.6754,none,,,False,,3,0,,,
3,27,True,0.967891,0.9679,none,,,False,,3,0,,,
3,78,True,0.86807,0.8681,none,,,False,,3,0,,,
3,26,True,0.449806,0.4498,none,,,False,,3,0,,,
3,46,True,0.419405,0.4194,none,,,False,,3,0,,,
3,51,True,0.254457,0.2545,none,,,False,,3,0,,,
3,97,True,0.502946,0.5029,none,,,False,,3,0,,,
3,33,True,0.364102,0.3641,none,,,False,,3,0,,,
3,45,True,0.714966,0.715,none,,,False,,3,0,,,
3,19,True,0.938458,0.9385,none,,,False,,3,0,,,
3,89,True,0.400375,0.4004,none,,,False,,3,0,,,
4,74,True,0.808459,0.8085,none,,,False,,4,0,,,
4,99,True,0.393268,0.3933,none,,,False,,4,0,,,
4,27,True,0.794651,0.7947,none,,,False,,4,0,,,
4,77,True,0.763451,0.7635,none,,,False,,4,0,,,
4,28,True,0.605872,0.6059,none,,,False,,4,0,,,
4,68,True,0.931217,0.9312,none,,,False,,4,0,,,
4,0,True,0.641909,0.6419,none,,,False,,4,0,,,
4,61,True,0.83402,0.834,none,,,False,,4,0,,,
4,76,True,0.465652,0.4657,none,,,False,,4,0,,,
4,23,True,0.703767,0.7038,none,,,False,,4,0,,,
4,6,True,0.420047,0.42,none,,,False,,4,0,,,
4,14,True,0.332704,0.3327,none,,,False,,4,0,,,
4,72,True,0.775636,0.7756,none,,,False,,4,0,,,
4,86,True,0.457806,0.4578,none,,,False,,4,0,,,
4,56,True,0.448614,0.4486,none,,,False,,4,0,,,
4,59,True,0.591569,0.5916,none,,,False,,4,0,,,
4,40,True,0.389792,0.3898,none,,,False,,4,0,,,
4,45,True,0.787993,0.788,none,,,False,,4,0,,,
4,84,True,0.647705,0.6477,none,,,False,,4,0,,,
4,83,True,0.481455,0.4815,none,,,False,,4,0,,,
4,7,True,0.379311,0.3793,none,,,False,,4,0,,,
4,95,True,1.425105,1.4251,none,,,False,,4,0,,,
4,70,True,0.136331,0.1363,none,,,False,,4,0,,,
4,25,True,0.428966,0.429,none,,,False,,4,0,,,
4,33,True,0.345779,0.3458,none,,,False,,4,0,,,
4,16,True,0.329331,0.3293,none,,,False,,4,0,,,
4,79,True,0.24802,0.248,none,,,False,,4,0,,,
4,67,True,0.599896,0.5999,none,,,False,,4,0,,,
4,22,True,0.570902,0.5709,none,,,False,,4,0,,,
4,18,True,0.34002,0.34,none,,,False,,4,0,,,
4,43,True,0.315669,0.3157,none,,,False,,4,0,,,
4,66,True,0.371734,0.3717,none,,,False,,4,0,,,
4,71,True,0.49936,0.4994,none,,,False,,4,0,,,
4,3,True,0.589115,0.5891,none,,,False,,4,0,,,
4,97,True,0.578034,0.578,none,,,False,,4,0,,,
4,82,True,0.599108,0.5991,none,,,False,,4,0,,,
4,11,True,0.616753,0.6168,none,,,False,,4,0,,,
4,78,True,0.861182,0.8612,none,,,False,,4,0,,,
4,19,True,0.889738,0.8897,none,,,False,,4,0,,,
4,26,True,0.540531,0.5405,none,,,False,,4,0,,,
4,51,True,0.472263,0.4723,none,,,False,,4,0,,,
4,88,True,0.565833,0.5658,none,,,False,,4,0,,,
4,91,True,0.520069,0.5201,none,,,False,,4,0,,,
4,69,True,0.307811,0.3078,none,,,False,,4,0,,,
4,42,True,0.527832,0.5278,none,,,False,,4,0,,,
4,1,True,0.804885,0.8049,none,,,False,,4,0,,,
4,46,True,0.433697,0.4337,none,,,False,,4,0,,,
4,31,True,1.432062,1.4321,none,,,False,,4,0,,,
4,8,True,0.475836,0.4758,none,,,False,,4,0,,,
4,49,True,0.480218,0.4802,none,,,False,,4,0,,,
5,11,True,0.703704,0.7037,none,,,False,,5,0,,,
5,1,True,0.808815,0.8088,none,,,False,,5,0,,,
5,63,True,0.589652,0.5897,none,,,False,,5,0,,,
5,30,True,0.653853,0.6539,none,,,False,,5,0,,,
5,56,True,0.532746,0.5327,none,,,False,,5,0,,,
5,32,True,0.617173,0.6172,none,,,False,,5,0,,,
5,29,True,0.596503,0.5965,none,,,False,,5,0,,,
5,18,True,0.330764,0.3308,none,,,False,,5,0,,,
5,99,True,0.427814,0.4278,none,,,False,,5,0,,,
5,93,True,0.481862,0.4819,none,,,False,,5,0,,,
5,14,True,0.336326,0.3363,none,,,False,,5,0,,,
5,45,True,0.773727,0.7737,none,,,False,,5,0,,,
5,51,True,0.461165,0.4612,none,,,False,,5,0,,,
5,86,True,0.435439,0.4354,none,,,False,,5,0,,,
5,58,True,0.605266,0.6053,none,,,False,,5,0,,,
5,70,True,0.145522,0.1455,none,,,False,,5,0,,,
5,92,True,0.594033,0.594,none,,,False,,5,0,,,
5,8,True,0.44847,0.4485,none,,,False,,5,0,,,
5,87,True,1.025045,1.025,none,,,False,,5,0,,,
5,38,True,0.253376,0.2534,none,,,False,,5,0,,,
5,66,True,0.410768,0.4108,none,,,False,,5,0,,,
5,82,True,0.377268,0.3773,none,,,False,,5,0,,,
5,37,True,0.410905,0.4109,none,,,False,,5,0,,,
5,26,True,0.537664,0.5377,none,,,False,,5,0,,,
5,68,True,0.984541,0.9845,none,,,False,,5,0,,,
5,47,True,0.445976,0.446,none,,,False,,5,0,,,
5,60,True,0.637614,0.6376,none,,,False,,5,0,,,
5,89,True,0.486525,0.4865,none,,,False,,5,0,,,
5,67,True,0.48916,0.4892,none,,,False,,5,0,,,
5,7,True,0.34399,0.344,none,,,False,,5,0,,,
5,79,True,0.345155,0.3452,none,,,False,,5,0,,,
5,2,True,0.60653,0.6065,none,,,False,,5,0,,,
5,50,True,0.315725,0.3157,none,,,False,,5,0,,,
5,28,True,0.646598,0.6466,none,,,False,,5,0,,,
5,54,True,0.425214,0.4252,none,,,False,,5,0,,,
5,76,True,0.348089,0.3481,none,,,False,,5,0,,,
5,16,True,0.336131,0.3361,none,,,False,,5,0,,,
5,65,True,0.742221,0.7422,none,,,False,,5,0,,,
5,69,True,0.234834,0.2348,none,,,False,,5,0,,,
5,43,True,0.403643,0.4036,none,,,False,,5,0,,,
5,21,True,0.529473,0.5295,none,,,False,,5,0,,,
5,97,True,0.275016,0.275,none,,,False,,5,0,,,
5,10,True,0.729792,0.7298,none,,,False,,5,0,,,
5,71,True,0.631504,0.6315,none,,,False,,5,0,,,
5,85,True,0.62823,0.6282,none,,,False,,5,0,,,
5,94,True,0.596976,0.597,none,,,False,,5,0,,,
5,0,True,0.401971,0.402,none,,,False,,5,0,,,
5,52,True,0.569299,0.5693,none,,,False,,5,0,,,
5,12,True,0.587391,0.5874,none,,,False,,5,0,,,
5,15,True,0.642869,0.6429,none,,,False,,5,0,,,
6,83,True,0.505159,0.5052,none,,,False,,6,0,,,
6,15,True,0.587686,0.5877,none,,,False,,6,0,,,
6,69,True,0.361103,0.3611,none,,,False,,6,0,,,
6,50,True,0.220652,0.2207,none,,,False,,6,0,,,
6,27,True,0.894521,0.8945,none,,,False,,6,0,,,
6,51,True,0.515274,0.5153,none,,,False,,6,0,,,
6,68,True,0.775989,0.776,none,,,False,,6,0,,,
6,41,True,0.258426,0.2584,none,,,False,,6,0,,,
6,4,True,0.378388,0.3784,none,,,False,,6,0,,,
6,84,True,0.622906,0.6229,none,,,False,,6,0,,,
6,23,True,0.713235,0.7132,none,,,False,,6,0,,,
6,89,True,0.423713,0.4237,none,,,False,,6,0,,,
6,75,True,0.428318,0.4283,none,,,False,,6,0,,,
6,32,True,0.503343,0.5033,none,,,False,,6,0,,,
6,82,True,0.551072,0.5511,none,,,False,,6,0,,,
6,98,True,0.526413,0.5264,none,,,False,,6,0,,,
6,65,True,0.659727,0.6597,none,,,False,,6,0,,,
6,5,True,1.231901,1.2319,none,,,False,,6,0,,,
6,11,True,0.621391,0.6214,none,,,False,,6,0,,,
6,2,True,0.614986,0.615,none,,,False,,6,0,,,
6,21,True,0.58357,0.5836,none,,,False,,6,0,,,
6,13,True,1.210221,1.2102,none,,,False,,6,0,,,
6,10,True,0.58841,0.5884,none,,,False,,6,0,,,
6,16,True,0.37019,0.3702,none,,,False,,6,0,,,
6,35,True,0.74004,0.74,none,,,False,,6,0,,,
6,64,True,0.522614,0.5226,none,,,False,,6,0,,,
6,93,True,0.506492,0.5065,none,,,False,,6,0,,,
6,88,True,0.53945,0.5394,none,,,False,,6,0,,,
6,37,True,0.38638,0.3864,none,,,False,,6,0,,,
6,57,True,0.64687,0.6469,none,,,False,,6,0,,,
6,14,True,0.307659,0.3077,none,,,False,,6,0,,,
6,55,True,0.447602,0.4476,none,,,False,,6,0,,,
6,49,True,0.464844,0.4648,none,,,False,,6,0,,,
6,6,True,0.50554,0.5055,none,,,False,,6,0,,,
6,56,True,0.479578,0.4796,none,,,False,,6,0,,,
6,80,True,0.479593,0.4796,none,,,False,,6,0,,,
6,25,True,0.47916,0.4792,none,,,False,,6,0,,,
6,76,True,0.363669,0.3637,none,,,False,,6,0,,,
6,97,True,0.666014,0.666,none,,,False,,6,0,,,
6,7,True,0.423259,0.4233,none,,,False,,6,0,,,
6,90,True,0.330191,0.3302,none,,,False,,6,0,,,
6,17,True,0.355089,0.3551,none,,,False,,6,0,,,
6,85,True,0.561657,0.5617,none,,,False,,6,0,,,
6,67,True,0.558459,0.5585,none,,,False,,6,0,,,
6,86,True,0.522162,0.5222,none,,,False,,6,0,,,
6,81,True,0.81921,0.8192,none,,,False,,6,0,,,
6,44,True,0.836562,0.8366,none,,,False,,6,0,,,
6,78,True,1.028889,1.0289,none,,,False,,6,0,,,
6,63,True,0.4969,0.4969,none,,,False,,6,0,,,
6,19,True,0.993728,0.9937,none,,,False,,6,0,,,
7,16,True,0.353226,0.3532,none,,,False,,7,0,,,
7,8,True,0.384613,0.3846,none,,,False,,7,0,,,
7,35,True,0.923247,0.9232,none,,,False,,7,0,,,
7,80,True,0.471409,0.4714,none,,,False,,7,0,,,
7,65,True,0.786118,0.7861,none,,,False,,7,0,,,
7,85,True,0.680984,0.681,none,,,False,,7,0,,,
7,34,True,0.751196,0.7512,none,,,False,,7,0,,,
7,90,True,0.38378,0.3838,none,,,False,,7,0,,,
7,45,True,0.707755,0.7078,none,,,False,,7,0,,,
7,26,True,0.409431,0.4094,none,,,False,,7,0,,,
7,54,True,0.481548,0.4815,none,,,False,,7,0,,,
7,33,True,0.476668,0.4767,none,,,False,,7,0,,,
7,98,True,0.464742,0.4647,none,,,False,,7,0,,,
7,87,True,0.786687,0.7867,none,,,False,,7,0,,,
7,96,True,0.285948,0.2859,none,,,False,,7,0,,,
7,63,True,0.530019,0.53,none,,,False,,7,0,,,
7,21,True,0.541786,0.5418,none,,,False,,7,0,,,
7,84,True,0.468269,0.4683,none,,,False,,7,0,,,
7,27,True,0.906764,0.9068,none,,,False,,7,0,,,
7,20,True,0.80812,0.8081,none,,,False,,7,0,,,
7,81,True,0.423752,0.4238,none,,,False,,7,0,,,
7,32,True,0.619685,0.6197,none,,,False,,7,0,,,
7,37,True,0.424528,0.4245,none,,,False,,7,0,,,
7,89,True,0.447218,0.4472,none,,,False,,7,0,,,
7,42,True,0.503674,0.5037,none,,,False,,7,0,,,
7,76,True,0.315941,0.3159,none,,,False,,7,0,,,
7,64,True,0.45407,0.4541,none,,,False,,7,0,,,
7,62,True,0.709604,0.7096,none,,,False,,7,0,,,
7,91,True,0.547887,0.5479,none,,,False,,7,0,,,
7,31,True,1.243748,1.2437,none,,,False,,7,0,,,
7,83,True,0.398629,0.3986,none,,,False,,7,0,,,
7,41,True,0.34108,0.3411,none,,,False,,7,0,,,
7,4,True,0.404607,0.4046,none,,,False,,7,0,,,
7,56,True,0.491773,0.4918,none,,,False,,7,0,,,
7,50,True,0.270447,0.2704,none,,,False,,7,0,,,
7,30,True,0.59819,0.5982,none,,,False,,7,0,,,
7,19,True,1.064987,1.065,none,,,False,,7,0,,,
7,79,True,0.382805,0.3828,none,,,False,,7,0,,,
7,48,True,0.770611,0.7706,none,,,False,,7,0,,,
7,97,True,0.47937,0.4794,none,,,False,,7,0,,,
7,28,True,0.661543,0.6615,none,,,False,,7,0,,,
7,43,True,0.358958,0.359,none,,,False,,7,0,,,
7,13,True,0.82349,0.8235,none,,,False,,7,0,,,
7,46,True,0.461364,0.4614,none,,,False,,7,0,,,
7,99,True,0.400872,0.4009,none,,,False,,7,0,,,
7,75,True,0.321215,0.3212,none,,,False,,7,0,,,
7,10,True,0.712037,0.712,none,,,False,,7,0,,,
7,18,True,0.402496,0.4025,none,,,False,,7,0,,,
7,55,True,0.446652,0.4467,none,,,False,,7,0,,,
7,38,True,0.256748,0.2567,none,,,False,,7,0,,,
8,73,True,0.358538,0.3585,none,,,False,,8,0,,,
8,82,True,0.66816,0.6682,none,,,False,,8,0,,,
8,83,True,0.421453,0.4215,none,,,False,,8,0,,,
8,62,True,0.712602,0.7126,none,,,False,,8,0,,,
8,13,True,0.96183,0.9618,none,,,False,,8,0,,,
8,96,True,0.183069,0.1831,none,,,False,,8,0,,,
8,54,True,0.411573,0.4116,none,,,False,,8,0,,,
8,36,True,0.647041,0.647,none,,,False,,8,0,,,
8,50,True,0.252364,0.2524,none,,,False,,8,0,,,
8,9,True,0.411383,0.4114,none,,,False,,8,0,,,
8,31,True,1.323635,1.3236,none,,,False,,8,0,,,
8,68,True,0.861122,0.8611,none,,,False,,8,0,,,
8,41,True,0.294468,0.2945,none,,,False,,8,0,,,
8,8,True,0.520719,0.5207,none,,,False,,8,0,,,
8,7,True,0.405797,0.4058,none,,,False,,8,0,,,
8,4,True,0.32475,0.3247,none,,,False,,8,0,,,
8,30,True,0.556107,0.5561,none,,,False,,8,0,,,
8,64,True,0.506675,0.5067,none,,,False,,8,0,,,
8,76,True,0.310495,0.3105,none,,,False,,8,0,,,
8,58,True,0.460389,0.4604,none,,,False,,8,0,,,
8,48,True,0.721058,0.7211,none,,,False,,8,0,,,
8,57,True,0.76123,0.7612,none,,,False,,8,0,,,
8,94,True,0.592711,0.5927,none,,,False,,8,0,,,
8,10,True,0.623837,0.6238,none,,,False,,8,0,,,
8,70,True,0.181843,0.1818,none,,,False,,8,0,,,
8,35,True,0.708731,0.7087,none,,,False,,8,0,,,
8,89,True,0.45789,0.4579,none,,,False,,8,0,,,
8,75,True,0.398736,0.3987,none,,,False,,8,0,,,
8,60,True,0.783792,0.7838,none,,,False,,8,0,,,
8,78,True,0.852482,0.8525,none,,,False,,8,0,,,
8,67,True,0.619091,0.6191,none,,,False,,8,0,,,
8,80,True,0.414408,0.4144,none,,,False,,8,0,,,
8,2,True,0.570617,0.5706,none,,,False,,8,0,,,
8,74,True,0.834884,0.8349,none,,,False,,8,0,,,
8,32,True,0.424103,0.4241,none,,,False,,8,0,,,
8,63,True,0.349392,0.3494,none,,,False,,8,0,,,
8,77,True,0.770863,0.7709,none,,,False,,8,0,,,
8,66,True,0.428553,0.4286,none,,,False,,8,0,,,
8,71,True,0.633744,0.6337,none,,,False,,8,0,,,
8,87,True,0.691199,0.6912,none,,,False,,8,0,,,
8,38,True,0.258147,0.2581,none,,,False,,8,0,,,
8,93,True,0.505406,0.5054,none,,,False,,8,0,,,
8,19,True,0.879325,0.8793,none,,,False,,8,0,,,
8,5,True,1.090539,1.0905,none,,,False,,8,0,,,
8,95,True,1.542828,1.5428,none,,,False,,8,0,,,
8,37,True,0.379523,0.3795,none,,,False,,8,0,,,
8,17,True,0.370189,0.3702,none,,,False,,8,0,,,
8,46,True,0.453324,0.4533,none,,,False,,8,0,,,
8,88,True,0.523962,0.524,none,,,False,,8,0,,,
8,0,True,0.622935,0.6229,none,,,False,,8,0,,,
9,67,True,0.508125,0.5081,none,,,False,,9,0,,,
9,41,True,0.363555,0.3636,none,,,False,,9,0,,,
9,79,True,0.317933,0.3179,none,,,False,,9,0,,,
9,8,True,0.481585,0.4816,none,,,False,,9,0,,,
9,50,True,0.251471,0.2515,none,,,False,,9,0,,,
9,93,True,0.515382,0.5154,none,,,False,,9,0,,,
9,25,True,0.55439,0.5544,none,,,False,,9,0,,,
9,17,True,0.307649,0.3076,none,,,False,,9,0,,,
9,35,True,0.78253,0.7825,none,,,False,,9,0,,,
9,74,True,0.8198,0.8198,none,,,False,,9,0,,,
9,89,True,0.437212,0.4372,none,,,False,,9,0,,,
9,28,True,0.67025,0.6702,none,,,False,,9,0,,,
9,7,True,0.426945,0.4269,none,,,False,,9,0,,,
9,65,True,0.808177,0.8082,none,,,False,,9,0,,,
9,56,True,0.436665,0.4367,none,,,False,,9,0,,,
9,26,True,0.484915,0.4849,none,,,False,,9,0,,,
9,85,True,0.686626,0.6866,none,,,False,,9,0,,,
9,46,True,0.400181,0.4002,none,,,False,,9,0,,,
9,61,True,0.812452,0.8125,none,,,False,,9,0,,,
9,84,True,0.44269,0.4427,none,,,False,,9,0,,,
9,53,True,0.689971,0.69,none,,,False,,9,0,,,
9,77,True,0.756562,0.7566,none,,,False,,9,0,,,
9,96,True,0.45547,0.4555,none,,,False,,9,0,,,
9,2,True,0.627261,0.6273,none,,,False,,9,0,,,
9,48,True,0.776459,0.7765,none,,,False,,9,0,,,
9,20,True,0.884414,0.8844,none,,,False,,9,0,,,
9,3,True,0.650215,0.6502,none,,,False,,9,0,,,
9,73,True,0.26408,0.2641,none,,,False,,9,0,,,
9,83,True,0.372074,0.3721,none,,,False,,9,0,,,
9,15,True,0.72466,0.7247,none,,,False,,9,0,,,
9,1,True,0.860423,0.8604,none,,,False,,9,0,,,
9,11,True,0.738223,0.7382,none,,,False,,9,0,,,
9,92,True,0.608219,0.6082,none,,,False,,9,0,,,
9,72,True,0.505684,0.5057,none,,,False,,9,0,,,
9,76,True,0.373323,0.3733,none,,,False,,9,0,,,
9,0,True,0.420827,0.4208,none,,,False,,9,0,,,
9,81,True,0.579026,0.579,none,,,False,,9,0,,,
9,31,True,1.338414,1.3384,none,,,False,,9,0,,,
9,18,True,0.318521,0.3185,none,,,False,,9,0,,,
9,21,True,0.620583,0.6206,none,,,False,,9,0,,,
9,82,True,0.493879,0.4939,none,,,False,,9,0,,,
9,13,True,0.934336,0.9343,none,,,False,,9,0,,,
9,51,True,0.520541,0.5205,none,,,False,,9,0,,,
9,75,True,0.469798,0.4698,none,,,False,,9,0,,,
9,22,True,0.58419,0.5842,none,,,False,,9,0,,,
9,57,True,0.675155,0.6752,none,,,False,,9,0,,,
9,97,True,0.492646,0.4926,none,,,False,,9,0,,,
9,36,True,0.8038,0.8038,none,,,False,,9,0,,,
9,42,True,0.509628,0.5096,none,,,False,,9,0,,,
9,19,True,0.965357,0.9654,none,,,False,,9,0,,,
10,87,True,0.92915,0.9291,none,,,False,,10,0,,,
10,2,True,0.707555,0.7076,none,,,False,,10,0,,,
10,45,True,0.734145,0.7341,none,,,False,,10,0,,,
10,84,True,0.62321,0.6232,none,,,False,,10,0,,,
10,6,True,0.401552,0.4016,none,,,False,,10,0,,,
10,50,True,0.293873,0.2939,none,,,False,,10,0,,,
10,81,True,0.560854,0.5609,none,,,False,,10,0,,,
10,98,True,0.542058,0.5421,none,,,False,,10,0,,,
10,26,True,0.442256,0.4423,none,,,False,,10,0,,,
10,88,True,0.46712,0.4671,none,,,False,,10,0,,,
10,23,True,0.705236,0.7052,none,,,False,,10,0,,,
10,99,True,0.385725,0.3857,none,,,False,,10,0,,,
10,80,True,0.526491,0.5265,none,,,False,,10,0,,,
10,25,True,0.517645,0.5176,none,,,False,,10,0,,,
10,27,True,1.063373,1.0634,none,,,False,,10,0,,,
10,92,True,0.681573,0.6816,none,,,False,,10,0,,,
10,51,True,0.540037,0.54,none,,,False,,10,0,,,
10,53,True,0.383937,0.3839,none,,,False,,10,0,,,
10,0,True,0.591795,0.5918,none,,,False,,10,0,,,
10,58,True,0.648588,0.6486,none,,,False,,10,0,,,
10,19,True,0.792919,0.7929,none,,,False,,10,0,,,
10,36,True,0.703732,0.7037,none,,,False,,10,0,,,
10,20,True,0.707189,0.7072,none,,,False,,10,0,,,
10,4,True,0.290977,0.291,none,,,False,,10,0,,,
10,60,True,0.671829,0.6718,none,,,False,,10,0,,,
10,65,True,0.699453,0.6995,none,,,False,,10,0,,,
10,41,True,0.284076,0.2841,none,,,False,,10,0,,,
10,14,True,0.351845,0.3518,none,,,False,,10,0,,,
10,34,True,0.681508,0.6815,none,,,False,,10,0,,,
10,48,True,0.739036,0.739,none,,,False,,10,0,,,
10,33,True,0.410836,0.4108,none,,,False,,10,0,,,
10,29,True,0.518493,0.5185,none,,,False,,10,0,,,
10,12,True,0.545651,0.5457,none,,,False,,10,0,,,
10,85,True,0.581804,0.5818,none,,,False,,10,0,,,
10,46,True,0.463955,0.464,none,,,False,,10,0,,,
10,71,True,0.45777,0.4578,none,,,False,,10,0,,,
10,69,True,0.341912,0.3419,none,,,False,,10,0,,,
10,11,True,0.765809,0.7658,none,,,False,,10,0,,,
10,43,True,0.445449,0.4454,none,,,False,,10,0,,,
10,55,True,0.478252,0.4783,none,,,False,,10,0,,,
10,40,True,0.459701,0.4597,none,,,False,,10,0,,,
10,13,True,0.974683,0.9747,none,,,False,,10,0,,,
10,63,True,0.521627,0.5216,none,,,False,,10,0,,,
10,15,True,0.762267,0.7623,none,,,False,,10,0,,,
10,93,True,0.533353,0.5334,none,,,False,,10,0,,,
10,28,True,0.578825,0.5788,none,,,False,,10,0,,,
10,3,True,0.568074,0.5681,none,,,False,,10,0,,,
10,72,True,0.57728,0.5773,none,,,False,,10,0,,,
10,89,True,0.542923,0.5429,none,,,False,,10,0,,,
10,70,True,0.165028,0.165,none,,,False,,10,0,,,
11,89,True,0.42416,0.4242,none,,,False,,11,0,,,
11,45,True,0.761645,0.7616,none,,,False,,11,0,,,
11,62,True,0.557687,0.5577,none,,,False,,11,0,,,
11,94,True,0.519913,0.5199,none,,,False,,11,0,,,
11,77,True,0.838056,0.8381,none,,,False,,11,0,,,
11,28,True,0.570341,0.5703,none,,,False,,11,0,,,
11,50,True,0.271107,0.2711,none,,,False,,11,0,,,
11,70,True,0.203588,0.2036,none,,,False,,11,0,,,
11,66,True,0.486176,0.4862,none,,,False,,11,0,,,
11,93,True,0.55901,0.559,none,,,False,,11,0,,,
11,87,True,0.685667,0.6857,none,,,False,,11,0,,,
11,35,True,0.802434,0.8024,none,,,False,,11,0,,,
11,9,True,0.393998,0.394,none,,,False,,11,0,,,
11,38,True,0.302221,0.3022,none,,,False,,11,0,,,
11,6,True,0.485092,0.4851,none,,,False,,11,0,,,
11,57,True,0.748727,0.7487,none,,,False,,11,0,,,
11,56,True,0.54979,0.5498,none,,,False,,11,0,,,
11,71,True,0.605989,0.606,none,,,False,,11,0,,,
11,23,True,0.674898,0.6749,none,,,False,,11,0,,,
11,5,True,1.10251,1.1025,none,,,False,,11,0,,,
11,17,True,0.381493,0.3815,none,,,False,,11,0,,,
11,20,True,0.459542,0.4595,none,,,False,,11,0,,,
11,88,True,0.44563,0.4456,none,,,False,,11,0,,,
11,72,True,0.525363,0.5254,none,,,False,,11,0,,,
11,4,True,0.363952,0.364,none,,,False,,11,0,,,
11,76,True,0.346525,0.3465,none,,,False,,11,0,,,
11,43,True,0.326535,0.3265,none,,,False,,11,0,,,
11,44,True,0.901303,0.9013,none,,,False,,11,0,,,
11,24,True,0.604649,0.6046,none,,,False,,11,0,,,
11,73,True,0.362085,0.3621,none,,,False,,11,0,,,
11,59,True,0.613167,0.6132,none,,,False,,11,0,,,
11,63,True,0.522493,0.5225,none,,,False,,11,0,,,
11,67,True,0.557193,0.5572,none,,,False,,11,0,,,
11,60,True,0.565177,0.5652,none,,,False,,11,0,,,
11,69,True,0.345046,0.345,none,,,False,,11,0,,,
11,10,True,0.593533,0.5935,none,,,False,,11,0,,,
11,99,True,0.331292,0.3313,none,,,False,,11,0,,,
11,1,True,0.78786,0.7879,none,,,False,,11,0,,,
11,8,True,0.556777,0.5568,none,,,False,,11,0,,,
11,19,True,1.013216,1.0132,none,,,False,,11,0,,,
11,29,True,0.554245,0.5542,none,,,False,,11,0,,,
11,3,True,0.534386,0.5344,none,,,False,,11,0,,,
11,75,True,0.44888,0.4489,none,,,False,,11,0,,,
11,49,True,0.562903,0.5629,none,,,False,,11,0,,,
11,30,True,0.571677,0.5717,none,,,False,,11,0,,,
11,82,True,0.568352,0.5684,none,,,False,,11,0,,,
11,34,True,0.782152,0.7822,none,,,False,,11,0,,,
11,36,True,0.80219,0.8022,none,,,False,,11,0,,,
11,15,True,0.706624,0.7066,none,,,False,,11,0,,,
11,85,True,0.562275,0.5623,none,,,False,,11,0,,,
12,59,True,0.417507,0.4175,none,,,False,,12,0,,,
12,85,True,0.792061,0.7921,none,,,False,,12,0,,,
12,2,True,0.687439,0.6874,none,,,False,,12,0,,,
12,26,True,0.466844,0.4668,none,,,False,,12,0,,,
12,5,True,0.86135,0.8614,none,,,False,,12,0,,,
12,57,True,0.634585,0.6346,none,,,False,,12,0,,,
12,74,True,0.930424,0.9304,none,,,False,,12,0,,,
12,48,True,0.832594,0.8326,none,,,False,,12,0,,,
12,18,True,0.286372,0.2864,none,,,False,,12,0,,,
12,95,True,1.450853,1.4509,none,,,False,,12,0,,,
12,16,True,0.311971,0.312,none,,,False,,12,0,,,
12,73,True,0.374618,0.3746,none,,,False,,12,0,,,
12,75,True,0.529113,0.5291,none,,,False,,12,0,,,
12,21,True,0.632408,0.6324,none,,,False,,12,0,,,
12,99,True,0.438259,0.4383,none,,,False,,12,0,,,
12,14,True,0.349711,0.3497,none,,,False,,12,0,,,
12,4,True,0.292118,0.2921,none,,,False,,12,0,,,
12,22,True,0.557882,0.5579,none,,,False,,12,0,,,
12,39,True,0.335058,0.3351,none,,,False,,12,0,,,
12,68,True,0.538102,0.5381,none,,,False,,12,0,,,
12,3,True,0.711745,0.7117,none,,,False,,12,0,,,
12,44,True,0.843969,0.844,none,,,False,,12,0,,,
12,7,True,0.441746,0.4417,none,,,False,,12,0,,,
12,23,True,0.601242,0.6012,none,,,False,,12,0,,,
12,62,True,0.680242,0.6802,none,,,False,,12,0,,,
12,1,True,0.73608,0.7361,none,,,False,,12,0,,,
12,92,True,0.575169,0.5752,none,,,False,,12,0,,,
12,58,True,0.74266,0.7427,none,,,False,,12,0,,,
12,97,True,0.595634,0.5956,none,,,False,,12,0,,,
12,50,True,0.381832,0.3818,none,,,False,,12,0,,,
12,29,True,0.507695,0.5077,none,,,False,,12,0,,,
12,77,True,0.438923,0.4389,none,,,False,,12,0,,,
12,45,True,0.671286,0.6713,none,,,False,,12,0,,,
12,87,True,0.975371,0.9754,none,,,False,,12,0,,,
12,60,True,0.733332,0.7333,none,,,False,,12,0,,,
12,91,True,0.580366,0.5804,none,,,False,,12,0,,,
12,20,True,0.913917,0.9139,none,,,False,,12,0,,,
12,65,True,0.839589,0.8396,none,,,False,,12,0,,,
12,94,True,0.582063,0.5821,none,,,False,,12,0,,,
12,84,True,0.630865,0.6309,none,,,False,,12,0,,,
12,46,True,0.441271,0.4413,none,,,False,,12,0,,,
12,6,True,0.493204,0.4932,none,,,False,,12,0,,,
12,72,True,0.483779,0.4838,none,,,False,,12,0,,,
12,71,True,0.564744,0.5647,none,,,False,,12,0,,,
12,9,True,0.386828,0.3868,none,,,False,,12,0,,,
12,56,True,0.363145,0.3631,none,,,False,,12,0,,,
12,36,True,0.655095,0.6551,none,,,False,,12,0,,,
12,12,True,0.643307,0.6433,none,,,False,,12,0,,,
12,93,True,0.452156,0.4522,none,,,False,,12,0,,,
12,37,True,0.308095,0.3081,none,,,False,,12,0,,,
13,80,True,0.394593,0.3946,none,,,False,,13,0,,,
13,15,True,0.791993,0.792,none,,,False,,13,0,,,
13,55,True,0.500059,0.5001,none,,,False,,13,0,,,
13,79,True,0.339996,0.34,none,,,False,,13,0,,,
13,9,True,0.38812,0.3881,none,,,False,,13,0,,,
13,53,True,0.475644,0.4756,none,,,False,,13,0,,,
13,89,True,0.325556,0.3256,none,,,False,,13,0,,,
13,40,True,0.526944,0.5269,none,,,False,,13,0,,,
13,65,True,0.562005,0.562,none,,,False,,13,0,,,
13,35,True,0.894195,0.8942,none,,,False,,13,0,,,
13,42,True,0.618383,0.6184,none,,,False,,13,0,,,
13,5,True,1.254244,1.2542,none,,,False,,13,0,,,
13,85,True,0.575772,0.5758,none,,,False,,13,0,,,
13,26,True,0.532783,0.5328,none,,,False,,13,0,,,
13,48,True,0.645115,0.6451,none,,,False,,13,0,,,
13,12,True,0.55281,0.5528,none,,,False,,13,0,,,
13,71,True,0.704083,0.7041,none,,,False,,13,0,,,
13,29,True,0.597719,0.5977,none,,,False,,13,0,,,
13,46,True,0.375905,0.3759,none,,,False,,13,0,,,
13,14,True,0.319912,0.3199,none,,,False,,13,0,,,
13,84,True,0.575306,0.5753,none,,,False,,13,0,,,
13,0,True,0.422058,0.4221,none,,,False,,13,0,,,
13,28,True,0.63091,0.6309,none,,,False,,13,0,,,
13,39,True,0.324292,0.3243,none,,,False,,13,0,,,
13,20,True,0.794769,0.7948,none,,,False,,13,0,,,
13,38,True,0.355017,0.355,none,,,False,,13,0,,,
13,33,True,0.514625,0.5146,none,,,False,,13,0,,,
13,81,True,0.639447,0.6394,none,,,False,,13,0,,,
13,57,True,0.716672,0.7167,none,,,False,,13,0,,,
13,43,True,0.303235,0.3032,none,,,False,,13,0,,,
13,61,True,0.8755,0.8755,none,,,False,,13,0,,,
13,36,True,0.746776,0.7468,none,,,False,,13,0,,,
13,56,True,0.565188,0.5652,none,,,False,,13,0,,,
13,95,True,0.966649,0.9666,none,,,False,,13,0,,,
13,8,True,0.623974,0.624,none,,,False,,13,0,,,
13,98,True,0.479045,0.479,none,,,False,,13,0,,,
13,50,True,0.25478,0.2548,none,,,False,,13,0,,,
13,58,True,0.541298,0.5413,none,,,False,,13,0,,,
13,68,True,1.036765,1.0368,none,,,False,,13,0,,,
13,30,True,0.619823,0.6198,none,,,False,,13,0,,,
13,69,True,0.307151,0.3072,none,,,False,,13,0,,,
13,96,True,0.417337,0.4173,none,,,False,,13,0,,,
13,76,True,0.358049,0.358,none,,,False,,13,0,,,
13,88,True,0.486717,0.4867,none,,,False,,13,0,,,
13,45,True,0.833572,0.8336,none,,,False,,13,0,,,
13,92,True,0.721096,0.7211,none,,,False,,13,0,,,
13,86,True,0.600463,0.6005,none,,,False,,13,0,,,
13,34,True,0.705536,0.7055,none,,,False,,13,0,,,
13,22,True,0.58557,0.5856,none,,,False,,13,0,,,
13,64,True,0.642558,0.6426,none,,,False,,13,0,,,
14,65,True,0.757508,0.7575,none,,,False,,14,0,,,
14,29,True,0.502768,0.5028,none,,,False,,14,0,,,
14,52,True,0.645734,0.6457,none,,,False,,14,0,,,
14,12,True,0.71028,0.7103,none,,,False,,14,0,,,
14,48,True,0.80253,0.8025,none,,,False,,14,0,,,
14,42,True,0.394659,0.3947,none,,,False,,14,0,,,
14,60,True,0.738073,0.7381,none,,,False,,14,0,,,
14,74,True,0.72268,0.7227,none,,,False,,14,0,,,
14,38,True,0.454386,0.4544,none,,,False,,14,0,,,
14,82,True,0.558558,0.5586,none,,,False,,14,0,,,
14,70,True,0.176681,0.1767,none,,,False,,14,0,,,
14,98,True,0.523444,0.5234,none,,,False,,14,0,,,
14,84,True,0.499236,0.4992,none,,,False,,14,0,,,
14,9,True,0.401781,0.4018,none,,,False,,14,0,,,
14,16,True,0.269993,0.27,none,,,False,,14,0,,,
14,94,True,0.430696,0.4307,none,,,False,,14,0,,,
14,7,True,0.492789,0.4928,none,,,False,,14,0,,,
14,61,True,0.758966,0.759,none,,,False,,14,0,,,
14,68,True,0.639836,0.6398,none,,,False,,14,0,,,
14,15,True,0.522334,0.5223,none,,,False,,14,0,,,
14,40,True,0.463987,0.464,none,,,False,,14,0,,,
14,11,True,0.411049,0.411,none,,,False,,14,0,,,
14,1,True,0.818123,0.8181,none,,,False,,14,0,,,
14,56,True,0.478416,0.4784,none,,,False,,14,0,,,
14,31,True,1.20919,1.2092,none,,,False,,14,0,,,
14,5,True,1.037372,1.0374,none,,,False,,14,0,,,
14,88,True,0.502379,0.5024,none,,,False,,14,0,,,
14,80,True,0.558956,0.559,none,,,False,,14,0,,,
14,77,True,0.540088,0.5401,none,,,False,,14,0,,,
14,47,True,0.566027,0.566,none,,,False,,14,0,,,
14,41,True,0.353088,0.3531,none,,,False,,14,0,,,
14,46,True,0.402434,0.4024,none,,,False,,14,0,,,
14,55,True,0.425148,0.4251,none,,,False,,14,0,,,
14,36,True,0.819915,0.8199,none,,,False,,14,0,,,
14,67,True,0.521457,0.5215,none,,,False,,14,0,,,
14,63,True,0.51308,0.5131,none,,,False,,14,0,,,
14,32,True,0.511212,0.5112,none,,,False,,14,0,,,
14,62,True,0.595093,0.5951,none,,,False,,14,0,,,
14,89,True,0.500446,0.5004,none,,,False,,14,0,,,
14,23,True,0.67161,0.6716,none,,,False,,14,0,,,
14,85,True,0.677771,0.6778,none,,,False,,14,0,,,
14,91,True,0.545103,0.5451,none,,,False,,14,0,,,
14,30,True,0.476634,0.4766,none,,,False,,14,0,,,
14,78,True,0.844515,0.8445,none,,,False,,14,0,,,
14,24,True,0.514885,0.5149,none,,,False,,14,0,,,
14,0,True,0.477531,0.4775,none,,,False,,14,0,,,
14,59,True,0.541402,0.5414,none,,,False,,14,0,,,
14,17,True,0.406095,0.4061,none,,,False,,14,0,,,
14,76,True,0.451511,0.4515,none,,,False,,14,0,,,
14,26,True,0.395689,0.3957,none,,,False,,14,0,,,
15,71,True,0.569455,0.5695,none,,,False,,15,0,,,
15,21,True,0.711515,0.7115,none,,,False,,15,0,,,
15,35,True,0.839094,0.8391,none,,,False,,15,0,,,
15,99,True,0.320896,0.3209,none,,,False,,15,0,,,
15,74,True,0.882244,0.8822,none,,,False,,15,0,,,
15,28,True,0.665247,0.6652,none,,,False,,15,0,,,
15,10,True,0.553927,0.5539,none,,,False,,15,0,,,
15,20,True,0.950347,0.9503,none,,,False,,15,0,,,
15,97,True,0.502653,0.5027,none,,,False,,15,0,,,
15,54,True,0.523375,0.5234,none,,,False,,15,0,,,
15,86,True,0.613617,0.6136,none,,,False,,15,0,,,
15,40,True,0.367445,0.3674,none,,,False,,15,0,,,
15,42,True,0.508685,0.5087,none,,,False,,15,0,,,
15,56,True,0.388058,0.3881,none,,,False,,15,0,,,
15,17,True,0.390958,0.391,none,,,False,,15,0,,,
15,55,True,0.407291,0.4073,none,,,False,,15,0,,,
15,0,True,0.613051,0.6131,none,,,False,,15,0,,,
15,76,True,0.406994,0.407,none,,,False,,15,0,,,
15,4,True,0.395339,0.3953,none,,,False,,15,0,,,
15,1,True,0.810032,0.81,none,,,False,,15,0,,,
15,51,True,0.66769,0.6677,none,,,False,,15,0,,,
15,31,True,1.097688,1.0977,none,,,False,,15,0,,,
15,96,True,0.433123,0.4331,none,,,False,,15,0,,,
15,83,True,0.389624,0.3896,none,,,False,,15,0,,,
15,61,True,0.746027,0.746,none,,,False,,15,0,,,
15,24,True,0.498589,0.4986,none,,,False,,15,0,,,
15,22,True,0.470208,0.4702,none,,,False,,15,0,,,
15,43,True,0.355993,0.356,none,,,False,,15,0,,,
15,19,True,1.04526,1.0453,none,,,False,,15,0,,,
15,79,True,0.254345,0.2543,none,,,False,,15,0,,,
15,47,True,0.626929,0.6269,none,,,False,,15,0,,,
15,92,True,0.515376,0.5154,none,,,False,,15,0,,,
15,12,True,0.59566,0.5957,none,,,False,,15,0,,,
15,80,True,0.562224,0.5622,none,,,False,,15,0,,,
15,90,True,0.340087,0.3401,none,,,False,,15,0,,,
15,37,True,0.386413,0.3864,none,,,False,,15,0,,,
15,49,True,0.43316,0.4332,none,,,False,,15,0,,,
15,46,True,0.493701,0.4937,none,,,False,,15,0,,,
15,89,True,0.406403,0.4064,none,,,False,,15,0,,,
15,59,True,0.348076,0.3481,none,,,False,,15,0,,,
15,16,True,0.167113,0.1671,none,,,False,,15,0,,,
15,29,True,0.509365,0.5094,none,,,False,,15,0,,,
15,68,True,0.719221,0.7192,none,,,False,,15,0,,,
15,91,True,0.583765,0.5838,none,,,False,,15,0,,,
15,73,True,0.279009,0.279,none,,,False,,15,0,,,
15,85,True,0.685178,0.6852,none,,,False,,15,0,,,
15,44,True,0.89585,0.8959,none,,,False,,15,0,,,
15,15,True,0.574884,0.5749,none,,,False,,15,0,,,
15,81,True,0.830315,0.8303,none,,,False,,15,0,,,
15,62,True,0.648465,0.6485,none,,,False,,15,0,,,
16,0,True,0.239328,0.2393,none,,,False,,16,0,,,
16,29,True,0.568821,0.5688,none,,,False,,16,0,,,
16,19,True,0.711154,0.7112,none,,,False,,16,0,,,
16,51,True,0.546038,0.546,none,,,False,,16,0,,,
16,16,True,0.366058,0.3661,none,,,False,,16,0,,,
16,58,True,0.717015,0.717,none,,,False,,16,0,,,
16,74,True,0.783977,0.784,none,,,False,,16,0,,,
16,89,True,0.567037,0.567,none,,,False,,16,0,,,
16,96,True,0.457721,0.4577,none,,,False,,16,0,,,
16,12,True,0.559849,0.5598,none,,,False,,16,0,,,
16,75,True,0.526449,0.5264,none,,,False,,16,0,,,
16,49,True,0.451984,0.452,none,,,False,,16,0,,,
16,39,True,0.280533,0.2805,none,,,False,,16,0,,,
16,25,True,0.547876,0.5479,none,,,False,,16,0,,,
16,81,True,0.603253,0.6033,none,,,False,,16,0,,,
16,17,True,0.363754,0.3638,none,,,False,,16,0,,,
16,65,True,0.616914,0.6169,none,,,False,,16,0,,,
16,93,True,0.490901,0.4909,none,,,False,,16,0,,,
16,61,True,0.642406,0.6424,none,,,False,,16,0,,,
16,84,True,0.661762,0.6618,none,,,False,,16,0,,,
16,34,True,0.71441,0.7144,none,,,False,,16,0,,,
16,70,True,0.168552,0.1686,none,,,False,,16,0,,,
16,97,True,0.571982,0.572,none,,,False,,16,0,,,
16,56,True,0.541811,0.5418,none,,,False,,16,0,,,
16,18,True,0.237462,0.2375,none,,,False,,16,0,,,
16,35,True,0.820231,0.8202,none,,,False,,16,0,,,
16,95,True,1.285217,1.2852,none,,,False,,16,0,,,
16,87,True,0.904576,0.9046,none,,,False,,16,0,,,
16,13,True,1.098103,1.0981,none,,,False,,16,0,,,
16,27,True,0.995453,0.9955,none,,,False,,16,0,,,
16,54,True,0.375543,0.3755,none,,,False,,16,0,,,
16,41,True,0.31688,0.3169,none,,,False,,16,0,,,
16,67,True,0.675837,0.6758,none,,,False,,16,0,,,
16,79,True,0.27687,0.2769,none,,,False,,16,0,,,
16,90,True,0.22114,0.2211,none,,,False,,16,0,,,
16,44,True,0.843871,0.8439,none,,,False,,16,0,,,
16,22,True,0.431549,0.4315,none,,,False,,16,0,,,
16,4,True,0.251135,0.2511,none,,,False,,16,0,,,
16,76,True,0.372149,0.3721,none,,,False,,16,0,,,
16,91,True,0.615257,0.6153,none,,,False,,16,0,,,
16,24,True,0.466167,0.4662,none,,,False,,16,0,,,
16,63,True,0.586677,0.5867,none,,,False,,16,0,,,
16,5,True,1.245898,1.2459,none,,,False,,16,0,,,
16,26,True,0.512311,0.5123,none,,,False,,16,0,,,
16,71,True,0.587366,0.5874,none,,,False,,16,0,,,
16,78,True,0.973881,0.9739,none,,,False,,16,0,,,
16,83,True,0.46051,0.4605,none,,,False,,16,0,,,
16,15,True,0.843319,0.8433,none,,,False,,16,0,,,
16,1,True,0.733066,0.7331,none,,,False,,16,0,,,
16,8,True,0.663105,0.6631,none,,,False,,16,0,,,
17,59,True,0.432978,0.433,none,,,False,,17,0,,,
17,9,True,0.255035,0.255,none,,,False,,17,0,,,
17,82,True,0.523329,0.5233,none,,,False,,17,0,,,
17,66,True,0.354164,0.3542,none,,,False,,17,0,,,
17,23,True,0.651707,0.6517,none,,,False,,17,0,,,
17,89,True,0.369813,0.3698,none,,,False,,17,0,,,
17,53,True,0.592155,0.5922,none,,,False,,17,0,,,
17,93,True,0.49453,0.4945,none,,,False,,17,0,,,
17,50,True,0.318209,0.3182,none,,,False,,17,0,,,
17,36,True,0.812734,0.8127,none,,,False,,17,0,,,
17,65,True,0.721012,0.721,none,,,False,,17,0,,,
17,4,True,0.360386,0.3604,none,,,False,,17,0,,,
17,80,True,0.488321,0.4883,none,,,False,,17,0,,,
17,72,True,0.498941,0.4989,none,,,False,,17,0,,,
17,69,True,0.257522,0.2575,none,,,False,,17,0,,,
17,12,True,0.665607,0.6656,none,,,False,,17,0,,,
17,99,True,0.381785,0.3818,none,,,False,,17,0,,,
17,0,True,0.571529,0.5715,none,,,False,,17,0,,,
17,87,True,0.534443,0.5344,none,,,False,,17,0,,,
17,42,True,0.471769,0.4718,none,,,False,,17,0,,,
17,88,True,0.372747,0.3727,none,,,False,,17,0,,,
17,84,True,0.566678,0.5667,none,,,False,,17,0,,,
17,98,True,0.489459,0.4895,none,,,False,,17,0,,,
17,54,True,0.499582,0.4996,none,,,False,,17,0,,,
17,52,True,0.481367,0.4814,none,,,False,,17,0,,,
17,64,True,0.547544,0.5475,none,,,False,,17,0,,,
17,11,True,0.59079,0.5908,none,,,False,,17,0,,,
17,73,True,0.322773,0.3228,none,,,False,,17,0,,,
17,83,True,0.44516,0.4452,none,,,False,,17,0,,,
17,47,True,0.473084,0.4731,none,,,False,,17,0,,,
17,91,True,0.559542,0.5595,none,,,False,,17,0,,,
17,16,True,0.327696,0.3277,none,,,False,,17,0,,,
17,32,True,0.589605,0.5896,none,,,False,,17,0,,,
17,41,True,0.30165,0.3016,none,,,False,,17,0,,,
17,96,True,0.047406,0.0474,none,,,False,,17,0,,,
17,85,True,0.574081,0.5741,none,,,False,,17,0,,,
17,90,True,0.316624,0.3166,none,,,False,,17,0,,,
17,46,True,0.443577,0.4436,none,,,False,,17,0,,,
17,10,True,0.72042,0.7204,none,,,False,,17,0,,,
17,1,True,0.80717,0.8072,none,,,False,,17,0,,,
17,17,True,0.303424,0.3034,none,,,False,,17,0,,,
17,56,True,0.388523,0.3885,none,,,False,,17,0,,,
17,43,True,0.337335,0.3373,none,,,False,,17,0,,,
17,14,True,0.384303,0.3843,none,,,False,,17,0,,,
17,62,True,0.717234,0.7172,none,,,False,,17,0,,,
17,22,True,0.548743,0.5487,none,,,False,,17,0,,,
17,55,True,0.36343,0.3634,none,,,False,,17,0,,,
17,20,True,0.839472,0.8395,none,,,False,,17,0,,,
17,76,True,0.428453,0.4285,none,,,False,,17,0,,,
17,8,True,0.338542,0.3385,none,,,False,,17,0,,,
18,70,True,0.220121,0.2201,none,,,False,,18,0,,,
18,71,True,0.647743,0.6477,none,,,False,,18,0,,,
18,52,True,0.320419,0.3204,none,,,False,,18,0,,,
18,67,True,0.580045,0.58,none,,,False,,18,0,,,
18,75,True,0.321831,0.3218,none,,,False,,18,0,,,
18,14,True,0.312428,0.3124,none,,,False,,18,0,,,
18,10,True,0.546363,0.5464,none,,,False,,18,0,,,
18,54,True,0.218957,0.219,none,,,False,,18,0,,,
18,5,True,1.2813,1.2813,none,,,False,,18,0,,,
18,49,True,0.600355,0.6004,none,,,False,,18,0,,,
18,23,True,0.506406,0.5064,none,,,False,,18,0,,,
18,82,True,0.517339,0.5173,none,,,False,,18,0,,,
18,42,True,0.511792,0.5118,none,,,False,,18,0,,,
18,27,True,0.942713,0.9427,none,,,False,,18,0,,,
18,18,True,0.365981,0.366,none,,,False,,18,0,,,
18,44,True,0.810324,0.8103,none,,,False,,18,0,,,
18,62,True,0.710892,0.7109,none,,,False,,18,0,,,
18,66,True,0.339767,0.3398,none,,,False,,18,0,,,
18,24,True,0.660102,0.6601,none,,,False,,18,0,,,
18,43,True,0.369832,0.3698,none,,,False,,18,0,,,
18,89,True,0.444817,0.4448,none,,,False,,18,0,,,
18,16,True,0.351219,0.3512,none,,,False,,18,0,,,
18,26,True,0.494418,0.4944,none,,,False,,18,0,,,
18,35,True,0.994166,0.9942,none,,,False,,18,0,,,
18,64,True,0.635558,0.6356,none,,,False,,18,0,,,
18,65,True,0.446365,0.4464,none,,,False,,18,0,,,
18,39,True,0.295475,0.2955,none,,,False,,18,0,,,
18,76,True,0.218098,0.2181,none,,,False,,18,0,,,
18,90,True,0.359171,0.3592,none,,,False,,18,0,,,
18,9,True,0.392681,0.3927,none,,,False,,18,0,,,
18,47,True,0.485591,0.4856,none,,,False,,18,0,,,
18,32,True,0.628131,0.6281,none,,,False,,18,0,,,
18,59,True,0.484087,0.4841,none,,,False,,18,0,,,
18,68,True,0.962499,0.9625,none,,,False,,18,0,,,
18,37,True,0.391732,0.3917,none,,,False,,18,0,,,
18,30,True,0.677697,0.6777,none,,,False,,18,0,,,
18,86,True,0.588426,0.5884,none,,,False,,18,0,,,
18,7,True,0.477082,0.4771,none,,,False,,18,0,,,
18,69,True,0.396261,0.3963,none,,,False,,18,0,,,
18,94,True,0.550238,0.5502,none,,,False,,18,0,,,
18,98,True,0.518699,0.5187,none,,,False,,18,0,,,
18,81,True,0.626215,0.6262,none,,,False,,18,0,,,
18,12,True,0.434862,0.4349,none,,,False,,18,0,,,
18,58,True,0.604443,0.6044,none,,,False,,18,0,,,
18,40,True,0.474173,0.4742,none,,,False,,18,0,,,
18,22,True,0.466908,0.4669,none,,,False,,18,0,,,
18,72,True,0.376809,0.3768,none,,,False,,18,0,,,
18,88,True,0.354186,0.3542,none,,,False,,18,0,,,
18,92,True,0.593859,0.5939,none,,,False,,18,0,,,
18,93,True,0.559824,0.5598,none,,,False,,18,0,,,
19,27,True,0.713415,0.7134,none,,,False,,19,0,,,
19,84,True,0.412778,0.4128,none,,,False,,19,0,,,
19,36,True,0.857651,0.8577,none,,,False,,19,0,,,
19,6,True,0.410674,0.4107,none,,,False,,19,0,,,
19,25,True,0.453945,0.4539,none,,,False,,19,0,,,
19,83,True,0.469168,0.4692,none,,,False,,19,0,,,
19,0,True,0.482485,0.4825,none,,,False,,19,0,,,
19,90,True,0.233658,0.2337,none,,,False,,19,0,,,
19,34,True,0.707621,0.7076,none,,,False,,19,0,,,
19,96,True,0.185211,0.1852,none,,,False,,19,0,,,
19,74,True,0.850576,0.8506,none,,,False,,19,0,,,
19,99,True,0.39877,0.3988,none,,,False,,19,0,,,
19,20,True,0.881994,0.882,none,,,False,,19,0,,,
19,1,True,0.777003,0.777,none,,,False,,19,0,,,
19,17,True,0.321266,0.3213,none,,,False,,19,0,,,
19,49,True,0.308924,0.3089,none,,,False,,19,0,,,
19,70,True,0.137538,0.1375,none,,,False,,19,0,,,
19,65,True,0.766013,0.766,none,,,False,,19,0,,,
19,54,True,0.47965,0.4796,none,,,False,,19,0,,,
19,18,True,0.427549,0.4275,none,,,False,,19,0,,,
19,59,True,0.530756,0.5308,none,,,False,,19,0,,,
19,11,True,0.481697,0.4817,none,,,False,,19,0,,,
19,32,True,0.665956,0.666,none,,,False,,19,0,,,
19,30,True,0.347059,0.3471,none,,,False,,19,0,,,
19,21,True,0.668237,0.6682,none,,,False,,19,0,,,
19,95,True,1.313303,1.3133,none,,,False,,19,0,,,
19,71,True,0.643253,0.6433,none,,,False,,19,0,,,
19,40,True,0.499823,0.4998,none,,,False,,19,0,,,
19,10,True,0.636717,0.6367,none,,,False,,19,0,,,
19,94,True,0.461909,0.4619,none,,,False,,19,0,,,
19,43,True,0.232601,0.2326,none,,,False,,19,0,,,
19,38,True,0.465314,0.4653,none,,,False,,19,0,,,
19,5,True,0.936029,0.936,none,,,False,,19,0,,,
19,80,True,0.450992,0.451,none,,,False,,19,0,,,
19,3,True,0.672643,0.6726,none,,,False,,19,0,,,
19,63,True,0.553323,0.5533,none,,,False,,19,0,,,
19,9,True,0.385306,0.3853,none,,,False,,19,0,,,
19,19,True,1.074927,1.0749,none,,,False,,19,0,,,
19,68,True,0.459742,0.4597,none,,,False,,19,0,,,
19,82,True,0.458443,0.4584,none,,,False,,19,0,,,
19,98,True,0.468537,0.4685,none,,,False,,19,0,,,
19,35,True,0.726932,0.7269,none,,,False,,19,0,,,
19,73,True,0.336492,0.3365,none,,,False,,19,0,,,
19,52,True,0.324338,0.3243,none,,,False,,19,0,,,
19,12,True,0.687451,0.6875,none,,,False,,19,0,,,
19,93,True,0.447343,0.4473,none,,,False,,19,0,,,
19,26,True,0.321831,0.3218,none,,,False,,19,0,,,
19,69,True,0.40039,0.4004,none,,,False,,19,0,,,
19,13,True,1.039117,1.0391,none,,,False,,19,0,,,
19,79,True,0.352795,0.3528,none,,,False,,19,0,,,
20,17,True,0.333555,0.3336,none,,,False,,20,0,,,
20,40,True,0.459555,0.4596,none,,,False,,20,0,,,
20,70,True,0.183226,0.1832,none,,,False,,20,0,,,
20,18,True,0.413257,0.4133,none,,,False,,20,0,,,
20,51,True,0.489962,0.49,none,,,False,,20,0,,,
20,64,True,0.544894,0.5449,none,,,False,,20,0,,,
20,33,True,0.359331,0.3593,none,,,False,,20,0,,,
20,5,True,1.064054,1.0641,none,,,False,,20,0,,,
20,94,True,0.581086,0.5811,none,,,False,,20,0,,,
20,24,True,0.19139,0.1914,none,,,False,,20,0,,,
20,11,True,0.594314,0.5943,none,,,False,,20,0,,,
20,39,True,0.310845,0.3108,none,,,False,,20,0,,,
20,22,True,0.623846,0.6238,none,,,False,,20,0,,,
20,98,True,0.544887,0.5449,none,,,False,,20,0,,,
20,47,True,0.587195,0.5872,none,,,False,,20,0,,,
20,61,True,0.768149,0.7681,none,,,False,,20,0,,,
20,93,True,0.474944,0.4749,none,,,False,,20,0,,,
20,42,True,0.374993,0.375,none,,,False,,20,0,,,
20,71,True,0.715129,0.7151,none,,,False,,20,0,,,
20,69,True,0.351923,0.3519,none,,,False,,20,0,,,
20,50,True,0.266092,0.2661,none,,,False,,20,0,,,
20,85,True,0.501463,0.5015,none,,,False,,20,0,,,
20,37,True,0.356062,0.3561,none,,,False,,20,0,,,
20,62,True,0.733012,0.733,none,,,False,,20,0,,,
20,2,True,0.562385,0.5624,none,,,False,,20,0,,,
20,27,True,0.967462,0.9675,none,,,False,,20,0,,,
20,12,True,0.588224,0.5882,none,,,False,,20,0,,,
20,8,True,0.56471,0.5647,none,,,False,,20,0,,,
20,44,True,0.834351,0.8344,none,,,False,,20,0,,,
20,68,True,0.834506,0.8345,none,,,False,,20,0,,,
20,78,True,0.914555,0.9146,none,,,False,,20,0,,,
20,35,True,0.807334,0.8073,none,,,False,,20,0,,,
20,13,True,0.969258,0.9693,none,,,False,,20,0,,,
20,0,True,0.550423,0.5504,none,,,False,,20,0,,,
20,36,True,0.687824,0.6878,none,,,False,,20,0,,,
20,54,True,0.380134,0.3801,none,,,False,,20,0,,,
20,55,True,0.451918,0.4519,none,,,False,,20,0,,,
20,9,True,0.39614,0.3961,none,,,False,,20,0,,,
20,84,True,0.577297,0.5773,none,,,False,,20,0,,,
20,14,True,0.278969,0.279,none,,,False,,20,0,,,
20,96,True,0.245058,0.2451,none,,,False,,20,0,,,
20,26,True,0.284266,0.2843,none,,,False,,20,0,,,
20,75,True,0.390885,0.3909,none,,,False,,20,0,,,
20,99,True,0.233258,0.2333,none,,,False,,20,0,,,
20,58,True,0.567718,0.5677,none,,,False,,20,0,,,
20,3,True,0.466541,0.4665,none,,,False,,20,0,,,
20,23,True,0.531759,0.5318,none,,,False,,20,0,,,
20,34,True,0.624574,0.6246,none,,,False,,20,0,,,
20,48,True,0.727706,0.7277,none,,,False,,20,0,,,
20,74,True,0.786521,0.7865,none,,,False,,20,0,,,
21,80,True,0.38757,0.3876,none,,,False,,21,0,,,
21,33,True,0.371634,0.3716,none,,,False,,21,0,,,
21,49,True,0.364583,0.3646,none,,,False,,21,0,,,
21,77,True,0.89366,0.8937,none,,,False,,21,0,,,
21,47,True,0.614052,0.6141,none,,,False,,21,0,,,
21,63,True,0.458426,0.4584,none,,,False,,21,0,,,
21,69,True,0.354709,0.3547,none,,,False,,21,0,,,
21,29,True,0.558292,0.5583,none,,,False,,21,0,,,
21,50,True,0.245385,0.2454,none,,,False,,21,0,,,
21,61,True,0.920158,0.9202,none,,,False,,21,0,,,
21,93,True,0.48738,0.4874,none,,,False,,21,0,,,
21,40,True,0.478825,0.4788,none,,,False,,21,0,,,
21,41,True,0.325011,0.325,none,,,False,,21,0,,,
21,76,True,0.246227,0.2462,none,,,False,,21,0,,,
21,12,True,0.325968,0.326,none,,,False,,21,0,,,
21,96,True,0.257313,0.2573,none,,,False,,21,0,,,
21,18,True,0.470312,0.4703,none,,,False,,21,0,,,
21,2,True,0.508889,0.5089,none,,,False,,21,0,,,
21,36,True,0.821692,0.8217,none,,,False,,21,0,,,
21,73,True,0.325761,0.3258,none,,,False,,21,0,,,
21,4,True,0.420572,0.4206,none,,,False,,21,0,,,
21,87,True,0.537695,0.5377,none,,,False,,21,0,,,
21,37,True,0.48326,0.4833,none,,,False,,21,0,,,
21,82,True,0.525849,0.5258,none,,,False,,21,0,,,
21,85,True,0.458363,0.4584,none,,,False,,21,0,,,
21,90,True,0.388146,0.3881,none,,,False,,21,0,,,
21,56,True,0.522225,0.5222,none,,,False,,21,0,,,
21,60,True,0.706514,0.7065,none,,,False,,21,0,,,
21,52,True,0.072543,0.0725,none,,,False,,21,0,,,
21,44,True,0.656685,0.6567,none,,,False,,21,0,,,
21,62,True,0.691106,0.6911,none,,,False,,21,0,,,
21,59,True,0.675438,0.6754,none,,,False,,21,0,,,
21,67,True,0.523293,0.5233,none,,,False,,21,0,,,
21,0,True,0.255741,0.2557,none,,,False,,21,0,,,
21,6,True,0.273945,0.2739,none,,,False,,21,0,,,
21,55,True,0.321859,0.3219,none,,,False,,21,0,,,
21,34,True,0.793121,0.7931,none,,,False,,21,0,,,
21,78,True,0.646417,0.6464,none,,,False,,21,0,,,
21,84,True,0.532733,0.5327,none,,,False,,21,0,,,
21,27,True,0.807623,0.8076,none,,,False,,21,0,,,
21,19,True,0.99001,0.99,none,,,False,,21,0,,,
21,91,True,0.591291,0.5913,none,,,False,,21,0,,,
21,32,True,0.384686,0.3847,none,,,False,,21,0,,,
21,9,True,0.464112,0.4641,none,,,False,,21,0,,,
21,64,True,0.543457,0.5435,none,,,False,,21,0,,,
21,45,True,0.473905,0.4739,none,,,False,,21,0,,,
21,81,True,0.244013,0.244,none,,,False,,21,0,,,
21,35,True,0.927744,0.9277,none,,,False,,21,0,,,
21,58,True,0.476539,0.4765,none,,,False,,21,0,,,
21,11,True,0.642309,0.6423,none,,,False,,21,0,,,
22,42,True,0.327043,0.327,none,,,False,,22,0,,,
22,4,True,0.234602,0.2346,none,,,False,,22,0,,,
22,39,True,0.295881,0.2959,none,,,False,,22,0,,,
22,17,True,0.367304,0.3673,none,,,False,,22,0,,,
22,43,True,0.304431,0.3044,none,,,False,,22,0,,,
22,86,True,0.604,0.604,none,,,False,,22,0,,,
22,49,True,0.433677,0.4337,none,,,False,,22,0,,,
22,56,True,0.425688,0.4257,none,,,False,,22,0,,,
22,91,True,0.6401,0.6401,none,,,False,,22,0,,,
22,88,True,0.5496,0.5496,none,,,False,,22,0,,,
22,54,True,0.427362,0.4274,none,,,False,,22,0,,,
22,90,True,0.292175,0.2922,none,,,False,,22,0,,,
22,70,True,0.136305,0.1363,none,,,False,,22,0,,,
22,84,True,0.633375,0.6334,none,,,False,,22,0,,,
22,71,True,0.57895,0.579,none,,,False,,22,0,,,
22,23,True,0.710775,0.7108,none,,,False,,22,0,,,
22,57,True,0.552978,0.553,none,,,False,,22,0,,,
22,36,True,0.668378,0.6684,none,,,False,,22,0,,,
22,87,True,0.702008,0.702,none,,,False,,22,0,,,
22,37,True,0.378244,0.3782,none,,,False,,22,0,,,
22,30,True,0.344569,0.3446,none,,,False,,22,0,,,
22,51,True,0.563474,0.5635,none,,,False,,22,0,,,
22,1,True,0.830366,0.8304,none,,,False,,22,0,,,
22,55,True,0.448714,0.4487,none,,,False,,22,0,,,
22,63,True,0.279713,0.2797,none,,,False,,22,0,,,
22,12,True,0.684142,0.6841,none,,,False,,22,0,,,
22,92,True,0.670968,0.671,none,,,False,,22,0,,,
22,78,True,0.908376,0.9084,none,,,False,,22,0,,,
22,18,True,0.28235,0.2823,none,,,False,,22,0,,,
22,66,True,0.421028,0.421,none,,,False,,22,0,,,
22,21,True,0.657395,0.6574,none,,,False,,22,0,,,
22,22,True,0.570989,0.571,none,,,False,,22,0,,,
22,7,True,0.377668,0.3777,none,,,False,,22,0,,,
22,10,True,0.679964,0.68,none,,,False,,22,0,,,
22,20,True,0.723291,0.7233,none,,,False,,22,0,,,
22,65,True,0.649273,0.6493,none,,,False,,22,0,,,
22,61,True,0.604435,0.6044,none,,,False,,22,0,,,
22,76,True,0.393763,0.3938,none,,,False,,22,0,,,
22,77,True,0.616494,0.6165,none,,,False,,22,0,,,
22,99,True,0.394765,0.3948,none,,,False,,22,0,,,
22,48,True,0.758853,0.7589,none,,,False,,22,0,,,
22,6,True,0.223921,0.2239,none,,,False,,22,0,,,
22,73,True,0.33106,0.3311,none,,,False,,22,0,,,
22,80,True,0.428335,0.4283,none,,,False,,22,0,,,
22,69,True,0.388275,0.3883,none,,,False,,22,0,,,
22,59,True,0.569392,0.5694,none,,,False,,22,0,,,
22,9,True,0.388692,0.3887,none,,,False,,22,0,,,
22,24,True,0.463357,0.4634,none,,,False,,22,0,,,
22,85,True,0.627419,0.6274,none,,,False,,22,0,,,
22,52,True,0.463688,0.4637,none,,,False,,22,0,,,
23,67,True,0.548317,0.5483,none,,,False,,23,0,,,
23,88,True,0.238732,0.2387,none,,,False,,23,0,,,
23,97,True,0.482926,0.4829,none,,,False,,23,0,,,
23,72,True,0.396741,0.3967,none,,,False,,23,0,,,
23,95,True,1.135521,1.1355,none,,,False,,23,0,,,
23,15,True,0.61549,0.6155,none,,,False,,23,0,,,
23,34,True,0.660042,0.66,none,,,False,,23,0,,,
23,37,True,0.401793,0.4018,none,,,False,,23,0,,,
23,17,True,0.346138,0.3461,none,,,False,,23,0,,,
23,65,True,0.543962,0.544,none,,,False,,23,0,,,
23,90,True,0.355981,0.356,none,,,False,,23,0,,,
23,87,True,0.637349,0.6373,none,,,False,,23,0,,,
23,40,True,0.320991,0.321,none,,,False,,23,0,,,
23,23,True,0.57413,0.5741,none,,,False,,23,0,,,
23,0,True,0.439923,0.4399,none,,,False,,23,0,,,
23,71,True,0.65142,0.6514,none,,,False,,23,0,,,
23,9,True,0.446681,0.4467,none,,,False,,23,0,,,
23,89,True,0.350939,0.3509,none,,,False,,23,0,,,
23,11,True,0.672891,0.6729,none,,,False,,23,0,,,
23,31,True,1.166867,1.1669,none,,,False,,23,0,,,
23,26,True,0.442238,0.4422,none,,,False,,23,0,,,
23,55,True,0.455428,0.4554,none,,,False,,23,0,,,
23,14,True,0.334082,0.3341,none,,,False,,23,0,,,
23,16,True,0.35447,0.3545,none,,,False,,23,0,,,
23,10,True,0.484987,0.485,none,,,False,,23,0,,,
23,94,True,0.580473,0.5805,none,,,False,,23,0,,,
23,58,True,0.379612,0.3796,none,,,False,,23,0,,,
23,99,True,0.120864,0.1209,none,,,False,,23,0,,,
23,22,True,0.489662,0.4897,none,,,False,,23,0,,,
23,33,True,0.380002,0.38,none,,,False,,23,0,,,
23,36,True,0.695109,0.6951,none,,,False,,23,0,,,
23,20,True,0.608643,0.6086,none,,,False,,23,0,,,
23,62,True,0.67934,0.6793,none,,,False,,23,0,,,
23,86,True,0.529451,0.5295,none,,,False,,23,0,,,
23,38,True,0.357971,0.358,none,,,False,,23,0,,,
23,44,True,0.69871,0.6987,none,,,False,,23,0,,,
23,2,True,0.583098,0.5831,none,,,False,,23,0,,,
23,18,True,0.3955,0.3955,none,,,False,,23,0,,,
23,92,True,0.65418,0.6542,none,,,False,,23,0,,,
23,60,True,0.464167,0.4642,none,,,False,,23,0,,,
23,61,True,0.857758,0.8578,none,,,False,,23,0,,,
23,28,True,0.6407,0.6407,none,,,False,,23,0,,,
23,51,True,0.599333,0.5993,none,,,False,,23,0,,,
23,25,True,0.543035,0.543,none,,,False,,23,0,,,
23,56,True,0.528719,0.5287,none,,,False,,23,0,,,
23,93,True,0.494645,0.4946,none,,,False,,23,0,,,
23,12,True,0.295285,0.2953,none,,,False,,23,0,,,
23,80,True,0.38817,0.3882,none,,,False,,23,0,,,
23,98,True,0.511218,0.5112,none,,,False,,23,0,,,
23,64,True,0.598457,0.5985,none,,,False,,23,0,,,
24,7,True,0.526938,0.5269,none,,,False,,24,0,,,
24,12,True,0.51918,0.5192,none,,,False,,24,0,,,
24,35,True,0.929689,0.9297,none,,,False,,24,0,,,
24,79,True,0.430932,0.4309,none,,,False,,24,0,,,
24,44,True,0.745328,0.7453,none,,,False,,24,0,,,
24,23,True,0.565742,0.5657,none,,,False,,24,0,,,
24,2,True,0.268686,0.2687,none,,,False,,24,0,,,
24,34,True,0.496194,0.4962,none,,,False,,24,0,,,
24,9,True,0.427643,0.4276,none,,,False,,24,0,,,
24,66,True,0.602345,0.6023,none,,,False,,24,0,,,
24,10,True,0.498163,0.4982,none,,,False,,24,0,,,
24,25,True,0.443968,0.444,none,,,False,,24,0,,,
24,59,True,0.471579,0.4716,none,,,False,,24,0,,,
24,0,True,0.558575,0.5586,none,,,False,,24,0,,,
24,67,True,0.365641,0.3656,none,,,False,,24,0,,,
24,3,True,0.573796,0.5738,none,,,False,,24,0,,,
24,90,True,0.359806,0.3598,none,,,False,,24,0,,,
24,87,True,0.730658,0.7307,none,,,False,,24,0,,,
24,72,True,0.421666,0.4217,none,,,False,,24,0,,,
24,54,True,0.395563,0.3956,none,,,False,,24,0,,,
24,71,True,0.671256,0.6713,none,,,False,,24,0,,,
24,81,True,0.034876,0.0349,none,,,False,,24,0,,,
24,97,True,0.597828,0.5978,none,,,False,,24,0,,,
24,58,True,0.596044,0.596,none,,,False,,24,0,,,
24,48,True,0.719495,0.7195,none,,,False,,24,0,,,
24,32,True,0.66034,0.6603,none,,,False,,24,0,,,
24,77,True,0.916255,0.9163,none,,,False,,24,0,,,
24,85,True,0.709945,0.7099,none,,,False,,24,0,,,
24,18,True,0.398547,0.3985,none,,,False,,24,0,,,
24,78,True,1.078215,1.0782,none,,,False,,24,0,,,
24,50,True,0.480518,0.4805,none,,,False,,24,0,,,
24,99,True,0.337703,0.3377,none,,,False,,24,0,,,
24,5,True,0.605686,0.6057,none,,,False,,24,0,,,
24,43,True,0.377568,0.3776,none,,,False,,24,0,,,
24,11,True,0.426946,0.4269,none,,,False,,24,0,,,
24,20,True,0.718733,0.7187,none,,,False,,24,0,,,
24,15,True,0.372775,0.3728,none,,,False,,24,0,,,
24,63,True,0.406574,0.4066,none,,,False,,24,0,,,
24,98,True,0.305237,0.3052,none,,,False,,24,0,,,
24,82,True,0.468084,0.4681,none,,,False,,24,0,,,
24,55,True,0.111158,0.1112,none,,,False,,24,0,,,
24,65,True,0.739941,0.7399,none,,,False,,24,0,,,
24,73,True,0.329248,0.3292,none,,,False,,24,0,,,
24,4,True,0.380024,0.38,none,,,False,,24,0,,,
24,26,True,0.310971,0.311,none,,,False,,24,0,,,
24,89,True,0.406446,0.4064,none,,,False,,24,0,,,
24,41,True,0.468482,0.4685,none,,,False,,24,0,,,
24,39,True,0.414521,0.4145,none,,,False,,24,0,,,
24,19,True,0.994041,0.994,none,,,False,,24,0,,,
24,49,True,0.487716,0.4877,none,,,False,,24,0,,,
25,67,True,0.552663,0.5527,none,,,False,,25,0,,,
25,0,True,0.545239,0.5452,none,,,False,,25,0,,,
25,33,True,0.285723,0.2857,none,,,False,,25,0,,,
25,89,True,0.37836,0.3784,none,,,False,,25,0,,,
25,96,True,0.052115,0.0521,none,,,False,,25,0,,,
25,60,True,0.718032,0.718,none,,,False,,25,0,,,
25,81,True,0.600342,0.6003,none,,,False,,25,0,,,
25,2,True,0.595374,0.5954,none,,,False,,25,0,,,
25,4,True,0.244763,0.2448,none,,,False,,25,0,,,
25,29,True,0.489492,0.4895,none,,,False,,25,0,,,
25,66,True,0.438132,0.4381,none,,,False,,25,0,,,
25,12,True,0.644772,0.6448,none,,,False,,25,0,,,
25,87,True,0.425001,0.425,none,,,False,,25,0,,,
25,72,True,0.494441,0.4944,none,,,False,,25,0,,,
25,35,True,0.646739,0.6467,none,,,False,,25,0,,,
25,25,True,0.415454,0.4155,none,,,False,,25,0,,,
25,7,True,0.492101,0.4921,none,,,False,,25,0,,,
25,10,True,0.525233,0.5252,none,,,False,,25,0,,,
25,15,True,0.6501,0.6501,none,,,False,,25,0,,,
25,41,True,0.262154,0.2622,none,,,False,,25,0,,,
25,59,True,0.529582,0.5296,none,,,False,,25,0,,,
25,30,True,0.385895,0.3859,none,,,False,,25,0,,,
25,58,True,0.619198,0.6192,none,,,False,,25,0,,,
25,97,True,0.559808,0.5598,none,,,False,,25,0,,,
25,18,True,0.332277,0.3323,none,,,False,,25,0,,,
25,80,True,0.540494,0.5405,none,,,False,,25,0,,,
25,9,True,0.194767,0.1948,none,,,False,,25,0,,,
25,20,True,0.639017,0.639,none,,,False,,25,0,,,
25,23,True,0.731489,0.7315,none,,,False,,25,0,,,
25,90,True,0.372672,0.3727,none,,,False,,25,0,,,
25,42,True,0.411733,0.4117,none,,,False,,25,0,,,
25,45,True,0.528188,0.5282,none,,,False,,25,0,,,
25,39,True,0.309129,0.3091,none,,,False,,25,0,,,
25,84,True,0.551383,0.5514,none,,,False,,25,0,,,
25,43,True,0.37031,0.3703,none,,,False,,25,0,,,
25,26,True,0.265217,0.2652,none,,,False,,25,0,,,
25,52,True,0.252729,0.2527,none,,,False,,25,0,,,
25,38,True,0.300302,0.3003,none,,,False,,25,0,,,
25,57,True,0.632424,0.6324,none,,,False,,25,0,,,
25,75,True,0.305696,0.3057,none,,,False,,25,0,,,
25,24,True,0.402556,0.4026,none,,,False,,25,0,,,
25,34,True,0.565371,0.5654,none,,,False,,25,0,,,
25,55,True,0.382748,0.3827,none,,,False,,25,0,,,
25,99,True,0.183476,0.1835,none,,,False,,25,0,,,
25,54,True,0.354144,0.3541,none,,,False,,25,0,,,
25,56,True,0.544186,0.5442,none,,,False,,25,0,,,
25,62,True,0.786351,0.7864,none,,,False,,25,0,,,
25,86,True,0.571706,0.5717,none,,,False,,25,0,,,
25,32,True,0.316009,0.316,none,,,False,,25,0,,,
25,22,True,0.674649,0.6746,none,,,False,,25,0,,,
26,27,True,0.874391,0.8744,none,,,False,,26,0,,,
26,80,True,0.407308,0.4073,none,,,False,,26,0,,,
26,49,True,0.298097,0.2981,none,,,False,,26,0,,,
26,53,True,0.528918,0.5289,none,,,False,,26,0,,,
26,13,True,1.182552,1.1826,none,,,False,,26,0,,,
26,97,True,0.601708,0.6017,none,,,False,,26,0,,,
26,74,True,0.939554,0.9396,none,,,False,,26,0,,,
26,33,True,0.254242,0.2542,none,,,False,,26,0,,,
26,8,True,0.353208,0.3532,none,,,False,,26,0,,,
26,84,True,0.443702,0.4437,none,,,False,,26,0,,,
26,79,True,0.272674,0.2727,none,,,False,,26,0,,,
26,57,True,0.468924,0.4689,none,,,False,,26,0,,,
26,23,True,0.698812,0.6988,none,,,False,,26,0,,,
26,36,True,0.620801,0.6208,none,,,False,,26,0,,,
26,18,True,0.287712,0.2877,none,,,False,,26,0,,,
26,20,True,0.654798,0.6548,none,,,False,,26,0,,,
26,21,True,0.554156,0.5542,none,,,False,,26,0,,,
26,87,True,0.710279,0.7103,none,,,False,,26,0,,,
26,65,True,0.688091,0.6881,none,,,False,,26,0,,,
26,9,True,0.37407,0.3741,none,,,False,,26,0,,,
26,14,True,0.335831,0.3358,none,,,False,,26,0,,,
26,39,True,0.327605,0.3276,none,,,False,,26,0,,,
26,96,True,-0.06424,-0.0642,none,,,False,,26,0,,,
26,94,True,0.379071,0.3791,none,,,False,,26,0,,,
26,58,True,0.603944,0.6039,none,,,False,,26,0,,,
26,4,True,0.310175,0.3102,none,,,False,,26,0,,,
26,90,True,0.199277,0.1993,none,,,False,,26,0,,,
26,6,True,0.340503,0.3405,none,,,False,,26,0,,,
26,2,True,0.486696,0.4867,none,,,False,,26,0,,,
26,15,True,0.382651,0.3827,none,,,False,,26,0,,,
26,69,True,0.435402,0.4354,none,,,False,,26,0,,,
26,67,True,0.349409,0.3494,none,,,False,,26,0,,,
26,37,True,0.301607,0.3016,none,,,False,,26,0,,,
26,34,True,0.590798,0.5908,none,,,False,,26,0,,,
26,22,True,0.621226,0.6212,none,,,False,,26,0,,,
26,63,True,0.418112,0.4181,none,,,False,,26,0,,,
26,29,True,0.440399,0.4404,none,,,False,,26,0,,,
26,42,True,0.287806,0.2878,none,,,False,,26,0,,,
26,3,True,0.535095,0.5351,none,,,False,,26,0,,,
26,48,True,0.704505,0.7045,none,,,False,,26,0,,,
26,51,True,0.544462,0.5445,none,,,False,,26,0,,,
26,10,True,0.497193,0.4972,none,,,False,,26,0,,,
26,89,True,0.436167,0.4362,none,,,False,,26,0,,,
26,85,True,0.723408,0.7234,none,,,False,,26,0,,,
26,91,True,0.569342,0.5693,none,,,False,,26,0,,,
26,76,True,0.369797,0.3698,none,,,False,,26,0,,,
26,7,True,0.436565,0.4366,none,,,False,,26,0,,,
26,95,True,1.193438,1.1934,none,,,False,,26,0,,,
26,64,True,0.471714,0.4717,none,,,False,,26,0,,,
26,17,True,0.343893,0.3439,none,,,False,,26,0,,,
27,87,True,0.674362,0.6744,none,,,False,,27,0,,,
27,72,True,0.571441,0.5714,none,,,False,,27,0,,,
27,59,True,0.630819,0.6308,none,,,False,,27,0,,,
27,89,True,0.402667,0.4027,none,,,False,,27,0,,,
27,29,True,0.486063,0.4861,none,,,False,,27,0,,,
27,90,True,0.235563,0.2356,none,,,False,,27,0,,,
27,84,True,0.552359,0.5524,none,,,False,,27,0,,,
27,34,True,0.692361,0.6924,none,,,False,,27,0,,,
27,44,True,0.815263,0.8153,none,,,False,,27,0,,,
27,80,True,0.355419,0.3554,none,,,False,,27,0,,,
27,71,True,0.520577,0.5206,none,,,False,,27,0,,,
27,6,True,0.366822,0.3668,none,,,False,,27,0,,,
27,86,True,0.56421,0.5642,none,,,False,,27,0,,,
27,81,True,0.338117,0.3381,none,,,False,,27,0,,,
27,14,True,0.359083,0.3591,none,,,False,,27,0,,,
27,36,True,0.651942,0.6519,none,,,False,,27,0,,,
27,53,True,0.320212,0.3202,none,,,False,,27,0,,,
27,93,True,0.360242,0.3602,none,,,False,,27,0,,,
27,60,True,0.626857,0.6269,none,,,False,,27,0,,,
27,25,True,0.468411,0.4684,none,,,False,,27,0,,,
27,26,True,0.282058,0.2821,none,,,False,,27,0,,,
27,9,True,0.423953,0.424,none,,,False,,27,0,,,
27,70,True,0.168299,0.1683,none,,,False,,27,0,,,
27,66,True,0.456096,0.4561,none,,,False,,27,0,,,
27,83,True,0.36525,0.3653,none,,,False,,27,0,,,
27,74,True,0.803618,0.8036,none,,,False,,27,0,,,
27,11,True,0.540645,0.5406,none,,,False,,27,0,,,
27,22,True,0.748003,0.748,none,,,False,,27,0,,,
27,38,True,0.287958,0.288,none,,,False,,27,0,,,
27,20,True,0.637248,0.6372,none,,,False,,27,0,,,
27,63,True,0.329405,0.3294,none,,,False,,27,0,,,
27,21,True,0.569025,0.569,none,,,False,,27,0,,,
27,4,True,0.283094,0.2831,none,,,False,,27,0,,,
27,58,True,0.474143,0.4741,none,,,False,,27,0,,,
27,92,True,0.673971,0.674,none,,,False,,27,0,,,
27,31,True,1.011863,1.0119,none,,,False,,27,0,,,
27,16,True,0.241366,0.2414,none,,,False,,27,0,,,
27,23,True,0.699484,0.6995,none,,,False,,27,0,,,
27,62,True,0.564119,0.5641,none,,,False,,27,0,,,
27,24,True,0.556399,0.5564,none,,,False,,27,0,,,
27,73,True,0.42207,0.4221,none,,,False,,27,0,,,
27,88,True,0.51778,0.5178,none,,,False,,27,0,,,
27,45,True,0.599645,0.5996,none,,,False,,27,0,,,
27,91,True,0.552075,0.5521,none,,,False,,27,0,,,
27,17,True,0.311116,0.3111,none,,,False,,27,0,,,
27,10,True,0.521089,0.5211,none,,,False,,27,0,,,
27,39,True,0.219302,0.2193,none,,,False,,27,0,,,
27,99,True,0.346512,0.3465,none,,,False,,27,0,,,
27,61,True,0.716917,0.7169,none,,,False,,27,0,,,
27,82,True,0.442452,0.4425,none,,,False,,27,0,,,
28,6,True,0.263608,0.2636,none,,,False,,28,0,,,
28,23,True,0.649731,0.6497,none,,,False,,28,0,,,
28,84,True,0.350774,0.3508,none,,,False,,28,0,,,
28,81,True,0.269475,0.2695,none,,,False,,28,0,,,
28,63,True,0.312905,0.3129,none,,,False,,28,0,,,
28,68,True,0.736677,0.7367,none,,,False,,28,0,,,
28,31,True,1.046581,1.0466,none,,,False,,28,0,,,
28,65,True,0.574488,0.5745,none,,,False,,28,0,,,
28,40,True,0.520968,0.521,none,,,False,,28,0,,,
28,9,True,0.459288,0.4593,none,,,False,,28,0,,,
28,54,True,0.46368,0.4637,none,,,False,,28,0,,,
28,36,True,0.578704,0.5787,none,,,False,,28,0,,,
28,75,True,0.369568,0.3696,none,,,False,,28,0,,,
28,94,True,0.5721,0.5721,none,,,False,,28,0,,,
28,27,True,0.948589,0.9486,none,,,False,,28,0,,,
28,74,True,0.915782,0.9158,none,,,False,,28,0,,,
28,25,True,0.535948,0.5359,none,,,False,,28,0,,,
28,80,True,0.525041,0.525,none,,,False,,28,0,,,
28,11,True,0.539162,0.5392,none,,,False,,28,0,,,
28,15,True,0.638543,0.6385,none,,,False,,28,0,,,
28,30,True,0.255107,0.2551,none,,,False,,28,0,,,
28,55,True,0.332858,0.3329,none,,,False,,28,0,,,
28,97,True,0.573075,0.5731,none,,,False,,28,0,,,
28,73,True,0.167012,0.167,none,,,False,,28,0,,,
28,49,True,0.488923,0.4889,none,,,False,,28,0,,,
28,86,True,0.685649,0.6856,none,,,False,,28,0,,,
28,82,True,0.485276,0.4853,none,,,False,,28,0,,,
28,59,True,0.437959,0.438,none,,,False,,28,0,,,
28,87,True,0.529181,0.5292,none,,,False,,28,0,,,
28,62,True,0.601587,0.6016,none,,,False,,28,0,,,
28,42,True,0.382578,0.3826,none,,,False,,28,0,,,
28,51,True,0.582238,0.5822,none,,,False,,28,0,,,
28,85,True,0.544209,0.5442,none,,,False,,28,0,,,
28,61,True,0.694783,0.6948,none,,,False,,28,0,,,
28,47,True,0.547403,0.5474,none,,,False,,28,0,,,
28,96,True,0.148185,0.1482,none,,,False,,28,0,,,
28,43,True,0.247956,0.248,none,,,False,,28,0,,,
28,32,True,0.477514,0.4775,none,,,False,,28,0,,,
28,67,True,0.312819,0.3128,none,,,False,,28,0,,,
28,5,True,0.74437,0.7444,none,,,False,,28,0,,,
28,66,True,0.2403,0.2403,none,,,False,,28,0,,,
28,71,True,0.433748,0.4337,none,,,False,,28,0,,,
28,46,True,0.399423,0.3994,none,,,False,,28,0,,,
28,70,True,0.152509,0.1525,none,,,False,,28,0,,,
28,76,True,0.285484,0.2855,none,,,False,,28,0,,,
28,48,True,0.623908,0.6239,none,,,False,,28,0,,,
28,21,True,0.494353,0.4944,none,,,False,,28,0,,,
28,17,True,0.340952,0.341,none,,,False,,28,0,,,
28,2,True,0.197665,0.1977,none,,,False,,28,0,,,
28,41,True,0.324938,0.3249,none,,,False,,28,0,,,
29,3,True,0.337127,0.3371,none,,,False,,29,0,,,
29,62,True,0.432079,0.4321,none,,,False,,29,0,,,
29,80,True,0.507729,0.5077,none,,,False,,29,0,,,
29,16,True,0.310579,0.3106,none,,,False,,29,0,,,
29,73,True,0.451652,0.4517,none,,,False,,29,0,,,
29,95,True,1.29753,1.2975,none,,,False,,29,0,,,
29,83,True,0.621181,0.6212,none,,,False,,29,0,,,
29,10,True,0.579542,0.5795,none,,,False,,29,0,,,
29,76,True,0.42811,0.4281,none,,,False,,29,0,,,
29,86,True,0.568656,0.5687,none,,,False,,29,0,,,
29,67,True,0.584636,0.5846,none,,,False,,29,0,,,
29,69,True,0.427866,0.4279,none,,,False,,29,0,,,
29,94,True,0.387682,0.3877,none,,,False,,29,0,,,
29,46,True,0.417892,0.4179,none,,,False,,29,0,,,
29,51,True,0.530334,0.5303,none,,,False,,29,0,,,
29,65,True,0.657115,0.6571,none,,,False,,29,0,,,
29,68,True,0.751377,0.7514,none,,,False,,29,0,,,
29,7,True,0.532892,0.5329,none,,,False,,29,0,,,
29,36,True,0.880021,0.88,none,,,False,,29,0,,,
29,28,True,0.576519,0.5765,none,,,False,,29,0,,,
29,43,True,0.307207,0.3072,none,,,False,,29,0,,,
29,54,True,0.469486,0.4695,none,,,False,,29,0,,,
29,18,True,0.260107,0.2601,none,,,False,,29,0,,,
29,99,True,0.327759,0.3278,none,,,False,,29,0,,,
29,56,True,0.448097,0.4481,none,,,False,,29,0,,,
29,53,True,0.499215,0.4992,none,,,False,,29,0,,,
29,8,True,0.506131,0.5061,none,,,False,,29,0,,,
29,12,True,0.797745,0.7977,none,,,False,,29,0,,,
29,26,True,0.401038,0.401,none,,,False,,29,0,,,
29,5,True,0.503084,0.5031,none,,,False,,29,0,,,
29,88,True,0.501409,0.5014,none,,,False,,29,0,,,
29,87,True,0.604432,0.6044,none,,,False,,29,0,,,
29,90,True,0.285606,0.2856,none,,,False,,29,0,,,
29,2,True,0.433057,0.4331,none,,,False,,29,0,,,
29,81,True,-0.8453,-0.8453,none,,,False,,29,0,,,
29,24,True,0.610814,0.6108,none,,,False,,29,0,,,
29,70,True,0.154936,0.1549,none,,,False,,29,0,,,
29,64,True,0.478453,0.4785,none,,,False,,29,0,,,
29,38,True,0.290121,0.2901,none,,,False,,29,0,,,
29,57,True,0.588092,0.5881,none,,,False,,29,0,,,
29,14,True,0.395726,0.3957,none,,,False,,29,0,,,
29,45,True,0.619379,0.6194,none,,,False,,29,0,,,
29,50,True,0.286393,0.2864,none,,,False,,29,0,,,
29,30,True,0.296452,0.2965,none,,,False,,29,0,,,
29,92,True,0.671199,0.6712,none,,,False,,29,0,,,
29,0,True,0.581555,0.5816,none,,,False,,29,0,,,
29,25,True,0.443575,0.4436,none,,,False,,29,0,,,
29,35,True,0.887209,0.8872,none,,,False,,29,0,,,
29,97,True,0.640143,0.6401,none,,,False,,29,0,,,
29,22,True,0.786665,0.7867,none,,,False,,29,0,,,
30,73,True,0.227291,0.2273,none,,,False,,30,0,,,
30,2,True,0.64914,0.6491,none,,,False,,30,0,,,
30,83,True,0.32912,0.3291,none,,,False,,30,0,,,
30,13,True,0.902346,0.9023,none,,,False,,30,0,,,
30,54,True,0.371732,0.3717,none,,,False,,30,0,,,
30,20,True,0.81495,0.815,none,,,False,,30,0,,,
30,26,True,0.454082,0.4541,none,,,False,,30,0,,,
30,40,True,0.4464,0.4464,none,,,False,,30,0,,,
30,85,True,0.637271,0.6373,none,,,False,,30,0,,,
30,87,True,0.863435,0.8634,none,,,False,,30,0,,,
30,91,True,0.673448,0.6734,none,,,False,,30,0,,,
30,43,True,0.318131,0.3181,none,,,False,,30,0,,,
30,22,True,0.384202,0.3842,none,,,False,,30,0,,,
30,32,True,0.601665,0.6017,none,,,False,,30,0,,,
30,42,True,0.349106,0.3491,none,,,False,,30,0,,,
30,61,True,0.554932,0.5549,none,,,False,,30,0,,,
30,28,True,0.616467,0.6165,none,,,False,,30,0,,,
30,8,True,0.502462,0.5025,none,,,False,,30,0,,,
30,10,True,0.51209,0.5121,none,,,False,,30,0,,,
30,14,True,0.324643,0.3246,none,,,False,,30,0,,,
30,49,True,0.496848,0.4968,none,,,False,,30,0,,,
30,19,True,0.689169,0.6892,none,,,False,,30,0,,,
30,3,True,0.543673,0.5437,none,,,False,,30,0,,,
30,34,True,0.425625,0.4256,none,,,False,,30,0,,,
30,38,True,0.380238,0.3802,none,,,False,,30,0,,,
30,11,True,0.767698,0.7677,none,,,False,,30,0,,,
30,51,True,0.596078,0.5961,none,,,False,,30,0,,,
30,70,True,0.203791,0.2038,none,,,False,,30,0,,,
30,64,True,0.584583,0.5846,none,,,False,,30,0,,,
30,15,True,0.704104,0.7041,none,,,False,,30,0,,,
30,66,True,0.358599,0.3586,none,,,False,,30,0,,,
30,37,True,0.391736,0.3917,none,,,False,,30,0,,,
30,82,True,0.467501,0.4675,none,,,False,,30,0,,,
30,74,True,0.872934,0.8729,none,,,False,,30,0,,,
30,89,True,0.319564,0.3196,none,,,False,,30,0,,,
30,59,True,0.421549,0.4215,none,,,False,,30,0,,,
30,79,True,0.394891,0.3949,none,,,False,,30,0,,,
30,4,True,0.076693,0.0767,none,,,False,,30,0,,,
30,98,True,0.330386,0.3304,none,,,False,,30,0,,,
30,48,True,0.629251,0.6293,none,,,False,,30,0,,,
30,21,True,0.610907,0.6109,none,,,False,,30,0,,,
30,41,True,0.335881,0.3359,none,,,False,,30,0,,,
30,50,True,0.262432,0.2624,none,,,False,,30,0,,,
30,9,True,0.473515,0.4735,none,,,False,,30,0,,,
30,62,True,0.822075,0.8221,none,,,False,,30,0,,,
30,57,True,0.473083,0.4731,none,,,False,,30,0,,,
30,69,True,0.312169,0.3122,none,,,False,,30,0,,,
30,75,True,0.392139,0.3921,none,,,False,,30,0,,,
30,53,True,0.521843,0.5218,none,,,False,,30,0,,,
30,30,True,0.700502,0.7005,none,,,False,,30,0,,,
31,42,True,0.34918,0.3492,none,,,False,,31,0,,,
31,29,True,0.351527,0.3515,none,,,False,,31,0,,,
31,4,True,0.289992,0.29,none,,,False,,31,0,,,
31,32,True,0.227082,0.2271,none,,,False,,31,0,,,
31,94,True,0.636838,0.6368,none,,,False,,31,0,,,
31,74,True,0.785543,0.7855,none,,,False,,31,0,,,
31,31,True,0.875769,0.8758,none,,,False,,31,0,,,
31,88,True,0.551963,0.552,none,,,False,,31,0,,,
31,84,True,0.62764,0.6276,none,,,False,,31,0,,,
31,52,True,0.57256,0.5726,none,,,False,,31,0,,,
31,21,True,0.650818,0.6508,none,,,False,,31,0,,,
31,47,True,0.294765,0.2948,none,,,False,,31,0,,,
31,2,True,0.555119,0.5551,none,,,False,,31,0,,,
31,89,True,0.246682,0.2467,none,,,False,,31,0,,,
31,57,True,0.611497,0.6115,none,,,False,,31,0,,,
31,50,True,0.253275,0.2533,none,,,False,,31,0,,,
31,80,True,0.431015,0.431,none,,,False,,31,0,,,
31,63,True,0.237024,0.237,none,,,False,,31,0,,,
31,37,True,0.356243,0.3562,none,,,False,,31,0,,,
31,66,True,0.324761,0.3248,none,,,False,,31,0,,,
31,23,True,0.825517,0.8255,none,,,False,,31,0,,,
31,85,True,0.530221,0.5302,none,,,False,,31,0,,,
31,73,True,0.36876,0.3688,none,,,False,,31,0,,,
31,44,True,0.823508,0.8235,none,,,False,,31,0,,,
31,14,True,0.351321,0.3513,none,,,False,,31,0,,,
31,33,True,0.353566,0.3536,none,,,False,,31,0,,,
31,46,True,-0.07817,-0.0782,none,,,False,,31,0,,,
31,55,True,0.411484,0.4115,none,,,False,,31,0,,,
31,16,True,0.312779,0.3128,none,,,False,,31,0,,,
31,3,True,0.405474,0.4055,none,,,False,,31,0,,,
31,98,True,0.58123,0.5812,none,,,False,,31,0,,,
31,91,True,0.59962,0.5996,none,,,False,,31,0,,,
31,26,True,0.347671,0.3477,none,,,False,,31,0,,,
31,27,True,0.866335,0.8663,none,,,False,,31,0,,,
31,83,True,0.514923,0.5149,none,,,False,,31,0,,,
31,53,True,0.389119,0.3891,none,,,False,,31,0,,,
31,69,True,0.282285,0.2823,none,,,False,,31,0,,,
31,45,True,0.620067,0.6201,none,,,False,,31,0,,,
31,43,True,0.304418,0.3044,none,,,False,,31,0,,,
31,79,True,0.287445,0.2874,none,,,False,,31,0,,,
31,86,True,0.498824,0.4988,none,,,False,,31,0,,,
31,51,True,0.53009,0.5301,none,,,False,,31,0,,,
31,77,True,0.647552,0.6476,none,,,False,,31,0,,,
31,0,True,0.650734,0.6507,none,,,False,,31,0,,,
31,34,True,0.806731,0.8067,none,,,False,,31,0,,,
31,99,True,0.27614,0.2761,none,,,False,,31,0,,,
31,59,True,0.659716,0.6597,none,,,False,,31,0,,,
31,62,True,0.444373,0.4444,none,,,False,,31,0,,,
31,28,True,0.358188,0.3582,none,,,False,,31,0,,,
31,67,True,0.653756,0.6538,none,,,False,,31,0,,,
32,24,True,0.465657,0.4657,none,,,False,,32,0,,,
32,75,True,0.409974,0.41,none,,,False,,32,0,,,
32,37,True,0.352068,0.3521,none,,,False,,32,0,,,
32,32,True,0.477442,0.4774,none,,,False,,32,0,,,
32,1,True,0.811405,0.8114,none,,,False,,32,0,,,
32,42,True,0.439272,0.4393,none,,,False,,32,0,,,
32,59,True,0.546658,0.5467,none,,,False,,32,0,,,
32,2,True,0.519851,0.5199,none,,,False,,32,0,,,
32,96,True,0.284195,0.2842,none,,,False,,32,0,,,
32,48,True,0.654521,0.6545,none,,,False,,32,0,,,
32,6,True,0.339381,0.3394,none,,,False,,32,0,,,
32,71,True,0.685527,0.6855,none,,,False,,32,0,,,
32,27,True,0.777261,0.7773,none,,,False,,32,0,,,
32,13,True,0.926785,0.9268,none,,,False,,32,0,,,
32,21,True,0.5864,0.5864,none,,,False,,32,0,,,
32,57,True,0.469269,0.4693,none,,,False,,32,0,,,
32,12,True,0.679613,0.6796,none,,,False,,32,0,,,
32,43,True,0.056868,0.0569,none,,,False,,32,0,,,
32,53,True,0.44549,0.4455,none,,,False,,32,0,,,
32,70,True,0.187115,0.1871,none,,,False,,32,0,,,
32,90,True,0.309812,0.3098,none,,,False,,32,0,,,
32,68,True,0.811958,0.812,none,,,False,,32,0,,,
32,69,True,0.348038,0.348,none,,,False,,32,0,,,
32,49,True,0.236679,0.2367,none,,,False,,32,0,,,
32,10,True,0.566055,0.5661,none,,,False,,32,0,,,
32,26,True,0.257841,0.2578,none,,,False,,32,0,,,
32,51,True,0.518479,0.5185,none,,,False,,32,0,,,
32,61,True,0.76918,0.7692,none,,,False,,32,0,,,
32,14,True,0.333465,0.3335,none,,,False,,32,0,,,
32,63,True,0.283557,0.2836,none,,,False,,32,0,,,
32,15,True,0.415176,0.4152,none,,,False,,32,0,,,
32,22,True,0.662025,0.662,none,,,False,,32,0,,,
32,94,True,0.302033,0.302,none,,,False,,32,0,,,
32,3,True,0.389654,0.3897,none,,,False,,32,0,,,
32,18,True,0.395923,0.3959,none,,,False,,32,0,,,
32,25,True,0.542663,0.5427,none,,,False,,32,0,,,
32,35,True,0.869361,0.8694,none,,,False,,32,0,,,
32,67,True,0.453646,0.4536,none,,,False,,32,0,,,
32,17,True,0.321911,0.3219,none,,,False,,32,0,,,
32,29,True,0.465795,0.4658,none,,,False,,32,0,,,
32,33,True,0.396877,0.3969,none,,,False,,32,0,,,
32,88,True,0.41874,0.4187,none,,,False,,32,0,,,
32,60,True,0.611915,0.6119,none,,,False,,32,0,,,
32,81,True,0.709887,0.7099,none,,,False,,32,0,,,
32,16,True,0.178478,0.1785,none,,,False,,32,0,,,
32,78,True,0.959105,0.9591,none,,,False,,32,0,,,
32,28,True,0.688102,0.6881,none,,,False,,32,0,,,
32,97,True,0.52969,0.5297,none,,,False,,32,0,,,
32,80,True,0.404507,0.4045,none,,,False,,32,0,,,
32,5,True,0.724919,0.7249,none,,,False,,32,0,,,
33,94,True,0.499171,0.4992,none,,,False,,33,0,,,
33,75,True,0.414142,0.4141,none,,,False,,33,0,,,
33,4,True,0.325425,0.3254,none,,,False,,33,0,,,
33,13,True,0.944933,0.9449,none,,,False,,33,0,,,
33,17,True,0.327938,0.3279,none,,,False,,33,0,,,
33,23,True,0.809498,0.8095,none,,,False,,33,0,,,
33,0,True,0.57183,0.5718,none,,,False,,33,0,,,
33,36,True,0.69792,0.6979,none,,,False,,33,0,,,
33,12,True,0.764471,0.7645,none,,,False,,33,0,,,
33,48,True,0.697281,0.6973,none,,,False,,33,0,,,
33,59,True,0.599456,0.5995,none,,,False,,33,0,,,
33,98,True,0.530294,0.5303,none,,,False,,33,0,,,
33,38,True,0.335159,0.3352,none,,,False,,33,0,,,
33,50,True,0.291154,0.2912,none,,,False,,33,0,,,
33,89,True,0.399032,0.399,none,,,False,,33,0,,,
33,92,True,0.618238,0.6182,none,,,False,,33,0,,,
33,95,True,1.361969,1.362,none,,,False,,33,0,,,
33,56,True,0.475649,0.4756,none,,,False,,33,0,,,
33,26,True,0.379986,0.38,none,,,False,,33,0,,,
33,33,True,0.340332,0.3403,none,,,False,,33,0,,,
33,78,True,0.965067,0.9651,none,,,False,,33,0,,,
33,42,True,0.448874,0.4489,none,,,False,,33,0,,,
33,88,True,0.514472,0.5145,none,,,False,,33,0,,,
33,64,True,0.444045,0.444,none,,,False,,33,0,,,
33,14,True,0.338222,0.3382,none,,,False,,33,0,,,
33,73,True,0.427212,0.4272,none,,,False,,33,0,,,
33,77,True,0.535444,0.5354,none,,,False,,33,0,,,
33,19,True,0.710501,0.7105,none,,,False,,33,0,,,
33,31,True,1.017436,1.0174,none,,,False,,33,0,,,
33,25,True,0.431002,0.431,none,,,False,,33,0,,,
33,80,True,0.451742,0.4517,none,,,False,,33,0,,,
33,54,True,0.517566,0.5176,none,,,False,,33,0,,,
33,52,True,0.306125,0.3061,none,,,False,,33,0,,,
33,28,True,0.508344,0.5083,none,,,False,,33,0,,,
33,41,True,0.344504,0.3445,none,,,False,,33,0,,,
33,91,True,0.607787,0.6078,none,,,False,,33,0,,,
33,32,True,0.435283,0.4353,none,,,False,,33,0,,,
33,21,True,0.610041,0.61,none,,,False,,33,0,,,
33,82,True,0.514439,0.5144,none,,,False,,33,0,,,
33,79,True,0.249239,0.2492,none,,,False,,33,0,,,
33,3,True,0.500998,0.501,none,,,False,,33,0,,,
33,74,True,0.854194,0.8542,none,,,False,,33,0,,,
33,97,True,0.51657,0.5166,none,,,False,,33,0,,,
33,76,True,0.444577,0.4446,none,,,False,,33,0,,,
33,65,True,0.683608,0.6836,none,,,False,,33,0,,,
33,85,True,0.562722,0.5627,none,,,False,,33,0,,,
33,10,True,0.658264,0.6583,none,,,False,,33,0,,,
33,83,True,0.451335,0.4513,none,,,False,,33,0,,,
33,60,True,0.728435,0.7284,none,,,False,,33,0,,,
33,99,True,0.391846,0.3918,none,,,False,,33,0,,,
34,12,True,0.548687,0.5487,none,,,False,,34,0,,,
34,4,True,0.235941,0.2359,none,,,False,,34,0,,,
34,61,True,0.668796,0.6688,none,,,False,,34,0,,,
34,21,True,0.576048,0.576,none,,,False,,34,0,,,
34,5,True,0.895589,0.8956,none,,,False,,34,0,,,
34,18,True,0.288638,0.2886,none,,,False,,34,0,,,
34,90,True,0.527189,0.5272,none,,,False,,34,0,,,
34,22,True,0.471875,0.4719,none,,,False,,34,0,,,
34,28,True,0.759489,0.7595,none,,,False,,34,0,,,
34,10,True,0.511456,0.5115,none,,,False,,34,0,,,
34,35,True,0.879951,0.88,none,,,False,,34,0,,,
34,36,True,0.567859,0.5679,none,,,False,,34,0,,,
34,70,True,0.279955,0.28,none,,,False,,34,0,,,
34,60,True,0.49017,0.4902,none,,,False,,34,0,,,
34,16,True,0.328572,0.3286,none,,,False,,34,0,,,
34,88,True,0.33081,0.3308,none,,,False,,34,0,,,
34,87,True,0.572955,0.573,none,,,False,,34,0,,,
34,29,True,0.646723,0.6467,none,,,False,,34,0,,,
34,99,True,0.189992,0.19,none,,,False,,34,0,,,
34,77,True,0.850133,0.8501,none,,,False,,34,0,,,
34,23,True,0.597034,0.597,none,,,False,,34,0,,,
34,38,True,0.298946,0.2989,none,,,False,,34,0,,,
34,83,True,0.346737,0.3467,none,,,False,,34,0,,,
34,76,True,0.280883,0.2809,none,,,False,,34,0,,,
34,2,True,0.647767,0.6478,none,,,False,,34,0,,,
34,44,True,0.744719,0.7447,none,,,False,,34,0,,,
34,49,True,0.580547,0.5805,none,,,False,,34,0,,,
34,53,True,0.322499,0.3225,none,,,False,,34,0,,,
34,34,True,0.651912,0.6519,none,,,False,,34,0,,,
34,39,True,0.365928,0.3659,none,,,False,,34,0,,,
34,66,True,0.524035,0.524,none,,,False,,34,0,,,
34,89,True,0.365445,0.3654,none,,,False,,34,0,,,
34,52,True,0.251208,0.2512,none,,,False,,34,0,,,
34,48,True,0.550436,0.5504,none,,,False,,34,0,,,
34,24,True,0.542233,0.5422,none,,,False,,34,0,,,
34,73,True,0.275037,0.275,none,,,False,,34,0,,,
34,13,True,0.89953,0.8995,none,,,False,,34,0,,,
34,84,True,0.430778,0.4308,none,,,False,,34,0,,,
34,63,True,0.405748,0.4057,none,,,False,,34,0,,,
34,54,True,0.38562,0.3856,none,,,False,,34,0,,,
34,56,True,0.56487,0.5649,none,,,False,,34,0,,,
34,82,True,0.549819,0.5498,none,,,False,,34,0,,,
34,32,True,0.6189,0.6189,none,,,False,,34,0,,,
34,62,True,0.895902,0.8959,none,,,False,,34,0,,,
34,51,True,0.689874,0.6899,none,,,False,,34,0,,,
34,14,True,0.319649,0.3196,none,,,False,,34,0,,,
34,8,True,0.463392,0.4634,none,,,False,,34,0,,,
34,6,True,0.45366,0.4537,none,,,False,,34,0,,,
34,45,True,0.583026,0.583,none,,,False,,34,0,,,
34,9,True,0.461785,0.4618,none,,,False,,34,0,,,
35,14,True,0.330878,0.3309,none,,,False,,35,0,,,
35,77,True,0.508234,0.5082,none,,,False,,35,0,,,
35,59,True,0.333134,0.3331,none,,,False,,35,0,,,
35,6,True,0.367846,0.3678,none,,,False,,35,0,,,
35,62,True,0.570853,0.5709,none,,,False,,35,0,,,
35,67,True,0.486889,0.4869,none,,,False,,35,0,,,
35,22,True,0.682914,0.6829,none,,,False,,35,0,,,
35,96,True,0.296721,0.2967,none,,,False,,35,0,,,
35,53,True,0.399777,0.3998,none,,,False,,35,0,,,
35,51,True,0.551657,0.5517,none,,,False,,35,0,,,
35,0,True,0.636146,0.6361,none,,,False,,35,0,,,
35,30,True,0.410145,0.4101,none,,,False,,35,0,,,
35,9,True,0.301701,0.3017,none,,,False,,35,0,,,
35,26,True,0.424487,0.4245,none,,,False,,35,0,,,
35,58,True,0.498784,0.4988,none,,,False,,35,0,,,
35,78,True,0.94726,0.9473,none,,,False,,35,0,,,
35,87,True,0.661174,0.6612,none,,,False,,35,0,,,
35,41,True,0.349293,0.3493,none,,,False,,35,0,,,
35,95,True,1.073268,1.0733,none,,,False,,35,0,,,
35,17,True,0.297378,0.2974,none,,,False,,35,0,,,
35,64,True,0.53188,0.5319,none,,,False,,35,0,,,
35,70,True,0.12015,0.1202,none,,,False,,35,0,,,
35,13,True,1.036316,1.0363,none,,,False,,35,0,,,
35,60,True,0.658052,0.6581,none,,,False,,35,0,,,
35,31,True,0.98943,0.9894,none,,,False,,35,0,,,
35,18,True,0.322416,0.3224,none,,,False,,35,0,,,
35,21,True,0.668839,0.6688,none,,,False,,35,0,,,
35,34,True,0.682686,0.6827,none,,,False,,35,0,,,
35,89,True,0.403146,0.4031,none,,,False,,35,0,,,
35,94,True,0.515321,0.5153,none,,,False,,35,0,,,
35,55,True,0.371405,0.3714,none,,,False,,35,0,,,
35,83,True,0.444967,0.445,none,,,False,,35,0,,,
35,86,True,0.569476,0.5695,none,,,False,,35,0,,,
35,29,True,0.415696,0.4157,none,,,False,,35,0,,,
35,44,True,0.695232,0.6952,none,,,False,,35,0,,,
35,39,True,0.317621,0.3176,none,,,False,,35,0,,,
35,36,True,0.677109,0.6771,none,,,False,,35,0,,,
35,63,True,0.355164,0.3552,none,,,False,,35,0,,,
35,84,True,0.454499,0.4545,none,,,False,,35,0,,,
35,69,True,0.386973,0.387,none,,,False,,35,0,,,
35,32,True,0.421651,0.4217,none,,,False,,35,0,,,
35,75,True,0.464555,0.4646,none,,,False,,35,0,,,
35,66,True,0.269515,0.2695,none,,,False,,35,0,,,
35,61,True,0.634178,0.6342,none,,,False,,35,0,,,
35,85,True,0.683265,0.6833,none,,,False,,35,0,,,
35,50,True,0.312964,0.313,none,,,False,,35,0,,,
35,25,True,0.487418,0.4874,none,,,False,,35,0,,,
35,54,True,0.433804,0.4338,none,,,False,,35,0,,,
35,92,True,0.622782,0.6228,none,,,False,,35,0,,,
35,80,True,0.409819,0.4098,none,,,False,,35,0,,,
36,77,True,0.664325,0.6643,none,,,False,,36,0,,,
36,16,True,0.321382,0.3214,none,,,False,,36,0,,,
36,80,True,0.437899,0.4379,none,,,False,,36,0,,,
36,17,True,0.33414,0.3341,none,,,False,,36,0,,,
36,1,True,0.97442,0.9744,none,,,False,,36,0,,,
36,32,True,0.503739,0.5037,none,,,False,,36,0,,,
36,72,True,0.525088,0.5251,none,,,False,,36,0,,,
36,79,True,0.285725,0.2857,none,,,False,,36,0,,,
36,48,True,0.597472,0.5975,none,,,False,,36,0,,,
36,8,True,0.27928,0.2793,none,,,False,,36,0,,,
36,95,True,0.938679,0.9387,none,,,False,,36,0,,,
36,89,True,0.368587,0.3686,none,,,False,,36,0,,,
36,69,True,0.260299,0.2603,none,,,False,,36,0,,,
36,74,True,0.777681,0.7777,none,,,False,,36,0,,,
36,55,True,0.202581,0.2026,none,,,False,,36,0,,,
36,60,True,0.56464,0.5646,none,,,False,,36,0,,,
36,88,True,0.507091,0.5071,none,,,False,,36,0,,,
36,65,True,0.510851,0.5109,none,,,False,,36,0,,,
36,91,True,0.707578,0.7076,none,,,False,,36,0,,,
36,62,True,0.683806,0.6838,none,,,False,,36,0,,,
36,58,True,0.530624,0.5306,none,,,False,,36,0,,,
36,54,True,0.438006,0.438,none,,,False,,36,0,,,
36,28,True,0.637117,0.6371,none,,,False,,36,0,,,
36,84,True,0.473986,0.474,none,,,False,,36,0,,,
36,15,True,0.456622,0.4566,none,,,False,,36,0,,,
36,24,True,0.47053,0.4705,none,,,False,,36,0,,,
36,97,True,0.449347,0.4493,none,,,False,,36,0,,,
36,94,True,0.572937,0.5729,none,,,False,,36,0,,,
36,38,True,0.286609,0.2866,none,,,False,,36,0,,,
36,43,True,0.314827,0.3148,none,,,False,,36,0,,,
36,39,True,0.351596,0.3516,none,,,False,,36,0,,,
36,56,True,0.506271,0.5063,none,,,False,,36,0,,,
36,10,True,0.585778,0.5858,none,,,False,,36,0,,,
36,13,True,0.892178,0.8922,none,,,False,,36,0,,,
36,26,True,0.367349,0.3673,none,,,False,,36,0,,,
36,47,True,0.57574,0.5757,none,,,False,,36,0,,,
36,42,True,0.367793,0.3678,none,,,False,,36,0,,,
36,53,True,0.363785,0.3638,none,,,False,,36,0,,,
36,12,True,0.653665,0.6537,none,,,False,,36,0,,,
36,99,True,0.274892,0.2749,none,,,False,,36,0,,,
36,33,True,0.393248,0.3932,none,,,False,,36,0,,,
36,57,True,0.630534,0.6305,none,,,False,,36,0,,,
36,5,True,1.018182,1.0182,none,,,False,,36,0,,,
36,50,True,0.150272,0.1503,none,,,False,,36,0,,,
36,27,True,0.908831,0.9088,none,,,False,,36,0,,,
36,75,True,0.312622,0.3126,none,,,False,,36,0,,,
36,81,True,0.509466,0.5095,none,,,False,,36,0,,,
36,93,True,0.497452,0.4975,none,,,False,,36,0,,,
36,52,True,-0.032631,-0.0326,none,,,False,,36,0,,,
36,98,True,0.439917,0.4399,none,,,False,,36,0,,,
37,62,True,0.547483,0.5475,none,,,False,,37,0,,,
37,94,True,0.448518,0.4485,none,,,False,,37,0,,,
37,76,True,0.38209,0.3821,none,,,False,,37,0,,,
37,48,True,0.727339,0.7273,none,,,False,,37,0,,,
37,59,True,0.606871,0.6069,none,,,False,,37,0,,,
37,69,True,0.325098,0.3251,none,,,False,,37,0,,,
37,30,True,0.41819,0.4182,none,,,False,,37,0,,,
37,38,True,0.312758,0.3128,none,,,False,,37,0,,,
37,57,True,0.567956,0.568,none,,,False,,37,0,,,
37,45,True,0.649843,0.6498,none,,,False,,37,0,,,
37,55,True,0.267944,0.2679,none,,,False,,37,0,,,
37,41,True,0.360177,0.3602,none,,,False,,37,0,,,
37,39,True,0.269926,0.2699,none,,,False,,37,0,,,
37,81,True,0.56958,0.5696,none,,,False,,37,0,,,
37,85,True,0.566282,0.5663,none,,,False,,37,0,,,
37,74,True,0.720217,0.7202,none,,,False,,37,0,,,
37,28,True,0.520426,0.5204,none,,,False,,37,0,,,
37,42,True,0.4211,0.4211,none,,,False,,37,0,,,
37,33,True,0.339527,0.3395,none,,,False,,37,0,,,
37,96,True,0.327939,0.3279,none,,,False,,37,0,,,
37,58,True,0.369313,0.3693,none,,,False,,37,0,,,
37,64,True,0.498366,0.4984,none,,,False,,37,0,,,
37,60,True,0.636794,0.6368,none,,,False,,37,0,,,
37,52,True,0.017584,0.0176,none,,,False,,37,0,,,
37,23,True,0.763051,0.7631,none,,,False,,37,0,,,
37,66,True,0.380259,0.3803,none,,,False,,37,0,,,
37,24,True,0.526925,0.5269,none,,,False,,37,0,,,
37,56,True,0.489222,0.4892,none,,,False,,37,0,,,
37,12,True,0.428666,0.4287,none,,,False,,37,0,,,
37,88,True,0.346219,0.3462,none,,,False,,37,0,,,
37,50,True,0.288393,0.2884,none,,,False,,37,0,,,
37,13,True,0.848019,0.848,none,,,False,,37,0,,,
37,84,True,0.177814,0.1778,none,,,False,,37,0,,,
37,5,True,0.814146,0.8141,none,,,False,,37,0,,,
37,7,True,0.393557,0.3936,none,,,False,,37,0,,,
37,20,True,0.519821,0.5198,none,,,False,,37,0,,,
37,40,True,0.371968,0.372,none,,,False,,37,0,,,
37,79,True,0.33556,0.3356,none,,,False,,37,0,,,
37,77,True,0.837962,0.838,none,,,False,,37,0,,,
37,46,True,0.322561,0.3226,none,,,False,,37,0,,,
37,14,True,0.395719,0.3957,none,,,False,,37,0,,,
37,54,True,0.472549,0.4725,none,,,False,,37,0,,,
37,19,True,0.947771,0.9478,none,,,False,,37,0,,,
37,65,True,0.489316,0.4893,none,,,False,,37,0,,,
37,8,True,0.447657,0.4477,none,,,False,,37,0,,,
37,53,True,0.434462,0.4345,none,,,False,,37,0,,,
37,21,True,0.563418,0.5634,none,,,False,,37,0,,,
37,22,True,0.617069,0.6171,none,,,False,,37,0,,,
37,15,True,0.214028,0.214,none,,,False,,37,0,,,
37,87,True,0.413294,0.4133,none,,,False,,37,0,,,
38,11,True,0.673953,0.674,none,,,False,,38,0,,,
38,26,True,0.142622,0.1426,none,,,False,,38,0,,,
38,25,True,0.388954,0.389,none,,,False,,38,0,,,
38,50,True,0.261721,0.2617,none,,,False,,38,0,,,
38,70,True,0.179724,0.1797,none,,,False,,38,0,,,
38,31,True,0.952404,0.9524,none,,,False,,38,0,,,
38,98,True,0.496562,0.4966,none,,,False,,38,0,,,
38,84,True,0.516488,0.5165,none,,,False,,38,0,,,
38,20,True,0.540188,0.5402,none,,,False,,38,0,,,
38,23,True,0.71143,0.7114,none,,,False,,38,0,,,
38,76,True,0.326119,0.3261,none,,,False,,38,0,,,
38,78,True,0.758221,0.7582,none,,,False,,38,0,,,
38,91,True,0.680641,0.6806,none,,,False,,38,0,,,
38,82,True,0.496726,0.4967,none,,,False,,38,0,,,
38,73,True,0.415309,0.4153,none,,,False,,38,0,,,
38,65,True,0.544814,0.5448,none,,,False,,38,0,,,
38,8,True,0.435403,0.4354,none,,,False,,38,0,,,
38,48,True,0.749982,0.75,none,,,False,,38,0,,,
38,86,True,0.466005,0.466,none,,,False,,38,0,,,
38,5,True,0.927288,0.9273,none,,,False,,38,0,,,
38,53,True,0.371866,0.3719,none,,,False,,38,0,,,
38,12,True,0.590969,0.591,none,,,False,,38,0,,,
38,79,True,0.298941,0.2989,none,,,False,,38,0,,,
38,15,True,0.537917,0.5379,none,,,False,,38,0,,,
38,96,True,0.222572,0.2226,none,,,False,,38,0,,,
38,97,True,0.44688,0.4469,none,,,False,,38,0,,,
38,0,True,0.535947,0.5359,none,,,False,,38,0,,,
38,55,True,0.375228,0.3752,none,,,False,,38,0,,,
38,35,True,0.680149,0.6801,none,,,False,,38,0,,,
38,32,True,0.476003,0.476,none,,,False,,38,0,,,
38,27,True,0.845565,0.8456,none,,,False,,38,0,,,
38,46,True,0.13935,0.1394,none,,,False,,38,0,,,
38,7,True,0.410961,0.411,none,,,False,,38,0,,,
38,71,True,0.535314,0.5353,none,,,False,,38,0,,,
38,14,True,0.410416,0.4104,none,,,False,,38,0,,,
38,2,True,0.565013,0.565,none,,,False,,38,0,,,
38,9,True,0.463695,0.4637,none,,,False,,38,0,,,
38,13,True,0.674247,0.6742,none,,,False,,38,0,,,
38,49,True,0.186727,0.1867,none,,,False,,38,0,,,
38,22,True,0.678721,0.6787,none,,,False,,38,0,,,
38,94,True,0.53897,0.539,none,,,False,,38,0,,,
38,74,True,0.609778,0.6098,none,,,False,,38,0,,,
38,77,True,0.102838,0.1028,none,,,False,,38,0,,,
38,47,True,0.459934,0.4599,none,,,False,,38,0,,,
38,80,True,0.401712,0.4017,none,,,False,,38,0,,,
38,99,True,0.346986,0.347,none,,,False,,38,0,,,
38,66,True,0.317742,0.3177,none,,,False,,38,0,,,
38,63,True,0.448124,0.4481,none,,,False,,38,0,,,
38,24,True,0.36142,0.3614,none,,,False,,38,0,,,
38,40,True,0.312883,0.3129,none,,,False,,38,0,,,
39,20,True,0.68344,0.6834,none,,,False,,39,0,,,
39,14,True,0.413947,0.4139,none,,,False,,39,0,,,
39,19,True,0.876705,0.8767,none,,,False,,39,0,,,
39,59,True,0.572857,0.5729,none,,,False,,39,0,,,
39,12,True,0.611822,0.6118,none,,,False,,39,0,,,
39,56,True,0.431375,0.4314,none,,,False,,39,0,,,
39,74,True,0.75073,0.7507,none,,,False,,39,0,,,
39,4,True,0.374073,0.3741,none,,,False,,39,0,,,
39,79,True,0.35513,0.3551,none,,,False,,39,0,,,
39,33,True,0.328553,0.3286,none,,,False,,39,0,,,
39,73,True,0.362713,0.3627,none,,,False,,39,0,,,
39,30,True,0.407316,0.4073,none,,,False,,39,0,,,
39,21,True,0.607241,0.6072,none,,,False,,39,0,,,
39,95,True,1.236848,1.2368,none,,,False,,39,0,,,
39,97,True,0.477073,0.4771,none,,,False,,39,0,,,
39,5,True,0.769661,0.7697,none,,,False,,39,0,,,
39,25,True,0.479374,0.4794,none,,,False,,39,0,,,
39,66,True,0.295583,0.2956,none,,,False,,39,0,,,
39,1,True,0.822081,0.8221,none,,,False,,39,0,,,
39,7,True,0.465004,0.465,none,,,False,,39,0,,,
39,32,True,0.498672,0.4987,none,,,False,,39,0,,,
39,75,True,0.366388,0.3664,none,,,False,,39,0,,,
39,52,True,0.348284,0.3483,none,,,False,,39,0,,,
39,9,True,0.441598,0.4416,none,,,False,,39,0,,,
39,34,True,0.707586,0.7076,none,,,False,,39,0,,,
39,91,True,0.556067,0.5561,none,,,False,,39,0,,,
39,53,True,0.387594,0.3876,none,,,False,,39,0,,,
39,50,True,0.285944,0.2859,none,,,False,,39,0,,,
39,58,True,0.392828,0.3928,none,,,False,,39,0,,,
39,13,True,0.865897,0.8659,none,,,False,,39,0,,,
39,2,True,0.468647,0.4686,none,,,False,,39,0,,,
39,8,True,0.42667,0.4267,none,,,False,,39,0,,,
39,37,True,0.453048,0.453,none,,,False,,39,0,,,
39,40,True,0.399324,0.3993,none,,,False,,39,0,,,
39,15,True,0.420242,0.4202,none,,,False,,39,0,,,
39,27,True,0.727673,0.7277,none,,,False,,39,0,,,
39,44,True,0.739575,0.7396,none,,,False,,39,0,,,
39,71,True,0.395968,0.396,none,,,False,,39,0,,,
39,46,True,0.451481,0.4515,none,,,False,,39,0,,,
39,98,True,0.435427,0.4354,none,,,False,,39,0,,,
39,29,True,0.533066,0.5331,none,,,False,,39,0,,,
39,41,True,0.324712,0.3247,none,,,False,,39,0,,,
39,82,True,0.469901,0.4699,none,,,False,,39,0,,,
39,24,True,0.519196,0.5192,none,,,False,,39,0,,,
39,0,True,0.575655,0.5757,none,,,False,,39,0,,,
39,70,True,0.197908,0.1979,none,,,False,,39,0,,,
39,22,True,0.62999,0.63,none,,,False,,39,0,,,
39,3,True,0.501297,0.5013,none,,,False,,39,0,,,
39,54,True,0.426687,0.4267,none,,,False,,39,0,,,
39,23,True,0.763636,0.7636,none,,,False,,39,0,,,
40,12,True,0.648091,0.6481,none,,,False,,40,0,,,
40,57,True,0.612065,0.6121,none,,,False,,40,0,,,
40,64,True,0.651048,0.651,none,,,False,,40,0,,,
40,41,True,0.327779,0.3278,none,,,False,,40,0,,,
40,23,True,0.622213,0.6222,none,,,False,,40,0,,,
40,89,True,0.427315,0.4273,none,,,False,,40,0,,,
40,6,True,-0.333548,-0.3335,none,,,False,,40,0,,,
40,72,True,0.47449,0.4745,none,,,False,,40,0,,,
40,60,True,0.671046,0.671,none,,,False,,40,0,,,
40,93,True,0.39591,0.3959,none,,,False,,40,0,,,
40,19,True,0.55584,0.5558,none,,,False,,40,0,,,
40,91,True,0.639328,0.6393,none,,,False,,40,0,,,
40,62,True,0.650709,0.6507,none,,,False,,40,0,,,
40,51,True,0.609135,0.6091,none,,,False,,40,0,,,
40,32,True,0.416094,0.4161,none,,,False,,40,0,,,
40,10,True,0.594571,0.5946,none,,,False,,40,0,,,
40,79,True,0.220045,0.22,none,,,False,,40,0,,,
40,86,True,0.545961,0.546,none,,,False,,40,0,,,
40,84,True,0.567244,0.5672,none,,,False,,40,0,,,
40,46,True,0.172898,0.1729,none,,,False,,40,0,,,
40,74,True,0.726891,0.7269,none,,,False,,40,0,,,
40,35,True,0.674474,0.6745,none,,,False,,40,0,,,
40,16,True,0.09568,0.0957,none,,,False,,40,0,,,
40,53,True,0.35699,0.357,none,,,False,,40,0,,,
40,39,True,0.307134,0.3071,none,,,False,,40,0,,,
40,33,True,0.360263,0.3603,none,,,False,,40,0,,,
40,42,True,0.376841,0.3768,none,,,False,,40,0,,,
40,65,True,0.474355,0.4744,none,,,False,,40,0,,,
40,85,True,0.508738,0.5087,none,,,False,,40,0,,,
40,92,True,0.54193,0.5419,none,,,False,,40,0,,,
40,82,True,0.394714,0.3947,none,,,False,,40,0,,,
40,1,True,0.738035,0.738,none,,,False,,40,0,,,
40,71,True,0.288295,0.2883,none,,,False,,40,0,,,
40,29,True,0.410187,0.4102,none,,,False,,40,0,,,
40,67,True,0.554838,0.5548,none,,,False,,40,0,,,
40,15,True,0.63156,0.6316,none,,,False,,40,0,,,
40,73,True,0.320848,0.3208,none,,,False,,40,0,,,
40,45,True,0.564039,0.564,none,,,False,,40,0,,,
40,68,True,0.662312,0.6623,none,,,False,,40,0,,,
40,31,True,1.141595,1.1416,none,,,False,,40,0,,,
40,88,True,0.416949,0.4169,none,,,False,,40,0,,,
40,75,True,0.441072,0.4411,none,,,False,,40,0,,,
40,52,True,0.305869,0.3059,none,,,False,,40,0,,,
40,94,True,0.645197,0.6452,none,,,False,,40,0,,,
40,95,True,1.12442,1.1244,none,,,False,,40,0,,,
40,34,True,0.665603,0.6656,none,,,False,,40,0,,,
40,26,True,0.404363,0.4044,none,,,False,,40,0,,,
40,13,True,0.882424,0.8824,none,,,False,,40,0,,,
40,2,True,0.547706,0.5477,none,,,False,,40,0,,,
40,98,True,0.604986,0.605,none,,,False,,40,0,,,
41,34,True,0.603693,0.6037,none,,,False,,41,0,,,
41,74,True,0.786506,0.7865,none,,,False,,41,0,,,
41,25,True,0.388968,0.389,none,,,False,,41,0,,,
41,58,True,0.551136,0.5511,none,,,False,,41,0,,,
41,49,True,0.347909,0.3479,none,,,False,,41,0,,,
41,81,True,0.730602,0.7306,none,,,False,,41,0,,,
41,2,True,0.459207,0.4592,none,,,False,,41,0,,,
41,99,True,0.258139,0.2581,none,,,False,,41,0,,,
41,37,True,0.412406,0.4124,none,,,False,,41,0,,,
41,68,True,0.652088,0.6521,none,,,False,,41,0,,,
41,46,True,0.518019,0.518,none,,,False,,41,0,,,
41,84,True,0.369535,0.3695,none,,,False,,41,0,,,
41,20,True,0.482917,0.4829,none,,,False,,41,0,,,
41,90,True,0.246643,0.2466,none,,,False,,41,0,,,
41,64,True,0.534482,0.5345,none,,,False,,41,0,,,
41,69,True,0.4417,0.4417,none,,,False,,41,0,,,
41,65,True,0.522921,0.5229,none,,,False,,41,0,,,
41,91,True,0.56595,0.566,none,,,False,,41,0,,,
41,61,True,0.747109,0.7471,none,,,False,,41,0,,,
41,71,True,0.322933,0.3229,none,,,False,,41,0,,,
41,23,True,0.712709,0.7127,none,,,False,,41,0,,,
41,3,True,0.446626,0.4466,none,,,False,,41,0,,,
41,11,True,0.650135,0.6501,none,,,False,,41,0,,,
41,38,True,0.317951,0.318,none,,,False,,41,0,,,
41,48,True,0.661035,0.661,none,,,False,,41,0,,,
41,18,True,0.401024,0.401,none,,,False,,41,0,,,
41,5,True,0.688144,0.6881,none,,,False,,41,0,,,
41,63,True,0.340069,0.3401,none,,,False,,41,0,,,
41,45,True,0.59922,0.5992,none,,,False,,41,0,,,
41,28,True,0.514525,0.5145,none,,,False,,41,0,,,
41,7,True,0.496443,0.4964,none,,,False,,41,0,,,
41,24,True,0.444915,0.4449,none,,,False,,41,0,,,
41,6,True,-0.057273,-0.0573,none,,,False,,41,0,,,
41,77,True,0.720643,0.7206,none,,,False,,41,0,,,
41,10,True,0.572203,0.5722,none,,,False,,41,0,,,
41,43,True,0.350447,0.3504,none,,,False,,41,0,,,
41,29,True,0.534967,0.535,none,,,False,,41,0,,,
41,32,True,0.525671,0.5257,none,,,False,,41,0,,,
41,44,True,0.807517,0.8075,none,,,False,,41,0,,,
41,47,True,0.487844,0.4878,none,,,False,,41,0,,,
41,78,True,0.888528,0.8885,none,,,False,,41,0,,,
41,14,True,0.354473,0.3545,none,,,False,,41,0,,,
41,76,True,0.336825,0.3368,none,,,False,,41,0,,,
41,57,True,0.461615,0.4616,none,,,False,,41,0,,,
41,56,True,0.437695,0.4377,none,,,False,,41,0,,,
41,16,True,0.241261,0.2413,none,,,False,,41,0,,,
41,72,True,0.385361,0.3854,none,,,False,,41,0,,,
41,83,True,0.421232,0.4212,none,,,False,,41,0,,,
41,41,True,0.298918,0.2989,none,,,False,,41,0,,,
41,67,True,0.367795,0.3678,none,,,False,,41,0,,,
42,83,True,0.445055,0.4451,none,,,False,,42,0,,,
42,61,True,0.646058,0.6461,none,,,False,,42,0,,,
42,90,True,0.177044,0.177,none,,,False,,42,0,,,
42,13,True,0.962933,0.9629,none,,,False,,42,0,,,
42,64,True,0.507935,0.5079,none,,,False,,42,0,,,
42,78,True,0.835769,0.8358,none,,,False,,42,0,,,
42,19,True,0.499579,0.4996,none,,,False,,42,0,,,
42,28,True,0.428346,0.4283,none,,,False,,42,0,,,
42,79,True,0.171731,0.1717,none,,,False,,42,0,,,
42,93,True,0.380138,0.3801,none,,,False,,42,0,,,
42,87,True,0.325511,0.3255,none,,,False,,42,0,,,
42,37,True,0.391489,0.3915,none,,,False,,42,0,,,
42,65,True,0.531104,0.5311,none,,,False,,42,0,,,
42,34,True,0.521141,0.5211,none,,,False,,42,0,,,
42,3,True,0.48314,0.4831,none,,,False,,42,0,,,
42,43,True,0.329993,0.33,none,,,False,,42,0,,,
42,60,True,0.71175,0.7118,none,,,False,,42,0,,,
42,21,True,0.659165,0.6592,none,,,False,,42,0,,,
42,38,True,0.373697,0.3737,none,,,False,,42,0,,,
42,6,True,0.336091,0.3361,none,,,False,,42,0,,,
42,41,True,0.189635,0.1896,none,,,False,,42,0,,,
42,8,True,0.545716,0.5457,none,,,False,,42,0,,,
42,20,True,0.773672,0.7737,none,,,False,,42,0,,,
42,10,True,0.610276,0.6103,none,,,False,,42,0,,,
42,59,True,0.452907,0.4529,none,,,False,,42,0,,,
42,95,True,1.031104,1.0311,none,,,False,,42,0,,,
42,17,True,0.323513,0.3235,none,,,False,,42,0,,,
42,48,True,0.717938,0.7179,none,,,False,,42,0,,,
42,91,True,0.660676,0.6607,none,,,False,,42,0,,,
42,62,True,0.575441,0.5754,none,,,False,,42,0,,,
42,51,True,0.594298,0.5943,none,,,False,,42,0,,,
42,71,True,0.313849,0.3138,none,,,False,,42,0,,,
42,7,True,0.45678,0.4568,none,,,False,,42,0,,,
42,67,True,0.483098,0.4831,none,,,False,,42,0,,,
42,77,True,0.492167,0.4922,none,,,False,,42,0,,,
42,44,True,0.864221,0.8642,none,,,False,,42,0,,,
42,47,True,0.439397,0.4394,none,,,False,,42,0,,,
42,82,True,0.449074,0.4491,none,,,False,,42,0,,,
42,73,True,0.281812,0.2818,none,,,False,,42,0,,,
42,1,True,0.774102,0.7741,none,,,False,,42,0,,,
42,24,True,0.361293,0.3613,none,,,False,,42,0,,,
42,42,True,0.466915,0.4669,none,,,False,,42,0,,,
42,98,True,0.569117,0.5691,none,,,False,,42,0,,,
42,54,True,0.392525,0.3925,none,,,False,,42,0,,,
42,53,True,0.350887,0.3509,none,,,False,,42,0,,,
42,94,True,0.571552,0.5716,none,,,False,,42,0,,,
42,49,True,0.339414,0.3394,none,,,False,,42,0,,,
42,56,True,0.464888,0.4649,none,,,False,,42,0,,,
42,30,True,0.446571,0.4466,none,,,False,,42,0,,,
42,66,True,0.420701,0.4207,none,,,False,,42,0,,,
43,79,True,0.319456,0.3195,none,,,False,,43,0,,,
43,67,True,0.402086,0.4021,none,,,False,,43,0,,,
43,81,True,0.518149,0.5181,none,,,False,,43,0,,,
43,93,True,0.340922,0.3409,none,,,False,,43,0,,,
43,1,True,0.7627,0.7627,none,,,False,,43,0,,,
43,94,True,0.575097,0.5751,none,,,False,,43,0,,,
43,85,True,0.588091,0.5881,none,,,False,,43,0,,,
43,27,True,0.990952,0.991,none,,,False,,43,0,,,
43,99,True,0.356496,0.3565,none,,,False,,43,0,,,
43,59,True,0.441814,0.4418,none,,,False,,43,0,,,
43,89,True,0.445522,0.4455,none,,,False,,43,0,,,
43,23,True,0.532778,0.5328,none,,,False,,43,0,,,
43,53,True,0.355661,0.3557,none,,,False,,43,0,,,
43,26,True,0.365442,0.3654,none,,,False,,43,0,,,
43,47,True,0.508143,0.5081,none,,,False,,43,0,,,
43,16,True,0.272751,0.2728,none,,,False,,43,0,,,
43,63,True,0.467377,0.4674,none,,,False,,43,0,,,
43,73,True,0.292907,0.2929,none,,,False,,43,0,,,
43,43,True,0.360453,0.3605,none,,,False,,43,0,,,
43,96,True,-0.084255,-0.0843,none,,,False,,43,0,,,
43,44,True,0.820746,0.8207,none,,,False,,43,0,,,
43,91,True,0.651848,0.6518,none,,,False,,43,0,,,
43,78,True,0.763527,0.7635,none,,,False,,43,0,,,
43,7,True,0.434488,0.4345,none,,,False,,43,0,,,
43,88,True,0.396581,0.3966,none,,,False,,43,0,,,
43,65,True,0.540865,0.5409,none,,,False,,43,0,,,
43,64,True,0.565135,0.5651,none,,,False,,43,0,,,
43,21,True,0.558656,0.5587,none,,,False,,43,0,,,
43,10,True,0.629224,0.6292,none,,,False,,43,0,,,
43,60,True,0.601878,0.6019,none,,,False,,43,0,,,
43,49,True,0.448282,0.4483,none,,,False,,43,0,,,
43,86,True,0.590526,0.5905,none,,,False,,43,0,,,
43,11,True,0.692193,0.6922,none,,,False,,43,0,,,
43,4,True,0.235452,0.2355,none,,,False,,43,0,,,
43,20,True,0.594118,0.5941,none,,,False,,43,0,,,
43,98,True,0.501359,0.5014,none,,,False,,43,0,,,
43,12,True,0.563407,0.5634,none,,,False,,43,0,,,
43,30,True,0.256433,0.2564,none,,,False,,43,0,,,
43,40,True,0.409252,0.4093,none,,,False,,43,0,,,
43,33,True,0.240528,0.2405,none,,,False,,43,0,,,
43,32,True,0.405585,0.4056,none,,,False,,43,0,,,
43,70,True,0.175786,0.1758,none,,,False,,43,0,,,
43,92,True,0.502753,0.5028,none,,,False,,43,0,,,
43,3,True,0.456557,0.4566,none,,,False,,43,0,,,
43,35,True,0.792385,0.7924,none,,,False,,43,0,,,
43,50,True,0.158334,0.1583,none,,,False,,43,0,,,
43,28,True,0.575973,0.576,none,,,False,,43,0,,,
43,39,True,0.175145,0.1751,none,,,False,,43,0,,,
43,17,True,0.30399,0.304,none,,,False,,43,0,,,
43,41,True,0.294254,0.2943,none,,,False,,43,0,,,
44,56,True,0.555777,0.5558,none,,,False,,44,0,,,
44,58,True,0.234784,0.2348,none,,,False,,44,0,,,
44,16,True,0.312296,0.3123,none,,,False,,44,0,,,
44,67,True,0.519788,0.5198,none,,,False,,44,0,,,
44,53,True,0.140215,0.1402,none,,,False,,44,0,,,
44,51,True,0.671448,0.6714,none,,,False,,44,0,,,
44,57,True,0.692594,0.6926,none,,,False,,44,0,,,
44,1,True,0.724637,0.7246,none,,,False,,44,0,,,
44,3,True,0.316366,0.3164,none,,,False,,44,0,,,
44,97,True,0.519543,0.5195,none,,,False,,44,0,,,
44,78,True,0.769649,0.7696,none,,,False,,44,0,,,
44,54,True,0.388113,0.3881,none,,,False,,44,0,,,
44,65,True,0.439696,0.4397,none,,,False,,44,0,,,
44,12,True,0.507106,0.5071,none,,,False,,44,0,,,
44,75,True,0.294815,0.2948,none,,,False,,44,0,,,
44,69,True,0.388641,0.3886,none,,,False,,44,0,,,
44,4,True,0.348377,0.3484,none,,,False,,44,0,,,
44,72,True,0.379665,0.3797,none,,,False,,44,0,,,
44,64,True,0.619561,0.6196,none,,,False,,44,0,,,
44,43,True,0.332034,0.332,none,,,False,,44,0,,,
44,94,True,0.537092,0.5371,none,,,False,,44,0,,,
44,88,True,0.315228,0.3152,none,,,False,,44,0,,,
44,35,True,0.854971,0.855,none,,,False,,44,0,,,
44,9,True,0.474339,0.4743,none,,,False,,44,0,,,
44,52,True,0.276241,0.2762,none,,,False,,44,0,,,
44,34,True,0.737415,0.7374,none,,,False,,44,0,,,
44,93,True,0.550656,0.5507,none,,,False,,44,0,,,
44,8,True,0.513466,0.5135,none,,,False,,44,0,,,
44,87,True,0.459347,0.4593,none,,,False,,44,0,,,
44,81,True,0.559596,0.5596,none,,,False,,44,0,,,
44,33,True,0.2559,0.2559,none,,,False,,44,0,,,
44,62,True,0.481421,0.4814,none,,,False,,44,0,,,
44,92,True,0.687243,0.6872,none,,,False,,44,0,,,
44,21,True,0.589522,0.5895,none,,,False,,44,0,,,
44,42,True,0.436872,0.4369,none,,,False,,44,0,,,
44,95,True,1.133708,1.1337,none,,,False,,44,0,,,
44,96,True,-0.375866,-0.3759,none,,,False,,44,0,,,
44,31,True,0.825602,0.8256,none,,,False,,44,0,,,
44,5,True,0.935411,0.9354,none,,,False,,44,0,,,
44,66,True,0.467265,0.4673,none,,,False,,44,0,,,
44,70,True,0.236743,0.2367,none,,,False,,44,0,,,
44,2,True,0.322497,0.3225,none,,,False,,44,0,,,
44,25,True,0.592356,0.5924,none,,,False,,44,0,,,
44,11,True,0.593059,0.5931,none,,,False,,44,0,,,
44,61,True,0.687889,0.6879,none,,,False,,44,0,,,
44,76,True,0.297245,0.2972,none,,,False,,44,0,,,
44,74,True,0.791576,0.7916,none,,,False,,44,0,,,
44,60,True,0.557212,0.5572,none,,,False,,44,0,,,
44,73,True,0.309551,0.3096,none,,,False,,44,0,,,
44,40,True,0.376852,0.3769,none,,,False,,44,0,,,
45,49,True,0.528096,0.5281,none,,,False,,45,0,,,
45,23,True,0.502923,0.5029,none,,,False,,45,0,,,
45,12,True,0.605607,0.6056,none,,,False,,45,0,,,
45,57,True,0.710578,0.7106,none,,,False,,45,0,,,
45,8,True,0.366786,0.3668,none,,,False,,45,0,,,
45,83,True,0.43932,0.4393,none,,,False,,45,0,,,
45,55,True,0.200464,0.2005,none,,,False,,45,0,,,
45,4,True,0.232474,0.2325,none,,,False,,45,0,,,
45,13,True,0.978913,0.9789,none,,,False,,45,0,,,
45,1,True,0.704445,0.7044,none,,,False,,45,0,,,
45,0,True,0.515525,0.5155,none,,,False,,45,0,,,
45,34,True,0.565709,0.5657,none,,,False,,45,0,,,
45,62,True,0.646886,0.6469,none,,,False,,45,0,,,
45,25,True,0.346506,0.3465,none,,,False,,45,0,,,
45,82,True,0.409638,0.4096,none,,,False,,45,0,,,
45,15,True,0.434331,0.4343,none,,,False,,45,0,,,
45,95,True,0.986797,0.9868,none,,,False,,45,0,,,
45,45,True,0.693463,0.6935,none,,,False,,45,0,,,
45,46,True,0.424754,0.4248,none,,,False,,45,0,,,
45,30,True,0.518672,0.5187,none,,,False,,45,0,,,
45,40,True,0.382915,0.3829,none,,,False,,45,0,,,
45,91,True,0.607726,0.6077,none,,,False,,45,0,,,
45,94,True,0.393036,0.393,none,,,False,,45,0,,,
45,6,True,0.303624,0.3036,none,,,False,,45,0,,,
45,35,True,1.027579,1.0276,none,,,False,,45,0,,,
45,68,True,0.94463,0.9446,none,,,False,,45,0,,,
45,70,True,0.197464,0.1975,none,,,False,,45,0,,,
45,18,True,0.27742,0.2774,none,,,False,,45,0,,,
45,33,True,0.326354,0.3264,none,,,False,,45,0,,,
45,56,True,0.13354,0.1335,none,,,False,,45,0,,,
45,5,True,0.802105,0.8021,none,,,False,,45,0,,,
45,10,True,0.663197,0.6632,none,,,False,,45,0,,,
45,38,True,0.44578,0.4458,none,,,False,,45,0,,,
45,85,True,0.594767,0.5948,none,,,False,,45,0,,,
45,84,True,0.477266,0.4773,none,,,False,,45,0,,,
45,75,True,0.441907,0.4419,none,,,False,,45,0,,,
45,52,True,-0.293108,-0.2931,none,,,False,,45,0,,,
45,77,True,0.770694,0.7707,none,,,False,,45,0,,,
45,28,True,0.649395,0.6494,none,,,False,,45,0,,,
45,26,True,0.410261,0.4103,none,,,False,,45,0,,,
45,20,True,0.573687,0.5737,none,,,False,,45,0,,,
45,22,True,0.613309,0.6133,none,,,False,,45,0,,,
45,21,True,0.578398,0.5784,none,,,False,,45,0,,,
45,36,True,0.541557,0.5416,none,,,False,,45,0,,,
45,27,True,0.854209,0.8542,none,,,False,,45,0,,,
45,43,True,0.316764,0.3168,none,,,False,,45,0,,,
45,11,True,0.611653,0.6117,none,,,False,,45,0,,,
45,89,True,0.444286,0.4443,none,,,False,,45,0,,,
45,50,True,0.302622,0.3026,none,,,False,,45,0,,,
45,58,True,0.607951,0.608,none,,,False,,45,0,,,
46,77,True,0.635343,0.6353,none,,,False,,46,0,,,
46,1,True,0.526632,0.5266,none,,,False,,46,0,,,
46,26,True,0.345228,0.3452,none,,,False,,46,0,,,
46,69,True,0.413152,0.4132,none,,,False,,46,0,,,
46,22,True,0.463677,0.4637,none,,,False,,46,0,,,
46,16,True,0.293351,0.2934,none,,,False,,46,0,,,
46,55,True,0.340274,0.3403,none,,,False,,46,0,,,
46,19,True,0.678603,0.6786,none,,,False,,46,0,,,
46,36,True,0.613432,0.6134,none,,,False,,46,0,,,
46,17,True,0.382262,0.3823,none,,,False,,46,0,,,
46,35,True,0.696484,0.6965,none,,,False,,46,0,,,
46,34,True,0.745741,0.7457,none,,,False,,46,0,,,
46,51,True,0.581644,0.5816,none,,,False,,46,0,,,
46,67,True,0.584436,0.5844,none,,,False,,46,0,,,
46,38,True,0.359815,0.3598,none,,,False,,46,0,,,
46,21,True,0.607644,0.6076,none,,,False,,46,0,,,
46,75,True,0.461858,0.4619,none,,,False,,46,0,,,
46,37,True,0.422948,0.4229,none,,,False,,46,0,,,
46,30,True,0.306326,0.3063,none,,,False,,46,0,,,
46,60,True,0.67154,0.6715,none,,,False,,46,0,,,
46,29,True,0.338456,0.3385,none,,,False,,46,0,,,
46,93,True,0.429828,0.4298,none,,,False,,46,0,,,
46,58,True,0.376052,0.3761,none,,,False,,46,0,,,
46,6,True,0.29459,0.2946,none,,,False,,46,0,,,
46,97,True,0.585761,0.5858,none,,,False,,46,0,,,
46,98,True,0.50984,0.5098,none,,,False,,46,0,,,
46,49,True,0.202045,0.202,none,,,False,,46,0,,,
46,57,True,0.476127,0.4761,none,,,False,,46,0,,,
46,3,True,0.51811,0.5181,none,,,False,,46,0,,,
46,91,True,0.557312,0.5573,none,,,False,,46,0,,,
46,40,True,0.438429,0.4384,none,,,False,,46,0,,,
46,27,True,0.556761,0.5568,none,,,False,,46,0,,,
46,33,True,0.313783,0.3138,none,,,False,,46,0,,,
46,64,True,0.558612,0.5586,none,,,False,,46,0,,,
46,32,True,0.398361,0.3984,none,,,False,,46,0,,,
46,65,True,0.549982,0.55,none,,,False,,46,0,,,
46,76,True,0.397636,0.3976,none,,,False,,46,0,,,
46,2,True,0.473676,0.4737,none,,,False,,46,0,,,
46,66,True,0.353914,0.3539,none,,,False,,46,0,,,
46,44,True,0.817966,0.818,none,,,False,,46,0,,,
46,61,True,0.627988,0.628,none,,,False,,46,0,,,
46,23,True,0.731869,0.7319,none,,,False,,46,0,,,
46,5,True,0.840798,0.8408,none,,,False,,46,0,,,
46,72,True,0.569447,0.5694,none,,,False,,46,0,,,
46,56,True,0.50563,0.5056,none,,,False,,46,0,,,
46,94,True,0.483053,0.4831,none,,,False,,46,0,,,
46,59,True,0.630654,0.6307,none,,,False,,46,0,,,
46,4,True,0.342392,0.3424,none,,,False,,46,0,,,
46,48,True,0.604475,0.6045,none,,,False,,46,0,,,
46,9,True,0.476815,0.4768,none,,,False,,46,0,,,
47,88,True,0.365527,0.3655,none,,,False,,47,0,,,
47,91,True,0.548873,0.5489,none,,,False,,47,0,,,
47,22,True,0.428952,0.429,none,,,False,,47,0,,,
47,51,True,0.604101,0.6041,none,,,False,,47,0,,,
47,24,True,0.401031,0.401,none,,,False,,47,0,,,
47,11,True,0.484194,0.4842,none,,,False,,47,0,,,
47,13,True,1.083385,1.0834,none,,,False,,47,0,,,
47,55,True,0.376893,0.3769,none,,,False,,47,0,,,
47,50,True,0.346045,0.346,none,,,False,,47,0,,,
47,99,True,0.328438,0.3284,none,,,False,,47,0,,,
47,44,True,0.704082,0.7041,none,,,False,,47,0,,,
47,6,True,-0.01391,-0.0139,none,,,False,,47,0,,,
47,75,True,0.361089,0.3611,none,,,False,,47,0,,,
47,78,True,0.793093,0.7931,none,,,False,,47,0,,,
47,83,True,0.375965,0.376,none,,,False,,47,0,,,
47,59,True,0.392939,0.3929,none,,,False,,47,0,,,
47,74,True,0.93409,0.9341,none,,,False,,47,0,,,
47,34,True,0.484452,0.4845,none,,,False,,47,0,,,
47,20,True,0.777546,0.7775,none,,,False,,47,0,,,
47,47,True,0.577045,0.577,none,,,False,,47,0,,,
47,30,True,0.539099,0.5391,none,,,False,,47,0,,,
47,85,True,0.625441,0.6254,none,,,False,,47,0,,,
47,27,True,0.780159,0.7802,none,,,False,,47,0,,,
47,46,True,-0.046916,-0.0469,none,,,False,,47,0,,,
47,1,True,0.552303,0.5523,none,,,False,,47,0,,,
47,94,True,0.360644,0.3606,none,,,False,,47,0,,,
47,0,True,0.554548,0.5545,none,,,False,,47,0,,,
47,36,True,0.413383,0.4134,none,,,False,,47,0,,,
47,56,True,0.400731,0.4007,none,,,False,,47,0,,,
47,3,True,0.408438,0.4084,none,,,False,,47,0,,,
47,8,True,0.451245,0.4512,none,,,False,,47,0,,,
47,76,True,0.408672,0.4087,none,,,False,,47,0,,,
47,17,True,0.285163,0.2852,none,,,False,,47,0,,,
47,70,True,0.189189,0.1892,none,,,False,,47,0,,,
47,81,True,0.779212,0.7792,none,,,False,,47,0,,,
47,60,True,0.504311,0.5043,none,,,False,,47,0,,,
47,65,True,0.516984,0.517,none,,,False,,47,0,,,
47,92,True,0.372748,0.3727,none,,,False,,47,0,,,
47,66,True,0.424754,0.4248,none,,,False,,47,0,,,
47,95,True,1.221438,1.2214,none,,,False,,47,0,,,
47,71,True,0.512917,0.5129,none,,,False,,47,0,,,
47,25,True,0.413275,0.4133,none,,,False,,47,0,,,
47,45,True,0.545156,0.5452,none,,,False,,47,0,,,
47,41,True,0.347925,0.3479,none,,,False,,47,0,,,
47,62,True,0.476517,0.4765,none,,,False,,47,0,,,
47,90,True,0.235501,0.2355,none,,,False,,47,0,,,
47,72,True,0.461029,0.461,none,,,False,,47,0,,,
47,21,True,0.626569,0.6266,none,,,False,,47,0,,,
47,14,True,0.259606,0.2596,none,,,False,,47,0,,,
47,54,True,0.318169,0.3182,none,,,False,,47,0,,,
48,9,True,0.486885,0.4869,none,,,False,,48,0,,,
48,25,True,0.598159,0.5982,none,,,False,,48,0,,,
48,10,True,0.631527,0.6315,none,,,False,,48,0,,,
48,13,True,0.743641,0.7436,none,,,False,,48,0,,,
48,22,True,0.556005,0.556,none,,,False,,48,0,,,
48,61,True,0.824204,0.8242,none,,,False,,48,0,,,
48,97,True,0.406828,0.4068,none,,,False,,48,0,,,
48,42,True,0.443457,0.4435,none,,,False,,48,0,,,
48,28,True,0.418909,0.4189,none,,,False,,48,0,,,
48,54,True,0.367051,0.3671,none,,,False,,48,0,,,
48,31,True,0.929813,0.9298,none,,,False,,48,0,,,
48,8,True,0.502802,0.5028,none,,,False,,48,0,,,
48,7,True,0.428806,0.4288,none,,,False,,48,0,,,
48,67,True,0.541736,0.5417,none,,,False,,48,0,,,
48,78,True,0.550426,0.5504,none,,,False,,48,0,,,
48,87,True,0.552148,0.5521,none,,,False,,48,0,,,
48,80,True,0.46831,0.4683,none,,,False,,48,0,,,
48,48,True,0.711993,0.712,none,,,False,,48,0,,,
48,2,True,0.563794,0.5638,none,,,False,,48,0,,,
48,91,True,0.613264,0.6133,none,,,False,,48,0,,,
48,66,True,0.40198,0.402,none,,,False,,48,0,,,
48,95,True,1.195721,1.1957,none,,,False,,48,0,,,
48,59,True,0.564987,0.565,none,,,False,,48,0,,,
48,65,True,0.297158,0.2972,none,,,False,,48,0,,,
48,81,True,0.193925,0.1939,none,,,False,,48,0,,,
48,41,True,0.247456,0.2475,none,,,False,,48,0,,,
48,52,True,0.252537,0.2525,none,,,False,,48,0,,,
48,63,True,0.511531,0.5115,none,,,False,,48,0,,,
48,34,True,0.622665,0.6227,none,,,False,,48,0,,,
48,88,True,0.306974,0.307,none,,,False,,48,0,,,
48,55,True,0.408307,0.4083,none,,,False,,48,0,,,
48,5,True,0.993026,0.993,none,,,False,,48,0,,,
48,93,True,0.478699,0.4787,none,,,False,,48,0,,,
48,23,True,0.654145,0.6541,none,,,False,,48,0,,,
48,64,True,0.632545,0.6325,none,,,False,,48,0,,,
48,0,True,0.450864,0.4509,none,,,False,,48,0,,,
48,60,True,0.4679,0.4679,none,,,False,,48,0,,,
48,89,True,0.40967,0.4097,none,,,False,,48,0,,,
48,6,True,0.128228,0.1282,none,,,False,,48,0,,,
48,14,True,0.167848,0.1678,none,,,False,,48,0,,,
48,98,True,0.459654,0.4597,none,,,False,,48,0,,,
48,79,True,0.40612,0.4061,none,,,False,,48,0,,,
48,62,True,0.663384,0.6634,none,,,False,,48,0,,,
48,47,True,0.36189,0.3619,none,,,False,,48,0,,,
48,24,True,0.439548,0.4395,none,,,False,,48,0,,,
48,49,True,0.338143,0.3381,none,,,False,,48,0,,,
48,26,True,0.48328,0.4833,none,,,False,,48,0,,,
48,19,True,0.888593,0.8886,none,,,False,,48,0,,,
48,86,True,0.403911,0.4039,none,,,False,,48,0,,,
48,77,True,0.806362,0.8064,none,,,False,,48,0,,,
49,32,True,0.519719,0.5197,none,,,False,,49,0,,,
49,66,True,0.414395,0.4144,none,,,False,,49,0,,,
49,0,True,0.533309,0.5333,none,,,False,,49,0,,,
49,54,True,0.340076,0.3401,none,,,False,,49,0,,,
49,74,True,0.791142,0.7911,none,,,False,,49,0,,,
49,53,True,0.321066,0.3211,none,,,False,,49,0,,,
49,56,True,0.36342,0.3634,none,,,False,,49,0,,,
49,25,True,0.233858,0.2339,none,,,False,,49,0,,,
49,94,True,0.312857,0.3129,none,,,False,,49,0,,,
49,41,True,0.258723,0.2587,none,,,False,,49,0,,,
49,37,True,0.421762,0.4218,none,,,False,,49,0,,,
49,50,True,0.274927,0.2749,none,,,False,,49,0,,,
49,27,True,0.902417,0.9024,none,,,False,,49,0,,,
49,73,True,0.3434,0.3434,none,,,False,,49,0,,,
49,45,True,0.568317,0.5683,none,,,False,,49,0,,,
49,12,True,0.656292,0.6563,none,,,False,,49,0,,,
49,23,True,0.55551,0.5555,none,,,False,,49,0,,,
49,96,True,0.287894,0.2879,none,,,False,,49,0,,,
49,31,True,0.73257,0.7326,none,,,False,,49,0,,,
49,70,True,0.154905,0.1549,none,,,False,,49,0,,,
49,11,True,0.616466,0.6165,none,,,False,,49,0,,,
49,40,True,0.415046,0.415,none,,,False,,49,0,,,
49,8,True,0.459512,0.4595,none,,,False,,49,0,,,
49,19,True,0.676589,0.6766,none,,,False,,49,0,,,
49,47,True,0.464246,0.4642,none,,,False,,49,0,,,
49,7,True,0.525144,0.5251,none,,,False,,49,0,,,
49,36,True,0.570719,0.5707,none,,,False,,49,0,,,
49,9,True,0.43383,0.4338,none,,,False,,49,0,,,
49,52,True,0.250252,0.2503,none,,,False,,49,0,,,
49,77,True,0.635545,0.6355,none,,,False,,49,0,,,
49,60,True,0.603677,0.6037,none,,,False,,49,0,,,
49,93,True,0.416631,0.4166,none,,,False,,49,0,,,
49,80,True,0.45014,0.4501,none,,,False,,49,0,,,
49,20,True,0.69552,0.6955,none,,,False,,49,0,,,
49,26,True,0.332579,0.3326,none,,,False,,49,0,,,
49,61,True,0.658769,0.6588,none,,,False,,49,0,,,
49,59,True,0.38064,0.3806,none,,,False,,49,0,,,
49,67,True,0.417708,0.4177,none,,,False,,49,0,,,
49,89,True,0.204077,0.2041,none,,,False,,49,0,,,
49,95,True,1.082909,1.0829,none,,,False,,49,0,,,
49,5,True,0.812136,0.8121,none,,,False,,49,0,,,
49,57,True,0.630468,0.6305,none,,,False,,49,0,,,
49,84,True,0.531899,0.5319,none,,,False,,49,0,,,
49,3,True,0.449297,0.4493,none,,,False,,49,0,,,
49,88,True,0.380867,0.3809,none,,,False,,49,0,,,
49,71,True,0.420087,0.4201,none,,,False,,49,0,,,
49,85,True,0.503439,0.5034,none,,,False,,49,0,,,
49,30,True,0.410707,0.4107,none,,,False,,49,0,,,
49,17,True,0.266627,0.2666,none,,,False,,49,0,,,
49,14,True,0.361671,0.3617,none,,,False,,49,0,,,
50,47,True,0.688363,0.6884,none,,,False,,50,0,,,
50,94,True,0.873766,0.8738,none,,,False,,50,0,,,
50,56,True,0.554552,0.5546,none,,,False,,50,0,,,
50,31,True,0.920355,0.9204,none,,,False,,50,0,,,
50,5,True,0.894781,0.8948,none,,,False,,50,0,,,
50,30,True,0.536796,0.5368,none,,,False,,50,0,,,
50,67,True,0.55471,0.5547,none,,,False,,50,0,,,
50,46,True,0.380359,0.3804,none,,,False,,50,0,,,
50,50,True,0.307683,0.3077,none,,,False,,50,0,,,
50,55,True,0.447194,0.4472,none,,,False,,50,0,,,
50,15,True,0.43701,0.437,none,,,False,,50,0,,,
50,75,True,0.31127,0.3113,none,,,False,,50,0,,,
50,92,True,0.60945,0.6094,none,,,False,,50,0,,,
50,81,True,0.68148,0.6815,none,,,False,,50,0,,,
50,48,True,0.594268,0.5943,none,,,False,,50,0,,,
50,49,True,0.371555,0.3716,none,,,False,,50,0,,,
50,36,True,0.540763,0.5408,none,,,False,,50,0,,,
50,34,True,0.625671,0.6257,none,,,False,,50,0,,,
50,62,True,0.610649,0.6106,none,,,False,,50,0,,,
50,29,True,0.512851,0.5129,none,,,False,,50,0,,,
50,90,True,0.292628,0.2926,none,,,False,,50,0,,,
50,42,True,0.405812,0.4058,none,,,False,,50,0,,,
50,38,True,0.426408,0.4264,none,,,False,,50,0,,,
50,64,True,0.59447,0.5945,none,,,False,,50,0,,,
50,0,True,0.428094,0.4281,none,,,False,,50,0,,,
50,3,True,0.430839,0.4308,none,,,False,,50,0,,,
50,96,True,-0.128532,-0.1285,none,,,False,,50,0,,,
50,13,True,0.890508,0.8905,none,,,False,,50,0,,,
50,40,True,0.426285,0.4263,none,,,False,,50,0,,,
50,91,True,0.582744,0.5827,none,,,False,,50,0,,,
50,57,True,0.683989,0.684,none,,,False,,50,0,,,
50,21,True,0.560213,0.5602,none,,,False,,50,0,,,
50,52,True,0.344277,0.3443,none,,,False,,50,0,,,
50,59,True,0.517855,0.5179,none,,,False,,50,0,,,
50,85,True,0.421163,0.4212,none,,,False,,50,0,,,
50,53,True,0.486938,0.4869,none,,,False,,50,0,,,
50,78,True,0.652066,0.6521,none,,,False,,50,0,,,
50,14,True,0.307078,0.3071,none,,,False,,50,0,,,
50,37,True,0.392515,0.3925,none,,,False,,50,0,,,
50,4,True,0.197528,0.1975,none,,,False,,50,0,,,
50,88,True,0.415076,0.4151,none,,,False,,50,0,,,
50,33,True,0.281936,0.2819,none,,,False,,50,0,,,
50,93,True,0.429798,0.4298,none,,,False,,50,0,,,
50,74,True,0.881718,0.8817,none,,,False,,50,0,,,
50,45,True,0.634684,0.6347,none,,,False,,50,0,,,
50,79,True,0.218668,0.2187,none,,,False,,50,0,,,
50,44,True,1.203654,1.2037,none,,,False,,50,0,,,
50,17,True,0.324614,0.3246,none,,,False,,50,0,,,
50,80,True,0.791996,0.792,none,,,False,,50,0,,,
50,82,True,0.500834,0.5008,none,,,False,,50,0,,,
51,23,True,0.616986,0.617,none,,,False,,51,0,,,
51,68,True,0.596761,0.5968,none,,,False,,51,0,,,
51,10,True,0.634623,0.6346,none,,,False,,51,0,,,
51,86,True,0.495225,0.4952,none,,,False,,51,0,,,
51,54,True,0.705708,0.7057,none,,,False,,51,0,,,
51,60,True,0.557471,0.5575,none,,,False,,51,0,,,
51,78,True,0.825792,0.8258,none,,,False,,51,0,,,
51,49,True,0.211055,0.2111,none,,,False,,51,0,,,
51,79,True,0.184744,0.1847,none,,,False,,51,0,,,
51,61,True,0.682322,0.6823,none,,,False,,51,0,,,
51,66,True,0.379012,0.379,none,,,False,,51,0,,,
51,48,True,0.575773,0.5758,none,,,False,,51,0,,,
51,21,True,0.67924,0.6792,none,,,False,,51,0,,,
51,62,True,0.497222,0.4972,none,,,False,,51,0,,,
51,7,True,0.495564,0.4956,none,,,False,,51,0,,,
51,16,True,0.388374,0.3884,none,,,False,,51,0,,,
51,75,True,0.411223,0.4112,none,,,False,,51,0,,,
51,8,True,0.507917,0.5079,none,,,False,,51,0,,,
51,51,True,0.601649,0.6016,none,,,False,,51,0,,,
51,94,True,0.75768,0.7577,none,,,False,,51,0,,,
51,20,True,0.810202,0.8102,none,,,False,,51,0,,,
51,6,True,0.396439,0.3964,none,,,False,,51,0,,,
51,81,True,0.492929,0.4929,none,,,False,,51,0,,,
51,9,True,0.392219,0.3922,none,,,False,,51,0,,,
51,88,True,0.317892,0.3179,none,,,False,,51,0,,,
51,87,True,0.591477,0.5915,none,,,False,,51,0,,,
51,59,True,0.484329,0.4843,none,,,False,,51,0,,,
51,91,True,0.585757,0.5858,none,,,False,,51,0,,,
51,15,True,0.458015,0.458,none,,,False,,51,0,,,
51,44,True,1.198017,1.198,none,,,False,,51,0,,,
51,57,True,0.493484,0.4935,none,,,False,,51,0,,,
51,74,True,0.797671,0.7977,none,,,False,,51,0,,,
51,67,True,0.351457,0.3515,none,,,False,,51,0,,,
51,98,True,0.383149,0.3831,none,,,False,,51,0,,,
51,96,True,0.163795,0.1638,none,,,False,,51,0,,,
51,73,True,0.375779,0.3758,none,,,False,,51,0,,,
51,84,True,0.559745,0.5597,none,,,False,,51,0,,,
51,72,True,0.632415,0.6324,none,,,False,,51,0,,,
51,41,True,0.289409,0.2894,none,,,False,,51,0,,,
51,33,True,0.377978,0.378,none,,,False,,51,0,,,
51,31,True,0.866883,0.8669,none,,,False,,51,0,,,
51,97,True,0.47359,0.4736,none,,,False,,51,0,,,
51,95,True,2.502938,2.5029,none,,,False,,51,0,,,
51,27,True,0.643162,0.6432,none,,,False,,51,0,,,
51,92,True,0.513143,0.5131,none,,,False,,51,0,,,
51,4,True,0.414327,0.4143,none,,,False,,51,0,,,
51,82,True,0.44149,0.4415,none,,,False,,51,0,,,
51,80,True,0.715911,0.7159,none,,,False,,51,0,,,
51,2,True,0.341954,0.342,none,,,False,,51,0,,,
51,56,True,0.101345,0.1013,none,,,False,,51,0,,,
52,88,True,0.319804,0.3198,none,,,False,,52,0,,,
52,58,True,0.346336,0.3463,none,,,False,,52,0,,,
52,90,True,0.343924,0.3439,none,,,False,,52,0,,,
52,1,True,0.661381,0.6614,none,,,False,,52,0,,,
52,69,True,0.219858,0.2199,none,,,False,,52,0,,,
52,73,True,0.308489,0.3085,none,,,False,,52,0,,,
52,92,True,0.507095,0.5071,none,,,False,,52,0,,,
52,68,True,0.865651,0.8657,none,,,False,,52,0,,,
52,51,True,0.647609,0.6476,none,,,False,,52,0,,,
52,15,True,0.302825,0.3028,none,,,False,,52,0,,,
52,65,True,0.532499,0.5325,none,,,False,,52,0,,,
52,4,True,0.395705,0.3957,none,,,False,,52,0,,,
52,95,True,2.275543,2.2755,none,,,False,,52,0,,,
52,22,True,0.726106,0.7261,none,,,False,,52,0,,,
52,38,True,0.386716,0.3867,none,,,False,,52,0,,,
52,64,True,0.509857,0.5099,none,,,False,,52,0,,,
52,34,True,0.611663,0.6117,none,,,False,,52,0,,,
52,54,True,0.517262,0.5173,none,,,False,,52,0,,,
52,56,True,0.382023,0.382,none,,,False,,52,0,,,
52,39,True,0.330418,0.3304,none,,,False,,52,0,,,
52,81,True,0.359925,0.3599,none,,,False,,52,0,,,
52,91,True,0.535389,0.5354,none,,,False,,52,0,,,
52,2,True,0.418341,0.4183,none,,,False,,52,0,,,
52,10,True,0.549469,0.5495,none,,,False,,52,0,,,
52,8,True,0.42158,0.4216,none,,,False,,52,0,,,
52,80,True,0.859532,0.8595,none,,,False,,52,0,,,
52,66,True,0.365987,0.366,none,,,False,,52,0,,,
52,35,True,0.953223,0.9532,none,,,False,,52,0,,,
52,12,True,0.566451,0.5665,none,,,False,,52,0,,,
52,44,True,1.16192,1.1619,none,,,False,,52,0,,,
52,25,True,0.352439,0.3524,none,,,False,,52,0,,,
52,93,True,0.540369,0.5404,none,,,False,,52,0,,,
52,83,True,0.442172,0.4422,none,,,False,,52,0,,,
52,37,True,0.264778,0.2648,none,,,False,,52,0,,,
52,48,True,0.67724,0.6772,none,,,False,,52,0,,,
52,46,True,0.496518,0.4965,none,,,False,,52,0,,,
52,86,True,0.538189,0.5382,none,,,False,,52,0,,,
52,60,True,0.617709,0.6177,none,,,False,,52,0,,,
52,71,True,0.506601,0.5066,none,,,False,,52,0,,,
52,16,True,0.38239,0.3824,none,,,False,,52,0,,,
52,63,True,1.025448,1.0254,none,,,False,,52,0,,,
52,89,True,0.355526,0.3555,none,,,False,,52,0,,,
52,82,True,0.422349,0.4223,none,,,False,,52,0,,,
52,0,True,0.441866,0.4419,none,,,False,,52,0,,,
52,50,True,0.266927,0.2669,none,,,False,,52,0,,,
52,42,True,0.645266,0.6453,none,,,False,,52,0,,,
52,33,True,-0.000603,-0.0006,none,,,False,,52,0,,,
52,31,True,0.692231,0.6922,none,,,False,,52,0,,,
52,29,True,0.567534,0.5675,none,,,False,,52,0,,,
52,41,True,0.376077,0.3761,none,,,False,,52,0,,,
53,70,True,0.171722,0.1717,none,,,False,,53,0,,,
53,87,True,0.585164,0.5852,none,,,False,,53,0,,,
53,18,True,0.287443,0.2874,none,,,False,,53,0,,,
53,11,True,0.619678,0.6197,none,,,False,,53,0,,,
53,55,True,0.517478,0.5175,none,,,False,,53,0,,,
53,1,True,0.759948,0.7599,none,,,False,,53,0,,,
53,81,True,0.397948,0.3979,none,,,False,,53,0,,,
53,64,True,0.638287,0.6383,none,,,False,,53,0,,,
53,65,True,0.444621,0.4446,none,,,False,,53,0,,,
53,94,True,0.788495,0.7885,none,,,False,,53,0,,,
53,7,True,0.508945,0.5089,none,,,False,,53,0,,,
53,84,True,0.566328,0.5663,none,,,False,,53,0,,,
53,85,True,0.331938,0.3319,none,,,False,,53,0,,,
53,68,True,0.699278,0.6993,none,,,False,,53,0,,,
53,5,True,0.985949,0.9859,none,,,False,,53,0,,,
53,14,True,0.344581,0.3446,none,,,False,,53,0,,,
53,83,True,0.382927,0.3829,none,,,False,,53,0,,,
53,8,True,0.480526,0.4805,none,,,False,,53,0,,,
53,67,True,0.632407,0.6324,none,,,False,,53,0,,,
53,27,True,0.821042,0.821,none,,,False,,53,0,,,
53,76,True,0.389426,0.3894,none,,,False,,53,0,,,
53,45,True,0.451257,0.4513,none,,,False,,53,0,,,
53,57,True,0.669704,0.6697,none,,,False,,53,0,,,
53,23,True,0.608251,0.6083,none,,,False,,53,0,,,
53,74,True,0.844781,0.8448,none,,,False,,53,0,,,
53,15,True,0.529927,0.5299,none,,,False,,53,0,,,
53,32,True,0.693531,0.6935,none,,,False,,53,0,,,
53,54,True,0.501183,0.5012,none,,,False,,53,0,,,
53,60,True,0.554139,0.5541,none,,,False,,53,0,,,
53,95,True,2.089211,2.0892,none,,,False,,53,0,,,
53,97,True,0.524087,0.5241,none,,,False,,53,0,,,
53,75,True,0.329618,0.3296,none,,,False,,53,0,,,
53,49,True,0.404376,0.4044,none,,,False,,53,0,,,
53,12,True,0.558118,0.5581,none,,,False,,53,0,,,
53,0,True,0.5785,0.5785,none,,,False,,53,0,,,
53,66,True,0.462171,0.4622,none,,,False,,53,0,,,
53,39,True,0.220094,0.2201,none,,,False,,53,0,,,
53,33,True,0.311194,0.3112,none,,,False,,53,0,,,
53,28,True,0.529522,0.5295,none,,,False,,53,0,,,
53,92,True,0.448679,0.4487,none,,,False,,53,0,,,
53,47,True,0.724964,0.725,none,,,False,,53,0,,,
53,36,True,0.660787,0.6608,none,,,False,,53,0,,,
53,98,True,0.440822,0.4408,none,,,False,,53,0,,,
53,43,True,0.338621,0.3386,none,,,False,,53,0,,,
53,80,True,0.66274,0.6627,none,,,False,,53,0,,,
53,88,True,0.398471,0.3985,none,,,False,,53,0,,,
53,13,True,0.945496,0.9455,none,,,False,,53,0,,,
53,25,True,0.469674,0.4697,none,,,False,,53,0,,,
53,35,True,0.728259,0.7283,none,,,False,,53,0,,,
53,78,True,0.743749,0.7437,none,,,False,,53,0,,,
54,66,True,0.288639,0.2886,none,,,False,,54,0,,,
54,69,True,0.32944,0.3294,none,,,False,,54,0,,,
54,16,True,0.36734,0.3673,none,,,False,,54,0,,,
54,46,True,0.267563,0.2676,none,,,False,,54,0,,,
54,77,True,0.519243,0.5192,none,,,False,,54,0,,,
54,82,True,0.498522,0.4985,none,,,False,,54,0,,,
54,51,True,0.607702,0.6077,none,,,False,,54,0,,,
54,27,True,0.599183,0.5992,none,,,False,,54,0,,,
54,81,True,-0.461599,-0.4616,none,,,False,,54,0,,,
54,5,True,0.853027,0.853,none,,,False,,54,0,,,
54,32,True,0.743383,0.7434,none,,,False,,54,0,,,
54,47,True,0.744112,0.7441,none,,,False,,54,0,,,
54,24,True,0.442144,0.4421,none,,,False,,54,0,,,
54,38,True,0.392149,0.3921,none,,,False,,54,0,,,
54,39,True,0.190425,0.1904,none,,,False,,54,0,,,
54,15,True,0.505976,0.506,none,,,False,,54,0,,,
54,13,True,0.735693,0.7357,none,,,False,,54,0,,,
54,18,True,0.40923,0.4092,none,,,False,,54,0,,,
54,25,True,-0.076429,-0.0764,none,,,False,,54,0,,,
54,23,True,0.765189,0.7652,none,,,False,,54,0,,,
54,41,True,0.334095,0.3341,none,,,False,,54,0,,,
54,35,True,0.835787,0.8358,none,,,False,,54,0,,,
54,44,True,1.268611,1.2686,none,,,False,,54,0,,,
54,3,True,0.51061,0.5106,none,,,False,,54,0,,,
54,87,True,0.759453,0.7595,none,,,False,,54,0,,,
54,50,True,0.224313,0.2243,none,,,False,,54,0,,,
54,79,True,0.387955,0.388,none,,,False,,54,0,,,
54,31,True,0.863781,0.8638,none,,,False,,54,0,,,
54,72,True,0.507126,0.5071,none,,,False,,54,0,,,
54,70,True,0.221451,0.2215,none,,,False,,54,0,,,
54,90,True,0.149235,0.1492,none,,,False,,54,0,,,
54,93,True,0.488885,0.4889,none,,,False,,54,0,,,
54,71,True,0.338116,0.3381,none,,,False,,54,0,,,
54,63,True,1.007119,1.0071,none,,,False,,54,0,,,
54,83,True,0.380104,0.3801,none,,,False,,54,0,,,
54,86,True,0.41557,0.4156,none,,,False,,54,0,,,
54,0,True,0.503137,0.5031,none,,,False,,54,0,,,
54,56,True,0.440084,0.4401,none,,,False,,54,0,,,
54,30,True,0.360673,0.3607,none,,,False,,54,0,,,
54,19,True,0.881318,0.8813,none,,,False,,54,0,,,
54,33,True,0.188104,0.1881,none,,,False,,54,0,,,
54,60,True,0.387412,0.3874,none,,,False,,54,0,,,
54,17,True,0.296121,0.2961,none,,,False,,54,0,,,
54,61,True,0.623202,0.6232,none,,,False,,54,0,,,
54,20,True,0.506033,0.506,none,,,False,,54,0,,,
54,95,True,2.001036,2.001,none,,,False,,54,0,,,
54,8,True,0.448134,0.4481,none,,,False,,54,0,,,
54,78,True,0.659391,0.6594,none,,,False,,54,0,,,
54,58,True,0.453559,0.4536,none,,,False,,54,0,,,
54,59,True,0.569142,0.5691,none,,,False,,54,0,,,
55,73,True,0.236609,0.2366,none,,,False,,55,0,,,
55,46,True,0.333153,0.3332,none,,,False,,55,0,,,
55,5,True,0.687263,0.6873,none,,,False,,55,0,,,
55,56,True,0.093494,0.0935,none,,,False,,55,0,,,
55,18,True,0.230608,0.2306,none,,,False,,55,0,,,
55,61,True,0.490706,0.4907,none,,,False,,55,0,,,
55,3,True,0.573555,0.5736,none,,,False,,55,0,,,
55,98,True,0.665688,0.6657,none,,,False,,55,0,,,
55,33,True,0.105193,0.1052,none,,,False,,55,0,,,
55,21,True,0.672894,0.6729,none,,,False,,55,0,,,
55,40,True,0.379252,0.3793,none,,,False,,55,0,,,
55,4,True,0.170095,0.1701,none,,,False,,55,0,,,
55,87,True,0.722135,0.7221,none,,,False,,55,0,,,
55,78,True,0.687947,0.6879,none,,,False,,55,0,,,
55,31,True,1.165059,1.1651,none,,,False,,55,0,,,
55,77,True,0.46723,0.4672,none,,,False,,55,0,,,
55,64,True,0.623332,0.6233,none,,,False,,55,0,,,
55,81,True,0.60587,0.6059,none,,,False,,55,0,,,
55,16,True,0.37275,0.3727,none,,,False,,55,0,,,
55,14,True,0.434274,0.4343,none,,,False,,55,0,,,
55,92,True,0.561795,0.5618,none,,,False,,55,0,,,
55,6,True,0.375634,0.3756,none,,,False,,55,0,,,
55,28,True,0.475994,0.476,none,,,False,,55,0,,,
55,91,True,0.653946,0.6539,none,,,False,,55,0,,,
55,74,True,0.937755,0.9378,none,,,False,,55,0,,,
55,70,True,0.138437,0.1384,none,,,False,,55,0,,,
55,83,True,0.410557,0.4106,none,,,False,,55,0,,,
55,96,True,0.369796,0.3698,none,,,False,,55,0,,,
55,12,True,0.545918,0.5459,none,,,False,,55,0,,,
55,42,True,0.394263,0.3943,none,,,False,,55,0,,,
55,27,True,0.942385,0.9424,none,,,False,,55,0,,,
55,49,True,0.191193,0.1912,none,,,False,,55,0,,,
55,15,True,0.585732,0.5857,none,,,False,,55,0,,,
55,58,True,0.637393,0.6374,none,,,False,,55,0,,,
55,39,True,0.285949,0.2859,none,,,False,,55,0,,,
55,25,True,0.516972,0.517,none,,,False,,55,0,,,
55,76,True,0.525794,0.5258,none,,,False,,55,0,,,
55,41,True,0.316734,0.3167,none,,,False,,55,0,,,
55,20,True,0.59547,0.5955,none,,,False,,55,0,,,
55,82,True,0.412644,0.4126,none,,,False,,55,0,,,
55,52,True,-0.227607,-0.2276,none,,,False,,55,0,,,
55,24,True,0.372263,0.3723,none,,,False,,55,0,,,
55,48,True,0.609085,0.6091,none,,,False,,55,0,,,
55,53,True,0.598161,0.5982,none,,,False,,55,0,,,
55,13,True,0.77052,0.7705,none,,,False,,55,0,,,
55,89,True,0.484081,0.4841,none,,,False,,55,0,,,
55,90,True,0.213352,0.2134,none,,,False,,55,0,,,
55,17,True,0.269457,0.2695,none,,,False,,55,0,,,
55,10,True,0.665507,0.6655,none,,,False,,55,0,,,
55,80,True,0.740246,0.7402,none,,,False,,55,0,,,
56,13,True,0.782023,0.782,none,,,False,,56,0,,,
56,75,True,0.338922,0.3389,none,,,False,,56,0,,,
56,98,True,0.373265,0.3733,none,,,False,,56,0,,,
56,84,True,0.420862,0.4209,none,,,False,,56,0,,,
56,17,True,0.31827,0.3183,none,,,False,,56,0,,,
56,48,True,0.629802,0.6298,none,,,False,,56,0,,,
56,85,True,0.442045,0.442,none,,,False,,56,0,,,
56,93,True,0.450861,0.4509,none,,,False,,56,0,,,
56,74,True,0.565039,0.565,none,,,False,,56,0,,,
56,15,True,0.458199,0.4582,none,,,False,,56,0,,,
56,0,True,0.599323,0.5993,none,,,False,,56,0,,,
56,72,True,0.527365,0.5274,none,,,False,,56,0,,,
56,42,True,0.563316,0.5633,none,,,False,,56,0,,,
56,45,True,0.57356,0.5736,none,,,False,,56,0,,,
56,46,True,0.458155,0.4582,none,,,False,,56,0,,,
56,94,True,0.741935,0.7419,none,,,False,,56,0,,,
56,18,True,0.360359,0.3604,none,,,False,,56,0,,,
56,14,True,0.405024,0.405,none,,,False,,56,0,,,
56,61,True,0.735043,0.735,none,,,False,,56,0,,,
56,21,True,0.596117,0.5961,none,,,False,,56,0,,,
56,24,True,0.524706,0.5247,none,,,False,,56,0,,,
56,82,True,0.470906,0.4709,none,,,False,,56,0,,,
56,67,True,0.523585,0.5236,none,,,False,,56,0,,,
56,35,True,0.78183,0.7818,none,,,False,,56,0,,,
56,8,True,0.230707,0.2307,none,,,False,,56,0,,,
56,33,True,0.359511,0.3595,none,,,False,,56,0,,,
56,78,True,0.712668,0.7127,none,,,False,,56,0,,,
56,20,True,0.737724,0.7377,none,,,False,,56,0,,,
56,19,True,0.87702,0.877,none,,,False,,56,0,,,
56,86,True,0.424156,0.4242,none,,,False,,56,0,,,
56,65,True,0.589538,0.5895,none,,,False,,56,0,,,
56,89,True,0.322063,0.3221,none,,,False,,56,0,,,
56,4,True,0.32484,0.3248,none,,,False,,56,0,,,
56,62,True,0.483749,0.4837,none,,,False,,56,0,,,
56,58,True,0.400174,0.4002,none,,,False,,56,0,,,
56,81,True,0.414315,0.4143,none,,,False,,56,0,,,
56,39,True,0.264878,0.2649,none,,,False,,56,0,,,
56,23,True,0.633322,0.6333,none,,,False,,56,0,,,
56,9,True,0.2637,0.2637,none,,,False,,56,0,,,
56,7,True,0.4677,0.4677,none,,,False,,56,0,,,
56,2,True,0.482836,0.4828,none,,,False,,56,0,,,
56,80,True,0.779201,0.7792,none,,,False,,56,0,,,
56,95,True,2.678921,2.6789,none,,,False,,56,0,,,
56,77,True,0.7232,0.7232,none,,,False,,56,0,,,
56,71,True,0.474597,0.4746,none,,,False,,56,0,,,
56,34,True,0.679492,0.6795,none,,,False,,56,0,,,
56,96,True,0.285258,0.2853,none,,,False,,56,0,,,
56,40,True,0.406759,0.4068,none,,,False,,56,0,,,
56,26,True,0.379578,0.3796,none,,,False,,56,0,,,
56,59,True,0.606672,0.6067,none,,,False,,56,0,,,
57,78,True,0.722743,0.7227,none,,,False,,57,0,,,
57,53,True,0.578942,0.5789,none,,,False,,57,0,,,
57,48,True,0.680034,0.68,none,,,False,,57,0,,,
57,31,True,0.880686,0.8807,none,,,False,,57,0,,,
57,69,True,0.232006,0.232,none,,,False,,57,0,,,
57,93,True,0.356159,0.3562,none,,,False,,57,0,,,
57,57,True,0.570177,0.5702,none,,,False,,57,0,,,
57,63,True,0.967498,0.9675,none,,,False,,57,0,,,
57,42,True,0.404621,0.4046,none,,,False,,57,0,,,
57,6,True,0.33298,0.333,none,,,False,,57,0,,,
57,2,True,0.605391,0.6054,none,,,False,,57,0,,,
57,96,True,0.32637,0.3264,none,,,False,,57,0,,,
57,65,True,0.434243,0.4342,none,,,False,,57,0,,,
57,34,True,0.626506,0.6265,none,,,False,,57,0,,,
57,66,True,0.444689,0.4447,none,,,False,,57,0,,,
57,79,True,0.02528,0.0253,none,,,False,,57,0,,,
57,56,True,0.299727,0.2997,none,,,False,,57,0,,,
57,20,True,0.591885,0.5919,none,,,False,,57,0,,,
57,16,True,0.304663,0.3047,none,,,False,,57,0,,,
57,18,True,0.275255,0.2753,none,,,False,,57,0,,,
57,54,True,0.526686,0.5267,none,,,False,,57,0,,,
57,89,True,0.495793,0.4958,none,,,False,,57,0,,,
57,46,True,0.33577,0.3358,none,,,False,,57,0,,,
57,68,True,0.74125,0.7412,none,,,False,,57,0,,,
57,58,True,0.565429,0.5654,none,,,False,,57,0,,,
57,26,True,0.243979,0.244,none,,,False,,57,0,,,
57,76,True,0.467905,0.4679,none,,,False,,57,0,,,
57,86,True,0.519132,0.5191,none,,,False,,57,0,,,
57,85,True,0.480068,0.4801,none,,,False,,57,0,,,
57,73,True,0.327187,0.3272,none,,,False,,57,0,,,
57,33,True,0.296017,0.296,none,,,False,,57,0,,,
57,41,True,0.287669,0.2877,none,,,False,,57,0,,,
57,38,True,0.498726,0.4987,none,,,False,,57,0,,,
57,59,True,0.440826,0.4408,none,,,False,,57,0,,,
57,12,True,0.455515,0.4555,none,,,False,,57,0,,,
57,45,True,0.604608,0.6046,none,,,False,,57,0,,,
57,72,True,0.449165,0.4492,none,,,False,,57,0,,,
57,52,True,0.476674,0.4767,none,,,False,,57,0,,,
57,8,True,0.424237,0.4242,none,,,False,,57,0,,,
57,23,True,0.505825,0.5058,none,,,False,,57,0,,,
57,70,True,0.161986,0.162,none,,,False,,57,0,,,
57,11,True,0.661837,0.6618,none,,,False,,57,0,,,
57,62,True,0.619761,0.6198,none,,,False,,57,0,,,
57,64,True,0.60601,0.606,none,,,False,,57,0,,,
57,81,True,0.250235,0.2502,none,,,False,,57,0,,,
57,84,True,0.579293,0.5793,none,,,False,,57,0,,,
57,44,True,1.117539,1.1175,none,,,False,,57,0,,,
57,75,True,0.338643,0.3386,none,,,False,,57,0,,,
57,7,True,0.370584,0.3706,none,,,False,,57,0,,,
57,92,True,0.474417,0.4744,none,,,False,,57,0,,,
58,20,True,0.523247,0.5232,none,,,False,,58,0,,,
58,53,True,0.391479,0.3915,none,,,False,,58,0,,,
58,32,True,0.801581,0.8016,none,,,False,,58,0,,,
58,61,True,0.712145,0.7121,none,,,False,,58,0,,,
58,72,True,0.495186,0.4952,none,,,False,,58,0,,,
58,71,True,0.095785,0.0958,none,,,False,,58,0,,,
58,2,True,0.419484,0.4195,none,,,False,,58,0,,,
58,58,True,0.485201,0.4852,none,,,False,,58,0,,,
58,63,True,1.018692,1.0187,none,,,False,,58,0,,,
58,84,True,0.533316,0.5333,none,,,False,,58,0,,,
58,39,True,0.27753,0.2775,none,,,False,,58,0,,,
58,86,True,0.503311,0.5033,none,,,False,,58,0,,,
58,83,True,0.424937,0.4249,none,,,False,,58,0,,,
58,89,True,0.310338,0.3103,none,,,False,,58,0,,,
58,55,True,0.39598,0.396,none,,,False,,58,0,,,
58,31,True,0.901421,0.9014,none,,,False,,58,0,,,
58,43,True,0.325176,0.3252,none,,,False,,58,0,,,
58,92,True,0.4619,0.4619,none,,,False,,58,0,,,
58,52,True,0.33735,0.3374,none,,,False,,58,0,,,
58,14,True,0.434312,0.4343,none,,,False,,58,0,,,
58,40,True,0.426092,0.4261,none,,,False,,58,0,,,
58,23,True,0.434543,0.4345,none,,,False,,58,0,,,
58,33,True,0.394623,0.3946,none,,,False,,58,0,,,
58,28,True,0.43065,0.4307,none,,,False,,58,0,,,
58,34,True,0.611697,0.6117,none,,,False,,58,0,,,
58,79,True,0.293979,0.294,none,,,False,,58,0,,,
58,54,True,0.478382,0.4784,none,,,False,,58,0,,,
58,70,True,0.188717,0.1887,none,,,False,,58,0,,,
58,27,True,0.766048,0.766,none,,,False,,58,0,,,
58,60,True,0.600818,0.6008,none,,,False,,58,0,,,
58,64,True,0.542708,0.5427,none,,,False,,58,0,,,
58,16,True,0.438088,0.4381,none,,,False,,58,0,,,
58,3,True,0.458263,0.4583,none,,,False,,58,0,,,
58,57,True,0.558915,0.5589,none,,,False,,58,0,,,
58,68,True,0.767624,0.7676,none,,,False,,58,0,,,
58,90,True,0.278873,0.2789,none,,,False,,58,0,,,
58,91,True,0.602568,0.6026,none,,,False,,58,0,,,
58,80,True,0.926366,0.9264,none,,,False,,58,0,,,
58,13,True,0.898284,0.8983,none,,,False,,58,0,,,
58,8,True,0.403665,0.4037,none,,,False,,58,0,,,
58,88,True,0.380552,0.3806,none,,,False,,58,0,,,
58,65,True,0.361661,0.3617,none,,,False,,58,0,,,
58,76,True,0.475923,0.4759,none,,,False,,58,0,,,
58,49,True,0.314964,0.315,none,,,False,,58,0,,,
58,22,True,0.595099,0.5951,none,,,False,,58,0,,,
58,85,True,0.49435,0.4944,none,,,False,,58,0,,,
58,36,True,0.883697,0.8837,none,,,False,,58,0,,,
58,47,True,0.808977,0.809,none,,,False,,58,0,,,
58,50,True,0.222169,0.2222,none,,,False,,58,0,,,
58,15,True,0.527013,0.527,none,,,False,,58,0,,,
59,54,True,0.564513,0.5645,none,,,False,,59,0,,,
59,87,True,0.585751,0.5858,none,,,False,,59,0,,,
59,6,True,0.37563,0.3756,none,,,False,,59,0,,,
59,33,True,0.353544,0.3535,none,,,False,,59,0,,,
59,45,True,0.587049,0.587,none,,,False,,59,0,,,
59,52,True,0.400006,0.4,none,,,False,,59,0,,,
59,82,True,0.325019,0.325,none,,,False,,59,0,,,
59,42,True,0.334723,0.3347,none,,,False,,59,0,,,
59,85,True,0.491976,0.492,none,,,False,,59,0,,,
59,79,True,0.310838,0.3108,none,,,False,,59,0,,,
59,81,True,-0.502365,-0.5024,none,,,False,,59,0,,,
59,1,True,0.649929,0.6499,none,,,False,,59,0,,,
59,88,True,0.404035,0.404,none,,,False,,59,0,,,
59,36,True,0.596682,0.5967,none,,,False,,59,0,,,
59,75,True,0.25087,0.2509,none,,,False,,59,0,,,
59,92,True,0.554614,0.5546,none,,,False,,59,0,,,
59,72,True,0.328411,0.3284,none,,,False,,59,0,,,
59,58,True,0.452997,0.453,none,,,False,,59,0,,,
59,0,True,0.481395,0.4814,none,,,False,,59,0,,,
59,95,True,2.454042,2.454,none,,,False,,59,0,,,
59,21,True,0.588789,0.5888,none,,,False,,59,0,,,
59,22,True,0.565583,0.5656,none,,,False,,59,0,,,
59,25,True,0.287468,0.2875,none,,,False,,59,0,,,
59,96,True,-0.105848,-0.1058,none,,,False,,59,0,,,
59,40,True,0.25894,0.2589,none,,,False,,59,0,,,
59,7,True,0.45202,0.452,none,,,False,,59,0,,,
59,23,True,0.566676,0.5667,none,,,False,,59,0,,,
59,83,True,0.377019,0.377,none,,,False,,59,0,,,
59,94,True,0.888304,0.8883,none,,,False,,59,0,,,
59,51,True,0.617191,0.6172,none,,,False,,59,0,,,
59,70,True,0.192481,0.1925,none,,,False,,59,0,,,
59,71,True,0.439843,0.4398,none,,,False,,59,0,,,
59,9,True,0.407956,0.408,none,,,False,,59,0,,,
59,35,True,0.665442,0.6654,none,,,False,,59,0,,,
59,84,True,0.520066,0.5201,none,,,False,,59,0,,,
59,80,True,0.747546,0.7475,none,,,False,,59,0,,,
59,90,True,0.150393,0.1504,none,,,False,,59,0,,,
59,17,True,0.306022,0.306,none,,,False,,59,0,,,
59,61,True,0.631248,0.6312,none,,,False,,59,0,,,
59,67,True,0.55286,0.5529,none,,,False,,59,0,,,
59,34,True,0.498277,0.4983,none,,,False,,59,0,,,
59,13,True,0.836649,0.8366,none,,,False,,59,0,,,
59,8,True,0.473449,0.4734,none,,,False,,59,0,,,
59,74,True,0.739291,0.7393,none,,,False,,59,0,,,
59,26,True,0.19754,0.1975,none,,,False,,59,0,,,
59,89,True,0.397562,0.3976,none,,,False,,59,0,,,
59,59,True,0.506247,0.5062,none,,,False,,59,0,,,
59,99,True,0.7358,0.7358,none,,,False,,59,0,,,
59,97,True,0.458712,0.4587,none,,,False,,59,0,,,
59,11,True,0.492671,0.4927,none,,,False,,59,0,,,
60,80,True,0.835157,0.8352,none,,,False,,60,0,,,
60,12,True,0.428559,0.4286,none,,,False,,60,0,,,
60,26,True,0.098404,0.0984,none,,,False,,60,0,,,
60,35,True,0.818552,0.8186,none,,,False,,60,0,,,
60,16,True,0.37263,0.3726,none,,,False,,60,0,,,
60,48,True,0.520945,0.5209,none,,,False,,60,0,,,
60,10,True,0.568709,0.5687,none,,,False,,60,0,,,
60,0,True,0.470642,0.4706,none,,,False,,60,0,,,
60,82,True,0.460824,0.4608,none,,,False,,60,0,,,
60,67,True,0.608138,0.6081,none,,,False,,60,0,,,
60,57,True,0.669751,0.6698,none,,,False,,60,0,,,
60,41,True,0.31786,0.3179,none,,,False,,60,0,,,
60,59,True,0.418235,0.4182,none,,,False,,60,0,,,
60,74,True,0.859367,0.8594,none,,,False,,60,0,,,
60,15,True,0.581106,0.5811,none,,,False,,60,0,,,
60,28,True,0.651902,0.6519,none,,,False,,60,0,,,
60,52,True,0.15412,0.1541,none,,,False,,60,0,,,
60,23,True,0.544551,0.5446,none,,,False,,60,0,,,
60,43,True,0.350265,0.3503,none,,,False,,60,0,,,
60,72,True,0.396778,0.3968,none,,,False,,60,0,,,
60,89,True,0.300307,0.3003,none,,,False,,60,0,,,
60,99,True,0.683974,0.684,none,,,False,,60,0,,,
60,65,True,0.413176,0.4132,none,,,False,,60,0,,,
60,78,True,0.654955,0.655,none,,,False,,60,0,,,
60,3,True,0.340873,0.3409,none,,,False,,60,0,,,
60,94,True,0.837932,0.8379,none,,,False,,60,0,,,
60,64,True,0.601152,0.6012,none,,,False,,60,0,,,
60,8,True,0.346404,0.3464,none,,,False,,60,0,,,
60,36,True,0.549246,0.5492,none,,,False,,60,0,,,
60,60,True,0.456727,0.4567,none,,,False,,60,0,,,
60,91,True,0.626544,0.6265,none,,,False,,60,0,,,
60,7,True,0.512279,0.5123,none,,,False,,60,0,,,
60,76,True,0.39658,0.3966,none,,,False,,60,0,,,
60,81,True,0.489014,0.489,none,,,False,,60,0,,,
60,24,True,0.489237,0.4892,none,,,False,,60,0,,,
60,6,True,0.381322,0.3813,none,,,False,,60,0,,,
60,14,True,0.346093,0.3461,none,,,False,,60,0,,,
60,62,True,0.712246,0.7122,none,,,False,,60,0,,,
60,47,True,0.788731,0.7887,none,,,False,,60,0,,,
60,98,True,0.437137,0.4371,none,,,False,,60,0,,,
60,88,True,0.377339,0.3773,none,,,False,,60,0,,,
60,95,True,2.535843,2.5358,none,,,False,,60,0,,,
60,77,True,0.616587,0.6166,none,,,False,,60,0,,,
60,20,True,0.584554,0.5846,none,,,False,,60,0,,,
60,50,True,0.270631,0.2706,none,,,False,,60,0,,,
60,21,True,0.519624,0.5196,none,,,False,,60,0,,,
60,54,True,0.507995,0.508,none,,,False,,60,0,,,
60,31,True,0.815259,0.8153,none,,,False,,60,0,,,
60,38,True,0.435154,0.4352,none,,,False,,60,0,,,
60,42,True,0.531743,0.5317,none,,,False,,60,0,,,
61,48,True,0.548731,0.5487,none,,,False,,61,0,,,
61,60,True,0.660509,0.6605,none,,,False,,61,0,,,
61,90,True,0.299181,0.2992,none,,,False,,61,0,,,
61,18,True,0.169028,0.169,none,,,False,,61,0,,,
61,13,True,0.825651,0.8257,none,,,False,,61,0,,,
61,15,True,0.483789,0.4838,none,,,False,,61,0,,,
61,86,True,0.501607,0.5016,none,,,False,,61,0,,,
61,12,True,0.428313,0.4283,none,,,False,,61,0,,,
61,44,True,1.136235,1.1362,none,,,False,,61,0,,,
61,81,True,0.512467,0.5125,none,,,False,,61,0,,,
61,35,True,0.687754,0.6878,none,,,False,,61,0,,,
61,75,True,0.354859,0.3549,none,,,False,,61,0,,,
61,83,True,0.428115,0.4281,none,,,False,,61,0,,,
61,29,True,0.46944,0.4694,none,,,False,,61,0,,,
61,5,True,0.81931,0.8193,none,,,False,,61,0,,,
61,98,True,0.404608,0.4046,none,,,False,,61,0,,,
61,70,True,0.191796,0.1918,none,,,False,,61,0,,,
61,47,True,0.747105,0.7471,none,,,False,,61,0,,,
61,61,True,0.698877,0.6989,none,,,False,,61,0,,,
61,7,True,0.527218,0.5272,none,,,False,,61,0,,,
61,76,True,0.383801,0.3838,none,,,False,,61,0,,,
61,85,True,0.454229,0.4542,none,,,False,,61,0,,,
61,24,True,0.427917,0.4279,none,,,False,,61,0,,,
61,53,True,0.445255,0.4453,none,,,False,,61,0,,,
61,88,True,0.394603,0.3946,none,,,False,,61,0,,,
61,41,True,0.277999,0.278,none,,,False,,61,0,,,
61,46,True,0.423121,0.4231,none,,,False,,61,0,,,
61,42,True,0.540804,0.5408,none,,,False,,61,0,,,
61,72,True,0.494016,0.494,none,,,False,,61,0,,,
61,50,True,0.303588,0.3036,none,,,False,,61,0,,,
61,91,True,0.612247,0.6122,none,,,False,,61,0,,,
61,56,True,0.392249,0.3922,none,,,False,,61,0,,,
61,77,True,0.647252,0.6473,none,,,False,,61,0,,,
61,94,True,0.522508,0.5225,none,,,False,,61,0,,,
61,55,True,0.198711,0.1987,none,,,False,,61,0,,,
61,66,True,0.488212,0.4882,none,,,False,,61,0,,,
61,71,True,0.480241,0.4802,none,,,False,,61,0,,,
61,97,True,0.544557,0.5446,none,,,False,,61,0,,,
61,82,True,0.442159,0.4422,none,,,False,,61,0,,,
61,74,True,0.798534,0.7985,none,,,False,,61,0,,,
61,54,True,0.689773,0.6898,none,,,False,,61,0,,,
61,19,True,0.782493,0.7825,none,,,False,,61,0,,,
61,92,True,0.505568,0.5056,none,,,False,,61,0,,,
61,87,True,0.37552,0.3755,none,,,False,,61,0,,,
61,30,True,0.465849,0.4658,none,,,False,,61,0,,,
61,14,True,0.366296,0.3663,none,,,False,,61,0,,,
61,80,True,0.731806,0.7318,none,,,False,,61,0,,,
61,89,True,0.338324,0.3383,none,,,False,,61,0,,,
61,20,True,0.576543,0.5765,none,,,False,,61,0,,,
61,10,True,0.529049,0.529,none,,,False,,61,0,,,
62,38,True,0.485976,0.486,none,,,False,,62,0,,,
62,20,True,0.693558,0.6936,none,,,False,,62,0,,,
62,35,True,0.589631,0.5896,none,,,False,,62,0,,,
62,91,True,0.69881,0.6988,none,,,False,,62,0,,,
62,56,True,0.532092,0.5321,none,,,False,,62,0,,,
62,76,True,0.385205,0.3852,none,,,False,,62,0,,,
62,27,True,0.931577,0.9316,none,,,False,,62,0,,,
62,51,True,0.637337,0.6373,none,,,False,,62,0,,,
62,90,True,0.286611,0.2866,none,,,False,,62,0,,,
62,25,True,0.471238,0.4712,none,,,False,,62,0,,,
62,84,True,0.637067,0.6371,none,,,False,,62,0,,,
62,0,True,0.583978,0.584,none,,,False,,62,0,,,
62,94,True,0.875928,0.8759,none,,,False,,62,0,,,
62,73,True,0.356347,0.3563,none,,,False,,62,0,,,
62,52,True,0.201083,0.2011,none,,,False,,62,0,,,
62,6,True,0.567901,0.5679,none,,,False,,62,0,,,
62,29,True,0.440227,0.4402,none,,,False,,62,0,,,
62,26,True,0.430485,0.4305,none,,,False,,62,0,,,
62,64,True,0.598141,0.5981,none,,,False,,62,0,,,
62,33,True,0.576009,0.576,none,,,False,,62,0,,,
62,98,True,0.557403,0.5574,none,,,False,,62,0,,,
62,4,True,0.201811,0.2018,none,,,False,,62,0,,,
62,44,True,0.971384,0.9714,none,,,False,,62,0,,,
62,85,True,0.536551,0.5366,none,,,False,,62,0,,,
62,40,True,0.402955,0.403,none,,,False,,62,0,,,
62,57,True,0.497587,0.4976,none,,,False,,62,0,,,
62,8,True,0.452646,0.4526,none,,,False,,62,0,,,
62,24,True,0.383322,0.3833,none,,,False,,62,0,,,
62,81,True,0.568351,0.5684,none,,,False,,62,0,,,
62,80,True,0.730513,0.7305,none,,,False,,62,0,,,
62,86,True,0.483809,0.4838,none,,,False,,62,0,,,
62,28,True,0.527656,0.5277,none,,,False,,62,0,,,
62,11,True,0.758111,0.7581,none,,,False,,62,0,,,
62,72,True,0.435864,0.4359,none,,,False,,62,0,,,
62,22,True,0.582809,0.5828,none,,,False,,62,0,,,
62,18,True,0.114857,0.1149,none,,,False,,62,0,,,
62,41,True,0.279586,0.2796,none,,,False,,62,0,,,
62,60,True,0.551349,0.5513,none,,,False,,62,0,,,
62,43,True,0.287557,0.2876,none,,,False,,62,0,,,
62,10,True,0.488393,0.4884,none,,,False,,62,0,,,
62,82,True,0.45579,0.4558,none,,,False,,62,0,,,
62,16,True,0.438253,0.4383,none,,,False,,62,0,,,
62,79,True,0.269008,0.269,none,,,False,,62,0,,,
62,78,True,0.871354,0.8714,none,,,False,,62,0,,,
62,17,True,0.269226,0.2692,none,,,False,,62,0,,,
62,71,True,0.451419,0.4514,none,,,False,,62,0,,,
62,58,True,0.642875,0.6429,none,,,False,,62,0,,,
62,74,True,0.914725,0.9147,none,,,False,,62,0,,,
62,19,True,0.569834,0.5698,none,,,False,,62,0,,,
62,87,True,0.689247,0.6892,none,,,False,,62,0,,,
63,84,True,0.41055,0.4105,none,,,False,,63,0,,,
63,51,True,0.571767,0.5718,none,,,False,,63,0,,,
63,96,True,0.188323,0.1883,none,,,False,,63,0,,,
63,91,True,0.488658,0.4887,none,,,False,,63,0,,,
63,58,True,0.328268,0.3283,none,,,False,,63,0,,,
63,87,True,0.620234,0.6202,none,,,False,,63,0,,,
63,74,True,0.903089,0.9031,none,,,False,,63,0,,,
63,44,True,1.29572,1.2957,none,,,False,,63,0,,,
63,29,True,0.411875,0.4119,none,,,False,,63,0,,,
63,69,True,0.357802,0.3578,none,,,False,,63,0,,,
63,61,True,0.618529,0.6185,none,,,False,,63,0,,,
63,40,True,0.428905,0.4289,none,,,False,,63,0,,,
63,19,True,0.626775,0.6268,none,,,False,,63,0,,,
63,36,True,0.687338,0.6873,none,,,False,,63,0,,,
63,54,True,0.50149,0.5015,none,,,False,,63,0,,,
63,72,True,0.474833,0.4748,none,,,False,,63,0,,,
63,76,True,0.437198,0.4372,none,,,False,,63,0,,,
63,53,True,0.509308,0.5093,none,,,False,,63,0,,,
63,80,True,0.842833,0.8428,none,,,False,,63,0,,,
63,3,True,0.477521,0.4775,none,,,False,,63,0,,,
63,94,True,0.932344,0.9323,none,,,False,,63,0,,,
63,43,True,0.247013,0.247,none,,,False,,63,0,,,
63,83,True,0.39319,0.3932,none,,,False,,63,0,,,
63,41,True,0.209341,0.2093,none,,,False,,63,0,,,
63,79,True,0.238048,0.238,none,,,False,,63,0,,,
63,22,True,0.540217,0.5402,none,,,False,,63,0,,,
63,78,True,0.74078,0.7408,none,,,False,,63,0,,,
63,26,True,0.265918,0.2659,none,,,False,,63,0,,,
63,6,True,0.284092,0.2841,none,,,False,,63,0,,,
63,31,True,0.965042,0.965,none,,,False,,63,0,,,
63,73,True,0.273756,0.2738,none,,,False,,63,0,,,
63,38,True,0.442349,0.4423,none,,,False,,63,0,,,
63,81,True,0.600787,0.6008,none,,,False,,63,0,,,
63,23,True,0.65705,0.6571,none,,,False,,63,0,,,
63,88,True,0.380717,0.3807,none,,,False,,63,0,,,
63,47,True,0.608298,0.6083,none,,,False,,63,0,,,
63,39,True,0.209312,0.2093,none,,,False,,63,0,,,
63,85,True,0.433666,0.4337,none,,,False,,63,0,,,
63,49,True,0.22672,0.2267,none,,,False,,63,0,,,
63,99,True,0.641001,0.641,none,,,False,,63,0,,,
63,5,True,0.728189,0.7282,none,,,False,,63,0,,,
63,8,True,0.409548,0.4095,none,,,False,,63,0,,,
63,66,True,0.48017,0.4802,none,,,False,,63,0,,,
63,42,True,0.527861,0.5279,none,,,False,,63,0,,,
63,0,True,0.276643,0.2766,none,,,False,,63,0,,,
63,62,True,0.426128,0.4261,none,,,False,,63,0,,,
63,16,True,0.351105,0.3511,none,,,False,,63,0,,,
63,82,True,0.45735,0.4573,none,,,False,,63,0,,,
63,17,True,0.356933,0.3569,none,,,False,,63,0,,,
63,56,True,0.459292,0.4593,none,,,False,,63,0,,,
64,17,True,0.255037,0.255,none,,,False,,64,0,,,
64,92,True,0.446345,0.4463,none,,,False,,64,0,,,
64,91,True,0.674039,0.674,none,,,False,,64,0,,,
64,87,True,0.591296,0.5913,none,,,False,,64,0,,,
64,7,True,0.493343,0.4933,none,,,False,,64,0,,,
64,1,True,0.802771,0.8028,none,,,False,,64,0,,,
64,72,True,0.499737,0.4997,none,,,False,,64,0,,,
64,8,True,0.478519,0.4785,none,,,False,,64,0,,,
64,27,True,0.919681,0.9197,none,,,False,,64,0,,,
64,46,True,0.278635,0.2786,none,,,False,,64,0,,,
64,49,True,0.482719,0.4827,none,,,False,,64,0,,,
64,12,True,0.615603,0.6156,none,,,False,,64,0,,,
64,73,True,0.229748,0.2297,none,,,False,,64,0,,,
64,83,True,0.30332,0.3033,none,,,False,,64,0,,,
64,52,True,-0.103097,-0.1031,none,,,False,,64,0,,,
64,65,True,0.489837,0.4898,none,,,False,,64,0,,,
64,76,True,0.544933,0.5449,none,,,False,,64,0,,,
64,42,True,0.463621,0.4636,none,,,False,,64,0,,,
64,80,True,0.767963,0.768,none,,,False,,64,0,,,
64,68,True,0.625052,0.6251,none,,,False,,64,0,,,
64,36,True,0.609192,0.6092,none,,,False,,64,0,,,
64,9,True,0.41854,0.4185,none,,,False,,64,0,,,
64,16,True,0.351124,0.3511,none,,,False,,64,0,,,
64,32,True,0.685874,0.6859,none,,,False,,64,0,,,
64,28,True,0.579542,0.5795,none,,,False,,64,0,,,
64,19,True,0.639293,0.6393,none,,,False,,64,0,,,
64,98,True,0.515977,0.516,none,,,False,,64,0,,,
64,45,True,0.621179,0.6212,none,,,False,,64,0,,,
64,22,True,0.588756,0.5888,none,,,False,,64,0,,,
64,99,True,0.614033,0.614,none,,,False,,64,0,,,
64,75,True,0.246236,0.2462,none,,,False,,64,0,,,
64,5,True,0.730363,0.7304,none,,,False,,64,0,,,
64,47,True,0.717037,0.717,none,,,False,,64,0,,,
64,48,True,0.557191,0.5572,none,,,False,,64,0,,,
64,55,True,0.486624,0.4866,none,,,False,,64,0,,,
64,13,True,0.920544,0.9205,none,,,False,,64,0,,,
64,11,True,0.740641,0.7406,none,,,False,,64,0,,,
64,70,True,0.215944,0.2159,none,,,False,,64,0,,,
64,3,True,0.392299,0.3923,none,,,False,,64,0,,,
64,64,True,0.591838,0.5918,none,,,False,,64,0,,,
64,18,True,0.212219,0.2122,none,,,False,,64,0,,,
64,57,True,0.656738,0.6567,none,,,False,,64,0,,,
64,14,True,0.343123,0.3431,none,,,False,,64,0,,,
64,59,True,0.404152,0.4042,none,,,False,,64,0,,,
64,51,True,0.642299,0.6423,none,,,False,,64,0,,,
64,79,True,0.311624,0.3116,none,,,False,,64,0,,,
64,69,True,0.239783,0.2398,none,,,False,,64,0,,,
64,6,True,0.481105,0.4811,none,,,False,,64,0,,,
64,43,True,0.321546,0.3215,none,,,False,,64,0,,,
64,35,True,0.824471,0.8245,none,,,False,,64,0,,,
65,14,True,0.347976,0.348,none,,,False,,65,0,,,
65,43,True,0.148185,0.1482,none,,,False,,65,0,,,
65,6,True,0.505642,0.5056,none,,,False,,65,0,,,
65,12,True,0.609799,0.6098,none,,,False,,65,0,,,
65,13,True,0.835622,0.8356,none,,,False,,65,0,,,
65,38,True,0.505096,0.5051,none,,,False,,65,0,,,
65,8,True,0.54935,0.5494,none,,,False,,65,0,,,
65,2,True,0.552522,0.5525,none,,,False,,65,0,,,
65,20,True,0.645673,0.6457,none,,,False,,65,0,,,
65,30,True,0.544456,0.5445,none,,,False,,65,0,,,
65,10,True,0.66471,0.6647,none,,,False,,65,0,,,
65,93,True,0.310491,0.3105,none,,,False,,65,0,,,
65,59,True,0.451026,0.451,none,,,False,,65,0,,,
65,82,True,0.426103,0.4261,none,,,False,,65,0,,,
65,63,True,0.792404,0.7924,none,,,False,,65,0,,,
65,91,True,0.576908,0.5769,none,,,False,,65,0,,,
65,49,True,0.283781,0.2838,none,,,False,,65,0,,,
65,94,True,0.920781,0.9208,none,,,False,,65,0,,,
65,53,True,0.635125,0.6351,none,,,False,,65,0,,,
65,16,True,0.3957,0.3957,none,,,False,,65,0,,,
65,3,True,0.494083,0.4941,none,,,False,,65,0,,,
65,55,True,0.599777,0.5998,none,,,False,,65,0,,,
65,27,True,0.700023,0.7,none,,,False,,65,0,,,
65,42,True,0.376787,0.3768,none,,,False,,65,0,,,
65,4,True,0.218011,0.218,none,,,False,,65,0,,,
65,39,True,0.357766,0.3578,none,,,False,,65,0,,,
65,71,True,0.386032,0.386,none,,,False,,65,0,,,
65,22,True,0.522923,0.5229,none,,,False,,65,0,,,
65,50,True,0.190753,0.1908,none,,,False,,65,0,,,
65,77,True,0.522176,0.5222,none,,,False,,65,0,,,
65,64,True,0.615085,0.6151,none,,,False,,65,0,,,
65,81,True,0.608566,0.6086,none,,,False,,65,0,,,
65,96,True,-0.211685,-0.2117,none,,,False,,65,0,,,
65,97,True,0.46821,0.4682,none,,,False,,65,0,,,
65,76,True,0.49054,0.4905,none,,,False,,65,0,,,
65,25,True,0.500897,0.5009,none,,,False,,65,0,,,
65,18,True,0.317231,0.3172,none,,,False,,65,0,,,
65,0,True,0.372955,0.373,none,,,False,,65,0,,,
65,37,True,0.160125,0.1601,none,,,False,,65,0,,,
65,72,True,0.465186,0.4652,none,,,False,,65,0,,,
65,32,True,0.465575,0.4656,none,,,False,,65,0,,,
65,99,True,0.633091,0.6331,none,,,False,,65,0,,,
65,73,True,0.30628,0.3063,none,,,False,,65,0,,,
65,61,True,0.399785,0.3998,none,,,False,,65,0,,,
65,58,True,0.451416,0.4514,none,,,False,,65,0,,,
65,24,True,0.34694,0.3469,none,,,False,,65,0,,,
65,66,True,0.369336,0.3693,none,,,False,,65,0,,,
65,34,True,0.628327,0.6283,none,,,False,,65,0,,,
65,84,True,0.549147,0.5491,none,,,False,,65,0,,,
65,46,True,0.358212,0.3582,none,,,False,,65,0,,,
66,55,True,0.495453,0.4955,none,,,False,,66,0,,,
66,31,True,0.928052,0.9281,none,,,False,,66,0,,,
66,8,True,0.477324,0.4773,none,,,False,,66,0,,,
66,84,True,0.448072,0.4481,none,,,False,,66,0,,,
66,11,True,0.663462,0.6635,none,,,False,,66,0,,,
66,41,True,0.347229,0.3472,none,,,False,,66,0,,,
66,33,True,0.141408,0.1414,none,,,False,,66,0,,,
66,13,True,0.852856,0.8529,none,,,False,,66,0,,,
66,2,True,0.447297,0.4473,none,,,False,,66,0,,,
66,22,True,0.526634,0.5266,none,,,False,,66,0,,,
66,94,True,0.825281,0.8253,none,,,False,,66,0,,,
66,10,True,0.548071,0.5481,none,,,False,,66,0,,,
66,21,True,0.549967,0.55,none,,,False,,66,0,,,
66,42,True,0.5151,0.5151,none,,,False,,66,0,,,
66,52,True,0.169262,0.1693,none,,,False,,66,0,,,
66,75,True,0.4374,0.4374,none,,,False,,66,0,,,
66,4,True,0.295426,0.2954,none,,,False,,66,0,,,
66,60,True,0.63389,0.6339,none,,,False,,66,0,,,
66,71,True,0.631434,0.6314,none,,,False,,66,0,,,
66,67,True,0.579022,0.579,none,,,False,,66,0,,,
66,30,True,0.45826,0.4583,none,,,False,,66,0,,,
66,72,True,0.345661,0.3457,none,,,False,,66,0,,,
66,14,True,0.372362,0.3724,none,,,False,,66,0,,,
66,32,True,0.678061,0.6781,none,,,False,,66,0,,,
66,87,True,0.691754,0.6918,none,,,False,,66,0,,,
66,0,True,0.399711,0.3997,none,,,False,,66,0,,,
66,68,True,0.617166,0.6172,none,,,False,,66,0,,,
66,12,True,0.50545,0.5054,none,,,False,,66,0,,,
66,77,True,0.743604,0.7436,none,,,False,,66,0,,,
66,47,True,0.715032,0.715,none,,,False,,66,0,,,
66,92,True,0.608388,0.6084,none,,,False,,66,0,,,
66,1,True,0.679261,0.6793,none,,,False,,66,0,,,
66,54,True,0.587913,0.5879,none,,,False,,66,0,,,
66,39,True,0.27996,0.28,none,,,False,,66,0,,,
66,18,True,0.2717,0.2717,none,,,False,,66,0,,,
66,66,True,0.253205,0.2532,none,,,False,,66,0,,,
66,90,True,0.274088,0.2741,none,,,False,,66,0,,,
66,83,True,0.401227,0.4012,none,,,False,,66,0,,,
66,25,True,0.525935,0.5259,none,,,False,,66,0,,,
66,82,True,0.525783,0.5258,none,,,False,,66,0,,,
66,17,True,0.353471,0.3535,none,,,False,,66,0,,,
66,97,True,0.435212,0.4352,none,,,False,,66,0,,,
66,43,True,0.336387,0.3364,none,,,False,,66,0,,,
66,36,True,0.542162,0.5422,none,,,False,,66,0,,,
66,89,True,0.312633,0.3126,none,,,False,,66,0,,,
66,46,True,0.290192,0.2902,none,,,False,,66,0,,,
66,15,True,0.6318,0.6318,none,,,False,,66,0,,,
66,9,True,0.454813,0.4548,none,,,False,,66,0,,,
66,88,True,0.449858,0.4499,none,,,False,,66,0,,,
66,63,True,0.94475,0.9447,none,,,False,,66,0,,,
67,51,True,0.632571,0.6326,none,,,False,,67,0,,,
67,61,True,0.584212,0.5842,none,,,False,,67,0,,,
67,12,True,0.480554,0.4806,none,,,False,,67,0,,,
67,98,True,0.433023,0.433,none,,,False,,67,0,,,
67,2,True,0.559637,0.5596,none,,,False,,67,0,,,
67,75,True,0.272425,0.2724,none,,,False,,67,0,,,
67,77,True,0.592318,0.5923,none,,,False,,67,0,,,
67,53,True,0.515557,0.5156,none,,,False,,67,0,,,
67,89,True,0.476006,0.476,none,,,False,,67,0,,,
67,56,True,0.47965,0.4797,none,,,False,,67,0,,,
67,37,True,0.432951,0.433,none,,,False,,67,0,,,
67,80,True,0.84059,0.8406,none,,,False,,67,0,,,
67,43,True,0.262096,0.2621,none,,,False,,67,0,,,
67,36,True,0.6011,0.6011,none,,,False,,67,0,,,
67,94,True,0.821272,0.8213,none,,,False,,67,0,,,
67,7,True,0.540855,0.5409,none,,,False,,67,0,,,
67,41,True,0.356794,0.3568,none,,,False,,67,0,,,
67,44,True,1.224198,1.2242,none,,,False,,67,0,,,
67,13,True,1.015558,1.0156,none,,,False,,67,0,,,
67,83,True,0.32095,0.3209,none,,,False,,67,0,,,
67,72,True,0.380535,0.3805,none,,,False,,67,0,,,
67,29,True,0.463662,0.4637,none,,,False,,67,0,,,
67,39,True,0.322881,0.3229,none,,,False,,67,0,,,
67,58,True,0.594693,0.5947,none,,,False,,67,0,,,
67,99,True,0.612322,0.6123,none,,,False,,67,0,,,
67,18,True,0.210087,0.2101,none,,,False,,67,0,,,
67,34,True,0.591457,0.5915,none,,,False,,67,0,,,
67,71,True,0.443707,0.4437,none,,,False,,67,0,,,
67,55,True,0.481067,0.4811,none,,,False,,67,0,,,
67,45,True,0.624139,0.6241,none,,,False,,67,0,,,
67,35,True,0.843871,0.8439,none,,,False,,67,0,,,
67,3,True,0.53248,0.5325,none,,,False,,67,0,,,
67,90,True,0.259789,0.2598,none,,,False,,67,0,,,
67,16,True,0.355673,0.3557,none,,,False,,67,0,,,
67,93,True,0.394434,0.3944,none,,,False,,67,0,,,
67,17,True,0.261463,0.2615,none,,,False,,67,0,,,
67,67,True,0.529437,0.5294,none,,,False,,67,0,,,
67,8,True,0.473167,0.4732,none,,,False,,67,0,,,
67,33,True,0.351229,0.3512,none,,,False,,67,0,,,
67,88,True,0.370609,0.3706,none,,,False,,67,0,,,
67,22,True,0.524863,0.5249,none,,,False,,67,0,,,
67,46,True,0.417892,0.4179,none,,,False,,67,0,,,
67,91,True,0.539345,0.5393,none,,,False,,67,0,,,
67,49,True,0.427977,0.428,none,,,False,,67,0,,,
67,38,True,0.500403,0.5004,none,,,False,,67,0,,,
67,10,True,0.62377,0.6238,none,,,False,,67,0,,,
67,23,True,0.471336,0.4713,none,,,False,,67,0,,,
67,48,True,0.677017,0.677,none,,,False,,67,0,,,
67,78,True,0.753078,0.7531,none,,,False,,67,0,,,
67,86,True,0.593313,0.5933,none,,,False,,67,0,,,
68,74,True,0.711598,0.7116,none,,,False,,68,0,,,
68,6,True,0.448064,0.4481,none,,,False,,68,0,,,
68,33,True,0.456629,0.4566,none,,,False,,68,0,,,
68,36,True,0.623932,0.6239,none,,,False,,68,0,,,
68,76,True,0.462516,0.4625,none,,,False,,68,0,,,
68,47,True,0.549719,0.5497,none,,,False,,68,0,,,
68,16,True,0.388027,0.388,none,,,False,,68,0,,,
68,86,True,0.469803,0.4698,none,,,False,,68,0,,,
68,52,True,0.314256,0.3143,none,,,False,,68,0,,,
68,62,True,0.611049,0.611,none,,,False,,68,0,,,
68,85,True,0.442719,0.4427,none,,,False,,68,0,,,
68,31,True,0.871139,0.8711,none,,,False,,68,0,,,
68,82,True,0.463609,0.4636,none,,,False,,68,0,,,
68,22,True,0.60947,0.6095,none,,,False,,68,0,,,
68,5,True,0.877755,0.8778,none,,,False,,68,0,,,
68,26,True,0.179389,0.1794,none,,,False,,68,0,,,
68,50,True,0.244983,0.245,none,,,False,,68,0,,,
68,99,True,0.556646,0.5566,none,,,False,,68,0,,,
68,13,True,0.877168,0.8772,none,,,False,,68,0,,,
68,28,True,0.552483,0.5525,none,,,False,,68,0,,,
68,73,True,0.323381,0.3234,none,,,False,,68,0,,,
68,97,True,0.363513,0.3635,none,,,False,,68,0,,,
68,17,True,0.274029,0.274,none,,,False,,68,0,,,
68,20,True,0.747237,0.7472,none,,,False,,68,0,,,
68,88,True,0.415523,0.4155,none,,,False,,68,0,,,
68,0,True,0.644136,0.6441,none,,,False,,68,0,,,
68,37,True,0.334274,0.3343,none,,,False,,68,0,,,
68,30,True,0.507746,0.5077,none,,,False,,68,0,,,
68,75,True,0.368112,0.3681,none,,,False,,68,0,,,
68,53,True,0.588537,0.5885,none,,,False,,68,0,,,
68,40,True,0.385924,0.3859,none,,,False,,68,0,,,
68,45,True,0.47757,0.4776,none,,,False,,68,0,,,
68,38,True,0.386475,0.3865,none,,,False,,68,0,,,
68,9,True,0.383183,0.3832,none,,,False,,68,0,,,
68,49,True,0.342051,0.3421,none,,,False,,68,0,,,
68,77,True,0.421643,0.4216,none,,,False,,68,0,,,
68,2,True,0.521323,0.5213,none,,,False,,68,0,,,
68,93,True,0.269763,0.2698,none,,,False,,68,0,,,
68,44,True,1.037272,1.0373,none,,,False,,68,0,,,
68,27,True,0.804231,0.8042,none,,,False,,68,0,,,
68,83,True,0.388229,0.3882,none,,,False,,68,0,,,
68,78,True,0.870952,0.871,none,,,False,,68,0,,,
68,65,True,0.485943,0.4859,none,,,False,,68,0,,,
68,61,True,0.591986,0.592,none,,,False,,68,0,,,
68,56,True,0.116992,0.117,none,,,False,,68,0,,,
68,4,True,0.248285,0.2483,none,,,False,,68,0,,,
68,58,True,0.434967,0.435,none,,,False,,68,0,,,
68,18,True,0.242182,0.2422,none,,,False,,68,0,,,
68,68,True,0.665917,0.6659,none,,,False,,68,0,,,
68,51,True,0.712587,0.7126,none,,,False,,68,0,,,
69,11,True,0.636867,0.6369,none,,,False,,69,0,,,
69,7,True,0.404996,0.405,none,,,False,,69,0,,,
69,63,True,0.874657,0.8747,none,,,False,,69,0,,,
69,99,True,0.656585,0.6566,none,,,False,,69,0,,,
69,29,True,0.409173,0.4092,none,,,False,,69,0,,,
69,78,True,0.631637,0.6316,none,,,False,,69,0,,,
69,34,True,0.711512,0.7115,none,,,False,,69,0,,,
69,77,True,0.61913,0.6191,none,,,False,,69,0,,,
69,75,True,0.305381,0.3054,none,,,False,,69,0,,,
69,26,True,0.215728,0.2157,none,,,False,,69,0,,,
69,13,True,0.781609,0.7816,none,,,False,,69,0,,,
69,50,True,0.27674,0.2767,none,,,False,,69,0,,,
69,73,True,0.276443,0.2764,none,,,False,,69,0,,,
69,93,True,0.4759,0.4759,none,,,False,,69,0,,,
69,25,True,0.172016,0.172,none,,,False,,69,0,,,
69,22,True,0.581264,0.5813,none,,,False,,69,0,,,
69,91,True,0.562522,0.5625,none,,,False,,69,0,,,
69,56,True,0.525242,0.5252,none,,,False,,69,0,,,
69,53,True,0.363734,0.3637,none,,,False,,69,0,,,
69,0,True,0.447117,0.4471,none,,,False,,69,0,,,
69,40,True,0.418004,0.418,none,,,False,,69,0,,,
69,67,True,0.597484,0.5975,none,,,False,,69,0,,,
69,43,True,0.183373,0.1834,none,,,False,,69,0,,,
69,49,True,0.286634,0.2866,none,,,False,,69,0,,,
69,48,True,0.627558,0.6276,none,,,False,,69,0,,,
69,92,True,0.560734,0.5607,none,,,False,,69,0,,,
69,64,True,0.612234,0.6122,none,,,False,,69,0,,,
69,54,True,0.606104,0.6061,none,,,False,,69,0,,,
69,61,True,0.55703,0.557,none,,,False,,69,0,,,
69,10,True,0.655689,0.6557,none,,,False,,69,0,,,
69,47,True,0.642322,0.6423,none,,,False,,69,0,,,
69,87,True,0.645379,0.6454,none,,,False,,69,0,,,
69,71,True,0.409972,0.41,none,,,False,,69,0,,,
69,24,True,0.419748,0.4197,none,,,False,,69,0,,,
69,39,True,0.329292,0.3293,none,,,False,,69,0,,,
69,90,True,0.147369,0.1474,none,,,False,,69,0,,,
69,21,True,0.599693,0.5997,none,,,False,,69,0,,,
69,74,True,0.774546,0.7745,none,,,False,,69,0,,,
69,17,True,0.342417,0.3424,none,,,False,,69,0,,,
69,98,True,0.44921,0.4492,none,,,False,,69,0,,,
69,88,True,0.436003,0.436,none,,,False,,69,0,,,
69,45,True,0.461962,0.462,none,,,False,,69,0,,,
69,81,True,0.526497,0.5265,none,,,False,,69,0,,,
69,32,True,0.670562,0.6706,none,,,False,,69,0,,,
69,36,True,0.719937,0.7199,none,,,False,,69,0,,,
69,79,True,0.244039,0.244,none,,,False,,69,0,,,
69,42,True,0.387019,0.387,none,,,False,,69,0,,,
69,2,True,0.572717,0.5727,none,,,False,,69,0,,,
69,84,True,0.507353,0.5074,none,,,False,,69,0,,,
69,69,True,0.338531,0.3385,none,,,False,,69,0,,,
70,10,True,0.644839,0.6448,none,,,False,,70,0,,,
70,14,True,0.322025,0.322,none,,,False,,70,0,,,
70,57,True,0.57003,0.57,none,,,False,,70,0,,,
70,50,True,0.202233,0.2022,none,,,False,,70,0,,,
70,21,True,0.706714,0.7067,none,,,False,,70,0,,,
70,58,True,0.438242,0.4382,none,,,False,,70,0,,,
70,52,True,0.218398,0.2184,none,,,False,,70,0,,,
70,51,True,0.639662,0.6397,none,,,False,,70,0,,,
70,83,True,0.365246,0.3652,none,,,False,,70,0,,,
70,92,True,0.427484,0.4275,none,,,False,,70,0,,,
70,0,True,0.487851,0.4879,none,,,False,,70,0,,,
70,84,True,0.47288,0.4729,none,,,False,,70,0,,,
70,46,True,0.419492,0.4195,none,,,False,,70,0,,,
70,24,True,0.426694,0.4267,none,,,False,,70,0,,,
70,78,True,0.808189,0.8082,none,,,False,,70,0,,,
70,42,True,0.56154,0.5615,none,,,False,,70,0,,,
70,6,True,0.541002,0.541,none,,,False,,70,0,,,
70,41,True,0.270845,0.2708,none,,,False,,70,0,,,
70,40,True,0.448276,0.4483,none,,,False,,70,0,,,
70,38,True,0.488105,0.4881,none,,,False,,70,0,,,
70,94,True,0.896606,0.8966,none,,,False,,70,0,,,
70,48,True,0.571246,0.5712,none,,,False,,70,0,,,
70,3,True,0.394232,0.3942,none,,,False,,70,0,,,
70,65,True,0.550031,0.55,none,,,False,,70,0,,,
70,91,True,0.618107,0.6181,none,,,False,,70,0,,,
70,88,True,0.334985,0.335,none,,,False,,70,0,,,
70,23,True,0.507911,0.5079,none,,,False,,70,0,,,
70,7,True,0.468955,0.469,none,,,False,,70,0,,,
70,64,True,0.559703,0.5597,none,,,False,,70,0,,,
70,37,True,0.279526,0.2795,none,,,False,,70,0,,,
70,95,True,2.929293,2.9293,none,,,False,,70,0,,,
70,71,True,0.278438,0.2784,none,,,False,,70,0,,,
70,45,True,0.498617,0.4986,none,,,False,,70,0,,,
70,30,True,0.572609,0.5726,none,,,False,,70,0,,,
70,97,True,0.547154,0.5472,none,,,False,,70,0,,,
70,33,True,0.504449,0.5044,none,,,False,,70,0,,,
70,59,True,0.426674,0.4267,none,,,False,,70,0,,,
70,75,True,0.347088,0.3471,none,,,False,,70,0,,,
70,11,True,0.649895,0.6499,none,,,False,,70,0,,,
70,31,True,1.112567,1.1126,none,,,False,,70,0,,,
70,56,True,0.425492,0.4255,none,,,False,,70,0,,,
70,86,True,0.463681,0.4637,none,,,False,,70,0,,,
70,43,True,0.22266,0.2227,none,,,False,,70,0,,,
70,26,True,0.466361,0.4664,none,,,False,,70,0,,,
70,13,True,0.844522,0.8445,none,,,False,,70,0,,,
70,22,True,0.623637,0.6236,none,,,False,,70,0,,,
70,32,True,0.675794,0.6758,none,,,False,,70,0,,,
70,16,True,0.388916,0.3889,none,,,False,,70,0,,,
70,87,True,0.63886,0.6389,none,,,False,,70,0,,,
70,17,True,0.252016,0.252,none,,,False,,70,0,,,
71,41,True,0.275673,0.2757,none,,,False,,71,0,,,
71,25,True,0.558056,0.5581,none,,,False,,71,0,,,
71,3,True,0.367064,0.3671,none,,,False,,71,0,,,
71,58,True,0.471046,0.471,none,,,False,,71,0,,,
71,48,True,0.588446,0.5884,none,,,False,,71,0,,,
71,38,True,0.331119,0.3311,none,,,False,,71,0,,,
71,18,True,0.320435,0.3204,none,,,False,,71,0,,,
71,21,True,0.60118,0.6012,none,,,False,,71,0,,,
71,62,True,0.681671,0.6817,none,,,False,,71,0,,,
71,59,True,0.547171,0.5472,none,,,False,,71,0,,,
71,33,True,0.230745,0.2307,none,,,False,,71,0,,,
71,90,True,0.453792,0.4538,none,,,False,,71,0,,,
71,67,True,0.720062,0.7201,none,,,False,,71,0,,,
71,66,True,0.359952,0.36,none,,,False,,71,0,,,
71,98,True,0.402872,0.4029,none,,,False,,71,0,,,
71,27,True,0.775007,0.775,none,,,False,,71,0,,,
71,87,True,0.518146,0.5181,none,,,False,,71,0,,,
71,95,True,2.673421,2.6734,none,,,False,,71,0,,,
71,69,True,0.325231,0.3252,none,,,False,,71,0,,,
71,32,True,0.751166,0.7512,none,,,False,,71,0,,,
71,22,True,0.550206,0.5502,none,,,False,,71,0,,,
71,71,True,0.448381,0.4484,none,,,False,,71,0,,,
71,63,True,0.925301,0.9253,none,,,False,,71,0,,,
71,99,True,0.632423,0.6324,none,,,False,,71,0,,,
71,76,True,0.481317,0.4813,none,,,False,,71,0,,,
71,49,True,0.336325,0.3363,none,,,False,,71,0,,,
71,68,True,0.728276,0.7283,none,,,False,,71,0,,,
71,45,True,0.533948,0.5339,none,,,False,,71,0,,,
71,82,True,0.590914,0.5909,none,,,False,,71,0,,,
71,77,True,0.623054,0.6231,none,,,False,,71,0,,,
71,6,True,0.397595,0.3976,none,,,False,,71,0,,,
71,28,True,0.692973,0.693,none,,,False,,71,0,,,
71,31,True,0.875111,0.8751,none,,,False,,71,0,,,
71,61,True,0.702145,0.7021,none,,,False,,71,0,,,
71,85,True,0.349834,0.3498,none,,,False,,71,0,,,
71,78,True,0.630832,0.6308,none,,,False,,71,0,,,
71,20,True,0.675635,0.6756,none,,,False,,71,0,,,
71,46,True,0.403212,0.4032,none,,,False,,71,0,,,
71,81,True,0.076971,0.077,none,,,False,,71,0,,,
71,72,True,0.462808,0.4628,none,,,False,,71,0,,,
71,16,True,0.419857,0.4199,none,,,False,,71,0,,,
71,36,True,0.699232,0.6992,none,,,False,,71,0,,,
71,13,True,0.766194,0.7662,none,,,False,,71,0,,,
71,73,True,0.308356,0.3084,none,,,False,,71,0,,,
71,88,True,0.435332,0.4353,none,,,False,,71,0,,,
71,29,True,0.582702,0.5827,none,,,False,,71,0,,,
71,4,True,0.321603,0.3216,none,,,False,,71,0,,,
71,97,True,0.412024,0.412,none,,,False,,71,0,,,
71,23,True,0.648465,0.6485,none,,,False,,71,0,,,
71,51,True,0.765207,0.7652,none,,,False,,71,0,,,
72,51,True,0.576767,0.5768,none,,,False,,72,0,,,
72,66,True,0.347705,0.3477,none,,,False,,72,0,,,
72,40,True,0.455003,0.455,none,,,False,,72,0,,,
72,71,True,0.256483,0.2565,none,,,False,,72,0,,,
72,26,True,0.403506,0.4035,none,,,False,,72,0,,,
72,31,True,0.84051,0.8405,none,,,False,,72,0,,,
72,11,True,0.601715,0.6017,none,,,False,,72,0,,,
72,27,True,0.653803,0.6538,none,,,False,,72,0,,,
72,60,True,0.639636,0.6396,none,,,False,,72,0,,,
72,79,True,0.145165,0.1452,none,,,False,,72,0,,,
72,33,True,0.366213,0.3662,none,,,False,,72,0,,,
72,15,True,0.453928,0.4539,none,,,False,,72,0,,,
72,9,True,0.321683,0.3217,none,,,False,,72,0,,,
72,62,True,0.379993,0.38,none,,,False,,72,0,,,
72,50,True,0.268442,0.2684,none,,,False,,72,0,,,
72,29,True,0.381702,0.3817,none,,,False,,72,0,,,
72,41,True,0.316411,0.3164,none,,,False,,72,0,,,
72,77,True,0.570575,0.5706,none,,,False,,72,0,,,
72,46,True,0.417126,0.4171,none,,,False,,72,0,,,
72,35,True,0.715434,0.7154,none,,,False,,72,0,,,
72,82,True,0.416437,0.4164,none,,,False,,72,0,,,
72,61,True,0.39403,0.394,none,,,False,,72,0,,,
72,81,True,0.488001,0.488,none,,,False,,72,0,,,
72,32,True,0.669324,0.6693,none,,,False,,72,0,,,
72,80,True,0.770625,0.7706,none,,,False,,72,0,,,
72,56,True,0.301487,0.3015,none,,,False,,72,0,,,
72,2,True,0.404289,0.4043,none,,,False,,72,0,,,
72,21,True,0.636835,0.6368,none,,,False,,72,0,,,
72,89,True,0.437971,0.438,none,,,False,,72,0,,,
72,57,True,0.520777,0.5208,none,,,False,,72,0,,,
72,4,True,0.296537,0.2965,none,,,False,,72,0,,,
72,49,True,0.306605,0.3066,none,,,False,,72,0,,,
72,64,True,0.549756,0.5498,none,,,False,,72,0,,,
72,83,True,0.432617,0.4326,none,,,False,,72,0,,,
72,96,True,0.097928,0.0979,none,,,False,,72,0,,,
72,0,True,0.443312,0.4433,none,,,False,,72,0,,,
72,23,True,0.606575,0.6066,none,,,False,,72,0,,,
72,67,True,0.434349,0.4343,none,,,False,,72,0,,,
72,68,True,0.59358,0.5936,none,,,False,,72,0,,,
72,39,True,0.282954,0.283,none,,,False,,72,0,,,
72,47,True,0.747235,0.7472,none,,,False,,72,0,,,
72,48,True,0.577244,0.5772,none,,,False,,72,0,,,
72,69,True,0.357071,0.3571,none,,,False,,72,0,,,
72,14,True,0.385611,0.3856,none,,,False,,72,0,,,
72,8,True,0.480786,0.4808,none,,,False,,72,0,,,
72,70,True,0.173561,0.1736,none,,,False,,72,0,,,
72,1,True,0.682722,0.6827,none,,,False,,72,0,,,
72,73,True,0.287729,0.2877,none,,,False,,72,0,,,
72,7,True,0.45382,0.4538,none,,,False,,72,0,,,
72,55,True,0.558726,0.5587,none,,,False,,72,0,,,
73,57,True,0.437119,0.4371,none,,,False,,73,0,,,
73,15,True,0.422456,0.4225,none,,,False,,73,0,,,
73,83,True,0.504284,0.5043,none,,,False,,73,0,,,
73,48,True,0.583649,0.5836,none,,,False,,73,0,,,
73,52,True,0.208686,0.2087,none,,,False,,73,0,,,
73,72,True,0.604245,0.6042,none,,,False,,73,0,,,
73,68,True,0.693703,0.6937,none,,,False,,73,0,,,
73,9,True,0.306435,0.3064,none,,,False,,73,0,,,
73,6,True,0.445508,0.4455,none,,,False,,73,0,,,
73,65,True,0.543858,0.5439,none,,,False,,73,0,,,
73,94,True,0.846135,0.8461,none,,,False,,73,0,,,
73,32,True,0.638605,0.6386,none,,,False,,73,0,,,
73,96,True,0.157326,0.1573,none,,,False,,73,0,,,
73,10,True,0.70284,0.7028,none,,,False,,73,0,,,
73,37,True,0.426491,0.4265,none,,,False,,73,0,,,
73,77,True,0.524593,0.5246,none,,,False,,73,0,,,
73,73,True,0.506985,0.507,none,,,False,,73,0,,,
73,63,True,0.988614,0.9886,none,,,False,,73,0,,,
73,20,True,0.759632,0.7596,none,,,False,,73,0,,,
73,33,True,0.217443,0.2174,none,,,False,,73,0,,,
73,54,True,0.737643,0.7376,none,,,False,,73,0,,,
73,47,True,0.724928,0.7249,none,,,False,,73,0,,,
73,19,True,0.666117,0.6661,none,,,False,,73,0,,,
73,14,True,0.376535,0.3765,none,,,False,,73,0,,,
73,36,True,0.749915,0.7499,none,,,False,,73,0,,,
73,0,True,0.577388,0.5774,none,,,False,,73,0,,,
73,92,True,0.516961,0.517,none,,,False,,73,0,,,
73,84,True,0.480088,0.4801,none,,,False,,73,0,,,
73,11,True,0.560509,0.5605,none,,,False,,73,0,,,
73,28,True,0.37617,0.3762,none,,,False,,73,0,,,
73,3,True,0.423207,0.4232,none,,,False,,73,0,,,
73,59,True,0.557258,0.5573,none,,,False,,73,0,,,
73,79,True,0.266155,0.2662,none,,,False,,73,0,,,
73,62,True,0.419651,0.4197,none,,,False,,73,0,,,
73,12,True,0.661913,0.6619,none,,,False,,73,0,,,
73,70,True,0.171019,0.171,none,,,False,,73,0,,,
73,86,True,0.480001,0.48,none,,,False,,73,0,,,
73,61,True,0.601818,0.6018,none,,,False,,73,0,,,
73,50,True,0.232726,0.2327,none,,,False,,73,0,,,
73,75,True,0.371184,0.3712,none,,,False,,73,0,,,
73,43,True,0.172001,0.172,none,,,False,,73,0,,,
73,99,True,0.747685,0.7477,none,,,False,,73,0,,,
73,53,True,0.556208,0.5562,none,,,False,,73,0,,,
73,13,True,0.91662,0.9166,none,,,False,,73,0,,,
73,98,True,0.533535,0.5335,none,,,False,,73,0,,,
73,17,True,0.300262,0.3003,none,,,False,,73,0,,,
73,35,True,0.653987,0.654,none,,,False,,73,0,,,
73,23,True,0.554882,0.5549,none,,,False,,73,0,,,
73,64,True,0.542803,0.5428,none,,,False,,73,0,,,
73,31,True,0.828227,0.8282,none,,,False,,73,0,,,
74,19,True,0.629499,0.6295,none,,,False,,74,0,,,
74,32,True,0.637339,0.6373,none,,,False,,74,0,,,
74,78,True,0.86411,0.8641,none,,,False,,74,0,,,
74,53,True,0.592328,0.5923,none,,,False,,74,0,,,
74,43,True,0.255336,0.2553,none,,,False,,74,0,,,
74,28,True,0.589404,0.5894,none,,,False,,74,0,,,
74,16,True,0.340389,0.3404,none,,,False,,74,0,,,
74,45,True,0.544705,0.5447,none,,,False,,74,0,,,
74,10,True,0.500813,0.5008,none,,,False,,74,0,,,
74,79,True,0.284323,0.2843,none,,,False,,74,0,,,
74,18,True,0.316972,0.317,none,,,False,,74,0,,,
74,88,True,0.500686,0.5007,none,,,False,,74,0,,,
74,48,True,0.564291,0.5643,none,,,False,,74,0,,,
74,31,True,0.925876,0.9259,none,,,False,,74,0,,,
74,7,True,0.502935,0.5029,none,,,False,,74,0,,,
74,87,True,0.512574,0.5126,none,,,False,,74,0,,,
74,68,True,0.695649,0.6956,none,,,False,,74,0,,,
74,64,True,0.535289,0.5353,none,,,False,,74,0,,,
74,40,True,0.475134,0.4751,none,,,False,,74,0,,,
74,54,True,0.645615,0.6456,none,,,False,,74,0,,,
74,83,True,0.371558,0.3716,none,,,False,,74,0,,,
74,20,True,0.672825,0.6728,none,,,False,,74,0,,,
74,26,True,0.26781,0.2678,none,,,False,,74,0,,,
74,24,True,0.373244,0.3732,none,,,False,,74,0,,,
74,25,True,0.532062,0.5321,none,,,False,,74,0,,,
74,73,True,0.221932,0.2219,none,,,False,,74,0,,,
74,59,True,0.430377,0.4304,none,,,False,,74,0,,,
74,86,True,0.565021,0.565,none,,,False,,74,0,,,
74,11,True,0.64253,0.6425,none,,,False,,74,0,,,
74,5,True,0.976579,0.9766,none,,,False,,74,0,,,
74,9,True,0.313488,0.3135,none,,,False,,74,0,,,
74,95,True,2.795005,2.795,none,,,False,,74,0,,,
74,69,True,0.328636,0.3286,none,,,False,,74,0,,,
74,17,True,0.333684,0.3337,none,,,False,,74,0,,,
74,50,True,0.213979,0.214,none,,,False,,74,0,,,
74,77,True,0.37271,0.3727,none,,,False,,74,0,,,
74,21,True,0.664533,0.6645,none,,,False,,74,0,,,
74,93,True,0.432404,0.4324,none,,,False,,74,0,,,
74,49,True,0.383128,0.3831,none,,,False,,74,0,,,
74,57,True,0.423323,0.4233,none,,,False,,74,0,,,
74,76,True,0.506824,0.5068,none,,,False,,74,0,,,
74,84,True,0.447969,0.448,none,,,False,,74,0,,,
74,38,True,0.433373,0.4334,none,,,False,,74,0,,,
74,47,True,0.733015,0.733,none,,,False,,74,0,,,
74,15,True,0.641054,0.6411,none,,,False,,74,0,,,
74,60,True,0.47933,0.4793,none,,,False,,74,0,,,
74,52,True,0.430924,0.4309,none,,,False,,74,0,,,
74,58,True,0.575261,0.5753,none,,,False,,74,0,,,
74,42,True,0.464346,0.4643,none,,,False,,74,0,,,
74,37,True,0.375113,0.3751,none,,,False,,74,0,,,
75,38,True,0.446038,0.446,none,,,False,,75,0,,,
75,65,True,0.435859,0.4359,none,,,False,,75,0,,,
75,44,True,1.261993,1.262,none,,,False,,75,0,,,
75,78,True,0.67944,0.6794,none,,,False,,75,0,,,
75,19,True,0.544634,0.5446,none,,,False,,75,0,,,
75,2,True,0.576147,0.5761,none,,,False,,75,0,,,
75,74,True,0.621843,0.6218,none,,,False,,75,0,,,
75,17,True,0.293991,0.294,none,,,False,,75,0,,,
75,90,True,0.150895,0.1509,none,,,False,,75,0,,,
75,58,True,0.463276,0.4633,none,,,False,,75,0,,,
75,57,True,0.635053,0.6351,none,,,False,,75,0,,,
75,45,True,0.625053,0.6251,none,,,False,,75,0,,,
75,13,True,0.821948,0.8219,none,,,False,,75,0,,,
75,96,True,0.377023,0.377,none,,,False,,75,0,,,
75,73,True,0.295025,0.295,none,,,False,,75,0,,,
75,34,True,0.554683,0.5547,none,,,False,,75,0,,,
75,0,True,0.53759,0.5376,none,,,False,,75,0,,,
75,88,True,0.436253,0.4363,none,,,False,,75,0,,,
75,36,True,0.674251,0.6743,none,,,False,,75,0,,,
75,8,True,0.427946,0.4279,none,,,False,,75,0,,,
75,6,True,0.249157,0.2492,none,,,False,,75,0,,,
75,72,True,0.408918,0.4089,none,,,False,,75,0,,,
75,23,True,0.585542,0.5855,none,,,False,,75,0,,,
75,20,True,0.622701,0.6227,none,,,False,,75,0,,,
75,67,True,0.565106,0.5651,none,,,False,,75,0,,,
75,69,True,0.316262,0.3163,none,,,False,,75,0,,,
75,61,True,0.514381,0.5144,none,,,False,,75,0,,,
75,98,True,0.354586,0.3546,none,,,False,,75,0,,,
75,12,True,0.608431,0.6084,none,,,False,,75,0,,,
75,5,True,0.857867,0.8579,none,,,False,,75,0,,,
75,94,True,0.913249,0.9132,none,,,False,,75,0,,,
75,51,True,0.623704,0.6237,none,,,False,,75,0,,,
75,4,True,0.218011,0.218,none,,,False,,75,0,,,
75,15,True,0.471719,0.4717,none,,,False,,75,0,,,
75,64,True,0.585078,0.5851,none,,,False,,75,0,,,
75,63,True,1.03036,1.0304,none,,,False,,75,0,,,
75,25,True,0.418894,0.4189,none,,,False,,75,0,,,
75,7,True,0.372444,0.3724,none,,,False,,75,0,,,
75,24,True,0.404633,0.4046,none,,,False,,75,0,,,
75,9,True,0.293968,0.294,none,,,False,,75,0,,,
75,53,True,0.419761,0.4198,none,,,False,,75,0,,,
75,28,True,0.29366,0.2937,none,,,False,,75,0,,,
75,66,True,0.431695,0.4317,none,,,False,,75,0,,,
75,59,True,0.370094,0.3701,none,,,False,,75,0,,,
75,35,True,0.684363,0.6844,none,,,False,,75,0,,,
75,22,True,0.606813,0.6068,none,,,False,,75,0,,,
75,41,True,0.289308,0.2893,none,,,False,,75,0,,,
75,56,True,0.453158,0.4532,none,,,False,,75,0,,,
75,95,True,2.733892,2.7339,none,,,False,,75,0,,,
75,80,True,0.829297,0.8293,none,,,False,,75,0,,,
76,25,True,0.458072,0.4581,none,,,False,,76,0,,,
76,75,True,0.420875,0.4209,none,,,False,,76,0,,,
76,58,True,0.6633,0.6633,none,,,False,,76,0,,,
76,42,True,0.561438,0.5614,none,,,False,,76,0,,,
76,64,True,0.509757,0.5098,none,,,False,,76,0,,,
76,66,True,0.323879,0.3239,none,,,False,,76,0,,,
76,52,True,0.344261,0.3443,none,,,False,,76,0,,,
76,70,True,0.174306,0.1743,none,,,False,,76,0,,,
76,99,True,0.731049,0.731,none,,,False,,76,0,,,
76,53,True,0.222886,0.2229,none,,,False,,76,0,,,
76,8,True,0.421873,0.4219,none,,,False,,76,0,,,
76,35,True,0.761484,0.7615,none,,,False,,76,0,,,
76,82,True,0.49991,0.4999,none,,,False,,76,0,,,
76,46,True,0.382127,0.3821,none,,,False,,76,0,,,
76,59,True,0.42593,0.4259,none,,,False,,76,0,,,
76,91,True,0.579166,0.5792,none,,,False,,76,0,,,
76,48,True,0.455844,0.4558,none,,,False,,76,0,,,
76,37,True,0.442475,0.4425,none,,,False,,76,0,,,
76,40,True,0.40454,0.4045,none,,,False,,76,0,,,
76,93,True,0.404672,0.4047,none,,,False,,76,0,,,
76,15,True,0.430621,0.4306,none,,,False,,76,0,,,
76,61,True,0.701412,0.7014,none,,,False,,76,0,,,
76,38,True,0.525385,0.5254,none,,,False,,76,0,,,
76,39,True,0.228193,0.2282,none,,,False,,76,0,,,
76,71,True,0.430701,0.4307,none,,,False,,76,0,,,
76,55,True,0.504671,0.5047,none,,,False,,76,0,,,
76,10,True,0.48282,0.4828,none,,,False,,76,0,,,
76,21,True,0.537763,0.5378,none,,,False,,76,0,,,
76,31,True,0.827941,0.8279,none,,,False,,76,0,,,
76,20,True,0.262794,0.2628,none,,,False,,76,0,,,
76,76,True,0.498643,0.4986,none,,,False,,76,0,,,
76,43,True,0.342866,0.3429,none,,,False,,76,0,,,
76,56,True,0.321616,0.3216,none,,,False,,76,0,,,
76,74,True,0.963717,0.9637,none,,,False,,76,0,,,
76,85,True,0.317163,0.3172,none,,,False,,76,0,,,
76,47,True,0.636984,0.637,none,,,False,,76,0,,,
76,50,True,0.269952,0.27,none,,,False,,76,0,,,
76,92,True,0.510141,0.5101,none,,,False,,76,0,,,
76,81,True,0.601963,0.602,none,,,False,,76,0,,,
76,84,True,0.571567,0.5716,none,,,False,,76,0,,,
76,30,True,0.524641,0.5246,none,,,False,,76,0,,,
76,22,True,0.523577,0.5236,none,,,False,,76,0,,,
76,69,True,0.245367,0.2454,none,,,False,,76,0,,,
76,24,True,0.43393,0.4339,none,,,False,,76,0,,,
76,79,True,0.242575,0.2426,none,,,False,,76,0,,,
76,60,True,0.618781,0.6188,none,,,False,,76,0,,,
76,18,True,0.321306,0.3213,none,,,False,,76,0,,,
76,80,True,0.946809,0.9468,none,,,False,,76,0,,,
76,94,True,0.829672,0.8297,none,,,False,,76,0,,,
76,86,True,0.481207,0.4812,none,,,False,,76,0,,,
77,90,True,0.311136,0.3111,none,,,False,,77,0,,,
77,14,True,0.375136,0.3751,none,,,False,,77,0,,,
77,49,True,0.32702,0.327,none,,,False,,77,0,,,
77,7,True,0.435934,0.4359,none,,,False,,77,0,,,
77,66,True,0.279719,0.2797,none,,,False,,77,0,,,
77,8,True,0.436518,0.4365,none,,,False,,77,0,,,
77,82,True,0.474852,0.4749,none,,,False,,77,0,,,
77,41,True,0.265818,0.2658,none,,,False,,77,0,,,
77,96,True,0.346257,0.3463,none,,,False,,77,0,,,
77,60,True,0.544599,0.5446,none,,,False,,77,0,,,
77,45,True,0.497385,0.4974,none,,,False,,77,0,,,
77,38,True,0.287283,0.2873,none,,,False,,77,0,,,
77,16,True,0.429686,0.4297,none,,,False,,77,0,,,
77,56,True,0.361881,0.3619,none,,,False,,77,0,,,
77,91,True,0.67576,0.6758,none,,,False,,77,0,,,
77,50,True,0.098978,0.099,none,,,False,,77,0,,,
77,73,True,0.301831,0.3018,none,,,False,,77,0,,,
77,92,True,0.462958,0.463,none,,,False,,77,0,,,
77,57,True,0.625085,0.6251,none,,,False,,77,0,,,
77,4,True,0.335632,0.3356,none,,,False,,77,0,,,
77,83,True,0.283973,0.284,none,,,False,,77,0,,,
77,35,True,0.613746,0.6137,none,,,False,,77,0,,,
77,75,True,0.301303,0.3013,none,,,False,,77,0,,,
77,85,True,0.442533,0.4425,none,,,False,,77,0,,,
77,98,True,0.283956,0.284,none,,,False,,77,0,,,
77,88,True,0.358381,0.3584,none,,,False,,77,0,,,
77,61,True,0.659816,0.6598,none,,,False,,77,0,,,
77,25,True,0.555076,0.5551,none,,,False,,77,0,,,
77,48,True,0.473785,0.4738,none,,,False,,77,0,,,
77,19,True,0.775309,0.7753,none,,,False,,77,0,,,
77,28,True,0.604948,0.6049,none,,,False,,77,0,,,
77,63,True,0.854516,0.8545,none,,,False,,77,0,,,
77,71,True,0.430527,0.4305,none,,,False,,77,0,,,
77,44,True,1.158137,1.1581,none,,,False,,77,0,,,
77,67,True,0.674532,0.6745,none,,,False,,77,0,,,
77,13,True,0.840969,0.841,none,,,False,,77,0,,,
77,3,True,0.119602,0.1196,none,,,False,,77,0,,,
77,97,True,0.534236,0.5342,none,,,False,,77,0,,,
77,89,True,0.302633,0.3026,none,,,False,,77,0,,,
77,21,True,0.693913,0.6939,none,,,False,,77,0,,,
77,42,True,0.570258,0.5703,none,,,False,,77,0,,,
77,95,True,2.449508,2.4495,none,,,False,,77,0,,,
77,30,True,0.403147,0.4031,none,,,False,,77,0,,,
77,20,True,0.894914,0.8949,none,,,False,,77,0,,,
77,6,True,0.397605,0.3976,none,,,False,,77,0,,,
77,39,True,0.338391,0.3384,none,,,False,,77,0,,,
77,43,True,0.211836,0.2118,none,,,False,,77,0,,,
77,33,True,0.448195,0.4482,none,,,False,,77,0,,,
77,24,True,0.406735,0.4067,none,,,False,,77,0,,,
77,27,True,0.840266,0.8403,none,,,False,,77,0,,,
78,67,True,0.67182,0.6718,none,,,False,,78,0,,,
78,28,True,0.42198,0.422,none,,,False,,78,0,,,
78,17,True,0.329993,0.33,none,,,False,,78,0,,,
78,7,True,0.342158,0.3422,none,,,False,,78,0,,,
78,21,True,0.600475,0.6005,none,,,False,,78,0,,,
78,10,True,0.675166,0.6752,none,,,False,,78,0,,,
78,42,True,0.376161,0.3762,none,,,False,,78,0,,,
78,39,True,0.174728,0.1747,none,,,False,,78,0,,,
78,87,True,0.716505,0.7165,none,,,False,,78,0,,,
78,55,True,0.554659,0.5547,none,,,False,,78,0,,,
78,3,True,0.530312,0.5303,none,,,False,,78,0,,,
78,95,True,2.557656,2.5577,none,,,False,,78,0,,,
78,11,True,0.71933,0.7193,none,,,False,,78,0,,,
78,23,True,0.573432,0.5734,none,,,False,,78,0,,,
78,92,True,0.517826,0.5178,none,,,False,,78,0,,,
78,72,True,0.440969,0.441,none,,,False,,78,0,,,
78,44,True,1.179003,1.179,none,,,False,,78,0,,,
78,41,True,0.284881,0.2849,none,,,False,,78,0,,,
78,43,True,0.109464,0.1095,none,,,False,,78,0,,,
78,40,True,0.353157,0.3532,none,,,False,,78,0,,,
78,26,True,0.230399,0.2304,none,,,False,,78,0,,,
78,59,True,0.520953,0.521,none,,,False,,78,0,,,
78,93,True,0.376289,0.3763,none,,,False,,78,0,,,
78,38,True,0.442472,0.4425,none,,,False,,78,0,,,
78,99,True,0.757166,0.7572,none,,,False,,78,0,,,
78,24,True,0.393019,0.393,none,,,False,,78,0,,,
78,9,True,0.350316,0.3503,none,,,False,,78,0,,,
78,94,True,0.933541,0.9335,none,,,False,,78,0,,,
78,53,True,0.519411,0.5194,none,,,False,,78,0,,,
78,90,True,0.314671,0.3147,none,,,False,,78,0,,,
78,4,True,0.264811,0.2648,none,,,False,,78,0,,,
78,56,True,0.300317,0.3003,none,,,False,,78,0,,,
78,22,True,0.475495,0.4755,none,,,False,,78,0,,,
78,27,True,0.721782,0.7218,none,,,False,,78,0,,,
78,97,True,0.394813,0.3948,none,,,False,,78,0,,,
78,71,True,0.461093,0.4611,none,,,False,,78,0,,,
78,29,True,0.490788,0.4908,none,,,False,,78,0,,,
78,2,True,0.418638,0.4186,none,,,False,,78,0,,,
78,70,True,0.210994,0.211,none,,,False,,78,0,,,
78,75,True,0.34751,0.3475,none,,,False,,78,0,,,
78,96,True,-0.030055,-0.0301,none,,,False,,78,0,,,
78,78,True,0.615018,0.615,none,,,False,,78,0,,,
78,52,True,0.285169,0.2852,none,,,False,,78,0,,,
78,62,True,0.680849,0.6808,none,,,False,,78,0,,,
78,69,True,0.211268,0.2113,none,,,False,,78,0,,,
78,86,True,0.400668,0.4007,none,,,False,,78,0,,,
78,54,True,0.596841,0.5968,none,,,False,,78,0,,,
78,45,True,0.407818,0.4078,none,,,False,,78,0,,,
78,98,True,0.455914,0.4559,none,,,False,,78,0,,,
78,79,True,0.242384,0.2424,none,,,False,,78,0,,,
79,31,True,0.769638,0.7696,none,,,False,,79,0,,,
79,94,True,0.713723,0.7137,none,,,False,,79,0,,,
79,90,True,0.283266,0.2833,none,,,False,,79,0,,,
79,62,True,0.394944,0.3949,none,,,False,,79,0,,,
79,47,True,0.671388,0.6714,none,,,False,,79,0,,,
79,32,True,0.713183,0.7132,none,,,False,,79,0,,,
79,44,True,1.109781,1.1098,none,,,False,,79,0,,,
79,84,True,0.574018,0.574,none,,,False,,79,0,,,
79,76,True,0.559358,0.5594,none,,,False,,79,0,,,
79,41,True,0.36235,0.3624,none,,,False,,79,0,,,
79,81,True,0.751984,0.752,none,,,False,,79,0,,,
79,12,True,0.747293,0.7473,none,,,False,,79,0,,,
79,85,True,0.523026,0.523,none,,,False,,79,0,,,
79,77,True,0.605821,0.6058,none,,,False,,79,0,,,
79,55,True,0.383891,0.3839,none,,,False,,79,0,,,
79,70,True,0.190888,0.1909,none,,,False,,79,0,,,
79,34,True,0.539928,0.5399,none,,,False,,79,0,,,
79,8,True,0.522054,0.5221,none,,,False,,79,0,,,
79,40,True,0.402068,0.4021,none,,,False,,79,0,,,
79,10,True,0.481446,0.4814,none,,,False,,79,0,,,
79,61,True,0.687315,0.6873,none,,,False,,79,0,,,
79,27,True,0.743092,0.7431,none,,,False,,79,0,,,
79,97,True,0.612573,0.6126,none,,,False,,79,0,,,
79,63,True,0.887319,0.8873,none,,,False,,79,0,,,
79,36,True,0.710069,0.7101,none,,,False,,79,0,,,
79,79,True,0.307285,0.3073,none,,,False,,79,0,,,
79,43,True,0.142814,0.1428,none,,,False,,79,0,,,
79,1,True,0.700556,0.7006,none,,,False,,79,0,,,
79,59,True,0.462264,0.4623,none,,,False,,79,0,,,
79,11,True,0.615312,0.6153,none,,,False,,79,0,,,
79,86,True,0.584807,0.5848,none,,,False,,79,0,,,
79,82,True,0.451951,0.452,none,,,False,,79,0,,,
79,80,True,0.764094,0.7641,none,,,False,,79,0,,,
79,3,True,0.268103,0.2681,none,,,False,,79,0,,,
79,87,True,0.420439,0.4204,none,,,False,,79,0,,,
79,95,True,2.722951,2.723,none,,,False,,79,0,,,
79,25,True,0.351707,0.3517,none,,,False,,79,0,,,
79,67,True,0.551989,0.552,none,,,False,,79,0,,,
79,75,True,0.401737,0.4017,none,,,False,,79,0,,,
79,83,True,0.536301,0.5363,none,,,False,,79,0,,,
79,19,True,0.766561,0.7666,none,,,False,,79,0,,,
79,14,True,0.367786,0.3678,none,,,False,,79,0,,,
79,16,True,0.369647,0.3696,none,,,False,,79,0,,,
79,9,True,0.362186,0.3622,none,,,False,,79,0,,,
79,91,True,0.567576,0.5676,none,,,False,,79,0,,,
79,88,True,0.447114,0.4471,none,,,False,,79,0,,,
79,64,True,0.486216,0.4862,none,,,False,,79,0,,,
79,0,True,0.569776,0.5698,none,,,False,,79,0,,,
79,22,True,0.43354,0.4335,none,,,False,,79,0,,,
79,50,True,0.306746,0.3067,none,,,False,,79,0,,,
80,63,True,0.976596,0.9766,none,,,False,,80,0,,,
80,67,True,0.676039,0.676,none,,,False,,80,0,,,
80,47,True,0.711523,0.7115,none,,,False,,80,0,,,
80,94,True,0.773773,0.7738,none,,,False,,80,0,,,
80,72,True,0.431337,0.4313,none,,,False,,80,0,,,
80,16,True,0.286916,0.2869,none,,,False,,80,0,,,
80,3,True,0.434662,0.4347,none,,,False,,80,0,,,
80,87,True,0.671354,0.6714,none,,,False,,80,0,,,
80,32,True,0.622907,0.6229,none,,,False,,80,0,,,
80,82,True,0.429563,0.4296,none,,,False,,80,0,,,
80,48,True,0.671673,0.6717,none,,,False,,80,0,,,
80,26,True,0.181154,0.1812,none,,,False,,80,0,,,
80,1,True,0.752635,0.7526,none,,,False,,80,0,,,
80,59,True,0.451388,0.4514,none,,,False,,80,0,,,
80,54,True,0.687886,0.6879,none,,,False,,80,0,,,
80,65,True,0.417259,0.4173,none,,,False,,80,0,,,
80,18,True,0.294707,0.2947,none,,,False,,80,0,,,
80,52,True,0.394668,0.3947,none,,,False,,80,0,,,
80,12,True,0.336279,0.3363,none,,,False,,80,0,,,
80,23,True,0.465522,0.4655,none,,,False,,80,0,,,
80,20,True,0.436011,0.436,none,,,False,,80,0,,,
80,80,True,0.791818,0.7918,none,,,False,,80,0,,,
80,34,True,0.673892,0.6739,none,,,False,,80,0,,,
80,74,True,0.864835,0.8648,none,,,False,,80,0,,,
80,93,True,0.43358,0.4336,none,,,False,,80,0,,,
80,89,True,0.449178,0.4492,none,,,False,,80,0,,,
80,83,True,0.25488,0.2549,none,,,False,,80,0,,,
80,81,True,0.246318,0.2463,none,,,False,,80,0,,,
80,10,True,0.521534,0.5215,none,,,False,,80,0,,,
80,71,True,-0.030384,-0.0304,none,,,False,,80,0,,,
80,8,True,0.419073,0.4191,none,,,False,,80,0,,,
80,15,True,0.541623,0.5416,none,,,False,,80,0,,,
80,5,True,0.913491,0.9135,none,,,False,,80,0,,,
80,70,True,0.205384,0.2054,none,,,False,,80,0,,,
80,61,True,0.509879,0.5099,none,,,False,,80,0,,,
80,22,True,0.436669,0.4367,none,,,False,,80,0,,,
80,45,True,0.452837,0.4528,none,,,False,,80,0,,,
80,31,True,0.878602,0.8786,none,,,False,,80,0,,,
80,86,True,0.476105,0.4761,none,,,False,,80,0,,,
80,25,True,0.331043,0.331,none,,,False,,80,0,,,
80,35,True,0.776628,0.7766,none,,,False,,80,0,,,
80,43,True,0.254631,0.2546,none,,,False,,80,0,,,
80,84,True,0.43045,0.4304,none,,,False,,80,0,,,
80,49,True,0.409517,0.4095,none,,,False,,80,0,,,
80,29,True,0.415979,0.416,none,,,False,,80,0,,,
80,79,True,0.226028,0.226,none,,,False,,80,0,,,
80,6,True,0.359756,0.3598,none,,,False,,80,0,,,
80,44,True,1.153108,1.1531,none,,,False,,80,0,,,
80,62,True,0.535163,0.5352,none,,,False,,80,0,,,
80,58,True,0.544745,0.5447,none,,,False,,80,0,,,
81,12,True,0.795688,0.7957,none,,,False,,81,0,,,
81,94,True,0.670072,0.6701,none,,,False,,81,0,,,
81,20,True,0.851527,0.8515,none,,,False,,81,0,,,
81,58,True,0.596186,0.5962,none,,,False,,81,0,,,
81,89,True,0.391497,0.3915,none,,,False,,81,0,,,
81,73,True,0.423712,0.4237,none,,,False,,81,0,,,
81,74,True,0.869995,0.87,none,,,False,,81,0,,,
81,83,True,0.426625,0.4266,none,,,False,,81,0,,,
81,16,True,0.425924,0.4259,none,,,False,,81,0,,,
81,75,True,0.414667,0.4147,none,,,False,,81,0,,,
81,77,True,0.397031,0.397,none,,,False,,81,0,,,
81,43,True,0.18728,0.1873,none,,,False,,81,0,,,
81,87,True,0.490968,0.491,none,,,False,,81,0,,,
81,38,True,0.406466,0.4065,none,,,False,,81,0,,,
81,8,True,0.382874,0.3829,none,,,False,,81,0,,,
81,59,True,0.445794,0.4458,none,,,False,,81,0,,,
81,95,True,3.098443,3.0984,none,,,False,,81,0,,,
81,54,True,0.767023,0.767,none,,,False,,81,0,,,
81,31,True,0.812738,0.8127,none,,,False,,81,0,,,
81,26,True,0.439937,0.4399,none,,,False,,81,0,,,
81,0,True,0.494842,0.4948,none,,,False,,81,0,,,
81,55,True,0.325908,0.3259,none,,,False,,81,0,,,
81,6,True,0.4312,0.4312,none,,,False,,81,0,,,
81,29,True,0.254956,0.255,none,,,False,,81,0,,,
81,5,True,0.765337,0.7653,none,,,False,,81,0,,,
81,41,True,0.34328,0.3433,none,,,False,,81,0,,,
81,84,True,0.608998,0.609,none,,,False,,81,0,,,
81,4,True,0.376872,0.3769,none,,,False,,81,0,,,
81,81,True,0.768689,0.7687,none,,,False,,81,0,,,
81,50,True,0.371218,0.3712,none,,,False,,81,0,,,
81,15,True,0.3108,0.3108,none,,,False,,81,0,,,
81,17,True,0.266916,0.2669,none,,,False,,81,0,,,
81,96,True,-0.148533,-0.1485,none,,,False,,81,0,,,
81,45,True,0.604127,0.6041,none,,,False,,81,0,,,
81,93,True,0.300235,0.3002,none,,,False,,81,0,,,
81,39,True,0.421731,0.4217,none,,,False,,81,0,,,
81,10,True,0.573777,0.5738,none,,,False,,81,0,,,
81,22,True,0.422593,0.4226,none,,,False,,81,0,,,
81,86,True,0.607285,0.6073,none,,,False,,81,0,,,
81,11,True,0.675756,0.6758,none,,,False,,81,0,,,
81,33,True,0.532825,0.5328,none,,,False,,81,0,,,
81,69,True,0.393776,0.3938,none,,,False,,81,0,,,
81,92,True,0.425627,0.4256,none,,,False,,81,0,,,
81,28,True,0.549881,0.5499,none,,,False,,81,0,,,
81,68,True,0.602983,0.603,none,,,False,,81,0,,,
81,56,True,0.317413,0.3174,none,,,False,,81,0,,,
81,37,True,0.388478,0.3885,none,,,False,,81,0,,,
81,44,True,1.146834,1.1468,none,,,False,,81,0,,,
81,7,True,0.541055,0.5411,none,,,False,,81,0,,,
81,60,True,0.699205,0.6992,none,,,False,,81,0,,,
82,36,True,0.390531,0.3905,none,,,False,,82,0,,,
82,25,True,0.466413,0.4664,none,,,False,,82,0,,,
82,31,True,0.83746,0.8375,none,,,False,,82,0,,,
82,93,True,0.510856,0.5109,none,,,False,,82,0,,,
82,15,True,0.498344,0.4983,none,,,False,,82,0,,,
82,71,True,0.256651,0.2567,none,,,False,,82,0,,,
82,51,True,0.665441,0.6654,none,,,False,,82,0,,,
82,62,True,0.616164,0.6162,none,,,False,,82,0,,,
82,94,True,0.76176,0.7618,none,,,False,,82,0,,,
82,97,True,0.57384,0.5738,none,,,False,,82,0,,,
82,41,True,0.195999,0.196,none,,,False,,82,0,,,
82,10,True,0.526364,0.5264,none,,,False,,82,0,,,
82,96,True,0.271171,0.2712,none,,,False,,82,0,,,
82,89,True,0.395573,0.3956,none,,,False,,82,0,,,
82,13,True,0.908988,0.909,none,,,False,,82,0,,,
82,34,True,0.533636,0.5336,none,,,False,,82,0,,,
82,54,True,0.576683,0.5767,none,,,False,,82,0,,,
82,24,True,0.426546,0.4265,none,,,False,,82,0,,,
82,64,True,0.591834,0.5918,none,,,False,,82,0,,,
82,20,True,0.590705,0.5907,none,,,False,,82,0,,,
82,82,True,0.472853,0.4729,none,,,False,,82,0,,,
82,42,True,0.434265,0.4343,none,,,False,,82,0,,,
82,60,True,0.492823,0.4928,none,,,False,,82,0,,,
82,75,True,0.332827,0.3328,none,,,False,,82,0,,,
82,2,True,0.493722,0.4937,none,,,False,,82,0,,,
82,81,True,0.265456,0.2655,none,,,False,,82,0,,,
82,67,True,0.633386,0.6334,none,,,False,,82,0,,,
82,57,True,0.699004,0.699,none,,,False,,82,0,,,
82,35,True,0.892956,0.893,none,,,False,,82,0,,,
82,95,True,2.477163,2.4772,none,,,False,,82,0,,,
82,73,True,0.206578,0.2066,none,,,False,,82,0,,,
82,58,True,0.56986,0.5699,none,,,False,,82,0,,,
82,47,True,0.831131,0.8311,none,,,False,,82,0,,,
82,9,True,0.46598,0.466,none,,,False,,82,0,,,
82,74,True,0.823033,0.823,none,,,False,,82,0,,,
82,33,True,0.198044,0.198,none,,,False,,82,0,,,
82,22,True,0.462783,0.4628,none,,,False,,82,0,,,
82,30,True,0.452731,0.4527,none,,,False,,82,0,,,
82,55,True,0.509237,0.5092,none,,,False,,82,0,,,
82,78,True,0.529195,0.5292,none,,,False,,82,0,,,
82,14,True,0.313738,0.3137,none,,,False,,82,0,,,
82,65,True,0.418864,0.4189,none,,,False,,82,0,,,
82,72,True,0.410747,0.4107,none,,,False,,82,0,,,
82,87,True,0.569503,0.5695,none,,,False,,82,0,,,
82,86,True,0.496221,0.4962,none,,,False,,82,0,,,
82,16,True,0.341424,0.3414,none,,,False,,82,0,,,
82,80,True,0.778804,0.7788,none,,,False,,82,0,,,
82,6,True,0.458975,0.459,none,,,False,,82,0,,,
82,53,True,0.299623,0.2996,none,,,False,,82,0,,,
82,52,True,0.202346,0.2023,none,,,False,,82,0,,,
83,79,True,0.335416,0.3354,none,,,False,,83,0,,,
83,41,True,0.287221,0.2872,none,,,False,,83,0,,,
83,25,True,0.451592,0.4516,none,,,False,,83,0,,,
83,2,True,0.393011,0.393,none,,,False,,83,0,,,
83,62,True,0.458099,0.4581,none,,,False,,83,0,,,
83,8,True,0.435199,0.4352,none,,,False,,83,0,,,
83,28,True,0.441293,0.4413,none,,,False,,83,0,,,
83,7,True,0.425319,0.4253,none,,,False,,83,0,,,
83,37,True,0.460591,0.4606,none,,,False,,83,0,,,
83,34,True,0.622148,0.6221,none,,,False,,83,0,,,
83,99,True,0.735511,0.7355,none,,,False,,83,0,,,
83,49,True,0.285,0.285,none,,,False,,83,0,,,
83,87,True,0.630864,0.6309,none,,,False,,83,0,,,
83,78,True,0.773779,0.7738,none,,,False,,83,0,,,
83,18,True,0.271569,0.2716,none,,,False,,83,0,,,
83,35,True,0.659557,0.6596,none,,,False,,83,0,,,
83,75,True,0.431145,0.4311,none,,,False,,83,0,,,
83,13,True,0.975114,0.9751,none,,,False,,83,0,,,
83,47,True,0.598749,0.5987,none,,,False,,83,0,,,
83,12,True,0.558767,0.5588,none,,,False,,83,0,,,
83,72,True,0.537147,0.5371,none,,,False,,83,0,,,
83,9,True,0.435178,0.4352,none,,,False,,83,0,,,
83,31,True,0.71501,0.715,none,,,False,,83,0,,,
83,86,True,0.522786,0.5228,none,,,False,,83,0,,,
83,64,True,0.468789,0.4688,none,,,False,,83,0,,,
83,67,True,0.498843,0.4988,none,,,False,,83,0,,,
83,26,True,0.434556,0.4346,none,,,False,,83,0,,,
83,80,True,0.820867,0.8209,none,,,False,,83,0,,,
83,5,True,0.716654,0.7167,none,,,False,,83,0,,,
83,40,True,0.489186,0.4892,none,,,False,,83,0,,,
83,39,True,0.249226,0.2492,none,,,False,,83,0,,,
83,95,True,2.572594,2.5726,none,,,False,,83,0,,,
83,32,True,0.631189,0.6312,none,,,False,,83,0,,,
83,63,True,1.110562,1.1106,none,,,False,,83,0,,,
83,55,True,0.427971,0.428,none,,,False,,83,0,,,
83,14,True,0.409218,0.4092,none,,,False,,83,0,,,
83,84,True,0.44768,0.4477,none,,,False,,83,0,,,
83,56,True,0.422288,0.4223,none,,,False,,83,0,,,
83,91,True,0.522572,0.5226,none,,,False,,83,0,,,
83,71,True,0.48786,0.4879,none,,,False,,83,0,,,
83,52,True,0.253025,0.253,none,,,False,,83,0,,,
83,42,True,0.611764,0.6118,none,,,False,,83,0,,,
83,10,True,0.472872,0.4729,none,,,False,,83,0,,,
83,21,True,0.548562,0.5486,none,,,False,,83,0,,,
83,30,True,0.343693,0.3437,none,,,False,,83,0,,,
83,50,True,0.326486,0.3265,none,,,False,,83,0,,,
83,93,True,0.369012,0.369,none,,,False,,83,0,,,
83,15,True,0.434713,0.4347,none,,,False,,83,0,,,
83,46,True,0.43131,0.4313,none,,,False,,83,0,,,
83,29,True,0.436056,0.4361,none,,,False,,83,0,,,
84,59,True,0.552618,0.5526,none,,,False,,84,0,,,
84,77,True,0.239644,0.2396,none,,,False,,84,0,,,
84,30,True,0.347707,0.3477,none,,,False,,84,0,,,
84,37,True,0.407725,0.4077,none,,,False,,84,0,,,
84,93,True,0.301983,0.302,none,,,False,,84,0,,,
84,67,True,0.623494,0.6235,none,,,False,,84,0,,,
84,86,True,0.414962,0.415,none,,,False,,84,0,,,
84,36,True,0.624514,0.6245,none,,,False,,84,0,,,
84,14,True,0.354362,0.3544,none,,,False,,84,0,,,
84,48,True,0.611615,0.6116,none,,,False,,84,0,,,
84,82,True,0.45058,0.4506,none,,,False,,84,0,,,
84,69,True,0.465678,0.4657,none,,,False,,84,0,,,
84,17,True,0.356343,0.3563,none,,,False,,84,0,,,
84,50,True,0.160296,0.1603,none,,,False,,84,0,,,
84,83,True,0.460941,0.4609,none,,,False,,84,0,,,
84,84,True,0.507324,0.5073,none,,,False,,84,0,,,
84,22,True,0.605059,0.6051,none,,,False,,84,0,,,
84,98,True,0.486551,0.4866,none,,,False,,84,0,,,
84,4,True,0.315093,0.3151,none,,,False,,84,0,,,
84,45,True,0.396402,0.3964,none,,,False,,84,0,,,
84,60,True,0.708914,0.7089,none,,,False,,84,0,,,
84,57,True,0.546489,0.5465,none,,,False,,84,0,,,
84,27,True,0.755715,0.7557,none,,,False,,84,0,,,
84,12,True,0.750831,0.7508,none,,,False,,84,0,,,
84,87,True,0.527281,0.5273,none,,,False,,84,0,,,
84,42,True,0.495981,0.496,none,,,False,,84,0,,,
84,32,True,0.612012,0.612,none,,,False,,84,0,,,
84,20,True,0.59511,0.5951,none,,,False,,84,0,,,
84,91,True,0.630803,0.6308,none,,,False,,84,0,,,
84,21,True,0.675006,0.675,none,,,False,,84,0,,,
84,72,True,0.579192,0.5792,none,,,False,,84,0,,,
84,25,True,0.461555,0.4616,none,,,False,,84,0,,,
84,61,True,0.495801,0.4958,none,,,False,,84,0,,,
84,24,True,0.38513,0.3851,none,,,False,,84,0,,,
84,75,True,0.325791,0.3258,none,,,False,,84,0,,,
84,64,True,0.530214,0.5302,none,,,False,,84,0,,,
84,73,True,0.476105,0.4761,none,,,False,,84,0,,,
84,31,True,0.742583,0.7426,none,,,False,,84,0,,,
84,47,True,0.634293,0.6343,none,,,False,,84,0,,,
84,70,True,0.198554,0.1986,none,,,False,,84,0,,,
84,81,True,-0.120449,-0.1204,none,,,False,,84,0,,,
84,3,True,0.232973,0.233,none,,,False,,84,0,,,
84,16,True,0.384045,0.384,none,,,False,,84,0,,,
84,35,True,0.472817,0.4728,none,,,False,,84,0,,,
84,34,True,0.651129,0.6511,none,,,False,,84,0,,,
84,46,True,0.300723,0.3007,none,,,False,,84,0,,,
84,39,True,0.342591,0.3426,none,,,False,,84,0,,,
84,71,True,0.470916,0.4709,none,,,False,,84,0,,,
84,51,True,0.663883,0.6639,none,,,False,,84,0,,,
84,41,True,0.267899,0.2679,none,,,False,,84,0,,,
85,38,True,0.49683,0.4968,none,,,False,,85,0,,,
85,24,True,0.234724,0.2347,none,,,False,,85,0,,,
85,63,True,1.085927,1.0859,none,,,False,,85,0,,,
85,15,True,0.493722,0.4937,none,,,False,,85,0,,,
85,83,True,0.29948,0.2995,none,,,False,,85,0,,,
85,88,True,0.448306,0.4483,none,,,False,,85,0,,,
85,85,True,0.446198,0.4462,none,,,False,,85,0,,,
85,51,True,0.590051,0.5901,none,,,False,,85,0,,,
85,90,True,0.223916,0.2239,none,,,False,,85,0,,,
85,28,True,0.489804,0.4898,none,,,False,,85,0,,,
85,20,True,0.678113,0.6781,none,,,False,,85,0,,,
85,74,True,0.963445,0.9634,none,,,False,,85,0,,,
85,65,True,0.503646,0.5036,none,,,False,,85,0,,,
85,34,True,0.559572,0.5596,none,,,False,,85,0,,,
85,70,True,0.20292,0.2029,none,,,False,,85,0,,,
85,19,True,0.556791,0.5568,none,,,False,,85,0,,,
85,23,True,0.524056,0.5241,none,,,False,,85,0,,,
85,47,True,0.706319,0.7063,none,,,False,,85,0,,,
85,11,True,0.668896,0.6689,none,,,False,,85,0,,,
85,40,True,0.426433,0.4264,none,,,False,,85,0,,,
85,79,True,0.267405,0.2674,none,,,False,,85,0,,,
85,59,True,0.437669,0.4377,none,,,False,,85,0,,,
85,84,True,0.459895,0.4599,none,,,False,,85,0,,,
85,46,True,0.324847,0.3248,none,,,False,,85,0,,,
85,10,True,0.646144,0.6461,none,,,False,,85,0,,,
85,55,True,0.532828,0.5328,none,,,False,,85,0,,,
85,16,True,0.315325,0.3153,none,,,False,,85,0,,,
85,75,True,0.35061,0.3506,none,,,False,,85,0,,,
85,66,True,0.408529,0.4085,none,,,False,,85,0,,,
85,53,True,0.541862,0.5419,none,,,False,,85,0,,,
85,99,True,0.715669,0.7157,none,,,False,,85,0,,,
85,81,True,0.556227,0.5562,none,,,False,,85,0,,,
85,97,True,0.517863,0.5179,none,,,False,,85,0,,,
85,2,True,0.388554,0.3886,none,,,False,,85,0,,,
85,60,True,0.541068,0.5411,none,,,False,,85,0,,,
85,31,True,0.873999,0.874,none,,,False,,85,0,,,
85,68,True,0.697068,0.6971,none,,,False,,85,0,,,
85,69,True,0.361909,0.3619,none,,,False,,85,0,,,
85,12,True,0.563496,0.5635,none,,,False,,85,0,,,
85,56,True,0.596514,0.5965,none,,,False,,85,0,,,
85,29,True,0.414287,0.4143,none,,,False,,85,0,,,
85,49,True,0.372693,0.3727,none,,,False,,85,0,,,
85,36,True,0.44054,0.4405,none,,,False,,85,0,,,
85,78,True,0.477244,0.4772,none,,,False,,85,0,,,
85,30,True,0.555892,0.5559,none,,,False,,85,0,,,
85,17,True,0.344143,0.3441,none,,,False,,85,0,,,
85,93,True,0.358405,0.3584,none,,,False,,85,0,,,
85,87,True,0.754256,0.7543,none,,,False,,85,0,,,
85,73,True,0.1872,0.1872,none,,,False,,85,0,,,
85,1,True,0.641501,0.6415,none,,,False,,85,0,,,
86,59,True,0.462405,0.4624,none,,,False,,86,0,,,
86,38,True,0.381314,0.3813,none,,,False,,86,0,,,
86,23,True,0.55306,0.5531,none,,,False,,86,0,,,
86,97,True,0.575297,0.5753,none,,,False,,86,0,,,
86,5,True,0.750739,0.7507,none,,,False,,86,0,,,
86,42,True,0.505042,0.505,none,,,False,,86,0,,,
86,98,True,0.406883,0.4069,none,,,False,,86,0,,,
86,21,True,0.582834,0.5828,none,,,False,,86,0,,,
86,1,True,0.785486,0.7855,none,,,False,,86,0,,,
86,88,True,0.463005,0.463,none,,,False,,86,0,,,
86,16,True,0.356399,0.3564,none,,,False,,86,0,,,
86,27,True,0.778088,0.7781,none,,,False,,86,0,,,
86,53,True,0.652406,0.6524,none,,,False,,86,0,,,
86,81,True,0.605955,0.606,none,,,False,,86,0,,,
86,80,True,0.826355,0.8264,none,,,False,,86,0,,,
86,7,True,0.424499,0.4245,none,,,False,,86,0,,,
86,89,True,0.316203,0.3162,none,,,False,,86,0,,,
86,95,True,2.983201,2.9832,none,,,False,,86,0,,,
86,71,True,0.289499,0.2895,none,,,False,,86,0,,,
86,3,True,0.323949,0.3239,none,,,False,,86,0,,,
86,48,True,0.526486,0.5265,none,,,False,,86,0,,,
86,24,True,0.356778,0.3568,none,,,False,,86,0,,,
86,51,True,0.692396,0.6924,none,,,False,,86,0,,,
86,39,True,0.388582,0.3886,none,,,False,,86,0,,,
86,60,True,0.579214,0.5792,none,,,False,,86,0,,,
86,46,True,0.418077,0.4181,none,,,False,,86,0,,,
86,77,True,0.473827,0.4738,none,,,False,,86,0,,,
86,79,True,0.262296,0.2623,none,,,False,,86,0,,,
86,35,True,0.656226,0.6562,none,,,False,,86,0,,,
86,36,True,0.680834,0.6808,none,,,False,,86,0,,,
86,11,True,0.670152,0.6702,none,,,False,,86,0,,,
86,90,True,0.319766,0.3198,none,,,False,,86,0,,,
86,82,True,0.425056,0.4251,none,,,False,,86,0,,,
86,76,True,0.525261,0.5253,none,,,False,,86,0,,,
86,72,True,0.508629,0.5086,none,,,False,,86,0,,,
86,99,True,0.614294,0.6143,none,,,False,,86,0,,,
86,18,True,0.295205,0.2952,none,,,False,,86,0,,,
86,92,True,0.441474,0.4415,none,,,False,,86,0,,,
86,67,True,0.601008,0.601,none,,,False,,86,0,,,
86,84,True,0.378221,0.3782,none,,,False,,86,0,,,
86,94,True,0.845704,0.8457,none,,,False,,86,0,,,
86,12,True,0.711554,0.7116,none,,,False,,86,0,,,
86,70,True,0.18741,0.1874,none,,,False,,86,0,,,
86,13,True,0.771309,0.7713,none,,,False,,86,0,,,
86,75,True,0.376081,0.3761,none,,,False,,86,0,,,
86,40,True,0.402956,0.403,none,,,False,,86,0,,,
86,83,True,0.373491,0.3735,none,,,False,,86,0,,,
86,62,True,0.567318,0.5673,none,,,False,,86,0,,,
86,69,True,0.353939,0.3539,none,,,False,,86,0,,,
86,86,True,0.483203,0.4832,none,,,False,,86,0,,,
87,47,True,0.750225,0.7502,none,,,False,,87,0,,,
87,32,True,0.684087,0.6841,none,,,False,,87,0,,,
87,57,True,0.642527,0.6425,none,,,False,,87,0,,,
87,38,True,0.402783,0.4028,none,,,False,,87,0,,,
87,28,True,0.522436,0.5224,none,,,False,,87,0,,,
87,39,True,0.220508,0.2205,none,,,False,,87,0,,,
87,64,True,0.54686,0.5469,none,,,False,,87,0,,,
87,37,True,0.392652,0.3927,none,,,False,,87,0,,,
87,66,True,0.412383,0.4124,none,,,False,,87,0,,,
87,67,True,0.635354,0.6354,none,,,False,,87,0,,,
87,55,True,0.401245,0.4012,none,,,False,,87,0,,,
87,29,True,0.460365,0.4604,none,,,False,,87,0,,,
87,72,True,0.443062,0.4431,none,,,False,,87,0,,,
87,22,True,0.621612,0.6216,none,,,False,,87,0,,,
87,60,True,0.48588,0.4859,none,,,False,,87,0,,,
87,77,True,0.653595,0.6536,none,,,False,,87,0,,,
87,2,True,0.46084,0.4608,none,,,False,,87,0,,,
87,34,True,0.670666,0.6707,none,,,False,,87,0,,,
87,17,True,0.270043,0.27,none,,,False,,87,0,,,
87,51,True,0.651398,0.6514,none,,,False,,87,0,,,
87,40,True,0.377733,0.3777,none,,,False,,87,0,,,
87,50,True,0.085397,0.0854,none,,,False,,87,0,,,
87,73,True,0.377641,0.3776,none,,,False,,87,0,,,
87,53,True,0.4833,0.4833,none,,,False,,87,0,,,
87,35,True,0.795994,0.796,none,,,False,,87,0,,,
87,52,True,0.289628,0.2896,none,,,False,,87,0,,,
87,45,True,0.637636,0.6376,none,,,False,,87,0,,,
87,7,True,0.498181,0.4982,none,,,False,,87,0,,,
87,96,True,0.285037,0.285,none,,,False,,87,0,,,
87,15,True,0.441785,0.4418,none,,,False,,87,0,,,
87,18,True,0.25933,0.2593,none,,,False,,87,0,,,
87,88,True,0.423921,0.4239,none,,,False,,87,0,,,
87,26,True,0.321714,0.3217,none,,,False,,87,0,,,
87,83,True,0.284319,0.2843,none,,,False,,87,0,,,
87,94,True,0.791875,0.7919,none,,,False,,87,0,,,
87,82,True,0.432916,0.4329,none,,,False,,87,0,,,
87,76,True,0.555774,0.5558,none,,,False,,87,0,,,
87,58,True,0.403665,0.4037,none,,,False,,87,0,,,
87,43,True,0.274932,0.2749,none,,,False,,87,0,,,
87,36,True,0.649298,0.6493,none,,,False,,87,0,,,
87,27,True,0.697914,0.6979,none,,,False,,87,0,,,
87,0,True,0.437356,0.4374,none,,,False,,87,0,,,
87,93,True,0.442795,0.4428,none,,,False,,87,0,,,
87,78,True,0.713967,0.714,none,,,False,,87,0,,,
87,85,True,0.383062,0.3831,none,,,False,,87,0,,,
87,24,True,0.474873,0.4749,none,,,False,,87,0,,,
87,99,True,0.596013,0.596,none,,,False,,87,0,,,
87,3,True,0.394736,0.3947,none,,,False,,87,0,,,
87,10,True,0.533677,0.5337,none,,,False,,87,0,,,
87,33,True,0.434527,0.4345,none,,,False,,87,0,,,
88,73,True,0.387066,0.3871,none,,,False,,88,0,,,
88,79,True,0.232506,0.2325,none,,,False,,88,0,,,
88,66,True,0.304939,0.3049,none,,,False,,88,0,,,
88,82,True,0.440157,0.4402,none,,,False,,88,0,,,
88,64,True,0.538223,0.5382,none,,,False,,88,0,,,
88,52,True,0.371049,0.371,none,,,False,,88,0,,,
88,3,True,0.370184,0.3702,none,,,False,,88,0,,,
88,0,True,0.537806,0.5378,none,,,False,,88,0,,,
88,53,True,0.589117,0.5891,none,,,False,,88,0,,,
88,44,True,1.171303,1.1713,none,,,False,,88,0,,,
88,90,True,0.267988,0.268,none,,,False,,88,0,,,
88,76,True,0.510666,0.5107,none,,,False,,88,0,,,
88,57,True,0.551075,0.5511,none,,,False,,88,0,,,
88,14,True,0.295785,0.2958,none,,,False,,88,0,,,
88,75,True,0.358039,0.358,none,,,False,,88,0,,,
88,85,True,0.420608,0.4206,none,,,False,,88,0,,,
88,16,True,0.251932,0.2519,none,,,False,,88,0,,,
88,78,True,0.879087,0.8791,none,,,False,,88,0,,,
88,30,True,0.45728,0.4573,none,,,False,,88,0,,,
88,83,True,0.418448,0.4184,none,,,False,,88,0,,,
88,22,True,0.540989,0.541,none,,,False,,88,0,,,
88,5,True,0.866546,0.8665,none,,,False,,88,0,,,
88,1,True,0.513674,0.5137,none,,,False,,88,0,,,
88,67,True,0.597063,0.5971,none,,,False,,88,0,,,
88,50,True,0.312998,0.313,none,,,False,,88,0,,,
88,35,True,0.55311,0.5531,none,,,False,,88,0,,,
88,99,True,0.61669,0.6167,none,,,False,,88,0,,,
88,10,True,0.601798,0.6018,none,,,False,,88,0,,,
88,31,True,0.795949,0.7959,none,,,False,,88,0,,,
88,92,True,0.570876,0.5709,none,,,False,,88,0,,,
88,49,True,0.282927,0.2829,none,,,False,,88,0,,,
88,51,True,0.591771,0.5918,none,,,False,,88,0,,,
88,93,True,0.270941,0.2709,none,,,False,,88,0,,,
88,45,True,0.46536,0.4654,none,,,False,,88,0,,,
88,70,True,0.190603,0.1906,none,,,False,,88,0,,,
88,42,True,0.48573,0.4857,none,,,False,,88,0,,,
88,68,True,0.581331,0.5813,none,,,False,,88,0,,,
88,89,True,0.465412,0.4654,none,,,False,,88,0,,,
88,87,True,0.562391,0.5624,none,,,False,,88,0,,,
88,28,True,0.482602,0.4826,none,,,False,,88,0,,,
88,48,True,0.552999,0.553,none,,,False,,88,0,,,
88,18,True,0.330269,0.3303,none,,,False,,88,0,,,
88,72,True,0.427096,0.4271,none,,,False,,88,0,,,
88,17,True,0.355009,0.355,none,,,False,,88,0,,,
88,9,True,0.435317,0.4353,none,,,False,,88,0,,,
88,58,True,0.545597,0.5456,none,,,False,,88,0,,,
88,91,True,0.554987,0.555,none,,,False,,88,0,,,
88,41,True,0.264863,0.2649,none,,,False,,88,0,,,
88,65,True,0.493214,0.4932,none,,,False,,88,0,,,
88,96,True,0.277812,0.2778,none,,,False,,88,0,,,
89,32,True,0.781467,0.7815,none,,,False,,89,0,,,
89,76,True,0.48042,0.4804,none,,,False,,89,0,,,
89,15,True,0.647478,0.6475,none,,,False,,89,0,,,
89,98,True,0.496003,0.496,none,,,False,,89,0,,,
89,73,True,0.337586,0.3376,none,,,False,,89,0,,,
89,68,True,0.679069,0.6791,none,,,False,,89,0,,,
89,43,True,0.239352,0.2394,none,,,False,,89,0,,,
89,93,True,0.443602,0.4436,none,,,False,,89,0,,,
89,7,True,0.412761,0.4128,none,,,False,,89,0,,,
89,9,True,0.374892,0.3749,none,,,False,,89,0,,,
89,42,True,0.529046,0.529,none,,,False,,89,0,,,
89,2,True,0.542316,0.5423,none,,,False,,89,0,,,
89,21,True,0.67024,0.6702,none,,,False,,89,0,,,
89,52,True,0.387753,0.3878,none,,,False,,89,0,,,
89,27,True,0.761281,0.7613,none,,,False,,89,0,,,
89,83,True,0.362617,0.3626,none,,,False,,89,0,,,
89,82,True,0.41068,0.4107,none,,,False,,89,0,,,
89,77,True,0.565298,0.5653,none,,,False,,89,0,,,
89,85,True,0.410411,0.4104,none,,,False,,89,0,,,
89,91,True,0.628859,0.6289,none,,,False,,89,0,,,
89,86,True,0.418109,0.4181,none,,,False,,89,0,,,
89,58,True,0.316663,0.3167,none,,,False,,89,0,,,
89,41,True,0.256713,0.2567,none,,,False,,89,0,,,
89,49,True,0.357383,0.3574,none,,,False,,89,0,,,
89,66,True,0.418615,0.4186,none,,,False,,89,0,,,
89,71,True,0.474825,0.4748,none,,,False,,89,0,,,
89,97,True,0.507535,0.5075,none,,,False,,89,0,,,
89,57,True,0.489054,0.4891,none,,,False,,89,0,,,
89,56,True,0.522512,0.5225,none,,,False,,89,0,,,
89,16,True,0.399579,0.3996,none,,,False,,89,0,,,
89,35,True,0.712139,0.7121,none,,,False,,89,0,,,
89,50,True,0.193241,0.1932,none,,,False,,89,0,,,
89,90,True,0.304765,0.3048,none,,,False,,89,0,,,
89,67,True,0.652187,0.6522,none,,,False,,89,0,,,
89,11,True,0.588943,0.5889,none,,,False,,89,0,,,
89,22,True,0.567233,0.5672,none,,,False,,89,0,,,
89,55,True,0.512142,0.5121,none,,,False,,89,0,,,
89,8,True,0.401828,0.4018,none,,,False,,89,0,,,
89,33,True,0.465446,0.4654,none,,,False,,89,0,,,
89,70,True,0.212992,0.213,none,,,False,,89,0,,,
89,51,True,0.716063,0.7161,none,,,False,,89,0,,,
89,94,True,0.962738,0.9627,none,,,False,,89,0,,,
89,81,True,0.492698,0.4927,none,,,False,,89,0,,,
89,38,True,0.393009,0.393,none,,,False,,89,0,,,
89,34,True,0.741966,0.742,none,,,False,,89,0,,,
89,14,True,0.319711,0.3197,none,,,False,,89,0,,,
89,46,True,0.320052,0.3201,none,,,False,,89,0,,,
89,64,True,0.604087,0.6041,none,,,False,,89,0,,,
89,65,True,0.34699,0.347,none,,,False,,89,0,,,
89,18,True,0.208938,0.2089,none,,,False,,89,0,,,
90,75,True,0.415251,0.4153,none,,,False,,90,0,,,
90,83,True,0.31636,0.3164,none,,,False,,90,0,,,
90,92,True,0.421225,0.4212,none,,,False,,90,0,,,
90,69,True,0.356005,0.356,none,,,False,,90,0,,,
90,42,True,0.438156,0.4382,none,,,False,,90,0,,,
90,25,True,0.404693,0.4047,none,,,False,,90,0,,,
90,24,True,0.373175,0.3732,none,,,False,,90,0,,,
90,70,True,0.188361,0.1884,none,,,False,,90,0,,,
90,55,True,0.489115,0.4891,none,,,False,,90,0,,,
90,91,True,0.555452,0.5555,none,,,False,,90,0,,,
90,23,True,0.589652,0.5897,none,,,False,,90,0,,,
90,34,True,0.655337,0.6553,none,,,False,,90,0,,,
90,65,True,0.555537,0.5555,none,,,False,,90,0,,,
90,99,True,0.724191,0.7242,none,,,False,,90,0,,,
90,0,True,0.44861,0.4486,none,,,False,,90,0,,,
90,78,True,0.722396,0.7224,none,,,False,,90,0,,,
90,52,True,0.561234,0.5612,none,,,False,,90,0,,,
90,49,True,0.223599,0.2236,none,,,False,,90,0,,,
90,45,True,0.518331,0.5183,none,,,False,,90,0,,,
90,96,True,0.317973,0.318,none,,,False,,90,0,,,
90,17,True,0.339707,0.3397,none,,,False,,90,0,,,
90,48,True,0.623991,0.624,none,,,False,,90,0,,,
90,3,True,0.455318,0.4553,none,,,False,,90,0,,,
90,68,True,0.608193,0.6082,none,,,False,,90,0,,,
90,97,True,0.545765,0.5458,none,,,False,,90,0,,,
90,2,True,0.489052,0.4891,none,,,False,,90,0,,,
90,13,True,0.812877,0.8129,none,,,False,,90,0,,,
90,85,True,0.473256,0.4733,none,,,False,,90,0,,,
90,43,True,0.322418,0.3224,none,,,False,,90,0,,,
90,28,True,0.341058,0.3411,none,,,False,,90,0,,,
90,19,True,0.620378,0.6204,none,,,False,,90,0,,,
90,29,True,0.37443,0.3744,none,,,False,,90,0,,,
90,40,True,0.332833,0.3328,none,,,False,,90,0,,,
90,84,True,0.453053,0.4531,none,,,False,,90,0,,,
90,22,True,0.662588,0.6626,none,,,False,,90,0,,,
90,9,True,0.393838,0.3938,none,,,False,,90,0,,,
90,64,True,0.520149,0.5201,none,,,False,,90,0,,,
90,95,True,2.635267,2.6353,none,,,False,,90,0,,,
90,81,True,0.58362,0.5836,none,,,False,,90,0,,,
90,39,True,0.265712,0.2657,none,,,False,,90,0,,,
90,30,True,0.357713,0.3577,none,,,False,,90,0,,,
90,1,True,0.607772,0.6078,none,,,False,,90,0,,,
90,82,True,0.464146,0.4641,none,,,False,,90,0,,,
90,10,True,0.692703,0.6927,none,,,False,,90,0,,,
90,20,True,0.59619,0.5962,none,,,False,,90,0,,,
90,88,True,0.459586,0.4596,none,,,False,,90,0,,,
90,31,True,0.545209,0.5452,none,,,False,,90,0,,,
90,53,True,0.55138,0.5514,none,,,False,,90,0,,,
90,89,True,0.4481,0.4481,none,,,False,,90,0,,,
90,14,True,0.392203,0.3922,none,,,False,,90,0,,,
91,83,True,0.359139,0.3591,none,,,False,,91,0,,,
91,88,True,0.499042,0.499,none,,,False,,91,0,,,
91,3,True,0.32988,0.3299,none,,,False,,91,0,,,
91,23,True,0.522913,0.5229,none,,,False,,91,0,,,
91,45,True,0.528516,0.5285,none,,,False,,91,0,,,
91,82,True,0.492568,0.4926,none,,,False,,91,0,,,
91,63,True,0.981149,0.9811,none,,,False,,91,0,,,
91,61,True,0.705209,0.7052,none,,,False,,91,0,,,
91,6,True,0.528717,0.5287,none,,,False,,91,0,,,
91,54,True,0.654411,0.6544,none,,,False,,91,0,,,
91,7,True,0.377967,0.378,none,,,False,,91,0,,,
91,17,True,0.311558,0.3116,none,,,False,,91,0,,,
91,26,True,0.375203,0.3752,none,,,False,,91,0,,,
91,1,True,0.729059,0.7291,none,,,False,,91,0,,,
91,2,True,0.509024,0.509,none,,,False,,91,0,,,
91,69,True,0.22675,0.2267,none,,,False,,91,0,,,
91,41,True,0.230198,0.2302,none,,,False,,91,0,,,
91,73,True,0.289799,0.2898,none,,,False,,91,0,,,
91,90,True,0.373353,0.3734,none,,,False,,91,0,,,
91,10,True,0.513358,0.5134,none,,,False,,91,0,,,
91,50,True,0.103464,0.1035,none,,,False,,91,0,,,
91,12,True,0.529742,0.5297,none,,,False,,91,0,,,
91,36,True,0.695142,0.6951,none,,,False,,91,0,,,
91,65,True,0.356571,0.3566,none,,,False,,91,0,,,
91,77,True,0.659952,0.66,none,,,False,,91,0,,,
91,32,True,0.750247,0.7502,none,,,False,,91,0,,,
91,98,True,0.472455,0.4725,none,,,False,,91,0,,,
91,93,True,0.502106,0.5021,none,,,False,,91,0,,,
91,21,True,0.601702,0.6017,none,,,False,,91,0,,,
91,96,True,0.130282,0.1303,none,,,False,,91,0,,,
91,60,True,0.44231,0.4423,none,,,False,,91,0,,,
91,22,True,0.52209,0.5221,none,,,False,,91,0,,,
91,49,True,0.386317,0.3863,none,,,False,,91,0,,,
91,76,True,0.536116,0.5361,none,,,False,,91,0,,,
91,8,True,0.408285,0.4083,none,,,False,,91,0,,,
91,56,True,0.452964,0.453,none,,,False,,91,0,,,
91,70,True,0.274931,0.2749,none,,,False,,91,0,,,
91,62,True,0.622997,0.623,none,,,False,,91,0,,,
91,81,True,0.499934,0.4999,none,,,False,,91,0,,,
91,27,True,0.832837,0.8328,none,,,False,,91,0,,,
91,85,True,0.284871,0.2849,none,,,False,,91,0,,,
91,14,True,0.351031,0.351,none,,,False,,91,0,,,
91,44,True,1.150219,1.1502,none,,,False,,91,0,,,
91,74,True,0.764083,0.7641,none,,,False,,91,0,,,
91,55,True,0.505439,0.5054,none,,,False,,91,0,,,
91,89,True,0.300523,0.3005,none,,,False,,91,0,,,
91,18,True,0.300771,0.3008,none,,,False,,91,0,,,
91,34,True,0.684935,0.6849,none,,,False,,91,0,,,
91,97,True,0.520377,0.5204,none,,,False,,91,0,,,
91,43,True,0.33693,0.3369,none,,,False,,91,0,,,
92,10,True,0.579047,0.579,none,,,False,,92,0,,,
92,8,True,0.391875,0.3919,none,,,False,,92,0,,,
92,16,True,0.266287,0.2663,none,,,False,,92,0,,,
92,41,True,0.293725,0.2937,none,,,False,,92,0,,,
92,58,True,0.462968,0.463,none,,,False,,92,0,,,
92,66,True,0.299341,0.2993,none,,,False,,92,0,,,
92,49,True,0.33271,0.3327,none,,,False,,92,0,,,
92,65,True,0.51138,0.5114,none,,,False,,92,0,,,
92,37,True,0.356956,0.357,none,,,False,,92,0,,,
92,21,True,0.700171,0.7002,none,,,False,,92,0,,,
92,4,True,0.24862,0.2486,none,,,False,,92,0,,,
92,44,True,1.140117,1.1401,none,,,False,,92,0,,,
92,68,True,0.661599,0.6616,none,,,False,,92,0,,,
92,35,True,0.711967,0.712,none,,,False,,92,0,,,
92,36,True,0.68722,0.6872,none,,,False,,92,0,,,
92,72,True,0.368358,0.3684,none,,,False,,92,0,,,
92,46,True,0.212088,0.2121,none,,,False,,92,0,,,
92,81,True,0.594007,0.594,none,,,False,,92,0,,,
92,7,True,0.446247,0.4462,none,,,False,,92,0,,,
92,57,True,0.548249,0.5482,none,,,False,,92,0,,,
92,96,True,0.267616,0.2676,none,,,False,,92,0,,,
92,32,True,0.669856,0.6699,none,,,False,,92,0,,,
92,56,True,0.427207,0.4272,none,,,False,,92,0,,,
92,82,True,0.367737,0.3677,none,,,False,,92,0,,,
92,98,True,0.461408,0.4614,none,,,False,,92,0,,,
92,51,True,0.664959,0.665,none,,,False,,92,0,,,
92,48,True,0.566283,0.5663,none,,,False,,92,0,,,
92,23,True,0.433361,0.4334,none,,,False,,92,0,,,
92,76,True,0.533253,0.5333,none,,,False,,92,0,,,
92,19,True,0.628609,0.6286,none,,,False,,92,0,,,
92,87,True,0.608158,0.6082,none,,,False,,92,0,,,
92,75,True,0.283627,0.2836,none,,,False,,92,0,,,
92,85,True,0.454777,0.4548,none,,,False,,92,0,,,
92,78,True,0.801178,0.8012,none,,,False,,92,0,,,
92,92,True,0.443289,0.4433,none,,,False,,92,0,,,
92,47,True,0.730453,0.7305,none,,,False,,92,0,,,
92,6,True,0.391515,0.3915,none,,,False,,92,0,,,
92,42,True,0.526737,0.5267,none,,,False,,92,0,,,
92,22,True,0.534158,0.5342,none,,,False,,92,0,,,
92,90,True,0.252205,0.2522,none,,,False,,92,0,,,
92,2,True,0.342689,0.3427,none,,,False,,92,0,,,
92,70,True,0.204159,0.2042,none,,,False,,92,0,,,
92,97,True,0.506549,0.5065,none,,,False,,92,0,,,
92,60,True,0.53314,0.5331,none,,,False,,92,0,,,
92,99,True,0.603542,0.6035,none,,,False,,92,0,,,
92,33,True,0.405427,0.4054,none,,,False,,92,0,,,
92,80,True,0.943062,0.9431,none,,,False,,92,0,,,
92,67,True,0.656982,0.657,none,,,False,,92,0,,,
92,45,True,0.502608,0.5026,none,,,False,,92,0,,,
92,77,True,0.429258,0.4293,none,,,False,,92,0,,,
93,13,True,0.816172,0.8162,none,,,False,,93,0,,,
93,1,True,0.721208,0.7212,none,,,False,,93,0,,,
93,41,True,0.268002,0.268,none,,,False,,93,0,,,
93,99,True,0.67279,0.6728,none,,,False,,93,0,,,
93,25,True,0.503533,0.5035,none,,,False,,93,0,,,
93,73,True,0.288298,0.2883,none,,,False,,93,0,,,
93,60,True,0.477426,0.4774,none,,,False,,93,0,,,
93,97,True,0.507608,0.5076,none,,,False,,93,0,,,
93,61,True,0.376311,0.3763,none,,,False,,93,0,,,
93,11,True,0.677538,0.6775,none,,,False,,93,0,,,
93,16,True,0.378638,0.3786,none,,,False,,93,0,,,
93,22,True,0.409932,0.4099,none,,,False,,93,0,,,
93,84,True,0.421022,0.421,none,,,False,,93,0,,,
93,98,True,0.478359,0.4784,none,,,False,,93,0,,,
93,88,True,0.459861,0.4599,none,,,False,,93,0,,,
93,63,True,0.923515,0.9235,none,,,False,,93,0,,,
93,92,True,0.51567,0.5157,none,,,False,,93,0,,,
93,93,True,0.310824,0.3108,none,,,False,,93,0,,,
93,14,True,0.343032,0.343,none,,,False,,93,0,,,
93,23,True,0.495132,0.4951,none,,,False,,93,0,,,
93,47,True,0.665314,0.6653,none,,,False,,93,0,,,
93,17,True,0.356633,0.3566,none,,,False,,93,0,,,
93,0,True,0.43817,0.4382,none,,,False,,93,0,,,
93,2,True,0.5147,0.5147,none,,,False,,93,0,,,
93,62,True,0.693428,0.6934,none,,,False,,93,0,,,
93,72,True,0.351206,0.3512,none,,,False,,93,0,,,
93,29,True,0.400857,0.4009,none,,,False,,93,0,,,
93,48,True,0.711357,0.7114,none,,,False,,93,0,,,
93,57,True,0.381474,0.3815,none,,,False,,93,0,,,
93,43,True,0.300337,0.3003,none,,,False,,93,0,,,
93,56,True,0.556088,0.5561,none,,,False,,93,0,,,
93,94,True,0.870696,0.8707,none,,,False,,93,0,,,
93,95,True,2.928045,2.928,none,,,False,,93,0,,,
93,64,True,0.616638,0.6166,none,,,False,,93,0,,,
93,18,True,0.292403,0.2924,none,,,False,,93,0,,,
93,8,True,0.464985,0.465,none,,,False,,93,0,,,
93,50,True,0.137327,0.1373,none,,,False,,93,0,,,
93,7,True,0.380551,0.3806,none,,,False,,93,0,,,
93,32,True,0.548941,0.5489,none,,,False,,93,0,,,
93,76,True,0.53294,0.5329,none,,,False,,93,0,,,
93,39,True,0.249967,0.25,none,,,False,,93,0,,,
93,96,True,0.294137,0.2941,none,,,False,,93,0,,,
93,71,True,-0.014515,-0.0145,none,,,False,,93,0,,,
93,78,True,0.693583,0.6936,none,,,False,,93,0,,,
93,75,True,0.296286,0.2963,none,,,False,,93,0,,,
93,74,True,0.861865,0.8619,none,,,False,,93,0,,,
93,81,True,0.626576,0.6266,none,,,False,,93,0,,,
93,82,True,0.432487,0.4325,none,,,False,,93,0,,,
93,40,True,0.428431,0.4284,none,,,False,,93,0,,,
93,44,True,1.137074,1.1371,none,,,False,,93,0,,,
94,96,True,0.156007,0.156,none,,,False,,94,0,,,
94,59,True,0.31936,0.3194,none,,,False,,94,0,,,
94,46,True,0.336972,0.337,none,,,False,,94,0,,,
94,92,True,0.370319,0.3703,none,,,False,,94,0,,,
94,83,True,0.37396,0.374,none,,,False,,94,0,,,
94,44,True,1.037003,1.037,none,,,False,,94,0,,,
94,86,True,0.452928,0.4529,none,,,False,,94,0,,,
94,20,True,0.664545,0.6645,none,,,False,,94,0,,,
94,51,True,0.682459,0.6825,none,,,False,,94,0,,,
94,66,True,0.415418,0.4154,none,,,False,,94,0,,,
94,32,True,0.720401,0.7204,none,,,False,,94,0,,,
94,91,True,0.5939,0.5939,none,,,False,,94,0,,,
94,42,True,0.623237,0.6232,none,,,False,,94,0,,,
94,26,True,0.297657,0.2977,none,,,False,,94,0,,,
94,90,True,0.155899,0.1559,none,,,False,,94,0,,,
94,28,True,0.500085,0.5001,none,,,False,,94,0,,,
94,70,True,0.22798,0.228,none,,,False,,94,0,,,
94,17,True,0.300931,0.3009,none,,,False,,94,0,,,
94,88,True,0.443332,0.4433,none,,,False,,94,0,,,
94,81,True,0.554276,0.5543,none,,,False,,94,0,,,
94,47,True,0.865059,0.8651,none,,,False,,94,0,,,
94,82,True,0.430649,0.4306,none,,,False,,94,0,,,
94,73,True,0.311988,0.312,none,,,False,,94,0,,,
94,33,True,0.354587,0.3546,none,,,False,,94,0,,,
94,40,True,0.405568,0.4056,none,,,False,,94,0,,,
94,84,True,0.545999,0.546,none,,,False,,94,0,,,
94,56,True,0.514126,0.5141,none,,,False,,94,0,,,
94,94,True,0.879465,0.8795,none,,,False,,94,0,,,
94,78,True,0.754468,0.7545,none,,,False,,94,0,,,
94,36,True,0.708377,0.7084,none,,,False,,94,0,,,
94,52,True,0.297203,0.2972,none,,,False,,94,0,,,
94,23,True,0.466766,0.4668,none,,,False,,94,0,,,
94,37,True,0.229892,0.2299,none,,,False,,94,0,,,
94,61,True,0.681741,0.6817,none,,,False,,94,0,,,
94,79,True,0.255837,0.2558,none,,,False,,94,0,,,
94,18,True,0.312624,0.3126,none,,,False,,94,0,,,
94,55,True,0.501303,0.5013,none,,,False,,94,0,,,
94,21,True,0.698491,0.6985,none,,,False,,94,0,,,
94,77,True,0.65541,0.6554,none,,,False,,94,0,,,
94,6,True,0.510437,0.5104,none,,,False,,94,0,,,
94,58,True,0.523359,0.5234,none,,,False,,94,0,,,
94,9,True,0.331293,0.3313,none,,,False,,94,0,,,
94,10,True,0.50816,0.5082,none,,,False,,94,0,,,
94,50,True,0.103048,0.103,none,,,False,,94,0,,,
94,48,True,0.491486,0.4915,none,,,False,,94,0,,,
94,85,True,0.308559,0.3086,none,,,False,,94,0,,,
94,4,True,0.365089,0.3651,none,,,False,,94,0,,,
94,62,True,0.484986,0.485,none,,,False,,94,0,,,
94,12,True,0.680902,0.6809,none,,,False,,94,0,,,
94,43,True,0.223826,0.2238,none,,,False,,94,0,,,
95,75,True,0.335248,0.3352,none,,,False,,95,0,,,
95,49,True,0.320033,0.32,none,,,False,,95,0,,,
95,6,True,0.529056,0.5291,none,,,False,,95,0,,,
95,40,True,0.346119,0.3461,none,,,False,,95,0,,,
95,77,True,0.389446,0.3894,none,,,False,,95,0,,,
95,63,True,0.888342,0.8883,none,,,False,,95,0,,,
95,80,True,0.982806,0.9828,none,,,False,,95,0,,,
95,42,True,0.545227,0.5452,none,,,False,,95,0,,,
95,43,True,0.104021,0.104,none,,,False,,95,0,,,
95,88,True,0.425831,0.4258,none,,,False,,95,0,,,
95,10,True,0.521409,0.5214,none,,,False,,95,0,,,
95,64,True,0.571308,0.5713,none,,,False,,95,0,,,
95,3,True,0.362138,0.3621,none,,,False,,95,0,,,
95,72,True,0.304014,0.304,none,,,False,,95,0,,,
95,60,True,0.597317,0.5973,none,,,False,,95,0,,,
95,68,True,0.762398,0.7624,none,,,False,,95,0,,,
95,23,True,0.419818,0.4198,none,,,False,,95,0,,,
95,51,True,0.649442,0.6494,none,,,False,,95,0,,,
95,55,True,0.479028,0.479,none,,,False,,95,0,,,
95,11,True,0.762501,0.7625,none,,,False,,95,0,,,
95,45,True,0.564238,0.5642,none,,,False,,95,0,,,
95,95,True,3.06754,3.0675,none,,,False,,95,0,,,
95,48,True,0.630858,0.6309,none,,,False,,95,0,,,
95,62,True,0.535553,0.5356,none,,,False,,95,0,,,
95,99,True,0.700176,0.7002,none,,,False,,95,0,,,
95,83,True,0.326028,0.326,none,,,False,,95,0,,,
95,31,True,1.043263,1.0433,none,,,False,,95,0,,,
95,5,True,0.905257,0.9053,none,,,False,,95,0,,,
95,7,True,0.50711,0.5071,none,,,False,,95,0,,,
95,84,True,0.477862,0.4779,none,,,False,,95,0,,,
95,93,True,0.355462,0.3555,none,,,False,,95,0,,,
95,58,True,0.559704,0.5597,none,,,False,,95,0,,,
95,59,True,0.235878,0.2359,none,,,False,,95,0,,,
95,34,True,0.58627,0.5863,none,,,False,,95,0,,,
95,28,True,0.563481,0.5635,none,,,False,,95,0,,,
95,61,True,0.530531,0.5305,none,,,False,,95,0,,,
95,39,True,0.388867,0.3889,none,,,False,,95,0,,,
95,27,True,0.773943,0.7739,none,,,False,,95,0,,,
95,74,True,0.943967,0.944,none,,,False,,95,0,,,
95,9,True,0.364203,0.3642,none,,,False,,95,0,,,
95,71,True,0.410374,0.4104,none,,,False,,95,0,,,
95,18,True,0.217353,0.2174,none,,,False,,95,0,,,
95,35,True,0.744909,0.7449,none,,,False,,95,0,,,
95,96,True,-0.172062,-0.1721,none,,,False,,95,0,,,
95,92,True,0.35607,0.3561,none,,,False,,95,0,,,
95,57,True,0.407483,0.4075,none,,,False,,95,0,,,
95,25,True,0.4877,0.4877,none,,,False,,95,0,,,
95,26,True,0.186874,0.1869,none,,,False,,95,0,,,
95,22,True,0.493872,0.4939,none,,,False,,95,0,,,
95,13,True,0.922599,0.9226,none,,,False,,95,0,,,
96,79,True,0.319934,0.3199,none,,,False,,96,0,,,
96,18,True,0.360995,0.361,none,,,False,,96,0,,,
96,87,True,0.447524,0.4475,none,,,False,,96,0,,,
96,27,True,0.651304,0.6513,none,,,False,,96,0,,,
96,81,True,0.626164,0.6262,none,,,False,,96,0,,,
96,12,True,0.758923,0.7589,none,,,False,,96,0,,,
96,14,True,0.399718,0.3997,none,,,False,,96,0,,,
96,29,True,0.340012,0.34,none,,,False,,96,0,,,
96,35,True,0.625683,0.6257,none,,,False,,96,0,,,
96,78,True,0.704078,0.7041,none,,,False,,96,0,,,
96,25,True,0.510921,0.5109,none,,,False,,96,0,,,
96,56,True,0.481651,0.4817,none,,,False,,96,0,,,
96,73,True,0.483397,0.4834,none,,,False,,96,0,,,
96,65,True,0.537902,0.5379,none,,,False,,96,0,,,
96,66,True,0.355606,0.3556,none,,,False,,96,0,,,
96,69,True,0.400308,0.4003,none,,,False,,96,0,,,
96,43,True,0.186296,0.1863,none,,,False,,96,0,,,
96,32,True,0.697324,0.6973,none,,,False,,96,0,,,
96,16,True,0.341948,0.3419,none,,,False,,96,0,,,
96,31,True,0.697878,0.6979,none,,,False,,96,0,,,
96,30,True,0.404515,0.4045,none,,,False,,96,0,,,
96,7,True,0.39288,0.3929,none,,,False,,96,0,,,
96,17,True,0.353409,0.3534,none,,,False,,96,0,,,
96,80,True,0.779942,0.7799,none,,,False,,96,0,,,
96,22,True,0.612674,0.6127,none,,,False,,96,0,,,
96,53,True,0.563622,0.5636,none,,,False,,96,0,,,
96,6,True,0.301894,0.3019,none,,,False,,96,0,,,
96,13,True,0.731278,0.7313,none,,,False,,96,0,,,
96,26,True,0.353482,0.3535,none,,,False,,96,0,,,
96,45,True,0.442742,0.4427,none,,,False,,96,0,,,
96,24,True,0.435631,0.4356,none,,,False,,96,0,,,
96,71,True,0.46213,0.4621,none,,,False,,96,0,,,
96,88,True,0.497164,0.4972,none,,,False,,96,0,,,
96,75,True,0.350327,0.3503,none,,,False,,96,0,,,
96,89,True,0.349175,0.3492,none,,,False,,96,0,,,
96,96,True,0.139728,0.1397,none,,,False,,96,0,,,
96,82,True,0.543736,0.5437,none,,,False,,96,0,,,
96,5,True,0.785085,0.7851,none,,,False,,96,0,,,
96,42,True,0.612786,0.6128,none,,,False,,96,0,,,
96,72,True,0.577196,0.5772,none,,,False,,96,0,,,
96,47,True,0.824965,0.825,none,,,False,,96,0,,,
96,48,True,0.45624,0.4562,none,,,False,,96,0,,,
96,67,True,0.69253,0.6925,none,,,False,,96,0,,,
96,4,True,0.362533,0.3625,none,,,False,,96,0,,,
96,57,True,0.502481,0.5025,none,,,False,,96,0,,,
96,68,True,0.617233,0.6172,none,,,False,,96,0,,,
96,38,True,0.304633,0.3046,none,,,False,,96,0,,,
96,33,True,0.438825,0.4388,none,,,False,,96,0,,,
96,19,True,0.817628,0.8176,none,,,False,,96,0,,,
96,10,True,0.528305,0.5283,none,,,False,,96,0,,,
97,35,True,0.732353,0.7324,none,,,False,,97,0,,,
97,70,True,0.18076,0.1808,none,,,False,,97,0,,,
97,18,True,0.205088,0.2051,none,,,False,,97,0,,,
97,43,True,0.188694,0.1887,none,,,False,,97,0,,,
97,12,True,0.520073,0.5201,none,,,False,,97,0,,,
97,92,True,0.448986,0.449,none,,,False,,97,0,,,
97,31,True,1.045966,1.046,none,,,False,,97,0,,,
97,68,True,0.643005,0.643,none,,,False,,97,0,,,
97,0,True,0.437936,0.4379,none,,,False,,97,0,,,
97,23,True,0.481261,0.4813,none,,,False,,97,0,,,
97,76,True,0.54204,0.542,none,,,False,,97,0,,,
97,60,True,0.591177,0.5912,none,,,False,,97,0,,,
97,10,True,0.608367,0.6084,none,,,False,,97,0,,,
97,33,True,0.301784,0.3018,none,,,False,,97,0,,,
97,48,True,0.600313,0.6003,none,,,False,,97,0,,,
97,56,True,0.482514,0.4825,none,,,False,,97,0,,,
97,84,True,0.587041,0.587,none,,,False,,97,0,,,
97,21,True,0.610826,0.6108,none,,,False,,97,0,,,
97,46,True,0.366835,0.3668,none,,,False,,97,0,,,
97,65,True,0.449567,0.4496,none,,,False,,97,0,,,
97,1,True,0.672831,0.6728,none,,,False,,97,0,,,
97,41,True,0.288642,0.2886,none,,,False,,97,0,,,
97,61,True,0.541907,0.5419,none,,,False,,97,0,,,
97,38,True,0.484714,0.4847,none,,,False,,97,0,,,
97,34,True,0.496041,0.496,none,,,False,,97,0,,,
97,52,True,0.227475,0.2275,none,,,False,,97,0,,,
97,26,True,0.317092,0.3171,none,,,False,,97,0,,,
97,6,True,0.483408,0.4834,none,,,False,,97,0,,,
97,90,True,0.200942,0.2009,none,,,False,,97,0,,,
97,89,True,0.482081,0.4821,none,,,False,,97,0,,,
97,24,True,0.345453,0.3455,none,,,False,,97,0,,,
97,51,True,0.591449,0.5914,none,,,False,,97,0,,,
97,42,True,0.527341,0.5273,none,,,False,,97,0,,,
97,82,True,0.41816,0.4182,none,,,False,,97,0,,,
97,83,True,0.438971,0.439,none,,,False,,97,0,,,
97,59,True,0.202902,0.2029,none,,,False,,97,0,,,
97,66,True,0.349702,0.3497,none,,,False,,97,0,,,
97,27,True,0.731391,0.7314,none,,,False,,97,0,,,
97,95,True,2.635071,2.6351,none,,,False,,97,0,,,
97,7,True,0.430796,0.4308,none,,,False,,97,0,,,
97,58,True,0.539211,0.5392,none,,,False,,97,0,,,
97,77,True,0.520894,0.5209,none,,,False,,97,0,,,
97,4,True,0.200732,0.2007,none,,,False,,97,0,,,
97,74,True,0.919285,0.9193,none,,,False,,97,0,,,
97,79,True,0.226624,0.2266,none,,,False,,97,0,,,
97,85,True,0.387133,0.3871,none,,,False,,97,0,,,
97,25,True,0.371721,0.3717,none,,,False,,97,0,,,
97,3,True,0.490705,0.4907,none,,,False,,97,0,,,
97,44,True,1.139737,1.1397,none,,,False,,97,0,,,
97,37,True,0.40122,0.4012,none,,,False,,97,0,,,
98,62,True,0.627915,0.6279,none,,,False,,98,0,,,
98,24,True,0.370871,0.3709,none,,,False,,98,0,,,
98,61,True,0.617026,0.617,none,,,False,,98,0,,,
98,28,True,0.45431,0.4543,none,,,False,,98,0,,,
98,38,True,0.349099,0.3491,none,,,False,,98,0,,,
98,35,True,0.626724,0.6267,none,,,False,,98,0,,,
98,79,True,0.170645,0.1706,none,,,False,,98,0,,,
98,29,True,0.390694,0.3907,none,,,False,,98,0,,,
98,91,True,0.617495,0.6175,none,,,False,,98,0,,,
98,63,True,0.916629,0.9166,none,,,False,,98,0,,,
98,65,True,0.425514,0.4255,none,,,False,,98,0,,,
98,73,True,0.259266,0.2593,none,,,False,,98,0,,,
98,59,True,0.439655,0.4397,none,,,False,,98,0,,,
98,26,True,0.287879,0.2879,none,,,False,,98,0,,,
98,12,True,0.606477,0.6065,none,,,False,,98,0,,,
98,84,True,0.374055,0.3741,none,,,False,,98,0,,,
98,1,True,0.775213,0.7752,none,,,False,,98,0,,,
98,90,True,0.368103,0.3681,none,,,False,,98,0,,,
98,37,True,0.334989,0.335,none,,,False,,98,0,,,
98,99,True,0.602892,0.6029,none,,,False,,98,0,,,
98,4,True,0.323656,0.3237,none,,,False,,98,0,,,
98,98,True,0.382844,0.3828,none,,,False,,98,0,,,
98,19,True,0.56386,0.5639,none,,,False,,98,0,,,
98,31,True,0.871517,0.8715,none,,,False,,98,0,,,
98,48,True,0.555126,0.5551,none,,,False,,98,0,,,
98,17,True,0.336165,0.3362,none,,,False,,98,0,,,
98,41,True,0.187021,0.187,none,,,False,,98,0,,,
98,10,True,0.521652,0.5217,none,,,False,,98,0,,,
98,83,True,0.192191,0.1922,none,,,False,,98,0,,,
98,2,True,0.437536,0.4375,none,,,False,,98,0,,,
98,77,True,0.578443,0.5784,none,,,False,,98,0,,,
98,66,True,0.415353,0.4154,none,,,False,,98,0,,,
98,94,True,0.795719,0.7957,none,,,False,,98,0,,,
98,93,True,0.372168,0.3722,none,,,False,,98,0,,,
98,46,True,0.414665,0.4147,none,,,False,,98,0,,,
98,32,True,0.750872,0.7509,none,,,False,,98,0,,,
98,72,True,0.323111,0.3231,none,,,False,,98,0,,,
98,50,True,0.172779,0.1728,none,,,False,,98,0,,,
98,22,True,0.456877,0.4569,none,,,False,,98,0,,,
98,45,True,0.403969,0.404,none,,,False,,98,0,,,
98,25,True,0.524866,0.5249,none,,,False,,98,0,,,
98,70,True,0.252448,0.2524,none,,,False,,98,0,,,
98,56,True,0.548511,0.5485,none,,,False,,98,0,,,
98,39,True,0.081434,0.0814,none,,,False,,98,0,,,
98,85,True,0.34063,0.3406,none,,,False,,98,0,,,
98,86,True,0.426487,0.4265,none,,,False,,98,0,,,
98,40,True,0.461243,0.4612,none,,,False,,98,0,,,
98,14,True,0.217532,0.2175,none,,,False,,98,0,,,
98,97,True,0.484481,0.4845,none,,,False,,98,0,,,
98,43,True,0.288742,0.2887,none,,,False,,98,0,,,
99,40,True,0.505359,0.5054,none,,,False,,99,0,,,
99,85,True,0.49243,0.4924,none,,,False,,99,0,,,
99,98,True,0.343428,0.3434,none,,,False,,99,0,,,
99,84,True,0.532806,0.5328,none,,,False,,99,0,,,
99,95,True,3.085793,3.0858,none,,,False,,99,0,,,
99,90,True,0.223618,0.2236,none,,,False,,99,0,,,
99,50,True,0.264317,0.2643,none,,,False,,99,0,,,
99,36,True,0.578494,0.5785,none,,,False,,99,0,,,
99,38,True,0.43657,0.4366,none,,,False,,99,0,,,
99,18,True,0.298245,0.2982,none,,,False,,99,0,,,
99,48,True,0.641807,0.6418,none,,,False,,99,0,,,
99,3,True,0.298209,0.2982,none,,,False,,99,0,,,
99,19,True,0.516376,0.5164,none,,,False,,99,0,,,
99,9,True,0.419477,0.4195,none,,,False,,99,0,,,
99,8,True,0.603762,0.6038,none,,,False,,99,0,,,
99,23,True,0.403693,0.4037,none,,,False,,99,0,,,
99,22,True,0.442993,0.443,none,,,False,,99,0,,,
99,58,True,0.610492,0.6105,none,,,False,,99,0,,,
99,7,True,0.435613,0.4356,none,,,False,,99,0,,,
99,35,True,0.318031,0.318,none,,,False,,99,0,,,
99,68,True,0.463027,0.463,none,,,False,,99,0,,,
99,5,True,0.973879,0.9739,none,,,False,,99,0,,,
99,79,True,0.138421,0.1384,none,,,False,,99,0,,,
99,92,True,0.649084,0.6491,none,,,False,,99,0,,,
99,56,True,0.530514,0.5305,none,,,False,,99,0,,,
99,63,True,0.769624,0.7696,none,,,False,,99,0,,,
99,55,True,0.5352,0.5352,none,,,False,,99,0,,,
99,33,True,0.409371,0.4094,none,,,False,,99,0,,,
99,43,True,0.282446,0.2824,none,,,False,,99,0,,,
99,70,True,0.217643,0.2176,none,,,False,,99,0,,,
99,66,True,0.380947,0.3809,none,,,False,,99,0,,,
99,17,True,0.43947,0.4395,none,,,False,,99,0,,,
99,65,True,0.51477,0.5148,none,,,False,,99,0,,,
99,88,True,0.576606,0.5766,none,,,False,,99,0,,,
99,28,True,0.405325,0.4053,none,,,False,,99,0,,,
99,62,True,0.444859,0.4449,none,,,False,,99,0,,,
99,20,True,0.755569,0.7556,none,,,False,,99,0,,,
99,71,True,0.224725,0.2247,none,,,False,,99,0,,,
99,73,True,0.379077,0.3791,none,,,False,,99,0,,,
99,87,True,0.569782,0.5698,none,,,False,,99,0,,,
99,49,True,0.301331,0.3013,none,,,False,,99,0,,,
99,75,True,0.402551,0.4026,none,,,False,,99,0,,,
99,1,True,0.669346,0.6693,none,,,False,,99,0,,,
99,99,True,0.622176,0.6222,none,,,False,,99,0,,,
99,67,True,0.788248,0.7882,none,,,False,,99,0,,,
99,39,True,0.361253,0.3613,none,,,False,,99,0,,,
99,24,True,0.301864,0.3019,none,,,False,,99,0,,,
99,51,True,0.627444,0.6274,none,,,False,,99,0,,,
99,31,True,1.001202,1.0012,none,,,False,,99,0,,,
99,89,True,0.477118,0.4771,none,,,False,,99,0,,,
100,26,True,0.324572,0.3246,none,,,False,,100,0,,,
100,68,True,0.753599,0.7536,none,,,False,,100,0,,,
100,32,True,0.767789,0.7678,none,,,False,,100,0,,,
100,15,True,0.408562,0.4086,none,,,False,,100,0,,,
100,49,True,0.277162,0.2772,none,,,False,,100,0,,,
100,75,True,0.325187,0.3252,none,,,False,,100,0,,,
100,48,True,0.53702,0.537,none,,,False,,100,0,,,
100,45,True,0.512918,0.5129,none,,,False,,100,0,,,
100,69,True,0.164391,0.1644,none,,,False,,100,0,,,
100,89,True,0.37532,0.3753,none,,,False,,100,0,,,
100,21,True,0.622176,0.6222,none,,,False,,100,0,,,
100,50,True,0.156744,0.1567,none,,,False,,100,0,,,
100,85,True,0.41358,0.4136,none,,,False,,100,0,,,
100,63,True,0.89965,0.8996,none,,,False,,100,0,,,
100,72,True,0.46978,0.4698,none,,,False,,100,0,,,
100,56,True,0.438187,0.4382,none,,,False,,100,0,,,
100,35,True,0.760676,0.7607,none,,,False,,100,0,,,
100,25,True,0.383421,0.3834,none,,,False,,100,0,,,
100,8,True,0.360588,0.3606,none,,,False,,100,0,,,
100,19,True,0.738113,0.7381,none,,,False,,100,0,,,
100,36,True,0.677472,0.6775,none,,,False,,100,0,,,
100,5,True,0.713801,0.7138,none,,,False,,100,0,,,
100,46,True,0.404941,0.4049,none,,,False,,100,0,,,
100,62,True,0.559178,0.5592,none,,,False,,100,0,,,
100,80,True,0.942483,0.9425,none,,,False,,100,0,,,
100,14,True,0.358731,0.3587,none,,,False,,100,0,,,
100,87,True,0.55616,0.5562,none,,,False,,100,0,,,
100,64,True,0.526361,0.5264,none,,,False,,100,0,,,
100,54,True,0.670608,0.6706,none,,,False,,100,0,,,
100,9,True,0.356932,0.3569,none,,,False,,100,0,,,
100,93,True,0.368438,0.3684,none,,,False,,100,0,,,
100,70,True,0.218886,0.2189,none,,,False,,100,0,,,
100,92,True,0.435846,0.4358,none,,,False,,100,0,,,
100,41,True,0.203662,0.2037,none,,,False,,100,0,,,
100,59,True,0.447056,0.4471,none,,,False,,100,0,,,
100,78,True,0.728363,0.7284,none,,,False,,100,0,,,
100,29,True,0.483576,0.4836,none,,,False,,100,0,,,
100,2,True,0.399945,0.3999,none,,,False,,100,0,,,
100,10,True,0.522861,0.5229,none,,,False,,100,0,,,
100,96,True,0.023711,0.0237,none,,,False,,100,0,,,
100,71,True,0.354139,0.3541,none,,,False,,100,0,,,
100,55,True,0.323494,0.3235,none,,,False,,100,0,,,
100,16,True,0.399633,0.3996,none,,,False,,100,0,,,
100,81,True,0.618932,0.6189,none,,,False,,100,0,,,
100,7,True,0.467717,0.4677,none,,,False,,100,0,,,
100,33,True,0.273282,0.2733,none,,,False,,100,0,,,
100,66,True,0.396977,0.397,none,,,False,,100,0,,,
100,34,True,0.453121,0.4531,none,,,False,,100,0,,,
100,60,True,0.52007,0.5201,none,,,False,,100,0,,,
100,30,True,0.437453,0.4375,none,,,False,,100,0,,,
