round,client_id,selected,utility,normalized_utility,detector,cusum_pos,cusum_neg,change_detected,change_direction,last_seen,age,explore_score,exploit_score,final_score
1,9,True,0.612497,0.6125,none,,,False,,1,0,,,
1,2,True,0.19557,0.1956,none,,,False,,1,0,,,
1,93,True,0.429299,0.4293,none,,,False,,1,0,,,
1,18,True,0.132347,0.1323,none,,,False,,1,0,,,
1,74,True,0.124789,0.1248,none,,,False,,1,0,,,
1,69,True,0.272775,0.2728,none,,,False,,1,0,,,
1,79,True,0.252464,0.2525,none,,,False,,1,0,,,
1,1,True,0.164297,0.1643,none,,,False,,1,0,,,
1,39,True,1.007348,1.0073,none,,,False,,1,0,,,
1,12,True,0.167704,0.1677,none,,,False,,1,0,,,
1,34,True,0.099446,0.0994,none,,,False,,1,0,,,
1,4,True,0.15627,0.1563,none,,,False,,1,0,,,
1,83,True,0.133275,0.1333,none,,,False,,1,0,,,
1,3,True,0.039088,0.0391,none,,,False,,1,0,,,
1,28,True,0.573721,0.5737,none,,,False,,1,0,,,
1,84,True,0.60423,0.6042,none,,,False,,1,0,,,
1,81,True,0.162924,0.1629,none,,,False,,1,0,,,
1,33,True,0.107916,0.1079,none,,,False,,1,0,,,
1,56,True,0.059198,0.0592,none,,,False,,1,0,,,
1,36,True,0.225168,0.2252,none,,,False,,1,0,,,
1,53,True,0.071609,0.0716,none,,,False,,1,0,,,
1,96,True,0.394701,0.3947,none,,,False,,1,0,,,
1,91,True,0.037053,0.0371,none,,,False,,1,0,,,
1,54,True,0.064118,0.0641,none,,,False,,1,0,,,
1,49,True,0.433816,0.4338,none,,,False,,1,0,,,
1,68,True,0.044178,0.0442,none,,,False,,1,0,,,
1,16,True,0.291354,0.2914,none,,,False,,1,0,,,
1,30,True,0.476538,0.4765,none,,,False,,1,0,,,
1,65,True,0.40855,0.4086,none,,,False,,1,0,,,
1,32,True,0.107063,0.1071,none,,,False,,1,0,,,
1,46,True,0.23014,0.2301,none,,,False,,1,0,,,
1,58,True,0.268872,0.2689,none,,,False,,1,0,,,
1,21,True,0.232097,0.2321,none,,,False,,1,0,,,
1,29,True,0.095114,0.0951,none,,,False,,1,0,,,
1,61,True,0.327847,0.3278,none,,,False,,1,0,,,
1,66,True,0.176467,0.1765,none,,,False,,1,0,,,
1,64,True,0.608055,0.6081,none,,,False,,1,0,,,
1,0,True,0.129805,0.1298,none,,,False,,1,0,,,
1,45,True,0.262066,0.2621,none,,,False,,1,0,,,
1,17,True,0.15689,0.1569,none,,,False,,1,0,,,
1,60,True,0.419818,0.4198,none,,,False,,1,0,,,
1,19,True,0.032035,0.032,none,,,False,,1,0,,,
1,86,True,0.190936,0.1909,none,,,False,,1,0,,,
1,7,True,0.045578,0.0456,none,,,False,,1,0,,,
1,24,True,0.057445,0.0574,none,,,False,,1,0,,,
1,92,True,0.047453,0.0475,none,,,False,,1,0,,,
1,90,True,0.579649,0.5796,none,,,False,,1,0,,,
1,95,True,0.158974,0.159,none,,,False,,1,0,,,
1,78,True,0.093849,0.0938,none,,,False,,1,0,,,
1,11,True,0.446414,0.4464,none,,,False,,1,0,,,
2,6,True,0.213465,0.2135,none,,,False,,2,0,,,
2,35,True,0.571865,0.5719,none,,,False,,2,0,,,
2,25,True,0.510359,0.5104,none,,,False,,2,0,,,
2,13,True,0.3544,0.3544,none,,,False,,2,0,,,
2,51,True,0.469835,0.4698,none,,,False,,2,0,,,
2,45,True,0.468418,0.4684,none,,,False,,2,0,,,
2,57,True,0.701422,0.7014,none,,,False,,2,0,,,
2,7,True,0.141753,0.1418,none,,,False,,2,0,,,
2,10,True,0.499761,0.4998,none,,,False,,2,0,,,
2,95,True,0.573949,0.5739,none,,,False,,2,0,,,
2,43,True,0.445095,0.4451,none,,,False,,2,0,,,
2,71,True,0.14725,0.1473,none,,,False,,2,0,,,
2,77,True,0.385521,0.3855,none,,,False,,2,0,,,
2,73,True,0.26134,0.2613,none,,,False,,2,0,,,
2,26,True,0.748364,0.7484,none,,,False,,2,0,,,
2,69,True,0.527802,0.5278,none,,,False,,2,0,,,
2,85,True,0.419521,0.4195,none,,,False,,2,0,,,
2,47,True,0.397945,0.3979,none,,,False,,2,0,,,
2,58,True,0.431161,0.4312,none,,,False,,2,0,,,
2,91,True,0.107535,0.1075,none,,,False,,2,0,,,
2,19,True,0.087694,0.0877,none,,,False,,2,0,,,
2,46,True,0.658265,0.6583,none,,,False,,2,0,,,
2,92,True,0.152299,0.1523,none,,,False,,2,0,,,
2,56,True,0.182558,0.1826,none,,,False,,2,0,,,
2,59,True,0.496687,0.4967,none,,,False,,2,0,,,
2,40,True,0.294695,0.2947,none,,,False,,2,0,,,
2,24,True,0.210345,0.2103,none,,,False,,2,0,,,
2,5,True,0.337171,0.3372,none,,,False,,2,0,,,
2,76,True,0.589239,0.5892,none,,,False,,2,0,,,
2,15,True,0.41607,0.4161,none,,,False,,2,0,,,
2,30,True,0.533304,0.5333,none,,,False,,2,0,,,
2,74,True,0.281865,0.2819,none,,,False,,2,0,,,
2,89,True,0.401893,0.4019,none,,,False,,2,0,,,
2,31,True,0.82705,0.827,none,,,False,,2,0,,,
2,62,True,0.828666,0.8287,none,,,False,,2,0,,,
2,65,True,0.533453,0.5335,none,,,False,,2,0,,,
2,68,True,0.107395,0.1074,none,,,False,,2,0,,,
2,81,True,0.559665,0.5597,none,,,False,,2,0,,,
2,54,True,0.223152,0.2232,none,,,False,,2,0,,,
2,4,True,0.64115,0.6412,none,,,False,,2,0,,,
2,83,True,0.413597,0.4136,none,,,False,,2,0,,,
2,93,True,0.828123,0.8281,none,,,False,,2,0,,,
2,11,True,0.554307,0.5543,none,,,False,,2,0,,,
2,38,True,0.542323,0.5423,none,,,False,,2,0,,,
2,37,True,0.577828,0.5778,none,,,False,,2,0,,,
2,36,True,0.855068,0.8551,none,,,False,,2,0,,,
2,61,True,0.449685,0.4497,none,,,False,,2,0,,,
2,21,True,0.596,0.596,none,,,False,,2,0,,,
2,60,True,0.630126,0.6301,none,,,False,,2,0,,,
2,98,True,0.797328,0.7973,none,,,False,,2,0,,,
3,23,True,0.559745,0.5597,none,,,False,,3,0,,,
3,42,True,0.39298,0.393,none,,,False,,3,0,,,
3,3,True,0.227389,0.2274,none,,,False,,3,0,,,
3,0,True,0.635901,0.6359,none,,,False,,3,0,,,
3,12,True,0.56716,0.5672,none,,,False,,3,0,,,
3,35,True,0.563457,0.5635,none,,,False,,3,0,,,
3,1,True,0.398365,0.3984,none,,,False,,3,0,,,
3,21,True,0.703886,0.7039,none,,,False,,3,0,,,
3,75,True,0.713923,0.7139,none,,,False,,3,0,,,
3,70,True,0.829988,0.83,none,,,False,,3,0,,,
3,46,True,0.651784,0.6518,none,,,False,,3,0,,,
3,4,True,0.794743,0.7947,none,,,False,,3,0,,,
3,16,True,0.686495,0.6865,none,,,False,,3,0,,,
3,62,True,0.964373,0.9644,none,,,False,,3,0,,,
3,63,True,0.247486,0.2475,none,,,False,,3,0,,,
3,58,True,0.42717,0.4272,none,,,False,,3,0,,,
3,60,True,0.968586,0.9686,none,,,False,,3,0,,,
3,82,True,0.257534,0.2575,none,,,False,,3,0,,,
3,69,True,0.734695,0.7347,none,,,False,,3,0,,,
3,11,True,0.539704,0.5397,none,,,False,,3,0,,,
3,73,True,0.431192,0.4312,none,,,False,,3,0,,,
3,86,True,0.462361,0.4624,none,,,False,,3,0,,,
3,56,True,0.337413,0.3374,none,,,False,,3,0,,,
3,80,True,0.641709,0.6417,none,,,False,,3,0,,,
3,17,True,0.446888,0.4469,none,,,False,,3,0,,,
3,34,True,0.339825,0.3398,none,,,False,,3,0,,,
3,99,True,0.115241,0.1152,none,,,False,,3,0,,,
3,55,True,0.882828,0.8828,none,,,False,,3,0,,,
3,15,True,0.63048,0.6305,none,,,False,,3,0,,,
3,88,True,0.583452,0.5835,none,,,False,,3,0,,,
3,74,True,0.298094,0.2981,none,,,False,,3,0,,,
3,84,True,0.764764,0.7648,none,,,False,,3,0,,,
3,79,True,0.329012,0.329,none,,,False,,3,0,,,
3,92,True,0.328998,0.329,none,,,False,,3,0,,,
3,44,True,0.523275,0.5233,none,,,False,,3,0,,,
3,78,True,0.5819,0.5819,none,,,False,,3,0,,,
3,28,True,0.618076,0.6181,none,,,False,,3,0,,,
3,19,True,0.27036,0.2704,none,,,False,,3,0,,,
3,33,True,0.444369,0.4444,none,,,False,,3,0,,,
3,22,True,0.782448,0.7824,none,,,False,,3,0,,,
3,30,True,0.497827,0.4978,none,,,False,,3,0,,,
3,52,True,0.317849,0.3178,none,,,False,,3,0,,,
3,93,True,0.835336,0.8353,none,,,False,,3,0,,,
3,32,True,0.543379,0.5434,none,,,False,,3,0,,,
3,72,True,0.692642,0.6926,none,,,False,,3,0,,,
3,31,True,0.895249,0.8952,none,,,False,,3,0,,,
3,26,True,0.735937,0.7359,none,,,False,,3,0,,,
3,24,True,0.283964,0.284,none,,,False,,3,0,,,
3,40,True,0.443624,0.4436,none,,,False,,3,0,,,
3,89,True,0.497103,0.4971,none,,,False,,3,0,,,
4,24,True,0.30624,0.3062,none,,,False,,4,0,,,
4,81,True,0.492507,0.4925,none,,,False,,4,0,,,
4,33,True,0.360106,0.3601,none,,,False,,4,0,,,
4,78,True,0.61402,0.614,none,,,False,,4,0,,,
4,53,True,0.361837,0.3618,none,,,False,,4,0,,,
4,92,True,0.300975,0.301,none,,,False,,4,0,,,
4,91,True,0.362575,0.3626,none,,,False,,4,0,,,
4,44,True,0.412973,0.413,none,,,False,,4,0,,,
4,31,True,0.885333,0.8853,none,,,False,,4,0,,,
4,1,True,0.280962,0.281,none,,,False,,4,0,,,
4,66,True,0.581441,0.5814,none,,,False,,4,0,,,
4,4,True,0.78305,0.7831,none,,,False,,4,0,,,
4,20,True,0.488606,0.4886,none,,,False,,4,0,,,
4,26,True,0.503388,0.5034,none,,,False,,4,0,,,
4,76,True,0.700393,0.7004,none,,,False,,4,0,,,
4,61,True,0.547575,0.5476,none,,,False,,4,0,,,
4,7,True,0.430122,0.4301,none,,,False,,4,0,,,
4,99,True,0.100069,0.1001,none,,,False,,4,0,,,
4,32,True,0.598508,0.5985,none,,,False,,4,0,,,
4,63,True,0.255012,0.255,none,,,False,,4,0,,,
4,73,True,0.421861,0.4219,none,,,False,,4,0,,,
4,43,True,0.468023,0.468,none,,,False,,4,0,,,
4,85,True,0.47155,0.4716,none,,,False,,4,0,,,
4,65,True,0.767183,0.7672,none,,,False,,4,0,,,
4,98,True,0.828143,0.8281,none,,,False,,4,0,,,
4,42,True,0.457164,0.4572,none,,,False,,4,0,,,
4,29,True,0.330615,0.3306,none,,,False,,4,0,,,
4,87,True,0.236521,0.2365,none,,,False,,4,0,,,
4,3,True,0.213764,0.2138,none,,,False,,4,0,,,
4,35,True,0.637449,0.6374,none,,,False,,4,0,,,
4,75,True,0.609124,0.6091,none,,,False,,4,0,,,
4,2,True,0.357011,0.357,none,,,False,,4,0,,,
4,16,True,0.704797,0.7048,none,,,False,,4,0,,,
4,72,True,0.751358,0.7514,none,,,False,,4,0,,,
4,18,True,0.394712,0.3947,none,,,False,,4,0,,,
4,74,True,0.292916,0.2929,none,,,False,,4,0,,,
4,95,True,0.77361,0.7736,none,,,False,,4,0,,,
4,59,True,0.578662,0.5787,none,,,False,,4,0,,,
4,9,True,0.71327,0.7133,none,,,False,,4,0,,,
4,50,True,0.580755,0.5808,none,,,False,,4,0,,,
4,54,True,0.333104,0.3331,none,,,False,,4,0,,,
4,40,True,0.370378,0.3704,none,,,False,,4,0,,,
4,80,True,0.570587,0.5706,none,,,False,,4,0,,,
4,71,True,0.42136,0.4214,none,,,False,,4,0,,,
4,67,True,0.703766,0.7038,none,,,False,,4,0,,,
4,41,True,0.493943,0.4939,none,,,False,,4,0,,,
4,58,True,0.445283,0.4453,none,,,False,,4,0,,,
4,93,True,0.830645,0.8306,none,,,False,,4,0,,,
4,84,True,0.677269,0.6773,none,,,False,,4,0,,,
4,86,True,0.45787,0.4579,none,,,False,,4,0,,,
5,94,True,0.781618,0.7816,none,,,False,,5,0,,,
5,53,True,0.373759,0.3738,none,,,False,,5,0,,,
5,77,True,0.381328,0.3813,none,,,False,,5,0,,,
5,17,True,0.496274,0.4963,none,,,False,,5,0,,,
5,10,True,0.672925,0.6729,none,,,False,,5,0,,,
5,12,True,0.686496,0.6865,none,,,False,,5,0,,,
5,95,True,0.431596,0.4316,none,,,False,,5,0,,,
5,30,True,0.721698,0.7217,none,,,False,,5,0,,,
5,20,True,0.352704,0.3527,none,,,False,,5,0,,,
5,56,True,0.428219,0.4282,none,,,False,,5,0,,,
5,26,True,0.890672,0.8907,none,,,False,,5,0,,,
5,71,True,0.444018,0.444,none,,,False,,5,0,,,
5,99,True,0.107058,0.1071,none,,,False,,5,0,,,
5,40,True,0.317668,0.3177,none,,,False,,5,0,,,
5,84,True,0.708497,0.7085,none,,,False,,5,0,,,
5,67,True,0.708151,0.7082,none,,,False,,5,0,,,
5,81,True,0.452765,0.4528,none,,,False,,5,0,,,
5,78,True,0.506308,0.5063,none,,,False,,5,0,,,
5,31,True,0.794165,0.7942,none,,,False,,5,0,,,
5,3,True,0.268483,0.2685,none,,,False,,5,0,,,
5,15,True,0.548248,0.5482,none,,,False,,5,0,,,
5,22,True,0.592902,0.5929,none,,,False,,5,0,,,
5,1,True,0.2771,0.2771,none,,,False,,5,0,,,
5,5,True,0.460811,0.4608,none,,,False,,5,0,,,
5,16,True,0.551443,0.5514,none,,,False,,5,0,,,
5,35,True,0.63541,0.6354,none,,,False,,5,0,,,
5,19,True,0.350197,0.3502,none,,,False,,5,0,,,
5,66,True,0.560075,0.5601,none,,,False,,5,0,,,
5,96,True,0.663508,0.6635,none,,,False,,5,0,,,
5,44,True,0.5357,0.5357,none,,,False,,5,0,,,
5,4,True,0.695428,0.6954,none,,,False,,5,0,,,
5,51,True,0.631164,0.6312,none,,,False,,5,0,,,
5,62,True,1.134206,1.1342,none,,,False,,5,0,,,
5,0,True,0.683338,0.6833,none,,,False,,5,0,,,
5,54,True,0.302213,0.3022,none,,,False,,5,0,,,
5,76,True,0.559563,0.5596,none,,,False,,5,0,,,
5,27,True,0.355357,0.3554,none,,,False,,5,0,,,
5,89,True,0.362773,0.3628,none,,,False,,5,0,,,
5,9,True,0.589367,0.5894,none,,,False,,5,0,,,
5,39,True,0.925431,0.9254,none,,,False,,5,0,,,
5,45,True,0.524418,0.5244,none,,,False,,5,0,,,
5,85,True,0.402861,0.4029,none,,,False,,5,0,,,
5,70,True,0.933484,0.9335,none,,,False,,5,0,,,
5,47,True,0.519147,0.5191,none,,,False,,5,0,,,
5,86,True,0.40278,0.4028,none,,,False,,5,0,,,
5,13,True,0.41434,0.4143,none,,,False,,5,0,,,
5,42,True,0.504468,0.5045,none,,,False,,5,0,,,
5,59,True,0.80122,0.8012,none,,,False,,5,0,,,
5,8,True,0.400803,0.4008,none,,,False,,5,0,,,
5,65,True,0.761191,0.7612,none,,,False,,5,0,,,
6,33,True,0.385334,0.3853,none,,,False,,6,0,,,
6,20,True,0.43275,0.4327,none,,,False,,6,0,,,
6,27,True,0.303514,0.3035,none,,,False,,6,0,,,
6,1,True,0.416538,0.4165,none,,,False,,6,0,,,
6,60,True,1.235086,1.2351,none,,,False,,6,0,,,
6,36,True,0.918479,0.9185,none,,,False,,6,0,,,
6,76,True,0.69544,0.6954,none,,,False,,6,0,,,
6,67,True,0.603537,0.6035,none,,,False,,6,0,,,
6,52,True,0.326709,0.3267,none,,,False,,6,0,,,
6,17,True,0.47573,0.4757,none,,,False,,6,0,,,
6,87,True,0.301839,0.3018,none,,,False,,6,0,,,
6,46,True,0.475123,0.4751,none,,,False,,6,0,,,
6,5,True,0.370717,0.3707,none,,,False,,6,0,,,
6,59,True,0.56733,0.5673,none,,,False,,6,0,,,
6,11,True,0.454665,0.4547,none,,,False,,6,0,,,
6,16,True,0.618315,0.6183,none,,,False,,6,0,,,
6,32,True,0.543174,0.5432,none,,,False,,6,0,,,
6,86,True,0.47618,0.4762,none,,,False,,6,0,,,
6,8,True,0.469533,0.4695,none,,,False,,6,0,,,
6,54,True,0.36203,0.362,none,,,False,,6,0,,,
6,19,True,0.300827,0.3008,none,,,False,,6,0,,,
6,61,True,0.505481,0.5055,none,,,False,,6,0,,,
6,3,True,0.214857,0.2149,none,,,False,,6,0,,,
6,92,True,0.322216,0.3222,none,,,False,,6,0,,,
6,14,True,0.286006,0.286,none,,,False,,6,0,,,
6,50,True,0.370277,0.3703,none,,,False,,6,0,,,
6,64,True,0.787215,0.7872,none,,,False,,6,0,,,
6,53,True,0.387076,0.3871,none,,,False,,6,0,,,
6,83,True,0.38809,0.3881,none,,,False,,6,0,,,
6,29,True,0.420822,0.4208,none,,,False,,6,0,,,
6,35,True,0.531953,0.532,none,,,False,,6,0,,,
6,34,True,0.387526,0.3875,none,,,False,,6,0,,,
6,56,True,0.325471,0.3255,none,,,False,,6,0,,,
6,58,True,0.439523,0.4395,none,,,False,,6,0,,,
6,94,True,0.674894,0.6749,none,,,False,,6,0,,,
6,31,True,0.881431,0.8814,none,,,False,,6,0,,,
6,93,True,0.803379,0.8034,none,,,False,,6,0,,,
6,30,True,0.41273,0.4127,none,,,False,,6,0,,,
6,44,True,0.492382,0.4924,none,,,False,,6,0,,,
6,99,True,0.010222,0.0102,none,,,False,,6,0,,,
6,90,True,0.587041,0.587,none,,,False,,6,0,,,
6,70,True,0.771388,0.7714,none,,,False,,6,0,,,
6,9,True,0.726436,0.7264,none,,,False,,6,0,,,
6,12,True,0.545452,0.5455,none,,,False,,6,0,,,
6,42,True,0.471843,0.4718,none,,,False,,6,0,,,
6,18,True,0.432543,0.4325,none,,,False,,6,0,,,
6,84,True,0.797748,0.7977,none,,,False,,6,0,,,
6,80,True,0.646653,0.6467,none,,,False,,6,0,,,
6,24,True,0.34084,0.3408,none,,,False,,6,0,,,
6,75,True,0.646132,0.6461,none,,,False,,6,0,,,
7,86,True,0.51266,0.5127,none,,,False,,7,0,,,
7,64,True,0.670851,0.6709,none,,,False,,7,0,,,
7,4,True,0.702484,0.7025,none,,,False,,7,0,,,
7,54,True,0.396552,0.3966,none,,,False,,7,0,,,
7,80,True,0.459152,0.4592,none,,,False,,7,0,,,
7,8,True,0.50018,0.5002,none,,,False,,7,0,,,
7,78,True,0.543821,0.5438,none,,,False,,7,0,,,
7,23,True,0.537663,0.5377,none,,,False,,7,0,,,
7,3,True,0.200539,0.2005,none,,,False,,7,0,,,
7,50,True,0.605355,0.6054,none,,,False,,7,0,,,
7,24,True,0.341712,0.3417,none,,,False,,7,0,,,
7,82,True,0.276384,0.2764,none,,,False,,7,0,,,
7,48,True,0.750132,0.7501,none,,,False,,7,0,,,
7,31,True,0.937774,0.9378,none,,,False,,7,0,,,
7,38,True,0.503774,0.5038,none,,,False,,7,0,,,
7,71,True,0.427611,0.4276,none,,,False,,7,0,,,
7,46,True,0.590273,0.5903,none,,,False,,7,0,,,
7,91,True,0.406896,0.4069,none,,,False,,7,0,,,
7,84,True,0.66009,0.6601,none,,,False,,7,0,,,
7,83,True,0.428364,0.4284,none,,,False,,7,0,,,
7,27,True,0.265009,0.265,none,,,False,,7,0,,,
7,14,True,0.27418,0.2742,none,,,False,,7,0,,,
7,10,True,0.541317,0.5413,none,,,False,,7,0,,,
7,32,True,0.574482,0.5745,none,,,False,,7,0,,,
7,62,True,1.065788,1.0658,none,,,False,,7,0,,,
7,41,True,0.410173,0.4102,none,,,False,,7,0,,,
7,42,True,0.483629,0.4836,none,,,False,,7,0,,,
7,65,True,0.756308,0.7563,none,,,False,,7,0,,,
7,97,True,0.290813,0.2908,none,,,False,,7,0,,,
7,37,True,0.510398,0.5104,none,,,False,,7,0,,,
7,20,True,0.357121,0.3571,none,,,False,,7,0,,,
7,33,True,0.398583,0.3986,none,,,False,,7,0,,,
7,1,True,0.425367,0.4254,none,,,False,,7,0,,,
7,18,True,0.408519,0.4085,none,,,False,,7,0,,,
7,88,True,0.597052,0.5971,none,,,False,,7,0,,,
7,44,True,0.466815,0.4668,none,,,False,,7,0,,,
7,79,True,0.376968,0.377,none,,,False,,7,0,,,
7,43,True,0.538618,0.5386,none,,,False,,7,0,,,
7,7,True,0.45284,0.4528,none,,,False,,7,0,,,
7,51,True,0.640991,0.641,none,,,False,,7,0,,,
7,22,True,0.625461,0.6255,none,,,False,,7,0,,,
7,87,True,0.267547,0.2675,none,,,False,,7,0,,,
7,2,True,0.400955,0.401,none,,,False,,7,0,,,
7,63,True,0.287192,0.2872,none,,,False,,7,0,,,
7,95,True,0.890477,0.8905,none,,,False,,7,0,,,
7,11,True,0.556408,0.5564,none,,,False,,7,0,,,
7,47,True,0.489833,0.4898,none,,,False,,7,0,,,
7,89,True,0.611265,0.6113,none,,,False,,7,0,,,
7,13,True,0.367698,0.3677,none,,,False,,7,0,,,
7,93,True,0.798104,0.7981,none,,,False,,7,0,,,
8,69,True,0.706872,0.7069,none,,,False,,8,0,,,
8,71,True,0.371927,0.3719,none,,,False,,8,0,,,
8,83,True,0.426907,0.4269,none,,,False,,8,0,,,
8,64,True,0.594032,0.594,none,,,False,,8,0,,,
8,9,True,0.744299,0.7443,none,,,False,,8,0,,,
8,50,True,0.548299,0.5483,none,,,False,,8,0,,,
8,21,True,0.776393,0.7764,none,,,False,,8,0,,,
8,98,True,0.625893,0.6259,none,,,False,,8,0,,,
8,87,True,0.300297,0.3003,none,,,False,,8,0,,,
8,24,True,0.22071,0.2207,none,,,False,,8,0,,,
8,42,True,0.349111,0.3491,none,,,False,,8,0,,,
8,17,True,0.560122,0.5601,none,,,False,,8,0,,,
8,91,True,0.411612,0.4116,none,,,False,,8,0,,,
8,55,True,0.723141,0.7231,none,,,False,,8,0,,,
8,36,True,0.774961,0.775,none,,,False,,8,0,,,
8,85,True,0.43912,0.4391,none,,,False,,8,0,,,
8,56,True,0.266177,0.2662,none,,,False,,8,0,,,
8,15,True,0.620699,0.6207,none,,,False,,8,0,,,
8,6,True,0.40847,0.4085,none,,,False,,8,0,,,
8,72,True,0.80095,0.801,none,,,False,,8,0,,,
8,10,True,0.570365,0.5704,none,,,False,,8,0,,,
8,59,True,0.700431,0.7004,none,,,False,,8,0,,,
8,20,True,0.395804,0.3958,none,,,False,,8,0,,,
8,49,True,0.527282,0.5273,none,,,False,,8,0,,,
8,1,True,0.368779,0.3688,none,,,False,,8,0,,,
8,28,True,0.594357,0.5944,none,,,False,,8,0,,,
8,46,True,0.759623,0.7596,none,,,False,,8,0,,,
8,30,True,0.691293,0.6913,none,,,False,,8,0,,,
8,95,True,0.981442,0.9814,none,,,False,,8,0,,,
8,53,True,0.288926,0.2889,none,,,False,,8,0,,,
8,79,True,0.304273,0.3043,none,,,False,,8,0,,,
8,40,True,0.390666,0.3907,none,,,False,,8,0,,,
8,19,True,0.318965,0.319,none,,,False,,8,0,,,
8,94,True,0.759765,0.7598,none,,,False,,8,0,,,
8,4,True,0.778604,0.7786,none,,,False,,8,0,,,
8,61,True,0.49253,0.4925,none,,,False,,8,0,,,
8,14,True,0.307762,0.3078,none,,,False,,8,0,,,
8,32,True,0.423623,0.4236,none,,,False,,8,0,,,
8,67,True,0.71494,0.7149,none,,,False,,8,0,,,
8,65,True,0.831864,0.8319,none,,,False,,8,0,,,
8,82,True,0.292432,0.2924,none,,,False,,8,0,,,
8,39,True,0.891648,0.8916,none,,,False,,8,0,,,
8,51,True,0.387715,0.3877,none,,,False,,8,0,,,
8,8,True,0.591136,0.5911,none,,,False,,8,0,,,
8,74,True,0.35482,0.3548,none,,,False,,8,0,,,
8,75,True,0.66626,0.6663,none,,,False,,8,0,,,
8,11,True,0.627077,0.6271,none,,,False,,8,0,,,
8,78,True,0.540408,0.5404,none,,,False,,8,0,,,
8,68,True,0.163849,0.1638,none,,,False,,8,0,,,
8,47,True,0.387793,0.3878,none,,,False,,8,0,,,
9,4,True,0.703628,0.7036,none,,,False,,9,0,,,
9,40,True,0.430221,0.4302,none,,,False,,9,0,,,
9,26,True,0.689875,0.6899,none,,,False,,9,0,,,
9,95,True,0.75556,0.7556,none,,,False,,9,0,,,
9,58,True,0.403639,0.4036,none,,,False,,9,0,,,
9,80,True,0.575597,0.5756,none,,,False,,9,0,,,
9,72,True,0.714299,0.7143,none,,,False,,9,0,,,
9,60,True,0.577916,0.5779,none,,,False,,9,0,,,
9,34,True,0.349555,0.3496,none,,,False,,9,0,,,
9,87,True,0.313018,0.313,none,,,False,,9,0,,,
9,99,True,0.120272,0.1203,none,,,False,,9,0,,,
9,44,True,0.54165,0.5416,none,,,False,,9,0,,,
9,47,True,0.481347,0.4813,none,,,False,,9,0,,,
9,59,True,0.697408,0.6974,none,,,False,,9,0,,,
9,57,True,0.600022,0.6,none,,,False,,9,0,,,
9,46,True,0.572775,0.5728,none,,,False,,9,0,,,
9,63,True,0.289122,0.2891,none,,,False,,9,0,,,
9,31,True,0.923875,0.9239,none,,,False,,9,0,,,
9,55,True,1.016595,1.0166,none,,,False,,9,0,,,
9,68,True,0.130925,0.1309,none,,,False,,9,0,,,
9,21,True,0.416567,0.4166,none,,,False,,9,0,,,
9,86,True,0.499683,0.4997,none,,,False,,9,0,,,
9,6,True,0.452022,0.452,none,,,False,,9,0,,,
9,22,True,0.786463,0.7865,none,,,False,,9,0,,,
9,30,True,0.498334,0.4983,none,,,False,,9,0,,,
9,56,True,0.384731,0.3847,none,,,False,,9,0,,,
9,69,True,0.589704,0.5897,none,,,False,,9,0,,,
9,61,True,0.36024,0.3602,none,,,False,,9,0,,,
9,10,True,0.491632,0.4916,none,,,False,,9,0,,,
9,73,True,0.43635,0.4363,none,,,False,,9,0,,,
9,54,True,0.321074,0.3211,none,,,False,,9,0,,,
9,65,True,0.662369,0.6624,none,,,False,,9,0,,,
9,96,True,0.723272,0.7233,none,,,False,,9,0,,,
9,78,True,0.643827,0.6438,none,,,False,,9,0,,,
9,1,True,0.368873,0.3689,none,,,False,,9,0,,,
9,67,True,0.593499,0.5935,none,,,False,,9,0,,,
9,9,True,0.758651,0.7587,none,,,False,,9,0,,,
9,45,True,0.630396,0.6304,none,,,False,,9,0,,,
9,76,True,0.703958,0.704,none,,,False,,9,0,,,
9,71,True,0.37762,0.3776,none,,,False,,9,0,,,
9,5,True,0.404454,0.4045,none,,,False,,9,0,,,
9,91,True,0.409208,0.4092,none,,,False,,9,0,,,
9,18,True,0.42609,0.4261,none,,,False,,9,0,,,
9,93,True,0.88004,0.88,none,,,False,,9,0,,,
9,75,True,0.69918,0.6992,none,,,False,,9,0,,,
9,42,True,0.51792,0.5179,none,,,False,,9,0,,,
9,19,True,0.355904,0.3559,none,,,False,,9,0,,,
9,37,True,0.681903,0.6819,none,,,False,,9,0,,,
9,79,True,0.267986,0.268,none,,,False,,9,0,,,
9,94,True,0.518577,0.5186,none,,,False,,9,0,,,
10,67,True,0.736332,0.7363,none,,,False,,10,0,,,
10,14,True,0.376292,0.3763,none,,,False,,10,0,,,
10,3,True,0.203893,0.2039,none,,,False,,10,0,,,
10,45,True,0.433387,0.4334,none,,,False,,10,0,,,
10,13,True,0.38732,0.3873,none,,,False,,10,0,,,
10,53,True,0.350115,0.3501,none,,,False,,10,0,,,
10,4,True,0.88815,0.8881,none,,,False,,10,0,,,
10,65,True,0.771598,0.7716,none,,,False,,10,0,,,
10,61,True,0.561385,0.5614,none,,,False,,10,0,,,
10,23,True,0.748687,0.7487,none,,,False,,10,0,,,
10,91,True,0.35911,0.3591,none,,,False,,10,0,,,
10,16,True,0.758599,0.7586,none,,,False,,10,0,,,
10,44,True,0.638966,0.639,none,,,False,,10,0,,,
10,70,True,0.731054,0.7311,none,,,False,,10,0,,,
10,32,True,0.505955,0.506,none,,,False,,10,0,,,
10,97,True,0.237536,0.2375,none,,,False,,10,0,,,
10,92,True,0.235421,0.2354,none,,,False,,10,0,,,
10,56,True,0.292782,0.2928,none,,,False,,10,0,,,
10,80,True,0.623406,0.6234,none,,,False,,10,0,,,
10,46,True,0.634434,0.6344,none,,,False,,10,0,,,
10,6,True,0.363342,0.3633,none,,,False,,10,0,,,
10,95,True,0.718817,0.7188,none,,,False,,10,0,,,
10,49,True,0.630963,0.631,none,,,False,,10,0,,,
10,7,True,0.473666,0.4737,none,,,False,,10,0,,,
10,81,True,0.510406,0.5104,none,,,False,,10,0,,,
10,83,True,0.345131,0.3451,none,,,False,,10,0,,,
10,55,True,0.95662,0.9566,none,,,False,,10,0,,,
10,52,True,0.265503,0.2655,none,,,False,,10,0,,,
10,62,True,0.696843,0.6968,none,,,False,,10,0,,,
10,28,True,0.70085,0.7008,none,,,False,,10,0,,,
10,27,True,0.4321,0.4321,none,,,False,,10,0,,,
10,19,True,0.310642,0.3106,none,,,False,,10,0,,,
10,9,True,0.799168,0.7992,none,,,False,,10,0,,,
10,1,True,0.254349,0.2543,none,,,False,,10,0,,,
10,2,True,0.31086,0.3109,none,,,False,,10,0,,,
10,0,True,0.488227,0.4882,none,,,False,,10,0,,,
10,93,True,0.953912,0.9539,none,,,False,,10,0,,,
10,48,True,0.865329,0.8653,none,,,False,,10,0,,,
10,98,True,0.797248,0.7972,none,,,False,,10,0,,,
10,29,True,0.418087,0.4181,none,,,False,,10,0,,,
10,42,True,0.315171,0.3152,none,,,False,,10,0,,,
10,20,True,0.435419,0.4354,none,,,False,,10,0,,,
10,86,True,0.475426,0.4754,none,,,False,,10,0,,,
10,66,True,0.619419,0.6194,none,,,False,,10,0,,,
10,36,True,0.912436,0.9124,none,,,False,,10,0,,,
10,26,True,0.858517,0.8585,none,,,False,,10,0,,,
10,72,True,0.724395,0.7244,none,,,False,,10,0,,,
10,89,True,0.411425,0.4114,none,,,False,,10,0,,,
10,54,True,0.400874,0.4009,none,,,False,,10,0,,,
10,76,True,0.607371,0.6074,none,,,False,,10,0,,,
11,78,True,0.664561,0.6646,none,,,False,,11,0,,,
11,38,True,0.45672,0.4567,none,,,False,,11,0,,,
11,58,True,0.419717,0.4197,none,,,False,,11,0,,,
11,65,True,0.925987,0.926,none,,,False,,11,0,,,
11,89,True,0.511066,0.5111,none,,,False,,11,0,,,
11,82,True,0.361158,0.3612,none,,,False,,11,0,,,
11,64,True,0.736339,0.7363,none,,,False,,11,0,,,
11,4,True,0.471847,0.4718,none,,,False,,11,0,,,
11,1,True,0.420805,0.4208,none,,,False,,11,0,,,
11,2,True,0.512498,0.5125,none,,,False,,11,0,,,
11,18,True,0.487728,0.4877,none,,,False,,11,0,,,
11,46,True,0.60516,0.6052,none,,,False,,11,0,,,
11,75,True,0.788296,0.7883,none,,,False,,11,0,,,
11,97,True,0.327338,0.3273,none,,,False,,11,0,,,
11,50,True,0.472221,0.4722,none,,,False,,11,0,,,
11,80,True,0.455301,0.4553,none,,,False,,11,0,,,
11,85,True,0.349762,0.3498,none,,,False,,11,0,,,
11,69,True,0.498444,0.4984,none,,,False,,11,0,,,
11,11,True,0.612231,0.6122,none,,,False,,11,0,,,
11,98,True,0.909545,0.9095,none,,,False,,11,0,,,
11,63,True,0.243112,0.2431,none,,,False,,11,0,,,
11,15,True,0.709246,0.7092,none,,,False,,11,0,,,
11,28,True,0.469133,0.4691,none,,,False,,11,0,,,
11,72,True,0.869052,0.8691,none,,,False,,11,0,,,
11,51,True,0.624717,0.6247,none,,,False,,11,0,,,
11,5,True,0.10945,0.1094,none,,,False,,11,0,,,
11,95,True,0.48338,0.4834,none,,,False,,11,0,,,
11,66,True,0.575488,0.5755,none,,,False,,11,0,,,
11,60,True,1.044619,1.0446,none,,,False,,11,0,,,
11,42,True,0.452524,0.4525,none,,,False,,11,0,,,
11,40,True,0.651405,0.6514,none,,,False,,11,0,,,
11,77,True,0.3472,0.3472,none,,,False,,11,0,,,
11,61,True,0.291807,0.2918,none,,,False,,11,0,,,
11,79,True,0.336086,0.3361,none,,,False,,11,0,,,
11,93,True,0.622039,0.622,none,,,False,,11,0,,,
11,99,True,0.218355,0.2184,none,,,False,,11,0,,,
11,94,True,0.714224,0.7142,none,,,False,,11,0,,,
11,48,True,0.750547,0.7505,none,,,False,,11,0,,,
11,71,True,0.359558,0.3596,none,,,False,,11,0,,,
11,7,True,0.480456,0.4805,none,,,False,,11,0,,,
11,55,True,0.710927,0.7109,none,,,False,,11,0,,,
11,0,True,0.722521,0.7225,none,,,False,,11,0,,,
11,53,True,0.429464,0.4295,none,,,False,,11,0,,,
11,35,True,0.609232,0.6092,none,,,False,,11,0,,,
11,8,True,0.449894,0.4499,none,,,False,,11,0,,,
11,25,True,0.469225,0.4692,none,,,False,,11,0,,,
11,6,True,0.420519,0.4205,none,,,False,,11,0,,,
11,91,True,0.481358,0.4814,none,,,False,,11,0,,,
11,12,True,0.569373,0.5694,none,,,False,,11,0,,,
11,22,True,0.586788,0.5868,none,,,False,,11,0,,,
12,51,True,0.432871,0.4329,none,,,False,,12,0,,,
12,23,True,0.523875,0.5239,none,,,False,,12,0,,,
12,20,True,0.502829,0.5028,none,,,False,,12,0,,,
12,46,True,0.805515,0.8055,none,,,False,,12,0,,,
12,71,True,0.367194,0.3672,none,,,False,,12,0,,,
12,61,True,0.454446,0.4544,none,,,False,,12,0,,,
12,17,True,0.476252,0.4763,none,,,False,,12,0,,,
12,26,True,0.863469,0.8635,none,,,False,,12,0,,,
12,7,True,0.538726,0.5387,none,,,False,,12,0,,,
12,64,True,0.619613,0.6196,none,,,False,,12,0,,,
12,79,True,0.146112,0.1461,none,,,False,,12,0,,,
12,31,True,0.720263,0.7203,none,,,False,,12,0,,,
12,70,True,0.736115,0.7361,none,,,False,,12,0,,,
12,34,True,0.32607,0.3261,none,,,False,,12,0,,,
12,73,True,0.336689,0.3367,none,,,False,,12,0,,,
12,49,True,0.584394,0.5844,none,,,False,,12,0,,,
12,21,True,0.647429,0.6474,none,,,False,,12,0,,,
12,8,True,0.479281,0.4793,none,,,False,,12,0,,,
12,3,True,0.196738,0.1967,none,,,False,,12,0,,,
12,81,True,0.461627,0.4616,none,,,False,,12,0,,,
12,15,True,0.597616,0.5976,none,,,False,,12,0,,,
12,77,True,0.426626,0.4266,none,,,False,,12,0,,,
12,72,True,0.641495,0.6415,none,,,False,,12,0,,,
12,42,True,0.399364,0.3994,none,,,False,,12,0,,,
12,86,True,0.488073,0.4881,none,,,False,,12,0,,,
12,87,True,0.32963,0.3296,none,,,False,,12,0,,,
12,40,True,0.30913,0.3091,none,,,False,,12,0,,,
12,78,True,0.542877,0.5429,none,,,False,,12,0,,,
12,66,True,0.603196,0.6032,none,,,False,,12,0,,,
12,57,True,0.783318,0.7833,none,,,False,,12,0,,,
12,18,True,0.220194,0.2202,none,,,False,,12,0,,,
12,69,True,0.818015,0.818,none,,,False,,12,0,,,
12,82,True,0.247623,0.2476,none,,,False,,12,0,,,
12,85,True,0.45516,0.4552,none,,,False,,12,0,,,
12,94,True,0.654475,0.6545,none,,,False,,12,0,,,
12,48,True,0.660991,0.661,none,,,False,,12,0,,,
12,1,True,0.314952,0.315,none,,,False,,12,0,,,
12,32,True,0.422565,0.4226,none,,,False,,12,0,,,
12,22,True,0.731163,0.7312,none,,,False,,12,0,,,
12,50,True,0.474402,0.4744,none,,,False,,12,0,,,
12,41,True,0.437126,0.4371,none,,,False,,12,0,,,
12,13,True,0.430984,0.431,none,,,False,,12,0,,,
12,28,True,0.65045,0.6505,none,,,False,,12,0,,,
12,14,True,0.395115,0.3951,none,,,False,,12,0,,,
12,99,True,0.138379,0.1384,none,,,False,,12,0,,,
12,62,True,0.922447,0.9224,none,,,False,,12,0,,,
12,84,True,0.6264,0.6264,none,,,False,,12,0,,,
12,11,True,0.584835,0.5848,none,,,False,,12,0,,,
12,88,True,0.558357,0.5584,none,,,False,,12,0,,,
12,97,True,0.301765,0.3018,none,,,False,,12,0,,,
13,99,True,0.212944,0.2129,none,,,False,,13,0,,,
13,50,True,0.153722,0.1537,none,,,False,,13,0,,,
13,51,True,0.510518,0.5105,none,,,False,,13,0,,,
13,79,True,0.326302,0.3263,none,,,False,,13,0,,,
13,87,True,0.283642,0.2836,none,,,False,,13,0,,,
13,24,True,0.269998,0.27,none,,,False,,13,0,,,
13,49,True,0.348516,0.3485,none,,,False,,13,0,,,
13,42,True,0.416623,0.4166,none,,,False,,13,0,,,
13,31,True,0.901005,0.901,none,,,False,,13,0,,,
13,44,True,0.560345,0.5603,none,,,False,,13,0,,,
13,39,True,0.898846,0.8988,none,,,False,,13,0,,,
13,1,True,0.478283,0.4783,none,,,False,,13,0,,,
13,19,True,0.33712,0.3371,none,,,False,,13,0,,,
13,45,True,0.544712,0.5447,none,,,False,,13,0,,,
13,12,True,0.557987,0.558,none,,,False,,13,0,,,
13,4,True,0.603902,0.6039,none,,,False,,13,0,,,
13,89,True,0.477472,0.4775,none,,,False,,13,0,,,
13,21,True,0.81584,0.8158,none,,,False,,13,0,,,
13,92,True,0.320651,0.3207,none,,,False,,13,0,,,
13,41,True,0.316564,0.3166,none,,,False,,13,0,,,
13,94,True,0.681046,0.681,none,,,False,,13,0,,,
13,60,True,0.845411,0.8454,none,,,False,,13,0,,,
13,96,True,0.56953,0.5695,none,,,False,,13,0,,,
13,3,True,0.219079,0.2191,none,,,False,,13,0,,,
13,75,True,0.751054,0.7511,none,,,False,,13,0,,,
13,58,True,0.369233,0.3692,none,,,False,,13,0,,,
13,0,True,0.639766,0.6398,none,,,False,,13,0,,,
13,86,True,0.345296,0.3453,none,,,False,,13,0,,,
13,52,True,0.336626,0.3366,none,,,False,,13,0,,,
13,62,True,0.96158,0.9616,none,,,False,,13,0,,,
13,10,True,0.500827,0.5008,none,,,False,,13,0,,,
13,13,True,0.29562,0.2956,none,,,False,,13,0,,,
13,53,True,0.357269,0.3573,none,,,False,,13,0,,,
13,63,True,0.287598,0.2876,none,,,False,,13,0,,,
13,70,True,0.845019,0.845,none,,,False,,13,0,,,
13,16,True,0.649762,0.6498,none,,,False,,13,0,,,
13,34,True,0.287706,0.2877,none,,,False,,13,0,,,
13,90,True,0.591044,0.591,none,,,False,,13,0,,,
13,91,True,0.450808,0.4508,none,,,False,,13,0,,,
13,83,True,0.469312,0.4693,none,,,False,,13,0,,,
13,85,True,0.479479,0.4795,none,,,False,,13,0,,,
13,67,True,0.563144,0.5631,none,,,False,,13,0,,,
13,57,True,0.691848,0.6918,none,,,False,,13,0,,,
13,78,True,0.595734,0.5957,none,,,False,,13,0,,,
13,93,True,0.722414,0.7224,none,,,False,,13,0,,,
13,33,True,0.394868,0.3949,none,,,False,,13,0,,,
13,46,True,0.682743,0.6827,none,,,False,,13,0,,,
13,27,True,0.349391,0.3494,none,,,False,,13,0,,,
13,88,True,0.463702,0.4637,none,,,False,,13,0,,,
13,76,True,0.504947,0.5049,none,,,False,,13,0,,,
14,68,True,0.220331,0.2203,none,,,False,,14,0,,,
14,65,True,0.677922,0.6779,none,,,False,,14,0,,,
14,11,True,0.605385,0.6054,none,,,False,,14,0,,,
14,48,True,0.817216,0.8172,none,,,False,,14,0,,,
14,88,True,0.497957,0.498,none,,,False,,14,0,,,
14,80,True,0.708126,0.7081,none,,,False,,14,0,,,
14,67,True,0.728558,0.7286,none,,,False,,14,0,,,
14,58,True,0.436081,0.4361,none,,,False,,14,0,,,
14,34,True,0.345443,0.3454,none,,,False,,14,0,,,
14,24,True,0.277242,0.2772,none,,,False,,14,0,,,
14,57,True,0.673523,0.6735,none,,,False,,14,0,,,
14,79,True,0.293472,0.2935,none,,,False,,14,0,,,
14,10,True,0.379815,0.3798,none,,,False,,14,0,,,
14,55,True,0.885585,0.8856,none,,,False,,14,0,,,
14,81,True,0.414226,0.4142,none,,,False,,14,0,,,
14,78,True,0.494624,0.4946,none,,,False,,14,0,,,
14,38,True,0.64771,0.6477,none,,,False,,14,0,,,
14,14,True,0.36021,0.3602,none,,,False,,14,0,,,
14,45,True,0.493326,0.4933,none,,,False,,14,0,,,
14,62,True,0.829826,0.8298,none,,,False,,14,0,,,
14,56,True,0.268964,0.269,none,,,False,,14,0,,,
14,89,True,0.418693,0.4187,none,,,False,,14,0,,,
14,5,True,0.122165,0.1222,none,,,False,,14,0,,,
14,93,True,0.862708,0.8627,none,,,False,,14,0,,,
14,91,True,0.373801,0.3738,none,,,False,,14,0,,,
14,6,True,0.378088,0.3781,none,,,False,,14,0,,,
14,12,True,0.563232,0.5632,none,,,False,,14,0,,,
14,41,True,0.536233,0.5362,none,,,False,,14,0,,,
14,96,True,0.527453,0.5275,none,,,False,,14,0,,,
14,1,True,0.333885,0.3339,none,,,False,,14,0,,,
14,3,True,0.226784,0.2268,none,,,False,,14,0,,,
14,7,True,0.492276,0.4923,none,,,False,,14,0,,,
14,42,True,0.423295,0.4233,none,,,False,,14,0,,,
14,4,True,0.661245,0.6612,none,,,False,,14,0,,,
14,92,True,0.262069,0.2621,none,,,False,,14,0,,,
14,18,True,0.395785,0.3958,none,,,False,,14,0,,,
14,66,True,0.644618,0.6446,none,,,False,,14,0,,,
14,94,True,0.397191,0.3972,none,,,False,,14,0,,,
14,15,True,0.556699,0.5567,none,,,False,,14,0,,,
14,43,True,0.438839,0.4388,none,,,False,,14,0,,,
14,59,True,0.578931,0.5789,none,,,False,,14,0,,,
14,17,True,0.526542,0.5265,none,,,False,,14,0,,,
14,46,True,0.573936,0.5739,none,,,False,,14,0,,,
14,27,True,0.375792,0.3758,none,,,False,,14,0,,,
14,30,True,0.644263,0.6443,none,,,False,,14,0,,,
14,9,True,0.701642,0.7016,none,,,False,,14,0,,,
14,60,True,1.133659,1.1337,none,,,False,,14,0,,,
14,82,True,0.397541,0.3975,none,,,False,,14,0,,,
14,98,True,0.729881,0.7299,none,,,False,,14,0,,,
14,53,True,0.316197,0.3162,none,,,False,,14,0,,,
15,95,True,0.898983,0.899,none,,,False,,15,0,,,
15,38,True,0.437262,0.4373,none,,,False,,15,0,,,
15,50,True,0.393722,0.3937,none,,,False,,15,0,,,
15,23,True,0.571624,0.5716,none,,,False,,15,0,,,
15,28,True,0.574982,0.575,none,,,False,,15,0,,,
15,68,True,0.104442,0.1044,none,,,False,,15,0,,,
15,53,True,0.313869,0.3139,none,,,False,,15,0,,,
15,93,True,0.822729,0.8227,none,,,False,,15,0,,,
15,17,True,0.600563,0.6006,none,,,False,,15,0,,,
15,78,True,0.72258,0.7226,none,,,False,,15,0,,,
15,27,True,0.41911,0.4191,none,,,False,,15,0,,,
15,76,True,0.512497,0.5125,none,,,False,,15,0,,,
15,86,True,0.431115,0.4311,none,,,False,,15,0,,,
15,80,True,0.382643,0.3826,none,,,False,,15,0,,,
15,20,True,0.384232,0.3842,none,,,False,,15,0,,,
15,39,True,0.923204,0.9232,none,,,False,,15,0,,,
15,59,True,0.455112,0.4551,none,,,False,,15,0,,,
15,77,True,0.397777,0.3978,none,,,False,,15,0,,,
15,71,True,0.38951,0.3895,none,,,False,,15,0,,,
15,90,True,0.653715,0.6537,none,,,False,,15,0,,,
15,96,True,0.678119,0.6781,none,,,False,,15,0,,,
15,4,True,0.694902,0.6949,none,,,False,,15,0,,,
15,46,True,0.670282,0.6703,none,,,False,,15,0,,,
15,32,True,0.369419,0.3694,none,,,False,,15,0,,,
15,88,True,0.411148,0.4111,none,,,False,,15,0,,,
15,13,True,0.395034,0.395,none,,,False,,15,0,,,
15,12,True,0.506323,0.5063,none,,,False,,15,0,,,
15,89,True,0.65806,0.6581,none,,,False,,15,0,,,
15,3,True,0.187577,0.1876,none,,,False,,15,0,,,
15,43,True,0.477023,0.477,none,,,False,,15,0,,,
15,35,True,0.596601,0.5966,none,,,False,,15,0,,,
15,84,True,0.364561,0.3646,none,,,False,,15,0,,,
15,11,True,0.554183,0.5542,none,,,False,,15,0,,,
15,97,True,0.272725,0.2727,none,,,False,,15,0,,,
15,22,True,0.705965,0.706,none,,,False,,15,0,,,
15,64,True,0.749035,0.749,none,,,False,,15,0,,,
15,91,True,0.419435,0.4194,none,,,False,,15,0,,,
15,66,True,0.421115,0.4211,none,,,False,,15,0,,,
15,98,True,0.704647,0.7046,none,,,False,,15,0,,,
15,2,True,0.439796,0.4398,none,,,False,,15,0,,,
15,56,True,0.259799,0.2598,none,,,False,,15,0,,,
15,5,True,0.482405,0.4824,none,,,False,,15,0,,,
15,87,True,0.25185,0.2518,none,,,False,,15,0,,,
15,8,True,0.399834,0.3998,none,,,False,,15,0,,,
15,83,True,0.5507,0.5507,none,,,False,,15,0,,,
15,25,True,0.491691,0.4917,none,,,False,,15,0,,,
15,33,True,0.373454,0.3735,none,,,False,,15,0,,,
15,94,True,0.695288,0.6953,none,,,False,,15,0,,,
15,70,True,0.455717,0.4557,none,,,False,,15,0,,,
15,14,True,0.241628,0.2416,none,,,False,,15,0,,,
16,47,True,0.380521,0.3805,none,,,False,,16,0,,,
16,31,True,1.051404,1.0514,none,,,False,,16,0,,,
16,77,True,0.335503,0.3355,none,,,False,,16,0,,,
16,19,True,0.317978,0.318,none,,,False,,16,0,,,
16,27,True,0.325383,0.3254,none,,,False,,16,0,,,
16,59,True,0.572922,0.5729,none,,,False,,16,0,,,
16,5,True,0.334776,0.3348,none,,,False,,16,0,,,
16,74,True,0.325442,0.3254,none,,,False,,16,0,,,
16,88,True,0.394536,0.3945,none,,,False,,16,0,,,
16,21,True,0.752353,0.7524,none,,,False,,16,0,,,
16,67,True,0.635342,0.6353,none,,,False,,16,0,,,
16,39,True,0.619788,0.6198,none,,,False,,16,0,,,
16,71,True,0.360892,0.3609,none,,,False,,16,0,,,
16,98,True,0.81573,0.8157,none,,,False,,16,0,,,
16,99,True,0.177926,0.1779,none,,,False,,16,0,,,
16,38,True,0.568533,0.5685,none,,,False,,16,0,,,
16,6,True,0.33267,0.3327,none,,,False,,16,0,,,
16,4,True,0.447132,0.4471,none,,,False,,16,0,,,
16,44,True,0.547694,0.5477,none,,,False,,16,0,,,
16,85,True,0.394498,0.3945,none,,,False,,16,0,,,
16,92,True,0.396497,0.3965,none,,,False,,16,0,,,
16,68,True,0.12771,0.1277,none,,,False,,16,0,,,
16,86,True,0.334384,0.3344,none,,,False,,16,0,,,
16,12,True,0.657899,0.6579,none,,,False,,16,0,,,
16,55,True,0.759131,0.7591,none,,,False,,16,0,,,
16,87,True,0.231145,0.2311,none,,,False,,16,0,,,
16,83,True,0.3893,0.3893,none,,,False,,16,0,,,
16,45,True,0.781902,0.7819,none,,,False,,16,0,,,
16,9,True,0.613357,0.6134,none,,,False,,16,0,,,
16,0,True,0.554969,0.555,none,,,False,,16,0,,,
16,72,True,0.666309,0.6663,none,,,False,,16,0,,,
16,97,True,0.212747,0.2127,none,,,False,,16,0,,,
16,46,True,0.718983,0.719,none,,,False,,16,0,,,
16,60,True,0.758942,0.7589,none,,,False,,16,0,,,
16,69,True,0.630061,0.6301,none,,,False,,16,0,,,
16,24,True,0.334985,0.335,none,,,False,,16,0,,,
16,28,True,0.574176,0.5742,none,,,False,,16,0,,,
16,25,True,0.517357,0.5174,none,,,False,,16,0,,,
16,7,True,0.487908,0.4879,none,,,False,,16,0,,,
16,43,True,0.516383,0.5164,none,,,False,,16,0,,,
16,80,True,0.560905,0.5609,none,,,False,,16,0,,,
16,17,True,0.596617,0.5966,none,,,False,,16,0,,,
16,22,True,0.403387,0.4034,none,,,False,,16,0,,,
16,95,True,0.620767,0.6208,none,,,False,,16,0,,,
16,61,True,0.301318,0.3013,none,,,False,,16,0,,,
16,79,True,0.413586,0.4136,none,,,False,,16,0,,,
16,26,True,0.64439,0.6444,none,,,False,,16,0,,,
16,66,True,0.57229,0.5723,none,,,False,,16,0,,,
16,3,True,0.139517,0.1395,none,,,False,,16,0,,,
16,52,True,0.291275,0.2913,none,,,False,,16,0,,,
17,19,True,0.259521,0.2595,none,,,False,,17,0,,,
17,57,True,0.685584,0.6856,none,,,False,,17,0,,,
17,28,True,0.619577,0.6196,none,,,False,,17,0,,,
17,12,True,0.590246,0.5902,none,,,False,,17,0,,,
17,61,True,0.444894,0.4449,none,,,False,,17,0,,,
17,33,True,0.428611,0.4286,none,,,False,,17,0,,,
17,23,True,0.737266,0.7373,none,,,False,,17,0,,,
17,43,True,0.39231,0.3923,none,,,False,,17,0,,,
17,38,True,0.476718,0.4767,none,,,False,,17,0,,,
17,4,True,0.51876,0.5188,none,,,False,,17,0,,,
17,56,True,0.23936,0.2394,none,,,False,,17,0,,,
17,13,True,0.384905,0.3849,none,,,False,,17,0,,,
17,6,True,0.372136,0.3721,none,,,False,,17,0,,,
17,20,True,0.416451,0.4165,none,,,False,,17,0,,,
17,75,True,0.639857,0.6399,none,,,False,,17,0,,,
17,89,True,0.474843,0.4748,none,,,False,,17,0,,,
17,81,True,0.508922,0.5089,none,,,False,,17,0,,,
17,60,True,0.620698,0.6207,none,,,False,,17,0,,,
17,17,True,0.599677,0.5997,none,,,False,,17,0,,,
17,54,True,0.32478,0.3248,none,,,False,,17,0,,,
17,51,True,0.561811,0.5618,none,,,False,,17,0,,,
17,8,True,0.381516,0.3815,none,,,False,,17,0,,,
17,44,True,0.559429,0.5594,none,,,False,,17,0,,,
17,26,True,0.864029,0.864,none,,,False,,17,0,,,
17,47,True,0.322059,0.3221,none,,,False,,17,0,,,
17,83,True,0.520984,0.521,none,,,False,,17,0,,,
17,66,True,0.416983,0.417,none,,,False,,17,0,,,
17,65,True,0.713975,0.714,none,,,False,,17,0,,,
17,36,True,0.585055,0.5851,none,,,False,,17,0,,,
17,9,True,0.73588,0.7359,none,,,False,,17,0,,,
17,53,True,0.196351,0.1964,none,,,False,,17,0,,,
17,76,True,0.605777,0.6058,none,,,False,,17,0,,,
17,29,True,0.340691,0.3407,none,,,False,,17,0,,,
17,42,True,0.514539,0.5145,none,,,False,,17,0,,,
17,86,True,0.507578,0.5076,none,,,False,,17,0,,,
17,46,True,0.707173,0.7072,none,,,False,,17,0,,,
17,68,True,0.207303,0.2073,none,,,False,,17,0,,,
17,31,True,0.78308,0.7831,none,,,False,,17,0,,,
17,90,True,0.696038,0.696,none,,,False,,17,0,,,
17,16,True,0.594381,0.5944,none,,,False,,17,0,,,
17,74,True,0.307859,0.3079,none,,,False,,17,0,,,
17,58,True,0.371893,0.3719,none,,,False,,17,0,,,
17,2,True,0.337552,0.3376,none,,,False,,17,0,,,
17,87,True,0.251518,0.2515,none,,,False,,17,0,,,
17,79,True,0.279327,0.2793,none,,,False,,17,0,,,
17,0,True,0.720202,0.7202,none,,,False,,17,0,,,
17,70,True,0.784025,0.784,none,,,False,,17,0,,,
17,62,True,0.721026,0.721,none,,,False,,17,0,,,
17,34,True,0.304791,0.3048,none,,,False,,17,0,,,
17,24,True,0.014091,0.0141,none,,,False,,17,0,,,
18,59,True,0.524925,0.5249,none,,,False,,18,0,,,
18,7,True,0.480227,0.4802,none,,,False,,18,0,,,
18,97,True,0.232131,0.2321,none,,,False,,18,0,,,
18,19,True,0.306655,0.3067,none,,,False,,18,0,,,
18,23,True,0.658201,0.6582,none,,,False,,18,0,,,
18,34,True,0.29328,0.2933,none,,,False,,18,0,,,
18,56,True,0.293352,0.2934,none,,,False,,18,0,,,
18,31,True,0.739058,0.7391,none,,,False,,18,0,,,
18,87,True,0.249697,0.2497,none,,,False,,18,0,,,
18,8,True,0.302107,0.3021,none,,,False,,18,0,,,
18,24,True,0.278787,0.2788,none,,,False,,18,0,,,
18,70,True,0.802285,0.8023,none,,,False,,18,0,,,
18,35,True,0.597197,0.5972,none,,,False,,18,0,,,
18,15,True,0.645604,0.6456,none,,,False,,18,0,,,
18,75,True,0.567608,0.5676,none,,,False,,18,0,,,
18,55,True,0.906079,0.9061,none,,,False,,18,0,,,
18,53,True,0.338747,0.3387,none,,,False,,18,0,,,
18,98,True,0.720002,0.72,none,,,False,,18,0,,,
18,64,True,0.580403,0.5804,none,,,False,,18,0,,,
18,84,True,0.656763,0.6568,none,,,False,,18,0,,,
18,0,True,0.704598,0.7046,none,,,False,,18,0,,,
18,58,True,0.398875,0.3989,none,,,False,,18,0,,,
18,9,True,0.551481,0.5515,none,,,False,,18,0,,,
18,63,True,0.016606,0.0166,none,,,False,,18,0,,,
18,54,True,0.330251,0.3303,none,,,False,,18,0,,,
18,6,True,0.326394,0.3264,none,,,False,,18,0,,,
18,38,True,0.613669,0.6137,none,,,False,,18,0,,,
18,50,True,0.396416,0.3964,none,,,False,,18,0,,,
18,61,True,0.431992,0.432,none,,,False,,18,0,,,
18,62,True,0.776645,0.7766,none,,,False,,18,0,,,
18,92,True,0.244034,0.244,none,,,False,,18,0,,,
18,71,True,0.326341,0.3263,none,,,False,,18,0,,,
18,44,True,0.580365,0.5804,none,,,False,,18,0,,,
18,89,True,0.433653,0.4337,none,,,False,,18,0,,,
18,93,True,0.592689,0.5927,none,,,False,,18,0,,,
18,40,True,0.420064,0.4201,none,,,False,,18,0,,,
18,3,True,0.176692,0.1767,none,,,False,,18,0,,,
18,46,True,0.712064,0.7121,none,,,False,,18,0,,,
18,16,True,0.545255,0.5453,none,,,False,,18,0,,,
18,72,True,0.719503,0.7195,none,,,False,,18,0,,,
18,12,True,0.611242,0.6112,none,,,False,,18,0,,,
18,88,True,0.404211,0.4042,none,,,False,,18,0,,,
18,21,True,0.904622,0.9046,none,,,False,,18,0,,,
18,27,True,0.344938,0.3449,none,,,False,,18,0,,,
18,60,True,0.79123,0.7912,none,,,False,,18,0,,,
18,96,True,0.53147,0.5315,none,,,False,,18,0,,,
18,79,True,0.307696,0.3077,none,,,False,,18,0,,,
18,11,True,0.609168,0.6092,none,,,False,,18,0,,,
18,18,True,0.29069,0.2907,none,,,False,,18,0,,,
18,32,True,0.45339,0.4534,none,,,False,,18,0,,,
19,16,True,0.534534,0.5345,none,,,False,,19,0,,,
19,72,True,0.728144,0.7281,none,,,False,,19,0,,,
19,29,True,0.308944,0.3089,none,,,False,,19,0,,,
19,9,True,0.5633,0.5633,none,,,False,,19,0,,,
19,60,True,1.018594,1.0186,none,,,False,,19,0,,,
19,42,True,0.479412,0.4794,none,,,False,,19,0,,,
19,78,True,0.630657,0.6307,none,,,False,,19,0,,,
19,87,True,0.262437,0.2624,none,,,False,,19,0,,,
19,33,True,0.063406,0.0634,none,,,False,,19,0,,,
19,79,True,0.261142,0.2611,none,,,False,,19,0,,,
19,41,True,0.460246,0.4602,none,,,False,,19,0,,,
19,59,True,0.571639,0.5716,none,,,False,,19,0,,,
19,70,True,0.757154,0.7572,none,,,False,,19,0,,,
19,54,True,0.382039,0.382,none,,,False,,19,0,,,
19,86,True,0.517597,0.5176,none,,,False,,19,0,,,
19,80,True,0.475882,0.4759,none,,,False,,19,0,,,
19,28,True,0.648135,0.6481,none,,,False,,19,0,,,
19,39,True,1.10052,1.1005,none,,,False,,19,0,,,
19,17,True,0.60011,0.6001,none,,,False,,19,0,,,
19,85,True,0.348551,0.3486,none,,,False,,19,0,,,
19,46,True,0.667352,0.6674,none,,,False,,19,0,,,
19,7,True,0.495536,0.4955,none,,,False,,19,0,,,
19,47,True,0.320387,0.3204,none,,,False,,19,0,,,
19,68,True,0.196064,0.1961,none,,,False,,19,0,,,
19,4,True,0.54527,0.5453,none,,,False,,19,0,,,
19,75,True,0.562087,0.5621,none,,,False,,19,0,,,
19,90,True,0.564907,0.5649,none,,,False,,19,0,,,
19,19,True,0.271856,0.2719,none,,,False,,19,0,,,
19,98,True,0.712449,0.7124,none,,,False,,19,0,,,
19,36,True,0.734434,0.7344,none,,,False,,19,0,,,
19,6,True,0.361852,0.3619,none,,,False,,19,0,,,
19,8,True,0.373575,0.3736,none,,,False,,19,0,,,
19,95,True,0.989349,0.9893,none,,,False,,19,0,,,
19,15,True,0.515899,0.5159,none,,,False,,19,0,,,
19,10,True,0.360976,0.361,none,,,False,,19,0,,,
19,56,True,0.256218,0.2562,none,,,False,,19,0,,,
19,5,True,0.452542,0.4525,none,,,False,,19,0,,,
19,32,True,0.526692,0.5267,none,,,False,,19,0,,,
19,88,True,0.488599,0.4886,none,,,False,,19,0,,,
19,71,True,0.405809,0.4058,none,,,False,,19,0,,,
19,3,True,-0.021869,-0.0219,none,,,False,,19,0,,,
19,81,True,0.530237,0.5302,none,,,False,,19,0,,,
19,99,True,0.067066,0.0671,none,,,False,,19,0,,,
19,82,True,0.300235,0.3002,none,,,False,,19,0,,,
19,35,True,0.629495,0.6295,none,,,False,,19,0,,,
19,13,True,0.45664,0.4566,none,,,False,,19,0,,,
19,30,True,0.565323,0.5653,none,,,False,,19,0,,,
19,22,True,0.661474,0.6615,none,,,False,,19,0,,,
19,62,True,0.66432,0.6643,none,,,False,,19,0,,,
19,0,True,0.631722,0.6317,none,,,False,,19,0,,,
20,25,True,0.459085,0.4591,none,,,False,,20,0,,,
20,66,True,0.493406,0.4934,none,,,False,,20,0,,,
20,55,True,0.959086,0.9591,none,,,False,,20,0,,,
20,7,True,0.49822,0.4982,none,,,False,,20,0,,,
20,79,True,0.377015,0.377,none,,,False,,20,0,,,
20,57,True,0.637818,0.6378,none,,,False,,20,0,,,
20,92,True,0.274328,0.2743,none,,,False,,20,0,,,
20,76,True,0.497816,0.4978,none,,,False,,20,0,,,
20,56,True,0.298737,0.2987,none,,,False,,20,0,,,
20,71,True,0.315776,0.3158,none,,,False,,20,0,,,
20,94,True,0.610295,0.6103,none,,,False,,20,0,,,
20,38,True,0.55489,0.5549,none,,,False,,20,0,,,
20,53,True,-0.05654,-0.0565,none,,,False,,20,0,,,
20,77,True,0.229576,0.2296,none,,,False,,20,0,,,
20,19,True,0.363079,0.3631,none,,,False,,20,0,,,
20,13,True,0.209218,0.2092,none,,,False,,20,0,,,
20,40,True,0.516067,0.5161,none,,,False,,20,0,,,
20,87,True,0.241968,0.242,none,,,False,,20,0,,,
20,97,True,0.245502,0.2455,none,,,False,,20,0,,,
20,99,True,0.021621,0.0216,none,,,False,,20,0,,,
20,37,True,0.421616,0.4216,none,,,False,,20,0,,,
20,91,True,0.444479,0.4445,none,,,False,,20,0,,,
20,62,True,0.800868,0.8009,none,,,False,,20,0,,,
20,74,True,0.165452,0.1655,none,,,False,,20,0,,,
20,51,True,0.624206,0.6242,none,,,False,,20,0,,,
20,72,True,0.383591,0.3836,none,,,False,,20,0,,,
20,27,True,0.237274,0.2373,none,,,False,,20,0,,,
20,30,True,0.588642,0.5886,none,,,False,,20,0,,,
20,22,True,0.643296,0.6433,none,,,False,,20,0,,,
20,78,True,0.647131,0.6471,none,,,False,,20,0,,,
20,86,True,0.352489,0.3525,none,,,False,,20,0,,,
20,54,True,0.315161,0.3152,none,,,False,,20,0,,,
20,10,True,0.54074,0.5407,none,,,False,,20,0,,,
20,39,True,0.654026,0.654,none,,,False,,20,0,,,
20,82,True,0.272041,0.272,none,,,False,,20,0,,,
20,63,True,0.277274,0.2773,none,,,False,,20,0,,,
20,2,True,0.473601,0.4736,none,,,False,,20,0,,,
20,36,True,0.848112,0.8481,none,,,False,,20,0,,,
20,43,True,0.391321,0.3913,none,,,False,,20,0,,,
20,61,True,0.444411,0.4444,none,,,False,,20,0,,,
20,41,True,0.363405,0.3634,none,,,False,,20,0,,,
20,64,True,0.715988,0.716,none,,,False,,20,0,,,
20,98,True,0.592294,0.5923,none,,,False,,20,0,,,
20,45,True,0.724873,0.7249,none,,,False,,20,0,,,
20,15,True,0.549469,0.5495,none,,,False,,20,0,,,
20,46,True,0.701916,0.7019,none,,,False,,20,0,,,
20,5,True,0.213233,0.2132,none,,,False,,20,0,,,
20,96,True,0.297053,0.2971,none,,,False,,20,0,,,
20,50,True,0.13806,0.1381,none,,,False,,20,0,,,
20,18,True,0.428732,0.4287,none,,,False,,20,0,,,
21,36,True,0.566729,0.5667,none,,,False,,21,0,,,
21,89,True,0.539889,0.5399,none,,,False,,21,0,,,
21,31,True,0.621493,0.6215,none,,,False,,21,0,,,
21,98,True,0.590606,0.5906,none,,,False,,21,0,,,
21,88,True,0.418917,0.4189,none,,,False,,21,0,,,
21,50,True,0.491469,0.4915,none,,,False,,21,0,,,
21,37,True,0.723998,0.724,none,,,False,,21,0,,,
21,79,True,0.053264,0.0533,none,,,False,,21,0,,,
21,8,True,0.327468,0.3275,none,,,False,,21,0,,,
21,45,True,0.479503,0.4795,none,,,False,,21,0,,,
21,33,True,0.460736,0.4607,none,,,False,,21,0,,,
21,38,True,0.460501,0.4605,none,,,False,,21,0,,,
21,14,True,0.322272,0.3223,none,,,False,,21,0,,,
21,61,True,0.515949,0.5159,none,,,False,,21,0,,,
21,41,True,0.435267,0.4353,none,,,False,,21,0,,,
21,59,True,0.557619,0.5576,none,,,False,,21,0,,,
21,68,True,0.183314,0.1833,none,,,False,,21,0,,,
21,46,True,0.758101,0.7581,none,,,False,,21,0,,,
21,83,True,0.534722,0.5347,none,,,False,,21,0,,,
21,85,True,0.413422,0.4134,none,,,False,,21,0,,,
21,28,True,0.480657,0.4807,none,,,False,,21,0,,,
21,49,True,0.543452,0.5435,none,,,False,,21,0,,,
21,47,True,0.413079,0.4131,none,,,False,,21,0,,,
21,65,True,0.592172,0.5922,none,,,False,,21,0,,,
21,76,True,0.39613,0.3961,none,,,False,,21,0,,,
21,84,True,0.541399,0.5414,none,,,False,,21,0,,,
21,44,True,0.568327,0.5683,none,,,False,,21,0,,,
21,86,True,0.38282,0.3828,none,,,False,,21,0,,,
21,67,True,0.606037,0.606,none,,,False,,21,0,,,
21,34,True,0.272277,0.2723,none,,,False,,21,0,,,
21,25,True,0.510618,0.5106,none,,,False,,21,0,,,
21,73,True,0.3278,0.3278,none,,,False,,21,0,,,
21,24,True,0.313527,0.3135,none,,,False,,21,0,,,
21,57,True,0.777899,0.7779,none,,,False,,21,0,,,
21,27,True,0.364513,0.3645,none,,,False,,21,0,,,
21,4,True,0.70132,0.7013,none,,,False,,21,0,,,
21,94,True,0.745064,0.7451,none,,,False,,21,0,,,
21,51,True,0.396343,0.3963,none,,,False,,21,0,,,
21,12,True,0.626868,0.6269,none,,,False,,21,0,,,
21,48,True,0.841104,0.8411,none,,,False,,21,0,,,
21,43,True,0.448967,0.449,none,,,False,,21,0,,,
21,52,True,0.309242,0.3092,none,,,False,,21,0,,,
21,32,True,0.48655,0.4866,none,,,False,,21,0,,,
21,11,True,0.620722,0.6207,none,,,False,,21,0,,,
21,72,True,0.435369,0.4354,none,,,False,,21,0,,,
21,40,True,0.383347,0.3833,none,,,False,,21,0,,,
21,60,True,0.733968,0.734,none,,,False,,21,0,,,
21,26,True,0.633075,0.6331,none,,,False,,21,0,,,
21,82,True,0.316865,0.3169,none,,,False,,21,0,,,
21,91,True,0.445757,0.4458,none,,,False,,21,0,,,
22,96,True,0.625423,0.6254,none,,,False,,22,0,,,
22,84,True,0.691791,0.6918,none,,,False,,22,0,,,
22,67,True,0.511837,0.5118,none,,,False,,22,0,,,
22,3,True,0.1528,0.1528,none,,,False,,22,0,,,
22,5,True,0.249197,0.2492,none,,,False,,22,0,,,
22,27,True,0.27885,0.2788,none,,,False,,22,0,,,
22,93,True,0.712343,0.7123,none,,,False,,22,0,,,
22,65,True,0.666448,0.6664,none,,,False,,22,0,,,
22,20,True,0.358889,0.3589,none,,,False,,22,0,,,
22,98,True,0.810012,0.81,none,,,False,,22,0,,,
22,87,True,0.276741,0.2767,none,,,False,,22,0,,,
22,91,True,0.475921,0.4759,none,,,False,,22,0,,,
22,59,True,0.577994,0.578,none,,,False,,22,0,,,
22,90,True,0.438292,0.4383,none,,,False,,22,0,,,
22,36,True,0.697561,0.6976,none,,,False,,22,0,,,
22,16,True,0.371837,0.3718,none,,,False,,22,0,,,
22,70,True,0.762653,0.7627,none,,,False,,22,0,,,
22,7,True,0.43216,0.4322,none,,,False,,22,0,,,
22,43,True,0.492293,0.4923,none,,,False,,22,0,,,
22,86,True,0.472793,0.4728,none,,,False,,22,0,,,
22,75,True,0.801438,0.8014,none,,,False,,22,0,,,
22,63,True,0.268659,0.2687,none,,,False,,22,0,,,
22,42,True,0.44454,0.4445,none,,,False,,22,0,,,
22,25,True,0.498888,0.4989,none,,,False,,22,0,,,
22,57,True,0.428207,0.4282,none,,,False,,22,0,,,
22,51,True,0.534429,0.5344,none,,,False,,22,0,,,
22,58,True,0.421915,0.4219,none,,,False,,22,0,,,
22,81,True,0.414684,0.4147,none,,,False,,22,0,,,
22,12,True,0.502524,0.5025,none,,,False,,22,0,,,
22,76,True,0.649933,0.6499,none,,,False,,22,0,,,
22,53,True,0.219335,0.2193,none,,,False,,22,0,,,
22,41,True,0.352402,0.3524,none,,,False,,22,0,,,
22,54,True,0.362645,0.3626,none,,,False,,22,0,,,
22,92,True,0.296494,0.2965,none,,,False,,22,0,,,
22,47,True,0.486938,0.4869,none,,,False,,22,0,,,
22,68,True,0.145387,0.1454,none,,,False,,22,0,,,
22,80,True,0.530281,0.5303,none,,,False,,22,0,,,
22,40,True,0.497684,0.4977,none,,,False,,22,0,,,
22,50,True,0.310325,0.3103,none,,,False,,22,0,,,
22,46,True,0.737578,0.7376,none,,,False,,22,0,,,
22,39,True,0.97076,0.9708,none,,,False,,22,0,,,
22,52,True,0.269693,0.2697,none,,,False,,22,0,,,
22,8,True,0.202615,0.2026,none,,,False,,22,0,,,
22,13,True,0.379181,0.3792,none,,,False,,22,0,,,
22,28,True,0.4932,0.4932,none,,,False,,22,0,,,
22,82,True,0.164812,0.1648,none,,,False,,22,0,,,
22,35,True,0.389335,0.3893,none,,,False,,22,0,,,
22,10,True,0.441457,0.4415,none,,,False,,22,0,,,
22,69,True,0.580361,0.5804,none,,,False,,22,0,,,
22,83,True,0.536765,0.5368,none,,,False,,22,0,,,
23,15,True,0.555024,0.555,none,,,False,,23,0,,,
23,41,True,0.450823,0.4508,none,,,False,,23,0,,,
23,67,True,0.543468,0.5435,none,,,False,,23,0,,,
23,99,True,0.131393,0.1314,none,,,False,,23,0,,,
23,97,True,0.232298,0.2323,none,,,False,,23,0,,,
23,56,True,0.221582,0.2216,none,,,False,,23,0,,,
23,91,True,0.488409,0.4884,none,,,False,,23,0,,,
23,3,True,0.181612,0.1816,none,,,False,,23,0,,,
23,29,True,0.3774,0.3774,none,,,False,,23,0,,,
23,68,True,0.194183,0.1942,none,,,False,,23,0,,,
23,86,True,0.317799,0.3178,none,,,False,,23,0,,,
23,57,True,0.587018,0.587,none,,,False,,23,0,,,
23,92,True,0.284715,0.2847,none,,,False,,23,0,,,
23,32,True,0.357168,0.3572,none,,,False,,23,0,,,
23,4,True,0.54259,0.5426,none,,,False,,23,0,,,
23,83,True,0.404856,0.4049,none,,,False,,23,0,,,
23,42,True,0.496002,0.496,none,,,False,,23,0,,,
23,9,True,0.682562,0.6826,none,,,False,,23,0,,,
23,1,True,0.390002,0.39,none,,,False,,23,0,,,
23,46,True,0.555494,0.5555,none,,,False,,23,0,,,
23,73,True,0.430868,0.4309,none,,,False,,23,0,,,
23,54,True,0.370108,0.3701,none,,,False,,23,0,,,
23,53,True,-0.102314,-0.1023,none,,,False,,23,0,,,
23,21,True,0.806067,0.8061,none,,,False,,23,0,,,
23,18,True,0.341115,0.3411,none,,,False,,23,0,,,
23,65,True,0.650617,0.6506,none,,,False,,23,0,,,
23,6,True,0.245714,0.2457,none,,,False,,23,0,,,
23,89,True,0.577731,0.5777,none,,,False,,23,0,,,
23,72,True,0.807053,0.8071,none,,,False,,23,0,,,
23,39,True,0.652981,0.653,none,,,False,,23,0,,,
23,14,True,0.313995,0.314,none,,,False,,23,0,,,
23,40,True,0.520938,0.5209,none,,,False,,23,0,,,
23,24,True,0.335476,0.3355,none,,,False,,23,0,,,
23,16,True,0.600277,0.6003,none,,,False,,23,0,,,
23,88,True,0.48528,0.4853,none,,,False,,23,0,,,
23,7,True,0.52617,0.5262,none,,,False,,23,0,,,
23,66,True,0.526642,0.5266,none,,,False,,23,0,,,
23,31,True,0.9938,0.9938,none,,,False,,23,0,,,
23,98,True,0.467961,0.468,none,,,False,,23,0,,,
23,58,True,0.311025,0.311,none,,,False,,23,0,,,
23,30,True,0.506931,0.5069,none,,,False,,23,0,,,
23,2,True,0.496061,0.4961,none,,,False,,23,0,,,
23,37,True,0.675674,0.6757,none,,,False,,23,0,,,
23,33,True,0.376441,0.3764,none,,,False,,23,0,,,
23,50,True,0.322243,0.3222,none,,,False,,23,0,,,
23,48,True,0.616601,0.6166,none,,,False,,23,0,,,
23,75,True,0.823014,0.823,none,,,False,,23,0,,,
23,22,True,0.578182,0.5782,none,,,False,,23,0,,,
23,87,True,0.257202,0.2572,none,,,False,,23,0,,,
23,17,True,0.500507,0.5005,none,,,False,,23,0,,,
24,75,True,0.535478,0.5355,none,,,False,,24,0,,,
24,93,True,0.847923,0.8479,none,,,False,,24,0,,,
24,27,True,0.34863,0.3486,none,,,False,,24,0,,,
24,35,True,0.556557,0.5566,none,,,False,,24,0,,,
24,56,True,0.268156,0.2682,none,,,False,,24,0,,,
24,34,True,0.313825,0.3138,none,,,False,,24,0,,,
24,41,True,0.454928,0.4549,none,,,False,,24,0,,,
24,1,True,0.245335,0.2453,none,,,False,,24,0,,,
24,91,True,0.415433,0.4154,none,,,False,,24,0,,,
24,87,True,0.25132,0.2513,none,,,False,,24,0,,,
24,80,True,0.659766,0.6598,none,,,False,,24,0,,,
24,79,True,0.175134,0.1751,none,,,False,,24,0,,,
24,0,True,0.518473,0.5185,none,,,False,,24,0,,,
24,53,True,0.114582,0.1146,none,,,False,,24,0,,,
24,61,True,0.569255,0.5693,none,,,False,,24,0,,,
24,57,True,0.679535,0.6795,none,,,False,,24,0,,,
24,88,True,0.324243,0.3242,none,,,False,,24,0,,,
24,2,True,0.299859,0.2999,none,,,False,,24,0,,,
24,22,True,0.668785,0.6688,none,,,False,,24,0,,,
24,11,True,0.617341,0.6173,none,,,False,,24,0,,,
24,19,True,0.359693,0.3597,none,,,False,,24,0,,,
24,76,True,0.538045,0.538,none,,,False,,24,0,,,
24,78,True,0.488742,0.4887,none,,,False,,24,0,,,
24,44,True,0.568483,0.5685,none,,,False,,24,0,,,
24,52,True,0.303788,0.3038,none,,,False,,24,0,,,
24,5,True,0.395982,0.396,none,,,False,,24,0,,,
24,98,True,0.51413,0.5141,none,,,False,,24,0,,,
24,69,True,0.725252,0.7253,none,,,False,,24,0,,,
24,10,True,0.538696,0.5387,none,,,False,,24,0,,,
24,58,True,0.313626,0.3136,none,,,False,,24,0,,,
24,16,True,0.648008,0.648,none,,,False,,24,0,,,
24,63,True,0.198535,0.1985,none,,,False,,24,0,,,
24,67,True,0.744828,0.7448,none,,,False,,24,0,,,
24,20,True,0.434089,0.4341,none,,,False,,24,0,,,
24,51,True,0.543079,0.5431,none,,,False,,24,0,,,
24,43,True,0.349841,0.3498,none,,,False,,24,0,,,
24,65,True,0.578552,0.5786,none,,,False,,24,0,,,
24,94,True,0.519267,0.5193,none,,,False,,24,0,,,
24,29,True,0.319213,0.3192,none,,,False,,24,0,,,
24,46,True,0.663979,0.664,none,,,False,,24,0,,,
24,66,True,0.584255,0.5843,none,,,False,,24,0,,,
24,70,True,0.806084,0.8061,none,,,False,,24,0,,,
24,68,True,0.18978,0.1898,none,,,False,,24,0,,,
24,32,True,0.509209,0.5092,none,,,False,,24,0,,,
24,84,True,0.62002,0.62,none,,,False,,24,0,,,
24,13,True,0.349881,0.3499,none,,,False,,24,0,,,
24,59,True,0.383688,0.3837,none,,,False,,24,0,,,
24,97,True,0.279494,0.2795,none,,,False,,24,0,,,
24,74,True,0.230644,0.2306,none,,,False,,24,0,,,
24,73,True,0.236562,0.2366,none,,,False,,24,0,,,
25,27,True,0.284811,0.2848,none,,,False,,25,0,,,
25,88,True,0.584666,0.5847,none,,,False,,25,0,,,
25,94,True,0.57113,0.5711,none,,,False,,25,0,,,
25,23,True,0.520083,0.5201,none,,,False,,25,0,,,
25,34,True,0.278841,0.2788,none,,,False,,25,0,,,
25,11,True,0.392311,0.3923,none,,,False,,25,0,,,
25,32,True,0.345877,0.3459,none,,,False,,25,0,,,
25,58,True,0.407154,0.4072,none,,,False,,25,0,,,
25,96,True,0.603225,0.6032,none,,,False,,25,0,,,
25,15,True,0.629984,0.63,none,,,False,,25,0,,,
25,21,True,0.801344,0.8013,none,,,False,,25,0,,,
25,98,True,0.79943,0.7994,none,,,False,,25,0,,,
25,77,True,0.310046,0.31,none,,,False,,25,0,,,
25,28,True,0.507613,0.5076,none,,,False,,25,0,,,
25,76,True,0.594477,0.5945,none,,,False,,25,0,,,
25,63,True,0.168819,0.1688,none,,,False,,25,0,,,
25,48,True,0.690229,0.6902,none,,,False,,25,0,,,
25,55,True,0.720788,0.7208,none,,,False,,25,0,,,
25,80,True,0.470743,0.4707,none,,,False,,25,0,,,
25,33,True,0.315411,0.3154,none,,,False,,25,0,,,
25,1,True,0.399084,0.3991,none,,,False,,25,0,,,
25,81,True,0.494332,0.4943,none,,,False,,25,0,,,
25,10,True,0.116498,0.1165,none,,,False,,25,0,,,
25,65,True,0.614472,0.6145,none,,,False,,25,0,,,
25,39,True,0.954065,0.9541,none,,,False,,25,0,,,
25,53,True,0.286959,0.287,none,,,False,,25,0,,,
25,3,True,0.119288,0.1193,none,,,False,,25,0,,,
25,9,True,0.794464,0.7945,none,,,False,,25,0,,,
25,86,True,0.512861,0.5129,none,,,False,,25,0,,,
25,95,True,0.722756,0.7228,none,,,False,,25,0,,,
25,37,True,0.486656,0.4867,none,,,False,,25,0,,,
25,72,True,0.75366,0.7537,none,,,False,,25,0,,,
25,50,True,0.321764,0.3218,none,,,False,,25,0,,,
25,6,True,0.370788,0.3708,none,,,False,,25,0,,,
25,84,True,0.622574,0.6226,none,,,False,,25,0,,,
25,18,True,0.465595,0.4656,none,,,False,,25,0,,,
25,87,True,0.281774,0.2818,none,,,False,,25,0,,,
25,5,True,-0.569711,-0.5697,none,,,False,,25,0,,,
25,30,True,0.526753,0.5268,none,,,False,,25,0,,,
25,7,True,0.521191,0.5212,none,,,False,,25,0,,,
25,90,True,0.541882,0.5419,none,,,False,,25,0,,,
25,24,True,0.394693,0.3947,none,,,False,,25,0,,,
25,29,True,0.27544,0.2754,none,,,False,,25,0,,,
25,75,True,0.824939,0.8249,none,,,False,,25,0,,,
25,70,True,0.623386,0.6234,none,,,False,,25,0,,,
25,17,True,0.514925,0.5149,none,,,False,,25,0,,,
25,73,True,0.506115,0.5061,none,,,False,,25,0,,,
25,36,True,0.647088,0.6471,none,,,False,,25,0,,,
25,44,True,0.544813,0.5448,none,,,False,,25,0,,,
25,56,True,0.286462,0.2865,none,,,False,,25,0,,,
26,66,True,0.542891,0.5429,none,,,False,,26,0,,,
26,23,True,0.66084,0.6608,none,,,False,,26,0,,,
26,19,True,0.37822,0.3782,none,,,False,,26,0,,,
26,70,True,0.722072,0.7221,none,,,False,,26,0,,,
26,78,True,0.586302,0.5863,none,,,False,,26,0,,,
26,63,True,0.231597,0.2316,none,,,False,,26,0,,,
26,96,True,0.525135,0.5251,none,,,False,,26,0,,,
26,75,True,0.755627,0.7556,none,,,False,,26,0,,,
26,13,True,0.291135,0.2911,none,,,False,,26,0,,,
26,71,True,0.335455,0.3355,none,,,False,,26,0,,,
26,20,True,0.451334,0.4513,none,,,False,,26,0,,,
26,68,True,0.152495,0.1525,none,,,False,,26,0,,,
26,34,True,0.310574,0.3106,none,,,False,,26,0,,,
26,54,True,0.378064,0.3781,none,,,False,,26,0,,,
26,38,True,0.476833,0.4768,none,,,False,,26,0,,,
26,15,True,0.408554,0.4086,none,,,False,,26,0,,,
26,3,True,0.183937,0.1839,none,,,False,,26,0,,,
26,5,True,0.186583,0.1866,none,,,False,,26,0,,,
26,49,True,0.507479,0.5075,none,,,False,,26,0,,,
26,57,True,0.609513,0.6095,none,,,False,,26,0,,,
26,61,True,0.507924,0.5079,none,,,False,,26,0,,,
26,48,True,0.626065,0.6261,none,,,False,,26,0,,,
26,6,True,0.19052,0.1905,none,,,False,,26,0,,,
26,28,True,0.634005,0.634,none,,,False,,26,0,,,
26,16,True,0.575971,0.576,none,,,False,,26,0,,,
26,18,True,0.386619,0.3866,none,,,False,,26,0,,,
26,92,True,0.305411,0.3054,none,,,False,,26,0,,,
26,1,True,0.440382,0.4404,none,,,False,,26,0,,,
26,45,True,0.5369,0.5369,none,,,False,,26,0,,,
26,98,True,0.549267,0.5493,none,,,False,,26,0,,,
26,77,True,0.373795,0.3738,none,,,False,,26,0,,,
26,4,True,0.434965,0.435,none,,,False,,26,0,,,
26,95,True,0.837526,0.8375,none,,,False,,26,0,,,
26,89,True,0.569043,0.569,none,,,False,,26,0,,,
26,69,True,0.603341,0.6033,none,,,False,,26,0,,,
26,55,True,0.882723,0.8827,none,,,False,,26,0,,,
26,8,True,0.069544,0.0695,none,,,False,,26,0,,,
26,80,True,0.608007,0.608,none,,,False,,26,0,,,
26,91,True,0.445267,0.4453,none,,,False,,26,0,,,
26,33,True,0.353731,0.3537,none,,,False,,26,0,,,
26,62,True,0.840826,0.8408,none,,,False,,26,0,,,
26,79,True,0.302188,0.3022,none,,,False,,26,0,,,
26,97,True,0.252241,0.2522,none,,,False,,26,0,,,
26,42,True,0.589535,0.5895,none,,,False,,26,0,,,
26,25,True,0.496067,0.4961,none,,,False,,26,0,,,
26,9,True,0.647165,0.6472,none,,,False,,26,0,,,
26,59,True,0.609233,0.6092,none,,,False,,26,0,,,
26,73,True,0.288592,0.2886,none,,,False,,26,0,,,
26,51,True,0.571574,0.5716,none,,,False,,26,0,,,
26,81,True,0.389322,0.3893,none,,,False,,26,0,,,
27,61,True,0.257887,0.2579,none,,,False,,27,0,,,
27,33,True,0.356188,0.3562,none,,,False,,27,0,,,
27,41,True,0.509932,0.5099,none,,,False,,27,0,,,
27,73,True,0.373365,0.3734,none,,,False,,27,0,,,
27,94,True,0.760447,0.7604,none,,,False,,27,0,,,
27,62,True,0.726357,0.7264,none,,,False,,27,0,,,
27,34,True,0.323025,0.323,none,,,False,,27,0,,,
27,35,True,0.610093,0.6101,none,,,False,,27,0,,,
27,20,True,0.386623,0.3866,none,,,False,,27,0,,,
27,36,True,0.608598,0.6086,none,,,False,,27,0,,,
27,92,True,0.15379,0.1538,none,,,False,,27,0,,,
27,65,True,0.516578,0.5166,none,,,False,,27,0,,,
27,19,True,0.29032,0.2903,none,,,False,,27,0,,,
27,57,True,0.716391,0.7164,none,,,False,,27,0,,,
27,11,True,0.578459,0.5785,none,,,False,,27,0,,,
27,98,True,0.752584,0.7526,none,,,False,,27,0,,,
27,91,True,0.450721,0.4507,none,,,False,,27,0,,,
27,84,True,0.611916,0.6119,none,,,False,,27,0,,,
27,93,True,0.911139,0.9111,none,,,False,,27,0,,,
27,52,True,0.224893,0.2249,none,,,False,,27,0,,,
27,1,True,0.223198,0.2232,none,,,False,,27,0,,,
27,17,True,0.625818,0.6258,none,,,False,,27,0,,,
27,31,True,0.764542,0.7645,none,,,False,,27,0,,,
27,54,True,0.354892,0.3549,none,,,False,,27,0,,,
27,66,True,0.59767,0.5977,none,,,False,,27,0,,,
27,7,True,0.535302,0.5353,none,,,False,,27,0,,,
27,22,True,0.383283,0.3833,none,,,False,,27,0,,,
27,24,True,0.328998,0.329,none,,,False,,27,0,,,
27,78,True,0.449875,0.4499,none,,,False,,27,0,,,
27,8,True,0.182515,0.1825,none,,,False,,27,0,,,
27,86,True,0.514673,0.5147,none,,,False,,27,0,,,
27,87,True,0.309477,0.3095,none,,,False,,27,0,,,
27,39,True,1.035645,1.0356,none,,,False,,27,0,,,
27,38,True,0.478011,0.478,none,,,False,,27,0,,,
27,83,True,0.304007,0.304,none,,,False,,27,0,,,
27,63,True,0.275037,0.275,none,,,False,,27,0,,,
27,46,True,0.733562,0.7336,none,,,False,,27,0,,,
27,4,True,0.235606,0.2356,none,,,False,,27,0,,,
27,58,True,0.486121,0.4861,none,,,False,,27,0,,,
27,82,True,0.3958,0.3958,none,,,False,,27,0,,,
27,89,True,0.367412,0.3674,none,,,False,,27,0,,,
27,64,True,0.684907,0.6849,none,,,False,,27,0,,,
27,0,True,0.722769,0.7228,none,,,False,,27,0,,,
27,67,True,0.651628,0.6516,none,,,False,,27,0,,,
27,9,True,0.565333,0.5653,none,,,False,,27,0,,,
27,18,True,0.351171,0.3512,none,,,False,,27,0,,,
27,70,True,0.767182,0.7672,none,,,False,,27,0,,,
27,32,True,0.371842,0.3718,none,,,False,,27,0,,,
27,44,True,0.487696,0.4877,none,,,False,,27,0,,,
27,56,True,0.335906,0.3359,none,,,False,,27,0,,,
28,45,True,0.638484,0.6385,none,,,False,,28,0,,,
28,41,True,0.452873,0.4529,none,,,False,,28,0,,,
28,86,True,0.405943,0.4059,none,,,False,,28,0,,,
28,89,True,0.549374,0.5494,none,,,False,,28,0,,,
28,83,True,0.514898,0.5149,none,,,False,,28,0,,,
28,5,True,0.238347,0.2383,none,,,False,,28,0,,,
28,24,True,0.27483,0.2748,none,,,False,,28,0,,,
28,92,True,0.296687,0.2967,none,,,False,,28,0,,,
28,42,True,0.500532,0.5005,none,,,False,,28,0,,,
28,40,True,0.462077,0.4621,none,,,False,,28,0,,,
28,60,True,0.825818,0.8258,none,,,False,,28,0,,,
28,97,True,0.254271,0.2543,none,,,False,,28,0,,,
28,11,True,0.506628,0.5066,none,,,False,,28,0,,,
28,49,True,0.443623,0.4436,none,,,False,,28,0,,,
28,43,True,0.35246,0.3525,none,,,False,,28,0,,,
28,85,True,0.353753,0.3538,none,,,False,,28,0,,,
28,10,True,0.323764,0.3238,none,,,False,,28,0,,,
28,3,True,0.209612,0.2096,none,,,False,,28,0,,,
28,51,True,0.455413,0.4554,none,,,False,,28,0,,,
28,67,True,0.583797,0.5838,none,,,False,,28,0,,,
28,35,True,0.550122,0.5501,none,,,False,,28,0,,,
28,15,True,0.520892,0.5209,none,,,False,,28,0,,,
28,82,True,0.177429,0.1774,none,,,False,,28,0,,,
28,20,True,0.446475,0.4465,none,,,False,,28,0,,,
28,48,True,0.612484,0.6125,none,,,False,,28,0,,,
28,94,True,0.558865,0.5589,none,,,False,,28,0,,,
28,28,True,0.265334,0.2653,none,,,False,,28,0,,,
28,18,True,0.415105,0.4151,none,,,False,,28,0,,,
28,91,True,0.454228,0.4542,none,,,False,,28,0,,,
28,34,True,0.234518,0.2345,none,,,False,,28,0,,,
28,74,True,0.277544,0.2775,none,,,False,,28,0,,,
28,62,True,0.644281,0.6443,none,,,False,,28,0,,,
28,46,True,0.441058,0.4411,none,,,False,,28,0,,,
28,21,True,0.842765,0.8428,none,,,False,,28,0,,,
28,8,True,0.338996,0.339,none,,,False,,28,0,,,
28,14,True,0.282714,0.2827,none,,,False,,28,0,,,
28,19,True,0.36925,0.3692,none,,,False,,28,0,,,
28,33,True,0.352148,0.3521,none,,,False,,28,0,,,
28,31,True,0.908828,0.9088,none,,,False,,28,0,,,
28,73,True,0.425269,0.4253,none,,,False,,28,0,,,
28,87,True,0.275312,0.2753,none,,,False,,28,0,,,
28,29,True,0.255964,0.256,none,,,False,,28,0,,,
28,76,True,0.493207,0.4932,none,,,False,,28,0,,,
28,78,True,0.590946,0.5909,none,,,False,,28,0,,,
28,99,True,0.182015,0.182,none,,,False,,28,0,,,
28,77,True,0.174535,0.1745,none,,,False,,28,0,,,
28,66,True,0.479587,0.4796,none,,,False,,28,0,,,
28,38,True,0.476076,0.4761,none,,,False,,28,0,,,
28,0,True,0.588131,0.5881,none,,,False,,28,0,,,
28,44,True,0.422678,0.4227,none,,,False,,28,0,,,
29,3,True,0.220058,0.2201,none,,,False,,29,0,,,
29,58,True,0.281683,0.2817,none,,,False,,29,0,,,
29,94,True,0.557112,0.5571,none,,,False,,29,0,,,
29,85,True,0.261626,0.2616,none,,,False,,29,0,,,
29,84,True,0.5081,0.5081,none,,,False,,29,0,,,
29,77,True,0.219115,0.2191,none,,,False,,29,0,,,
29,34,True,0.205467,0.2055,none,,,False,,29,0,,,
29,16,True,0.46497,0.465,none,,,False,,29,0,,,
29,65,True,0.630956,0.631,none,,,False,,29,0,,,
29,75,True,0.712683,0.7127,none,,,False,,29,0,,,
29,48,True,0.804111,0.8041,none,,,False,,29,0,,,
29,81,True,0.650674,0.6507,none,,,False,,29,0,,,
29,37,True,0.524598,0.5246,none,,,False,,29,0,,,
29,28,True,0.476394,0.4764,none,,,False,,29,0,,,
29,98,True,0.672942,0.6729,none,,,False,,29,0,,,
29,14,True,0.241731,0.2417,none,,,False,,29,0,,,
29,71,True,0.394929,0.3949,none,,,False,,29,0,,,
29,82,True,0.202692,0.2027,none,,,False,,29,0,,,
29,46,True,0.508672,0.5087,none,,,False,,29,0,,,
29,12,True,0.579924,0.5799,none,,,False,,29,0,,,
29,17,True,0.467568,0.4676,none,,,False,,29,0,,,
29,4,True,0.36798,0.368,none,,,False,,29,0,,,
29,89,True,0.495831,0.4958,none,,,False,,29,0,,,
29,2,True,0.305493,0.3055,none,,,False,,29,0,,,
29,19,True,0.338619,0.3386,none,,,False,,29,0,,,
29,27,True,0.335911,0.3359,none,,,False,,29,0,,,
29,41,True,0.355757,0.3558,none,,,False,,29,0,,,
29,79,True,0.366135,0.3661,none,,,False,,29,0,,,
29,51,True,0.515259,0.5153,none,,,False,,29,0,,,
29,24,True,0.230157,0.2302,none,,,False,,29,0,,,
29,36,True,0.845517,0.8455,none,,,False,,29,0,,,
29,40,True,0.313811,0.3138,none,,,False,,29,0,,,
29,57,True,0.613122,0.6131,none,,,False,,29,0,,,
29,49,True,0.456006,0.456,none,,,False,,29,0,,,
29,95,True,0.934154,0.9342,none,,,False,,29,0,,,
29,47,True,0.429868,0.4299,none,,,False,,29,0,,,
29,67,True,0.650801,0.6508,none,,,False,,29,0,,,
29,78,True,0.621318,0.6213,none,,,False,,29,0,,,
29,9,True,0.551294,0.5513,none,,,False,,29,0,,,
29,11,True,0.495318,0.4953,none,,,False,,29,0,,,
29,92,True,0.362236,0.3622,none,,,False,,29,0,,,
29,96,True,0.537744,0.5377,none,,,False,,29,0,,,
29,22,True,0.611432,0.6114,none,,,False,,29,0,,,
29,10,True,0.568293,0.5683,none,,,False,,29,0,,,
29,56,True,0.298894,0.2989,none,,,False,,29,0,,,
29,80,True,0.608227,0.6082,none,,,False,,29,0,,,
29,59,True,0.563052,0.5631,none,,,False,,29,0,,,
29,15,True,0.590104,0.5901,none,,,False,,29,0,,,
29,23,True,0.552581,0.5526,none,,,False,,29,0,,,
29,87,True,0.27367,0.2737,none,,,False,,29,0,,,
30,4,True,0.626409,0.6264,none,,,False,,30,0,,,
30,66,True,0.525425,0.5254,none,,,False,,30,0,,,
30,58,True,0.480109,0.4801,none,,,False,,30,0,,,
30,37,True,0.573887,0.5739,none,,,False,,30,0,,,
30,82,True,0.29418,0.2942,none,,,False,,30,0,,,
30,55,True,0.73926,0.7393,none,,,False,,30,0,,,
30,96,True,0.569452,0.5695,none,,,False,,30,0,,,
30,72,True,0.715915,0.7159,none,,,False,,30,0,,,
30,0,True,0.611814,0.6118,none,,,False,,30,0,,,
30,32,True,0.386972,0.387,none,,,False,,30,0,,,
30,3,True,0.105302,0.1053,none,,,False,,30,0,,,
30,20,True,0.329594,0.3296,none,,,False,,30,0,,,
30,46,True,0.687332,0.6873,none,,,False,,30,0,,,
30,74,True,0.223482,0.2235,none,,,False,,30,0,,,
30,77,True,0.353176,0.3532,none,,,False,,30,0,,,
30,56,True,0.244875,0.2449,none,,,False,,30,0,,,
30,29,True,0.322642,0.3226,none,,,False,,30,0,,,
30,34,True,0.329339,0.3293,none,,,False,,30,0,,,
30,39,True,1.159168,1.1592,none,,,False,,30,0,,,
30,53,True,0.353386,0.3534,none,,,False,,30,0,,,
30,76,True,0.552827,0.5528,none,,,False,,30,0,,,
30,22,True,0.551657,0.5517,none,,,False,,30,0,,,
30,68,True,0.077771,0.0778,none,,,False,,30,0,,,
30,14,True,0.079548,0.0795,none,,,False,,30,0,,,
30,91,True,0.433029,0.433,none,,,False,,30,0,,,
30,10,True,0.564452,0.5645,none,,,False,,30,0,,,
30,51,True,0.545895,0.5459,none,,,False,,30,0,,,
30,49,True,0.396787,0.3968,none,,,False,,30,0,,,
30,61,True,0.419196,0.4192,none,,,False,,30,0,,,
30,42,True,0.353781,0.3538,none,,,False,,30,0,,,
30,2,True,0.399029,0.399,none,,,False,,30,0,,,
30,97,True,0.190945,0.1909,none,,,False,,30,0,,,
30,30,True,0.519328,0.5193,none,,,False,,30,0,,,
30,24,True,0.318707,0.3187,none,,,False,,30,0,,,
30,16,True,0.650739,0.6507,none,,,False,,30,0,,,
30,11,True,0.50703,0.507,none,,,False,,30,0,,,
30,31,True,0.862442,0.8624,none,,,False,,30,0,,,
30,60,True,1.224205,1.2242,none,,,False,,30,0,,,
30,87,True,0.252289,0.2523,none,,,False,,30,0,,,
30,90,True,0.618432,0.6184,none,,,False,,30,0,,,
30,28,True,0.552223,0.5522,none,,,False,,30,0,,,
30,93,True,0.775827,0.7758,none,,,False,,30,0,,,
30,18,True,0.418836,0.4188,none,,,False,,30,0,,,
30,59,True,0.51928,0.5193,none,,,False,,30,0,,,
30,35,True,0.469874,0.4699,none,,,False,,30,0,,,
30,71,True,0.406078,0.4061,none,,,False,,30,0,,,
30,17,True,0.587422,0.5874,none,,,False,,30,0,,,
30,25,True,0.326158,0.3262,none,,,False,,30,0,,,
30,99,True,0.160541,0.1605,none,,,False,,30,0,,,
30,1,True,0.38759,0.3876,none,,,False,,30,0,,,
31,71,True,0.371327,0.3713,none,,,False,,31,0,,,
31,24,True,0.28505,0.285,none,,,False,,31,0,,,
31,61,True,0.360774,0.3608,none,,,False,,31,0,,,
31,34,True,0.270715,0.2707,none,,,False,,31,0,,,
31,72,True,0.453634,0.4536,none,,,False,,31,0,,,
31,74,True,0.099124,0.0991,none,,,False,,31,0,,,
31,80,True,0.536596,0.5366,none,,,False,,31,0,,,
31,33,True,0.340477,0.3405,none,,,False,,31,0,,,
31,21,True,0.751102,0.7511,none,,,False,,31,0,,,
31,94,True,0.530326,0.5303,none,,,False,,31,0,,,
31,96,True,0.576564,0.5766,none,,,False,,31,0,,,
31,64,True,0.636532,0.6365,none,,,False,,31,0,,,
31,18,True,0.438889,0.4389,none,,,False,,31,0,,,
31,10,True,0.447011,0.447,none,,,False,,31,0,,,
31,16,True,0.437746,0.4377,none,,,False,,31,0,,,
31,14,True,0.132696,0.1327,none,,,False,,31,0,,,
31,73,True,0.333199,0.3332,none,,,False,,31,0,,,
31,66,True,0.542837,0.5428,none,,,False,,31,0,,,
31,67,True,0.587117,0.5871,none,,,False,,31,0,,,
31,25,True,0.491584,0.4916,none,,,False,,31,0,,,
31,70,True,0.771845,0.7718,none,,,False,,31,0,,,
31,27,True,0.344617,0.3446,none,,,False,,31,0,,,
31,81,True,0.552017,0.552,none,,,False,,31,0,,,
31,2,True,0.469515,0.4695,none,,,False,,31,0,,,
31,77,True,0.289986,0.29,none,,,False,,31,0,,,
31,76,True,0.485608,0.4856,none,,,False,,31,0,,,
31,68,True,0.156712,0.1567,none,,,False,,31,0,,,
31,92,True,0.387289,0.3873,none,,,False,,31,0,,,
31,3,True,0.216192,0.2162,none,,,False,,31,0,,,
31,55,True,0.822359,0.8224,none,,,False,,31,0,,,
31,90,True,0.602277,0.6023,none,,,False,,31,0,,,
31,17,True,0.292213,0.2922,none,,,False,,31,0,,,
31,13,True,0.276535,0.2765,none,,,False,,31,0,,,
31,50,True,0.063914,0.0639,none,,,False,,31,0,,,
31,52,True,0.317497,0.3175,none,,,False,,31,0,,,
31,42,True,0.49791,0.4979,none,,,False,,31,0,,,
31,12,True,0.512593,0.5126,none,,,False,,31,0,,,
31,0,True,0.667097,0.6671,none,,,False,,31,0,,,
31,84,True,0.614908,0.6149,none,,,False,,31,0,,,
31,79,True,0.445625,0.4456,none,,,False,,31,0,,,
31,56,True,0.300984,0.301,none,,,False,,31,0,,,
31,37,True,0.567135,0.5671,none,,,False,,31,0,,,
31,36,True,0.90018,0.9002,none,,,False,,31,0,,,
31,47,True,0.468286,0.4683,none,,,False,,31,0,,,
31,30,True,0.565871,0.5659,none,,,False,,31,0,,,
31,97,True,0.283089,0.2831,none,,,False,,31,0,,,
31,78,True,0.570009,0.57,none,,,False,,31,0,,,
31,38,True,0.527904,0.5279,none,,,False,,31,0,,,
31,89,True,0.5147,0.5147,none,,,False,,31,0,,,
31,22,True,0.680824,0.6808,none,,,False,,31,0,,,
32,65,True,0.507009,0.507,none,,,False,,32,0,,,
32,93,True,0.764676,0.7647,none,,,False,,32,0,,,
32,27,True,0.227168,0.2272,none,,,False,,32,0,,,
32,18,True,0.401209,0.4012,none,,,False,,32,0,,,
32,20,True,0.437534,0.4375,none,,,False,,32,0,,,
32,87,True,0.374548,0.3745,none,,,False,,32,0,,,
32,12,True,0.3317,0.3317,none,,,False,,32,0,,,
32,35,True,0.417031,0.417,none,,,False,,32,0,,,
32,54,True,0.349467,0.3495,none,,,False,,32,0,,,
32,85,True,0.361841,0.3618,none,,,False,,32,0,,,
32,94,True,0.511139,0.5111,none,,,False,,32,0,,,
32,24,True,0.190472,0.1905,none,,,False,,32,0,,,
32,67,True,0.462138,0.4621,none,,,False,,32,0,,,
32,60,True,1.007729,1.0077,none,,,False,,32,0,,,
32,82,True,0.314302,0.3143,none,,,False,,32,0,,,
32,44,True,0.588849,0.5888,none,,,False,,32,0,,,
32,55,True,0.659905,0.6599,none,,,False,,32,0,,,
32,0,True,0.676821,0.6768,none,,,False,,32,0,,,
32,38,True,0.426373,0.4264,none,,,False,,32,0,,,
32,77,True,0.258189,0.2582,none,,,False,,32,0,,,
32,79,True,-0.607458,-0.6075,none,,,False,,32,0,,,
32,41,True,0.488617,0.4886,none,,,False,,32,0,,,
32,49,True,0.568904,0.5689,none,,,False,,32,0,,,
32,76,True,0.617491,0.6175,none,,,False,,32,0,,,
32,37,True,0.55932,0.5593,none,,,False,,32,0,,,
32,50,True,0.273569,0.2736,none,,,False,,32,0,,,
32,1,True,0.320736,0.3207,none,,,False,,32,0,,,
32,6,True,0.404707,0.4047,none,,,False,,32,0,,,
32,61,True,0.277703,0.2777,none,,,False,,32,0,,,
32,13,True,0.330778,0.3308,none,,,False,,32,0,,,
32,46,True,0.717993,0.718,none,,,False,,32,0,,,
32,32,True,0.346307,0.3463,none,,,False,,32,0,,,
32,16,True,0.432565,0.4326,none,,,False,,32,0,,,
32,56,True,0.276691,0.2767,none,,,False,,32,0,,,
32,53,True,0.352404,0.3524,none,,,False,,32,0,,,
32,33,True,0.36034,0.3603,none,,,False,,32,0,,,
32,19,True,0.274432,0.2744,none,,,False,,32,0,,,
32,14,True,0.28008,0.2801,none,,,False,,32,0,,,
32,75,True,0.662857,0.6629,none,,,False,,32,0,,,
32,28,True,0.541531,0.5415,none,,,False,,32,0,,,
32,36,True,0.335701,0.3357,none,,,False,,32,0,,,
32,2,True,0.391623,0.3916,none,,,False,,32,0,,,
32,74,True,0.267598,0.2676,none,,,False,,32,0,,,
32,97,True,0.253763,0.2538,none,,,False,,32,0,,,
32,8,True,0.311827,0.3118,none,,,False,,32,0,,,
32,9,True,0.735603,0.7356,none,,,False,,32,0,,,
32,42,True,0.498796,0.4988,none,,,False,,32,0,,,
32,10,True,0.6123,0.6123,none,,,False,,32,0,,,
32,39,True,1.201773,1.2018,none,,,False,,32,0,,,
32,5,True,0.209688,0.2097,none,,,False,,32,0,,,
33,69,True,0.586805,0.5868,none,,,False,,33,0,,,
33,2,True,0.523069,0.5231,none,,,False,,33,0,,,
33,78,True,0.662209,0.6622,none,,,False,,33,0,,,
33,62,True,0.843205,0.8432,none,,,False,,33,0,,,
33,3,True,0.213719,0.2137,none,,,False,,33,0,,,
33,52,True,0.309471,0.3095,none,,,False,,33,0,,,
33,17,True,0.561291,0.5613,none,,,False,,33,0,,,
33,93,True,0.612881,0.6129,none,,,False,,33,0,,,
33,97,True,0.2619,0.2619,none,,,False,,33,0,,,
33,33,True,0.329294,0.3293,none,,,False,,33,0,,,
33,12,True,0.610766,0.6108,none,,,False,,33,0,,,
33,76,True,0.506399,0.5064,none,,,False,,33,0,,,
33,90,True,0.378856,0.3789,none,,,False,,33,0,,,
33,61,True,0.455466,0.4555,none,,,False,,33,0,,,
33,0,True,0.519108,0.5191,none,,,False,,33,0,,,
33,94,True,0.54748,0.5475,none,,,False,,33,0,,,
33,84,True,0.437692,0.4377,none,,,False,,33,0,,,
33,14,True,0.289629,0.2896,none,,,False,,33,0,,,
33,44,True,0.520126,0.5201,none,,,False,,33,0,,,
33,42,True,0.589038,0.589,none,,,False,,33,0,,,
33,79,True,0.400018,0.4,none,,,False,,33,0,,,
33,11,True,0.566627,0.5666,none,,,False,,33,0,,,
33,68,True,0.062365,0.0624,none,,,False,,33,0,,,
33,58,True,0.252684,0.2527,none,,,False,,33,0,,,
33,85,True,0.293879,0.2939,none,,,False,,33,0,,,
33,41,True,0.288916,0.2889,none,,,False,,33,0,,,
33,32,True,0.448086,0.4481,none,,,False,,33,0,,,
33,7,True,0.341419,0.3414,none,,,False,,33,0,,,
33,72,True,0.680444,0.6804,none,,,False,,33,0,,,
33,70,True,0.691097,0.6911,none,,,False,,33,0,,,
33,27,True,0.34003,0.34,none,,,False,,33,0,,,
33,35,True,0.363566,0.3636,none,,,False,,33,0,,,
33,77,True,0.247536,0.2475,none,,,False,,33,0,,,
33,26,True,0.723762,0.7238,none,,,False,,33,0,,,
33,88,True,0.396094,0.3961,none,,,False,,33,0,,,
33,64,True,0.556147,0.5561,none,,,False,,33,0,,,
33,21,True,0.757839,0.7578,none,,,False,,33,0,,,
33,46,True,0.682775,0.6828,none,,,False,,33,0,,,
33,57,True,0.680337,0.6803,none,,,False,,33,0,,,
33,5,True,0.467686,0.4677,none,,,False,,33,0,,,
33,39,True,0.850342,0.8503,none,,,False,,33,0,,,
33,80,True,0.669402,0.6694,none,,,False,,33,0,,,
33,56,True,0.253957,0.254,none,,,False,,33,0,,,
33,98,True,0.68549,0.6855,none,,,False,,33,0,,,
33,48,True,0.772619,0.7726,none,,,False,,33,0,,,
33,40,True,0.555945,0.5559,none,,,False,,33,0,,,
33,19,True,0.416666,0.4167,none,,,False,,33,0,,,
33,54,True,0.263933,0.2639,none,,,False,,33,0,,,
33,37,True,0.539947,0.5399,none,,,False,,33,0,,,
33,99,True,-0.031735,-0.0317,none,,,False,,33,0,,,
34,17,True,0.394472,0.3945,none,,,False,,34,0,,,
34,27,True,0.314261,0.3143,none,,,False,,34,0,,,
34,52,True,0.342963,0.343,none,,,False,,34,0,,,
34,5,True,0.197414,0.1974,none,,,False,,34,0,,,
34,84,True,0.621613,0.6216,none,,,False,,34,0,,,
34,28,True,0.662563,0.6626,none,,,False,,34,0,,,
34,10,True,0.341747,0.3417,none,,,False,,34,0,,,
34,42,True,0.529958,0.53,none,,,False,,34,0,,,
34,26,True,0.530874,0.5309,none,,,False,,34,0,,,
34,98,True,0.685865,0.6859,none,,,False,,34,0,,,
34,87,True,0.308309,0.3083,none,,,False,,34,0,,,
34,64,True,0.784149,0.7841,none,,,False,,34,0,,,
34,38,True,0.434265,0.4343,none,,,False,,34,0,,,
34,1,True,0.397693,0.3977,none,,,False,,34,0,,,
34,65,True,0.570977,0.571,none,,,False,,34,0,,,
34,91,True,0.432582,0.4326,none,,,False,,34,0,,,
34,29,True,0.241981,0.242,none,,,False,,34,0,,,
34,54,True,0.387245,0.3872,none,,,False,,34,0,,,
34,60,True,1.075122,1.0751,none,,,False,,34,0,,,
34,39,True,0.872165,0.8722,none,,,False,,34,0,,,
34,74,True,0.326239,0.3262,none,,,False,,34,0,,,
34,89,True,0.389119,0.3891,none,,,False,,34,0,,,
34,76,True,0.648577,0.6486,none,,,False,,34,0,,,
34,77,True,0.247903,0.2479,none,,,False,,34,0,,,
34,96,True,0.426073,0.4261,none,,,False,,34,0,,,
34,14,True,0.257151,0.2572,none,,,False,,34,0,,,
34,25,True,0.411548,0.4115,none,,,False,,34,0,,,
34,8,True,0.252791,0.2528,none,,,False,,34,0,,,
34,4,True,0.545594,0.5456,none,,,False,,34,0,,,
34,36,True,0.606209,0.6062,none,,,False,,34,0,,,
34,33,True,0.339958,0.34,none,,,False,,34,0,,,
34,3,True,0.101177,0.1012,none,,,False,,34,0,,,
34,47,True,0.426926,0.4269,none,,,False,,34,0,,,
34,94,True,0.538487,0.5385,none,,,False,,34,0,,,
34,73,True,0.414686,0.4147,none,,,False,,34,0,,,
34,81,True,0.511938,0.5119,none,,,False,,34,0,,,
34,50,True,0.365611,0.3656,none,,,False,,34,0,,,
34,11,True,0.367466,0.3675,none,,,False,,34,0,,,
34,20,True,0.133884,0.1339,none,,,False,,34,0,,,
34,99,True,0.167907,0.1679,none,,,False,,34,0,,,
34,67,True,0.598698,0.5987,none,,,False,,34,0,,,
34,68,True,0.160327,0.1603,none,,,False,,34,0,,,
34,58,True,0.44496,0.445,none,,,False,,34,0,,,
34,32,True,0.450159,0.4502,none,,,False,,34,0,,,
34,49,True,0.561926,0.5619,none,,,False,,34,0,,,
34,83,True,0.299338,0.2993,none,,,False,,34,0,,,
34,62,True,0.652315,0.6523,none,,,False,,34,0,,,
34,41,True,0.400006,0.4,none,,,False,,34,0,,,
34,6,True,0.377107,0.3771,none,,,False,,34,0,,,
34,7,True,0.389651,0.3897,none,,,False,,34,0,,,
35,24,True,0.263118,0.2631,none,,,False,,35,0,,,
35,45,True,0.664304,0.6643,none,,,False,,35,0,,,
35,0,True,0.856144,0.8561,none,,,False,,35,0,,,
35,4,True,0.445272,0.4453,none,,,False,,35,0,,,
35,23,True,0.532591,0.5326,none,,,False,,35,0,,,
35,76,True,0.328419,0.3284,none,,,False,,35,0,,,
35,1,True,0.404524,0.4045,none,,,False,,35,0,,,
35,13,True,0.208011,0.208,none,,,False,,35,0,,,
35,94,True,0.491037,0.491,none,,,False,,35,0,,,
35,53,True,0.231793,0.2318,none,,,False,,35,0,,,
35,68,True,0.128081,0.1281,none,,,False,,35,0,,,
35,66,True,0.371448,0.3714,none,,,False,,35,0,,,
35,20,True,0.485994,0.486,none,,,False,,35,0,,,
35,87,True,0.322093,0.3221,none,,,False,,35,0,,,
35,32,True,0.473393,0.4734,none,,,False,,35,0,,,
35,43,True,0.381511,0.3815,none,,,False,,35,0,,,
35,49,True,0.494623,0.4946,none,,,False,,35,0,,,
35,72,True,0.655367,0.6554,none,,,False,,35,0,,,
35,29,True,0.35604,0.356,none,,,False,,35,0,,,
35,47,True,0.389412,0.3894,none,,,False,,35,0,,,
35,27,True,0.323659,0.3237,none,,,False,,35,0,,,
35,11,True,0.420027,0.42,none,,,False,,35,0,,,
35,5,True,0.376443,0.3764,none,,,False,,35,0,,,
35,78,True,0.674511,0.6745,none,,,False,,35,0,,,
35,28,True,0.500317,0.5003,none,,,False,,35,0,,,
35,54,True,0.220997,0.221,none,,,False,,35,0,,,
35,81,True,0.531176,0.5312,none,,,False,,35,0,,,
35,71,True,0.375801,0.3758,none,,,False,,35,0,,,
35,58,True,0.25993,0.2599,none,,,False,,35,0,,,
35,15,True,0.437581,0.4376,none,,,False,,35,0,,,
35,9,True,0.631728,0.6317,none,,,False,,35,0,,,
35,74,True,0.273147,0.2731,none,,,False,,35,0,,,
35,85,True,0.45849,0.4585,none,,,False,,35,0,,,
35,48,True,0.726245,0.7262,none,,,False,,35,0,,,
35,55,True,0.878117,0.8781,none,,,False,,35,0,,,
35,17,True,0.393913,0.3939,none,,,False,,35,0,,,
35,52,True,0.332181,0.3322,none,,,False,,35,0,,,
35,19,True,0.429354,0.4294,none,,,False,,35,0,,,
35,64,True,0.533474,0.5335,none,,,False,,35,0,,,
35,97,True,0.30562,0.3056,none,,,False,,35,0,,,
35,8,True,0.413092,0.4131,none,,,False,,35,0,,,
35,56,True,0.243623,0.2436,none,,,False,,35,0,,,
35,89,True,0.541651,0.5417,none,,,False,,35,0,,,
35,90,True,0.681154,0.6812,none,,,False,,35,0,,,
35,80,True,0.602515,0.6025,none,,,False,,35,0,,,
35,21,True,0.61702,0.617,none,,,False,,35,0,,,
35,14,True,0.35718,0.3572,none,,,False,,35,0,,,
35,79,True,0.326527,0.3265,none,,,False,,35,0,,,
35,50,True,0.494055,0.4941,none,,,False,,35,0,,,
35,44,True,0.499631,0.4996,none,,,False,,35,0,,,
36,21,True,0.764265,0.7643,none,,,False,,36,0,,,
36,20,True,0.266908,0.2669,none,,,False,,36,0,,,
36,79,True,0.225662,0.2257,none,,,False,,36,0,,,
36,72,True,0.730591,0.7306,none,,,False,,36,0,,,
36,55,True,0.803967,0.804,none,,,False,,36,0,,,
36,19,True,0.390075,0.3901,none,,,False,,36,0,,,
36,92,True,0.154738,0.1547,none,,,False,,36,0,,,
36,80,True,0.507994,0.508,none,,,False,,36,0,,,
36,29,True,0.355073,0.3551,none,,,False,,36,0,,,
36,41,True,0.433292,0.4333,none,,,False,,36,0,,,
36,86,True,0.242484,0.2425,none,,,False,,36,0,,,
36,82,True,0.291953,0.292,none,,,False,,36,0,,,
36,13,True,0.306189,0.3062,none,,,False,,36,0,,,
36,71,True,0.338802,0.3388,none,,,False,,36,0,,,
36,93,True,0.669485,0.6695,none,,,False,,36,0,,,
36,87,True,0.291719,0.2917,none,,,False,,36,0,,,
36,32,True,0.417271,0.4173,none,,,False,,36,0,,,
36,2,True,0.277748,0.2777,none,,,False,,36,0,,,
36,28,True,0.460064,0.4601,none,,,False,,36,0,,,
36,69,True,0.580728,0.5807,none,,,False,,36,0,,,
36,51,True,0.52457,0.5246,none,,,False,,36,0,,,
36,44,True,0.478661,0.4787,none,,,False,,36,0,,,
36,43,True,0.415624,0.4156,none,,,False,,36,0,,,
36,16,True,0.251994,0.252,none,,,False,,36,0,,,
36,46,True,0.764378,0.7644,none,,,False,,36,0,,,
36,54,True,0.385739,0.3857,none,,,False,,36,0,,,
36,50,True,0.416128,0.4161,none,,,False,,36,0,,,
36,98,True,0.785557,0.7856,none,,,False,,36,0,,,
36,34,True,0.335779,0.3358,none,,,False,,36,0,,,
36,26,True,0.650838,0.6508,none,,,False,,36,0,,,
36,42,True,0.388474,0.3885,none,,,False,,36,0,,,
36,94,True,0.553923,0.5539,none,,,False,,36,0,,,
36,1,True,0.401743,0.4017,none,,,False,,36,0,,,
36,76,True,0.56508,0.5651,none,,,False,,36,0,,,
36,18,True,0.4095,0.4095,none,,,False,,36,0,,,
36,11,True,0.530843,0.5308,none,,,False,,36,0,,,
36,81,True,0.451087,0.4511,none,,,False,,36,0,,,
36,4,True,0.341066,0.3411,none,,,False,,36,0,,,
36,39,True,1.036492,1.0365,none,,,False,,36,0,,,
36,36,True,0.520512,0.5205,none,,,False,,36,0,,,
36,12,True,0.555342,0.5553,none,,,False,,36,0,,,
36,74,True,0.194306,0.1943,none,,,False,,36,0,,,
36,24,True,0.302103,0.3021,none,,,False,,36,0,,,
36,47,True,0.319156,0.3192,none,,,False,,36,0,,,
36,27,True,0.242867,0.2429,none,,,False,,36,0,,,
36,8,True,0.295798,0.2958,none,,,False,,36,0,,,
36,75,True,0.687916,0.6879,none,,,False,,36,0,,,
36,65,True,0.558586,0.5586,none,,,False,,36,0,,,
36,59,True,0.698924,0.6989,none,,,False,,36,0,,,
36,56,True,0.199295,0.1993,none,,,False,,36,0,,,
37,12,True,0.524821,0.5248,none,,,False,,37,0,,,
37,54,True,0.335683,0.3357,none,,,False,,37,0,,,
37,19,True,0.293363,0.2934,none,,,False,,37,0,,,
37,41,True,0.459451,0.4595,none,,,False,,37,0,,,
37,23,True,0.623475,0.6235,none,,,False,,37,0,,,
37,61,True,0.405378,0.4054,none,,,False,,37,0,,,
37,77,True,0.246271,0.2463,none,,,False,,37,0,,,
37,6,True,0.320179,0.3202,none,,,False,,37,0,,,
37,24,True,0.166932,0.1669,none,,,False,,37,0,,,
37,60,True,0.839388,0.8394,none,,,False,,37,0,,,
37,68,True,0.171238,0.1712,none,,,False,,37,0,,,
37,3,True,0.198301,0.1983,none,,,False,,37,0,,,
37,88,True,0.364385,0.3644,none,,,False,,37,0,,,
37,14,True,0.306091,0.3061,none,,,False,,37,0,,,
37,43,True,0.318207,0.3182,none,,,False,,37,0,,,
37,13,True,0.310681,0.3107,none,,,False,,37,0,,,
37,31,True,0.583028,0.583,none,,,False,,37,0,,,
37,86,True,0.431122,0.4311,none,,,False,,37,0,,,
37,56,True,0.256902,0.2569,none,,,False,,37,0,,,
37,55,True,0.787339,0.7873,none,,,False,,37,0,,,
37,69,True,0.695871,0.6959,none,,,False,,37,0,,,
37,46,True,0.662011,0.662,none,,,False,,37,0,,,
37,36,True,0.64265,0.6426,none,,,False,,37,0,,,
37,26,True,0.613846,0.6138,none,,,False,,37,0,,,
37,20,True,0.380801,0.3808,none,,,False,,37,0,,,
37,42,True,0.392522,0.3925,none,,,False,,37,0,,,
37,99,True,0.202153,0.2022,none,,,False,,37,0,,,
37,67,True,0.576333,0.5763,none,,,False,,37,0,,,
37,30,True,0.435426,0.4354,none,,,False,,37,0,,,
37,72,True,0.611567,0.6116,none,,,False,,37,0,,,
37,34,True,0.335816,0.3358,none,,,False,,37,0,,,
37,96,True,0.513807,0.5138,none,,,False,,37,0,,,
37,45,True,0.59937,0.5994,none,,,False,,37,0,,,
37,27,True,0.346271,0.3463,none,,,False,,37,0,,,
37,91,True,0.41877,0.4188,none,,,False,,37,0,,,
37,98,True,0.490323,0.4903,none,,,False,,37,0,,,
37,48,True,0.660691,0.6607,none,,,False,,37,0,,,
37,37,True,0.464898,0.4649,none,,,False,,37,0,,,
37,10,True,0.473551,0.4736,none,,,False,,37,0,,,
37,35,True,0.518134,0.5181,none,,,False,,37,0,,,
37,2,True,0.37952,0.3795,none,,,False,,37,0,,,
37,79,True,0.275196,0.2752,none,,,False,,37,0,,,
37,15,True,0.45921,0.4592,none,,,False,,37,0,,,
37,97,True,0.288387,0.2884,none,,,False,,37,0,,,
37,57,True,0.572677,0.5727,none,,,False,,37,0,,,
37,70,True,0.766896,0.7669,none,,,False,,37,0,,,
37,95,True,0.955766,0.9558,none,,,False,,37,0,,,
37,78,True,0.544334,0.5443,none,,,False,,37,0,,,
37,16,True,0.560609,0.5606,none,,,False,,37,0,,,
37,49,True,0.500569,0.5006,none,,,False,,37,0,,,
38,62,True,0.773407,0.7734,none,,,False,,38,0,,,
38,9,True,0.556676,0.5567,none,,,False,,38,0,,,
38,77,True,0.260574,0.2606,none,,,False,,38,0,,,
38,30,True,0.638036,0.638,none,,,False,,38,0,,,
38,17,True,0.519,0.519,none,,,False,,38,0,,,
38,2,True,0.378755,0.3788,none,,,False,,38,0,,,
38,83,True,0.428855,0.4289,none,,,False,,38,0,,,
38,40,True,0.418287,0.4183,none,,,False,,38,0,,,
38,99,True,0.159107,0.1591,none,,,False,,38,0,,,
38,86,True,0.303671,0.3037,none,,,False,,38,0,,,
38,63,True,0.177125,0.1771,none,,,False,,38,0,,,
38,47,True,0.468379,0.4684,none,,,False,,38,0,,,
38,11,True,0.432528,0.4325,none,,,False,,38,0,,,
38,38,True,0.437673,0.4377,none,,,False,,38,0,,,
38,73,True,0.340389,0.3404,none,,,False,,38,0,,,
38,39,True,0.924633,0.9246,none,,,False,,38,0,,,
38,7,True,0.426702,0.4267,none,,,False,,38,0,,,
38,10,True,0.518052,0.5181,none,,,False,,38,0,,,
38,22,True,0.613076,0.6131,none,,,False,,38,0,,,
38,41,True,0.453308,0.4533,none,,,False,,38,0,,,
38,92,True,0.307608,0.3076,none,,,False,,38,0,,,
38,31,True,0.870907,0.8709,none,,,False,,38,0,,,
38,71,True,0.376063,0.3761,none,,,False,,38,0,,,
38,16,True,0.365348,0.3653,none,,,False,,38,0,,,
38,49,True,0.509973,0.51,none,,,False,,38,0,,,
38,54,True,0.320577,0.3206,none,,,False,,38,0,,,
38,90,True,0.547209,0.5472,none,,,False,,38,0,,,
38,68,True,0.16106,0.1611,none,,,False,,38,0,,,
38,50,True,0.463312,0.4633,none,,,False,,38,0,,,
38,20,True,0.401463,0.4015,none,,,False,,38,0,,,
38,25,True,0.589276,0.5893,none,,,False,,38,0,,,
38,75,True,0.737042,0.737,none,,,False,,38,0,,,
38,64,True,0.85275,0.8527,none,,,False,,38,0,,,
38,35,True,0.227297,0.2273,none,,,False,,38,0,,,
38,78,True,0.566231,0.5662,none,,,False,,38,0,,,
38,81,True,0.412007,0.412,none,,,False,,38,0,,,
38,34,True,0.369543,0.3695,none,,,False,,38,0,,,
38,79,True,0.162912,0.1629,none,,,False,,38,0,,,
38,58,True,0.38061,0.3806,none,,,False,,38,0,,,
38,43,True,0.421452,0.4215,none,,,False,,38,0,,,
38,91,True,0.500423,0.5004,none,,,False,,38,0,,,
38,61,True,0.4375,0.4375,none,,,False,,38,0,,,
38,24,True,0.208284,0.2083,none,,,False,,38,0,,,
38,87,True,0.294258,0.2943,none,,,False,,38,0,,,
38,94,True,0.485738,0.4857,none,,,False,,38,0,,,
38,13,True,0.247523,0.2475,none,,,False,,38,0,,,
38,3,True,0.201042,0.201,none,,,False,,38,0,,,
38,42,True,0.457543,0.4575,none,,,False,,38,0,,,
38,95,True,0.548346,0.5483,none,,,False,,38,0,,,
38,33,True,0.343215,0.3432,none,,,False,,38,0,,,
39,66,True,0.599184,0.5992,none,,,False,,39,0,,,
39,74,True,0.230911,0.2309,none,,,False,,39,0,,,
39,27,True,0.290124,0.2901,none,,,False,,39,0,,,
39,10,True,0.535582,0.5356,none,,,False,,39,0,,,
39,11,True,0.504728,0.5047,none,,,False,,39,0,,,
39,38,True,0.500301,0.5003,none,,,False,,39,0,,,
39,30,True,0.560314,0.5603,none,,,False,,39,0,,,
39,17,True,0.46081,0.4608,none,,,False,,39,0,,,
39,71,True,0.411057,0.4111,none,,,False,,39,0,,,
39,63,True,0.207638,0.2076,none,,,False,,39,0,,,
39,79,True,0.237776,0.2378,none,,,False,,39,0,,,
39,23,True,0.649548,0.6495,none,,,False,,39,0,,,
39,68,True,0.172723,0.1727,none,,,False,,39,0,,,
39,92,True,0.159278,0.1593,none,,,False,,39,0,,,
39,62,True,0.7528,0.7528,none,,,False,,39,0,,,
39,49,True,0.394784,0.3948,none,,,False,,39,0,,,
39,88,True,0.386661,0.3867,none,,,False,,39,0,,,
39,82,True,0.304044,0.304,none,,,False,,39,0,,,
39,6,True,0.237554,0.2376,none,,,False,,39,0,,,
39,53,True,0.229161,0.2292,none,,,False,,39,0,,,
39,76,True,0.55596,0.556,none,,,False,,39,0,,,
39,98,True,0.53575,0.5357,none,,,False,,39,0,,,
39,31,True,0.384476,0.3845,none,,,False,,39,0,,,
39,69,True,0.526224,0.5262,none,,,False,,39,0,,,
39,9,True,0.572821,0.5728,none,,,False,,39,0,,,
39,93,True,0.834503,0.8345,none,,,False,,39,0,,,
39,47,True,0.364962,0.365,none,,,False,,39,0,,,
39,21,True,0.518529,0.5185,none,,,False,,39,0,,,
39,94,True,0.563292,0.5633,none,,,False,,39,0,,,
39,81,True,0.459982,0.46,none,,,False,,39,0,,,
39,60,True,0.842974,0.843,none,,,False,,39,0,,,
39,26,True,0.560007,0.56,none,,,False,,39,0,,,
39,19,True,0.421024,0.421,none,,,False,,39,0,,,
39,35,True,0.314156,0.3142,none,,,False,,39,0,,,
39,46,True,0.747056,0.7471,none,,,False,,39,0,,,
39,67,True,0.582287,0.5823,none,,,False,,39,0,,,
39,18,True,0.324901,0.3249,none,,,False,,39,0,,,
39,4,True,0.337526,0.3375,none,,,False,,39,0,,,
39,33,True,0.248152,0.2482,none,,,False,,39,0,,,
39,36,True,0.715497,0.7155,none,,,False,,39,0,,,
39,85,True,0.245378,0.2454,none,,,False,,39,0,,,
39,8,True,0.312431,0.3124,none,,,False,,39,0,,,
39,95,True,0.819282,0.8193,none,,,False,,39,0,,,
39,40,True,0.37509,0.3751,none,,,False,,39,0,,,
39,45,True,0.479011,0.479,none,,,False,,39,0,,,
39,22,True,0.619608,0.6196,none,,,False,,39,0,,,
39,84,True,0.643414,0.6434,none,,,False,,39,0,,,
39,2,True,0.280491,0.2805,none,,,False,,39,0,,,
39,42,True,0.280095,0.2801,none,,,False,,39,0,,,
39,99,True,0.172836,0.1728,none,,,False,,39,0,,,
40,80,True,0.528338,0.5283,none,,,False,,40,0,,,
40,32,True,0.350846,0.3508,none,,,False,,40,0,,,
40,7,True,0.440229,0.4402,none,,,False,,40,0,,,
40,41,True,0.387486,0.3875,none,,,False,,40,0,,,
40,10,True,0.385154,0.3852,none,,,False,,40,0,,,
40,86,True,0.36098,0.361,none,,,False,,40,0,,,
40,95,True,0.736745,0.7367,none,,,False,,40,0,,,
40,17,True,0.5644,0.5644,none,,,False,,40,0,,,
40,78,True,0.609257,0.6093,none,,,False,,40,0,,,
40,49,True,0.421549,0.4215,none,,,False,,40,0,,,
40,93,True,0.712834,0.7128,none,,,False,,40,0,,,
40,61,True,0.300356,0.3004,none,,,False,,40,0,,,
40,85,True,0.37651,0.3765,none,,,False,,40,0,,,
40,23,True,0.419927,0.4199,none,,,False,,40,0,,,
40,45,True,0.611068,0.6111,none,,,False,,40,0,,,
40,69,True,0.637438,0.6374,none,,,False,,40,0,,,
40,5,True,0.207003,0.207,none,,,False,,40,0,,,
40,13,True,0.302827,0.3028,none,,,False,,40,0,,,
40,29,True,0.219295,0.2193,none,,,False,,40,0,,,
40,30,True,0.452953,0.453,none,,,False,,40,0,,,
40,60,True,0.887795,0.8878,none,,,False,,40,0,,,
40,63,True,0.196474,0.1965,none,,,False,,40,0,,,
40,56,True,0.105574,0.1056,none,,,False,,40,0,,,
40,83,True,0.440221,0.4402,none,,,False,,40,0,,,
40,46,True,0.673781,0.6738,none,,,False,,40,0,,,
40,81,True,0.535182,0.5352,none,,,False,,40,0,,,
40,1,True,0.407387,0.4074,none,,,False,,40,0,,,
40,48,True,0.663695,0.6637,none,,,False,,40,0,,,
40,21,True,0.119632,0.1196,none,,,False,,40,0,,,
40,97,True,0.259274,0.2593,none,,,False,,40,0,,,
40,77,True,0.342994,0.343,none,,,False,,40,0,,,
40,42,True,0.263431,0.2634,none,,,False,,40,0,,,
40,36,True,0.72896,0.729,none,,,False,,40,0,,,
40,33,True,0.316428,0.3164,none,,,False,,40,0,,,
40,27,True,0.055216,0.0552,none,,,False,,40,0,,,
40,92,True,0.386455,0.3865,none,,,False,,40,0,,,
40,91,True,0.482275,0.4823,none,,,False,,40,0,,,
40,43,True,0.475319,0.4753,none,,,False,,40,0,,,
40,8,True,0.207994,0.208,none,,,False,,40,0,,,
40,67,True,0.621684,0.6217,none,,,False,,40,0,,,
40,34,True,0.3556,0.3556,none,,,False,,40,0,,,
40,57,True,0.563565,0.5636,none,,,False,,40,0,,,
40,76,True,0.562918,0.5629,none,,,False,,40,0,,,
40,9,True,0.669376,0.6694,none,,,False,,40,0,,,
40,28,True,0.592694,0.5927,none,,,False,,40,0,,,
40,73,True,0.448272,0.4483,none,,,False,,40,0,,,
40,31,True,0.766824,0.7668,none,,,False,,40,0,,,
40,66,True,0.560163,0.5602,none,,,False,,40,0,,,
40,51,True,0.590432,0.5904,none,,,False,,40,0,,,
40,52,True,0.321253,0.3213,none,,,False,,40,0,,,
41,41,True,0.445765,0.4458,none,,,False,,41,0,,,
41,93,True,0.712741,0.7127,none,,,False,,41,0,,,
41,52,True,0.238294,0.2383,none,,,False,,41,0,,,
41,0,True,0.674914,0.6749,none,,,False,,41,0,,,
41,2,True,0.439369,0.4394,none,,,False,,41,0,,,
41,98,True,0.749887,0.7499,none,,,False,,41,0,,,
41,37,True,0.659362,0.6594,none,,,False,,41,0,,,
41,5,True,0.040585,0.0406,none,,,False,,41,0,,,
41,56,True,0.176693,0.1767,none,,,False,,41,0,,,
41,75,True,0.660379,0.6604,none,,,False,,41,0,,,
41,64,True,0.44032,0.4403,none,,,False,,41,0,,,
41,16,True,0.578883,0.5789,none,,,False,,41,0,,,
41,86,True,0.384474,0.3845,none,,,False,,41,0,,,
41,65,True,0.401152,0.4012,none,,,False,,41,0,,,
41,73,True,0.388426,0.3884,none,,,False,,41,0,,,
41,72,True,0.585845,0.5858,none,,,False,,41,0,,,
41,7,True,0.444346,0.4443,none,,,False,,41,0,,,
41,31,True,0.752258,0.7523,none,,,False,,41,0,,,
41,28,True,0.493626,0.4936,none,,,False,,41,0,,,
41,9,True,0.623895,0.6239,none,,,False,,41,0,,,
41,22,True,0.431273,0.4313,none,,,False,,41,0,,,
41,39,True,0.794866,0.7949,none,,,False,,41,0,,,
41,89,True,0.406087,0.4061,none,,,False,,41,0,,,
41,61,True,0.340617,0.3406,none,,,False,,41,0,,,
41,62,True,0.857782,0.8578,none,,,False,,41,0,,,
41,97,True,0.299413,0.2994,none,,,False,,41,0,,,
41,77,True,0.188338,0.1883,none,,,False,,41,0,,,
41,84,True,0.584925,0.5849,none,,,False,,41,0,,,
41,91,True,0.533074,0.5331,none,,,False,,41,0,,,
41,60,True,0.678852,0.6789,none,,,False,,41,0,,,
41,29,True,0.328626,0.3286,none,,,False,,41,0,,,
41,48,True,0.783298,0.7833,none,,,False,,41,0,,,
41,36,True,0.513042,0.513,none,,,False,,41,0,,,
41,85,True,0.252143,0.2521,none,,,False,,41,0,,,
41,58,True,0.381749,0.3817,none,,,False,,41,0,,,
41,15,True,0.591502,0.5915,none,,,False,,41,0,,,
41,78,True,0.500452,0.5005,none,,,False,,41,0,,,
41,83,True,0.453427,0.4534,none,,,False,,41,0,,,
41,42,True,0.415762,0.4158,none,,,False,,41,0,,,
41,47,True,0.440765,0.4408,none,,,False,,41,0,,,
41,82,True,0.323751,0.3238,none,,,False,,41,0,,,
41,71,True,0.348424,0.3484,none,,,False,,41,0,,,
41,51,True,0.312947,0.3129,none,,,False,,41,0,,,
41,76,True,0.54441,0.5444,none,,,False,,41,0,,,
41,55,True,0.837499,0.8375,none,,,False,,41,0,,,
41,44,True,0.362589,0.3626,none,,,False,,41,0,,,
41,30,True,0.650726,0.6507,none,,,False,,41,0,,,
41,12,True,0.658249,0.6582,none,,,False,,41,0,,,
41,10,True,0.56023,0.5602,none,,,False,,41,0,,,
41,54,True,0.3087,0.3087,none,,,False,,41,0,,,
42,77,True,0.29284,0.2928,none,,,False,,42,0,,,
42,86,True,0.420324,0.4203,none,,,False,,42,0,,,
42,18,True,0.308781,0.3088,none,,,False,,42,0,,,
42,92,True,0.348504,0.3485,none,,,False,,42,0,,,
42,66,True,0.612818,0.6128,none,,,False,,42,0,,,
42,59,True,0.541201,0.5412,none,,,False,,42,0,,,
42,78,True,0.585466,0.5855,none,,,False,,42,0,,,
42,60,True,0.892171,0.8922,none,,,False,,42,0,,,
42,12,True,0.541285,0.5413,none,,,False,,42,0,,,
42,68,True,0.146787,0.1468,none,,,False,,42,0,,,
42,61,True,0.474369,0.4744,none,,,False,,42,0,,,
42,70,True,0.630998,0.631,none,,,False,,42,0,,,
42,22,True,0.601363,0.6014,none,,,False,,42,0,,,
42,41,True,0.460596,0.4606,none,,,False,,42,0,,,
42,4,True,0.649841,0.6498,none,,,False,,42,0,,,
42,46,True,0.320927,0.3209,none,,,False,,42,0,,,
42,74,True,0.254258,0.2543,none,,,False,,42,0,,,
42,34,True,0.236282,0.2363,none,,,False,,42,0,,,
42,14,True,0.322583,0.3226,none,,,False,,42,0,,,
42,95,True,1.048831,1.0488,none,,,False,,42,0,,,
42,40,True,0.350026,0.35,none,,,False,,42,0,,,
42,84,True,0.54077,0.5408,none,,,False,,42,0,,,
42,38,True,0.367581,0.3676,none,,,False,,42,0,,,
42,49,True,0.430834,0.4308,none,,,False,,42,0,,,
42,82,True,0.256079,0.2561,none,,,False,,42,0,,,
42,37,True,0.396387,0.3964,none,,,False,,42,0,,,
42,79,True,0.287065,0.2871,none,,,False,,42,0,,,
42,24,True,0.259071,0.2591,none,,,False,,42,0,,,
42,54,True,0.275786,0.2758,none,,,False,,42,0,,,
42,98,True,0.662349,0.6623,none,,,False,,42,0,,,
42,43,True,0.384358,0.3844,none,,,False,,42,0,,,
42,65,True,0.36087,0.3609,none,,,False,,42,0,,,
42,17,True,0.570956,0.571,none,,,False,,42,0,,,
42,93,True,0.611763,0.6118,none,,,False,,42,0,,,
42,0,True,0.5046,0.5046,none,,,False,,42,0,,,
42,11,True,0.664948,0.6649,none,,,False,,42,0,,,
42,1,True,0.328841,0.3288,none,,,False,,42,0,,,
42,83,True,0.532606,0.5326,none,,,False,,42,0,,,
42,47,True,0.486913,0.4869,none,,,False,,42,0,,,
42,8,True,0.388082,0.3881,none,,,False,,42,0,,,
42,6,True,0.251441,0.2514,none,,,False,,42,0,,,
42,10,True,0.446382,0.4464,none,,,False,,42,0,,,
42,31,True,0.630549,0.6305,none,,,False,,42,0,,,
42,33,True,0.299089,0.2991,none,,,False,,42,0,,,
42,5,True,0.12571,0.1257,none,,,False,,42,0,,,
42,87,True,0.26381,0.2638,none,,,False,,42,0,,,
42,48,True,0.791068,0.7911,none,,,False,,42,0,,,
42,53,True,0.245387,0.2454,none,,,False,,42,0,,,
42,71,True,0.512519,0.5125,none,,,False,,42,0,,,
42,88,True,0.440617,0.4406,none,,,False,,42,0,,,
43,53,True,0.265973,0.266,none,,,False,,43,0,,,
43,5,True,0.228099,0.2281,none,,,False,,43,0,,,
43,85,True,0.213588,0.2136,none,,,False,,43,0,,,
43,76,True,0.470245,0.4702,none,,,False,,43,0,,,
43,43,True,0.364883,0.3649,none,,,False,,43,0,,,
43,55,True,0.719055,0.7191,none,,,False,,43,0,,,
43,87,True,0.234241,0.2342,none,,,False,,43,0,,,
43,88,True,0.211251,0.2113,none,,,False,,43,0,,,
43,64,True,0.705351,0.7054,none,,,False,,43,0,,,
43,19,True,0.401411,0.4014,none,,,False,,43,0,,,
43,39,True,0.634147,0.6341,none,,,False,,43,0,,,
43,57,True,0.646952,0.647,none,,,False,,43,0,,,
43,99,True,-0.009407,-0.0094,none,,,False,,43,0,,,
43,50,True,0.535929,0.5359,none,,,False,,43,0,,,
43,23,True,0.545417,0.5454,none,,,False,,43,0,,,
43,95,True,0.697037,0.697,none,,,False,,43,0,,,
43,75,True,0.688735,0.6887,none,,,False,,43,0,,,
43,70,True,0.825962,0.826,none,,,False,,43,0,,,
43,37,True,0.346236,0.3462,none,,,False,,43,0,,,
43,11,True,0.492037,0.492,none,,,False,,43,0,,,
43,51,True,0.563483,0.5635,none,,,False,,43,0,,,
43,7,True,0.188509,0.1885,none,,,False,,43,0,,,
43,4,True,0.352402,0.3524,none,,,False,,43,0,,,
43,69,True,0.501883,0.5019,none,,,False,,43,0,,,
43,79,True,0.384555,0.3846,none,,,False,,43,0,,,
43,2,True,0.432771,0.4328,none,,,False,,43,0,,,
43,63,True,0.302638,0.3026,none,,,False,,43,0,,,
43,12,True,0.617426,0.6174,none,,,False,,43,0,,,
43,84,True,0.574972,0.575,none,,,False,,43,0,,,
43,31,True,0.584709,0.5847,none,,,False,,43,0,,,
43,61,True,0.373053,0.3731,none,,,False,,43,0,,,
43,71,True,0.393516,0.3935,none,,,False,,43,0,,,
43,15,True,0.47967,0.4797,none,,,False,,43,0,,,
43,20,True,0.416177,0.4162,none,,,False,,43,0,,,
43,46,True,0.620668,0.6207,none,,,False,,43,0,,,
43,36,True,0.763962,0.764,none,,,False,,43,0,,,
43,24,True,0.249434,0.2494,none,,,False,,43,0,,,
43,41,True,0.365469,0.3655,none,,,False,,43,0,,,
43,68,True,0.132791,0.1328,none,,,False,,43,0,,,
43,18,True,0.380841,0.3808,none,,,False,,43,0,,,
43,0,True,0.050878,0.0509,none,,,False,,43,0,,,
43,89,True,0.516363,0.5164,none,,,False,,43,0,,,
43,90,True,0.497325,0.4973,none,,,False,,43,0,,,
43,59,True,0.669961,0.67,none,,,False,,43,0,,,
43,30,True,0.640517,0.6405,none,,,False,,43,0,,,
43,93,True,0.703964,0.704,none,,,False,,43,0,,,
43,48,True,0.720225,0.7202,none,,,False,,43,0,,,
43,16,True,0.396882,0.3969,none,,,False,,43,0,,,
43,74,True,0.178818,0.1788,none,,,False,,43,0,,,
43,67,True,0.59379,0.5938,none,,,False,,43,0,,,
44,25,True,0.45133,0.4513,none,,,False,,44,0,,,
44,75,True,0.500857,0.5009,none,,,False,,44,0,,,
44,33,True,0.286432,0.2864,none,,,False,,44,0,,,
44,72,True,0.557527,0.5575,none,,,False,,44,0,,,
44,49,True,0.464544,0.4645,none,,,False,,44,0,,,
44,82,True,0.336068,0.3361,none,,,False,,44,0,,,
44,12,True,0.507443,0.5074,none,,,False,,44,0,,,
44,60,True,0.860714,0.8607,none,,,False,,44,0,,,
44,86,True,0.373722,0.3737,none,,,False,,44,0,,,
44,69,True,0.538034,0.538,none,,,False,,44,0,,,
44,94,True,0.623829,0.6238,none,,,False,,44,0,,,
44,88,True,0.397645,0.3976,none,,,False,,44,0,,,
44,56,True,0.249379,0.2494,none,,,False,,44,0,,,
44,13,True,0.345155,0.3452,none,,,False,,44,0,,,
44,26,True,0.642169,0.6422,none,,,False,,44,0,,,
44,76,True,0.530223,0.5302,none,,,False,,44,0,,,
44,39,True,0.943363,0.9434,none,,,False,,44,0,,,
44,34,True,0.309515,0.3095,none,,,False,,44,0,,,
44,83,True,0.420516,0.4205,none,,,False,,44,0,,,
44,57,True,0.598499,0.5985,none,,,False,,44,0,,,
44,8,True,0.170093,0.1701,none,,,False,,44,0,,,
44,66,True,0.613961,0.614,none,,,False,,44,0,,,
44,45,True,0.408458,0.4085,none,,,False,,44,0,,,
44,40,True,0.398855,0.3989,none,,,False,,44,0,,,
44,9,True,0.483053,0.4831,none,,,False,,44,0,,,
44,5,True,0.333685,0.3337,none,,,False,,44,0,,,
44,64,True,0.582478,0.5825,none,,,False,,44,0,,,
44,17,True,0.587308,0.5873,none,,,False,,44,0,,,
44,3,True,0.102575,0.1026,none,,,False,,44,0,,,
44,62,True,0.786116,0.7861,none,,,False,,44,0,,,
44,30,True,0.435595,0.4356,none,,,False,,44,0,,,
44,21,True,0.647956,0.648,none,,,False,,44,0,,,
44,48,True,0.776983,0.777,none,,,False,,44,0,,,
44,99,True,0.081951,0.082,none,,,False,,44,0,,,
44,0,True,0.500873,0.5009,none,,,False,,44,0,,,
44,84,True,0.618952,0.619,none,,,False,,44,0,,,
44,27,True,0.268048,0.268,none,,,False,,44,0,,,
44,73,True,0.340111,0.3401,none,,,False,,44,0,,,
44,11,True,0.554027,0.554,none,,,False,,44,0,,,
44,32,True,0.508944,0.5089,none,,,False,,44,0,,,
44,46,True,0.555805,0.5558,none,,,False,,44,0,,,
44,67,True,0.621398,0.6214,none,,,False,,44,0,,,
44,80,True,0.553007,0.553,none,,,False,,44,0,,,
44,16,True,0.454316,0.4543,none,,,False,,44,0,,,
44,65,True,0.195056,0.1951,none,,,False,,44,0,,,
44,50,True,0.491462,0.4915,none,,,False,,44,0,,,
44,71,True,0.404558,0.4046,none,,,False,,44,0,,,
44,68,True,0.181176,0.1812,none,,,False,,44,0,,,
44,63,True,0.250026,0.25,none,,,False,,44,0,,,
44,90,True,0.588278,0.5883,none,,,False,,44,0,,,
45,20,True,0.527635,0.5276,none,,,False,,45,0,,,
45,94,True,0.435517,0.4355,none,,,False,,45,0,,,
45,11,True,0.286985,0.287,none,,,False,,45,0,,,
45,23,True,0.486404,0.4864,none,,,False,,45,0,,,
45,89,True,0.580785,0.5808,none,,,False,,45,0,,,
45,97,True,0.272164,0.2722,none,,,False,,45,0,,,
45,85,True,0.432719,0.4327,none,,,False,,45,0,,,
45,31,True,0.694612,0.6946,none,,,False,,45,0,,,
45,7,True,0.413926,0.4139,none,,,False,,45,0,,,
45,92,True,0.353195,0.3532,none,,,False,,45,0,,,
45,36,True,0.763646,0.7636,none,,,False,,45,0,,,
45,96,True,0.553559,0.5536,none,,,False,,45,0,,,
45,45,True,0.467225,0.4672,none,,,False,,45,0,,,
45,50,True,0.508443,0.5084,none,,,False,,45,0,,,
45,95,True,0.883845,0.8838,none,,,False,,45,0,,,
45,24,True,0.345863,0.3459,none,,,False,,45,0,,,
45,58,True,0.342498,0.3425,none,,,False,,45,0,,,
45,70,True,0.735622,0.7356,none,,,False,,45,0,,,
45,86,True,0.387387,0.3874,none,,,False,,45,0,,,
45,93,True,0.719796,0.7198,none,,,False,,45,0,,,
45,62,True,0.744449,0.7444,none,,,False,,45,0,,,
45,82,True,0.219919,0.2199,none,,,False,,45,0,,,
45,87,True,0.23578,0.2358,none,,,False,,45,0,,,
45,66,True,0.55369,0.5537,none,,,False,,45,0,,,
45,99,True,0.053787,0.0538,none,,,False,,45,0,,,
45,56,True,0.196344,0.1963,none,,,False,,45,0,,,
45,27,True,0.28173,0.2817,none,,,False,,45,0,,,
45,6,True,0.303669,0.3037,none,,,False,,45,0,,,
45,72,True,0.704459,0.7045,none,,,False,,45,0,,,
45,10,True,0.444593,0.4446,none,,,False,,45,0,,,
45,54,True,0.311057,0.3111,none,,,False,,45,0,,,
45,61,True,0.371991,0.372,none,,,False,,45,0,,,
45,69,True,0.529102,0.5291,none,,,False,,45,0,,,
45,5,True,0.294703,0.2947,none,,,False,,45,0,,,
45,13,True,0.244801,0.2448,none,,,False,,45,0,,,
45,71,True,0.432026,0.432,none,,,False,,45,0,,,
45,64,True,0.590862,0.5909,none,,,False,,45,0,,,
45,81,True,0.475798,0.4758,none,,,False,,45,0,,,
45,41,True,0.34536,0.3454,none,,,False,,45,0,,,
45,16,True,0.6221,0.6221,none,,,False,,45,0,,,
45,22,True,0.701964,0.702,none,,,False,,45,0,,,
45,80,True,0.496886,0.4969,none,,,False,,45,0,,,
45,79,True,0.389861,0.3899,none,,,False,,45,0,,,
45,29,True,0.272424,0.2724,none,,,False,,45,0,,,
45,14,True,0.292412,0.2924,none,,,False,,45,0,,,
45,51,True,0.370386,0.3704,none,,,False,,45,0,,,
45,37,True,0.549923,0.5499,none,,,False,,45,0,,,
45,60,True,0.840605,0.8406,none,,,False,,45,0,,,
45,42,True,0.304254,0.3043,none,,,False,,45,0,,,
45,44,True,0.498457,0.4985,none,,,False,,45,0,,,
46,64,True,0.658635,0.6586,none,,,False,,46,0,,,
46,89,True,0.490912,0.4909,none,,,False,,46,0,,,
46,99,True,0.09399,0.094,none,,,False,,46,0,,,
46,92,True,0.354277,0.3543,none,,,False,,46,0,,,
46,3,True,0.158433,0.1584,none,,,False,,46,0,,,
46,73,True,0.335606,0.3356,none,,,False,,46,0,,,
46,43,True,0.487378,0.4874,none,,,False,,46,0,,,
46,5,True,0.386104,0.3861,none,,,False,,46,0,,,
46,6,True,0.306607,0.3066,none,,,False,,46,0,,,
46,55,True,0.785267,0.7853,none,,,False,,46,0,,,
46,13,True,0.327485,0.3275,none,,,False,,46,0,,,
46,61,True,0.396723,0.3967,none,,,False,,46,0,,,
46,69,True,0.523258,0.5233,none,,,False,,46,0,,,
46,34,True,0.305579,0.3056,none,,,False,,46,0,,,
46,68,True,0.059924,0.0599,none,,,False,,46,0,,,
46,54,True,0.373205,0.3732,none,,,False,,46,0,,,
46,8,True,0.365296,0.3653,none,,,False,,46,0,,,
46,31,True,0.712017,0.712,none,,,False,,46,0,,,
46,14,True,0.189971,0.19,none,,,False,,46,0,,,
46,81,True,0.595145,0.5951,none,,,False,,46,0,,,
46,18,True,0.380018,0.38,none,,,False,,46,0,,,
46,40,True,0.417208,0.4172,none,,,False,,46,0,,,
46,65,True,0.45719,0.4572,none,,,False,,46,0,,,
46,74,True,0.309504,0.3095,none,,,False,,46,0,,,
46,59,True,0.507344,0.5073,none,,,False,,46,0,,,
46,93,True,0.589164,0.5892,none,,,False,,46,0,,,
46,98,True,0.526259,0.5263,none,,,False,,46,0,,,
46,87,True,0.225148,0.2251,none,,,False,,46,0,,,
46,0,True,0.60538,0.6054,none,,,False,,46,0,,,
46,50,True,0.372149,0.3721,none,,,False,,46,0,,,
46,85,True,0.266788,0.2668,none,,,False,,46,0,,,
46,24,True,0.292594,0.2926,none,,,False,,46,0,,,
46,44,True,0.432095,0.4321,none,,,False,,46,0,,,
46,33,True,0.314512,0.3145,none,,,False,,46,0,,,
46,90,True,0.469482,0.4695,none,,,False,,46,0,,,
46,41,True,0.417825,0.4178,none,,,False,,46,0,,,
46,29,True,0.256151,0.2562,none,,,False,,46,0,,,
46,88,True,0.375885,0.3759,none,,,False,,46,0,,,
46,70,True,0.721994,0.722,none,,,False,,46,0,,,
46,67,True,0.516093,0.5161,none,,,False,,46,0,,,
46,56,True,0.095911,0.0959,none,,,False,,46,0,,,
46,60,True,0.981819,0.9818,none,,,False,,46,0,,,
46,46,True,0.444786,0.4448,none,,,False,,46,0,,,
46,75,True,0.684804,0.6848,none,,,False,,46,0,,,
46,51,True,0.384732,0.3847,none,,,False,,46,0,,,
46,2,True,0.393694,0.3937,none,,,False,,46,0,,,
46,1,True,0.185648,0.1856,none,,,False,,46,0,,,
46,84,True,0.514604,0.5146,none,,,False,,46,0,,,
46,10,True,0.477448,0.4774,none,,,False,,46,0,,,
46,83,True,0.405491,0.4055,none,,,False,,46,0,,,
47,14,True,0.218842,0.2188,none,,,False,,47,0,,,
47,54,True,0.311813,0.3118,none,,,False,,47,0,,,
47,87,True,0.221068,0.2211,none,,,False,,47,0,,,
47,32,True,0.580582,0.5806,none,,,False,,47,0,,,
47,97,True,0.242418,0.2424,none,,,False,,47,0,,,
47,4,True,0.497064,0.4971,none,,,False,,47,0,,,
47,48,True,0.771465,0.7715,none,,,False,,47,0,,,
47,2,True,0.223411,0.2234,none,,,False,,47,0,,,
47,64,True,0.655157,0.6552,none,,,False,,47,0,,,
47,35,True,0.431707,0.4317,none,,,False,,47,0,,,
47,46,True,0.605496,0.6055,none,,,False,,47,0,,,
47,57,True,0.73573,0.7357,none,,,False,,47,0,,,
47,41,True,0.458853,0.4589,none,,,False,,47,0,,,
47,85,True,0.364516,0.3645,none,,,False,,47,0,,,
47,13,True,0.167481,0.1675,none,,,False,,47,0,,,
47,92,True,0.223622,0.2236,none,,,False,,47,0,,,
47,81,True,0.45521,0.4552,none,,,False,,47,0,,,
47,0,True,0.51262,0.5126,none,,,False,,47,0,,,
47,52,True,0.275172,0.2752,none,,,False,,47,0,,,
47,11,True,0.567739,0.5677,none,,,False,,47,0,,,
47,93,True,0.518146,0.5181,none,,,False,,47,0,,,
47,88,True,0.343465,0.3435,none,,,False,,47,0,,,
47,68,True,0.164758,0.1648,none,,,False,,47,0,,,
47,95,True,0.886178,0.8862,none,,,False,,47,0,,,
47,18,True,0.302447,0.3024,none,,,False,,47,0,,,
47,19,True,0.395241,0.3952,none,,,False,,47,0,,,
47,34,True,0.315786,0.3158,none,,,False,,47,0,,,
47,15,True,0.396607,0.3966,none,,,False,,47,0,,,
47,94,True,0.653142,0.6531,none,,,False,,47,0,,,
47,47,True,0.44338,0.4434,none,,,False,,47,0,,,
47,16,True,0.518848,0.5188,none,,,False,,47,0,,,
47,79,True,0.164953,0.165,none,,,False,,47,0,,,
47,38,True,0.41444,0.4144,none,,,False,,47,0,,,
47,82,True,0.26277,0.2628,none,,,False,,47,0,,,
47,9,True,0.532118,0.5321,none,,,False,,47,0,,,
47,22,True,0.625985,0.626,none,,,False,,47,0,,,
47,71,True,0.428227,0.4282,none,,,False,,47,0,,,
47,67,True,0.68653,0.6865,none,,,False,,47,0,,,
47,55,True,0.771765,0.7718,none,,,False,,47,0,,,
47,66,True,0.599182,0.5992,none,,,False,,47,0,,,
47,84,True,0.574822,0.5748,none,,,False,,47,0,,,
47,40,True,0.359655,0.3597,none,,,False,,47,0,,,
47,6,True,0.37598,0.376,none,,,False,,47,0,,,
47,8,True,0.178577,0.1786,none,,,False,,47,0,,,
47,20,True,0.330909,0.3309,none,,,False,,47,0,,,
47,43,True,0.385433,0.3854,none,,,False,,47,0,,,
47,98,True,0.612592,0.6126,none,,,False,,47,0,,,
47,26,True,0.739867,0.7399,none,,,False,,47,0,,,
47,56,True,0.230898,0.2309,none,,,False,,47,0,,,
47,7,True,0.358453,0.3585,none,,,False,,47,0,,,
48,66,True,0.384143,0.3841,none,,,False,,48,0,,,
48,95,True,0.729041,0.729,none,,,False,,48,0,,,
48,78,True,0.732284,0.7323,none,,,False,,48,0,,,
48,19,True,0.380811,0.3808,none,,,False,,48,0,,,
48,38,True,0.281903,0.2819,none,,,False,,48,0,,,
48,41,True,0.354253,0.3543,none,,,False,,48,0,,,
48,85,True,0.337312,0.3373,none,,,False,,48,0,,,
48,51,True,0.579107,0.5791,none,,,False,,48,0,,,
48,24,True,0.278035,0.278,none,,,False,,48,0,,,
48,65,True,0.693975,0.694,none,,,False,,48,0,,,
48,20,True,0.32473,0.3247,none,,,False,,48,0,,,
48,14,True,0.283724,0.2837,none,,,False,,48,0,,,
48,63,True,0.234828,0.2348,none,,,False,,48,0,,,
48,44,True,0.5162,0.5162,none,,,False,,48,0,,,
48,74,True,0.31964,0.3196,none,,,False,,48,0,,,
48,26,True,0.515448,0.5154,none,,,False,,48,0,,,
48,13,True,0.303503,0.3035,none,,,False,,48,0,,,
48,3,True,0.080531,0.0805,none,,,False,,48,0,,,
48,73,True,0.327858,0.3279,none,,,False,,48,0,,,
48,18,True,0.428388,0.4284,none,,,False,,48,0,,,
48,90,True,0.504345,0.5043,none,,,False,,48,0,,,
48,31,True,0.902287,0.9023,none,,,False,,48,0,,,
48,82,True,0.196093,0.1961,none,,,False,,48,0,,,
48,39,True,0.746195,0.7462,none,,,False,,48,0,,,
48,57,True,0.600346,0.6003,none,,,False,,48,0,,,
48,29,True,0.332015,0.332,none,,,False,,48,0,,,
48,64,True,0.713729,0.7137,none,,,False,,48,0,,,
48,75,True,0.789424,0.7894,none,,,False,,48,0,,,
48,59,True,0.571902,0.5719,none,,,False,,48,0,,,
48,84,True,0.557262,0.5573,none,,,False,,48,0,,,
48,23,True,0.416908,0.4169,none,,,False,,48,0,,,
48,32,True,0.390308,0.3903,none,,,False,,48,0,,,
48,12,True,0.469364,0.4694,none,,,False,,48,0,,,
48,69,True,0.679307,0.6793,none,,,False,,48,0,,,
48,2,True,0.373342,0.3733,none,,,False,,48,0,,,
48,30,True,0.581569,0.5816,none,,,False,,48,0,,,
48,76,True,0.467057,0.4671,none,,,False,,48,0,,,
48,0,True,0.384274,0.3843,none,,,False,,48,0,,,
48,33,True,0.387076,0.3871,none,,,False,,48,0,,,
48,27,True,0.239897,0.2399,none,,,False,,48,0,,,
48,1,True,0.403261,0.4033,none,,,False,,48,0,,,
48,21,True,0.507921,0.5079,none,,,False,,48,0,,,
48,47,True,0.444435,0.4444,none,,,False,,48,0,,,
48,40,True,0.571658,0.5717,none,,,False,,48,0,,,
48,88,True,0.335942,0.3359,none,,,False,,48,0,,,
48,72,True,0.668387,0.6684,none,,,False,,48,0,,,
48,77,True,0.196425,0.1964,none,,,False,,48,0,,,
48,99,True,0.161887,0.1619,none,,,False,,48,0,,,
48,60,True,0.834389,0.8344,none,,,False,,48,0,,,
48,45,True,0.675658,0.6757,none,,,False,,48,0,,,
49,63,True,0.309473,0.3095,none,,,False,,49,0,,,
49,6,True,0.458652,0.4587,none,,,False,,49,0,,,
49,74,True,0.244018,0.244,none,,,False,,49,0,,,
49,20,True,0.54291,0.5429,none,,,False,,49,0,,,
49,31,True,0.465223,0.4652,none,,,False,,49,0,,,
49,29,True,0.183149,0.1831,none,,,False,,49,0,,,
49,11,True,0.485067,0.4851,none,,,False,,49,0,,,
49,15,True,0.344894,0.3449,none,,,False,,49,0,,,
49,58,True,0.297759,0.2978,none,,,False,,49,0,,,
49,53,True,0.173237,0.1732,none,,,False,,49,0,,,
49,5,True,0.256524,0.2565,none,,,False,,49,0,,,
49,66,True,0.683133,0.6831,none,,,False,,49,0,,,
49,0,True,0.471175,0.4712,none,,,False,,49,0,,,
49,79,True,0.190571,0.1906,none,,,False,,49,0,,,
49,57,True,0.689556,0.6896,none,,,False,,49,0,,,
49,76,True,0.595607,0.5956,none,,,False,,49,0,,,
49,83,True,0.385147,0.3851,none,,,False,,49,0,,,
49,94,True,0.514817,0.5148,none,,,False,,49,0,,,
49,18,True,0.32971,0.3297,none,,,False,,49,0,,,
49,77,True,0.100119,0.1001,none,,,False,,49,0,,,
49,78,True,0.515004,0.515,none,,,False,,49,0,,,
49,37,True,0.170934,0.1709,none,,,False,,49,0,,,
49,44,True,0.322098,0.3221,none,,,False,,49,0,,,
49,70,True,0.523402,0.5234,none,,,False,,49,0,,,
49,60,True,1.000631,1.0006,none,,,False,,49,0,,,
49,22,True,0.657553,0.6576,none,,,False,,49,0,,,
49,89,True,0.454263,0.4543,none,,,False,,49,0,,,
49,17,True,0.505469,0.5055,none,,,False,,49,0,,,
49,90,True,0.478706,0.4787,none,,,False,,49,0,,,
49,9,True,0.553531,0.5535,none,,,False,,49,0,,,
49,56,True,0.176723,0.1767,none,,,False,,49,0,,,
49,35,True,0.423618,0.4236,none,,,False,,49,0,,,
49,95,True,0.868372,0.8684,none,,,False,,49,0,,,
49,24,True,0.331068,0.3311,none,,,False,,49,0,,,
49,21,True,0.61639,0.6164,none,,,False,,49,0,,,
49,64,True,0.53763,0.5376,none,,,False,,49,0,,,
49,82,True,0.201853,0.2019,none,,,False,,49,0,,,
49,84,True,0.335122,0.3351,none,,,False,,49,0,,,
49,45,True,0.205214,0.2052,none,,,False,,49,0,,,
49,47,True,0.433641,0.4336,none,,,False,,49,0,,,
49,75,True,0.396723,0.3967,none,,,False,,49,0,,,
49,61,True,0.426379,0.4264,none,,,False,,49,0,,,
49,52,True,0.260234,0.2602,none,,,False,,49,0,,,
49,50,True,0.603603,0.6036,none,,,False,,49,0,,,
49,65,True,0.431267,0.4313,none,,,False,,49,0,,,
49,12,True,0.464764,0.4648,none,,,False,,49,0,,,
49,43,True,0.52393,0.5239,none,,,False,,49,0,,,
49,91,True,0.321956,0.322,none,,,False,,49,0,,,
49,32,True,0.612358,0.6124,none,,,False,,49,0,,,
49,40,True,-0.07795,-0.078,none,,,False,,49,0,,,
50,15,True,0.519725,0.5197,none,,,False,,50,0,,,
50,33,True,0.299106,0.2991,none,,,False,,50,0,,,
50,30,True,0.526279,0.5263,none,,,False,,50,0,,,
50,47,True,0.356306,0.3563,none,,,False,,50,0,,,
50,23,True,0.605843,0.6058,none,,,False,,50,0,,,
50,85,True,0.323341,0.3233,none,,,False,,50,0,,,
50,96,True,0.405104,0.4051,none,,,False,,50,0,,,
50,38,True,0.468827,0.4688,none,,,False,,50,0,,,
50,42,True,0.413651,0.4137,none,,,False,,50,0,,,
50,65,True,0.609787,0.6098,none,,,False,,50,0,,,
50,68,True,0.165575,0.1656,none,,,False,,50,0,,,
50,52,True,0.265493,0.2655,none,,,False,,50,0,,,
50,81,True,0.572548,0.5725,none,,,False,,50,0,,,
50,71,True,0.352827,0.3528,none,,,False,,50,0,,,
50,97,True,0.260463,0.2605,none,,,False,,50,0,,,
50,98,True,0.814542,0.8145,none,,,False,,50,0,,,
50,76,True,0.346597,0.3466,none,,,False,,50,0,,,
50,60,True,0.865672,0.8657,none,,,False,,50,0,,,
50,50,True,0.286794,0.2868,none,,,False,,50,0,,,
50,44,True,0.693611,0.6936,none,,,False,,50,0,,,
50,87,True,0.22624,0.2262,none,,,False,,50,0,,,
50,74,True,0.226325,0.2263,none,,,False,,50,0,,,
50,16,True,0.57509,0.5751,none,,,False,,50,0,,,
50,9,True,0.526132,0.5261,none,,,False,,50,0,,,
50,91,True,0.490921,0.4909,none,,,False,,50,0,,,
50,88,True,0.40046,0.4005,none,,,False,,50,0,,,
50,24,True,0.294948,0.2949,none,,,False,,50,0,,,
50,37,True,0.289137,0.2891,none,,,False,,50,0,,,
50,94,True,1.149316,1.1493,none,,,False,,50,0,,,
50,29,True,0.358621,0.3586,none,,,False,,50,0,,,
50,13,True,0.102562,0.1026,none,,,False,,50,0,,,
50,80,True,0.527909,0.5279,none,,,False,,50,0,,,
50,54,True,0.380715,0.3807,none,,,False,,50,0,,,
50,55,True,0.844911,0.8449,none,,,False,,50,0,,,
50,31,True,0.613495,0.6135,none,,,False,,50,0,,,
50,51,True,0.308253,0.3083,none,,,False,,50,0,,,
50,56,True,0.222478,0.2225,none,,,False,,50,0,,,
50,8,True,0.268636,0.2686,none,,,False,,50,0,,,
50,90,True,0.535357,0.5354,none,,,False,,50,0,,,
50,35,True,0.725172,0.7252,none,,,False,,50,0,,,
50,53,True,0.310189,0.3102,none,,,False,,50,0,,,
50,22,True,0.530562,0.5306,none,,,False,,50,0,,,
50,32,True,0.406138,0.4061,none,,,False,,50,0,,,
50,67,True,0.535901,0.5359,none,,,False,,50,0,,,
50,34,True,0.292105,0.2921,none,,,False,,50,0,,,
50,61,True,0.402258,0.4023,none,,,False,,50,0,,,
50,64,True,0.546532,0.5465,none,,,False,,50,0,,,
50,78,True,0.528101,0.5281,none,,,False,,50,0,,,
50,99,True,0.017219,0.0172,none,,,False,,50,0,,,
50,5,True,0.574128,0.5741,none,,,False,,50,0,,,
51,93,True,0.998409,0.9984,none,,,False,,51,0,,,
51,22,True,0.618851,0.6189,none,,,False,,51,0,,,
51,11,True,0.448333,0.4483,none,,,False,,51,0,,,
51,88,True,0.444166,0.4442,none,,,False,,51,0,,,
51,55,True,0.476197,0.4762,none,,,False,,51,0,,,
51,47,True,0.275764,0.2758,none,,,False,,51,0,,,
51,25,True,1.2595,1.2595,none,,,False,,51,0,,,
51,92,True,0.294615,0.2946,none,,,False,,51,0,,,
51,1,True,0.397835,0.3978,none,,,False,,51,0,,,
51,73,True,0.645915,0.6459,none,,,False,,51,0,,,
51,91,True,0.431095,0.4311,none,,,False,,51,0,,,
51,94,True,0.920484,0.9205,none,,,False,,51,0,,,
51,23,True,0.470512,0.4705,none,,,False,,51,0,,,
51,59,True,0.495,0.495,none,,,False,,51,0,,,
51,12,True,0.558292,0.5583,none,,,False,,51,0,,,
51,51,True,0.517136,0.5171,none,,,False,,51,0,,,
51,18,True,0.336569,0.3366,none,,,False,,51,0,,,
51,61,True,0.307959,0.308,none,,,False,,51,0,,,
51,38,True,0.358457,0.3585,none,,,False,,51,0,,,
51,10,True,0.622309,0.6223,none,,,False,,51,0,,,
51,68,True,0.112532,0.1125,none,,,False,,51,0,,,
51,85,True,0.23895,0.2389,none,,,False,,51,0,,,
51,41,True,0.391758,0.3918,none,,,False,,51,0,,,
51,13,True,0.312051,0.3121,none,,,False,,51,0,,,
51,83,True,0.422658,0.4227,none,,,False,,51,0,,,
51,48,True,0.745936,0.7459,none,,,False,,51,0,,,
51,96,True,0.472718,0.4727,none,,,False,,51,0,,,
51,31,True,0.687415,0.6874,none,,,False,,51,0,,,
51,3,True,0.252472,0.2525,none,,,False,,51,0,,,
51,50,True,0.578225,0.5782,none,,,False,,51,0,,,
51,5,True,0.54295,0.543,none,,,False,,51,0,,,
51,0,True,0.165332,0.1653,none,,,False,,51,0,,,
51,75,True,0.49091,0.4909,none,,,False,,51,0,,,
51,40,True,0.600294,0.6003,none,,,False,,51,0,,,
51,35,True,0.694341,0.6943,none,,,False,,51,0,,,
51,76,True,0.598963,0.599,none,,,False,,51,0,,,
51,89,True,0.436613,0.4366,none,,,False,,51,0,,,
51,42,True,0.345285,0.3453,none,,,False,,51,0,,,
51,17,True,0.480233,0.4802,none,,,False,,51,0,,,
51,30,True,0.487141,0.4871,none,,,False,,51,0,,,
51,9,True,0.419677,0.4197,none,,,False,,51,0,,,
51,37,True,0.345158,0.3452,none,,,False,,51,0,,,
51,36,True,0.679492,0.6795,none,,,False,,51,0,,,
51,90,True,0.57497,0.575,none,,,False,,51,0,,,
51,15,True,0.517817,0.5178,none,,,False,,51,0,,,
51,45,True,0.467719,0.4677,none,,,False,,51,0,,,
51,16,True,0.497165,0.4972,none,,,False,,51,0,,,
51,4,True,0.551415,0.5514,none,,,False,,51,0,,,
51,70,True,0.868773,0.8688,none,,,False,,51,0,,,
51,39,True,1.633411,1.6334,none,,,False,,51,0,,,
52,91,True,0.356458,0.3565,none,,,False,,52,0,,,
52,9,True,0.658301,0.6583,none,,,False,,52,0,,,
52,38,True,0.405047,0.405,none,,,False,,52,0,,,
52,55,True,0.878283,0.8783,none,,,False,,52,0,,,
52,70,True,0.791394,0.7914,none,,,False,,52,0,,,
52,15,True,0.421026,0.421,none,,,False,,52,0,,,
52,65,True,0.656282,0.6563,none,,,False,,52,0,,,
52,99,True,0.095543,0.0955,none,,,False,,52,0,,,
52,50,True,0.397921,0.3979,none,,,False,,52,0,,,
52,39,True,1.504133,1.5041,none,,,False,,52,0,,,
52,74,True,0.221062,0.2211,none,,,False,,52,0,,,
52,88,True,0.45565,0.4557,none,,,False,,52,0,,,
52,69,True,0.444386,0.4444,none,,,False,,52,0,,,
52,42,True,0.403217,0.4032,none,,,False,,52,0,,,
52,48,True,0.638644,0.6386,none,,,False,,52,0,,,
52,85,True,0.33831,0.3383,none,,,False,,52,0,,,
52,12,True,0.388748,0.3887,none,,,False,,52,0,,,
52,23,True,0.576988,0.577,none,,,False,,52,0,,,
52,3,True,0.145942,0.1459,none,,,False,,52,0,,,
52,14,True,0.253934,0.2539,none,,,False,,52,0,,,
52,1,True,0.038146,0.0381,none,,,False,,52,0,,,
52,64,True,0.777738,0.7777,none,,,False,,52,0,,,
52,4,True,0.571007,0.571,none,,,False,,52,0,,,
52,87,True,0.217803,0.2178,none,,,False,,52,0,,,
52,82,True,0.218902,0.2189,none,,,False,,52,0,,,
52,10,True,0.650466,0.6505,none,,,False,,52,0,,,
52,72,True,0.657695,0.6577,none,,,False,,52,0,,,
52,40,True,0.412598,0.4126,none,,,False,,52,0,,,
52,46,True,0.452548,0.4525,none,,,False,,52,0,,,
52,16,True,0.543594,0.5436,none,,,False,,52,0,,,
52,76,True,0.592829,0.5928,none,,,False,,52,0,,,
52,0,True,0.54521,0.5452,none,,,False,,52,0,,,
52,53,True,0.322742,0.3227,none,,,False,,52,0,,,
52,5,True,0.491264,0.4913,none,,,False,,52,0,,,
52,73,True,0.642024,0.642,none,,,False,,52,0,,,
52,78,True,0.60825,0.6083,none,,,False,,52,0,,,
52,37,True,0.285172,0.2852,none,,,False,,52,0,,,
52,86,True,0.420959,0.421,none,,,False,,52,0,,,
52,79,True,0.326096,0.3261,none,,,False,,52,0,,,
52,95,True,0.858376,0.8584,none,,,False,,52,0,,,
52,51,True,0.564596,0.5646,none,,,False,,52,0,,,
52,41,True,0.505115,0.5051,none,,,False,,52,0,,,
52,20,True,0.463676,0.4637,none,,,False,,52,0,,,
52,71,True,0.433885,0.4339,none,,,False,,52,0,,,
52,49,True,0.450996,0.451,none,,,False,,52,0,,,
52,31,True,0.568582,0.5686,none,,,False,,52,0,,,
52,93,True,0.79046,0.7905,none,,,False,,52,0,,,
52,22,True,0.415821,0.4158,none,,,False,,52,0,,,
52,60,True,1.08211,1.0821,none,,,False,,52,0,,,
52,26,True,1.364091,1.3641,none,,,False,,52,0,,,
53,80,True,0.47255,0.4725,none,,,False,,53,0,,,
53,89,True,0.468006,0.468,none,,,False,,53,0,,,
53,95,True,0.881594,0.8816,none,,,False,,53,0,,,
53,70,True,0.585095,0.5851,none,,,False,,53,0,,,
53,64,True,0.665189,0.6652,none,,,False,,53,0,,,
53,71,True,0.505705,0.5057,none,,,False,,53,0,,,
53,63,True,0.278374,0.2784,none,,,False,,53,0,,,
53,93,True,0.821867,0.8219,none,,,False,,53,0,,,
53,29,True,0.208721,0.2087,none,,,False,,53,0,,,
53,38,True,0.334429,0.3344,none,,,False,,53,0,,,
53,33,True,0.264278,0.2643,none,,,False,,53,0,,,
53,8,True,0.395876,0.3959,none,,,False,,53,0,,,
53,92,True,0.175285,0.1753,none,,,False,,53,0,,,
53,25,True,1.11568,1.1157,none,,,False,,53,0,,,
53,28,True,0.577897,0.5779,none,,,False,,53,0,,,
53,41,True,0.442313,0.4423,none,,,False,,53,0,,,
53,60,True,0.780963,0.781,none,,,False,,53,0,,,
53,13,True,0.406199,0.4062,none,,,False,,53,0,,,
53,68,True,0.091701,0.0917,none,,,False,,53,0,,,
53,99,True,-0.140776,-0.1408,none,,,False,,53,0,,,
53,53,True,0.35414,0.3541,none,,,False,,53,0,,,
53,76,True,0.519219,0.5192,none,,,False,,53,0,,,
53,17,True,0.482041,0.482,none,,,False,,53,0,,,
53,11,True,0.613275,0.6133,none,,,False,,53,0,,,
53,44,True,0.567626,0.5676,none,,,False,,53,0,,,
53,86,True,0.352342,0.3523,none,,,False,,53,0,,,
53,39,True,1.344763,1.3448,none,,,False,,53,0,,,
53,83,True,0.487342,0.4873,none,,,False,,53,0,,,
53,51,True,0.605258,0.6053,none,,,False,,53,0,,,
53,59,True,0.473673,0.4737,none,,,False,,53,0,,,
53,20,True,0.481427,0.4814,none,,,False,,53,0,,,
53,18,True,0.270965,0.271,none,,,False,,53,0,,,
53,15,True,0.293722,0.2937,none,,,False,,53,0,,,
53,90,True,0.647081,0.6471,none,,,False,,53,0,,,
53,42,True,0.464163,0.4642,none,,,False,,53,0,,,
53,12,True,0.575794,0.5758,none,,,False,,53,0,,,
53,84,True,0.583524,0.5835,none,,,False,,53,0,,,
53,10,True,0.658423,0.6584,none,,,False,,53,0,,,
53,46,True,0.568167,0.5682,none,,,False,,53,0,,,
53,49,True,0.453025,0.453,none,,,False,,53,0,,,
53,50,True,0.674488,0.6745,none,,,False,,53,0,,,
53,67,True,0.789278,0.7893,none,,,False,,53,0,,,
53,96,True,0.643243,0.6432,none,,,False,,53,0,,,
53,35,True,0.658363,0.6584,none,,,False,,53,0,,,
53,27,True,0.325818,0.3258,none,,,False,,53,0,,,
53,30,True,0.556126,0.5561,none,,,False,,53,0,,,
53,81,True,0.277498,0.2775,none,,,False,,53,0,,,
53,85,True,0.224058,0.2241,none,,,False,,53,0,,,
53,61,True,0.469594,0.4696,none,,,False,,53,0,,,
53,2,True,0.287782,0.2878,none,,,False,,53,0,,,
54,26,True,1.540871,1.5409,none,,,False,,54,0,,,
54,18,True,0.456937,0.4569,none,,,False,,54,0,,,
54,10,True,0.494894,0.4949,none,,,False,,54,0,,,
54,22,True,0.580212,0.5802,none,,,False,,54,0,,,
54,15,True,0.497489,0.4975,none,,,False,,54,0,,,
54,80,True,0.302546,0.3025,none,,,False,,54,0,,,
54,34,True,0.335112,0.3351,none,,,False,,54,0,,,
54,73,True,0.717816,0.7178,none,,,False,,54,0,,,
54,11,True,0.33692,0.3369,none,,,False,,54,0,,,
54,12,True,0.474573,0.4746,none,,,False,,54,0,,,
54,79,True,0.395365,0.3954,none,,,False,,54,0,,,
54,5,True,0.262805,0.2628,none,,,False,,54,0,,,
54,87,True,0.239844,0.2398,none,,,False,,54,0,,,
54,52,True,0.263764,0.2638,none,,,False,,54,0,,,
54,17,True,0.472522,0.4725,none,,,False,,54,0,,,
54,61,True,0.231308,0.2313,none,,,False,,54,0,,,
54,98,True,0.690212,0.6902,none,,,False,,54,0,,,
54,49,True,0.406516,0.4065,none,,,False,,54,0,,,
54,65,True,0.566048,0.566,none,,,False,,54,0,,,
54,85,True,0.327786,0.3278,none,,,False,,54,0,,,
54,60,True,0.954676,0.9547,none,,,False,,54,0,,,
54,36,True,0.666709,0.6667,none,,,False,,54,0,,,
54,66,True,0.529974,0.53,none,,,False,,54,0,,,
54,19,True,0.313261,0.3133,none,,,False,,54,0,,,
54,93,True,0.897853,0.8979,none,,,False,,54,0,,,
54,48,True,0.622922,0.6229,none,,,False,,54,0,,,
54,9,True,0.685642,0.6856,none,,,False,,54,0,,,
54,38,True,0.332668,0.3327,none,,,False,,54,0,,,
54,21,True,0.689506,0.6895,none,,,False,,54,0,,,
54,54,True,0.288301,0.2883,none,,,False,,54,0,,,
54,46,True,0.59177,0.5918,none,,,False,,54,0,,,
54,94,True,1.051898,1.0519,none,,,False,,54,0,,,
54,70,True,0.812907,0.8129,none,,,False,,54,0,,,
54,74,True,0.288247,0.2882,none,,,False,,54,0,,,
54,24,True,0.321314,0.3213,none,,,False,,54,0,,,
54,44,True,0.606781,0.6068,none,,,False,,54,0,,,
54,13,True,0.246289,0.2463,none,,,False,,54,0,,,
54,84,True,0.462373,0.4624,none,,,False,,54,0,,,
54,31,True,0.723592,0.7236,none,,,False,,54,0,,,
54,16,True,0.456485,0.4565,none,,,False,,54,0,,,
54,53,True,0.340601,0.3406,none,,,False,,54,0,,,
54,71,True,0.312253,0.3123,none,,,False,,54,0,,,
54,68,True,0.116573,0.1166,none,,,False,,54,0,,,
54,86,True,0.398631,0.3986,none,,,False,,54,0,,,
54,78,True,0.527989,0.528,none,,,False,,54,0,,,
54,2,True,0.478185,0.4782,none,,,False,,54,0,,,
54,92,True,0.396953,0.397,none,,,False,,54,0,,,
54,23,True,0.461108,0.4611,none,,,False,,54,0,,,
54,28,True,0.476284,0.4763,none,,,False,,54,0,,,
54,59,True,0.483556,0.4836,none,,,False,,54,0,,,
55,20,True,0.493314,0.4933,none,,,False,,55,0,,,
55,80,True,0.574294,0.5743,none,,,False,,55,0,,,
55,76,True,0.398443,0.3984,none,,,False,,55,0,,,
55,25,True,1.23939,1.2394,none,,,False,,55,0,,,
55,33,True,0.342386,0.3424,none,,,False,,55,0,,,
55,78,True,0.413989,0.414,none,,,False,,55,0,,,
55,66,True,0.543864,0.5439,none,,,False,,55,0,,,
55,18,True,0.376767,0.3768,none,,,False,,55,0,,,
55,57,True,0.469001,0.469,none,,,False,,55,0,,,
55,22,True,0.459428,0.4594,none,,,False,,55,0,,,
55,45,True,0.480119,0.4801,none,,,False,,55,0,,,
55,89,True,0.463858,0.4639,none,,,False,,55,0,,,
55,94,True,0.774987,0.775,none,,,False,,55,0,,,
55,83,True,0.552444,0.5524,none,,,False,,55,0,,,
55,79,True,0.178623,0.1786,none,,,False,,55,0,,,
55,36,True,0.631193,0.6312,none,,,False,,55,0,,,
55,98,True,0.426093,0.4261,none,,,False,,55,0,,,
55,91,True,0.433289,0.4333,none,,,False,,55,0,,,
55,47,True,0.513463,0.5135,none,,,False,,55,0,,,
55,54,True,0.311384,0.3114,none,,,False,,55,0,,,
55,31,True,0.74338,0.7434,none,,,False,,55,0,,,
55,21,True,0.661344,0.6613,none,,,False,,55,0,,,
55,19,True,0.395581,0.3956,none,,,False,,55,0,,,
55,42,True,0.494863,0.4949,none,,,False,,55,0,,,
55,14,True,0.298588,0.2986,none,,,False,,55,0,,,
55,9,True,0.453287,0.4533,none,,,False,,55,0,,,
55,28,True,0.388819,0.3888,none,,,False,,55,0,,,
55,38,True,0.359738,0.3597,none,,,False,,55,0,,,
55,73,True,0.645616,0.6456,none,,,False,,55,0,,,
55,48,True,0.64906,0.6491,none,,,False,,55,0,,,
55,55,True,0.944667,0.9447,none,,,False,,55,0,,,
55,2,True,0.384637,0.3846,none,,,False,,55,0,,,
55,68,True,0.077986,0.078,none,,,False,,55,0,,,
55,30,True,0.475142,0.4751,none,,,False,,55,0,,,
55,49,True,0.309638,0.3096,none,,,False,,55,0,,,
55,43,True,0.498338,0.4983,none,,,False,,55,0,,,
55,93,True,0.815799,0.8158,none,,,False,,55,0,,,
55,92,True,0.334604,0.3346,none,,,False,,55,0,,,
55,15,True,0.408768,0.4088,none,,,False,,55,0,,,
55,87,True,0.205565,0.2056,none,,,False,,55,0,,,
55,51,True,0.540029,0.54,none,,,False,,55,0,,,
55,39,True,1.479188,1.4792,none,,,False,,55,0,,,
55,90,True,0.736288,0.7363,none,,,False,,55,0,,,
55,86,True,0.31102,0.311,none,,,False,,55,0,,,
55,24,True,0.312189,0.3122,none,,,False,,55,0,,,
55,50,True,0.420452,0.4205,none,,,False,,55,0,,,
55,35,True,0.824935,0.8249,none,,,False,,55,0,,,
55,6,True,0.401991,0.402,none,,,False,,55,0,,,
55,5,True,0.553851,0.5539,none,,,False,,55,0,,,
55,74,True,0.093464,0.0935,none,,,False,,55,0,,,
56,87,True,0.083447,0.0834,none,,,False,,56,0,,,
56,14,True,0.369985,0.37,none,,,False,,56,0,,,
56,18,True,0.208636,0.2086,none,,,False,,56,0,,,
56,92,True,0.263073,0.2631,none,,,False,,56,0,,,
56,6,True,0.302958,0.303,none,,,False,,56,0,,,
56,82,True,0.270016,0.27,none,,,False,,56,0,,,
56,35,True,0.672409,0.6724,none,,,False,,56,0,,,
56,43,True,0.487544,0.4875,none,,,False,,56,0,,,
56,26,True,1.468794,1.4688,none,,,False,,56,0,,,
56,91,True,0.526335,0.5263,none,,,False,,56,0,,,
56,1,True,0.388869,0.3889,none,,,False,,56,0,,,
56,44,True,0.713608,0.7136,none,,,False,,56,0,,,
56,90,True,0.399791,0.3998,none,,,False,,56,0,,,
56,48,True,0.553818,0.5538,none,,,False,,56,0,,,
56,33,True,0.354946,0.3549,none,,,False,,56,0,,,
56,84,True,0.591816,0.5918,none,,,False,,56,0,,,
56,29,True,0.307518,0.3075,none,,,False,,56,0,,,
56,55,True,0.803788,0.8038,none,,,False,,56,0,,,
56,53,True,0.247361,0.2474,none,,,False,,56,0,,,
56,73,True,0.648382,0.6484,none,,,False,,56,0,,,
56,10,True,0.658842,0.6588,none,,,False,,56,0,,,
56,49,True,0.339554,0.3396,none,,,False,,56,0,,,
56,60,True,0.746168,0.7462,none,,,False,,56,0,,,
56,71,True,0.412487,0.4125,none,,,False,,56,0,,,
56,39,True,1.233454,1.2335,none,,,False,,56,0,,,
56,45,True,0.536814,0.5368,none,,,False,,56,0,,,
56,4,True,0.591343,0.5913,none,,,False,,56,0,,,
56,80,True,0.51284,0.5128,none,,,False,,56,0,,,
56,50,True,0.522341,0.5223,none,,,False,,56,0,,,
56,9,True,0.543318,0.5433,none,,,False,,56,0,,,
56,3,True,0.1243,0.1243,none,,,False,,56,0,,,
56,0,True,0.757193,0.7572,none,,,False,,56,0,,,
56,36,True,0.649439,0.6494,none,,,False,,56,0,,,
56,78,True,0.534015,0.534,none,,,False,,56,0,,,
56,62,True,0.734933,0.7349,none,,,False,,56,0,,,
56,24,True,0.333828,0.3338,none,,,False,,56,0,,,
56,51,True,0.450066,0.4501,none,,,False,,56,0,,,
56,75,True,0.642481,0.6425,none,,,False,,56,0,,,
56,25,True,1.349242,1.3492,none,,,False,,56,0,,,
56,85,True,0.357251,0.3573,none,,,False,,56,0,,,
56,52,True,0.277315,0.2773,none,,,False,,56,0,,,
56,7,True,0.447162,0.4472,none,,,False,,56,0,,,
56,93,True,1.098695,1.0987,none,,,False,,56,0,,,
56,32,True,0.448806,0.4488,none,,,False,,56,0,,,
56,22,True,0.566407,0.5664,none,,,False,,56,0,,,
56,70,True,0.869859,0.8699,none,,,False,,56,0,,,
56,77,True,0.316185,0.3162,none,,,False,,56,0,,,
56,54,True,0.364418,0.3644,none,,,False,,56,0,,,
56,81,True,0.567545,0.5675,none,,,False,,56,0,,,
56,27,True,0.317402,0.3174,none,,,False,,56,0,,,
57,60,True,1.023828,1.0238,none,,,False,,57,0,,,
57,92,True,0.314866,0.3149,none,,,False,,57,0,,,
57,59,True,0.442246,0.4422,none,,,False,,57,0,,,
57,65,True,0.669138,0.6691,none,,,False,,57,0,,,
57,93,True,0.783878,0.7839,none,,,False,,57,0,,,
57,50,True,0.122995,0.123,none,,,False,,57,0,,,
57,18,True,0.434291,0.4343,none,,,False,,57,0,,,
57,73,True,0.641269,0.6413,none,,,False,,57,0,,,
57,44,True,0.48386,0.4839,none,,,False,,57,0,,,
57,90,True,0.609145,0.6091,none,,,False,,57,0,,,
57,7,True,0.351853,0.3519,none,,,False,,57,0,,,
57,91,True,0.349729,0.3497,none,,,False,,57,0,,,
57,74,True,0.271137,0.2711,none,,,False,,57,0,,,
57,94,True,1.04428,1.0443,none,,,False,,57,0,,,
57,66,True,0.675916,0.6759,none,,,False,,57,0,,,
57,16,True,0.403292,0.4033,none,,,False,,57,0,,,
57,98,True,0.796859,0.7969,none,,,False,,57,0,,,
57,46,True,0.461755,0.4618,none,,,False,,57,0,,,
57,55,True,0.797665,0.7977,none,,,False,,57,0,,,
57,13,True,0.332676,0.3327,none,,,False,,57,0,,,
57,45,True,0.444794,0.4448,none,,,False,,57,0,,,
57,31,True,0.69386,0.6939,none,,,False,,57,0,,,
57,99,True,-0.045447,-0.0454,none,,,False,,57,0,,,
57,5,True,0.438278,0.4383,none,,,False,,57,0,,,
57,15,True,0.425077,0.4251,none,,,False,,57,0,,,
57,29,True,0.262101,0.2621,none,,,False,,57,0,,,
57,53,True,0.365853,0.3659,none,,,False,,57,0,,,
57,56,True,0.263919,0.2639,none,,,False,,57,0,,,
57,35,True,0.596906,0.5969,none,,,False,,57,0,,,
57,19,True,0.342323,0.3423,none,,,False,,57,0,,,
57,32,True,0.516056,0.5161,none,,,False,,57,0,,,
57,83,True,0.405614,0.4056,none,,,False,,57,0,,,
57,77,True,0.271193,0.2712,none,,,False,,57,0,,,
57,72,True,0.727396,0.7274,none,,,False,,57,0,,,
57,30,True,0.501623,0.5016,none,,,False,,57,0,,,
57,63,True,0.313795,0.3138,none,,,False,,57,0,,,
57,58,True,0.500619,0.5006,none,,,False,,57,0,,,
57,67,True,0.625057,0.6251,none,,,False,,57,0,,,
57,71,True,0.47693,0.4769,none,,,False,,57,0,,,
57,0,True,0.345914,0.3459,none,,,False,,57,0,,,
57,9,True,0.541279,0.5413,none,,,False,,57,0,,,
57,48,True,0.740771,0.7408,none,,,False,,57,0,,,
57,41,True,0.472778,0.4728,none,,,False,,57,0,,,
57,85,True,0.147464,0.1475,none,,,False,,57,0,,,
57,75,True,0.433819,0.4338,none,,,False,,57,0,,,
57,79,True,0.036902,0.0369,none,,,False,,57,0,,,
57,1,True,0.390663,0.3907,none,,,False,,57,0,,,
57,14,True,0.289282,0.2893,none,,,False,,57,0,,,
57,4,True,0.585972,0.586,none,,,False,,57,0,,,
57,82,True,0.315673,0.3157,none,,,False,,57,0,,,
58,72,True,0.456925,0.4569,none,,,False,,58,0,,,
58,34,True,0.279784,0.2798,none,,,False,,58,0,,,
58,6,True,0.398859,0.3989,none,,,False,,58,0,,,
58,71,True,0.497791,0.4978,none,,,False,,58,0,,,
58,57,True,0.517717,0.5177,none,,,False,,58,0,,,
58,70,True,0.797997,0.798,none,,,False,,58,0,,,
58,47,True,0.452767,0.4528,none,,,False,,58,0,,,
58,14,True,0.283306,0.2833,none,,,False,,58,0,,,
58,28,True,0.582593,0.5826,none,,,False,,58,0,,,
58,88,True,0.41574,0.4157,none,,,False,,58,0,,,
58,42,True,0.556618,0.5566,none,,,False,,58,0,,,
58,15,True,0.385263,0.3853,none,,,False,,58,0,,,
58,78,True,0.532162,0.5322,none,,,False,,58,0,,,
58,30,True,0.467384,0.4674,none,,,False,,58,0,,,
58,98,True,0.835784,0.8358,none,,,False,,58,0,,,
58,25,True,1.163213,1.1632,none,,,False,,58,0,,,
58,60,True,0.579711,0.5797,none,,,False,,58,0,,,
58,46,True,0.570163,0.5702,none,,,False,,58,0,,,
58,63,True,0.193117,0.1931,none,,,False,,58,0,,,
58,8,True,0.232751,0.2328,none,,,False,,58,0,,,
58,1,True,0.23736,0.2374,none,,,False,,58,0,,,
58,52,True,0.300266,0.3003,none,,,False,,58,0,,,
58,12,True,0.376634,0.3766,none,,,False,,58,0,,,
58,22,True,0.676253,0.6763,none,,,False,,58,0,,,
58,86,True,0.407957,0.408,none,,,False,,58,0,,,
58,39,True,1.421686,1.4217,none,,,False,,58,0,,,
58,59,True,0.490605,0.4906,none,,,False,,58,0,,,
58,10,True,0.557511,0.5575,none,,,False,,58,0,,,
58,76,True,0.522285,0.5223,none,,,False,,58,0,,,
58,0,True,0.353278,0.3533,none,,,False,,58,0,,,
58,99,True,-0.120626,-0.1206,none,,,False,,58,0,,,
58,87,True,0.181694,0.1817,none,,,False,,58,0,,,
58,43,True,0.446609,0.4466,none,,,False,,58,0,,,
58,11,True,0.424045,0.424,none,,,False,,58,0,,,
58,62,True,0.890341,0.8903,none,,,False,,58,0,,,
58,92,True,0.238914,0.2389,none,,,False,,58,0,,,
58,18,True,0.337387,0.3374,none,,,False,,58,0,,,
58,69,True,0.465975,0.466,none,,,False,,58,0,,,
58,41,True,0.415592,0.4156,none,,,False,,58,0,,,
58,5,True,0.595729,0.5957,none,,,False,,58,0,,,
58,20,True,0.378398,0.3784,none,,,False,,58,0,,,
58,23,True,0.577874,0.5779,none,,,False,,58,0,,,
58,51,True,0.610952,0.611,none,,,False,,58,0,,,
58,3,True,0.130186,0.1302,none,,,False,,58,0,,,
58,17,True,0.302008,0.302,none,,,False,,58,0,,,
58,33,True,0.318456,0.3185,none,,,False,,58,0,,,
58,67,True,0.55971,0.5597,none,,,False,,58,0,,,
58,56,True,0.290283,0.2903,none,,,False,,58,0,,,
58,96,True,0.635933,0.6359,none,,,False,,58,0,,,
58,54,True,0.34764,0.3476,none,,,False,,58,0,,,
59,70,True,0.730238,0.7302,none,,,False,,59,0,,,
59,52,True,0.336822,0.3368,none,,,False,,59,0,,,
59,77,True,0.329272,0.3293,none,,,False,,59,0,,,
59,74,True,0.172101,0.1721,none,,,False,,59,0,,,
59,25,True,1.268967,1.269,none,,,False,,59,0,,,
59,43,True,0.361289,0.3613,none,,,False,,59,0,,,
59,68,True,0.103289,0.1033,none,,,False,,59,0,,,
59,47,True,0.419,0.419,none,,,False,,59,0,,,
59,4,True,0.771009,0.771,none,,,False,,59,0,,,
59,8,True,0.152395,0.1524,none,,,False,,59,0,,,
59,94,True,1.027554,1.0276,none,,,False,,59,0,,,
59,56,True,0.226387,0.2264,none,,,False,,59,0,,,
59,48,True,0.680907,0.6809,none,,,False,,59,0,,,
59,83,True,0.42598,0.426,none,,,False,,59,0,,,
59,71,True,0.411425,0.4114,none,,,False,,59,0,,,
59,76,True,0.422505,0.4225,none,,,False,,59,0,,,
59,91,True,0.332526,0.3325,none,,,False,,59,0,,,
59,32,True,0.336808,0.3368,none,,,False,,59,0,,,
59,18,True,0.445569,0.4456,none,,,False,,59,0,,,
59,89,True,0.081088,0.0811,none,,,False,,59,0,,,
59,90,True,0.619053,0.6191,none,,,False,,59,0,,,
59,75,True,0.434747,0.4347,none,,,False,,59,0,,,
59,13,True,0.277563,0.2776,none,,,False,,59,0,,,
59,37,True,0.46633,0.4663,none,,,False,,59,0,,,
59,30,True,0.541442,0.5414,none,,,False,,59,0,,,
59,72,True,0.678875,0.6789,none,,,False,,59,0,,,
59,21,True,0.717804,0.7178,none,,,False,,59,0,,,
59,57,True,0.493658,0.4937,none,,,False,,59,0,,,
59,92,True,0.382227,0.3822,none,,,False,,59,0,,,
59,44,True,0.582733,0.5827,none,,,False,,59,0,,,
59,0,True,0.677367,0.6774,none,,,False,,59,0,,,
59,66,True,0.499545,0.4995,none,,,False,,59,0,,,
59,86,True,0.291822,0.2918,none,,,False,,59,0,,,
59,79,True,0.162175,0.1622,none,,,False,,59,0,,,
59,29,True,0.276382,0.2764,none,,,False,,59,0,,,
59,49,True,0.579644,0.5796,none,,,False,,59,0,,,
59,24,True,0.395088,0.3951,none,,,False,,59,0,,,
59,26,True,1.386057,1.3861,none,,,False,,59,0,,,
59,33,True,0.325015,0.325,none,,,False,,59,0,,,
59,67,True,0.379982,0.38,none,,,False,,59,0,,,
59,7,True,0.419155,0.4192,none,,,False,,59,0,,,
59,31,True,0.746749,0.7467,none,,,False,,59,0,,,
59,10,True,0.423193,0.4232,none,,,False,,59,0,,,
59,1,True,0.348023,0.348,none,,,False,,59,0,,,
59,9,True,0.685072,0.6851,none,,,False,,59,0,,,
59,60,True,0.714595,0.7146,none,,,False,,59,0,,,
59,84,True,0.59398,0.594,none,,,False,,59,0,,,
59,19,True,0.340797,0.3408,none,,,False,,59,0,,,
59,2,True,0.397305,0.3973,none,,,False,,59,0,,,
59,64,True,0.70559,0.7056,none,,,False,,59,0,,,
60,18,True,0.290289,0.2903,none,,,False,,60,0,,,
60,9,True,0.516399,0.5164,none,,,False,,60,0,,,
60,11,True,0.473612,0.4736,none,,,False,,60,0,,,
60,50,True,0.458181,0.4582,none,,,False,,60,0,,,
60,22,True,0.57314,0.5731,none,,,False,,60,0,,,
60,26,True,1.33455,1.3346,none,,,False,,60,0,,,
60,21,True,0.668276,0.6683,none,,,False,,60,0,,,
60,44,True,0.569925,0.5699,none,,,False,,60,0,,,
60,88,True,0.397913,0.3979,none,,,False,,60,0,,,
60,89,True,0.416676,0.4167,none,,,False,,60,0,,,
60,86,True,0.452724,0.4527,none,,,False,,60,0,,,
60,63,True,0.161338,0.1613,none,,,False,,60,0,,,
60,6,True,0.346602,0.3466,none,,,False,,60,0,,,
60,76,True,0.509247,0.5092,none,,,False,,60,0,,,
60,13,True,0.361781,0.3618,none,,,False,,60,0,,,
60,94,True,1.047426,1.0474,none,,,False,,60,0,,,
60,36,True,0.844921,0.8449,none,,,False,,60,0,,,
60,53,True,0.34842,0.3484,none,,,False,,60,0,,,
60,24,True,0.28942,0.2894,none,,,False,,60,0,,,
60,5,True,0.542261,0.5423,none,,,False,,60,0,,,
60,84,True,0.530725,0.5307,none,,,False,,60,0,,,
60,62,True,0.84206,0.8421,none,,,False,,60,0,,,
60,83,True,0.366452,0.3665,none,,,False,,60,0,,,
60,79,True,0.321562,0.3216,none,,,False,,60,0,,,
60,2,True,0.314183,0.3142,none,,,False,,60,0,,,
60,92,True,0.172215,0.1722,none,,,False,,60,0,,,
60,17,True,0.533667,0.5337,none,,,False,,60,0,,,
60,95,True,0.810149,0.8101,none,,,False,,60,0,,,
60,81,True,0.631677,0.6317,none,,,False,,60,0,,,
60,60,True,0.861121,0.8611,none,,,False,,60,0,,,
60,34,True,0.269977,0.27,none,,,False,,60,0,,,
60,85,True,0.355388,0.3554,none,,,False,,60,0,,,
60,20,True,0.523146,0.5231,none,,,False,,60,0,,,
60,52,True,0.330417,0.3304,none,,,False,,60,0,,,
60,12,True,0.512815,0.5128,none,,,False,,60,0,,,
60,28,True,0.62427,0.6243,none,,,False,,60,0,,,
60,46,True,0.592787,0.5928,none,,,False,,60,0,,,
60,91,True,0.379901,0.3799,none,,,False,,60,0,,,
60,90,True,0.483355,0.4834,none,,,False,,60,0,,,
60,66,True,0.645497,0.6455,none,,,False,,60,0,,,
60,82,True,0.150335,0.1503,none,,,False,,60,0,,,
60,54,True,0.318681,0.3187,none,,,False,,60,0,,,
60,33,True,0.24901,0.249,none,,,False,,60,0,,,
60,98,True,0.749517,0.7495,none,,,False,,60,0,,,
60,32,True,0.496342,0.4963,none,,,False,,60,0,,,
60,29,True,0.284879,0.2849,none,,,False,,60,0,,,
60,99,True,0.100525,0.1005,none,,,False,,60,0,,,
60,59,True,0.544795,0.5448,none,,,False,,60,0,,,
60,72,True,0.671065,0.6711,none,,,False,,60,0,,,
60,10,True,0.622408,0.6224,none,,,False,,60,0,,,
61,40,True,0.735442,0.7354,none,,,False,,61,0,,,
61,39,True,1.52909,1.5291,none,,,False,,61,0,,,
61,57,True,0.576728,0.5767,none,,,False,,61,0,,,
61,37,True,0.400977,0.401,none,,,False,,61,0,,,
61,88,True,0.334159,0.3342,none,,,False,,61,0,,,
61,21,True,0.498857,0.4989,none,,,False,,61,0,,,
61,31,True,0.857436,0.8574,none,,,False,,61,0,,,
61,55,True,0.807292,0.8073,none,,,False,,61,0,,,
61,63,True,0.196779,0.1968,none,,,False,,61,0,,,
61,69,True,0.501246,0.5012,none,,,False,,61,0,,,
61,26,True,1.298044,1.298,none,,,False,,61,0,,,
61,8,True,0.146353,0.1464,none,,,False,,61,0,,,
61,23,True,0.446942,0.4469,none,,,False,,61,0,,,
61,72,True,0.627308,0.6273,none,,,False,,61,0,,,
61,56,True,0.207662,0.2077,none,,,False,,61,0,,,
61,17,True,0.392913,0.3929,none,,,False,,61,0,,,
61,93,True,1.022573,1.0226,none,,,False,,61,0,,,
61,91,True,0.474606,0.4746,none,,,False,,61,0,,,
61,62,True,0.647922,0.6479,none,,,False,,61,0,,,
61,79,True,0.355418,0.3554,none,,,False,,61,0,,,
61,92,True,0.28889,0.2889,none,,,False,,61,0,,,
61,18,True,0.345235,0.3452,none,,,False,,61,0,,,
61,74,True,0.33098,0.331,none,,,False,,61,0,,,
61,3,True,0.194325,0.1943,none,,,False,,61,0,,,
61,54,True,0.333855,0.3339,none,,,False,,61,0,,,
61,66,True,0.431759,0.4318,none,,,False,,61,0,,,
61,46,True,0.615837,0.6158,none,,,False,,61,0,,,
61,34,True,0.351623,0.3516,none,,,False,,61,0,,,
61,12,True,0.498178,0.4982,none,,,False,,61,0,,,
61,71,True,0.318694,0.3187,none,,,False,,61,0,,,
61,14,True,0.222749,0.2227,none,,,False,,61,0,,,
61,44,True,0.68146,0.6815,none,,,False,,61,0,,,
61,1,True,0.274702,0.2747,none,,,False,,61,0,,,
61,80,True,0.638376,0.6384,none,,,False,,61,0,,,
61,85,True,0.238118,0.2381,none,,,False,,61,0,,,
61,42,True,0.555256,0.5553,none,,,False,,61,0,,,
61,89,True,0.481992,0.482,none,,,False,,61,0,,,
61,30,True,0.556346,0.5563,none,,,False,,61,0,,,
61,10,True,0.433533,0.4335,none,,,False,,61,0,,,
61,78,True,0.641805,0.6418,none,,,False,,61,0,,,
61,95,True,0.710252,0.7103,none,,,False,,61,0,,,
61,22,True,0.558251,0.5583,none,,,False,,61,0,,,
61,28,True,0.56181,0.5618,none,,,False,,61,0,,,
61,60,True,0.607004,0.607,none,,,False,,61,0,,,
61,29,True,0.353347,0.3533,none,,,False,,61,0,,,
61,41,True,0.419786,0.4198,none,,,False,,61,0,,,
61,65,True,0.603679,0.6037,none,,,False,,61,0,,,
61,4,True,0.504313,0.5043,none,,,False,,61,0,,,
61,50,True,0.41465,0.4146,none,,,False,,61,0,,,
61,15,True,0.323302,0.3233,none,,,False,,61,0,,,
62,33,True,0.263127,0.2631,none,,,False,,62,0,,,
62,92,True,0.33748,0.3375,none,,,False,,62,0,,,
62,8,True,0.261784,0.2618,none,,,False,,62,0,,,
62,7,True,0.386181,0.3862,none,,,False,,62,0,,,
62,4,True,0.60185,0.6019,none,,,False,,62,0,,,
62,79,True,0.243532,0.2435,none,,,False,,62,0,,,
62,83,True,0.553027,0.553,none,,,False,,62,0,,,
62,78,True,0.636376,0.6364,none,,,False,,62,0,,,
62,86,True,0.49599,0.496,none,,,False,,62,0,,,
62,15,True,0.310867,0.3109,none,,,False,,62,0,,,
62,80,True,0.385622,0.3856,none,,,False,,62,0,,,
62,91,True,0.258168,0.2582,none,,,False,,62,0,,,
62,32,True,0.58884,0.5888,none,,,False,,62,0,,,
62,19,True,0.283539,0.2835,none,,,False,,62,0,,,
62,3,True,0.062653,0.0627,none,,,False,,62,0,,,
62,14,True,0.16441,0.1644,none,,,False,,62,0,,,
62,45,True,0.259421,0.2594,none,,,False,,62,0,,,
62,87,True,0.222238,0.2222,none,,,False,,62,0,,,
62,0,True,0.543604,0.5436,none,,,False,,62,0,,,
62,42,True,0.563916,0.5639,none,,,False,,62,0,,,
62,88,True,0.54901,0.549,none,,,False,,62,0,,,
62,36,True,0.719522,0.7195,none,,,False,,62,0,,,
62,67,True,0.579551,0.5796,none,,,False,,62,0,,,
62,98,True,0.724264,0.7243,none,,,False,,62,0,,,
62,17,True,0.535744,0.5357,none,,,False,,62,0,,,
62,77,True,0.181073,0.1811,none,,,False,,62,0,,,
62,18,True,0.393934,0.3939,none,,,False,,62,0,,,
62,61,True,0.360762,0.3608,none,,,False,,62,0,,,
62,11,True,0.432718,0.4327,none,,,False,,62,0,,,
62,73,True,0.586368,0.5864,none,,,False,,62,0,,,
62,56,True,0.300416,0.3004,none,,,False,,62,0,,,
62,24,True,0.385218,0.3852,none,,,False,,62,0,,,
62,29,True,0.218941,0.2189,none,,,False,,62,0,,,
62,27,True,0.370016,0.37,none,,,False,,62,0,,,
62,16,True,0.473059,0.4731,none,,,False,,62,0,,,
62,52,True,0.389035,0.389,none,,,False,,62,0,,,
62,39,True,1.400618,1.4006,none,,,False,,62,0,,,
62,25,True,1.239295,1.2393,none,,,False,,62,0,,,
62,95,True,0.926458,0.9265,none,,,False,,62,0,,,
62,5,True,0.625886,0.6259,none,,,False,,62,0,,,
62,96,True,0.726405,0.7264,none,,,False,,62,0,,,
62,99,True,0.161926,0.1619,none,,,False,,62,0,,,
62,6,True,0.523511,0.5235,none,,,False,,62,0,,,
62,43,True,0.515571,0.5156,none,,,False,,62,0,,,
62,47,True,0.499384,0.4994,none,,,False,,62,0,,,
62,82,True,0.306443,0.3064,none,,,False,,62,0,,,
62,20,True,0.344434,0.3444,none,,,False,,62,0,,,
62,2,True,0.317241,0.3172,none,,,False,,62,0,,,
62,75,True,0.515595,0.5156,none,,,False,,62,0,,,
62,23,True,0.567436,0.5674,none,,,False,,62,0,,,
63,90,True,0.434242,0.4342,none,,,False,,63,0,,,
63,97,True,0.250277,0.2503,none,,,False,,63,0,,,
63,94,True,1.119335,1.1193,none,,,False,,63,0,,,
63,1,True,0.526382,0.5264,none,,,False,,63,0,,,
63,54,True,0.369347,0.3693,none,,,False,,63,0,,,
63,2,True,0.358416,0.3584,none,,,False,,63,0,,,
63,87,True,0.2792,0.2792,none,,,False,,63,0,,,
63,72,True,0.744207,0.7442,none,,,False,,63,0,,,
63,88,True,0.27577,0.2758,none,,,False,,63,0,,,
63,10,True,0.606894,0.6069,none,,,False,,63,0,,,
63,76,True,0.436624,0.4366,none,,,False,,63,0,,,
63,75,True,0.583375,0.5834,none,,,False,,63,0,,,
63,12,True,0.623193,0.6232,none,,,False,,63,0,,,
63,67,True,0.578775,0.5788,none,,,False,,63,0,,,
63,37,True,0.661506,0.6615,none,,,False,,63,0,,,
63,11,True,0.405757,0.4058,none,,,False,,63,0,,,
63,74,True,0.046964,0.047,none,,,False,,63,0,,,
63,93,True,1.127621,1.1276,none,,,False,,63,0,,,
63,86,True,0.321219,0.3212,none,,,False,,63,0,,,
63,29,True,0.338809,0.3388,none,,,False,,63,0,,,
63,32,True,0.39228,0.3923,none,,,False,,63,0,,,
63,91,True,0.4787,0.4787,none,,,False,,63,0,,,
63,41,True,0.522874,0.5229,none,,,False,,63,0,,,
63,79,True,0.267284,0.2673,none,,,False,,63,0,,,
63,65,True,0.45348,0.4535,none,,,False,,63,0,,,
63,50,True,0.460652,0.4607,none,,,False,,63,0,,,
63,62,True,0.679533,0.6795,none,,,False,,63,0,,,
63,89,True,0.433209,0.4332,none,,,False,,63,0,,,
63,83,True,0.185094,0.1851,none,,,False,,63,0,,,
63,58,True,0.389399,0.3894,none,,,False,,63,0,,,
63,21,True,0.10992,0.1099,none,,,False,,63,0,,,
63,85,True,0.369513,0.3695,none,,,False,,63,0,,,
63,63,True,0.123836,0.1238,none,,,False,,63,0,,,
63,22,True,0.479553,0.4796,none,,,False,,63,0,,,
63,9,True,0.581735,0.5817,none,,,False,,63,0,,,
63,6,True,0.267115,0.2671,none,,,False,,63,0,,,
63,77,True,0.256645,0.2566,none,,,False,,63,0,,,
63,25,True,1.2955,1.2955,none,,,False,,63,0,,,
63,15,True,0.510562,0.5106,none,,,False,,63,0,,,
63,44,True,0.732967,0.733,none,,,False,,63,0,,,
63,33,True,0.270243,0.2702,none,,,False,,63,0,,,
63,57,True,0.455182,0.4552,none,,,False,,63,0,,,
63,34,True,0.335474,0.3355,none,,,False,,63,0,,,
63,95,True,0.629369,0.6294,none,,,False,,63,0,,,
63,98,True,0.874096,0.8741,none,,,False,,63,0,,,
63,64,True,0.670018,0.67,none,,,False,,63,0,,,
63,52,True,0.268263,0.2683,none,,,False,,63,0,,,
63,46,True,0.730133,0.7301,none,,,False,,63,0,,,
63,73,True,0.571601,0.5716,none,,,False,,63,0,,,
63,5,True,0.509384,0.5094,none,,,False,,63,0,,,
64,84,True,0.456527,0.4565,none,,,False,,64,0,,,
64,26,True,1.316741,1.3167,none,,,False,,64,0,,,
64,42,True,0.619189,0.6192,none,,,False,,64,0,,,
64,31,True,0.736289,0.7363,none,,,False,,64,0,,,
64,4,True,0.504982,0.505,none,,,False,,64,0,,,
64,37,True,0.303814,0.3038,none,,,False,,64,0,,,
64,73,True,0.731207,0.7312,none,,,False,,64,0,,,
64,41,True,0.428059,0.4281,none,,,False,,64,0,,,
64,75,True,0.537174,0.5372,none,,,False,,64,0,,,
64,62,True,0.665594,0.6656,none,,,False,,64,0,,,
64,69,True,0.42091,0.4209,none,,,False,,64,0,,,
64,39,True,1.667405,1.6674,none,,,False,,64,0,,,
64,40,True,0.75071,0.7507,none,,,False,,64,0,,,
64,90,True,0.494837,0.4948,none,,,False,,64,0,,,
64,2,True,0.355725,0.3557,none,,,False,,64,0,,,
64,32,True,0.507037,0.507,none,,,False,,64,0,,,
64,1,True,0.441112,0.4411,none,,,False,,64,0,,,
64,63,True,0.278994,0.279,none,,,False,,64,0,,,
64,94,True,1.047379,1.0474,none,,,False,,64,0,,,
64,66,True,0.523214,0.5232,none,,,False,,64,0,,,
64,71,True,0.474944,0.4749,none,,,False,,64,0,,,
64,21,True,0.535069,0.5351,none,,,False,,64,0,,,
64,89,True,0.528129,0.5281,none,,,False,,64,0,,,
64,81,True,0.65892,0.6589,none,,,False,,64,0,,,
64,86,True,0.439779,0.4398,none,,,False,,64,0,,,
64,92,True,0.3107,0.3107,none,,,False,,64,0,,,
64,19,True,0.289822,0.2898,none,,,False,,64,0,,,
64,43,True,0.560762,0.5608,none,,,False,,64,0,,,
64,64,True,0.631484,0.6315,none,,,False,,64,0,,,
64,12,True,0.420413,0.4204,none,,,False,,64,0,,,
64,85,True,0.399269,0.3993,none,,,False,,64,0,,,
64,54,True,0.42791,0.4279,none,,,False,,64,0,,,
64,23,True,0.493866,0.4939,none,,,False,,64,0,,,
64,38,True,0.379584,0.3796,none,,,False,,64,0,,,
64,45,True,0.561031,0.561,none,,,False,,64,0,,,
64,15,True,0.411824,0.4118,none,,,False,,64,0,,,
64,56,True,0.2282,0.2282,none,,,False,,64,0,,,
64,50,True,0.49339,0.4934,none,,,False,,64,0,,,
64,29,True,0.22353,0.2235,none,,,False,,64,0,,,
64,67,True,0.563776,0.5638,none,,,False,,64,0,,,
64,87,True,0.20245,0.2024,none,,,False,,64,0,,,
64,98,True,0.741234,0.7412,none,,,False,,64,0,,,
64,22,True,0.61709,0.6171,none,,,False,,64,0,,,
64,0,True,0.489855,0.4899,none,,,False,,64,0,,,
64,20,True,0.455447,0.4554,none,,,False,,64,0,,,
64,52,True,0.383728,0.3837,none,,,False,,64,0,,,
64,47,True,0.470007,0.47,none,,,False,,64,0,,,
64,78,True,0.504837,0.5048,none,,,False,,64,0,,,
64,96,True,0.622045,0.622,none,,,False,,64,0,,,
64,10,True,0.594371,0.5944,none,,,False,,64,0,,,
65,0,True,0.493887,0.4939,none,,,False,,65,0,,,
65,40,True,0.753126,0.7531,none,,,False,,65,0,,,
65,65,True,0.489096,0.4891,none,,,False,,65,0,,,
65,82,True,0.307169,0.3072,none,,,False,,65,0,,,
65,28,True,0.543311,0.5433,none,,,False,,65,0,,,
65,38,True,0.346277,0.3463,none,,,False,,65,0,,,
65,80,True,0.492196,0.4922,none,,,False,,65,0,,,
65,41,True,0.490991,0.491,none,,,False,,65,0,,,
65,4,True,0.630658,0.6307,none,,,False,,65,0,,,
65,32,True,0.466791,0.4668,none,,,False,,65,0,,,
65,62,True,0.816502,0.8165,none,,,False,,65,0,,,
65,79,True,-0.273316,-0.2733,none,,,False,,65,0,,,
65,8,True,0.201174,0.2012,none,,,False,,65,0,,,
65,96,True,0.541967,0.542,none,,,False,,65,0,,,
65,55,True,0.729335,0.7293,none,,,False,,65,0,,,
65,43,True,0.306076,0.3061,none,,,False,,65,0,,,
65,99,True,0.096785,0.0968,none,,,False,,65,0,,,
65,60,True,0.606083,0.6061,none,,,False,,65,0,,,
65,86,True,0.381367,0.3814,none,,,False,,65,0,,,
65,2,True,0.254896,0.2549,none,,,False,,65,0,,,
65,97,True,0.286191,0.2862,none,,,False,,65,0,,,
65,76,True,0.436626,0.4366,none,,,False,,65,0,,,
65,6,True,0.326526,0.3265,none,,,False,,65,0,,,
65,12,True,0.520162,0.5202,none,,,False,,65,0,,,
65,72,True,0.485524,0.4855,none,,,False,,65,0,,,
65,42,True,0.411189,0.4112,none,,,False,,65,0,,,
65,50,True,0.475627,0.4756,none,,,False,,65,0,,,
65,69,True,0.559776,0.5598,none,,,False,,65,0,,,
65,54,True,0.336089,0.3361,none,,,False,,65,0,,,
65,95,True,0.878028,0.878,none,,,False,,65,0,,,
65,3,True,0.212282,0.2123,none,,,False,,65,0,,,
65,89,True,0.201061,0.2011,none,,,False,,65,0,,,
65,74,True,0.173829,0.1738,none,,,False,,65,0,,,
65,93,True,0.956882,0.9569,none,,,False,,65,0,,,
65,22,True,0.510163,0.5102,none,,,False,,65,0,,,
65,30,True,0.448216,0.4482,none,,,False,,65,0,,,
65,18,True,0.322835,0.3228,none,,,False,,65,0,,,
65,73,True,0.546289,0.5463,none,,,False,,65,0,,,
65,94,True,0.943341,0.9433,none,,,False,,65,0,,,
65,5,True,0.179258,0.1793,none,,,False,,65,0,,,
65,44,True,0.603676,0.6037,none,,,False,,65,0,,,
65,53,True,0.363587,0.3636,none,,,False,,65,0,,,
65,16,True,0.670125,0.6701,none,,,False,,65,0,,,
65,77,True,0.270701,0.2707,none,,,False,,65,0,,,
65,27,True,0.24026,0.2403,none,,,False,,65,0,,,
65,84,True,0.456358,0.4564,none,,,False,,65,0,,,
65,14,True,0.317391,0.3174,none,,,False,,65,0,,,
65,23,True,0.506195,0.5062,none,,,False,,65,0,,,
65,1,True,0.400054,0.4001,none,,,False,,65,0,,,
65,49,True,0.407232,0.4072,none,,,False,,65,0,,,
66,22,True,0.59541,0.5954,none,,,False,,66,0,,,
66,33,True,0.2174,0.2174,none,,,False,,66,0,,,
66,24,True,0.301003,0.301,none,,,False,,66,0,,,
66,60,True,0.997076,0.9971,none,,,False,,66,0,,,
66,94,True,0.969898,0.9699,none,,,False,,66,0,,,
66,91,True,0.381125,0.3811,none,,,False,,66,0,,,
66,82,True,0.314409,0.3144,none,,,False,,66,0,,,
66,50,True,0.485467,0.4855,none,,,False,,66,0,,,
66,70,True,0.840912,0.8409,none,,,False,,66,0,,,
66,47,True,0.458152,0.4582,none,,,False,,66,0,,,
66,30,True,0.474578,0.4746,none,,,False,,66,0,,,
66,81,True,0.370975,0.371,none,,,False,,66,0,,,
66,4,True,0.606113,0.6061,none,,,False,,66,0,,,
66,83,True,0.425744,0.4257,none,,,False,,66,0,,,
66,65,True,0.534007,0.534,none,,,False,,66,0,,,
66,25,True,1.135741,1.1357,none,,,False,,66,0,,,
66,31,True,0.734439,0.7344,none,,,False,,66,0,,,
66,13,True,0.305338,0.3053,none,,,False,,66,0,,,
66,69,True,0.438185,0.4382,none,,,False,,66,0,,,
66,34,True,0.3405,0.3405,none,,,False,,66,0,,,
66,90,True,0.584125,0.5841,none,,,False,,66,0,,,
66,88,True,0.404287,0.4043,none,,,False,,66,0,,,
66,37,True,0.339462,0.3395,none,,,False,,66,0,,,
66,46,True,0.540229,0.5402,none,,,False,,66,0,,,
66,74,True,0.227371,0.2274,none,,,False,,66,0,,,
66,80,True,0.664454,0.6645,none,,,False,,66,0,,,
66,0,True,0.481644,0.4816,none,,,False,,66,0,,,
66,99,True,0.182206,0.1822,none,,,False,,66,0,,,
66,61,True,0.404133,0.4041,none,,,False,,66,0,,,
66,55,True,0.827274,0.8273,none,,,False,,66,0,,,
66,23,True,0.530149,0.5301,none,,,False,,66,0,,,
66,39,True,1.547477,1.5475,none,,,False,,66,0,,,
66,84,True,0.54895,0.549,none,,,False,,66,0,,,
66,62,True,0.749949,0.7499,none,,,False,,66,0,,,
66,93,True,0.881357,0.8814,none,,,False,,66,0,,,
66,75,True,0.54204,0.542,none,,,False,,66,0,,,
66,42,True,0.511254,0.5113,none,,,False,,66,0,,,
66,6,True,0.409999,0.41,none,,,False,,66,0,,,
66,87,True,0.246184,0.2462,none,,,False,,66,0,,,
66,27,True,0.178064,0.1781,none,,,False,,66,0,,,
66,78,True,0.617273,0.6173,none,,,False,,66,0,,,
66,21,True,0.558794,0.5588,none,,,False,,66,0,,,
66,2,True,0.405333,0.4053,none,,,False,,66,0,,,
66,40,True,0.658846,0.6588,none,,,False,,66,0,,,
66,64,True,0.565017,0.565,none,,,False,,66,0,,,
66,32,True,0.365469,0.3655,none,,,False,,66,0,,,
66,98,True,0.513622,0.5136,none,,,False,,66,0,,,
66,11,True,0.427339,0.4273,none,,,False,,66,0,,,
66,41,True,0.458465,0.4585,none,,,False,,66,0,,,
66,68,True,0.154946,0.1549,none,,,False,,66,0,,,
67,14,True,0.314223,0.3142,none,,,False,,67,0,,,
67,36,True,0.581376,0.5814,none,,,False,,67,0,,,
67,43,True,0.585539,0.5855,none,,,False,,67,0,,,
67,7,True,0.344665,0.3447,none,,,False,,67,0,,,
67,98,True,0.772183,0.7722,none,,,False,,67,0,,,
67,51,True,0.517424,0.5174,none,,,False,,67,0,,,
67,85,True,0.233994,0.234,none,,,False,,67,0,,,
67,86,True,0.504615,0.5046,none,,,False,,67,0,,,
67,10,True,0.732626,0.7326,none,,,False,,67,0,,,
67,77,True,0.22236,0.2224,none,,,False,,67,0,,,
67,92,True,0.274996,0.275,none,,,False,,67,0,,,
67,6,True,0.300501,0.3005,none,,,False,,67,0,,,
67,99,True,0.186057,0.1861,none,,,False,,67,0,,,
67,91,True,0.405006,0.405,none,,,False,,67,0,,,
67,97,True,0.256131,0.2561,none,,,False,,67,0,,,
67,90,True,0.515607,0.5156,none,,,False,,67,0,,,
67,5,True,0.483014,0.483,none,,,False,,67,0,,,
67,49,True,0.423222,0.4232,none,,,False,,67,0,,,
67,26,True,1.463904,1.4639,none,,,False,,67,0,,,
67,65,True,0.323231,0.3232,none,,,False,,67,0,,,
67,35,True,0.868263,0.8683,none,,,False,,67,0,,,
67,45,True,0.47125,0.4712,none,,,False,,67,0,,,
67,24,True,0.348859,0.3489,none,,,False,,67,0,,,
67,82,True,0.339226,0.3392,none,,,False,,67,0,,,
67,46,True,0.602303,0.6023,none,,,False,,67,0,,,
67,20,True,0.36922,0.3692,none,,,False,,67,0,,,
67,80,True,0.554229,0.5542,none,,,False,,67,0,,,
67,42,True,0.504187,0.5042,none,,,False,,67,0,,,
67,31,True,0.77435,0.7744,none,,,False,,67,0,,,
67,22,True,0.573502,0.5735,none,,,False,,67,0,,,
67,70,True,0.844764,0.8448,none,,,False,,67,0,,,
67,55,True,0.782989,0.783,none,,,False,,67,0,,,
67,63,True,0.272116,0.2721,none,,,False,,67,0,,,
67,3,True,0.23113,0.2311,none,,,False,,67,0,,,
67,73,True,0.719109,0.7191,none,,,False,,67,0,,,
67,61,True,0.295252,0.2953,none,,,False,,67,0,,,
67,27,True,0.202234,0.2022,none,,,False,,67,0,,,
67,16,True,0.324346,0.3243,none,,,False,,67,0,,,
67,8,True,0.211586,0.2116,none,,,False,,67,0,,,
67,17,True,0.629244,0.6292,none,,,False,,67,0,,,
67,87,True,0.242827,0.2428,none,,,False,,67,0,,,
67,56,True,0.258513,0.2585,none,,,False,,67,0,,,
67,57,True,0.555158,0.5552,none,,,False,,67,0,,,
67,68,True,0.116255,0.1163,none,,,False,,67,0,,,
67,37,True,0.396213,0.3962,none,,,False,,67,0,,,
67,21,True,0.546378,0.5464,none,,,False,,67,0,,,
67,89,True,0.510887,0.5109,none,,,False,,67,0,,,
67,96,True,0.564775,0.5648,none,,,False,,67,0,,,
67,40,True,0.627754,0.6278,none,,,False,,67,0,,,
67,13,True,0.140465,0.1405,none,,,False,,67,0,,,
68,4,True,0.50817,0.5082,none,,,False,,68,0,,,
68,58,True,0.364633,0.3646,none,,,False,,68,0,,,
68,9,True,0.683078,0.6831,none,,,False,,68,0,,,
68,96,True,0.365944,0.3659,none,,,False,,68,0,,,
68,32,True,0.324681,0.3247,none,,,False,,68,0,,,
68,57,True,0.514298,0.5143,none,,,False,,68,0,,,
68,88,True,0.231325,0.2313,none,,,False,,68,0,,,
68,79,True,0.155786,0.1558,none,,,False,,68,0,,,
68,97,True,0.258592,0.2586,none,,,False,,68,0,,,
68,70,True,1.114205,1.1142,none,,,False,,68,0,,,
68,3,True,0.104557,0.1046,none,,,False,,68,0,,,
68,67,True,0.57554,0.5755,none,,,False,,68,0,,,
68,35,True,0.773241,0.7732,none,,,False,,68,0,,,
68,62,True,0.65463,0.6546,none,,,False,,68,0,,,
68,83,True,0.367012,0.367,none,,,False,,68,0,,,
68,30,True,0.631108,0.6311,none,,,False,,68,0,,,
68,36,True,0.531478,0.5315,none,,,False,,68,0,,,
68,17,True,0.359361,0.3594,none,,,False,,68,0,,,
68,39,True,1.729342,1.7293,none,,,False,,68,0,,,
68,93,True,1.270888,1.2709,none,,,False,,68,0,,,
68,33,True,0.356328,0.3563,none,,,False,,68,0,,,
68,22,True,0.397836,0.3978,none,,,False,,68,0,,,
68,47,True,0.183919,0.1839,none,,,False,,68,0,,,
68,45,True,0.417146,0.4171,none,,,False,,68,0,,,
68,84,True,0.719401,0.7194,none,,,False,,68,0,,,
68,85,True,0.439345,0.4393,none,,,False,,68,0,,,
68,26,True,1.567629,1.5676,none,,,False,,68,0,,,
68,89,True,0.444168,0.4442,none,,,False,,68,0,,,
68,0,True,0.515962,0.516,none,,,False,,68,0,,,
68,81,True,0.528405,0.5284,none,,,False,,68,0,,,
68,78,True,0.548695,0.5487,none,,,False,,68,0,,,
68,99,True,0.140332,0.1403,none,,,False,,68,0,,,
68,37,True,0.696821,0.6968,none,,,False,,68,0,,,
68,86,True,0.260829,0.2608,none,,,False,,68,0,,,
68,64,True,0.740412,0.7404,none,,,False,,68,0,,,
68,28,True,0.656325,0.6563,none,,,False,,68,0,,,
68,63,True,0.171345,0.1713,none,,,False,,68,0,,,
68,42,True,0.371425,0.3714,none,,,False,,68,0,,,
68,21,True,0.219043,0.219,none,,,False,,68,0,,,
68,74,True,0.278972,0.279,none,,,False,,68,0,,,
68,50,True,0.357913,0.3579,none,,,False,,68,0,,,
68,80,True,0.596436,0.5964,none,,,False,,68,0,,,
68,72,True,0.642215,0.6422,none,,,False,,68,0,,,
68,54,True,0.371645,0.3716,none,,,False,,68,0,,,
68,91,True,0.51301,0.513,none,,,False,,68,0,,,
68,34,True,0.34131,0.3413,none,,,False,,68,0,,,
68,51,True,0.352313,0.3523,none,,,False,,68,0,,,
68,1,True,0.383583,0.3836,none,,,False,,68,0,,,
68,6,True,0.178081,0.1781,none,,,False,,68,0,,,
68,59,True,0.755921,0.7559,none,,,False,,68,0,,,
69,63,True,0.210351,0.2104,none,,,False,,69,0,,,
69,1,True,0.308834,0.3088,none,,,False,,69,0,,,
69,53,True,0.171601,0.1716,none,,,False,,69,0,,,
69,79,True,0.215541,0.2155,none,,,False,,69,0,,,
69,97,True,0.305321,0.3053,none,,,False,,69,0,,,
69,71,True,0.513921,0.5139,none,,,False,,69,0,,,
69,20,True,0.490569,0.4906,none,,,False,,69,0,,,
69,17,True,0.589979,0.59,none,,,False,,69,0,,,
69,29,True,0.243112,0.2431,none,,,False,,69,0,,,
69,55,True,0.937747,0.9377,none,,,False,,69,0,,,
69,19,True,0.364749,0.3647,none,,,False,,69,0,,,
69,47,True,0.471535,0.4715,none,,,False,,69,0,,,
69,59,True,0.254997,0.255,none,,,False,,69,0,,,
69,30,True,0.492588,0.4926,none,,,False,,69,0,,,
69,84,True,0.381042,0.381,none,,,False,,69,0,,,
69,58,True,0.438916,0.4389,none,,,False,,69,0,,,
69,62,True,0.803883,0.8039,none,,,False,,69,0,,,
69,95,True,0.633859,0.6339,none,,,False,,69,0,,,
69,77,True,0.236832,0.2368,none,,,False,,69,0,,,
69,82,True,0.258833,0.2588,none,,,False,,69,0,,,
69,67,True,0.580146,0.5801,none,,,False,,69,0,,,
69,93,True,0.886286,0.8863,none,,,False,,69,0,,,
69,2,True,0.210031,0.21,none,,,False,,69,0,,,
69,74,True,0.182328,0.1823,none,,,False,,69,0,,,
69,57,True,0.448237,0.4482,none,,,False,,69,0,,,
69,0,True,0.528421,0.5284,none,,,False,,69,0,,,
69,42,True,0.516732,0.5167,none,,,False,,69,0,,,
69,39,True,1.542336,1.5423,none,,,False,,69,0,,,
69,10,True,0.701669,0.7017,none,,,False,,69,0,,,
69,7,True,0.397824,0.3978,none,,,False,,69,0,,,
69,45,True,0.285599,0.2856,none,,,False,,69,0,,,
69,66,True,0.60371,0.6037,none,,,False,,69,0,,,
69,4,True,0.546866,0.5469,none,,,False,,69,0,,,
69,18,True,0.289755,0.2898,none,,,False,,69,0,,,
69,25,True,1.422058,1.4221,none,,,False,,69,0,,,
69,75,True,0.398242,0.3982,none,,,False,,69,0,,,
69,52,True,0.361574,0.3616,none,,,False,,69,0,,,
69,27,True,0.289056,0.2891,none,,,False,,69,0,,,
69,13,True,0.354495,0.3545,none,,,False,,69,0,,,
69,70,True,0.800239,0.8002,none,,,False,,69,0,,,
69,51,True,0.398933,0.3989,none,,,False,,69,0,,,
69,5,True,0.583849,0.5838,none,,,False,,69,0,,,
69,56,True,0.291019,0.291,none,,,False,,69,0,,,
69,31,True,0.464328,0.4643,none,,,False,,69,0,,,
69,48,True,0.62081,0.6208,none,,,False,,69,0,,,
69,9,True,0.472561,0.4726,none,,,False,,69,0,,,
69,40,True,0.758036,0.758,none,,,False,,69,0,,,
69,12,True,0.521406,0.5214,none,,,False,,69,0,,,
69,86,True,0.388163,0.3882,none,,,False,,69,0,,,
69,23,True,0.511836,0.5118,none,,,False,,69,0,,,
70,91,True,0.273836,0.2738,none,,,False,,70,0,,,
70,37,True,0.44037,0.4404,none,,,False,,70,0,,,
70,93,True,0.910882,0.9109,none,,,False,,70,0,,,
70,32,True,0.513555,0.5136,none,,,False,,70,0,,,
70,80,True,0.491677,0.4917,none,,,False,,70,0,,,
70,62,True,0.620833,0.6208,none,,,False,,70,0,,,
70,69,True,0.512365,0.5124,none,,,False,,70,0,,,
70,72,True,0.613666,0.6137,none,,,False,,70,0,,,
70,86,True,0.412839,0.4128,none,,,False,,70,0,,,
70,58,True,0.401747,0.4017,none,,,False,,70,0,,,
70,10,True,0.528163,0.5282,none,,,False,,70,0,,,
70,43,True,0.454363,0.4544,none,,,False,,70,0,,,
70,46,True,0.530457,0.5305,none,,,False,,70,0,,,
70,59,True,0.545344,0.5453,none,,,False,,70,0,,,
70,81,True,0.478114,0.4781,none,,,False,,70,0,,,
70,57,True,0.529727,0.5297,none,,,False,,70,0,,,
70,45,True,0.325615,0.3256,none,,,False,,70,0,,,
70,8,True,0.236652,0.2367,none,,,False,,70,0,,,
70,20,True,0.450474,0.4505,none,,,False,,70,0,,,
70,54,True,0.427209,0.4272,none,,,False,,70,0,,,
70,50,True,0.444735,0.4447,none,,,False,,70,0,,,
70,99,True,0.101221,0.1012,none,,,False,,70,0,,,
70,88,True,0.350101,0.3501,none,,,False,,70,0,,,
70,23,True,0.480838,0.4808,none,,,False,,70,0,,,
70,56,True,0.196899,0.1969,none,,,False,,70,0,,,
70,14,True,0.337506,0.3375,none,,,False,,70,0,,,
70,33,True,0.30878,0.3088,none,,,False,,70,0,,,
70,70,True,0.94899,0.949,none,,,False,,70,0,,,
70,48,True,0.626165,0.6262,none,,,False,,70,0,,,
70,92,True,0.304217,0.3042,none,,,False,,70,0,,,
70,40,True,0.772285,0.7723,none,,,False,,70,0,,,
70,78,True,0.408154,0.4082,none,,,False,,70,0,,,
70,28,True,0.610744,0.6107,none,,,False,,70,0,,,
70,17,True,0.489441,0.4894,none,,,False,,70,0,,,
70,44,True,0.726682,0.7267,none,,,False,,70,0,,,
70,29,True,0.272701,0.2727,none,,,False,,70,0,,,
70,96,True,0.46475,0.4647,none,,,False,,70,0,,,
70,22,True,0.529827,0.5298,none,,,False,,70,0,,,
70,9,True,0.644701,0.6447,none,,,False,,70,0,,,
70,85,True,0.374798,0.3748,none,,,False,,70,0,,,
70,53,True,0.350218,0.3502,none,,,False,,70,0,,,
70,68,True,0.042774,0.0428,none,,,False,,70,0,,,
70,16,True,0.607483,0.6075,none,,,False,,70,0,,,
70,6,True,0.421088,0.4211,none,,,False,,70,0,,,
70,89,True,0.369187,0.3692,none,,,False,,70,0,,,
70,38,True,0.437145,0.4371,none,,,False,,70,0,,,
70,60,True,0.897048,0.897,none,,,False,,70,0,,,
70,4,True,0.672325,0.6723,none,,,False,,70,0,,,
70,3,True,0.18096,0.181,none,,,False,,70,0,,,
70,97,True,0.238405,0.2384,none,,,False,,70,0,,,
71,40,True,0.751924,0.7519,none,,,False,,71,0,,,
71,24,True,0.377615,0.3776,none,,,False,,71,0,,,
71,53,True,0.315926,0.3159,none,,,False,,71,0,,,
71,7,True,0.333866,0.3339,none,,,False,,71,0,,,
71,25,True,1.250574,1.2506,none,,,False,,71,0,,,
71,10,True,0.500753,0.5008,none,,,False,,71,0,,,
71,42,True,0.610137,0.6101,none,,,False,,71,0,,,
71,39,True,1.686552,1.6866,none,,,False,,71,0,,,
71,13,True,0.303489,0.3035,none,,,False,,71,0,,,
71,45,True,0.587616,0.5876,none,,,False,,71,0,,,
71,41,True,0.412414,0.4124,none,,,False,,71,0,,,
71,33,True,0.226131,0.2261,none,,,False,,71,0,,,
71,82,True,0.351205,0.3512,none,,,False,,71,0,,,
71,20,True,0.368699,0.3687,none,,,False,,71,0,,,
71,87,True,0.174393,0.1744,none,,,False,,71,0,,,
71,92,True,0.335035,0.335,none,,,False,,71,0,,,
71,78,True,0.657888,0.6579,none,,,False,,71,0,,,
71,16,True,0.484918,0.4849,none,,,False,,71,0,,,
71,63,True,0.224665,0.2247,none,,,False,,71,0,,,
71,61,True,0.332861,0.3329,none,,,False,,71,0,,,
71,76,True,0.465345,0.4653,none,,,False,,71,0,,,
71,79,True,0.274517,0.2745,none,,,False,,71,0,,,
71,56,True,0.287143,0.2871,none,,,False,,71,0,,,
71,54,True,0.36034,0.3603,none,,,False,,71,0,,,
71,36,True,0.597911,0.5979,none,,,False,,71,0,,,
71,9,True,0.574217,0.5742,none,,,False,,71,0,,,
71,27,True,0.244025,0.244,none,,,False,,71,0,,,
71,86,True,0.332564,0.3326,none,,,False,,71,0,,,
71,44,True,0.586796,0.5868,none,,,False,,71,0,,,
71,15,True,0.410544,0.4105,none,,,False,,71,0,,,
71,98,True,0.880253,0.8803,none,,,False,,71,0,,,
71,4,True,0.188053,0.1881,none,,,False,,71,0,,,
71,32,True,0.51757,0.5176,none,,,False,,71,0,,,
71,77,True,0.207083,0.2071,none,,,False,,71,0,,,
71,60,True,0.708927,0.7089,none,,,False,,71,0,,,
71,30,True,0.566317,0.5663,none,,,False,,71,0,,,
71,49,True,0.594585,0.5946,none,,,False,,71,0,,,
71,19,True,0.336966,0.337,none,,,False,,71,0,,,
71,71,True,0.312737,0.3127,none,,,False,,71,0,,,
71,47,True,0.496554,0.4966,none,,,False,,71,0,,,
71,72,True,0.543116,0.5431,none,,,False,,71,0,,,
71,0,True,0.355335,0.3553,none,,,False,,71,0,,,
71,90,True,0.582331,0.5823,none,,,False,,71,0,,,
71,75,True,0.540453,0.5405,none,,,False,,71,0,,,
71,94,True,0.958822,0.9588,none,,,False,,71,0,,,
71,95,True,0.743499,0.7435,none,,,False,,71,0,,,
71,35,True,0.892618,0.8926,none,,,False,,71,0,,,
71,58,True,0.310192,0.3102,none,,,False,,71,0,,,
71,37,True,0.189852,0.1899,none,,,False,,71,0,,,
71,67,True,0.499855,0.4999,none,,,False,,71,0,,,
72,41,True,0.375704,0.3757,none,,,False,,72,0,,,
72,42,True,0.424315,0.4243,none,,,False,,72,0,,,
72,86,True,0.405219,0.4052,none,,,False,,72,0,,,
72,15,True,0.501145,0.5011,none,,,False,,72,0,,,
72,51,True,0.610068,0.6101,none,,,False,,72,0,,,
72,18,True,0.320618,0.3206,none,,,False,,72,0,,,
72,48,True,0.675921,0.6759,none,,,False,,72,0,,,
72,55,True,0.939959,0.94,none,,,False,,72,0,,,
72,34,True,0.35266,0.3527,none,,,False,,72,0,,,
72,97,True,0.290911,0.2909,none,,,False,,72,0,,,
72,8,True,0.270762,0.2708,none,,,False,,72,0,,,
72,3,True,0.204189,0.2042,none,,,False,,72,0,,,
72,72,True,0.667956,0.668,none,,,False,,72,0,,,
72,40,True,0.641884,0.6419,none,,,False,,72,0,,,
72,68,True,0.1666,0.1666,none,,,False,,72,0,,,
72,94,True,1.051173,1.0512,none,,,False,,72,0,,,
72,67,True,0.545699,0.5457,none,,,False,,72,0,,,
72,47,True,0.471006,0.471,none,,,False,,72,0,,,
72,22,True,0.574495,0.5745,none,,,False,,72,0,,,
72,60,True,0.653078,0.6531,none,,,False,,72,0,,,
72,82,True,0.299552,0.2996,none,,,False,,72,0,,,
72,74,True,0.21742,0.2174,none,,,False,,72,0,,,
72,75,True,0.559859,0.5599,none,,,False,,72,0,,,
72,54,True,0.350675,0.3507,none,,,False,,72,0,,,
72,16,True,0.415315,0.4153,none,,,False,,72,0,,,
72,27,True,0.295501,0.2955,none,,,False,,72,0,,,
72,5,True,0.566729,0.5667,none,,,False,,72,0,,,
72,44,True,0.43724,0.4372,none,,,False,,72,0,,,
72,4,True,0.512427,0.5124,none,,,False,,72,0,,,
72,77,True,0.246024,0.246,none,,,False,,72,0,,,
72,90,True,0.520886,0.5209,none,,,False,,72,0,,,
72,92,True,0.299526,0.2995,none,,,False,,72,0,,,
72,85,True,0.299221,0.2992,none,,,False,,72,0,,,
72,66,True,0.465796,0.4658,none,,,False,,72,0,,,
72,30,True,0.430219,0.4302,none,,,False,,72,0,,,
72,21,True,0.730871,0.7309,none,,,False,,72,0,,,
72,43,True,0.445159,0.4452,none,,,False,,72,0,,,
72,91,True,0.466669,0.4667,none,,,False,,72,0,,,
72,93,True,0.965654,0.9657,none,,,False,,72,0,,,
72,9,True,0.381081,0.3811,none,,,False,,72,0,,,
72,81,True,0.389958,0.39,none,,,False,,72,0,,,
72,20,True,0.456809,0.4568,none,,,False,,72,0,,,
72,6,True,0.341176,0.3412,none,,,False,,72,0,,,
72,61,True,0.402882,0.4029,none,,,False,,72,0,,,
72,89,True,0.397512,0.3975,none,,,False,,72,0,,,
72,32,True,0.520739,0.5207,none,,,False,,72,0,,,
72,24,True,0.349234,0.3492,none,,,False,,72,0,,,
72,62,True,0.850038,0.85,none,,,False,,72,0,,,
72,38,True,0.504826,0.5048,none,,,False,,72,0,,,
72,80,True,0.590951,0.591,none,,,False,,72,0,,,
73,36,True,0.589,0.589,none,,,False,,73,0,,,
73,82,True,0.253604,0.2536,none,,,False,,73,0,,,
73,6,True,0.357612,0.3576,none,,,False,,73,0,,,
73,53,True,0.314314,0.3143,none,,,False,,73,0,,,
73,76,True,0.515619,0.5156,none,,,False,,73,0,,,
73,96,True,0.60079,0.6008,none,,,False,,73,0,,,
73,62,True,0.864054,0.8641,none,,,False,,73,0,,,
73,11,True,0.427081,0.4271,none,,,False,,73,0,,,
73,84,True,0.258676,0.2587,none,,,False,,73,0,,,
73,22,True,0.49622,0.4962,none,,,False,,73,0,,,
73,49,True,0.457976,0.458,none,,,False,,73,0,,,
73,59,True,0.428849,0.4288,none,,,False,,73,0,,,
73,92,True,0.29673,0.2967,none,,,False,,73,0,,,
73,42,True,0.509228,0.5092,none,,,False,,73,0,,,
73,87,True,0.20776,0.2078,none,,,False,,73,0,,,
73,37,True,0.365657,0.3657,none,,,False,,73,0,,,
73,27,True,0.246251,0.2463,none,,,False,,73,0,,,
73,86,True,0.321056,0.3211,none,,,False,,73,0,,,
73,30,True,0.493798,0.4938,none,,,False,,73,0,,,
73,2,True,0.4291,0.4291,none,,,False,,73,0,,,
73,80,True,0.430458,0.4305,none,,,False,,73,0,,,
73,32,True,0.444688,0.4447,none,,,False,,73,0,,,
73,39,True,1.695235,1.6952,none,,,False,,73,0,,,
73,7,True,0.401574,0.4016,none,,,False,,73,0,,,
73,12,True,0.494247,0.4942,none,,,False,,73,0,,,
73,43,True,0.502631,0.5026,none,,,False,,73,0,,,
73,65,True,0.613005,0.613,none,,,False,,73,0,,,
73,98,True,0.754465,0.7545,none,,,False,,73,0,,,
73,25,True,1.449806,1.4498,none,,,False,,73,0,,,
73,69,True,0.575765,0.5758,none,,,False,,73,0,,,
73,70,True,0.76343,0.7634,none,,,False,,73,0,,,
73,51,True,0.575138,0.5751,none,,,False,,73,0,,,
73,72,True,0.620963,0.621,none,,,False,,73,0,,,
73,18,True,0.405999,0.406,none,,,False,,73,0,,,
73,56,True,0.199277,0.1993,none,,,False,,73,0,,,
73,33,True,0.329836,0.3298,none,,,False,,73,0,,,
73,78,True,0.677158,0.6772,none,,,False,,73,0,,,
73,41,True,0.362611,0.3626,none,,,False,,73,0,,,
73,58,True,0.44322,0.4432,none,,,False,,73,0,,,
73,21,True,0.507807,0.5078,none,,,False,,73,0,,,
73,54,True,0.374669,0.3747,none,,,False,,73,0,,,
73,67,True,0.537744,0.5377,none,,,False,,73,0,,,
73,14,True,0.305772,0.3058,none,,,False,,73,0,,,
73,57,True,0.590951,0.591,none,,,False,,73,0,,,
73,3,True,0.188993,0.189,none,,,False,,73,0,,,
73,90,True,0.539741,0.5397,none,,,False,,73,0,,,
73,1,True,0.437824,0.4378,none,,,False,,73,0,,,
73,35,True,0.810262,0.8103,none,,,False,,73,0,,,
73,48,True,0.665242,0.6652,none,,,False,,73,0,,,
73,9,True,0.475476,0.4755,none,,,False,,73,0,,,
74,65,True,0.430288,0.4303,none,,,False,,74,0,,,
74,71,True,0.348892,0.3489,none,,,False,,74,0,,,
74,21,True,0.424704,0.4247,none,,,False,,74,0,,,
74,34,True,0.341986,0.342,none,,,False,,74,0,,,
74,39,True,1.499653,1.4997,none,,,False,,74,0,,,
74,56,True,0.191815,0.1918,none,,,False,,74,0,,,
74,1,True,0.434095,0.4341,none,,,False,,74,0,,,
74,99,True,0.128135,0.1281,none,,,False,,74,0,,,
74,22,True,0.506982,0.507,none,,,False,,74,0,,,
74,47,True,0.363548,0.3635,none,,,False,,74,0,,,
74,42,True,0.321947,0.3219,none,,,False,,74,0,,,
74,88,True,0.351616,0.3516,none,,,False,,74,0,,,
74,78,True,0.564399,0.5644,none,,,False,,74,0,,,
74,64,True,0.5959,0.5959,none,,,False,,74,0,,,
74,75,True,0.513961,0.514,none,,,False,,74,0,,,
74,17,True,0.462816,0.4628,none,,,False,,74,0,,,
74,67,True,0.398301,0.3983,none,,,False,,74,0,,,
74,16,True,0.533483,0.5335,none,,,False,,74,0,,,
74,48,True,0.648855,0.6489,none,,,False,,74,0,,,
74,74,True,0.267398,0.2674,none,,,False,,74,0,,,
74,30,True,0.476464,0.4765,none,,,False,,74,0,,,
74,32,True,0.465627,0.4656,none,,,False,,74,0,,,
74,15,True,0.547813,0.5478,none,,,False,,74,0,,,
74,95,True,0.664071,0.6641,none,,,False,,74,0,,,
74,57,True,0.478387,0.4784,none,,,False,,74,0,,,
74,29,True,0.262371,0.2624,none,,,False,,74,0,,,
74,10,True,0.644287,0.6443,none,,,False,,74,0,,,
74,7,True,0.424258,0.4243,none,,,False,,74,0,,,
74,77,True,0.28126,0.2813,none,,,False,,74,0,,,
74,60,True,1.017325,1.0173,none,,,False,,74,0,,,
74,54,True,0.449613,0.4496,none,,,False,,74,0,,,
74,93,True,0.979732,0.9797,none,,,False,,74,0,,,
74,87,True,0.214527,0.2145,none,,,False,,74,0,,,
74,79,True,0.253847,0.2538,none,,,False,,74,0,,,
74,73,True,0.638889,0.6389,none,,,False,,74,0,,,
74,36,True,0.708112,0.7081,none,,,False,,74,0,,,
74,18,True,0.387361,0.3874,none,,,False,,74,0,,,
74,61,True,0.40896,0.409,none,,,False,,74,0,,,
74,84,True,0.576103,0.5761,none,,,False,,74,0,,,
74,3,True,0.207377,0.2074,none,,,False,,74,0,,,
74,62,True,0.734421,0.7344,none,,,False,,74,0,,,
74,6,True,0.336643,0.3366,none,,,False,,74,0,,,
74,52,True,0.296963,0.297,none,,,False,,74,0,,,
74,92,True,0.294342,0.2943,none,,,False,,74,0,,,
74,41,True,0.42538,0.4254,none,,,False,,74,0,,,
74,8,True,0.186475,0.1865,none,,,False,,74,0,,,
74,86,True,0.289376,0.2894,none,,,False,,74,0,,,
74,59,True,0.420482,0.4205,none,,,False,,74,0,,,
74,72,True,0.726768,0.7268,none,,,False,,74,0,,,
74,28,True,0.627248,0.6272,none,,,False,,74,0,,,
75,61,True,0.394748,0.3947,none,,,False,,75,0,,,
75,64,True,0.379879,0.3799,none,,,False,,75,0,,,
75,9,True,0.684298,0.6843,none,,,False,,75,0,,,
75,28,True,0.581817,0.5818,none,,,False,,75,0,,,
75,63,True,0.139433,0.1394,none,,,False,,75,0,,,
75,83,True,0.483316,0.4833,none,,,False,,75,0,,,
75,36,True,0.669876,0.6699,none,,,False,,75,0,,,
75,34,True,0.315465,0.3155,none,,,False,,75,0,,,
75,72,True,0.347052,0.3471,none,,,False,,75,0,,,
75,39,True,1.616871,1.6169,none,,,False,,75,0,,,
75,86,True,0.3624,0.3624,none,,,False,,75,0,,,
75,0,True,0.597017,0.597,none,,,False,,75,0,,,
75,79,True,0.286172,0.2862,none,,,False,,75,0,,,
75,7,True,0.418683,0.4187,none,,,False,,75,0,,,
75,84,True,0.256273,0.2563,none,,,False,,75,0,,,
75,4,True,0.569081,0.5691,none,,,False,,75,0,,,
75,25,True,1.492848,1.4928,none,,,False,,75,0,,,
75,97,True,0.336108,0.3361,none,,,False,,75,0,,,
75,76,True,0.519858,0.5199,none,,,False,,75,0,,,
75,62,True,0.800321,0.8003,none,,,False,,75,0,,,
75,56,True,0.307353,0.3074,none,,,False,,75,0,,,
75,12,True,0.529424,0.5294,none,,,False,,75,0,,,
75,3,True,0.229762,0.2298,none,,,False,,75,0,,,
75,51,True,0.487652,0.4877,none,,,False,,75,0,,,
75,85,True,0.367477,0.3675,none,,,False,,75,0,,,
75,44,True,0.689613,0.6896,none,,,False,,75,0,,,
75,94,True,0.842179,0.8422,none,,,False,,75,0,,,
75,11,True,0.244965,0.245,none,,,False,,75,0,,,
75,15,True,0.359858,0.3599,none,,,False,,75,0,,,
75,21,True,0.416433,0.4164,none,,,False,,75,0,,,
75,91,True,0.301201,0.3012,none,,,False,,75,0,,,
75,58,True,0.421987,0.422,none,,,False,,75,0,,,
75,1,True,0.208481,0.2085,none,,,False,,75,0,,,
75,20,True,0.287099,0.2871,none,,,False,,75,0,,,
75,10,True,0.586798,0.5868,none,,,False,,75,0,,,
75,27,True,0.277244,0.2772,none,,,False,,75,0,,,
75,93,True,0.964755,0.9648,none,,,False,,75,0,,,
75,32,True,0.523205,0.5232,none,,,False,,75,0,,,
75,29,True,0.260541,0.2605,none,,,False,,75,0,,,
75,87,True,0.154877,0.1549,none,,,False,,75,0,,,
75,68,True,0.133701,0.1337,none,,,False,,75,0,,,
75,99,True,0.057377,0.0574,none,,,False,,75,0,,,
75,75,True,0.531425,0.5314,none,,,False,,75,0,,,
75,78,True,0.592552,0.5926,none,,,False,,75,0,,,
75,80,True,0.564739,0.5647,none,,,False,,75,0,,,
75,40,True,0.812193,0.8122,none,,,False,,75,0,,,
75,71,True,0.465437,0.4654,none,,,False,,75,0,,,
75,66,True,0.517964,0.518,none,,,False,,75,0,,,
75,19,True,0.335551,0.3356,none,,,False,,75,0,,,
75,73,True,0.536778,0.5368,none,,,False,,75,0,,,
76,22,True,0.474126,0.4741,none,,,False,,76,0,,,
76,29,True,0.227075,0.2271,none,,,False,,76,0,,,
76,50,True,0.337423,0.3374,none,,,False,,76,0,,,
76,89,True,0.31279,0.3128,none,,,False,,76,0,,,
76,49,True,0.495238,0.4952,none,,,False,,76,0,,,
76,47,True,0.450699,0.4507,none,,,False,,76,0,,,
76,69,True,0.274752,0.2748,none,,,False,,76,0,,,
76,3,True,0.213814,0.2138,none,,,False,,76,0,,,
76,7,True,0.351657,0.3517,none,,,False,,76,0,,,
76,4,True,0.605372,0.6054,none,,,False,,76,0,,,
76,38,True,0.292119,0.2921,none,,,False,,76,0,,,
76,71,True,0.478166,0.4782,none,,,False,,76,0,,,
76,12,True,0.430858,0.4309,none,,,False,,76,0,,,
76,19,True,0.285613,0.2856,none,,,False,,76,0,,,
76,96,True,0.589194,0.5892,none,,,False,,76,0,,,
76,40,True,0.761989,0.762,none,,,False,,76,0,,,
76,98,True,0.83238,0.8324,none,,,False,,76,0,,,
76,63,True,0.181239,0.1812,none,,,False,,76,0,,,
76,42,True,0.346766,0.3468,none,,,False,,76,0,,,
76,84,True,0.53273,0.5327,none,,,False,,76,0,,,
76,35,True,0.963429,0.9634,none,,,False,,76,0,,,
76,56,True,0.205846,0.2058,none,,,False,,76,0,,,
76,53,True,0.238108,0.2381,none,,,False,,76,0,,,
76,58,True,0.489508,0.4895,none,,,False,,76,0,,,
76,25,True,1.237477,1.2375,none,,,False,,76,0,,,
76,83,True,0.391489,0.3915,none,,,False,,76,0,,,
76,97,True,0.213088,0.2131,none,,,False,,76,0,,,
76,48,True,0.667501,0.6675,none,,,False,,76,0,,,
76,34,True,0.259894,0.2599,none,,,False,,76,0,,,
76,0,True,0.520143,0.5201,none,,,False,,76,0,,,
76,92,True,0.296411,0.2964,none,,,False,,76,0,,,
76,13,True,0.407585,0.4076,none,,,False,,76,0,,,
76,72,True,0.674061,0.6741,none,,,False,,76,0,,,
76,66,True,0.637154,0.6372,none,,,False,,76,0,,,
76,54,True,0.370148,0.3701,none,,,False,,76,0,,,
76,77,True,0.188711,0.1887,none,,,False,,76,0,,,
76,70,True,0.757561,0.7576,none,,,False,,76,0,,,
76,75,True,0.54615,0.5461,none,,,False,,76,0,,,
76,86,True,0.295312,0.2953,none,,,False,,76,0,,,
76,33,True,0.321556,0.3216,none,,,False,,76,0,,,
76,85,True,0.374381,0.3744,none,,,False,,76,0,,,
76,31,True,0.729701,0.7297,none,,,False,,76,0,,,
76,88,True,0.372425,0.3724,none,,,False,,76,0,,,
76,39,True,1.636673,1.6367,none,,,False,,76,0,,,
76,18,True,0.44258,0.4426,none,,,False,,76,0,,,
76,9,True,0.664738,0.6647,none,,,False,,76,0,,,
76,2,True,0.333506,0.3335,none,,,False,,76,0,,,
76,28,True,0.537633,0.5376,none,,,False,,76,0,,,
76,62,True,0.718287,0.7183,none,,,False,,76,0,,,
76,81,True,0.520104,0.5201,none,,,False,,76,0,,,
77,80,True,0.594054,0.5941,none,,,False,,77,0,,,
77,1,True,0.232703,0.2327,none,,,False,,77,0,,,
77,74,True,0.221618,0.2216,none,,,False,,77,0,,,
77,12,True,0.639674,0.6397,none,,,False,,77,0,,,
77,28,True,0.576394,0.5764,none,,,False,,77,0,,,
77,20,True,0.384381,0.3844,none,,,False,,77,0,,,
77,37,True,0.48024,0.4802,none,,,False,,77,0,,,
77,91,True,0.372712,0.3727,none,,,False,,77,0,,,
77,55,True,0.779169,0.7792,none,,,False,,77,0,,,
77,31,True,0.460324,0.4603,none,,,False,,77,0,,,
77,47,True,0.368642,0.3686,none,,,False,,77,0,,,
77,42,True,0.34234,0.3423,none,,,False,,77,0,,,
77,9,True,0.44174,0.4417,none,,,False,,77,0,,,
77,90,True,0.578772,0.5788,none,,,False,,77,0,,,
77,51,True,0.385553,0.3856,none,,,False,,77,0,,,
77,56,True,0.276883,0.2769,none,,,False,,77,0,,,
77,13,True,0.309698,0.3097,none,,,False,,77,0,,,
77,75,True,0.323139,0.3231,none,,,False,,77,0,,,
77,81,True,0.405578,0.4056,none,,,False,,77,0,,,
77,23,True,0.545095,0.5451,none,,,False,,77,0,,,
77,61,True,0.43026,0.4303,none,,,False,,77,0,,,
77,85,True,0.309793,0.3098,none,,,False,,77,0,,,
77,67,True,0.642868,0.6429,none,,,False,,77,0,,,
77,68,True,0.15219,0.1522,none,,,False,,77,0,,,
77,24,True,0.229665,0.2297,none,,,False,,77,0,,,
77,26,True,1.603636,1.6036,none,,,False,,77,0,,,
77,19,True,0.381007,0.381,none,,,False,,77,0,,,
77,48,True,0.872972,0.873,none,,,False,,77,0,,,
77,14,True,0.370002,0.37,none,,,False,,77,0,,,
77,7,True,0.338265,0.3383,none,,,False,,77,0,,,
77,49,True,0.440131,0.4401,none,,,False,,77,0,,,
77,64,True,0.541086,0.5411,none,,,False,,77,0,,,
77,59,True,0.611152,0.6112,none,,,False,,77,0,,,
77,3,True,0.229136,0.2291,none,,,False,,77,0,,,
77,44,True,0.635519,0.6355,none,,,False,,77,0,,,
77,93,True,1.029012,1.029,none,,,False,,77,0,,,
77,62,True,0.701352,0.7014,none,,,False,,77,0,,,
77,60,True,0.79859,0.7986,none,,,False,,77,0,,,
77,99,True,0.135185,0.1352,none,,,False,,77,0,,,
77,72,True,0.537366,0.5374,none,,,False,,77,0,,,
77,33,True,0.313992,0.314,none,,,False,,77,0,,,
77,11,True,0.582225,0.5822,none,,,False,,77,0,,,
77,4,True,0.505086,0.5051,none,,,False,,77,0,,,
77,86,True,0.316921,0.3169,none,,,False,,77,0,,,
77,83,True,0.372316,0.3723,none,,,False,,77,0,,,
77,46,True,0.671143,0.6711,none,,,False,,77,0,,,
77,57,True,0.649073,0.6491,none,,,False,,77,0,,,
77,15,True,0.368733,0.3687,none,,,False,,77,0,,,
77,58,True,0.362781,0.3628,none,,,False,,77,0,,,
77,70,True,0.932619,0.9326,none,,,False,,77,0,,,
78,22,True,0.41233,0.4123,none,,,False,,78,0,,,
78,0,True,0.468091,0.4681,none,,,False,,78,0,,,
78,35,True,0.905054,0.9051,none,,,False,,78,0,,,
78,77,True,0.301151,0.3012,none,,,False,,78,0,,,
78,21,True,0.658399,0.6584,none,,,False,,78,0,,,
78,37,True,0.339164,0.3392,none,,,False,,78,0,,,
78,71,True,0.436718,0.4367,none,,,False,,78,0,,,
78,61,True,0.337319,0.3373,none,,,False,,78,0,,,
78,60,True,0.999192,0.9992,none,,,False,,78,0,,,
78,5,True,0.556332,0.5563,none,,,False,,78,0,,,
78,40,True,0.852689,0.8527,none,,,False,,78,0,,,
78,72,True,0.52367,0.5237,none,,,False,,78,0,,,
78,7,True,0.367485,0.3675,none,,,False,,78,0,,,
78,9,True,0.643348,0.6433,none,,,False,,78,0,,,
78,58,True,0.520529,0.5205,none,,,False,,78,0,,,
78,12,True,0.283738,0.2837,none,,,False,,78,0,,,
78,31,True,0.672301,0.6723,none,,,False,,78,0,,,
78,70,True,0.745326,0.7453,none,,,False,,78,0,,,
78,62,True,0.717185,0.7172,none,,,False,,78,0,,,
78,65,True,0.604164,0.6042,none,,,False,,78,0,,,
78,52,True,0.296998,0.297,none,,,False,,78,0,,,
78,3,True,0.073515,0.0735,none,,,False,,78,0,,,
78,89,True,0.489045,0.489,none,,,False,,78,0,,,
78,4,True,0.616352,0.6164,none,,,False,,78,0,,,
78,63,True,0.192472,0.1925,none,,,False,,78,0,,,
78,1,True,0.407779,0.4078,none,,,False,,78,0,,,
78,66,True,0.605528,0.6055,none,,,False,,78,0,,,
78,56,True,0.208095,0.2081,none,,,False,,78,0,,,
78,28,True,0.532509,0.5325,none,,,False,,78,0,,,
78,26,True,1.6292,1.6292,none,,,False,,78,0,,,
78,64,True,0.342054,0.3421,none,,,False,,78,0,,,
78,20,True,0.449493,0.4495,none,,,False,,78,0,,,
78,97,True,0.193086,0.1931,none,,,False,,78,0,,,
78,13,True,0.205078,0.2051,none,,,False,,78,0,,,
78,16,True,0.475916,0.4759,none,,,False,,78,0,,,
78,18,True,0.23387,0.2339,none,,,False,,78,0,,,
78,17,True,0.514937,0.5149,none,,,False,,78,0,,,
78,76,True,0.598593,0.5986,none,,,False,,78,0,,,
78,24,True,0.393374,0.3934,none,,,False,,78,0,,,
78,83,True,0.142823,0.1428,none,,,False,,78,0,,,
78,43,True,0.579496,0.5795,none,,,False,,78,0,,,
78,50,True,0.324616,0.3246,none,,,False,,78,0,,,
78,11,True,0.39204,0.392,none,,,False,,78,0,,,
78,91,True,0.305271,0.3053,none,,,False,,78,0,,,
78,51,True,0.507104,0.5071,none,,,False,,78,0,,,
78,54,True,0.454397,0.4544,none,,,False,,78,0,,,
78,95,True,0.825854,0.8259,none,,,False,,78,0,,,
78,80,True,0.423487,0.4235,none,,,False,,78,0,,,
78,46,True,0.505581,0.5056,none,,,False,,78,0,,,
78,53,True,0.401144,0.4011,none,,,False,,78,0,,,
79,53,True,0.176877,0.1769,none,,,False,,79,0,,,
79,27,True,0.350319,0.3503,none,,,False,,79,0,,,
79,19,True,0.337019,0.337,none,,,False,,79,0,,,
79,16,True,0.724705,0.7247,none,,,False,,79,0,,,
79,62,True,0.676712,0.6767,none,,,False,,79,0,,,
79,9,True,0.671257,0.6713,none,,,False,,79,0,,,
79,18,True,0.284933,0.2849,none,,,False,,79,0,,,
79,73,True,0.568796,0.5688,none,,,False,,79,0,,,
79,59,True,0.64447,0.6445,none,,,False,,79,0,,,
79,48,True,0.756393,0.7564,none,,,False,,79,0,,,
79,69,True,0.655599,0.6556,none,,,False,,79,0,,,
79,60,True,0.706989,0.707,none,,,False,,79,0,,,
79,17,True,0.47079,0.4708,none,,,False,,79,0,,,
79,4,True,0.773635,0.7736,none,,,False,,79,0,,,
79,28,True,0.481679,0.4817,none,,,False,,79,0,,,
79,40,True,0.854437,0.8544,none,,,False,,79,0,,,
79,34,True,0.200312,0.2003,none,,,False,,79,0,,,
79,58,True,0.365203,0.3652,none,,,False,,79,0,,,
79,72,True,0.583623,0.5836,none,,,False,,79,0,,,
79,56,True,0.181622,0.1816,none,,,False,,79,0,,,
79,33,True,0.331119,0.3311,none,,,False,,79,0,,,
79,24,True,0.244016,0.244,none,,,False,,79,0,,,
79,70,True,0.926924,0.9269,none,,,False,,79,0,,,
79,13,True,0.179395,0.1794,none,,,False,,79,0,,,
79,20,True,0.369898,0.3699,none,,,False,,79,0,,,
79,63,True,0.226767,0.2268,none,,,False,,79,0,,,
79,68,True,0.118971,0.119,none,,,False,,79,0,,,
79,61,True,0.431689,0.4317,none,,,False,,79,0,,,
79,23,True,0.501277,0.5013,none,,,False,,79,0,,,
79,74,True,0.309986,0.31,none,,,False,,79,0,,,
79,30,True,0.635247,0.6352,none,,,False,,79,0,,,
79,39,True,1.899552,1.8996,none,,,False,,79,0,,,
79,11,True,0.429756,0.4298,none,,,False,,79,0,,,
79,55,True,0.722518,0.7225,none,,,False,,79,0,,,
79,35,True,0.862419,0.8624,none,,,False,,79,0,,,
79,57,True,0.616557,0.6166,none,,,False,,79,0,,,
79,10,True,0.595248,0.5952,none,,,False,,79,0,,,
79,71,True,0.476743,0.4767,none,,,False,,79,0,,,
79,85,True,0.419116,0.4191,none,,,False,,79,0,,,
79,46,True,0.748298,0.7483,none,,,False,,79,0,,,
79,95,True,1.006224,1.0062,none,,,False,,79,0,,,
79,67,True,0.448204,0.4482,none,,,False,,79,0,,,
79,54,True,0.309547,0.3095,none,,,False,,79,0,,,
79,12,True,0.607416,0.6074,none,,,False,,79,0,,,
79,51,True,0.361746,0.3617,none,,,False,,79,0,,,
79,37,True,0.486234,0.4862,none,,,False,,79,0,,,
79,88,True,0.241249,0.2412,none,,,False,,79,0,,,
79,47,True,0.378615,0.3786,none,,,False,,79,0,,,
79,91,True,0.427731,0.4277,none,,,False,,79,0,,,
79,90,True,0.44503,0.445,none,,,False,,79,0,,,
80,83,True,0.402467,0.4025,none,,,False,,80,0,,,
80,44,True,0.602471,0.6025,none,,,False,,80,0,,,
80,90,True,0.54201,0.542,none,,,False,,80,0,,,
80,69,True,0.44355,0.4436,none,,,False,,80,0,,,
80,32,True,0.431478,0.4315,none,,,False,,80,0,,,
80,45,True,0.466303,0.4663,none,,,False,,80,0,,,
80,4,True,0.348326,0.3483,none,,,False,,80,0,,,
80,88,True,0.387712,0.3877,none,,,False,,80,0,,,
80,40,True,0.635753,0.6358,none,,,False,,80,0,,,
80,74,True,0.274654,0.2747,none,,,False,,80,0,,,
80,65,True,0.612296,0.6123,none,,,False,,80,0,,,
80,0,True,0.190083,0.1901,none,,,False,,80,0,,,
80,84,True,0.538451,0.5385,none,,,False,,80,0,,,
80,48,True,0.623324,0.6233,none,,,False,,80,0,,,
80,38,True,0.422092,0.4221,none,,,False,,80,0,,,
80,35,True,0.942068,0.9421,none,,,False,,80,0,,,
80,71,True,0.370399,0.3704,none,,,False,,80,0,,,
80,50,True,0.41136,0.4114,none,,,False,,80,0,,,
80,36,True,0.652265,0.6523,none,,,False,,80,0,,,
80,9,True,0.595934,0.5959,none,,,False,,80,0,,,
80,26,True,1.605033,1.605,none,,,False,,80,0,,,
80,6,True,0.338546,0.3385,none,,,False,,80,0,,,
80,86,True,0.342381,0.3424,none,,,False,,80,0,,,
80,96,True,0.582604,0.5826,none,,,False,,80,0,,,
80,8,True,0.171842,0.1718,none,,,False,,80,0,,,
80,2,True,0.336904,0.3369,none,,,False,,80,0,,,
80,75,True,0.580419,0.5804,none,,,False,,80,0,,,
80,46,True,0.405933,0.4059,none,,,False,,80,0,,,
80,41,True,0.398726,0.3987,none,,,False,,80,0,,,
80,62,True,0.742706,0.7427,none,,,False,,80,0,,,
80,87,True,0.216276,0.2163,none,,,False,,80,0,,,
80,80,True,0.637396,0.6374,none,,,False,,80,0,,,
80,97,True,0.248893,0.2489,none,,,False,,80,0,,,
80,33,True,0.295981,0.296,none,,,False,,80,0,,,
80,60,True,0.959373,0.9594,none,,,False,,80,0,,,
80,52,True,0.284481,0.2845,none,,,False,,80,0,,,
80,47,True,0.429307,0.4293,none,,,False,,80,0,,,
80,13,True,0.339648,0.3396,none,,,False,,80,0,,,
80,24,True,0.346391,0.3464,none,,,False,,80,0,,,
80,54,True,0.407105,0.4071,none,,,False,,80,0,,,
80,28,True,0.589583,0.5896,none,,,False,,80,0,,,
80,5,True,0.484259,0.4843,none,,,False,,80,0,,,
80,91,True,0.417263,0.4173,none,,,False,,80,0,,,
80,67,True,0.496581,0.4966,none,,,False,,80,0,,,
80,18,True,0.456841,0.4568,none,,,False,,80,0,,,
80,7,True,0.328559,0.3286,none,,,False,,80,0,,,
80,82,True,0.335309,0.3353,none,,,False,,80,0,,,
80,94,True,1.122989,1.123,none,,,False,,80,0,,,
80,17,True,0.500659,0.5007,none,,,False,,80,0,,,
80,25,True,1.363374,1.3634,none,,,False,,80,0,,,
81,99,True,0.187547,0.1875,none,,,False,,81,0,,,
81,17,True,0.469568,0.4696,none,,,False,,81,0,,,
81,89,True,0.397291,0.3973,none,,,False,,81,0,,,
81,22,True,0.45281,0.4528,none,,,False,,81,0,,,
81,47,True,0.363975,0.364,none,,,False,,81,0,,,
81,33,True,0.146391,0.1464,none,,,False,,81,0,,,
81,42,True,0.414568,0.4146,none,,,False,,81,0,,,
81,31,True,0.544461,0.5445,none,,,False,,81,0,,,
81,19,True,0.335313,0.3353,none,,,False,,81,0,,,
81,11,True,0.529727,0.5297,none,,,False,,81,0,,,
81,15,True,0.402679,0.4027,none,,,False,,81,0,,,
81,13,True,0.25397,0.254,none,,,False,,81,0,,,
81,73,True,0.608969,0.609,none,,,False,,81,0,,,
81,76,True,0.433945,0.4339,none,,,False,,81,0,,,
81,7,True,0.378254,0.3783,none,,,False,,81,0,,,
81,18,True,0.321214,0.3212,none,,,False,,81,0,,,
81,85,True,0.365565,0.3656,none,,,False,,81,0,,,
81,29,True,0.259517,0.2595,none,,,False,,81,0,,,
81,23,True,0.604949,0.6049,none,,,False,,81,0,,,
81,62,True,0.719283,0.7193,none,,,False,,81,0,,,
81,43,True,0.495446,0.4954,none,,,False,,81,0,,,
81,21,True,0.711975,0.712,none,,,False,,81,0,,,
81,93,True,1.00755,1.0076,none,,,False,,81,0,,,
81,20,True,0.337898,0.3379,none,,,False,,81,0,,,
81,52,True,0.258071,0.2581,none,,,False,,81,0,,,
81,68,True,0.114083,0.1141,none,,,False,,81,0,,,
81,38,True,0.372476,0.3725,none,,,False,,81,0,,,
81,82,True,0.323249,0.3232,none,,,False,,81,0,,,
81,9,True,0.418029,0.418,none,,,False,,81,0,,,
81,3,True,0.123696,0.1237,none,,,False,,81,0,,,
81,5,True,0.489152,0.4892,none,,,False,,81,0,,,
81,86,True,0.236497,0.2365,none,,,False,,81,0,,,
81,59,True,0.44764,0.4476,none,,,False,,81,0,,,
81,30,True,0.60331,0.6033,none,,,False,,81,0,,,
81,66,True,0.438545,0.4385,none,,,False,,81,0,,,
81,61,True,0.386405,0.3864,none,,,False,,81,0,,,
81,49,True,0.311196,0.3112,none,,,False,,81,0,,,
81,87,True,0.180234,0.1802,none,,,False,,81,0,,,
81,40,True,0.765361,0.7654,none,,,False,,81,0,,,
81,6,True,0.315316,0.3153,none,,,False,,81,0,,,
81,67,True,0.654554,0.6546,none,,,False,,81,0,,,
81,34,True,0.125477,0.1255,none,,,False,,81,0,,,
81,4,True,0.597705,0.5977,none,,,False,,81,0,,,
81,74,True,0.201297,0.2013,none,,,False,,81,0,,,
81,65,True,0.766474,0.7665,none,,,False,,81,0,,,
81,92,True,0.131742,0.1317,none,,,False,,81,0,,,
81,45,True,0.391571,0.3916,none,,,False,,81,0,,,
81,69,True,0.580839,0.5808,none,,,False,,81,0,,,
81,16,True,0.555306,0.5553,none,,,False,,81,0,,,
81,51,True,0.519533,0.5195,none,,,False,,81,0,,,
82,66,True,0.535289,0.5353,none,,,False,,82,0,,,
82,55,True,0.703105,0.7031,none,,,False,,82,0,,,
82,35,True,1.010709,1.0107,none,,,False,,82,0,,,
82,7,True,0.38962,0.3896,none,,,False,,82,0,,,
82,86,True,0.369171,0.3692,none,,,False,,82,0,,,
82,52,True,0.373355,0.3734,none,,,False,,82,0,,,
82,3,True,0.229376,0.2294,none,,,False,,82,0,,,
82,63,True,0.239062,0.2391,none,,,False,,82,0,,,
82,89,True,0.320068,0.3201,none,,,False,,82,0,,,
82,53,True,0.265432,0.2654,none,,,False,,82,0,,,
82,54,True,0.376523,0.3765,none,,,False,,82,0,,,
82,15,True,0.503256,0.5033,none,,,False,,82,0,,,
82,34,True,0.28578,0.2858,none,,,False,,82,0,,,
82,4,True,0.66821,0.6682,none,,,False,,82,0,,,
82,31,True,0.69171,0.6917,none,,,False,,82,0,,,
82,72,True,0.726762,0.7268,none,,,False,,82,0,,,
82,45,True,0.382211,0.3822,none,,,False,,82,0,,,
82,68,True,0.087881,0.0879,none,,,False,,82,0,,,
82,90,True,0.595734,0.5957,none,,,False,,82,0,,,
82,87,True,0.246161,0.2462,none,,,False,,82,0,,,
82,37,True,0.36154,0.3615,none,,,False,,82,0,,,
82,81,True,0.550401,0.5504,none,,,False,,82,0,,,
82,5,True,0.45856,0.4586,none,,,False,,82,0,,,
82,13,True,0.205606,0.2056,none,,,False,,82,0,,,
82,32,True,0.442222,0.4422,none,,,False,,82,0,,,
82,41,True,0.415437,0.4154,none,,,False,,82,0,,,
82,50,True,0.427386,0.4274,none,,,False,,82,0,,,
82,22,True,0.544332,0.5443,none,,,False,,82,0,,,
82,21,True,0.655244,0.6552,none,,,False,,82,0,,,
82,42,True,0.310484,0.3105,none,,,False,,82,0,,,
82,71,True,0.3963,0.3963,none,,,False,,82,0,,,
82,88,True,0.390626,0.3906,none,,,False,,82,0,,,
82,62,True,0.7155,0.7155,none,,,False,,82,0,,,
82,60,True,0.613794,0.6138,none,,,False,,82,0,,,
82,69,True,0.478325,0.4783,none,,,False,,82,0,,,
82,67,True,0.39859,0.3986,none,,,False,,82,0,,,
82,61,True,0.357829,0.3578,none,,,False,,82,0,,,
82,20,True,0.335977,0.336,none,,,False,,82,0,,,
82,76,True,0.442785,0.4428,none,,,False,,82,0,,,
82,85,True,0.390429,0.3904,none,,,False,,82,0,,,
82,26,True,1.839359,1.8394,none,,,False,,82,0,,,
82,19,True,0.327249,0.3272,none,,,False,,82,0,,,
82,58,True,0.379301,0.3793,none,,,False,,82,0,,,
82,25,True,1.505441,1.5054,none,,,False,,82,0,,,
82,99,True,0.221592,0.2216,none,,,False,,82,0,,,
82,2,True,0.324443,0.3244,none,,,False,,82,0,,,
82,10,True,0.577443,0.5774,none,,,False,,82,0,,,
82,1,True,0.475322,0.4753,none,,,False,,82,0,,,
82,82,True,0.240725,0.2407,none,,,False,,82,0,,,
82,70,True,0.945049,0.945,none,,,False,,82,0,,,
83,39,True,1.669135,1.6691,none,,,False,,83,0,,,
83,89,True,0.222718,0.2227,none,,,False,,83,0,,,
83,61,True,0.416916,0.4169,none,,,False,,83,0,,,
83,15,True,0.399984,0.4,none,,,False,,83,0,,,
83,51,True,0.585023,0.585,none,,,False,,83,0,,,
83,7,True,0.340857,0.3409,none,,,False,,83,0,,,
83,92,True,0.287673,0.2877,none,,,False,,83,0,,,
83,78,True,0.649081,0.6491,none,,,False,,83,0,,,
83,76,True,0.373718,0.3737,none,,,False,,83,0,,,
83,43,True,0.383876,0.3839,none,,,False,,83,0,,,
83,3,True,0.150408,0.1504,none,,,False,,83,0,,,
83,16,True,0.523954,0.524,none,,,False,,83,0,,,
83,19,True,0.34656,0.3466,none,,,False,,83,0,,,
83,14,True,0.384527,0.3845,none,,,False,,83,0,,,
83,74,True,0.196993,0.197,none,,,False,,83,0,,,
83,11,True,0.44998,0.45,none,,,False,,83,0,,,
83,85,True,0.33778,0.3378,none,,,False,,83,0,,,
83,97,True,0.188863,0.1889,none,,,False,,83,0,,,
83,27,True,0.309206,0.3092,none,,,False,,83,0,,,
83,70,True,0.925693,0.9257,none,,,False,,83,0,,,
83,44,True,0.680422,0.6804,none,,,False,,83,0,,,
83,36,True,0.318604,0.3186,none,,,False,,83,0,,,
83,30,True,0.56315,0.5632,none,,,False,,83,0,,,
83,23,True,0.673131,0.6731,none,,,False,,83,0,,,
83,77,True,0.222898,0.2229,none,,,False,,83,0,,,
83,24,True,0.343121,0.3431,none,,,False,,83,0,,,
83,71,True,0.49086,0.4909,none,,,False,,83,0,,,
83,82,True,0.321559,0.3216,none,,,False,,83,0,,,
83,57,True,0.428153,0.4282,none,,,False,,83,0,,,
83,12,True,0.431531,0.4315,none,,,False,,83,0,,,
83,69,True,0.486068,0.4861,none,,,False,,83,0,,,
83,34,True,0.370264,0.3703,none,,,False,,83,0,,,
83,68,True,0.14745,0.1475,none,,,False,,83,0,,,
83,86,True,0.178035,0.178,none,,,False,,83,0,,,
83,90,True,0.503196,0.5032,none,,,False,,83,0,,,
83,29,True,0.346454,0.3465,none,,,False,,83,0,,,
83,66,True,0.417227,0.4172,none,,,False,,83,0,,,
83,45,True,0.539495,0.5395,none,,,False,,83,0,,,
83,72,True,0.486139,0.4861,none,,,False,,83,0,,,
83,8,True,0.32314,0.3231,none,,,False,,83,0,,,
83,79,True,0.115225,0.1152,none,,,False,,83,0,,,
83,4,True,0.549849,0.5498,none,,,False,,83,0,,,
83,53,True,0.222663,0.2227,none,,,False,,83,0,,,
83,33,True,0.355438,0.3554,none,,,False,,83,0,,,
83,60,True,0.553918,0.5539,none,,,False,,83,0,,,
83,73,True,0.639065,0.6391,none,,,False,,83,0,,,
83,42,True,0.529145,0.5291,none,,,False,,83,0,,,
83,18,True,0.336297,0.3363,none,,,False,,83,0,,,
83,22,True,0.419895,0.4199,none,,,False,,83,0,,,
83,96,True,0.39792,0.3979,none,,,False,,83,0,,,
84,96,True,0.588387,0.5884,none,,,False,,84,0,,,
84,48,True,0.612677,0.6127,none,,,False,,84,0,,,
84,99,True,0.090196,0.0902,none,,,False,,84,0,,,
84,43,True,0.579679,0.5797,none,,,False,,84,0,,,
84,19,True,0.320613,0.3206,none,,,False,,84,0,,,
84,79,True,0.282096,0.2821,none,,,False,,84,0,,,
84,73,True,0.595121,0.5951,none,,,False,,84,0,,,
84,52,True,0.292381,0.2924,none,,,False,,84,0,,,
84,97,True,0.297152,0.2972,none,,,False,,84,0,,,
84,37,True,0.307353,0.3074,none,,,False,,84,0,,,
84,77,True,0.108523,0.1085,none,,,False,,84,0,,,
84,1,True,0.425139,0.4251,none,,,False,,84,0,,,
84,0,True,0.564006,0.564,none,,,False,,84,0,,,
84,7,True,0.368349,0.3683,none,,,False,,84,0,,,
84,92,True,0.355987,0.356,none,,,False,,84,0,,,
84,74,True,0.185806,0.1858,none,,,False,,84,0,,,
84,62,True,0.700636,0.7006,none,,,False,,84,0,,,
84,44,True,0.630494,0.6305,none,,,False,,84,0,,,
84,17,True,0.607029,0.607,none,,,False,,84,0,,,
84,60,True,0.876764,0.8768,none,,,False,,84,0,,,
84,26,True,1.829729,1.8297,none,,,False,,84,0,,,
84,21,True,0.630967,0.631,none,,,False,,84,0,,,
84,80,True,0.526211,0.5262,none,,,False,,84,0,,,
84,2,True,0.312912,0.3129,none,,,False,,84,0,,,
84,86,True,0.453504,0.4535,none,,,False,,84,0,,,
84,69,True,0.354028,0.354,none,,,False,,84,0,,,
84,78,True,0.589842,0.5898,none,,,False,,84,0,,,
84,87,True,0.262632,0.2626,none,,,False,,84,0,,,
84,15,True,0.530385,0.5304,none,,,False,,84,0,,,
84,56,True,0.282223,0.2822,none,,,False,,84,0,,,
84,6,True,0.405895,0.4059,none,,,False,,84,0,,,
84,40,True,0.739309,0.7393,none,,,False,,84,0,,,
84,49,True,0.418114,0.4181,none,,,False,,84,0,,,
84,23,True,0.491452,0.4915,none,,,False,,84,0,,,
84,8,True,0.226762,0.2268,none,,,False,,84,0,,,
84,66,True,0.604351,0.6044,none,,,False,,84,0,,,
84,57,True,0.513177,0.5132,none,,,False,,84,0,,,
84,55,True,0.800632,0.8006,none,,,False,,84,0,,,
84,41,True,0.387285,0.3873,none,,,False,,84,0,,,
84,24,True,0.385601,0.3856,none,,,False,,84,0,,,
84,4,True,0.48382,0.4838,none,,,False,,84,0,,,
84,18,True,0.476827,0.4768,none,,,False,,84,0,,,
84,42,True,0.540601,0.5406,none,,,False,,84,0,,,
84,63,True,0.156448,0.1564,none,,,False,,84,0,,,
84,47,True,0.44059,0.4406,none,,,False,,84,0,,,
84,70,True,1.027651,1.0277,none,,,False,,84,0,,,
84,32,True,0.456979,0.457,none,,,False,,84,0,,,
84,5,True,0.601291,0.6013,none,,,False,,84,0,,,
84,46,True,0.344799,0.3448,none,,,False,,84,0,,,
84,85,True,0.339346,0.3393,none,,,False,,84,0,,,
85,4,True,0.588488,0.5885,none,,,False,,85,0,,,
85,51,True,0.444371,0.4444,none,,,False,,85,0,,,
85,17,True,0.476343,0.4763,none,,,False,,85,0,,,
85,11,True,0.361727,0.3617,none,,,False,,85,0,,,
85,91,True,0.407997,0.408,none,,,False,,85,0,,,
85,76,True,0.379802,0.3798,none,,,False,,85,0,,,
85,87,True,0.235366,0.2354,none,,,False,,85,0,,,
85,69,True,0.526406,0.5264,none,,,False,,85,0,,,
85,29,True,0.375003,0.375,none,,,False,,85,0,,,
85,0,True,0.513908,0.5139,none,,,False,,85,0,,,
85,70,True,1.038445,1.0384,none,,,False,,85,0,,,
85,41,True,0.489838,0.4898,none,,,False,,85,0,,,
85,50,True,0.394419,0.3944,none,,,False,,85,0,,,
85,48,True,0.68481,0.6848,none,,,False,,85,0,,,
85,36,True,0.529452,0.5295,none,,,False,,85,0,,,
85,3,True,0.159857,0.1599,none,,,False,,85,0,,,
85,98,True,0.840525,0.8405,none,,,False,,85,0,,,
85,23,True,0.692523,0.6925,none,,,False,,85,0,,,
85,34,True,0.193882,0.1939,none,,,False,,85,0,,,
85,21,True,0.427127,0.4271,none,,,False,,85,0,,,
85,25,True,1.600898,1.6009,none,,,False,,85,0,,,
85,90,True,0.493437,0.4934,none,,,False,,85,0,,,
85,81,True,0.35954,0.3595,none,,,False,,85,0,,,
85,31,True,0.441327,0.4413,none,,,False,,85,0,,,
85,62,True,0.714301,0.7143,none,,,False,,85,0,,,
85,7,True,0.387737,0.3877,none,,,False,,85,0,,,
85,83,True,0.401836,0.4018,none,,,False,,85,0,,,
85,75,True,0.293655,0.2937,none,,,False,,85,0,,,
85,43,True,0.395607,0.3956,none,,,False,,85,0,,,
85,72,True,0.584847,0.5848,none,,,False,,85,0,,,
85,55,True,0.705221,0.7052,none,,,False,,85,0,,,
85,40,True,0.908004,0.908,none,,,False,,85,0,,,
85,73,True,0.472156,0.4722,none,,,False,,85,0,,,
85,20,True,0.407125,0.4071,none,,,False,,85,0,,,
85,78,True,0.418754,0.4188,none,,,False,,85,0,,,
85,71,True,0.503171,0.5032,none,,,False,,85,0,,,
85,58,True,0.356014,0.356,none,,,False,,85,0,,,
85,80,True,0.635597,0.6356,none,,,False,,85,0,,,
85,14,True,0.4259,0.4259,none,,,False,,85,0,,,
85,82,True,0.214322,0.2143,none,,,False,,85,0,,,
85,85,True,0.303258,0.3033,none,,,False,,85,0,,,
85,42,True,0.335806,0.3358,none,,,False,,85,0,,,
85,47,True,0.345778,0.3458,none,,,False,,85,0,,,
85,13,True,0.26777,0.2678,none,,,False,,85,0,,,
85,66,True,0.321805,0.3218,none,,,False,,85,0,,,
85,68,True,0.220856,0.2209,none,,,False,,85,0,,,
85,86,True,0.291809,0.2918,none,,,False,,85,0,,,
85,97,True,0.246071,0.2461,none,,,False,,85,0,,,
85,54,True,0.318042,0.318,none,,,False,,85,0,,,
85,67,True,0.700916,0.7009,none,,,False,,85,0,,,
86,63,True,0.017741,0.0177,none,,,False,,86,0,,,
86,64,True,0.624676,0.6247,none,,,False,,86,0,,,
86,93,True,1.167719,1.1677,none,,,False,,86,0,,,
86,57,True,0.21683,0.2168,none,,,False,,86,0,,,
86,16,True,0.65112,0.6511,none,,,False,,86,0,,,
86,72,True,0.717944,0.7179,none,,,False,,86,0,,,
86,14,True,0.35938,0.3594,none,,,False,,86,0,,,
86,25,True,1.541459,1.5415,none,,,False,,86,0,,,
86,83,True,0.403517,0.4035,none,,,False,,86,0,,,
86,46,True,0.622549,0.6225,none,,,False,,86,0,,,
86,78,True,0.565773,0.5658,none,,,False,,86,0,,,
86,4,True,0.740332,0.7403,none,,,False,,86,0,,,
86,42,True,0.453251,0.4533,none,,,False,,86,0,,,
86,86,True,0.380823,0.3808,none,,,False,,86,0,,,
86,18,True,0.328108,0.3281,none,,,False,,86,0,,,
86,68,True,0.170993,0.171,none,,,False,,86,0,,,
86,52,True,0.396441,0.3964,none,,,False,,86,0,,,
86,61,True,0.396464,0.3965,none,,,False,,86,0,,,
86,13,True,0.158177,0.1582,none,,,False,,86,0,,,
86,27,True,0.2943,0.2943,none,,,False,,86,0,,,
86,5,True,0.393689,0.3937,none,,,False,,86,0,,,
86,12,True,0.450765,0.4508,none,,,False,,86,0,,,
86,8,True,0.177077,0.1771,none,,,False,,86,0,,,
86,22,True,0.424619,0.4246,none,,,False,,86,0,,,
86,36,True,0.570006,0.57,none,,,False,,86,0,,,
86,35,True,0.981262,0.9813,none,,,False,,86,0,,,
86,23,True,0.509424,0.5094,none,,,False,,86,0,,,
86,58,True,0.381183,0.3812,none,,,False,,86,0,,,
86,0,True,0.677252,0.6773,none,,,False,,86,0,,,
86,66,True,0.466827,0.4668,none,,,False,,86,0,,,
86,20,True,0.434723,0.4347,none,,,False,,86,0,,,
86,82,True,0.273662,0.2737,none,,,False,,86,0,,,
86,51,True,0.448347,0.4483,none,,,False,,86,0,,,
86,11,True,0.213521,0.2135,none,,,False,,86,0,,,
86,41,True,0.407244,0.4072,none,,,False,,86,0,,,
86,73,True,0.564552,0.5646,none,,,False,,86,0,,,
86,19,True,0.309129,0.3091,none,,,False,,86,0,,,
86,95,True,0.930628,0.9306,none,,,False,,86,0,,,
86,79,True,0.28317,0.2832,none,,,False,,86,0,,,
86,43,True,0.339107,0.3391,none,,,False,,86,0,,,
86,21,True,0.546893,0.5469,none,,,False,,86,0,,,
86,50,True,0.28173,0.2817,none,,,False,,86,0,,,
86,28,True,0.654856,0.6549,none,,,False,,86,0,,,
86,37,True,0.520555,0.5206,none,,,False,,86,0,,,
86,38,True,0.482815,0.4828,none,,,False,,86,0,,,
86,84,True,0.565384,0.5654,none,,,False,,86,0,,,
86,40,True,1.105672,1.1057,none,,,False,,86,0,,,
86,60,True,0.657058,0.6571,none,,,False,,86,0,,,
86,71,True,0.388258,0.3883,none,,,False,,86,0,,,
86,92,True,0.365124,0.3651,none,,,False,,86,0,,,
87,24,True,0.300269,0.3003,none,,,False,,87,0,,,
87,48,True,0.605532,0.6055,none,,,False,,87,0,,,
87,84,True,0.421772,0.4218,none,,,False,,87,0,,,
87,32,True,0.413125,0.4131,none,,,False,,87,0,,,
87,5,True,0.526745,0.5267,none,,,False,,87,0,,,
87,0,True,0.741119,0.7411,none,,,False,,87,0,,,
87,56,True,0.242434,0.2424,none,,,False,,87,0,,,
87,64,True,0.618962,0.619,none,,,False,,87,0,,,
87,77,True,0.221241,0.2212,none,,,False,,87,0,,,
87,29,True,0.145849,0.1458,none,,,False,,87,0,,,
87,28,True,0.490851,0.4909,none,,,False,,87,0,,,
87,67,True,0.533163,0.5332,none,,,False,,87,0,,,
87,73,True,0.725114,0.7251,none,,,False,,87,0,,,
87,9,True,0.502679,0.5027,none,,,False,,87,0,,,
87,52,True,0.337011,0.337,none,,,False,,87,0,,,
87,43,True,0.51018,0.5102,none,,,False,,87,0,,,
87,33,True,0.382538,0.3825,none,,,False,,87,0,,,
87,11,True,0.387802,0.3878,none,,,False,,87,0,,,
87,87,True,0.24173,0.2417,none,,,False,,87,0,,,
87,58,True,0.366915,0.3669,none,,,False,,87,0,,,
87,92,True,0.128704,0.1287,none,,,False,,87,0,,,
87,79,True,0.179992,0.18,none,,,False,,87,0,,,
87,51,True,0.427487,0.4275,none,,,False,,87,0,,,
87,49,True,0.443659,0.4437,none,,,False,,87,0,,,
87,34,True,0.240996,0.241,none,,,False,,87,0,,,
87,70,True,1.012372,1.0124,none,,,False,,87,0,,,
87,69,True,0.576453,0.5765,none,,,False,,87,0,,,
87,39,True,1.738736,1.7387,none,,,False,,87,0,,,
87,3,True,0.205173,0.2052,none,,,False,,87,0,,,
87,45,True,0.397363,0.3974,none,,,False,,87,0,,,
87,78,True,0.62756,0.6276,none,,,False,,87,0,,,
87,62,True,0.747216,0.7472,none,,,False,,87,0,,,
87,95,True,0.669495,0.6695,none,,,False,,87,0,,,
87,14,True,0.361889,0.3619,none,,,False,,87,0,,,
87,57,True,0.447729,0.4477,none,,,False,,87,0,,,
87,47,True,0.34371,0.3437,none,,,False,,87,0,,,
87,83,True,0.419558,0.4196,none,,,False,,87,0,,,
87,19,True,0.348599,0.3486,none,,,False,,87,0,,,
87,36,True,0.545005,0.545,none,,,False,,87,0,,,
87,74,True,0.290399,0.2904,none,,,False,,87,0,,,
87,86,True,0.368578,0.3686,none,,,False,,87,0,,,
87,72,True,0.574314,0.5743,none,,,False,,87,0,,,
87,54,True,0.401366,0.4014,none,,,False,,87,0,,,
87,4,True,0.531664,0.5317,none,,,False,,87,0,,,
87,22,True,0.357769,0.3578,none,,,False,,87,0,,,
87,20,True,0.402421,0.4024,none,,,False,,87,0,,,
87,85,True,0.305645,0.3056,none,,,False,,87,0,,,
87,63,True,0.162973,0.163,none,,,False,,87,0,,,
87,44,True,0.763375,0.7634,none,,,False,,87,0,,,
87,2,True,0.183282,0.1833,none,,,False,,87,0,,,
88,60,True,0.873442,0.8734,none,,,False,,88,0,,,
88,50,True,0.440316,0.4403,none,,,False,,88,0,,,
88,33,True,0.206031,0.206,none,,,False,,88,0,,,
88,22,True,0.457972,0.458,none,,,False,,88,0,,,
88,30,True,0.462814,0.4628,none,,,False,,88,0,,,
88,16,True,0.577366,0.5774,none,,,False,,88,0,,,
88,32,True,0.473978,0.474,none,,,False,,88,0,,,
88,82,True,0.329519,0.3295,none,,,False,,88,0,,,
88,68,True,0.176291,0.1763,none,,,False,,88,0,,,
88,3,True,0.205114,0.2051,none,,,False,,88,0,,,
88,67,True,0.535136,0.5351,none,,,False,,88,0,,,
88,73,True,0.609074,0.6091,none,,,False,,88,0,,,
88,81,True,0.5559,0.5559,none,,,False,,88,0,,,
88,95,True,0.760939,0.7609,none,,,False,,88,0,,,
88,71,True,0.459626,0.4596,none,,,False,,88,0,,,
88,90,True,0.527972,0.528,none,,,False,,88,0,,,
88,86,True,0.297247,0.2972,none,,,False,,88,0,,,
88,9,True,0.565792,0.5658,none,,,False,,88,0,,,
88,17,True,0.448796,0.4488,none,,,False,,88,0,,,
88,41,True,0.485437,0.4854,none,,,False,,88,0,,,
88,39,True,1.699786,1.6998,none,,,False,,88,0,,,
88,1,True,0.241863,0.2419,none,,,False,,88,0,,,
88,72,True,0.637535,0.6375,none,,,False,,88,0,,,
88,8,True,0.191369,0.1914,none,,,False,,88,0,,,
88,56,True,0.099842,0.0998,none,,,False,,88,0,,,
88,48,True,0.683642,0.6836,none,,,False,,88,0,,,
88,97,True,0.188085,0.1881,none,,,False,,88,0,,,
88,74,True,0.201302,0.2013,none,,,False,,88,0,,,
88,2,True,0.141804,0.1418,none,,,False,,88,0,,,
88,29,True,0.310095,0.3101,none,,,False,,88,0,,,
88,91,True,0.4118,0.4118,none,,,False,,88,0,,,
88,62,True,0.672359,0.6724,none,,,False,,88,0,,,
88,38,True,0.413925,0.4139,none,,,False,,88,0,,,
88,35,True,0.840114,0.8401,none,,,False,,88,0,,,
88,93,True,1.027124,1.0271,none,,,False,,88,0,,,
88,83,True,0.347874,0.3479,none,,,False,,88,0,,,
88,36,True,0.503949,0.5039,none,,,False,,88,0,,,
88,65,True,0.58683,0.5868,none,,,False,,88,0,,,
88,45,True,0.39033,0.3903,none,,,False,,88,0,,,
88,70,True,0.968672,0.9687,none,,,False,,88,0,,,
88,6,True,0.372075,0.3721,none,,,False,,88,0,,,
88,23,True,0.469704,0.4697,none,,,False,,88,0,,,
88,42,True,0.431812,0.4318,none,,,False,,88,0,,,
88,5,True,0.568026,0.568,none,,,False,,88,0,,,
88,53,True,0.3143,0.3143,none,,,False,,88,0,,,
88,64,True,0.630552,0.6306,none,,,False,,88,0,,,
88,34,True,0.27635,0.2764,none,,,False,,88,0,,,
88,54,True,0.305177,0.3052,none,,,False,,88,0,,,
88,44,True,0.660177,0.6602,none,,,False,,88,0,,,
88,13,True,0.280943,0.2809,none,,,False,,88,0,,,
89,9,True,0.48367,0.4837,none,,,False,,89,0,,,
89,51,True,0.453209,0.4532,none,,,False,,89,0,,,
89,31,True,0.644559,0.6446,none,,,False,,89,0,,,
89,59,True,0.306263,0.3063,none,,,False,,89,0,,,
89,90,True,0.548574,0.5486,none,,,False,,89,0,,,
89,22,True,0.578853,0.5789,none,,,False,,89,0,,,
89,84,True,0.251493,0.2515,none,,,False,,89,0,,,
89,54,True,0.388142,0.3881,none,,,False,,89,0,,,
89,92,True,0.244352,0.2444,none,,,False,,89,0,,,
89,86,True,0.442685,0.4427,none,,,False,,89,0,,,
89,88,True,0.337442,0.3374,none,,,False,,89,0,,,
89,19,True,0.308468,0.3085,none,,,False,,89,0,,,
89,81,True,0.582245,0.5822,none,,,False,,89,0,,,
89,26,True,1.707697,1.7077,none,,,False,,89,0,,,
89,42,True,0.397387,0.3974,none,,,False,,89,0,,,
89,5,True,0.512717,0.5127,none,,,False,,89,0,,,
89,45,True,0.376142,0.3761,none,,,False,,89,0,,,
89,13,True,0.303733,0.3037,none,,,False,,89,0,,,
89,96,True,0.604344,0.6043,none,,,False,,89,0,,,
89,21,True,0.612255,0.6123,none,,,False,,89,0,,,
89,15,True,0.353888,0.3539,none,,,False,,89,0,,,
89,4,True,0.53843,0.5384,none,,,False,,89,0,,,
89,76,True,0.583646,0.5836,none,,,False,,89,0,,,
89,58,True,0.539645,0.5396,none,,,False,,89,0,,,
89,47,True,0.50191,0.5019,none,,,False,,89,0,,,
89,83,True,0.430042,0.43,none,,,False,,89,0,,,
89,57,True,0.662139,0.6621,none,,,False,,89,0,,,
89,39,True,1.533741,1.5337,none,,,False,,89,0,,,
89,1,True,0.345771,0.3458,none,,,False,,89,0,,,
89,87,True,0.121448,0.1214,none,,,False,,89,0,,,
89,35,True,0.929386,0.9294,none,,,False,,89,0,,,
89,2,True,0.322888,0.3229,none,,,False,,89,0,,,
89,69,True,0.302446,0.3024,none,,,False,,89,0,,,
89,6,True,0.449609,0.4496,none,,,False,,89,0,,,
89,68,True,0.128634,0.1286,none,,,False,,89,0,,,
89,8,True,0.149081,0.1491,none,,,False,,89,0,,,
89,36,True,0.710032,0.71,none,,,False,,89,0,,,
89,10,True,0.736563,0.7366,none,,,False,,89,0,,,
89,82,True,0.226799,0.2268,none,,,False,,89,0,,,
89,33,True,0.324074,0.3241,none,,,False,,89,0,,,
89,29,True,0.247378,0.2474,none,,,False,,89,0,,,
89,61,True,0.340716,0.3407,none,,,False,,89,0,,,
89,75,True,0.497756,0.4978,none,,,False,,89,0,,,
89,64,True,0.53503,0.535,none,,,False,,89,0,,,
89,24,True,0.217874,0.2179,none,,,False,,89,0,,,
89,60,True,0.89858,0.8986,none,,,False,,89,0,,,
89,14,True,0.286992,0.287,none,,,False,,89,0,,,
89,16,True,0.378068,0.3781,none,,,False,,89,0,,,
89,30,True,0.400581,0.4006,none,,,False,,89,0,,,
89,25,True,1.333898,1.3339,none,,,False,,89,0,,,
90,65,True,0.595407,0.5954,none,,,False,,90,0,,,
90,31,True,0.499095,0.4991,none,,,False,,90,0,,,
90,63,True,0.153849,0.1538,none,,,False,,90,0,,,
90,44,True,0.668133,0.6681,none,,,False,,90,0,,,
90,32,True,0.35376,0.3538,none,,,False,,90,0,,,
90,19,True,0.362475,0.3625,none,,,False,,90,0,,,
90,58,True,0.386386,0.3864,none,,,False,,90,0,,,
90,82,True,0.3476,0.3476,none,,,False,,90,0,,,
90,79,True,0.083284,0.0833,none,,,False,,90,0,,,
90,94,True,1.099153,1.0992,none,,,False,,90,0,,,
90,8,True,0.078528,0.0785,none,,,False,,90,0,,,
90,68,True,0.187742,0.1877,none,,,False,,90,0,,,
90,45,True,0.34294,0.3429,none,,,False,,90,0,,,
90,62,True,0.572157,0.5722,none,,,False,,90,0,,,
90,70,True,0.866918,0.8669,none,,,False,,90,0,,,
90,16,True,0.585396,0.5854,none,,,False,,90,0,,,
90,42,True,0.420448,0.4204,none,,,False,,90,0,,,
90,11,True,0.35255,0.3525,none,,,False,,90,0,,,
90,84,True,0.359453,0.3595,none,,,False,,90,0,,,
90,74,True,0.166915,0.1669,none,,,False,,90,0,,,
90,14,True,0.413761,0.4138,none,,,False,,90,0,,,
90,27,True,0.267971,0.268,none,,,False,,90,0,,,
90,15,True,0.414229,0.4142,none,,,False,,90,0,,,
90,30,True,0.54682,0.5468,none,,,False,,90,0,,,
90,1,True,0.293202,0.2932,none,,,False,,90,0,,,
90,13,True,0.187575,0.1876,none,,,False,,90,0,,,
90,93,True,1.063681,1.0637,none,,,False,,90,0,,,
90,66,True,0.532701,0.5327,none,,,False,,90,0,,,
90,10,True,0.581706,0.5817,none,,,False,,90,0,,,
90,38,True,0.281651,0.2817,none,,,False,,90,0,,,
90,23,True,0.578395,0.5784,none,,,False,,90,0,,,
90,5,True,0.57929,0.5793,none,,,False,,90,0,,,
90,3,True,0.148949,0.1489,none,,,False,,90,0,,,
90,91,True,0.244962,0.245,none,,,False,,90,0,,,
90,80,True,0.542159,0.5422,none,,,False,,90,0,,,
90,72,True,0.61587,0.6159,none,,,False,,90,0,,,
90,12,True,0.446471,0.4465,none,,,False,,90,0,,,
90,17,True,0.217055,0.2171,none,,,False,,90,0,,,
90,73,True,0.624034,0.624,none,,,False,,90,0,,,
90,88,True,0.294348,0.2943,none,,,False,,90,0,,,
90,54,True,0.377128,0.3771,none,,,False,,90,0,,,
90,86,True,0.324835,0.3248,none,,,False,,90,0,,,
90,50,True,0.444833,0.4448,none,,,False,,90,0,,,
90,71,True,0.489611,0.4896,none,,,False,,90,0,,,
90,47,True,0.33475,0.3348,none,,,False,,90,0,,,
90,39,True,1.81991,1.8199,none,,,False,,90,0,,,
90,4,True,0.649943,0.6499,none,,,False,,90,0,,,
90,26,True,1.73895,1.7389,none,,,False,,90,0,,,
90,85,True,0.394599,0.3946,none,,,False,,90,0,,,
90,97,True,0.234648,0.2346,none,,,False,,90,0,,,
91,27,True,0.300708,0.3007,none,,,False,,91,0,,,
91,55,True,0.907034,0.907,none,,,False,,91,0,,,
91,23,True,0.423748,0.4237,none,,,False,,91,0,,,
91,50,True,0.440936,0.4409,none,,,False,,91,0,,,
91,13,True,0.336408,0.3364,none,,,False,,91,0,,,
91,58,True,0.555026,0.555,none,,,False,,91,0,,,
91,36,True,0.725149,0.7251,none,,,False,,91,0,,,
91,14,True,0.366463,0.3665,none,,,False,,91,0,,,
91,47,True,0.583481,0.5835,none,,,False,,91,0,,,
91,95,True,0.993276,0.9933,none,,,False,,91,0,,,
91,52,True,0.412568,0.4126,none,,,False,,91,0,,,
91,24,True,0.365097,0.3651,none,,,False,,91,0,,,
91,94,True,1.006249,1.0062,none,,,False,,91,0,,,
91,82,True,0.270386,0.2704,none,,,False,,91,0,,,
91,98,True,0.699288,0.6993,none,,,False,,91,0,,,
91,44,True,0.552046,0.552,none,,,False,,91,0,,,
91,90,True,0.659908,0.6599,none,,,False,,91,0,,,
91,48,True,0.50022,0.5002,none,,,False,,91,0,,,
91,29,True,0.169939,0.1699,none,,,False,,91,0,,,
91,40,True,0.730054,0.7301,none,,,False,,91,0,,,
91,80,True,0.513714,0.5137,none,,,False,,91,0,,,
91,17,True,0.578271,0.5783,none,,,False,,91,0,,,
91,61,True,0.090583,0.0906,none,,,False,,91,0,,,
91,54,True,0.392151,0.3922,none,,,False,,91,0,,,
91,28,True,0.605745,0.6057,none,,,False,,91,0,,,
91,67,True,0.479867,0.4799,none,,,False,,91,0,,,
91,79,True,0.27914,0.2791,none,,,False,,91,0,,,
91,49,True,0.533291,0.5333,none,,,False,,91,0,,,
91,18,True,0.385246,0.3852,none,,,False,,91,0,,,
91,43,True,0.442727,0.4427,none,,,False,,91,0,,,
91,92,True,0.272864,0.2729,none,,,False,,91,0,,,
91,91,True,0.390083,0.3901,none,,,False,,91,0,,,
91,32,True,0.480966,0.481,none,,,False,,91,0,,,
91,62,True,0.83591,0.8359,none,,,False,,91,0,,,
91,7,True,0.3792,0.3792,none,,,False,,91,0,,,
91,66,True,0.58446,0.5845,none,,,False,,91,0,,,
91,39,True,1.574578,1.5746,none,,,False,,91,0,,,
91,60,True,0.925909,0.9259,none,,,False,,91,0,,,
91,31,True,0.776312,0.7763,none,,,False,,91,0,,,
91,96,True,0.569202,0.5692,none,,,False,,91,0,,,
91,5,True,0.439686,0.4397,none,,,False,,91,0,,,
91,19,True,0.316357,0.3164,none,,,False,,91,0,,,
91,8,True,0.269813,0.2698,none,,,False,,91,0,,,
91,73,True,0.705554,0.7056,none,,,False,,91,0,,,
91,93,True,0.820832,0.8208,none,,,False,,91,0,,,
91,46,True,0.543827,0.5438,none,,,False,,91,0,,,
91,22,True,0.395733,0.3957,none,,,False,,91,0,,,
91,1,True,0.387485,0.3875,none,,,False,,91,0,,,
91,85,True,0.340921,0.3409,none,,,False,,91,0,,,
91,20,True,0.426677,0.4267,none,,,False,,91,0,,,
92,23,True,0.470008,0.47,none,,,False,,92,0,,,
92,33,True,0.340812,0.3408,none,,,False,,92,0,,,
92,14,True,0.363594,0.3636,none,,,False,,92,0,,,
92,85,True,0.420278,0.4203,none,,,False,,92,0,,,
92,10,True,0.557703,0.5577,none,,,False,,92,0,,,
92,70,True,1.136228,1.1362,none,,,False,,92,0,,,
92,53,True,0.194962,0.195,none,,,False,,92,0,,,
92,64,True,0.656711,0.6567,none,,,False,,92,0,,,
92,71,True,0.393612,0.3936,none,,,False,,92,0,,,
92,36,True,0.62854,0.6285,none,,,False,,92,0,,,
92,80,True,0.443867,0.4439,none,,,False,,92,0,,,
92,8,True,0.294904,0.2949,none,,,False,,92,0,,,
92,63,True,0.120559,0.1206,none,,,False,,92,0,,,
92,81,True,0.456575,0.4566,none,,,False,,92,0,,,
92,90,True,0.545439,0.5454,none,,,False,,92,0,,,
92,77,True,0.275987,0.276,none,,,False,,92,0,,,
92,16,True,0.596721,0.5967,none,,,False,,92,0,,,
92,52,True,0.314353,0.3144,none,,,False,,92,0,,,
92,97,True,0.267956,0.268,none,,,False,,92,0,,,
92,68,True,0.198999,0.199,none,,,False,,92,0,,,
92,69,True,0.321252,0.3213,none,,,False,,92,0,,,
92,65,True,0.597341,0.5973,none,,,False,,92,0,,,
92,19,True,0.348965,0.349,none,,,False,,92,0,,,
92,30,True,0.634728,0.6347,none,,,False,,92,0,,,
92,38,True,0.495297,0.4953,none,,,False,,92,0,,,
92,27,True,0.258634,0.2586,none,,,False,,92,0,,,
92,37,True,0.612388,0.6124,none,,,False,,92,0,,,
92,28,True,0.569491,0.5695,none,,,False,,92,0,,,
92,99,True,0.160999,0.161,none,,,False,,92,0,,,
92,25,True,1.604696,1.6047,none,,,False,,92,0,,,
92,98,True,0.840344,0.8403,none,,,False,,92,0,,,
92,46,True,0.716954,0.717,none,,,False,,92,0,,,
92,9,True,0.52507,0.5251,none,,,False,,92,0,,,
92,57,True,0.506017,0.506,none,,,False,,92,0,,,
92,35,True,0.667627,0.6676,none,,,False,,92,0,,,
92,84,True,0.417826,0.4178,none,,,False,,92,0,,,
92,34,True,0.358698,0.3587,none,,,False,,92,0,,,
92,5,True,0.571748,0.5717,none,,,False,,92,0,,,
92,39,True,1.778965,1.779,none,,,False,,92,0,,,
92,78,True,0.584365,0.5844,none,,,False,,92,0,,,
92,62,True,0.713394,0.7134,none,,,False,,92,0,,,
92,94,True,0.96435,0.9644,none,,,False,,92,0,,,
92,75,True,0.64682,0.6468,none,,,False,,92,0,,,
92,45,True,0.440653,0.4407,none,,,False,,92,0,,,
92,17,True,0.409157,0.4092,none,,,False,,92,0,,,
92,44,True,0.798895,0.7989,none,,,False,,92,0,,,
92,93,True,1.013425,1.0134,none,,,False,,92,0,,,
92,6,True,0.235465,0.2355,none,,,False,,92,0,,,
92,32,True,0.256778,0.2568,none,,,False,,92,0,,,
92,91,True,0.525841,0.5258,none,,,False,,92,0,,,
93,23,True,0.515726,0.5157,none,,,False,,93,0,,,
93,44,True,0.502969,0.503,none,,,False,,93,0,,,
93,46,True,0.404587,0.4046,none,,,False,,93,0,,,
93,71,True,0.454394,0.4544,none,,,False,,93,0,,,
93,82,True,0.283784,0.2838,none,,,False,,93,0,,,
93,16,True,0.360495,0.3605,none,,,False,,93,0,,,
93,66,True,0.694685,0.6947,none,,,False,,93,0,,,
93,70,True,0.720211,0.7202,none,,,False,,93,0,,,
93,72,True,0.583908,0.5839,none,,,False,,93,0,,,
93,21,True,0.663343,0.6633,none,,,False,,93,0,,,
93,94,True,1.037653,1.0377,none,,,False,,93,0,,,
93,40,True,0.760289,0.7603,none,,,False,,93,0,,,
93,57,True,0.670169,0.6702,none,,,False,,93,0,,,
93,30,True,0.234201,0.2342,none,,,False,,93,0,,,
93,3,True,0.308891,0.3089,none,,,False,,93,0,,,
93,74,True,0.191574,0.1916,none,,,False,,93,0,,,
93,99,True,0.049989,0.05,none,,,False,,93,0,,,
93,7,True,0.340794,0.3408,none,,,False,,93,0,,,
93,85,True,0.276589,0.2766,none,,,False,,93,0,,,
93,87,True,0.250295,0.2503,none,,,False,,93,0,,,
93,89,True,0.463696,0.4637,none,,,False,,93,0,,,
93,61,True,0.418471,0.4185,none,,,False,,93,0,,,
93,38,True,0.357062,0.3571,none,,,False,,93,0,,,
93,6,True,0.53774,0.5377,none,,,False,,93,0,,,
93,53,True,0.236691,0.2367,none,,,False,,93,0,,,
93,34,True,0.365743,0.3657,none,,,False,,93,0,,,
93,13,True,0.45749,0.4575,none,,,False,,93,0,,,
93,36,True,0.745797,0.7458,none,,,False,,93,0,,,
93,56,True,0.1264,0.1264,none,,,False,,93,0,,,
93,49,True,0.439406,0.4394,none,,,False,,93,0,,,
93,54,True,0.504889,0.5049,none,,,False,,93,0,,,
93,69,True,0.320677,0.3207,none,,,False,,93,0,,,
93,81,True,0.513884,0.5139,none,,,False,,93,0,,,
93,90,True,0.615816,0.6158,none,,,False,,93,0,,,
93,60,True,0.962129,0.9621,none,,,False,,93,0,,,
93,48,True,0.636764,0.6368,none,,,False,,93,0,,,
93,17,True,0.672614,0.6726,none,,,False,,93,0,,,
93,11,True,0.443229,0.4432,none,,,False,,93,0,,,
93,43,True,0.723577,0.7236,none,,,False,,93,0,,,
93,5,True,0.627899,0.6279,none,,,False,,93,0,,,
93,24,True,0.395155,0.3952,none,,,False,,93,0,,,
93,86,True,0.563979,0.564,none,,,False,,93,0,,,
93,98,True,0.881076,0.8811,none,,,False,,93,0,,,
93,10,True,0.759908,0.7599,none,,,False,,93,0,,,
93,32,True,0.55672,0.5567,none,,,False,,93,0,,,
93,28,True,0.404459,0.4045,none,,,False,,93,0,,,
93,14,True,0.290008,0.29,none,,,False,,93,0,,,
93,25,True,1.350166,1.3502,none,,,False,,93,0,,,
93,65,True,0.616472,0.6165,none,,,False,,93,0,,,
93,73,True,0.83409,0.8341,none,,,False,,93,0,,,
94,90,True,0.646077,0.6461,none,,,False,,94,0,,,
94,71,True,0.391629,0.3916,none,,,False,,94,0,,,
94,77,True,0.277235,0.2772,none,,,False,,94,0,,,
94,57,True,0.545329,0.5453,none,,,False,,94,0,,,
94,69,True,0.647901,0.6479,none,,,False,,94,0,,,
94,98,True,0.730678,0.7307,none,,,False,,94,0,,,
94,0,True,0.751307,0.7513,none,,,False,,94,0,,,
94,81,True,0.409001,0.409,none,,,False,,94,0,,,
94,25,True,1.576725,1.5767,none,,,False,,94,0,,,
94,43,True,0.322642,0.3226,none,,,False,,94,0,,,
94,48,True,0.599687,0.5997,none,,,False,,94,0,,,
94,51,True,0.521756,0.5218,none,,,False,,94,0,,,
94,33,True,0.349407,0.3494,none,,,False,,94,0,,,
94,46,True,0.630118,0.6301,none,,,False,,94,0,,,
94,56,True,0.286137,0.2861,none,,,False,,94,0,,,
94,31,True,0.733461,0.7335,none,,,False,,94,0,,,
94,47,True,0.453221,0.4532,none,,,False,,94,0,,,
94,96,True,0.588529,0.5885,none,,,False,,94,0,,,
94,5,True,0.544495,0.5445,none,,,False,,94,0,,,
94,6,True,0.277433,0.2774,none,,,False,,94,0,,,
94,15,True,0.430261,0.4303,none,,,False,,94,0,,,
94,82,True,0.231126,0.2311,none,,,False,,94,0,,,
94,88,True,0.229653,0.2297,none,,,False,,94,0,,,
94,60,True,0.434916,0.4349,none,,,False,,94,0,,,
94,78,True,0.723708,0.7237,none,,,False,,94,0,,,
94,66,True,0.384885,0.3849,none,,,False,,94,0,,,
94,91,True,0.536899,0.5369,none,,,False,,94,0,,,
94,50,True,0.407437,0.4074,none,,,False,,94,0,,,
94,37,True,0.45376,0.4538,none,,,False,,94,0,,,
94,75,True,0.61577,0.6158,none,,,False,,94,0,,,
94,99,True,0.00842,0.0084,none,,,False,,94,0,,,
94,97,True,0.293662,0.2937,none,,,False,,94,0,,,
94,36,True,0.619112,0.6191,none,,,False,,94,0,,,
94,62,True,0.819913,0.8199,none,,,False,,94,0,,,
94,79,True,0.172317,0.1723,none,,,False,,94,0,,,
94,42,True,0.084684,0.0847,none,,,False,,94,0,,,
94,93,True,1.050174,1.0502,none,,,False,,94,0,,,
94,4,True,0.606446,0.6064,none,,,False,,94,0,,,
94,44,True,0.660661,0.6607,none,,,False,,94,0,,,
94,22,True,0.489294,0.4893,none,,,False,,94,0,,,
94,24,True,0.369921,0.3699,none,,,False,,94,0,,,
94,12,True,0.575556,0.5756,none,,,False,,94,0,,,
94,16,True,0.590886,0.5909,none,,,False,,94,0,,,
94,18,True,0.408225,0.4082,none,,,False,,94,0,,,
94,67,True,0.500064,0.5001,none,,,False,,94,0,,,
94,64,True,0.669813,0.6698,none,,,False,,94,0,,,
94,59,True,0.45718,0.4572,none,,,False,,94,0,,,
94,86,True,0.232518,0.2325,none,,,False,,94,0,,,
94,17,True,0.469459,0.4695,none,,,False,,94,0,,,
94,58,True,0.302963,0.303,none,,,False,,94,0,,,
95,71,True,0.464732,0.4647,none,,,False,,95,0,,,
95,16,True,0.420816,0.4208,none,,,False,,95,0,,,
95,7,True,0.384216,0.3842,none,,,False,,95,0,,,
95,50,True,0.440239,0.4402,none,,,False,,95,0,,,
95,76,True,0.479676,0.4797,none,,,False,,95,0,,,
95,58,True,0.458838,0.4588,none,,,False,,95,0,,,
95,40,True,0.809744,0.8097,none,,,False,,95,0,,,
95,70,True,0.841331,0.8413,none,,,False,,95,0,,,
95,10,True,0.586989,0.587,none,,,False,,95,0,,,
95,52,True,0.360251,0.3603,none,,,False,,95,0,,,
95,24,True,0.24894,0.2489,none,,,False,,95,0,,,
95,64,True,0.3967,0.3967,none,,,False,,95,0,,,
95,99,True,0.072513,0.0725,none,,,False,,95,0,,,
95,69,True,0.414059,0.4141,none,,,False,,95,0,,,
95,43,True,0.533974,0.534,none,,,False,,95,0,,,
95,68,True,0.257117,0.2571,none,,,False,,95,0,,,
95,29,True,0.31013,0.3101,none,,,False,,95,0,,,
95,94,True,1.15644,1.1564,none,,,False,,95,0,,,
95,87,True,0.218537,0.2185,none,,,False,,95,0,,,
95,17,True,0.497936,0.4979,none,,,False,,95,0,,,
95,57,True,0.407983,0.408,none,,,False,,95,0,,,
95,80,True,0.581634,0.5816,none,,,False,,95,0,,,
95,19,True,0.317727,0.3177,none,,,False,,95,0,,,
95,8,True,0.245085,0.2451,none,,,False,,95,0,,,
95,36,True,0.69949,0.6995,none,,,False,,95,0,,,
95,39,True,1.889437,1.8894,none,,,False,,95,0,,,
95,27,True,0.327599,0.3276,none,,,False,,95,0,,,
95,41,True,0.477343,0.4773,none,,,False,,95,0,,,
95,45,True,0.347967,0.348,none,,,False,,95,0,,,
95,18,True,0.283507,0.2835,none,,,False,,95,0,,,
95,63,True,0.157956,0.158,none,,,False,,95,0,,,
95,13,True,0.299238,0.2992,none,,,False,,95,0,,,
95,9,True,0.552236,0.5522,none,,,False,,95,0,,,
95,92,True,0.034125,0.0341,none,,,False,,95,0,,,
95,14,True,0.332347,0.3323,none,,,False,,95,0,,,
95,11,True,0.407762,0.4078,none,,,False,,95,0,,,
95,51,True,0.469809,0.4698,none,,,False,,95,0,,,
95,98,True,1.005857,1.0059,none,,,False,,95,0,,,
95,20,True,0.429168,0.4292,none,,,False,,95,0,,,
95,38,True,0.414028,0.414,none,,,False,,95,0,,,
95,23,True,0.602431,0.6024,none,,,False,,95,0,,,
95,83,True,0.321138,0.3211,none,,,False,,95,0,,,
95,30,True,0.481707,0.4817,none,,,False,,95,0,,,
95,61,True,0.318802,0.3188,none,,,False,,95,0,,,
95,72,True,0.669365,0.6694,none,,,False,,95,0,,,
95,21,True,0.514912,0.5149,none,,,False,,95,0,,,
95,59,True,0.379431,0.3794,none,,,False,,95,0,,,
95,97,True,0.192442,0.1924,none,,,False,,95,0,,,
95,54,True,0.41907,0.4191,none,,,False,,95,0,,,
95,66,True,0.604663,0.6047,none,,,False,,95,0,,,
96,27,True,0.197465,0.1975,none,,,False,,96,0,,,
96,63,True,0.066323,0.0663,none,,,False,,96,0,,,
96,3,True,0.319105,0.3191,none,,,False,,96,0,,,
96,64,True,0.642566,0.6426,none,,,False,,96,0,,,
96,60,True,0.728883,0.7289,none,,,False,,96,0,,,
96,58,True,0.429303,0.4293,none,,,False,,96,0,,,
96,18,True,0.359427,0.3594,none,,,False,,96,0,,,
96,95,True,0.932234,0.9322,none,,,False,,96,0,,,
96,37,True,0.491905,0.4919,none,,,False,,96,0,,,
96,53,True,0.30313,0.3031,none,,,False,,96,0,,,
96,75,True,0.712974,0.713,none,,,False,,96,0,,,
96,76,True,0.465232,0.4652,none,,,False,,96,0,,,
96,85,True,0.380523,0.3805,none,,,False,,96,0,,,
96,35,True,1.185072,1.1851,none,,,False,,96,0,,,
96,32,True,0.453965,0.454,none,,,False,,96,0,,,
96,19,True,0.34054,0.3405,none,,,False,,96,0,,,
96,78,True,0.602651,0.6027,none,,,False,,96,0,,,
96,65,True,0.5773,0.5773,none,,,False,,96,0,,,
96,50,True,0.441006,0.441,none,,,False,,96,0,,,
96,59,True,0.620887,0.6209,none,,,False,,96,0,,,
96,6,True,0.41075,0.4108,none,,,False,,96,0,,,
96,73,True,0.789164,0.7892,none,,,False,,96,0,,,
96,82,True,0.188326,0.1883,none,,,False,,96,0,,,
96,45,True,0.29377,0.2938,none,,,False,,96,0,,,
96,29,True,0.273193,0.2732,none,,,False,,96,0,,,
96,49,True,0.387199,0.3872,none,,,False,,96,0,,,
96,34,True,0.331311,0.3313,none,,,False,,96,0,,,
96,90,True,0.63419,0.6342,none,,,False,,96,0,,,
96,16,True,0.562548,0.5625,none,,,False,,96,0,,,
96,79,True,0.302883,0.3029,none,,,False,,96,0,,,
96,71,True,0.415264,0.4153,none,,,False,,96,0,,,
96,96,True,0.627006,0.627,none,,,False,,96,0,,,
96,14,True,0.331324,0.3313,none,,,False,,96,0,,,
96,33,True,0.381374,0.3814,none,,,False,,96,0,,,
96,42,True,0.465744,0.4657,none,,,False,,96,0,,,
96,87,True,0.263893,0.2639,none,,,False,,96,0,,,
96,17,True,0.518493,0.5185,none,,,False,,96,0,,,
96,46,True,0.697418,0.6974,none,,,False,,96,0,,,
96,66,True,0.407315,0.4073,none,,,False,,96,0,,,
96,9,True,0.742355,0.7424,none,,,False,,96,0,,,
96,62,True,0.830054,0.8301,none,,,False,,96,0,,,
96,68,True,0.12845,0.1285,none,,,False,,96,0,,,
96,48,True,0.483034,0.483,none,,,False,,96,0,,,
96,97,True,0.369442,0.3694,none,,,False,,96,0,,,
96,15,True,0.296115,0.2961,none,,,False,,96,0,,,
96,88,True,0.393349,0.3933,none,,,False,,96,0,,,
96,98,True,0.618239,0.6182,none,,,False,,96,0,,,
96,31,True,0.679217,0.6792,none,,,False,,96,0,,,
96,52,True,0.362045,0.362,none,,,False,,96,0,,,
96,11,True,0.34717,0.3472,none,,,False,,96,0,,,
97,0,True,0.624656,0.6247,none,,,False,,97,0,,,
97,92,True,0.134216,0.1342,none,,,False,,97,0,,,
97,52,True,0.350286,0.3503,none,,,False,,97,0,,,
97,18,True,0.308558,0.3086,none,,,False,,97,0,,,
97,67,True,0.658077,0.6581,none,,,False,,97,0,,,
97,19,True,0.36146,0.3615,none,,,False,,97,0,,,
97,75,True,0.418176,0.4182,none,,,False,,97,0,,,
97,78,True,0.278123,0.2781,none,,,False,,97,0,,,
97,56,True,0.090454,0.0905,none,,,False,,97,0,,,
97,95,True,0.739442,0.7394,none,,,False,,97,0,,,
97,7,True,0.379461,0.3795,none,,,False,,97,0,,,
97,51,True,0.414476,0.4145,none,,,False,,97,0,,,
97,45,True,0.222378,0.2224,none,,,False,,97,0,,,
97,3,True,0.105255,0.1053,none,,,False,,97,0,,,
97,46,True,0.661994,0.662,none,,,False,,97,0,,,
97,26,True,1.886136,1.8861,none,,,False,,97,0,,,
97,90,True,0.465988,0.466,none,,,False,,97,0,,,
97,86,True,0.332565,0.3326,none,,,False,,97,0,,,
97,58,True,0.502115,0.5021,none,,,False,,97,0,,,
97,31,True,0.369112,0.3691,none,,,False,,97,0,,,
97,55,True,0.631831,0.6318,none,,,False,,97,0,,,
97,61,True,0.420006,0.42,none,,,False,,97,0,,,
97,62,True,0.530368,0.5304,none,,,False,,97,0,,,
97,12,True,0.470441,0.4704,none,,,False,,97,0,,,
97,69,True,0.558799,0.5588,none,,,False,,97,0,,,
97,29,True,0.342541,0.3425,none,,,False,,97,0,,,
97,13,True,0.218988,0.219,none,,,False,,97,0,,,
97,66,True,0.699446,0.6994,none,,,False,,97,0,,,
97,57,True,0.581276,0.5813,none,,,False,,97,0,,,
97,76,True,0.488356,0.4884,none,,,False,,97,0,,,
97,16,True,0.527652,0.5277,none,,,False,,97,0,,,
97,23,True,0.612262,0.6123,none,,,False,,97,0,,,
97,40,True,0.885384,0.8854,none,,,False,,97,0,,,
97,6,True,0.311923,0.3119,none,,,False,,97,0,,,
97,82,True,0.389027,0.389,none,,,False,,97,0,,,
97,15,True,0.550406,0.5504,none,,,False,,97,0,,,
97,97,True,0.215226,0.2152,none,,,False,,97,0,,,
97,42,True,0.211251,0.2113,none,,,False,,97,0,,,
97,89,True,0.410002,0.41,none,,,False,,97,0,,,
97,88,True,0.253054,0.2531,none,,,False,,97,0,,,
97,14,True,0.290901,0.2909,none,,,False,,97,0,,,
97,53,True,0.280048,0.28,none,,,False,,97,0,,,
97,93,True,1.076764,1.0768,none,,,False,,97,0,,,
97,49,True,0.270927,0.2709,none,,,False,,97,0,,,
97,20,True,0.521417,0.5214,none,,,False,,97,0,,,
97,63,True,0.257555,0.2576,none,,,False,,97,0,,,
97,10,True,0.680293,0.6803,none,,,False,,97,0,,,
97,25,True,1.527926,1.5279,none,,,False,,97,0,,,
97,41,True,0.52733,0.5273,none,,,False,,97,0,,,
97,50,True,0.560292,0.5603,none,,,False,,97,0,,,
98,69,True,0.542796,0.5428,none,,,False,,98,0,,,
98,81,True,0.491281,0.4913,none,,,False,,98,0,,,
98,7,True,0.395701,0.3957,none,,,False,,98,0,,,
98,93,True,0.952258,0.9523,none,,,False,,98,0,,,
98,10,True,0.617209,0.6172,none,,,False,,98,0,,,
98,46,True,0.556772,0.5568,none,,,False,,98,0,,,
98,27,True,0.281349,0.2813,none,,,False,,98,0,,,
98,97,True,0.246615,0.2466,none,,,False,,98,0,,,
98,58,True,0.361369,0.3614,none,,,False,,98,0,,,
98,40,True,0.918729,0.9187,none,,,False,,98,0,,,
98,18,True,0.302422,0.3024,none,,,False,,98,0,,,
98,55,True,0.677481,0.6775,none,,,False,,98,0,,,
98,1,True,0.480387,0.4804,none,,,False,,98,0,,,
98,32,True,0.408097,0.4081,none,,,False,,98,0,,,
98,85,True,0.365715,0.3657,none,,,False,,98,0,,,
98,20,True,0.393466,0.3935,none,,,False,,98,0,,,
98,13,True,0.221838,0.2218,none,,,False,,98,0,,,
98,87,True,0.186012,0.186,none,,,False,,98,0,,,
98,56,True,0.169494,0.1695,none,,,False,,98,0,,,
98,94,True,1.055431,1.0554,none,,,False,,98,0,,,
98,8,True,0.220058,0.2201,none,,,False,,98,0,,,
98,91,True,0.437833,0.4378,none,,,False,,98,0,,,
98,14,True,0.294892,0.2949,none,,,False,,98,0,,,
98,24,True,0.362848,0.3628,none,,,False,,98,0,,,
98,63,True,0.214404,0.2144,none,,,False,,98,0,,,
98,84,True,0.58583,0.5858,none,,,False,,98,0,,,
98,79,True,0.221447,0.2214,none,,,False,,98,0,,,
98,16,True,0.47558,0.4756,none,,,False,,98,0,,,
98,96,True,0.571995,0.572,none,,,False,,98,0,,,
98,6,True,0.291176,0.2912,none,,,False,,98,0,,,
98,83,True,0.355407,0.3554,none,,,False,,98,0,,,
98,76,True,0.394592,0.3946,none,,,False,,98,0,,,
98,90,True,0.546405,0.5464,none,,,False,,98,0,,,
98,30,True,0.400165,0.4002,none,,,False,,98,0,,,
98,60,True,0.681521,0.6815,none,,,False,,98,0,,,
98,31,True,0.595368,0.5954,none,,,False,,98,0,,,
98,17,True,0.485789,0.4858,none,,,False,,98,0,,,
98,9,True,0.578648,0.5786,none,,,False,,98,0,,,
98,52,True,0.360268,0.3603,none,,,False,,98,0,,,
98,41,True,0.405459,0.4055,none,,,False,,98,0,,,
98,34,True,0.292828,0.2928,none,,,False,,98,0,,,
98,3,True,0.173764,0.1738,none,,,False,,98,0,,,
98,92,True,0.395802,0.3958,none,,,False,,98,0,,,
98,44,True,0.64826,0.6483,none,,,False,,98,0,,,
98,71,True,0.469371,0.4694,none,,,False,,98,0,,,
98,28,True,0.518014,0.518,none,,,False,,98,0,,,
98,12,True,0.392428,0.3924,none,,,False,,98,0,,,
98,37,True,0.416656,0.4167,none,,,False,,98,0,,,
98,0,True,0.625737,0.6257,none,,,False,,98,0,,,
98,11,True,0.319682,0.3197,none,,,False,,98,0,,,
99,20,True,0.343617,0.3436,none,,,False,,99,0,,,
99,61,True,0.396416,0.3964,none,,,False,,99,0,,,
99,19,True,0.29506,0.2951,none,,,False,,99,0,,,
99,0,True,0.557912,0.5579,none,,,False,,99,0,,,
99,1,True,0.393099,0.3931,none,,,False,,99,0,,,
99,13,True,0.355245,0.3552,none,,,False,,99,0,,,
99,38,True,0.350528,0.3505,none,,,False,,99,0,,,
99,51,True,0.557722,0.5577,none,,,False,,99,0,,,
99,26,True,2.019833,2.0198,none,,,False,,99,0,,,
99,40,True,0.746754,0.7468,none,,,False,,99,0,,,
99,78,True,0.597387,0.5974,none,,,False,,99,0,,,
99,14,True,0.328516,0.3285,none,,,False,,99,0,,,
99,76,True,0.404436,0.4044,none,,,False,,99,0,,,
99,15,True,0.365225,0.3652,none,,,False,,99,0,,,
99,88,True,0.325221,0.3252,none,,,False,,99,0,,,
99,67,True,0.495217,0.4952,none,,,False,,99,0,,,
99,74,True,0.281857,0.2819,none,,,False,,99,0,,,
99,36,True,0.705691,0.7057,none,,,False,,99,0,,,
99,64,True,0.698362,0.6984,none,,,False,,99,0,,,
99,55,True,0.548316,0.5483,none,,,False,,99,0,,,
99,30,True,0.408066,0.4081,none,,,False,,99,0,,,
99,85,True,0.269993,0.27,none,,,False,,99,0,,,
99,42,True,0.542383,0.5424,none,,,False,,99,0,,,
99,92,True,0.290921,0.2909,none,,,False,,99,0,,,
99,77,True,0.247899,0.2479,none,,,False,,99,0,,,
99,82,True,0.245278,0.2453,none,,,False,,99,0,,,
99,11,True,0.363633,0.3636,none,,,False,,99,0,,,
99,72,True,0.609417,0.6094,none,,,False,,99,0,,,
99,6,True,0.362631,0.3626,none,,,False,,99,0,,,
99,62,True,0.671893,0.6719,none,,,False,,99,0,,,
99,59,True,0.334641,0.3346,none,,,False,,99,0,,,
99,39,True,1.940286,1.9403,none,,,False,,99,0,,,
99,46,True,0.470642,0.4706,none,,,False,,99,0,,,
99,10,True,0.705598,0.7056,none,,,False,,99,0,,,
99,23,True,0.613453,0.6135,none,,,False,,99,0,,,
99,53,True,0.174405,0.1744,none,,,False,,99,0,,,
99,18,True,0.424759,0.4248,none,,,False,,99,0,,,
99,34,True,0.343288,0.3433,none,,,False,,99,0,,,
99,79,True,0.284484,0.2845,none,,,False,,99,0,,,
99,60,True,0.96598,0.966,none,,,False,,99,0,,,
99,45,True,0.521083,0.5211,none,,,False,,99,0,,,
99,84,True,0.631631,0.6316,none,,,False,,99,0,,,
99,71,True,0.410442,0.4104,none,,,False,,99,0,,,
99,68,True,0.211563,0.2116,none,,,False,,99,0,,,
99,54,True,0.4075,0.4075,none,,,False,,99,0,,,
99,28,True,0.715409,0.7154,none,,,False,,99,0,,,
99,21,True,0.394977,0.395,none,,,False,,99,0,,,
99,41,True,0.467076,0.4671,none,,,False,,99,0,,,
99,9,True,0.528425,0.5284,none,,,False,,99,0,,,
99,70,True,0.775527,0.7755,none,,,False,,99,0,,,
100,7,True,0.397039,0.397,none,,,False,,100,0,,,
100,80,True,0.455616,0.4556,none,,,False,,100,0,,,
100,10,True,0.645925,0.6459,none,,,False,,100,0,,,
100,78,True,0.495818,0.4958,none,,,False,,100,0,,,
100,27,True,0.20588,0.2059,none,,,False,,100,0,,,
100,50,True,0.488523,0.4885,none,,,False,,100,0,,,
100,47,True,0.448987,0.449,none,,,False,,100,0,,,
100,81,True,0.475153,0.4752,none,,,False,,100,0,,,
100,66,True,0.457412,0.4574,none,,,False,,100,0,,,
100,56,True,0.257109,0.2571,none,,,False,,100,0,,,
100,40,True,0.85566,0.8557,none,,,False,,100,0,,,
100,85,True,0.351992,0.352,none,,,False,,100,0,,,
100,99,True,-0.137944,-0.1379,none,,,False,,100,0,,,
100,98,True,0.497866,0.4979,none,,,False,,100,0,,,
100,77,True,0.2488,0.2488,none,,,False,,100,0,,,
100,95,True,1.150967,1.151,none,,,False,,100,0,,,
100,62,True,0.823919,0.8239,none,,,False,,100,0,,,
100,79,True,0.32292,0.3229,none,,,False,,100,0,,,
100,96,True,0.706145,0.7061,none,,,False,,100,0,,,
100,30,True,0.508293,0.5083,none,,,False,,100,0,,,
100,31,True,0.611423,0.6114,none,,,False,,100,0,,,
100,87,True,0.286208,0.2862,none,,,False,,100,0,,,
100,23,True,0.386887,0.3869,none,,,False,,100,0,,,
100,61,True,0.278152,0.2782,none,,,False,,100,0,,,
100,63,True,0.213656,0.2137,none,,,False,,100,0,,,
100,71,True,0.506948,0.5069,none,,,False,,100,0,,,
100,75,True,0.591186,0.5912,none,,,False,,100,0,,,
100,73,True,0.67818,0.6782,none,,,False,,100,0,,,
100,29,True,0.193808,0.1938,none,,,False,,100,0,,,
100,76,True,0.51709,0.5171,none,,,False,,100,0,,,
100,26,True,1.810761,1.8108,none,,,False,,100,0,,,
100,37,True,0.589269,0.5893,none,,,False,,100,0,,,
100,94,True,0.988882,0.9889,none,,,False,,100,0,,,
100,0,True,0.578994,0.579,none,,,False,,100,0,,,
100,48,True,0.621932,0.6219,none,,,False,,100,0,,,
100,15,True,0.385217,0.3852,none,,,False,,100,0,,,
100,53,True,0.285445,0.2854,none,,,False,,100,0,,,
100,4,True,0.61029,0.6103,none,,,False,,100,0,,,
100,13,True,0.385558,0.3856,none,,,False,,100,0,,,
100,8,True,0.27405,0.2741,none,,,False,,100,0,,,
100,25,True,1.71146,1.7115,none,,,False,,100,0,,,
100,59,True,0.525313,0.5253,none,,,False,,100,0,,,
100,57,True,0.76722,0.7672,none,,,False,,100,0,,,
100,17,True,0.367519,0.3675,none,,,False,,100,0,,,
100,92,True,0.305454,0.3055,none,,,False,,100,0,,,
100,32,True,0.460778,0.4608,none,,,False,,100,0,,,
100,22,True,0.575652,0.5757,none,,,False,,100,0,,,
100,97,True,0.407553,0.4076,none,,,False,,100,0,,,
100,44,True,0.698257,0.6983,none,,,False,,100,0,,,
100,20,True,0.504547,0.5045,none,,,False,,100,0,,,
