round,client_id,selected,utility,normalized_utility,detector,cusum_pos,cusum_neg,change_detected,change_direction,last_seen,age,explore_score,exploit_score,final_score
1,37,True,0.277151,0.8137,none,,,False,,1,0,,,
1,1,True,0.676358,3.0,none,,,False,,1,0,,,
1,97,True,0.069933,-0.6052,none,,,False,,1,0,,,
1,19,True,0.152367,-0.0408,none,,,False,,1,0,,,
1,40,True,0.023771,-0.9213,none,,,False,,1,0,,,
1,73,True,0.092985,-0.4474,none,,,False,,1,0,,,
1,12,True,0.339153,1.2382,none,,,False,,1,0,,,
1,33,True,0.071397,-0.5952,none,,,False,,1,0,,,
1,70,True,0.435501,1.898,none,,,False,,1,0,,,
1,60,True,0.346052,1.2855,none,,,False,,1,0,,,
1,2,True,0.17717,0.1291,none,,,False,,1,0,,,
1,72,True,0.025247,-0.9112,none,,,False,,1,0,,,
1,39,True,0.286678,0.8789,none,,,False,,1,0,,,
1,30,True,0.255436,0.665,none,,,False,,1,0,,,
1,82,True,0.048532,-0.7518,none,,,False,,1,0,,,
1,25,True,0.396706,1.6323,none,,,False,,1,0,,,
1,65,True,0.219152,0.4165,none,,,False,,1,0,,,
1,94,True,0.058431,-0.684,none,,,False,,1,0,,,
1,26,True,0.056741,-0.6956,none,,,False,,1,0,,,
1,17,True,0.046187,-0.7678,none,,,False,,1,0,,,
1,95,True,0.164278,0.0408,none,,,False,,1,0,,,
1,43,True,0.11339,-0.3077,none,,,False,,1,0,,,
1,54,True,0.083057,-0.5154,none,,,False,,1,0,,,
1,86,True,0.463386,2.0889,none,,,False,,1,0,,,
1,78,True,0.072465,-0.5879,none,,,False,,1,0,,,
1,53,True,0.119611,-0.2651,none,,,False,,1,0,,,
1,22,True,0.11469,-0.2988,none,,,False,,1,0,,,
1,83,True,0.075647,-0.5661,none,,,False,,1,0,,,
1,91,True,0.184741,0.1809,none,,,False,,1,0,,,
1,16,True,0.200323,0.2876,none,,,False,,1,0,,,
1,0,True,0.616098,3.0,none,,,False,,1,0,,,
1,21,True,0.312271,1.0542,none,,,False,,1,0,,,
1,34,True,0.356248,1.3553,none,,,False,,1,0,,,
1,58,True,0.075438,-0.5675,none,,,False,,1,0,,,
1,93,True,0.238697,0.5504,none,,,False,,1,0,,,
1,32,True,0.046206,-0.7677,none,,,False,,1,0,,,
2,19,True,0.394009,-0.0892,none,,,False,,2,0,,,
2,75,True,0.339638,-0.3152,none,,,False,,2,0,,,
2,42,True,0.136196,-1.1609,none,,,False,,2,0,,,
2,33,True,0.174159,-1.0031,none,,,False,,2,0,,,
2,81,True,0.254094,-0.6708,none,,,False,,2,0,,,
2,46,True,0.54608,0.543,none,,,False,,2,0,,,
2,67,True,0.60402,0.7838,none,,,False,,2,0,,,
2,31,True,1.004939,2.4505,none,,,False,,2,0,,,
2,94,True,0.138156,-1.1528,none,,,False,,2,0,,,
2,16,True,0.655094,0.9962,none,,,False,,2,0,,,
2,92,True,0.414497,-0.004,none,,,False,,2,0,,,
2,40,True,0.056539,-1.4921,none,,,False,,2,0,,,
2,76,True,0.171695,-1.0134,none,,,False,,2,0,,,
2,99,True,0.347304,-0.2833,none,,,False,,2,0,,,
2,34,True,0.832903,1.7353,none,,,False,,2,0,,,
2,41,True,0.204004,-0.879,none,,,False,,2,0,,,
2,60,True,0.631516,0.8981,none,,,False,,2,0,,,
2,27,True,0.629837,0.8912,none,,,False,,2,0,,,
2,51,True,0.435855,0.0848,none,,,False,,2,0,,,
2,21,True,0.334788,-0.3354,none,,,False,,2,0,,,
2,30,True,0.491645,0.3167,none,,,False,,2,0,,,
2,11,True,0.561928,0.6089,none,,,False,,2,0,,,
2,22,True,0.288243,-0.5289,none,,,False,,2,0,,,
2,95,True,0.552878,0.5712,none,,,False,,2,0,,,
2,35,True,0.479536,0.2664,none,,,False,,2,0,,,
2,84,True,0.38613,-0.1219,none,,,False,,2,0,,,
2,48,True,0.263456,-0.6319,none,,,False,,2,0,,,
2,5,True,0.896305,1.9989,none,,,False,,2,0,,,
2,89,True,0.138488,-1.1514,none,,,False,,2,0,,,
2,54,True,0.23312,-0.758,none,,,False,,2,0,,,
2,24,True,0.701334,1.1884,none,,,False,,2,0,,,
2,26,True,0.161286,-1.0566,none,,,False,,2,0,,,
2,62,True,0.423392,0.033,none,,,False,,2,0,,,
2,7,True,0.416431,0.004,none,,,False,,2,0,,,
2,86,True,0.5786,0.6782,none,,,False,,2,0,,,
2,2,True,0.489531,0.3079,none,,,False,,2,0,,,
3,54,True,0.261838,-1.6184,none,,,False,,3,0,,,
3,84,True,0.320372,-1.0436,none,,,False,,3,0,,,
3,61,True,0.600999,1.7119,none,,,False,,3,0,,,
3,51,True,0.40839,-0.1794,none,,,False,,3,0,,,
3,57,True,0.451209,0.2411,none,,,False,,3,0,,,
3,62,True,0.380293,-0.4553,none,,,False,,3,0,,,
3,33,True,0.466171,0.388,none,,,False,,3,0,,,
3,52,True,0.489835,0.6203,none,,,False,,3,0,,,
3,49,True,0.764081,3.0,none,,,False,,3,0,,,
3,88,True,0.443013,0.1606,none,,,False,,3,0,,,
3,47,True,0.291611,-1.326,none,,,False,,3,0,,,
3,13,True,0.697005,2.6546,none,,,False,,3,0,,,
3,5,True,0.979767,3.0,none,,,False,,3,0,,,
3,53,True,0.970613,3.0,none,,,False,,3,0,,,
3,75,True,0.493589,0.6572,none,,,False,,3,0,,,
3,72,True,0.258424,-1.6519,none,,,False,,3,0,,,
3,76,True,0.33112,-0.9381,none,,,False,,3,0,,,
3,45,True,0.353934,-0.7141,none,,,False,,3,0,,,
3,77,True,0.432239,0.0548,none,,,False,,3,0,,,
3,63,True,1.018913,3.0,none,,,False,,3,0,,,
3,32,True,0.421076,-0.0548,none,,,False,,3,0,,,
3,69,True,0.356205,-0.6918,none,,,False,,3,0,,,
3,86,True,0.458456,0.3122,none,,,False,,3,0,,,
3,41,True,0.415408,-0.1105,none,,,False,,3,0,,,
3,97,True,0.377809,-0.4796,none,,,False,,3,0,,,
3,99,True,0.994574,3.0,none,,,False,,3,0,,,
3,68,True,0.412939,-0.1347,none,,,False,,3,0,,,
3,81,True,0.407415,-0.1889,none,,,False,,3,0,,,
3,83,True,0.41328,-0.1313,none,,,False,,3,0,,,
3,36,True,0.433697,0.0691,none,,,False,,3,0,,,
3,20,True,0.131887,-2.8944,none,,,False,,3,0,,,
3,90,True,0.438051,0.1119,none,,,False,,3,0,,,
3,94,True,0.611861,1.8185,none,,,False,,3,0,,,
3,73,True,0.615057,1.8499,none,,,False,,3,0,,,
3,48,True,0.342191,-0.8294,none,,,False,,3,0,,,
3,82,True,0.388517,-0.3745,none,,,False,,3,0,,,
4,23,True,0.242677,-0.8816,none,,,False,,4,0,,,
4,62,True,0.336551,-0.4659,none,,,False,,4,0,,,
4,17,True,0.446245,0.0198,none,,,False,,4,0,,,
4,26,True,0.161841,-1.2395,none,,,False,,4,0,,,
4,64,True,0.486342,0.1973,none,,,False,,4,0,,,
4,21,True,0.43732,-0.0198,none,,,False,,4,0,,,
4,96,True,0.555905,0.5053,none,,,False,,4,0,,,
4,91,True,0.482061,0.1783,none,,,False,,4,0,,,
4,85,True,0.288091,-0.6805,none,,,False,,4,0,,,
4,67,True,0.64737,0.9103,none,,,False,,4,0,,,
4,75,True,0.501032,0.2623,none,,,False,,4,0,,,
4,14,True,0.183472,-1.1437,none,,,False,,4,0,,,
4,54,True,0.229286,-0.9409,none,,,False,,4,0,,,
4,65,True,0.788508,1.5352,none,,,False,,4,0,,,
4,34,True,0.595464,0.6804,none,,,False,,4,0,,,
4,66,True,0.671251,1.016,none,,,False,,4,0,,,
4,47,True,0.317161,-0.5518,none,,,False,,4,0,,,
4,56,True,0.35587,-0.3804,none,,,False,,4,0,,,
4,53,True,0.309957,-0.5837,none,,,False,,4,0,,,
4,43,True,0.794626,1.5623,none,,,False,,4,0,,,
4,16,True,0.902738,2.0409,none,,,False,,4,0,,,
4,8,True,0.680286,1.056,none,,,False,,4,0,,,
4,63,True,0.976923,2.3694,none,,,False,,4,0,,,
4,87,True,0.29079,-0.6685,none,,,False,,4,0,,,
4,98,True,0.383549,-0.2578,none,,,False,,4,0,,,
4,86,True,0.424565,-0.0762,none,,,False,,4,0,,,
4,38,True,0.942264,2.2159,none,,,False,,4,0,,,
4,4,True,0.346535,-0.4217,none,,,False,,4,0,,,
4,51,True,0.430753,-0.0488,none,,,False,,4,0,,,
4,12,True,0.762513,1.4201,none,,,False,,4,0,,,
4,22,True,0.515315,0.3256,none,,,False,,4,0,,,
4,93,True,0.732825,1.2886,none,,,False,,4,0,,,
4,35,True,0.423399,-0.0814,none,,,False,,4,0,,,
4,74,True,0.69006,1.0993,none,,,False,,4,0,,,
4,50,True,0.297611,-0.6383,none,,,False,,4,0,,,
4,84,True,0.284136,-0.698,none,,,False,,4,0,,,
5,77,True,0.441554,-0.3236,none,,,False,,5,0,,,
5,83,True,0.338518,-0.958,none,,,False,,5,0,,,
5,81,True,0.507802,0.0843,none,,,False,,5,0,,,
5,33,True,0.403326,-0.5589,none,,,False,,5,0,,,
5,50,True,0.494207,0.0006,none,,,False,,5,0,,,
5,69,True,0.313942,-1.1093,none,,,False,,5,0,,,
5,92,True,0.462453,-0.1949,none,,,False,,5,0,,,
5,11,True,0.365333,-0.7929,none,,,False,,5,0,,,
5,62,True,0.385183,-0.6706,none,,,False,,5,0,,,
5,61,True,0.604286,0.6783,none,,,False,,5,0,,,
5,78,True,0.272079,-1.367,none,,,False,,5,0,,,
5,44,True,0.446658,-0.2921,none,,,False,,5,0,,,
5,58,True,0.522497,0.1748,none,,,False,,5,0,,,
5,23,True,0.34042,-0.9462,none,,,False,,5,0,,,
5,87,True,0.343719,-0.9259,none,,,False,,5,0,,,
5,2,True,0.402844,-0.5619,none,,,False,,5,0,,,
5,60,True,0.492187,-0.0118,none,,,False,,5,0,,,
5,82,True,0.396017,-0.6039,none,,,False,,5,0,,,
5,8,True,0.535472,0.2547,none,,,False,,5,0,,,
5,75,True,0.494012,-0.0006,none,,,False,,5,0,,,
5,70,True,0.771153,1.7057,none,,,False,,5,0,,,
5,54,True,0.251519,-1.4936,none,,,False,,5,0,,,
5,43,True,0.760877,1.6424,none,,,False,,5,0,,,
5,88,True,0.533855,0.2447,none,,,False,,5,0,,,
5,14,True,0.177319,-1.9504,none,,,False,,5,0,,,
5,63,True,0.91525,2.5929,none,,,False,,5,0,,,
5,68,True,0.673545,1.1048,none,,,False,,5,0,,,
5,4,True,0.497939,0.0236,none,,,False,,5,0,,,
5,97,True,0.474392,-0.1214,none,,,False,,5,0,,,
5,9,True,0.763598,1.6592,none,,,False,,5,0,,,
5,94,True,0.662914,1.0393,none,,,False,,5,0,,,
5,67,True,0.778365,1.7501,none,,,False,,5,0,,,
5,96,True,0.60014,0.6528,none,,,False,,5,0,,,
5,16,True,0.676516,1.123,none,,,False,,5,0,,,
5,93,True,0.947641,2.7923,none,,,False,,5,0,,,
5,66,True,0.569708,0.4654,none,,,False,,5,0,,,
6,73,True,0.364396,-0.5928,none,,,False,,6,0,,,
6,36,True,0.372435,-0.539,none,,,False,,6,0,,,
6,77,True,0.496472,0.2904,none,,,False,,6,0,,,
6,0,True,0.864227,2.7496,none,,,False,,6,0,,,
6,76,True,0.308256,-0.9682,none,,,False,,6,0,,,
6,84,True,0.390825,-0.4161,none,,,False,,6,0,,,
6,57,True,0.540832,0.5871,none,,,False,,6,0,,,
6,95,True,0.436009,-0.1139,none,,,False,,6,0,,,
6,58,True,0.468236,0.1016,none,,,False,,6,0,,,
6,32,True,0.486663,0.2248,none,,,False,,6,0,,,
6,9,True,0.909123,3.0,none,,,False,,6,0,,,
6,26,True,0.22221,-1.5436,none,,,False,,6,0,,,
6,83,True,0.290878,-1.0844,none,,,False,,6,0,,,
6,12,True,0.494135,0.2748,none,,,False,,6,0,,,
6,54,True,0.226891,-1.5123,none,,,False,,6,0,,,
6,85,True,0.352494,-0.6724,none,,,False,,6,0,,,
6,70,True,0.679056,1.5114,none,,,False,,6,0,,,
6,92,True,0.542879,0.6007,none,,,False,,6,0,,,
6,35,True,0.453579,0.0036,none,,,False,,6,0,,,
6,4,True,0.420716,-0.2162,none,,,False,,6,0,,,
6,37,True,0.432097,-0.1401,none,,,False,,6,0,,,
6,46,True,0.744783,1.9509,none,,,False,,6,0,,,
6,31,True,1.04342,3.0,none,,,False,,6,0,,,
6,75,True,0.452507,-0.0036,none,,,False,,6,0,,,
6,29,True,0.311926,-0.9437,none,,,False,,6,0,,,
6,33,True,0.341203,-0.7479,none,,,False,,6,0,,,
6,17,True,0.444327,-0.0583,none,,,False,,6,0,,,
6,87,True,0.351863,-0.6766,none,,,False,,6,0,,,
6,88,True,0.493205,0.2686,none,,,False,,6,0,,,
6,53,True,0.888354,2.911,none,,,False,,6,0,,,
6,86,True,0.537543,0.5651,none,,,False,,6,0,,,
6,47,True,0.276948,-1.1776,none,,,False,,6,0,,,
6,30,True,0.804775,2.3521,none,,,False,,6,0,,,
6,72,True,0.310149,-0.9555,none,,,False,,6,0,,,
6,1,True,0.68857,1.575,none,,,False,,6,0,,,
6,99,True,0.650741,1.322,none,,,False,,6,0,,,
7,30,True,0.669815,0.5365,none,,,False,,7,0,,,
7,98,True,0.443155,-0.2344,none,,,False,,7,0,,,
7,68,True,0.614807,0.3494,none,,,False,,7,0,,,
7,89,True,0.496357,-0.0534,none,,,False,,7,0,,,
7,40,True,0.296679,-0.7326,none,,,False,,7,0,,,
7,19,True,0.642483,0.4435,none,,,False,,7,0,,,
7,17,True,0.416901,-0.3237,none,,,False,,7,0,,,
7,77,True,0.393877,-0.402,none,,,False,,7,0,,,
7,93,True,0.87007,1.2176,none,,,False,,7,0,,,
7,67,True,0.801837,0.9855,none,,,False,,7,0,,,
7,8,True,0.076025,-1.483,none,,,False,,7,0,,,
7,2,True,0.518836,0.023,none,,,False,,7,0,,,
7,23,True,0.301314,-0.7168,none,,,False,,7,0,,,
7,36,True,0.366259,-0.4959,none,,,False,,7,0,,,
7,55,True,0.366196,-0.4961,none,,,False,,7,0,,,
7,28,True,0.300254,-0.7204,none,,,False,,7,0,,,
7,7,True,0.73325,0.7522,none,,,False,,7,0,,,
7,20,True,0.156521,-1.2092,none,,,False,,7,0,,,
7,5,True,1.167455,2.229,none,,,False,,7,0,,,
7,46,True,0.63392,0.4144,none,,,False,,7,0,,,
7,0,True,0.740642,0.7774,none,,,False,,7,0,,,
7,10,True,1.50764,3.0,none,,,False,,7,0,,,
7,11,True,0.713739,0.6859,none,,,False,,7,0,,,
7,85,True,0.3144,-0.6723,none,,,False,,7,0,,,
7,64,True,0.533213,0.0719,none,,,False,,7,0,,,
7,78,True,0.187983,-1.1022,none,,,False,,7,0,,,
7,92,True,0.622918,0.377,none,,,False,,7,0,,,
7,32,True,0.480148,-0.1086,none,,,False,,7,0,,,
7,47,True,0.277938,-0.7963,none,,,False,,7,0,,,
7,45,True,0.254968,-0.8744,none,,,False,,7,0,,,
7,70,True,0.896762,1.3083,none,,,False,,7,0,,,
7,9,True,0.659974,0.503,none,,,False,,7,0,,,
7,29,True,0.348934,-0.5548,none,,,False,,7,0,,,
7,66,True,0.505305,-0.023,none,,,False,,7,0,,,
7,74,True,0.711038,0.6767,none,,,False,,7,0,,,
7,12,True,0.763958,0.8567,none,,,False,,7,0,,,
8,3,True,0.983803,2.1357,none,,,False,,8,0,,,
8,94,True,0.725292,0.9609,none,,,False,,8,0,,,
8,37,True,0.438133,-0.3442,none,,,False,,8,0,,,
8,65,True,0.738396,1.0204,none,,,False,,8,0,,,
8,55,True,0.31359,-0.9103,none,,,False,,8,0,,,
8,90,True,0.526093,0.0555,none,,,False,,8,0,,,
8,67,True,0.557102,0.1965,none,,,False,,8,0,,,
8,47,True,0.352371,-0.734,none,,,False,,8,0,,,
8,85,True,0.356205,-0.7166,none,,,False,,8,0,,,
8,74,True,0.589179,0.3422,none,,,False,,8,0,,,
8,51,True,0.457091,-0.2581,none,,,False,,8,0,,,
8,42,True,0.459316,-0.248,none,,,False,,8,0,,,
8,5,True,1.054289,2.4561,none,,,False,,8,0,,,
8,4,True,0.450581,-0.2877,none,,,False,,8,0,,,
8,95,True,0.775768,1.1903,none,,,False,,8,0,,,
8,82,True,0.427845,-0.391,none,,,False,,8,0,,,
8,30,True,0.623762,0.4994,none,,,False,,8,0,,,
8,20,True,0.178209,-1.5255,none,,,False,,8,0,,,
8,21,True,0.289104,-1.0215,none,,,False,,8,0,,,
8,23,True,0.339966,-0.7904,none,,,False,,8,0,,,
8,29,True,0.342917,-0.777,none,,,False,,8,0,,,
8,84,True,0.359163,-0.7031,none,,,False,,8,0,,,
8,33,True,0.606311,0.4201,none,,,False,,8,0,,,
8,53,True,0.412419,-0.4611,none,,,False,,8,0,,,
8,18,True,0.501655,-0.0555,none,,,False,,8,0,,,
8,81,True,0.540535,0.1212,none,,,False,,8,0,,,
8,89,True,0.493115,-0.0943,none,,,False,,8,0,,,
8,77,True,0.390099,-0.5625,none,,,False,,8,0,,,
8,38,True,0.99899,2.2048,none,,,False,,8,0,,,
8,16,True,0.917709,1.8354,none,,,False,,8,0,,,
8,64,True,0.548537,0.1575,none,,,False,,8,0,,,
8,15,True,0.71822,0.9287,none,,,False,,8,0,,,
8,99,True,1.112573,2.721,none,,,False,,8,0,,,
8,24,True,0.732612,0.9941,none,,,False,,8,0,,,
8,92,True,0.650423,0.6206,none,,,False,,8,0,,,
8,36,True,0.371767,-0.6458,none,,,False,,8,0,,,
9,8,True,0.668798,0.7535,none,,,False,,9,0,,,
9,72,True,0.355882,-0.6579,none,,,False,,9,0,,,
9,2,True,0.553374,0.2329,none,,,False,,9,0,,,
9,64,True,0.68976,0.8481,none,,,False,,9,0,,,
9,17,True,0.497164,-0.0206,none,,,False,,9,0,,,
9,24,True,0.506306,0.0206,none,,,False,,9,0,,,
9,22,True,0.390485,-0.5018,none,,,False,,9,0,,,
9,52,True,0.396358,-0.4753,none,,,False,,9,0,,,
9,69,True,0.493497,-0.0372,none,,,False,,9,0,,,
9,83,True,0.344462,-0.7094,none,,,False,,9,0,,,
9,37,True,0.561524,0.2697,none,,,False,,9,0,,,
9,96,True,0.581131,0.3581,none,,,False,,9,0,,,
9,88,True,0.348513,-0.6911,none,,,False,,9,0,,,
9,30,True,0.473232,-0.1286,none,,,False,,9,0,,,
9,56,True,0.180634,-1.4483,none,,,False,,9,0,,,
9,38,True,0.824864,1.4575,none,,,False,,9,0,,,
9,3,True,0.935302,1.9556,none,,,False,,9,0,,,
9,46,True,0.69878,0.8888,none,,,False,,9,0,,,
9,70,True,0.687065,0.8359,none,,,False,,9,0,,,
9,5,True,0.841646,1.5332,none,,,False,,9,0,,,
9,45,True,0.346759,-0.699,none,,,False,,9,0,,,
9,79,True,0.292279,-0.9447,none,,,False,,9,0,,,
9,25,True,0.571563,0.315,none,,,False,,9,0,,,
9,6,True,1.01275,2.3049,none,,,False,,9,0,,,
9,14,True,0.242007,-1.1715,none,,,False,,9,0,,,
9,44,True,0.48027,-0.0968,none,,,False,,9,0,,,
9,67,True,0.57715,0.3402,none,,,False,,9,0,,,
9,4,True,0.509245,0.0339,none,,,False,,9,0,,,
9,87,True,0.326477,-0.7905,none,,,False,,9,0,,,
9,43,True,0.738572,1.0683,none,,,False,,9,0,,,
9,26,True,0.145012,-1.609,none,,,False,,9,0,,,
9,42,True,0.540816,0.1763,none,,,False,,9,0,,,
9,97,True,0.430941,-0.3193,none,,,False,,9,0,,,
9,31,True,0.843415,1.5411,none,,,False,,9,0,,,
9,98,True,0.455357,-0.2092,none,,,False,,9,0,,,
9,41,True,0.391557,-0.497,none,,,False,,9,0,,,
10,32,True,0.507185,0.0711,none,,,False,,10,0,,,
10,42,True,0.502528,0.0494,none,,,False,,10,0,,,
10,48,True,0.412123,-0.372,none,,,False,,10,0,,,
10,29,True,0.319393,-0.8042,none,,,False,,10,0,,,
10,94,True,0.609231,0.5467,none,,,False,,10,0,,,
10,1,True,0.658655,0.7771,none,,,False,,10,0,,,
10,57,True,0.535512,0.2031,none,,,False,,10,0,,,
10,73,True,0.329217,-0.7584,none,,,False,,10,0,,,
10,51,True,0.430547,-0.2861,none,,,False,,10,0,,,
10,83,True,0.338593,-0.7147,none,,,False,,10,0,,,
10,41,True,0.505254,0.0621,none,,,False,,10,0,,,
10,90,True,0.534225,0.1971,none,,,False,,10,0,,,
10,54,True,0.137912,-1.6501,none,,,False,,10,0,,,
10,98,True,0.31811,-0.8102,none,,,False,,10,0,,,
10,59,True,1.381652,3.0,none,,,False,,10,0,,,
10,60,True,0.481337,-0.0494,none,,,False,,10,0,,,
10,20,True,0.202873,-1.3473,none,,,False,,10,0,,,
10,18,True,0.523078,0.1452,none,,,False,,10,0,,,
10,55,True,0.269471,-1.0369,none,,,False,,10,0,,,
10,9,True,0.77061,1.2989,none,,,False,,10,0,,,
10,24,True,0.710462,1.0185,none,,,False,,10,0,,,
10,0,True,0.582555,0.4224,none,,,False,,10,0,,,
10,28,True,0.258523,-1.0879,none,,,False,,10,0,,,
10,6,True,0.669912,0.8295,none,,,False,,10,0,,,
10,17,True,0.455602,-0.1693,none,,,False,,10,0,,,
10,68,True,0.738233,1.148,none,,,False,,10,0,,,
10,45,True,0.165713,-1.5205,none,,,False,,10,0,,,
10,79,True,0.378623,-0.5281,none,,,False,,10,0,,,
10,11,True,0.560839,0.3212,none,,,False,,10,0,,,
10,91,True,0.410643,-0.3789,none,,,False,,10,0,,,
10,23,True,0.305549,-0.8687,none,,,False,,10,0,,,
10,82,True,0.364585,-0.5936,none,,,False,,10,0,,,
10,39,True,0.869083,1.7579,none,,,False,,10,0,,,
10,81,True,0.596482,0.4873,none,,,False,,10,0,,,
10,76,True,0.355846,-0.6343,none,,,False,,10,0,,,
10,10,True,1.434753,3.0,none,,,False,,10,0,,,
11,91,True,0.44275,-0.399,none,,,False,,11,0,,,
11,83,True,0.414427,-0.4845,none,,,False,,11,0,,,
11,93,True,0.889414,0.949,none,,,False,,11,0,,,
11,79,True,0.347759,-0.6857,none,,,False,,11,0,,,
11,0,True,0.747297,0.5201,none,,,False,,11,0,,,
11,68,True,0.5971,0.0668,none,,,False,,11,0,,,
11,81,True,0.582752,0.0235,none,,,False,,11,0,,,
11,84,True,0.29585,-0.8423,none,,,False,,11,0,,,
11,63,True,0.799191,0.6767,none,,,False,,11,0,,,
11,26,True,0.377275,-0.5966,none,,,False,,11,0,,,
11,14,True,0.176319,-1.2031,none,,,False,,11,0,,,
11,78,True,0.230118,-1.0407,none,,,False,,11,0,,,
11,29,True,0.372918,-0.6097,none,,,False,,11,0,,,
11,32,True,0.579297,0.0131,none,,,False,,11,0,,,
11,40,True,0.306009,-0.8117,none,,,False,,11,0,,,
11,76,True,0.354129,-0.6664,none,,,False,,11,0,,,
11,50,True,0.61263,0.1137,none,,,False,,11,0,,,
11,51,True,0.350823,-0.6764,none,,,False,,11,0,,,
11,94,True,0.753037,0.5374,none,,,False,,11,0,,,
11,3,True,1.033007,1.3823,none,,,False,,11,0,,,
11,57,True,0.339105,-0.7118,none,,,False,,11,0,,,
11,12,True,1.170288,1.7966,none,,,False,,11,0,,,
11,28,True,0.276809,-0.8998,none,,,False,,11,0,,,
11,18,True,0.426378,-0.4484,none,,,False,,11,0,,,
11,25,True,0.552146,-0.0689,none,,,False,,11,0,,,
11,70,True,0.846524,0.8195,none,,,False,,11,0,,,
11,92,True,0.57063,-0.0131,none,,,False,,11,0,,,
11,99,True,1.172388,1.8029,none,,,False,,11,0,,,
11,59,True,1.202201,1.8929,none,,,False,,11,0,,,
11,65,True,0.721035,0.4408,none,,,False,,11,0,,,
11,53,True,0.279302,-0.8923,none,,,False,,11,0,,,
11,6,True,0.352103,-0.6726,none,,,False,,11,0,,,
11,71,True,0.592813,0.0539,none,,,False,,11,0,,,
11,10,True,1.273289,2.1074,none,,,False,,11,0,,,
11,74,True,0.647181,0.2179,none,,,False,,11,0,,,
11,15,True,0.944636,1.1156,none,,,False,,11,0,,,
12,79,True,0.337706,-0.7884,none,,,False,,12,0,,,
12,22,True,0.382373,-0.5674,none,,,False,,12,0,,,
12,80,True,0.600321,0.5111,none,,,False,,12,0,,,
12,65,True,0.690714,0.9584,none,,,False,,12,0,,,
12,91,True,0.451711,-0.2243,none,,,False,,12,0,,,
12,76,True,0.438074,-0.2917,none,,,False,,12,0,,,
12,19,True,0.724081,1.1235,none,,,False,,12,0,,,
12,20,True,0.200519,-1.4672,none,,,False,,12,0,,,
12,67,True,0.818796,1.5922,none,,,False,,12,0,,,
12,31,True,1.104887,3.0,none,,,False,,12,0,,,
12,73,True,0.445681,-0.2541,none,,,False,,12,0,,,
12,95,True,0.577063,0.396,none,,,False,,12,0,,,
12,70,True,0.820284,1.5995,none,,,False,,12,0,,,
12,87,True,0.338363,-0.7851,none,,,False,,12,0,,,
12,89,True,0.612113,0.5695,none,,,False,,12,0,,,
12,81,True,0.630194,0.6589,none,,,False,,12,0,,,
12,61,True,0.461843,-0.1741,none,,,False,,12,0,,,
12,44,True,0.504116,0.0351,none,,,False,,12,0,,,
12,60,True,0.498649,0.008,none,,,False,,12,0,,,
12,88,True,0.495284,-0.0086,none,,,False,,12,0,,,
12,29,True,0.325792,-0.8473,none,,,False,,12,0,,,
12,82,True,0.354879,-0.7034,none,,,False,,12,0,,,
12,18,True,0.495412,-0.008,none,,,False,,12,0,,,
12,84,True,0.294498,-1.0022,none,,,False,,12,0,,,
12,71,True,0.636486,0.6901,none,,,False,,12,0,,,
12,35,True,0.41572,-0.4023,none,,,False,,12,0,,,
12,17,True,0.444426,-0.2603,none,,,False,,12,0,,,
12,78,True,0.258667,-1.1795,none,,,False,,12,0,,,
12,15,True,0.703922,1.0238,none,,,False,,12,0,,,
12,48,True,0.400693,-0.4767,none,,,False,,12,0,,,
12,49,True,0.648445,0.7492,none,,,False,,12,0,,,
12,50,True,0.463415,-0.1663,none,,,False,,12,0,,,
12,64,True,0.537814,0.2018,none,,,False,,12,0,,,
12,1,True,0.734859,1.1768,none,,,False,,12,0,,,
12,3,True,0.806242,1.5301,none,,,False,,12,0,,,
12,99,True,1.04633,2.7181,none,,,False,,12,0,,,
13,66,True,0.645731,0.7513,none,,,False,,13,0,,,
13,76,True,0.373052,-0.3683,none,,,False,,13,0,,,
13,70,True,0.622567,0.6562,none,,,False,,13,0,,,
13,38,True,0.859482,1.629,none,,,False,,13,0,,,
13,40,True,0.330684,-0.5422,none,,,False,,13,0,,,
13,84,True,0.345217,-0.4826,none,,,False,,13,0,,,
13,36,True,0.317819,-0.595,none,,,False,,13,0,,,
13,0,True,0.681781,0.8993,none,,,False,,13,0,,,
13,41,True,0.486485,0.0975,none,,,False,,13,0,,,
13,45,True,0.275228,-0.7699,none,,,False,,13,0,,,
13,68,True,0.71981,1.0555,none,,,False,,13,0,,,
13,31,True,0.867983,1.6639,none,,,False,,13,0,,,
13,17,True,0.474338,0.0476,none,,,False,,13,0,,,
13,29,True,0.302037,-0.6598,none,,,False,,13,0,,,
13,63,True,0.974091,2.0995,none,,,False,,13,0,,,
13,47,True,0.294903,-0.6891,none,,,False,,13,0,,,
13,60,True,0.611675,0.6115,none,,,False,,13,0,,,
13,23,True,0.30715,-0.6389,none,,,False,,13,0,,,
13,80,True,0.670451,0.8528,none,,,False,,13,0,,,
13,50,True,0.368522,-0.3869,none,,,False,,13,0,,,
13,79,True,0.340346,-0.5026,none,,,False,,13,0,,,
13,3,True,0.834068,1.5246,none,,,False,,13,0,,,
13,14,True,0.140023,-1.3251,none,,,False,,13,0,,,
13,39,True,0.799957,1.3846,none,,,False,,13,0,,,
13,61,True,0.339816,-0.5047,none,,,False,,13,0,,,
13,46,True,0.731572,1.1038,none,,,False,,13,0,,,
13,78,True,0.259218,-0.8357,none,,,False,,13,0,,,
13,9,True,0.831852,1.5155,none,,,False,,13,0,,,
13,54,True,0.227315,-0.9666,none,,,False,,13,0,,,
13,86,True,0.420889,-0.1719,none,,,False,,13,0,,,
13,57,True,0.493263,0.1253,none,,,False,,13,0,,,
13,69,True,0.451151,-0.0476,none,,,False,,13,0,,,
13,20,True,0.189875,-1.1204,none,,,False,,13,0,,,
13,90,True,0.542878,0.329,none,,,False,,13,0,,,
13,72,True,0.35386,-0.4471,none,,,False,,13,0,,,
13,94,True,0.711733,1.0223,none,,,False,,13,0,,,
14,90,True,0.5002,-0.3682,none,,,False,,14,0,,,
14,80,True,0.590147,0.0342,none,,,False,,14,0,,,
14,18,True,0.56009,-0.1002,none,,,False,,14,0,,,
14,65,True,0.652052,0.3111,none,,,False,,14,0,,,
14,1,True,0.659126,0.3428,none,,,False,,14,0,,,
14,31,True,1.189297,2.7145,none,,,False,,14,0,,,
14,79,True,0.444478,-0.6174,none,,,False,,14,0,,,
14,28,True,0.345895,-1.0584,none,,,False,,14,0,,,
14,73,True,0.506727,-0.339,none,,,False,,14,0,,,
14,17,True,0.430561,-0.6797,none,,,False,,14,0,,,
14,34,True,0.720777,0.6186,none,,,False,,14,0,,,
14,86,True,0.702081,0.5349,none,,,False,,14,0,,,
14,4,True,0.380175,-0.9051,none,,,False,,14,0,,,
14,9,True,0.785115,0.9064,none,,,False,,14,0,,,
14,49,True,0.83208,1.1165,none,,,False,,14,0,,,
14,11,True,0.608552,0.1165,none,,,False,,14,0,,,
14,30,True,0.837304,1.1399,none,,,False,,14,0,,,
14,13,True,0.520205,-0.2787,none,,,False,,14,0,,,
14,2,True,0.574289,-0.0367,none,,,False,,14,0,,,
14,56,True,0.317515,-1.1854,none,,,False,,14,0,,,
14,74,True,0.737443,0.6931,none,,,False,,14,0,,,
14,8,True,0.55722,-0.1131,none,,,False,,14,0,,,
14,45,True,0.278376,-1.3605,none,,,False,,14,0,,,
14,41,True,0.487749,-0.4239,none,,,False,,14,0,,,
14,26,True,0.139196,-1.9831,none,,,False,,14,0,,,
14,43,True,0.803827,0.9901,none,,,False,,14,0,,,
14,81,True,0.80229,0.9832,none,,,False,,14,0,,,
14,5,True,0.823062,1.0761,none,,,False,,14,0,,,
14,92,True,0.634884,0.2343,none,,,False,,14,0,,,
14,52,True,0.574852,-0.0342,none,,,False,,14,0,,,
14,46,True,0.702605,0.5373,none,,,False,,14,0,,,
14,25,True,0.432885,-0.6693,none,,,False,,14,0,,,
14,47,True,0.342735,-1.0726,none,,,False,,14,0,,,
14,24,True,0.754494,0.7694,none,,,False,,14,0,,,
14,6,True,0.799689,0.9716,none,,,False,,14,0,,,
14,23,True,0.313826,-1.2019,none,,,False,,14,0,,,
15,97,True,0.445893,-0.1396,none,,,False,,15,0,,,
15,26,True,-0.03846,-2.6575,none,,,False,,15,0,,,
15,77,True,0.421755,-0.2651,none,,,False,,15,0,,,
15,22,True,0.429062,-0.2271,none,,,False,,15,0,,,
15,29,True,0.350516,-0.6354,none,,,False,,15,0,,,
15,10,True,1.618691,3.0,none,,,False,,15,0,,,
15,37,True,0.376877,-0.4984,none,,,False,,15,0,,,
15,88,True,0.363651,-0.5671,none,,,False,,15,0,,,
15,68,True,0.538869,0.3437,none,,,False,,15,0,,,
15,87,True,0.305716,-0.8683,none,,,False,,15,0,,,
15,19,True,0.667544,1.0126,none,,,False,,15,0,,,
15,11,True,0.613226,0.7302,none,,,False,,15,0,,,
15,80,True,0.621275,0.7721,none,,,False,,15,0,,,
15,81,True,0.481787,0.047,none,,,False,,15,0,,,
15,67,True,0.335489,-0.7136,none,,,False,,15,0,,,
15,90,True,0.465191,-0.0393,none,,,False,,15,0,,,
15,14,True,0.249586,-1.1601,none,,,False,,15,0,,,
15,34,True,1.01794,2.8341,none,,,False,,15,0,,,
15,53,True,0.691074,1.1349,none,,,False,,15,0,,,
15,45,True,0.327275,-0.7563,none,,,False,,15,0,,,
15,79,True,0.376942,-0.4981,none,,,False,,15,0,,,
15,17,True,0.453753,-0.0988,none,,,False,,15,0,,,
15,25,True,0.455658,-0.0889,none,,,False,,15,0,,,
15,52,True,0.427051,-0.2376,none,,,False,,15,0,,,
15,12,True,0.955205,2.508,none,,,False,,15,0,,,
15,35,True,0.575358,0.5334,none,,,False,,15,0,,,
15,50,True,0.480313,0.0393,none,,,False,,15,0,,,
15,23,True,0.309936,-0.8464,none,,,False,,15,0,,,
15,69,True,0.535588,0.3266,none,,,False,,15,0,,,
15,38,True,1.045657,2.9782,none,,,False,,15,0,,,
15,61,True,0.483503,0.0559,none,,,False,,15,0,,,
15,71,True,0.701174,1.1874,none,,,False,,15,0,,,
15,57,True,0.651523,0.9293,none,,,False,,15,0,,,
15,74,True,0.623127,0.7817,none,,,False,,15,0,,,
15,36,True,0.410474,-0.3237,none,,,False,,15,0,,,
15,13,True,0.75775,1.4815,none,,,False,,15,0,,,
16,55,True,0.096866,-2.1878,none,,,False,,16,0,,,
16,13,True,0.45951,-0.2682,none,,,False,,16,0,,,
16,0,True,0.613572,0.5473,none,,,False,,16,0,,,
16,12,True,0.851496,1.8067,none,,,False,,16,0,,,
16,74,True,0.582217,0.3813,none,,,False,,16,0,,,
16,8,True,0.58354,0.3883,none,,,False,,16,0,,,
16,18,True,0.561613,0.2722,none,,,False,,16,0,,,
16,36,True,0.404699,-0.5584,none,,,False,,16,0,,,
16,32,True,0.572704,0.331,none,,,False,,16,0,,,
16,17,True,0.41383,-0.51,none,,,False,,16,0,,,
16,33,True,0.438712,-0.3783,none,,,False,,16,0,,,
16,20,True,0.173126,-1.7841,none,,,False,,16,0,,,
16,57,True,0.345035,-0.8742,none,,,False,,16,0,,,
16,90,True,0.507227,-0.0156,none,,,False,,16,0,,,
16,92,True,0.672988,0.8618,none,,,False,,16,0,,,
16,98,True,0.430432,-0.4221,none,,,False,,16,0,,,
16,79,True,0.35115,-0.8418,none,,,False,,16,0,,,
16,70,True,0.940763,2.2792,none,,,False,,16,0,,,
16,6,True,0.854091,1.8204,none,,,False,,16,0,,,
16,28,True,0.330832,-0.9494,none,,,False,,16,0,,,
16,7,True,0.652387,0.7527,none,,,False,,16,0,,,
16,34,True,0.63003,0.6344,none,,,False,,16,0,,,
16,23,True,0.375799,-0.7113,none,,,False,,16,0,,,
16,68,True,0.741241,1.2231,none,,,False,,16,0,,,
16,85,True,0.288748,-1.1721,none,,,False,,16,0,,,
16,78,True,0.214564,-1.5648,none,,,False,,16,0,,,
16,80,True,0.608872,0.5224,none,,,False,,16,0,,,
16,89,True,0.576154,0.3492,none,,,False,,16,0,,,
16,69,True,0.335101,-0.9268,none,,,False,,16,0,,,
16,45,True,0.44034,-0.3697,none,,,False,,16,0,,,
16,73,True,0.376573,-0.7072,none,,,False,,16,0,,,
16,9,True,0.843371,1.7637,none,,,False,,16,0,,,
16,96,True,0.715557,1.0871,none,,,False,,16,0,,,
16,51,True,0.508722,-0.0077,none,,,False,,16,0,,,
16,71,True,0.511642,0.0077,none,,,False,,16,0,,,
16,64,True,0.631418,0.6417,none,,,False,,16,0,,,
17,58,True,0.431016,-0.378,none,,,False,,17,0,,,
17,90,True,0.614788,0.3952,none,,,False,,17,0,,,
17,74,True,0.752882,0.9762,none,,,False,,17,0,,,
17,13,True,0.463551,-0.2411,none,,,False,,17,0,,,
17,79,True,0.405826,-0.484,none,,,False,,17,0,,,
17,21,True,0.447849,-0.3072,none,,,False,,17,0,,,
17,7,True,0.689281,0.7086,none,,,False,,17,0,,,
17,95,True,0.524897,0.017,none,,,False,,17,0,,,
17,16,True,0.600643,0.3357,none,,,False,,17,0,,,
17,1,True,0.76092,1.01,none,,,False,,17,0,,,
17,12,True,0.732321,0.8897,none,,,False,,17,0,,,
17,97,True,0.516823,-0.017,none,,,False,,17,0,,,
17,52,True,0.274892,-1.0349,none,,,False,,17,0,,,
17,59,True,1.342868,3.0,none,,,False,,17,0,,,
17,42,True,0.511959,-0.0374,none,,,False,,17,0,,,
17,43,True,0.901041,1.5996,none,,,False,,17,0,,,
17,91,True,0.318386,-0.8519,none,,,False,,17,0,,,
17,54,True,0.226304,-1.2393,none,,,False,,17,0,,,
17,8,True,0.504178,-0.0702,none,,,False,,17,0,,,
17,9,True,0.769438,1.0459,none,,,False,,17,0,,,
17,45,True,0.329859,-0.8036,none,,,False,,17,0,,,
17,32,True,0.4864,-0.145,none,,,False,,17,0,,,
17,39,True,0.673064,0.6404,none,,,False,,17,0,,,
17,19,True,0.626685,0.4452,none,,,False,,17,0,,,
17,68,True,0.790281,1.1335,none,,,False,,17,0,,,
17,34,True,0.879528,1.509,none,,,False,,17,0,,,
17,72,True,0.419445,-0.4267,none,,,False,,17,0,,,
17,71,True,0.647864,0.5343,none,,,False,,17,0,,,
17,26,True,0.175488,-1.4531,none,,,False,,17,0,,,
17,65,True,0.849815,1.384,none,,,False,,17,0,,,
17,63,True,0.918683,1.6738,none,,,False,,17,0,,,
17,36,True,0.348467,-0.7253,none,,,False,,17,0,,,
17,48,True,0.299521,-0.9312,none,,,False,,17,0,,,
17,64,True,0.448532,-0.3043,none,,,False,,17,0,,,
17,49,True,0.61895,0.4127,none,,,False,,17,0,,,
17,37,True,0.484318,-0.1537,none,,,False,,17,0,,,
18,54,True,0.40499,-0.5763,none,,,False,,18,0,,,
18,46,True,0.64674,0.237,none,,,False,,18,0,,,
18,65,True,0.944291,1.238,none,,,False,,18,0,,,
18,29,True,0.422733,-0.5166,none,,,False,,18,0,,,
18,20,True,0.184867,-1.3168,none,,,False,,18,0,,,
18,22,True,0.447801,-0.4323,none,,,False,,18,0,,,
18,94,True,0.744882,0.5671,none,,,False,,18,0,,,
18,10,True,1.163189,1.9743,none,,,False,,18,0,,,
18,24,True,0.539016,-0.1254,none,,,False,,18,0,,,
18,32,True,0.57028,-0.0202,none,,,False,,18,0,,,
18,38,True,1.184584,2.0463,none,,,False,,18,0,,,
18,52,True,0.512039,-0.2162,none,,,False,,18,0,,,
18,69,True,0.315249,-0.8782,none,,,False,,18,0,,,
18,14,True,0.285457,-0.9784,none,,,False,,18,0,,,
18,3,True,1.099615,1.7605,none,,,False,,18,0,,,
18,70,True,0.951037,1.2607,none,,,False,,18,0,,,
18,60,True,0.582313,0.0202,none,,,False,,18,0,,,
18,61,True,0.49025,-0.2895,none,,,False,,18,0,,,
18,98,True,0.368129,-0.7003,none,,,False,,18,0,,,
18,33,True,0.608987,0.11,none,,,False,,18,0,,,
18,76,True,0.376875,-0.6709,none,,,False,,18,0,,,
18,18,True,0.629777,0.1799,none,,,False,,18,0,,,
18,87,True,0.333813,-0.8157,none,,,False,,18,0,,,
18,62,True,0.605143,0.097,none,,,False,,18,0,,,
18,82,True,0.443869,-0.4455,none,,,False,,18,0,,,
18,93,True,0.997918,1.4184,none,,,False,,18,0,,,
18,86,True,0.400769,-0.5905,none,,,False,,18,0,,,
18,30,True,0.749338,0.5821,none,,,False,,18,0,,,
18,83,True,0.373263,-0.683,none,,,False,,18,0,,,
18,28,True,0.124698,-1.5192,none,,,False,,18,0,,,
18,58,True,0.659663,0.2805,none,,,False,,18,0,,,
18,31,True,0.90226,1.0966,none,,,False,,18,0,,,
18,95,True,0.782589,0.694,none,,,False,,18,0,,,
18,96,True,0.911116,1.1264,none,,,False,,18,0,,,
18,27,True,0.777872,0.6781,none,,,False,,18,0,,,
18,78,True,0.146654,-1.4453,none,,,False,,18,0,,,
19,19,True,0.686579,0.8309,none,,,False,,19,0,,,
19,80,True,0.652756,0.6827,none,,,False,,19,0,,,
19,45,True,0.290674,-0.9035,none,,,False,,19,0,,,
19,85,True,0.354801,-0.6226,none,,,False,,19,0,,,
19,69,True,0.479741,-0.0752,none,,,False,,19,0,,,
19,51,True,0.306514,-0.8341,none,,,False,,19,0,,,
19,44,True,0.442182,-0.2398,none,,,False,,19,0,,,
19,74,True,0.743649,1.0809,none,,,False,,19,0,,,
19,61,True,0.322295,-0.765,none,,,False,,19,0,,,
19,94,True,0.603595,0.4674,none,,,False,,19,0,,,
19,42,True,0.511287,0.063,none,,,False,,19,0,,,
19,36,True,0.36576,-0.5746,none,,,False,,19,0,,,
19,53,True,0.947269,1.973,none,,,False,,19,0,,,
19,29,True,0.2356,-1.1448,none,,,False,,19,0,,,
19,2,True,0.466934,-0.1313,none,,,False,,19,0,,,
19,9,True,1.03765,2.3689,none,,,False,,19,0,,,
19,59,True,1.399765,3.0,none,,,False,,19,0,,,
19,20,True,0.18047,-1.3863,none,,,False,,19,0,,,
19,4,True,0.482539,-0.063,none,,,False,,19,0,,,
19,26,True,0.270361,-0.9925,none,,,False,,19,0,,,
19,48,True,0.344832,-0.6662,none,,,False,,19,0,,,
19,11,True,0.595634,0.4325,none,,,False,,19,0,,,
19,16,True,0.544674,0.2092,none,,,False,,19,0,,,
19,25,True,0.627494,0.5721,none,,,False,,19,0,,,
19,60,True,0.642428,0.6375,none,,,False,,19,0,,,
19,83,True,0.310501,-0.8167,none,,,False,,19,0,,,
19,6,True,0.91227,1.8196,none,,,False,,19,0,,,
19,32,True,0.388221,-0.4762,none,,,False,,19,0,,,
19,99,True,0.897292,1.754,none,,,False,,19,0,,,
19,75,True,0.537164,0.1763,none,,,False,,19,0,,,
19,5,True,1.076884,2.5408,none,,,False,,19,0,,,
19,24,True,0.466143,-0.1348,none,,,False,,19,0,,,
19,65,True,0.578347,0.3568,none,,,False,,19,0,,,
19,86,True,0.623527,0.5547,none,,,False,,19,0,,,
19,33,True,0.274321,-0.9752,none,,,False,,19,0,,,
19,40,True,0.298131,-0.8708,none,,,False,,19,0,,,
20,18,True,0.495685,0.1895,none,,,False,,20,0,,,
20,79,True,0.356137,-0.7484,none,,,False,,20,0,,,
20,45,True,0.405975,-0.4134,none,,,False,,20,0,,,
20,57,True,0.440296,-0.1827,none,,,False,,20,0,,,
20,34,True,0.769626,2.0308,none,,,False,,20,0,,,
20,47,True,0.333004,-0.9039,none,,,False,,20,0,,,
20,93,True,0.76549,2.003,none,,,False,,20,0,,,
20,37,True,0.402239,-0.4385,none,,,False,,20,0,,,
20,94,True,0.77031,2.0354,none,,,False,,20,0,,,
20,11,True,0.417444,-0.3363,none,,,False,,20,0,,,
20,59,True,0.960699,3.0,none,,,False,,20,0,,,
20,61,True,0.53412,0.4479,none,,,False,,20,0,,,
20,30,True,0.695724,1.5341,none,,,False,,20,0,,,
20,21,True,0.412558,-0.3692,none,,,False,,20,0,,,
20,35,True,0.318783,-0.9995,none,,,False,,20,0,,,
20,20,True,0.192102,-1.851,none,,,False,,20,0,,,
20,97,True,0.564672,0.6532,none,,,False,,20,0,,,
20,77,True,0.587732,0.8082,none,,,False,,20,0,,,
20,80,True,0.40836,-0.3974,none,,,False,,20,0,,,
20,58,True,0.554937,0.5878,none,,,False,,20,0,,,
20,88,True,0.491513,0.1615,none,,,False,,20,0,,,
20,52,True,0.503486,0.242,none,,,False,,20,0,,,
20,98,True,0.21464,-1.6995,none,,,False,,20,0,,,
20,91,True,0.31336,-1.0359,none,,,False,,20,0,,,
20,41,True,0.449635,-0.12,none,,,False,,20,0,,,
20,44,True,0.473701,0.0418,none,,,False,,20,0,,,
20,65,True,0.766424,2.0093,none,,,False,,20,0,,,
20,81,True,0.667853,1.3468,none,,,False,,20,0,,,
20,90,True,0.495043,0.1852,none,,,False,,20,0,,,
20,83,True,0.336353,-0.8814,none,,,False,,20,0,,,
20,95,True,0.723104,1.7181,none,,,False,,20,0,,,
20,33,True,0.461268,-0.0418,none,,,False,,20,0,,,
20,82,True,0.40085,-0.4479,none,,,False,,20,0,,,
20,29,True,0.363973,-0.6957,none,,,False,,20,0,,,
20,16,True,0.958785,3.0,none,,,False,,20,0,,,
20,48,True,0.383383,-0.5653,none,,,False,,20,0,,,
21,72,True,0.358552,-0.7185,none,,,False,,21,0,,,
21,79,True,0.375754,-0.6376,none,,,False,,21,0,,,
21,41,True,0.506639,-0.0223,none,,,False,,21,0,,,
21,33,True,0.209619,-1.4187,none,,,False,,21,0,,,
21,68,True,0.753146,1.1367,none,,,False,,21,0,,,
21,94,True,0.735877,1.0555,none,,,False,,21,0,,,
21,23,True,0.327195,-0.8659,none,,,False,,21,0,,,
21,40,True,0.316174,-0.9177,none,,,False,,21,0,,,
21,35,True,0.538518,0.1276,none,,,False,,21,0,,,
21,15,True,0.663702,0.7162,none,,,False,,21,0,,,
21,91,True,0.395322,-0.5456,none,,,False,,21,0,,,
21,32,True,0.333085,-0.8382,none,,,False,,21,0,,,
21,37,True,0.599601,0.4148,none,,,False,,21,0,,,
21,2,True,0.381021,-0.6129,none,,,False,,21,0,,,
21,0,True,0.67141,0.7524,none,,,False,,21,0,,,
21,81,True,0.522315,0.0514,none,,,False,,21,0,,,
21,73,True,0.276746,-1.1031,none,,,False,,21,0,,,
21,82,True,0.445266,-0.3108,none,,,False,,21,0,,,
21,64,True,0.517694,0.0297,none,,,False,,21,0,,,
21,55,True,0.27819,-1.0963,none,,,False,,21,0,,,
21,29,True,0.257684,-1.1927,none,,,False,,21,0,,,
21,42,True,0.496248,-0.0711,none,,,False,,21,0,,,
21,31,True,0.885634,1.7596,none,,,False,,21,0,,,
21,83,True,0.362677,-0.6991,none,,,False,,21,0,,,
21,25,True,0.518573,0.0338,none,,,False,,21,0,,,
21,80,True,0.516109,0.0223,none,,,False,,21,0,,,
21,6,True,0.614633,0.4855,none,,,False,,21,0,,,
21,60,True,0.649606,0.6499,none,,,False,,21,0,,,
21,3,True,0.950624,2.0651,none,,,False,,21,0,,,
21,58,True,0.459898,-0.242,none,,,False,,21,0,,,
21,95,True,0.5656,0.2549,none,,,False,,21,0,,,
21,66,True,0.685837,0.8202,none,,,False,,21,0,,,
21,67,True,0.627801,0.5474,none,,,False,,21,0,,,
21,11,True,0.427556,-0.3941,none,,,False,,21,0,,,
21,46,True,0.797242,1.344,none,,,False,,21,0,,,
21,26,True,0.194286,-1.4908,none,,,False,,21,0,,,
22,82,True,0.41937,-0.314,none,,,False,,22,0,,,
22,10,True,1.229356,3.0,none,,,False,,22,0,,,
22,66,True,0.542359,0.2224,none,,,False,,22,0,,,
22,14,True,0.176126,-1.3749,none,,,False,,22,0,,,
22,25,True,0.348224,-0.6243,none,,,False,,22,0,,,
22,33,True,0.361319,-0.5672,none,,,False,,22,0,,,
22,74,True,0.841901,1.5289,none,,,False,,22,0,,,
22,34,True,0.62619,0.5881,none,,,False,,22,0,,,
22,20,True,0.224822,-1.1625,none,,,False,,22,0,,,
22,6,True,0.818905,1.4286,none,,,False,,22,0,,,
22,97,True,0.630439,0.6066,none,,,False,,22,0,,,
22,78,True,0.218133,-1.1917,none,,,False,,22,0,,,
22,22,True,0.323954,-0.7301,none,,,False,,22,0,,,
22,76,True,0.483698,-0.0334,none,,,False,,22,0,,,
22,21,True,0.474598,-0.0731,none,,,False,,22,0,,,
22,17,True,0.392149,-0.4327,none,,,False,,22,0,,,
22,16,True,1.072384,2.5341,none,,,False,,22,0,,,
22,80,True,0.499024,0.0334,none,,,False,,22,0,,,
22,36,True,0.334255,-0.6852,none,,,False,,22,0,,,
22,49,True,0.695939,0.8923,none,,,False,,22,0,,,
22,64,True,0.571916,0.3513,none,,,False,,22,0,,,
22,93,True,0.909527,1.8238,none,,,False,,22,0,,,
22,77,True,0.539044,0.208,none,,,False,,22,0,,,
22,29,True,0.351023,-0.6121,none,,,False,,22,0,,,
22,84,True,0.460295,-0.1355,none,,,False,,22,0,,,
22,53,True,0.429457,-0.27,none,,,False,,22,0,,,
22,65,True,0.618626,0.5551,none,,,False,,22,0,,,
22,30,True,0.643577,0.6639,none,,,False,,22,0,,,
22,47,True,0.223683,-1.1675,none,,,False,,22,0,,,
22,55,True,0.183516,-1.3427,none,,,False,,22,0,,,
22,39,True,0.8355,1.501,none,,,False,,22,0,,,
22,68,True,0.648437,0.6851,none,,,False,,22,0,,,
22,43,True,0.777064,1.2461,none,,,False,,22,0,,,
22,50,True,0.427425,-0.2789,none,,,False,,22,0,,,
22,28,True,0.292983,-0.8652,none,,,False,,22,0,,,
22,96,True,0.680606,0.8254,none,,,False,,22,0,,,
23,66,True,0.362071,-0.6539,none,,,False,,23,0,,,
23,44,True,0.486765,-0.0432,none,,,False,,23,0,,,
23,32,True,0.433253,-0.3053,none,,,False,,23,0,,,
23,99,True,1.006892,2.5044,none,,,False,,23,0,,,
23,14,True,0.206982,-1.4136,none,,,False,,23,0,,,
23,92,True,0.5009,0.0261,none,,,False,,23,0,,,
23,17,True,0.426131,-0.3402,none,,,False,,23,0,,,
23,15,True,0.475938,-0.0962,none,,,False,,23,0,,,
23,31,True,0.931834,2.1368,none,,,False,,23,0,,,
23,18,True,0.540234,0.2187,none,,,False,,23,0,,,
23,76,True,0.356153,-0.6829,none,,,False,,23,0,,,
23,97,True,0.549834,0.2657,none,,,False,,23,0,,,
23,74,True,0.409156,-0.4233,none,,,False,,23,0,,,
23,43,True,0.725105,1.1242,none,,,False,,23,0,,,
23,95,True,0.631568,0.6661,none,,,False,,23,0,,,
23,24,True,0.53709,0.2033,none,,,False,,23,0,,,
23,79,True,0.337358,-0.775,none,,,False,,23,0,,,
23,26,True,0.175015,-1.5701,none,,,False,,23,0,,,
23,80,True,0.569066,0.3599,none,,,False,,23,0,,,
23,65,True,0.736637,1.1807,none,,,False,,23,0,,,
23,82,True,0.469262,-0.1289,none,,,False,,23,0,,,
23,10,True,1.109548,3.0,none,,,False,,23,0,,,
23,1,True,0.64521,0.7329,none,,,False,,23,0,,,
23,22,True,0.281229,-1.0499,none,,,False,,23,0,,,
23,89,True,0.300873,-0.9537,none,,,False,,23,0,,,
23,12,True,0.836107,1.6679,none,,,False,,23,0,,,
23,40,True,0.364927,-0.6399,none,,,False,,23,0,,,
23,72,True,0.339528,-0.7643,none,,,False,,23,0,,,
23,39,True,0.602349,0.523,none,,,False,,23,0,,,
23,47,True,0.313832,-0.8902,none,,,False,,23,0,,,
23,58,True,0.503237,0.0375,none,,,False,,23,0,,,
23,64,True,0.5934,0.4791,none,,,False,,23,0,,,
23,57,True,0.490259,-0.0261,none,,,False,,23,0,,,
23,46,True,0.736284,1.179,none,,,False,,23,0,,,
23,5,True,1.053966,2.735,none,,,False,,23,0,,,
23,83,True,0.334413,-0.7894,none,,,False,,23,0,,,
24,95,True,0.413471,-0.1671,none,,,False,,24,0,,,
24,32,True,0.436754,-0.0526,none,,,False,,24,0,,,
24,82,True,0.405237,-0.2076,none,,,False,,24,0,,,
24,65,True,0.681935,1.1537,none,,,False,,24,0,,,
24,17,True,0.414677,-0.1612,none,,,False,,24,0,,,
24,62,True,0.327651,-0.5894,none,,,False,,24,0,,,
24,74,True,0.44347,-0.0195,none,,,False,,24,0,,,
24,29,True,0.36587,-0.4013,none,,,False,,24,0,,,
24,97,True,0.451415,0.0195,none,,,False,,24,0,,,
24,47,True,0.273687,-0.8548,none,,,False,,24,0,,,
24,53,True,0.839606,1.9294,none,,,False,,24,0,,,
24,70,True,0.675978,1.1244,none,,,False,,24,0,,,
24,96,True,0.630065,0.8985,none,,,False,,24,0,,,
24,42,True,0.453387,0.0292,none,,,False,,24,0,,,
24,83,True,0.299022,-0.7302,none,,,False,,24,0,,,
24,86,True,0.386321,-0.3007,none,,,False,,24,0,,,
24,79,True,0.332468,-0.5657,none,,,False,,24,0,,,
24,34,True,0.549491,0.5021,none,,,False,,24,0,,,
24,71,True,0.573214,0.6188,none,,,False,,24,0,,,
24,78,True,0.216858,-1.1344,none,,,False,,24,0,,,
24,26,True,0.170749,-1.3613,none,,,False,,24,0,,,
24,21,True,0.287387,-0.7875,none,,,False,,24,0,,,
24,13,True,0.646707,0.9803,none,,,False,,24,0,,,
24,31,True,0.795126,1.7105,none,,,False,,24,0,,,
24,11,True,0.550716,0.5081,none,,,False,,24,0,,,
24,89,True,0.604335,0.7719,none,,,False,,24,0,,,
24,20,True,0.190718,-1.263,none,,,False,,24,0,,,
24,67,True,0.374358,-0.3596,none,,,False,,24,0,,,
24,19,True,0.603429,0.7674,none,,,False,,24,0,,,
24,18,True,0.375014,-0.3563,none,,,False,,24,0,,,
24,99,True,0.967873,2.5604,none,,,False,,24,0,,,
24,2,True,0.698126,1.2333,none,,,False,,24,0,,,
24,51,True,0.346449,-0.4969,none,,,False,,24,0,,,
24,15,True,0.661396,1.0526,none,,,False,,24,0,,,
24,46,True,0.687463,1.1809,none,,,False,,24,0,,,
24,52,True,0.492644,0.2224,none,,,False,,24,0,,,
25,98,True,0.27002,-0.6831,none,,,False,,25,0,,,
25,87,True,0.021921,-1.7539,none,,,False,,25,0,,,
25,54,True,0.175869,-1.0895,none,,,False,,25,0,,,
25,16,True,0.582571,0.6659,none,,,False,,25,0,,,
25,23,True,0.265603,-0.7022,none,,,False,,25,0,,,
25,60,True,0.549644,0.5238,none,,,False,,25,0,,,
25,28,True,0.154683,-1.1809,none,,,False,,25,0,,,
25,56,True,0.197272,-0.9971,none,,,False,,25,0,,,
25,21,True,0.333197,-0.4104,none,,,False,,25,0,,,
25,18,True,0.379049,-0.2125,none,,,False,,25,0,,,
25,8,True,0.605691,0.7657,none,,,False,,25,0,,,
25,36,True,0.448571,0.0875,none,,,False,,25,0,,,
25,83,True,0.318749,-0.4728,none,,,False,,25,0,,,
25,71,True,0.631494,0.877,none,,,False,,25,0,,,
25,91,True,0.44989,0.0932,none,,,False,,25,0,,,
25,19,True,0.807075,1.6348,none,,,False,,25,0,,,
25,31,True,0.903335,2.0503,none,,,False,,25,0,,,
25,14,True,-0.214549,-2.7745,none,,,False,,25,0,,,
25,29,True,0.322939,-0.4547,none,,,False,,25,0,,,
25,35,True,0.559842,0.5678,none,,,False,,25,0,,,
25,2,True,-0.299003,-3.0,none,,,False,,25,0,,,
25,27,True,0.560763,0.5717,none,,,False,,25,0,,,
25,93,True,0.920605,2.1248,none,,,False,,25,0,,,
25,42,True,0.471975,0.1885,none,,,False,,25,0,,,
25,90,True,0.55269,0.5369,none,,,False,,25,0,,,
25,72,True,0.315109,-0.4885,none,,,False,,25,0,,,
25,86,True,0.247308,-0.7811,none,,,False,,25,0,,,
25,55,True,0.408016,-0.0875,none,,,False,,25,0,,,
25,53,True,0.607072,0.7716,none,,,False,,25,0,,,
25,62,True,0.362553,-0.2837,none,,,False,,25,0,,,
25,44,True,0.513577,0.3681,none,,,False,,25,0,,,
25,0,True,0.786169,1.5446,none,,,False,,25,0,,,
25,12,True,0.895211,2.0152,none,,,False,,25,0,,,
25,33,True,0.391411,-0.1592,none,,,False,,25,0,,,
25,85,True,0.386617,-0.1799,none,,,False,,25,0,,,
25,43,True,0.797605,1.594,none,,,False,,25,0,,,
26,59,True,0.873292,0.888,none,,,False,,26,0,0.2702,3.2041,
26,10,True,1.290512,3.0,none,,,False,,26,0,0.1893,2.8349,
26,99,True,0.911359,1.0875,none,,,False,,26,0,0.1414,2.4311,
26,38,True,0.897785,1.0163,none,,,False,,26,0,0.2759,2.4068,
26,5,True,0.985154,1.4742,none,,,False,,26,0,0.1716,2.284,
26,16,True,0.709883,0.0317,none,,,False,,26,0,0.119,2.2174,
26,93,True,0.957356,1.3285,none,,,False,,26,0,0.128,2.142,
26,31,True,0.850961,0.771,none,,,False,,26,0,0.1145,2.1102,
26,3,True,0.850627,0.7692,none,,,False,,26,0,0.2163,1.9602,
26,9,True,0.796371,0.4849,none,,,False,,26,0,0.2088,1.8843,
26,70,True,0.696344,-0.0393,none,,,False,,26,0,0.128,1.6991,
26,12,True,0.706618,0.0145,none,,,False,,26,0,0.119,1.675,
26,63,True,0.775528,0.3757,none,,,False,,26,0,0.2893,1.6723,
26,43,True,0.608781,-0.4982,none,,,False,,26,0,0.128,1.4795,
26,6,True,0.66407,-0.2084,none,,,False,,26,0,0.185,1.4112,
26,46,True,0.81454,0.5801,none,,,False,,26,0,0.1325,1.3854,
26,94,True,0.749358,0.2385,none,,,False,,26,0,0.1644,1.3248,
26,19,True,0.695543,-0.0435,none,,,False,,26,0,0.128,1.2358,
26,34,True,0.397018,-1.6079,none,,,False,,26,0,0.1325,1.1911,
26,68,True,0.807528,0.5434,none,,,False,,26,0,0.1549,1.1294,
26,96,True,0.409299,-1.5435,none,,,False,,26,0,0.1759,1.1268,
26,0,True,0.718451,0.0766,none,,,False,,26,0,0.128,1.1062,
26,65,True,0.777447,0.3857,none,,,False,,26,0,0.1205,1.0968,
26,30,True,0.695599,-0.0432,none,,,False,,26,0,0.1594,1.0775,
26,39,True,0.54536,-0.8305,none,,,False,,26,0,0.2086,1.0771,
26,49,True,0.624047,-0.4182,none,,,False,,26,0,0.2433,1.0113,
26,27,True,0.558435,-0.762,none,,,False,,26,0,0.2564,0.9637,
26,7,True,0.489073,-1.1255,none,,,False,,26,0,0.3349,0.9615,
26,53,True,0.815851,0.587,none,,,False,,26,0,0.1145,0.9547,
26,1,True,0.701067,-0.0145,none,,,False,,26,0,0.1893,0.872,
26,71,True,0.665287,-0.2021,none,,,False,,26,0,0.1624,0.8535,
26,2,True,0.36293,-1.7865,cusum,,,True,negative,26,0,0.319,-1.1424,
26,75,True,0.47526,-1.1979,none,,,False,,26,0,0.2624,0.2464,
26,4,True,0.440243,-1.3814,none,,,False,,26,0,0.2432,-0.1346,
26,48,True,0.396912,-1.6085,none,,,False,,26,0,0.2297,-0.5441,
26,88,True,0.542705,-0.8444,none,,,False,,26,0,0.2297,0.0387,
27,10,True,1.025669,1.3823,cusum,,,True,positive,27,0,0.3473,4.1667,
27,93,True,0.794652,0.3081,cusum,,,True,positive,27,0,0.3185,2.9098,
27,59,True,1.246248,2.408,none,,,False,,27,0,0.1835,2.485,
27,5,True,1.086631,1.6658,none,,,False,,27,0,0.1311,2.4081,
27,99,True,0.985174,1.194,none,,,False,,27,0,0.1185,2.2015,
27,38,True,0.987884,1.2066,none,,,False,,27,0,0.1647,2.1904,
27,3,True,0.884715,0.7269,none,,,False,,27,0,0.1473,1.6983,
27,31,True,1.095391,1.7065,none,,,False,,27,0,0.11,1.6493,
27,63,True,0.663647,-0.3011,none,,,False,,27,0,0.1647,1.5598,
27,9,True,0.787063,0.2728,none,,,False,,27,0,0.1185,1.4506,
27,12,True,0.798997,0.3283,none,,,False,,27,0,0.114,1.3769,
27,94,True,0.774511,0.2144,none,,,False,,27,0,0.1065,1.2434,
27,53,True,0.790397,0.2883,none,,,False,,27,0,0.11,1.2347,
27,16,True,0.820274,0.4272,none,,,False,,27,0,0.114,1.2216,
27,46,True,0.472808,-1.1885,none,,,False,,27,0,0.114,1.1243,
27,65,True,0.733833,0.0253,none,,,False,,27,0,0.1033,1.0358,
27,0,True,0.435854,-1.3603,none,,,False,,27,0,0.1185,0.9419,
27,19,True,0.671757,-0.2634,none,,,False,,27,0,0.1185,0.937,
27,68,True,0.524625,-0.9475,none,,,False,,27,0,0.11,0.927,
27,70,True,0.784521,0.261,none,,,False,,27,0,0.11,0.9206,
27,43,True,0.787258,0.2737,none,,,False,,27,0,0.1185,0.8908,
27,30,True,0.745346,0.0788,none,,,False,,27,0,0.114,0.8626,
27,60,True,0.21801,-2.3733,none,,,False,,27,0,0.1315,0.7545,
27,15,True,0.594612,-0.6221,none,,,False,,27,0,0.2094,0.7465,
27,1,True,0.45307,-1.2803,none,,,False,,27,0,0.1473,0.7428,
27,6,True,0.773353,0.209,none,,,False,,27,0,0.1311,0.7267,
27,81,True,0.679835,-0.2258,none,,,False,,27,0,0.1788,0.6261,
27,71,True,0.516512,-0.9853,none,,,False,,27,0,0.1473,0.5979,
27,39,True,0.722962,-0.0253,none,,,False,,27,0,0.1647,0.5746,
27,92,True,0.506046,-1.0339,none,,,False,,27,0,0.1699,0.5322,
27,8,True,0.605953,-0.5694,none,,,False,,27,0,0.1603,0.5279,
27,2,True,-0.107813,-3.0,none,,,False,,27,0,0.314,-1.5401,
27,56,True,0.148594,-2.6961,none,,,False,,27,0,0.2413,-0.9867,
27,69,True,0.285971,-2.0573,none,,,False,,27,0,0.2381,-0.4601,
27,27,True,0.672142,-0.2616,none,,,False,,27,0,0.2283,0.3862,
27,61,True,0.488414,-1.1159,none,,,False,,27,0,0.2251,-0.0355,
28,10,True,1.025916,1.7212,none,,,False,,28,0,0.3339,3.6189,
28,59,True,0.963912,1.4088,cusum,,,True,positive,28,0,0.3668,3.2754,
28,5,True,0.757064,0.3668,cusum,,,True,positive,28,0,0.3188,3.1091,
28,31,True,0.830502,0.7367,cusum,,,True,positive,28,0,0.306,2.6429,
28,93,True,0.93436,1.26,none,,,False,,28,0,0.3135,2.3982,
28,99,True,0.950593,1.3417,none,,,False,,28,0,0.1135,1.7583,
28,38,True,0.836972,0.7693,none,,,False,,28,0,0.1498,1.5898,
28,3,True,0.898322,1.0784,none,,,False,,28,0,0.1339,1.3452,
28,9,True,0.866983,0.9205,none,,,False,,28,0,0.1135,1.1865,
28,12,True,0.753139,0.347,none,,,False,,28,0,0.1096,0.9247,
28,63,True,0.784334,0.5041,none,,,False,,28,0,0.1498,0.7494,
28,53,True,0.558164,-0.6353,none,,,False,,28,0,0.106,0.6826,
28,65,True,0.699852,0.0785,none,,,False,,28,0,0.1,0.6466,
28,94,True,0.736928,0.2653,none,,,False,,28,0,0.1029,0.6319,
28,6,True,0.692874,0.0434,none,,,False,,28,0,0.1188,0.6272,
28,43,True,0.748981,0.326,none,,,False,,28,0,0.1135,0.6008,
28,19,True,0.668334,-0.0803,none,,,False,,28,0,0.1135,0.587,
28,70,True,0.816492,0.6661,none,,,False,,28,0,0.106,0.5823,
28,81,True,0.67541,-0.0446,none,,,False,,28,0,0.1096,0.5295,
28,90,True,0.52939,-0.7803,none,,,False,,28,0,0.1438,0.5232,
28,16,True,0.481427,-1.0219,none,,,False,,28,0,0.1096,0.5136,
28,74,True,0.623901,-0.3041,none,,,False,,28,0,0.1471,0.5007,
28,49,True,0.547747,-0.6878,none,,,False,,28,0,0.1978,0.4846,
28,97,True,0.608129,-0.3836,none,,,False,,28,0,0.1563,0.448,
28,64,True,0.675658,-0.0434,none,,,False,,28,0,0.1688,0.4375,
28,77,True,0.554939,-0.6515,none,,,False,,28,0,0.2123,0.417,
28,95,True,0.548728,-0.6828,none,,,False,,28,0,0.151,0.3956,
28,30,True,0.737344,0.2674,none,,,False,,28,0,0.1096,0.3718,
28,13,True,0.574816,-0.5514,none,,,False,,28,0,0.2228,0.346,
28,46,True,0.756506,0.3639,none,,,False,,28,0,0.1096,0.3295,
28,56,True,0.247097,-2.2024,cusum,,,True,negative,28,0,0.4058,-1.9221,
28,2,True,-0.30434,-3.0,cusum,,,True,negative,28,0,0.3096,-2.9568,
28,50,True,0.476016,-1.0492,none,,,False,,28,0,0.2293,-0.032,
28,37,True,0.484745,-1.0052,none,,,False,,28,0,0.2248,0.1075,
28,41,True,0.489863,-0.9794,none,,,False,,28,0,0.2248,-0.022,
28,73,True,0.486108,-0.9983,none,,,False,,28,0,0.2248,-0.5498,
29,10,True,1.050138,1.8608,cusum,,,True,positive,29,0,0.3218,3.1853,
29,59,True,1.442219,3.0,none,,,False,,29,0,0.3521,2.7349,
29,99,True,1.05869,1.9034,cusum,,,True,positive,29,0,0.3091,2.3464,
29,5,True,0.859412,0.9103,none,,,False,,29,0,0.3131,2.3133,
29,31,True,0.970059,1.4617,none,,,False,,29,0,0.3024,2.2005,
29,93,True,0.811068,0.6694,none,,,False,,29,0,0.3091,2.1042,
29,38,True,0.713986,0.1856,none,,,False,,29,0,0.1365,1.1555,
29,3,True,0.874604,0.986,none,,,False,,29,0,0.1218,1.0089,
29,9,True,0.750389,0.367,none,,,False,,29,0,0.1091,0.6981,
29,70,True,0.686507,0.0487,none,,,False,,29,0,0.1024,0.425,
29,64,True,0.576685,-0.4986,none,,,False,,29,0,0.1131,0.4067,
29,94,True,0.821596,0.7219,none,,,False,,29,0,0.0996,0.3644,
29,12,True,0.797298,0.6008,none,,,False,,29,0,0.1056,0.3636,
29,63,True,0.798407,0.6063,none,,,False,,29,0,0.1365,0.351,
29,7,True,0.558283,-0.5903,none,,,False,,29,0,0.2312,0.3161,
29,66,True,0.648924,-0.1386,none,,,False,,29,0,0.2291,0.3064,
29,44,True,0.614076,-0.3123,none,,,False,,29,0,0.205,0.299,
29,58,True,0.485625,-0.9524,none,,,False,,29,0,0.2125,0.2944,
29,80,True,0.594362,-0.4105,none,,,False,,29,0,0.1822,0.2893,
29,15,True,0.516213,-0.7999,none,,,False,,29,0,0.1808,0.2882,
29,65,True,0.675738,-0.005,none,,,False,,29,0,0.097,0.2844,
29,77,True,0.37213,-1.518,none,,,False,,29,0,0.1365,0.2797,
29,52,True,0.459812,-1.081,none,,,False,,29,0,0.2004,0.2494,
29,13,True,0.428617,-1.2365,none,,,False,,29,0,0.1688,0.2394,
29,30,True,0.685067,0.0415,none,,,False,,29,0,0.1056,0.2346,
29,89,True,0.540368,-0.6796,none,,,False,,29,0,0.217,0.2326,
29,0,True,0.677737,0.005,none,,,False,,29,0,0.1252,0.2313,
29,68,True,0.75661,0.398,none,,,False,,29,0,0.1177,0.2273,
29,96,True,0.68084,0.0204,none,,,False,,29,0,0.1762,0.2268,
29,53,True,0.432462,-1.2173,none,,,False,,29,0,0.1024,0.2091,
29,56,True,0.231739,-2.2176,none,,,False,,29,0,0.3869,-2.2762,
29,2,True,0.487475,-0.9432,none,,,False,,29,0,0.3056,-2.9619,
29,25,True,0.467557,-1.0424,none,,,False,,29,0,0.2245,0.1605,
29,27,True,0.695871,0.0953,none,,,False,,29,0,0.2191,0.0535,
29,24,True,0.58804,-0.442,none,,,False,,29,0,0.2125,0.1477,
29,40,True,0.321637,-1.7696,none,,,False,,29,0,0.2125,-0.6428,
30,59,True,1.20562,2.8466,cusum,,,True,positive,30,0,0.339,3.4304,
30,10,True,1.180562,2.7287,none,,,False,,30,0,0.3127,2.7991,
30,99,True,0.905565,1.4346,none,,,False,,30,0,0.3052,2.6133,
30,31,True,1.103898,2.3679,none,,,False,,30,0,0.2992,2.4267,
30,5,True,1.038728,2.0613,none,,,False,,30,0,0.3087,2.1196,
30,93,True,0.81237,0.9961,none,,,False,,30,0,0.3052,1.8794,
30,3,True,0.700997,0.472,none,,,False,,30,0,0.1127,1.0748,
30,38,True,0.757362,0.7372,none,,,False,,30,0,0.1246,0.8713,
30,9,True,0.75382,0.7205,none,,,False,,30,0,0.1052,0.6537,
30,12,True,0.744617,0.6772,none,,,False,,30,0,0.102,0.5545,
30,94,True,0.699107,0.4631,none,,,False,,30,0,0.0966,0.5218,
30,70,True,0.558983,-0.1963,none,,,False,,30,0,0.0992,0.4503,
30,63,True,0.919244,1.499,none,,,False,,30,0,0.1246,0.4205,
30,30,True,0.683938,0.3917,none,,,False,,30,0,0.102,0.2583,
30,42,True,0.500864,-0.4698,none,,,False,,30,0,0.1857,0.207,
30,8,True,0.735915,0.6363,none,,,False,,30,0,0.1623,0.2001,
30,43,True,0.734695,0.6305,none,,,False,,30,0,0.1204,0.1725,
30,44,True,0.514399,-0.4061,none,,,False,,30,0,0.1543,0.1709,
30,6,True,0.746183,0.6846,none,,,False,,30,0,0.1244,0.159,
30,65,True,0.58187,-0.0886,none,,,False,,30,0,0.0942,0.1508,
30,80,True,0.572225,-0.134,none,,,False,,30,0,0.1127,0.1386,
30,68,True,0.596759,-0.0186,none,,,False,,30,0,0.102,0.127,
30,90,True,0.510006,-0.4268,none,,,False,,30,0,0.1244,0.125,
30,64,True,0.561681,-0.1836,none,,,False,,30,0,0.1087,0.1177,
30,97,True,0.643465,0.2012,none,,,False,,30,0,0.1244,0.1116,
30,49,True,0.466178,-0.6331,none,,,False,,30,0,0.1823,0.1056,
30,92,True,0.422526,-0.8385,none,,,False,,30,0,0.1479,0.1021,
30,95,True,0.604649,0.0186,none,,,False,,30,0,0.1204,0.0774,
30,11,True,0.561808,-0.183,none,,,False,,30,0,0.1829,0.0766,
30,35,True,0.457955,-0.6718,none,,,False,,30,0,0.2009,0.0653,
30,56,True,0.2906,-1.4593,cusum,,,True,negative,30,0,0.3706,-2.6953,
30,2,True,-0.637556,-3.0,cusum,,,True,negative,30,0,0.302,-2.6853,
30,84,True,0.297789,-1.4255,none,,,False,,30,0,0.2207,-0.382,
30,45,True,0.276255,-1.5268,none,,,False,,30,0,0.2177,-0.5625,
30,55,True,0.36899,-1.0904,none,,,False,,30,0,0.2173,-0.6654,
30,62,True,0.303441,-1.3989,none,,,False,,30,0,0.2173,-0.0819,
31,59,True,1.039035,1.4873,none,,,False,,31,0,0.3272,3.5692,
31,10,True,1.094685,1.71,cusum,,,True,positive,31,0,0.3084,3.2422,
31,99,True,0.977159,1.2398,cusum,,,True,positive,31,0,0.3017,2.689,
31,31,True,1.083639,1.6658,cusum,,,True,positive,31,0,0.2962,2.6434,
31,5,True,0.834065,0.6672,none,,,False,,31,0,0.3048,2.2464,
31,93,True,0.840547,0.6932,none,,,False,,31,0,0.3017,2.1042,
31,3,True,0.715239,0.1918,cusum,,,True,positive,31,0,0.3084,1.9841,
31,63,True,0.841237,0.6959,none,,,False,,31,0,0.1138,1.0142,
31,9,True,0.888397,0.8846,none,,,False,,31,0,0.1017,0.7985,
31,38,True,0.9603,1.1723,none,,,False,,31,0,0.1138,0.7084,
31,12,True,0.716254,0.1959,none,,,False,,31,0,0.0988,0.6667,
31,94,True,0.718248,0.2038,none,,,False,,31,0,0.0938,0.6013,
31,43,True,0.824088,0.6273,none,,,False,,31,0,0.1048,0.5437,
31,6,True,0.569601,-0.3909,none,,,False,,31,0,0.1084,0.451,
31,8,True,0.667268,-0.0001,none,,,False,,31,0,0.1272,0.4283,
31,30,True,0.686653,0.0774,none,,,False,,31,0,0.0988,0.3585,
31,70,True,0.667339,0.0001,none,,,False,,31,0,0.0962,0.2941,
31,35,True,0.33943,-1.3119,none,,,False,,31,0,0.1413,0.166,
31,11,True,0.372485,-1.1796,none,,,False,,31,0,0.1138,0.1213,
31,65,True,0.666581,-0.0029,none,,,False,,31,0,0.0916,0.1097,
31,97,True,0.529821,-0.5501,none,,,False,,31,0,0.1084,0.0844,
31,80,True,0.518084,-0.597,none,,,False,,31,0,0.1084,0.0771,
31,42,True,0.438969,-0.9136,none,,,False,,31,0,0.1272,0.0667,
31,81,True,0.628101,-0.1569,none,,,False,,31,0,0.1274,0.0606,
31,39,True,0.656619,-0.0428,none,,,False,,31,0,0.1901,0.0557,
31,71,True,0.670216,0.0117,none,,,False,,31,0,0.1752,0.0547,
31,46,True,0.852444,0.7408,none,,,False,,31,0,0.1274,0.0521,
31,15,True,0.496915,-0.6817,none,,,False,,31,0,0.1676,0.0435,
31,44,True,0.419813,-0.9902,none,,,False,,31,0,0.1413,0.0413,
31,24,True,0.671236,0.0157,none,,,False,,31,0,0.1526,0.0336,
31,56,True,0.231406,-1.7441,none,,,False,,31,0,0.3563,-2.2931,
31,2,True,0.513218,-0.6165,none,,,False,,31,0,0.2988,-2.6894,
31,85,True,0.220146,-1.7891,none,,,False,,31,0,0.2288,-0.4814,
31,22,True,0.286494,-1.5237,none,,,False,,31,0,0.2204,-0.5793,
31,57,True,0.410559,-1.0273,none,,,False,,31,0,0.2204,-0.2029,
31,75,True,0.526454,-0.5636,none,,,False,,31,0,0.2175,-0.1649,
32,59,True,1.052928,1.9525,cusum,,,True,positive,32,0,0.3165,3.589,
32,10,True,1.017531,1.7743,none,,,False,,32,0,0.3045,3.2335,
32,31,True,0.805184,0.7049,none,,,False,,32,0,0.2934,2.9497,
32,99,True,1.06519,2.0143,none,,,False,,32,0,0.2984,2.6509,
32,5,True,0.895382,1.1591,cusum,,,True,positive,32,0,0.3013,2.342,
32,38,True,0.920424,1.2852,cusum,,,True,positive,32,0,0.308,1.8371,
32,3,True,0.742543,0.3894,none,,,False,,32,0,0.3045,1.6836,
32,63,True,0.71236,0.2374,none,,,False,,32,0,0.108,1.0724,
32,93,True,0.875124,1.0571,none,,,False,,32,0,0.2984,0.9112,
32,9,True,0.908924,1.2273,none,,,False,,32,0,0.0984,0.7824,
32,43,True,0.778028,0.5681,none,,,False,,32,0,0.1013,0.6571,
32,12,True,0.683747,0.0933,none,,,False,,32,0,0.0958,0.6126,
32,94,True,0.704931,0.2,none,,,False,,32,0,0.0912,0.5776,
32,30,True,0.477398,-0.9459,none,,,False,,32,0,0.0958,0.2915,
32,6,True,0.524733,-0.7075,none,,,False,,32,0,0.1045,0.246,
32,8,True,0.632703,-0.1638,none,,,False,,32,0,0.1165,0.1666,
32,46,True,0.72877,0.32,none,,,False,,32,0,0.1013,0.1012,
32,65,True,0.677075,0.0597,none,,,False,,32,0,0.0892,0.0796,
32,24,True,0.635182,-0.1513,none,,,False,,32,0,0.1297,0.0764,
32,70,True,0.742303,0.3882,none,,,False,,32,0,0.0934,0.0687,
32,18,True,0.537322,-0.6441,none,,,False,,32,0,0.1821,0.0276,
32,19,True,0.750175,0.4278,none,,,False,,32,0,0.1408,0.0096,
32,81,True,0.623767,-0.2088,none,,,False,,32,0,0.1013,-0.0133,
32,66,True,0.657356,-0.0396,none,,,False,,32,0,0.18,-0.0234,
32,67,True,0.544633,-0.6073,none,,,False,,32,0,0.2062,-0.0245,
32,34,True,0.655742,-0.0477,none,,,False,,32,0,0.1712,-0.0283,
32,1,True,0.552146,-0.5695,none,,,False,,32,0,0.1872,-0.0292,
32,86,True,0.494355,-0.8605,none,,,False,,32,0,0.1821,-0.0314,
32,52,True,0.449626,-1.0858,none,,,False,,32,0,0.1654,-0.0474,
32,96,True,0.673087,0.0396,none,,,False,,32,0,0.1654,-0.0501,
32,56,True,0.017818,-3.0,cusum,,,True,negative,32,0,0.3435,-2.1489,
32,2,True,-0.025617,-3.0,cusum,,,True,negative,32,0,0.2958,-1.8986,
32,28,True,0.228119,-2.2013,none,,,False,,32,0,0.2238,-1.0218,
32,87,True,0.165207,-2.5181,none,,,False,,32,0,0.2238,-0.9793,
32,98,True,0.239651,-2.1432,none,,,False,,32,0,0.2238,-0.861,
32,51,True,0.417778,-1.2462,none,,,False,,32,0,0.2201,-0.2881,
33,59,True,1.06687,1.5449,none,,,False,,33,0,0.3077,3.2342,
33,10,True,1.444114,2.9151,cusum,,,True,positive,33,0,0.301,3.2001,
33,31,True,0.924108,1.0263,none,,,False,,33,0,0.2909,2.6942,
33,99,True,0.81736,0.6386,cusum,,,True,positive,33,0,0.2955,2.6842,
33,5,True,0.966689,1.181,none,,,False,,33,0,0.2981,2.4209,
33,38,True,1.079059,1.5891,none,,,False,,33,0,0.3041,2.1985,
33,9,True,0.844592,0.7375,cusum,,,True,positive,33,0,0.2955,2.0654,
33,93,True,0.895287,0.9216,cusum,,,True,positive,33,0,0.2955,2.0367,
33,3,True,1.028823,1.4067,none,,,False,,33,0,0.301,1.4802,
33,63,True,0.98358,1.2423,none,,,False,,33,0,0.1041,0.9444,
33,43,True,0.488294,-0.5567,none,,,False,,33,0,0.0981,0.7337,
33,46,True,0.523082,-0.4303,none,,,False,,33,0,0.0981,0.5999,
33,12,True,0.822377,0.6568,none,,,False,,33,0,0.0931,0.44,
33,94,True,0.798669,0.5707,none,,,False,,33,0,0.0889,0.4008,
33,8,True,0.503034,-0.5031,none,,,False,,33,0,0.1077,0.2961,
33,70,True,0.901417,0.9439,none,,,False,,33,0,0.0909,0.1787,
33,19,True,0.633788,-0.0282,none,,,False,,33,0,0.1041,0.1617,
33,65,True,0.832117,0.6922,none,,,False,,33,0,0.087,0.0985,
33,67,True,0.449533,-0.6975,none,,,False,,33,0,0.119,0.0045,
33,6,True,0.738912,0.3536,none,,,False,,33,0,0.101,-0.0088,
33,81,True,0.591618,-0.1814,none,,,False,,33,0,0.0981,-0.0117,
33,30,True,0.672835,0.1136,none,,,False,,33,0,0.0931,-0.0411,
33,24,True,0.612083,-0.107,none,,,False,,33,0,0.119,-0.0482,
33,16,True,0.630141,-0.0415,none,,,False,,33,0,0.1466,-0.054,
33,68,True,0.649318,0.0282,none,,,False,,33,0,0.1193,-0.0644,
33,82,True,0.444905,-0.7143,none,,,False,,33,0,0.1925,-0.0782,
33,90,True,0.531559,-0.3995,none,,,False,,33,0,0.1289,-0.0847,
33,13,True,0.616381,-0.0914,none,,,False,,33,0,0.1918,-0.1025,
33,64,True,0.551894,-0.3257,none,,,False,,33,0,0.1254,-0.1082,
33,97,True,0.48671,-0.5624,none,,,False,,33,0,0.1148,-0.1105,
33,28,True,0.106806,-1.9423,cusum,,,True,negative,33,0,0.3455,-1.7577,
33,87,True,0.288938,-1.2808,cusum,,,True,negative,33,0,0.3455,-2.0378,
33,56,True,0.187533,-1.6491,none,,,False,,33,0,0.332,-2.417,
33,2,True,0.314097,-1.1894,none,,,False,,33,0,0.2931,-2.5877,
33,76,True,0.298143,-1.2474,none,,,False,,33,0,0.2274,-0.3116,
33,7,True,0.661685,0.0731,none,,,False,,33,0,0.2242,-0.1467,
34,10,True,1.090332,2.4026,none,,,False,,34,0,0.2978,3.2581,
34,59,True,1.124854,2.6047,cusum,,,True,positive,34,0,0.3038,2.7952,
34,38,True,0.873202,1.1316,none,,,False,,34,0,0.3007,2.478,
34,99,True,1.103781,2.4814,none,,,False,,34,0,0.2928,2.4154,
34,31,True,0.953202,1.5999,none,,,False,,34,0,0.2886,2.2441,
34,5,True,1.010397,1.9347,none,,,False,,34,0,0.2952,2.1237,
34,9,True,0.770031,0.5276,none,,,False,,34,0,0.2928,2.0677,
34,93,True,0.799185,0.6983,none,,,False,,34,0,0.2928,2.0085,
34,63,True,0.837612,0.9232,cusum,,,True,positive,34,0,0.3007,1.8543,
34,3,True,0.760546,0.4721,none,,,False,,34,0,0.2978,1.7876,
34,70,True,0.796771,0.6841,none,,,False,,34,0,0.0886,0.5559,
34,94,True,0.673946,-0.0349,none,,,False,,34,0,0.0867,0.4339,
34,12,True,0.720098,0.2353,none,,,False,,34,0,0.0906,0.43,
34,65,True,0.653852,-0.1525,none,,,False,,34,0,0.0849,0.3563,
34,43,True,0.801092,0.7094,none,,,False,,34,0,0.0952,0.3342,
34,46,True,0.756644,0.4492,none,,,False,,34,0,0.0952,0.3314,
34,68,True,0.618416,-0.3599,none,,,False,,34,0,0.0952,0.2572,
34,19,True,0.693304,0.0785,none,,,False,,34,0,0.1007,0.2356,
34,24,True,0.597924,-0.4799,none,,,False,,34,0,0.1093,0.0578,
34,81,True,0.675246,-0.0273,none,,,False,,34,0,0.0952,-0.0611,
34,16,True,0.57399,-0.62,none,,,False,,34,0,0.1007,-0.0829,
34,8,True,0.485288,-1.1393,none,,,False,,34,0,0.1038,-0.0887,
34,74,True,0.566331,-0.6648,none,,,False,,34,0,0.1553,-0.1154,
34,66,True,0.713974,0.1995,none,,,False,,34,0,0.1577,-0.1193,
34,27,True,0.666359,-0.0793,none,,,False,,34,0,0.2347,-0.1204,
34,89,True,0.494736,-1.0839,none,,,False,,34,0,0.2028,-0.1205,
34,6,True,0.67639,-0.0206,none,,,False,,34,0,0.0978,-0.1233,
34,30,True,0.635093,-0.2623,none,,,False,,34,0,0.0906,-0.1369,
34,39,True,0.70489,0.1463,none,,,False,,34,0,0.168,-0.1414,
34,95,True,0.683414,0.0206,none,,,False,,34,0,0.1347,-0.1435,
34,28,True,0.21044,-2.7482,none,,,False,,34,0,0.3341,-2.1241,
34,87,True,0.168073,-2.9962,none,,,False,,34,0,0.3341,-2.2002,
34,56,True,0.247466,-2.5315,cusum,,,True,negative,34,0,0.3215,-2.4867,
34,2,True,0.314162,-2.141,cusum,,,True,negative,34,0,0.2906,-1.9873,
34,4,True,0.397232,-1.6547,none,,,False,,34,0,0.2337,-0.6165,
34,48,True,0.219094,-2.6975,none,,,False,,34,0,0.2337,-0.78,
35,10,True,0.94173,1.1088,cusum,,,True,positive,35,0,0.2949,3.4853,
35,59,True,1.022567,1.4316,none,,,False,,35,0,0.3004,3.1631,
35,99,True,1.061576,1.5874,cusum,,,True,positive,35,0,0.2903,2.8261,
35,5,True,0.958467,1.1756,cusum,,,True,positive,35,0,0.2925,2.5428,
35,38,True,1.054241,1.5581,cusum,,,True,positive,35,0,0.2975,2.4603,
35,31,True,0.966079,1.206,cusum,,,True,positive,35,0,0.2864,2.2195,
35,93,True,0.933588,1.0762,none,,,False,,35,0,0.2903,2.007,
35,9,True,0.826419,0.6482,none,,,False,,35,0,0.2903,1.9455,
35,63,True,0.723332,0.2365,none,,,False,,35,0,0.2975,1.926,
35,3,True,0.846138,0.727,none,,,False,,35,0,0.2949,1.8773,
35,70,True,0.765421,0.4046,none,,,False,,35,0,0.0864,0.7812,
35,12,True,0.839569,0.7008,none,,,False,,35,0,0.0883,0.4403,
35,43,True,0.762787,0.3941,none,,,False,,35,0,0.0925,0.3581,
35,94,True,0.795754,0.5258,none,,,False,,35,0,0.0846,0.3519,
35,65,True,0.607551,-0.2259,none,,,False,,35,0,0.083,0.3041,
35,19,True,0.691477,0.1093,none,,,False,,35,0,0.0975,0.2844,
35,46,True,0.687128,0.0919,none,,,False,,35,0,0.0925,0.2308,
35,39,True,0.661815,-0.0092,none,,,False,,35,0,0.1362,0.1768,
35,66,True,0.479906,-0.7357,none,,,False,,35,0,0.1362,0.1578,
35,27,True,0.607093,-0.2277,none,,,False,,35,0,0.1782,0.0949,
35,68,True,0.676907,0.0511,none,,,False,,35,0,0.0925,0.0011,
35,6,True,0.317322,-1.385,none,,,False,,35,0,0.0949,-0.0035,
35,81,True,0.642826,-0.085,none,,,False,,35,0,0.0925,-0.0213,
35,95,True,0.666404,0.0092,none,,,False,,35,0,0.1004,-0.0855,
35,24,True,0.648572,-0.0621,none,,,False,,35,0,0.1035,-0.1124,
35,11,True,0.414506,-0.9969,none,,,False,,35,0,0.1418,-0.1462,
35,89,True,0.53389,-0.5201,none,,,False,,35,0,0.1493,-0.1724,
35,97,True,0.551871,-0.4483,none,,,False,,35,0,0.1104,-0.1747,
35,17,True,0.345672,-1.2718,none,,,False,,35,0,0.2004,-0.1823,
35,37,True,0.450483,-0.8532,none,,,False,,35,0,0.2093,-0.1849,
35,48,True,0.366533,-1.1885,cusum,,,True,negative,35,0,0.3493,-1.9656,
35,28,True,0.180181,-1.9327,cusum,,,True,negative,35,0,0.3237,-2.6529,
35,87,True,0.21424,-1.7967,cusum,,,True,negative,35,0,0.3237,-2.6207,
35,56,True,-0.082052,-2.98,none,,,False,,35,0,0.3118,-2.7548,
35,2,True,0.554899,-0.4362,none,,,False,,35,0,0.2883,-2.4983,
35,88,True,0.53501,-0.5156,none,,,False,,35,0,0.2432,-0.25,
36,10,True,1.026091,1.5273,none,,,False,,36,0,0.2922,3.26,
36,59,True,1.163233,2.0933,cusum,,,True,positive,36,0,0.2972,2.9854,
36,99,True,0.818612,0.6711,none,,,False,,36,0,0.288,2.6809,
36,38,True,1.038338,1.5779,none,,,False,,36,0,0.2946,2.5475,
36,5,True,1.086045,1.7748,none,,,False,,36,0,0.29,2.5451,
36,31,True,1.107616,1.8638,none,,,False,,36,0,0.2843,2.384,
36,93,True,0.931295,1.1361,none,,,False,,36,0,0.288,2.0105,
36,63,True,0.672179,0.0668,none,,,False,,36,0,0.2946,1.922,
36,9,True,0.709913,0.2225,none,,,False,,36,0,0.288,1.7496,
36,12,True,0.779387,0.5092,cusum,,,True,positive,36,0,0.2861,1.6401,
36,3,True,0.885275,0.9462,none,,,False,,36,0,0.2922,0.9864,
36,70,True,0.820264,0.6779,none,,,False,,36,0,0.0843,0.7842,
36,94,True,0.774477,0.4889,none,,,False,,36,0,0.0827,0.4581,
36,43,True,0.768327,0.4636,none,,,False,,36,0,0.09,0.297,
36,65,True,0.745556,0.3696,none,,,False,,36,0,0.0812,0.2067,
36,39,True,0.678276,0.0919,none,,,False,,36,0,0.1259,0.1758,
36,19,True,0.635592,-0.0842,none,,,False,,36,0,0.0946,0.1745,
36,46,True,0.639823,-0.0668,none,,,False,,36,0,0.09,0.1517,
36,95,True,0.588579,-0.2782,none,,,False,,36,0,0.0972,0.1411,
36,27,True,0.458757,-0.814,none,,,False,,36,0,0.1647,0.0961,
36,68,True,0.592244,-0.2631,none,,,False,,36,0,0.09,0.0212,
36,81,True,0.701588,0.1881,none,,,False,,36,0,0.09,0.0168,
36,66,True,0.496138,-0.6597,none,,,False,,36,0,0.1259,-0.0476,
36,24,True,0.744655,0.3659,none,,,False,,36,0,0.1001,-0.0872,
36,74,True,0.607383,-0.2006,none,,,False,,36,0,0.1098,-0.2004,
36,64,True,0.430209,-0.9318,none,,,False,,36,0,0.1195,-0.2069,
36,41,True,0.441186,-0.8865,none,,,False,,36,0,0.219,-0.2158,
36,82,True,0.439326,-0.8942,none,,,False,,36,0,0.1227,-0.2166,
36,58,True,0.51633,-0.5764,none,,,False,,36,0,0.2093,-0.2275,
36,48,True,0.383436,-1.1249,none,,,False,,36,0,0.3381,-2.1807,
36,28,True,0.241479,-1.7107,none,,,False,,36,0,0.3142,-2.5691,
36,87,True,0.187231,-1.9346,none,,,False,,36,0,0.3142,-2.3859,
36,56,True,0.260925,-1.6304,cusum,,,True,negative,36,0,0.3033,-2.7532,
36,2,True,0.575776,-0.3311,none,,,False,,36,0,0.2861,-1.6464,
36,21,True,0.228575,-1.7639,none,,,False,,36,0,0.2482,-0.2656,
36,72,True,0.270352,-1.5915,none,,,False,,36,0,0.2482,-0.499,
37,59,True,1.238302,2.3566,none,,,False,,37,0,0.2943,3.1645,
37,10,True,1.01284,1.4386,none,,,False,,37,0,0.2898,2.7943,
37,5,True,0.978457,1.2986,none,,,False,,37,0,0.2877,2.7402,
37,99,True,0.70001,0.1649,none,,,False,,37,0,0.2858,2.6891,
37,31,True,1.030639,1.5111,none,,,False,,37,0,0.2824,2.6608,
37,38,True,0.793961,0.5474,cusum,,,True,positive,37,0,0.292,2.5404,
37,93,True,0.949748,1.1817,cusum,,,True,positive,37,0,0.2858,2.0793,
37,12,True,0.872393,0.8667,none,,,False,,37,0,0.2841,1.5884,
37,9,True,0.862241,0.8254,none,,,False,,37,0,0.2858,1.5752,
37,63,True,0.750618,0.3709,none,,,False,,37,0,0.292,1.5267,
37,3,True,0.908151,1.0123,none,,,False,,37,0,0.2898,0.8298,
37,70,True,0.687674,0.1146,none,,,False,,37,0,0.0824,0.6931,
37,43,True,0.816902,0.6408,none,,,False,,37,0,0.0877,0.6342,
37,94,True,0.794624,0.5501,none,,,False,,37,0,0.0809,0.4287,
37,46,True,0.685858,0.1072,none,,,False,,37,0,0.0877,0.2699,
37,39,True,0.659311,-0.0009,none,,,False,,37,0,0.1164,0.215,
37,19,True,0.722525,0.2565,none,,,False,,37,0,0.092,0.1524,
37,81,True,0.61491,-0.1817,none,,,False,,37,0,0.0877,0.1371,
37,65,True,0.659735,0.0009,none,,,False,,37,0,0.0795,0.0971,
37,24,True,0.657627,-0.0077,none,,,False,,37,0,0.097,0.0663,
37,95,True,0.62902,-0.1242,none,,,False,,37,0,0.0943,0.0384,
37,68,True,0.619608,-0.1625,none,,,False,,37,0,0.0877,-0.0788,
37,27,True,0.597351,-0.2531,none,,,False,,37,0,0.1526,-0.2156,
37,6,True,0.499409,-0.6519,none,,,False,,37,0,0.1014,-0.2328,
37,71,True,0.488331,-0.697,none,,,False,,37,0,0.1872,-0.2411,
37,88,True,0.486844,-0.7031,none,,,False,,37,0,0.162,-0.2414,
37,34,True,0.686738,0.1108,none,,,False,,37,0,0.1543,-0.2459,
37,36,True,0.387641,-1.107,none,,,False,,37,0,0.232,-0.2464,
37,80,True,0.457924,-0.8209,none,,,False,,37,0,0.1527,-0.2469,
37,48,True,0.318786,-1.3874,none,,,False,,37,0,0.3279,-2.0259,
37,28,True,0.210475,-1.8284,cusum,,,True,negative,37,0,0.3054,-2.4969,
37,87,True,-0.344697,-3.0,cusum,,,True,negative,37,0,0.3054,-2.6089,
37,56,True,0.114368,-2.2197,none,,,False,,37,0,0.2998,-2.7515,
37,2,True,0.620511,-0.1588,none,,,False,,37,0,0.2841,-1.3628,
37,91,True,0.407105,-1.0278,none,,,False,,37,0,0.2566,-0.338,
37,78,True,0.220211,-1.7887,none,,,False,,37,0,0.2534,-1.1064,
38,59,True,1.00978,1.4374,cusum,,,True,positive,38,0,0.2917,3.0784,
38,31,True,1.114409,1.9054,cusum,,,True,positive,38,0,0.2807,2.629,
38,5,True,0.922827,1.0485,cusum,,,True,positive,38,0,0.2856,2.5254,
38,10,True,1.083728,1.7682,cusum,,,True,positive,38,0,0.2875,2.47,
38,38,True,0.933331,1.0955,none,,,False,,38,0,0.2895,2.3425,
38,93,True,0.83576,0.6591,none,,,False,,38,0,0.2838,2.238,
38,3,True,0.804962,0.5214,cusum,,,True,positive,38,0,0.2875,2.007,
38,99,True,0.990471,1.3511,none,,,False,,38,0,0.2838,1.9144,
38,12,True,0.784333,0.4291,none,,,False,,38,0,0.2822,1.7965,
38,63,True,0.780931,0.4139,none,,,False,,38,0,0.2895,1.3394,
38,9,True,0.720137,0.142,none,,,False,,38,0,0.2838,0.672,
38,94,True,0.771049,0.3697,none,,,False,,38,0,0.0792,0.6216,
38,43,True,0.754742,0.2967,none,,,False,,38,0,0.0856,0.6086,
38,70,True,0.770987,0.3694,none,,,False,,38,0,0.0807,0.5011,
38,24,True,0.757931,0.311,none,,,False,,38,0,0.0941,0.22,
38,19,True,0.592531,-0.4288,none,,,False,,38,0,0.0895,0.2086,
38,39,True,0.652639,-0.1599,none,,,False,,38,0,0.1077,0.1609,
38,46,True,0.664099,-0.1087,none,,,False,,38,0,0.0856,0.1532,
38,65,True,0.701342,0.0579,none,,,False,,38,0,0.0779,0.1462,
38,81,True,0.740403,0.2326,none,,,False,,38,0,0.0856,0.0829,
38,95,True,0.596632,-0.4104,none,,,False,,38,0,0.0917,-0.0132,
38,68,True,0.675448,-0.0579,none,,,False,,38,0,0.0856,-0.0157,
38,30,True,0.70231,0.0622,none,,,False,,38,0,0.1151,-0.2531,
38,42,True,0.398538,-1.2964,none,,,False,,38,0,0.1851,-0.254,
38,60,True,0.491421,-0.881,none,,,False,,38,0,0.2219,-0.2556,
38,66,True,0.534149,-0.6899,none,,,False,,38,0,0.1278,-0.26,
38,57,True,0.288248,-1.7897,none,,,False,,38,0,0.1969,-0.2613,
38,50,True,0.350777,-1.51,none,,,False,,38,0,0.2503,-0.2629,
38,74,True,0.546755,-0.6335,none,,,False,,38,0,0.1059,-0.2649,
38,48,True,0.433198,-1.1414,cusum,,,True,negative,38,0,0.3186,-1.5949,
38,28,True,0.151726,-2.4003,none,,,False,,38,0,0.2996,-2.1948,
38,87,True,0.372491,-1.4129,none,,,False,,38,0,0.2996,-2.6147,
38,56,True,0.122382,-2.5315,cusum,,,True,negative,38,0,0.2967,-2.6517,
38,2,True,0.429856,-1.1563,none,,,False,,38,0,0.2822,-0.7044,
38,14,True,0.160234,-2.3622,none,,,False,,38,0,0.2522,-1.7036,
38,47,True,0.278891,-1.8315,none,,,False,,38,0,0.2496,-0.8265,
39,59,True,1.19701,1.731,none,,,False,,39,0,0.2893,3.0772,
39,31,True,0.919564,0.8518,none,,,False,,39,0,0.279,2.8601,
39,10,True,1.01238,1.1459,none,,,False,,39,0,0.2854,2.6871,
39,5,True,0.928853,0.8812,none,,,False,,39,0,0.2836,2.4806,
39,38,True,0.915806,0.8399,none,,,False,,39,0,0.2872,2.1854,
39,93,True,1.025671,1.188,none,,,False,,39,0,0.282,2.0966,
39,3,True,0.807158,0.4956,none,,,False,,39,0,0.2854,1.9357,
39,99,True,0.973263,1.022,cusum,,,True,positive,39,0,0.282,1.8333,
39,12,True,0.745836,0.3013,none,,,False,,39,0,0.2804,1.7037,
39,43,True,0.647758,-0.0095,none,,,False,,39,0,0.0836,0.5736,
39,94,True,0.7686,0.3734,none,,,False,,39,0,0.0776,0.5676,
39,9,True,0.952371,0.9558,none,,,False,,39,0,0.282,0.5009,
39,70,True,0.830636,0.57,none,,,False,,39,0,0.079,0.4873,
39,63,True,0.753404,0.3253,none,,,False,,39,0,0.2872,0.3957,
39,24,True,0.578737,-0.2282,none,,,False,,39,0,0.0915,0.3409,
39,65,True,0.672102,0.0676,none,,,False,,39,0,0.0763,0.239,
39,81,True,0.587066,-0.2018,none,,,False,,39,0,0.0836,0.1863,
39,39,True,0.690329,0.1254,none,,,False,,39,0,0.0996,0.1061,
39,46,True,0.663192,0.0394,none,,,False,,39,0,0.0836,0.0839,
39,30,True,0.608976,-0.1324,none,,,False,,39,0,0.0854,0.0803,
39,19,True,0.806712,0.4942,none,,,False,,39,0,0.0872,0.0263,
39,68,True,0.653768,0.0095,none,,,False,,39,0,0.0836,-0.0546,
39,95,True,0.629959,-0.0659,none,,,False,,39,0,0.0893,-0.1562,
39,32,True,0.425886,-0.7126,none,,,False,,39,0,0.2356,-0.2651,
39,18,True,0.437255,-0.6766,none,,,False,,39,0,0.1744,-0.2657,
39,27,True,0.594199,-0.1792,none,,,False,,39,0,0.1523,-0.2809,
39,0,True,0.553851,-0.3071,none,,,False,,39,0,0.2013,-0.2876,
39,61,True,0.323853,-1.0359,none,,,False,,39,0,0.2543,-0.3196,
39,35,True,0.43857,-0.6724,none,,,False,,39,0,0.2061,-0.3212,
39,14,True,0.143383,-1.6078,cusum,,,True,negative,39,0,0.3317,-2.5391,
39,60,True,0.403535,-0.7834,cusum,,,True,negative,39,0,0.3206,-1.2715,
39,48,True,0.366183,-0.9018,none,,,False,,39,0,0.3099,-1.5842,
39,28,True,0.214265,-1.3832,cusum,,,True,negative,39,0,0.2965,-2.3548,
39,87,True,0.308074,-1.0859,cusum,,,True,negative,39,0,0.2965,-2.4908,
39,56,True,0.086375,-1.7885,none,,,False,,39,0,0.2939,-2.506,
39,2,True,0.380852,-0.8553,cusum,,,True,negative,39,0,0.2804,-0.9467,
40,59,True,0.96384,1.1413,cusum,,,True,positive,40,0,0.287,2.9535,
40,10,True,0.964378,1.1433,none,,,False,,40,0,0.2834,2.5575,
40,31,True,0.976387,1.188,none,,,False,,40,0,0.2774,2.5208,
40,5,True,0.862918,0.7657,none,,,False,,40,0,0.2817,2.1804,
40,93,True,0.960943,1.1305,none,,,False,,40,0,0.2802,2.1117,
40,99,True,0.997566,1.2668,none,,,False,,40,0,0.2802,1.948,
40,38,True,0.914593,0.958,none,,,False,,40,0,0.2851,1.9367,
40,3,True,0.81391,0.5833,none,,,False,,40,0,0.2834,1.783,
40,12,True,0.501726,-0.5785,none,,,False,,40,0,0.2787,1.6324,
40,9,True,0.895494,0.8869,none,,,False,,40,0,0.2802,0.7431,
40,94,True,0.742302,0.3168,none,,,False,,40,0,0.0761,0.5273,
40,63,True,0.869307,0.7895,none,,,False,,40,0,0.2851,0.4791,
40,70,True,0.79492,0.5126,none,,,False,,40,0,0.0774,0.4494,
40,43,True,0.747104,0.3347,none,,,False,,40,0,0.0817,0.4136,
40,19,True,0.769699,0.4188,none,,,False,,40,0,0.0851,0.2164,
40,24,True,0.627974,-0.1087,none,,,False,,40,0,0.089,0.1397,
40,65,True,0.576976,-0.2985,none,,,False,,40,0,0.0749,0.1366,
40,46,True,0.784787,0.4749,none,,,False,,40,0,0.0817,0.1169,
40,39,True,0.679099,0.0816,none,,,False,,40,0,0.0962,0.1132,
40,81,True,0.589619,-0.2514,none,,,False,,40,0,0.0817,0.054,
40,68,True,0.738174,0.3014,none,,,False,,40,0,0.0817,0.034,
40,30,True,0.711582,0.2025,none,,,False,,40,0,0.0834,-0.0042,
40,95,True,0.620052,-0.1382,none,,,False,,40,0,0.087,-0.0884,
40,32,True,0.312309,-1.2835,none,,,False,,40,0,0.1019,-0.2277,
40,27,True,0.635255,-0.0816,none,,,False,,40,0,0.1334,-0.2711,
40,37,True,0.590287,-0.2489,none,,,False,,40,0,0.1798,-0.3304,
40,91,True,0.450149,-0.7705,none,,,False,,40,0,0.1623,-0.3426,
40,96,True,0.603636,-0.1993,none,,,False,,40,0,0.2061,-0.3437,
40,58,True,0.54957,-0.4005,none,,,False,,40,0,0.1711,-0.3463,
40,14,True,0.162197,-1.8421,none,,,False,,40,0,0.3225,-2.6095,
40,60,True,0.451179,-0.7666,none,,,False,,40,0,0.312,-1.7123,
40,48,True,0.343234,-1.1684,none,,,False,,40,0,0.3019,-1.5144,
40,28,True,0.205532,-1.6808,none,,,False,,40,0,0.2936,-2.2494,
40,87,True,0.30046,-1.3276,none,,,False,,40,0,0.2936,-2.2117,
40,56,True,0.16228,-1.8418,cusum,,,True,negative,40,0,0.2912,-2.5621,
40,2,True,0.307391,-1.3018,none,,,False,,40,0,0.2787,-1.1235,
41,59,True,1.153011,1.9644,none,,,False,,41,0,0.2849,2.5457,
41,10,True,1.082358,1.6781,cusum,,,True,positive,41,0,0.2815,2.4567,
41,31,True,1.089659,1.7077,cusum,,,True,positive,41,0,0.2759,2.4113,
41,99,True,0.98032,1.2646,none,,,False,,41,0,0.2785,2.3133,
41,93,True,0.923864,1.0358,cusum,,,True,positive,41,0,0.2785,2.0925,
41,38,True,1.000376,1.3458,none,,,False,,41,0,0.2832,2.0711,
41,5,True,1.065142,1.6083,none,,,False,,41,0,0.28,2.0005,
41,9,True,0.722059,0.2179,cusum,,,True,positive,41,0,0.2785,1.7615,
41,3,True,0.834968,0.6755,none,,,False,,41,0,0.2815,1.6377,
41,63,True,0.668879,0.0024,none,,,False,,41,0,0.2832,0.6161,
41,70,True,0.804269,0.5511,none,,,False,,41,0,0.0759,0.5802,
41,94,True,0.767847,0.4035,none,,,False,,41,0,0.0747,0.4478,
41,43,True,0.668547,0.0011,none,,,False,,41,0,0.08,0.3094,
41,19,True,0.610968,-0.2323,none,,,False,,41,0,0.0832,0.268,
41,46,True,0.627332,-0.166,none,,,False,,41,0,0.08,0.2373,
41,68,True,0.657527,-0.0436,none,,,False,,41,0,0.08,0.1864,
41,12,True,0.730983,0.2541,none,,,False,,41,0,0.2772,0.1487,
41,30,True,0.744867,0.3104,none,,,False,,41,0,0.0815,0.1484,
41,39,True,0.617491,-0.2058,none,,,False,,41,0,0.0934,0.1369,
41,24,True,0.782325,0.4622,none,,,False,,41,0,0.0868,0.1032,
41,96,True,0.660925,-0.0298,none,,,False,,41,0,0.135,0.0979,
41,65,True,0.676069,0.0316,none,,,False,,41,0,0.0735,0.0352,
41,81,True,0.727884,0.2415,none,,,False,,41,0,0.08,0.0285,
41,27,True,0.502099,-0.6735,none,,,False,,41,0,0.1243,-0.0327,
41,95,True,0.377545,-1.1782,none,,,False,,41,0,0.0849,-0.0957,
41,64,True,0.554361,-0.4617,none,,,False,,41,0,0.1302,-0.3554,
41,75,True,0.447939,-0.893,none,,,False,,41,0,0.2478,-0.3617,
41,29,True,0.3873,-1.1387,none,,,False,,41,0,0.2241,-0.3644,
41,7,True,0.668019,-0.0011,none,,,False,,41,0,0.2446,-0.3708,
41,14,True,0.187773,-1.9473,cusum,,,True,negative,41,0,0.314,-2.3038,
41,60,True,0.428228,-0.9728,none,,,False,,41,0,0.3041,-1.1813,
41,48,True,0.370879,-1.2053,none,,,False,,41,0,0.296,-1.4455,
41,28,True,0.150008,-2.1004,none,,,False,,41,0,0.291,-2.2036,
41,87,True,0.351401,-1.2842,none,,,False,,41,0,0.291,-1.6576,
41,56,True,0.307129,-1.4636,none,,,False,,41,0,0.2888,-2.4392,
41,2,True,0.229423,-1.7785,none,,,False,,41,0,0.2772,-1.5064,
42,59,True,1.058039,1.7506,cusum,,,True,positive,42,0,0.283,2.7188,
42,10,True,1.097467,1.9434,none,,,False,,42,0,0.2798,2.4245,
42,31,True,1.022411,1.5764,none,,,False,,42,0,0.2745,2.3436,
42,99,True,1.007581,1.5039,cusum,,,True,positive,42,0,0.277,2.2825,
42,93,True,0.751859,0.2535,none,,,False,,42,0,0.277,2.2162,
42,5,True,0.76112,0.2988,cusum,,,True,positive,42,0,0.2783,2.1851,
42,38,True,0.91113,1.0323,cusum,,,True,positive,42,0,0.2813,2.1522,
42,9,True,0.869656,0.8295,none,,,False,,42,0,0.277,1.7849,
42,3,True,0.783999,0.4106,none,,,False,,42,0,0.2798,1.6869,
42,70,True,0.784284,0.412,none,,,False,,42,0,0.0745,0.6391,
42,63,True,0.837013,0.6699,none,,,False,,42,0,0.2813,0.4766,
42,94,True,0.705691,0.0278,none,,,False,,42,0,0.0733,0.4574,
42,19,True,0.757785,0.2825,none,,,False,,42,0,0.0813,0.3311,
42,30,True,0.70336,0.0164,none,,,False,,42,0,0.0798,0.2289,
42,46,True,0.762004,0.3031,none,,,False,,42,0,0.0783,0.2161,
42,43,True,0.761071,0.2985,none,,,False,,42,0,0.0783,0.2087,
42,68,True,0.750839,0.2485,none,,,False,,42,0,0.0783,0.1891,
42,24,True,0.684505,-0.0758,none,,,False,,42,0,0.0847,0.1509,
42,39,True,0.69667,-0.0164,none,,,False,,42,0,0.0908,0.1182,
42,12,True,0.644255,-0.2726,none,,,False,,42,0,0.2757,0.0885,
42,96,True,0.520592,-0.8773,none,,,False,,42,0,0.126,0.0755,
42,81,True,0.626288,-0.3605,none,,,False,,42,0,0.0783,0.0294,
42,65,True,0.561122,-0.6791,none,,,False,,42,0,0.0722,0.0249,
42,7,True,0.540612,-0.7794,none,,,False,,42,0,0.1721,-0.0061,
42,27,True,0.455756,-1.1943,none,,,False,,42,0,0.1159,-0.1778,
42,95,True,0.734128,0.1668,none,,,False,,42,0,0.083,-0.3542,
42,18,True,0.425615,-1.3417,none,,,False,,42,0,0.1326,-0.3774,
42,74,True,0.595799,-0.5096,none,,,False,,42,0,0.1182,-0.3784,
42,34,True,0.602768,-0.4755,none,,,False,,42,0,0.1492,-0.3813,
42,14,True,0.173027,-2.5767,none,,,False,,42,0,0.3061,-2.17,
42,60,True,0.431789,-1.3115,none,,,False,,42,0,0.2966,-1.216,
42,48,True,0.312135,-1.8966,cusum,,,True,negative,42,0,0.2932,-1.4705,
42,28,True,0.154178,-2.6689,cusum,,,True,negative,42,0,0.2886,-2.1068,
42,87,True,0.135429,-2.7606,cusum,,,True,negative,42,0,0.2886,-1.6179,
42,56,True,0.094451,-2.9609,cusum,,,True,negative,42,0,0.2866,-2.0862,
42,69,True,0.344444,-1.7386,none,,,False,,42,0,0.2762,-0.8455,
43,59,True,0.91659,1.3448,none,,,False,,43,0,0.2811,2.723,
43,10,True,1.041115,1.9693,cusum,,,True,positive,43,0,0.2781,2.6882,
43,31,True,0.873431,1.1284,cusum,,,True,positive,43,0,0.2731,2.5835,
43,99,True,0.925634,1.3902,none,,,False,,43,0,0.2755,2.4413,
43,38,True,1.037146,1.9494,none,,,False,,43,0,0.2796,2.2141,
43,5,True,0.888107,1.202,none,,,False,,43,0,0.2768,1.989,
43,93,True,1.01977,1.8623,none,,,False,,43,0,0.2755,1.9028,
43,9,True,0.945714,1.4909,none,,,False,,43,0,0.2755,1.741,
43,3,True,0.90376,1.2805,none,,,False,,43,0,0.2781,0.6565,
43,63,True,0.530822,-0.5897,none,,,False,,43,0,0.2796,0.5893,
43,70,True,0.638638,-0.049,none,,,False,,43,0,0.0731,0.5848,
43,94,True,0.770918,0.6143,none,,,False,,43,0,0.072,0.3406,
43,43,True,0.699354,0.2555,none,,,False,,43,0,0.0768,0.3095,
43,46,True,0.69929,0.2551,none,,,False,,43,0,0.0768,0.3021,
43,30,True,0.725336,0.3857,none,,,False,,43,0,0.0781,0.2764,
43,68,True,0.576246,-0.3619,none,,,False,,43,0,0.0768,0.2668,
43,19,True,0.764875,0.584,none,,,False,,43,0,0.0796,0.2584,
43,24,True,0.589587,-0.295,none,,,False,,43,0,0.0828,0.1991,
43,39,True,0.6493,0.0044,none,,,False,,43,0,0.0884,0.0678,
43,34,True,0.621122,-0.1369,none,,,False,,43,0,0.1081,-0.0084,
43,81,True,0.647528,-0.0044,none,,,False,,43,0,0.0768,-0.0254,
43,7,True,0.626959,-0.1076,none,,,False,,43,0,0.1607,-0.0777,
43,12,True,0.788814,0.7041,none,,,False,,43,0,0.2743,-0.1045,
43,65,True,0.745897,0.4889,none,,,False,,43,0,0.071,-0.2255,
43,96,True,0.564192,-0.4224,none,,,False,,43,0,0.1177,-0.2352,
43,95,True,0.669757,0.107,none,,,False,,43,0,0.0811,-0.2789,
43,74,True,0.523937,-0.6242,none,,,False,,43,0,0.0906,-0.3301,
43,25,True,0.519813,-0.6449,none,,,False,,43,0,0.2665,-0.3862,
43,80,True,0.487678,-0.8061,none,,,False,,43,0,0.1488,-0.3882,
43,69,True,0.207562,-2.2108,cusum,,,True,negative,43,0,0.3491,-1.6396,
43,14,True,0.22693,-2.1136,cusum,,,True,negative,43,0,0.2987,-2.4971,
43,60,True,0.474767,-0.8708,cusum,,,True,negative,43,0,0.293,-1.3957,
43,48,True,0.362677,-1.4329,none,,,False,,43,0,0.2906,-1.8055,
43,28,True,0.169507,-2.4016,none,,,False,,43,0,0.2864,-2.5382,
43,87,True,0.133243,-2.5835,none,,,False,,43,0,0.2864,-2.179,
43,56,True,0.28423,-1.8263,none,,,False,,43,0,0.2845,-2.4797,
44,10,True,1.049319,2.0156,none,,,False,,44,0,0.2766,2.9616,
44,59,True,1.052375,2.0314,none,,,False,,44,0,0.2794,2.7887,
44,31,True,0.960127,1.5546,none,,,False,,44,0,0.2719,2.5621,
44,38,True,0.945975,1.4815,none,,,False,,44,0,0.278,2.5425,
44,99,True,1.004805,1.7855,none,,,False,,44,0,0.2741,2.4807,
44,93,True,0.958973,1.5486,none,,,False,,44,0,0.2741,2.145,
44,5,True,0.873667,1.1077,none,,,False,,44,0,0.2753,2.1326,
44,9,True,0.803072,0.7429,none,,,False,,44,0,0.2741,1.9406,
44,3,True,0.809259,0.7748,none,,,False,,44,0,0.2766,0.8869,
44,94,True,0.723921,0.3338,none,,,False,,44,0,0.0708,0.4383,
44,70,True,0.855862,1.0157,none,,,False,,44,0,0.0719,0.396,
44,30,True,0.623441,-0.1856,none,,,False,,44,0,0.0766,0.3355,
44,12,True,0.659138,-0.0011,none,,,False,,44,0,0.2729,0.3214,
44,19,True,0.678795,0.1005,none,,,False,,44,0,0.078,0.3114,
44,43,True,0.590463,-0.356,none,,,False,,44,0,0.0753,0.2812,
44,46,True,0.620783,-0.1993,none,,,False,,44,0,0.0753,0.227,
44,24,True,0.620208,-0.2023,none,,,False,,44,0,0.0809,0.1347,
44,63,True,0.700331,0.2118,none,,,False,,44,0,0.078,0.1275,
44,81,True,0.676597,0.0892,none,,,False,,44,0,0.0753,0.0551,
44,68,True,0.699521,0.2077,none,,,False,,44,0,0.0753,0.0439,
44,39,True,0.657961,-0.0071,none,,,False,,44,0,0.0862,0.0392,
44,65,True,0.514301,-0.7496,none,,,False,,44,0,0.0698,0.0355,
44,34,True,0.375171,-1.4687,none,,,False,,44,0,0.1008,-0.0422,
44,7,True,0.659548,0.0011,none,,,False,,44,0,0.1504,-0.1453,
44,95,True,0.754564,0.4921,none,,,False,,44,0,0.0794,-0.1994,
44,96,True,0.639805,-0.101,none,,,False,,44,0,0.1099,-0.3141,
44,97,True,0.619756,-0.2046,none,,,False,,44,0,0.1644,-0.3953,
44,53,True,0.76414,0.5416,none,,,False,,44,0,0.2121,-0.3964,
44,90,True,0.542071,-0.6061,none,,,False,,44,0,0.199,-0.4019,
44,69,True,0.280257,-1.9593,none,,,False,,44,0,0.3395,-2.3579,
44,14,True,0.158182,-2.5902,none,,,False,,44,0,0.2928,-2.5913,
44,2,True,0.56436,-0.4909,none,,,False,,44,0,0.2912,-1.7156,
44,60,True,0.439365,-1.137,none,,,False,,44,0,0.2905,-1.4339,
44,48,True,0.170079,-2.5288,cusum,,,True,negative,44,0,0.2883,-1.8969,
44,28,True,0.193247,-2.409,cusum,,,True,negative,44,0,0.2843,-2.7812,
44,87,True,0.321766,-1.7448,cusum,,,True,negative,44,0,0.2843,-2.6003,
45,10,True,1.034846,1.5162,cusum,,,True,positive,45,0,0.2751,3.0723,
45,59,True,1.100971,1.8079,cusum,,,True,positive,45,0,0.2778,2.8089,
45,99,True,0.89905,0.9171,cusum,,,True,positive,45,0,0.2728,2.6527,
45,38,True,1.018046,1.442,cusum,,,True,positive,45,0,0.2764,2.5858,
45,31,True,0.979134,1.2704,none,,,False,,45,0,0.2706,2.5096,
45,93,True,0.901225,0.9267,cusum,,,True,positive,45,0,0.2728,2.3143,
45,9,True,0.913159,0.9793,none,,,False,,45,0,0.2728,2.1139,
45,5,True,0.823985,0.586,none,,,False,,45,0,0.2739,1.964,
45,3,True,0.793691,0.4523,cusum,,,True,positive,45,0,0.2751,1.9182,
45,70,True,0.782945,0.4049,cusum,,,True,positive,45,0,0.2706,1.5494,
45,19,True,0.797678,0.4699,none,,,False,,45,0,0.0764,0.4204,
45,94,True,0.794478,0.4558,none,,,False,,45,0,0.0696,0.4137,
45,95,True,0.582482,-0.4794,none,,,False,,45,0,0.0778,0.3553,
45,12,True,0.659878,-0.138,none,,,False,,45,0,0.2717,0.2347,
45,46,True,0.712445,0.0939,none,,,False,,45,0,0.0739,0.2141,
45,63,True,0.802581,0.4915,none,,,False,,45,0,0.0764,0.1954,
45,30,True,0.696522,0.0237,none,,,False,,45,0,0.0751,0.1684,
45,43,True,0.692462,0.0058,none,,,False,,45,0,0.0739,0.1605,
45,68,True,0.70805,0.0745,none,,,False,,45,0,0.0739,0.1259,
45,39,True,0.689852,-0.0058,none,,,False,,45,0,0.0842,0.1028,
45,81,True,0.614061,-0.3401,none,,,False,,45,0,0.0739,0.0026,
45,24,True,0.652302,-0.1714,none,,,False,,45,0,0.0792,-0.089,
45,7,True,0.493414,-0.8723,none,,,False,,45,0,0.1409,-0.151,
45,65,True,0.622714,-0.3019,none,,,False,,45,0,0.0687,-0.2263,
45,97,True,0.366582,-1.4318,none,,,False,,45,0,0.0939,-0.2838,
45,53,True,0.837548,0.6458,none,,,False,,45,0,0.0939,-0.3157,
45,96,True,0.424678,-1.1756,none,,,False,,45,0,0.1027,-0.3419,
45,90,True,0.589758,-0.4473,none,,,False,,45,0,0.1117,-0.3484,
45,71,True,0.531755,-0.7032,none,,,False,,45,0,0.1954,-0.4125,
45,69,True,0.241527,-1.9835,cusum,,,True,negative,45,0,0.3308,-2.3309,
45,14,True,0.113639,-2.5477,cusum,,,True,negative,45,0,0.2903,-2.809,
45,56,True,0.281581,-1.8068,none,,,False,,45,0,0.2902,-2.477,
45,23,True,0.281277,-1.8082,none,,,False,,45,0,0.2887,-0.6155,
45,54,True,0.165712,-2.318,none,,,False,,45,0,0.2887,-0.824,
45,60,True,0.376006,-1.3903,none,,,False,,45,0,0.2881,-1.4917,
45,73,True,0.397896,-1.2937,none,,,False,,45,0,0.2873,-0.7781,
46,10,True,0.987466,1.4469,none,,,False,,46,0,0.2738,2.9282,
46,59,True,1.057528,1.7714,none,,,False,,46,0,0.2762,2.8261,
46,38,True,0.906816,1.0733,none,,,False,,46,0,0.275,2.7205,
46,93,True,0.943329,1.2424,none,,,False,,46,0,0.2715,2.5372,
46,99,True,1.011958,1.5603,none,,,False,,46,0,0.2715,2.4556,
46,31,True,1.059748,1.7817,cusum,,,True,positive,46,0,0.2695,2.4062,
46,9,True,0.844321,0.7837,cusum,,,True,positive,46,0,0.2715,2.1623,
46,5,True,0.788118,0.5234,none,,,False,,46,0,0.2726,2.0581,
46,3,True,0.835475,0.7428,none,,,False,,46,0,0.2738,1.9304,
46,70,True,0.726361,0.2373,none,,,False,,46,0,0.2695,1.5456,
46,94,True,0.719591,0.2059,none,,,False,,46,0,0.0685,0.555,
46,19,True,0.728378,0.2466,none,,,False,,46,0,0.075,0.481,
46,12,True,0.50755,-0.7763,none,,,False,,46,0,0.0705,0.2781,
46,30,True,0.669457,-0.0263,none,,,False,,46,0,0.0738,0.1691,
46,46,True,0.705318,0.1398,none,,,False,,46,0,0.0726,0.1428,
46,95,True,0.693741,0.0862,none,,,False,,46,0,0.0762,0.138,
46,63,True,0.661442,-0.0634,none,,,False,,46,0,0.075,0.1341,
46,53,True,0.552994,-0.5658,none,,,False,,46,0,0.0901,0.1079,
46,39,True,0.608631,-0.3081,none,,,False,,46,0,0.0822,0.1038,
46,68,True,0.718583,0.2013,none,,,False,,46,0,0.0726,0.0663,
46,43,True,0.805998,0.6062,none,,,False,,46,0,0.0726,0.0612,
46,81,True,0.680816,0.0263,none,,,False,,46,0,0.0726,0.0077,
46,65,True,0.624204,-0.2359,none,,,False,,46,0,0.0676,-0.1018,
46,24,True,0.740425,0.3025,none,,,False,,46,0,0.0776,-0.1229,
46,7,True,0.646893,-0.1308,none,,,False,,46,0,0.1322,-0.1876,
46,71,True,0.452626,-1.0308,none,,,False,,46,0,0.1322,-0.3242,
46,90,True,0.598924,-0.3531,none,,,False,,46,0,0.1045,-0.3593,
46,49,True,0.597505,-0.3596,none,,,False,,46,0,0.2901,-0.413,
46,67,True,0.327281,-1.6114,none,,,False,,46,0,0.2235,-0.4161,
46,54,True,0.168212,-2.3483,cusum,,,True,negative,46,0,0.3322,-1.6892,
46,69,True,0.270201,-1.8759,none,,,False,,46,0,0.3226,-2.4176,
46,48,True,0.161783,-2.3781,none,,,False,,46,0,0.2935,-2.3409,
46,20,True,0.417558,-1.1932,none,,,False,,46,0,0.292,-1.2868,
46,55,True,0.391552,-1.3137,none,,,False,,46,0,0.2901,-0.6735,
46,62,True,0.312583,-1.6795,none,,,False,,46,0,0.2901,-0.5907,
46,28,True,0.215896,-2.1274,none,,,False,,46,0,0.2898,-2.8866,
47,59,True,1.33728,3.0,cusum,,,True,positive,47,0,0.2748,2.9664,
47,10,True,1.015705,1.8366,none,,,False,,47,0,0.2724,2.7524,
47,31,True,1.087708,2.2027,none,,,False,,47,0,0.2684,2.6226,
47,99,True,0.98818,1.6966,none,,,False,,47,0,0.2703,2.5108,
47,38,True,0.813012,0.8058,none,,,False,,47,0,0.2736,2.4267,
47,93,True,0.91906,1.3451,none,,,False,,47,0,0.2703,2.329,
47,9,True,0.641133,-0.0682,none,,,False,,47,0,0.2703,1.9251,
47,3,True,0.718306,0.3242,none,,,False,,47,0,0.2724,1.7495,
47,70,True,0.618521,-0.1832,none,,,False,,47,0,0.2684,1.6397,
47,5,True,0.933647,1.4193,none,,,False,,47,0,0.2713,0.8303,
47,94,True,0.754587,0.5087,none,,,False,,47,0,0.0675,0.4176,
47,19,True,0.647386,-0.0364,none,,,False,,47,0,0.0736,0.3669,
47,53,True,0.581855,-0.3696,none,,,False,,47,0,0.0877,0.3219,
47,63,True,0.764281,0.558,none,,,False,,47,0,0.0736,0.3078,
47,68,True,0.673199,0.0949,none,,,False,,47,0,0.0713,0.2524,
47,43,True,0.707665,0.2701,none,,,False,,47,0,0.0713,0.1766,
47,95,True,0.680462,0.1318,none,,,False,,47,0,0.0748,0.1292,
47,46,True,0.661699,0.0364,none,,,False,,47,0,0.0713,0.1028,
47,24,True,0.712636,0.2954,none,,,False,,47,0,0.0761,0.0743,
47,30,True,0.487645,-0.8487,none,,,False,,47,0,0.0724,0.0301,
47,81,True,0.670433,0.0808,none,,,False,,47,0,0.0713,0.0164,
47,39,True,0.664129,0.0487,none,,,False,,47,0,0.0804,-0.0027,
47,7,True,0.475911,-0.9084,none,,,False,,47,0,0.1242,-0.2004,
47,12,True,0.728721,0.3772,none,,,False,,47,0,0.0693,-0.2167,
47,65,True,0.613628,-0.2081,none,,,False,,47,0,0.0666,-0.3447,
47,90,True,0.581431,-0.3718,none,,,False,,47,0,0.0978,-0.3476,
47,49,True,0.535529,-0.6052,none,,,False,,47,0,0.1649,-0.402,
47,61,True,0.350518,-1.546,none,,,False,,47,0,0.206,-0.4172,
47,44,True,0.508277,-0.7438,none,,,False,,47,0,0.2656,-0.4188,
47,54,True,0.253608,-2.0388,none,,,False,,47,0,0.3242,-2.2849,
47,69,True,0.38154,-1.3883,cusum,,,True,negative,47,0,0.3151,-2.3105,
47,87,True,0.207206,-2.2748,none,,,False,,47,0,0.297,-2.7563,
47,14,True,0.143021,-2.6012,none,,,False,,47,0,0.2952,-2.8025,
47,60,True,0.423451,-1.1751,none,,,False,,47,0,0.2932,-1.5209,
47,40,True,0.305768,-1.7736,none,,,False,,47,0,0.2915,-0.951,
47,85,True,0.318763,-1.7075,none,,,False,,47,0,0.2885,-0.6972,
48,59,True,1.078518,2.2535,none,,,False,,48,0,0.2734,3.2876,
48,31,True,1.036771,2.0402,cusum,,,True,positive,48,0,0.2673,2.8373,
48,10,True,0.983436,1.7678,cusum,,,True,positive,48,0,0.2712,2.6911,
48,99,True,0.862114,1.1482,cusum,,,True,positive,48,0,0.2692,2.4797,
48,93,True,0.999674,1.8508,cusum,,,True,positive,48,0,0.2692,2.2598,
48,38,True,0.817295,0.9193,none,,,False,,48,0,0.2723,2.1999,
48,5,True,0.859942,1.1371,cusum,,,True,positive,48,0,0.2702,1.9327,
48,9,True,0.874119,1.2095,none,,,False,,48,0,0.2692,1.6534,
48,3,True,0.760409,0.6287,none,,,False,,48,0,0.2712,1.5977,
48,70,True,0.753835,0.5951,none,,,False,,48,0,0.2673,1.2388,
48,94,True,0.692228,0.2805,none,,,False,,48,0,0.0665,0.4747,
48,63,True,0.745925,0.5547,none,,,False,,48,0,0.0723,0.4216,
48,43,True,0.670408,0.169,none,,,False,,48,0,0.0702,0.3838,
48,19,True,0.767199,0.6634,none,,,False,,48,0,0.0723,0.3196,
48,24,True,0.757499,0.6139,none,,,False,,48,0,0.0746,0.2384,
48,68,True,0.74241,0.5368,none,,,False,,48,0,0.0702,0.2134,
48,46,True,0.592457,-0.2291,none,,,False,,48,0,0.0702,0.1798,
48,53,True,0.429968,-1.059,none,,,False,,48,0,0.0856,0.0153,
48,39,True,0.590419,-0.2395,none,,,False,,48,0,0.0787,0.0137,
48,81,True,0.636805,-0.0026,none,,,False,,48,0,0.0702,0.0121,
48,95,True,0.646712,0.048,none,,,False,,48,0,0.0734,0.0074,
48,12,True,0.637816,0.0026,none,,,False,,48,0,0.0682,-0.092,
48,65,True,0.503081,-0.6856,none,,,False,,48,0,0.0656,-0.1653,
48,30,True,0.631986,-0.0272,none,,,False,,48,0,0.0712,-0.1925,
48,90,True,0.580997,-0.2876,none,,,False,,48,0,0.0914,-0.2729,
48,49,True,0.548764,-0.4522,none,,,False,,48,0,0.155,-0.3819,
48,0,True,0.552812,-0.4316,none,,,False,,48,0,0.1839,-0.4205,
48,91,True,0.439816,-1.0087,none,,,False,,48,0,0.1957,-0.424,
48,36,True,0.429137,-1.0632,none,,,False,,48,0,0.2078,-0.4296,
48,85,True,0.28412,-1.8039,cusum,,,True,negative,48,0,0.3659,-1.5674,
48,40,True,0.284928,-1.7998,cusum,,,True,negative,48,0,0.355,-1.7436,
48,61,True,0.379323,-1.3177,cusum,,,True,negative,48,0,0.3447,-1.5883,
48,54,True,0.112342,-2.6813,cusum,,,True,negative,48,0,0.3166,-2.6059,
48,69,True,0.273031,-1.8605,none,,,False,,48,0,0.308,-2.1242,
48,2,True,0.528056,-0.558,none,,,False,,48,0,0.2953,-1.0959,
48,56,True,0.209344,-2.1858,none,,,False,,48,0,0.2949,-2.5938,
49,59,True,1.245954,2.8399,cusum,,,True,positive,49,0,0.2721,3.4345,
49,31,True,0.956661,1.3927,none,,,False,,49,0,0.2663,3.0927,
49,10,True,0.934436,1.2815,none,,,False,,49,0,0.27,2.7736,
49,93,True,0.845573,0.837,none,,,False,,49,0,0.2681,2.5665,
49,99,True,0.865755,0.938,none,,,False,,49,0,0.2681,2.5554,
49,5,True,0.769256,0.4552,none,,,False,,49,0,0.269,2.115,
49,38,True,0.803189,0.625,cusum,,,True,positive,49,0,0.271,2.0241,
49,9,True,0.787778,0.5479,none,,,False,,49,0,0.2681,1.7287,
49,3,True,0.677417,-0.0042,none,,,False,,49,0,0.27,1.655,
49,70,True,0.747315,0.3455,none,,,False,,49,0,0.2663,1.3009,
49,24,True,0.685672,0.0371,none,,,False,,49,0,0.0733,0.4984,
49,63,True,0.822982,0.724,none,,,False,,49,0,0.071,0.4411,
49,43,True,0.731417,0.2659,none,,,False,,49,0,0.069,0.4369,
49,94,True,0.706944,0.1435,none,,,False,,49,0,0.0655,0.4151,
49,19,True,0.679092,0.0042,none,,,False,,49,0,0.071,0.3825,
49,68,True,0.701473,0.1162,none,,,False,,49,0,0.069,0.366,
49,95,True,0.513611,-0.8236,none,,,False,,49,0,0.0721,0.1815,
49,81,True,0.692655,0.072,none,,,False,,49,0,0.069,0.1232,
49,46,True,0.699881,0.1082,none,,,False,,49,0,0.069,0.0708,
49,12,True,0.70857,0.1517,none,,,False,,49,0,0.0672,-0.0464,
49,39,True,0.490546,-0.939,none,,,False,,49,0,0.0771,-0.0663,
49,0,True,0.5007,-0.8882,none,,,False,,49,0,0.1181,-0.1155,
49,30,True,0.416972,-1.3071,none,,,False,,49,0,0.07,-0.2109,
49,90,True,0.558857,-0.5973,none,,,False,,49,0,0.0874,-0.2228,
49,65,True,0.608621,-0.3483,none,,,False,,49,0,0.0647,-0.2943,
49,49,True,0.349344,-1.6454,none,,,False,,49,0,0.1458,-0.328,
49,16,True,0.668986,-0.0464,none,,,False,,49,0,0.2096,-0.4361,
49,96,True,0.579476,-0.4941,none,,,False,,49,0,0.1228,-0.445,
49,64,True,0.553889,-0.6221,none,,,False,,49,0,0.1513,-0.4518,
49,85,True,0.296989,-1.9073,none,,,False,,49,0,0.356,-2.1161,
49,40,True,0.311289,-1.8357,none,,,False,,49,0,0.3458,-2.1366,
49,61,True,0.428939,-1.2472,none,,,False,,49,0,0.3362,-1.6612,
49,54,True,0.247568,-2.1545,none,,,False,,49,0,0.3096,-2.7311,
49,69,True,0.330169,-1.7413,cusum,,,True,negative,49,0,0.3013,-2.087,
49,26,True,0.295424,-1.9151,none,,,False,,49,0,0.2984,-1.3404,
49,79,True,0.294018,-1.9221,none,,,False,,49,0,0.2984,-0.5258,
50,59,True,1.247442,2.367,none,,,False,,50,0,0.2709,3.7891,
50,31,True,1.050926,1.5744,cusum,,,True,positive,50,0,0.2653,2.9619,
50,10,True,1.06329,1.6243,none,,,False,,50,0,0.2689,2.717,
50,93,True,0.935081,1.1072,none,,,False,,50,0,0.267,2.43,
50,99,True,0.905589,0.9883,none,,,False,,50,0,0.267,2.3467,
50,5,True,0.854259,0.7813,none,,,False,,50,0,0.2679,2.0909,
50,38,True,0.819919,0.6428,none,,,False,,50,0,0.2699,1.8732,
50,9,True,0.845187,0.7447,none,,,False,,50,0,0.267,1.6488,
50,63,True,0.800394,0.564,none,,,False,,50,0,0.0699,0.7021,
50,24,True,0.661675,0.0046,none,,,False,,50,0,0.072,0.4083,
50,3,True,0.749528,0.3589,none,,,False,,50,0,0.2689,0.4046,
50,94,True,0.730331,0.2814,none,,,False,,50,0,0.0645,0.3931,
50,68,True,0.588362,-0.2911,none,,,False,,50,0,0.0679,0.3363,
50,70,True,0.876219,0.8698,none,,,False,,50,0,0.2653,0.3358,
50,43,True,0.609248,-0.2069,none,,,False,,50,0,0.0679,0.3221,
50,19,True,0.722785,0.251,none,,,False,,50,0,0.0699,0.3002,
50,12,True,0.720067,0.2401,none,,,False,,50,0,0.0662,0.2617,
50,81,True,0.556303,-0.4204,none,,,False,,50,0,0.0679,0.1371,
50,46,True,0.645135,-0.0622,none,,,False,,50,0,0.0679,0.0589,
50,16,True,0.710085,0.1998,none,,,False,,50,0,0.103,-0.1147,
50,95,True,0.629577,-0.1249,none,,,False,,50,0,0.0709,-0.1233,
50,39,True,0.726769,0.2671,none,,,False,,50,0,0.0756,-0.2785,
50,90,True,0.564299,-0.3882,none,,,False,,50,0,0.0853,-0.3071,
50,65,True,0.405218,-1.0298,none,,,False,,50,0,0.0638,-0.3329,
50,0,True,0.423998,-0.954,none,,,False,,50,0,0.1112,-0.4173,
50,17,True,0.452748,-0.8381,none,,,False,,50,0,0.2092,-0.466,
50,13,True,0.654478,-0.0245,none,,,False,,50,0,0.2797,-0.4683,
50,1,True,0.794293,0.5394,none,,,False,,50,0,0.276,-0.4707,
50,92,True,0.659419,-0.0046,none,,,False,,50,0,0.2799,-0.4711,
50,85,True,0.313587,-1.3993,cusum,,,True,negative,50,0,0.3469,-2.1619,
50,40,True,0.317489,-1.3836,cusum,,,True,negative,50,0,0.3374,-2.1644,
50,49,True,0.485443,-0.7062,cusum,,,True,negative,50,0,0.3374,-1.2623,
50,61,True,0.479182,-0.7315,none,,,False,,50,0,0.3283,-1.7367,
50,48,True,0.329152,-1.3366,none,,,False,,50,0,0.3044,-2.5041,
50,54,True,0.258536,-1.6214,cusum,,,True,negative,50,0,0.303,-2.6703,
50,28,True,0.207788,-1.826,none,,,False,,50,0,0.301,-2.7084,
51,59,True,1.142116,2.0098,cusum,,,True,positive,51,0,0.2697,3.5766,
51,31,True,1.012155,1.4872,none,,,False,,51,0,0.2644,2.7513,
51,10,True,0.97059,1.3201,cusum,,,True,positive,51,0,0.2678,2.6449,
51,93,True,0.971068,1.322,cusum,,,True,positive,51,0,0.266,2.3495,
51,99,True,1.016715,1.5056,none,,,False,,51,0,0.266,2.1093,
51,5,True,0.792755,0.6051,none,,,False,,51,0,0.2669,1.8769,
51,38,True,0.934466,1.1749,none,,,False,,51,0,0.2687,1.8174,
51,9,True,0.729891,0.3523,none,,,False,,51,0,0.266,0.9185,
51,63,True,0.673907,0.1272,none,,,False,,51,0,0.0687,0.7026,
51,70,True,0.827285,0.7439,none,,,False,,51,0,0.2644,0.6857,
51,3,True,0.866662,0.9022,none,,,False,,51,0,0.2678,0.4148,
51,19,True,0.602192,-0.1612,none,,,False,,51,0,0.0687,0.3946,
51,94,True,0.761823,0.4807,none,,,False,,51,0,0.0636,0.3163,
51,24,True,0.718164,0.3052,none,,,False,,51,0,0.0708,0.3098,
51,12,True,0.61899,-0.0936,none,,,False,,51,0,0.0652,0.2148,
51,68,True,0.290714,-1.4136,none,,,False,,51,0,0.0669,0.2064,
51,43,True,0.674168,0.1283,none,,,False,,51,0,0.0669,0.1618,
51,46,True,0.600989,-0.166,none,,,False,,51,0,0.0669,0.0247,
51,81,True,0.662368,0.0808,none,,,False,,51,0,0.0669,-0.0312,
51,16,True,0.678107,0.1441,none,,,False,,51,0,0.0968,-0.0377,
51,39,True,0.675383,0.1331,none,,,False,,51,0,0.0742,-0.2076,
51,95,True,0.354106,-1.1587,none,,,False,,51,0,0.0697,-0.2104,
51,1,True,0.524532,-0.4734,none,,,False,,51,0,0.148,-0.2924,
51,13,True,0.622175,-0.0808,none,,,False,,51,0,0.1579,-0.3,
51,90,True,0.546398,-0.3855,none,,,False,,51,0,0.0832,-0.3153,
51,96,True,0.736528,0.379,none,,,False,,51,0,0.1036,-0.4724,
51,8,True,0.44671,-0.7863,none,,,False,,51,0,0.2308,-0.473,
51,74,True,0.596036,-0.1859,none,,,False,,51,0,0.1372,-0.4744,
51,82,True,0.417332,-0.9044,none,,,False,,51,0,0.2171,-0.4763,
51,85,True,0.35758,-1.1447,none,,,False,,51,0,0.3386,-2.0648,
51,40,True,0.327308,-1.2664,none,,,False,,51,0,0.3296,-2.0394,
51,49,True,0.449826,-0.7738,none,,,False,,51,0,0.3296,-1.301,
51,61,True,0.428852,-0.8581,none,,,False,,51,0,0.321,-1.4697,
51,14,True,0.221006,-1.6938,none,,,False,,51,0,0.3057,-2.9679,
51,60,True,0.567087,-0.3023,none,,,False,,51,0,0.3038,-1.625,
51,69,True,0.372882,-1.0832,none,,,False,,51,0,0.3036,-2.0455,
52,59,True,0.845931,0.6934,none,,,False,,52,0,0.2686,3.494,
52,31,True,0.949977,1.0666,none,,,False,,52,0,0.2635,2.5659,
52,10,True,0.992368,1.2186,none,,,False,,52,0,0.2668,2.4944,
52,99,True,0.930919,0.9982,cusum,,,True,positive,52,0,0.2651,2.2273,
52,93,True,1.021734,1.324,none,,,False,,52,0,0.2651,2.1721,
52,38,True,1.000566,1.2481,none,,,False,,52,0,0.2677,1.9012,
52,5,True,1.030251,1.3545,none,,,False,,52,0,0.2659,1.6984,
52,70,True,0.94099,1.0344,none,,,False,,52,0,0.2635,0.7342,
52,9,True,0.873919,0.7938,none,,,False,,52,0,0.2651,0.6316,
52,63,True,0.653581,0.0035,none,,,False,,52,0,0.0677,0.5588,
52,3,True,0.853728,0.7214,none,,,False,,52,0,0.2668,0.5047,
52,94,True,0.778364,0.451,none,,,False,,52,0,0.0628,0.382,
52,16,True,0.532064,-0.4324,none,,,False,,52,0,0.0909,0.2139,
52,24,True,0.548874,-0.3721,none,,,False,,52,0,0.0696,0.2054,
52,12,True,0.651644,-0.0035,none,,,False,,52,0,0.0643,0.1816,
52,43,True,0.60249,-0.1798,none,,,False,,52,0,0.0659,0.1469,
52,19,True,0.707186,0.1957,none,,,False,,52,0,0.0677,0.1184,
52,13,True,0.637654,-0.0537,none,,,False,,52,0,0.149,0.0788,
52,46,True,0.752425,0.358,none,,,False,,52,0,0.0659,0.0445,
52,81,True,0.645686,-0.0248,none,,,False,,52,0,0.0659,-0.0047,
52,1,True,0.668126,0.0556,none,,,False,,52,0,0.1397,-0.0291,
52,39,True,0.659604,0.0251,none,,,False,,52,0,0.0729,-0.0851,
52,96,True,0.512714,-0.5018,none,,,False,,52,0,0.0909,-0.3155,
52,74,True,0.468074,-0.6619,none,,,False,,52,0,0.085,-0.3281,
52,90,True,0.543987,-0.3896,none,,,False,,52,0,0.0814,-0.3504,
52,68,True,0.674963,0.0802,none,,,False,,52,0,0.0659,-0.445,
52,41,True,0.455101,-0.7084,none,,,False,,52,0,0.2598,-0.4786,
52,92,True,0.691992,0.1412,none,,,False,,52,0,0.1464,-0.487,
52,52,True,0.31208,-1.2214,none,,,False,,52,0,0.2867,-0.4974,
52,85,True,0.292063,-1.2932,none,,,False,,52,0,0.3308,-1.8501,
52,40,True,0.30382,-1.2511,none,,,False,,52,0,0.3223,-1.8662,
52,49,True,0.461059,-0.6871,none,,,False,,52,0,0.3223,-1.4127,
52,61,True,0.366221,-1.0272,cusum,,,True,negative,52,0,0.3141,-1.3206,
52,77,True,0.496256,-0.5608,none,,,False,,52,0,0.3069,-0.5031,
52,87,True,0.283328,-1.3246,none,,,False,,52,0,0.3066,-2.5967,
52,33,True,0.367262,-1.0235,none,,,False,,52,0,0.3058,-0.5814,
53,59,True,1.098424,1.9739,none,,,False,,53,0,0.2675,2.7771,
53,10,True,1.020779,1.6396,none,,,False,,53,0,0.2658,2.4722,
53,31,True,0.923302,1.2198,cusum,,,True,positive,53,0,0.2626,2.4562,
53,93,True,0.893478,1.0914,none,,,False,,53,0,0.2641,2.3333,
53,99,True,0.974566,1.4406,none,,,False,,53,0,0.2641,2.2462,
53,38,True,0.951676,1.342,none,,,False,,53,0,0.2666,2.1076,
53,5,True,1.00796,1.5844,cusum,,,True,positive,53,0,0.2649,1.997,
53,70,True,0.803247,0.7029,none,,,False,,53,0,0.2626,0.9628,
53,3,True,0.873796,1.0066,none,,,False,,53,0,0.2658,0.7453,
53,9,True,0.800577,0.6914,none,,,False,,53,0,0.2641,0.7125,
53,94,True,0.792744,0.6576,none,,,False,,53,0,0.0619,0.4835,
53,63,True,0.80118,0.694,none,,,False,,53,0,0.0666,0.3173,
53,39,True,0.717238,0.3325,none,,,False,,53,0,0.0716,0.2346,
53,19,True,0.628862,-0.0481,none,,,False,,53,0,0.0666,0.181,
53,1,True,0.617566,-0.0967,none,,,False,,53,0,0.132,0.1742,
53,12,True,0.697059,0.2456,none,,,False,,53,0,0.0634,0.1288,
53,46,True,0.722225,0.354,none,,,False,,53,0,0.0649,0.1266,
53,13,True,0.651188,0.0481,none,,,False,,53,0,0.1408,0.0857,
53,16,True,0.498505,-0.6094,none,,,False,,53,0,0.0853,0.0823,
53,24,True,0.622188,-0.0768,none,,,False,,53,0,0.0685,0.0676,
53,43,True,0.68215,0.1814,none,,,False,,53,0,0.0649,-0.0028,
53,81,True,0.46064,-0.7725,none,,,False,,53,0,0.0649,-0.0382,
53,96,True,0.624536,-0.0667,none,,,False,,53,0,0.0853,-0.0938,
53,92,True,0.586138,-0.232,none,,,False,,53,0,0.132,-0.1003,
53,90,True,0.585377,-0.2353,none,,,False,,53,0,0.0796,-0.2835,
53,74,True,0.53892,-0.4354,none,,,False,,53,0,0.083,-0.3816,
53,33,True,0.41578,-0.9656,none,,,False,,53,0,0.1236,-0.4542,
53,68,True,0.682731,0.1839,none,,,False,,53,0,0.0649,-0.4582,
53,58,True,0.537236,-0.4426,none,,,False,,53,0,0.2292,-0.4987,
53,85,True,0.330797,-1.3316,cusum,,,True,negative,53,0,0.3236,-1.65,
53,40,True,0.329213,-1.3384,cusum,,,True,negative,53,0,0.3155,-1.6754,
53,49,True,0.543294,-0.4165,none,,,False,,53,0,0.3155,-1.0974,
53,54,True,0.294566,-1.4876,none,,,False,,53,0,0.3132,-2.5345,
53,15,True,0.53742,-0.4418,none,,,False,,53,0,0.3088,-0.5432,
53,61,True,0.441714,-0.854,none,,,False,,53,0,0.3076,-1.251,
53,84,True,0.318519,-1.3844,none,,,False,,53,0,0.305,-0.5304,
54,59,True,1.119494,2.8737,cusum,,,True,positive,54,0,0.2665,2.6448,
54,10,True,0.965118,1.9238,cusum,,,True,positive,54,0,0.2648,2.4761,
54,99,True,0.763822,0.6851,none,,,False,,54,0,0.2633,2.3959,
54,38,True,0.983967,2.0398,cusum,,,True,positive,54,0,0.2656,2.3395,
54,31,True,0.816695,1.0104,none,,,False,,54,0,0.2618,2.3369,
54,93,True,0.908826,1.5774,cusum,,,True,positive,54,0,0.2633,2.3269,
54,5,True,0.629957,-0.1387,none,,,False,,54,0,0.264,2.2635,
54,9,True,0.743659,0.561,cusum,,,True,positive,54,0,0.2633,1.6936,
54,3,True,0.899687,1.5211,none,,,False,,54,0,0.2648,0.9601,
54,70,True,0.854833,1.2451,none,,,False,,54,0,0.2618,0.9061,
54,94,True,0.761769,0.6724,none,,,False,,54,0,0.0611,0.6079,
54,63,True,0.786797,0.8265,none,,,False,,54,0,0.0656,0.3594,
54,46,True,0.630064,-0.138,none,,,False,,54,0,0.064,0.2642,
54,39,True,0.706544,0.3326,none,,,False,,54,0,0.0704,0.2549,
54,12,True,0.677695,0.1551,none,,,False,,54,0,0.0625,0.1296,
54,43,True,0.631715,-0.1279,none,,,False,,54,0,0.064,0.1255,
54,13,True,0.619418,-0.2035,none,,,False,,54,0,0.1332,0.1048,
54,92,True,0.671731,0.1184,none,,,False,,54,0,0.1248,0.0973,
54,19,True,0.644353,-0.0501,none,,,False,,54,0,0.0656,0.08,
54,96,True,0.668073,0.0959,none,,,False,,54,0,0.0829,0.0459,
54,24,True,0.743792,0.5618,none,,,False,,54,0,0.0674,0.0391,
54,1,True,0.660632,0.0501,none,,,False,,54,0,0.1248,-0.0424,
54,81,True,0.605416,-0.2897,none,,,False,,54,0,0.064,-0.1566,
54,16,True,0.837882,1.1408,none,,,False,,54,0,0.0829,-0.1901,
54,90,True,0.542551,-0.6765,none,,,False,,54,0,0.0779,-0.2348,
54,68,True,0.607204,-0.2787,none,,,False,,54,0,0.064,-0.301,
54,74,True,0.608785,-0.269,none,,,False,,54,0,0.0811,-0.3211,
54,58,True,0.559853,-0.5701,none,,,False,,54,0,0.1418,-0.3345,
54,15,True,0.548134,-0.6422,none,,,False,,54,0,0.1606,-0.4904,
54,85,True,0.271604,-2.3438,none,,,False,,54,0,0.3168,-1.6315,
54,56,True,0.252623,-2.4606,none,,,False,,54,0,0.3103,-1.8376,
54,40,True,0.296026,-2.1936,none,,,False,,54,0,0.3091,-1.664,
54,49,True,0.489705,-1.0017,none,,,False,,54,0,0.3091,-1.0045,
54,69,True,0.339538,-1.9258,none,,,False,,54,0,0.3071,-1.447,
54,98,True,0.127166,-3.0,none,,,False,,54,0,0.307,-1.3505,
54,83,True,0.432644,-1.3529,none,,,False,,54,0,0.3063,-0.535,
55,59,True,1.068058,2.0835,none,,,False,,55,0,0.2655,2.9315,
55,10,True,0.822442,0.9113,none,,,False,,55,0,0.2639,2.6762,
55,38,True,0.833871,0.9658,none,,,False,,55,0,0.2647,2.6266,
55,93,True,0.976745,1.6477,none,,,False,,55,0,0.2624,2.411,
55,31,True,0.959315,1.5645,none,,,False,,55,0,0.261,2.177,
55,3,True,0.879891,1.1855,cusum,,,True,positive,55,0,0.2639,2.1652,
55,99,True,0.981785,1.6718,none,,,False,,55,0,0.2624,2.1214,
55,70,True,0.902551,1.2936,cusum,,,True,positive,55,0,0.261,2.0722,
55,5,True,1.087383,2.1758,none,,,False,,55,0,0.2631,2.0145,
55,9,True,0.803289,0.8199,none,,,False,,55,0,0.2624,1.7621,
55,94,True,0.762066,0.6231,none,,,False,,55,0,0.0604,0.6709,
55,63,True,0.489294,-0.6788,none,,,False,,55,0,0.0647,0.5913,
55,39,True,0.568133,-0.3025,none,,,False,,55,0,0.0692,0.3199,
55,46,True,0.616733,-0.0705,none,,,False,,55,0,0.0631,0.2724,
55,12,True,0.752929,0.5795,none,,,False,,55,0,0.0617,0.2115,
55,16,True,0.553817,-0.3708,none,,,False,,55,0,0.081,0.1396,
55,92,True,0.660498,0.1384,none,,,False,,55,0,0.1181,0.1342,
55,1,True,0.625413,-0.0291,none,,,False,,55,0,0.1181,0.128,
55,24,True,0.682741,0.2445,none,,,False,,55,0,0.0664,0.1234,
55,19,True,0.637606,0.0291,none,,,False,,55,0,0.0647,0.1159,
55,68,True,0.665238,0.161,none,,,False,,55,0,0.0631,0.0762,
55,13,True,0.580504,-0.2434,none,,,False,,55,0,0.126,0.0594,
55,43,True,0.693413,0.2954,none,,,False,,55,0,0.0631,0.039,
55,96,True,0.701689,0.335,none,,,False,,55,0,0.081,-0.0509,
55,81,True,0.605995,-0.1218,none,,,False,,55,0,0.0631,-0.2812,
55,90,True,0.548236,-0.3974,none,,,False,,55,0,0.0764,-0.3338,
55,58,True,0.558312,-0.3494,none,,,False,,55,0,0.1342,-0.3374,
55,74,True,0.491083,-0.6702,none,,,False,,55,0,0.0793,-0.3512,
55,15,True,0.577202,-0.2592,none,,,False,,55,0,0.1518,-0.4442,
55,98,True,0.349869,-1.3442,cusum,,,True,negative,55,0,0.3614,-2.2914,
55,85,True,0.358745,-1.3018,cusum,,,True,negative,55,0,0.3104,-2.0349,
55,61,True,0.469335,-0.774,none,,,False,,55,0,0.3094,-1.2953,
55,22,True,0.249488,-1.8233,none,,,False,,55,0,0.3078,-0.9505,
55,48,True,0.481486,-0.716,none,,,False,,55,0,0.3064,-1.9745,
55,28,True,0.233392,-1.9001,none,,,False,,55,0,0.3033,-2.0188,
55,40,True,0.287839,-1.6403,cusum,,,True,negative,55,0,0.303,-1.9765,
56,59,True,1.040749,2.3386,cusum,,,True,positive,56,0,0.2646,3.3937,
56,10,True,1.024993,2.2478,none,,,False,,56,0,0.263,2.5727,
56,38,True,1.00734,2.146,none,,,False,,56,0,0.2638,2.5314,
56,93,True,0.94292,1.7747,cusum,,,True,positive,56,0,0.2616,2.5179,
56,99,True,1.003826,2.1257,cusum,,,True,positive,56,0,0.2616,2.3449,
56,31,True,0.904164,1.5512,cusum,,,True,positive,56,0,0.2603,2.3421,
56,3,True,0.952655,1.8308,none,,,False,,56,0,0.263,2.3189,
56,5,True,0.918829,1.6358,cusum,,,True,positive,56,0,0.2623,2.2872,
56,70,True,0.897106,1.5106,none,,,False,,56,0,0.2603,2.1577,
56,9,True,0.677275,0.2433,none,,,False,,56,0,0.2616,1.7698,
56,94,True,0.788568,0.8849,cusum,,,True,positive,56,0,0.2596,1.7273,
56,12,True,0.733924,0.5699,none,,,False,,56,0,0.0609,0.4048,
56,63,True,0.745676,0.6376,none,,,False,,56,0,0.0638,0.3627,
56,24,True,0.660785,0.1483,none,,,False,,56,0,0.0654,0.3277,
56,96,True,0.638366,0.019,none,,,False,,56,0,0.0792,0.2256,
56,39,True,0.631759,-0.019,none,,,False,,56,0,0.0681,0.2093,
56,43,True,0.677129,0.2425,none,,,False,,56,0,0.0623,0.1964,
56,16,True,0.511662,-0.7113,none,,,False,,56,0,0.0792,0.1578,
56,92,True,0.599311,-0.2061,none,,,False,,56,0,0.1118,0.1295,
56,46,True,0.662503,0.1582,none,,,False,,56,0,0.0623,0.1285,
56,68,True,0.656168,0.1217,none,,,False,,56,0,0.0623,0.1021,
56,1,True,0.619505,-0.0897,none,,,False,,56,0,0.1118,0.096,
56,19,True,0.581175,-0.3106,none,,,False,,56,0,0.0638,0.0592,
56,13,True,0.621897,-0.0759,none,,,False,,56,0,0.1193,-0.008,
56,15,True,0.579861,-0.3182,none,,,False,,56,0,0.1438,-0.3091,
56,81,True,0.550496,-0.4875,none,,,False,,56,0,0.0623,-0.3146,
56,58,True,0.573871,-0.3527,none,,,False,,56,0,0.1272,-0.3249,
56,90,True,0.570203,-0.3739,none,,,False,,56,0,0.0749,-0.3384,
56,22,True,0.315665,-1.8412,cusum,,,True,negative,56,0,0.3527,-1.8213,
56,98,True,0.336893,-1.7188,none,,,False,,56,0,0.3527,-2.5181,
56,49,True,0.624357,-0.0617,none,,,False,,56,0,0.3107,-0.5839,
56,54,True,0.270343,-2.1024,none,,,False,,56,0,0.3098,-2.1398,
56,14,True,0.009366,-3.0,none,,,False,,56,0,0.3084,-2.1718,
56,51,True,0.365325,-1.5549,none,,,False,,56,0,0.3059,-0.7083,
56,60,True,0.4596,-1.0115,none,,,False,,56,0,0.3059,-0.8493,
56,85,True,0.327121,-1.7751,none,,,False,,56,0,0.3044,-2.0412,
57,59,True,1.123658,2.7555,none,,,False,,57,0,0.2637,3.5142,
57,38,True,0.802776,0.8993,cusum,,,True,positive,57,0,0.2629,2.7983,
57,10,True,0.963729,1.8304,cusum,,,True,positive,57,0,0.2622,2.7743,
57,93,True,0.917443,1.5626,none,,,False,,57,0,0.2608,2.7447,
57,3,True,0.728337,0.4687,none,,,False,,57,0,0.2622,2.5925,
57,99,True,0.928613,1.6272,none,,,False,,57,0,0.2608,2.5723,
57,31,True,0.937028,1.6759,none,,,False,,57,0,0.2595,2.4517,
57,70,True,0.859556,1.2278,none,,,False,,57,0,0.2595,2.426,
57,5,True,1.004462,2.066,none,,,False,,57,0,0.2615,2.3034,
57,94,True,0.723126,0.4386,none,,,False,,57,0,0.2589,1.8022,
57,9,True,0.760072,0.6523,none,,,False,,57,0,0.2608,1.6195,
57,12,True,0.743888,0.5587,none,,,False,,57,0,0.0601,0.512,
57,24,True,0.619248,-0.1623,none,,,False,,57,0,0.0645,0.4015,
57,63,True,0.773905,0.7323,none,,,False,,57,0,0.0629,0.3429,
57,96,True,0.612929,-0.1989,none,,,False,,57,0,0.0776,0.252,
57,43,True,0.722217,0.4333,none,,,False,,57,0,0.0615,0.2158,
57,92,True,0.621248,-0.1507,none,,,False,,57,0,0.1058,0.1347,
57,16,True,0.767747,0.6967,none,,,False,,57,0,0.0776,0.1216,
57,1,True,0.65174,0.0256,none,,,False,,57,0,0.1058,0.095,
57,39,True,0.708053,0.3514,none,,,False,,57,0,0.0671,0.0907,
57,68,True,0.642874,-0.0256,none,,,False,,57,0,0.0615,0.0804,
57,46,True,0.724299,0.4454,none,,,False,,57,0,0.0615,0.0623,
57,19,True,0.634877,-0.0719,none,,,False,,57,0,0.0629,-0.0294,
57,13,True,0.601794,-0.2633,none,,,False,,57,0,0.1131,-0.053,
57,81,True,0.602081,-0.2616,none,,,False,,57,0,0.0615,-0.2206,
57,15,True,0.584175,-0.3652,none,,,False,,57,0,0.1363,-0.2729,
57,58,True,0.43757,-1.2132,none,,,False,,57,0,0.1205,-0.2991,
57,74,True,0.573824,-0.4251,none,,,False,,57,0,0.0837,-0.3561,
57,49,True,0.595779,-0.2981,none,,,False,,57,0,0.2987,-0.3786,
57,22,True,0.219655,-2.4738,none,,,False,,57,0,0.3447,-2.0907,
57,98,True,0.326962,-1.853,none,,,False,,57,0,0.3447,-2.3823,
57,4,True,0.41017,-1.3717,none,,,False,,57,0,0.308,-0.8749,
57,40,True,0.324556,-1.867,none,,,False,,57,0,0.3049,-2.1094,
57,61,True,0.457444,-1.0983,none,,,False,,57,0,0.3049,-0.7704,
57,45,True,0.308986,-1.957,none,,,False,,57,0,0.3044,-0.8092,
57,69,True,0.349262,-1.7241,none,,,False,,57,0,0.3041,-1.9716,
58,59,True,1.14303,2.3239,cusum,,,True,positive,58,0,0.2628,3.4736,
58,5,True,0.990256,1.6012,cusum,,,True,positive,58,0,0.2607,3.0373,
58,99,True,0.941109,1.3687,cusum,,,True,positive,58,0,0.26,2.8854,
58,10,True,0.979654,1.551,none,,,False,,58,0,0.2614,2.7422,
58,93,True,1.010068,1.6949,cusum,,,True,positive,58,0,0.26,2.7388,
58,31,True,0.989706,1.5986,cusum,,,True,positive,58,0,0.2588,2.6726,
58,70,True,0.788979,0.6489,cusum,,,True,positive,58,0,0.2588,2.4194,
58,38,True,0.925785,1.2962,none,,,False,,58,0,0.2621,2.4171,
58,3,True,0.792875,0.6674,cusum,,,True,positive,58,0,0.2614,2.2407,
58,94,True,0.777154,0.593,none,,,False,,58,0,0.2582,1.7234,
58,9,True,0.795885,0.6816,none,,,False,,58,0,0.26,1.649,
58,12,True,0.754811,0.4873,none,,,False,,58,0,0.0594,0.6456,
58,43,True,0.674022,0.1051,none,,,False,,58,0,0.0607,0.4018,
58,63,True,0.678625,0.1269,none,,,False,,58,0,0.0621,0.3105,
58,46,True,0.64066,-0.0528,none,,,False,,58,0,0.0607,0.2558,
58,68,True,0.566038,-0.4058,none,,,False,,58,0,0.0607,0.1638,
58,24,True,0.64806,-0.0177,none,,,False,,58,0,0.0636,0.159,
58,96,True,0.608665,-0.2041,none,,,False,,58,0,0.076,0.1517,
58,39,True,0.650846,-0.0046,none,,,False,,58,0,0.0661,0.0957,
58,1,True,0.604442,-0.2241,none,,,False,,58,0,0.1001,0.0837,
58,92,True,0.669857,0.0854,none,,,False,,58,0,0.1001,0.0419,
58,16,True,0.681775,0.1418,none,,,False,,58,0,0.076,-0.0285,
58,19,True,0.65604,0.02,none,,,False,,58,0,0.0621,-0.0377,
58,13,True,0.597568,-0.2566,none,,,False,,58,0,0.1071,-0.0763,
58,15,True,0.416624,-1.1127,none,,,False,,58,0,0.1294,-0.1851,
58,81,True,0.652775,0.0046,none,,,False,,58,0,0.0607,-0.2122,
58,49,True,0.407497,-1.1558,none,,,False,,58,0,0.2933,-0.342,
58,74,True,0.494431,-0.7446,none,,,False,,58,0,0.076,-0.3547,
58,90,True,0.577945,-0.3495,none,,,False,,58,0,0.0794,-0.3864,
58,4,True,0.336731,-1.4906,cusum,,,True,negative,58,0,0.3637,-1.8185,
58,22,True,0.323908,-1.5513,cusum,,,True,negative,58,0,0.3373,-2.4125,
58,45,True,0.315369,-1.5917,cusum,,,True,negative,58,0,0.3373,-1.6655,
58,98,True,0.26199,-1.8442,cusum,,,True,negative,58,0,0.3373,-2.0051,
58,85,True,0.347593,-1.4392,none,,,False,,58,0,0.3062,-2.1922,
58,54,True,0.285421,-1.7334,none,,,False,,58,0,0.2993,-2.1253,
58,76,True,0.373088,-1.3186,none,,,False,,58,0,0.2992,-0.5102,
59,59,True,1.212675,2.6546,none,,,False,,59,0,0.262,3.5527,
59,10,True,0.963904,1.562,cusum,,,True,positive,59,0,0.2606,2.9545,
59,5,True,0.863782,1.1223,none,,,False,,59,0,0.2599,2.8448,
59,99,True,0.949588,1.4991,none,,,False,,59,0,0.2593,2.7835,
59,93,True,0.917467,1.358,none,,,False,,59,0,0.2593,2.7536,
59,31,True,0.886004,1.2199,none,,,False,,59,0,0.2581,2.6831,
59,38,True,0.922654,1.3808,none,,,False,,59,0,0.2613,2.5262,
59,70,True,0.862468,1.1165,none,,,False,,59,0,0.2581,2.2036,
59,3,True,0.786238,0.7817,none,,,False,,59,0,0.2606,2.067,
59,94,True,0.743069,0.5921,none,,,False,,59,0,0.2575,1.7125,
59,12,True,0.780598,0.7569,none,,,False,,59,0,0.0587,0.614,
59,9,True,0.787705,0.7881,none,,,False,,59,0,0.2593,0.602,
59,63,True,0.81561,0.9107,none,,,False,,59,0,0.0613,0.578,
59,43,True,0.689949,0.3588,none,,,False,,59,0,0.0599,0.3374,
59,46,True,0.601568,-0.0294,none,,,False,,59,0,0.0599,0.2607,
59,39,True,0.594672,-0.0597,none,,,False,,59,0,0.0651,0.1938,
59,16,True,0.602708,-0.0244,none,,,False,,59,0,0.0746,0.1404,
59,24,True,0.663996,0.2448,none,,,False,,59,0,0.0627,0.0705,
59,92,True,0.564534,-0.1921,none,,,False,,59,0,0.0947,0.0213,
59,1,True,0.576209,-0.1408,none,,,False,,59,0,0.0947,0.0158,
59,68,True,0.387173,-0.971,none,,,False,,59,0,0.0599,-0.0261,
59,96,True,0.613815,0.0244,none,,,False,,59,0,0.0746,-0.0299,
59,19,True,0.619758,0.0505,none,,,False,,59,0,0.0613,-0.0418,
59,13,True,0.659846,0.2266,none,,,False,,59,0,0.1015,-0.0839,
59,81,True,0.488971,-0.5239,none,,,False,,59,0,0.0599,-0.171,
59,90,True,0.542994,-0.2867,none,,,False,,59,0,0.0721,-0.2791,
59,7,True,0.589363,-0.083,none,,,False,,59,0,0.1956,-0.5081,
59,86,True,0.559109,-0.2159,none,,,False,,59,0,0.3007,-0.5088,
59,74,True,0.527424,-0.355,none,,,False,,59,0,0.0746,-0.5152,
59,4,True,0.417668,-0.8371,none,,,False,,59,0,0.3552,-1.8614,
59,22,True,0.221146,-1.7002,none,,,False,,59,0,0.3304,-2.3263,
59,45,True,0.312088,-1.3008,none,,,False,,59,0,0.3304,-2.0627,
59,98,True,0.260041,-1.5294,none,,,False,,59,0,0.3304,-2.1763,
59,15,True,0.590211,-0.0793,cusum,,,True,negative,59,0,0.3228,-0.9737,
59,89,True,0.513113,-0.4179,none,,,False,,59,0,0.3008,-0.6104,
59,40,True,0.329036,-1.2264,none,,,False,,59,0,0.3007,-2.2885,
60,59,True,1.15182,2.9495,cusum,,,True,positive,60,0,0.2612,3.6571,
60,10,True,1.02025,2.1908,none,,,False,,60,0,0.2598,2.7249,
60,5,True,0.825203,1.066,none,,,False,,60,0,0.2592,2.6727,
60,93,True,0.98203,1.9704,none,,,False,,60,0,0.2586,2.6139,
60,99,True,0.805329,0.9514,none,,,False,,60,0,0.2586,2.5737,
60,31,True,0.893082,1.4575,none,,,False,,60,0,0.2574,2.5718,
60,38,True,0.953581,1.8063,cusum,,,True,positive,60,0,0.2605,2.2702,
60,70,True,0.913192,1.5734,none,,,False,,60,0,0.2574,2.0714,
60,3,True,0.914416,1.5805,none,,,False,,60,0,0.2598,1.7164,
60,94,True,0.750671,0.6362,none,,,False,,60,0,0.2569,1.6141,
60,9,True,0.743426,0.5944,none,,,False,,60,0,0.2586,0.7827,
60,12,True,0.725967,0.4938,none,,,False,,60,0,0.058,0.6755,
60,63,True,0.633682,-0.0384,none,,,False,,60,0,0.0605,0.668,
60,43,True,0.687747,0.2734,none,,,False,,60,0,0.0592,0.3753,
60,16,True,0.823321,1.0552,none,,,False,,60,0,0.0732,0.3676,
60,46,True,0.621322,-0.1097,none,,,False,,60,0,0.0592,0.1973,
60,39,True,0.681394,0.2367,none,,,False,,60,0,0.0642,0.179,
60,24,True,0.593274,-0.2714,none,,,False,,60,0,0.0619,0.1016,
60,19,True,0.593191,-0.2719,none,,,False,,60,0,0.0605,0.0776,
60,92,True,0.661431,0.1216,none,,,False,,60,0,0.0896,0.0233,
60,13,True,0.647003,0.0384,none,,,False,,60,0,0.0961,0.014,
60,1,True,0.55201,-0.5094,none,,,False,,60,0,0.0896,-0.004,
60,96,True,0.727186,0.5008,none,,,False,,60,0,0.0732,-0.03,
60,81,True,0.603632,-0.2117,none,,,False,,60,0,0.0592,-0.1841,
60,90,True,0.571017,-0.3998,none,,,False,,60,0,0.0708,-0.2438,
60,7,True,0.619796,-0.1185,none,,,False,,60,0,0.1239,-0.2491,
60,68,True,0.576869,-0.366,none,,,False,,60,0,0.0592,-0.3912,
60,74,True,0.539944,-0.579,none,,,False,,60,0,0.0732,-0.412,
60,86,True,0.516741,-0.7128,none,,,False,,60,0,0.1392,-0.4855,
60,4,True,0.362687,-1.6011,none,,,False,,60,0,0.3474,-1.5945,
60,22,True,0.320846,-1.8424,cusum,,,True,negative,60,0,0.3239,-2.2834,
60,45,True,0.385495,-1.4696,none,,,False,,60,0,0.3239,-1.9915,
60,98,True,0.307652,-1.9185,cusum,,,True,negative,60,0,0.3239,-2.1172,
60,15,True,0.512759,-0.7357,none,,,False,,60,0,0.3166,-0.8978,
60,61,True,0.422945,-1.2536,none,,,False,,60,0,0.3078,-1.2969,
60,85,True,0.35068,-1.6704,none,,,False,,60,0,0.302,-1.8936,
61,59,True,1.115227,2.2097,none,,,False,,61,0,0.2604,3.7208,
61,10,True,0.936943,1.4069,cusum,,,True,positive,61,0,0.2591,2.8442,
61,93,True,0.993102,1.6598,cusum,,,True,positive,61,0,0.2579,2.749,
61,38,True,0.918004,1.3216,none,,,False,,61,0,0.2597,2.5716,
61,31,True,0.779975,0.7,cusum,,,True,positive,61,0,0.2568,2.4982,
61,99,True,0.907244,1.2731,cusum,,,True,positive,61,0,0.2579,2.3476,
61,5,True,0.567539,-0.2566,cusum,,,True,positive,61,0,0.2585,2.3385,
61,70,True,0.873028,1.1191,none,,,False,,61,0,0.2568,2.1859,
61,3,True,0.761026,0.6147,none,,,False,,61,0,0.2591,2.0861,
61,9,True,0.792302,0.7555,none,,,False,,61,0,0.2579,0.7626,
61,94,True,0.751814,0.5732,none,,,False,,61,0,0.2563,0.6793,
61,12,True,0.612597,-0.0537,none,,,False,,61,0,0.0573,0.653,
61,16,True,0.652923,0.1279,none,,,False,,61,0,0.0719,0.4853,
61,63,True,0.642618,0.0815,none,,,False,,61,0,0.0597,0.4102,
61,43,True,0.65438,0.1344,none,,,False,,61,0,0.0585,0.3211,
61,96,True,0.588292,-0.1632,none,,,False,,61,0,0.0719,0.2015,
61,39,True,0.643137,0.0838,none,,,False,,61,0,0.0633,0.1397,
61,13,True,0.681884,0.2583,none,,,False,,61,0,0.091,0.1119,
61,92,True,0.617567,-0.0314,none,,,False,,61,0,0.0847,0.1116,
61,24,True,0.564555,-0.2701,none,,,False,,61,0,0.0611,0.0643,
61,46,True,0.639778,0.0687,none,,,False,,61,0,0.0585,0.0114,
61,19,True,0.643004,0.0832,none,,,False,,61,0,0.0597,0.01,
61,81,True,0.538886,-0.3857,none,,,False,,61,0,0.0585,-0.1683,
61,1,True,0.631491,0.0314,none,,,False,,61,0,0.0847,-0.1848,
61,7,True,0.224881,-1.7997,none,,,False,,61,0,0.1178,-0.2487,
61,90,True,0.572531,-0.2342,none,,,False,,61,0,0.0696,-0.254,
61,86,True,0.04071,-2.6291,none,,,False,,61,0,0.1324,-0.4673,
61,68,True,0.469473,-0.6983,none,,,False,,61,0,0.0585,-0.5056,
61,4,True,0.368278,-1.154,cusum,,,True,negative,61,0,0.3401,-1.676,
61,22,True,0.321647,-1.3639,none,,,False,,61,0,0.3178,-2.0767,
61,45,True,0.382657,-1.0892,cusum,,,True,negative,61,0,0.3178,-1.8328,
61,98,True,0.388072,-1.0648,none,,,False,,61,0,0.3178,-2.1428,
61,15,True,0.480027,-0.6507,none,,,False,,61,0,0.3108,-1.0247,
61,69,True,0.340961,-1.277,none,,,False,,61,0,0.3083,-1.4686,
61,14,True,0.234417,-1.7568,none,,,False,,61,0,0.3077,-2.8251,
61,28,True,0.175665,-2.0213,none,,,False,,61,0,0.3044,-1.8512,
62,59,True,1.081481,2.0415,cusum,,,True,positive,62,0,0.2597,3.6818,
62,10,True,0.905744,1.2351,none,,,False,,62,0,0.2584,2.7953,
62,93,True,0.95159,1.4455,none,,,False,,62,0,0.2572,2.7365,
62,38,True,1.026798,1.7906,cusum,,,True,positive,62,0,0.259,2.5792,
62,70,True,0.995881,1.6487,cusum,,,True,positive,62,0,0.2562,2.3418,
62,99,True,0.872118,1.0808,none,,,False,,62,0,0.2572,2.3149,
62,31,True,0.950484,1.4404,none,,,False,,62,0,0.2562,2.1979,
62,3,True,0.869343,1.068,none,,,False,,62,0,0.2584,2.0677,
62,9,True,0.627912,-0.0399,cusum,,,True,positive,62,0,0.2572,1.7864,
62,5,True,1.037462,1.8395,none,,,False,,62,0,0.2578,1.7184,
62,94,True,0.715778,0.3633,none,,,False,,62,0,0.2556,0.6719,
62,16,True,0.707883,0.3271,none,,,False,,62,0,0.0706,0.4791,
62,12,True,0.683656,0.2159,none,,,False,,62,0,0.0567,0.4719,
62,63,True,0.634239,-0.0109,none,,,False,,62,0,0.059,0.3942,
62,43,True,0.654883,0.0839,none,,,False,,62,0,0.0578,0.3301,
62,13,True,0.638972,0.0109,none,,,False,,62,0,0.0862,0.281,
62,96,True,0.558533,-0.3583,none,,,False,,62,0,0.0706,0.2135,
62,39,True,0.675008,0.1762,none,,,False,,62,0,0.0624,0.1681,
62,92,True,0.750134,0.521,none,,,False,,62,0,0.0801,0.0703,
62,46,True,0.480163,-0.7179,none,,,False,,62,0,0.0578,0.0511,
62,19,True,0.567302,-0.318,none,,,False,,62,0,0.059,0.0302,
62,24,True,0.774124,0.6311,none,,,False,,62,0,0.0603,-0.0208,
62,1,True,0.520112,-0.5346,none,,,False,,62,0,0.0801,-0.102,
62,90,True,0.541516,-0.4364,none,,,False,,62,0,0.0685,-0.2171,
62,81,True,0.538779,-0.4489,none,,,False,,62,0,0.0578,-0.2992,
62,58,True,0.55105,-0.3926,none,,,False,,62,0,0.1414,-0.5172,
62,27,True,0.717172,0.3697,none,,,False,,62,0,0.2405,-0.5207,
62,89,True,0.456631,-0.8259,none,,,False,,62,0,0.1687,-0.5296,
62,4,True,0.292285,-1.5801,none,,,False,,62,0,0.3333,-1.5683,
62,86,True,0.413418,-1.0242,cusum,,,True,negative,62,0,0.3259,-1.5609,
62,7,True,0.5513,-0.3915,cusum,,,True,negative,62,0,0.312,-1.0492,
62,22,True,0.362654,-1.2572,cusum,,,True,negative,62,0,0.312,-2.0177,
62,45,True,0.283246,-1.6216,none,,,False,,62,0,0.312,-1.6687,
62,98,True,0.331068,-1.4021,none,,,False,,62,0,0.312,-1.8864,
62,49,True,0.30849,-1.5057,none,,,False,,62,0,0.3094,-0.8961,
62,54,True,0.167663,-2.152,none,,,False,,62,0,0.3094,-2.1654,
63,59,True,1.250216,3.0,none,,,False,,63,0,0.2589,3.4765,
63,93,True,0.923512,1.7391,cusum,,,True,positive,63,0,0.2566,2.7648,
63,38,True,0.893892,1.5666,none,,,False,,63,0,0.2583,2.7149,
63,10,True,1.025932,2.3358,none,,,False,,63,0,0.2577,2.6854,
63,70,True,0.812722,1.0937,none,,,False,,63,0,0.2556,2.5185,
63,31,True,0.911896,1.6714,none,,,False,,63,0,0.2556,2.2707,
63,99,True,0.801529,1.0285,none,,,False,,63,0,0.2566,2.1747,
63,3,True,0.73419,0.6362,cusum,,,True,positive,63,0,0.2577,2.1623,
63,5,True,1.021768,2.3115,none,,,False,,63,0,0.2572,1.9567,
63,9,True,0.70141,0.4453,none,,,False,,63,0,0.2566,1.5096,
63,94,True,0.713437,0.5153,none,,,False,,63,0,0.2551,0.595,
63,16,True,0.728867,0.6052,none,,,False,,63,0,0.0695,0.5947,
63,92,True,0.622632,-0.0136,none,,,False,,63,0,0.077,0.3058,
63,12,True,0.644965,0.1165,none,,,False,,63,0,0.0561,0.2908,
63,39,True,0.726584,0.5919,none,,,False,,63,0,0.0616,0.2456,
63,43,True,0.658764,0.1968,none,,,False,,63,0,0.0572,0.2376,
63,13,True,0.627316,0.0136,none,,,False,,63,0,0.0815,0.2068,
63,24,True,0.502623,-0.7127,none,,,False,,63,0,0.0596,0.107,
63,63,True,0.683772,0.3425,none,,,False,,63,0,0.0583,0.0861,
63,96,True,0.6109,-0.082,none,,,False,,63,0,0.0695,0.0844,
63,19,True,0.56488,-0.3501,none,,,False,,63,0,0.0583,-0.0935,
63,46,True,0.595684,-0.1706,none,,,False,,63,0,0.0572,-0.1793,
63,1,True,0.557182,-0.3949,none,,,False,,63,0,0.077,-0.2355,
63,81,True,0.617301,-0.0447,none,,,False,,63,0,0.0572,-0.275,
63,27,True,0.691594,0.3881,none,,,False,,63,0,0.1269,-0.3744,
63,89,True,0.419865,-1.1948,none,,,False,,63,0,0.1497,-0.4493,
63,88,True,0.474096,-0.8789,none,,,False,,63,0,0.3059,-0.537,
63,29,True,0.398211,-1.321,none,,,False,,63,0,0.2366,-0.5436,
63,4,True,0.398967,-1.3166,none,,,False,,63,0,0.3269,-1.8201,
63,86,True,0.515839,-0.6358,none,,,False,,63,0,0.3199,-1.8341,
63,58,True,0.556752,-0.3974,cusum,,,True,negative,63,0,0.3131,-1.035,
63,15,True,0.461222,-0.9539,none,,,False,,63,0,0.312,-0.8739,
63,21,True,0.283798,-1.9875,none,,,False,,63,0,0.3114,-0.8365,
63,72,True,0.287107,-1.9682,none,,,False,,63,0,0.3114,-0.7974,
63,40,True,0.338129,-1.671,none,,,False,,63,0,0.3104,-1.4688,
63,50,True,0.450127,-1.0186,none,,,False,,63,0,0.3099,-0.7879,
64,59,True,1.137185,2.0146,cusum,,,True,positive,64,0,0.2582,3.4925,
64,10,True,0.951011,1.2318,cusum,,,True,positive,64,0,0.2571,2.733,
64,93,True,0.889799,0.9744,none,,,False,,64,0,0.256,2.687,
64,38,True,0.846559,0.7926,cusum,,,True,positive,64,0,0.2576,2.6341,
64,5,True,1.018252,1.5145,cusum,,,True,positive,64,0,0.2565,2.3711,
64,70,True,1.000277,1.4389,none,,,False,,64,0,0.255,2.3579,
64,31,True,1.082893,1.7863,cusum,,,True,positive,64,0,0.255,2.3413,
64,99,True,0.903425,1.0317,none,,,False,,64,0,0.256,2.1996,
64,3,True,0.92779,1.1342,none,,,False,,64,0,0.2571,1.8467,
64,9,True,0.559017,-0.4164,none,,,False,,64,0,0.256,1.4591,
64,94,True,0.783103,0.5258,none,,,False,,64,0,0.2545,0.554,
64,16,True,0.881221,0.9383,none,,,False,,64,0,0.0683,0.4432,
64,39,True,0.634747,-0.098,none,,,False,,64,0,0.0608,0.363,
64,92,True,0.738964,0.3402,none,,,False,,64,0,0.0755,0.2587,
64,63,True,0.681352,0.098,none,,,False,,64,0,0.0576,0.2122,
64,43,True,0.720453,0.2624,none,,,False,,64,0,0.0565,0.2113,
64,13,True,0.554095,-0.4371,none,,,False,,64,0,0.0771,0.1963,
64,12,True,0.73961,0.3429,none,,,False,,64,0,0.0555,0.1643,
64,27,True,0.713294,0.2323,none,,,False,,64,0,0.1209,-0.0242,
64,24,True,0.803489,0.6115,none,,,False,,64,0,0.0588,-0.041,
64,96,True,0.606618,-0.2162,none,,,False,,64,0,0.0683,-0.1113,
64,19,True,0.519298,-0.5834,none,,,False,,64,0,0.0576,-0.1204,
64,1,True,0.482655,-0.7375,none,,,False,,64,0,0.0755,-0.1994,
64,46,True,0.533538,-0.5235,none,,,False,,64,0,0.0565,-0.2004,
64,81,True,0.760632,0.4313,none,,,False,,64,0,0.0565,-0.2202,
64,64,True,0.580686,-0.3253,none,,,False,,64,0,0.1907,-0.554,
64,88,True,0.599061,-0.248,none,,,False,,64,0,0.1588,-0.5549,
64,50,True,0.357323,-1.2644,cusum,,,True,negative,64,0,0.3676,-1.5418,
64,21,True,0.274385,-1.6132,cusum,,,True,negative,64,0,0.3588,-1.743,
64,72,True,0.303258,-1.4918,cusum,,,True,negative,64,0,0.3588,-1.7051,
64,89,True,0.39591,-1.1022,cusum,,,True,negative,64,0,0.3426,-1.1793,
64,4,True,0.332919,-1.367,cusum,,,True,negative,64,0,0.3209,-1.7289,
64,86,True,0.573545,-0.3553,none,,,False,,64,0,0.3142,-1.8118,
64,7,True,0.592255,-0.2766,none,,,False,,64,0,0.3131,-1.1552,
64,22,True,0.284732,-1.5697,none,,,False,,64,0,0.3131,-1.8731,
64,45,True,0.1574,-2.105,none,,,False,,64,0,0.3131,-1.7787,
65,59,True,1.235626,3.0,none,,,False,,65,0,0.2576,3.4266,
65,5,True,0.837191,1.0912,none,,,False,,65,0,0.2559,2.9607,
65,31,True,1.014382,2.0314,none,,,False,,65,0,0.2544,2.7027,
65,10,True,0.99603,1.934,none,,,False,,65,0,0.2564,2.6738,
65,70,True,0.955539,1.7192,cusum,,,True,positive,65,0,0.2544,2.4638,
65,93,True,0.879353,1.3149,none,,,False,,65,0,0.2554,2.4578,
65,38,True,0.89125,1.3781,none,,,False,,65,0,0.257,2.457,
65,99,True,0.813049,0.9631,cusum,,,True,positive,65,0,0.2554,2.1184,
65,3,True,0.677978,0.2465,none,,,False,,65,0,0.2564,2.0191,
65,9,True,0.657557,0.1381,none,,,False,,65,0,0.2554,1.0678,
65,16,True,0.755176,0.6561,none,,,False,,65,0,0.0673,0.7119,
65,94,True,0.728516,0.5146,none,,,False,,65,0,0.2539,0.5375,
65,27,True,0.572986,-0.3106,none,,,False,,65,0,0.1152,0.4479,
65,92,True,0.778846,0.7817,none,,,False,,65,0,0.074,0.3806,
65,39,True,0.68934,0.3068,none,,,False,,65,0,0.06,0.3015,
65,12,True,0.648253,0.0888,none,,,False,,65,0,0.0549,0.2958,
65,43,True,0.730885,0.5272,none,,,False,,65,0,0.0559,0.2532,
65,24,True,0.613419,-0.0961,none,,,False,,65,0,0.0581,0.252,
65,63,True,0.750583,0.6317,none,,,False,,65,0,0.057,0.2169,
65,81,True,0.640167,0.0459,none,,,False,,65,0,0.0559,0.0514,
65,13,True,0.558666,-0.3866,none,,,False,,65,0,0.0754,-0.0375,
65,96,True,0.540712,-0.4818,none,,,False,,65,0,0.0673,-0.1304,
65,19,True,0.567283,-0.3409,none,,,False,,65,0,0.057,-0.3434,
65,64,True,0.50621,-0.6649,none,,,False,,65,0,0.1088,-0.355,
65,46,True,0.607875,-0.1255,none,,,False,,65,0,0.0559,-0.3985,
65,1,True,0.622882,-0.0459,none,,,False,,65,0,0.074,-0.4576,
65,88,True,0.502596,-0.6841,none,,,False,,65,0,0.1512,-0.4713,
65,50,True,0.437511,-1.0294,none,,,False,,65,0,0.3594,-1.62,
65,21,True,0.365776,-1.41,none,,,False,,65,0,0.3512,-2.1495,
65,72,True,0.277092,-1.8806,none,,,False,,65,0,0.3512,-2.0452,
65,89,True,0.448931,-0.9688,none,,,False,,65,0,0.3359,-1.4119,
65,98,True,0.214541,-2.2125,none,,,False,,65,0,0.3195,-1.8471,
65,61,True,0.419831,-1.1232,none,,,False,,65,0,0.3178,-0.9329,
65,85,True,0.308998,-1.7113,none,,,False,,65,0,0.3178,-1.5191,
65,4,True,0.378744,-1.3412,none,,,False,,65,0,0.3152,-1.8034,
65,58,True,0.516153,-0.6121,none,,,False,,65,0,0.3141,-1.053,
66,59,True,1.173426,2.5393,cusum,,,True,positive,66,0,0.2569,3.7452,
66,10,True,0.872786,1.0638,cusum,,,True,positive,66,0,0.2558,2.906,
66,31,True,1.086854,2.1144,cusum,,,True,positive,66,0,0.2538,2.899,
66,5,True,0.876337,1.0812,none,,,False,,66,0,0.2553,2.7105,
66,70,True,1.106923,2.2129,none,,,False,,66,0,0.2538,2.4866,
66,93,True,0.789438,0.6547,cusum,,,True,positive,66,0,0.2548,2.4135,
66,38,True,0.932581,1.3573,none,,,False,,66,0,0.2564,2.3187,
66,99,True,0.796363,0.6887,none,,,False,,66,0,0.2548,2.0785,
66,3,True,0.790565,0.6603,none,,,False,,66,0,0.2558,1.7445,
66,94,True,0.771462,0.5665,cusum,,,True,positive,66,0,0.2534,1.5873,
66,9,True,0.555639,-0.4927,none,,,False,,66,0,0.2548,1.1264,
66,16,True,0.722101,0.3243,none,,,False,,66,0,0.0662,0.8203,
66,92,True,0.772641,0.5723,none,,,False,,66,0,0.0727,0.4656,
66,63,True,0.708262,0.2563,none,,,False,,66,0,0.0564,0.4303,
66,43,True,0.71791,0.3037,none,,,False,,66,0,0.0553,0.4002,
66,39,True,0.627378,-0.1406,none,,,False,,66,0,0.0593,0.3441,
66,12,True,0.748925,0.4559,none,,,False,,66,0,0.0543,0.2527,
66,27,True,0.621244,-0.1707,none,,,False,,66,0,0.1098,0.218,
66,81,True,0.709927,0.2645,none,,,False,,66,0,0.0553,0.2156,
66,24,True,0.842103,0.9132,none,,,False,,66,0,0.0575,0.0088,
66,13,True,0.545233,-0.5438,none,,,False,,66,0,0.0739,-0.1719,
66,96,True,0.557776,-0.4822,none,,,False,,66,0,0.0662,-0.173,
66,46,True,0.660657,0.0227,none,,,False,,66,0,0.0553,-0.2018,
66,1,True,0.65141,-0.0227,none,,,False,,66,0,0.0727,-0.2965,
66,19,True,0.488662,-0.8214,none,,,False,,66,0,0.0564,-0.3518,
66,64,True,0.503095,-0.7506,none,,,False,,66,0,0.1036,-0.4256,
66,74,True,0.588193,-0.333,none,,,False,,66,0,0.298,-0.465,
66,88,True,0.558224,-0.48,none,,,False,,66,0,0.1441,-0.47,
66,50,True,0.421993,-1.1486,none,,,False,,66,0,0.3519,-1.4655,
66,21,True,0.292164,-1.7858,none,,,False,,66,0,0.3441,-2.0366,
66,72,True,0.289873,-1.7971,cusum,,,True,negative,66,0,0.3441,-2.1466,
66,89,True,0.403195,-1.2409,none,,,False,,66,0,0.3297,-1.4636,
66,86,True,0.375803,-1.3753,none,,,False,,66,0,0.3151,-1.0571,
66,15,True,0.28522,-1.8199,none,,,False,,66,0,0.3142,-0.6683,
66,4,True,0.388152,-1.3147,none,,,False,,66,0,0.3098,-1.7269,
66,7,True,0.383514,-1.3375,none,,,False,,66,0,0.3089,-1.2108,
67,59,True,1.117598,2.2542,none,,,False,,67,0,0.2563,3.5909,
67,31,True,1.025437,1.8262,none,,,False,,67,0,0.2533,3.046,
67,70,True,0.811315,0.8319,cusum,,,True,positive,67,0,0.2533,2.859,
67,10,True,0.824542,0.8933,none,,,False,,67,0,0.2552,2.4813,
67,5,True,0.826887,0.9042,cusum,,,True,positive,67,0,0.2547,2.2997,
67,38,True,0.913972,1.3086,cusum,,,True,positive,67,0,0.2557,2.2481,
67,93,True,0.916208,1.319,none,,,False,,67,0,0.2542,2.0514,
67,99,True,0.862271,1.0685,none,,,False,,67,0,0.2542,1.9645,
67,3,True,0.845634,0.9912,none,,,False,,67,0,0.2552,1.7517,
67,94,True,0.773097,0.6544,none,,,False,,67,0,0.2529,1.6037,
67,16,True,0.747935,0.5375,none,,,False,,67,0,0.0652,0.7253,
67,92,True,0.666252,0.1582,none,,,False,,67,0,0.0714,0.6592,
67,24,True,0.643621,0.0531,none,,,False,,67,0,0.0568,0.5499,
67,43,True,0.724725,0.4297,none,,,False,,67,0,0.0547,0.4351,
67,63,True,0.705489,0.3404,none,,,False,,67,0,0.0557,0.4008,
67,12,True,0.663214,0.1441,none,,,False,,67,0,0.0538,0.3652,
67,81,True,0.552691,-0.3692,none,,,False,,67,0,0.0547,0.3179,
67,39,True,0.620757,-0.0531,none,,,False,,67,0,0.0586,0.099,
67,27,True,0.727833,0.4442,none,,,False,,67,0,0.1047,0.0288,
67,46,True,0.689833,0.2677,none,,,False,,67,0,0.0547,-0.1381,
67,1,True,0.610433,-0.101,none,,,False,,67,0,0.0714,-0.1742,
67,9,True,0.620645,-0.0536,none,,,False,,67,0,0.2542,-0.187,
67,96,True,0.48199,-0.6975,none,,,False,,67,0,0.0652,-0.3077,
67,74,True,0.540836,-0.4242,none,,,False,,67,0,0.2702,-0.3295,
67,88,True,0.512583,-0.5554,none,,,False,,67,0,0.1376,-0.3416,
67,13,True,0.536823,-0.4429,none,,,False,,67,0,0.0726,-0.3596,
67,64,True,0.612635,-0.0908,none,,,False,,67,0,0.0987,-0.4712,
67,19,True,0.568101,-0.2976,none,,,False,,67,0,0.0557,-0.5097,
67,50,True,0.476856,-0.7214,cusum,,,True,negative,67,0,0.3449,-1.5139,
67,21,True,0.343115,-1.3425,cusum,,,True,negative,67,0,0.3376,-1.9739,
67,72,True,0.225316,-1.8895,none,,,False,,67,0,0.3376,-2.094,
67,89,True,0.444797,-0.8702,none,,,False,,67,0,0.3238,-1.4827,
67,22,True,0.35947,-1.2665,none,,,False,,67,0,0.3152,-1.2851,
67,45,True,0.395595,-1.0987,none,,,False,,67,0,0.3152,-1.9935,
67,49,True,0.482618,-0.6946,none,,,False,,67,0,0.3137,-0.8799,
67,54,True,0.245098,-1.7976,none,,,False,,67,0,0.3137,-1.8893,
68,59,True,1.102263,2.0874,cusum,,,True,positive,68,0,0.2557,3.67,
68,31,True,1.099777,2.0751,cusum,,,True,positive,68,0,0.2528,3.0587,
68,70,True,1.002197,1.5932,none,,,False,,68,0,0.2528,2.656,
68,38,True,0.824888,0.7176,none,,,False,,68,0,0.2551,2.4194,
68,10,True,0.750259,0.3491,none,,,False,,68,0,0.2546,2.3677,
68,93,True,0.914268,1.159,none,,,False,,68,0,0.2537,2.1656,
68,5,True,0.963508,1.4022,none,,,False,,68,0,0.2542,2.0956,
68,99,True,0.837792,0.7814,none,,,False,,68,0,0.2537,1.9761,
68,94,True,0.729912,0.2486,none,,,False,,68,0,0.2523,1.6459,
68,3,True,0.810323,0.6457,none,,,False,,68,0,0.2546,0.7034,
68,92,True,0.762315,0.4086,none,,,False,,68,0,0.0701,0.5969,
68,16,True,0.802803,0.6086,none,,,False,,68,0,0.0643,0.5905,
68,43,True,0.657133,-0.1108,none,,,False,,68,0,0.0542,0.4902,
68,63,True,0.740252,0.2997,none,,,False,,68,0,0.0551,0.4809,
68,24,True,0.719049,0.195,none,,,False,,68,0,0.0562,0.363,
68,12,True,0.722053,0.2098,none,,,False,,68,0,0.0532,0.2983,
68,46,True,0.705457,0.1279,none,,,False,,68,0,0.0542,0.125,
68,39,True,0.604673,-0.3698,none,,,False,,68,0,0.0579,0.1131,
68,27,True,0.700284,0.1023,none,,,False,,68,0,0.0998,0.0967,
68,81,True,0.666612,-0.064,none,,,False,,68,0,0.0542,0.0504,
68,1,True,0.692519,0.064,none,,,False,,68,0,0.0701,0.0363,
68,9,True,0.620121,-0.2935,none,,,False,,68,0,0.2537,-0.0667,
68,90,True,0.541969,-0.6795,none,,,False,,68,0,0.2928,-0.2684,
68,74,True,0.530576,-0.7357,none,,,False,,68,0,0.269,-0.3541,
68,58,True,0.470846,-1.0307,none,,,False,,68,0,0.3161,-0.3556,
68,13,True,0.563978,-0.5708,none,,,False,,68,0,0.0713,-0.3633,
68,64,True,0.502983,-0.872,none,,,False,,68,0,0.094,-0.3955,
68,19,True,0.54399,-0.6695,none,,,False,,68,0,0.0551,-0.4152,
68,50,True,0.335755,-1.6978,none,,,False,,68,0,0.3383,-1.3374,
68,21,True,0.278047,-1.9828,none,,,False,,68,0,0.3314,-1.8878,
68,72,True,0.268692,-2.029,cusum,,,True,negative,68,0,0.3314,-2.2307,
68,88,True,0.559309,-0.5939,cusum,,,True,negative,68,0,0.3314,-0.9482,
68,89,True,0.261891,-2.0626,cusum,,,True,negative,68,0,0.3182,-1.4088,
68,98,True,0.299152,-1.8786,none,,,False,,68,0,0.3161,-1.448,
68,78,True,0.206748,-2.3349,none,,,False,,68,0,0.3157,-1.2273,
68,75,True,0.522483,-0.7757,none,,,False,,68,0,0.3129,-0.7267,
69,59,True,1.14414,2.4183,none,,,False,,69,0,0.2551,3.3651,
69,31,True,1.032085,1.8563,none,,,False,,69,0,0.2523,3.0727,
69,70,True,1.037998,1.886,none,,,False,,69,0,0.2523,2.6134,
69,38,True,0.930246,1.3456,none,,,False,,69,0,0.2546,2.1985,
69,5,True,1.115415,2.2742,none,,,False,,69,0,0.2536,2.1985,
69,93,True,0.804625,0.7156,none,,,False,,69,0,0.2531,2.1129,
69,99,True,0.852828,0.9574,none,,,False,,69,0,0.2531,1.9149,
69,10,True,0.856106,0.9738,none,,,False,,69,0,0.2541,1.8387,
69,3,True,0.92441,1.3164,cusum,,,True,positive,69,0,0.2541,1.8357,
69,94,True,0.763107,0.5074,none,,,False,,69,0,0.2518,1.5566,
69,16,True,0.771196,0.548,none,,,False,,69,0,0.0634,0.5734,
69,92,True,0.796691,0.6759,none,,,False,,69,0,0.069,0.471,
69,24,True,0.788751,0.636,none,,,False,,69,0,0.0556,0.4593,
69,63,True,0.694655,0.1641,none,,,False,,69,0,0.0546,0.3695,
69,12,True,0.629195,-0.1641,none,,,False,,69,0,0.0527,0.338,
69,43,True,0.728945,0.3361,none,,,False,,69,0,0.0536,0.2769,
69,27,True,0.77421,0.5631,none,,,False,,69,0,0.0952,0.2318,
69,46,True,0.620535,-0.2076,none,,,False,,69,0,0.0536,0.2088,
69,1,True,0.498613,-0.819,none,,,False,,69,0,0.069,0.0714,
69,81,True,0.751251,0.448,none,,,False,,69,0,0.0536,0.0131,
69,39,True,0.611099,-0.2549,none,,,False,,69,0,0.0572,-0.1133,
69,9,True,0.580644,-0.4076,none,,,False,,69,0,0.2531,-0.2113,
69,90,True,0.573511,-0.4434,none,,,False,,69,0,0.266,-0.363,
69,74,True,0.597798,-0.3216,none,,,False,,69,0,0.2679,-0.4078,
69,13,True,0.603035,-0.2953,none,,,False,,69,0,0.0701,-0.4263,
69,64,True,0.524244,-0.6905,none,,,False,,69,0,0.0895,-0.4669,
69,96,True,0.706059,0.2213,none,,,False,,69,0,0.0693,-0.4693,
69,19,True,0.504356,-0.7902,none,,,False,,69,0,0.0546,-0.5255,
69,78,True,0.195836,-2.3374,cusum,,,True,negative,69,0,0.3538,-2.114,
69,50,True,0.471649,-0.9542,none,,,False,,69,0,0.3322,-1.5643,
69,21,True,0.192149,-2.3559,cusum,,,True,negative,69,0,0.3255,-2.0824,
69,72,True,0.254579,-2.0428,none,,,False,,69,0,0.3255,-2.2839,
69,88,True,0.580494,-0.4084,none,,,False,,69,0,0.3255,-0.9218,
69,4,True,0.393228,-1.3475,none,,,False,,69,0,0.317,-1.7292,
69,86,True,0.583209,-0.3948,none,,,False,,69,0,0.317,-0.677,
69,57,True,0.527701,-0.6731,none,,,False,,69,0,0.314,-0.8033,
70,59,True,1.011635,1.7652,cusum,,,True,positive,70,0,0.2545,3.324,
70,31,True,0.943709,1.4313,cusum,,,True,positive,70,0,0.2518,2.986,
70,5,True,0.89794,1.2063,cusum,,,True,positive,70,0,0.2531,2.5955,
70,70,True,1.094784,2.1739,cusum,,,True,positive,70,0,0.2518,2.5038,
70,38,True,0.928896,1.3585,none,,,False,,70,0,0.254,2.194,
70,93,True,0.687179,0.1704,cusum,,,True,positive,70,0,0.2526,2.1326,
70,3,True,0.952141,1.4727,none,,,False,,70,0,0.2535,2.0538,
70,99,True,0.786895,0.6605,cusum,,,True,positive,70,0,0.2526,2.0038,
70,10,True,0.767093,0.5632,none,,,False,,70,0,0.2535,1.8081,
70,16,True,0.809332,0.7708,cusum,,,True,positive,70,0,0.2625,1.6469,
70,94,True,0.791532,0.6833,none,,,False,,70,0,0.2514,1.5364,
70,92,True,0.755946,0.5084,none,,,False,,70,0,0.0679,0.504,
70,27,True,0.556279,-0.4731,none,,,False,,70,0,0.0907,0.4741,
70,24,True,0.73068,0.3842,none,,,False,,70,0,0.055,0.3661,
70,63,True,0.698078,0.2239,none,,,False,,70,0,0.054,0.3381,
70,43,True,0.739065,0.4254,none,,,False,,70,0,0.0531,0.287,
70,46,True,0.451814,-0.9865,none,,,False,,70,0,0.0531,0.1313,
70,12,True,0.799273,0.7213,none,,,False,,70,0,0.0522,0.1307,
70,81,True,0.550112,-0.5034,none,,,False,,70,0,0.0531,0.0736,
70,39,True,0.551284,-0.4976,none,,,False,,70,0,0.0566,-0.1522,
70,9,True,0.676828,0.1195,none,,,False,,70,0,0.2526,-0.1836,
70,1,True,0.65563,0.0153,none,,,False,,70,0,0.0679,-0.1956,
70,96,True,0.565607,-0.4272,none,,,False,,70,0,0.0633,-0.2361,
70,13,True,0.649411,-0.0153,none,,,False,,70,0,0.0689,-0.345,
70,74,True,0.538464,-0.5606,none,,,False,,70,0,0.2669,-0.4055,
70,90,True,0.58783,-0.318,none,,,False,,70,0,0.265,-0.434,
70,19,True,0.581428,-0.3494,none,,,False,,70,0,0.054,-0.5158,
70,53,True,0.455399,-0.9689,none,,,False,,70,0,0.207,-0.5557,
70,57,True,0.388996,-1.2953,cusum,,,True,negative,70,0,0.3545,-1.5247,
70,78,True,0.22902,-2.0817,none,,,False,,70,0,0.347,-2.5201,
70,50,True,0.429195,-1.0977,none,,,False,,70,0,0.3264,-1.5032,
70,21,True,0.270147,-1.8795,none,,,False,,70,0,0.32,-2.2759,
70,72,True,0.288186,-1.7908,cusum,,,True,negative,70,0,0.32,-2.3693,
70,88,True,0.517089,-0.6657,none,,,False,,70,0,0.32,-0.9014,
70,89,True,0.417308,-1.1562,none,,,False,,70,0,0.3189,-1.7765,
70,7,True,0.493663,-0.7808,none,,,False,,70,0,0.317,-0.5594,
71,59,True,1.086271,1.9738,none,,,False,,71,0,0.2539,3.1603,
71,70,True,1.071823,1.9053,none,,,False,,71,0,0.2513,2.9506,
71,31,True,0.979373,1.4665,none,,,False,,71,0,0.2513,2.8538,
71,5,True,1.058519,1.8421,none,,,False,,71,0,0.2526,2.6956,
71,3,True,0.879519,0.9926,none,,,False,,71,0,0.253,2.2136,
71,38,True,0.911953,1.1465,cusum,,,True,positive,71,0,0.2535,2.2099,
71,99,True,0.846693,0.8368,none,,,False,,71,0,0.2521,1.8672,
71,93,True,0.822651,0.7227,none,,,False,,71,0,0.2521,1.7491,
71,16,True,0.770139,0.4735,none,,,False,,71,0,0.2617,1.7236,
71,10,True,0.860472,0.9022,none,,,False,,71,0,0.253,0.6974,
71,92,True,0.71352,0.2048,none,,,False,,71,0,0.0668,0.6193,
71,94,True,0.731552,0.2904,none,,,False,,71,0,0.2509,0.5454,
71,24,True,0.744504,0.3519,none,,,False,,71,0,0.0544,0.4758,
71,12,True,0.743889,0.349,none,,,False,,71,0,0.0517,0.3225,
71,63,True,0.644896,-0.1208,none,,,False,,71,0,0.0535,0.2986,
71,43,True,0.749254,0.3744,none,,,False,,71,0,0.0526,0.2849,
71,27,True,0.707848,0.1779,none,,,False,,71,0,0.0864,0.1662,
71,81,True,0.682018,0.0553,none,,,False,,71,0,0.0526,0.0283,
71,9,True,0.608716,-0.2925,none,,,False,,71,0,0.2521,-0.1265,
71,1,True,0.577347,-0.4414,none,,,False,,71,0,0.0668,-0.1582,
71,13,True,0.585272,-0.4038,none,,,False,,71,0,0.0678,-0.204,
71,96,True,0.590624,-0.3784,none,,,False,,71,0,0.0625,-0.2189,
71,46,True,0.658696,-0.0553,none,,,False,,71,0,0.0526,-0.2874,
71,39,True,0.538399,-0.6262,none,,,False,,71,0,0.056,-0.3012,
71,90,True,0.541244,-0.6127,none,,,False,,71,0,0.2641,-0.3958,
71,74,True,0.478755,-0.9093,none,,,False,,71,0,0.0659,-0.4523,
71,19,True,0.509038,-0.7656,none,,,False,,71,0,0.0535,-0.5337,
71,32,True,0.716392,0.2185,none,,,False,,71,0,0.2816,-0.5579,
71,57,True,0.386008,-1.3494,none,,,False,,71,0,0.3476,-1.6191,
71,78,True,0.22464,-2.1153,cusum,,,True,negative,71,0,0.3405,-2.6222,
71,15,True,0.474736,-0.9284,none,,,False,,71,0,0.3228,-1.5324,
71,85,True,0.32902,-1.6199,none,,,False,,71,0,0.322,-1.5004,
71,50,True,0.469071,-0.9552,cusum,,,True,negative,71,0,0.3209,-1.6321,
71,11,True,0.600366,-0.3322,none,,,False,,71,0,0.3201,-0.6529,
71,22,True,0.310894,-1.7059,none,,,False,,71,0,0.3178,-1.7553,
71,45,True,0.265864,-1.9196,none,,,False,,71,0,0.3178,-1.4993,
72,59,True,1.062528,2.1252,cusum,,,True,positive,72,0,0.2534,3.1218,
72,70,True,1.036294,1.9822,cusum,,,True,positive,72,0,0.2508,3.054,
72,5,True,0.786526,0.621,none,,,False,,72,0,0.2521,2.8416,
72,31,True,0.635778,-0.2006,none,,,False,,72,0,0.2508,2.6504,
72,38,True,0.751998,0.4328,none,,,False,,72,0,0.2529,2.3522,
72,3,True,0.833422,0.8766,cusum,,,True,positive,72,0,0.2525,2.3286,
72,99,True,0.823262,0.8212,none,,,False,,72,0,0.2516,1.8851,
72,10,True,0.875066,1.1035,cusum,,,True,positive,72,0,0.2525,1.8811,
72,16,True,0.776362,0.5656,none,,,False,,72,0,0.2609,1.6775,
72,93,True,0.870421,1.0782,none,,,False,,72,0,0.2516,1.6031,
72,94,True,0.736984,0.351,none,,,False,,72,0,0.2504,0.5588,
72,92,True,0.745369,0.3967,none,,,False,,72,0,0.0658,0.5501,
72,24,True,0.62406,-0.2645,none,,,False,,72,0,0.0539,0.5274,
72,43,True,0.665675,-0.0377,none,,,False,,72,0,0.0521,0.4461,
72,12,True,0.729389,0.3096,none,,,False,,72,0,0.0512,0.3683,
72,27,True,0.679504,0.0377,none,,,False,,72,0,0.0823,0.1893,
72,63,True,0.785941,0.6178,none,,,False,,72,0,0.0529,0.1578,
72,81,True,0.544951,-0.6957,none,,,False,,72,0,0.0521,0.0674,
72,96,True,0.549422,-0.6713,none,,,False,,72,0,0.0616,-0.1136,
72,9,True,0.753442,0.4407,none,,,False,,72,0,0.0516,-0.1267,
72,13,True,0.746244,0.4014,none,,,False,,72,0,0.0667,-0.1497,
72,1,True,0.589908,-0.4506,none,,,False,,72,0,0.0658,-0.328,
72,46,True,0.536099,-0.7439,none,,,False,,72,0,0.0521,-0.3491,
72,90,True,0.584351,-0.4809,none,,,False,,72,0,0.2632,-0.3747,
72,39,True,0.688316,0.0857,none,,,False,,72,0,0.0554,-0.3874,
72,32,True,0.850956,0.9721,none,,,False,,72,0,0.128,-0.4713,
72,74,True,0.548243,-0.6777,none,,,False,,72,0,0.0649,-0.5114,
72,37,True,0.181514,-2.6764,none,,,False,,72,0,0.3142,-0.5581,
72,57,True,0.350653,-1.7546,none,,,False,,72,0,0.3412,-1.4769,
72,78,True,0.204489,-2.5512,none,,,False,,72,0,0.3345,-2.5531,
72,21,True,0.416274,-1.397,none,,,False,,72,0,0.3206,-2.458,
72,72,True,0.287492,-2.0988,none,,,False,,72,0,0.3206,-2.3395,
72,88,True,0.524543,-0.8069,none,,,False,,72,0,0.3206,-0.9413,
72,35,True,0.40428,-1.4623,none,,,False,,72,0,0.319,-0.741,
72,58,True,0.608944,-0.3469,none,,,False,,72,0,0.3187,-0.571,
72,98,True,0.339793,-1.8138,none,,,False,,72,0,0.3187,-2.2219,
73,70,True,1.094303,2.1955,none,,,False,,73,0,0.2504,3.0856,
73,59,True,1.124885,2.3411,none,,,False,,73,0,0.2529,3.0234,
73,5,True,1.007256,1.7811,cusum,,,True,positive,73,0,0.2516,2.29,
73,3,True,0.870165,1.1283,none,,,False,,73,0,0.252,2.1814,
73,38,True,0.900068,1.2707,none,,,False,,73,0,0.2524,2.0473,
73,31,True,0.852455,1.044,none,,,False,,73,0,0.2504,1.9642,
73,10,True,0.750202,0.5572,none,,,False,,73,0,0.252,1.9237,
73,99,True,0.802118,0.8044,none,,,False,,73,0,0.2512,1.8391,
73,93,True,0.875668,1.1545,none,,,False,,73,0,0.2512,1.7233,
73,16,True,0.681745,0.2312,none,,,False,,73,0,0.2601,1.6824,
73,12,True,0.716215,0.3953,none,,,False,,73,0,0.0508,0.5256,
73,94,True,0.724833,0.4364,none,,,False,,73,0,0.25,0.5061,
73,92,True,0.819565,0.8874,none,,,False,,73,0,0.0648,0.4557,
73,43,True,0.773853,0.6698,none,,,False,,73,0,0.0516,0.3209,
73,63,True,0.65784,0.1174,none,,,False,,73,0,0.0524,0.3083,
73,24,True,0.77193,0.6606,none,,,False,,73,0,0.0533,0.2265,
73,9,True,0.628837,-0.0207,none,,,False,,73,0,0.0512,0.1554,
73,32,True,0.583462,-0.2367,none,,,False,,73,0,0.1226,0.0869,
73,13,True,0.594206,-0.1856,none,,,False,,73,0,0.0657,0.0812,
73,27,True,0.49053,-0.6792,none,,,False,,73,0,0.0783,0.0122,
73,1,True,0.637529,0.0207,none,,,False,,73,0,0.0648,-0.2065,
73,39,True,0.470722,-0.7735,none,,,False,,73,0,0.0548,-0.2746,
73,81,True,0.738512,0.5015,none,,,False,,73,0,0.0516,-0.3144,
73,90,True,0.531856,-0.4824,none,,,False,,73,0,0.0623,-0.3883,
73,96,True,0.518565,-0.5457,none,,,False,,73,0,0.0608,-0.4122,
73,88,True,0.60079,-0.1542,none,,,False,,73,0,0.3108,-0.5152,
73,46,True,0.600264,-0.1567,none,,,False,,73,0,0.0516,-0.5284,
73,58,True,0.559411,-0.3513,none,,,False,,73,0,0.0995,-0.5566,
73,35,True,0.446271,-0.8899,cusum,,,True,negative,73,0,0.3562,-1.5102,
73,37,True,0.314273,-1.5184,cusum,,,True,negative,73,0,0.3562,-1.6208,
73,57,True,0.427082,-0.9813,cusum,,,True,negative,73,0,0.3352,-1.8415,
73,78,True,0.241082,-1.8669,cusum,,,True,negative,73,0,0.3288,-2.6281,
73,50,True,0.501488,-0.627,none,,,False,,73,0,0.3214,-1.3877,
73,89,True,0.443525,-0.903,none,,,False,,73,0,0.3203,-1.7512,
73,4,True,0.444959,-0.8962,none,,,False,,73,0,0.3195,-1.2254,
73,42,True,0.384407,-1.1845,none,,,False,,73,0,0.3192,-0.7546,
74,59,True,1.066798,2.1146,cusum,,,True,positive,74,0,0.2524,3.2148,
74,70,True,1.068907,2.125,cusum,,,True,positive,74,0,0.2499,3.0922,
74,5,True,0.861253,1.0956,none,,,False,,74,0,0.2511,2.4809,
74,3,True,0.801633,0.8001,none,,,False,,74,0,0.2515,2.066,
74,93,True,0.957947,1.575,none,,,False,,74,0,0.2507,2.0508,
74,38,True,0.99429,1.7551,none,,,False,,74,0,0.2519,2.0174,
74,10,True,0.929797,1.4354,none,,,False,,74,0,0.2515,1.9211,
74,99,True,0.760616,0.5967,none,,,False,,74,0,0.2507,1.8864,
74,31,True,0.864386,1.1112,cusum,,,True,positive,74,0,0.2499,1.8345,
74,16,True,0.680468,0.1994,none,,,False,,74,0,0.2594,1.5015,
74,92,True,0.767163,0.6292,none,,,False,,74,0,0.0639,0.5808,
74,32,True,0.329222,-1.5418,none,,,False,,74,0,0.1175,0.4327,
74,94,True,0.782561,0.7055,none,,,False,,74,0,0.2495,0.4233,
74,12,True,0.647062,0.0338,none,,,False,,74,0,0.0503,0.4164,
74,43,True,0.633415,-0.0338,none,,,False,,74,0,0.0511,0.4017,
74,24,True,0.545257,-0.4708,none,,,False,,74,0,0.0528,0.318,
74,63,True,0.72892,0.4396,none,,,False,,74,0,0.0519,0.2722,
74,9,True,0.726769,0.429,none,,,False,,74,0,0.0507,0.1081,
74,13,True,0.676562,0.1801,none,,,False,,74,0,0.0648,0.0231,
74,81,True,0.52323,-0.58,none,,,False,,74,0,0.0511,0.02,
74,27,True,0.663683,0.1162,none,,,False,,74,0,0.0745,-0.0583,
74,1,True,0.567245,-0.3618,none,,,False,,74,0,0.0639,-0.2059,
74,46,True,0.518984,-0.6011,none,,,False,,74,0,0.0511,-0.2524,
74,39,True,0.666223,0.1288,none,,,False,,74,0,0.0542,-0.3673,
74,88,True,0.564302,-0.3764,none,,,False,,74,0,0.306,-0.4332,
74,90,True,0.531365,-0.5397,none,,,False,,74,0,0.0615,-0.4443,
74,96,True,0.510438,-0.6435,none,,,False,,74,0,0.0601,-0.4527,
74,58,True,0.537952,-0.5071,none,,,False,,74,0,0.0951,-0.472,
74,35,True,0.408269,-1.1499,none,,,False,,74,0,0.3495,-1.3746,
74,37,True,0.347345,-1.4519,none,,,False,,74,0,0.3495,-1.8476,
74,42,True,0.408069,-1.1509,cusum,,,True,negative,74,0,0.3495,-1.4979,
74,57,True,0.346676,-1.4553,none,,,False,,74,0,0.3296,-1.7405,
74,54,True,0.306866,-1.6526,none,,,False,,74,0,0.3235,-1.7901,
74,78,True,0.228821,-2.0395,none,,,False,,74,0,0.3234,-2.5599,
74,47,True,0.29884,-1.6924,none,,,False,,74,0,0.3223,-1.0535,
74,21,True,0.278826,-1.7916,none,,,False,,74,0,0.3164,-2.2657,
75,59,True,1.023565,1.7814,none,,,False,,75,0,0.2519,3.2611,
75,70,True,1.089286,2.0725,none,,,False,,75,0,0.2495,3.165,
75,93,True,0.870019,1.1013,cusum,,,True,positive,75,0,0.2502,2.3343,
75,5,True,1.006221,1.7046,none,,,False,,75,0,0.2506,2.2315,
75,38,True,0.891352,1.1958,cusum,,,True,positive,75,0,0.2514,2.2197,
75,10,True,0.823275,0.8943,none,,,False,,75,0,0.251,2.0983,
75,3,True,0.802817,0.8037,none,,,False,,75,0,0.251,2.0012,
75,31,True,1.052724,1.9105,none,,,False,,75,0,0.2495,1.7155,
75,99,True,0.693334,0.3187,none,,,False,,75,0,0.2502,0.8059,
75,92,True,0.80896,0.8309,none,,,False,,75,0,0.063,0.7211,
75,94,True,0.733213,0.4954,none,,,False,,75,0,0.2491,0.5611,
75,63,True,0.569752,-0.2286,none,,,False,,75,0,0.0514,0.4584,
75,16,True,0.637333,0.0707,none,,,False,,75,0,0.2587,0.4092,
75,9,True,0.663325,0.1858,none,,,False,,75,0,0.0502,0.3481,
75,12,True,0.499074,-0.5417,none,,,False,,75,0,0.0499,0.3108,
75,43,True,0.62114,-0.001,none,,,False,,75,0,0.0506,0.2651,
75,13,True,0.609385,-0.0531,none,,,False,,75,0,0.0638,0.2165,
75,24,True,0.805149,0.814,none,,,False,,75,0,0.0523,0.0431,
75,27,True,0.575132,-0.2048,none,,,False,,75,0,0.0708,-0.0806,
75,39,True,0.613933,-0.0329,none,,,False,,75,0,0.0537,-0.1163,
75,32,True,0.843242,0.9827,none,,,False,,75,0,0.1126,-0.157,
75,1,True,0.644255,0.1014,none,,,False,,75,0,0.063,-0.1806,
75,81,True,0.694939,0.3258,none,,,False,,75,0,0.0506,-0.1924,
75,58,True,0.541215,-0.355,none,,,False,,75,0,0.0909,-0.2997,
75,88,True,0.621602,0.001,none,,,False,,75,0,0.3015,-0.3392,
75,90,True,0.52677,-0.419,none,,,False,,75,0,0.0607,-0.421,
75,46,True,0.614663,-0.0297,none,,,False,,75,0,0.0506,-0.4349,
75,64,True,0.531936,-0.3961,none,,,False,,75,0,0.3143,-0.449,
75,47,True,0.317069,-1.3478,cusum,,,True,negative,75,0,0.3501,-1.826,
75,35,True,0.403124,-0.9667,none,,,False,,75,0,0.3432,-1.5383,
75,37,True,0.362134,-1.1482,none,,,False,,75,0,0.3432,-2.2532,
75,42,True,0.41591,-0.91,none,,,False,,75,0,0.3432,-1.5815,
75,57,True,0.386026,-1.0424,none,,,False,,75,0,0.3242,-1.7792,
75,72,True,0.256437,-1.6164,none,,,False,,75,0,0.3219,-2.3657,
75,78,True,0.156833,-2.0575,cusum,,,True,negative,75,0,0.3183,-2.5378,
75,66,True,0.498251,-0.5453,none,,,False,,75,0,0.3181,-0.5615,
76,70,True,1.043947,1.7378,cusum,,,True,positive,76,0,0.2491,3.1945,
76,59,True,1.106088,2.0151,cusum,,,True,positive,76,0,0.2514,3.1458,
76,5,True,1.059462,1.807,cusum,,,True,positive,76,0,0.2502,2.5922,
76,38,True,0.880139,1.0069,none,,,False,,76,0,0.251,2.4734,
76,31,True,0.867463,0.9503,none,,,False,,76,0,0.2491,2.4187,
76,93,True,0.891657,1.0582,none,,,False,,76,0,0.2498,2.3415,
76,10,True,0.869288,0.9584,cusum,,,True,positive,76,0,0.2506,2.0279,
76,3,True,0.811138,0.699,none,,,False,,76,0,0.2506,1.9763,
76,92,True,0.812481,0.705,cusum,,,True,positive,76,0,0.2621,1.8647,
76,99,True,0.728187,0.3288,none,,,False,,76,0,0.2498,0.6378,
76,94,True,0.746557,0.4108,none,,,False,,76,0,0.0487,0.6088,
76,24,True,0.70641,0.2317,none,,,False,,76,0,0.0518,0.402,
76,43,True,0.615051,-0.176,none,,,False,,76,0,0.0502,0.2767,
76,9,True,0.618143,-0.1622,none,,,False,,76,0,0.0498,0.2626,
76,16,True,0.668088,0.0607,none,,,False,,76,0,0.258,0.2434,
76,63,True,0.757933,0.4616,none,,,False,,76,0,0.051,0.1757,
76,81,True,0.640055,-0.0644,none,,,False,,76,0,0.0502,0.1475,
76,13,True,0.647198,-0.0326,none,,,False,,76,0,0.0629,0.0638,
76,12,True,0.691973,0.1672,none,,,False,,76,0,0.0494,0.0265,
76,1,True,0.540599,-0.5082,none,,,False,,76,0,0.0621,0.0023,
76,88,True,0.562691,-0.4096,none,,,False,,76,0,0.2972,-0.0723,
76,32,True,0.854577,0.8928,none,,,False,,76,0,0.1079,-0.1562,
76,39,True,0.661792,0.0326,none,,,False,,76,0,0.0531,-0.1565,
76,27,True,0.741502,0.3882,none,,,False,,76,0,0.0696,-0.1631,
76,46,True,0.620527,-0.1516,none,,,False,,76,0,0.0502,-0.1974,
76,58,True,0.515392,-0.6207,none,,,False,,76,0,0.0869,-0.3044,
76,90,True,0.478545,-0.7851,none,,,False,,76,0,0.0599,-0.4013,
76,66,True,0.50882,-0.65,none,,,False,,76,0,0.1438,-0.5025,
76,47,True,0.251482,-1.7983,none,,,False,,76,0,0.3438,-1.9948,
76,35,True,0.533955,-0.5379,none,,,False,,76,0,0.3373,-1.3772,
76,37,True,0.317262,-1.5048,cusum,,,True,negative,76,0,0.3373,-1.7479,
76,42,True,0.308445,-1.5441,none,,,False,,76,0,0.3373,-1.4568,
76,50,True,0.419711,-1.0476,none,,,False,,76,0,0.3226,-0.7815,
76,25,True,0.419009,-1.0508,none,,,False,,76,0,0.321,-0.6198,
76,15,True,0.497628,-0.7,none,,,False,,76,0,0.3209,-1.1275,
76,22,True,0.355676,-1.3334,none,,,False,,76,0,0.3209,-1.4074,
77,70,True,1.140063,2.4945,none,,,False,,77,0,0.2486,3.0414,
77,59,True,1.116203,2.3834,none,,,False,,77,0,0.2509,3.0366,
77,5,True,1.003183,1.8572,none,,,False,,77,0,0.2497,2.6003,
77,31,True,0.95467,1.6313,cusum,,,True,positive,77,0,0.2486,2.387,
77,38,True,0.80432,0.9312,none,,,False,,77,0,0.2505,2.3849,
77,93,True,0.90174,1.3848,none,,,False,,77,0,0.2494,2.3089,
77,10,True,0.851987,1.1532,none,,,False,,77,0,0.2501,2.1611,
77,3,True,0.736247,0.6143,cusum,,,True,positive,77,0,0.2501,1.8327,
77,92,True,0.902175,1.3869,none,,,False,,77,0,0.2613,1.8028,
77,94,True,0.714627,0.5136,none,,,False,,77,0,0.0483,0.5997,
77,99,True,0.705734,0.4722,none,,,False,,77,0,0.2494,0.4788,
77,63,True,0.729616,0.5834,none,,,False,,77,0,0.0505,0.2898,
77,24,True,0.753638,0.6953,none,,,False,,77,0,0.0513,0.2584,
77,32,True,0.74687,0.6637,none,,,False,,77,0,0.1034,0.2178,
77,9,True,0.638206,0.1578,none,,,False,,77,0,0.0494,0.2149,
77,27,True,0.589153,-0.0706,none,,,False,,77,0,0.0684,0.1912,
77,16,True,0.540641,-0.2965,none,,,False,,77,0,0.2573,0.1856,
77,13,True,0.584167,-0.0938,none,,,False,,77,0,0.0621,0.1137,
77,39,True,0.618323,0.0652,none,,,False,,77,0,0.0526,0.1115,
77,43,True,0.53258,-0.334,none,,,False,,77,0,0.0497,-0.0057,
77,81,True,0.668457,0.2987,none,,,False,,77,0,0.0497,-0.0417,
77,12,True,0.590307,-0.0652,none,,,False,,77,0,0.049,-0.05,
77,88,True,0.633695,0.1368,none,,,False,,77,0,0.293,-0.1596,
77,1,True,0.513584,-0.4225,none,,,False,,77,0,0.0613,-0.1751,
77,46,True,0.457145,-0.6852,none,,,False,,77,0,0.0497,-0.1962,
77,58,True,0.539301,-0.3027,none,,,False,,77,0,0.083,-0.3962,
77,90,True,0.473437,-0.6094,none,,,False,,77,0,0.0592,-0.5032,
77,66,True,0.377644,-1.0554,none,,,False,,77,0,0.1379,-0.5034,
77,47,True,0.287292,-1.4761,cusum,,,True,negative,77,0,0.3379,-1.9878,
77,35,True,0.48713,-0.5456,none,,,False,,77,0,0.3317,-1.2636,
77,37,True,0.301993,-1.4076,none,,,False,,77,0,0.3317,-1.747,
77,42,True,0.431208,-0.806,cusum,,,True,negative,77,0,0.3317,-1.5804,
77,57,True,0.438486,-0.7721,none,,,False,,77,0,0.3245,-1.5449,
77,89,True,0.334675,-1.2555,none,,,False,,77,0,0.3224,-1.2648,
77,98,True,0.087591,-2.4059,none,,,False,,77,0,0.3216,-1.8617,
77,55,True,0.258238,-1.6114,none,,,False,,77,0,0.3191,-0.6724,
78,70,True,1.016871,1.923,cusum,,,True,positive,78,0,0.2482,3.1641,
78,59,True,1.097137,2.3209,cusum,,,True,positive,78,0,0.2504,3.1256,
78,5,True,0.908453,1.3855,cusum,,,True,positive,78,0,0.2493,2.8536,
78,31,True,0.957425,1.6283,none,,,False,,78,0,0.2482,2.5599,
78,93,True,0.869708,1.1934,cusum,,,True,positive,78,0,0.2489,2.245,
78,38,True,0.881298,1.2508,none,,,False,,78,0,0.2501,2.1097,
78,10,True,0.871297,1.2012,none,,,False,,78,0,0.2497,2.0665,
78,92,True,0.817975,0.9369,none,,,False,,78,0,0.2605,2.0543,
78,3,True,0.784094,0.7689,none,,,False,,78,0,0.2497,1.7702,
78,32,True,0.86273,1.1588,none,,,False,,78,0,0.0991,0.9507,
78,24,True,0.68379,0.2716,none,,,False,,78,0,0.0508,0.6465,
78,94,True,0.735209,0.5265,none,,,False,,78,0,0.0479,0.5353,
78,99,True,0.557811,-0.353,none,,,False,,78,0,0.2489,0.4368,
78,63,True,0.661569,0.1614,none,,,False,,78,0,0.0501,0.3372,
78,81,True,0.512006,-0.5801,none,,,False,,78,0,0.0493,0.2507,
78,27,True,0.608912,-0.0996,none,,,False,,78,0,0.0673,0.1274,
78,9,True,0.62235,-0.033,none,,,False,,78,0,0.0489,0.124,
78,39,True,0.567934,-0.3028,none,,,False,,78,0,0.0521,0.0897,
78,13,True,0.616178,-0.0636,none,,,False,,78,0,0.0613,0.0213,
78,16,True,0.631708,0.0134,none,,,False,,78,0,0.2567,0.0195,
78,88,True,0.606275,-0.1127,none,,,False,,78,0,0.089,0.0094,
78,12,True,0.650636,0.1072,none,,,False,,78,0,0.0486,-0.0836,
78,43,True,0.632434,0.017,none,,,False,,78,0,0.0493,-0.1063,
78,1,True,0.630109,0.0055,none,,,False,,78,0,0.0605,-0.1964,
78,46,True,0.670295,0.2047,none,,,False,,78,0,0.0493,-0.2248,
78,58,True,0.431791,-0.9778,none,,,False,,78,0,0.0793,-0.3299,
78,90,True,0.539736,-0.4426,none,,,False,,78,0,0.0585,-0.5273,
78,96,True,0.527259,-0.5045,none,,,False,,78,0,0.0726,-0.5421,
78,64,True,0.627907,-0.0055,none,,,False,,78,0,0.298,-0.5529,
78,55,True,0.387711,-1.1963,cusum,,,True,negative,78,0,0.3744,-1.6877,
78,47,True,0.224015,-2.0079,none,,,False,,78,0,0.3324,-1.9195,
78,66,True,0.444657,-0.914,cusum,,,True,negative,78,0,0.3324,-1.129,
78,35,True,0.431547,-0.979,cusum,,,True,negative,78,0,0.3264,-1.0655,
78,37,True,0.268276,-1.7885,none,,,False,,78,0,0.3264,-1.7357,
78,42,True,0.44351,-0.9197,none,,,False,,78,0,0.3264,-1.4689,
78,78,True,0.248637,-1.8858,none,,,False,,78,0,0.3241,-2.3762,
79,59,True,1.141711,2.3592,none,,,False,,79,0,0.25,3.3049,
79,70,True,1.124613,2.2824,none,,,False,,79,0,0.2478,3.1138,
79,5,True,1.026061,1.8394,none,,,False,,79,0,0.2489,2.7467,
79,31,True,1.036269,1.8853,cusum,,,True,positive,79,0,0.2478,2.4653,
79,93,True,0.805191,0.8466,none,,,False,,79,0,0.2485,2.2751,
79,10,True,0.885999,1.2098,none,,,False,,79,0,0.2492,2.1683,
79,38,True,0.81388,0.8857,cusum,,,True,positive,79,0,0.2496,2.1275,
79,92,True,0.846312,1.0314,none,,,False,,79,0,0.2598,2.0886,
79,3,True,0.807407,0.8566,none,,,False,,79,0,0.2492,1.7581,
79,32,True,0.839488,1.0008,none,,,False,,79,0,0.095,1.0072,
79,94,True,0.72541,0.488,none,,,False,,79,0,0.0475,0.5452,
79,63,True,0.702793,0.3864,none,,,False,,79,0,0.0496,0.4667,
79,24,True,0.715576,0.4438,none,,,False,,79,0,0.0504,0.4652,
79,99,True,0.720131,0.4643,none,,,False,,79,0,0.2485,0.2123,
79,27,True,0.612294,-0.0204,none,,,False,,79,0,0.0663,0.1611,
79,12,True,0.649346,0.1461,none,,,False,,79,0,0.0482,0.1322,
79,9,True,0.557746,-0.2656,none,,,False,,79,0,0.0485,0.0505,
79,13,True,0.621384,0.0204,none,,,False,,79,0,0.0605,0.0167,
79,16,True,0.599425,-0.0783,none,,,False,,79,0,0.256,-0.0004,
79,39,True,0.491902,-0.5616,none,,,False,,79,0,0.0516,-0.0009,
79,88,True,0.550988,-0.296,none,,,False,,79,0,0.0852,-0.0305,
79,81,True,0.667963,0.2298,none,,,False,,79,0,0.0489,-0.0518,
79,43,True,0.637585,0.0933,none,,,False,,79,0,0.0489,-0.1008,
79,46,True,0.584227,-0.1466,none,,,False,,79,0,0.0489,-0.1472,
79,1,True,0.604692,-0.0546,none,,,False,,79,0,0.0598,-0.2293,
79,64,True,0.608981,-0.0353,none,,,False,,79,0,0.2852,-0.266,
79,96,True,0.505012,-0.5026,none,,,False,,79,0,0.0584,-0.4874,
79,36,True,0.398625,-0.9808,none,,,False,,79,0,0.2852,-0.5606,
79,55,True,0.354544,-1.179,none,,,False,,79,0,0.3668,-1.7295,
79,21,True,0.306793,-1.3936,none,,,False,,79,0,0.3282,-2.0802,
79,47,True,0.194356,-1.899,cusum,,,True,negative,79,0,0.3272,-2.1429,
79,66,True,0.467753,-0.6701,none,,,False,,79,0,0.3272,-1.2553,
79,62,True,0.245227,-1.6703,none,,,False,,79,0,0.3252,-0.9626,
79,72,True,0.278453,-1.521,none,,,False,,79,0,0.3238,-1.7262,
79,35,True,0.465808,-0.6789,none,,,False,,79,0,0.3214,-1.0728,
79,37,True,0.353332,-1.1844,cusum,,,True,negative,79,0,0.3214,-1.9523,
80,59,True,1.051446,2.3804,cusum,,,True,positive,80,0,0.2496,3.4191,
80,70,True,1.106456,2.6846,cusum,,,True,positive,80,0,0.2475,3.2948,
80,31,True,0.892427,1.5012,none,,,False,,80,0,0.2475,2.7765,
80,5,True,0.885064,1.4605,cusum,,,True,positive,80,0,0.2485,2.757,
80,10,True,0.873181,1.3947,cusum,,,True,positive,80,0,0.2488,2.2516,
80,93,True,0.811714,1.0549,none,,,False,,80,0,0.2481,2.2041,
80,92,True,0.80849,1.037,cusum,,,True,positive,80,0,0.259,2.1965,
80,38,True,0.897472,1.5291,none,,,False,,80,0,0.2492,2.0866,
80,32,True,0.517267,-0.5732,cusum,,,True,positive,80,0,0.291,2.0411,
80,3,True,0.750582,0.7169,none,,,False,,80,0,0.2488,1.8101,
80,94,True,0.728056,0.5923,cusum,,,True,positive,80,0,0.2471,1.5705,
80,24,True,0.766025,0.8022,none,,,False,,80,0,0.0499,0.5353,
80,63,True,0.727338,0.5883,none,,,False,,80,0,0.0492,0.4411,
80,99,True,0.727143,0.5872,none,,,False,,80,0,0.0481,0.257,
80,12,True,0.667584,0.2579,none,,,False,,80,0,0.0478,0.1247,
80,81,True,0.610181,-0.0595,none,,,False,,80,0,0.0485,0.0458,
80,13,True,0.57128,-0.2746,none,,,False,,80,0,0.0597,0.0334,
80,27,True,0.506677,-0.6318,none,,,False,,80,0,0.0653,0.0235,
80,9,True,0.533931,-0.4811,none,,,False,,80,0,0.0481,0.0156,
80,88,True,0.526842,-0.5203,none,,,False,,80,0,0.0815,0.0056,
80,43,True,0.70704,0.4761,none,,,False,,80,0,0.0485,-0.0116,
80,16,True,0.723712,0.5683,none,,,False,,80,0,0.0554,-0.0475,
80,64,True,0.589532,-0.1736,none,,,False,,80,0,0.0815,-0.0494,
80,1,True,0.603388,-0.097,none,,,False,,80,0,0.059,-0.0791,
80,46,True,0.631694,0.0595,none,,,False,,80,0,0.0485,-0.146,
80,39,True,0.633619,0.0701,none,,,False,,80,0,0.0511,-0.1996,
80,96,True,0.47752,-0.793,none,,,False,,80,0,0.0577,-0.4739,
80,19,True,0.506614,-0.6321,none,,,False,,80,0,0.0875,-0.5664,
80,62,True,0.330368,-1.6067,cusum,,,True,negative,80,0,0.3752,-1.9322,
80,55,True,0.348381,-1.5071,none,,,False,,80,0,0.3598,-1.6902,
80,42,True,0.448316,-0.9545,none,,,False,,80,0,0.3265,-1.4752,
80,57,True,0.371927,-1.3769,none,,,False,,80,0,0.3254,-1.4781,
80,50,True,0.175415,-2.4635,none,,,False,,80,0,0.3244,-0.7675,
80,73,True,0.338895,-1.5595,none,,,False,,80,0,0.3239,-0.9809,
80,47,True,0.323655,-1.6438,none,,,False,,80,0,0.3222,-2.1796,
80,66,True,0.509689,-0.6151,none,,,False,,80,0,0.3222,-1.2651,
81,59,True,1.063869,2.0972,none,,,False,,81,0,0.2491,3.4176,
81,70,True,0.955785,1.5684,none,,,False,,81,0,0.2471,3.3577,
81,31,True,0.885659,1.2253,cusum,,,True,positive,81,0,0.2471,2.7327,
81,5,True,0.962075,1.5991,none,,,False,,81,0,0.2481,2.6243,
81,10,True,0.884225,1.2182,none,,,False,,81,0,0.2484,2.3316,
81,38,True,0.840482,1.0042,none,,,False,,81,0,0.2488,2.2854,
81,93,True,0.826547,0.936,none,,,False,,81,0,0.2477,2.0936,
81,92,True,0.834488,0.9749,none,,,False,,81,0,0.2583,2.0789,
81,3,True,0.840533,1.0045,none,,,False,,81,0,0.2484,1.8438,
81,32,True,0.716104,0.3956,none,,,False,,81,0,0.2872,1.6268,
81,94,True,0.747862,0.551,none,,,False,,81,0,0.2468,1.5962,
81,24,True,0.76547,0.6372,none,,,False,,81,0,0.0495,0.5704,
81,63,True,0.758841,0.6048,none,,,False,,81,0,0.0488,0.4422,
81,99,True,0.709412,0.3629,none,,,False,,81,0,0.0477,0.2949,
81,43,True,0.565408,-0.3417,none,,,False,,81,0,0.0481,0.2579,
81,16,True,0.635918,0.0033,none,,,False,,81,0,0.0548,0.24,
81,12,True,0.627185,-0.0394,none,,,False,,81,0,0.0474,0.232,
81,46,True,0.582436,-0.2584,none,,,False,,81,0,0.0481,0.1017,
81,1,True,0.587093,-0.2356,none,,,False,,81,0,0.0583,0.0284,
81,64,True,0.634565,-0.0033,none,,,False,,81,0,0.0779,0.023,
81,13,True,0.640526,0.0259,none,,,False,,81,0,0.059,-0.0278,
81,81,True,0.51858,-0.5708,none,,,False,,81,0,0.0481,-0.0741,
81,27,True,0.526245,-0.5333,none,,,False,,81,0,0.0643,-0.1649,
81,9,True,0.665027,0.1457,none,,,False,,81,0,0.0477,-0.1979,
81,39,True,0.694318,0.2891,none,,,False,,81,0,0.0507,-0.1985,
81,88,True,0.602441,-0.1605,none,,,False,,81,0,0.0779,-0.2152,
81,96,True,0.489765,-0.7118,none,,,False,,81,0,0.0571,-0.5247,
81,44,True,0.539673,-0.4676,none,,,False,,81,0,0.3102,-0.569,
81,62,True,0.242403,-1.9221,none,,,False,,81,0,0.3676,-2.0078,
81,73,True,0.441062,-0.9501,cusum,,,True,negative,81,0,0.3676,-1.6395,
81,55,True,-0.610924,-3.0,cusum,,,True,negative,81,0,0.3533,-1.6605,
81,35,True,0.482423,-0.7477,none,,,False,,81,0,0.3217,-1.1227,
81,37,True,0.350369,-1.3938,none,,,False,,81,0,0.3217,-1.8484,
81,78,True,0.217452,-2.0442,none,,,False,,81,0,0.3208,-2.3852,
81,42,True,0.438013,-0.965,none,,,False,,81,0,0.3174,-1.2816,
81,47,True,0.287712,-1.7004,cusum,,,True,negative,81,0,0.3174,-2.2384,
82,59,True,1.068611,2.307,cusum,,,True,positive,82,0,0.2487,3.3425,
82,70,True,1.161013,2.7895,cusum,,,True,positive,82,0,0.2467,3.2391,
82,5,True,0.958005,1.7294,none,,,False,,82,0,0.2477,2.695,
82,31,True,0.866036,1.2492,none,,,False,,82,0,0.2467,2.5979,
82,10,True,0.906525,1.4606,none,,,False,,82,0,0.248,2.3368,
82,38,True,0.81247,0.9694,cusum,,,True,positive,82,0,0.2484,2.2026,
82,92,True,0.881457,1.3297,none,,,False,,82,0,0.2576,2.0907,
82,93,True,0.888815,1.3681,cusum,,,True,positive,82,0,0.2474,2.0074,
82,94,True,0.705694,0.4119,none,,,False,,82,0,0.2464,1.604,
82,32,True,0.678546,0.2701,none,,,False,,82,0,0.2835,1.3706,
82,3,True,0.769361,0.7443,none,,,False,,82,0,0.248,0.9218,
82,24,True,0.736985,0.5753,none,,,False,,82,0,0.0491,0.6918,
82,63,True,0.737703,0.579,none,,,False,,82,0,0.0484,0.5895,
82,99,True,0.719151,0.4821,none,,,False,,82,0,0.0474,0.533,
82,16,True,0.564587,-0.325,none,,,False,,82,0,0.0543,0.2359,
82,12,True,0.606661,-0.1052,none,,,False,,82,0,0.047,0.1826,
82,43,True,0.658304,0.1644,none,,,False,,82,0,0.0477,0.1379,
82,64,True,0.615289,-0.0602,none,,,False,,82,0,0.0744,0.0221,
82,13,True,0.629052,0.0117,none,,,False,,82,0,0.0583,0.0011,
82,39,True,0.584815,-0.2193,none,,,False,,82,0,0.0502,-0.0018,
82,1,True,0.622113,-0.0246,none,,,False,,82,0,0.0576,-0.0528,
82,46,True,0.709216,0.4303,none,,,False,,82,0,0.0477,-0.0531,
82,81,True,0.608224,-0.0971,none,,,False,,82,0,0.0477,-0.0715,
82,9,True,0.624583,-0.0117,none,,,False,,82,0,0.0474,-0.1388,
82,88,True,0.465583,-0.8419,none,,,False,,82,0,0.0744,-0.2327,
82,27,True,0.622864,-0.0206,none,,,False,,82,0,0.0634,-0.3107,
82,6,True,0.704753,0.407,none,,,False,,82,0,0.3114,-0.5711,
82,34,True,0.511025,-0.6046,none,,,False,,82,0,0.2929,-0.5724,
82,62,True,0.202243,-2.217,cusum,,,True,negative,82,0,0.3607,-2.0944,
82,73,True,0.207907,-2.1875,none,,,False,,82,0,0.3607,-1.6291,
82,55,True,-0.261353,-3.0,none,,,False,,82,0,0.3472,-2.2662,
82,66,True,0.393606,-1.2178,none,,,False,,82,0,0.3224,-1.1213,
82,98,True,0.194738,-2.2562,none,,,False,,82,0,0.3198,-2.4285,
82,57,True,0.382088,-1.2779,none,,,False,,82,0,0.3172,-0.9547,
82,21,True,0.421197,-1.0737,none,,,False,,82,0,0.3163,-1.4208,
82,72,True,0.223696,-2.105,none,,,False,,82,0,0.3163,-2.1388,
83,70,True,1.033361,2.0476,none,,,False,,83,0,0.2464,3.4077,
83,59,True,0.98442,1.7558,none,,,False,,83,0,0.2483,3.3245,
83,5,True,0.763959,0.4413,cusum,,,True,positive,83,0,0.2473,2.6579,
83,10,True,0.815316,0.7475,cusum,,,True,positive,83,0,0.2476,2.4199,
83,31,True,1.00827,1.898,none,,,False,,83,0,0.2464,2.3854,
83,38,True,0.773337,0.4972,none,,,False,,83,0,0.248,2.2301,
83,92,True,0.897342,1.2366,none,,,False,,83,0,0.257,2.1892,
83,93,True,0.838076,0.8832,none,,,False,,83,0,0.247,2.1808,
83,3,True,0.78442,0.5633,cusum,,,True,positive,83,0,0.2476,1.8839,
83,94,True,0.713103,0.138,none,,,False,,83,0,0.246,1.5782,
83,32,True,0.811463,0.7245,none,,,False,,83,0,0.28,1.1253,
83,24,True,0.67135,-0.1109,none,,,False,,83,0,0.0487,0.7351,
83,63,True,0.69969,0.058,none,,,False,,83,0,0.048,0.6532,
83,99,True,0.724093,0.2036,none,,,False,,83,0,0.047,0.5385,
83,43,True,0.585223,-0.6245,none,,,False,,83,0,0.0473,0.1612,
83,16,True,0.746778,0.3388,none,,,False,,83,0,0.0537,0.1529,
83,46,True,0.567825,-0.7282,none,,,False,,83,0,0.0473,0.1387,
83,39,True,0.592986,-0.5782,none,,,False,,83,0,0.0498,0.1117,
83,12,True,0.676205,-0.082,none,,,False,,83,0,0.0467,0.0984,
83,64,True,0.553665,-0.8126,none,,,False,,83,0,0.0711,0.0122,
83,13,True,0.561406,-0.7665,none,,,False,,83,0,0.0576,-0.0028,
83,1,True,0.626048,-0.3811,none,,,False,,83,0,0.057,-0.0437,
83,9,True,0.537666,-0.908,none,,,False,,83,0,0.047,-0.0546,
83,81,True,0.75774,0.4042,none,,,False,,83,0,0.0473,-0.1809,
83,27,True,0.681337,-0.0514,none,,,False,,83,0,0.0626,-0.3119,
83,88,True,0.593226,-0.5768,none,,,False,,83,0,0.0711,-0.4163,
83,6,True,0.698574,0.0514,none,,,False,,83,0,0.1189,-0.4315,
83,97,True,0.745847,0.3333,none,,,False,,83,0,0.2858,-0.577,
83,62,True,0.333492,-2.1255,none,,,False,,83,0,0.3543,-2.2816,
83,73,True,0.337845,-2.0995,cusum,,,True,negative,83,0,0.3543,-1.9321,
83,55,True,0.410823,-1.6644,cusum,,,True,negative,83,0,0.3415,-2.8774,
83,35,True,0.488699,-1.2,none,,,False,,83,0,0.3179,-0.6927,
83,37,True,0.370506,-1.9048,none,,,False,,83,0,0.3179,-1.8465,
83,42,True,0.416884,-1.6282,none,,,False,,83,0,0.3179,-0.8373,
83,47,True,0.307353,-2.2813,none,,,False,,83,0,0.3179,-2.1386,
83,23,True,0.780006,0.5369,none,,,False,,83,0,0.3172,-0.9867,
84,70,True,1.095125,2.2125,cusum,,,True,positive,84,0,0.246,3.1949,
84,59,True,1.002078,1.7652,cusum,,,True,positive,84,0,0.2479,3.1158,
84,31,True,0.980824,1.663,cusum,,,True,positive,84,0,0.246,2.5172,
84,5,True,0.9128,1.336,none,,,False,,84,0,0.2469,2.3177,
84,92,True,0.869899,1.1298,cusum,,,True,positive,84,0,0.2563,2.2549,
84,10,True,0.829088,0.9336,none,,,False,,84,0,0.2472,2.2036,
84,93,True,0.876094,1.1596,none,,,False,,84,0,0.2466,2.1231,
84,38,True,0.830626,0.941,none,,,False,,84,0,0.2476,1.8856,
84,3,True,0.804533,0.8156,none,,,False,,84,0,0.2472,1.8322,
84,32,True,0.778084,0.6884,none,,,False,,84,0,0.2766,1.5563,
84,94,True,0.695231,0.2902,none,,,False,,84,0,0.2457,1.4263,
84,63,True,0.712107,0.3713,none,,,False,,84,0,0.0476,0.476,
84,24,True,0.526981,-0.5186,none,,,False,,84,0,0.0483,0.4302,
84,99,True,0.668861,0.1634,none,,,False,,84,0,0.0466,0.4102,
84,16,True,0.659119,0.1166,none,,,False,,84,0,0.0532,0.0757,
84,6,True,0.614454,-0.0981,none,,,False,,84,0,0.1144,0.0446,
84,12,True,0.610124,-0.119,none,,,False,,84,0,0.0463,-0.0154,
84,81,True,0.578104,-0.2729,none,,,False,,84,0,0.0469,-0.0268,
84,39,True,0.652002,0.0824,none,,,False,,84,0,0.0494,-0.1049,
84,27,True,0.568696,-0.3181,none,,,False,,84,0,0.0617,-0.1196,
84,46,True,0.497457,-0.6605,none,,,False,,84,0,0.0469,-0.1244,
84,1,True,0.614326,-0.0988,none,,,False,,84,0,0.0563,-0.1392,
84,13,True,0.612708,-0.1065,none,,,False,,84,0,0.0569,-0.1676,
84,9,True,0.698431,0.3055,none,,,False,,84,0,0.0466,-0.1974,
84,64,True,0.620506,-0.069,none,,,False,,84,0,0.0678,-0.2023,
84,43,True,0.649232,0.069,none,,,False,,84,0,0.0469,-0.2062,
84,97,True,0.59077,-0.212,none,,,False,,84,0,0.1249,-0.3197,
84,88,True,0.585663,-0.2365,none,,,False,,84,0,0.0678,-0.4366,
84,62,True,0.382133,-1.2149,cusum,,,True,negative,84,0,0.3482,-2.4591,
84,73,True,0.304517,-1.588,none,,,False,,84,0,0.3482,-2.1166,
84,55,True,0.451168,-0.8831,none,,,False,,84,0,0.3361,-2.9335,
84,50,True,0.39465,-1.1547,none,,,False,,84,0,0.3218,-1.7728,
84,18,True,1.374438,3.0,none,,,False,,84,0,0.3191,-0.7584,
84,66,True,0.460795,-0.8368,none,,,False,,84,0,0.3186,-0.7252,
84,78,True,0.222986,-1.9799,none,,,False,,84,0,0.3177,-1.8892,
84,57,True,0.304079,-1.5901,none,,,False,,84,0,0.3135,-1.5357,
85,70,True,1.086714,1.782,none,,,False,,85,0,0.2457,3.4092,
85,59,True,1.106059,1.8662,none,,,False,,85,0,0.2475,3.0047,
85,31,True,0.961631,1.2376,none,,,False,,85,0,0.2457,2.6627,
85,92,True,0.83397,0.6821,none,,,False,,85,0,0.2557,2.3057,
85,5,True,0.985323,1.3407,none,,,False,,85,0,0.2466,2.2295,
85,93,True,0.869865,0.8383,cusum,,,True,positive,85,0,0.2463,2.1971,
85,10,True,0.90963,1.0113,none,,,False,,85,0,0.2469,2.1083,
85,38,True,0.830486,0.6669,none,,,False,,85,0,0.2472,1.8641,
85,3,True,0.911232,1.0183,none,,,False,,85,0,0.2469,1.7688,
85,18,True,1.284341,2.642,cusum,,,True,positive,85,0,0.3426,1.4522,
85,32,True,0.824855,0.6424,none,,,False,,85,0,0.2732,0.6523,
85,63,True,0.777618,0.4368,none,,,False,,85,0,0.0472,0.3977,
85,99,True,0.59803,-0.3447,none,,,False,,85,0,0.0463,0.3432,
85,94,True,0.754635,0.3368,none,,,False,,85,0,0.2454,0.3389,
85,6,True,0.746589,0.3018,none,,,False,,85,0,0.1101,0.2267,
85,16,True,0.609803,-0.2935,none,,,False,,85,0,0.0527,0.1128,
85,81,True,0.661176,-0.0699,none,,,False,,85,0,0.0466,0.072,
85,24,True,0.720072,0.1864,none,,,False,,85,0,0.0479,0.0444,
85,12,True,0.531598,-0.6338,none,,,False,,85,0,0.046,-0.0423,
85,27,True,0.615469,-0.2688,none,,,False,,85,0,0.0609,-0.0489,
85,43,True,0.650715,-0.1154,none,,,False,,85,0,0.0466,-0.0697,
85,1,True,0.552771,-0.5417,none,,,False,,85,0,0.0557,-0.0944,
85,9,True,0.696538,0.084,none,,,False,,85,0,0.0463,-0.1445,
85,39,True,0.711583,0.1495,none,,,False,,85,0,0.0489,-0.1744,
85,13,True,0.691751,0.0632,none,,,False,,85,0,0.0563,-0.2126,
85,64,True,0.662727,-0.0632,none,,,False,,85,0,0.066,-0.2256,
85,46,True,0.491996,-0.8062,none,,,False,,85,0,0.0466,-0.2589,
85,97,True,0.624333,-0.2302,none,,,False,,85,0,0.1203,-0.3251,
85,62,True,0.249131,-1.8631,none,,,False,,85,0,0.3426,-2.2275,
85,73,True,0.400438,-1.2046,cusum,,,True,negative,85,0,0.3426,-2.3333,
85,55,True,0.145606,-2.3136,none,,,False,,85,0,0.3311,-2.2313,
85,35,True,0.394295,-1.2313,none,,,False,,85,0,0.3142,-0.7689,
85,37,True,0.36166,-1.3734,none,,,False,,85,0,0.3142,-1.8877,
85,42,True,0.470868,-0.8981,none,,,False,,85,0,0.3142,-1.576,
85,47,True,0.29478,-1.6644,none,,,False,,85,0,0.3142,-2.2686,
85,72,True,0.351654,-1.4169,none,,,False,,85,0,0.3134,-1.6432,
86,70,True,1.078331,2.7697,cusum,,,True,positive,86,0,0.2453,3.0729,
86,59,True,0.972155,2.0597,cusum,,,True,positive,86,0,0.2472,2.8573,
86,31,True,0.903688,1.6018,none,,,False,,86,0,0.2453,2.6585,
86,18,True,1.362712,3.0,none,,,False,,86,0,0.3373,2.5547,
86,5,True,0.812076,0.9892,none,,,False,,86,0,0.2462,2.0995,
86,92,True,0.901001,1.5839,none,,,False,,86,0,0.2551,2.0891,
86,93,True,0.865209,1.3445,none,,,False,,86,0,0.2459,2.0201,
86,10,True,0.901662,1.5883,none,,,False,,86,0,0.2465,1.9581,
86,3,True,0.760481,0.6442,none,,,False,,86,0,0.2465,1.8597,
86,38,True,0.86047,1.3128,none,,,False,,86,0,0.2468,1.7628,
86,32,True,0.816434,1.0183,none,,,False,,86,0,0.27,0.7749,
86,63,True,0.760193,0.6422,none,,,False,,86,0,0.0468,0.3498,
86,94,True,0.712882,0.3259,none,,,False,,86,0,0.245,0.3135,
86,6,True,0.682915,0.1255,none,,,False,,86,0,0.106,0.1893,
86,16,True,0.664609,0.003,none,,,False,,86,0,0.0521,0.1227,
86,81,True,0.661147,-0.0201,none,,,False,,86,0,0.0462,0.0807,
86,97,True,0.624548,-0.2649,none,,,False,,86,0,0.1158,0.0728,
86,99,True,0.742902,0.5266,none,,,False,,86,0,0.0459,0.0672,
86,39,True,0.601141,-0.4214,none,,,False,,86,0,0.0485,-0.052,
86,24,True,0.645335,-0.1258,none,,,False,,86,0,0.0475,-0.0857,
86,9,True,0.681601,0.1167,none,,,False,,86,0,0.0459,-0.1131,
86,27,True,0.613974,-0.3356,none,,,False,,86,0,0.0601,-0.1327,
86,43,True,0.697153,0.2207,none,,,False,,86,0,0.0462,-0.1634,
86,13,True,0.622737,-0.277,none,,,False,,86,0,0.0557,-0.1962,
86,12,True,0.663698,-0.003,none,,,False,,86,0,0.0456,-0.2189,
86,64,True,0.579045,-0.5691,none,,,False,,86,0,0.065,-0.2279,
86,1,True,0.602567,-0.4118,none,,,False,,86,0,0.0551,-0.2676,
86,88,True,0.5873,-0.5139,none,,,False,,86,0,0.07,-0.4634,
86,62,True,0.319706,-2.3034,none,,,False,,86,0,0.3373,-2.1132,
86,73,True,0.368223,-1.979,none,,,False,,86,0,0.3373,-2.0094,
86,55,True,0.379451,-1.9039,cusum,,,True,negative,86,0,0.3262,-2.0056,
86,66,True,0.459242,-1.3703,none,,,False,,86,0,0.3149,-1.2833,
86,20,True,0.438787,-1.5071,none,,,False,,86,0,0.3143,-1.0726,
86,67,True,0.471353,-1.2893,none,,,False,,86,0,0.3143,-0.8384,
86,71,True,0.357201,-2.0527,none,,,False,,86,0,0.3143,-0.6767,
86,80,True,0.558756,-0.7048,none,,,False,,86,0,0.3141,-0.6163,
87,18,True,1.196366,3.0,cusum,,,True,positive,87,0,0.3322,3.9985,
87,70,True,0.782974,0.7579,none,,,False,,87,0,0.245,3.3132,
87,59,True,1.106597,3.0,none,,,False,,87,0,0.2468,2.9581,
87,31,True,0.871535,1.3841,cusum,,,True,positive,87,0,0.245,2.5593,
87,5,True,0.819322,1.0149,cusum,,,True,positive,87,0,0.2459,2.2817,
87,10,True,0.909478,1.6524,cusum,,,True,positive,87,0,0.2462,2.2379,
87,92,True,0.795385,0.8457,none,,,False,,87,0,0.2545,2.2041,
87,93,True,0.843691,1.1872,none,,,False,,87,0,0.2456,2.1735,
87,38,True,0.827119,1.07,cusum,,,True,positive,87,0,0.2465,2.0342,
87,3,True,0.759377,0.5911,none,,,False,,87,0,0.2462,1.8862,
87,32,True,0.747197,0.505,none,,,False,,87,0,0.2669,0.8714,
87,63,True,0.745786,0.495,none,,,False,,87,0,0.0465,0.5441,
87,94,True,0.746627,0.5009,none,,,False,,87,0,0.2447,0.3757,
87,9,True,0.61745,-0.4124,none,,,False,,87,0,0.0456,0.2281,
87,6,True,0.705906,0.213,none,,,False,,87,0,0.102,0.2118,
87,99,True,0.740061,0.4545,none,,,False,,87,0,0.0456,0.1744,
87,43,True,0.666309,-0.067,none,,,False,,87,0,0.0459,0.1179,
87,16,True,0.192254,-3.0,none,,,False,,87,0,0.0517,0.0101,
87,39,True,0.697688,0.1549,none,,,False,,87,0,0.0481,-0.0002,
87,13,True,0.605204,-0.499,none,,,False,,87,0,0.0551,-0.0338,
87,81,True,0.684176,0.0594,none,,,False,,87,0,0.0459,-0.0612,
87,24,True,0.649459,-0.1861,none,,,False,,87,0,0.0471,-0.0911,
87,97,True,0.616532,-0.4189,none,,,False,,87,0,0.1116,-0.1291,
87,64,True,0.59918,-0.5416,none,,,False,,87,0,0.064,-0.148,
87,12,True,0.718732,0.3037,none,,,False,,87,0,0.0453,-0.193,
87,27,True,0.553665,-0.8634,none,,,False,,87,0,0.0594,-0.2284,
87,1,True,0.626126,-0.3511,none,,,False,,87,0,0.0545,-0.2786,
87,88,True,0.614268,-0.4349,none,,,False,,87,0,0.065,-0.3554,
87,67,True,0.667387,-0.0594,cusum,,,True,negative,87,0,0.3497,-1.5703,
87,71,True,0.459392,-1.53,cusum,,,True,negative,87,0,0.3497,-1.6331,
87,62,True,0.30785,-2.6015,cusum,,,True,negative,87,0,0.3322,-2.1759,
87,73,True,0.306451,-2.6114,cusum,,,True,negative,87,0,0.3322,-1.9727,
87,55,True,0.411511,-1.8685,none,,,False,,87,0,0.3216,-2.0884,
87,98,True,0.436212,-1.6939,none,,,False,,87,0,0.3181,-2.0566,
87,58,True,0.405621,-1.9102,none,,,False,,87,0,0.3161,-0.5392,
87,91,True,0.355882,-2.2619,none,,,False,,87,0,0.3157,-0.797,
88,18,True,1.116308,2.6692,none,,,False,,88,0,0.3275,3.9954,
88,59,True,0.965199,1.8281,cusum,,,True,positive,88,0,0.2464,3.3692,
88,70,True,1.070042,2.4117,cusum,,,True,positive,88,0,0.2447,2.828,
88,10,True,0.915885,1.5536,none,,,False,,88,0,0.2458,2.4771,
88,31,True,0.885847,1.3863,none,,,False,,88,0,0.2447,2.466,
88,93,True,0.670375,0.1869,none,,,False,,88,0,0.2452,2.1823,
88,5,True,0.739964,0.5743,none,,,False,,88,0,0.2455,2.1743,
88,92,True,0.831317,1.0828,cusum,,,True,positive,88,0,0.254,2.1086,
88,38,True,0.901581,1.4739,none,,,False,,88,0,0.2461,2.0768,
88,3,True,0.894587,1.435,none,,,False,,88,0,0.2458,0.8109,
88,32,True,0.71349,0.4269,none,,,False,,88,0,0.2649,0.8089,
88,63,True,0.692177,0.3083,none,,,False,,88,0,0.0461,0.5849,
88,94,True,0.718136,0.4528,none,,,False,,88,0,0.2444,0.4456,
88,6,True,0.108353,-2.9415,none,,,False,,88,0,0.0982,0.3134,
88,99,True,0.763037,0.7027,none,,,False,,88,0,0.0452,0.2711,
88,43,True,0.732803,0.5344,none,,,False,,88,0,0.0455,0.0721,
88,81,True,0.640219,0.0191,none,,,False,,88,0,0.0455,0.0491,
88,39,True,0.600952,-0.1995,none,,,False,,88,0,0.0477,0.0235,
88,24,True,0.618062,-0.1043,none,,,False,,88,0,0.0467,0.0192,
88,9,True,0.633363,-0.0191,none,,,False,,88,0,0.0452,-0.0117,
88,12,True,0.710538,0.4105,none,,,False,,88,0,0.0449,-0.0525,
88,13,True,0.629964,-0.038,none,,,False,,88,0,0.0545,-0.1654,
88,97,True,0.520694,-0.6462,none,,,False,,88,0,0.1075,-0.2004,
88,64,True,0.605967,-0.1716,none,,,False,,88,0,0.0631,-0.3068,
88,88,True,0.569574,-0.3742,none,,,False,,88,0,0.064,-0.3094,
88,1,True,0.645678,0.0495,none,,,False,,88,0,0.054,-0.3634,
88,27,True,0.337353,-1.6668,none,,,False,,88,0,0.0586,-0.4112,
88,19,True,0.558401,-0.4364,none,,,False,,88,0,0.2794,-0.5143,
88,91,True,0.391736,-1.3641,cusum,,,True,negative,88,0,0.3565,-1.7134,
88,67,True,0.547889,-0.4949,none,,,False,,88,0,0.3441,-1.3617,
88,71,True,0.423133,-1.1893,none,,,False,,88,0,0.3441,-1.9128,
88,62,True,0.306084,-1.8409,none,,,False,,88,0,0.3275,-2.6413,
88,73,True,0.401988,-1.307,none,,,False,,88,0,0.3275,-2.3169,
88,50,True,0.436763,-1.1134,none,,,False,,88,0,0.3194,-1.451,
88,57,True,0.479439,-0.8759,none,,,False,,88,0,0.3194,-1.3107,
88,78,True,0.255594,-2.1219,none,,,False,,88,0,0.3194,-2.3657,
89,18,True,1.231168,2.589,cusum,,,True,positive,89,0,0.3229,4.0015,
89,59,True,1.116658,2.0405,none,,,False,,89,0,0.2461,3.3561,
89,70,True,0.996468,1.4647,none,,,False,,89,0,0.2443,3.0375,
89,10,True,0.864876,0.8344,cusum,,,True,positive,89,0,0.2455,2.6574,
89,31,True,0.821246,0.6254,none,,,False,,89,0,0.2443,2.5152,
89,38,True,0.769156,0.3759,none,,,False,,89,0,0.2458,2.3454,
89,92,True,0.852006,0.7727,none,,,False,,89,0,0.2534,2.2415,
89,93,True,0.821812,0.6281,none,,,False,,89,0,0.2449,1.9647,
89,3,True,0.841177,0.7209,cusum,,,True,positive,89,0,0.2455,1.9494,
89,5,True,1.02396,1.5964,none,,,False,,89,0,0.2452,1.9184,
89,32,True,0.81392,0.5903,none,,,False,,89,0,0.264,0.7358,
89,99,True,0.724426,0.1616,none,,,False,,89,0,0.0449,0.6198,
89,63,True,0.719491,0.138,none,,,False,,89,0,0.0458,0.5416,
89,94,True,0.755939,0.3126,none,,,False,,89,0,0.2441,0.4839,
89,12,True,0.714549,0.1143,none,,,False,,89,0,0.0446,0.2952,
89,43,True,0.700402,0.0465,none,,,False,,89,0,0.0452,0.2883,
89,81,True,0.680971,-0.0465,none,,,False,,89,0,0.0452,0.0784,
89,9,True,0.578037,-0.5396,none,,,False,,89,0,0.0449,-0.0464,
89,24,True,0.710231,0.0936,none,,,False,,89,0,0.0464,-0.0781,
89,39,True,0.613227,-0.371,none,,,False,,89,0,0.0473,-0.0933,
89,1,True,0.523436,-0.8012,none,,,False,,89,0,0.0534,-0.1671,
89,13,True,0.637504,-0.2548,none,,,False,,89,0,0.0539,-0.1999,
89,97,True,0.657471,-0.1591,none,,,False,,89,0,0.1036,-0.3413,
89,64,True,0.488507,-0.9685,none,,,False,,89,0,0.0623,-0.3441,
89,88,True,0.619953,-0.3388,none,,,False,,89,0,0.0631,-0.3565,
89,23,True,0.736263,0.2183,none,,,False,,89,0,0.1766,-0.5242,
89,90,True,0.572295,-0.5671,none,,,False,,89,0,0.0966,-0.5361,
89,19,True,0.520833,-0.8136,none,,,False,,89,0,0.2511,-0.5439,
89,91,True,0.396775,-1.4079,none,,,False,,89,0,0.3506,-1.9158,
89,67,True,0.539261,-0.7254,none,,,False,,89,0,0.3389,-0.9932,
89,71,True,0.454867,-1.1296,none,,,False,,89,0,0.3389,-1.9694,
89,62,True,0.324137,-1.7558,cusum,,,True,negative,89,0,0.3229,-2.6368,
89,73,True,0.43189,-1.2397,cusum,,,True,negative,89,0,0.3229,-2.354,
89,55,True,0.321199,-1.7699,none,,,False,,89,0,0.3218,-2.4196,
89,35,True,0.521114,-0.8123,none,,,False,,89,0,0.32,-1.4554,
89,37,True,0.36924,-1.5398,none,,,False,,89,0,0.32,-1.4531,
90,18,True,1.218651,3.0,none,,,False,,90,0,0.3185,3.8618,
90,59,True,1.018473,2.2609,cusum,,,True,positive,90,0,0.2457,3.3493,
90,70,True,1.101701,2.7492,cusum,,,True,positive,90,0,0.244,2.6021,
90,10,True,0.944314,1.8258,none,,,False,,90,0,0.2451,2.4057,
90,31,True,0.929177,1.737,none,,,False,,90,0,0.244,2.1893,
90,5,True,0.996854,2.1341,none,,,False,,90,0,0.2449,2.1204,
90,38,True,0.851762,1.2828,none,,,False,,90,0,0.2454,2.0326,
90,3,True,0.755552,0.7183,none,,,False,,90,0,0.2451,1.9746,
90,92,True,0.869614,1.3876,none,,,False,,90,0,0.2529,1.9704,
90,93,True,0.837649,1.2,cusum,,,True,positive,90,0,0.2446,1.7255,
90,32,True,0.733312,0.5879,cusum,,,True,positive,90,0,0.263,1.5919,
90,99,True,0.696585,0.3724,none,,,False,,90,0,0.0446,0.4977,
90,94,True,0.760935,0.7499,none,,,False,,90,0,0.0438,0.4791,
90,63,True,0.754706,0.7134,none,,,False,,90,0,0.0454,0.3731,
90,12,True,0.719699,0.508,none,,,False,,90,0,0.0443,0.3339,
90,43,True,0.640768,0.0449,none,,,False,,90,0,0.0449,0.2299,
90,81,True,0.56101,-0.423,none,,,False,,90,0,0.0449,0.0692,
90,24,True,0.631774,-0.0079,none,,,False,,90,0,0.046,-0.0054,
90,39,True,0.620836,-0.072,none,,,False,,90,0,0.047,-0.077,
90,13,True,0.634455,0.0079,none,,,False,,90,0,0.0534,-0.1932,
90,23,True,0.741226,0.6343,none,,,False,,90,0,0.151,-0.2219,
90,9,True,0.614583,-0.1087,none,,,False,,90,0,0.0446,-0.2656,
90,1,True,0.586523,-0.2734,none,,,False,,90,0,0.0529,-0.2976,
90,88,True,0.550908,-0.4823,none,,,False,,90,0,0.0622,-0.2993,
90,97,True,0.554347,-0.4621,none,,,False,,90,0,0.0998,-0.3081,
90,90,True,0.591406,-0.2447,none,,,False,,90,0,0.0567,-0.4643,
90,64,True,0.563713,-0.4072,none,,,False,,90,0,0.0614,-0.4784,
90,19,True,0.551021,-0.4816,none,,,False,,90,0,0.2507,-0.5606,
90,91,True,0.392396,-1.4123,none,,,False,,90,0,0.3451,-2.0529,
90,67,True,0.52478,-0.6356,none,,,False,,90,0,0.3339,-0.8087,
90,71,True,0.411629,-1.2995,cusum,,,True,negative,90,0,0.3339,-1.6651,
90,42,True,0.495342,-0.8083,none,,,False,,90,0,0.3245,-1.0595,
90,47,True,0.298631,-1.9624,none,,,False,,90,0,0.3245,-1.7778,
90,66,True,0.5313,-0.5973,none,,,False,,90,0,0.3206,-1.0374,
90,72,True,0.328826,-1.7853,none,,,False,,90,0,0.3199,-2.0789,
90,62,True,0.265327,-2.1578,none,,,False,,90,0,0.3185,-2.4569,
91,18,True,1.150011,2.2326,cusum,,,True,positive,91,0,0.3144,3.8593,
91,70,True,1.101494,2.0208,none,,,False,,91,0,0.2437,3.2655,
91,59,True,1.127457,2.1341,none,,,False,,91,0,0.2454,3.1025,
91,5,True,1.061251,1.8451,cusum,,,True,positive,91,0,0.2445,2.4931,
91,10,True,0.799218,0.7012,none,,,False,,91,0,0.2448,2.4631,
91,31,True,0.871774,1.018,cusum,,,True,positive,91,0,0.2437,2.3066,
91,92,True,0.939623,1.3141,none,,,False,,91,0,0.2524,2.1504,
91,38,True,0.884093,1.0717,cusum,,,True,positive,91,0,0.2451,2.1031,
91,3,True,0.889062,1.0934,none,,,False,,91,0,0.2448,2.0166,
91,93,True,0.845495,0.9032,none,,,False,,91,0,0.2443,1.7294,
91,32,True,0.87239,1.0206,none,,,False,,91,0,0.2622,1.6184,
91,23,True,0.702291,0.2781,none,,,False,,91,0,0.1456,0.5882,
91,94,True,0.784273,0.636,none,,,False,,91,0,0.0435,0.5617,
91,99,True,0.719483,0.3532,none,,,False,,91,0,0.0443,0.47,
91,63,True,0.674523,0.1569,none,,,False,,91,0,0.0451,0.4455,
91,12,True,0.684456,0.2002,none,,,False,,91,0,0.044,0.4016,
91,43,True,0.640684,0.0092,none,,,False,,91,0,0.0445,0.2668,
91,24,True,0.605193,-0.1458,none,,,False,,91,0,0.0457,0.0536,
91,13,True,0.465823,-0.7542,none,,,False,,91,0,0.0529,-0.0249,
91,81,True,0.708419,0.3048,none,,,False,,91,0,0.0445,-0.092,
91,39,True,0.51502,-0.5394,none,,,False,,91,0,0.0466,-0.1531,
91,9,True,0.567224,-0.3115,none,,,False,,91,0,0.0443,-0.1647,
91,1,True,0.56851,-0.3059,none,,,False,,91,0,0.0524,-0.2723,
91,88,True,0.595841,-0.1866,none,,,False,,91,0,0.0614,-0.3162,
91,97,True,0.636486,-0.0092,none,,,False,,91,0,0.0962,-0.3244,
91,90,True,0.542378,-0.42,none,,,False,,91,0,0.056,-0.3436,
91,64,True,0.560306,-0.3417,none,,,False,,91,0,0.0606,-0.4346,
91,19,True,0.500958,-0.6008,none,,,False,,91,0,0.0502,-0.511,
91,91,True,0.397602,-1.052,cusum,,,True,negative,91,0,0.3399,-1.7735,
91,67,True,0.388383,-1.0922,none,,,False,,91,0,0.3292,-1.0039,
91,71,True,0.365984,-1.19,none,,,False,,91,0,0.3292,-1.5914,
91,73,True,0.394504,-1.0655,none,,,False,,91,0,0.323,-2.1102,
91,55,True,0.304089,-1.4602,none,,,False,,91,0,0.3182,-2.2408,
91,41,True,0.534913,-0.4526,none,,,False,,91,0,0.3175,-0.7138,
91,52,True,0.490199,-0.6478,none,,,False,,91,0,0.3175,-0.9851,
91,77,True,0.456027,-0.7969,none,,,False,,91,0,0.3175,-0.7658,
92,18,True,1.067505,2.0156,none,,,False,,92,0,0.3104,3.7114,
92,59,True,1.178715,2.5256,cusum,,,True,positive,92,0,0.2451,3.2041,
92,70,True,1.031433,1.8501,cusum,,,True,positive,92,0,0.2434,3.1349,
92,5,True,0.886965,1.1876,none,,,False,,92,0,0.2442,2.9163,
92,92,True,0.878498,1.1487,cusum,,,True,positive,92,0,0.2519,2.2268,
92,31,True,0.924609,1.3602,none,,,False,,92,0,0.2434,2.1834,
92,10,True,0.870851,1.1137,none,,,False,,92,0,0.2445,2.1786,
92,38,True,0.716055,0.4037,none,,,False,,92,0,0.2448,1.9687,
92,93,True,0.777521,0.6856,none,,,False,,92,0,0.244,1.9678,
92,3,True,0.804114,0.8076,none,,,False,,92,0,0.2445,1.9023,
92,32,True,0.729106,0.4636,none,,,False,,92,0,0.2613,1.8151,
92,94,True,0.772667,0.6634,none,,,False,,92,0,0.0432,0.6224,
92,23,True,0.722457,0.4331,none,,,False,,92,0,0.1404,0.4982,
92,63,True,0.680492,0.2406,none,,,False,,92,0,0.0448,0.3946,
92,99,True,0.814292,0.8543,none,,,False,,92,0,0.044,0.3531,
92,12,True,0.748983,0.5547,none,,,False,,92,0,0.0437,0.3312,
92,43,True,0.650643,0.1037,none,,,False,,92,0,0.0442,0.0913,
92,24,True,0.606009,-0.101,none,,,False,,92,0,0.0453,0.0393,
92,81,True,0.55995,-0.3122,none,,,False,,92,0,0.0442,0.0028,
92,97,True,0.562876,-0.2988,none,,,False,,92,0,0.0927,-0.1139,
92,88,True,0.530082,-0.4492,none,,,False,,92,0,0.0606,-0.2548,
92,9,True,0.541283,-0.3978,none,,,False,,92,0,0.044,-0.2626,
92,13,True,0.593806,-0.1569,none,,,False,,92,0,0.0523,-0.2643,
92,39,True,0.591123,-0.1693,none,,,False,,92,0,0.0462,-0.2669,
92,90,True,0.573248,-0.2512,none,,,False,,92,0,0.0554,-0.3369,
92,1,True,0.650045,0.101,none,,,False,,92,0,0.0519,-0.3915,
92,64,True,0.585013,-0.1973,none,,,False,,92,0,0.0598,-0.4924,
92,41,True,0.348372,-1.2826,none,,,False,,92,0,0.1646,-0.5438,
92,52,True,0.352097,-1.2655,cusum,,,True,negative,92,0,0.3646,-1.3463,
92,91,True,0.388331,-1.0993,none,,,False,,92,0,0.335,-1.6729,
92,67,True,0.453152,-0.802,none,,,False,,92,0,0.3247,-0.7059,
92,71,True,0.531335,-0.4435,none,,,False,,92,0,0.3247,-1.5946,
92,62,True,0.375804,-1.1568,none,,,False,,92,0,0.3188,-2.3116,
92,57,True,0.372264,-1.173,none,,,False,,92,0,0.3172,-1.1459,
92,78,True,0.257123,-1.7011,none,,,False,,92,0,0.3172,-1.9466,
92,98,True,0.146054,-2.2105,none,,,False,,92,0,0.3166,-2.5187,
93,18,True,1.068812,2.1789,cusum,,,True,positive,93,0,0.3065,3.5181,
93,59,True,1.030672,1.9927,none,,,False,,93,0,0.2447,3.3654,
93,70,True,1.202177,2.8302,none,,,False,,93,0,0.2431,3.263,
93,5,True,1.042065,2.0483,none,,,False,,93,0,0.2439,2.7796,
93,31,True,0.870117,1.2086,none,,,False,,93,0,0.2431,2.428,
93,92,True,0.966429,1.6789,none,,,False,,93,0,0.2514,2.3515,
93,10,True,0.853669,1.1282,cusum,,,True,positive,93,0,0.2442,2.2713,
93,93,True,0.835205,1.0381,none,,,False,,93,0,0.2436,1.9866,
93,38,True,0.899644,1.3528,none,,,False,,93,0,0.2445,1.9775,
93,3,True,0.925417,1.4786,none,,,False,,93,0,0.2442,1.9309,
93,32,True,0.766135,0.7008,none,,,False,,93,0,0.2605,1.7718,
93,99,True,0.649129,0.1293,cusum,,,True,positive,93,0,0.2436,1.5836,
93,94,True,0.771098,0.725,none,,,False,,93,0,0.0429,0.739,
93,23,True,0.692956,0.3434,none,,,False,,93,0,0.1355,0.5663,
93,12,True,0.662375,0.194,none,,,False,,93,0,0.0434,0.4776,
93,63,True,0.684789,0.3035,none,,,False,,93,0,0.0445,0.4284,
93,43,True,0.5614,-0.2991,none,,,False,,93,0,0.0439,0.11,
93,24,True,0.631164,0.0416,none,,,False,,93,0,0.045,-0.0259,
93,81,True,0.614125,-0.0416,none,,,False,,93,0,0.0439,-0.0861,
93,1,True,0.608844,-0.0674,none,,,False,,93,0,0.0514,-0.0914,
93,97,True,0.511616,-0.5422,none,,,False,,93,0,0.0893,-0.1622,
93,39,True,0.564859,-0.2822,none,,,False,,93,0,0.0459,-0.2,
93,9,True,0.591926,-0.15,none,,,False,,93,0,0.0436,-0.2157,
93,90,True,0.547569,-0.3666,none,,,False,,93,0,0.0548,-0.2324,
93,13,True,0.665202,0.2078,none,,,False,,93,0,0.0518,-0.2324,
93,64,True,0.612727,-0.0484,none,,,False,,93,0,0.0591,-0.2363,
93,88,True,0.611077,-0.0565,none,,,False,,93,0,0.0598,-0.2926,
93,19,True,0.53084,-0.4483,none,,,False,,93,0,0.0535,-0.5664,
93,41,True,0.489912,-0.6482,cusum,,,True,negative,93,0,0.3585,-1.1809,
93,52,True,0.431419,-0.9339,none,,,False,,93,0,0.3585,-1.4113,
93,91,True,0.391831,-1.1272,none,,,False,,93,0,0.3303,-1.5732,
93,67,True,0.511374,-0.5434,none,,,False,,93,0,0.3204,-0.7342,
93,71,True,0.448385,-0.851,none,,,False,,93,0,0.3204,-1.3685,
93,73,True,0.45786,-0.8048,none,,,False,,93,0,0.3194,-1.5975,
93,84,True,0.412518,-1.0262,none,,,False,,93,0,0.3187,-0.8375,
93,35,True,0.361285,-1.2764,none,,,False,,93,0,0.3178,-0.9791,
94,70,True,0.97946,2.2203,cusum,,,True,positive,94,0,0.2429,3.2896,
94,59,True,1.068934,2.8073,cusum,,,True,positive,94,0,0.2444,3.2756,
94,18,True,1.119979,3.0,none,,,False,,94,0,0.3028,3.2424,
94,5,True,0.783887,0.9372,cusum,,,True,positive,94,0,0.2436,2.7506,
94,92,True,0.884952,1.6003,none,,,False,,94,0,0.2509,2.448,
94,31,True,0.663077,0.1446,cusum,,,True,positive,94,0,0.2429,2.2515,
94,3,True,0.857396,1.4195,cusum,,,True,positive,94,0,0.2439,2.1839,
94,10,True,0.867729,1.4873,none,,,False,,94,0,0.2439,2.0384,
94,38,True,0.932919,1.915,none,,,False,,94,0,0.2441,2.0005,
94,93,True,0.667318,0.1724,cusum,,,True,positive,94,0,0.2434,1.9323,
94,32,True,0.830839,1.2452,none,,,False,,94,0,0.2598,1.8084,
94,99,True,0.636618,-0.029,none,,,False,,94,0,0.2434,1.5022,
94,94,True,0.810041,1.1088,none,,,False,,94,0,0.0426,0.7303,
94,23,True,0.743999,0.6755,none,,,False,,94,0,0.1308,0.4662,
94,12,True,0.673251,0.2113,none,,,False,,94,0,0.0431,0.3726,
94,63,True,0.74369,0.6735,none,,,False,,94,0,0.0441,0.2914,
94,81,True,0.560976,-0.5253,none,,,False,,94,0,0.0436,0.0407,
94,43,True,0.645456,0.029,none,,,False,,94,0,0.0436,-0.0051,
94,24,True,0.609131,-0.2093,none,,,False,,94,0,0.0447,-0.0099,
94,1,True,0.631568,-0.0621,none,,,False,,94,0,0.0509,-0.0234,
94,64,True,0.626709,-0.094,none,,,False,,94,0,0.0584,-0.1177,
94,88,True,0.544834,-0.6312,none,,,False,,94,0,0.0591,-0.1517,
94,13,True,0.650454,0.0618,none,,,False,,94,0,0.0514,-0.1664,
94,97,True,0.56125,-0.5235,none,,,False,,94,0,0.086,-0.1905,
94,9,True,0.586315,-0.359,none,,,False,,94,0,0.0434,-0.2298,
94,39,True,0.65049,0.062,none,,,False,,94,0,0.0456,-0.2705,
94,90,True,0.566497,-0.489,none,,,False,,94,0,0.0542,-0.2738,
94,19,True,0.555753,-0.5595,none,,,False,,94,0,0.0493,-0.4452,
94,84,True,0.352869,-1.8906,cusum,,,True,negative,94,0,0.3653,-1.64,
94,41,True,0.300705,-2.2328,none,,,False,,94,0,0.3527,-1.1654,
94,52,True,0.467492,-1.1386,none,,,False,,94,0,0.3527,-1.3199,
94,91,True,0.296152,-2.2627,none,,,False,,94,0,0.3258,-1.481,
94,55,True,0.222087,-2.7486,none,,,False,,94,0,0.3191,-2.0953,
94,47,True,0.263601,-2.4763,none,,,False,,94,0,0.3184,-2.3673,
94,66,True,0.568633,-0.475,none,,,False,,94,0,0.3184,-0.8327,
94,6,True,0.129306,-3.0,none,,,False,,94,0,0.3171,-0.7696,
95,59,True,1.110958,1.8755,none,,,False,,95,0,0.2441,3.4996,
95,18,True,1.223227,2.3675,cusum,,,True,positive,95,0,0.2992,3.4962,
95,70,True,1.169832,2.1335,none,,,False,,95,0,0.2426,3.3558,
95,92,True,0.975584,1.2822,cusum,,,True,positive,95,0,0.2505,2.5428,
95,5,True,0.983666,1.3176,none,,,False,,95,0,0.2433,2.4476,
95,10,True,0.929132,1.0786,none,,,False,,95,0,0.2436,2.3,
95,3,True,0.756746,0.3231,none,,,False,,95,0,0.2436,2.2922,
95,38,True,0.841896,0.6963,cusum,,,True,positive,95,0,0.2438,2.2812,
95,31,True,0.865451,0.7995,none,,,False,,95,0,0.2426,1.96,
95,94,True,0.788756,0.4634,cusum,,,True,positive,95,0,0.2423,1.8876,
95,32,True,0.73946,0.2473,cusum,,,True,positive,95,0,0.259,1.8822,
95,93,True,0.686999,0.0174,none,,,False,,95,0,0.2431,1.6883,
95,99,True,0.6899,0.0301,none,,,False,,95,0,0.2431,1.3745,
95,23,True,0.717418,0.1507,none,,,False,,95,0,0.1264,0.5958,
95,63,True,0.759433,0.3349,none,,,False,,95,0,0.0438,0.4632,
95,12,True,0.679045,-0.0174,none,,,False,,95,0,0.0428,0.3759,
95,13,True,0.605556,-0.3395,none,,,False,,95,0,0.0509,0.105,
95,1,True,0.63759,-0.1991,none,,,False,,95,0,0.0505,0.0573,
95,43,True,0.627871,-0.2417,none,,,False,,95,0,0.0433,0.0012,
95,24,True,0.68873,0.025,none,,,False,,95,0,0.0444,-0.0314,
95,64,True,0.517856,-0.7238,none,,,False,,95,0,0.0577,-0.0361,
95,39,True,0.687539,0.0198,none,,,False,,95,0,0.0452,-0.0705,
95,81,True,0.724247,0.1807,none,,,False,,95,0,0.0433,-0.2364,
95,9,True,0.511194,-0.753,none,,,False,,95,0,0.0431,-0.246,
95,90,True,0.534088,-0.6527,none,,,False,,95,0,0.0537,-0.2975,
95,88,True,0.646047,-0.162,none,,,False,,95,0,0.0583,-0.3009,
95,97,True,0.595213,-0.3848,none,,,False,,95,0,0.0828,-0.3635,
95,19,True,0.459565,-0.9793,none,,,False,,95,0,0.0489,-0.4717,
95,84,True,0.406708,-1.211,none,,,False,,95,0,0.3592,-1.8001,
95,41,True,0.449376,-1.024,none,,,False,,95,0,0.3473,-1.7629,
95,52,True,0.342965,-1.4903,none,,,False,,95,0,0.3473,-1.4877,
95,91,True,0.272794,-1.7978,cusum,,,True,negative,95,0,0.3216,-1.8873,
95,67,True,0.580457,-0.4495,none,,,False,,95,0,0.3206,-0.706,
95,71,True,0.500295,-0.8008,none,,,False,,95,0,0.3206,-1.2216,
95,62,True,0.306793,-1.6488,none,,,False,,95,0,0.3197,-2.0859,
95,26,True,0.394292,-1.2654,none,,,False,,95,0,0.3189,-1.4864,
96,18,True,1.172263,2.2756,none,,,False,,96,0,0.2958,3.6117,
96,70,True,1.116538,2.037,cusum,,,True,positive,96,0,0.2423,3.4499,
96,59,True,1.045541,1.733,cusum,,,True,positive,96,0,0.2438,3.2825,
96,92,True,0.812427,0.7349,none,,,False,,96,0,0.25,2.5867,
96,5,True,0.948493,1.3175,none,,,False,,96,0,0.243,2.4906,
96,38,True,0.965026,1.3883,none,,,False,,96,0,0.2435,2.3783,
96,10,True,0.898587,1.1038,cusum,,,True,positive,96,0,0.2433,2.288,
96,3,True,0.911584,1.1595,none,,,False,,96,0,0.2433,2.1304,
96,94,True,0.796755,0.6678,none,,,False,,96,0,0.2421,1.8206,
96,32,True,0.777584,0.5857,none,,,False,,96,0,0.2583,1.8092,
96,31,True,0.878445,1.0176,none,,,False,,96,0,0.2423,1.7728,
96,63,True,0.7602,0.5113,cusum,,,True,positive,96,0,0.2435,1.4943,
96,93,True,0.82162,0.7743,none,,,False,,96,0,0.2428,1.4652,
96,99,True,0.760429,0.5123,none,,,False,,96,0,0.2428,1.0994,
96,23,True,0.700285,0.2547,none,,,False,,96,0,0.1222,0.499,
96,12,True,0.677154,0.1557,none,,,False,,96,0,0.0425,0.1849,
96,13,True,0.583852,-0.2438,none,,,False,,96,0,0.0504,0.0435,
96,24,True,0.619304,-0.092,none,,,False,,96,0,0.0441,0.0102,
96,39,True,0.636416,-0.0187,none,,,False,,96,0,0.0449,-0.0079,
96,1,True,0.597758,-0.1842,none,,,False,,96,0,0.05,-0.0433,
96,81,True,0.618543,-0.0953,none,,,False,,96,0,0.043,-0.0725,
96,43,True,0.648149,0.0315,none,,,False,,96,0,0.043,-0.1143,
96,88,True,0.552384,-0.3785,none,,,False,,96,0,0.0577,-0.2061,
96,64,True,0.578275,-0.2677,none,,,False,,96,0,0.057,-0.2125,
96,9,True,0.645163,0.0187,none,,,False,,96,0,0.0428,-0.3648,
96,97,True,0.572741,-0.2914,none,,,False,,96,0,0.0797,-0.3937,
96,90,True,0.584572,-0.2407,none,,,False,,96,0,0.0531,-0.4321,
96,33,True,0.376493,-1.1316,none,,,False,,96,0,0.3009,-0.5911,
96,84,True,0.184737,-1.9527,cusum,,,True,negative,96,0,0.3535,-1.7468,
96,26,True,0.093418,-2.3437,cusum,,,True,negative,96,0,0.3477,-1.8889,
96,41,True,0.442452,-0.8492,cusum,,,True,negative,96,0,0.3422,-1.6804,
96,52,True,0.425254,-0.9229,cusum,,,True,negative,96,0,0.3422,-1.5663,
96,79,True,0.582329,-0.2503,none,,,False,,96,0,0.3212,-0.9585,
96,73,True,0.402513,-1.0202,none,,,False,,96,0,0.3203,-0.9324,
96,91,True,0.399625,-1.0326,none,,,False,,96,0,0.3175,-2.1227,
96,57,True,0.481696,-0.6812,none,,,False,,96,0,0.3151,-1.613,
97,18,True,1.18139,2.8841,cusum,,,True,positive,97,0,0.2924,3.6422,
97,59,True,1.006038,1.9721,none,,,False,,97,0,0.2435,3.1956,
97,70,True,0.983607,1.8554,none,,,False,,97,0,0.242,3.1851,
97,38,True,0.83906,1.1036,none,,,False,,97,0,0.2432,2.3898,
97,10,True,0.805316,0.9281,none,,,False,,97,0,0.243,2.2795,
97,92,True,0.89709,1.4054,none,,,False,,97,0,0.2496,2.2714,
97,5,True,0.882682,1.3305,cusum,,,True,positive,97,0,0.2427,2.2467,
97,3,True,0.842402,1.121,none,,,False,,97,0,0.243,2.0236,
97,94,True,0.772738,0.7586,none,,,False,,97,0,0.2418,1.8012,
97,32,True,0.461874,-0.8582,none,,,False,,97,0,0.2576,1.7699,
97,31,True,0.963041,1.7484,none,,,False,,97,0,0.242,1.7088,
97,63,True,0.784095,0.8177,none,,,False,,97,0,0.2432,1.5632,
97,93,True,0.725534,0.5131,none,,,False,,97,0,0.2425,1.3769,
97,99,True,0.722144,0.4955,none,,,False,,97,0,0.2425,1.2267,
97,23,True,0.697576,0.3677,none,,,False,,97,0,0.1181,0.4669,
97,12,True,0.63434,0.0388,none,,,False,,97,0,0.0423,0.1718,
97,39,True,0.596655,-0.1572,none,,,False,,97,0,0.0446,0.0796,
97,43,True,0.645103,0.0948,none,,,False,,97,0,0.0427,-0.0045,
97,24,True,0.674778,0.2491,none,,,False,,97,0,0.0438,-0.0347,
97,1,True,0.652405,0.1328,none,,,False,,97,0,0.0496,-0.0828,
97,81,True,0.619414,-0.0388,none,,,False,,97,0,0.0427,-0.0907,
97,13,True,0.55654,-0.3658,none,,,False,,97,0,0.05,-0.1076,
97,64,True,0.559562,-0.3501,none,,,False,,97,0,0.0564,-0.2865,
97,9,True,0.576443,-0.2623,none,,,False,,97,0,0.0425,-0.3089,
97,97,True,0.587787,-0.2033,none,,,False,,97,0,0.0767,-0.3115,
97,88,True,0.57728,-0.258,none,,,False,,97,0,0.057,-0.3143,
97,90,True,0.55223,-0.3883,none,,,False,,97,0,0.0526,-0.3908,
97,75,True,0.536928,-0.4678,none,,,False,,97,0,0.2815,-0.5933,
97,84,True,0.323831,-1.5762,none,,,False,,97,0,0.3482,-2.0597,
97,26,True,0.351943,-1.43,none,,,False,,97,0,0.3427,-2.2201,
97,41,True,0.399963,-1.1802,none,,,False,,97,0,0.3374,-1.7508,
97,52,True,0.311332,-1.6412,none,,,False,,97,0,0.3374,-1.5661,
97,78,True,0.269885,-1.8568,none,,,False,,97,0,0.3193,-2.3343,
97,51,True,0.391153,-1.226,none,,,False,,97,0,0.3175,-0.955,
97,67,True,0.587765,-0.2034,none,,,False,,97,0,0.3172,-0.9941,
97,71,True,0.513377,-0.5903,none,,,False,,97,0,0.3172,-1.0942,
98,18,True,1.112008,1.9689,none,,,False,,98,0,0.2892,3.6019,
98,70,True,1.133095,2.053,cusum,,,True,positive,98,0,0.2418,3.0632,
98,59,True,1.054674,1.74,cusum,,,True,positive,98,0,0.2432,2.9168,
98,5,True,0.944691,1.301,none,,,False,,98,0,0.2425,2.3774,
98,31,True,0.896782,1.1098,cusum,,,True,positive,98,0,0.2418,2.2431,
98,92,True,0.983296,1.4551,cusum,,,True,positive,98,0,0.2491,2.2059,
98,38,True,0.95291,1.3338,none,,,False,,98,0,0.2429,2.119,
98,10,True,1.010659,1.5643,none,,,False,,98,0,0.2427,2.0927,
98,3,True,0.920964,1.2063,cusum,,,True,positive,98,0,0.2427,1.9237,
98,94,True,0.796053,0.7077,none,,,False,,98,0,0.2415,1.6842,
98,63,True,0.754359,0.5413,none,,,False,,98,0,0.2429,1.6109,
98,93,True,0.749729,0.5228,none,,,False,,98,0,0.2422,1.4902,
98,32,True,0.870978,1.0068,none,,,False,,98,0,0.2569,1.0679,
98,99,True,0.687599,0.2748,none,,,False,,98,0,0.2422,0.4012,
98,23,True,0.681448,0.2503,none,,,False,,98,0,0.1142,0.362,
98,24,True,0.611758,-0.0279,none,,,False,,98,0,0.0435,0.1177,
98,12,True,0.689352,0.2818,none,,,False,,98,0,0.042,0.1139,
98,81,True,0.512021,-0.426,none,,,False,,98,0,0.0425,0.0711,
98,43,True,0.562375,-0.225,none,,,False,,98,0,0.0425,0.0171,
98,39,True,0.569616,-0.1961,none,,,False,,98,0,0.0443,0.0061,
98,1,True,0.504894,-0.4544,none,,,False,,98,0,0.0491,-0.0184,
98,88,True,0.577572,-0.1643,none,,,False,,98,0,0.0563,-0.1908,
98,97,True,0.566901,-0.2069,none,,,False,,98,0,0.0738,-0.2061,
98,13,True,0.637331,0.0742,none,,,False,,98,0,0.0495,-0.2507,
98,9,True,0.61447,-0.017,none,,,False,,98,0,0.0422,-0.277,
98,90,True,0.546148,-0.2898,none,,,False,,98,0,0.0521,-0.3579,
98,64,True,0.623012,0.017,none,,,False,,98,0,0.0557,-0.3727,
98,75,True,0.44316,-0.7008,none,,,False,,98,0,0.1734,-0.5678,
98,51,True,0.456359,-0.6481,cusum,,,True,negative,98,0,0.3666,-1.7037,
98,84,True,0.360542,-1.0306,cusum,,,True,negative,98,0,0.3431,-1.9587,
98,26,True,0.340008,-1.1126,cusum,,,True,negative,98,0,0.3379,-2.0618,
98,41,True,0.46923,-0.5968,none,,,False,,98,0,0.3328,-1.4031,
98,52,True,0.343055,-1.1004,none,,,False,,98,0,0.3328,-1.7368,
98,55,True,0.146578,-1.8846,none,,,False,,98,0,0.3205,-1.8908,
98,91,True,0.40938,-0.8357,none,,,False,,98,0,0.3178,-2.0935,
98,62,True,0.349826,-1.0734,none,,,False,,98,0,0.317,-1.5524,
99,18,True,1.215437,2.4926,cusum,,,True,positive,99,0,0.2861,3.4675,
99,70,True,1.143688,2.1543,none,,,False,,99,0,0.2415,3.0361,
99,59,True,1.116436,2.0258,none,,,False,,99,0,0.2429,2.8713,
99,5,True,0.731912,0.2125,none,,,False,,99,0,0.2422,2.3716,
99,31,True,0.981771,1.3907,none,,,False,,99,0,0.2415,2.3462,
99,38,True,0.827283,0.6622,cusum,,,True,positive,99,0,0.2427,2.3311,
99,92,True,0.902316,1.0161,none,,,False,,99,0,0.2487,2.263,
99,10,True,0.939388,1.1909,cusum,,,True,positive,99,0,0.2424,2.2543,
99,3,True,0.901641,1.0129,none,,,False,,99,0,0.2424,2.2178,
99,94,True,0.795978,0.5146,none,,,False,,99,0,0.2413,1.7653,
99,63,True,0.813032,0.595,none,,,False,,99,0,0.2427,1.6793,
99,32,True,0.645222,-0.1963,none,,,False,,99,0,0.2563,1.3201,
99,93,True,0.720436,0.1584,none,,,False,,99,0,0.242,0.6583,
99,99,True,0.728044,0.1943,none,,,False,,99,0,0.242,0.4824,
99,23,True,0.707629,0.098,none,,,False,,99,0,0.1104,0.393,
99,12,True,0.675025,-0.0558,none,,,False,,99,0,0.0417,0.2133,
99,24,True,0.698676,0.0558,none,,,False,,99,0,0.0432,0.0997,
99,43,True,0.702099,0.0719,none,,,False,,99,0,0.0422,0.0223,
99,9,True,0.541219,-0.6867,none,,,False,,99,0,0.042,-0.032,
99,39,True,0.703648,0.0792,none,,,False,,99,0,0.0439,-0.0663,
99,1,True,0.71116,0.1146,none,,,False,,99,0,0.0487,-0.1041,
99,13,True,0.645539,-0.1948,none,,,False,,99,0,0.0491,-0.1134,
99,64,True,0.480954,-0.9709,none,,,False,,99,0,0.0551,-0.1265,
99,81,True,0.621387,-0.3087,none,,,False,,99,0,0.0422,-0.1315,
99,97,True,0.60879,-0.3681,none,,,False,,99,0,0.071,-0.1481,
99,88,True,0.621216,-0.3095,none,,,False,,99,0,0.0557,-0.1924,
99,90,True,0.551778,-0.637,none,,,False,,99,0,0.0516,-0.2376,
99,96,True,0.422447,-1.2468,none,,,False,,99,0,0.1158,-0.5946,
99,75,True,0.53821,-0.7009,cusum,,,True,negative,99,0,0.3669,-1.0095,
99,51,True,0.237711,-2.118,none,,,False,,99,0,0.3606,-1.5094,
99,84,True,0.315797,-1.7498,none,,,False,,99,0,0.3383,-1.902,
99,26,True,0.294278,-1.8512,none,,,False,,99,0,0.3333,-2.014,
99,41,True,0.353185,-1.5735,none,,,False,,99,0,0.3285,-1.2636,
99,52,True,0.305112,-1.8002,cusum,,,True,negative,99,0,0.3285,-1.6097,
99,47,True,0.330969,-1.6782,none,,,False,,99,0,0.3203,-1.9344,
99,73,True,0.474207,-1.0028,none,,,False,,99,0,0.3175,-1.3614,
100,18,True,1.110945,2.0611,none,,,False,,100,0,0.283,3.5383,
100,70,True,1.158346,2.2612,cusum,,,True,positive,100,0,0.2412,3.0748,
100,59,True,0.998143,1.5848,cusum,,,True,positive,100,0,0.2426,2.9685,
100,31,True,0.770379,0.6231,none,,,False,,100,0,0.2412,2.4702,
100,92,True,0.967942,1.4573,none,,,False,,100,0,0.2483,2.3562,
100,10,True,1.012736,1.6464,none,,,False,,100,0,0.2422,2.283,
100,3,True,0.87836,1.0791,none,,,False,,100,0,0.2422,2.1686,
100,38,True,0.91201,1.2211,none,,,False,,100,0,0.2424,2.0888,
100,5,True,0.934118,1.3145,none,,,False,,100,0,0.2419,2.0029,
100,63,True,0.813925,0.807,none,,,False,,100,0,0.2424,1.7069,
100,94,True,0.788524,0.6998,none,,,False,,100,0,0.241,0.7139,
100,93,True,0.808471,0.784,none,,,False,,100,0,0.2417,0.4527,
100,99,True,0.728343,0.4457,none,,,False,,100,0,0.2417,0.3761,
100,23,True,0.670297,0.2006,none,,,False,,100,0,0.1068,0.3387,
100,24,True,0.560433,-0.2633,none,,,False,,100,0,0.0429,0.1486,
100,12,True,0.634758,0.0505,none,,,False,,100,0,0.0415,0.1425,
100,32,True,0.681475,0.2478,none,,,False,,100,0,0.2557,0.0586,
100,43,True,0.548065,-0.3155,none,,,False,,100,0,0.0419,0.0355,
100,1,True,0.551863,-0.2995,none,,,False,,100,0,0.0483,-0.005,
100,39,True,0.706974,0.3554,none,,,False,,100,0,0.0436,-0.034,
100,13,True,0.641597,0.0794,none,,,False,,100,0,0.0487,-0.0976,
100,88,True,0.556759,-0.2788,none,,,False,,100,0,0.0551,-0.1702,
100,97,True,0.57619,-0.1968,none,,,False,,100,0,0.0682,-0.1749,
100,81,True,0.603657,-0.0808,none,,,False,,100,0,0.0419,-0.2029,
100,9,True,0.59708,-0.1086,none,,,False,,100,0,0.0417,-0.2675,
100,64,True,0.610831,-0.0505,none,,,False,,100,0,0.0546,-0.3617,
100,90,True,0.544112,-0.3322,none,,,False,,100,0,0.0511,-0.3703,
100,44,True,0.49618,-0.5346,none,,,False,,100,0,0.2302,-0.5952,
100,75,True,0.401355,-0.935,none,,,False,,100,0,0.3609,-0.9896,
100,51,True,0.469033,-0.6492,none,,,False,,100,0,0.355,-1.7016,
100,84,True,0.387531,-0.9933,none,,,False,,100,0,0.3338,-1.8375,
100,26,True,0.297397,-1.3739,none,,,False,,100,0,0.329,-1.8528,
100,41,True,0.385928,-1.0001,cusum,,,True,negative,100,0,0.3243,-1.5077,
100,52,True,0.383915,-1.0086,none,,,False,,100,0,0.3243,-1.9048,
100,67,True,0.449689,-0.7309,none,,,False,,100,0,0.3181,-0.7967,
100,71,True,0.432838,-0.8021,none,,,False,,100,0,0.3181,-0.6453,
