round,client_id,selected,utility,normalized_utility,detector,cusum_pos,cusum_neg,change_detected,change_direction,last_seen,age,explore_score,exploit_score,final_score
1,37,True,0.16047,0.0256,none,,,False,,1,0,,,
1,6,True,0.073325,-0.7109,none,,,False,,1,0,,,
1,8,True,0.165141,0.0651,none,,,False,,1,0,,,
1,93,True,0.039716,-0.9949,none,,,False,,1,0,,,
1,75,True,0.055867,-0.8584,none,,,False,,1,0,,,
1,21,True,0.046046,-0.9414,none,,,False,,1,0,,,
1,78,True,0.769402,3.0,none,,,False,,1,0,,,
1,54,True,0.148163,-0.0784,none,,,False,,1,0,,,
1,59,True,0.081912,-0.6383,none,,,False,,1,0,,,
1,29,True,0.525259,3.0,none,,,False,,1,0,,,
1,56,True,0.109682,-0.4036,none,,,False,,1,0,,,
1,57,True,0.160869,0.029,none,,,False,,1,0,,,
1,62,True,0.351088,1.6367,none,,,False,,1,0,,,
1,87,True,0.167422,0.0844,none,,,False,,1,0,,,
1,43,True,0.079907,-0.6553,none,,,False,,1,0,,,
1,88,True,0.367201,1.7729,none,,,False,,1,0,,,
1,5,True,0.398995,2.0416,none,,,False,,1,0,,,
1,69,True,0.239518,0.6937,none,,,False,,1,0,,,
1,14,True,0.030189,-1.0755,none,,,False,,1,0,,,
1,50,True,0.157569,0.0011,none,,,False,,1,0,,,
1,68,True,0.112967,-0.3758,none,,,False,,1,0,,,
1,99,True,0.350478,1.6315,none,,,False,,1,0,,,
1,10,True,0.157305,-0.0011,none,,,False,,1,0,,,
1,41,True,0.054705,-0.8683,none,,,False,,1,0,,,
1,15,True,0.468888,2.6323,none,,,False,,1,0,,,
1,74,True,0.18906,0.2673,none,,,False,,1,0,,,
1,36,True,0.430063,2.3041,none,,,False,,1,0,,,
1,51,True,0.039595,-0.996,none,,,False,,1,0,,,
1,39,True,0.03063,-1.0717,none,,,False,,1,0,,,
1,31,True,0.869134,3.0,none,,,False,,1,0,,,
1,81,True,0.145875,-0.0977,none,,,False,,1,0,,,
1,60,True,0.165379,0.0671,none,,,False,,1,0,,,
1,42,True,0.100073,-0.4848,none,,,False,,1,0,,,
1,73,True,0.083145,-0.6279,none,,,False,,1,0,,,
1,92,True,0.121665,-0.3023,none,,,False,,1,0,,,
1,94,True,0.171147,0.1159,none,,,False,,1,0,,,
2,21,True,0.09957,-1.2628,none,,,False,,2,0,,,
2,36,True,0.776803,3.0,none,,,False,,2,0,,,
2,68,True,0.210074,-0.548,none,,,False,,2,0,,,
2,75,True,0.120131,-1.1298,none,,,False,,2,0,,,
2,82,True,0.196175,-0.6379,none,,,False,,2,0,,,
2,18,True,0.357994,0.4089,none,,,False,,2,0,,,
2,32,True,0.289196,-0.0361,none,,,False,,2,0,,,
2,97,True,0.53379,1.5462,none,,,False,,2,0,,,
2,58,True,0.167586,-0.8228,none,,,False,,2,0,,,
2,23,True,0.258413,-0.2353,none,,,False,,2,0,,,
2,12,True,0.281285,-0.0873,none,,,False,,2,0,,,
2,77,True,0.308228,0.087,none,,,False,,2,0,,,
2,40,True,0.186236,-0.7022,none,,,False,,2,0,,,
2,72,True,0.466188,1.1088,none,,,False,,2,0,,,
2,48,True,0.777027,3.0,none,,,False,,2,0,,,
2,64,True,0.074074,-1.4278,none,,,False,,2,0,,,
2,90,True,0.145313,-0.9669,none,,,False,,2,0,,,
2,33,True,0.449439,1.0005,none,,,False,,2,0,,,
2,98,True,0.298909,0.0267,none,,,False,,2,0,,,
2,0,True,0.291322,-0.0224,none,,,False,,2,0,,,
2,78,True,0.85743,3.0,none,,,False,,2,0,,,
2,92,True,0.29824,0.0224,none,,,False,,2,0,,,
2,74,True,0.6125,2.0553,none,,,False,,2,0,,,
2,8,True,0.443172,0.9599,none,,,False,,2,0,,,
2,16,True,0.150935,-0.9305,none,,,False,,2,0,,,
2,46,True,0.194795,-0.6468,none,,,False,,2,0,,,
2,30,True,0.22575,-0.4466,none,,,False,,2,0,,,
2,7,True,0.059639,-1.5211,none,,,False,,2,0,,,
2,55,True,0.374515,0.5158,none,,,False,,2,0,,,
2,49,True,0.22525,-0.4498,none,,,False,,2,0,,,
2,62,True,0.505521,1.3633,none,,,False,,2,0,,,
2,88,True,0.461522,1.0787,none,,,False,,2,0,,,
2,69,True,0.352517,0.3735,none,,,False,,2,0,,,
2,99,True,0.365324,0.4563,none,,,False,,2,0,,,
2,25,True,0.301449,0.0431,none,,,False,,2,0,,,
2,79,True,0.205222,-0.5794,none,,,False,,2,0,,,
3,17,True,0.182808,-1.5806,none,,,False,,3,0,,,
3,20,True,0.711794,1.1474,none,,,False,,3,0,,,
3,62,True,0.700174,1.0875,none,,,False,,3,0,,,
3,92,True,0.560497,0.3671,none,,,False,,3,0,,,
3,58,True,0.48611,-0.0165,none,,,False,,3,0,,,
3,82,True,0.492496,0.0165,none,,,False,,3,0,,,
3,30,True,0.593425,0.537,none,,,False,,3,0,,,
3,98,True,0.478602,-0.0552,none,,,False,,3,0,,,
3,71,True,0.590852,0.5237,none,,,False,,3,0,,,
3,91,True,0.347819,-0.7296,none,,,False,,3,0,,,
3,34,True,0.571466,0.4237,none,,,False,,3,0,,,
3,73,True,0.330333,-0.8198,none,,,False,,3,0,,,
3,22,True,0.45404,-0.1819,none,,,False,,3,0,,,
3,45,True,0.638309,0.7684,none,,,False,,3,0,,,
3,36,True,0.723587,1.2082,none,,,False,,3,0,,,
3,99,True,0.359088,-0.6715,none,,,False,,3,0,,,
3,66,True,0.442731,-0.2402,none,,,False,,3,0,,,
3,15,True,0.627505,0.7127,none,,,False,,3,0,,,
3,26,True,0.568948,0.4107,none,,,False,,3,0,,,
3,55,True,0.515286,0.134,none,,,False,,3,0,,,
3,28,True,0.500472,0.0576,none,,,False,,3,0,,,
3,51,True,0.262115,-1.1716,none,,,False,,3,0,,,
3,8,True,0.465505,-0.1227,none,,,False,,3,0,,,
3,40,True,0.384054,-0.5428,none,,,False,,3,0,,,
3,4,True,0.339517,-0.7724,none,,,False,,3,0,,,
3,70,True,0.076259,-2.1301,none,,,False,,3,0,,,
3,68,True,0.651581,0.8369,none,,,False,,3,0,,,
3,2,True,0.533202,0.2264,none,,,False,,3,0,,,
3,33,True,0.407555,-0.4216,none,,,False,,3,0,,,
3,9,True,0.357937,-0.6775,none,,,False,,3,0,,,
3,85,True,0.66797,0.9214,none,,,False,,3,0,,,
3,44,True,0.776964,1.4835,none,,,False,,3,0,,,
3,16,True,0.322433,-0.8606,none,,,False,,3,0,,,
3,69,True,0.313866,-0.9047,none,,,False,,3,0,,,
3,64,True,0.240822,-1.2814,none,,,False,,3,0,,,
3,67,True,0.533534,0.2281,none,,,False,,3,0,,,
4,5,True,0.662758,0.1502,none,,,False,,4,0,,,
4,31,True,1.002051,1.3929,none,,,False,,4,0,,,
4,12,True,0.645131,0.0856,none,,,False,,4,0,,,
4,71,True,0.69553,0.2702,none,,,False,,4,0,,,
4,23,True,0.754155,0.4849,none,,,False,,4,0,,,
4,9,True,0.442664,-0.656,none,,,False,,4,0,,,
4,63,True,0.483921,-0.5049,none,,,False,,4,0,,,
4,37,True,0.421544,-0.7333,none,,,False,,4,0,,,
4,27,True,0.971345,1.2805,none,,,False,,4,0,,,
4,74,True,0.790136,0.6167,none,,,False,,4,0,,,
4,45,True,0.794969,0.6344,none,,,False,,4,0,,,
4,38,True,0.224012,-1.4568,none,,,False,,4,0,,,
4,78,True,0.900836,1.0222,none,,,False,,4,0,,,
4,29,True,0.680353,0.2146,none,,,False,,4,0,,,
4,58,True,0.619367,-0.0088,none,,,False,,4,0,,,
4,52,True,0.624149,0.0088,none,,,False,,4,0,,,
4,60,True,0.720316,0.361,none,,,False,,4,0,,,
4,62,True,0.726055,0.382,none,,,False,,4,0,,,
4,33,True,0.291643,-1.2091,none,,,False,,4,0,,,
4,54,True,0.432554,-0.693,none,,,False,,4,0,,,
4,42,True,0.524227,-0.3572,none,,,False,,4,0,,,
4,61,True,0.867021,0.8983,none,,,False,,4,0,,,
4,96,True,0.363778,-0.9449,none,,,False,,4,0,,,
4,57,True,0.815474,0.7095,none,,,False,,4,0,,,
4,92,True,0.686851,0.2384,none,,,False,,4,0,,,
4,43,True,0.453838,-0.615,none,,,False,,4,0,,,
4,8,True,0.378223,-0.892,none,,,False,,4,0,,,
4,18,True,0.465375,-0.5728,none,,,False,,4,0,,,
4,1,True,0.89589,1.0041,none,,,False,,4,0,,,
4,6,True,0.332938,-1.0579,none,,,False,,4,0,,,
4,84,True,0.42839,-0.7083,none,,,False,,4,0,,,
4,15,True,0.520904,-0.3694,none,,,False,,4,0,,,
4,41,True,0.363286,-0.9467,none,,,False,,4,0,,,
4,14,True,0.323957,-1.0908,none,,,False,,4,0,,,
4,64,True,0.401602,-0.8064,none,,,False,,4,0,,,
4,48,True,0.83366,0.7761,none,,,False,,4,0,,,
5,9,True,0.256876,-1.7646,none,,,False,,5,0,,,
5,76,True,0.50381,-0.4057,none,,,False,,5,0,,,
5,33,True,0.446664,-0.7202,none,,,False,,5,0,,,
5,65,True,0.757642,0.9911,none,,,False,,5,0,,,
5,28,True,0.598727,0.1166,none,,,False,,5,0,,,
5,67,True,0.642361,0.3567,none,,,False,,5,0,,,
5,48,True,0.668108,0.4984,none,,,False,,5,0,,,
5,11,True,0.285704,-1.606,none,,,False,,5,0,,,
5,34,True,0.847048,1.4831,none,,,False,,5,0,,,
5,88,True,0.622749,0.2488,none,,,False,,5,0,,,
5,10,True,0.765613,1.035,none,,,False,,5,0,,,
5,1,True,0.63865,0.3363,none,,,False,,5,0,,,
5,0,True,0.704156,0.6968,none,,,False,,5,0,,,
5,69,True,0.399662,-0.9789,none,,,False,,5,0,,,
5,37,True,0.45902,-0.6522,none,,,False,,5,0,,,
5,12,True,1.099776,2.8739,none,,,False,,5,0,,,
5,71,True,0.547546,-0.1651,none,,,False,,5,0,,,
5,91,True,0.482953,-0.5205,none,,,False,,5,0,,,
5,57,True,0.69446,0.6434,none,,,False,,5,0,,,
5,26,True,0.523603,-0.2968,none,,,False,,5,0,,,
5,29,True,0.409974,-0.9221,none,,,False,,5,0,,,
5,40,True,0.463053,-0.63,none,,,False,,5,0,,,
5,75,True,0.420942,-0.8618,none,,,False,,5,0,,,
5,93,True,0.556355,-0.1166,none,,,False,,5,0,,,
5,24,True,0.617778,0.2214,none,,,False,,5,0,,,
5,60,True,0.903556,1.7941,none,,,False,,5,0,,,
5,22,True,0.671486,0.517,none,,,False,,5,0,,,
5,92,True,0.675614,0.5397,none,,,False,,5,0,,,
5,61,True,0.931718,1.949,none,,,False,,5,0,,,
5,70,True,0.13823,-2.4175,none,,,False,,5,0,,,
5,19,True,1.066474,2.6906,none,,,False,,5,0,,,
5,63,True,0.483142,-0.5195,none,,,False,,5,0,,,
5,23,True,0.754067,0.9714,none,,,False,,5,0,,,
5,46,True,0.481881,-0.5264,none,,,False,,5,0,,,
5,38,True,0.266349,-1.7125,none,,,False,,5,0,,,
5,39,True,0.306874,-1.4895,none,,,False,,5,0,,,
6,2,True,0.74038,0.9045,none,,,False,,6,0,,,
6,15,True,0.753606,0.9756,none,,,False,,6,0,,,
6,0,True,0.5787,0.0346,none,,,False,,6,0,,,
6,85,True,0.746211,0.9359,none,,,False,,6,0,,,
6,26,True,0.439019,-0.7169,none,,,False,,6,0,,,
6,16,True,0.283257,-1.5549,none,,,False,,6,0,,,
6,99,True,0.431465,-0.7575,none,,,False,,6,0,,,
6,60,True,0.597081,0.1335,none,,,False,,6,0,,,
6,53,True,0.585072,0.0689,none,,,False,,6,0,,,
6,1,True,0.677454,0.5659,none,,,False,,6,0,,,
6,38,True,0.274102,-1.6041,none,,,False,,6,0,,,
6,23,True,0.78325,1.1351,none,,,False,,6,0,,,
6,31,True,1.558468,3.0,none,,,False,,6,0,,,
6,11,True,0.686128,0.6126,none,,,False,,6,0,,,
6,51,True,0.462374,-0.5912,none,,,False,,6,0,,,
6,6,True,0.565822,-0.0346,none,,,False,,6,0,,,
6,74,True,0.697559,0.6741,none,,,False,,6,0,,,
6,64,True,0.430981,-0.7601,none,,,False,,6,0,,,
6,33,True,0.524376,-0.2576,none,,,False,,6,0,,,
6,59,True,0.471477,-0.5422,none,,,False,,6,0,,,
6,8,True,0.525418,-0.252,none,,,False,,6,0,,,
6,86,True,0.464825,-0.578,none,,,False,,6,0,,,
6,35,True,0.6977,0.6749,none,,,False,,6,0,,,
6,80,True,0.486158,-0.4632,none,,,False,,6,0,,,
6,95,True,1.687726,3.0,none,,,False,,6,0,,,
6,97,True,0.602785,0.1642,none,,,False,,6,0,,,
6,90,True,0.333894,-1.2824,none,,,False,,6,0,,,
6,22,True,0.282216,-1.5605,none,,,False,,6,0,,,
6,65,True,0.759839,1.0092,none,,,False,,6,0,,,
6,69,True,0.378322,-1.0434,none,,,False,,6,0,,,
6,10,True,0.655145,0.4459,none,,,False,,6,0,,,
6,91,True,0.54835,-0.1286,none,,,False,,6,0,,,
6,87,True,0.956084,2.065,none,,,False,,6,0,,,
6,84,True,0.506241,-0.3552,none,,,False,,6,0,,,
6,24,True,0.377256,-1.0491,none,,,False,,6,0,,,
6,63,True,0.614104,0.2251,none,,,False,,6,0,,,
7,99,True,0.240126,-1.4594,none,,,False,,7,0,,,
7,92,True,0.700396,0.9519,none,,,False,,7,0,,,
7,31,True,1.161659,3.0,none,,,False,,7,0,,,
7,53,True,0.490133,-0.1497,none,,,False,,7,0,,,
7,6,True,0.377812,-0.7381,none,,,False,,7,0,,,
7,10,True,0.487198,-0.165,none,,,False,,7,0,,,
7,55,True,0.370496,-0.7764,none,,,False,,7,0,,,
7,73,True,0.361046,-0.8259,none,,,False,,7,0,,,
7,42,True,0.532036,0.0699,none,,,False,,7,0,,,
7,9,True,0.50964,-0.0475,none,,,False,,7,0,,,
7,40,True,0.45487,-0.3344,none,,,False,,7,0,,,
7,25,True,0.598267,0.4168,none,,,False,,7,0,,,
7,48,True,0.861852,1.7977,none,,,False,,7,0,,,
7,58,True,0.524698,0.0314,none,,,False,,7,0,,,
7,88,True,0.3812,-0.7203,none,,,False,,7,0,,,
7,5,True,1.085587,2.9698,none,,,False,,7,0,,,
7,71,True,0.808556,1.5185,none,,,False,,7,0,,,
7,52,True,0.166764,-1.8437,none,,,False,,7,0,,,
7,1,True,0.906257,2.0303,none,,,False,,7,0,,,
7,77,True,0.910294,2.0515,none,,,False,,7,0,,,
7,97,True,0.582767,0.3356,none,,,False,,7,0,,,
7,45,True,0.782179,1.3803,none,,,False,,7,0,,,
7,14,True,0.323691,-1.0216,none,,,False,,7,0,,,
7,24,True,0.612153,0.4896,none,,,False,,7,0,,,
7,83,True,0.450294,-0.3584,none,,,False,,7,0,,,
7,70,True,0.223528,-1.5463,none,,,False,,7,0,,,
7,85,True,0.569436,0.2658,none,,,False,,7,0,,,
7,26,True,0.503737,-0.0784,none,,,False,,7,0,,,
7,2,True,0.505654,-0.0683,none,,,False,,7,0,,,
7,81,True,0.594421,0.3967,none,,,False,,7,0,,,
7,82,True,0.701215,0.9561,none,,,False,,7,0,,,
7,51,True,0.512702,-0.0314,none,,,False,,7,0,,,
7,60,True,0.638702,0.6287,none,,,False,,7,0,,,
7,56,True,0.524894,0.0324,none,,,False,,7,0,,,
7,76,True,0.335066,-0.962,none,,,False,,7,0,,,
7,90,True,0.460965,-0.3025,none,,,False,,7,0,,,
8,8,True,0.471976,-0.3061,none,,,False,,8,0,,,
8,28,True,0.676636,0.5108,none,,,False,,8,0,,,
8,70,True,0.200309,-1.3905,none,,,False,,8,0,,,
8,74,True,0.803447,1.017,none,,,False,,8,0,,,
8,76,True,0.285405,-1.0508,none,,,False,,8,0,,,
8,31,True,1.425496,3.0,none,,,False,,8,0,,,
8,87,True,0.75784,0.8349,none,,,False,,8,0,,,
8,86,True,0.527514,-0.0844,none,,,False,,8,0,,,
8,17,True,0.359739,-0.7541,none,,,False,,8,0,,,
8,20,True,0.906816,1.4296,none,,,False,,8,0,,,
8,33,True,0.572339,0.0945,none,,,False,,8,0,,,
8,13,True,1.053585,2.0154,none,,,False,,8,0,,,
8,51,True,0.60031,0.2061,none,,,False,,8,0,,,
8,78,True,0.881447,1.3283,none,,,False,,8,0,,,
8,94,True,0.585644,0.1476,none,,,False,,8,0,,,
8,75,True,0.39995,-0.5936,none,,,False,,8,0,,,
8,58,True,0.579158,0.1217,none,,,False,,8,0,,,
8,19,True,1.058695,2.0358,none,,,False,,8,0,,,
8,89,True,0.421148,-0.509,none,,,False,,8,0,,,
8,40,True,0.470219,-0.3131,none,,,False,,8,0,,,
8,15,True,0.741067,0.768,none,,,False,,8,0,,,
8,77,True,0.859562,1.241,none,,,False,,8,0,,,
8,39,True,0.318561,-0.9185,none,,,False,,8,0,,,
8,29,True,0.540874,-0.0311,none,,,False,,8,0,,,
8,92,True,0.556462,0.0311,none,,,False,,8,0,,,
8,44,True,0.80669,1.0299,none,,,False,,8,0,,,
8,97,True,0.421678,-0.5069,none,,,False,,8,0,,,
8,61,True,0.890321,1.3637,none,,,False,,8,0,,,
8,16,True,0.360645,-0.7505,none,,,False,,8,0,,,
8,24,True,0.525544,-0.0923,none,,,False,,8,0,,,
8,66,True,0.480411,-0.2725,none,,,False,,8,0,,,
8,7,True,0.448659,-0.3992,none,,,False,,8,0,,,
8,79,True,0.369349,-0.7158,none,,,False,,8,0,,,
8,67,True,0.400604,-0.591,none,,,False,,8,0,,,
8,5,True,0.993039,1.7738,none,,,False,,8,0,,,
8,18,True,0.390035,-0.6332,none,,,False,,8,0,,,
9,7,True,0.349573,-1.0411,none,,,False,,9,0,,,
9,79,True,0.169858,-2.1123,none,,,False,,9,0,,,
9,61,True,0.495329,-0.1723,none,,,False,,9,0,,,
9,41,True,0.352415,-1.0241,none,,,False,,9,0,,,
9,21,True,0.534413,0.0607,none,,,False,,9,0,,,
9,73,True,0.45009,-0.4419,none,,,False,,9,0,,,
9,83,True,0.527361,0.0187,none,,,False,,9,0,,,
9,8,True,0.406991,-0.6988,none,,,False,,9,0,,,
9,13,True,0.998483,2.8269,none,,,False,,9,0,,,
9,96,True,0.334337,-1.1319,none,,,False,,9,0,,,
9,76,True,0.491718,-0.1938,none,,,False,,9,0,,,
9,69,True,0.297494,-1.3515,none,,,False,,9,0,,,
9,53,True,0.626202,0.6079,none,,,False,,9,0,,,
9,19,True,0.748739,1.3383,none,,,False,,9,0,,,
9,28,True,0.49014,-0.2032,none,,,False,,9,0,,,
9,98,True,0.64029,0.6918,none,,,False,,9,0,,,
9,26,True,0.480382,-0.2613,none,,,False,,9,0,,,
9,71,True,0.582616,0.348,none,,,False,,9,0,,,
9,38,True,0.274404,-1.4891,none,,,False,,9,0,,,
9,67,True,0.481104,-0.257,none,,,False,,9,0,,,
9,63,True,0.565348,0.2451,none,,,False,,9,0,,,
9,37,True,0.521092,-0.0187,none,,,False,,9,0,,,
9,0,True,0.749905,1.3452,none,,,False,,9,0,,,
9,3,True,0.790159,1.5852,none,,,False,,9,0,,,
9,4,True,0.318056,-1.2289,none,,,False,,9,0,,,
9,75,True,0.501968,-0.1327,none,,,False,,9,0,,,
9,97,True,0.634472,0.6571,none,,,False,,9,0,,,
9,72,True,0.735725,1.2607,none,,,False,,9,0,,,
9,65,True,0.712134,1.1201,none,,,False,,9,0,,,
9,88,True,0.670266,0.8705,none,,,False,,9,0,,,
9,29,True,0.551783,0.1643,none,,,False,,9,0,,,
9,59,True,0.577369,0.3168,none,,,False,,9,0,,,
9,32,True,0.43413,-0.5371,none,,,False,,9,0,,,
9,74,True,0.713837,1.1302,none,,,False,,9,0,,,
9,57,True,0.670059,0.8693,none,,,False,,9,0,,,
9,93,True,0.436755,-0.5214,none,,,False,,9,0,,,
10,3,True,0.676666,1.5395,none,,,False,,10,0,,,
10,6,True,0.501074,0.1925,none,,,False,,10,0,,,
10,71,True,0.665074,1.4505,none,,,False,,10,0,,,
10,97,True,0.4652,-0.0826,none,,,False,,10,0,,,
10,73,True,0.274685,-1.544,none,,,False,,10,0,,,
10,58,True,0.656406,1.384,none,,,False,,10,0,,,
10,50,True,0.298712,-1.3597,none,,,False,,10,0,,,
10,15,True,0.815543,2.6047,none,,,False,,10,0,,,
10,37,True,0.329949,-1.1201,none,,,False,,10,0,,,
10,23,True,0.74331,2.0507,none,,,False,,10,0,,,
10,53,True,0.475078,-0.0069,none,,,False,,10,0,,,
10,43,True,0.407152,-0.5279,none,,,False,,10,0,,,
10,61,True,0.695656,1.6851,none,,,False,,10,0,,,
10,39,True,0.276125,-1.533,none,,,False,,10,0,,,
10,12,True,0.545408,0.5326,none,,,False,,10,0,,,
10,80,True,0.476866,0.0069,none,,,False,,10,0,,,
10,44,True,0.92213,3.0,none,,,False,,10,0,,,
10,52,True,0.571097,0.7297,none,,,False,,10,0,,,
10,85,True,0.631273,1.1913,none,,,False,,10,0,,,
10,79,True,0.319848,-1.1976,none,,,False,,10,0,,,
10,89,True,0.466422,-0.0732,none,,,False,,10,0,,,
10,59,True,0.464963,-0.0844,none,,,False,,10,0,,,
10,18,True,0.349679,-0.9687,none,,,False,,10,0,,,
10,78,True,0.896435,3.0,none,,,False,,10,0,,,
10,63,True,0.443505,-0.249,none,,,False,,10,0,,,
10,9,True,0.454104,-0.1677,none,,,False,,10,0,,,
10,91,True,0.550921,0.5749,none,,,False,,10,0,,,
10,99,True,0.352803,-0.9448,none,,,False,,10,0,,,
10,46,True,0.420487,-0.4256,none,,,False,,10,0,,,
10,33,True,0.487987,0.0922,none,,,False,,10,0,,,
10,86,True,0.48777,0.0905,none,,,False,,10,0,,,
10,93,True,0.483338,0.0565,none,,,False,,10,0,,,
10,62,True,0.823869,2.6686,none,,,False,,10,0,,,
10,66,True,0.441234,-0.2665,none,,,False,,10,0,,,
10,24,True,0.421771,-0.4158,none,,,False,,10,0,,,
10,90,True,0.395234,-0.6193,none,,,False,,10,0,,,
11,65,True,0.645564,0.315,none,,,False,,11,0,,,
11,85,True,0.628108,0.2445,none,,,False,,11,0,,,
11,96,True,0.073992,-1.9928,none,,,False,,11,0,,,
11,80,True,0.352952,-0.8665,none,,,False,,11,0,,,
11,92,True,0.735075,0.6764,none,,,False,,11,0,,,
11,84,True,0.608211,0.1642,none,,,False,,11,0,,,
11,61,True,0.763985,0.7931,none,,,False,,11,0,,,
11,17,True,0.343884,-0.9031,none,,,False,,11,0,,,
11,60,True,0.734138,0.6726,none,,,False,,11,0,,,
11,44,True,0.854012,1.1566,none,,,False,,11,0,,,
11,26,True,0.410391,-0.6346,none,,,False,,11,0,,,
11,62,True,0.654127,0.3495,none,,,False,,11,0,,,
11,95,True,1.270822,2.8395,none,,,False,,11,0,,,
11,34,True,0.845373,1.1217,none,,,False,,11,0,,,
11,35,True,0.818935,1.015,none,,,False,,11,0,,,
11,18,True,0.330469,-0.9572,none,,,False,,11,0,,,
11,9,True,0.381497,-0.7512,none,,,False,,11,0,,,
11,36,True,0.84121,1.1049,none,,,False,,11,0,,,
11,7,True,0.414112,-0.6195,none,,,False,,11,0,,,
11,40,True,0.490902,-0.3095,none,,,False,,11,0,,,
11,66,True,0.375062,-0.7772,none,,,False,,11,0,,,
11,68,True,0.91107,1.387,none,,,False,,11,0,,,
11,58,True,0.479172,-0.3568,none,,,False,,11,0,,,
11,51,True,0.538209,-0.1185,none,,,False,,11,0,,,
11,73,True,0.402528,-0.6663,none,,,False,,11,0,,,
11,99,True,0.302225,-1.0713,none,,,False,,11,0,,,
11,78,True,0.90827,1.3757,none,,,False,,11,0,,,
11,79,True,0.224194,-1.3863,none,,,False,,11,0,,,
11,30,True,0.596897,0.1185,none,,,False,,11,0,,,
11,48,True,0.682629,0.4646,none,,,False,,11,0,,,
11,63,True,0.475389,-0.3721,none,,,False,,11,0,,,
11,77,True,0.708066,0.5673,none,,,False,,11,0,,,
11,55,True,0.420103,-0.5953,none,,,False,,11,0,,,
11,10,True,0.64377,0.3077,none,,,False,,11,0,,,
11,70,True,0.173424,-1.5913,none,,,False,,11,0,,,
11,83,True,0.505816,-0.2493,none,,,False,,11,0,,,
12,69,True,0.288829,-1.0898,none,,,False,,12,0,,,
12,48,True,0.660572,0.5679,none,,,False,,12,0,,,
12,10,True,0.380941,-0.6791,none,,,False,,12,0,,,
12,4,True,0.342497,-0.8505,none,,,False,,12,0,,,
12,83,True,0.326295,-0.9228,none,,,False,,12,0,,,
12,54,True,0.379725,-0.6845,none,,,False,,12,0,,,
12,8,True,0.425923,-0.4785,none,,,False,,12,0,,,
12,0,True,0.626021,0.4138,none,,,False,,12,0,,,
12,84,True,0.527136,-0.0272,none,,,False,,12,0,,,
12,23,True,0.464706,-0.3056,none,,,False,,12,0,,,
12,34,True,0.565613,0.1444,none,,,False,,12,0,,,
12,39,True,0.370332,-0.7264,none,,,False,,12,0,,,
12,77,True,0.72389,0.8502,none,,,False,,12,0,,,
12,63,True,0.379001,-0.6877,none,,,False,,12,0,,,
12,49,True,0.612997,0.3557,none,,,False,,12,0,,,
12,99,True,0.315619,-0.9704,none,,,False,,12,0,,,
12,25,True,0.576734,0.194,none,,,False,,12,0,,,
12,33,True,0.539321,0.0272,none,,,False,,12,0,,,
12,37,True,0.467141,-0.2947,none,,,False,,12,0,,,
12,35,True,0.793892,1.1624,none,,,False,,12,0,,,
12,7,True,0.47752,-0.2484,none,,,False,,12,0,,,
12,79,True,0.302746,-1.0278,none,,,False,,12,0,,,
12,2,True,0.60909,0.3383,none,,,False,,12,0,,,
12,27,True,1.054023,2.3224,none,,,False,,12,0,,,
12,65,True,0.730177,0.8783,none,,,False,,12,0,,,
12,82,True,0.58374,0.2252,none,,,False,,12,0,,,
12,92,True,0.593746,0.2699,none,,,False,,12,0,,,
12,66,True,0.420578,-0.5023,none,,,False,,12,0,,,
12,36,True,0.749389,0.9639,none,,,False,,12,0,,,
12,1,True,0.855146,1.4355,none,,,False,,12,0,,,
12,40,True,0.32854,-0.9128,none,,,False,,12,0,,,
12,44,True,0.716573,0.8176,none,,,False,,12,0,,,
12,41,True,0.313843,-0.9783,none,,,False,,12,0,,,
12,76,True,0.383005,-0.6699,none,,,False,,12,0,,,
12,64,True,0.570412,0.1658,none,,,False,,12,0,,,
12,32,True,0.554828,0.0963,none,,,False,,12,0,,,
13,65,True,0.670734,0.6649,none,,,False,,13,0,,,
13,80,True,0.398114,-0.7674,none,,,False,,13,0,,,
13,47,True,0.567357,0.1217,none,,,False,,13,0,,,
13,8,True,0.576892,0.1718,none,,,False,,13,0,,,
13,97,True,0.483207,-0.3204,none,,,False,,13,0,,,
13,91,True,0.472906,-0.3745,none,,,False,,13,0,,,
13,83,True,0.354682,-0.9956,none,,,False,,13,0,,,
13,70,True,0.19804,-1.8185,none,,,False,,13,0,,,
13,58,True,0.489798,-0.2857,none,,,False,,13,0,,,
13,48,True,0.727668,0.964,none,,,False,,13,0,,,
13,84,True,0.413965,-0.6841,none,,,False,,13,0,,,
13,10,True,0.642347,0.5157,none,,,False,,13,0,,,
13,14,True,0.31671,-1.1951,none,,,False,,13,0,,,
13,9,True,0.43231,-0.5877,none,,,False,,13,0,,,
13,89,True,0.499293,-0.2358,none,,,False,,13,0,,,
13,4,True,0.260497,-1.4904,none,,,False,,13,0,,,
13,19,True,0.995898,2.3732,none,,,False,,13,0,,,
13,71,True,0.564203,0.1052,none,,,False,,13,0,,,
13,54,True,0.397545,-0.7704,none,,,False,,13,0,,,
13,5,True,1.252865,3.0,none,,,False,,13,0,,,
13,37,True,0.351484,-1.0124,none,,,False,,13,0,,,
13,16,True,0.302487,-1.2698,none,,,False,,13,0,,,
13,78,True,0.899614,1.8673,none,,,False,,13,0,,,
13,99,True,0.35763,-0.9801,none,,,False,,13,0,,,
13,67,True,0.524163,-0.1052,none,,,False,,13,0,,,
13,49,True,0.47054,-0.3869,none,,,False,,13,0,,,
13,15,True,0.664032,0.6296,none,,,False,,13,0,,,
13,64,True,0.605369,0.3214,none,,,False,,13,0,,,
13,3,True,0.652467,0.5689,none,,,False,,13,0,,,
13,60,True,0.585781,0.2185,none,,,False,,13,0,,,
13,42,True,0.487104,-0.2999,none,,,False,,13,0,,,
13,36,True,0.708893,0.8653,none,,,False,,13,0,,,
13,44,True,1.005574,2.424,none,,,False,,13,0,,,
13,57,True,0.777092,1.2236,none,,,False,,13,0,,,
13,68,True,0.778309,1.23,none,,,False,,13,0,,,
13,62,True,0.576171,0.1681,none,,,False,,13,0,,,
14,97,True,0.446608,-0.3259,none,,,False,,14,0,,,
14,40,True,0.409645,-0.5127,none,,,False,,14,0,,,
14,89,True,0.3238,-0.9465,none,,,False,,14,0,,,
14,33,True,0.545558,0.1741,none,,,False,,14,0,,,
14,39,True,0.359464,-0.7663,none,,,False,,14,0,,,
14,76,True,0.401576,-0.5535,none,,,False,,14,0,,,
14,82,True,0.477053,-0.172,none,,,False,,14,0,,,
14,63,True,0.53298,0.1106,none,,,False,,14,0,,,
14,80,True,0.484031,-0.1368,none,,,False,,14,0,,,
14,28,True,0.674626,0.8263,none,,,False,,14,0,,,
14,75,True,0.439514,-0.3617,none,,,False,,14,0,,,
14,72,True,0.552711,0.2103,none,,,False,,14,0,,,
14,25,True,0.515271,0.0211,none,,,False,,14,0,,,
14,79,True,0.28246,-1.1554,none,,,False,,14,0,,,
14,59,True,0.358467,-0.7713,none,,,False,,14,0,,,
14,19,True,0.964415,2.2907,none,,,False,,14,0,,,
14,62,True,0.737047,1.1418,none,,,False,,14,0,,,
14,85,True,0.73426,1.1277,none,,,False,,14,0,,,
14,16,True,0.339859,-0.8653,none,,,False,,14,0,,,
14,20,True,0.927013,2.1017,none,,,False,,14,0,,,
14,36,True,0.800162,1.4607,none,,,False,,14,0,,,
14,10,True,0.506928,-0.0211,none,,,False,,14,0,,,
14,87,True,0.830165,1.6123,none,,,False,,14,0,,,
14,48,True,0.637504,0.6388,none,,,False,,14,0,,,
14,38,True,0.379946,-0.6628,none,,,False,,14,0,,,
14,9,True,0.375303,-0.6862,none,,,False,,14,0,,,
14,88,True,0.412777,-0.4969,none,,,False,,14,0,,,
14,51,True,0.572665,0.3111,none,,,False,,14,0,,,
14,94,True,0.488592,-0.1137,none,,,False,,14,0,,,
14,56,True,0.298178,-1.076,none,,,False,,14,0,,,
14,57,True,0.720304,1.0572,none,,,False,,14,0,,,
14,41,True,0.302955,-1.0518,none,,,False,,14,0,,,
14,8,True,0.536724,0.1295,none,,,False,,14,0,,,
14,12,True,0.710549,1.0079,none,,,False,,14,0,,,
14,29,True,0.595937,0.4287,none,,,False,,14,0,,,
14,11,True,0.749929,1.2069,none,,,False,,14,0,,,
15,78,True,0.991613,2.4412,none,,,False,,15,0,,,
15,41,True,0.350929,-1.0749,none,,,False,,15,0,,,
15,27,True,0.774827,1.2515,none,,,False,,15,0,,,
15,10,True,0.670332,0.678,none,,,False,,15,0,,,
15,39,True,0.263126,-1.5568,none,,,False,,15,0,,,
15,94,True,0.582695,0.197,none,,,False,,15,0,,,
15,21,True,0.662355,0.6342,none,,,False,,15,0,,,
15,44,True,0.971516,2.3309,none,,,False,,15,0,,,
15,55,True,0.342242,-1.1226,none,,,False,,15,0,,,
15,26,True,0.55204,0.0288,none,,,False,,15,0,,,
15,7,True,0.46576,-0.4447,none,,,False,,15,0,,,
15,80,True,0.581154,0.1886,none,,,False,,15,0,,,
15,99,True,0.356354,-1.0451,none,,,False,,15,0,,,
15,53,True,0.546991,0.0011,none,,,False,,15,0,,,
15,69,True,0.424532,-0.671,none,,,False,,15,0,,,
15,5,True,1.092306,2.9939,none,,,False,,15,0,,,
15,95,True,1.683223,3.0,none,,,False,,15,0,,,
15,93,True,0.502836,-0.2412,none,,,False,,15,0,,,
15,70,True,0.134602,-2.2622,none,,,False,,15,0,,,
15,66,True,0.451173,-0.5248,none,,,False,,15,0,,,
15,24,True,0.455763,-0.4996,none,,,False,,15,0,,,
15,79,True,0.20099,-1.8978,none,,,False,,15,0,,,
15,40,True,0.461752,-0.4667,none,,,False,,15,0,,,
15,65,True,0.648394,0.5576,none,,,False,,15,0,,,
15,72,True,0.546592,-0.0011,none,,,False,,15,0,,,
15,20,True,0.631565,0.4652,none,,,False,,15,0,,,
15,33,True,0.425602,-0.6651,none,,,False,,15,0,,,
15,76,True,0.419843,-0.6967,none,,,False,,15,0,,,
15,34,True,0.679898,0.7305,none,,,False,,15,0,,,
15,6,True,0.447046,-0.5474,none,,,False,,15,0,,,
15,43,True,0.275818,-1.4871,none,,,False,,15,0,,,
15,35,True,0.736249,1.0398,none,,,False,,15,0,,,
15,9,True,0.352166,-1.0681,none,,,False,,15,0,,,
15,3,True,0.579582,0.18,none,,,False,,15,0,,,
15,57,True,0.6154,0.3765,none,,,False,,15,0,,,
15,81,True,0.717117,0.9348,none,,,False,,15,0,,,
16,16,True,0.301138,-1.027,none,,,False,,16,0,,,
16,99,True,0.252676,-1.2579,none,,,False,,16,0,,,
16,73,True,0.252669,-1.2579,none,,,False,,16,0,,,
16,57,True,0.642481,0.5994,none,,,False,,16,0,,,
16,46,True,0.363983,-0.7276,none,,,False,,16,0,,,
16,66,True,0.411437,-0.5015,none,,,False,,16,0,,,
16,42,True,0.577678,0.2906,none,,,False,,16,0,,,
16,40,True,0.447401,-0.3301,none,,,False,,16,0,,,
16,95,True,1.166051,3.0,none,,,False,,16,0,,,
16,45,True,0.70277,0.8867,none,,,False,,16,0,,,
16,34,True,0.695104,0.8501,none,,,False,,16,0,,,
16,76,True,0.38209,-0.6413,none,,,False,,16,0,,,
16,68,True,1.073016,2.6508,none,,,False,,16,0,,,
16,22,True,0.643829,0.6058,none,,,False,,16,0,,,
16,86,True,0.531999,0.073,none,,,False,,16,0,,,
16,36,True,0.887401,1.7664,none,,,False,,16,0,,,
16,25,True,0.591462,0.3563,none,,,False,,16,0,,,
16,38,True,0.356516,-0.7631,none,,,False,,16,0,,,
16,32,True,0.582966,0.3158,none,,,False,,16,0,,,
16,75,True,0.479053,-0.1793,none,,,False,,16,0,,,
16,71,True,0.732069,1.0263,none,,,False,,16,0,,,
16,98,True,0.368154,-0.7077,none,,,False,,16,0,,,
16,88,True,0.384517,-0.6297,none,,,False,,16,0,,,
16,7,True,0.436906,-0.3801,none,,,False,,16,0,,,
16,0,True,0.501363,-0.073,none,,,False,,16,0,,,
16,14,True,0.352921,-0.7803,none,,,False,,16,0,,,
16,78,True,0.760994,1.1641,none,,,False,,16,0,,,
16,61,True,0.902068,1.8363,none,,,False,,16,0,,,
16,30,True,0.597818,0.3866,none,,,False,,16,0,,,
16,77,True,0.98316,2.2226,none,,,False,,16,0,,,
16,54,True,0.290372,-1.0783,none,,,False,,16,0,,,
16,4,True,0.425777,-0.4331,none,,,False,,16,0,,,
16,12,True,0.639581,0.5856,none,,,False,,16,0,,,
16,47,True,0.536881,0.0962,none,,,False,,16,0,,,
16,96,True,0.269724,-1.1767,none,,,False,,16,0,,,
16,80,True,0.41333,-0.4924,none,,,False,,16,0,,,
17,25,True,0.511331,-0.3076,none,,,False,,17,0,,,
17,24,True,0.429198,-0.7123,none,,,False,,17,0,,,
17,34,True,0.641126,0.3321,none,,,False,,17,0,,,
17,40,True,0.412188,-0.7962,none,,,False,,17,0,,,
17,62,True,0.858046,1.4011,none,,,False,,17,0,,,
17,35,True,0.879728,1.508,none,,,False,,17,0,,,
17,73,True,0.167296,-2.003,none,,,False,,17,0,,,
17,77,True,0.852828,1.3754,none,,,False,,17,0,,,
17,2,True,0.705532,0.6495,none,,,False,,17,0,,,
17,83,True,0.417857,-0.7682,none,,,False,,17,0,,,
17,63,True,0.70847,0.664,none,,,False,,17,0,,,
17,10,True,0.652465,0.388,none,,,False,,17,0,,,
17,72,True,0.293672,-1.3802,none,,,False,,17,0,,,
17,90,True,0.333745,-1.1827,none,,,False,,17,0,,,
17,87,True,1.016357,2.1813,none,,,False,,17,0,,,
17,49,True,0.544057,-0.1463,none,,,False,,17,0,,,
17,60,True,0.647089,0.3615,none,,,False,,17,0,,,
17,33,True,0.473747,-0.4928,none,,,False,,17,0,,,
17,92,True,0.603424,0.1463,none,,,False,,17,0,,,
17,51,True,0.649898,0.3753,none,,,False,,17,0,,,
17,53,True,0.541892,-0.157,none,,,False,,17,0,,,
17,36,True,0.434743,-0.685,none,,,False,,17,0,,,
17,9,True,0.500543,-0.3607,none,,,False,,17,0,,,
17,38,True,0.512745,-0.3006,none,,,False,,17,0,,,
17,96,True,0.543116,-0.1509,none,,,False,,17,0,,,
17,48,True,0.907589,1.6453,none,,,False,,17,0,,,
17,44,True,0.85419,1.3821,none,,,False,,17,0,,,
17,74,True,0.678221,0.5149,none,,,False,,17,0,,,
17,89,True,0.614473,0.2007,none,,,False,,17,0,,,
17,71,True,0.697999,0.6124,none,,,False,,17,0,,,
17,23,True,0.37553,-0.9768,none,,,False,,17,0,,,
17,39,True,0.270556,-1.4941,none,,,False,,17,0,,,
17,58,True,0.716098,0.7016,none,,,False,,17,0,,,
17,47,True,0.416473,-0.775,none,,,False,,17,0,,,
17,66,True,0.402628,-0.8433,none,,,False,,17,0,,,
17,29,True,0.693144,0.5884,none,,,False,,17,0,,,
18,96,True,0.368675,-1.0541,none,,,False,,18,0,,,
18,80,True,0.541754,0.0503,none,,,False,,18,0,,,
18,68,True,0.605084,0.4544,none,,,False,,18,0,,,
18,72,True,0.659719,0.803,none,,,False,,18,0,,,
18,8,True,0.577055,0.2755,none,,,False,,18,0,,,
18,87,True,0.530197,-0.0235,none,,,False,,18,0,,,
18,61,True,0.746068,1.354,none,,,False,,18,0,,,
18,37,True,0.294849,-1.5252,none,,,False,,18,0,,,
18,28,True,0.532502,-0.0087,none,,,False,,18,0,,,
18,13,True,1.353037,3.0,none,,,False,,18,0,,,
18,98,True,0.533222,-0.0041,none,,,False,,18,0,,,
18,53,True,0.724833,1.2185,none,,,False,,18,0,,,
18,76,True,0.523236,-0.0679,none,,,False,,18,0,,,
18,46,True,0.401488,-0.8447,none,,,False,,18,0,,,
18,42,True,0.713438,1.1458,none,,,False,,18,0,,,
18,50,True,0.372592,-1.0291,none,,,False,,18,0,,,
18,3,True,0.440754,-0.5942,none,,,False,,18,0,,,
18,9,True,0.265137,-1.7148,none,,,False,,18,0,,,
18,25,True,0.428638,-0.6715,none,,,False,,18,0,,,
18,65,True,0.75637,1.4197,none,,,False,,18,0,,,
18,58,True,0.436249,-0.6229,none,,,False,,18,0,,,
18,33,True,0.606539,0.4637,none,,,False,,18,0,,,
18,32,True,0.482388,-0.3285,none,,,False,,18,0,,,
18,64,True,0.540704,0.0436,none,,,False,,18,0,,,
18,52,True,0.618752,0.5416,none,,,False,,18,0,,,
18,83,True,0.648724,0.7329,none,,,False,,18,0,,,
18,18,True,0.370435,-1.0429,none,,,False,,18,0,,,
18,75,True,0.534522,0.0041,none,,,False,,18,0,,,
18,5,True,0.623706,0.5732,none,,,False,,18,0,,,
18,0,True,0.729099,1.2457,none,,,False,,18,0,,,
18,54,True,0.515569,-0.1168,none,,,False,,18,0,,,
18,43,True,0.198125,-2.1424,none,,,False,,18,0,,,
18,92,True,0.587789,0.344,none,,,False,,18,0,,,
18,49,True,0.427696,-0.6775,none,,,False,,18,0,,,
18,11,True,0.339255,-1.2418,none,,,False,,18,0,,,
18,34,True,0.728576,1.2424,none,,,False,,18,0,,,
19,42,True,0.294126,-0.8539,none,,,False,,19,0,,,
19,47,True,0.451464,-0.1672,none,,,False,,19,0,,,
19,49,True,0.495274,0.0241,none,,,False,,19,0,,,
19,39,True,0.258947,-1.0075,none,,,False,,19,0,,,
19,70,True,0.184558,-1.3322,none,,,False,,19,0,,,
19,55,True,0.460691,-0.1269,none,,,False,,19,0,,,
19,98,True,0.44509,-0.195,none,,,False,,19,0,,,
19,0,True,0.39573,-0.4104,none,,,False,,19,0,,,
19,89,True,0.508662,0.0825,none,,,False,,19,0,,,
19,56,True,0.655226,0.7223,none,,,False,,19,0,,,
19,34,True,0.72753,1.0379,none,,,False,,19,0,,,
19,17,True,0.328054,-0.7058,none,,,False,,19,0,,,
19,22,True,0.475879,-0.0606,none,,,False,,19,0,,,
19,61,True,0.539313,0.2163,none,,,False,,19,0,,,
19,2,True,0.693713,0.8902,none,,,False,,19,0,,,
19,85,True,0.598636,0.4752,none,,,False,,19,0,,,
19,21,True,0.578435,0.3871,none,,,False,,19,0,,,
19,45,True,0.637102,0.6431,none,,,False,,19,0,,,
19,77,True,0.779543,1.2649,none,,,False,,19,0,,,
19,66,True,0.473803,-0.0697,none,,,False,,19,0,,,
19,23,True,0.69737,0.9062,none,,,False,,19,0,,,
19,81,True,0.264081,-0.9851,none,,,False,,19,0,,,
19,57,True,0.744545,1.1121,none,,,False,,19,0,,,
19,80,True,0.500169,0.0454,none,,,False,,19,0,,,
19,27,True,0.874855,1.6809,none,,,False,,19,0,,,
19,86,True,0.484246,-0.0241,none,,,False,,19,0,,,
19,87,True,0.964664,2.0729,none,,,False,,19,0,,,
19,79,True,0.446945,-0.1869,none,,,False,,19,0,,,
19,3,True,0.725258,1.0279,none,,,False,,19,0,,,
19,50,True,0.286395,-0.8877,none,,,False,,19,0,,,
19,76,True,0.318146,-0.7491,none,,,False,,19,0,,,
19,35,True,0.927948,1.9127,none,,,False,,19,0,,,
19,83,True,0.381839,-0.4711,none,,,False,,19,0,,,
19,62,True,0.765882,1.2053,none,,,False,,19,0,,,
19,7,True,0.393766,-0.419,none,,,False,,19,0,,,
19,96,True,0.465174,-0.1073,none,,,False,,19,0,,,
20,51,True,0.588324,0.5965,none,,,False,,20,0,,,
20,27,True,0.799074,2.0372,none,,,False,,20,0,,,
20,99,True,0.285494,-1.4737,none,,,False,,20,0,,,
20,3,True,0.420904,-0.548,none,,,False,,20,0,,,
20,97,True,0.631718,0.8931,none,,,False,,20,0,,,
20,24,True,0.675952,1.1955,none,,,False,,20,0,,,
20,98,True,0.509095,0.0548,none,,,False,,20,0,,,
20,75,True,0.417113,-0.574,none,,,False,,20,0,,,
20,39,True,0.258352,-1.6593,none,,,False,,20,0,,,
20,78,True,0.892247,2.6741,none,,,False,,20,0,,,
20,77,True,0.812554,2.1293,none,,,False,,20,0,,,
20,1,True,0.63602,0.9225,none,,,False,,20,0,,,
20,29,True,0.555554,0.3724,none,,,False,,20,0,,,
20,5,True,0.876449,2.5661,none,,,False,,20,0,,,
20,91,True,0.572365,0.4874,none,,,False,,20,0,,,
20,26,True,0.417545,-0.571,none,,,False,,20,0,,,
20,33,True,0.493052,-0.0548,none,,,False,,20,0,,,
20,37,True,0.492688,-0.0573,none,,,False,,20,0,,,
20,87,True,0.465676,-0.242,none,,,False,,20,0,,,
20,63,True,0.438618,-0.427,none,,,False,,20,0,,,
20,81,True,0.604077,0.7041,none,,,False,,20,0,,,
20,35,True,0.777704,1.8911,none,,,False,,20,0,,,
20,38,True,0.332293,-1.1538,none,,,False,,20,0,,,
20,88,True,0.531238,0.2062,none,,,False,,20,0,,,
20,79,True,0.390649,-0.7549,none,,,False,,20,0,,,
20,94,True,0.449818,-0.3504,none,,,False,,20,0,,,
20,15,True,0.699827,1.3587,none,,,False,,20,0,,,
20,53,True,0.591349,0.6171,none,,,False,,20,0,,,
20,69,True,0.377374,-0.8456,none,,,False,,20,0,,,
20,44,True,0.886044,2.6317,none,,,False,,20,0,,,
20,7,True,0.384467,-0.7971,none,,,False,,20,0,,,
20,96,True,0.383287,-0.8052,none,,,False,,20,0,,,
20,47,True,0.595401,0.6448,none,,,False,,20,0,,,
20,6,True,0.475541,-0.1745,none,,,False,,20,0,,,
20,80,True,0.47604,-0.1711,none,,,False,,20,0,,,
20,9,True,0.472292,-0.1967,none,,,False,,20,0,,,
21,12,True,0.79868,1.0692,none,,,False,,21,0,,,
21,56,True,0.49814,-0.2999,none,,,False,,21,0,,,
21,44,True,0.676807,0.514,none,,,False,,21,0,,,
21,17,True,0.36482,-0.9073,none,,,False,,21,0,,,
21,13,True,1.058176,2.2514,none,,,False,,21,0,,,
21,35,True,0.865406,1.3732,none,,,False,,21,0,,,
21,47,True,0.70663,0.6499,none,,,False,,21,0,,,
21,43,True,0.267529,-1.3505,none,,,False,,21,0,,,
21,14,True,0.302379,-1.1917,none,,,False,,21,0,,,
21,39,True,0.328196,-1.0741,none,,,False,,21,0,,,
21,61,True,0.78992,1.0293,none,,,False,,21,0,,,
21,81,True,0.786718,1.0147,none,,,False,,21,0,,,
21,66,True,0.576364,0.0564,none,,,False,,21,0,,,
21,88,True,0.502463,-0.2802,none,,,False,,21,0,,,
21,95,True,1.644068,3.0,none,,,False,,21,0,,,
21,64,True,0.417059,-0.6693,none,,,False,,21,0,,,
21,57,True,0.678225,0.5205,none,,,False,,21,0,,,
21,4,True,0.232778,-1.5088,none,,,False,,21,0,,,
21,85,True,0.688037,0.5652,none,,,False,,21,0,,,
21,24,True,0.625818,0.2817,none,,,False,,21,0,,,
21,25,True,0.416271,-0.6729,none,,,False,,21,0,,,
21,80,True,0.577469,0.0615,none,,,False,,21,0,,,
21,68,True,0.682371,0.5394,none,,,False,,21,0,,,
21,26,True,0.427338,-0.6225,none,,,False,,21,0,,,
21,27,True,0.801992,1.0843,none,,,False,,21,0,,,
21,34,True,0.540952,-0.1049,none,,,False,,21,0,,,
21,45,True,0.691789,0.5823,none,,,False,,21,0,,,
21,38,True,0.288773,-1.2537,none,,,False,,21,0,,,
21,9,True,0.344867,-0.9982,none,,,False,,21,0,,,
21,65,True,0.636629,0.331,none,,,False,,21,0,,,
21,58,True,0.415562,-0.6761,none,,,False,,21,0,,,
21,3,True,0.458447,-0.4807,none,,,False,,21,0,,,
21,53,True,0.373569,-0.8674,none,,,False,,21,0,,,
21,19,True,0.858389,1.3412,none,,,False,,21,0,,,
21,8,True,0.551588,-0.0564,none,,,False,,21,0,,,
21,6,True,0.338019,-1.0294,none,,,False,,21,0,,,
22,67,True,0.55177,0.3934,none,,,False,,22,0,,,
22,43,True,0.420379,-0.3337,none,,,False,,22,0,,,
22,73,True,0.360349,-0.6658,none,,,False,,22,0,,,
22,24,True,0.264023,-1.1989,none,,,False,,22,0,,,
22,80,True,0.513635,0.1824,none,,,False,,22,0,,,
22,61,True,0.755763,1.5222,none,,,False,,22,0,,,
22,39,True,0.200037,-1.5529,none,,,False,,22,0,,,
22,84,True,0.561679,0.4483,none,,,False,,22,0,,,
22,56,True,0.52857,0.265,none,,,False,,22,0,,,
22,55,True,0.466738,-0.0771,none,,,False,,22,0,,,
22,63,True,0.54558,0.3592,none,,,False,,22,0,,,
22,82,True,0.516176,0.1965,none,,,False,,22,0,,,
22,27,True,0.902527,2.3344,none,,,False,,22,0,,,
22,45,True,0.316343,-0.9093,none,,,False,,22,0,,,
22,33,True,0.465422,-0.0844,none,,,False,,22,0,,,
22,46,True,0.333255,-0.8158,none,,,False,,22,0,,,
22,28,True,0.369657,-0.6143,none,,,False,,22,0,,,
22,86,True,0.333773,-0.8129,none,,,False,,22,0,,,
22,4,True,0.34669,-0.7414,none,,,False,,22,0,,,
22,17,True,0.357221,-0.6831,none,,,False,,22,0,,,
22,1,True,0.922006,2.4422,none,,,False,,22,0,,,
22,81,True,0.595294,0.6343,none,,,False,,22,0,,,
22,19,True,0.872702,2.1693,none,,,False,,22,0,,,
22,78,True,0.737213,1.4196,none,,,False,,22,0,,,
22,70,True,0.15871,-1.7816,none,,,False,,22,0,,,
22,14,True,0.367335,-0.6272,none,,,False,,22,0,,,
22,99,True,0.336363,-0.7986,none,,,False,,22,0,,,
22,59,True,0.648604,0.9293,none,,,False,,22,0,,,
22,21,True,0.619205,0.7666,none,,,False,,22,0,,,
22,38,True,0.389446,-0.5048,none,,,False,,22,0,,,
22,42,True,0.408895,-0.3972,none,,,False,,22,0,,,
22,98,True,0.596341,0.6401,none,,,False,,22,0,,,
22,22,True,0.609228,0.7114,none,,,False,,22,0,,,
22,18,True,0.433275,-0.2623,none,,,False,,22,0,,,
22,31,True,1.305513,3.0,none,,,False,,22,0,,,
22,29,True,0.49461,0.0771,none,,,False,,22,0,,,
23,63,True,0.411798,-0.1933,none,,,False,,23,0,,,
23,68,True,0.49195,0.2225,none,,,False,,23,0,,,
23,24,True,0.463458,0.0747,none,,,False,,23,0,,,
23,72,True,0.50341,0.282,none,,,False,,23,0,,,
23,97,True,0.579955,0.679,none,,,False,,23,0,,,
23,37,True,0.374978,-0.3843,none,,,False,,23,0,,,
23,70,True,0.125841,-1.6766,none,,,False,,23,0,,,
23,2,True,0.305448,-0.745,none,,,False,,23,0,,,
23,1,True,0.80517,1.8473,none,,,False,,23,0,,,
23,42,True,0.400208,-0.2534,none,,,False,,23,0,,,
23,11,True,0.578206,0.67,none,,,False,,23,0,,,
23,61,True,0.600712,0.7867,none,,,False,,23,0,,,
23,16,True,0.246618,-1.0501,none,,,False,,23,0,,,
23,27,True,0.861025,2.1371,none,,,False,,23,0,,,
23,49,True,0.282807,-0.8624,none,,,False,,23,0,,,
23,18,True,0.411028,-0.1973,none,,,False,,23,0,,,
23,5,True,0.897275,2.3251,none,,,False,,23,0,,,
23,84,True,0.431199,-0.0926,none,,,False,,23,0,,,
23,86,True,0.501821,0.2737,none,,,False,,23,0,,,
23,60,True,0.745328,1.5369,none,,,False,,23,0,,,
23,35,True,0.741957,1.5194,none,,,False,,23,0,,,
23,43,True,0.25044,-1.0303,none,,,False,,23,0,,,
23,96,True,0.43266,-0.0851,none,,,False,,23,0,,,
23,82,True,0.444878,-0.0217,none,,,False,,23,0,,,
23,32,True,0.274495,-0.9055,none,,,False,,23,0,,,
23,64,True,0.453234,0.0217,none,,,False,,23,0,,,
23,9,True,0.357821,-0.4733,none,,,False,,23,0,,,
23,66,True,0.513753,0.3356,none,,,False,,23,0,,,
23,7,True,0.361315,-0.4551,none,,,False,,23,0,,,
23,30,True,0.206237,-1.2596,none,,,False,,23,0,,,
23,26,True,0.308343,-0.7299,none,,,False,,23,0,,,
23,78,True,0.987011,2.7906,none,,,False,,23,0,,,
23,65,True,0.62462,0.9107,none,,,False,,23,0,,,
23,55,True,0.455632,0.0341,none,,,False,,23,0,,,
23,73,True,0.348663,-0.5208,none,,,False,,23,0,,,
23,36,True,0.631469,0.9462,none,,,False,,23,0,,,
24,75,True,0.417127,-0.6628,none,,,False,,24,0,,,
24,11,True,0.501649,-0.1544,none,,,False,,24,0,,,
24,33,True,0.328248,-1.1975,none,,,False,,24,0,,,
24,94,True,0.583953,0.3406,none,,,False,,24,0,,,
24,13,True,0.934942,2.4518,none,,,False,,24,0,,,
24,12,True,0.50346,-0.1436,none,,,False,,24,0,,,
24,35,True,0.804293,1.666,none,,,False,,24,0,,,
24,73,True,0.336897,-1.1454,none,,,False,,24,0,,,
24,52,True,0.622017,0.5696,none,,,False,,24,0,,,
24,19,True,0.573866,0.2799,none,,,False,,24,0,,,
24,67,True,0.527173,-0.0009,none,,,False,,24,0,,,
24,56,True,0.556654,0.1764,none,,,False,,24,0,,,
24,1,True,0.772959,1.4775,none,,,False,,24,0,,,
24,22,True,0.431477,-0.5765,none,,,False,,24,0,,,
24,91,True,0.527479,0.0009,none,,,False,,24,0,,,
24,27,True,0.63846,0.6685,none,,,False,,24,0,,,
24,78,True,0.916941,2.3435,none,,,False,,24,0,,,
24,50,True,0.268593,-1.5563,none,,,False,,24,0,,,
24,38,True,0.386952,-0.8444,none,,,False,,24,0,,,
24,44,True,0.482628,-0.2689,none,,,False,,24,0,,,
24,51,True,0.579998,0.3168,none,,,False,,24,0,,,
24,15,True,0.453867,-0.4419,none,,,False,,24,0,,,
24,98,True,0.458147,-0.4161,none,,,False,,24,0,,,
24,57,True,0.518368,-0.0539,none,,,False,,24,0,,,
24,74,True,0.82034,1.7625,none,,,False,,24,0,,,
24,26,True,0.348911,-1.0732,none,,,False,,24,0,,,
24,95,True,1.617728,3.0,none,,,False,,24,0,,,
24,10,True,0.664294,0.8239,none,,,False,,24,0,,,
24,42,True,0.414191,-0.6805,none,,,False,,24,0,,,
24,17,True,0.398075,-0.7774,none,,,False,,24,0,,,
24,20,True,0.771206,1.4669,none,,,False,,24,0,,,
24,77,True,0.676789,0.899,none,,,False,,24,0,,,
24,3,True,0.537148,0.0591,none,,,False,,24,0,,,
24,4,True,0.298966,-1.3736,none,,,False,,24,0,,,
24,53,True,0.471914,-0.3333,none,,,False,,24,0,,,
24,23,True,0.830512,1.8237,none,,,False,,24,0,,,
25,49,True,0.37037,-0.5529,none,,,False,,25,0,,,
25,7,True,0.345581,-0.6948,none,,,False,,25,0,,,
25,62,True,0.744003,1.585,none,,,False,,25,0,,,
25,64,True,0.43773,-0.1675,none,,,False,,25,0,,,
25,82,True,0.525886,0.3369,none,,,False,,25,0,,,
25,65,True,0.641072,0.996,none,,,False,,25,0,,,
25,56,True,0.218304,-1.423,none,,,False,,25,0,,,
25,67,True,0.537809,0.4052,none,,,False,,25,0,,,
25,16,True,0.219078,-1.4186,none,,,False,,25,0,,,
25,14,True,0.309647,-0.9004,none,,,False,,25,0,,,
25,60,True,0.751708,1.6291,none,,,False,,25,0,,,
25,32,True,0.047689,-2.3993,none,,,False,,25,0,,,
25,33,True,0.294443,-0.9874,none,,,False,,25,0,,,
25,96,True,0.135008,-1.8997,none,,,False,,25,0,,,
25,50,True,0.270967,-1.1217,none,,,False,,25,0,,,
25,0,True,0.581335,0.6542,none,,,False,,25,0,,,
25,9,True,0.512015,0.2576,none,,,False,,25,0,,,
25,92,True,0.753082,1.6369,none,,,False,,25,0,,,
25,66,True,0.38411,-0.4743,none,,,False,,25,0,,,
25,45,True,0.457108,-0.0566,none,,,False,,25,0,,,
25,76,True,0.43015,-0.2109,none,,,False,,25,0,,,
25,29,True,0.549284,0.4708,none,,,False,,25,0,,,
25,54,True,0.460146,-0.0392,none,,,False,,25,0,,,
25,97,True,0.495085,0.1607,none,,,False,,25,0,,,
25,83,True,0.265893,-1.1507,none,,,False,,25,0,,,
25,39,True,0.333388,-0.7645,none,,,False,,25,0,,,
25,61,True,0.573821,0.6112,none,,,False,,25,0,,,
25,86,True,0.473855,0.0392,none,,,False,,25,0,,,
25,48,True,0.703092,1.3509,none,,,False,,25,0,,,
25,81,True,0.597205,0.745,none,,,False,,25,0,,,
25,94,True,0.548755,0.4678,none,,,False,,25,0,,,
25,24,True,0.514389,0.2712,none,,,False,,25,0,,,
25,59,True,0.611295,0.8256,none,,,False,,25,0,,,
25,20,True,0.572988,0.6065,none,,,False,,25,0,,,
25,70,True,0.184893,-1.6142,none,,,False,,25,0,,,
25,41,True,0.363622,-0.5915,none,,,False,,25,0,,,
26,31,True,0.918327,1.6461,none,,,False,,26,0,0.222,3.189,
26,95,True,1.40618,3.0,none,,,False,,26,0,0.1951,3.189,
26,13,True,0.998168,2.0815,none,,,False,,26,0,0.2164,2.7718,
26,78,True,0.950846,1.8234,none,,,False,,26,0,0.1205,2.3182,
26,1,True,0.848208,1.2636,none,,,False,,26,0,0.1414,2.0804,
26,5,True,0.991697,2.0462,none,,,False,,26,0,0.1549,1.9796,
26,27,True,0.841011,1.2244,none,,,False,,26,0,0.1414,1.8714,
26,35,True,0.82506,1.1374,none,,,False,,26,0,0.1325,1.6703,
26,77,True,0.500821,-0.6311,none,,,False,,26,0,0.1325,1.5818,
26,62,True,0.640387,0.1301,none,,,False,,26,0,0.1145,1.5415,
26,19,True,0.593349,-0.1265,none,,,False,,26,0,0.1581,1.4302,
26,48,True,0.568423,-0.2624,none,,,False,,26,0,0.119,1.3624,
26,60,True,0.641365,0.1354,none,,,False,,26,0,0.119,1.3266,
26,74,True,0.903012,1.5625,none,,,False,,26,0,0.1581,1.3025,
26,61,True,0.69672,0.4373,none,,,False,,26,0,0.107,1.107,
26,44,True,0.907444,1.5867,none,,,False,,26,0,0.128,1.1033,
26,20,True,0.822104,1.1212,none,,,False,,26,0,0.1816,1.0352,
26,81,True,0.5521,-0.3515,none,,,False,,26,0,0.1447,0.9647,
26,65,True,0.657536,0.2236,none,,,False,,26,0,0.1145,0.8902,
26,85,True,0.593274,-0.1269,none,,,False,,26,0,0.1985,0.8894,
26,34,True,0.484928,-0.7178,none,,,False,,26,0,0.1728,0.8759,
26,92,True,0.538802,-0.424,none,,,False,,26,0,0.1105,0.8478,
26,36,True,0.689276,0.3967,none,,,False,,26,0,0.1459,0.8266,
26,52,True,0.162952,-2.474,none,,,False,,26,0,0.2164,0.8177,
26,21,True,0.619014,0.0135,none,,,False,,26,0,0.222,0.7849,
26,10,True,0.614059,-0.0135,none,,,False,,26,0,0.128,0.7743,
26,87,True,0.603944,-0.0687,none,,,False,,26,0,0.212,0.7692,
26,23,True,0.507753,-0.5933,none,,,False,,26,0,0.1414,0.7425,
26,71,True,0.46674,-0.817,none,,,False,,26,0,0.2357,0.7394,
26,97,True,0.482548,-0.7308,none,,,False,,26,0,0.1145,0.7219,
26,15,True,0.682093,0.3576,none,,,False,,26,0,0.1414,0.6736,
26,93,True,0.425399,-1.0425,none,,,False,,26,0,0.3375,-0.0313,
26,90,True,0.270647,-1.8866,none,,,False,,26,0,0.3106,-0.4974,
26,89,True,0.388355,-1.2446,none,,,False,,26,0,0.2624,-0.0321,
26,47,True,0.567739,-0.2662,none,,,False,,26,0,0.2355,0.5648,
26,30,True,0.602127,-0.0786,none,,,False,,26,0,0.2299,-0.0474,
27,95,True,1.358226,3.0,cusum,,,True,positive,27,0,0.3647,4.1768,
27,31,True,0.915284,1.4415,none,,,False,,27,0,0.1647,2.7255,
27,5,True,0.822821,0.9294,none,,,False,,27,0,0.1185,2.4632,
27,13,True,0.814786,0.8849,none,,,False,,27,0,0.1835,2.4506,
27,78,True,0.736261,0.45,none,,,False,,27,0,0.1033,2.4483,
27,1,True,1.029358,2.0733,none,,,False,,27,0,0.1185,1.6802,
27,35,True,0.844576,1.0499,none,,,False,,27,0,0.114,1.5852,
27,27,True,0.914905,1.4394,none,,,False,,27,0,0.1185,1.4941,
27,74,True,0.611122,-0.243,none,,,False,,27,0,0.1311,1.4381,
27,60,True,0.631949,-0.1277,none,,,False,,27,0,0.114,1.2448,
27,20,True,0.610775,-0.245,none,,,False,,27,0,0.1647,1.2417,
27,62,True,0.681491,0.1467,none,,,False,,27,0,0.11,1.1121,
27,48,True,0.676499,0.119,none,,,False,,27,0,0.114,1.0556,
27,77,True,0.815597,0.8894,none,,,False,,27,0,0.114,0.9434,
27,19,True,0.904254,1.3804,none,,,False,,27,0,0.1311,0.9324,
27,23,True,0.791878,0.758,none,,,False,,27,0,0.1185,0.8629,
27,65,True,0.557314,-0.541,none,,,False,,27,0,0.11,0.8488,
27,44,True,0.668605,0.0753,none,,,False,,27,0,0.11,0.7493,
27,87,True,0.528324,-0.7016,none,,,False,,27,0,0.1311,0.7455,
27,61,True,0.896121,1.3354,none,,,False,,27,0,0.1033,0.7409,
27,57,True,0.707623,0.2914,none,,,False,,27,0,0.1399,0.6706,
27,12,True,0.5437,-0.6164,none,,,False,,27,0,0.1733,0.6704,
27,0,True,0.57837,-0.4244,none,,,False,,27,0,0.144,0.6546,
27,92,True,0.625981,-0.1607,none,,,False,,27,0,0.1065,0.6526,
27,51,True,0.569321,-0.4745,none,,,False,,27,0,0.1444,0.5803,
27,15,True,0.329685,-1.8017,none,,,False,,27,0,0.1185,0.5756,
27,21,True,0.538109,-0.6474,none,,,False,,27,0,0.1647,0.5658,
27,68,True,0.755828,0.5584,none,,,False,,27,0,0.1699,0.5635,
27,10,True,0.676668,0.12,none,,,False,,27,0,0.11,0.5381,
27,47,True,0.459703,-1.0816,none,,,False,,27,0,0.1647,0.5196,
27,59,True,0.641404,-0.0753,none,,,False,,27,0,0.1777,0.5046,
27,46,True,0.555849,-0.5491,none,,,False,,27,0,0.2354,-0.607,
27,40,True,0.434135,-1.2232,none,,,False,,27,0,0.2307,-0.3867,
27,28,True,0.479281,-0.9732,none,,,False,,27,0,0.2165,0.2445,
27,6,True,0.239544,-2.3009,none,,,False,,27,0,0.2121,-0.4171,
27,25,True,0.466149,-1.0459,none,,,False,,27,0,0.2121,-0.384,
28,95,True,1.010349,2.7333,none,,,False,,28,0,0.3498,4.1667,
28,1,True,0.688756,0.3635,cusum,,,True,positive,28,0,0.3135,2.7491,
28,31,True,1.052928,3.0,none,,,False,,28,0,0.1498,2.1959,
28,13,True,0.975586,2.4771,none,,,False,,28,0,0.1668,1.9829,
28,5,True,0.716648,0.569,none,,,False,,28,0,0.1135,1.9113,
28,78,True,0.733931,0.6963,none,,,False,,28,0,0.1,1.664,
28,35,True,0.69887,0.438,none,,,False,,28,0,0.1096,1.4231,
28,27,True,0.784722,1.0706,none,,,False,,28,0,0.1135,1.2551,
28,74,True,0.803666,1.2102,none,,,False,,28,0,0.1188,1.1781,
28,61,True,0.844457,1.5108,none,,,False,,28,0,0.1,0.9196,
28,23,True,0.663868,0.1801,none,,,False,,28,0,0.1135,0.8071,
28,62,True,0.531003,-0.799,none,,,False,,28,0,0.106,0.7542,
28,59,True,0.570745,-0.5062,none,,,False,,28,0,0.1498,0.7265,
28,60,True,0.681355,0.3089,none,,,False,,28,0,0.1096,0.6843,
28,19,True,0.516781,-0.9038,none,,,False,,28,0,0.1188,0.662,
28,20,True,0.72735,0.6479,none,,,False,,28,0,0.1498,0.6609,
28,44,True,0.760936,0.8953,none,,,False,,28,0,0.106,0.598,
28,68,True,0.619476,-0.1471,none,,,False,,28,0,0.1188,0.5908,
28,48,True,0.563039,-0.5629,none,,,False,,28,0,0.1096,0.5412,
28,77,True,0.62374,-0.1156,none,,,False,,28,0,0.1096,0.5244,
28,81,True,0.696174,0.4181,none,,,False,,28,0,0.1464,0.5007,
28,92,True,0.647675,0.0607,none,,,False,,28,0,0.1029,0.4798,
28,85,True,0.667551,0.2072,none,,,False,,28,0,0.1464,0.4626,
28,29,True,0.584631,-0.4038,none,,,False,,28,0,0.1438,0.4575,
28,10,True,0.608823,-0.2256,none,,,False,,28,0,0.106,0.4437,
28,2,True,0.491321,-1.0914,none,,,False,,28,0,0.2168,0.4417,
28,67,True,0.542189,-0.7166,none,,,False,,28,0,0.1748,0.4326,
28,71,True,0.525759,-0.8377,none,,,False,,28,0,0.1313,0.4246,
28,57,True,0.510573,-0.9496,none,,,False,,28,0,0.1096,0.3913,
28,36,True,0.866631,1.6742,none,,,False,,28,0,0.126,0.3637,
28,65,True,0.61501,-0.18,none,,,False,,28,0,0.106,0.3598,
28,11,True,0.550867,-0.6526,none,,,False,,28,0,0.2228,-0.0531,
28,69,True,0.370007,-1.9854,none,,,False,,28,0,0.2214,-0.7107,
28,72,True,0.534704,-0.7717,none,,,False,,28,0,0.2168,0.0784,
28,84,True,0.631192,-0.0607,none,,,False,,28,0,0.2168,0.0673,
28,50,True,0.275655,-2.6807,none,,,False,,28,0,0.2103,-0.9996,
29,95,True,1.288483,3.0,cusum,,,True,positive,29,0,0.3365,4.0692,
29,31,True,0.904102,1.9475,cusum,,,True,positive,29,0,0.3365,3.1873,
29,13,True,0.713428,0.655,cusum,,,True,positive,29,0,0.3521,2.9812,
29,27,True,0.905545,1.9573,cusum,,,True,positive,29,0,0.3091,2.3835,
29,1,True,0.941908,2.2037,none,,,False,,29,0,0.3091,2.3721,
29,5,True,1.031147,2.8086,cusum,,,True,positive,29,0,0.3091,2.3202,
29,61,True,0.631362,0.0988,cusum,,,True,positive,29,0,0.297,2.2158,
29,36,True,0.649793,0.2237,none,,,False,,29,0,0.1091,1.1444,
29,78,True,0.700636,0.5683,none,,,False,,29,0,0.097,1.1112,
29,35,True,0.714432,0.6618,none,,,False,,29,0,0.1056,1.0087,
29,74,True,0.747905,0.8887,none,,,False,,29,0,0.1131,0.9876,
29,44,True,0.761298,0.9795,none,,,False,,29,0,0.1024,0.9816,
29,20,True,0.508559,-0.7336,none,,,False,,29,0,0.1365,0.6662,
29,81,True,0.624144,0.0499,none,,,False,,29,0,0.1218,0.4213,
29,85,True,0.432683,-1.2479,none,,,False,,29,0,0.1218,0.3659,
29,68,True,0.713605,0.6562,none,,,False,,29,0,0.1131,0.3556,
29,82,True,0.547294,-0.471,none,,,False,,29,0,0.1883,0.3372,
29,94,True,0.609432,-0.0499,none,,,False,,29,0,0.205,0.3295,
29,51,True,0.532503,-0.5713,none,,,False,,29,0,0.1252,0.2906,
29,72,True,0.551181,-0.4447,none,,,False,,29,0,0.1521,0.2711,
29,84,True,0.420945,-1.3275,none,,,False,,29,0,0.1521,0.265,
29,12,True,0.733416,0.7905,none,,,False,,29,0,0.1486,0.2612,
29,19,True,0.603056,-0.0931,none,,,False,,29,0,0.1131,0.261,
29,8,True,0.363527,-1.7167,none,,,False,,29,0,0.1936,0.2549,
29,23,True,0.72389,0.726,none,,,False,,29,0,0.1091,0.2536,
29,98,True,0.56673,-0.3393,none,,,False,,29,0,0.1848,0.251,
29,59,True,0.579372,-0.2536,none,,,False,,29,0,0.1365,0.2395,
29,60,True,0.71794,0.6856,none,,,False,,29,0,0.1056,0.2392,
29,34,True,0.5302,-0.5869,none,,,False,,29,0,0.1372,0.216,
29,91,True,0.627195,0.0705,none,,,False,,29,0,0.217,0.2147,
29,50,True,0.075922,-3.0,cusum,,,True,negative,29,0,0.3688,-2.1094,
29,88,True,0.518922,-0.6634,none,,,False,,29,0,0.221,-0.0765,
29,79,True,0.335983,-1.9034,none,,,False,,29,0,0.2184,-0.7958,
29,17,True,0.345721,-1.8373,none,,,False,,29,0,0.217,-0.6125,
29,22,True,0.525146,-0.6212,none,,,False,,29,0,0.217,0.2015,
29,18,True,0.346697,-1.8307,none,,,False,,29,0,0.2125,-0.3341,
30,95,True,1.466007,3.0,none,,,False,,30,0,0.3246,4.0618,
30,31,True,1.289784,2.5744,none,,,False,,30,0,0.3246,3.2804,
30,1,True,0.849754,0.925,none,,,False,,30,0,0.3052,2.6804,
30,27,True,0.846527,0.9129,none,,,False,,30,0,0.3052,2.6227,
30,5,True,0.999332,1.4857,none,,,False,,30,0,0.3052,2.5693,
30,13,True,0.83058,0.8531,none,,,False,,30,0,0.339,2.4971,
30,61,True,0.891558,1.0817,none,,,False,,30,0,0.2942,2.0995,
30,36,True,0.730364,0.4775,none,,,False,,30,0,0.1052,0.8985,
30,35,True,0.78359,0.677,none,,,False,,30,0,0.102,0.8457,
30,44,True,0.891494,1.0815,none,,,False,,30,0,0.0992,0.7751,
30,74,True,0.59953,-0.0129,none,,,False,,30,0,0.1087,0.7573,
30,78,True,0.70614,0.3867,none,,,False,,30,0,0.0942,0.6894,
30,23,True,0.668882,0.2471,none,,,False,,30,0,0.1052,0.6883,
30,68,True,0.621272,0.0686,none,,,False,,30,0,0.1087,0.4945,
30,94,True,0.148522,-1.7034,none,,,False,,30,0,0.1543,0.4195,
30,60,True,0.595589,-0.0277,none,,,False,,30,0,0.102,0.4181,
30,91,True,0.606404,0.0129,none,,,False,,30,0,0.1543,0.3529,
30,19,True,0.642469,0.1481,none,,,False,,30,0,0.1087,0.2665,
30,21,True,0.428444,-0.6542,none,,,False,,30,0,0.1776,0.2109,
30,29,True,0.727484,0.4667,none,,,False,,30,0,0.1244,0.1924,
30,81,True,0.412291,-0.7147,none,,,False,,30,0,0.1127,0.1832,
30,77,True,0.844353,0.9048,none,,,False,,30,0,0.1169,0.1812,
30,97,True,0.352412,-0.9391,none,,,False,,30,0,0.1437,0.175,
30,80,True,0.499383,-0.3883,none,,,False,,30,0,0.1904,0.1629,
30,12,True,0.377277,-0.8459,none,,,False,,30,0,0.1246,0.1609,
30,11,True,0.758035,0.5812,none,,,False,,30,0,0.1823,0.1311,
30,98,True,0.574478,-0.1068,none,,,False,,30,0,0.1246,0.1123,
30,66,True,0.414292,-0.7072,none,,,False,,30,0,0.1554,0.1113,
30,55,True,0.53551,-0.2528,none,,,False,,30,0,0.2243,0.11,
30,82,True,0.427243,-0.6587,none,,,False,,30,0,0.139,0.1062,
30,50,True,0.29467,-1.1556,none,,,False,,30,0,0.3543,-2.6008,
30,43,True,0.321931,-1.0534,none,,,False,,30,0,0.2243,-0.7381,
30,30,True,0.548627,-0.2037,none,,,False,,30,0,0.2234,-0.1282,
30,52,True,0.423693,-0.672,none,,,False,,30,0,0.2234,-0.2653,
30,90,True,0.380777,-0.8328,none,,,False,,30,0,0.2234,-1.0406,
30,93,True,0.446032,-0.5882,none,,,False,,30,0,0.2234,-0.2201,
31,95,True,1.304459,3.0,cusum,,,True,positive,31,0,0.3138,4.0554,
31,31,True,0.838808,0.9563,cusum,,,True,positive,31,0,0.3138,3.6516,
31,5,True,0.647593,0.0986,cusum,,,True,positive,31,0,0.3017,2.7502,
31,13,True,0.904935,1.2529,none,,,False,,31,0,0.3272,2.4792,
31,27,True,0.731347,0.4743,none,,,False,,31,0,0.3017,2.4427,
31,1,True,0.793638,0.7537,cusum,,,True,positive,31,0,0.3017,2.2932,
31,44,True,0.810899,0.8311,cusum,,,True,positive,31,0,0.2962,2.1067,
31,61,True,0.47086,-0.6941,none,,,False,,31,0,0.2916,2.0118,
31,36,True,0.686736,0.2742,none,,,False,,31,0,0.1017,0.9209,
31,74,True,0.758466,0.5959,none,,,False,,31,0,0.1048,0.829,
31,35,True,0.706178,0.3614,none,,,False,,31,0,0.0988,0.7173,
31,77,True,0.609112,-0.074,none,,,False,,31,0,0.1017,0.6886,
31,78,True,0.868704,1.0904,none,,,False,,31,0,0.0916,0.6652,
31,23,True,0.813129,0.8411,none,,,False,,31,0,0.1017,0.5135,
31,60,True,0.784198,0.7113,none,,,False,,31,0,0.0988,0.4473,
31,68,True,0.712221,0.3885,none,,,False,,31,0,0.1048,0.3262,
31,29,True,0.314857,-1.3939,none,,,False,,31,0,0.1084,0.3166,
31,91,True,0.562846,-0.2815,none,,,False,,31,0,0.1413,0.1862,
31,11,True,0.526903,-0.4428,none,,,False,,31,0,0.1563,0.0914,
31,0,True,0.642113,0.074,none,,,False,,31,0,0.1611,0.0905,
31,10,True,0.646326,0.0929,none,,,False,,31,0,0.1242,0.0894,
31,80,True,0.356367,-1.2077,none,,,False,,31,0,0.1048,0.0855,
31,55,True,0.382056,-1.0925,none,,,False,,31,0,0.1413,0.0595,
31,81,True,0.590223,-0.1587,none,,,False,,31,0,0.1084,0.0564,
31,67,True,0.586043,-0.1775,none,,,False,,31,0,0.1639,0.054,
31,63,True,0.399447,-1.0144,none,,,False,,31,0,0.1874,0.0517,
31,20,True,0.769523,0.6455,none,,,False,,31,0,0.1385,0.0405,
31,45,True,0.596874,-0.1289,none,,,False,,31,0,0.2127,0.0388,
31,22,True,0.715575,0.4035,none,,,False,,31,0,0.1676,0.0046,
31,86,True,0.517199,-0.4863,none,,,False,,31,0,0.2127,0.0,
31,52,True,0.479616,-0.6549,cusum,,,True,negative,31,0,0.3723,-1.182,
31,50,True,0.233684,-1.758,cusum,,,True,negative,31,0,0.3413,-2.6206,
31,32,True,0.434176,-0.8587,none,,,False,,31,0,0.2288,-1.0343,
31,41,True,0.31392,-1.3981,none,,,False,,31,0,0.2288,-0.7293,
31,54,True,0.393183,-1.0425,none,,,False,,31,0,0.2288,-0.2347,
31,4,True,0.289574,-1.5073,none,,,False,,31,0,0.224,-1.0413,
32,95,True,1.293496,3.0,none,,,False,,32,0,0.308,4.1387,
32,31,True,1.002822,2.237,none,,,False,,32,0,0.308,2.9647,
32,5,True,0.9927,2.1802,none,,,False,,32,0,0.2984,2.5893,
32,1,True,0.878445,1.5388,none,,,False,,32,0,0.2984,2.4191,
32,27,True,0.875884,1.5244,none,,,False,,32,0,0.2984,2.2398,
32,44,True,0.827332,1.2519,none,,,False,,32,0,0.2934,2.0819,
32,13,True,0.714533,0.6186,none,,,False,,32,0,0.3165,2.0647,
32,78,True,0.704376,0.5616,cusum,,,True,positive,32,0,0.2892,1.7936,
32,35,True,0.739854,0.7608,cusum,,,True,positive,32,0,0.2958,1.688,
32,61,True,0.632453,0.1578,none,,,False,,32,0,0.2892,1.2739,
32,23,True,0.781724,0.9958,none,,,False,,32,0,0.0984,0.7297,
32,74,True,0.732524,0.7196,none,,,False,,32,0,0.1013,0.6197,
32,60,True,0.632803,0.1598,none,,,False,,32,0,0.0958,0.5777,
32,68,True,0.462588,-0.7958,none,,,False,,32,0,0.1013,0.5002,
32,36,True,0.592966,-0.0638,none,,,False,,32,0,0.0984,0.4501,
32,77,True,0.629331,0.1403,none,,,False,,32,0,0.0984,0.3634,
32,20,True,0.604065,-0.0015,none,,,False,,32,0,0.1165,0.3309,
32,0,True,0.466957,-0.7712,none,,,False,,32,0,0.1165,0.2456,
32,10,True,0.573035,-0.1757,none,,,False,,32,0,0.0984,0.1208,
32,86,True,0.421319,-1.0274,none,,,False,,32,0,0.1435,0.1003,
32,91,True,0.638288,0.1906,none,,,False,,32,0,0.1297,0.0847,
32,67,True,0.56268,-0.2339,none,,,False,,32,0,0.1297,-0.0122,
32,11,True,0.503815,-0.5643,none,,,False,,32,0,0.1435,-0.0133,
32,65,True,0.550083,-0.3046,none,,,False,,32,0,0.1341,-0.0367,
32,53,True,0.385221,-1.2301,none,,,False,,32,0,0.2062,-0.0438,
32,62,True,0.680295,0.4264,none,,,False,,32,0,0.1341,-0.045,
32,92,True,0.671643,0.3778,none,,,False,,32,0,0.1312,-0.0497,
32,58,True,0.101645,-2.822,none,,,False,,32,0,0.2259,-0.0548,
32,47,True,0.523032,-0.4564,none,,,False,,32,0,0.2019,-0.066,
32,12,True,0.604608,0.0015,none,,,False,,32,0,0.1274,-0.0796,
32,32,True,0.492229,-0.6294,cusum,,,True,negative,32,0,0.3582,-1.7212,
32,52,True,0.511349,-0.522,none,,,False,,32,0,0.3582,-1.6003,
32,50,True,0.160556,-2.4913,none,,,False,,32,0,0.3297,-2.3204,
32,89,True,0.388898,-1.2094,none,,,False,,32,0,0.2286,-0.1437,
32,14,True,0.353976,-1.4055,none,,,False,,32,0,0.2238,-0.7398,
32,49,True,0.313847,-1.6308,none,,,False,,32,0,0.2238,-0.2971,
33,95,True,1.158227,2.9411,cusum,,,True,positive,33,0,0.3041,4.1336,
33,31,True,0.672128,0.1725,cusum,,,True,positive,33,0,0.3041,3.0562,
33,5,True,0.760571,0.6762,none,,,False,,33,0,0.2955,2.3761,
33,1,True,0.930447,1.6438,none,,,False,,33,0,0.2955,2.1938,
33,44,True,0.719327,0.4413,none,,,False,,33,0,0.2909,2.1695,
33,27,True,0.841999,1.14,cusum,,,True,positive,33,0,0.2955,2.0918,
33,13,True,0.759968,0.6728,none,,,False,,33,0,0.3077,2.0469,
33,78,True,0.779298,0.7829,none,,,False,,33,0,0.287,1.7887,
33,35,True,0.798803,0.894,none,,,False,,33,0,0.2931,1.7176,
33,74,True,0.638446,-0.0194,cusum,,,True,positive,33,0,0.2981,1.5592,
33,61,True,0.808721,0.9505,none,,,False,,33,0,0.287,1.2909,
33,23,True,0.846269,1.1643,none,,,False,,33,0,0.0955,0.8159,
33,77,True,0.813348,0.9768,none,,,False,,33,0,0.0955,0.445,
33,60,True,0.645539,0.021,none,,,False,,33,0,0.0931,0.399,
33,36,True,0.844497,1.1542,none,,,False,,33,0,0.0955,0.3505,
33,92,True,0.689656,0.2723,none,,,False,,33,0,0.0955,0.2139,
33,12,True,0.628044,-0.0786,none,,,False,,33,0,0.1077,0.1207,
33,91,True,0.623828,-0.1026,none,,,False,,33,0,0.119,0.1183,
33,20,True,0.558047,-0.4773,none,,,False,,33,0,0.1077,0.1088,
33,62,True,0.559194,-0.4708,none,,,False,,33,0,0.0981,0.0497,
33,10,True,0.597697,-0.2515,none,,,False,,33,0,0.0955,0.0185,
33,68,True,0.676633,0.1981,none,,,False,,33,0,0.0981,0.0121,
33,11,True,0.582318,-0.3391,none,,,False,,33,0,0.132,0.0088,
33,88,True,0.443444,-1.13,none,,,False,,33,0,0.1638,-0.095,
33,48,True,0.755967,0.65,none,,,False,,33,0,0.1466,-0.1018,
33,57,True,0.503927,-0.7855,none,,,False,,33,0,0.1466,-0.1037,
33,51,True,0.61121,-0.1745,none,,,False,,33,0,0.1395,-0.1043,
33,22,True,0.645248,0.0194,none,,,False,,33,0,0.1561,-0.1066,
33,82,True,0.563502,-0.4462,none,,,False,,33,0,0.1532,-0.1135,
33,32,True,0.502404,-0.7942,none,,,False,,33,0,0.3455,-1.6377,
33,52,True,0.01629,-3.0,none,,,False,,33,0,0.3455,-0.9582,
33,50,True,0.273906,-2.0957,cusum,,,True,negative,33,0,0.319,-2.1573,
33,58,True,0.388449,-1.4433,cusum,,,True,negative,33,0,0.3077,-1.735,
33,56,True,0.521991,-0.6827,none,,,False,,33,0,0.2342,-0.1605,
33,3,True,0.559225,-0.4706,none,,,False,,33,0,0.2304,-0.1651,
33,46,True,0.074641,-3.0,none,,,False,,33,0,0.2285,-0.5598,
34,95,True,1.069114,1.8575,none,,,False,,34,0,0.3007,4.1095,
34,1,True,0.920645,1.1889,cusum,,,True,positive,34,0,0.2928,2.4299,
34,31,True,0.750399,0.4222,none,,,False,,34,0,0.3007,2.251,
34,27,True,0.814224,0.7097,none,,,False,,34,0,0.2928,2.1641,
34,23,True,0.659598,0.0133,cusum,,,True,positive,34,0,0.2928,2.1183,
34,5,True,0.921765,1.1939,none,,,False,,34,0,0.2928,2.1029,
34,13,True,0.736839,0.3612,cusum,,,True,positive,34,0,0.3038,1.9817,
34,44,True,0.692999,0.1637,none,,,False,,34,0,0.2886,1.9532,
34,78,True,0.811592,0.6978,none,,,False,,34,0,0.2849,1.9182,
34,35,True,0.837807,0.8159,none,,,False,,34,0,0.2906,1.7867,
34,74,True,0.82608,0.763,none,,,False,,34,0,0.2952,1.5533,
34,36,True,0.779204,0.5519,none,,,False,,34,0,0.0928,0.5727,
34,77,True,0.799852,0.6449,none,,,False,,34,0,0.0928,0.4656,
34,60,True,0.657066,0.0019,none,,,False,,34,0,0.0906,0.4121,
34,92,True,0.656218,-0.0019,none,,,False,,34,0,0.0928,0.3548,
34,61,True,0.758921,0.4606,none,,,False,,34,0,0.2849,0.2447,
34,48,True,0.660949,0.0194,none,,,False,,34,0,0.1007,0.1978,
34,20,True,0.801241,0.6512,none,,,False,,34,0,0.1038,0.1892,
34,22,True,0.664872,0.0371,none,,,False,,34,0,0.1341,0.0847,
34,91,True,0.649987,-0.03,none,,,False,,34,0,0.1093,0.0742,
34,68,True,0.642246,-0.0648,none,,,False,,34,0,0.0952,0.0515,
34,10,True,0.587298,-0.3123,none,,,False,,34,0,0.0928,0.0064,
34,64,True,0.486867,-0.7646,none,,,False,,34,0,0.2165,-0.1209,
34,59,True,0.566164,-0.4075,none,,,False,,34,0,0.1753,-0.1276,
34,83,True,0.417497,-1.077,none,,,False,,34,0,0.2298,-0.1382,
34,81,True,0.290027,-1.651,none,,,False,,34,0,0.1244,-0.1409,
34,98,True,0.457188,-0.8982,none,,,False,,34,0,0.1523,-0.1431,
34,24,True,0.535361,-0.5462,none,,,False,,34,0,0.1917,-0.1457,
34,3,True,0.447111,-0.9436,none,,,False,,34,0,0.1341,-0.1467,
34,46,True,0.000538,-2.9547,cusum,,,True,negative,34,0,0.3616,-1.7883,
34,32,True,0.547293,-0.4924,none,,,False,,34,0,0.3341,-1.11,
34,52,True,0.484495,-0.7752,cusum,,,True,negative,34,0,0.3341,-1.7415,
34,50,True,0.256969,-1.7999,none,,,False,,34,0,0.3093,-2.4763,
34,58,True,0.416805,-1.0801,none,,,False,,34,0,0.3038,-2.0135,
34,37,True,0.363815,-1.3187,none,,,False,,34,0,0.2371,-0.5048,
34,16,True,0.202211,-2.0465,none,,,False,,34,0,0.2298,-1.0071,
35,95,True,1.387122,3.0,cusum,,,True,positive,35,0,0.2975,3.7245,
35,1,True,0.965722,1.6228,none,,,False,,35,0,0.2903,2.5719,
35,5,True,1.065391,2.0793,cusum,,,True,positive,35,0,0.2903,2.4648,
35,27,True,0.923251,1.4282,none,,,False,,35,0,0.2903,2.2394,
35,31,True,1.042492,1.9744,none,,,False,,35,0,0.2975,2.0689,
35,35,True,0.76143,0.687,none,,,False,,35,0,0.2883,1.9353,
35,23,True,0.755947,0.6619,none,,,False,,35,0,0.2903,1.8392,
35,78,True,0.716723,0.4823,none,,,False,,35,0,0.283,1.785,
35,44,True,0.832523,1.0127,none,,,False,,35,0,0.2864,1.7281,
35,13,True,0.842233,1.0572,none,,,False,,35,0,0.3004,1.68,
35,74,True,0.686346,0.3431,none,,,False,,35,0,0.2925,1.6056,
35,77,True,0.700458,0.4078,none,,,False,,35,0,0.0903,0.7021,
35,36,True,0.707779,0.4413,none,,,False,,35,0,0.0903,0.6622,
35,61,True,0.518257,-0.4268,none,,,False,,35,0,0.283,0.6272,
35,92,True,0.644122,0.1497,none,,,False,,35,0,0.0903,0.3308,
35,22,True,0.43906,-0.7895,none,,,False,,35,0,0.1237,0.2977,
35,20,True,0.750974,0.6392,none,,,False,,35,0,0.1004,0.1866,
35,60,True,0.551055,-0.2765,none,,,False,,35,0,0.0883,0.1727,
35,48,True,0.669208,0.2646,none,,,False,,35,0,0.0975,0.1605,
35,91,True,0.63825,0.1228,none,,,False,,35,0,0.1035,0.153,
35,24,True,0.407297,-0.935,none,,,False,,35,0,0.1035,0.0669,
35,68,True,0.584608,-0.1228,none,,,False,,35,0,0.0925,-0.103,
35,10,True,0.565974,-0.2082,none,,,False,,35,0,0.0903,-0.1318,
35,66,True,0.354654,-1.1761,none,,,False,,35,0,0.1435,-0.1483,
35,2,True,0.563104,-0.2213,none,,,False,,35,0,0.2232,-0.1487,
35,63,True,0.45852,-0.7004,none,,,False,,35,0,0.1335,-0.1492,
35,19,True,0.704854,0.4279,none,,,False,,35,0,0.1435,-0.1493,
35,72,True,0.547564,-0.2925,none,,,False,,35,0,0.1993,-0.1534,
35,64,True,0.521189,-0.4133,none,,,False,,35,0,0.1237,-0.1591,
35,46,True,0.15486,-2.0912,none,,,False,,35,0,0.3493,-2.5098,
35,16,True,0.308566,-1.3872,cusum,,,True,negative,35,0,0.3362,-1.8543,
35,32,True,0.293853,-1.4546,none,,,False,,35,0,0.3237,-0.9943,
35,52,True,0.424928,-0.8542,none,,,False,,35,0,0.3237,-1.7881,
35,50,True,0.149496,-2.1158,cusum,,,True,negative,35,0,0.3035,-2.4953,
35,58,True,0.502923,-0.497,none,,,False,,35,0,0.3004,-2.1527,
35,42,True,0.365551,-1.1262,none,,,False,,35,0,0.2362,-0.2929,
36,95,True,1.076727,2.7824,none,,,False,,36,0,0.2946,3.7208,
36,1,True,0.906332,1.7035,none,,,False,,36,0,0.288,2.5969,
36,5,True,1.025891,2.4605,none,,,False,,36,0,0.288,2.4283,
36,27,True,0.835951,1.2578,none,,,False,,36,0,0.288,2.2044,
36,31,True,1.145436,3.0,none,,,False,,36,0,0.2946,1.9776,
36,35,True,0.675798,0.2437,none,,,False,,36,0,0.2861,1.9081,
36,13,True,0.811303,1.1017,none,,,False,,36,0,0.2972,1.822,
36,78,True,0.796539,1.0082,none,,,False,,36,0,0.2812,1.7564,
36,23,True,0.752888,0.7318,none,,,False,,36,0,0.288,1.725,
36,74,True,0.6392,0.0119,none,,,False,,36,0,0.29,1.477,
36,36,True,0.566003,-0.4516,none,,,False,,36,0,0.088,0.8276,
36,77,True,0.513444,-0.7844,none,,,False,,36,0,0.088,0.7883,
36,44,True,0.702885,0.4152,none,,,False,,36,0,0.2843,0.6458,
36,48,True,0.704794,0.4273,none,,,False,,36,0,0.0946,0.4326,
36,61,True,0.61574,-0.1366,none,,,False,,36,0,0.2812,0.4302,
36,20,True,0.663951,0.1686,none,,,False,,36,0,0.0972,0.396,
36,19,True,0.688111,0.3216,none,,,False,,36,0,0.1001,0.2901,
36,92,True,0.661156,0.1509,none,,,False,,36,0,0.088,0.2519,
36,91,True,0.659961,0.1434,none,,,False,,36,0,0.1001,0.1258,
36,68,True,0.619044,-0.1157,none,,,False,,36,0,0.09,0.1182,
36,60,True,0.676744,0.2496,none,,,False,,36,0,0.0861,0.0246,
36,22,True,0.494011,-0.9075,none,,,False,,36,0,0.1142,-0.1057,
36,10,True,0.68582,0.3071,none,,,False,,36,0,0.088,-0.1455,
36,62,True,0.625781,-0.0731,none,,,False,,36,0,0.1141,-0.1599,
36,12,True,0.63544,-0.0119,none,,,False,,36,0,0.1227,-0.174,
36,87,True,0.628092,-0.0584,none,,,False,,36,0,0.2159,-0.1867,
36,76,True,0.378841,-1.6367,none,,,False,,36,0,0.2231,-0.1983,
36,71,True,0.539854,-0.6172,none,,,False,,36,0,0.1939,-0.2031,
36,45,True,0.440088,-1.2489,none,,,False,,36,0,0.1898,-0.2068,
36,46,True,0.360094,-1.7555,cusum,,,True,negative,36,0,0.3381,-3.0312,
36,16,True,0.329098,-1.9517,none,,,False,,36,0,0.3259,-1.9731,
36,32,True,0.468321,-1.0701,none,,,False,,36,0,0.3142,-1.2751,
36,52,True,0.357743,-1.7703,none,,,False,,36,0,0.3142,-1.9045,
36,50,True,0.229764,-2.5807,none,,,False,,36,0,0.3001,-2.3747,
36,58,True,0.590913,-0.2939,none,,,False,,36,0,0.2972,-1.3818,
36,75,True,0.396072,-1.5276,none,,,False,,36,0,0.245,-0.2601,
37,95,True,1.25045,3.0,cusum,,,True,positive,37,0,0.292,3.6645,
37,5,True,0.805769,0.9348,cusum,,,True,positive,37,0,0.2858,3.0204,
37,31,True,1.090109,2.8013,cusum,,,True,positive,37,0,0.292,2.9167,
37,1,True,0.975342,2.0479,cusum,,,True,positive,37,0,0.2858,2.6141,
37,27,True,0.860995,1.2973,cusum,,,True,positive,37,0,0.2858,2.241,
37,13,True,0.740049,0.5034,none,,,False,,37,0,0.2943,1.9613,
37,23,True,0.736186,0.478,none,,,False,,37,0,0.2858,1.5781,
37,74,True,0.654506,-0.0582,none,,,False,,37,0,0.2877,1.4845,
37,78,True,0.674896,0.0756,none,,,False,,37,0,0.2795,0.8294,
37,35,True,0.739333,0.4986,none,,,False,,37,0,0.2841,0.6888,
37,44,True,0.857148,1.272,none,,,False,,37,0,0.2824,0.6348,
37,20,True,0.449664,-1.4029,none,,,False,,37,0,0.0943,0.6076,
37,19,True,0.761953,0.6471,none,,,False,,37,0,0.097,0.4242,
37,48,True,0.66586,0.0163,none,,,False,,37,0,0.092,0.355,
37,36,True,0.737644,0.4876,none,,,False,,37,0,0.0858,0.2897,
37,92,True,0.617396,-0.3018,none,,,False,,37,0,0.0858,0.2087,
37,91,True,0.64457,-0.1234,none,,,False,,37,0,0.097,0.2037,
37,77,True,0.789517,0.8281,none,,,False,,37,0,0.0858,0.1985,
37,12,True,0.678355,0.0984,none,,,False,,37,0,0.0998,0.0994,
37,60,True,0.626749,-0.2404,none,,,False,,37,0,0.0841,0.0983,
37,62,True,0.705448,0.2762,none,,,False,,37,0,0.092,0.0787,
37,61,True,0.663041,-0.0022,none,,,False,,37,0,0.2795,0.0657,
37,10,True,0.645037,-0.1204,none,,,False,,37,0,0.0858,0.038,
37,68,True,0.731433,0.4468,none,,,False,,37,0,0.0877,0.0107,
37,87,True,0.663704,0.0022,none,,,False,,37,0,0.1279,-0.1319,
37,65,True,0.504186,-1.045,none,,,False,,37,0,0.1348,-0.2169,
37,67,True,0.496533,-1.0952,none,,,False,,37,0,0.1658,-0.2316,
37,54,True,0.388753,-1.8027,none,,,False,,37,0,0.2134,-0.2329,
37,0,True,0.556458,-0.7018,none,,,False,,37,0,0.1543,-0.2352,
37,46,True,0.46567,-1.2978,none,,,False,,37,0,0.3279,-2.6228,
37,16,True,0.358636,-2.0005,cusum,,,True,negative,37,0,0.3164,-2.1565,
37,32,True,0.394688,-1.7638,cusum,,,True,negative,37,0,0.3054,-1.3721,
37,52,True,0.467829,-1.2837,none,,,False,,37,0,0.3054,-1.4996,
37,50,True,0.203462,-3.0,cusum,,,True,negative,37,0,0.297,-2.5405,
37,58,True,0.414921,-1.631,none,,,False,,37,0,0.2943,-1.0024,
37,28,True,0.597995,-0.4292,none,,,False,,37,0,0.2512,-0.3654,
38,95,True,1.145513,3.0,none,,,False,,38,0,0.2895,4.0422,
38,31,True,0.82478,1.1094,none,,,False,,38,0,0.2895,3.7066,
38,5,True,1.014631,2.2791,none,,,False,,38,0,0.2838,2.9315,
38,1,True,0.838081,1.1913,none,,,False,,38,0,0.2838,2.898,
38,27,True,0.759711,0.7085,none,,,False,,38,0,0.2838,2.4344,
38,13,True,0.857946,1.3137,none,,,False,,38,0,0.2917,2.0053,
38,44,True,0.819202,1.075,cusum,,,True,positive,38,0,0.2807,2.002,
38,23,True,0.574277,-0.4341,none,,,False,,38,0,0.2838,1.7305,
38,78,True,0.83931,1.1989,none,,,False,,38,0,0.2779,0.6201,
38,19,True,0.690791,0.2838,none,,,False,,38,0,0.0941,0.5868,
38,35,True,0.812238,1.0321,none,,,False,,38,0,0.2822,0.5807,
38,48,True,0.628863,-0.0977,none,,,False,,38,0,0.0895,0.3508,
38,36,True,0.661463,0.1031,none,,,False,,38,0,0.0838,0.2657,
38,77,True,0.645686,0.0059,none,,,False,,38,0,0.0838,0.2571,
38,74,True,0.714313,0.4288,none,,,False,,38,0,0.2856,0.2081,
38,68,True,0.663357,0.1148,none,,,False,,38,0,0.0856,0.1785,
38,91,True,0.609954,-0.2142,none,,,False,,38,0,0.0941,0.1689,
38,12,True,0.585961,-0.3621,none,,,False,,38,0,0.0967,0.1276,
38,92,True,0.641354,-0.0208,none,,,False,,38,0,0.0838,0.1062,
38,10,True,0.652229,0.0462,none,,,False,,38,0,0.0838,0.0994,
38,62,True,0.643766,-0.0059,none,,,False,,38,0,0.0895,0.0255,
38,60,True,0.355715,-1.7807,none,,,False,,38,0,0.0822,0.0152,
38,20,True,0.674647,0.1844,none,,,False,,38,0,0.0917,-0.0805,
38,61,True,0.667054,0.1376,none,,,False,,38,0,0.2779,-0.0905,
38,87,True,0.747857,0.6354,none,,,False,,38,0,0.1186,-0.1139,
38,59,True,0.555709,-0.5485,none,,,False,,38,0,0.1575,-0.2447,
38,85,True,0.54077,-0.6405,none,,,False,,38,0,0.2035,-0.2449,
38,94,True,0.377772,-1.6448,none,,,False,,38,0,0.2186,-0.2704,
38,21,True,0.608473,-0.2234,none,,,False,,38,0,0.2186,-0.2712,
38,46,True,0.383289,-1.6108,none,,,False,,38,0,0.3186,-2.0762,
38,16,True,0.340619,-1.8737,none,,,False,,38,0,0.3077,-2.1462,
38,32,True,0.500528,-0.8885,none,,,False,,38,0,0.2996,-1.8004,
38,52,True,0.003354,-3.0,cusum,,,True,negative,38,0,0.2996,-1.6736,
38,50,True,0.197671,-2.7545,none,,,False,,38,0,0.2941,-2.9442,
38,58,True,0.372439,-1.6777,cusum,,,True,negative,38,0,0.2917,-1.1894,
38,96,True,-0.050556,-3.0,none,,,False,,38,0,0.2522,-0.7792,
39,95,True,1.206063,3.0,cusum,,,True,positive,39,0,0.2872,4.0393,
39,31,True,0.604392,-0.1515,cusum,,,True,positive,39,0,0.2872,3.4154,
39,5,True,0.774062,0.8245,cusum,,,True,positive,39,0,0.282,2.9957,
39,1,True,0.957052,1.8771,cusum,,,True,positive,39,0,0.282,2.7518,
39,27,True,0.86759,1.3625,none,,,False,,39,0,0.282,2.1921,
39,13,True,0.84625,1.2397,cusum,,,True,positive,39,0,0.2893,2.0876,
39,44,True,0.673741,0.2474,none,,,False,,39,0,0.279,2.0207,
39,78,True,0.772244,0.814,cusum,,,True,positive,39,0,0.2763,1.8571,
39,35,True,0.848608,1.2533,cusum,,,True,positive,39,0,0.2804,1.6935,
39,19,True,0.597407,-0.1917,none,,,False,,39,0,0.0915,0.5354,
39,23,True,0.679185,0.2787,none,,,False,,39,0,0.282,0.3628,
39,87,True,0.66854,0.2175,none,,,False,,39,0,0.1099,0.3267,
39,68,True,0.473487,-0.9045,none,,,False,,39,0,0.0836,0.2552,
39,74,True,0.696317,0.3773,none,,,False,,39,0,0.2836,0.2341,
39,48,True,0.736908,0.6108,none,,,False,,39,0,0.0872,0.2271,
39,10,True,0.680791,0.288,none,,,False,,39,0,0.082,0.1819,
39,62,True,0.647066,0.094,none,,,False,,39,0,0.0872,0.1775,
39,36,True,0.666138,0.2037,none,,,False,,39,0,0.082,0.1506,
39,77,True,0.703995,0.4214,none,,,False,,39,0,0.082,0.1208,
39,61,True,0.594413,-0.2089,none,,,False,,39,0,0.0763,0.0958,
39,91,True,0.640713,0.0574,none,,,False,,39,0,0.0915,0.0531,
39,92,True,0.612571,-0.1045,none,,,False,,39,0,0.082,0.047,
39,12,True,0.610859,-0.1143,none,,,False,,39,0,0.0939,0.0294,
39,20,True,0.69167,0.3505,none,,,False,,39,0,0.0893,-0.2353,
39,59,True,0.593432,-0.2146,none,,,False,,39,0,0.1206,-0.2645,
39,51,True,0.620748,-0.0574,none,,,False,,39,0,0.1548,-0.2731,
39,24,True,0.471689,-0.9148,none,,,False,,39,0,0.1266,-0.2742,
39,9,True,0.502392,-0.7382,none,,,False,,39,0,0.2131,-0.2796,
39,55,True,0.388948,-1.3908,none,,,False,,39,0,0.2061,-0.2863,
39,94,True,0.502178,-0.7395,cusum,,,True,negative,39,0,0.3433,-1.4819,
39,96,True,-0.655489,-3.0,cusum,,,True,negative,39,0,0.3317,-2.0172,
39,46,True,0.295806,-1.9266,cusum,,,True,negative,39,0,0.3099,-1.9211,
39,16,True,0.30182,-1.892,cusum,,,True,negative,39,0,0.2996,-2.3129,
39,32,True,0.500434,-0.7495,none,,,False,,39,0,0.2965,-1.6158,
39,52,True,0.42089,-1.207,none,,,False,,39,0,0.2965,-2.393,
39,50,True,0.258591,-2.1406,cusum,,,True,negative,39,0,0.2915,-3.1606,
40,95,True,1.061755,2.2501,none,,,False,,40,0,0.2851,4.1091,
40,1,True,0.827049,1.0455,none,,,False,,40,0,0.2802,2.8075,
40,5,True,0.949936,1.6762,none,,,False,,40,0,0.2802,2.4482,
40,31,True,0.909452,1.4684,none,,,False,,40,0,0.2851,2.3622,
40,27,True,0.811486,0.9656,none,,,False,,40,0,0.2802,2.2248,
40,13,True,0.983784,1.8499,none,,,False,,40,0,0.287,2.1307,
40,35,True,0.761469,0.7089,none,,,False,,40,0,0.2787,2.028,
40,44,True,0.629681,0.0325,none,,,False,,40,0,0.2774,1.9629,
40,78,True,0.939459,1.6224,none,,,False,,40,0,0.2749,1.7907,
40,77,True,0.444876,-0.916,none,,,False,,40,0,0.0802,0.5205,
40,87,True,0.616748,-0.0338,none,,,False,,40,0,0.1019,0.4141,
40,36,True,0.770084,0.7531,none,,,False,,40,0,0.0802,0.3668,
40,19,True,0.712482,0.4575,none,,,False,,40,0,0.089,0.3611,
40,74,True,0.787604,0.8431,none,,,False,,40,0,0.2817,0.3535,
40,48,True,0.664501,0.2112,none,,,False,,40,0,0.0851,0.2856,
40,62,True,0.509471,-0.5844,none,,,False,,40,0,0.0851,0.2305,
40,23,True,0.622963,-0.0019,none,,,False,,40,0,0.2802,0.2096,
40,10,True,0.623721,0.0019,none,,,False,,40,0,0.0802,0.1733,
40,61,True,0.576614,-0.2398,none,,,False,,40,0,0.0749,0.07,
40,91,True,0.606365,-0.0871,none,,,False,,40,0,0.089,0.0213,
40,12,True,0.813639,0.9767,none,,,False,,40,0,0.0912,-0.0082,
40,68,True,0.692383,0.3543,none,,,False,,40,0,0.0817,-0.01,
40,92,True,0.686355,0.3234,none,,,False,,40,0,0.0802,-0.0403,
40,51,True,0.545073,-0.4017,none,,,False,,40,0,0.1019,-0.1386,
40,20,True,0.656043,0.1678,none,,,False,,40,0,0.087,-0.1775,
40,9,True,0.446955,-0.9053,none,,,False,,40,0,0.0936,-0.1967,
40,59,True,0.534599,-0.4555,none,,,False,,40,0,0.112,-0.2565,
40,11,True,0.509398,-0.5848,none,,,False,,40,0,0.1859,-0.3044,
40,3,True,0.568968,-0.2791,none,,,False,,40,0,0.1771,-0.3074,
40,94,True,0.498631,-0.6401,none,,,False,,40,0,0.3334,-1.7182,
40,96,True,0.19659,-2.1902,none,,,False,,40,0,0.3225,-2.9945,
40,46,True,0.092721,-2.7233,none,,,False,,40,0,0.3019,-1.9826,
40,58,True,0.511359,-0.5747,none,,,False,,40,0,0.2978,-1.5861,
40,16,True,0.332762,-1.4914,none,,,False,,40,0,0.2963,-2.297,
40,32,True,0.470788,-0.783,cusum,,,True,negative,40,0,0.2936,-1.5126,
40,52,True,0.304998,-1.6339,cusum,,,True,negative,40,0,0.2936,-2.209,
41,95,True,1.100744,2.1161,cusum,,,True,positive,41,0,0.2832,3.8566,
41,5,True,0.846678,0.9753,none,,,False,,41,0,0.2785,2.6933,
41,13,True,0.960487,1.4863,none,,,False,,41,0,0.2849,2.5769,
41,1,True,0.869318,1.077,none,,,False,,41,0,0.2785,2.4713,
41,78,True,0.922722,1.3168,none,,,False,,41,0,0.2735,2.3046,
41,27,True,0.765016,0.6086,cusum,,,True,positive,41,0,0.2785,2.1122,
41,35,True,0.928305,1.3418,none,,,False,,41,0,0.2772,2.0962,
41,31,True,0.786718,0.7061,none,,,False,,41,0,0.2832,1.9154,
41,44,True,0.581535,-0.2152,none,,,False,,41,0,0.2759,1.5479,
41,74,True,0.844512,0.9656,none,,,False,,41,0,0.28,0.6518,
41,36,True,0.63856,0.0408,none,,,False,,41,0,0.0785,0.4533,
41,87,True,0.603612,-0.1161,none,,,False,,41,0,0.096,0.398,
41,48,True,0.567663,-0.2775,none,,,False,,41,0,0.0832,0.348,
41,20,True,0.729412,0.4488,none,,,False,,41,0,0.0849,0.3434,
41,19,True,0.688941,0.2671,none,,,False,,41,0,0.0868,0.295,
41,12,True,0.772644,0.6429,none,,,False,,41,0,0.0888,0.2815,
41,10,True,0.570092,-0.2666,none,,,False,,41,0,0.0785,0.212,
41,92,True,0.632788,0.0149,none,,,False,,41,0,0.0785,0.1661,
41,23,True,0.658025,0.1282,none,,,False,,41,0,0.2785,0.0476,
41,91,True,0.626145,-0.0149,none,,,False,,41,0,0.0868,0.0305,
41,61,True,0.643605,0.0635,none,,,False,,41,0,0.0735,-0.0109,
41,68,True,0.856413,1.019,none,,,False,,41,0,0.08,-0.0431,
41,62,True,0.589545,-0.1793,none,,,False,,41,0,0.0832,-0.0589,
41,77,True,0.755108,0.5642,none,,,False,,41,0,0.0785,-0.0629,
41,51,True,0.602427,-0.1214,none,,,False,,41,0,0.096,-0.0862,
41,59,True,0.517593,-0.5023,none,,,False,,41,0,0.1041,-0.2771,
41,98,True,0.438245,-0.8586,none,,,False,,41,0,0.1755,-0.3094,
41,64,True,0.460295,-0.7596,none,,,False,,41,0,0.167,-0.3098,
41,29,True,0.464498,-0.7407,none,,,False,,41,0,0.1908,-0.31,
41,94,True,0.386968,-1.0889,none,,,False,,41,0,0.3243,-1.3694,
41,96,True,0.165218,-2.0846,cusum,,,True,negative,41,0,0.314,-3.0965,
41,50,True,0.310932,-1.4303,none,,,False,,41,0,0.2974,-3.017,
41,46,True,0.387241,-1.0876,cusum,,,True,negative,41,0,0.296,-2.4619,
41,16,True,0.256775,-1.6735,cusum,,,True,negative,41,0,0.2934,-2.1311,
41,32,True,0.54825,-0.3647,none,,,False,,41,0,0.291,-1.1891,
41,52,True,0.277388,-1.5809,none,,,False,,41,0,0.291,-2.3291,
42,95,True,1.234037,3.0,none,,,False,,42,0,0.2813,3.5597,
42,13,True,0.947149,1.6575,cusum,,,True,positive,42,0,0.283,2.6319,
42,1,True,0.773133,0.6656,cusum,,,True,positive,42,0,0.277,2.4312,
42,78,True,0.87641,1.2543,cusum,,,True,positive,42,0,0.2722,2.3424,
42,5,True,0.854671,1.1304,cusum,,,True,positive,42,0,0.277,2.2567,
42,35,True,0.753376,0.553,none,,,False,,42,0,0.2757,2.1976,
42,27,True,0.81261,0.8907,none,,,False,,42,0,0.277,2.077,
42,31,True,0.863862,1.1828,none,,,False,,42,0,0.2813,1.7786,
42,44,True,0.744387,0.5018,none,,,False,,42,0,0.2745,1.1161,
42,74,True,0.776241,0.6833,none,,,False,,42,0,0.2783,0.8286,
42,12,True,0.816213,0.9112,none,,,False,,42,0,0.0866,0.6136,
42,36,True,0.744451,0.5021,none,,,False,,42,0,0.077,0.4306,
42,20,True,0.763763,0.6122,none,,,False,,42,0,0.083,0.429,
42,19,True,0.564745,-0.5222,none,,,False,,42,0,0.0847,0.2867,
42,48,True,0.689393,0.1883,none,,,False,,42,0,0.0813,0.2858,
42,68,True,0.675404,0.1086,none,,,False,,42,0,0.0783,0.2563,
42,23,True,0.737193,0.4608,none,,,False,,42,0,0.277,0.2331,
42,92,True,0.624762,-0.1801,none,,,False,,42,0,0.077,0.176,
42,87,True,0.447333,-1.1915,none,,,False,,42,0,0.0932,0.1438,
42,77,True,0.572684,-0.477,none,,,False,,42,0,0.077,0.1213,
42,10,True,0.668485,0.0691,none,,,False,,42,0,0.077,0.1058,
42,91,True,0.644231,-0.0691,none,,,False,,42,0,0.0847,0.0942,
42,61,True,0.593767,-0.3568,none,,,False,,42,0,0.0722,-0.0371,
42,51,True,0.591274,-0.371,none,,,False,,42,0,0.0932,-0.0722,
42,62,True,0.483953,-0.9827,none,,,False,,42,0,0.0813,-0.119,
42,59,True,0.587288,-0.3937,none,,,False,,42,0,0.0966,-0.2658,
42,45,True,0.430139,-1.2895,none,,,False,,42,0,0.1894,-0.3274,
42,34,True,0.696922,0.2312,none,,,False,,42,0,0.226,-0.3312,
42,0,True,0.632941,-0.1335,none,,,False,,42,0,0.1492,-0.3327,
42,94,True,0.507376,-0.8492,none,,,False,,42,0,0.3159,-1.1892,
42,96,True,0.313876,-1.9522,none,,,False,,42,0,0.3061,-2.7958,
42,58,True,0.291741,-2.0784,none,,,False,,42,0,0.2949,-1.6827,
42,46,True,0.391542,-1.5095,none,,,False,,42,0,0.2932,-2.2912,
42,16,True,0.297393,-2.0462,none,,,False,,42,0,0.2908,-2.0677,
42,32,True,0.405997,-1.4271,none,,,False,,42,0,0.2886,-1.0177,
42,52,True,0.238277,-2.3831,cusum,,,True,negative,42,0,0.2886,-1.8592,
43,95,True,1.057609,1.8445,cusum,,,True,positive,43,0,0.2796,3.5575,
43,13,True,0.935383,1.3313,none,,,False,,43,0,0.2811,2.7689,
43,78,True,0.841637,0.9377,none,,,False,,43,0,0.271,2.4876,
43,5,True,0.780886,0.6826,none,,,False,,43,0,0.2755,2.3569,
43,31,True,0.964154,1.4521,none,,,False,,43,0,0.2796,2.2212,
43,1,True,0.887047,1.1283,none,,,False,,43,0,0.2755,2.0256,
43,35,True,0.862868,1.0268,cusum,,,True,positive,43,0,0.2743,1.9624,
43,27,True,0.781289,0.6843,none,,,False,,43,0,0.2755,1.9179,
43,12,True,0.531025,-0.3665,none,,,False,,43,0,0.0845,0.9527,
43,74,True,0.474506,-0.6038,none,,,False,,43,0,0.0768,0.9287,
43,68,True,0.847997,0.9644,none,,,False,,43,0,0.0768,0.592,
43,36,True,0.655678,0.1569,none,,,False,,43,0,0.0755,0.5283,
43,20,True,0.662824,0.1869,none,,,False,,43,0,0.0811,0.5139,
43,23,True,0.596705,-0.0907,none,,,False,,43,0,0.2755,0.2919,
43,44,True,0.69178,0.3085,none,,,False,,43,0,0.2731,0.1992,
43,19,True,0.836482,0.916,none,,,False,,43,0,0.0828,0.174,
43,92,True,0.569036,-0.2069,none,,,False,,43,0,0.0755,0.149,
43,48,True,0.816595,0.8325,none,,,False,,43,0,0.0796,0.1427,
43,91,True,0.62485,0.0274,none,,,False,,43,0,0.0828,0.0495,
43,10,True,0.580537,-0.1586,none,,,False,,43,0,0.0755,0.031,
43,61,True,0.587613,-0.1289,none,,,False,,43,0,0.071,-0.0879,
43,77,True,0.703029,0.3557,none,,,False,,43,0,0.0755,-0.18,
43,51,True,0.66726,0.2055,none,,,False,,43,0,0.0906,-0.1802,
43,34,True,0.481074,-0.5762,none,,,False,,43,0,0.1177,-0.2242,
43,59,True,0.459605,-0.6664,none,,,False,,43,0,0.093,-0.3292,
43,87,True,0.652857,0.145,none,,,False,,43,0,0.0906,-0.3293,
43,84,True,0.490178,-0.538,none,,,False,,43,0,0.2665,-0.3355,
43,30,True,0.48909,-0.5426,none,,,False,,43,0,0.2843,-0.3372,
43,86,True,0.611778,-0.0274,none,,,False,,43,0,0.2305,-0.3407,
43,94,True,0.442332,-0.7389,none,,,False,,43,0,0.3081,-1.2303,
43,96,True,-0.191156,-3.0,cusum,,,True,negative,43,0,0.2987,-2.4507,
43,50,True,0.311851,-1.2868,none,,,False,,43,0,0.2945,-2.4967,
43,46,True,0.377936,-1.0093,none,,,False,,43,0,0.2906,-2.1556,
43,16,True,0.282765,-1.4089,cusum,,,True,negative,43,0,0.2884,-2.1223,
43,32,True,0.449449,-0.709,none,,,False,,43,0,0.2864,-1.2464,
43,52,True,0.280314,-1.4192,none,,,False,,43,0,0.2864,-2.2542,
44,95,True,0.945814,2.1876,none,,,False,,44,0,0.278,3.4202,
44,13,True,0.800936,1.1712,none,,,False,,44,0,0.2794,2.5938,
44,78,True,0.795641,1.1341,none,,,False,,44,0,0.2698,2.258,
44,31,True,0.702493,0.4806,cusum,,,True,positive,44,0,0.278,2.2137,
44,35,True,0.781166,1.0326,none,,,False,,44,0,0.2729,2.0667,
44,1,True,0.914048,1.9648,none,,,False,,44,0,0.2741,2.0515,
44,5,True,0.876546,1.7017,none,,,False,,44,0,0.2741,2.0239,
44,27,True,0.791104,1.1023,none,,,False,,44,0,0.2741,1.8224,
44,68,True,0.724739,0.6367,none,,,False,,44,0,0.0753,0.7936,
44,20,True,0.642845,0.0622,none,,,False,,44,0,0.0794,0.518,
44,12,True,0.653204,0.1349,none,,,False,,44,0,0.0826,0.5025,
44,74,True,0.669006,0.2457,none,,,False,,44,0,0.0753,0.4446,
44,48,True,0.609022,-0.1751,none,,,False,,44,0,0.078,0.3478,
44,36,True,0.705733,0.5034,none,,,False,,44,0,0.0741,0.3278,
44,19,True,0.732744,0.6929,none,,,False,,44,0,0.0809,0.3246,
44,44,True,0.610242,-0.1665,none,,,False,,44,0,0.2719,0.2896,
44,23,True,0.585473,-0.3403,none,,,False,,44,0,0.0741,0.2606,
44,77,True,0.57572,-0.4087,none,,,False,,44,0,0.0741,0.2421,
44,91,True,0.635051,0.0075,none,,,False,,44,0,0.0809,0.0854,
44,51,True,0.676331,0.2971,none,,,False,,44,0,0.0883,0.0191,
44,10,True,0.600095,-0.2377,none,,,False,,44,0,0.0741,-0.0242,
44,92,True,0.648365,0.1009,none,,,False,,44,0,0.0741,-0.0295,
44,61,True,0.639326,0.0375,none,,,False,,44,0,0.0698,-0.0523,
44,30,True,0.540452,-0.6561,none,,,False,,44,0,0.1741,-0.1083,
44,34,True,0.632906,-0.0075,none,,,False,,44,0,0.1099,-0.1815,
44,87,True,0.603503,-0.2138,none,,,False,,44,0,0.0883,-0.2728,
44,80,True,0.352321,-1.9759,none,,,False,,44,0,0.2054,-0.3421,
44,9,True,0.469434,-1.1543,none,,,False,,44,0,0.1143,-0.3441,
44,57,True,0.317146,-2.2227,none,,,False,,44,0,0.1895,-0.3521,
44,94,True,0.474667,-1.1176,cusum,,,True,negative,44,0,0.3008,-1.2673,
44,96,True,0.091785,-3.0,none,,,False,,44,0,0.2928,-2.7243,
44,58,True,0.492694,-0.9911,none,,,False,,44,0,0.2923,-1.8345,
44,90,True,0.251725,-2.6816,none,,,False,,44,0,0.2909,-1.1239,
44,93,True,0.376618,-1.8055,none,,,False,,44,0,0.2909,-0.4472,
44,26,True,0.346832,-2.0144,none,,,False,,44,0,0.2907,-0.6642,
44,38,True,0.411145,-1.5632,none,,,False,,44,0,0.2907,-0.7233,
45,95,True,1.041155,2.0247,cusum,,,True,positive,45,0,0.2764,3.4421,
45,13,True,0.930347,1.4519,cusum,,,True,positive,45,0,0.2778,2.4867,
45,1,True,0.721212,0.3709,cusum,,,True,positive,45,0,0.2728,2.3458,
45,5,True,0.643178,-0.0325,cusum,,,True,positive,45,0,0.2728,2.2644,
45,78,True,0.879951,1.1914,none,,,False,,45,0,0.2687,2.1957,
45,31,True,0.98669,1.7432,none,,,False,,45,0,0.2764,2.1366,
45,27,True,0.657143,0.0397,none,,,False,,45,0,0.2728,1.9853,
45,35,True,0.80496,0.8038,none,,,False,,45,0,0.2717,1.9621,
45,68,True,0.73651,0.45,none,,,False,,45,0,0.0739,0.6644,
45,36,True,0.798972,0.7728,none,,,False,,45,0,0.0728,0.4803,
45,19,True,0.808713,0.8232,none,,,False,,45,0,0.0792,0.4643,
45,20,True,0.700619,0.2644,none,,,False,,45,0,0.0778,0.3871,
45,48,True,0.656737,0.0376,none,,,False,,45,0,0.0764,0.38,
45,12,True,0.732683,0.4302,none,,,False,,45,0,0.0808,0.3308,
45,44,True,0.724052,0.3856,none,,,False,,45,0,0.2706,0.3044,
45,74,True,0.7551,0.5461,none,,,False,,45,0,0.0739,0.2029,
45,51,True,0.584783,-0.3343,none,,,False,,45,0,0.086,0.1557,
45,23,True,0.519779,-0.6704,none,,,False,,45,0,0.0728,0.1028,
45,91,True,0.571746,-0.4017,none,,,False,,45,0,0.0792,0.0907,
45,34,True,0.655747,0.0325,none,,,False,,45,0,0.1027,0.0075,
45,92,True,0.603381,-0.2382,none,,,False,,45,0,0.0728,-0.0025,
45,10,True,0.703297,0.2783,none,,,False,,45,0,0.0728,-0.0162,
45,61,True,0.51453,-0.6975,none,,,False,,45,0,0.0687,-0.0624,
45,77,True,0.668148,0.0966,none,,,False,,45,0,0.0728,-0.0838,
45,87,True,0.522559,-0.656,none,,,False,,45,0,0.086,-0.3083,
45,30,True,0.518179,-0.6786,none,,,False,,45,0,0.1629,-0.3093,
45,72,True,0.515897,-0.6904,none,,,False,,45,0,0.2216,-0.3522,
45,11,True,0.461823,-0.9699,none,,,False,,45,0,0.1619,-0.3574,
45,21,True,0.612706,-0.19,none,,,False,,45,0,0.1982,-0.3576,
45,90,True,0.24427,-2.0945,cusum,,,True,negative,45,0,0.3751,-2.1337,
45,93,True,0.436316,-1.1018,cusum,,,True,negative,45,0,0.3751,-1.4787,
45,57,True,0.384648,-1.3689,cusum,,,True,negative,45,0,0.3027,-1.6943,
45,80,True,0.439254,-1.0866,cusum,,,True,negative,45,0,0.3027,-1.5656,
45,73,True,0.32615,-1.6713,none,,,False,,45,0,0.2965,-0.633,
45,46,True,0.101533,-2.8323,none,,,False,,45,0,0.2959,-1.5874,
45,6,True,0.317497,-1.716,none,,,False,,45,0,0.2951,-1.0102,
46,95,True,1.149118,2.9065,none,,,False,,46,0,0.275,3.1152,
46,13,True,0.816816,1.1493,none,,,False,,46,0,0.2762,2.4162,
46,31,True,1.084932,2.5671,none,,,False,,46,0,0.275,2.3215,
46,1,True,0.793951,1.0284,none,,,False,,46,0,0.2715,2.246,
46,78,True,0.812026,1.124,cusum,,,True,positive,46,0,0.2676,2.1735,
46,35,True,0.733413,0.7083,none,,,False,,46,0,0.2705,2.0442,
46,5,True,0.843142,1.2885,none,,,False,,46,0,0.2715,1.8752,
46,36,True,0.665435,0.3488,cusum,,,True,positive,46,0,0.2715,1.569,
46,19,True,0.691363,0.4859,none,,,False,,46,0,0.0776,0.9107,
46,68,True,0.600132,0.0035,none,,,False,,46,0,0.0726,0.7765,
46,27,True,0.904565,1.6133,none,,,False,,46,0,0.2715,0.7,
46,48,True,0.837273,1.2575,none,,,False,,46,0,0.075,0.3279,
46,20,True,0.517766,-0.432,none,,,False,,46,0,0.0762,0.2692,
46,44,True,0.58667,-0.0677,none,,,False,,46,0,0.2695,0.2642,
46,12,True,0.486327,-0.5983,none,,,False,,46,0,0.0791,0.1682,
46,51,True,0.626736,0.1442,none,,,False,,46,0,0.084,0.1652,
46,74,True,0.749554,0.7936,none,,,False,,46,0,0.0726,0.1555,
46,77,True,0.598806,-0.0035,none,,,False,,46,0,0.0715,0.1058,
46,10,True,0.721717,0.6464,none,,,False,,46,0,0.0715,0.0519,
46,91,True,0.595735,-0.0197,none,,,False,,46,0,0.0776,-0.0223,
46,92,True,0.602281,0.0149,none,,,False,,46,0,0.0715,-0.0234,
46,34,True,0.624313,0.1314,none,,,False,,46,0,0.0959,-0.0625,
46,87,True,0.757502,0.8357,none,,,False,,46,0,0.084,-0.1325,
46,61,True,0.539001,-0.3198,none,,,False,,46,0,0.0676,-0.1772,
46,21,True,0.548293,-0.2706,none,,,False,,46,0,0.1422,-0.2115,
46,23,True,0.508073,-0.4833,none,,,False,,46,0,0.0715,-0.2758,
46,72,True,0.438597,-0.8507,none,,,False,,46,0,0.1422,-0.3315,
46,67,True,0.466614,-0.7025,none,,,False,,46,0,0.1931,-0.3635,
46,8,True,0.462674,-0.7234,none,,,False,,46,0,0.2444,-0.3655,
46,90,True,0.272668,-1.7281,none,,,False,,46,0,0.3639,-2.2115,
46,93,True,0.387244,-1.1222,none,,,False,,46,0,0.3639,-1.507,
46,6,True,0.159422,-2.327,cusum,,,True,negative,46,0,0.3528,-2.0313,
46,94,True,0.558325,-0.2176,none,,,False,,46,0,0.3035,-1.2806,
46,16,True,0.279286,-1.6931,none,,,False,,46,0,0.3011,-2.0977,
46,25,True,0.526596,-0.3854,none,,,False,,46,0,0.3009,-0.6386,
46,32,True,0.506946,-0.4893,none,,,False,,46,0,0.2992,-0.7245,
47,95,True,1.166938,2.9711,cusum,,,True,positive,47,0,0.2736,3.4674,
47,31,True,0.764089,0.9067,cusum,,,True,positive,47,0,0.2736,2.6915,
47,13,True,0.954925,1.8846,none,,,False,,47,0,0.2748,2.3537,
47,78,True,0.625221,0.1951,none,,,False,,47,0,0.2666,2.2344,
47,1,True,0.806267,1.1229,none,,,False,,47,0,0.2703,2.2112,
47,5,True,0.768125,0.9274,none,,,False,,47,0,0.2703,2.0757,
47,27,True,0.977618,2.0009,cusum,,,True,positive,47,0,0.2703,2.0082,
47,35,True,0.713355,0.6467,none,,,False,,47,0,0.2693,1.9366,
47,36,True,0.645535,0.2992,none,,,False,,47,0,0.2703,1.6315,
47,19,True,0.734508,0.7551,none,,,False,,47,0,0.0761,0.7654,
47,74,True,0.687749,0.5155,none,,,False,,47,0,0.0713,0.6198,
47,48,True,0.567584,-0.1002,none,,,False,,47,0,0.0736,0.4678,
47,68,True,0.718344,0.6723,none,,,False,,47,0,0.0713,0.4547,
47,10,True,0.714706,0.6537,none,,,False,,47,0,0.0703,0.3188,
47,34,True,0.4637,-0.6326,none,,,False,,47,0,0.0899,0.17,
47,51,True,0.731624,0.7404,none,,,False,,47,0,0.0821,0.1423,
47,44,True,0.525692,-0.3149,none,,,False,,47,0,0.2684,0.1375,
47,87,True,0.727578,0.7196,none,,,False,,47,0,0.0821,0.0952,
47,12,True,0.565119,-0.1129,none,,,False,,47,0,0.0774,0.0889,
47,20,True,0.455094,-0.6767,none,,,False,,47,0,0.0748,0.0611,
47,92,True,0.494716,-0.4736,none,,,False,,47,0,0.0703,0.049,
47,77,True,0.49105,-0.4924,none,,,False,,47,0,0.0703,-0.0154,
47,91,True,0.562968,-0.1239,none,,,False,,47,0,0.0761,-0.0399,
47,21,True,0.523245,-0.3274,none,,,False,,47,0,0.1336,-0.0893,
47,61,True,0.730863,0.7365,none,,,False,,47,0,0.0666,-0.2421,
47,86,True,0.606703,0.1002,none,,,False,,47,0,0.1658,-0.3694,
47,97,True,0.421209,-0.8503,none,,,False,,47,0,0.2433,-0.3695,
47,82,True,0.414825,-0.883,none,,,False,,47,0,0.2403,-0.381,
47,65,True,0.471898,-0.5906,none,,,False,,47,0,0.1648,-0.3886,
47,90,True,0.295534,-1.4943,cusum,,,True,negative,47,0,0.3539,-2.5173,
47,93,True,0.374291,-1.0907,none,,,False,,47,0,0.3539,-1.6924,
47,6,True,0.280589,-1.5709,none,,,False,,47,0,0.3435,-2.4703,
47,50,True,0.406657,-0.9249,none,,,False,,47,0,0.3062,-1.5101,
47,52,True,0.16281,-2.1744,none,,,False,,47,0,0.3062,-2.1853,
47,57,True,0.675895,0.4548,none,,,False,,47,0,0.3052,-1.8378,
47,80,True,0.551643,-0.1819,none,,,False,,47,0,0.3052,-1.8021,
48,95,True,1.025968,2.5172,none,,,False,,48,0,0.2723,3.727,
48,31,True,1.091339,2.9365,none,,,False,,48,0,0.2723,2.8319,
48,13,True,0.644624,0.0711,cusum,,,True,positive,48,0,0.2734,2.5898,
48,27,True,0.877608,1.5656,none,,,False,,48,0,0.2692,2.3064,
48,1,True,0.834589,1.2896,none,,,False,,48,0,0.2692,1.9291,
48,78,True,0.724153,0.5813,none,,,False,,48,0,0.2656,1.9202,
48,5,True,0.958772,2.0862,none,,,False,,48,0,0.2692,1.8162,
48,35,True,0.753225,0.7677,cusum,,,True,positive,48,0,0.2682,1.8067,
48,36,True,0.712088,0.5039,none,,,False,,48,0,0.2692,1.562,
48,19,True,0.635813,0.0146,none,,,False,,48,0,0.0746,0.7843,
48,74,True,0.631257,-0.0146,none,,,False,,48,0,0.0702,0.7082,
48,10,True,0.714922,0.522,none,,,False,,48,0,0.0692,0.6145,
48,48,True,0.674946,0.2656,none,,,False,,48,0,0.0723,0.4911,
48,68,True,0.656675,0.1484,none,,,False,,48,0,0.0702,0.4651,
48,87,True,0.708375,0.48,none,,,False,,48,0,0.0803,0.404,
48,51,True,0.64357,0.0644,none,,,False,,48,0,0.0803,0.2877,
48,44,True,0.512038,-0.7793,none,,,False,,48,0,0.0673,0.0867,
48,12,True,0.677226,0.2802,none,,,False,,48,0,0.0759,0.0044,
48,61,True,0.507649,-0.8075,none,,,False,,48,0,0.0656,-0.0103,
48,34,True,0.625585,-0.051,none,,,False,,48,0,0.0876,-0.0415,
48,77,True,0.283927,-2.2425,none,,,False,,48,0,0.0692,-0.0447,
48,91,True,0.601714,-0.2041,none,,,False,,48,0,0.0746,-0.0856,
48,21,True,0.582992,-0.3242,none,,,False,,48,0,0.1256,-0.1291,
48,92,True,0.62754,-0.0385,none,,,False,,48,0,0.0692,-0.1439,
48,86,True,0.489567,-0.9235,none,,,False,,48,0,0.1349,-0.1795,
48,20,True,0.652106,0.1191,none,,,False,,48,0,0.0734,-0.1869,
48,59,True,0.4468,-1.1978,none,,,False,,48,0,0.1206,-0.403,
48,0,True,0.564649,-0.4419,none,,,False,,48,0,0.1531,-0.4064,
48,23,True,0.652648,0.1226,none,,,False,,48,0,0.0774,-0.4082,
48,90,True,0.302715,-2.122,none,,,False,,48,0,0.3447,-2.128,
48,93,True,0.436078,-1.2666,none,,,False,,48,0,0.3447,-1.4606,
48,6,True,0.37002,-1.6903,cusum,,,True,negative,48,0,0.3349,-2.2326,
48,96,True,0.287504,-2.2196,none,,,False,,48,0,0.3133,-3.0329,
48,17,True,0.335273,-1.9131,none,,,False,,48,0,0.3089,-0.9326,
48,99,True,0.368731,-1.6985,none,,,False,,48,0,0.3079,-1.0431,
48,7,True,0.331861,-1.935,none,,,False,,48,0,0.3051,-0.5047,
49,95,True,1.042706,2.5398,cusum,,,True,positive,49,0,0.271,3.8895,
49,31,True,0.988647,2.2328,cusum,,,True,positive,49,0,0.271,3.2281,
49,27,True,0.798363,1.1523,cusum,,,True,positive,49,0,0.2681,2.8136,
49,5,True,0.826913,1.3144,cusum,,,True,positive,49,0,0.2681,2.5211,
49,1,True,0.897053,1.7127,cusum,,,True,positive,49,0,0.2681,2.234,
49,13,True,0.88646,1.6525,none,,,False,,49,0,0.2721,2.1279,
49,35,True,0.791066,1.1108,none,,,False,,49,0,0.2672,1.7933,
49,78,True,0.719339,0.7035,none,,,False,,49,0,0.2647,1.7157,
49,36,True,0.582757,-0.0721,none,,,False,,49,0,0.2681,1.471,
49,87,True,0.503482,-0.5222,none,,,False,,49,0,0.0786,0.7805,
49,10,True,0.586754,-0.0494,none,,,False,,49,0,0.0681,0.6944,
49,48,True,0.768562,0.983,none,,,False,,49,0,0.071,0.5656,
49,74,True,0.649526,0.3071,none,,,False,,49,0,0.069,0.5199,
49,19,True,0.693462,0.5566,none,,,False,,49,0,0.0733,0.5131,
49,51,True,0.713026,0.6677,none,,,False,,49,0,0.0786,0.4184,
49,68,True,0.806131,1.1964,none,,,False,,49,0,0.069,0.3631,
49,91,True,0.596307,0.0049,none,,,False,,49,0,0.0733,-0.0214,
49,12,True,0.588663,-0.0385,none,,,False,,49,0,0.0745,-0.0474,
49,61,True,0.698788,0.5868,none,,,False,,49,0,0.0647,-0.0481,
49,34,True,0.622559,0.1539,none,,,False,,49,0,0.0854,-0.0723,
49,92,True,0.575487,-0.1134,none,,,False,,49,0,0.0681,-0.0787,
49,86,True,0.556371,-0.2219,none,,,False,,49,0,0.127,-0.1499,
49,21,True,0.531251,-0.3646,none,,,False,,49,0,0.1181,-0.1783,
49,20,True,0.606965,0.0654,none,,,False,,49,0,0.0721,-0.237,
49,23,True,0.456333,-0.79,none,,,False,,49,0,0.069,-0.2553,
49,0,True,0.481916,-0.6447,none,,,False,,49,0,0.1096,-0.3007,
49,44,True,0.657678,0.3534,none,,,False,,49,0,0.0663,-0.3028,
49,22,True,0.577272,-0.1032,none,,,False,,49,0,0.2127,-0.4197,
49,85,True,0.443026,-0.8655,none,,,False,,49,0,0.2076,-0.4217,
49,17,True,0.344067,-1.4275,cusum,,,True,negative,49,0,0.3668,-1.8512,
49,90,True,0.367783,-1.2928,cusum,,,True,negative,49,0,0.3362,-2.1428,
49,93,True,0.439284,-0.8868,cusum,,,True,negative,49,0,0.3362,-1.5212,
49,6,True,0.32426,-1.54,none,,,False,,49,0,0.327,-2.2291,
49,58,True,0.594591,-0.0049,none,,,False,,49,0,0.3103,-1.1082,
49,70,True,0.227417,-2.0899,none,,,False,,49,0,0.3101,-1.5465,
49,94,True,0.47547,-0.6813,none,,,False,,49,0,0.3076,-0.5735,
50,95,True,2.398786,3.0,none,,,False,,50,0,0.2699,3.7658,
50,31,True,0.88749,1.281,none,,,False,,50,0,0.2699,3.1151,
50,27,True,0.763224,0.5754,none,,,False,,50,0,0.267,2.6587,
50,5,True,0.820126,0.8985,none,,,False,,50,0,0.267,2.5284,
50,1,True,0.808246,0.831,none,,,False,,50,0,0.267,2.4608,
50,13,True,0.844407,1.0363,none,,,False,,50,0,0.2709,2.2941,
50,35,True,0.801736,0.7941,none,,,False,,50,0,0.2662,1.9263,
50,68,True,0.779772,0.6693,cusum,,,True,positive,50,0,0.2679,1.7594,
50,78,True,0.606377,-0.3152,none,,,False,,50,0,0.2638,1.5744,
50,36,True,0.770548,0.617,none,,,False,,50,0,0.267,1.3294,
50,51,True,0.659561,-0.0132,none,,,False,,50,0,0.077,0.5908,
50,19,True,0.656854,-0.0286,none,,,False,,50,0,0.072,0.535,
50,48,True,0.69774,0.2036,none,,,False,,50,0,0.0699,0.4726,
50,10,True,0.720091,0.3305,none,,,False,,50,0,0.067,0.4612,
50,74,True,0.890483,1.298,none,,,False,,50,0,0.0679,0.3564,
50,87,True,0.739864,0.4427,none,,,False,,50,0,0.077,0.3258,
50,61,True,0.689074,0.1544,none,,,False,,50,0,0.0638,0.253,
50,12,True,0.588784,-0.4151,none,,,False,,50,0,0.0731,0.1374,
50,91,True,0.586389,-0.4287,none,,,False,,50,0,0.072,-0.0149,
50,34,True,0.738681,0.436,none,,,False,,50,0,0.0834,-0.0674,
50,20,True,0.589668,-0.4101,none,,,False,,50,0,0.0709,-0.0728,
50,92,True,0.598645,-0.3591,none,,,False,,50,0,0.067,-0.1227,
50,44,True,1.217557,3.0,none,,,False,,50,0,0.0653,-0.1636,
50,21,True,0.527399,-0.7636,none,,,False,,50,0,0.1112,-0.2137,
50,86,True,0.465802,-1.1134,none,,,False,,50,0,0.1196,-0.2193,
50,0,True,0.503836,-0.8974,none,,,False,,50,0,0.103,-0.2854,
50,23,True,0.664217,0.0132,none,,,False,,50,0,0.0679,-0.2965,
50,3,True,0.561603,-0.5694,none,,,False,,50,0,0.2004,-0.4257,
50,17,True,0.34752,-1.785,none,,,False,,50,0,0.357,-2.0752,
50,70,True,0.229256,-2.4565,cusum,,,True,negative,50,0,0.3374,-2.1549,
50,90,True,0.246933,-2.3561,none,,,False,,50,0,0.3283,-2.0027,
50,93,True,0.428524,-1.325,none,,,False,,50,0,0.3283,-1.4477,
50,6,True,0.344227,-1.8037,cusum,,,True,negative,50,0,0.3196,-1.9713,
50,46,True,0.407642,-1.4436,none,,,False,,50,0,0.3133,-1.6719,
50,57,True,0.596822,-0.3695,none,,,False,,50,0,0.3091,-0.9277,
50,80,True,0.781587,0.6796,none,,,False,,50,0,0.3091,-0.9636,
51,95,True,2.269333,3.0,cusum,,,True,positive,51,0,0.2687,3.774,
51,31,True,0.948232,1.8561,cusum,,,True,positive,51,0,0.2687,3.2385,
51,5,True,1.0082,2.1945,none,,,False,,51,0,0.266,2.5175,
51,1,True,0.841787,1.2555,none,,,False,,51,0,0.266,2.3623,
51,27,True,0.893155,1.5453,none,,,False,,51,0,0.266,2.1823,
51,13,True,0.738981,0.6753,none,,,False,,51,0,0.2697,2.0098,
51,35,True,0.649652,0.1713,none,,,False,,51,0,0.2652,1.9742,
51,44,True,0.980072,2.0358,cusum,,,True,positive,51,0,0.2644,1.9402,
51,68,True,0.518537,-0.5686,none,,,False,,51,0,0.2669,1.7571,
51,74,True,0.825551,1.1639,none,,,False,,51,0,0.0669,0.6159,
51,48,True,0.627249,0.0448,none,,,False,,51,0,0.0687,0.5725,
51,36,True,0.631423,0.0684,none,,,False,,51,0,0.266,0.4341,
51,78,True,0.738678,0.6736,none,,,False,,51,0,0.2629,0.4033,
51,10,True,0.604663,-0.0826,none,,,False,,51,0,0.066,0.3522,
51,51,True,0.680278,0.3441,none,,,False,,51,0,0.0755,0.3377,
51,34,True,0.65295,0.1899,none,,,False,,51,0,0.0815,0.2863,
51,19,True,0.567374,-0.293,none,,,False,,51,0,0.0708,0.2722,
51,87,True,0.642829,0.1328,none,,,False,,51,0,0.0755,0.2316,
51,61,True,0.588728,-0.1725,none,,,False,,51,0,0.0629,0.058,
51,12,True,0.589986,-0.1654,none,,,False,,51,0,0.0719,0.0351,
51,20,True,0.390745,-1.2897,none,,,False,,51,0,0.0697,0.0146,
51,80,True,0.735642,0.6565,none,,,False,,51,0,0.2891,-0.0816,
51,92,True,0.637914,0.105,none,,,False,,51,0,0.066,-0.0858,
51,91,True,0.666221,0.2648,none,,,False,,51,0,0.0708,-0.118,
51,23,True,0.566737,-0.2966,none,,,False,,51,0,0.0669,-0.1323,
51,57,True,0.30612,-1.7673,none,,,False,,51,0,0.2891,-0.3131,
51,21,True,0.611353,-0.0448,none,,,False,,51,0,0.1046,-0.3629,
51,29,True,0.506011,-0.6393,none,,,False,,51,0,0.1827,-0.4269,
51,17,True,0.339543,-1.5787,cusum,,,True,negative,51,0,0.348,-2.0642,
51,70,True,0.21011,-2.309,none,,,False,,51,0,0.3296,-2.4199,
51,90,True,0.276928,-1.932,cusum,,,True,negative,51,0,0.321,-2.2945,
51,93,True,0.366603,-1.426,none,,,False,,51,0,0.321,-1.5304,
51,6,True,0.406261,-1.2022,none,,,False,,51,0,0.3127,-2.053,
51,18,True,0.341695,-1.5665,none,,,False,,51,0,0.3126,-0.6053,
51,16,True,0.373361,-1.3878,none,,,False,,51,0,0.3107,-2.1069,
51,41,True,0.308668,-1.7529,none,,,False,,51,0,0.3103,-0.8548,
52,95,True,2.245579,3.0,none,,,False,,52,0,0.2677,3.9336,
52,44,True,1.017981,1.6851,none,,,False,,52,0,0.2635,2.8775,
52,31,True,0.950836,1.3854,none,,,False,,52,0,0.2677,2.877,
52,5,True,0.80478,0.7335,cusum,,,True,positive,52,0,0.2651,2.5525,
52,1,True,0.778352,0.6155,cusum,,,True,positive,52,0,0.2651,2.3497,
52,13,True,1.020782,1.6976,none,,,False,,52,0,0.2686,2.2098,
52,27,True,0.809381,0.754,none,,,False,,52,0,0.2651,2.1743,
52,74,True,0.869252,1.0213,cusum,,,True,positive,52,0,0.2659,2.0075,
52,35,True,0.711874,0.3188,none,,,False,,52,0,0.2643,1.7743,
52,68,True,0.651207,0.048,none,,,False,,52,0,0.2659,1.5169,
52,48,True,0.629714,-0.048,none,,,False,,52,0,0.0677,0.4975,
52,80,True,0.675649,0.1571,none,,,False,,52,0,0.285,0.4965,
52,78,True,0.886198,1.0969,none,,,False,,52,0,0.2621,0.433,
52,51,True,0.553443,-0.3884,none,,,False,,52,0,0.0741,0.4291,
52,34,True,0.678182,0.1684,none,,,False,,52,0,0.0797,0.3642,
52,36,True,0.538025,-0.4572,none,,,False,,52,0,0.2651,0.2878,
52,61,True,0.377635,-1.1732,none,,,False,,52,0,0.0621,0.2686,
52,19,True,0.597173,-0.1932,none,,,False,,52,0,0.0696,0.1681,
52,10,True,0.730353,0.4013,none,,,False,,52,0,0.0651,0.1495,
52,87,True,0.680917,0.1806,none,,,False,,52,0,0.0741,0.114,
52,91,True,0.562488,-0.348,none,,,False,,52,0,0.0696,0.0368,
52,92,True,0.573071,-0.3008,none,,,False,,52,0,0.0651,-0.0391,
52,12,True,0.736511,0.4287,none,,,False,,52,0,0.0706,-0.1151,
52,21,True,0.590089,-0.2248,none,,,False,,52,0,0.0984,-0.2732,
52,23,True,0.710194,0.3113,none,,,False,,52,0,0.0659,-0.2733,
52,37,True,0.448038,-0.8589,none,,,False,,52,0,0.2634,-0.4424,
52,47,True,0.660163,0.0879,none,,,False,,52,0,0.2972,-0.4433,
52,57,True,0.595147,-0.2023,none,,,False,,52,0,0.285,-0.4488,
52,41,True,0.289788,-1.5653,cusum,,,True,negative,52,0,0.3693,-1.5894,
52,18,True,0.329077,-1.3899,cusum,,,True,negative,52,0,0.3588,-1.5474,
52,17,True,0.305703,-1.4943,none,,,False,,52,0,0.3397,-1.9584,
52,70,True,0.147269,-2.2015,cusum,,,True,negative,52,0,0.3223,-2.656,
52,90,True,0.22992,-1.8325,none,,,False,,52,0,0.3141,-2.2353,
52,93,True,0.287133,-1.5772,cusum,,,True,negative,52,0,0.3141,-1.5876,
52,69,True,0.409119,-1.0326,none,,,False,,52,0,0.3136,-1.0166,
52,96,True,-0.164104,-3.0,none,,,False,,52,0,0.3111,-2.6251,
53,95,True,1.996526,3.0,cusum,,,True,positive,53,0,0.2666,4.0857,
53,44,True,1.129865,3.0,cusum,,,True,positive,53,0,0.2626,3.3204,
53,31,True,1.061574,2.6493,cusum,,,True,positive,53,0,0.2666,2.5933,
53,5,True,0.650951,0.1306,none,,,False,,53,0,0.2641,2.3577,
53,74,True,0.807944,1.0935,none,,,False,,53,0,0.2649,2.2444,
53,13,True,0.862151,1.426,cusum,,,True,positive,53,0,0.2675,2.2235,
53,27,True,0.749483,0.735,cusum,,,True,positive,53,0,0.2641,2.0404,
53,1,True,0.80648,1.0846,none,,,False,,53,0,0.2641,1.9829,
53,68,True,0.525084,-0.6415,none,,,False,,53,0,0.2649,1.1329,
53,80,True,0.742931,0.6948,none,,,False,,53,0,0.283,0.6068,
53,78,True,0.725899,0.5903,none,,,False,,53,0,0.2613,0.5632,
53,35,True,0.727857,0.6023,none,,,False,,53,0,0.2634,0.5091,
53,34,True,0.742646,0.693,none,,,False,,53,0,0.078,0.3668,
53,87,True,0.624205,-0.0335,none,,,False,,53,0,0.0727,0.3465,
53,10,True,0.6518,0.1358,none,,,False,,53,0,0.0641,0.2986,
53,36,True,0.677755,0.295,none,,,False,,53,0,0.2641,0.1582,
53,48,True,0.642426,0.0783,none,,,False,,53,0,0.0666,0.1526,
53,23,True,0.616418,-0.0812,none,,,False,,53,0,0.0649,0.0926,
53,51,True,0.617156,-0.0767,none,,,False,,53,0,0.0727,0.0753,
53,12,True,0.635123,0.0335,none,,,False,,53,0,0.0695,0.0392,
53,91,True,0.614521,-0.0929,none,,,False,,53,0,0.0685,-0.0823,
53,19,True,0.736605,0.656,none,,,False,,53,0,0.0685,-0.0832,
53,92,True,0.574938,-0.3357,none,,,False,,53,0,0.0641,-0.1028,
53,21,True,0.604034,-0.1572,none,,,False,,53,0,0.0926,-0.2297,
53,61,True,0.111238,-3.0,none,,,False,,53,0,0.0613,-0.319,
53,47,True,0.600152,-0.181,none,,,False,,53,0,0.1597,-0.3326,
53,20,True,0.691859,0.3815,none,,,False,,53,0,0.0751,-0.4564,
53,3,True,0.44102,-1.1571,none,,,False,,53,0,0.1452,-0.4637,
53,41,True,0.185664,-2.7234,none,,,False,,53,0,0.3597,-1.9213,
53,18,True,0.320048,-1.8991,none,,,False,,53,0,0.35,-1.9514,
53,17,True,0.310498,-1.9577,none,,,False,,53,0,0.332,-1.9857,
53,70,True,0.180443,-2.7555,none,,,False,,53,0,0.3155,-2.6973,
53,43,True,0.305766,-1.9867,none,,,False,,53,0,0.3154,-0.6477,
53,15,True,0.6017,-0.1715,none,,,False,,53,0,0.3151,-0.4843,
53,52,True,0.40562,-1.3743,none,,,False,,53,0,0.3142,-1.8856,
53,6,True,0.464342,-1.0141,none,,,False,,53,0,0.3142,-1.894,
54,95,True,2.407585,3.0,none,,,False,,54,0,0.2656,4.0845,
54,44,True,1.175842,2.9698,none,,,False,,54,0,0.2618,3.3194,
54,31,True,0.875913,1.3168,none,,,False,,54,0,0.2656,3.0481,
54,13,True,0.831679,1.073,none,,,False,,54,0,0.2665,2.3521,
54,74,True,0.736709,0.5496,none,,,False,,54,0,0.264,2.1751,
54,5,True,0.759259,0.6739,none,,,False,,54,0,0.2633,2.1006,
54,27,True,0.879165,1.3347,none,,,False,,54,0,0.2633,2.0925,
54,1,True,0.820131,1.0094,none,,,False,,54,0,0.2633,2.0663,
54,78,True,0.762599,0.6923,none,,,False,,54,0,0.2605,0.8641,
54,68,True,0.614576,-0.1235,none,,,False,,54,0,0.264,0.6948,
54,80,True,0.764758,0.7042,none,,,False,,54,0,0.2811,0.6094,
54,34,True,0.55566,-0.4482,none,,,False,,54,0,0.0765,0.4504,
54,35,True,0.756926,0.661,none,,,False,,54,0,0.2625,0.4442,
54,10,True,0.599822,-0.2048,none,,,False,,54,0,0.0633,0.2326,
54,12,True,0.707442,0.3883,none,,,False,,54,0,0.0684,0.1873,
54,87,True,0.579162,-0.3186,none,,,False,,54,0,0.0715,0.1861,
54,19,True,0.682262,0.2496,none,,,False,,54,0,0.0674,0.1436,
54,48,True,0.352384,-1.5685,none,,,False,,54,0,0.0656,0.1096,
54,23,True,0.642592,0.0309,none,,,False,,54,0,0.064,0.06,
54,51,True,0.653048,0.0885,none,,,False,,54,0,0.0715,0.0525,
54,36,True,0.737094,0.5517,none,,,False,,54,0,0.2633,0.0498,
54,91,True,0.663765,0.1476,none,,,False,,54,0,0.0674,0.0283,
54,21,True,0.640242,0.018,none,,,False,,54,0,0.087,-0.0305,
54,47,True,0.629892,-0.0391,none,,,False,,54,0,0.1509,-0.0388,
54,92,True,0.514488,-0.6751,none,,,False,,54,0,0.0633,-0.096,
54,20,True,0.633719,-0.018,none,,,False,,54,0,0.0674,-0.3524,
54,15,True,0.572166,-0.3572,none,,,False,,54,0,0.1418,-0.3999,
54,22,True,0.605928,-0.1711,none,,,False,,54,0,0.1508,-0.471,
54,41,True,0.284219,-1.9441,cusum,,,True,negative,54,0,0.3509,-2.3695,
54,18,True,0.297886,-1.8688,cusum,,,True,negative,54,0,0.3418,-1.9799,
54,17,True,0.287326,-1.927,cusum,,,True,negative,54,0,0.3248,-2.0478,
54,89,True,0.034123,-3.0,none,,,False,,54,0,0.3181,-0.6238,
54,90,True,0.310491,-1.7993,none,,,False,,54,0,0.3155,-2.419,
54,93,True,0.363823,-1.5054,none,,,False,,54,0,0.3155,-1.8215,
54,39,True,0.247813,-2.1448,none,,,False,,54,0,0.3146,-0.9969,
54,4,True,0.310897,-1.7971,none,,,False,,54,0,0.3135,-1.0493,
55,95,True,2.059151,3.0,cusum,,,True,positive,55,0,0.2647,4.0833,
55,44,True,1.115235,2.6369,cusum,,,True,positive,55,0,0.261,3.6297,
55,31,True,1.064068,2.3785,cusum,,,True,positive,55,0,0.2647,2.8672,
55,13,True,0.72151,0.6485,none,,,False,,55,0,0.2655,2.4834,
55,27,True,0.885875,1.4786,none,,,False,,55,0,0.2624,2.0213,
55,1,True,0.825228,1.1723,none,,,False,,55,0,0.2624,1.9832,
55,74,True,0.903444,1.5673,none,,,False,,55,0,0.2631,1.9693,
55,78,True,0.646073,0.2676,cusum,,,True,positive,55,0,0.2597,1.8694,
55,5,True,0.888797,1.4933,none,,,False,,55,0,0.2624,1.5927,
55,80,True,0.815988,1.1256,none,,,False,,55,0,0.0793,0.6229,
55,35,True,0.699972,0.5398,none,,,False,,55,0,0.2617,0.6064,
55,12,True,0.405662,-0.9465,none,,,False,,55,0,0.0673,0.3706,
55,19,True,0.596118,0.0153,none,,,False,,55,0,0.0664,0.3232,
55,34,True,0.66539,0.3651,none,,,False,,55,0,0.075,0.2358,
55,36,True,0.587335,-0.0291,none,,,False,,55,0,0.2624,0.2099,
55,10,True,0.561871,-0.1577,none,,,False,,55,0,0.0624,0.1908,
55,23,True,0.495637,-0.4921,none,,,False,,55,0,0.0631,0.1681,
55,47,True,0.699376,0.5367,none,,,False,,55,0,0.1428,0.0946,
55,87,True,0.727661,0.6796,none,,,False,,55,0,0.0703,0.0341,
55,91,True,0.574667,-0.093,none,,,False,,55,0,0.0664,-0.012,
55,21,True,0.570438,-0.1144,none,,,False,,55,0,0.0827,-0.0123,
55,51,True,0.635204,0.2127,none,,,False,,55,0,0.0703,-0.0342,
55,68,True,0.601106,0.0405,none,,,False,,55,0,0.2631,-0.1579,
55,20,True,0.632052,0.1968,none,,,False,,55,0,0.0664,-0.223,
55,22,True,0.538954,-0.2734,none,,,False,,55,0,0.1181,-0.2689,
55,92,True,0.525207,-0.3428,none,,,False,,55,0,0.0624,-0.3571,
55,48,True,0.590062,-0.0153,none,,,False,,55,0,0.0647,-0.4294,
55,72,True,0.460539,-0.6694,none,,,False,,55,0,0.1937,-0.4725,
55,89,True,0.45597,-0.6925,cusum,,,True,negative,55,0,0.3716,-2.1599,
55,4,True,0.30707,-1.4444,cusum,,,True,negative,55,0,0.3614,-1.9086,
55,41,True,0.296841,-1.4961,none,,,False,,55,0,0.3428,-2.439,
55,18,True,0.32263,-1.3658,none,,,False,,55,0,0.3342,-2.0857,
55,17,True,0.284306,-1.5594,none,,,False,,55,0,0.3181,-2.168,
55,70,True,0.179235,-2.09,none,,,False,,55,0,0.3168,-2.8007,
55,40,True,0.280818,-1.577,none,,,False,,55,0,0.3146,-0.6445,
55,14,True,0.310632,-1.4264,none,,,False,,55,0,0.3116,-0.8196,
56,95,True,2.202016,3.0,none,,,False,,56,0,0.2638,4.0822,
56,44,True,1.056346,1.7281,none,,,False,,56,0,0.2603,3.946,
56,31,True,0.905819,1.1325,none,,,False,,56,0,0.2638,3.197,
56,27,True,0.922505,1.1985,cusum,,,True,positive,56,0,0.2616,2.2618,
56,1,True,0.834676,0.851,cusum,,,True,positive,56,0,0.2616,2.1678,
56,74,True,0.839353,0.8695,cusum,,,True,positive,56,0,0.2623,2.1502,
56,13,True,0.859338,0.9486,none,,,False,,56,0,0.2646,2.1325,
56,5,True,1.045585,1.6856,none,,,False,,56,0,0.2616,1.845,
56,35,True,0.787812,0.6656,cusum,,,True,positive,56,0,0.2609,1.6791,
56,78,True,0.70032,0.3194,none,,,False,,56,0,0.259,1.5921,
56,80,True,0.750897,0.5195,none,,,False,,56,0,0.0777,0.9436,
56,19,True,0.674557,0.2174,none,,,False,,56,0,0.0654,0.3915,
56,36,True,0.654353,0.1375,none,,,False,,56,0,0.0616,0.3516,
56,34,True,0.589368,-0.1196,none,,,False,,56,0,0.0736,0.2995,
56,20,True,0.366144,-1.0029,none,,,False,,56,0,0.0654,0.2713,
56,47,True,0.404039,-0.853,none,,,False,,56,0,0.1353,0.2392,
56,87,True,0.573887,-0.1809,none,,,False,,56,0,0.0691,0.199,
56,51,True,0.67561,0.2216,none,,,False,,56,0,0.0691,0.1646,
56,91,True,0.618342,-0.005,none,,,False,,56,0,0.0654,0.0717,
56,21,True,0.535418,-0.3331,none,,,False,,56,0,0.0809,0.0221,
56,10,True,0.666673,0.1862,none,,,False,,56,0,0.0616,0.0035,
56,22,True,0.508644,-0.4391,none,,,False,,56,0,0.1118,-0.0613,
56,12,True,0.266312,-1.3979,none,,,False,,56,0,0.0663,-0.0892,
56,23,True,0.481585,-0.5461,none,,,False,,56,0,0.0623,-0.1008,
56,68,True,0.694534,0.2965,none,,,False,,56,0,0.2623,-0.1614,
56,92,True,0.451916,-0.6635,none,,,False,,56,0,0.0616,-0.3721,
56,48,True,0.70846,0.3516,none,,,False,,56,0,0.0638,-0.4196,
56,30,True,0.620868,0.005,none,,,False,,56,0,0.2247,-0.475,
56,14,True,0.353404,-1.0533,cusum,,,True,negative,56,0,0.3622,-1.5933,
56,89,True,0.472637,-0.5815,none,,,False,,56,0,0.3622,-1.9832,
56,4,True,0.258603,-1.4284,none,,,False,,56,0,0.3527,-1.9386,
56,41,True,0.235334,-1.5205,cusum,,,True,negative,56,0,0.3353,-2.4209,
56,18,True,0.33489,-1.1266,cusum,,,True,negative,56,0,0.3272,-2.0822,
56,6,True,0.446893,-0.6834,none,,,False,,56,0,0.3169,-1.7221,
56,49,True,0.284528,-1.3259,none,,,False,,56,0,0.316,-0.8572,
56,79,True,0.284212,-1.3271,none,,,False,,56,0,0.3152,-0.804,
57,95,True,1.753323,3.0,cusum,,,True,positive,57,0,0.2629,4.0811,
57,44,True,1.250847,3.0,cusum,,,True,positive,57,0,0.2595,3.5212,
57,31,True,0.977305,2.0079,cusum,,,True,positive,57,0,0.2629,2.6904,
57,27,True,0.859702,1.3226,none,,,False,,57,0,0.2608,2.4154,
57,5,True,0.887249,1.4831,cusum,,,True,positive,57,0,0.2608,2.3624,
57,1,True,0.786752,0.8975,none,,,False,,57,0,0.2608,2.089,
57,74,True,0.761874,0.7525,none,,,False,,57,0,0.2615,2.0745,
57,13,True,0.859047,1.3188,cusum,,,True,positive,57,0,0.2637,1.9722,
57,35,True,0.679683,0.2736,none,,,False,,57,0,0.2601,1.6993,
57,78,True,0.723764,0.5305,none,,,False,,57,0,0.2583,1.501,
57,80,True,0.742327,0.6386,none,,,False,,57,0,0.0761,0.8831,
57,36,True,0.668631,0.2092,none,,,False,,57,0,0.0608,0.2981,
57,51,True,0.649245,0.0962,none,,,False,,57,0,0.068,0.2627,
57,19,True,0.681932,0.2867,none,,,False,,57,0,0.0645,0.2441,
57,68,True,0.609746,-0.1339,none,,,False,,57,0,0.2615,0.1502,
57,87,True,0.534869,-0.5703,none,,,False,,57,0,0.068,0.1484,
57,91,True,0.613153,-0.1141,none,,,False,,57,0,0.0645,0.0999,
57,34,True,0.737672,0.6115,none,,,False,,57,0,0.0723,0.0269,
57,10,True,0.510833,-0.7103,none,,,False,,57,0,0.0608,0.0194,
57,47,True,0.581442,-0.2989,none,,,False,,57,0,0.1283,0.0107,
57,21,True,0.57006,-0.3652,none,,,False,,57,0,0.0791,-0.0389,
57,22,True,0.657848,0.1464,none,,,False,,57,0,0.1058,-0.1767,
57,20,True,0.628686,-0.0236,none,,,False,,57,0,0.0645,-0.1914,
57,23,True,0.586383,-0.2701,none,,,False,,57,0,0.0615,-0.2567,
57,30,True,0.390086,-1.414,none,,,False,,57,0,0.1536,-0.2989,
57,48,True,0.689098,0.3285,none,,,False,,57,0,0.0629,-0.3296,
57,62,True,0.636778,0.0236,none,,,False,,57,0,0.1635,-0.4801,
57,92,True,0.561373,-0.4158,none,,,False,,57,0,0.0608,-0.4824,
57,49,True,0.331597,-1.7548,cusum,,,True,negative,57,0,0.3629,-1.5191,
57,14,True,0.371769,-1.5207,none,,,False,,57,0,0.3536,-1.6507,
57,89,True,0.385431,-1.4411,none,,,False,,57,0,0.3536,-1.7803,
57,4,True,0.345002,-1.6767,none,,,False,,57,0,0.3447,-1.918,
57,79,True,0.18644,-2.6007,cusum,,,True,negative,57,0,0.3447,-1.6898,
57,41,True,0.282028,-2.0437,none,,,False,,57,0,0.3283,-2.0245,
57,46,True,0.366525,-1.5513,none,,,False,,57,0,0.3219,-1.6526,
57,18,True,0.33614,-1.7283,none,,,False,,57,0,0.3205,-1.8287,
58,95,True,2.307998,3.0,none,,,False,,58,0,0.2621,4.0801,
58,44,True,1.112256,2.7829,none,,,False,,58,0,0.2588,3.5304,
58,31,True,1.029405,2.3216,none,,,False,,58,0,0.2621,2.9197,
58,5,True,0.663686,0.2852,none,,,False,,58,0,0.26,2.6312,
58,27,True,0.824509,1.1807,none,,,False,,58,0,0.26,2.4104,
58,74,True,0.852692,1.3376,none,,,False,,58,0,0.2607,2.1412,
58,13,True,0.984008,2.0688,none,,,False,,58,0,0.2628,2.0531,
58,1,True,0.750658,0.7695,none,,,False,,58,0,0.26,2.0508,
58,80,True,0.716549,0.5795,cusum,,,True,positive,58,0,0.2747,1.8593,
58,35,True,0.512114,-0.5588,none,,,False,,58,0,0.2594,1.5692,
58,78,True,0.767235,0.8618,none,,,False,,58,0,0.2576,1.4462,
58,34,True,0.696962,0.4705,none,,,False,,58,0,0.071,0.3785,
58,48,True,0.660915,0.2697,none,,,False,,58,0,0.0621,0.3017,
58,51,True,0.601012,-0.0638,none,,,False,,58,0,0.067,0.2639,
58,19,True,0.545542,-0.3727,none,,,False,,58,0,0.0636,0.2553,
58,36,True,0.690827,0.4363,none,,,False,,58,0,0.06,0.183,
58,68,True,0.583752,-0.1599,none,,,False,,58,0,0.2607,0.1458,
58,87,True,0.661148,0.271,none,,,False,,58,0,0.067,0.0632,
58,91,True,0.604919,-0.042,none,,,False,,58,0,0.0636,0.0115,
58,22,True,0.646129,0.1874,none,,,False,,58,0,0.1001,-0.074,
58,47,True,0.196051,-2.3187,none,,,False,,58,0,0.1217,-0.08,
58,10,True,0.624353,0.0662,none,,,False,,58,0,0.06,-0.1501,
58,21,True,0.614807,0.013,none,,,False,,58,0,0.0775,-0.1688,
58,20,True,0.610133,-0.013,none,,,False,,58,0,0.0636,-0.1944,
58,62,True,0.623696,0.0625,none,,,False,,58,0,0.076,-0.2795,
58,23,True,0.535045,-0.4311,none,,,False,,58,0,0.0607,-0.358,
58,92,True,0.562452,-0.2785,none,,,False,,58,0,0.06,-0.3969,
58,56,True,0.324425,-1.6039,none,,,False,,58,0,0.3184,-0.485,
58,49,True,0.185889,-2.3753,none,,,False,,58,0,0.3544,-1.9261,
58,14,True,0.352608,-1.4469,none,,,False,,58,0,0.3456,-1.6948,
58,89,True,0.370661,-1.3464,none,,,False,,58,0,0.3456,-1.2664,
58,4,True,0.223349,-2.1667,cusum,,,True,negative,58,0,0.3373,-1.8829,
58,79,True,0.150014,-2.575,none,,,False,,58,0,0.3373,-2.3101,
58,17,True,0.303046,-1.7229,none,,,False,,58,0,0.3264,-2.1934,
58,90,True,0.154051,-2.5525,none,,,False,,58,0,0.3252,-1.7368,
58,93,True,0.377066,-1.3108,none,,,False,,58,0,0.3252,-1.385,
59,95,True,2.155081,3.0,cusum,,,True,positive,59,0,0.2613,4.0791,
59,44,True,1.145928,2.2354,cusum,,,True,positive,59,0,0.2581,3.5782,
59,31,True,0.877059,1.1671,cusum,,,True,positive,59,0,0.2613,2.8997,
59,13,True,0.876183,1.1637,cusum,,,True,positive,59,0,0.262,2.5255,
59,27,True,0.815935,0.9243,cusum,,,True,positive,59,0,0.2593,2.3102,
59,5,True,0.395607,-0.7457,none,,,False,,59,0,0.2593,2.2275,
59,74,True,0.712708,0.5142,none,,,False,,59,0,0.2599,2.0637,
59,1,True,0.818834,0.9358,none,,,False,,59,0,0.2593,1.9156,
59,80,True,0.822147,0.949,none,,,False,,59,0,0.2733,1.6755,
59,78,True,0.786072,0.8056,none,,,False,,59,0,0.257,1.6435,
59,35,True,0.538222,-0.1791,none,,,False,,59,0,0.2587,1.2022,
59,34,True,0.686955,0.4118,none,,,False,,59,0,0.0698,0.4121,
59,48,True,0.566448,-0.0669,none,,,False,,59,0,0.0613,0.3957,
59,36,True,0.780484,0.7834,none,,,False,,59,0,0.0593,0.3372,
59,51,True,0.683945,0.3999,none,,,False,,59,0,0.066,0.1704,
59,19,True,0.794555,0.8393,none,,,False,,59,0,0.0627,0.1249,
59,68,True,0.631499,0.1915,none,,,False,,59,0,0.2599,0.078,
59,22,True,0.704325,0.4809,none,,,False,,59,0,0.0947,0.0767,
59,91,True,0.558091,-0.1001,none,,,False,,59,0,0.0627,0.0274,
59,87,True,0.587783,0.0178,none,,,False,,59,0,0.066,-0.0743,
59,10,True,0.578808,-0.0178,none,,,False,,59,0,0.0593,-0.0764,
59,21,True,0.605904,0.0898,none,,,False,,59,0,0.0759,-0.1284,
59,62,True,0.522134,-0.243,none,,,False,,59,0,0.0746,-0.2008,
59,20,True,0.62248,0.1557,none,,,False,,59,0,0.0627,-0.2654,
59,23,True,0.516696,-0.2646,none,,,False,,59,0,0.0599,-0.3386,
59,92,True,0.555854,-0.109,none,,,False,,59,0,0.0593,-0.3764,
59,98,True,0.511582,-0.2849,none,,,False,,59,0,0.2391,-0.4876,
59,60,True,0.570994,-0.0489,none,,,False,,59,0,0.196,-0.4884,
59,56,True,0.288273,-1.1721,cusum,,,True,negative,59,0,0.3644,-1.5858,
59,49,True,0.271661,-1.2381,cusum,,,True,negative,59,0,0.3465,-2.18,
59,14,True,0.387951,-0.7761,cusum,,,True,negative,59,0,0.3383,-1.7067,
59,89,True,0.403124,-0.7158,cusum,,,True,negative,59,0,0.3383,-1.4894,
59,4,True,0.423934,-0.6332,none,,,False,,59,0,0.3304,-2.1282,
59,79,True,0.251828,-1.3169,cusum,,,True,negative,59,0,0.3304,-2.5385,
59,96,True,-0.139349,-2.8711,none,,,False,,59,0,0.3303,-2.628,
59,41,True,0.283548,-1.1909,none,,,False,,59,0,0.3287,-2.0617,
60,95,True,2.278026,3.0,none,,,False,,60,0,0.2605,4.0781,
60,44,True,1.156773,2.512,none,,,False,,60,0,0.2574,3.7465,
60,31,True,0.882449,1.2135,none,,,False,,60,0,0.2605,2.9103,
60,13,True,0.835844,0.9929,none,,,False,,60,0,0.2612,2.5961,
60,27,True,0.727528,0.4802,none,,,False,,60,0,0.2586,2.2179,
60,74,True,0.763956,0.6526,none,,,False,,60,0,0.2592,1.9443,
60,1,True,0.831217,0.971,none,,,False,,60,0,0.2586,1.943,
60,80,True,0.81024,0.8717,none,,,False,,60,0,0.272,1.8169,
60,5,True,0.809963,0.8704,none,,,False,,60,0,0.2586,1.4163,
60,35,True,0.721488,0.4516,none,,,False,,60,0,0.258,0.9198,
60,78,True,0.705626,0.3765,none,,,False,,60,0,0.2564,0.8048,
60,34,True,0.554212,-0.3402,none,,,False,,60,0,0.0687,0.5877,
60,36,True,0.785448,0.7544,none,,,False,,60,0,0.0586,0.5517,
60,22,True,0.651718,0.1214,none,,,False,,60,0,0.0896,0.3807,
60,19,True,0.766862,0.6664,none,,,False,,60,0,0.0619,0.3312,
60,48,True,0.615009,-0.0524,none,,,False,,60,0,0.0605,0.2552,
60,51,True,0.644871,0.0889,none,,,False,,60,0,0.065,0.2286,
60,20,True,0.673998,0.2268,none,,,False,,60,0,0.0619,0.1198,
60,62,True,0.582463,-0.2065,none,,,False,,60,0,0.0732,0.0439,
60,68,True,0.541028,-0.4026,none,,,False,,60,0,0.0592,0.0421,
60,21,True,0.585391,-0.1926,none,,,False,,60,0,0.0745,0.0106,
60,91,True,0.592583,-0.1586,none,,,False,,60,0,0.0619,-0.0054,
60,87,True,0.580763,-0.2145,none,,,False,,60,0,0.065,-0.0093,
60,10,True,0.63715,0.0524,none,,,False,,60,0,0.0586,-0.1453,
60,92,True,0.492182,-0.6338,none,,,False,,60,0,0.0586,-0.1924,
60,23,True,0.544821,-0.3846,none,,,False,,60,0,0.0592,-0.2457,
60,84,True,0.274007,-1.6665,none,,,False,,60,0,0.2584,-0.4913,
60,11,True,0.770283,0.6826,none,,,False,,60,0,0.2209,-0.4976,
60,56,True,0.46216,-0.7759,none,,,False,,60,0,0.3559,-1.5086,
60,49,True,0.365568,-1.2331,none,,,False,,60,0,0.3392,-2.1558,
60,70,True,0.230743,-1.8713,none,,,False,,60,0,0.333,-2.2311,
60,14,True,0.363772,-1.2416,none,,,False,,60,0,0.3314,-1.6188,
60,89,True,0.354274,-1.2866,none,,,False,,60,0,0.3314,-1.5387,
60,18,True,0.273609,-1.6684,none,,,False,,60,0,0.3283,-1.7856,
60,4,True,0.265746,-1.7056,none,,,False,,60,0,0.3239,-1.8672,
60,79,True,0.322155,-1.4386,none,,,False,,60,0,0.3239,-2.5392,
61,95,True,2.184931,3.0,cusum,,,True,positive,61,0,0.2597,4.0772,
61,44,True,1.255492,3.0,cusum,,,True,positive,61,0,0.2568,3.583,
61,31,True,0.879087,1.6242,none,,,False,,61,0,0.2597,2.6446,
61,13,True,0.928732,1.949,none,,,False,,61,0,0.2604,2.4865,
61,1,True,0.779963,0.9758,cusum,,,True,positive,61,0,0.2579,1.9666,
61,27,True,0.602036,-0.1882,none,,,False,,61,0,0.2579,1.9363,
61,74,True,0.779198,0.9707,cusum,,,True,positive,61,0,0.2585,1.9102,
61,80,True,0.741718,0.7256,none,,,False,,61,0,0.2707,1.8929,
61,5,True,0.733669,0.6729,none,,,False,,61,0,0.2579,1.2112,
61,78,True,0.769536,0.9075,none,,,False,,61,0,0.2557,0.7527,
61,36,True,0.680518,0.3252,none,,,False,,61,0,0.0579,0.7326,
61,19,True,0.560662,-0.4589,none,,,False,,61,0,0.0611,0.4567,
61,22,True,0.610903,-0.1302,none,,,False,,61,0,0.0847,0.3698,
61,34,True,0.688565,0.3779,none,,,False,,61,0,0.0676,0.2691,
61,51,True,0.587306,-0.2846,none,,,False,,61,0,0.0641,0.225,
61,20,True,0.638983,0.0535,none,,,False,,61,0,0.0611,0.2022,
61,48,True,0.518665,-0.7336,none,,,False,,61,0,0.0597,0.1273,
61,87,True,0.613699,-0.1119,none,,,False,,61,0,0.0641,0.1081,
61,10,True,0.668196,0.2446,none,,,False,,61,0,0.0579,0.1081,
61,21,True,0.613697,-0.1119,none,,,False,,61,0,0.0731,0.0663,
61,91,True,0.551422,-0.5193,none,,,False,,61,0,0.0611,-0.0212,
61,35,True,0.754128,0.8068,none,,,False,,61,0,0.2573,-0.0217,
61,62,True,0.537675,-0.6092,none,,,False,,61,0,0.0719,-0.0345,
61,68,True,0.651066,0.1325,none,,,False,,61,0,0.0585,-0.0483,
61,11,True,0.697932,0.4391,none,,,False,,61,0,0.1324,-0.1616,
61,92,True,0.527458,-0.6761,none,,,False,,61,0,0.0579,-0.2659,
61,23,True,0.622626,-0.0535,none,,,False,,61,0,0.0585,-0.2847,
61,63,True,0.903928,1.7867,none,,,False,,61,0,0.2758,-0.5069,
61,84,True,0.549499,-0.5319,cusum,,,True,negative,61,0,0.3567,-1.533,
61,56,True,0.363019,-1.7518,none,,,False,,61,0,0.3482,-1.5453,
61,49,True,0.317866,-2.0472,none,,,False,,61,0,0.3324,-1.9864,
61,47,True,0.677789,0.3074,none,,,False,,61,0,0.3292,-1.5356,
61,6,True,0.319009,-2.0397,none,,,False,,61,0,0.327,-0.8518,
61,14,True,0.374709,-1.6753,none,,,False,,61,0,0.3249,-1.5299,
61,89,True,0.450004,-1.1827,none,,,False,,61,0,0.3249,-1.4913,
61,41,True,0.309535,-2.1017,none,,,False,,61,0,0.3235,-1.9638,
62,95,True,2.176254,3.0,none,,,False,,62,0,0.259,4.0762,
62,44,True,1.180195,2.9497,none,,,False,,62,0,0.2562,3.6546,
62,13,True,0.789848,0.9486,cusum,,,True,positive,62,0,0.2597,2.4457,
62,31,True,0.79256,0.9625,cusum,,,True,positive,62,0,0.259,2.4112,
62,1,True,0.822411,1.1156,none,,,False,,62,0,0.2572,2.0346,
62,80,True,0.756024,0.7752,none,,,False,,62,0,0.2695,1.94,
62,74,True,0.718551,0.5831,none,,,False,,62,0,0.2578,1.7871,
62,27,True,0.77926,0.8943,none,,,False,,62,0,0.2572,1.4792,
62,78,True,0.59609,-0.0447,none,,,False,,62,0,0.2551,0.7673,
62,36,True,0.810353,1.0537,none,,,False,,62,0,0.0572,0.6947,
62,35,True,0.614013,0.0472,none,,,False,,62,0,0.2567,0.4327,
62,19,True,0.865793,1.3379,none,,,False,,62,0,0.0603,0.427,
62,5,True,0.714075,0.5602,none,,,False,,62,0,0.2572,0.3396,
62,22,True,0.588485,-0.0837,none,,,False,,62,0,0.0801,0.2616,
62,34,True,0.725293,0.6177,none,,,False,,62,0,0.0666,0.2369,
62,20,True,0.696223,0.4687,none,,,False,,62,0,0.0603,0.2234,
62,11,True,0.76037,0.7975,none,,,False,,62,0,0.1259,0.1756,
62,10,True,0.547526,-0.2936,none,,,False,,62,0,0.0572,0.1668,
62,51,True,0.679814,0.3845,none,,,False,,62,0,0.0632,0.1503,
62,63,True,0.8406,1.2088,none,,,False,,62,0,0.1259,0.149,
62,68,True,0.430838,-0.8918,none,,,False,,62,0,0.0578,0.0484,
62,21,True,0.587443,-0.089,none,,,False,,62,0,0.0718,0.0229,
62,87,True,0.576549,-0.1448,none,,,False,,62,0,0.0632,-0.0207,
62,23,True,0.613516,0.0447,none,,,False,,62,0,0.0578,-0.1597,
62,91,True,0.564063,-0.2088,none,,,False,,62,0,0.0603,-0.1812,
62,48,True,0.46215,-0.7313,none,,,False,,62,0,0.059,-0.2081,
62,62,True,0.578344,-0.1356,none,,,False,,62,0,0.0706,-0.26,
62,92,True,0.550681,-0.2775,none,,,False,,62,0,0.0572,-0.3992,
62,84,True,0.492009,-0.5782,none,,,False,,62,0,0.349,-1.2735,
62,56,True,0.492333,-0.5766,cusum,,,True,negative,62,0,0.3409,-1.5996,
62,17,True,0.327685,-1.4206,none,,,False,,62,0,0.3289,-1.6186,
62,49,True,0.239111,-1.8747,cusum,,,True,negative,62,0,0.3259,-1.8811,
62,52,True,0.085767,-2.6608,none,,,False,,62,0,0.3252,-1.5517,
62,4,True,0.336608,-1.3749,none,,,False,,62,0,0.3245,-1.8806,
62,79,True,0.308523,-1.5189,none,,,False,,62,0,0.3245,-2.1556,
62,2,True,0.574572,-0.155,none,,,False,,62,0,0.3228,-0.5278,
63,95,True,1.950666,3.0,cusum,,,True,positive,63,0,0.2583,4.0754,
63,44,True,1.064686,2.2039,cusum,,,True,positive,63,0,0.2556,3.892,
63,13,True,0.867901,1.1549,none,,,False,,63,0,0.2589,2.3731,
63,31,True,0.829104,0.9481,none,,,False,,63,0,0.2583,2.3421,
63,1,True,0.720614,0.3698,none,,,False,,63,0,0.2566,2.0937,
63,74,True,0.823562,0.9186,none,,,False,,63,0,0.2572,1.8092,
63,27,True,0.652156,0.0049,none,,,False,,63,0,0.2566,1.4684,
63,63,True,0.817076,0.884,none,,,False,,63,0,0.1199,0.8863,
63,80,True,0.750447,0.5288,none,,,False,,63,0,0.2684,0.8806,
63,36,True,0.76069,0.5834,none,,,False,,63,0,0.0566,0.784,
63,5,True,0.872523,1.1796,none,,,False,,63,0,0.2566,0.7741,
63,11,True,0.652035,0.0042,none,,,False,,63,0,0.1199,0.761,
63,19,True,0.790127,0.7403,none,,,False,,63,0,0.0596,0.5923,
63,35,True,0.688528,0.1988,none,,,False,,63,0,0.2561,0.5074,
63,78,True,0.771048,0.6386,none,,,False,,63,0,0.2546,0.4831,
63,20,True,0.706918,0.2968,none,,,False,,63,0,0.0596,0.3268,
63,34,True,0.757492,0.5664,none,,,False,,63,0,0.0656,0.3042,
63,51,True,0.551214,-0.5332,none,,,False,,63,0,0.0623,0.1441,
63,10,True,0.644967,-0.0334,none,,,False,,63,0,0.0566,0.0741,
63,22,True,0.428321,-1.1883,none,,,False,,63,0,0.077,0.0712,
63,21,True,0.571374,-0.4257,none,,,False,,63,0,0.0705,-0.0383,
63,23,True,0.625579,-0.1368,none,,,False,,63,0,0.0572,-0.0574,
63,87,True,0.637565,-0.0729,none,,,False,,63,0,0.0623,-0.076,
63,91,True,0.525194,-0.6719,none,,,False,,63,0,0.0596,-0.2184,
63,62,True,0.500061,-0.8059,none,,,False,,63,0,0.0695,-0.2258,
63,68,True,0.650448,-0.0042,none,,,False,,63,0,0.0572,-0.3136,
63,2,True,0.509429,-0.756,none,,,False,,63,0,0.167,-0.3385,
63,48,True,0.676627,0.1353,none,,,False,,63,0,0.0583,-0.4304,
63,84,True,0.521516,-0.6915,none,,,False,,63,0,0.3418,-1.2919,
63,56,True,0.524227,-0.6771,none,,,False,,63,0,0.3342,-1.4057,
63,90,True,0.16396,-2.5975,none,,,False,,63,0,0.3287,-2.4468,
63,93,True,0.442372,-1.1134,none,,,False,,63,0,0.3287,-1.8497,
63,14,True,0.355543,-1.5763,none,,,False,,63,0,0.3255,-1.6097,
63,89,True,0.436676,-1.1438,none,,,False,,63,0,0.3255,-1.4405,
63,33,True,0.331476,-1.7046,none,,,False,,63,0,0.3255,-0.6351,
63,53,True,0.533752,-0.6263,none,,,False,,63,0,0.3248,-0.6659,
64,95,True,2.076926,3.0,none,,,False,,64,0,0.2576,4.0745,
64,44,True,1.227161,3.0,none,,,False,,64,0,0.255,3.7886,
64,13,True,0.620545,-0.1156,none,,,False,,64,0,0.2582,2.4262,
64,63,True,0.964426,1.9571,cusum,,,True,positive,64,0,0.3142,2.411,
64,31,True,0.663153,0.1412,none,,,False,,64,0,0.2576,2.2528,
64,74,True,0.765307,0.7569,none,,,False,,64,0,0.2565,1.8971,
64,1,True,0.755237,0.6962,none,,,False,,64,0,0.256,1.8925,
64,80,True,0.748017,0.6527,cusum,,,True,positive,64,0,0.2673,1.7649,
64,5,True,0.755355,0.697,none,,,False,,64,0,0.256,0.8764,
64,36,True,0.837068,1.1895,none,,,False,,64,0,0.056,0.7263,
64,19,True,0.884867,1.4775,none,,,False,,64,0,0.0588,0.6161,
64,34,True,0.68241,0.2573,none,,,False,,64,0,0.0646,0.6052,
64,78,True,0.721327,0.4919,none,,,False,,64,0,0.254,0.5698,
64,11,True,0.696091,0.3398,none,,,False,,64,0,0.1142,0.5315,
64,35,True,0.677851,0.2298,none,,,False,,64,0,0.2555,0.4223,
64,20,True,0.560403,-0.478,none,,,False,,64,0,0.0588,0.3492,
64,27,True,0.632514,-0.0434,none,,,False,,64,0,0.256,0.3092,
64,10,True,0.539223,-0.6057,none,,,False,,64,0,0.056,0.0447,
64,23,True,0.709774,0.4222,none,,,False,,64,0,0.0565,0.0244,
64,87,True,0.509195,-0.7867,none,,,False,,64,0,0.0615,-0.0298,
64,51,True,0.646921,0.0434,none,,,False,,64,0,0.0615,-0.0643,
64,21,True,0.55628,-0.5029,none,,,False,,64,0,0.0694,-0.1176,
64,68,True,0.654112,0.0868,none,,,False,,64,0,0.0565,-0.1816,
64,2,True,0.445062,-1.1732,none,,,False,,64,0,0.1588,-0.2331,
64,22,True,0.69282,0.3201,none,,,False,,64,0,0.0755,-0.3674,
64,48,True,0.613737,-0.1566,none,,,False,,64,0,0.0576,-0.3687,
64,91,True,0.510772,-0.7772,none,,,False,,64,0,0.0588,-0.3904,
64,62,True,0.554066,-0.5162,none,,,False,,64,0,0.0683,-0.4271,
64,84,True,0.51223,-0.7684,none,,,False,,64,0,0.3351,-0.9714,
64,18,True,0.442338,-1.1896,none,,,False,,64,0,0.3306,-1.8899,
64,56,True,0.477221,-0.9794,none,,,False,,64,0,0.3279,-1.3768,
64,49,True,0.321441,-1.9183,none,,,False,,64,0,0.3264,-2.0971,
64,83,True,0.469918,-1.0234,none,,,False,,64,0,0.3262,-0.7488,
64,41,True,0.254134,-2.3239,none,,,False,,64,0,0.3251,-2.1609,
64,47,True,0.587383,-0.3154,none,,,False,,64,0,0.3251,-0.6522,
64,70,True,0.243874,-2.3858,none,,,False,,64,0,0.324,-2.6242,
65,95,True,2.205707,3.0,cusum,,,True,positive,65,0,0.257,4.0737,
65,44,True,1.036823,2.4757,cusum,,,True,positive,65,0,0.2544,3.7879,
65,63,True,0.831768,1.1805,none,,,False,,65,0,0.3088,2.4647,
65,19,True,0.646612,0.0109,cusum,,,True,positive,65,0,0.2581,2.2607,
65,36,True,0.6964,0.3254,cusum,,,True,positive,65,0,0.2554,2.0136,
65,5,True,0.659589,0.0929,cusum,,,True,positive,65,0,0.2554,1.8837,
65,74,True,0.765873,0.7642,none,,,False,,65,0,0.2559,1.825,
65,1,True,0.802401,0.995,none,,,False,,65,0,0.2554,1.7986,
65,31,True,0.986582,2.1584,none,,,False,,65,0,0.257,1.7577,
65,80,True,0.749,0.6577,none,,,False,,65,0,0.2663,1.7393,
65,13,True,0.863636,1.3818,none,,,False,,65,0,0.2576,1.7372,
65,34,True,0.687075,0.2665,none,,,False,,65,0,0.0637,0.5638,
65,11,True,0.773399,0.8118,none,,,False,,65,0,0.1088,0.4952,
65,78,True,0.784981,0.8849,none,,,False,,65,0,0.0535,0.4306,
65,27,True,0.83265,1.186,none,,,False,,65,0,0.2554,0.3567,
65,35,True,0.734309,0.5649,none,,,False,,65,0,0.2549,0.2293,
65,23,True,0.466298,-1.128,none,,,False,,65,0,0.0559,0.1822,
65,20,True,0.65306,0.0517,none,,,False,,65,0,0.0581,0.1712,
65,51,True,0.642298,-0.0163,none,,,False,,65,0,0.0607,0.044,
65,48,True,0.616867,-0.177,none,,,False,,65,0,0.057,-0.1771,
65,68,True,0.637657,-0.0456,none,,,False,,65,0,0.0559,-0.1976,
65,22,True,0.453997,-1.2057,none,,,False,,65,0,0.074,-0.2192,
65,10,True,0.578974,-0.4163,none,,,False,,65,0,0.0554,-0.2395,
65,21,True,0.573653,-0.4499,none,,,False,,65,0,0.0682,-0.2494,
65,87,True,0.604663,-0.254,none,,,False,,65,0,0.0607,-0.2557,
65,62,True,0.697916,0.335,none,,,False,,65,0,0.0673,-0.3975,
65,92,True,0.535437,-0.6913,none,,,False,,65,0,0.0672,-0.4562,
65,91,True,0.643153,-0.0109,none,,,False,,65,0,0.0581,-0.4773,
65,84,True,0.54319,-0.6423,none,,,False,,65,0,0.3288,-1.0544,
65,88,True,0.462042,-1.1549,none,,,False,,65,0,0.3263,-0.5469,
65,4,True,0.183762,-2.9127,none,,,False,,65,0,0.326,-1.62,
65,79,True,0.254217,-2.4677,none,,,False,,65,0,0.326,-1.807,
65,28,True,0.542978,-0.6437,none,,,False,,65,0,0.323,-0.5141,
65,54,True,0.618762,-0.165,none,,,False,,65,0,0.323,-0.8034,
65,56,True,0.496267,-0.9387,none,,,False,,65,0,0.3219,-1.1231,
65,14,True,0.310705,-2.1108,none,,,False,,65,0,0.3206,-1.8799,
66,95,True,2.303675,3.0,none,,,False,,66,0,0.2564,4.0729,
66,44,True,1.247206,3.0,none,,,False,,66,0,0.2538,3.6292,
66,63,True,0.946114,1.9328,cusum,,,True,positive,66,0,0.3036,2.4523,
66,31,True,0.631384,0.082,cusum,,,True,positive,66,0,0.2564,2.1555,
66,13,True,0.818421,1.1819,none,,,False,,66,0,0.2569,1.8808,
66,19,True,0.856377,1.4051,none,,,False,,66,0,0.2575,1.8175,
66,36,True,0.803212,1.0924,none,,,False,,66,0,0.2548,1.7701,
66,1,True,0.69498,0.456,cusum,,,True,positive,66,0,0.2548,1.7577,
66,78,True,0.764243,0.8633,cusum,,,True,positive,66,0,0.2529,1.7399,
66,5,True,0.731345,0.6698,none,,,False,,66,0,0.2548,1.7272,
66,80,True,0.77482,0.9255,none,,,False,,66,0,0.2653,1.6988,
66,74,True,0.772155,0.9098,none,,,False,,66,0,0.2553,0.8847,
66,11,True,0.59439,-0.1356,none,,,False,,66,0,0.1036,0.4971,
66,27,True,0.651536,0.2005,none,,,False,,66,0,0.2548,0.4532,
66,34,True,0.708456,0.5352,none,,,False,,66,0,0.0628,0.4456,
66,35,True,0.726835,0.6433,none,,,False,,66,0,0.0543,0.4012,
66,68,True,0.587276,-0.1774,none,,,False,,66,0,0.0553,0.0837,
66,20,True,0.714035,0.568,none,,,False,,66,0,0.0575,0.0313,
66,48,True,0.596284,-0.1244,none,,,False,,66,0,0.0564,0.0069,
66,51,True,0.61078,-0.0392,none,,,False,,66,0,0.06,-0.0906,
66,23,True,0.624107,0.0392,none,,,False,,66,0,0.0553,-0.2094,
66,62,True,0.477967,-0.8202,none,,,False,,66,0,0.0662,-0.242,
66,10,True,0.646306,0.1697,none,,,False,,66,0,0.0548,-0.2811,
66,87,True,0.595773,-0.1274,none,,,False,,66,0,0.06,-0.2931,
66,21,True,0.596678,-0.1221,none,,,False,,66,0,0.0672,-0.3711,
66,91,True,0.527301,-0.5301,none,,,False,,66,0,0.0575,-0.4121,
66,92,True,0.536279,-0.4773,none,,,False,,66,0,0.0558,-0.4761,
66,64,True,0.50195,-0.6792,none,,,False,,66,0,0.2714,-0.5122,
66,89,True,0.42952,-1.1051,none,,,False,,66,0,0.3269,-1.5865,
66,17,True,0.302621,-1.8513,none,,,False,,66,0,0.3258,-1.9529,
66,84,True,0.497153,-0.7074,none,,,False,,66,0,0.3229,-0.5795,
66,49,True,0.265126,-2.0718,none,,,False,,66,0,0.3216,-2.3289,
66,42,True,0.531728,-0.5041,none,,,False,,66,0,0.3191,-0.5424,
66,56,True,0.36718,-1.4717,none,,,False,,66,0,0.3162,-1.2472,
66,18,True,0.317448,-1.7641,none,,,False,,66,0,0.3151,-1.4141,
66,41,True,0.279613,-1.9866,none,,,False,,66,0,0.3151,-2.2575,
67,95,True,2.562602,3.0,cusum,,,True,positive,67,0,0.2557,4.0722,
67,44,True,1.102226,2.8649,cusum,,,True,positive,67,0,0.2533,3.8939,
67,63,True,0.897205,1.4917,none,,,False,,67,0,0.2987,2.7992,
67,19,True,0.698663,0.162,none,,,False,,67,0,0.2568,2.0382,
67,36,True,0.689205,0.0986,none,,,False,,67,0,0.2542,1.9391,
67,13,True,0.851955,1.1887,cusum,,,True,positive,67,0,0.2563,1.889,
67,74,True,0.734164,0.3998,cusum,,,True,positive,67,0,0.2547,1.881,
67,31,True,0.869711,1.3076,none,,,False,,67,0,0.2557,1.866,
67,80,True,0.777592,0.6906,none,,,False,,67,0,0.2644,1.8298,
67,78,True,0.713883,0.2639,none,,,False,,67,0,0.2524,1.8141,
67,1,True,0.778242,0.695,none,,,False,,67,0,0.2542,1.7857,
67,5,True,0.766669,0.6175,none,,,False,,67,0,0.2542,1.5566,
67,35,True,0.682434,0.0533,none,,,False,,67,0,0.0538,0.5487,
67,27,True,0.825498,1.0115,none,,,False,,67,0,0.2542,0.5177,
67,11,True,0.732303,0.3873,none,,,False,,67,0,0.0987,0.4478,
67,34,True,0.722916,0.3244,none,,,False,,67,0,0.062,0.4341,
67,20,True,0.722347,0.3206,none,,,False,,67,0,0.0568,0.1209,
67,51,True,0.666521,-0.0533,none,,,False,,67,0,0.0592,0.0731,
67,68,True,0.633508,-0.2744,none,,,False,,67,0,0.0547,0.0253,
67,48,True,0.589073,-0.572,none,,,False,,67,0,0.0557,-0.0805,
67,23,True,0.566363,-0.7241,none,,,False,,67,0,0.0547,-0.1515,
67,10,True,0.57618,-0.6584,none,,,False,,67,0,0.0542,-0.2141,
67,62,True,0.611278,-0.4233,none,,,False,,67,0,0.0652,-0.2481,
67,21,True,0.576715,-0.6548,none,,,False,,67,0,0.0662,-0.2713,
67,87,True,0.597587,-0.515,none,,,False,,67,0,0.0592,-0.3122,
67,91,True,0.604509,-0.4686,none,,,False,,67,0,0.0568,-0.3657,
67,92,True,0.546795,-0.8552,none,,,False,,67,0,0.0552,-0.4106,
67,64,True,0.503799,-1.1431,none,,,False,,67,0,0.1376,-0.4883,
67,47,True,0.768618,0.6305,none,,,False,,67,0,0.3213,-0.6609,
67,90,True,0.270683,-2.7044,none,,,False,,67,0,0.3204,-2.2047,
67,93,True,0.422524,-1.6875,none,,,False,,67,0,0.3204,-1.1981,
67,75,True,0.372604,-2.0218,none,,,False,,67,0,0.3174,-0.7771,
67,84,True,0.481197,-1.2945,none,,,False,,67,0,0.3172,-0.5882,
67,4,True,0.232259,-2.9618,none,,,False,,67,0,0.3161,-2.383,
67,14,True,0.405503,-1.8015,none,,,False,,67,0,0.3161,-2.1728,
67,79,True,0.32861,-2.3165,none,,,False,,67,0,0.3161,-2.1937,
68,95,True,2.508327,3.0,none,,,False,,68,0,0.2551,4.0714,
68,44,True,1.254937,3.0,none,,,False,,68,0,0.2528,3.8482,
68,63,True,0.862557,1.1699,cusum,,,True,positive,68,0,0.294,2.6416,
68,13,True,0.993429,1.8123,none,,,False,,68,0,0.2557,2.3229,
68,31,True,0.889131,1.3003,none,,,False,,68,0,0.2551,2.2541,
68,80,True,0.747743,0.6064,none,,,False,,68,0,0.2635,1.8413,
68,1,True,0.69131,0.3294,none,,,False,,68,0,0.2537,1.7846,
68,74,True,0.83833,1.051,none,,,False,,68,0,0.2542,1.7613,
68,78,True,0.818428,0.9533,none,,,False,,68,0,0.2519,1.7375,
68,19,True,0.538387,-0.4211,none,,,False,,68,0,0.2562,1.5989,
68,36,True,0.613128,-0.0543,none,,,False,,68,0,0.2537,1.5748,
68,5,True,0.837028,1.0446,none,,,False,,68,0,0.2537,1.5294,
68,27,True,0.807013,0.8973,none,,,False,,68,0,0.2537,0.8687,
68,35,True,0.757185,0.6527,none,,,False,,68,0,0.0532,0.4892,
68,11,True,0.625303,0.0055,none,,,False,,68,0,0.094,0.4611,
68,34,True,0.683365,0.2904,none,,,False,,68,0,0.0612,0.4554,
68,20,True,0.664807,0.1993,none,,,False,,68,0,0.0562,0.3864,
68,47,True,0.693027,0.3378,none,,,False,,68,0,0.3058,0.3193,
68,51,True,0.578852,-0.2225,none,,,False,,68,0,0.0585,0.04,
68,68,True,0.441324,-0.8975,none,,,False,,68,0,0.0542,-0.0958,
68,62,True,0.529698,-0.4638,none,,,False,,68,0,0.0643,-0.2183,
68,48,True,0.624823,0.0031,none,,,False,,68,0,0.0551,-0.2197,
68,87,True,0.626984,0.0137,none,,,False,,68,0,0.0585,-0.2226,
68,10,True,0.602291,-0.1075,none,,,False,,68,0,0.0537,-0.2323,
68,91,True,0.559745,-0.3163,none,,,False,,68,0,0.0562,-0.2636,
68,21,True,0.623562,-0.0031,none,,,False,,68,0,0.0652,-0.3232,
68,82,True,0.41593,-1.0222,none,,,False,,68,0,0.2561,-0.524,
68,65,True,0.389501,-1.1519,none,,,False,,68,0,0.2211,-0.5289,
68,75,True,0.387777,-1.1604,cusum,,,True,negative,68,0,0.3532,-1.7654,
68,70,True,0.20335,-2.0655,none,,,False,,68,0,0.3212,-2.0039,
68,49,True,0.237257,-1.8991,none,,,False,,68,0,0.3171,-2.3402,
68,56,True,0.538258,-0.4218,none,,,False,,68,0,0.3171,-1.5152,
68,89,True,0.432686,-0.9399,none,,,False,,68,0,0.3171,-1.5292,
68,71,True,0.408252,-1.0599,none,,,False,,68,0,0.3128,-0.6186,
68,76,True,0.482338,-0.6962,none,,,False,,68,0,0.3128,-0.7269,
68,84,True,0.507164,-0.5744,cusum,,,True,negative,68,0,0.3119,-1.2667,
69,95,True,2.646196,3.0,cusum,,,True,positive,69,0,0.2546,4.0707,
69,44,True,1.074627,1.7366,cusum,,,True,positive,69,0,0.2523,4.0224,
69,63,True,0.902872,1.033,none,,,False,,69,0,0.2895,2.6357,
69,13,True,0.838413,0.769,none,,,False,,69,0,0.2551,2.4657,
69,31,True,0.828053,0.7265,none,,,False,,69,0,0.2546,1.9674,
69,74,True,0.68013,0.1206,none,,,False,,69,0,0.2536,1.8562,
69,5,True,0.844276,0.793,none,,,False,,69,0,0.2531,1.846,
69,78,True,0.779015,0.5256,none,,,False,,69,0,0.2514,1.7597,
69,1,True,0.768949,0.4844,none,,,False,,69,0,0.2531,1.5621,
69,19,True,0.921883,1.1109,none,,,False,,69,0,0.2556,1.4541,
69,36,True,0.828451,0.7282,none,,,False,,69,0,0.2531,1.4476,
69,80,True,0.79059,0.5731,none,,,False,,69,0,0.2626,0.823,
69,27,True,0.71534,0.2648,none,,,False,,69,0,0.0531,0.7718,
69,35,True,0.630226,-0.0839,none,,,False,,69,0,0.0527,0.5178,
69,34,True,0.73511,0.3458,none,,,False,,69,0,0.0604,0.4624,
69,20,True,0.757797,0.4387,none,,,False,,69,0,0.0556,0.4348,
69,47,True,0.743083,0.3784,none,,,False,,69,0,0.1009,0.3268,
69,11,True,0.615095,-0.1459,none,,,False,,69,0,0.0895,0.19,
69,51,True,0.671177,0.0839,none,,,False,,69,0,0.0578,-0.0296,
69,10,True,0.5771,-0.3015,none,,,False,,69,0,0.0531,-0.13,
69,87,True,0.474994,-0.7198,none,,,False,,69,0,0.0578,-0.1342,
69,48,True,0.536443,-0.4681,none,,,False,,69,0,0.0546,-0.1604,
69,21,True,0.587954,-0.257,none,,,False,,69,0,0.0642,-0.1755,
69,91,True,0.563435,-0.3575,none,,,False,,69,0,0.0556,-0.3662,
69,68,True,0.591139,-0.244,none,,,False,,69,0,0.0536,-0.3804,
69,62,True,0.445263,-0.8416,none,,,False,,69,0,0.0634,-0.4858,
69,28,True,0.497111,-0.6292,none,,,False,,69,0,0.1856,-0.5313,
69,23,True,0.697099,0.1901,none,,,False,,69,0,0.0592,-0.5343,
69,75,True,0.376341,-1.1239,none,,,False,,69,0,0.3463,-1.9363,
69,17,True,0.336653,-1.2865,none,,,False,,69,0,0.317,-1.5532,
69,18,True,0.437937,-0.8716,none,,,False,,69,0,0.317,-1.4289,
69,41,True,0.231713,-1.7164,none,,,False,,69,0,0.317,-2.5256,
69,4,True,0.426762,-0.9174,none,,,False,,69,0,0.3119,-2.8047,
69,14,True,0.383713,-1.0937,none,,,False,,69,0,0.3119,-2.2177,
69,79,True,0.299752,-1.4377,none,,,False,,69,0,0.3119,-2.4892,
69,81,True,0.106458,-2.2295,none,,,False,,69,0,0.3115,-0.7124,
70,95,True,2.283408,3.0,none,,,False,,70,0,0.254,4.07,
70,44,True,1.153775,2.587,none,,,False,,70,0,0.2518,3.6007,
70,63,True,0.924303,1.4156,none,,,False,,70,0,0.2852,2.3336,
70,13,True,0.890122,1.2411,cusum,,,True,positive,70,0,0.2545,2.3273,
70,31,True,1.126815,2.4494,none,,,False,,70,0,0.254,2.1815,
70,78,True,0.790805,0.7341,none,,,False,,70,0,0.251,1.6466,
70,74,True,0.937065,1.4807,none,,,False,,70,0,0.2531,1.5925,
70,1,True,0.709516,0.3191,none,,,False,,70,0,0.2526,1.571,
70,5,True,1.056312,2.0894,none,,,False,,70,0,0.2526,0.8864,
70,27,True,0.817629,0.871,none,,,False,,70,0,0.0526,0.7926,
70,80,True,0.816856,0.8671,none,,,False,,70,0,0.2618,0.7045,
70,47,True,0.410146,-1.2091,none,,,False,,70,0,0.0963,0.5555,
70,34,True,0.693471,0.2372,none,,,False,,70,0,0.0597,0.3983,
70,20,True,0.641504,-0.0281,none,,,False,,70,0,0.055,0.391,
70,19,True,0.596715,-0.2567,none,,,False,,70,0,0.255,0.3553,
70,36,True,0.658023,0.0562,none,,,False,,70,0,0.2526,0.3255,
70,35,True,0.702019,0.2808,none,,,False,,70,0,0.0522,0.2748,
70,11,True,0.691786,0.2286,none,,,False,,70,0,0.0852,0.1844,
70,51,True,0.561524,-0.4364,none,,,False,,70,0,0.0572,0.0106,
70,23,True,0.590836,-0.2867,none,,,False,,70,0,0.0535,-0.0956,
70,21,True,0.652505,0.0281,none,,,False,,70,0,0.0633,-0.2216,
70,48,True,0.596552,-0.2576,none,,,False,,70,0,0.054,-0.2756,
70,10,True,0.627516,-0.0995,none,,,False,,70,0,0.0526,-0.2877,
70,91,True,0.595115,-0.2649,none,,,False,,70,0,0.055,-0.3094,
70,87,True,0.683191,0.1847,none,,,False,,70,0,0.0572,-0.3325,
70,68,True,0.640986,-0.0307,none,,,False,,70,0,0.0531,-0.4033,
70,28,True,0.487888,-0.8123,none,,,False,,70,0,0.1624,-0.423,
70,62,True,0.534127,-0.5762,none,,,False,,70,0,0.0625,-0.494,
70,75,True,0.392714,-1.2981,none,,,False,,70,0,0.3398,-1.8063,
70,81,True,0.15213,-2.5263,cusum,,,True,negative,70,0,0.333,-1.7214,
70,49,True,0.373744,-1.3949,none,,,False,,70,0,0.3129,-2.3513,
70,56,True,0.526549,-0.6149,none,,,False,,70,0,0.3129,-1.3323,
70,84,True,0.65991,0.0659,none,,,False,,70,0,0.3129,-1.247,
70,89,True,0.447684,-1.0175,none,,,False,,70,0,0.3129,-0.9511,
70,55,True,0.439244,-1.0606,none,,,False,,70,0,0.3124,-0.7677,
70,90,True,0.274147,-1.9034,none,,,False,,70,0,0.312,-3.0091,
71,95,True,2.593931,3.0,cusum,,,True,positive,71,0,0.2535,4.0693,
71,44,True,1.173907,3.0,cusum,,,True,positive,71,0,0.2513,3.5074,
71,31,True,0.739735,0.6794,cusum,,,True,positive,71,0,0.2535,2.5614,
71,5,True,0.629582,0.0077,cusum,,,True,positive,71,0,0.2521,2.3764,
71,13,True,0.80015,1.0478,none,,,False,,71,0,0.2539,2.3441,
71,63,True,0.945101,1.9316,cusum,,,True,positive,71,0,0.281,2.3062,
71,74,True,0.692205,0.3896,none,,,False,,71,0,0.2526,1.9521,
71,80,True,0.819382,1.1651,cusum,,,True,positive,71,0,0.261,1.7622,
71,27,True,0.663585,0.2151,cusum,,,True,positive,71,0,0.2521,1.7451,
71,78,True,0.734213,0.6457,none,,,False,,71,0,0.2505,0.8028,
71,1,True,0.738121,0.6696,none,,,False,,71,0,0.2521,0.4451,
71,34,True,0.62704,-0.0077,none,,,False,,71,0,0.0589,0.3683,
71,35,True,0.666152,0.2307,none,,,False,,71,0,0.0517,0.3501,
71,36,True,0.846369,1.3296,none,,,False,,71,0,0.2521,0.3108,
71,20,True,0.695199,0.4079,none,,,False,,71,0,0.0544,0.274,
71,19,True,0.919103,1.7731,none,,,False,,71,0,0.2544,0.2151,
71,11,True,0.613458,-0.0906,none,,,False,,71,0,0.081,0.1294,
71,21,True,0.642499,0.0865,none,,,False,,71,0,0.0625,0.0048,
71,47,True,0.665515,0.2269,none,,,False,,71,0,0.0918,-0.06,
71,87,True,0.549934,-0.4779,none,,,False,,71,0,0.0565,-0.1001,
71,10,True,0.625475,-0.0173,none,,,False,,71,0,0.0521,-0.1021,
71,51,True,0.625628,-0.0164,none,,,False,,71,0,0.0565,-0.118,
71,48,True,0.526341,-0.6218,none,,,False,,71,0,0.0535,-0.1715,
71,23,True,0.68539,0.348,none,,,False,,71,0,0.053,-0.2049,
71,91,True,0.472491,-0.9501,none,,,False,,71,0,0.0544,-0.2422,
71,68,True,0.590348,-0.2315,none,,,False,,71,0,0.0526,-0.3227,
71,3,True,0.395828,-1.4176,none,,,False,,71,0,0.2243,-0.5394,
71,0,True,0.578867,-0.3015,none,,,False,,71,0,0.2195,-0.5435,
71,55,True,0.399681,-1.3941,cusum,,,True,negative,71,0,0.3551,-1.5426,
71,75,True,0.36616,-1.5985,cusum,,,True,negative,71,0,0.3337,-1.5691,
71,81,True,0.499924,-0.7828,none,,,False,,71,0,0.3272,-2.5143,
71,66,True,0.356208,-1.6592,none,,,False,,71,0,0.3131,-0.6568,
71,70,True,0.232703,-2.4122,none,,,False,,71,0,0.3129,-2.4984,
71,4,True,0.471378,-0.9569,none,,,False,,71,0,0.308,-2.6548,
71,14,True,0.406102,-1.3549,none,,,False,,71,0,0.308,-1.5596,
71,17,True,0.348119,-1.7085,none,,,False,,71,0,0.308,-1.9104,
72,95,True,1.909359,3.0,none,,,False,,72,0,0.2529,4.0687,
72,44,True,1.050434,1.7591,none,,,False,,72,0,0.2508,3.5069,
72,63,True,0.857804,0.8104,none,,,False,,72,0,0.2771,2.5581,
72,31,True,1.036829,1.6921,none,,,False,,72,0,0.2529,2.3538,
72,13,True,0.822975,0.6388,none,,,False,,72,0,0.2534,2.0886,
72,5,True,0.897443,1.0056,none,,,False,,72,0,0.2516,2.0302,
72,80,True,0.721642,0.1397,none,,,False,,72,0,0.2602,1.9474,
72,27,True,0.971713,1.3714,none,,,False,,72,0,0.2516,1.5171,
72,19,True,0.615763,-0.3817,none,,,False,,72,0,0.2539,0.9458,
72,36,True,0.591411,-0.5017,none,,,False,,72,0,0.2516,0.7715,
72,74,True,0.866203,0.8517,none,,,False,,72,0,0.2521,0.731,
72,78,True,0.704213,0.0539,none,,,False,,72,0,0.25,0.6997,
72,1,True,0.88451,0.9419,none,,,False,,72,0,0.2516,0.5578,
72,20,True,0.596081,-0.4787,none,,,False,,72,0,0.0539,0.3428,
72,34,True,0.739906,0.2297,none,,,False,,72,0,0.0582,0.268,
72,35,True,0.823299,0.6404,none,,,False,,72,0,0.0512,0.2088,
72,23,True,0.368752,-1.5983,none,,,False,,72,0,0.0525,0.1518,
72,11,True,0.801353,0.5323,none,,,False,,72,0,0.0771,0.0954,
72,21,True,0.620164,-0.3601,none,,,False,,72,0,0.0616,0.0336,
72,51,True,0.682328,-0.0539,none,,,False,,72,0,0.0559,-0.05,
72,10,True,0.594886,-0.4846,none,,,False,,72,0,0.0516,-0.0726,
72,47,True,0.789223,0.4726,none,,,False,,72,0,0.0876,-0.0992,
72,68,True,0.704703,0.0563,none,,,False,,72,0,0.0521,-0.1013,
72,87,True,0.655474,-0.1862,none,,,False,,72,0,0.0559,-0.2647,
72,48,True,0.727835,0.1702,none,,,False,,72,0,0.0529,-0.3804,
72,91,True,0.647516,-0.2253,none,,,False,,72,0,0.0539,-0.4542,
72,0,True,0.499795,-0.9529,none,,,False,,72,0,0.1157,-0.4998,
72,67,True,0.759263,0.325,none,,,False,,72,0,0.2698,-0.5436,
72,55,True,0.549403,-0.7086,none,,,False,,72,0,0.3482,-1.6482,
72,3,True,0.407793,-1.406,cusum,,,True,negative,72,0,0.3345,-1.423,
72,66,True,0.451127,-1.1926,cusum,,,True,negative,72,0,0.3345,-1.5558,
72,75,True,0.34091,-1.7354,none,,,False,,72,0,0.328,-1.7189,
72,81,True,0.215539,-2.3529,cusum,,,True,negative,72,0,0.3218,-2.2284,
72,18,True,0.337906,-1.7502,none,,,False,,72,0,0.3138,-1.666,
72,41,True,0.29457,-1.9637,none,,,False,,72,0,0.3138,-1.8999,
72,79,True,0.388668,-1.5002,none,,,False,,72,0,0.3138,-2.4648,
73,95,True,2.410264,3.0,cusum,,,True,positive,73,0,0.2524,4.068,
73,44,True,1.109351,2.6635,cusum,,,True,positive,73,0,0.2504,3.5138,
73,31,True,0.741674,0.6723,none,,,False,,73,0,0.2524,2.675,
73,63,True,0.888811,1.4691,none,,,False,,73,0,0.2732,2.4821,
73,5,True,0.742484,0.6767,none,,,False,,73,0,0.2512,2.1005,
73,13,True,0.726201,0.5885,none,,,False,,73,0,0.2529,2.0446,
73,27,True,0.665414,0.2593,none,,,False,,73,0,0.2512,1.8854,
73,80,True,0.820739,1.1005,none,,,False,,73,0,0.2595,1.802,
73,74,True,0.767103,0.81,none,,,False,,73,0,0.2516,0.9742,
73,1,True,0.779285,0.876,none,,,False,,73,0,0.2512,0.7097,
73,78,True,0.796028,0.9667,none,,,False,,73,0,0.2496,0.5419,
73,35,True,0.639347,0.1181,none,,,False,,73,0,0.0508,0.4497,
73,19,True,0.607779,-0.0528,none,,,False,,73,0,0.2533,0.4476,
73,36,True,0.758567,0.7638,none,,,False,,73,0,0.2512,0.361,
73,11,True,0.591742,-0.1397,none,,,False,,73,0,0.0732,0.3197,
73,34,True,0.80208,0.9994,none,,,False,,73,0,0.0576,0.2284,
73,20,True,0.599017,-0.1003,none,,,False,,73,0,0.0533,0.0364,
73,21,True,0.654921,0.2025,none,,,False,,73,0,0.0608,-0.0018,
73,68,True,0.578141,-0.2133,none,,,False,,73,0,0.0516,-0.0018,
73,47,True,0.733669,0.6289,none,,,False,,73,0,0.0835,-0.0699,
73,87,True,0.610595,-0.0376,none,,,False,,73,0,0.0553,-0.0876,
73,51,True,0.624468,0.0376,none,,,False,,73,0,0.0553,-0.0967,
73,10,True,0.645906,0.1537,none,,,False,,73,0,0.0512,-0.1342,
73,48,True,0.602844,-0.0795,none,,,False,,73,0,0.0524,-0.1683,
73,67,True,0.563398,-0.2932,none,,,False,,73,0,0.1419,-0.3618,
73,91,True,0.594502,-0.1247,none,,,False,,73,0,0.0533,-0.4108,
73,23,True,0.590684,-0.1454,none,,,False,,73,0,0.052,-0.4449,
73,84,True,0.494726,-0.6651,none,,,False,,73,0,0.3147,-0.4919,
73,55,True,0.469708,-0.8005,none,,,False,,73,0,0.3419,-1.4253,
73,3,True,0.388488,-1.2404,none,,,False,,73,0,0.3288,-1.7056,
73,66,True,0.341978,-1.4923,none,,,False,,73,0,0.3288,-1.7214,
73,75,True,0.339279,-1.5069,cusum,,,True,negative,73,0,0.3226,-1.9262,
73,81,True,0.465323,-0.8243,none,,,False,,73,0,0.3166,-2.2726,
73,49,True,0.240438,-2.0422,none,,,False,,73,0,0.3147,-2.1795,
73,56,True,0.478091,-0.7551,none,,,False,,73,0,0.3147,-0.727,
73,89,True,0.183555,-2.3502,none,,,False,,73,0,0.3147,-0.9117,
74,95,True,2.532111,3.0,none,,,False,,74,0,0.2519,4.0674,
74,44,True,1.005557,2.689,none,,,False,,74,0,0.2499,3.5387,
74,63,True,0.839103,1.3798,cusum,,,True,positive,74,0,0.2709,2.4982,
74,31,True,0.779978,0.9148,none,,,False,,74,0,0.2519,2.082,
74,80,True,0.824961,1.2686,none,,,False,,74,0,0.2587,1.8789,
74,13,True,0.74567,0.645,none,,,False,,74,0,0.2524,1.8264,
74,74,True,0.717685,0.4249,cusum,,,True,positive,74,0,0.2511,1.75,
74,27,True,0.712322,0.3827,none,,,False,,74,0,0.2507,1.6809,
74,5,True,0.738989,0.5925,none,,,False,,74,0,0.2507,1.629,
74,78,True,0.681203,0.138,cusum,,,True,positive,74,0,0.2492,1.6189,
74,1,True,0.865603,1.5883,none,,,False,,74,0,0.2507,0.8948,
74,36,True,0.709565,0.361,none,,,False,,74,0,0.2507,0.5962,
74,47,True,0.767465,0.8164,none,,,False,,74,0,0.0795,0.5409,
74,19,True,0.607394,-0.4425,none,,,False,,74,0,0.2528,0.5149,
74,34,True,0.748141,0.6644,none,,,False,,74,0,0.0569,0.4817,
74,35,True,0.726178,0.4917,none,,,False,,74,0,0.0503,0.3949,
74,11,True,0.712621,0.3851,none,,,False,,74,0,0.0709,0.1952,
74,51,True,0.690219,0.2089,none,,,False,,74,0,0.0547,0.0605,
74,21,True,0.622974,-0.32,none,,,False,,74,0,0.0601,0.0554,
74,20,True,0.605705,-0.4558,none,,,False,,74,0,0.0528,0.0117,
74,10,True,0.60354,-0.4729,none,,,False,,74,0,0.0507,-0.0504,
74,68,True,0.64612,-0.138,none,,,False,,74,0,0.0511,-0.0633,
74,67,True,0.681929,0.1437,none,,,False,,74,0,0.1359,-0.0986,
74,48,True,0.617468,-0.3633,none,,,False,,74,0,0.0519,-0.1096,
74,87,True,0.576624,-0.6846,none,,,False,,74,0,0.0547,-0.1624,
74,84,True,0.451865,-1.6658,none,,,False,,74,0,0.3005,-0.2846,
74,91,True,0.555242,-0.8527,none,,,False,,74,0,0.0528,-0.3647,
74,23,True,0.590398,-0.5762,none,,,False,,74,0,0.0515,-0.3984,
74,55,True,0.424865,-1.8781,none,,,False,,74,0,0.3359,-1.3427,
74,3,True,0.400996,-2.0659,none,,,False,,74,0,0.3234,-1.7368,
74,66,True,0.172782,-3.0,none,,,False,,74,0,0.3234,-1.8302,
74,75,True,0.357621,-2.407,none,,,False,,74,0,0.3175,-1.9989,
74,90,True,0.301486,-2.8485,none,,,False,,74,0,0.3147,-2.2952,
74,81,True,0.452321,-1.6622,cusum,,,True,negative,74,0,0.3117,-1.7082,
74,45,True,0.460998,-1.594,none,,,False,,74,0,0.3111,-0.7448,
74,4,True,0.350867,-2.4601,none,,,False,,74,0,0.31,-2.0054,
75,95,True,2.450401,3.0,cusum,,,True,positive,75,0,0.2514,4.0668,
75,44,True,1.193511,3.0,cusum,,,True,positive,75,0,0.2495,3.4345,
75,63,True,0.885162,1.4496,none,,,False,,75,0,0.2697,2.3126,
75,1,True,0.763674,0.6665,cusum,,,True,positive,75,0,0.2502,2.2005,
75,31,True,0.790849,0.8416,cusum,,,True,positive,75,0,0.2514,2.1599,
75,80,True,0.766167,0.6825,none,,,False,,75,0,0.258,1.9125,
75,5,True,0.295474,-2.3518,none,,,False,,75,0,0.2502,1.8233,
75,74,True,0.838637,1.1497,none,,,False,,75,0,0.2506,1.7612,
75,27,True,0.755331,0.6127,none,,,False,,75,0,0.2502,1.7362,
75,13,True,0.769423,0.7035,cusum,,,True,positive,75,0,0.2519,1.6915,
75,78,True,0.822285,1.0443,none,,,False,,75,0,0.2488,1.4492,
75,47,True,0.712687,0.3378,none,,,False,,75,0,0.0757,0.7355,
75,34,True,0.676928,0.1072,none,,,False,,75,0,0.0563,0.7049,
75,35,True,0.749846,0.5773,none,,,False,,75,0,0.0499,0.4813,
75,11,True,0.609007,-0.3306,none,,,False,,75,0,0.0697,0.3521,
75,36,True,0.733539,0.4722,none,,,False,,75,0,0.0502,0.2728,
75,67,True,0.541267,-0.7673,none,,,False,,75,0,0.1303,0.1798,
75,51,True,0.588472,-0.463,none,,,False,,75,0,0.0542,0.1349,
75,48,True,0.724987,0.4171,none,,,False,,75,0,0.0514,-0.0241,
75,68,True,0.66824,0.0512,none,,,False,,75,0,0.0506,-0.0327,
75,21,True,0.612482,-0.3082,none,,,False,,75,0,0.0593,-0.0811,
75,10,True,0.655352,-0.0318,none,,,False,,75,0,0.0502,-0.2028,
75,19,True,0.677013,0.1078,none,,,False,,75,0,0.0523,-0.2243,
75,87,True,0.646205,-0.0908,none,,,False,,75,0,0.0542,-0.232,
75,20,True,0.66523,0.0318,none,,,False,,75,0,0.0523,-0.2769,
75,91,True,0.573677,-0.5584,none,,,False,,75,0,0.0523,-0.3329,
75,56,True,0.522841,-0.8861,none,,,False,,75,0,0.3062,-0.4907,
75,62,True,0.606794,-0.3449,none,,,False,,75,0,0.0801,-0.5461,
75,45,True,0.601797,-0.3771,cusum,,,True,negative,75,0,0.3573,-1.7388,
75,55,True,0.488281,-1.1089,cusum,,,True,negative,75,0,0.3303,-1.5078,
75,3,True,0.407635,-1.6287,cusum,,,True,negative,75,0,0.3183,-1.9561,
75,66,True,0.406055,-1.6389,cusum,,,True,negative,75,0,0.3183,-2.2802,
75,14,True,0.381878,-1.7948,none,,,False,,75,0,0.3155,-1.8101,
75,17,True,0.342527,-2.0485,none,,,False,,75,0,0.3155,-1.5088,
75,70,True,0.214924,-2.8711,none,,,False,,75,0,0.3155,-2.1813,
75,75,True,0.380899,-1.8011,cusum,,,True,negative,75,0,0.3126,-2.2713,
76,95,True,2.21541,3.0,none,,,False,,76,0,0.251,4.0662,
76,44,True,1.142942,3.0,none,,,False,,76,0,0.2491,3.8477,
76,63,True,0.898042,1.6507,none,,,False,,76,0,0.2685,2.5242,
76,1,True,0.723489,0.4933,none,,,False,,76,0,0.2498,2.1081,
76,80,True,0.769563,0.7988,cusum,,,True,positive,76,0,0.2574,2.0926,
76,31,True,0.701119,0.345,none,,,False,,76,0,0.251,1.8758,
76,74,True,0.662696,0.0902,none,,,False,,76,0,0.2502,1.86,
76,78,True,0.808329,1.0558,none,,,False,,76,0,0.2484,1.7788,
76,13,True,0.831762,1.2112,none,,,False,,76,0,0.2514,1.7125,
76,47,True,0.312232,-2.2336,none,,,False,,76,0,0.0721,0.6889,
76,34,True,0.680523,0.2084,none,,,False,,76,0,0.0557,0.6633,
76,36,True,0.822128,1.1473,none,,,False,,76,0,0.0498,0.5969,
76,27,True,0.827532,1.1832,none,,,False,,76,0,0.2498,0.4828,
76,35,True,0.675012,0.1718,none,,,False,,76,0,0.0494,0.4597,
76,11,True,0.727758,0.5216,none,,,False,,76,0,0.0685,0.0629,
76,48,True,0.600476,-0.3224,none,,,False,,76,0,0.051,0.0576,
76,51,True,0.68499,0.238,none,,,False,,76,0,0.0536,-0.0022,
76,68,True,0.605402,-0.2897,none,,,False,,76,0,0.0502,-0.0349,
76,10,True,0.596115,-0.3513,none,,,False,,76,0,0.0498,-0.0525,
76,19,True,0.771734,0.8132,none,,,False,,76,0,0.0518,-0.0618,
76,21,True,0.635494,-0.0902,none,,,False,,76,0,0.0586,-0.0648,
76,20,True,0.718433,0.4598,none,,,False,,76,0,0.0518,-0.1073,
76,67,True,0.573136,-0.5037,none,,,False,,76,0,0.125,-0.1877,
76,87,True,0.535587,-0.7526,none,,,False,,76,0,0.0536,-0.201,
76,5,True,0.738632,0.5937,none,,,False,,76,0,0.2498,-0.2963,
76,91,True,0.594312,-0.3632,none,,,False,,76,0,0.0518,-0.4445,
76,62,True,0.573619,-0.5005,none,,,False,,76,0,0.0607,-0.5075,
76,25,True,0.559157,-0.5963,none,,,False,,76,0,0.3071,-0.5506,
76,45,True,0.561635,-0.5799,none,,,False,,76,0,0.3506,-1.4532,
76,55,True,0.428051,-1.4657,none,,,False,,76,0,0.325,-1.6447,
76,18,True,0.348442,-1.9935,none,,,False,,76,0,0.3163,-1.3554,
76,41,True,0.286552,-2.4039,none,,,False,,76,0,0.3163,-2.2823,
76,79,True,0.309657,-2.2507,none,,,False,,76,0,0.3163,-1.6449,
76,3,True,0.36546,-1.8807,none,,,False,,76,0,0.3134,-2.0332,
76,66,True,0.286116,-2.4068,none,,,False,,76,0,0.3134,-2.4319,
76,81,True,0.473436,-1.1647,none,,,False,,76,0,0.3125,-2.004,
77,95,True,2.466704,3.0,cusum,,,True,positive,77,0,0.2505,4.0657,
77,44,True,1.095234,2.0997,cusum,,,True,positive,77,0,0.2486,3.9593,
77,63,True,0.878294,1.0971,cusum,,,True,positive,77,0,0.2674,2.5832,
77,80,True,0.84152,0.9272,none,,,False,,77,0,0.2567,1.9912,
77,1,True,0.748741,0.4984,none,,,False,,77,0,0.2494,1.98,
77,13,True,0.942267,1.3928,none,,,False,,77,0,0.2509,1.9195,
77,78,True,0.734924,0.4345,none,,,False,,77,0,0.248,1.808,
77,31,True,0.899328,1.1943,none,,,False,,77,0,0.2505,1.7661,
77,74,True,0.820287,0.829,none,,,False,,77,0,0.2497,1.6195,
77,27,True,0.732328,0.4225,none,,,False,,77,0,0.2494,0.7902,
77,36,True,0.768494,0.5897,none,,,False,,77,0,0.0494,0.7242,
77,35,True,0.514825,-0.5827,none,,,False,,77,0,0.049,0.4771,
77,34,True,0.789111,0.685,none,,,False,,77,0,0.0551,0.3989,
77,11,True,0.598151,-0.1976,none,,,False,,77,0,0.0674,0.2818,
77,19,True,0.717339,0.3533,none,,,False,,77,0,0.0513,0.2263,
77,20,True,0.660718,0.0916,none,,,False,,77,0,0.0513,0.0787,
77,51,True,0.632978,-0.0366,none,,,False,,77,0,0.0531,0.064,
77,48,True,0.611718,-0.1349,none,,,False,,77,0,0.0505,-0.0239,
77,68,True,0.524077,-0.5399,none,,,False,,77,0,0.0497,-0.0609,
77,21,True,0.648825,0.0366,none,,,False,,77,0,0.0579,-0.1632,
77,10,True,0.661301,0.0943,none,,,False,,77,0,0.0494,-0.2213,
77,67,True,0.567206,-0.3406,none,,,False,,77,0,0.1199,-0.2611,
77,47,True,0.703052,0.2872,none,,,False,,77,0,0.0695,-0.267,
77,5,True,0.797616,0.7243,none,,,False,,77,0,0.2494,-0.3245,
77,62,True,0.387178,-1.1726,none,,,False,,77,0,0.0599,-0.3948,
77,87,True,0.605645,-0.1629,none,,,False,,77,0,0.0531,-0.44,
77,91,True,0.571399,-0.3212,none,,,False,,77,0,0.0513,-0.5246,
77,25,True,0.497221,-0.664,none,,,False,,77,0,0.1659,-0.5315,
77,45,True,0.402909,-1.0999,none,,,False,,77,0,0.3444,-1.2212,
77,55,True,0.470485,-0.7876,none,,,False,,77,0,0.3199,-1.8695,
77,49,True,0.298853,-1.5808,none,,,False,,77,0,0.317,-2.1721,
77,89,True,0.437408,-0.9405,none,,,False,,77,0,0.317,-1.8293,
77,75,True,0.37409,-1.2331,none,,,False,,77,0,0.3133,-2.2959,
77,3,True,0.40303,-1.0993,cusum,,,True,negative,77,0,0.3088,-2.2493,
77,66,True,0.306049,-1.5475,cusum,,,True,negative,77,0,0.3088,-2.7395,
77,4,True,0.335688,-1.4106,none,,,False,,77,0,0.3073,-1.8405,
78,95,True,2.252821,3.0,none,,,False,,78,0,0.2501,4.0651,
78,44,True,1.143048,2.7282,none,,,False,,78,0,0.2482,3.7624,
78,63,True,0.875288,1.2961,none,,,False,,78,0,0.2664,2.4875,
78,13,True,0.882155,1.3329,none,,,False,,78,0,0.2504,2.1682,
78,78,True,0.772752,0.7477,none,,,False,,78,0,0.2476,1.9064,
78,80,True,0.755585,0.6559,none,,,False,,78,0,0.2561,1.8765,
78,31,True,0.813474,0.9655,none,,,False,,78,0,0.2501,1.8587,
78,36,True,0.826934,1.0375,cusum,,,True,positive,78,0,0.2489,1.7999,
78,74,True,0.762534,0.6931,none,,,False,,78,0,0.2493,1.7537,
78,1,True,0.701415,0.3662,none,,,False,,78,0,0.2489,1.6162,
78,27,True,0.722592,0.4794,none,,,False,,78,0,0.2489,0.803,
78,19,True,0.7955,0.8694,none,,,False,,78,0,0.0508,0.491,
78,34,True,0.682757,0.2664,none,,,False,,78,0,0.0545,0.405,
78,20,True,0.550813,-0.4393,none,,,False,,78,0,0.0508,0.2606,
78,35,True,0.642871,0.0531,none,,,False,,78,0,0.0486,0.1185,
78,11,True,0.566288,-0.3565,none,,,False,,78,0,0.0664,0.0862,
78,48,True,0.601462,-0.1684,none,,,False,,78,0,0.0501,0.0517,
78,51,True,0.600894,-0.1714,none,,,False,,78,0,0.0526,-0.0185,
78,10,True,0.61706,-0.085,none,,,False,,78,0,0.0489,-0.0328,
78,21,True,0.67207,0.2092,none,,,False,,78,0,0.0573,-0.0452,
78,68,True,0.638392,0.0291,none,,,False,,78,0,0.0493,-0.1954,
78,87,True,0.569421,-0.3398,none,,,False,,78,0,0.0526,-0.2668,
78,5,True,0.779368,0.7831,none,,,False,,78,0,0.2489,-0.2811,
78,91,True,0.531435,-0.5429,none,,,False,,78,0,0.0508,-0.348,
78,25,True,0.331528,-1.6121,none,,,False,,78,0,0.1588,-0.4099,
78,67,True,0.540072,-0.4968,none,,,False,,78,0,0.1151,-0.4254,
78,47,True,0.743149,0.5894,none,,,False,,78,0,0.0684,-0.4449,
78,98,True,0.392963,-1.2836,none,,,False,,78,0,0.2258,-0.5515,
78,45,True,0.627508,-0.0291,none,,,False,,78,0,0.3386,-1.0606,
78,55,True,0.385453,-1.3237,none,,,False,,78,0,0.3151,-1.5089,
78,90,True,0.243814,-2.0813,none,,,False,,78,0,0.3126,-2.8812,
78,24,True,0.481234,-0.8114,none,,,False,,78,0,0.3091,-0.6737,
78,81,True,0.577159,-0.2984,none,,,False,,78,0,0.3088,-1.6105,
78,14,True,0.391941,-1.289,none,,,False,,78,0,0.3081,-1.3102,
78,17,True,0.322865,-1.6585,none,,,False,,78,0,0.3081,-2.0769,
78,70,True,0.197374,-2.3296,none,,,False,,78,0,0.3081,-2.8454,
79,95,True,2.303275,3.0,cusum,,,True,positive,79,0,0.2496,4.0645,
79,44,True,1.194952,2.8658,cusum,,,True,positive,79,0,0.2478,3.6713,
79,63,True,0.934153,1.4771,none,,,False,,79,0,0.2654,2.435,
79,13,True,0.858768,1.0757,cusum,,,True,positive,79,0,0.25,2.3774,
79,36,True,0.58548,-0.3795,none,,,False,,79,0,0.2485,1.9878,
79,31,True,0.829116,0.9178,none,,,False,,79,0,0.2496,1.8995,
79,80,True,0.85519,1.0567,none,,,False,,79,0,0.2555,1.8669,
79,27,True,0.749922,0.4962,cusum,,,True,positive,79,0,0.2485,1.758,
79,1,True,0.695364,0.2056,none,,,False,,79,0,0.2485,1.5156,
79,78,True,0.808074,0.8058,none,,,False,,79,0,0.2472,0.8071,
79,5,True,0.855146,1.0564,none,,,False,,79,0,0.2485,0.7633,
79,19,True,0.688645,0.1699,none,,,False,,79,0,0.0504,0.7443,
79,74,True,0.790786,0.7137,none,,,False,,79,0,0.2489,0.6009,
79,34,True,0.706051,0.2626,none,,,False,,79,0,0.0539,0.4573,
79,21,True,0.600622,-0.2988,none,,,False,,79,0,0.0566,0.1264,
79,20,True,0.671944,0.0809,none,,,False,,79,0,0.0504,0.103,
79,51,True,0.597992,-0.3128,none,,,False,,79,0,0.0521,0.078,
79,11,True,0.68386,0.1444,none,,,False,,79,0,0.0654,0.0762,
79,10,True,0.537444,-0.6352,none,,,False,,79,0,0.0485,-0.051,
79,35,True,0.666069,0.0497,none,,,False,,79,0,0.0482,-0.0568,
79,48,True,0.678056,0.1135,none,,,False,,79,0,0.0496,-0.144,
79,68,True,0.603256,-0.2848,none,,,False,,79,0,0.0489,-0.2033,
79,67,True,0.564627,-0.4905,none,,,False,,79,0,0.1105,-0.3379,
79,87,True,0.672987,0.0865,none,,,False,,79,0,0.0521,-0.3504,
79,47,True,0.647416,-0.0497,none,,,False,,79,0,0.0673,-0.3625,
79,2,True,0.546562,-0.5867,none,,,False,,79,0,0.2213,-0.556,
79,28,True,0.461893,-1.0375,none,,,False,,79,0,0.1948,-0.5564,
79,30,True,0.475823,-0.9634,none,,,False,,79,0,0.2523,-0.5572,
79,25,True,0.475852,-0.9632,cusum,,,True,negative,79,0,0.3523,-1.3239,
79,45,True,0.396795,-1.3842,none,,,False,,79,0,0.3331,-0.9484,
79,55,True,0.55156,-0.5601,cusum,,,True,negative,79,0,0.3105,-1.5832,
79,26,True,0.312504,-1.833,none,,,False,,79,0,0.3099,-1.1338,
79,38,True,0.427744,-1.2194,none,,,False,,79,0,0.3099,-0.8321,
79,3,True,0.498445,-0.8429,none,,,False,,79,0,0.3096,-1.9297,
79,66,True,0.311234,-1.8398,none,,,False,,79,0,0.3096,-2.2578,
79,75,True,0.27068,-2.0557,none,,,False,,79,0,0.3096,-2.2071,
80,95,True,2.567254,3.0,none,,,False,,80,0,0.2492,4.064,
80,44,True,1.233864,3.0,none,,,False,,80,0,0.2475,3.6261,
80,63,True,0.922037,1.5036,cusum,,,True,positive,80,0,0.2644,2.3759,
80,13,True,0.786583,0.7596,none,,,False,,80,0,0.2496,2.3317,
80,31,True,0.737406,0.4895,cusum,,,True,positive,80,0,0.2492,2.0899,
80,80,True,0.785382,0.7531,none,,,False,,80,0,0.2549,1.9521,
80,78,True,0.720632,0.3974,cusum,,,True,positive,80,0,0.2468,1.7233,
80,27,True,0.608918,-0.2162,none,,,False,,80,0,0.2481,1.5285,
80,36,True,0.826651,0.9797,none,,,False,,80,0,0.2481,1.4784,
80,5,True,0.745512,0.5341,none,,,False,,80,0,0.2481,0.9171,
80,74,True,0.710223,0.3402,none,,,False,,80,0,0.2485,0.8083,
80,19,True,0.497803,-0.8265,none,,,False,,80,0,0.0499,0.5293,
80,34,True,0.805658,0.8644,none,,,False,,80,0,0.0534,0.4746,
80,1,True,0.776679,0.7052,none,,,False,,80,0,0.2481,0.4192,
80,47,True,0.724692,0.4197,none,,,False,,80,0,0.0662,0.364,
80,21,True,0.650878,0.0143,none,,,False,,80,0,0.056,0.0561,
80,48,True,0.494725,-0.8434,none,,,False,,80,0,0.0492,0.0008,
80,20,True,0.718514,0.3858,none,,,False,,80,0,0.0499,-0.0238,
80,11,True,0.606524,-0.2293,none,,,False,,80,0,0.0644,-0.0508,
80,87,True,0.548034,-0.5506,none,,,False,,80,0,0.0516,-0.0713,
80,35,True,0.640618,-0.0421,none,,,False,,80,0,0.0478,-0.098,
80,51,True,0.645678,-0.0143,none,,,False,,80,0,0.0516,-0.1062,
80,10,True,0.607148,-0.2259,none,,,False,,80,0,0.0481,-0.1461,
80,68,True,0.662056,0.0757,none,,,False,,80,0,0.0485,-0.2022,
80,67,True,0.557229,-0.5001,none,,,False,,80,0,0.1061,-0.336,
80,94,True,0.842063,1.0644,none,,,False,,80,0,0.2534,-0.5575,
80,12,True,0.738779,0.4971,none,,,False,,80,0,0.1642,-0.5675,
80,26,True,0.369143,-1.5332,cusum,,,True,negative,80,0,0.3528,-2.0066,
80,28,True,0.531076,-0.6437,cusum,,,True,negative,80,0,0.3528,-1.1927,
80,25,True,0.543732,-0.5742,none,,,False,,80,0,0.3461,-1.4507,
80,45,True,0.507696,-0.7721,none,,,False,,80,0,0.3278,-0.7199,
80,18,True,0.424568,-1.2287,none,,,False,,80,0,0.3141,-1.9342,
80,41,True,0.294974,-1.9405,none,,,False,,80,0,0.3141,-1.9237,
80,79,True,0.294929,-1.9408,none,,,False,,80,0,0.3141,-2.1253,
80,49,True,0.220955,-2.3471,none,,,False,,80,0,0.3097,-1.5684,
80,89,True,0.246524,-2.2066,none,,,False,,80,0,0.3097,-1.3318,
81,95,True,2.585406,3.0,cusum,,,True,positive,81,0,0.2488,4.0635,
81,44,True,1.203426,3.0,cusum,,,True,positive,81,0,0.2471,3.9258,
81,63,True,0.916907,1.5279,none,,,False,,81,0,0.2635,2.5102,
81,13,True,0.922816,1.565,none,,,False,,81,0,0.2491,2.1201,
81,80,True,0.819049,0.9145,cusum,,,True,positive,81,0,0.2543,1.8933,
81,31,True,0.729177,0.3511,none,,,False,,81,0,0.2488,1.8545,
81,78,True,0.688665,0.0971,none,,,False,,81,0,0.2465,1.7105,
81,36,True,0.725225,0.3263,none,,,False,,81,0,0.2477,1.6079,
81,27,True,0.714959,0.2619,none,,,False,,81,0,0.2477,1.3152,
81,5,True,0.790614,0.7362,none,,,False,,81,0,0.0477,0.8532,
81,74,True,0.841333,1.0542,none,,,False,,81,0,0.2481,0.6449,
81,34,True,0.758087,0.5323,none,,,False,,81,0,0.0529,0.5338,
81,1,True,0.706465,0.2087,none,,,False,,81,0,0.2477,0.4877,
81,47,True,0.714696,0.2603,none,,,False,,81,0,0.0652,0.4069,
81,94,True,0.891116,1.3663,none,,,False,,81,0,0.1174,0.167,
81,19,True,0.64579,-0.1717,none,,,False,,81,0,0.0495,0.1355,
81,35,True,0.68705,0.087,none,,,False,,81,0,0.0474,0.0818,
81,20,True,0.681688,0.0533,none,,,False,,81,0,0.0495,0.0737,
81,21,True,0.624059,-0.3079,none,,,False,,81,0,0.0554,0.0478,
81,68,True,0.574748,-0.6171,none,,,False,,81,0,0.0481,0.0025,
81,11,True,0.655638,-0.11,none,,,False,,81,0,0.0635,-0.0626,
81,51,True,0.573523,-0.6248,none,,,False,,81,0,0.0511,-0.0994,
81,87,True,0.654935,-0.1144,none,,,False,,81,0,0.0511,-0.2011,
81,48,True,0.63973,-0.2097,none,,,False,,81,0,0.0488,-0.2359,
81,10,True,0.664671,-0.0533,none,,,False,,81,0,0.0477,-0.2534,
81,67,True,0.54939,-0.776,none,,,False,,81,0,0.1019,-0.3915,
81,12,True,0.557655,-0.7242,none,,,False,,81,0,0.0627,-0.5325,
81,60,True,0.724113,0.3193,none,,,False,,81,0,0.1828,-0.59,
81,26,True,0.383281,-1.8174,none,,,False,,81,0,0.3467,-2.1644,
81,28,True,0.408523,-1.6591,none,,,False,,81,0,0.3467,-1.2021,
81,25,True,0.298689,-2.3477,none,,,False,,81,0,0.3404,-1.4249,
81,45,True,0.303645,-2.3166,none,,,False,,81,0,0.3229,-0.6138,
81,73,True,0.376436,-1.8603,none,,,False,,81,0,0.3115,-0.9738,
81,55,True,0.416237,-1.6108,none,,,False,,81,0,0.3112,-1.2839,
81,81,True,-0.056561,-3.0,none,,,False,,81,0,0.3105,-0.9375,
81,4,True,0.209129,-2.9092,none,,,False,,81,0,0.3099,-1.5071,
82,95,True,2.279631,3.0,none,,,False,,82,0,0.2484,4.063,
82,44,True,1.235128,3.0,none,,,False,,82,0,0.2467,4.0159,
82,63,True,0.804576,0.9191,none,,,False,,82,0,0.2626,2.5862,
82,13,True,0.863263,1.2976,cusum,,,True,positive,82,0,0.2487,2.197,
82,80,True,0.773689,0.7198,none,,,False,,82,0,0.2538,1.9788,
82,5,True,0.777422,0.7439,cusum,,,True,positive,82,0,0.2474,1.8371,
82,74,True,0.730259,0.4397,cusum,,,True,positive,82,0,0.2477,1.7647,
82,31,True,0.718193,0.3619,none,,,False,,82,0,0.2484,1.6491,
82,78,True,0.700188,0.2458,none,,,False,,82,0,0.2461,1.4932,
82,36,True,0.762307,0.6464,none,,,False,,82,0,0.2474,1.3704,
82,27,True,0.722229,0.3879,none,,,False,,82,0,0.2474,1.2422,
82,94,True,0.892083,1.4835,none,,,False,,82,0,0.1129,0.6922,
82,34,True,0.743381,0.5244,none,,,False,,82,0,0.0523,0.6218,
82,1,True,0.771011,0.7026,none,,,False,,82,0,0.2474,0.4347,
82,47,True,0.799058,0.8835,none,,,False,,82,0,0.0643,0.2959,
82,20,True,0.6294,-0.2108,none,,,False,,82,0,0.0491,0.2374,
82,35,True,0.737458,0.4861,none,,,False,,82,0,0.047,0.0926,
82,11,True,0.567233,-0.6118,none,,,False,,82,0,0.0626,0.0184,
82,21,True,0.592519,-0.4487,none,,,False,,82,0,0.0548,-0.1253,
82,87,True,0.592419,-0.4493,none,,,False,,82,0,0.0506,-0.1266,
82,19,True,0.708868,0.3017,none,,,False,,82,0,0.0491,-0.2121,
82,68,True,0.648869,-0.0852,none,,,False,,82,0,0.0477,-0.2134,
82,10,True,0.606959,-0.3556,none,,,False,,82,0,0.0474,-0.2433,
82,48,True,0.468703,-1.2473,none,,,False,,82,0,0.0484,-0.2502,
82,51,True,0.675301,0.0852,none,,,False,,82,0,0.0506,-0.2511,
82,60,True,0.582111,-0.5158,none,,,False,,82,0,0.0882,-0.4054,
82,12,True,0.566822,-0.6144,none,,,False,,82,0,0.0618,-0.4595,
82,73,True,0.057504,-3.0,cusum,,,True,negative,82,0,0.3538,-1.9254,
82,26,True,0.348139,-2.0249,cusum,,,True,negative,82,0,0.341,-2.1028,
82,28,True,0.59329,-0.4437,none,,,False,,82,0,0.341,-1.4885,
82,25,True,0.324533,-2.1772,cusum,,,True,negative,82,0,0.335,-1.6738,
82,45,True,0.490623,-1.1059,cusum,,,True,negative,82,0,0.3182,-1.8792,
82,3,True,0.428897,-1.504,none,,,False,,82,0,0.3113,-1.17,
82,66,True,0.39845,-1.7004,none,,,False,,82,0,0.3113,-2.3271,
82,75,True,0.355268,-1.9789,none,,,False,,82,0,0.3113,-2.0924,
82,17,True,0.327321,-2.1592,none,,,False,,82,0,0.3106,-1.7031,
83,95,True,2.29498,3.0,cusum,,,True,positive,83,0,0.248,4.0625,
83,44,True,1.154579,2.4208,cusum,,,True,positive,83,0,0.2464,4.0602,
83,94,True,0.910919,1.2726,cusum,,,True,positive,83,0,0.3086,2.4113,
83,63,True,0.707454,0.3139,cusum,,,True,positive,83,0,0.2618,2.3991,
83,13,True,0.862741,1.0456,none,,,False,,83,0,0.2483,2.2704,
83,80,True,0.771709,0.6166,none,,,False,,83,0,0.2532,1.8658,
83,5,True,0.345018,-1.394,none,,,False,,83,0,0.247,1.7325,
83,34,True,0.708006,0.3165,cusum,,,True,positive,83,0,0.2518,1.7084,
83,74,True,0.789062,0.6984,none,,,False,,83,0,0.2473,1.6729,
83,31,True,0.856275,1.0151,none,,,False,,83,0,0.248,1.4633,
83,78,True,0.728793,0.4144,none,,,False,,83,0,0.2458,1.3061,
83,27,True,0.880378,1.1287,none,,,False,,83,0,0.247,1.2056,
83,36,True,0.731483,0.4271,none,,,False,,83,0,0.247,0.7119,
83,47,True,0.658948,0.0853,none,,,False,,83,0,0.0634,0.6057,
83,1,True,0.81517,0.8214,none,,,False,,83,0,0.247,0.5999,
83,35,True,0.57177,-0.3255,none,,,False,,83,0,0.0467,0.2376,
83,20,True,0.530882,-0.5182,none,,,False,,83,0,0.0487,0.1396,
83,60,True,0.622744,-0.0853,none,,,False,,83,0,0.0846,0.0144,
83,51,True,0.717455,0.361,none,,,False,,83,0,0.0502,-0.1189,
83,68,True,0.580683,-0.2835,none,,,False,,83,0,0.0473,-0.1473,
83,10,True,0.62223,-0.0877,none,,,False,,83,0,0.047,-0.1505,
83,19,True,0.7007,0.282,none,,,False,,83,0,0.0487,-0.1686,
83,21,True,0.621747,-0.09,none,,,False,,83,0,0.0542,-0.176,
83,12,True,0.51461,-0.5948,none,,,False,,83,0,0.061,-0.1994,
83,11,True,0.780259,0.6569,none,,,False,,83,0,0.0618,-0.2348,
83,87,True,0.597601,-0.2038,none,,,False,,83,0,0.0502,-0.3058,
83,67,True,0.691235,0.2374,none,,,False,,83,0,0.1029,-0.4868,
83,73,True,0.41817,-1.0493,none,,,False,,83,0,0.3477,-2.5481,
83,26,True,0.357791,-1.3338,none,,,False,,83,0,0.3356,-2.1706,
83,28,True,0.49398,-0.692,none,,,False,,83,0,0.3356,-1.2943,
83,25,True,0.490627,-0.7078,none,,,False,,83,0,0.3298,-2.0818,
83,70,True,0.218367,-1.9908,none,,,False,,83,0,0.3156,-2.4356,
83,90,True,0.328551,-1.4716,none,,,False,,83,0,0.3156,-2.1757,
83,45,True,0.468821,-0.8106,none,,,False,,83,0,0.3137,-1.7891,
83,55,True,0.491797,-0.7023,none,,,False,,83,0,0.3078,-1.5606,
83,18,True,0.338901,-1.4228,none,,,False,,83,0,0.3071,-1.5554,
84,95,True,2.010478,3.0,none,,,False,,84,0,0.2476,4.062,
84,44,True,1.20311,3.0,none,,,False,,84,0,0.246,3.8667,
84,94,True,0.920193,1.519,none,,,False,,84,0,0.3044,2.4784,
84,13,True,0.88233,1.3141,none,,,False,,84,0,0.2479,2.3652,
84,63,True,0.950132,1.6811,none,,,False,,84,0,0.2609,2.0014,
84,80,True,0.804568,0.8933,none,,,False,,84,0,0.2527,1.8197,
84,74,True,0.848669,1.1319,none,,,False,,84,0,0.2469,1.7918,
84,31,True,0.838092,1.0747,none,,,False,,84,0,0.2476,1.638,
84,34,True,0.701204,0.3338,none,,,False,,84,0,0.2514,1.5251,
84,78,True,0.647637,0.0439,none,,,False,,84,0,0.2454,1.3113,
84,5,True,0.777654,0.7476,none,,,False,,84,0,0.2466,1.0893,
84,27,True,0.696045,0.3059,none,,,False,,84,0,0.2466,0.6535,
84,1,True,0.717944,0.4244,none,,,False,,84,0,0.2466,0.6382,
84,36,True,0.622634,-0.0914,none,,,False,,84,0,0.2466,0.5272,
84,47,True,0.693569,0.2925,none,,,False,,84,0,0.0625,0.493,
84,19,True,0.675843,0.1966,none,,,False,,84,0,0.0483,0.2004,
84,35,True,0.670808,0.1693,none,,,False,,84,0,0.0463,0.1427,
84,11,True,0.669761,0.1637,none,,,False,,84,0,0.0609,0.0595,
84,51,True,0.61744,-0.1195,none,,,False,,84,0,0.0497,0.0056,
84,60,True,0.62608,-0.0727,none,,,False,,84,0,0.081,0.0006,
84,10,True,0.631403,-0.0439,none,,,False,,84,0,0.0466,-0.1049,
84,20,True,0.597012,-0.2301,none,,,False,,84,0,0.0483,-0.1622,
84,87,True,0.685869,0.2508,none,,,False,,84,0,0.0497,-0.1907,
84,21,True,0.547131,-0.5,none,,,False,,84,0,0.0537,-0.2115,
84,67,True,0.591709,-0.2588,none,,,False,,84,0,0.0948,-0.2462,
84,68,True,0.571792,-0.3666,none,,,False,,84,0,0.0469,-0.2675,
84,91,True,0.526316,-0.6127,none,,,False,,84,0,0.271,-0.3435,
84,73,True,0.304545,-1.8129,cusum,,,True,negative,84,0,0.3421,-2.3449,
84,26,True,0.387158,-1.3658,cusum,,,True,negative,84,0,0.3304,-2.1075,
84,28,True,0.503472,-0.7363,none,,,False,,84,0,0.3304,-1.3138,
84,25,True,0.447986,-1.0366,none,,,False,,84,0,0.3249,-2.1295,
84,41,True,0.320057,-1.729,none,,,False,,84,0,0.3121,-2.5006,
84,49,True,0.216977,-2.2869,none,,,False,,84,0,0.3121,-2.3879,
84,79,True,0.287632,-1.9045,none,,,False,,84,0,0.3121,-1.7952,
84,89,True,0.471786,-0.9078,none,,,False,,84,0,0.3121,-2.2304,
84,45,True,0.432954,-1.118,none,,,False,,84,0,0.3093,-1.8044,
85,95,True,2.519638,3.0,cusum,,,True,positive,85,0,0.2472,4.0615,
85,44,True,1.288637,3.0,cusum,,,True,positive,85,0,0.2457,3.8663,
85,94,True,0.931387,1.4784,none,,,False,,85,0,0.3004,2.5271,
85,13,True,0.851766,1.0656,cusum,,,True,positive,85,0,0.2475,2.2811,
85,63,True,0.93041,1.4733,none,,,False,,85,0,0.2602,2.0514,
85,74,True,0.801902,0.8071,none,,,False,,85,0,0.2466,1.8173,
85,80,True,0.695013,0.253,none,,,False,,85,0,0.2522,1.8119,
85,34,True,0.715066,0.3569,none,,,False,,85,0,0.2509,1.4584,
85,5,True,0.786218,0.7258,none,,,False,,85,0,0.2463,1.0927,
85,31,True,0.797562,0.7846,none,,,False,,85,0,0.2472,0.8788,
85,1,True,0.80629,0.8299,none,,,False,,85,0,0.0463,0.7097,
85,27,True,0.727241,0.4201,none,,,False,,85,0,0.2463,0.6677,
85,47,True,0.700598,0.2819,none,,,False,,85,0,0.0617,0.5026,
85,36,True,0.726067,0.414,none,,,False,,85,0,0.2463,0.3876,
85,19,True,0.713843,0.3506,none,,,False,,85,0,0.0479,0.3226,
85,78,True,0.742212,0.4977,none,,,False,,85,0,0.2451,0.2932,
85,51,True,0.663774,0.091,none,,,False,,85,0,0.0493,0.1735,
85,35,True,0.610272,-0.1863,none,,,False,,85,0,0.046,0.1698,
85,11,True,0.646841,0.0032,none,,,False,,85,0,0.0602,0.1497,
85,87,True,0.524356,-0.6317,none,,,False,,85,0,0.0493,-0.0695,
85,10,True,0.517745,-0.666,none,,,False,,85,0,0.0463,-0.1022,
85,60,True,0.641364,-0.0251,none,,,False,,85,0,0.0776,-0.1318,
85,67,True,0.645588,-0.0032,none,,,False,,85,0,0.0911,-0.1677,
85,68,True,0.408367,-1.2331,none,,,False,,85,0,0.0466,-0.1845,
85,20,True,0.616733,-0.1528,none,,,False,,85,0,0.0479,-0.2572,
85,21,True,0.59355,-0.273,none,,,False,,85,0,0.0531,-0.2762,
85,91,True,0.575831,-0.3649,none,,,False,,85,0,0.2497,-0.4272,
85,73,True,0.383445,-1.3623,none,,,False,,85,0,0.3367,-2.3328,
85,26,True,0.355448,-1.5074,none,,,False,,85,0,0.3256,-1.9601,
85,28,True,0.364847,-1.4587,cusum,,,True,negative,85,0,0.3256,-1.0093,
85,25,True,0.521666,-0.6457,cusum,,,True,negative,85,0,0.3203,-1.6954,
85,81,True,0.514477,-0.683,none,,,False,,85,0,0.3128,-1.8856,
85,7,True,0.362379,-1.4715,none,,,False,,85,0,0.3102,-0.8896,
85,3,True,0.449169,-1.0215,none,,,False,,85,0,0.3086,-1.5467,
85,66,True,0.350806,-1.5315,none,,,False,,85,0,0.3086,-1.5938,
85,75,True,0.380101,-1.3796,none,,,False,,85,0,0.3086,-1.6538,
86,95,True,2.561787,3.0,none,,,False,,86,0,0.2468,4.0611,
86,44,True,1.341269,3.0,none,,,False,,86,0,0.2453,3.8659,
86,94,True,0.891058,1.8717,cusum,,,True,positive,86,0,0.2966,2.5234,
86,63,True,0.946369,2.2865,cusum,,,True,positive,86,0,0.2594,2.2352,
86,13,True,0.750375,0.8164,none,,,False,,86,0,0.2472,2.2033,
86,74,True,0.781067,1.0466,none,,,False,,86,0,0.2462,1.9394,
86,1,True,0.777922,1.0231,cusum,,,True,positive,86,0,0.2459,1.7517,
86,34,True,0.703095,0.4618,none,,,False,,86,0,0.2504,1.402,
86,5,True,0.60311,-0.2882,none,,,False,,86,0,0.2459,1.0862,
86,31,True,0.798591,1.1781,none,,,False,,86,0,0.2468,1.0192,
86,27,True,0.687362,0.3438,none,,,False,,86,0,0.2459,0.678,
86,80,True,0.801611,1.2007,none,,,False,,86,0,0.2517,0.6557,
86,78,True,0.650455,0.067,none,,,False,,86,0,0.2448,0.3768,
86,11,True,0.733764,0.6918,none,,,False,,86,0,0.0594,0.3537,
86,19,True,0.557012,-0.6339,none,,,False,,86,0,0.0475,0.3384,
86,36,True,0.660617,0.1432,none,,,False,,86,0,0.2459,0.3097,
86,47,True,0.66331,0.1634,none,,,False,,86,0,0.0608,0.301,
86,51,True,0.628963,-0.0943,none,,,False,,86,0,0.0489,0.1749,
86,67,True,0.568102,-0.5507,none,,,False,,86,0,0.0874,0.088,
86,60,True,0.590353,-0.3839,none,,,False,,86,0,0.0743,0.0302,
86,35,True,0.713464,0.5396,none,,,False,,86,0,0.0456,-0.0548,
86,87,True,0.636326,-0.039,none,,,False,,86,0,0.0489,-0.1309,
86,10,True,0.64673,0.039,none,,,False,,86,0,0.0459,-0.2061,
86,21,True,0.599006,-0.3189,none,,,False,,86,0,0.0526,-0.2183,
86,20,True,0.649425,0.0592,none,,,False,,86,0,0.0475,-0.2383,
86,91,True,0.553918,-0.6571,none,,,False,,86,0,0.2493,-0.4423,
86,12,True,0.625012,-0.1239,none,,,False,,86,0,0.0683,-0.5644,
86,7,True,0.340628,-2.257,cusum,,,True,negative,86,0,0.3556,-1.7335,
86,73,True,0.355889,-2.1425,cusum,,,True,negative,86,0,0.3317,-1.7903,
86,26,True,0.260956,-2.8546,none,,,False,,86,0,0.321,-1.7905,
86,28,True,0.602111,-0.2957,none,,,False,,86,0,0.321,-1.3505,
86,25,True,0.492697,-1.1163,none,,,False,,86,0,0.3158,-1.1876,
86,4,True,0.295372,-2.5964,none,,,False,,86,0,0.3128,-2.6599,
86,45,True,0.460342,-1.359,none,,,False,,86,0,0.3101,-1.4072,
86,55,True,0.443692,-1.4839,none,,,False,,86,0,0.3094,-0.8557,
86,17,True,0.369718,-2.0388,none,,,False,,86,0,0.3088,-2.3554,
87,95,True,2.423934,3.0,cusum,,,True,positive,87,0,0.2465,4.0606,
87,44,True,1.239633,3.0,cusum,,,True,positive,87,0,0.245,4.0585,
87,63,True,0.838341,1.003,none,,,False,,87,0,0.2587,2.8917,
87,94,True,0.741311,0.4752,none,,,False,,87,0,0.2928,2.7211,
87,13,True,0.783613,0.7053,none,,,False,,87,0,0.2468,2.1265,
87,31,True,0.861827,1.1307,cusum,,,True,positive,87,0,0.2465,2.0731,
87,74,True,0.911469,1.4008,cusum,,,True,positive,87,0,0.2459,2.055,
87,80,True,0.777842,0.6739,cusum,,,True,positive,87,0,0.2512,1.8497,
87,1,True,0.748648,0.5151,none,,,False,,87,0,0.2456,1.8185,
87,34,True,0.677081,0.1258,none,,,False,,87,0,0.25,1.4498,
87,5,True,0.713818,0.3257,none,,,False,,87,0,0.2456,0.4544,
87,27,True,0.778057,0.6751,none,,,False,,87,0,0.2456,0.4159,
87,11,True,0.702961,0.2666,none,,,False,,87,0,0.0587,0.3643,
87,47,True,0.676908,0.1249,none,,,False,,87,0,0.0601,0.326,
87,78,True,0.807435,0.8349,none,,,False,,87,0,0.2444,0.2606,
87,35,True,0.715749,0.3362,none,,,False,,87,0,0.0453,0.2331,
87,36,True,0.646761,-0.0391,none,,,False,,87,0,0.2456,0.2146,
87,19,True,0.665526,0.063,none,,,False,,87,0,0.0471,0.0326,
87,51,True,0.612207,-0.227,none,,,False,,87,0,0.0485,0.0226,
87,20,True,0.58483,-0.376,none,,,False,,87,0,0.0471,-0.0463,
87,60,True,0.661135,0.0391,none,,,False,,87,0,0.0711,-0.0708,
87,87,True,0.636728,-0.0937,none,,,False,,87,0,0.0485,-0.0765,
87,10,True,0.615724,-0.2079,none,,,False,,87,0,0.0456,-0.1643,
87,67,True,0.644161,-0.0532,none,,,False,,87,0,0.084,-0.1764,
87,21,True,0.554096,-0.5431,none,,,False,,87,0,0.0521,-0.2953,
87,12,True,0.50377,-0.8169,none,,,False,,87,0,0.0594,-0.3653,
87,91,True,0.540932,-0.6147,none,,,False,,87,0,0.2488,-0.4809,
87,7,True,0.358739,-1.6058,none,,,False,,87,0,0.3497,-2.2587,
87,73,True,0.345261,-1.6791,none,,,False,,87,0,0.3268,-2.1579,
87,26,True,0.321091,-1.8105,cusum,,,True,negative,87,0,0.3165,-2.3002,
87,28,True,0.510301,-0.7813,none,,,False,,87,0,0.3165,-1.2211,
87,25,True,0.431346,-1.2108,none,,,False,,87,0,0.3116,-1.3263,
87,8,True,0.486394,-0.9114,none,,,False,,87,0,0.3106,-0.7031,
87,43,True,0.32293,-1.8005,none,,,False,,87,0,0.3104,-1.2061,
87,70,True,0.223158,-2.3432,none,,,False,,87,0,0.3095,-2.7972,
87,90,True,0.296148,-1.9462,none,,,False,,87,0,0.3095,-2.5338,
88,95,True,2.428619,3.0,none,,,False,,88,0,0.2461,4.0602,
88,44,True,1.276278,3.0,none,,,False,,88,0,0.2447,4.0581,
88,63,True,0.992718,2.1255,cusum,,,True,positive,88,0,0.258,2.6648,
88,94,True,0.93009,1.7526,none,,,False,,88,0,0.2893,2.3713,
88,74,True,0.826735,1.1372,none,,,False,,88,0,0.2455,2.1442,
88,31,True,0.748356,0.6705,none,,,False,,88,0,0.2461,2.0913,
88,13,True,0.85376,1.2981,none,,,False,,88,0,0.2464,1.9231,
88,1,True,0.763135,0.7585,none,,,False,,88,0,0.2452,1.8483,
88,80,True,0.804677,1.0059,none,,,False,,88,0,0.2507,1.776,
88,27,True,0.729706,0.5594,none,,,False,,88,0,0.2452,0.5386,
88,78,True,0.727842,0.5483,none,,,False,,88,0,0.2441,0.5239,
88,11,True,0.651526,0.0939,none,,,False,,88,0,0.058,0.3977,
88,34,True,0.690556,0.3263,none,,,False,,88,0,0.2495,0.38,
88,5,True,0.749699,0.6785,none,,,False,,88,0,0.2452,0.3134,
88,35,True,0.67288,0.2211,none,,,False,,88,0,0.0449,0.2883,
88,47,True,0.60212,-0.2003,none,,,False,,88,0,0.0593,0.2691,
88,36,True,0.684793,0.292,none,,,False,,88,0,0.0452,0.2316,
88,19,True,0.572557,-0.3763,none,,,False,,88,0,0.0467,-0.0124,
88,51,True,0.653611,0.1063,none,,,False,,88,0,0.0481,-0.0138,
88,60,True,0.619184,-0.0987,none,,,False,,88,0,0.068,-0.0349,
88,20,True,0.603453,-0.1923,none,,,False,,88,0,0.0467,-0.0954,
88,67,True,0.619982,-0.0939,none,,,False,,88,0,0.0806,-0.1096,
88,87,True,0.701506,0.3915,none,,,False,,88,0,0.0481,-0.1918,
88,10,True,0.599467,-0.2161,none,,,False,,88,0,0.0452,-0.2194,
88,21,True,0.567186,-0.4083,none,,,False,,88,0,0.0516,-0.3103,
88,12,True,0.535048,-0.5997,none,,,False,,88,0,0.0586,-0.4338,
88,91,True,0.564266,-0.4257,none,,,False,,88,0,0.2484,-0.4821,
88,43,True,0.294356,-2.0328,cusum,,,True,negative,88,0,0.3703,-1.9692,
88,7,True,0.444913,-1.1364,cusum,,,True,negative,88,0,0.3441,-2.1531,
88,73,True,0.439292,-1.1698,cusum,,,True,negative,88,0,0.3223,-2.1161,
88,26,True,0.253106,-2.2785,none,,,False,,88,0,0.3123,-2.4509,
88,28,True,0.164178,-2.808,none,,,False,,88,0,0.3123,-1.2386,
88,41,True,0.293414,-2.0385,none,,,False,,88,0,0.3102,-1.9245,
88,49,True,0.222876,-2.4585,none,,,False,,88,0,0.3102,-1.9716,
88,79,True,0.333876,-1.7975,none,,,False,,88,0,0.3102,-2.432,
88,89,True,0.486407,-0.8893,none,,,False,,88,0,0.3102,-1.2516,
89,95,True,2.282879,3.0,cusum,,,True,positive,89,0,0.2458,4.0598,
89,44,True,1.263327,3.0,cusum,,,True,positive,89,0,0.2443,4.0577,
89,63,True,0.744877,0.6348,none,,,False,,89,0,0.2573,2.8813,
89,94,True,0.85018,1.2458,cusum,,,True,positive,89,0,0.2858,2.461,
89,74,True,0.824409,1.0962,none,,,False,,89,0,0.2452,2.2538,
89,31,True,0.845629,1.2194,none,,,False,,89,0,0.2458,2.0529,
89,80,True,0.739771,0.6052,none,,,False,,89,0,0.2503,2.0264,
89,13,True,0.86268,1.3183,cusum,,,True,positive,89,0,0.2461,2.0001,
89,1,True,0.758555,0.7142,none,,,False,,89,0,0.2449,1.8241,
89,27,True,0.658271,0.1323,none,,,False,,89,0,0.0449,0.5846,
89,78,True,0.801491,0.9633,none,,,False,,89,0,0.2438,0.5404,
89,11,True,0.663349,0.1618,none,,,False,,89,0,0.0573,0.427,
89,35,True,0.638234,0.0161,none,,,False,,89,0,0.0446,0.4237,
89,34,True,0.683205,0.277,none,,,False,,89,0,0.2491,0.3692,
89,5,True,0.449133,-1.081,none,,,False,,89,0,0.2449,0.2972,
89,36,True,0.634882,-0.0034,none,,,False,,89,0,0.0449,0.1905,
89,87,True,0.629222,-0.0362,none,,,False,,89,0,0.0477,0.1488,
89,47,True,0.692193,0.3291,none,,,False,,89,0,0.0586,0.1074,
89,51,True,0.636041,0.0034,none,,,False,,89,0,0.0477,-0.0092,
89,60,True,0.497366,-0.8012,none,,,False,,89,0,0.065,-0.0608,
89,10,True,0.631639,-0.0222,none,,,False,,89,0,0.0449,-0.0698,
89,20,True,0.587384,-0.2789,none,,,False,,89,0,0.0464,-0.1091,
89,67,True,0.611368,-0.1398,none,,,False,,89,0,0.0773,-0.1413,
89,19,True,0.70474,0.4019,none,,,False,,89,0,0.0464,-0.2551,
89,21,True,0.610149,-0.1469,none,,,False,,89,0,0.0511,-0.356,
89,91,True,0.531093,-0.6055,none,,,False,,89,0,0.048,-0.5029,
89,68,True,0.628299,-0.0416,none,,,False,,89,0,0.0579,-0.5675,
89,53,True,0.644985,0.0553,none,,,False,,89,0,0.2619,-0.5912,
89,43,True,0.313315,-1.869,none,,,False,,89,0,0.3636,-2.3014,
89,7,True,0.427534,-1.2064,none,,,False,,89,0,0.3389,-2.0451,
89,73,True,0.407772,-1.321,none,,,False,,89,0,0.3179,-2.0547,
89,69,True,0.417223,-1.2662,none,,,False,,89,0,0.3122,-1.1435,
89,25,True,0.426766,-1.2108,none,,,False,,89,0,0.3122,-1.3867,
89,97,True,0.475726,-0.9268,none,,,False,,89,0,0.3118,-0.711,
89,45,True,0.428597,-1.2002,none,,,False,,89,0,0.3115,-1.4938,
89,3,True,0.349358,-1.6599,none,,,False,,89,0,0.3108,-1.0228,
90,95,True,2.311225,3.0,none,,,False,,90,0,0.2454,4.0593,
90,44,True,1.206822,3.0,none,,,False,,90,0,0.244,4.0574,
90,63,True,0.858461,1.4791,none,,,False,,90,0,0.2567,2.3298,
90,74,True,0.839203,1.3539,cusum,,,True,positive,90,0,0.2449,2.2699,
90,94,True,0.911677,1.8252,none,,,False,,90,0,0.2825,2.2507,
90,13,True,0.788739,1.0257,none,,,False,,90,0,0.2457,2.167,
90,31,True,0.732051,0.657,none,,,False,,90,0,0.2454,2.0662,
90,80,True,0.822171,1.2431,none,,,False,,90,0,0.2498,1.8273,
90,1,True,0.735961,0.6824,none,,,False,,90,0,0.2446,1.7207,
90,78,True,0.706922,0.4935,none,,,False,,90,0,0.0435,0.8388,
90,27,True,0.637512,0.0421,none,,,False,,90,0,0.0446,0.5137,
90,34,True,0.655642,0.16,none,,,False,,90,0,0.2487,0.3071,
90,11,True,0.699914,0.448,none,,,False,,90,0,0.0567,0.2495,
90,35,True,0.740178,0.7098,none,,,False,,90,0,0.0443,0.2488,
90,47,True,0.75997,0.8386,none,,,False,,90,0,0.0579,0.1617,
90,87,True,0.615263,-0.1026,none,,,False,,90,0,0.0473,0.1492,
90,36,True,0.733526,0.6666,none,,,False,,90,0,0.0446,0.1413,
90,19,True,0.624564,-0.0421,none,,,False,,90,0,0.046,0.0897,
90,5,True,0.589472,-0.2703,none,,,False,,90,0,0.2446,0.0325,
90,51,True,0.62173,-0.0605,none,,,False,,90,0,0.0473,0.0229,
90,67,True,0.577102,-0.3508,none,,,False,,90,0,0.0742,-0.0058,
90,10,True,0.664559,0.218,none,,,False,,90,0,0.0446,-0.0906,
90,60,True,0.618274,-0.083,none,,,False,,90,0,0.0639,-0.2012,
90,20,True,0.599348,-0.2061,none,,,False,,90,0,0.046,-0.2222,
90,21,True,0.618525,-0.0814,none,,,False,,90,0,0.0507,-0.2993,
90,53,True,0.547406,-0.5439,none,,,False,,90,0,0.1573,-0.4667,
90,91,True,0.531517,-0.6473,none,,,False,,90,0,0.0476,-0.4861,
90,68,True,0.676905,0.2983,none,,,False,,90,0,0.0457,-0.4873,
90,69,True,0.336911,-1.913,cusum,,,True,negative,90,0,0.3639,-1.7894,
90,43,True,0.28593,-2.2445,cusum,,,True,negative,90,0,0.3573,-2.2672,
90,7,True,0.313927,-2.0625,none,,,False,,90,0,0.3339,-1.6983,
90,66,True,0.21446,-2.7094,none,,,False,,90,0,0.3154,-2.0905,
90,75,True,0.391719,-1.5565,none,,,False,,90,0,0.3154,-2.2047,
90,81,True,0.501907,-0.8399,none,,,False,,90,0,0.3154,-1.2271,
90,73,True,0.364775,-1.7317,none,,,False,,90,0,0.3137,-1.7834,
90,85,True,0.362689,-1.7453,none,,,False,,90,0,0.3129,-0.7844,
91,95,True,2.39613,3.0,cusum,,,True,positive,91,0,0.2451,4.0589,
91,44,True,1.235671,3.0,cusum,,,True,positive,91,0,0.2437,4.057,
91,94,True,0.862715,1.1245,none,,,False,,91,0,0.2792,2.6992,
91,63,True,0.9109,1.3988,cusum,,,True,positive,91,0,0.256,2.4877,
91,13,True,0.709322,0.2514,none,,,False,,91,0,0.2454,2.2734,
91,74,True,0.815186,0.854,none,,,False,,91,0,0.2445,2.2539,
91,80,True,0.744392,0.451,none,,,False,,91,0,0.2494,2.0165,
91,31,True,0.732285,0.3821,none,,,False,,91,0,0.2451,1.9079,
91,1,True,0.836307,0.9742,none,,,False,,91,0,0.2443,0.7761,
91,78,True,0.592705,-0.4124,none,,,False,,91,0,0.0432,0.7246,
91,47,True,0.784091,0.677,none,,,False,,91,0,0.0572,0.3987,
91,36,True,0.746321,0.462,none,,,False,,91,0,0.0443,0.3761,
91,35,True,0.78322,0.672,none,,,False,,91,0,0.044,0.373,
91,34,True,0.650149,-0.0854,none,,,False,,91,0,0.2483,0.3179,
91,11,True,0.745058,0.4548,none,,,False,,91,0,0.056,0.3091,
91,27,True,0.839209,0.9907,none,,,False,,91,0,0.0443,0.3024,
91,87,True,0.639501,-0.1461,none,,,False,,91,0,0.0469,0.1458,
91,51,True,0.695589,0.1732,none,,,False,,91,0,0.0469,0.0779,
91,19,True,0.646793,-0.1045,none,,,False,,91,0,0.0457,0.0543,
91,10,True,0.571617,-0.5325,none,,,False,,91,0,0.0443,0.051,
91,67,True,0.651047,-0.0803,none,,,False,,91,0,0.0711,-0.1064,
91,21,True,0.574944,-0.5135,none,,,False,,91,0,0.0502,-0.1459,
91,20,True,0.553171,-0.6375,none,,,False,,91,0,0.0457,-0.166,
91,5,True,0.804988,0.7959,none,,,False,,91,0,0.2443,-0.1666,
91,53,True,0.519754,-0.8277,none,,,False,,91,0,0.1515,-0.2426,
91,60,True,0.542324,-0.6992,none,,,False,,91,0,0.063,-0.2431,
91,68,True,0.679272,0.0803,none,,,False,,91,0,0.0454,-0.2661,
91,91,True,0.593886,-0.4057,none,,,False,,91,0,0.0473,-0.4975,
91,69,True,0.308157,-2.0321,none,,,False,,91,0,0.3577,-1.7703,
91,43,True,0.340143,-1.85,none,,,False,,91,0,0.3515,-2.4197,
91,85,True,0.376389,-1.6437,cusum,,,True,negative,91,0,0.3515,-1.4547,
91,7,True,0.302668,-2.0633,cusum,,,True,negative,91,0,0.3292,-1.8537,
91,26,True,0.231364,-2.4692,none,,,False,,91,0,0.3174,-2.7103,
91,28,True,0.540997,-0.7067,none,,,False,,91,0,0.3174,-1.6907,
91,55,True,0.328521,-1.9162,none,,,False,,91,0,0.316,-1.6657,
91,99,True,0.71675,0.2937,none,,,False,,91,0,0.313,-1.1945,
92,95,True,2.229319,3.0,none,,,False,,92,0,0.2448,4.0585,
92,44,True,1.244389,3.0,none,,,False,,92,0,0.2434,4.0566,
92,94,True,0.829924,1.4008,cusum,,,True,positive,92,0,0.2761,2.4883,
92,63,True,0.842644,1.4989,none,,,False,,92,0,0.2554,2.2446,
92,74,True,0.719582,0.5497,none,,,False,,92,0,0.2442,2.1591,
92,13,True,0.797,1.1469,none,,,False,,92,0,0.2451,1.924,
92,1,True,0.776506,0.9888,cusum,,,True,positive,92,0,0.244,1.8476,
92,31,True,0.702686,0.4194,cusum,,,True,positive,92,0,0.2448,1.8113,
92,80,True,0.712246,0.4931,none,,,False,,92,0,0.249,0.831,
92,47,True,0.57188,-0.5896,none,,,False,,92,0,0.0566,0.6903,
92,35,True,0.683782,0.2735,none,,,False,,92,0,0.0437,0.523,
92,27,True,0.768927,0.9303,none,,,False,,92,0,0.044,0.4457,
92,36,True,0.539447,-0.8398,none,,,False,,92,0,0.044,0.4324,
92,11,True,0.644492,-0.0295,none,,,False,,92,0,0.0554,0.4286,
92,78,True,0.759405,0.8569,none,,,False,,92,0,0.0429,0.404,
92,34,True,0.769875,0.9376,none,,,False,,92,0,0.2479,0.1802,
92,68,True,0.697744,0.3812,none,,,False,,92,0,0.0451,0.1713,
92,19,True,0.676706,0.219,none,,,False,,92,0,0.0453,0.1444,
92,51,True,0.654831,0.0502,none,,,False,,92,0,0.0466,0.0998,
92,87,True,0.554432,-0.7242,none,,,False,,92,0,0.0466,-0.0339,
92,10,True,0.605045,-0.3338,none,,,False,,92,0,0.044,-0.0548,
92,67,True,0.606064,-0.326,none,,,False,,92,0,0.0681,-0.1033,
92,5,True,0.601602,-0.3604,none,,,False,,92,0,0.044,-0.1278,
92,21,True,0.652149,0.0295,none,,,False,,92,0,0.0498,-0.1816,
92,53,True,0.567327,-0.6248,none,,,False,,92,0,0.146,-0.3138,
92,20,True,0.62742,-0.1612,none,,,False,,92,0,0.0453,-0.3148,
92,60,True,0.654446,0.0472,none,,,False,,92,0,0.0621,-0.4445,
92,91,True,0.567404,-0.6242,none,,,False,,92,0,0.0469,-0.4913,
92,69,True,0.339019,-2.3859,cusum,,,True,negative,92,0,0.3519,-2.108,
92,43,True,0.322579,-2.5127,cusum,,,True,negative,92,0,0.346,-2.3629,
92,85,True,0.458005,-1.468,none,,,False,,92,0,0.346,-1.7932,
92,7,True,0.355302,-2.2602,none,,,False,,92,0,0.3247,-2.1656,
92,17,True,0.399467,-1.9196,none,,,False,,92,0,0.316,-1.8541,
92,73,True,0.495136,-1.1816,none,,,False,,92,0,0.3142,-1.8033,
92,25,True,0.592191,-0.433,none,,,False,,92,0,0.3134,-1.5773,
92,37,True,0.403159,-1.8911,none,,,False,,92,0,0.313,-0.7153,
93,95,True,2.38437,3.0,cusum,,,True,positive,93,0,0.2445,4.0581,
93,44,True,1.297824,3.0,cusum,,,True,positive,93,0,0.2431,4.0563,
93,94,True,0.799679,0.761,none,,,False,,93,0,0.273,2.5386,
93,63,True,0.856647,1.0659,none,,,False,,93,0,0.2548,2.5319,
93,74,True,0.836941,0.9605,none,,,False,,93,0,0.2439,1.9765,
93,1,True,0.640191,-0.0925,none,,,False,,93,0,0.2436,1.9388,
93,13,True,0.838775,0.9703,cusum,,,True,positive,93,0,0.2447,1.8665,
93,80,True,0.784208,0.6783,cusum,,,True,positive,93,0,0.2486,1.7931,
93,27,True,0.672698,0.0815,cusum,,,True,positive,93,0,0.2436,1.7114,
93,31,True,0.798514,0.7548,none,,,False,,93,0,0.2445,1.5443,
93,35,True,0.782802,0.6707,none,,,False,,93,0,0.0434,0.6084,
93,34,True,0.72048,0.3372,none,,,False,,93,0,0.0475,0.3999,
93,47,True,0.707259,0.2664,none,,,False,,93,0,0.0559,0.3832,
93,78,True,0.682876,0.136,none,,,False,,93,0,0.0427,0.3682,
93,11,True,0.608005,-0.2647,none,,,False,,93,0,0.0548,0.364,
93,68,True,0.730369,0.3901,none,,,False,,93,0,0.0447,0.3118,
93,36,True,0.637433,-0.1072,none,,,False,,93,0,0.0436,0.1532,
93,51,True,0.62559,-0.1706,none,,,False,,93,0,0.0462,0.1149,
93,5,True,0.68919,0.1697,none,,,False,,93,0,0.0436,0.112,
93,19,True,0.683511,0.1394,none,,,False,,93,0,0.045,0.083,
93,21,True,0.569948,-0.4684,none,,,False,,93,0,0.0493,-0.1234,
93,10,True,0.714167,0.3034,none,,,False,,93,0,0.0436,-0.1591,
93,60,True,0.522196,-0.724,none,,,False,,93,0,0.0613,-0.1628,
93,67,True,0.645379,-0.0647,none,,,False,,93,0,0.0652,-0.1666,
93,87,True,0.669566,0.0647,none,,,False,,93,0,0.0462,-0.2637,
93,20,True,0.603711,-0.2877,none,,,False,,93,0,0.045,-0.276,
93,91,True,0.504701,-0.8176,none,,,False,,93,0,0.0465,-0.498,
93,53,True,0.535286,-0.6539,none,,,False,,93,0,0.1409,-0.5442,
93,37,True,0.360091,-1.5915,cusum,,,True,negative,93,0,0.3585,-1.7226,
93,69,True,0.409228,-1.3285,none,,,False,,93,0,0.3465,-2.4853,
93,43,True,0.312825,-1.8445,none,,,False,,93,0,0.3409,-2.5811,
93,85,True,0.337605,-1.7118,cusum,,,True,negative,93,0,0.3409,-1.9977,
93,7,True,0.42563,-1.2408,cusum,,,True,negative,93,0,0.3204,-2.5196,
93,70,True,0.231747,-2.2784,none,,,False,,93,0,0.3165,-2.1232,
93,90,True,0.318155,-1.8159,none,,,False,,93,0,0.3165,-1.735,
93,45,True,0.510925,-0.7843,none,,,False,,93,0,0.3134,-1.1257,
94,95,True,2.10022,3.0,none,,,False,,94,0,0.2441,4.0577,
94,44,True,1.229788,3.0,none,,,False,,94,0,0.2429,4.0559,
94,63,True,0.863794,1.6467,cusum,,,True,positive,94,0,0.2542,2.3934,
94,94,True,0.866156,1.666,none,,,False,,94,0,0.2701,2.1825,
94,13,True,0.74259,0.6564,none,,,False,,94,0,0.2444,1.8476,
94,74,True,0.79835,1.112,cusum,,,True,positive,94,0,0.2436,1.845,
94,27,True,0.715885,0.4382,none,,,False,,94,0,0.2434,1.7241,
94,1,True,0.706369,0.3605,none,,,False,,94,0,0.2434,1.6801,
94,80,True,0.689972,0.2265,none,,,False,,94,0,0.2482,1.6043,
94,31,True,0.7905,1.0478,none,,,False,,94,0,0.2441,1.5765,
94,35,True,0.716565,0.4438,none,,,False,,94,0,0.0431,0.595,
94,34,True,0.721784,0.4864,none,,,False,,94,0,0.0471,0.4585,
94,68,True,0.702936,0.3324,none,,,False,,94,0,0.0444,0.342,
94,5,True,0.82271,1.311,none,,,False,,94,0,0.0434,0.2584,
94,78,True,0.61228,-0.4083,none,,,False,,94,0,0.0424,0.2487,
94,47,True,0.820731,1.2948,none,,,False,,94,0,0.0553,0.1916,
94,19,True,0.611426,-0.4153,none,,,False,,94,0,0.0447,0.1431,
94,11,True,0.745257,0.6782,none,,,False,,94,0,0.0542,0.1257,
94,51,True,0.670059,0.0638,none,,,False,,94,0,0.0459,0.0778,
94,67,True,0.699273,0.3025,none,,,False,,94,0,0.0629,-0.0725,
94,36,True,0.617902,-0.3623,none,,,False,,94,0,0.0434,-0.1051,
94,10,True,0.573839,-0.7223,none,,,False,,94,0,0.0434,-0.131,
94,87,True,0.654442,-0.0638,none,,,False,,94,0,0.0459,-0.2083,
94,21,True,0.580149,-0.6708,none,,,False,,94,0,0.0489,-0.2529,
94,20,True,0.603084,-0.4834,none,,,False,,94,0,0.0447,-0.3036,
94,60,True,0.582992,-0.6476,none,,,False,,94,0,0.0605,-0.3775,
94,12,True,0.589818,-0.5918,none,,,False,,94,0,0.2763,-0.4363,
94,53,True,0.61838,-0.3584,none,,,False,,94,0,0.136,-0.5843,
94,37,True,0.424437,-1.943,none,,,False,,94,0,0.3527,-1.8181,
94,69,True,0.412797,-2.0381,cusum,,,True,negative,94,0,0.3413,-2.2942,
94,43,True,0.178928,-3.0,cusum,,,True,negative,94,0,0.336,-2.4512,
94,85,True,0.401159,-2.1332,none,,,False,,94,0,0.336,-1.99,
94,41,True,0.296672,-2.9869,none,,,False,,94,0,0.3171,-1.8046,
94,49,True,0.282033,-3.0,none,,,False,,94,0,0.3171,-2.2661,
94,79,True,0.225825,-3.0,none,,,False,,94,0,0.3171,-1.7829,
94,7,True,0.379533,-2.3099,none,,,False,,94,0,0.3163,-2.2482,
95,95,True,2.31929,3.0,cusum,,,True,positive,95,0,0.2438,4.0574,
95,44,True,1.306774,3.0,cusum,,,True,positive,95,0,0.2426,4.0556,
95,63,True,0.908411,1.8875,none,,,False,,95,0,0.2537,2.4753,
95,94,True,0.935845,2.0906,cusum,,,True,positive,95,0,0.2672,2.3617,
95,13,True,0.828604,1.2965,none,,,False,,95,0,0.2441,1.9822,
95,74,True,0.846174,1.4266,none,,,False,,95,0,0.2433,1.9307,
95,31,True,0.866828,1.5796,none,,,False,,95,0,0.2438,1.798,
95,27,True,0.745974,0.6846,none,,,False,,95,0,0.2431,1.5396,
95,80,True,0.743238,0.6644,none,,,False,,95,0,0.2478,1.5289,
95,1,True,0.71101,0.4257,none,,,False,,95,0,0.2431,1.4752,
95,34,True,0.652663,-0.0064,none,,,False,,95,0,0.0468,0.6486,
95,35,True,0.680453,0.1994,none,,,False,,95,0,0.0428,0.5186,
95,5,True,0.696978,0.3218,none,,,False,,95,0,0.0431,0.4297,
95,68,True,0.576515,-0.5702,none,,,False,,95,0,0.0441,0.4257,
95,47,True,0.731197,0.5752,none,,,False,,95,0,0.0547,0.3968,
95,78,True,0.693745,0.2979,none,,,False,,95,0,0.0421,0.2497,
95,11,True,0.683792,0.2242,none,,,False,,95,0,0.0537,0.1994,
95,67,True,0.597085,-0.4179,none,,,False,,95,0,0.062,0.0539,
95,51,True,0.616592,-0.2735,none,,,False,,95,0,0.0455,0.0409,
95,19,True,0.654381,0.0064,none,,,False,,95,0,0.0444,0.0391,
95,87,True,0.621436,-0.2376,none,,,False,,95,0,0.0455,-0.1813,
95,10,True,0.697141,0.323,none,,,False,,95,0,0.0431,-0.1947,
95,20,True,0.573447,-0.593,none,,,False,,95,0,0.0444,-0.2527,
95,21,True,0.607502,-0.3408,none,,,False,,95,0,0.0485,-0.3059,
95,60,True,0.607601,-0.3401,none,,,False,,95,0,0.0597,-0.3614,
95,36,True,0.671792,0.1353,none,,,False,,95,0,0.0431,-0.3802,
95,53,True,0.547411,-0.7858,none,,,False,,95,0,0.1313,-0.431,
95,12,True,0.559701,-0.6948,none,,,False,,95,0,0.2571,-0.5932,
95,37,True,0.385261,-1.9865,cusum,,,True,negative,95,0,0.3473,-2.1835,
95,69,True,0.358439,-2.1851,none,,,False,,95,0,0.3365,-2.2996,
95,43,True,0.347116,-2.269,none,,,False,,95,0,0.3313,-2.8377,
95,85,True,0.413202,-1.7796,cusum,,,True,negative,95,0,0.3313,-2.1563,
95,26,True,0.361988,-2.1589,none,,,False,,95,0,0.3189,-2.084,
95,28,True,0.431738,-1.6423,none,,,False,,95,0,0.3189,-1.33,
95,9,True,0.376865,-2.0487,none,,,False,,95,0,0.3156,-0.8179,
95,73,True,0.447095,-1.5286,none,,,False,,95,0,0.3152,-1.8094,
96,95,True,2.247704,3.0,none,,,False,,96,0,0.2435,4.057,
96,44,True,1.274542,3.0,none,,,False,,96,0,0.2423,4.0552,
96,63,True,0.976023,2.3757,cusum,,,True,positive,96,0,0.2531,2.6041,
96,94,True,0.79218,1.1152,none,,,False,,96,0,0.2644,2.5904,
96,74,True,0.778405,1.0207,none,,,False,,96,0,0.243,2.2226,
96,31,True,0.839298,1.4382,cusum,,,True,positive,96,0,0.2435,2.1844,
96,13,True,0.721408,0.6299,none,,,False,,96,0,0.2438,2.0317,
96,80,True,0.750781,0.8313,none,,,False,,96,0,0.2474,1.5855,
96,27,True,0.692161,0.4294,none,,,False,,96,0,0.2428,1.4573,
96,1,True,0.712165,0.5665,none,,,False,,96,0,0.2428,1.2871,
96,47,True,0.672941,0.2976,none,,,False,,96,0,0.0542,0.7843,
96,5,True,0.625708,-0.0263,none,,,False,,96,0,0.0428,0.6567,
96,35,True,0.724004,0.6477,none,,,False,,96,0,0.0425,0.4935,
96,34,True,0.750611,0.8301,none,,,False,,96,0,0.0464,0.3335,
96,11,True,0.632079,0.0174,none,,,False,,96,0,0.0531,0.2832,
96,68,True,0.746842,0.8043,none,,,False,,96,0,0.0438,0.1081,
96,78,True,0.667797,0.2623,none,,,False,,96,0,0.0418,0.0631,
96,10,True,0.627003,-0.0174,none,,,False,,96,0,0.0428,0.0239,
96,67,True,0.655036,0.1748,none,,,False,,96,0,0.0612,0.0221,
96,87,True,0.602263,-0.187,none,,,False,,96,0,0.0452,-0.0196,
96,19,True,0.623335,-0.0426,none,,,False,,96,0,0.0441,-0.0321,
96,36,True,0.670855,0.2833,none,,,False,,96,0,0.0428,-0.0555,
96,51,True,0.611485,-0.1238,none,,,False,,96,0,0.0452,-0.0674,
96,20,True,0.61576,-0.0945,none,,,False,,96,0,0.0441,-0.397,
96,21,True,0.591951,-0.2577,none,,,False,,96,0,0.0481,-0.4298,
96,60,True,0.604275,-0.1732,none,,,False,,96,0,0.059,-0.4915,
96,12,True,0.533937,-0.6555,none,,,False,,96,0,0.2564,-0.5534,
96,62,True,0.489107,-0.9629,none,,,False,,96,0,0.1239,-0.5946,
96,37,True,0.38799,-1.6562,none,,,False,,96,0,0.3422,-2.2191,
96,69,True,0.419116,-1.4428,cusum,,,True,negative,96,0,0.3319,-2.2359,
96,9,True,0.412491,-1.4882,cusum,,,True,negative,96,0,0.3269,-1.7576,
96,43,True,0.129922,-3.0,cusum,,,True,negative,96,0,0.3269,-2.7593,
96,53,True,0.528404,-0.6935,cusum,,,True,negative,96,0,0.3269,-0.9876,
96,85,True,0.405442,-1.5366,none,,,False,,96,0,0.3269,-2.2631,
96,7,True,0.365711,-1.809,none,,,False,,96,0,0.3166,-2.3327,
96,25,True,0.499126,-0.8942,none,,,False,,96,0,0.3151,-0.8515,
97,95,True,2.529284,3.0,cusum,,,True,positive,97,0,0.2432,4.0566,
97,44,True,1.365512,3.0,cusum,,,True,positive,97,0,0.242,4.0549,
97,63,True,0.84256,1.3314,none,,,False,,97,0,0.2526,3.04,
97,94,True,0.901658,1.7385,cusum,,,True,positive,97,0,0.2619,2.7073,
97,31,True,0.726235,0.5301,none,,,False,,97,0,0.2432,2.4118,
97,74,True,0.763278,0.7853,cusum,,,True,positive,97,0,0.2427,2.2423,
97,13,True,0.811036,1.1143,none,,,False,,97,0,0.2435,1.9179,
97,80,True,0.730378,0.5587,none,,,False,,97,0,0.247,1.6361,
97,27,True,0.65284,0.0246,none,,,False,,97,0,0.2425,1.573,
97,47,True,0.74937,0.6895,none,,,False,,97,0,0.0536,0.794,
97,5,True,0.716413,0.4625,none,,,False,,97,0,0.0425,0.5911,
97,1,True,0.754034,0.7216,none,,,False,,97,0,0.2425,0.5065,
97,34,True,0.74501,0.6595,none,,,False,,97,0,0.0461,0.4974,
97,35,True,0.708686,0.4093,none,,,False,,97,0,0.0423,0.4855,
97,11,True,0.62162,-0.1905,none,,,False,,97,0,0.0526,0.3766,
97,68,True,0.645699,-0.0246,none,,,False,,97,0,0.0435,0.2458,
97,78,True,0.730826,0.5618,none,,,False,,97,0,0.0416,0.1049,
97,67,True,0.53421,-0.7925,none,,,False,,97,0,0.0604,0.1009,
97,36,True,0.670147,0.1438,none,,,False,,97,0,0.0425,0.0743,
97,51,True,0.607995,-0.2843,none,,,False,,97,0,0.0449,-0.0522,
97,10,True,0.666189,0.1165,none,,,False,,97,0,0.0425,-0.0834,
97,19,True,0.709575,0.4154,none,,,False,,97,0,0.0438,-0.0931,
97,87,True,0.598113,-0.3524,none,,,False,,97,0,0.0449,-0.1039,
97,60,True,0.558309,-0.6266,none,,,False,,97,0,0.0583,-0.3089,
97,20,True,0.608242,-0.2826,none,,,False,,97,0,0.0438,-0.3329,
97,21,True,0.618098,-0.2147,none,,,False,,97,0,0.0477,-0.3601,
97,12,True,0.613438,-0.2468,none,,,False,,97,0,0.2558,-0.5728,
97,22,True,0.52747,-0.839,none,,,False,,97,0,0.2084,-0.5951,
97,37,True,0.399452,-1.7208,cusum,,,True,negative,97,0,0.3374,-2.2441,
97,69,True,0.404063,-1.689,none,,,False,,97,0,0.3275,-2.2769,
97,9,True,0.386,-1.8134,none,,,False,,97,0,0.3227,-1.9546,
97,43,True,0.309476,-2.3406,none,,,False,,97,0,0.3227,-3.1472,
97,53,True,0.514328,-0.9295,none,,,False,,97,0,0.3227,-1.0034,
97,85,True,0.44789,-1.3871,cusum,,,True,negative,97,0,0.3227,-2.2073,
97,86,True,0.478,-1.1797,none,,,False,,97,0,0.3141,-0.6279,
97,15,True,0.399354,-1.7215,none,,,False,,97,0,0.3115,-0.6432,
98,95,True,2.246968,3.0,none,,,False,,98,0,0.2429,4.0563,
98,44,True,1.268409,3.0,none,,,False,,98,0,0.2418,4.0546,
98,63,True,0.882258,1.1625,cusum,,,True,positive,98,0,0.2521,2.9342,
98,94,True,0.890523,1.206,none,,,False,,98,0,0.2611,2.7303,
98,31,True,0.882226,1.1623,none,,,False,,98,0,0.2429,2.2389,
98,74,True,0.84481,0.9651,none,,,False,,98,0,0.2425,2.1331,
98,13,True,0.853702,1.012,cusum,,,True,positive,98,0,0.2432,2.0702,
98,80,True,0.780598,0.6267,none,,,False,,98,0,0.2467,0.7463,
98,1,True,0.785824,0.6542,none,,,False,,98,0,0.2422,0.6265,
98,47,True,0.793523,0.6948,none,,,False,,98,0,0.0531,0.5915,
98,34,True,0.701113,0.2077,none,,,False,,98,0,0.0457,0.5546,
98,35,True,0.670457,0.0461,none,,,False,,98,0,0.042,0.4737,
98,27,True,0.686793,0.1322,none,,,False,,98,0,0.2422,0.4347,
98,78,True,0.669447,0.0408,none,,,False,,98,0,0.0413,0.4279,
98,5,True,0.853332,1.01,none,,,False,,98,0,0.0422,0.3079,
98,36,True,0.653108,-0.0453,none,,,False,,98,0,0.0422,0.2427,
98,10,True,0.682239,0.1082,none,,,False,,98,0,0.0422,0.1959,
98,19,True,0.664277,0.0136,none,,,False,,98,0,0.0435,0.1834,
98,68,True,0.611782,-0.2631,none,,,False,,98,0,0.0432,0.1264,
98,11,True,0.659133,-0.0136,none,,,False,,98,0,0.0521,0.0864,
98,51,True,0.64491,-0.0885,none,,,False,,98,0,0.0445,-0.1687,
98,87,True,0.64981,-0.0627,none,,,False,,98,0,0.0445,-0.2005,
98,21,True,0.570019,-0.4833,none,,,False,,98,0,0.0473,-0.2086,
98,67,True,0.691863,0.159,none,,,False,,98,0,0.0596,-0.2652,
98,20,True,0.511026,-0.7942,none,,,False,,98,0,0.0435,-0.2664,
98,60,True,0.562345,-0.5237,none,,,False,,98,0,0.0576,-0.3028,
98,12,True,0.572782,-0.4687,none,,,False,,98,0,0.2552,-0.4586,
98,22,True,0.458843,-1.0692,none,,,False,,98,0,0.0932,-0.4804,
98,15,True,0.452457,-1.1029,cusum,,,True,negative,98,0,0.3543,-1.121,
98,37,True,0.43812,-1.1785,none,,,False,,98,0,0.3328,-2.1731,
98,69,True,0.415746,-1.2964,cusum,,,True,negative,98,0,0.3233,-2.1632,
98,9,True,0.456767,-1.0802,cusum,,,True,negative,98,0,0.3187,-2.1769,
98,43,True,0.32184,-1.7913,cusum,,,True,negative,98,0,0.3187,-2.9299,
98,53,True,0.539453,-0.6444,none,,,False,,98,0,0.3187,-1.1963,
98,85,True,0.32347,-1.7828,none,,,False,,98,0,0.3187,-1.9612,
98,17,True,0.395592,-1.4026,none,,,False,,98,0,0.3151,-1.943,
99,95,True,2.588717,3.0,cusum,,,True,positive,99,0,0.2427,4.0559,
99,44,True,1.188931,3.0,cusum,,,True,positive,99,0,0.2415,4.0542,
99,63,True,0.869417,1.6879,none,,,False,,99,0,0.2516,2.6919,
99,94,True,0.896547,1.8833,none,,,False,,99,0,0.2603,2.4343,
99,31,True,0.69779,0.4516,none,,,False,,99,0,0.2427,2.0995,
99,74,True,0.83243,1.4215,none,,,False,,99,0,0.2422,1.9789,
99,13,True,0.869897,1.6914,none,,,False,,99,0,0.2429,1.975,
99,80,True,0.69989,0.4667,none,,,False,,99,0,0.2463,0.7333,
99,1,True,0.73578,0.7252,none,,,False,,99,0,0.242,0.7023,
99,47,True,0.742029,0.7703,none,,,False,,99,0,0.0525,0.6306,
99,34,True,0.726844,0.6609,none,,,False,,99,0,0.0454,0.6255,
99,5,True,0.615509,-0.1411,none,,,False,,99,0,0.042,0.537,
99,35,True,0.714634,0.5729,none,,,False,,99,0,0.0417,0.4223,
99,78,True,0.566488,-0.4943,none,,,False,,99,0,0.0411,0.3419,
99,27,True,0.595309,-0.2867,none,,,False,,99,0,0.242,0.2503,
99,68,True,0.706738,0.516,none,,,False,,99,0,0.0429,0.2284,
99,19,True,0.730626,0.6881,none,,,False,,99,0,0.0432,0.1854,
99,36,True,0.650496,0.1109,none,,,False,,99,0,0.042,0.1821,
99,10,True,0.621356,-0.099,none,,,False,,99,0,0.042,0.124,
99,11,True,0.685834,0.3654,none,,,False,,99,0,0.0516,0.0065,
99,67,True,0.629095,-0.0433,none,,,False,,99,0,0.0589,-0.0739,
99,51,True,0.64111,0.0433,none,,,False,,99,0,0.0442,-0.1074,
99,87,True,0.64335,0.0594,none,,,False,,99,0,0.0442,-0.1426,
99,21,True,0.600928,-0.2462,none,,,False,,99,0,0.0469,-0.2566,
99,20,True,0.513324,-0.8772,none,,,False,,99,0,0.0432,-0.3338,
99,60,True,0.545371,-0.6464,none,,,False,,99,0,0.0569,-0.3649,
99,12,True,0.590246,-0.3231,none,,,False,,99,0,0.0546,-0.3841,
99,91,True,0.5481,-0.6267,none,,,False,,99,0,0.2637,-0.5552,
99,72,True,0.527262,-0.7768,none,,,False,,99,0,0.3126,-0.6032,
99,15,True,0.464727,-1.2273,none,,,False,,99,0,0.3489,-1.4355,
99,37,True,0.395001,-1.7296,none,,,False,,99,0,0.3285,-1.9067,
99,69,True,0.433377,-1.4532,none,,,False,,99,0,0.3192,-1.8695,
99,7,True,0.422421,-1.5321,none,,,False,,99,0,0.3175,-2.1845,
99,26,True,0.373102,-1.8874,none,,,False,,99,0,0.3168,-2.7022,
99,73,True,0.365599,-1.9414,none,,,False,,99,0,0.3168,-1.3807,
99,70,True,0.238513,-2.8569,none,,,False,,99,0,0.3156,-2.1079,
100,95,True,2.656078,3.0,none,,,False,,100,0,0.2424,4.0556,
100,44,True,1.319176,3.0,none,,,False,,100,0,0.2412,4.0539,
100,94,True,0.958227,1.5665,cusum,,,True,positive,100,0,0.2595,2.6894,
100,63,True,1.022901,1.9168,none,,,False,,100,0,0.2511,2.462,
100,13,True,0.862328,1.0472,none,,,False,,100,0,0.2426,2.3284,
100,74,True,0.913734,1.3256,none,,,False,,100,0,0.2419,2.1122,
100,47,True,0.674105,0.0278,cusum,,,True,positive,100,0,0.252,1.7875,
100,31,True,0.779471,0.5984,none,,,False,,100,0,0.2424,1.7702,
100,1,True,0.74342,0.4032,none,,,False,,100,0,0.2417,0.7549,
100,80,True,0.85068,0.9841,none,,,False,,100,0,0.2459,0.6113,
100,34,True,0.639148,-0.1616,none,,,False,,100,0,0.045,0.5687,
100,5,True,0.726171,0.3097,none,,,False,,100,0,0.0417,0.4983,
100,19,True,0.663855,-0.0278,none,,,False,,100,0,0.0429,0.4286,
100,35,True,0.778589,0.5936,none,,,False,,100,0,0.0415,0.397,
100,68,True,0.682499,0.0732,none,,,False,,100,0,0.0426,0.132,
100,36,True,0.67895,0.054,none,,,False,,100,0,0.0417,0.1243,
100,11,True,0.684021,0.0815,none,,,False,,100,0,0.0511,0.1219,
100,10,True,0.662837,-0.0333,none,,,False,,100,0,0.0417,0.0965,
100,78,True,0.69354,0.133,none,,,False,,100,0,0.0408,0.0894,
100,27,True,0.721059,0.2821,none,,,False,,100,0,0.2417,0.0113,
100,51,True,0.610869,-0.3147,none,,,False,,100,0,0.0439,-0.0521,
100,87,True,0.759641,0.491,none,,,False,,100,0,0.0439,-0.0608,
100,67,True,0.60096,-0.3684,none,,,False,,100,0,0.0582,-0.1475,
100,21,True,0.548558,-0.6522,none,,,False,,100,0,0.0466,-0.2532,
100,12,True,0.556155,-0.611,none,,,False,,100,0,0.054,-0.274,
100,60,True,0.379695,-1.5667,none,,,False,,100,0,0.0563,-0.5235,
100,20,True,0.540325,-0.6968,none,,,False,,100,0,0.0429,-0.5951,
100,92,True,0.458982,-1.1373,none,,,False,,100,0,0.165,-0.6039,
100,0,True,0.50727,-0.8758,none,,,False,,100,0,0.2235,-0.6055,
100,15,True,0.413206,-1.3852,none,,,False,,100,0,0.3439,-1.7293,
100,37,True,0.356995,-1.6897,cusum,,,True,negative,100,0,0.3243,-1.9338,
100,90,True,0.313861,-1.9233,none,,,False,,100,0,0.3196,-1.6483,
100,9,True,0.431735,-1.2849,none,,,False,,100,0,0.3189,-1.8564,
100,43,True,0.273434,-2.1422,none,,,False,,100,0,0.3189,-2.773,
100,53,True,0.494881,-0.9429,none,,,False,,100,0,0.3189,-1.1515,
100,85,True,0.453404,-1.1675,none,,,False,,100,0,0.3189,-1.9646,
