round,client_id,selected,utility,normalized_utility,detector,cusum_pos,cusum_neg,change_detected,change_direction,last_seen,age,explore_score,exploit_score,final_score
1,95,True,0.32594,0.3259,none,,,False,,1,0,,,
1,51,True,0.05226,0.0523,none,,,False,,1,0,,,
1,68,True,0.072848,0.0728,none,,,False,,1,0,,,
1,43,True,0.530188,0.5302,none,,,False,,1,0,,,
1,38,True,0.099265,0.0993,none,,,False,,1,0,,,
1,20,True,0.625713,0.6257,none,,,False,,1,0,,,
1,67,True,0.443406,0.4434,none,,,False,,1,0,,,
1,79,True,0.057418,0.0574,none,,,False,,1,0,,,
1,17,True,0.126294,0.1263,none,,,False,,1,0,,,
1,11,True,0.266667,0.2667,none,,,False,,1,0,,,
1,7,True,0.064011,0.064,none,,,False,,1,0,,,
1,85,True,0.943333,0.9433,none,,,False,,1,0,,,
1,22,True,0.190005,0.19,none,,,False,,1,0,,,
1,99,True,0.10119,0.1012,none,,,False,,1,0,,,
1,21,True,0.337978,0.338,none,,,False,,1,0,,,
1,47,True,0.150491,0.1505,none,,,False,,1,0,,,
1,97,True,0.123693,0.1237,none,,,False,,1,0,,,
1,49,True,0.117815,0.1178,none,,,False,,1,0,,,
1,72,True,0.169762,0.1698,none,,,False,,1,0,,,
1,6,True,0.06889,0.0689,none,,,False,,1,0,,,
1,70,True,0.090745,0.0907,none,,,False,,1,0,,,
1,56,True,0.160109,0.1601,none,,,False,,1,0,,,
1,69,True,0.053787,0.0538,none,,,False,,1,0,,,
1,93,True,0.08035,0.0804,none,,,False,,1,0,,,
1,71,True,0.456934,0.4569,none,,,False,,1,0,,,
2,57,True,0.46745,0.4674,none,,,False,,2,0,,,
2,48,True,0.119197,0.1192,none,,,False,,2,0,,,
2,61,True,0.392008,0.392,none,,,False,,2,0,,,
2,81,True,0.061315,0.0613,none,,,False,,2,0,,,
2,53,True,0.384559,0.3846,none,,,False,,2,0,,,
2,90,True,0.247693,0.2477,none,,,False,,2,0,,,
2,80,True,0.516349,0.5163,none,,,False,,2,0,,,
2,93,True,0.157542,0.1575,none,,,False,,2,0,,,
2,89,True,0.463584,0.4636,none,,,False,,2,0,,,
2,40,True,0.533652,0.5337,none,,,False,,2,0,,,
2,15,True,0.252841,0.2528,none,,,False,,2,0,,,
2,76,True,0.08736,0.0874,none,,,False,,2,0,,,
2,47,True,0.414979,0.415,none,,,False,,2,0,,,
2,98,True,0.186319,0.1863,none,,,False,,2,0,,,
2,99,True,0.256103,0.2561,none,,,False,,2,0,,,
2,50,True,0.482405,0.4824,none,,,False,,2,0,,,
2,37,True,0.094978,0.095,none,,,False,,2,0,,,
2,4,True,0.363395,0.3634,none,,,False,,2,0,,,
2,27,True,0.134388,0.1344,none,,,False,,2,0,,,
2,63,True,0.175451,0.1755,none,,,False,,2,0,,,
2,70,True,0.218095,0.2181,none,,,False,,2,0,,,
2,1,True,0.248151,0.2482,none,,,False,,2,0,,,
2,91,True,0.44143,0.4414,none,,,False,,2,0,,,
2,55,True,0.1144,0.1144,none,,,False,,2,0,,,
2,74,True,0.389636,0.3896,none,,,False,,2,0,,,
3,67,True,0.605164,0.6052,none,,,False,,3,0,,,
3,99,True,0.517962,0.518,none,,,False,,3,0,,,
3,42,True,0.070075,0.0701,none,,,False,,3,0,,,
3,74,True,0.390613,0.3906,none,,,False,,3,0,,,
3,76,True,0.309183,0.3092,none,,,False,,3,0,,,
3,8,True,0.255359,0.2554,none,,,False,,3,0,,,
3,50,True,0.722378,0.7224,none,,,False,,3,0,,,
3,38,True,0.525301,0.5253,none,,,False,,3,0,,,
3,60,True,0.748089,0.7481,none,,,False,,3,0,,,
3,23,True,0.774021,0.774,none,,,False,,3,0,,,
3,56,True,0.559614,0.5596,none,,,False,,3,0,,,
3,93,True,0.33612,0.3361,none,,,False,,3,0,,,
3,22,True,0.720269,0.7203,none,,,False,,3,0,,,
3,41,True,0.824531,0.8245,none,,,False,,3,0,,,
3,12,True,0.962755,0.9628,none,,,False,,3,0,,,
3,19,True,0.783452,0.7835,none,,,False,,3,0,,,
3,3,True,0.530625,0.5306,none,,,False,,3,0,,,
3,11,True,1.067975,1.068,none,,,False,,3,0,,,
3,97,True,0.749052,0.7491,none,,,False,,3,0,,,
3,94,True,0.388441,0.3884,none,,,False,,3,0,,,
3,45,True,0.367183,0.3672,none,,,False,,3,0,,,
3,44,True,0.565592,0.5656,none,,,False,,3,0,,,
3,31,True,0.112506,0.1125,none,,,False,,3,0,,,
3,89,True,0.473125,0.4731,none,,,False,,3,0,,,
3,43,True,1.006149,1.0061,none,,,False,,3,0,,,
4,56,True,0.515319,0.5153,none,,,False,,4,0,,,
4,96,True,0.327101,0.3271,none,,,False,,4,0,,,
4,40,True,0.779679,0.7797,none,,,False,,4,0,,,
4,84,True,0.424856,0.4249,none,,,False,,4,0,,,
4,12,True,1.080517,1.0805,none,,,False,,4,0,,,
4,38,True,0.557202,0.5572,none,,,False,,4,0,,,
4,53,True,0.966063,0.9661,none,,,False,,4,0,,,
4,70,True,0.318394,0.3184,none,,,False,,4,0,,,
4,37,True,0.195715,0.1957,none,,,False,,4,0,,,
4,65,True,0.220875,0.2209,none,,,False,,4,0,,,
4,52,True,0.57295,0.573,none,,,False,,4,0,,,
4,42,True,0.152259,0.1523,none,,,False,,4,0,,,
4,91,True,0.377827,0.3778,none,,,False,,4,0,,,
4,86,True,0.546022,0.546,none,,,False,,4,0,,,
4,46,True,0.735968,0.736,none,,,False,,4,0,,,
4,16,True,0.649736,0.6497,none,,,False,,4,0,,,
4,87,True,0.55978,0.5598,none,,,False,,4,0,,,
4,28,True,0.513394,0.5134,none,,,False,,4,0,,,
4,58,True,0.63371,0.6337,none,,,False,,4,0,,,
4,34,True,0.51198,0.512,none,,,False,,4,0,,,
4,98,True,0.420845,0.4208,none,,,False,,4,0,,,
4,27,True,0.494881,0.4949,none,,,False,,4,0,,,
4,31,True,0.249424,0.2494,none,,,False,,4,0,,,
4,7,True,0.264108,0.2641,none,,,False,,4,0,,,
4,10,True,0.698931,0.6989,none,,,False,,4,0,,,
5,56,True,0.481047,0.481,none,,,False,,5,0,,,
5,95,True,0.476981,0.477,none,,,False,,5,0,,,
5,70,True,0.300634,0.3006,none,,,False,,5,0,,,
5,38,True,0.493893,0.4939,none,,,False,,5,0,,,
5,30,True,1.026666,1.0267,none,,,False,,5,0,,,
5,3,True,0.468345,0.4683,none,,,False,,5,0,,,
5,27,True,0.336681,0.3367,none,,,False,,5,0,,,
5,11,True,1.051472,1.0515,none,,,False,,5,0,,,
5,58,True,0.539342,0.5393,none,,,False,,5,0,,,
5,39,True,0.34901,0.349,none,,,False,,5,0,,,
5,35,True,0.671467,0.6715,none,,,False,,5,0,,,
5,94,True,0.368784,0.3688,none,,,False,,5,0,,,
5,88,True,0.489926,0.4899,none,,,False,,5,0,,,
5,44,True,0.721292,0.7213,none,,,False,,5,0,,,
5,54,True,0.3482,0.3482,none,,,False,,5,0,,,
5,16,True,0.601351,0.6014,none,,,False,,5,0,,,
5,59,True,1.044134,1.0441,none,,,False,,5,0,,,
5,80,True,0.673291,0.6733,none,,,False,,5,0,,,
5,32,True,0.438333,0.4383,none,,,False,,5,0,,,
5,43,True,0.879166,0.8792,none,,,False,,5,0,,,
5,33,True,0.76447,0.7645,none,,,False,,5,0,,,
5,22,True,0.462072,0.4621,none,,,False,,5,0,,,
5,60,True,0.721396,0.7214,none,,,False,,5,0,,,
5,42,True,0.180543,0.1805,none,,,False,,5,0,,,
5,76,True,0.41686,0.4169,none,,,False,,5,0,,,
6,7,True,0.334196,0.3342,none,,,False,,6,0,,,
6,40,True,0.80195,0.802,none,,,False,,6,0,,,
6,27,True,0.34486,0.3449,none,,,False,,6,0,,,
6,13,True,0.735492,0.7355,none,,,False,,6,0,,,
6,17,True,0.558204,0.5582,none,,,False,,6,0,,,
6,28,True,0.447469,0.4475,none,,,False,,6,0,,,
6,99,True,0.551377,0.5514,none,,,False,,6,0,,,
6,9,True,0.612749,0.6127,none,,,False,,6,0,,,
6,74,True,0.437759,0.4378,none,,,False,,6,0,,,
6,69,True,0.550428,0.5504,none,,,False,,6,0,,,
6,86,True,0.686164,0.6862,none,,,False,,6,0,,,
6,43,True,0.89849,0.8985,none,,,False,,6,0,,,
6,16,True,0.635891,0.6359,none,,,False,,6,0,,,
6,30,True,1.102252,1.1023,none,,,False,,6,0,,,
6,98,True,0.399023,0.399,none,,,False,,6,0,,,
6,59,True,0.725793,0.7258,none,,,False,,6,0,,,
6,62,True,0.770356,0.7704,none,,,False,,6,0,,,
6,64,True,0.724129,0.7241,none,,,False,,6,0,,,
6,60,True,0.742524,0.7425,none,,,False,,6,0,,,
6,45,True,0.497455,0.4975,none,,,False,,6,0,,,
6,24,True,0.412678,0.4127,none,,,False,,6,0,,,
6,75,True,0.141135,0.1411,none,,,False,,6,0,,,
6,44,True,0.637328,0.6373,none,,,False,,6,0,,,
6,56,True,0.602038,0.602,none,,,False,,6,0,,,
6,66,True,0.370685,0.3707,none,,,False,,6,0,,,
7,13,True,0.55805,0.5581,none,,,False,,7,0,,,
7,62,True,0.529917,0.5299,none,,,False,,7,0,,,
7,95,True,0.571397,0.5714,none,,,False,,7,0,,,
7,69,True,0.543697,0.5437,none,,,False,,7,0,,,
7,77,True,0.639309,0.6393,none,,,False,,7,0,,,
7,58,True,0.666926,0.6669,none,,,False,,7,0,,,
7,1,True,0.5182,0.5182,none,,,False,,7,0,,,
7,2,True,0.567892,0.5679,none,,,False,,7,0,,,
7,91,True,0.399763,0.3998,none,,,False,,7,0,,,
7,26,True,0.781528,0.7815,none,,,False,,7,0,,,
7,20,True,0.724364,0.7244,none,,,False,,7,0,,,
7,79,True,0.353233,0.3532,none,,,False,,7,0,,,
7,52,True,0.762603,0.7626,none,,,False,,7,0,,,
7,6,True,0.346907,0.3469,none,,,False,,7,0,,,
7,49,True,0.450658,0.4507,none,,,False,,7,0,,,
7,51,True,0.579219,0.5792,none,,,False,,7,0,,,
7,34,True,0.576868,0.5769,none,,,False,,7,0,,,
7,78,True,0.544507,0.5445,none,,,False,,7,0,,,
7,63,True,0.217154,0.2172,none,,,False,,7,0,,,
7,73,True,0.552801,0.5528,none,,,False,,7,0,,,
7,64,True,0.844301,0.8443,none,,,False,,7,0,,,
7,21,True,0.474073,0.4741,none,,,False,,7,0,,,
7,87,True,0.420692,0.4207,none,,,False,,7,0,,,
7,61,True,0.588388,0.5884,none,,,False,,7,0,,,
7,36,True,0.231555,0.2316,none,,,False,,7,0,,,
8,39,True,0.372758,0.3728,none,,,False,,8,0,,,
8,14,True,0.816855,0.8169,none,,,False,,8,0,,,
8,8,True,0.487496,0.4875,none,,,False,,8,0,,,
8,29,True,0.994998,0.995,none,,,False,,8,0,,,
8,55,True,0.286128,0.2861,none,,,False,,8,0,,,
8,90,True,0.757809,0.7578,none,,,False,,8,0,,,
8,45,True,0.607416,0.6074,none,,,False,,8,0,,,
8,83,True,0.642292,0.6423,none,,,False,,8,0,,,
8,80,True,0.477164,0.4772,none,,,False,,8,0,,,
8,21,True,0.474974,0.475,none,,,False,,8,0,,,
8,50,True,0.784394,0.7844,none,,,False,,8,0,,,
8,78,True,0.615129,0.6151,none,,,False,,8,0,,,
8,46,True,0.685272,0.6853,none,,,False,,8,0,,,
8,49,True,0.306837,0.3068,none,,,False,,8,0,,,
8,24,True,0.372777,0.3728,none,,,False,,8,0,,,
8,48,True,0.202245,0.2022,none,,,False,,8,0,,,
8,76,True,0.576413,0.5764,none,,,False,,8,0,,,
8,18,True,0.821307,0.8213,none,,,False,,8,0,,,
8,41,True,0.931,0.931,none,,,False,,8,0,,,
8,31,True,0.337297,0.3373,none,,,False,,8,0,,,
8,4,True,0.465962,0.466,none,,,False,,8,0,,,
8,51,True,0.49442,0.4944,none,,,False,,8,0,,,
8,77,True,0.474043,0.474,none,,,False,,8,0,,,
8,13,True,0.474721,0.4747,none,,,False,,8,0,,,
8,28,True,0.324246,0.3242,none,,,False,,8,0,,,
9,54,True,0.377561,0.3776,none,,,False,,9,0,,,
9,69,True,0.44332,0.4433,none,,,False,,9,0,,,
9,9,True,0.553048,0.553,none,,,False,,9,0,,,
9,47,True,0.506941,0.5069,none,,,False,,9,0,,,
9,77,True,0.70259,0.7026,none,,,False,,9,0,,,
9,73,True,0.583803,0.5838,none,,,False,,9,0,,,
9,68,True,0.317916,0.3179,none,,,False,,9,0,,,
9,86,True,0.808804,0.8088,none,,,False,,9,0,,,
9,10,True,0.635584,0.6356,none,,,False,,9,0,,,
9,3,True,0.503727,0.5037,none,,,False,,9,0,,,
9,61,True,0.454087,0.4541,none,,,False,,9,0,,,
9,26,True,0.715842,0.7158,none,,,False,,9,0,,,
9,14,True,0.836633,0.8366,none,,,False,,9,0,,,
9,88,True,0.555046,0.555,none,,,False,,9,0,,,
9,90,True,0.851338,0.8513,none,,,False,,9,0,,,
9,6,True,0.207883,0.2079,none,,,False,,9,0,,,
9,96,True,0.520176,0.5202,none,,,False,,9,0,,,
9,11,True,0.986819,0.9868,none,,,False,,9,0,,,
9,1,True,0.413849,0.4138,none,,,False,,9,0,,,
9,60,True,0.793224,0.7932,none,,,False,,9,0,,,
9,65,True,0.304243,0.3042,none,,,False,,9,0,,,
9,16,True,0.667248,0.6672,none,,,False,,9,0,,,
9,17,True,0.70698,0.707,none,,,False,,9,0,,,
9,72,True,0.858217,0.8582,none,,,False,,9,0,,,
9,31,True,0.320071,0.3201,none,,,False,,9,0,,,
10,95,True,0.793265,0.7933,none,,,False,,10,0,,,
10,0,True,0.735474,0.7355,none,,,False,,10,0,,,
10,23,True,0.648081,0.6481,none,,,False,,10,0,,,
10,58,True,0.568192,0.5682,none,,,False,,10,0,,,
10,33,True,0.588131,0.5881,none,,,False,,10,0,,,
10,14,True,0.884262,0.8843,none,,,False,,10,0,,,
10,39,True,0.385309,0.3853,none,,,False,,10,0,,,
10,46,True,0.795677,0.7957,none,,,False,,10,0,,,
10,81,True,0.375732,0.3757,none,,,False,,10,0,,,
10,68,True,0.375482,0.3755,none,,,False,,10,0,,,
10,17,True,0.392202,0.3922,none,,,False,,10,0,,,
10,25,True,0.921332,0.9213,none,,,False,,10,0,,,
10,51,True,0.271216,0.2712,none,,,False,,10,0,,,
10,2,True,0.385025,0.385,none,,,False,,10,0,,,
10,32,True,0.326516,0.3265,none,,,False,,10,0,,,
10,5,True,0.194314,0.1943,none,,,False,,10,0,,,
10,64,True,0.871445,0.8714,none,,,False,,10,0,,,
10,63,True,0.472493,0.4725,none,,,False,,10,0,,,
10,92,True,1.331286,1.3313,none,,,False,,10,0,,,
10,31,True,0.265005,0.265,none,,,False,,10,0,,,
10,67,True,0.418246,0.4182,none,,,False,,10,0,,,
10,74,True,0.345223,0.3452,none,,,False,,10,0,,,
10,84,True,0.55498,0.555,none,,,False,,10,0,,,
10,80,True,0.774143,0.7741,none,,,False,,10,0,,,
10,69,True,0.5737,0.5737,none,,,False,,10,0,,,
11,7,True,0.369078,0.3691,none,,,False,,11,0,,,
11,66,True,0.417617,0.4176,none,,,False,,11,0,,,
11,25,True,0.747528,0.7475,none,,,False,,11,0,,,
11,82,True,0.59767,0.5977,none,,,False,,11,0,,,
11,98,True,0.456099,0.4561,none,,,False,,11,0,,,
11,78,True,0.483036,0.483,none,,,False,,11,0,,,
11,74,True,0.396437,0.3964,none,,,False,,11,0,,,
11,33,True,0.801447,0.8014,none,,,False,,11,0,,,
11,96,True,0.510883,0.5109,none,,,False,,11,0,,,
11,60,True,0.936716,0.9367,none,,,False,,11,0,,,
11,94,True,0.409022,0.409,none,,,False,,11,0,,,
11,20,True,1.076865,1.0769,none,,,False,,11,0,,,
11,53,True,0.972956,0.973,none,,,False,,11,0,,,
11,30,True,1.321924,1.3219,none,,,False,,11,0,,,
11,64,True,0.539686,0.5397,none,,,False,,11,0,,,
11,1,True,0.50597,0.506,none,,,False,,11,0,,,
11,57,True,0.356096,0.3561,none,,,False,,11,0,,,
11,15,True,0.80669,0.8067,none,,,False,,11,0,,,
11,84,True,0.36483,0.3648,none,,,False,,11,0,,,
11,91,True,0.617607,0.6176,none,,,False,,11,0,,,
11,32,True,0.440897,0.4409,none,,,False,,11,0,,,
11,86,True,0.705492,0.7055,none,,,False,,11,0,,,
11,28,True,0.497799,0.4978,none,,,False,,11,0,,,
11,95,True,0.609618,0.6096,none,,,False,,11,0,,,
11,75,True,0.147946,0.1479,none,,,False,,11,0,,,
12,80,True,0.790908,0.7909,none,,,False,,12,0,,,
12,36,True,0.378914,0.3789,none,,,False,,12,0,,,
12,91,True,0.409377,0.4094,none,,,False,,12,0,,,
12,70,True,0.432405,0.4324,none,,,False,,12,0,,,
12,48,True,0.268177,0.2682,none,,,False,,12,0,,,
12,72,True,0.595109,0.5951,none,,,False,,12,0,,,
12,37,True,0.209867,0.2099,none,,,False,,12,0,,,
12,89,True,0.650758,0.6508,none,,,False,,12,0,,,
12,26,True,0.893731,0.8937,none,,,False,,12,0,,,
12,77,True,0.690877,0.6909,none,,,False,,12,0,,,
12,27,True,0.401448,0.4014,none,,,False,,12,0,,,
12,92,True,1.646919,1.6469,none,,,False,,12,0,,,
12,23,True,0.88986,0.8899,none,,,False,,12,0,,,
12,56,True,0.574129,0.5741,none,,,False,,12,0,,,
12,43,True,0.797427,0.7974,none,,,False,,12,0,,,
12,18,True,0.962285,0.9623,none,,,False,,12,0,,,
12,16,True,0.643173,0.6432,none,,,False,,12,0,,,
12,11,True,0.911926,0.9119,none,,,False,,12,0,,,
12,67,True,0.581218,0.5812,none,,,False,,12,0,,,
12,52,True,0.525539,0.5255,none,,,False,,12,0,,,
12,83,True,0.574754,0.5748,none,,,False,,12,0,,,
12,58,True,0.792379,0.7924,none,,,False,,12,0,,,
12,96,True,0.38914,0.3891,none,,,False,,12,0,,,
12,66,True,0.293345,0.2933,none,,,False,,12,0,,,
12,79,True,0.327231,0.3272,none,,,False,,12,0,,,
13,79,True,0.653838,0.6538,none,,,False,,13,0,,,
13,56,True,0.619001,0.619,none,,,False,,13,0,,,
13,96,True,0.418596,0.4186,none,,,False,,13,0,,,
13,15,True,0.712353,0.7124,none,,,False,,13,0,,,
13,7,True,0.33787,0.3379,none,,,False,,13,0,,,
13,90,True,0.686138,0.6861,none,,,False,,13,0,,,
13,11,True,0.843505,0.8435,none,,,False,,13,0,,,
13,87,True,0.567239,0.5672,none,,,False,,13,0,,,
13,72,True,0.414248,0.4142,none,,,False,,13,0,,,
13,46,True,1.02096,1.021,none,,,False,,13,0,,,
13,48,True,0.378596,0.3786,none,,,False,,13,0,,,
13,49,True,0.591487,0.5915,none,,,False,,13,0,,,
13,32,True,0.36037,0.3604,none,,,False,,13,0,,,
13,89,True,0.602615,0.6026,none,,,False,,13,0,,,
13,24,True,0.527259,0.5273,none,,,False,,13,0,,,
13,31,True,0.246514,0.2465,none,,,False,,13,0,,,
13,40,True,0.696604,0.6966,none,,,False,,13,0,,,
13,51,True,0.545912,0.5459,none,,,False,,13,0,,,
13,74,True,0.409996,0.41,none,,,False,,13,0,,,
13,88,True,0.277107,0.2771,none,,,False,,13,0,,,
13,23,True,0.546838,0.5468,none,,,False,,13,0,,,
13,36,True,0.397524,0.3975,none,,,False,,13,0,,,
13,44,True,0.812056,0.8121,none,,,False,,13,0,,,
13,84,True,0.472992,0.473,none,,,False,,13,0,,,
13,59,True,0.632464,0.6325,none,,,False,,13,0,,,
14,44,True,0.665519,0.6655,none,,,False,,14,0,,,
14,86,True,0.473458,0.4735,none,,,False,,14,0,,,
14,28,True,0.452912,0.4529,none,,,False,,14,0,,,
14,82,True,0.605821,0.6058,none,,,False,,14,0,,,
14,59,True,0.889674,0.8897,none,,,False,,14,0,,,
14,0,True,0.891708,0.8917,none,,,False,,14,0,,,
14,72,True,0.479783,0.4798,none,,,False,,14,0,,,
14,62,True,1.082773,1.0828,none,,,False,,14,0,,,
14,65,True,0.223704,0.2237,none,,,False,,14,0,,,
14,79,True,0.67279,0.6728,none,,,False,,14,0,,,
14,93,True,0.373885,0.3739,none,,,False,,14,0,,,
14,71,True,0.59029,0.5903,none,,,False,,14,0,,,
14,87,True,0.450738,0.4507,none,,,False,,14,0,,,
14,54,True,0.072979,0.073,none,,,False,,14,0,,,
14,30,True,1.351343,1.3513,none,,,False,,14,0,,,
14,89,True,0.614904,0.6149,none,,,False,,14,0,,,
14,9,True,0.593775,0.5938,none,,,False,,14,0,,,
14,23,True,0.751347,0.7513,none,,,False,,14,0,,,
14,10,True,0.580448,0.5804,none,,,False,,14,0,,,
14,45,True,0.686827,0.6868,none,,,False,,14,0,,,
14,99,True,0.470177,0.4702,none,,,False,,14,0,,,
14,77,True,0.842323,0.8423,none,,,False,,14,0,,,
14,18,True,0.835987,0.836,none,,,False,,14,0,,,
14,3,True,0.420942,0.4209,none,,,False,,14,0,,,
14,78,True,0.36854,0.3685,none,,,False,,14,0,,,
15,4,True,0.509129,0.5091,none,,,False,,15,0,,,
15,84,True,0.493257,0.4933,none,,,False,,15,0,,,
15,48,True,0.227116,0.2271,none,,,False,,15,0,,,
15,75,True,0.184454,0.1845,none,,,False,,15,0,,,
15,95,True,0.901813,0.9018,none,,,False,,15,0,,,
15,31,True,0.244257,0.2443,none,,,False,,15,0,,,
15,62,True,0.792653,0.7927,none,,,False,,15,0,,,
15,9,True,0.553609,0.5536,none,,,False,,15,0,,,
15,3,True,0.667519,0.6675,none,,,False,,15,0,,,
15,83,True,0.602859,0.6029,none,,,False,,15,0,,,
15,68,True,0.29967,0.2997,none,,,False,,15,0,,,
15,80,True,0.560934,0.5609,none,,,False,,15,0,,,
15,8,True,0.418733,0.4187,none,,,False,,15,0,,,
15,88,True,0.387574,0.3876,none,,,False,,15,0,,,
15,69,True,0.427431,0.4274,none,,,False,,15,0,,,
15,96,True,0.345577,0.3456,none,,,False,,15,0,,,
15,65,True,0.312359,0.3124,none,,,False,,15,0,,,
15,97,True,0.799208,0.7992,none,,,False,,15,0,,,
15,73,True,0.348187,0.3482,none,,,False,,15,0,,,
15,79,True,0.719886,0.7199,none,,,False,,15,0,,,
15,27,True,0.489546,0.4895,none,,,False,,15,0,,,
15,81,True,0.310911,0.3109,none,,,False,,15,0,,,
15,11,True,1.135879,1.1359,none,,,False,,15,0,,,
15,38,True,0.702544,0.7025,none,,,False,,15,0,,,
15,41,True,0.603107,0.6031,none,,,False,,15,0,,,
16,9,True,0.408796,0.4088,none,,,False,,16,0,,,
16,98,True,0.425213,0.4252,none,,,False,,16,0,,,
16,95,True,0.498982,0.499,none,,,False,,16,0,,,
16,83,True,0.174639,0.1746,none,,,False,,16,0,,,
16,13,True,0.793655,0.7937,none,,,False,,16,0,,,
16,94,True,0.313226,0.3132,none,,,False,,16,0,,,
16,21,True,0.597615,0.5976,none,,,False,,16,0,,,
16,22,True,0.771766,0.7718,none,,,False,,16,0,,,
16,1,True,0.505127,0.5051,none,,,False,,16,0,,,
16,79,True,0.567633,0.5676,none,,,False,,16,0,,,
16,40,True,0.573268,0.5733,none,,,False,,16,0,,,
16,99,True,0.339727,0.3397,none,,,False,,16,0,,,
16,68,True,0.150571,0.1506,none,,,False,,16,0,,,
16,93,True,0.31586,0.3159,none,,,False,,16,0,,,
16,96,True,0.435828,0.4358,none,,,False,,16,0,,,
16,51,True,0.436721,0.4367,none,,,False,,16,0,,,
16,27,True,0.376937,0.3769,none,,,False,,16,0,,,
16,74,True,0.394153,0.3942,none,,,False,,16,0,,,
16,56,True,0.487773,0.4878,none,,,False,,16,0,,,
16,84,True,0.358627,0.3586,none,,,False,,16,0,,,
16,92,True,1.421296,1.4213,none,,,False,,16,0,,,
16,78,True,0.55184,0.5518,none,,,False,,16,0,,,
16,0,True,0.931623,0.9316,none,,,False,,16,0,,,
16,35,True,0.738765,0.7388,none,,,False,,16,0,,,
16,20,True,0.771784,0.7718,none,,,False,,16,0,,,
17,45,True,0.514061,0.5141,none,,,False,,17,0,,,
17,99,True,0.633338,0.6333,none,,,False,,17,0,,,
17,91,True,0.400162,0.4002,none,,,False,,17,0,,,
17,28,True,0.276672,0.2767,none,,,False,,17,0,,,
17,19,True,0.543198,0.5432,none,,,False,,17,0,,,
17,25,True,1.134488,1.1345,none,,,False,,17,0,,,
17,87,True,0.501553,0.5016,none,,,False,,17,0,,,
17,6,True,0.336149,0.3361,none,,,False,,17,0,,,
17,35,True,0.687704,0.6877,none,,,False,,17,0,,,
17,60,True,0.792392,0.7924,none,,,False,,17,0,,,
17,71,True,0.568558,0.5686,none,,,False,,17,0,,,
17,68,True,-0.993032,-0.993,none,,,False,,17,0,,,
17,13,True,0.662586,0.6626,none,,,False,,17,0,,,
17,77,True,0.483501,0.4835,none,,,False,,17,0,,,
17,23,True,0.844993,0.845,none,,,False,,17,0,,,
17,22,True,0.645322,0.6453,none,,,False,,17,0,,,
17,5,True,0.253303,0.2533,none,,,False,,17,0,,,
17,18,True,0.858361,0.8584,none,,,False,,17,0,,,
17,85,True,0.928025,0.928,none,,,False,,17,0,,,
17,8,True,0.240323,0.2403,none,,,False,,17,0,,,
17,37,True,0.239098,0.2391,none,,,False,,17,0,,,
17,3,True,0.595777,0.5958,none,,,False,,17,0,,,
17,17,True,0.568587,0.5686,none,,,False,,17,0,,,
17,94,True,0.440992,0.441,none,,,False,,17,0,,,
17,75,True,0.113022,0.113,none,,,False,,17,0,,,
18,80,True,0.443067,0.4431,none,,,False,,18,0,,,
18,45,True,0.427917,0.4279,none,,,False,,18,0,,,
18,70,True,0.315814,0.3158,none,,,False,,18,0,,,
18,51,True,0.386794,0.3868,none,,,False,,18,0,,,
18,87,True,0.49376,0.4938,none,,,False,,18,0,,,
18,4,True,0.330475,0.3305,none,,,False,,18,0,,,
18,17,True,0.555826,0.5558,none,,,False,,18,0,,,
18,5,True,0.165571,0.1656,none,,,False,,18,0,,,
18,35,True,0.599815,0.5998,none,,,False,,18,0,,,
18,55,True,0.174045,0.174,none,,,False,,18,0,,,
18,81,True,0.300851,0.3009,none,,,False,,18,0,,,
18,3,True,0.559739,0.5597,none,,,False,,18,0,,,
18,63,True,0.154216,0.1542,none,,,False,,18,0,,,
18,62,True,0.734955,0.735,none,,,False,,18,0,,,
18,74,True,0.452898,0.4529,none,,,False,,18,0,,,
18,46,True,0.720993,0.721,none,,,False,,18,0,,,
18,24,True,0.48956,0.4896,none,,,False,,18,0,,,
18,56,True,0.513333,0.5133,none,,,False,,18,0,,,
18,71,True,0.338323,0.3383,none,,,False,,18,0,,,
18,53,True,0.738161,0.7382,none,,,False,,18,0,,,
18,31,True,0.260189,0.2602,none,,,False,,18,0,,,
18,18,True,0.678512,0.6785,none,,,False,,18,0,,,
18,77,True,0.425521,0.4255,none,,,False,,18,0,,,
18,88,True,0.382879,0.3829,none,,,False,,18,0,,,
18,73,True,0.353119,0.3531,none,,,False,,18,0,,,
19,75,True,0.199783,0.1998,none,,,False,,19,0,,,
19,0,True,0.627013,0.627,none,,,False,,19,0,,,
19,24,True,0.017211,0.0172,none,,,False,,19,0,,,
19,41,True,1.000008,1.0,none,,,False,,19,0,,,
19,14,True,0.749811,0.7498,none,,,False,,19,0,,,
19,68,True,-0.363287,-0.3633,none,,,False,,19,0,,,
19,46,True,0.503843,0.5038,none,,,False,,19,0,,,
19,44,True,0.728605,0.7286,none,,,False,,19,0,,,
19,74,True,0.474259,0.4743,none,,,False,,19,0,,,
19,37,True,0.374358,0.3744,none,,,False,,19,0,,,
19,5,True,-0.063171,-0.0632,none,,,False,,19,0,,,
19,69,True,0.377563,0.3776,none,,,False,,19,0,,,
19,85,True,1.102776,1.1028,none,,,False,,19,0,,,
19,7,True,0.450942,0.4509,none,,,False,,19,0,,,
19,76,True,0.399418,0.3994,none,,,False,,19,0,,,
19,56,True,0.37069,0.3707,none,,,False,,19,0,,,
19,92,True,1.44875,1.4488,none,,,False,,19,0,,,
19,86,True,0.7021,0.7021,none,,,False,,19,0,,,
19,51,True,0.473907,0.4739,none,,,False,,19,0,,,
19,64,True,0.616946,0.6169,none,,,False,,19,0,,,
19,80,True,0.558147,0.5581,none,,,False,,19,0,,,
19,21,True,0.649664,0.6497,none,,,False,,19,0,,,
19,91,True,0.505019,0.505,none,,,False,,19,0,,,
19,65,True,0.338353,0.3384,none,,,False,,19,0,,,
19,93,True,0.290441,0.2904,none,,,False,,19,0,,,
20,60,True,0.65135,0.6513,none,,,False,,20,0,,,
20,19,True,0.814219,0.8142,none,,,False,,20,0,,,
20,94,True,0.017527,0.0175,none,,,False,,20,0,,,
20,23,True,0.871174,0.8712,none,,,False,,20,0,,,
20,96,True,0.431998,0.432,none,,,False,,20,0,,,
20,14,True,0.885798,0.8858,none,,,False,,20,0,,,
20,3,True,0.588005,0.588,none,,,False,,20,0,,,
20,7,True,0.265956,0.266,none,,,False,,20,0,,,
20,2,True,0.470475,0.4705,none,,,False,,20,0,,,
20,51,True,0.352292,0.3523,none,,,False,,20,0,,,
20,73,True,0.697111,0.6971,none,,,False,,20,0,,,
20,62,True,1.033499,1.0335,none,,,False,,20,0,,,
20,0,True,0.676747,0.6767,none,,,False,,20,0,,,
20,59,True,0.975326,0.9753,none,,,False,,20,0,,,
20,16,True,0.654145,0.6541,none,,,False,,20,0,,,
20,74,True,0.222853,0.2229,none,,,False,,20,0,,,
20,80,True,0.871813,0.8718,none,,,False,,20,0,,,
20,82,True,0.562485,0.5625,none,,,False,,20,0,,,
20,97,True,0.681802,0.6818,none,,,False,,20,0,,,
20,26,True,0.604274,0.6043,none,,,False,,20,0,,,
20,91,True,0.307331,0.3073,none,,,False,,20,0,,,
20,89,True,0.426075,0.4261,none,,,False,,20,0,,,
20,54,True,0.048053,0.0481,none,,,False,,20,0,,,
20,12,True,1.212239,1.2122,none,,,False,,20,0,,,
20,93,True,0.418063,0.4181,none,,,False,,20,0,,,
21,7,True,0.226024,0.226,none,,,False,,21,0,,,
21,27,True,0.481389,0.4814,none,,,False,,21,0,,,
21,31,True,0.270941,0.2709,none,,,False,,21,0,,,
21,94,True,0.450179,0.4502,none,,,False,,21,0,,,
21,37,True,0.161827,0.1618,none,,,False,,21,0,,,
21,35,True,0.580203,0.5802,none,,,False,,21,0,,,
21,3,True,0.618453,0.6185,none,,,False,,21,0,,,
21,17,True,0.398255,0.3983,none,,,False,,21,0,,,
21,70,True,0.368464,0.3685,none,,,False,,21,0,,,
21,43,True,0.93772,0.9377,none,,,False,,21,0,,,
21,77,True,0.33808,0.3381,none,,,False,,21,0,,,
21,5,True,0.273013,0.273,none,,,False,,21,0,,,
21,4,True,0.423175,0.4232,none,,,False,,21,0,,,
21,11,True,1.192801,1.1928,none,,,False,,21,0,,,
21,93,True,0.230847,0.2308,none,,,False,,21,0,,,
21,51,True,0.529792,0.5298,none,,,False,,21,0,,,
21,21,True,0.563549,0.5635,none,,,False,,21,0,,,
21,67,True,0.741418,0.7414,none,,,False,,21,0,,,
21,60,True,0.828579,0.8286,none,,,False,,21,0,,,
21,32,True,0.547365,0.5474,none,,,False,,21,0,,,
21,46,True,0.866715,0.8667,none,,,False,,21,0,,,
21,41,True,0.405692,0.4057,none,,,False,,21,0,,,
21,56,True,0.563518,0.5635,none,,,False,,21,0,,,
21,16,True,0.587819,0.5878,none,,,False,,21,0,,,
21,82,True,0.712433,0.7124,none,,,False,,21,0,,,
22,71,True,0.825061,0.8251,none,,,False,,22,0,,,
22,11,True,0.905563,0.9056,none,,,False,,22,0,,,
22,17,True,0.590652,0.5907,none,,,False,,22,0,,,
22,75,True,0.102844,0.1028,none,,,False,,22,0,,,
22,16,True,0.609055,0.6091,none,,,False,,22,0,,,
22,74,True,0.410846,0.4108,none,,,False,,22,0,,,
22,82,True,0.556935,0.5569,none,,,False,,22,0,,,
22,57,True,0.53411,0.5341,none,,,False,,22,0,,,
22,34,True,0.356244,0.3562,none,,,False,,22,0,,,
22,45,True,0.695552,0.6956,none,,,False,,22,0,,,
22,68,True,0.486642,0.4866,none,,,False,,22,0,,,
22,88,True,0.480165,0.4802,none,,,False,,22,0,,,
22,43,True,0.589868,0.5899,none,,,False,,22,0,,,
22,39,True,0.372437,0.3724,none,,,False,,22,0,,,
22,31,True,0.324218,0.3242,none,,,False,,22,0,,,
22,0,True,0.625866,0.6259,none,,,False,,22,0,,,
22,59,True,1.105068,1.1051,none,,,False,,22,0,,,
22,84,True,0.372572,0.3726,none,,,False,,22,0,,,
22,23,True,0.793944,0.7939,none,,,False,,22,0,,,
22,6,True,0.319586,0.3196,none,,,False,,22,0,,,
22,58,True,0.644662,0.6447,none,,,False,,22,0,,,
22,19,True,0.917585,0.9176,none,,,False,,22,0,,,
22,87,True,0.601207,0.6012,none,,,False,,22,0,,,
22,95,True,0.354859,0.3549,none,,,False,,22,0,,,
22,76,True,0.54051,0.5405,none,,,False,,22,0,,,
23,70,True,0.148867,0.1489,none,,,False,,23,0,,,
23,99,True,0.516123,0.5161,none,,,False,,23,0,,,
23,78,True,0.284383,0.2844,none,,,False,,23,0,,,
23,3,True,0.315133,0.3151,none,,,False,,23,0,,,
23,14,True,0.801629,0.8016,none,,,False,,23,0,,,
23,77,True,0.524948,0.5249,none,,,False,,23,0,,,
23,81,True,0.423494,0.4235,none,,,False,,23,0,,,
23,92,True,1.045078,1.0451,none,,,False,,23,0,,,
23,76,True,0.254444,0.2544,none,,,False,,23,0,,,
23,19,True,0.750631,0.7506,none,,,False,,23,0,,,
23,37,True,0.300965,0.301,none,,,False,,23,0,,,
23,97,True,0.726466,0.7265,none,,,False,,23,0,,,
23,85,True,0.96937,0.9694,none,,,False,,23,0,,,
23,52,True,0.844161,0.8442,none,,,False,,23,0,,,
23,16,True,0.191584,0.1916,none,,,False,,23,0,,,
23,8,True,0.430488,0.4305,none,,,False,,23,0,,,
23,90,True,0.601289,0.6013,none,,,False,,23,0,,,
23,83,True,0.536706,0.5367,none,,,False,,23,0,,,
23,5,True,0.27732,0.2773,none,,,False,,23,0,,,
23,50,True,0.843484,0.8435,none,,,False,,23,0,,,
23,21,True,0.662689,0.6627,none,,,False,,23,0,,,
23,69,True,0.573399,0.5734,none,,,False,,23,0,,,
23,49,True,0.34404,0.344,none,,,False,,23,0,,,
23,88,True,0.318479,0.3185,none,,,False,,23,0,,,
23,80,True,0.580307,0.5803,none,,,False,,23,0,,,
24,24,True,0.386691,0.3867,none,,,False,,24,0,,,
24,97,True,0.943336,0.9433,none,,,False,,24,0,,,
24,91,True,0.404669,0.4047,none,,,False,,24,0,,,
24,77,True,0.573238,0.5732,none,,,False,,24,0,,,
24,11,True,1.049238,1.0492,none,,,False,,24,0,,,
24,10,True,0.489869,0.4899,none,,,False,,24,0,,,
24,17,True,0.585698,0.5857,none,,,False,,24,0,,,
24,25,True,0.891976,0.892,none,,,False,,24,0,,,
24,53,True,0.824612,0.8246,none,,,False,,24,0,,,
24,76,True,0.30711,0.3071,none,,,False,,24,0,,,
24,36,True,0.400137,0.4001,none,,,False,,24,0,,,
24,65,True,0.288619,0.2886,none,,,False,,24,0,,,
24,99,True,0.436315,0.4363,none,,,False,,24,0,,,
24,59,True,0.875553,0.8756,none,,,False,,24,0,,,
24,79,True,0.69369,0.6937,none,,,False,,24,0,,,
24,15,True,0.229938,0.2299,none,,,False,,24,0,,,
24,8,True,0.209169,0.2092,none,,,False,,24,0,,,
24,3,True,0.592385,0.5924,none,,,False,,24,0,,,
24,89,True,0.41743,0.4174,none,,,False,,24,0,,,
24,66,True,0.504313,0.5043,none,,,False,,24,0,,,
24,46,True,0.689066,0.6891,none,,,False,,24,0,,,
24,37,True,0.283974,0.284,none,,,False,,24,0,,,
24,6,True,0.259194,0.2592,none,,,False,,24,0,,,
24,32,True,0.332463,0.3325,none,,,False,,24,0,,,
24,51,True,0.454933,0.4549,none,,,False,,24,0,,,
25,50,True,0.832024,0.832,none,,,False,,25,0,,,
25,9,True,0.42138,0.4214,none,,,False,,25,0,,,
25,36,True,0.434955,0.435,none,,,False,,25,0,,,
25,73,True,0.531053,0.5311,none,,,False,,25,0,,,
25,34,True,0.474964,0.475,none,,,False,,25,0,,,
25,79,True,0.596713,0.5967,none,,,False,,25,0,,,
25,14,True,0.745026,0.745,none,,,False,,25,0,,,
25,40,True,0.64798,0.648,none,,,False,,25,0,,,
25,84,True,0.380694,0.3807,none,,,False,,25,0,,,
25,78,True,0.452432,0.4524,none,,,False,,25,0,,,
25,47,True,0.307482,0.3075,none,,,False,,25,0,,,
25,38,True,0.518577,0.5186,none,,,False,,25,0,,,
25,64,True,0.722502,0.7225,none,,,False,,25,0,,,
25,4,True,0.288975,0.289,none,,,False,,25,0,,,
25,67,True,0.585153,0.5852,none,,,False,,25,0,,,
25,43,True,1.013011,1.013,none,,,False,,25,0,,,
25,54,True,0.300744,0.3007,none,,,False,,25,0,,,
25,31,True,0.273558,0.2736,none,,,False,,25,0,,,
25,18,True,0.61974,0.6197,none,,,False,,25,0,,,
25,62,True,0.786277,0.7863,none,,,False,,25,0,,,
25,52,True,0.817557,0.8176,none,,,False,,25,0,,,
25,44,True,0.620467,0.6205,none,,,False,,25,0,,,
25,35,True,0.618635,0.6186,none,,,False,,25,0,,,
25,75,True,0.165315,0.1653,none,,,False,,25,0,,,
25,15,True,0.613732,0.6137,none,,,False,,25,0,,,
26,72,True,0.409381,0.4094,none,,,False,,26,0,,,
26,88,True,0.478155,0.4782,none,,,False,,26,0,,,
26,89,True,0.523052,0.5231,none,,,False,,26,0,,,
26,53,True,0.923671,0.9237,none,,,False,,26,0,,,
26,76,True,0.645692,0.6457,none,,,False,,26,0,,,
26,85,True,1.123955,1.124,none,,,False,,26,0,,,
26,63,True,0.352801,0.3528,none,,,False,,26,0,,,
26,93,True,0.376992,0.377,none,,,False,,26,0,,,
26,84,True,0.31673,0.3167,none,,,False,,26,0,,,
26,34,True,0.435787,0.4358,none,,,False,,26,0,,,
26,61,True,0.553349,0.5533,none,,,False,,26,0,,,
26,92,True,1.421074,1.4211,none,,,False,,26,0,,,
26,25,True,1.039718,1.0397,none,,,False,,26,0,,,
26,32,True,0.478326,0.4783,none,,,False,,26,0,,,
26,49,True,0.547734,0.5477,none,,,False,,26,0,,,
26,10,True,0.639304,0.6393,none,,,False,,26,0,,,
26,74,True,0.452422,0.4524,none,,,False,,26,0,,,
26,8,True,0.239679,0.2397,none,,,False,,26,0,,,
26,21,True,0.274266,0.2743,none,,,False,,26,0,,,
26,28,True,0.422254,0.4223,none,,,False,,26,0,,,
26,57,True,0.537507,0.5375,none,,,False,,26,0,,,
26,69,True,0.573115,0.5731,none,,,False,,26,0,,,
26,41,True,0.979798,0.9798,none,,,False,,26,0,,,
26,11,True,0.848166,0.8482,none,,,False,,26,0,,,
26,71,True,0.662903,0.6629,none,,,False,,26,0,,,
27,32,True,0.212226,0.2122,none,,,False,,27,0,,,
27,81,True,0.357726,0.3577,none,,,False,,27,0,,,
27,75,True,0.22983,0.2298,none,,,False,,27,0,,,
27,45,True,0.492489,0.4925,none,,,False,,27,0,,,
27,56,True,0.528046,0.528,none,,,False,,27,0,,,
27,67,True,0.849578,0.8496,none,,,False,,27,0,,,
27,21,True,0.46402,0.464,none,,,False,,27,0,,,
27,57,True,0.562492,0.5625,none,,,False,,27,0,,,
27,95,True,0.867465,0.8675,none,,,False,,27,0,,,
27,69,True,0.557091,0.5571,none,,,False,,27,0,,,
27,96,True,0.588291,0.5883,none,,,False,,27,0,,,
27,85,True,0.615687,0.6157,none,,,False,,27,0,,,
27,63,True,0.411938,0.4119,none,,,False,,27,0,,,
27,74,True,0.479532,0.4795,none,,,False,,27,0,,,
27,19,True,0.839695,0.8397,none,,,False,,27,0,,,
27,82,True,0.691264,0.6913,none,,,False,,27,0,,,
27,13,True,0.731478,0.7315,none,,,False,,27,0,,,
27,3,True,0.464765,0.4648,none,,,False,,27,0,,,
27,11,True,0.893255,0.8933,none,,,False,,27,0,,,
27,58,True,0.343357,0.3434,none,,,False,,27,0,,,
27,28,True,0.302597,0.3026,none,,,False,,27,0,,,
27,59,True,0.703384,0.7034,none,,,False,,27,0,,,
27,64,True,0.797094,0.7971,none,,,False,,27,0,,,
27,71,True,0.361037,0.361,none,,,False,,27,0,,,
27,68,True,0.314368,0.3144,none,,,False,,27,0,,,
28,57,True,0.495713,0.4957,none,,,False,,28,0,,,
28,32,True,0.324808,0.3248,none,,,False,,28,0,,,
28,71,True,0.407268,0.4073,none,,,False,,28,0,,,
28,81,True,0.332728,0.3327,none,,,False,,28,0,,,
28,62,True,0.602247,0.6022,none,,,False,,28,0,,,
28,24,True,0.418482,0.4185,none,,,False,,28,0,,,
28,19,True,0.530972,0.531,none,,,False,,28,0,,,
28,61,True,0.424129,0.4241,none,,,False,,28,0,,,
28,53,True,0.836231,0.8362,none,,,False,,28,0,,,
28,41,True,0.675687,0.6757,none,,,False,,28,0,,,
28,85,True,0.951442,0.9514,none,,,False,,28,0,,,
28,78,True,0.451504,0.4515,none,,,False,,28,0,,,
28,90,True,0.895538,0.8955,none,,,False,,28,0,,,
28,39,True,0.311534,0.3115,none,,,False,,28,0,,,
28,27,True,0.369719,0.3697,none,,,False,,28,0,,,
28,22,True,0.53305,0.5331,none,,,False,,28,0,,,
28,18,True,0.786546,0.7865,none,,,False,,28,0,,,
28,58,True,0.506313,0.5063,none,,,False,,28,0,,,
28,20,True,0.463763,0.4638,none,,,False,,28,0,,,
28,73,True,0.38747,0.3875,none,,,False,,28,0,,,
28,38,True,0.460592,0.4606,none,,,False,,28,0,,,
28,4,True,0.41941,0.4194,none,,,False,,28,0,,,
28,10,True,0.441814,0.4418,none,,,False,,28,0,,,
28,67,True,0.417673,0.4177,none,,,False,,28,0,,,
28,99,True,0.417324,0.4173,none,,,False,,28,0,,,
29,74,True,0.492004,0.492,none,,,False,,29,0,,,
29,28,True,0.244682,0.2447,none,,,False,,29,0,,,
29,55,True,0.345195,0.3452,none,,,False,,29,0,,,
29,40,True,0.73582,0.7358,none,,,False,,29,0,,,
29,64,True,0.697004,0.697,none,,,False,,29,0,,,
29,72,True,0.790682,0.7907,none,,,False,,29,0,,,
29,3,True,0.428088,0.4281,none,,,False,,29,0,,,
29,59,True,0.64201,0.642,none,,,False,,29,0,,,
29,82,True,0.512988,0.513,none,,,False,,29,0,,,
29,6,True,0.231445,0.2314,none,,,False,,29,0,,,
29,4,True,0.38063,0.3806,none,,,False,,29,0,,,
29,43,True,1.018378,1.0184,none,,,False,,29,0,,,
29,68,True,0.261047,0.261,none,,,False,,29,0,,,
29,47,True,0.374599,0.3746,none,,,False,,29,0,,,
29,19,True,0.662823,0.6628,none,,,False,,29,0,,,
29,22,True,0.690247,0.6902,none,,,False,,29,0,,,
29,9,True,0.344275,0.3443,none,,,False,,29,0,,,
29,11,True,1.002925,1.0029,none,,,False,,29,0,,,
29,52,True,0.810068,0.8101,none,,,False,,29,0,,,
29,99,True,0.4172,0.4172,none,,,False,,29,0,,,
29,36,True,0.452987,0.453,none,,,False,,29,0,,,
29,94,True,0.309839,0.3098,none,,,False,,29,0,,,
29,49,True,0.27656,0.2766,none,,,False,,29,0,,,
29,96,True,0.550729,0.5507,none,,,False,,29,0,,,
29,57,True,0.499226,0.4992,none,,,False,,29,0,,,
30,93,True,0.374195,0.3742,none,,,False,,30,0,,,
30,7,True,0.363681,0.3637,none,,,False,,30,0,,,
30,51,True,0.321102,0.3211,none,,,False,,30,0,,,
30,18,True,0.870905,0.8709,none,,,False,,30,0,,,
30,65,True,0.267452,0.2675,none,,,False,,30,0,,,
30,29,True,1.223336,1.2233,none,,,False,,30,0,,,
30,40,True,0.946596,0.9466,none,,,False,,30,0,,,
30,58,True,0.538021,0.538,none,,,False,,30,0,,,
30,11,True,0.879295,0.8793,none,,,False,,30,0,,,
30,34,True,0.329395,0.3294,none,,,False,,30,0,,,
30,15,True,0.651114,0.6511,none,,,False,,30,0,,,
30,69,True,0.563749,0.5637,none,,,False,,30,0,,,
30,77,True,0.623942,0.6239,none,,,False,,30,0,,,
30,31,True,0.331943,0.3319,none,,,False,,30,0,,,
30,97,True,0.811673,0.8117,none,,,False,,30,0,,,
30,13,True,0.819233,0.8192,none,,,False,,30,0,,,
30,32,True,0.430447,0.4304,none,,,False,,30,0,,,
30,70,True,0.16183,0.1618,none,,,False,,30,0,,,
30,94,True,0.359861,0.3599,none,,,False,,30,0,,,
30,44,True,0.52305,0.523,none,,,False,,30,0,,,
30,2,True,0.448143,0.4481,none,,,False,,30,0,,,
30,35,True,0.895812,0.8958,none,,,False,,30,0,,,
30,52,True,0.680624,0.6806,none,,,False,,30,0,,,
30,81,True,0.407452,0.4075,none,,,False,,30,0,,,
30,41,True,0.931127,0.9311,none,,,False,,30,0,,,
31,51,True,0.307457,0.3075,none,,,False,,31,0,,,
31,19,True,1.173845,1.1738,none,,,False,,31,0,,,
31,74,True,0.398523,0.3985,none,,,False,,31,0,,,
31,89,True,0.647018,0.647,none,,,False,,31,0,,,
31,39,True,0.526414,0.5264,none,,,False,,31,0,,,
31,23,True,0.514634,0.5146,none,,,False,,31,0,,,
31,81,True,0.300166,0.3002,none,,,False,,31,0,,,
31,73,True,0.324227,0.3242,none,,,False,,31,0,,,
31,58,True,0.613429,0.6134,none,,,False,,31,0,,,
31,12,True,0.831188,0.8312,none,,,False,,31,0,,,
31,40,True,0.621476,0.6215,none,,,False,,31,0,,,
31,85,True,0.94704,0.947,none,,,False,,31,0,,,
31,20,True,0.470998,0.471,none,,,False,,31,0,,,
31,92,True,1.298274,1.2983,none,,,False,,31,0,,,
31,78,True,0.488409,0.4884,none,,,False,,31,0,,,
31,53,True,0.887429,0.8874,none,,,False,,31,0,,,
31,57,True,0.743974,0.744,none,,,False,,31,0,,,
31,16,True,0.695495,0.6955,none,,,False,,31,0,,,
31,84,True,0.532416,0.5324,none,,,False,,31,0,,,
31,7,True,0.213886,0.2139,none,,,False,,31,0,,,
31,42,True,0.20983,0.2098,none,,,False,,31,0,,,
31,83,True,0.784248,0.7842,none,,,False,,31,0,,,
31,43,True,0.685622,0.6856,none,,,False,,31,0,,,
31,90,True,0.760566,0.7606,none,,,False,,31,0,,,
31,68,True,0.525771,0.5258,none,,,False,,31,0,,,
32,0,True,0.857289,0.8573,none,,,False,,32,0,,,
32,3,True,0.503677,0.5037,none,,,False,,32,0,,,
32,76,True,0.431043,0.431,none,,,False,,32,0,,,
32,41,True,1.027193,1.0272,none,,,False,,32,0,,,
32,15,True,0.642379,0.6424,none,,,False,,32,0,,,
32,9,True,0.212642,0.2126,none,,,False,,32,0,,,
32,14,True,0.714636,0.7146,none,,,False,,32,0,,,
32,38,True,0.619356,0.6194,none,,,False,,32,0,,,
32,23,True,0.868954,0.869,none,,,False,,32,0,,,
32,61,True,0.425096,0.4251,none,,,False,,32,0,,,
32,78,True,0.229781,0.2298,none,,,False,,32,0,,,
32,82,True,0.465396,0.4654,none,,,False,,32,0,,,
32,88,True,0.341124,0.3411,none,,,False,,32,0,,,
32,74,True,0.294931,0.2949,none,,,False,,32,0,,,
32,30,True,1.158438,1.1584,none,,,False,,32,0,,,
32,32,True,0.282714,0.2827,none,,,False,,32,0,,,
32,68,True,0.218362,0.2184,none,,,False,,32,0,,,
32,4,True,0.393993,0.394,none,,,False,,32,0,,,
32,42,True,0.161989,0.162,none,,,False,,32,0,,,
32,86,True,0.629836,0.6298,none,,,False,,32,0,,,
32,80,True,0.57659,0.5766,none,,,False,,32,0,,,
32,57,True,0.523751,0.5238,none,,,False,,32,0,,,
32,85,True,0.794856,0.7949,none,,,False,,32,0,,,
32,65,True,0.33834,0.3383,none,,,False,,32,0,,,
32,35,True,0.745682,0.7457,none,,,False,,32,0,,,
33,69,True,0.530968,0.531,none,,,False,,33,0,,,
33,21,True,0.499884,0.4999,none,,,False,,33,0,,,
33,71,True,0.460471,0.4605,none,,,False,,33,0,,,
33,42,True,0.159491,0.1595,none,,,False,,33,0,,,
33,8,True,0.219709,0.2197,none,,,False,,33,0,,,
33,92,True,0.998098,0.9981,none,,,False,,33,0,,,
33,75,True,0.16624,0.1662,none,,,False,,33,0,,,
33,85,True,0.884038,0.884,none,,,False,,33,0,,,
33,5,True,0.164834,0.1648,none,,,False,,33,0,,,
33,55,True,0.394719,0.3947,none,,,False,,33,0,,,
33,9,True,0.410414,0.4104,none,,,False,,33,0,,,
33,3,True,0.464047,0.464,none,,,False,,33,0,,,
33,46,True,0.691392,0.6914,none,,,False,,33,0,,,
33,99,True,0.509,0.509,none,,,False,,33,0,,,
33,17,True,0.375477,0.3755,none,,,False,,33,0,,,
33,26,True,0.620221,0.6202,none,,,False,,33,0,,,
33,79,True,0.583945,0.5839,none,,,False,,33,0,,,
33,36,True,0.337414,0.3374,none,,,False,,33,0,,,
33,50,True,0.819222,0.8192,none,,,False,,33,0,,,
33,65,True,0.144288,0.1443,none,,,False,,33,0,,,
33,93,True,0.361005,0.361,none,,,False,,33,0,,,
33,32,True,0.107019,0.107,none,,,False,,33,0,,,
33,19,True,0.8734,0.8734,none,,,False,,33,0,,,
33,22,True,0.767799,0.7678,none,,,False,,33,0,,,
33,82,True,0.670743,0.6707,none,,,False,,33,0,,,
34,51,True,0.445825,0.4458,none,,,False,,34,0,,,
34,65,True,0.295934,0.2959,none,,,False,,34,0,,,
34,76,True,0.208131,0.2081,none,,,False,,34,0,,,
34,98,True,0.465712,0.4657,none,,,False,,34,0,,,
34,9,True,0.283128,0.2831,none,,,False,,34,0,,,
34,20,True,0.744124,0.7441,none,,,False,,34,0,,,
34,32,True,0.278883,0.2789,none,,,False,,34,0,,,
34,26,True,0.521025,0.521,none,,,False,,34,0,,,
34,97,True,0.985872,0.9859,none,,,False,,34,0,,,
34,59,True,0.952547,0.9525,none,,,False,,34,0,,,
34,90,True,0.750573,0.7506,none,,,False,,34,0,,,
34,91,True,0.476458,0.4765,none,,,False,,34,0,,,
34,62,True,0.923598,0.9236,none,,,False,,34,0,,,
34,24,True,0.127397,0.1274,none,,,False,,34,0,,,
34,82,True,0.379745,0.3797,none,,,False,,34,0,,,
34,88,True,0.351085,0.3511,none,,,False,,34,0,,,
34,27,True,0.417796,0.4178,none,,,False,,34,0,,,
34,92,True,0.886127,0.8861,none,,,False,,34,0,,,
34,35,True,0.715418,0.7154,none,,,False,,34,0,,,
34,21,True,0.5169,0.5169,none,,,False,,34,0,,,
34,68,True,0.331546,0.3315,none,,,False,,34,0,,,
34,84,True,0.147152,0.1472,none,,,False,,34,0,,,
34,4,True,0.441859,0.4419,none,,,False,,34,0,,,
34,61,True,0.326085,0.3261,none,,,False,,34,0,,,
34,74,True,0.361955,0.362,none,,,False,,34,0,,,
35,7,True,0.087128,0.0871,none,,,False,,35,0,,,
35,92,True,0.902356,0.9024,none,,,False,,35,0,,,
35,38,True,0.600271,0.6003,none,,,False,,35,0,,,
35,91,True,0.487262,0.4873,none,,,False,,35,0,,,
35,55,True,0.175411,0.1754,none,,,False,,35,0,,,
35,50,True,0.796823,0.7968,none,,,False,,35,0,,,
35,11,True,1.025541,1.0255,none,,,False,,35,0,,,
35,97,True,0.687155,0.6872,none,,,False,,35,0,,,
35,44,True,0.45031,0.4503,none,,,False,,35,0,,,
35,17,True,0.448236,0.4482,none,,,False,,35,0,,,
35,95,True,0.613477,0.6135,none,,,False,,35,0,,,
35,87,True,0.411476,0.4115,none,,,False,,35,0,,,
35,33,True,0.643251,0.6433,none,,,False,,35,0,,,
35,40,True,0.562112,0.5621,none,,,False,,35,0,,,
35,1,True,0.603105,0.6031,none,,,False,,35,0,,,
35,27,True,0.234412,0.2344,none,,,False,,35,0,,,
35,48,True,0.106703,0.1067,none,,,False,,35,0,,,
35,20,True,0.533399,0.5334,none,,,False,,35,0,,,
35,13,True,0.568284,0.5683,none,,,False,,35,0,,,
35,14,True,0.908166,0.9082,none,,,False,,35,0,,,
35,45,True,0.37298,0.373,none,,,False,,35,0,,,
35,51,True,0.437073,0.4371,none,,,False,,35,0,,,
35,76,True,0.613374,0.6134,none,,,False,,35,0,,,
35,18,True,0.720058,0.7201,none,,,False,,35,0,,,
35,19,True,0.896631,0.8966,none,,,False,,35,0,,,
36,58,True,0.629385,0.6294,none,,,False,,36,0,,,
36,40,True,0.473026,0.473,none,,,False,,36,0,,,
36,19,True,0.838978,0.839,none,,,False,,36,0,,,
36,59,True,0.769609,0.7696,none,,,False,,36,0,,,
36,5,True,0.183673,0.1837,none,,,False,,36,0,,,
36,44,True,0.397669,0.3977,none,,,False,,36,0,,,
36,77,True,0.59954,0.5995,none,,,False,,36,0,,,
36,76,True,0.549547,0.5495,none,,,False,,36,0,,,
36,20,True,0.592113,0.5921,none,,,False,,36,0,,,
36,53,True,0.669404,0.6694,none,,,False,,36,0,,,
36,81,True,0.431924,0.4319,none,,,False,,36,0,,,
36,56,True,0.388781,0.3888,none,,,False,,36,0,,,
36,83,True,0.498902,0.4989,none,,,False,,36,0,,,
36,60,True,0.522151,0.5222,none,,,False,,36,0,,,
36,67,True,0.772375,0.7724,none,,,False,,36,0,,,
36,69,True,0.221964,0.222,none,,,False,,36,0,,,
36,4,True,0.363359,0.3634,none,,,False,,36,0,,,
36,29,True,0.703601,0.7036,none,,,False,,36,0,,,
36,47,True,0.354792,0.3548,none,,,False,,36,0,,,
36,54,True,0.423394,0.4234,none,,,False,,36,0,,,
36,89,True,0.470734,0.4707,none,,,False,,36,0,,,
36,32,True,0.471658,0.4717,none,,,False,,36,0,,,
36,34,True,0.498653,0.4987,none,,,False,,36,0,,,
36,15,True,0.6164,0.6164,none,,,False,,36,0,,,
36,11,True,1.207682,1.2077,none,,,False,,36,0,,,
37,47,True,0.365057,0.3651,none,,,False,,37,0,,,
37,42,True,0.172314,0.1723,none,,,False,,37,0,,,
37,36,True,0.283087,0.2831,none,,,False,,37,0,,,
37,33,True,0.71516,0.7152,none,,,False,,37,0,,,
37,30,True,1.133544,1.1335,none,,,False,,37,0,,,
37,83,True,0.488618,0.4886,none,,,False,,37,0,,,
37,84,True,0.340164,0.3402,none,,,False,,37,0,,,
37,60,True,0.75919,0.7592,none,,,False,,37,0,,,
37,64,True,0.784314,0.7843,none,,,False,,37,0,,,
37,72,True,0.589618,0.5896,none,,,False,,37,0,,,
37,3,True,0.447857,0.4479,none,,,False,,37,0,,,
37,88,True,0.251091,0.2511,none,,,False,,37,0,,,
37,44,True,0.609567,0.6096,none,,,False,,37,0,,,
37,31,True,0.326769,0.3268,none,,,False,,37,0,,,
37,18,True,0.770746,0.7707,none,,,False,,37,0,,,
37,25,True,0.727167,0.7272,none,,,False,,37,0,,,
37,71,True,0.380993,0.381,none,,,False,,37,0,,,
37,76,True,0.604534,0.6045,none,,,False,,37,0,,,
37,4,True,0.423366,0.4234,none,,,False,,37,0,,,
37,58,True,0.616286,0.6163,none,,,False,,37,0,,,
37,54,True,0.26387,0.2639,none,,,False,,37,0,,,
37,39,True,0.347166,0.3472,none,,,False,,37,0,,,
37,79,True,0.574788,0.5748,none,,,False,,37,0,,,
37,28,True,0.32729,0.3273,none,,,False,,37,0,,,
37,17,True,0.50686,0.5069,none,,,False,,37,0,,,
38,97,True,0.845184,0.8452,none,,,False,,38,0,,,
38,26,True,0.65504,0.655,none,,,False,,38,0,,,
38,32,True,0.433186,0.4332,none,,,False,,38,0,,,
38,67,True,0.698841,0.6988,none,,,False,,38,0,,,
38,19,True,0.819985,0.82,none,,,False,,38,0,,,
38,9,True,0.53133,0.5313,none,,,False,,38,0,,,
38,25,True,0.443499,0.4435,none,,,False,,38,0,,,
38,50,True,0.869095,0.8691,none,,,False,,38,0,,,
38,68,True,0.510661,0.5107,none,,,False,,38,0,,,
38,7,True,0.407608,0.4076,none,,,False,,38,0,,,
38,70,True,0.227951,0.228,none,,,False,,38,0,,,
38,58,True,0.532206,0.5322,none,,,False,,38,0,,,
38,90,True,0.69396,0.694,none,,,False,,38,0,,,
38,87,True,0.542578,0.5426,none,,,False,,38,0,,,
38,88,True,0.374482,0.3745,none,,,False,,38,0,,,
38,46,True,0.544835,0.5448,none,,,False,,38,0,,,
38,53,True,0.85799,0.858,none,,,False,,38,0,,,
38,1,True,0.471104,0.4711,none,,,False,,38,0,,,
38,55,True,0.304064,0.3041,none,,,False,,38,0,,,
38,4,True,0.265039,0.265,none,,,False,,38,0,,,
38,76,True,0.349272,0.3493,none,,,False,,38,0,,,
38,61,True,0.422986,0.423,none,,,False,,38,0,,,
38,20,True,0.601792,0.6018,none,,,False,,38,0,,,
38,48,True,0.049295,0.0493,none,,,False,,38,0,,,
38,65,True,0.189023,0.189,none,,,False,,38,0,,,
39,73,True,0.838083,0.8381,none,,,False,,39,0,,,
39,98,True,0.593166,0.5932,none,,,False,,39,0,,,
39,34,True,0.496056,0.4961,none,,,False,,39,0,,,
39,99,True,0.345081,0.3451,none,,,False,,39,0,,,
39,0,True,0.658254,0.6583,none,,,False,,39,0,,,
39,23,True,0.825015,0.825,none,,,False,,39,0,,,
39,13,True,0.963493,0.9635,none,,,False,,39,0,,,
39,35,True,0.870498,0.8705,none,,,False,,39,0,,,
39,4,True,0.156599,0.1566,none,,,False,,39,0,,,
39,3,True,0.396873,0.3969,none,,,False,,39,0,,,
39,54,True,0.354547,0.3545,none,,,False,,39,0,,,
39,79,True,0.453317,0.4533,none,,,False,,39,0,,,
39,85,True,0.635919,0.6359,none,,,False,,39,0,,,
39,77,True,0.898198,0.8982,none,,,False,,39,0,,,
39,10,True,0.60569,0.6057,none,,,False,,39,0,,,
39,43,True,0.899375,0.8994,none,,,False,,39,0,,,
39,31,True,0.272651,0.2727,none,,,False,,39,0,,,
39,25,True,0.684293,0.6843,none,,,False,,39,0,,,
39,16,True,0.681855,0.6819,none,,,False,,39,0,,,
39,5,True,0.271396,0.2714,none,,,False,,39,0,,,
39,11,True,1.091919,1.0919,none,,,False,,39,0,,,
39,41,True,0.834201,0.8342,none,,,False,,39,0,,,
39,8,True,0.241446,0.2414,none,,,False,,39,0,,,
39,94,True,0.394932,0.3949,none,,,False,,39,0,,,
39,29,True,1.067451,1.0675,none,,,False,,39,0,,,
40,5,True,0.135628,0.1356,none,,,False,,40,0,,,
40,84,True,0.465971,0.466,none,,,False,,40,0,,,
40,35,True,0.558615,0.5586,none,,,False,,40,0,,,
40,33,True,0.770471,0.7705,none,,,False,,40,0,,,
40,73,True,0.353116,0.3531,none,,,False,,40,0,,,
40,6,True,0.296491,0.2965,none,,,False,,40,0,,,
40,80,True,0.476703,0.4767,none,,,False,,40,0,,,
40,22,True,0.597012,0.597,none,,,False,,40,0,,,
40,63,True,0.212226,0.2122,none,,,False,,40,0,,,
40,25,True,0.674245,0.6742,none,,,False,,40,0,,,
40,14,True,0.696913,0.6969,none,,,False,,40,0,,,
40,69,True,0.52334,0.5233,none,,,False,,40,0,,,
40,93,True,0.104858,0.1049,none,,,False,,40,0,,,
40,95,True,0.686409,0.6864,none,,,False,,40,0,,,
40,97,True,0.839096,0.8391,none,,,False,,40,0,,,
40,48,True,0.367561,0.3676,none,,,False,,40,0,,,
40,89,True,0.642034,0.642,none,,,False,,40,0,,,
40,40,True,0.681579,0.6816,none,,,False,,40,0,,,
40,72,True,0.446389,0.4464,none,,,False,,40,0,,,
40,3,True,0.572344,0.5723,none,,,False,,40,0,,,
40,7,True,0.419758,0.4198,none,,,False,,40,0,,,
40,34,True,0.422441,0.4224,none,,,False,,40,0,,,
40,32,True,0.521324,0.5213,none,,,False,,40,0,,,
40,27,True,0.367483,0.3675,none,,,False,,40,0,,,
40,68,True,0.531678,0.5317,none,,,False,,40,0,,,
41,81,True,0.34484,0.3448,none,,,False,,41,0,,,
41,17,True,0.500522,0.5005,none,,,False,,41,0,,,
41,40,True,0.544953,0.545,none,,,False,,41,0,,,
41,31,True,0.275263,0.2753,none,,,False,,41,0,,,
41,74,True,0.325277,0.3253,none,,,False,,41,0,,,
41,35,True,0.549027,0.549,none,,,False,,41,0,,,
41,18,True,0.891662,0.8917,none,,,False,,41,0,,,
41,33,True,0.67216,0.6722,none,,,False,,41,0,,,
41,91,True,0.339554,0.3396,none,,,False,,41,0,,,
41,13,True,0.443595,0.4436,none,,,False,,41,0,,,
41,82,True,0.506563,0.5066,none,,,False,,41,0,,,
41,12,True,0.75058,0.7506,none,,,False,,41,0,,,
41,14,True,0.668545,0.6685,none,,,False,,41,0,,,
41,55,True,0.369459,0.3695,none,,,False,,41,0,,,
41,10,True,0.65964,0.6596,none,,,False,,41,0,,,
41,73,True,0.405583,0.4056,none,,,False,,41,0,,,
41,49,True,0.37102,0.371,none,,,False,,41,0,,,
41,87,True,0.155179,0.1552,none,,,False,,41,0,,,
41,78,True,0.433767,0.4338,none,,,False,,41,0,,,
41,79,True,0.504331,0.5043,none,,,False,,41,0,,,
41,53,True,0.650125,0.6501,none,,,False,,41,0,,,
41,71,True,0.429294,0.4293,none,,,False,,41,0,,,
41,46,True,0.693025,0.693,none,,,False,,41,0,,,
41,54,True,0.410684,0.4107,none,,,False,,41,0,,,
41,22,True,0.671514,0.6715,none,,,False,,41,0,,,
42,62,True,0.670141,0.6701,none,,,False,,42,0,,,
42,16,True,0.684017,0.684,none,,,False,,42,0,,,
42,89,True,0.565582,0.5656,none,,,False,,42,0,,,
42,40,True,0.641115,0.6411,none,,,False,,42,0,,,
42,9,True,0.480268,0.4803,none,,,False,,42,0,,,
42,76,True,0.365088,0.3651,none,,,False,,42,0,,,
42,52,True,0.830839,0.8308,none,,,False,,42,0,,,
42,1,True,0.38452,0.3845,none,,,False,,42,0,,,
42,57,True,0.541005,0.541,none,,,False,,42,0,,,
42,41,True,0.89756,0.8976,none,,,False,,42,0,,,
42,39,True,0.418909,0.4189,none,,,False,,42,0,,,
42,79,True,0.667704,0.6677,none,,,False,,42,0,,,
42,3,True,0.320386,0.3204,none,,,False,,42,0,,,
42,58,True,0.56743,0.5674,none,,,False,,42,0,,,
42,17,True,0.63464,0.6346,none,,,False,,42,0,,,
42,26,True,0.663213,0.6632,none,,,False,,42,0,,,
42,56,True,0.391943,0.3919,none,,,False,,42,0,,,
42,55,True,0.245467,0.2455,none,,,False,,42,0,,,
42,99,True,0.527354,0.5274,none,,,False,,42,0,,,
42,36,True,0.357371,0.3574,none,,,False,,42,0,,,
42,33,True,0.862962,0.863,none,,,False,,42,0,,,
42,63,True,0.005161,0.0052,none,,,False,,42,0,,,
42,45,True,0.466494,0.4665,none,,,False,,42,0,,,
42,24,True,0.280835,0.2808,none,,,False,,42,0,,,
42,30,True,1.033972,1.034,none,,,False,,42,0,,,
43,27,True,0.338907,0.3389,none,,,False,,43,0,,,
43,20,True,0.849082,0.8491,none,,,False,,43,0,,,
43,26,True,0.569561,0.5696,none,,,False,,43,0,,,
43,59,True,0.829604,0.8296,none,,,False,,43,0,,,
43,77,True,0.603789,0.6038,none,,,False,,43,0,,,
43,5,True,0.109148,0.1091,none,,,False,,43,0,,,
43,3,True,0.536101,0.5361,none,,,False,,43,0,,,
43,14,True,0.750368,0.7504,none,,,False,,43,0,,,
43,94,True,0.285412,0.2854,none,,,False,,43,0,,,
43,35,True,0.605526,0.6055,none,,,False,,43,0,,,
43,12,True,0.758883,0.7589,none,,,False,,43,0,,,
43,32,True,0.365799,0.3658,none,,,False,,43,0,,,
43,15,True,0.400868,0.4009,none,,,False,,43,0,,,
43,37,True,0.137819,0.1378,none,,,False,,43,0,,,
43,39,True,0.145576,0.1456,none,,,False,,43,0,,,
43,83,True,0.574906,0.5749,none,,,False,,43,0,,,
43,71,True,0.417251,0.4173,none,,,False,,43,0,,,
43,41,True,0.841529,0.8415,none,,,False,,43,0,,,
43,99,True,0.476389,0.4764,none,,,False,,43,0,,,
43,62,True,0.547894,0.5479,none,,,False,,43,0,,,
43,57,True,0.686404,0.6864,none,,,False,,43,0,,,
43,24,True,0.319008,0.319,none,,,False,,43,0,,,
43,93,True,0.447721,0.4477,none,,,False,,43,0,,,
43,43,True,0.931207,0.9312,none,,,False,,43,0,,,
43,88,True,0.393016,0.393,none,,,False,,43,0,,,
44,77,True,0.309782,0.3098,none,,,False,,44,0,,,
44,57,True,0.492135,0.4921,none,,,False,,44,0,,,
44,92,True,1.392681,1.3927,none,,,False,,44,0,,,
44,73,True,0.222966,0.223,none,,,False,,44,0,,,
44,80,True,0.379934,0.3799,none,,,False,,44,0,,,
44,11,True,0.830641,0.8306,none,,,False,,44,0,,,
44,78,True,0.557435,0.5574,none,,,False,,44,0,,,
44,96,True,0.493223,0.4932,none,,,False,,44,0,,,
44,33,True,0.828482,0.8285,none,,,False,,44,0,,,
44,82,True,0.683268,0.6833,none,,,False,,44,0,,,
44,38,True,0.772525,0.7725,none,,,False,,44,0,,,
44,85,True,0.921929,0.9219,none,,,False,,44,0,,,
44,66,True,0.421545,0.4215,none,,,False,,44,0,,,
44,53,True,0.516048,0.516,none,,,False,,44,0,,,
44,72,True,0.702008,0.702,none,,,False,,44,0,,,
44,21,True,0.424296,0.4243,none,,,False,,44,0,,,
44,43,True,0.940047,0.94,none,,,False,,44,0,,,
44,19,True,0.591816,0.5918,none,,,False,,44,0,,,
44,67,True,0.850738,0.8507,none,,,False,,44,0,,,
44,51,True,0.4042,0.4042,none,,,False,,44,0,,,
44,68,True,0.451656,0.4517,none,,,False,,44,0,,,
44,37,True,0.380479,0.3805,none,,,False,,44,0,,,
44,40,True,0.772562,0.7726,none,,,False,,44,0,,,
44,0,True,0.821678,0.8217,none,,,False,,44,0,,,
44,75,True,0.250367,0.2504,none,,,False,,44,0,,,
45,24,True,0.475908,0.4759,none,,,False,,45,0,,,
45,34,True,0.636457,0.6365,none,,,False,,45,0,,,
45,80,True,0.736317,0.7363,none,,,False,,45,0,,,
45,42,True,0.2022,0.2022,none,,,False,,45,0,,,
45,93,True,0.438496,0.4385,none,,,False,,45,0,,,
45,71,True,0.608327,0.6083,none,,,False,,45,0,,,
45,40,True,0.498983,0.499,none,,,False,,45,0,,,
45,96,True,0.377124,0.3771,none,,,False,,45,0,,,
45,21,True,0.359603,0.3596,none,,,False,,45,0,,,
45,22,True,0.659279,0.6593,none,,,False,,45,0,,,
45,79,True,0.412886,0.4129,none,,,False,,45,0,,,
45,27,True,0.473548,0.4735,none,,,False,,45,0,,,
45,28,True,0.460532,0.4605,none,,,False,,45,0,,,
45,19,True,0.856677,0.8567,none,,,False,,45,0,,,
45,15,True,0.727443,0.7274,none,,,False,,45,0,,,
45,39,True,0.21176,0.2118,none,,,False,,45,0,,,
45,11,True,0.77571,0.7757,none,,,False,,45,0,,,
45,57,True,0.655764,0.6558,none,,,False,,45,0,,,
45,41,True,0.887689,0.8877,none,,,False,,45,0,,,
45,85,True,0.744825,0.7448,none,,,False,,45,0,,,
45,10,True,0.546948,0.5469,none,,,False,,45,0,,,
45,83,True,0.481084,0.4811,none,,,False,,45,0,,,
45,68,True,0.059414,0.0594,none,,,False,,45,0,,,
45,49,True,0.549115,0.5491,none,,,False,,45,0,,,
45,76,True,0.496865,0.4969,none,,,False,,45,0,,,
46,76,True,0.336428,0.3364,none,,,False,,46,0,,,
46,40,True,0.76093,0.7609,none,,,False,,46,0,,,
46,35,True,0.751557,0.7516,none,,,False,,46,0,,,
46,32,True,0.499581,0.4996,none,,,False,,46,0,,,
46,97,True,1.21509,1.2151,none,,,False,,46,0,,,
46,15,True,0.424915,0.4249,none,,,False,,46,0,,,
46,87,True,0.448911,0.4489,none,,,False,,46,0,,,
46,53,True,0.577167,0.5772,none,,,False,,46,0,,,
46,59,True,0.857036,0.857,none,,,False,,46,0,,,
46,70,True,0.332812,0.3328,none,,,False,,46,0,,,
46,22,True,0.515294,0.5153,none,,,False,,46,0,,,
46,48,True,0.37024,0.3702,none,,,False,,46,0,,,
46,4,True,0.290227,0.2902,none,,,False,,46,0,,,
46,85,True,1.059475,1.0595,none,,,False,,46,0,,,
46,55,True,0.385402,0.3854,none,,,False,,46,0,,,
46,23,True,0.858257,0.8583,none,,,False,,46,0,,,
46,27,True,0.363246,0.3632,none,,,False,,46,0,,,
46,56,True,0.49785,0.4978,none,,,False,,46,0,,,
46,42,True,0.242219,0.2422,none,,,False,,46,0,,,
46,41,True,0.920451,0.9205,none,,,False,,46,0,,,
46,12,True,0.618031,0.618,none,,,False,,46,0,,,
46,17,True,0.657236,0.6572,none,,,False,,46,0,,,
46,63,True,0.25633,0.2563,none,,,False,,46,0,,,
46,50,True,0.844732,0.8447,none,,,False,,46,0,,,
46,13,True,0.566182,0.5662,none,,,False,,46,0,,,
47,38,True,0.533337,0.5333,none,,,False,,47,0,,,
47,57,True,0.972678,0.9727,none,,,False,,47,0,,,
47,92,True,0.856668,0.8567,none,,,False,,47,0,,,
47,64,True,0.891537,0.8915,none,,,False,,47,0,,,
47,59,True,0.447681,0.4477,none,,,False,,47,0,,,
47,35,True,0.571386,0.5714,none,,,False,,47,0,,,
47,98,True,0.623441,0.6234,none,,,False,,47,0,,,
47,49,True,0.475475,0.4755,none,,,False,,47,0,,,
47,84,True,0.680213,0.6802,none,,,False,,47,0,,,
47,44,True,0.501669,0.5017,none,,,False,,47,0,,,
47,89,True,0.529131,0.5291,none,,,False,,47,0,,,
47,99,True,0.480216,0.4802,none,,,False,,47,0,,,
47,4,True,0.268204,0.2682,none,,,False,,47,0,,,
47,61,True,0.58467,0.5847,none,,,False,,47,0,,,
47,48,True,0.339746,0.3397,none,,,False,,47,0,,,
47,39,True,0.636811,0.6368,none,,,False,,47,0,,,
47,28,True,0.473708,0.4737,none,,,False,,47,0,,,
47,7,True,0.180004,0.18,none,,,False,,47,0,,,
47,63,True,0.131834,0.1318,none,,,False,,47,0,,,
47,56,True,0.521946,0.5219,none,,,False,,47,0,,,
47,13,True,0.401749,0.4017,none,,,False,,47,0,,,
47,12,True,0.806509,0.8065,none,,,False,,47,0,,,
47,82,True,0.755441,0.7554,none,,,False,,47,0,,,
47,24,True,0.548615,0.5486,none,,,False,,47,0,,,
47,0,True,0.525707,0.5257,none,,,False,,47,0,,,
48,3,True,0.228263,0.2283,none,,,False,,48,0,,,
48,45,True,0.482664,0.4827,none,,,False,,48,0,,,
48,32,True,0.423717,0.4237,none,,,False,,48,0,,,
48,86,True,0.732827,0.7328,none,,,False,,48,0,,,
48,54,True,0.247118,0.2471,none,,,False,,48,0,,,
48,68,True,0.367038,0.367,none,,,False,,48,0,,,
48,67,True,0.936416,0.9364,none,,,False,,48,0,,,
48,21,True,0.344601,0.3446,none,,,False,,48,0,,,
48,24,True,0.115862,0.1159,none,,,False,,48,0,,,
48,63,True,0.088799,0.0888,none,,,False,,48,0,,,
48,51,True,0.447606,0.4476,none,,,False,,48,0,,,
48,33,True,0.850549,0.8505,none,,,False,,48,0,,,
48,58,True,0.511973,0.512,none,,,False,,48,0,,,
48,19,True,0.630911,0.6309,none,,,False,,48,0,,,
48,76,True,0.35856,0.3586,none,,,False,,48,0,,,
48,25,True,0.739442,0.7394,none,,,False,,48,0,,,
48,62,True,0.692619,0.6926,none,,,False,,48,0,,,
48,15,True,0.543203,0.5432,none,,,False,,48,0,,,
48,14,True,0.806341,0.8063,none,,,False,,48,0,,,
48,91,True,0.535399,0.5354,none,,,False,,48,0,,,
48,57,True,0.478443,0.4784,none,,,False,,48,0,,,
48,61,True,0.353952,0.354,none,,,False,,48,0,,,
48,55,True,0.244459,0.2445,none,,,False,,48,0,,,
48,95,True,0.665216,0.6652,none,,,False,,48,0,,,
48,31,True,0.294696,0.2947,none,,,False,,48,0,,,
49,68,True,0.34355,0.3436,none,,,False,,49,0,,,
49,18,True,0.864471,0.8645,none,,,False,,49,0,,,
49,25,True,0.772768,0.7728,none,,,False,,49,0,,,
49,86,True,0.520609,0.5206,none,,,False,,49,0,,,
49,69,True,0.421033,0.421,none,,,False,,49,0,,,
49,16,True,0.49889,0.4989,none,,,False,,49,0,,,
49,12,True,0.980648,0.9806,none,,,False,,49,0,,,
49,38,True,0.619983,0.62,none,,,False,,49,0,,,
49,92,True,1.423636,1.4236,none,,,False,,49,0,,,
49,39,True,0.23435,0.2344,none,,,False,,49,0,,,
49,58,True,0.565675,0.5657,none,,,False,,49,0,,,
49,28,True,0.371687,0.3717,none,,,False,,49,0,,,
49,95,True,0.529148,0.5291,none,,,False,,49,0,,,
49,49,True,0.127693,0.1277,none,,,False,,49,0,,,
49,88,True,0.411042,0.411,none,,,False,,49,0,,,
49,83,True,0.509436,0.5094,none,,,False,,49,0,,,
49,13,True,0.872508,0.8725,none,,,False,,49,0,,,
49,81,True,0.456803,0.4568,none,,,False,,49,0,,,
49,34,True,0.541435,0.5414,none,,,False,,49,0,,,
49,55,True,0.41619,0.4162,none,,,False,,49,0,,,
49,21,True,0.35131,0.3513,none,,,False,,49,0,,,
49,82,True,0.609664,0.6097,none,,,False,,49,0,,,
49,94,True,0.223352,0.2234,none,,,False,,49,0,,,
49,32,True,0.428365,0.4284,none,,,False,,49,0,,,
49,5,True,0.123477,0.1235,none,,,False,,49,0,,,
50,32,True,0.31485,0.3148,none,,,False,,50,0,,,
50,50,True,0.776365,0.7764,none,,,False,,50,0,,,
50,73,True,0.859654,0.8597,none,,,False,,50,0,,,
50,1,True,0.566579,0.5666,none,,,False,,50,0,,,
50,41,True,0.897361,0.8974,none,,,False,,50,0,,,
50,52,True,0.796323,0.7963,none,,,False,,50,0,,,
50,23,True,0.868019,0.868,none,,,False,,50,0,,,
50,86,True,0.724633,0.7246,none,,,False,,50,0,,,
50,6,True,0.26691,0.2669,none,,,False,,50,0,,,
50,55,True,0.326905,0.3269,none,,,False,,50,0,,,
50,33,True,0.877213,0.8772,none,,,False,,50,0,,,
50,14,True,0.703387,0.7034,none,,,False,,50,0,,,
50,3,True,0.407286,0.4073,none,,,False,,50,0,,,
50,78,True,0.307908,0.3079,none,,,False,,50,0,,,
50,66,True,0.5302,0.5302,none,,,False,,50,0,,,
50,57,True,0.256916,0.2569,none,,,False,,50,0,,,
50,60,True,0.863214,0.8632,none,,,False,,50,0,,,
50,89,True,0.446393,0.4464,none,,,False,,50,0,,,
50,51,True,0.350647,0.3506,none,,,False,,50,0,,,
50,77,True,0.568667,0.5687,none,,,False,,50,0,,,
50,28,True,0.255833,0.2558,none,,,False,,50,0,,,
50,97,True,1.292965,1.293,none,,,False,,50,0,,,
50,70,True,0.242294,0.2423,none,,,False,,50,0,,,
50,25,True,0.652343,0.6523,none,,,False,,50,0,,,
50,29,True,1.021293,1.0213,none,,,False,,50,0,,,
51,32,True,0.390968,0.391,none,,,False,,51,0,,,
51,66,True,0.375003,0.375,none,,,False,,51,0,,,
51,65,True,0.509293,0.5093,none,,,False,,51,0,,,
51,34,True,0.450556,0.4506,none,,,False,,51,0,,,
51,28,True,0.441866,0.4419,none,,,False,,51,0,,,
51,81,True,0.37807,0.3781,none,,,False,,51,0,,,
51,47,True,0.448244,0.4482,none,,,False,,51,0,,,
51,53,True,0.802694,0.8027,none,,,False,,51,0,,,
51,69,True,0.46432,0.4643,none,,,False,,51,0,,,
51,17,True,0.524151,0.5242,none,,,False,,51,0,,,
51,51,True,0.354679,0.3547,none,,,False,,51,0,,,
51,93,True,0.103006,0.103,none,,,False,,51,0,,,
51,3,True,0.634805,0.6348,none,,,False,,51,0,,,
51,63,True,-0.159504,-0.1595,none,,,False,,51,0,,,
51,39,True,0.258372,0.2584,none,,,False,,51,0,,,
51,13,True,0.685827,0.6858,none,,,False,,51,0,,,
51,0,True,0.580181,0.5802,none,,,False,,51,0,,,
51,95,True,0.606325,0.6063,none,,,False,,51,0,,,
51,31,True,0.397921,0.3979,none,,,False,,51,0,,,
51,89,True,0.451307,0.4513,none,,,False,,51,0,,,
51,76,True,0.398474,0.3985,none,,,False,,51,0,,,
51,85,True,0.995914,0.9959,none,,,False,,51,0,,,
51,37,True,0.052675,0.0527,none,,,False,,51,0,,,
51,19,True,0.979711,0.9797,none,,,False,,51,0,,,
51,26,True,0.740702,0.7407,none,,,False,,51,0,,,
52,40,True,0.922617,0.9226,none,,,False,,52,0,,,
52,73,True,0.993694,0.9937,none,,,False,,52,0,,,
52,83,True,0.459005,0.459,none,,,False,,52,0,,,
52,85,True,0.703156,0.7032,none,,,False,,52,0,,,
52,89,True,0.370295,0.3703,none,,,False,,52,0,,,
52,22,True,0.478369,0.4784,none,,,False,,52,0,,,
52,94,True,0.357277,0.3573,none,,,False,,52,0,,,
52,6,True,0.268952,0.269,none,,,False,,52,0,,,
52,88,True,0.465515,0.4655,none,,,False,,52,0,,,
52,70,True,0.370387,0.3704,none,,,False,,52,0,,,
52,99,True,0.385912,0.3859,none,,,False,,52,0,,,
52,64,True,0.867178,0.8672,none,,,False,,52,0,,,
52,49,True,0.276861,0.2769,none,,,False,,52,0,,,
52,8,True,0.204249,0.2042,none,,,False,,52,0,,,
52,20,True,0.686984,0.687,none,,,False,,52,0,,,
52,91,True,0.314883,0.3149,none,,,False,,52,0,,,
52,7,True,0.234041,0.234,none,,,False,,52,0,,,
52,74,True,0.275843,0.2758,none,,,False,,52,0,,,
52,48,True,0.706121,0.7061,none,,,False,,52,0,,,
52,55,True,0.404388,0.4044,none,,,False,,52,0,,,
52,68,True,0.20834,0.2083,none,,,False,,52,0,,,
52,75,True,0.189906,0.1899,none,,,False,,52,0,,,
52,71,True,0.522362,0.5224,none,,,False,,52,0,,,
52,69,True,0.356287,0.3563,none,,,False,,52,0,,,
52,11,True,1.262628,1.2626,none,,,False,,52,0,,,
53,43,True,0.863722,0.8637,none,,,False,,53,0,,,
53,21,True,0.417155,0.4172,none,,,False,,53,0,,,
53,18,True,0.80098,0.801,none,,,False,,53,0,,,
53,40,True,0.914386,0.9144,none,,,False,,53,0,,,
53,15,True,0.710004,0.71,none,,,False,,53,0,,,
53,46,True,0.56891,0.5689,none,,,False,,53,0,,,
53,99,True,0.268274,0.2683,none,,,False,,53,0,,,
53,6,True,0.332465,0.3325,none,,,False,,53,0,,,
53,68,True,0.258714,0.2587,none,,,False,,53,0,,,
53,92,True,0.822701,0.8227,none,,,False,,53,0,,,
53,14,True,0.837921,0.8379,none,,,False,,53,0,,,
53,85,True,0.756624,0.7566,none,,,False,,53,0,,,
53,87,True,0.683093,0.6831,none,,,False,,53,0,,,
53,19,True,0.702972,0.703,none,,,False,,53,0,,,
53,3,True,0.409823,0.4098,none,,,False,,53,0,,,
53,45,True,0.794041,0.794,none,,,False,,53,0,,,
53,20,True,0.871312,0.8713,none,,,False,,53,0,,,
53,7,True,0.313676,0.3137,none,,,False,,53,0,,,
53,91,True,0.406731,0.4067,none,,,False,,53,0,,,
53,49,True,0.325661,0.3257,none,,,False,,53,0,,,
53,50,True,0.90644,0.9064,none,,,False,,53,0,,,
53,13,True,0.71526,0.7153,none,,,False,,53,0,,,
53,60,True,0.793153,0.7932,none,,,False,,53,0,,,
53,71,True,0.498519,0.4985,none,,,False,,53,0,,,
53,57,True,0.429678,0.4297,none,,,False,,53,0,,,
54,72,True,0.755142,0.7551,none,,,False,,54,0,,,
54,23,True,0.977407,0.9774,none,,,False,,54,0,,,
54,42,True,0.19693,0.1969,none,,,False,,54,0,,,
54,79,True,0.422467,0.4225,none,,,False,,54,0,,,
54,2,True,0.515519,0.5155,none,,,False,,54,0,,,
54,81,True,0.389522,0.3895,none,,,False,,54,0,,,
54,57,True,0.626182,0.6262,none,,,False,,54,0,,,
54,84,True,0.343086,0.3431,none,,,False,,54,0,,,
54,32,True,0.513092,0.5131,none,,,False,,54,0,,,
54,64,True,0.855758,0.8558,none,,,False,,54,0,,,
54,96,True,0.289908,0.2899,none,,,False,,54,0,,,
54,5,True,0.287515,0.2875,none,,,False,,54,0,,,
54,28,True,0.167153,0.1672,none,,,False,,54,0,,,
54,56,True,0.437093,0.4371,none,,,False,,54,0,,,
54,31,True,0.341609,0.3416,none,,,False,,54,0,,,
54,65,True,0.538971,0.539,none,,,False,,54,0,,,
54,26,True,0.839997,0.84,none,,,False,,54,0,,,
54,83,True,0.440531,0.4405,none,,,False,,54,0,,,
54,68,True,0.474593,0.4746,none,,,False,,54,0,,,
54,9,True,0.518655,0.5187,none,,,False,,54,0,,,
54,51,True,0.357117,0.3571,none,,,False,,54,0,,,
54,63,True,0.30107,0.3011,none,,,False,,54,0,,,
54,78,True,0.594862,0.5949,none,,,False,,54,0,,,
54,17,True,0.604348,0.6043,none,,,False,,54,0,,,
54,45,True,0.680575,0.6806,none,,,False,,54,0,,,
55,19,True,0.893804,0.8938,none,,,False,,55,0,,,
55,82,True,0.597274,0.5973,none,,,False,,55,0,,,
55,10,True,0.609621,0.6096,none,,,False,,55,0,,,
55,45,True,0.727028,0.727,none,,,False,,55,0,,,
55,44,True,0.694557,0.6946,none,,,False,,55,0,,,
55,57,True,0.431259,0.4313,none,,,False,,55,0,,,
55,37,True,0.247606,0.2476,none,,,False,,55,0,,,
55,14,True,0.78877,0.7888,none,,,False,,55,0,,,
55,53,True,0.877423,0.8774,none,,,False,,55,0,,,
55,46,True,0.54857,0.5486,none,,,False,,55,0,,,
55,36,True,0.482155,0.4822,none,,,False,,55,0,,,
55,17,True,0.549693,0.5497,none,,,False,,55,0,,,
55,79,True,0.646113,0.6461,none,,,False,,55,0,,,
55,61,True,0.227597,0.2276,none,,,False,,55,0,,,
55,83,True,0.47447,0.4745,none,,,False,,55,0,,,
55,54,True,0.331781,0.3318,none,,,False,,55,0,,,
55,2,True,0.44342,0.4434,none,,,False,,55,0,,,
55,75,True,0.244802,0.2448,none,,,False,,55,0,,,
55,16,True,0.575393,0.5754,none,,,False,,55,0,,,
55,94,True,0.350692,0.3507,none,,,False,,55,0,,,
55,77,True,0.460267,0.4603,none,,,False,,55,0,,,
55,1,True,0.357616,0.3576,none,,,False,,55,0,,,
55,42,True,0.186659,0.1867,none,,,False,,55,0,,,
55,71,True,0.510206,0.5102,none,,,False,,55,0,,,
55,81,True,0.441671,0.4417,none,,,False,,55,0,,,
56,90,True,0.652453,0.6525,none,,,False,,56,0,,,
56,40,True,1.075587,1.0756,none,,,False,,56,0,,,
56,54,True,0.244848,0.2448,none,,,False,,56,0,,,
56,34,True,0.348005,0.348,none,,,False,,56,0,,,
56,93,True,0.336711,0.3367,none,,,False,,56,0,,,
56,58,True,0.727761,0.7278,none,,,False,,56,0,,,
56,77,True,0.44281,0.4428,none,,,False,,56,0,,,
56,39,True,0.179065,0.1791,none,,,False,,56,0,,,
56,35,True,0.431132,0.4311,none,,,False,,56,0,,,
56,14,True,0.757943,0.7579,none,,,False,,56,0,,,
56,72,True,0.625089,0.6251,none,,,False,,56,0,,,
56,95,True,0.653889,0.6539,none,,,False,,56,0,,,
56,91,True,0.260866,0.2609,none,,,False,,56,0,,,
56,99,True,0.712604,0.7126,none,,,False,,56,0,,,
56,37,True,0.265393,0.2654,none,,,False,,56,0,,,
56,96,True,0.248148,0.2481,none,,,False,,56,0,,,
56,73,True,0.914215,0.9142,none,,,False,,56,0,,,
56,28,True,0.288486,0.2885,none,,,False,,56,0,,,
56,84,True,0.267604,0.2676,none,,,False,,56,0,,,
56,32,True,0.434144,0.4341,none,,,False,,56,0,,,
56,13,True,0.64469,0.6447,none,,,False,,56,0,,,
56,51,True,0.470855,0.4709,none,,,False,,56,0,,,
56,94,True,0.230892,0.2309,none,,,False,,56,0,,,
56,87,True,0.681142,0.6811,none,,,False,,56,0,,,
56,81,True,0.444413,0.4444,none,,,False,,56,0,,,
57,68,True,0.499852,0.4999,none,,,False,,57,0,,,
57,23,True,0.845386,0.8454,none,,,False,,57,0,,,
57,35,True,0.354394,0.3544,none,,,False,,57,0,,,
57,63,True,0.104619,0.1046,none,,,False,,57,0,,,
57,6,True,0.225891,0.2259,none,,,False,,57,0,,,
57,93,True,0.34897,0.349,none,,,False,,57,0,,,
57,2,True,0.39941,0.3994,none,,,False,,57,0,,,
57,17,True,0.520797,0.5208,none,,,False,,57,0,,,
57,90,True,0.466262,0.4663,none,,,False,,57,0,,,
57,45,True,0.729785,0.7298,none,,,False,,57,0,,,
57,49,True,0.481291,0.4813,none,,,False,,57,0,,,
57,39,True,0.329061,0.3291,none,,,False,,57,0,,,
57,43,True,0.666198,0.6662,none,,,False,,57,0,,,
57,27,True,0.333212,0.3332,none,,,False,,57,0,,,
57,76,True,0.54406,0.5441,none,,,False,,57,0,,,
57,53,True,0.610935,0.6109,none,,,False,,57,0,,,
57,80,True,0.381936,0.3819,none,,,False,,57,0,,,
57,95,True,0.618007,0.618,none,,,False,,57,0,,,
57,5,True,0.334655,0.3347,none,,,False,,57,0,,,
57,89,True,0.477981,0.478,none,,,False,,57,0,,,
57,25,True,0.844308,0.8443,none,,,False,,57,0,,,
57,57,True,0.676346,0.6763,none,,,False,,57,0,,,
57,81,True,0.319032,0.319,none,,,False,,57,0,,,
57,19,True,0.851728,0.8517,none,,,False,,57,0,,,
57,61,True,0.542054,0.5421,none,,,False,,57,0,,,
58,96,True,0.380411,0.3804,none,,,False,,58,0,,,
58,55,True,0.387856,0.3879,none,,,False,,58,0,,,
58,72,True,0.542631,0.5426,none,,,False,,58,0,,,
58,57,True,0.35017,0.3502,none,,,False,,58,0,,,
58,71,True,0.467138,0.4671,none,,,False,,58,0,,,
58,17,True,0.668122,0.6681,none,,,False,,58,0,,,
58,30,True,0.954466,0.9545,none,,,False,,58,0,,,
58,92,True,1.4003,1.4003,none,,,False,,58,0,,,
58,54,True,0.328714,0.3287,none,,,False,,58,0,,,
58,79,True,0.597926,0.5979,none,,,False,,58,0,,,
58,31,True,0.456847,0.4568,none,,,False,,58,0,,,
58,14,True,0.464799,0.4648,none,,,False,,58,0,,,
58,15,True,0.48645,0.4865,none,,,False,,58,0,,,
58,45,True,0.698449,0.6984,none,,,False,,58,0,,,
58,26,True,0.760905,0.7609,none,,,False,,58,0,,,
58,78,True,0.477325,0.4773,none,,,False,,58,0,,,
58,90,True,0.87607,0.8761,none,,,False,,58,0,,,
58,38,True,0.527893,0.5279,none,,,False,,58,0,,,
58,1,True,0.478216,0.4782,none,,,False,,58,0,,,
58,63,True,0.07624,0.0762,none,,,False,,58,0,,,
58,82,True,0.121504,0.1215,none,,,False,,58,0,,,
58,23,True,0.677272,0.6773,none,,,False,,58,0,,,
58,44,True,0.727035,0.727,none,,,False,,58,0,,,
58,37,True,0.188947,0.1889,none,,,False,,58,0,,,
58,53,True,0.671011,0.671,none,,,False,,58,0,,,
59,91,True,0.526286,0.5263,none,,,False,,59,0,,,
59,67,True,0.76607,0.7661,none,,,False,,59,0,,,
59,70,True,-0.012606,-0.0126,none,,,False,,59,0,,,
59,30,True,0.972314,0.9723,none,,,False,,59,0,,,
59,5,True,0.447261,0.4473,none,,,False,,59,0,,,
59,65,True,0.654692,0.6547,none,,,False,,59,0,,,
59,15,True,0.563381,0.5634,none,,,False,,59,0,,,
59,66,True,0.398113,0.3981,none,,,False,,59,0,,,
59,13,True,0.460033,0.46,none,,,False,,59,0,,,
59,39,True,0.482737,0.4827,none,,,False,,59,0,,,
59,50,True,0.624623,0.6246,none,,,False,,59,0,,,
59,37,True,0.157344,0.1573,none,,,False,,59,0,,,
59,63,True,0.400072,0.4001,none,,,False,,59,0,,,
59,55,True,0.18605,0.1861,none,,,False,,59,0,,,
59,20,True,0.883794,0.8838,none,,,False,,59,0,,,
59,44,True,0.859073,0.8591,none,,,False,,59,0,,,
59,22,True,0.744774,0.7448,none,,,False,,59,0,,,
59,89,True,0.342115,0.3421,none,,,False,,59,0,,,
59,72,True,0.439606,0.4396,none,,,False,,59,0,,,
59,2,True,0.682103,0.6821,none,,,False,,59,0,,,
59,82,True,0.655983,0.656,none,,,False,,59,0,,,
59,85,True,0.832727,0.8327,none,,,False,,59,0,,,
59,31,True,0.287915,0.2879,none,,,False,,59,0,,,
59,71,True,0.205388,0.2054,none,,,False,,59,0,,,
59,52,True,0.849628,0.8496,none,,,False,,59,0,,,
60,9,True,0.321755,0.3218,none,,,False,,60,0,,,
60,87,True,0.465947,0.4659,none,,,False,,60,0,,,
60,17,True,0.38484,0.3848,none,,,False,,60,0,,,
60,92,True,1.005823,1.0058,none,,,False,,60,0,,,
60,55,True,0.346665,0.3467,none,,,False,,60,0,,,
60,8,True,0.143331,0.1433,none,,,False,,60,0,,,
60,28,True,0.358015,0.358,none,,,False,,60,0,,,
60,56,True,0.575234,0.5752,none,,,False,,60,0,,,
60,83,True,0.63748,0.6375,none,,,False,,60,0,,,
60,20,True,0.63091,0.6309,none,,,False,,60,0,,,
60,57,True,0.836893,0.8369,none,,,False,,60,0,,,
60,89,True,0.329391,0.3294,none,,,False,,60,0,,,
60,82,True,0.620926,0.6209,none,,,False,,60,0,,,
60,41,True,0.935187,0.9352,none,,,False,,60,0,,,
60,45,True,0.760585,0.7606,none,,,False,,60,0,,,
60,11,True,1.174415,1.1744,none,,,False,,60,0,,,
60,4,True,0.366159,0.3662,none,,,False,,60,0,,,
60,61,True,0.556552,0.5566,none,,,False,,60,0,,,
60,31,True,0.329884,0.3299,none,,,False,,60,0,,,
60,64,True,1.08339,1.0834,none,,,False,,60,0,,,
60,52,True,0.647986,0.648,none,,,False,,60,0,,,
60,0,True,0.576281,0.5763,none,,,False,,60,0,,,
60,13,True,0.499624,0.4996,none,,,False,,60,0,,,
60,65,True,0.579531,0.5795,none,,,False,,60,0,,,
60,12,True,0.701932,0.7019,none,,,False,,60,0,,,
61,76,True,0.391714,0.3917,none,,,False,,61,0,,,
61,90,True,0.756362,0.7564,none,,,False,,61,0,,,
61,34,True,0.253484,0.2535,none,,,False,,61,0,,,
61,44,True,0.629949,0.6299,none,,,False,,61,0,,,
61,89,True,0.466481,0.4665,none,,,False,,61,0,,,
61,68,True,0.267564,0.2676,none,,,False,,61,0,,,
61,83,True,0.352582,0.3526,none,,,False,,61,0,,,
61,49,True,0.123727,0.1237,none,,,False,,61,0,,,
61,79,True,0.690022,0.69,none,,,False,,61,0,,,
61,85,True,0.584134,0.5841,none,,,False,,61,0,,,
61,18,True,0.445293,0.4453,none,,,False,,61,0,,,
61,51,True,0.348112,0.3481,none,,,False,,61,0,,,
61,96,True,0.35745,0.3575,none,,,False,,61,0,,,
61,17,True,0.483034,0.483,none,,,False,,61,0,,,
61,74,True,0.404215,0.4042,none,,,False,,61,0,,,
61,24,True,0.309183,0.3092,none,,,False,,61,0,,,
61,7,True,0.349246,0.3492,none,,,False,,61,0,,,
61,91,True,0.385395,0.3854,none,,,False,,61,0,,,
61,62,True,0.70397,0.704,none,,,False,,61,0,,,
61,39,True,0.400426,0.4004,none,,,False,,61,0,,,
61,26,True,0.59905,0.599,none,,,False,,61,0,,,
61,98,True,0.37363,0.3736,none,,,False,,61,0,,,
61,4,True,0.128226,0.1282,none,,,False,,61,0,,,
61,55,True,0.319402,0.3194,none,,,False,,61,0,,,
61,81,True,0.406444,0.4064,none,,,False,,61,0,,,
62,20,True,0.665604,0.6656,none,,,False,,62,0,,,
62,92,True,1.100339,1.1003,none,,,False,,62,0,,,
62,81,True,0.501433,0.5014,none,,,False,,62,0,,,
62,76,True,-1.043449,-1.0434,none,,,False,,62,0,,,
62,98,True,0.436027,0.436,none,,,False,,62,0,,,
62,55,True,0.257875,0.2579,none,,,False,,62,0,,,
62,56,True,0.436757,0.4368,none,,,False,,62,0,,,
62,74,True,0.131734,0.1317,none,,,False,,62,0,,,
62,28,True,0.200936,0.2009,none,,,False,,62,0,,,
62,13,True,0.486951,0.487,none,,,False,,62,0,,,
62,59,True,0.95412,0.9541,none,,,False,,62,0,,,
62,87,True,0.396667,0.3967,none,,,False,,62,0,,,
62,11,True,1.258075,1.2581,none,,,False,,62,0,,,
62,72,True,0.476244,0.4762,none,,,False,,62,0,,,
62,29,True,0.696467,0.6965,none,,,False,,62,0,,,
62,1,True,0.326751,0.3268,none,,,False,,62,0,,,
62,67,True,0.478642,0.4786,none,,,False,,62,0,,,
62,0,True,0.606257,0.6063,none,,,False,,62,0,,,
62,61,True,0.493894,0.4939,none,,,False,,62,0,,,
62,19,True,0.64212,0.6421,none,,,False,,62,0,,,
62,38,True,0.653567,0.6536,none,,,False,,62,0,,,
62,49,True,0.329537,0.3295,none,,,False,,62,0,,,
62,89,True,0.349833,0.3498,none,,,False,,62,0,,,
62,2,True,0.60103,0.601,none,,,False,,62,0,,,
62,41,True,0.822885,0.8229,none,,,False,,62,0,,,
63,61,True,0.428685,0.4287,none,,,False,,63,0,,,
63,28,True,0.350245,0.3502,none,,,False,,63,0,,,
63,71,True,0.373184,0.3732,none,,,False,,63,0,,,
63,11,True,0.952921,0.9529,none,,,False,,63,0,,,
63,47,True,0.429163,0.4292,none,,,False,,63,0,,,
63,14,True,0.580465,0.5805,none,,,False,,63,0,,,
63,84,True,0.334275,0.3343,none,,,False,,63,0,,,
63,58,True,0.271807,0.2718,none,,,False,,63,0,,,
63,4,True,0.213851,0.2139,none,,,False,,63,0,,,
63,27,True,0.287625,0.2876,none,,,False,,63,0,,,
63,92,True,0.87851,0.8785,none,,,False,,63,0,,,
63,34,True,0.327115,0.3271,none,,,False,,63,0,,,
63,98,True,0.384912,0.3849,none,,,False,,63,0,,,
63,89,True,0.342123,0.3421,none,,,False,,63,0,,,
63,19,True,0.844407,0.8444,none,,,False,,63,0,,,
63,26,True,0.45234,0.4523,none,,,False,,63,0,,,
63,20,True,0.759308,0.7593,none,,,False,,63,0,,,
63,38,True,0.637127,0.6371,none,,,False,,63,0,,,
63,86,True,0.580041,0.58,none,,,False,,63,0,,,
63,39,True,0.348092,0.3481,none,,,False,,63,0,,,
63,96,True,0.27013,0.2701,none,,,False,,63,0,,,
63,22,True,0.565479,0.5655,none,,,False,,63,0,,,
63,60,True,0.689616,0.6896,none,,,False,,63,0,,,
63,5,True,0.451572,0.4516,none,,,False,,63,0,,,
63,3,True,0.351524,0.3515,none,,,False,,63,0,,,
64,65,True,0.634956,0.635,none,,,False,,64,0,,,
64,74,True,0.346066,0.3461,none,,,False,,64,0,,,
64,3,True,0.227132,0.2271,none,,,False,,64,0,,,
64,9,True,0.409288,0.4093,none,,,False,,64,0,,,
64,96,True,0.344715,0.3447,none,,,False,,64,0,,,
64,0,True,0.864701,0.8647,none,,,False,,64,0,,,
64,45,True,0.713607,0.7136,none,,,False,,64,0,,,
64,27,True,0.294437,0.2944,none,,,False,,64,0,,,
64,13,True,0.575978,0.576,none,,,False,,64,0,,,
64,35,True,0.583935,0.5839,none,,,False,,64,0,,,
64,54,True,0.138424,0.1384,none,,,False,,64,0,,,
64,55,True,0.378687,0.3787,none,,,False,,64,0,,,
64,52,True,0.666852,0.6669,none,,,False,,64,0,,,
64,76,True,0.269143,0.2691,none,,,False,,64,0,,,
64,10,True,0.756394,0.7564,none,,,False,,64,0,,,
64,94,True,0.270715,0.2707,none,,,False,,64,0,,,
64,7,True,0.330053,0.3301,none,,,False,,64,0,,,
64,85,True,0.832583,0.8326,none,,,False,,64,0,,,
64,30,True,1.052505,1.0525,none,,,False,,64,0,,,
64,19,True,0.593735,0.5937,none,,,False,,64,0,,,
64,92,True,1.125849,1.1258,none,,,False,,64,0,,,
64,23,True,0.763092,0.7631,none,,,False,,64,0,,,
64,93,True,0.396432,0.3964,none,,,False,,64,0,,,
64,15,True,0.424195,0.4242,none,,,False,,64,0,,,
64,21,True,0.415338,0.4153,none,,,False,,64,0,,,
65,27,True,0.231777,0.2318,none,,,False,,65,0,,,
65,81,True,0.320663,0.3207,none,,,False,,65,0,,,
65,44,True,0.75313,0.7531,none,,,False,,65,0,,,
65,11,True,0.858278,0.8583,none,,,False,,65,0,,,
65,97,True,1.159988,1.16,none,,,False,,65,0,,,
65,80,True,0.399852,0.3999,none,,,False,,65,0,,,
65,1,True,0.529954,0.53,none,,,False,,65,0,,,
65,59,True,0.655401,0.6554,none,,,False,,65,0,,,
65,38,True,0.61289,0.6129,none,,,False,,65,0,,,
65,37,True,0.186046,0.186,none,,,False,,65,0,,,
65,61,True,0.505769,0.5058,none,,,False,,65,0,,,
65,76,True,0.598723,0.5987,none,,,False,,65,0,,,
65,63,True,0.282371,0.2824,none,,,False,,65,0,,,
65,87,True,0.315969,0.316,none,,,False,,65,0,,,
65,12,True,0.652966,0.653,none,,,False,,65,0,,,
65,15,True,0.486349,0.4863,none,,,False,,65,0,,,
65,50,True,0.605284,0.6053,none,,,False,,65,0,,,
65,0,True,0.600346,0.6003,none,,,False,,65,0,,,
65,26,True,0.68393,0.6839,none,,,False,,65,0,,,
65,7,True,0.349118,0.3491,none,,,False,,65,0,,,
65,53,True,0.63116,0.6312,none,,,False,,65,0,,,
65,82,True,0.699215,0.6992,none,,,False,,65,0,,,
65,64,True,0.631102,0.6311,none,,,False,,65,0,,,
65,98,True,0.35957,0.3596,none,,,False,,65,0,,,
65,54,True,0.405692,0.4057,none,,,False,,65,0,,,
66,65,True,0.725511,0.7255,none,,,False,,66,0,,,
66,3,True,0.213472,0.2135,none,,,False,,66,0,,,
66,20,True,0.728918,0.7289,none,,,False,,66,0,,,
66,15,True,0.520168,0.5202,none,,,False,,66,0,,,
66,73,True,0.908947,0.9089,none,,,False,,66,0,,,
66,12,True,0.615421,0.6154,none,,,False,,66,0,,,
66,10,True,0.523474,0.5235,none,,,False,,66,0,,,
66,21,True,0.427229,0.4272,none,,,False,,66,0,,,
66,79,True,0.855102,0.8551,none,,,False,,66,0,,,
66,48,True,0.347333,0.3473,none,,,False,,66,0,,,
66,29,True,1.051481,1.0515,none,,,False,,66,0,,,
66,82,True,0.616395,0.6164,none,,,False,,66,0,,,
66,37,True,0.31128,0.3113,none,,,False,,66,0,,,
66,70,True,0.174305,0.1743,none,,,False,,66,0,,,
66,94,True,0.494844,0.4948,none,,,False,,66,0,,,
66,39,True,0.41997,0.42,none,,,False,,66,0,,,
66,33,True,0.788911,0.7889,none,,,False,,66,0,,,
66,11,True,0.733299,0.7333,none,,,False,,66,0,,,
66,43,True,0.902785,0.9028,none,,,False,,66,0,,,
66,57,True,0.427057,0.4271,none,,,False,,66,0,,,
66,8,True,0.286182,0.2862,none,,,False,,66,0,,,
66,46,True,0.817815,0.8178,none,,,False,,66,0,,,
66,30,True,1.126488,1.1265,none,,,False,,66,0,,,
66,67,True,0.85264,0.8526,none,,,False,,66,0,,,
66,71,True,0.309037,0.309,none,,,False,,66,0,,,
67,90,True,0.777352,0.7774,none,,,False,,67,0,,,
67,92,True,1.417857,1.4179,none,,,False,,67,0,,,
67,86,True,0.650261,0.6503,none,,,False,,67,0,,,
67,42,True,0.179479,0.1795,none,,,False,,67,0,,,
67,55,True,0.400016,0.4,none,,,False,,67,0,,,
67,14,True,0.813557,0.8136,none,,,False,,67,0,,,
67,48,True,0.56404,0.564,none,,,False,,67,0,,,
67,50,True,0.8429,0.8429,none,,,False,,67,0,,,
67,18,True,1.098579,1.0986,none,,,False,,67,0,,,
67,36,True,0.352478,0.3525,none,,,False,,67,0,,,
67,26,True,0.930289,0.9303,none,,,False,,67,0,,,
67,88,True,0.528942,0.5289,none,,,False,,67,0,,,
67,20,True,1.038317,1.0383,none,,,False,,67,0,,,
67,98,True,0.328869,0.3289,none,,,False,,67,0,,,
67,75,True,0.18316,0.1832,none,,,False,,67,0,,,
67,58,True,0.829689,0.8297,none,,,False,,67,0,,,
67,97,True,1.002805,1.0028,none,,,False,,67,0,,,
67,15,True,0.398046,0.398,none,,,False,,67,0,,,
67,79,True,0.344549,0.3445,none,,,False,,67,0,,,
67,13,True,0.865478,0.8655,none,,,False,,67,0,,,
67,68,True,0.48387,0.4839,none,,,False,,67,0,,,
67,23,True,0.773405,0.7734,none,,,False,,67,0,,,
67,62,True,0.748749,0.7487,none,,,False,,67,0,,,
67,96,True,0.320235,0.3202,none,,,False,,67,0,,,
67,57,True,0.460148,0.4601,none,,,False,,67,0,,,
68,69,True,0.58189,0.5819,none,,,False,,68,0,,,
68,48,True,0.14783,0.1478,none,,,False,,68,0,,,
68,4,True,0.530082,0.5301,none,,,False,,68,0,,,
68,51,True,0.528852,0.5289,none,,,False,,68,0,,,
68,81,True,0.421523,0.4215,none,,,False,,68,0,,,
68,24,True,0.621823,0.6218,none,,,False,,68,0,,,
68,75,True,0.18813,0.1881,none,,,False,,68,0,,,
68,73,True,0.839389,0.8394,none,,,False,,68,0,,,
68,37,True,0.141726,0.1417,none,,,False,,68,0,,,
68,25,True,0.875472,0.8755,none,,,False,,68,0,,,
68,82,True,0.769942,0.7699,none,,,False,,68,0,,,
68,10,True,0.557323,0.5573,none,,,False,,68,0,,,
68,77,True,0.464678,0.4647,none,,,False,,68,0,,,
68,86,True,0.50921,0.5092,none,,,False,,68,0,,,
68,44,True,0.610816,0.6108,none,,,False,,68,0,,,
68,71,True,0.29063,0.2906,none,,,False,,68,0,,,
68,43,True,1.025863,1.0259,none,,,False,,68,0,,,
68,90,True,0.668426,0.6684,none,,,False,,68,0,,,
68,94,True,0.801158,0.8012,none,,,False,,68,0,,,
68,80,True,0.476771,0.4768,none,,,False,,68,0,,,
68,27,True,0.274804,0.2748,none,,,False,,68,0,,,
68,19,True,1.228024,1.228,none,,,False,,68,0,,,
68,11,True,0.884076,0.8841,none,,,False,,68,0,,,
68,23,True,0.480603,0.4806,none,,,False,,68,0,,,
68,3,True,0.570194,0.5702,none,,,False,,68,0,,,
69,51,True,0.369645,0.3696,none,,,False,,69,0,,,
69,33,True,0.689709,0.6897,none,,,False,,69,0,,,
69,57,True,0.383167,0.3832,none,,,False,,69,0,,,
69,67,True,0.607004,0.607,none,,,False,,69,0,,,
69,92,True,1.596354,1.5964,none,,,False,,69,0,,,
69,9,True,0.584088,0.5841,none,,,False,,69,0,,,
69,69,True,0.451532,0.4515,none,,,False,,69,0,,,
69,0,True,1.112742,1.1127,none,,,False,,69,0,,,
69,76,True,0.443729,0.4437,none,,,False,,69,0,,,
69,85,True,1.172048,1.172,none,,,False,,69,0,,,
69,1,True,0.549724,0.5497,none,,,False,,69,0,,,
69,78,True,0.649021,0.649,none,,,False,,69,0,,,
69,60,True,0.911872,0.9119,none,,,False,,69,0,,,
69,19,True,0.499951,0.5,none,,,False,,69,0,,,
69,62,True,0.671995,0.672,none,,,False,,69,0,,,
69,47,True,0.361772,0.3618,none,,,False,,69,0,,,
69,81,True,0.388365,0.3884,none,,,False,,69,0,,,
69,58,True,0.530954,0.531,none,,,False,,69,0,,,
69,44,True,0.634077,0.6341,none,,,False,,69,0,,,
69,75,True,0.31981,0.3198,none,,,False,,69,0,,,
69,14,True,0.79847,0.7985,none,,,False,,69,0,,,
69,52,True,0.524933,0.5249,none,,,False,,69,0,,,
69,38,True,0.721998,0.722,none,,,False,,69,0,,,
69,40,True,1.046749,1.0467,none,,,False,,69,0,,,
69,87,True,0.760081,0.7601,none,,,False,,69,0,,,
70,9,True,0.302958,0.303,none,,,False,,70,0,,,
70,63,True,0.449291,0.4493,none,,,False,,70,0,,,
70,4,True,0.402975,0.403,none,,,False,,70,0,,,
70,7,True,0.092062,0.0921,none,,,False,,70,0,,,
70,99,True,0.461398,0.4614,none,,,False,,70,0,,,
70,42,True,0.296754,0.2968,none,,,False,,70,0,,,
70,73,True,1.189524,1.1895,none,,,False,,70,0,,,
70,86,True,0.521066,0.5211,none,,,False,,70,0,,,
70,15,True,0.594104,0.5941,none,,,False,,70,0,,,
70,35,True,0.592086,0.5921,none,,,False,,70,0,,,
70,94,True,0.536093,0.5361,none,,,False,,70,0,,,
70,56,True,0.41448,0.4145,none,,,False,,70,0,,,
70,54,True,0.509306,0.5093,none,,,False,,70,0,,,
70,70,True,0.437179,0.4372,none,,,False,,70,0,,,
70,24,True,0.454628,0.4546,none,,,False,,70,0,,,
70,90,True,0.361087,0.3611,none,,,False,,70,0,,,
70,98,True,0.359547,0.3595,none,,,False,,70,0,,,
70,39,True,0.390982,0.391,none,,,False,,70,0,,,
70,87,True,0.490304,0.4903,none,,,False,,70,0,,,
70,49,True,0.461129,0.4611,none,,,False,,70,0,,,
70,79,True,0.351914,0.3519,none,,,False,,70,0,,,
70,59,True,1.059863,1.0599,none,,,False,,70,0,,,
70,30,True,0.900579,0.9006,none,,,False,,70,0,,,
70,29,True,0.652419,0.6524,none,,,False,,70,0,,,
70,89,True,0.396616,0.3966,none,,,False,,70,0,,,
71,77,True,0.432486,0.4325,none,,,False,,71,0,,,
71,20,True,0.529862,0.5299,none,,,False,,71,0,,,
71,89,True,0.329208,0.3292,none,,,False,,71,0,,,
71,84,True,0.387498,0.3875,none,,,False,,71,0,,,
71,10,True,0.69699,0.697,none,,,False,,71,0,,,
71,90,True,0.677465,0.6775,none,,,False,,71,0,,,
71,25,True,0.760001,0.76,none,,,False,,71,0,,,
71,3,True,0.405994,0.406,none,,,False,,71,0,,,
71,87,True,0.410413,0.4104,none,,,False,,71,0,,,
71,28,True,0.156935,0.1569,none,,,False,,71,0,,,
71,36,True,0.214403,0.2144,none,,,False,,71,0,,,
71,81,True,0.422061,0.4221,none,,,False,,71,0,,,
71,58,True,0.533854,0.5339,none,,,False,,71,0,,,
71,27,True,0.336723,0.3367,none,,,False,,71,0,,,
71,42,True,0.197391,0.1974,none,,,False,,71,0,,,
71,0,True,0.676936,0.6769,none,,,False,,71,0,,,
71,16,True,0.575528,0.5755,none,,,False,,71,0,,,
71,76,True,0.48326,0.4833,none,,,False,,71,0,,,
71,45,True,0.800166,0.8002,none,,,False,,71,0,,,
71,5,True,0.382493,0.3825,none,,,False,,71,0,,,
71,41,True,0.763191,0.7632,none,,,False,,71,0,,,
71,29,True,0.927682,0.9277,none,,,False,,71,0,,,
71,67,True,0.476323,0.4763,none,,,False,,71,0,,,
71,70,True,0.232742,0.2327,none,,,False,,71,0,,,
71,11,True,0.995673,0.9957,none,,,False,,71,0,,,
72,84,True,0.343736,0.3437,none,,,False,,72,0,,,
72,37,True,0.196751,0.1968,none,,,False,,72,0,,,
72,17,True,0.547255,0.5473,none,,,False,,72,0,,,
72,49,True,0.381086,0.3811,none,,,False,,72,0,,,
72,94,True,0.358558,0.3586,none,,,False,,72,0,,,
72,83,True,0.393141,0.3931,none,,,False,,72,0,,,
72,93,True,0.436709,0.4367,none,,,False,,72,0,,,
72,59,True,0.785952,0.786,none,,,False,,72,0,,,
72,92,True,1.079798,1.0798,none,,,False,,72,0,,,
72,96,True,0.28178,0.2818,none,,,False,,72,0,,,
72,81,True,0.374565,0.3746,none,,,False,,72,0,,,
72,61,True,0.436436,0.4364,none,,,False,,72,0,,,
72,91,True,0.359216,0.3592,none,,,False,,72,0,,,
72,29,True,0.962108,0.9621,none,,,False,,72,0,,,
72,99,True,0.530949,0.5309,none,,,False,,72,0,,,
72,33,True,0.710908,0.7109,none,,,False,,72,0,,,
72,1,True,0.505768,0.5058,none,,,False,,72,0,,,
72,41,True,0.827954,0.828,none,,,False,,72,0,,,
72,11,True,0.902154,0.9022,none,,,False,,72,0,,,
72,67,True,0.681598,0.6816,none,,,False,,72,0,,,
72,66,True,0.579451,0.5795,none,,,False,,72,0,,,
72,70,True,0.306349,0.3063,none,,,False,,72,0,,,
72,51,True,0.36244,0.3624,none,,,False,,72,0,,,
72,2,True,0.545091,0.5451,none,,,False,,72,0,,,
72,7,True,0.39353,0.3935,none,,,False,,72,0,,,
73,65,True,0.737832,0.7378,none,,,False,,73,0,,,
73,11,True,0.637009,0.637,none,,,False,,73,0,,,
73,93,True,0.410349,0.4103,none,,,False,,73,0,,,
73,79,True,0.499546,0.4995,none,,,False,,73,0,,,
73,13,True,0.582047,0.582,none,,,False,,73,0,,,
73,53,True,0.890908,0.8909,none,,,False,,73,0,,,
73,12,True,0.873149,0.8731,none,,,False,,73,0,,,
73,89,True,0.340856,0.3409,none,,,False,,73,0,,,
73,15,True,0.592341,0.5923,none,,,False,,73,0,,,
73,14,True,0.73844,0.7384,none,,,False,,73,0,,,
73,10,True,0.668882,0.6689,none,,,False,,73,0,,,
73,7,True,0.210167,0.2102,none,,,False,,73,0,,,
73,30,True,1.022128,1.0221,none,,,False,,73,0,,,
73,72,True,0.464576,0.4646,none,,,False,,73,0,,,
73,3,True,0.551496,0.5515,none,,,False,,73,0,,,
73,36,True,0.344366,0.3444,none,,,False,,73,0,,,
73,57,True,0.53995,0.5399,none,,,False,,73,0,,,
73,43,True,0.78288,0.7829,none,,,False,,73,0,,,
73,95,True,0.686286,0.6863,none,,,False,,73,0,,,
73,19,True,0.718105,0.7181,none,,,False,,73,0,,,
73,83,True,0.531347,0.5313,none,,,False,,73,0,,,
73,1,True,0.584621,0.5846,none,,,False,,73,0,,,
73,91,True,0.406186,0.4062,none,,,False,,73,0,,,
73,76,True,0.1542,0.1542,none,,,False,,73,0,,,
73,50,True,0.736483,0.7365,none,,,False,,73,0,,,
74,1,True,0.40504,0.405,none,,,False,,74,0,,,
74,48,True,0.693905,0.6939,none,,,False,,74,0,,,
74,62,True,0.534773,0.5348,none,,,False,,74,0,,,
74,51,True,0.420847,0.4208,none,,,False,,74,0,,,
74,75,True,0.226157,0.2262,none,,,False,,74,0,,,
74,89,True,0.586868,0.5869,none,,,False,,74,0,,,
74,20,True,0.85457,0.8546,none,,,False,,74,0,,,
74,32,True,0.613859,0.6139,none,,,False,,74,0,,,
74,35,True,0.40321,0.4032,none,,,False,,74,0,,,
74,70,True,0.523656,0.5237,none,,,False,,74,0,,,
74,86,True,0.735592,0.7356,none,,,False,,74,0,,,
74,54,True,0.441271,0.4413,none,,,False,,74,0,,,
74,49,True,0.405303,0.4053,none,,,False,,74,0,,,
74,5,True,0.366015,0.366,none,,,False,,74,0,,,
74,43,True,0.611819,0.6118,none,,,False,,74,0,,,
74,72,True,0.506543,0.5065,none,,,False,,74,0,,,
74,12,True,0.425398,0.4254,none,,,False,,74,0,,,
74,0,True,0.783434,0.7834,none,,,False,,74,0,,,
74,6,True,0.396176,0.3962,none,,,False,,74,0,,,
74,68,True,0.360938,0.3609,none,,,False,,74,0,,,
74,71,True,0.50156,0.5016,none,,,False,,74,0,,,
74,10,True,0.791695,0.7917,none,,,False,,74,0,,,
74,7,True,0.377833,0.3778,none,,,False,,74,0,,,
74,58,True,0.763357,0.7634,none,,,False,,74,0,,,
74,17,True,0.659867,0.6599,none,,,False,,74,0,,,
75,37,True,0.178242,0.1782,none,,,False,,75,0,,,
75,58,True,0.457549,0.4575,none,,,False,,75,0,,,
75,79,True,0.485089,0.4851,none,,,False,,75,0,,,
75,49,True,0.272265,0.2723,none,,,False,,75,0,,,
75,41,True,0.68005,0.6801,none,,,False,,75,0,,,
75,97,True,1.379376,1.3794,none,,,False,,75,0,,,
75,76,True,0.380692,0.3807,none,,,False,,75,0,,,
75,61,True,0.433971,0.434,none,,,False,,75,0,,,
75,66,True,0.474251,0.4743,none,,,False,,75,0,,,
75,65,True,0.657479,0.6575,none,,,False,,75,0,,,
75,42,True,0.200269,0.2003,none,,,False,,75,0,,,
75,55,True,-0.028603,-0.0286,none,,,False,,75,0,,,
75,89,True,0.191046,0.191,none,,,False,,75,0,,,
75,99,True,0.358943,0.3589,none,,,False,,75,0,,,
75,32,True,0.16241,0.1624,none,,,False,,75,0,,,
75,51,True,0.42681,0.4268,none,,,False,,75,0,,,
75,83,True,0.426553,0.4266,none,,,False,,75,0,,,
75,69,True,0.433821,0.4338,none,,,False,,75,0,,,
75,11,True,0.997366,0.9974,none,,,False,,75,0,,,
75,47,True,0.39767,0.3977,none,,,False,,75,0,,,
75,33,True,0.689164,0.6892,none,,,False,,75,0,,,
75,78,True,0.169319,0.1693,none,,,False,,75,0,,,
75,14,True,0.680759,0.6808,none,,,False,,75,0,,,
75,24,True,0.479895,0.4799,none,,,False,,75,0,,,
75,3,True,0.456223,0.4562,none,,,False,,75,0,,,
76,72,True,0.55086,0.5509,none,,,False,,76,0,,,
76,39,True,0.172609,0.1726,none,,,False,,76,0,,,
76,17,True,0.527884,0.5279,none,,,False,,76,0,,,
76,49,True,0.215973,0.216,none,,,False,,76,0,,,
76,88,True,0.360762,0.3608,none,,,False,,76,0,,,
76,71,True,0.428983,0.429,none,,,False,,76,0,,,
76,0,True,0.73953,0.7395,none,,,False,,76,0,,,
76,86,True,0.697645,0.6976,none,,,False,,76,0,,,
76,61,True,0.270357,0.2704,none,,,False,,76,0,,,
76,73,True,1.014831,1.0148,none,,,False,,76,0,,,
76,63,True,0.243963,0.244,none,,,False,,76,0,,,
76,5,True,0.43228,0.4323,none,,,False,,76,0,,,
76,13,True,0.851645,0.8516,none,,,False,,76,0,,,
76,82,True,0.42286,0.4229,none,,,False,,76,0,,,
76,16,True,0.611083,0.6111,none,,,False,,76,0,,,
76,62,True,0.890976,0.891,none,,,False,,76,0,,,
76,52,True,0.735325,0.7353,none,,,False,,76,0,,,
76,56,True,0.445735,0.4457,none,,,False,,76,0,,,
76,92,True,0.895807,0.8958,none,,,False,,76,0,,,
76,53,True,0.988071,0.9881,none,,,False,,76,0,,,
76,80,True,0.702025,0.702,none,,,False,,76,0,,,
76,45,True,0.759841,0.7598,none,,,False,,76,0,,,
76,81,True,0.526674,0.5267,none,,,False,,76,0,,,
76,66,True,0.566869,0.5669,none,,,False,,76,0,,,
76,74,True,0.447069,0.4471,none,,,False,,76,0,,,
77,9,True,0.392235,0.3922,none,,,False,,77,0,,,
77,79,True,0.51759,0.5176,none,,,False,,77,0,,,
77,86,True,0.468164,0.4682,none,,,False,,77,0,,,
77,89,True,0.266771,0.2668,none,,,False,,77,0,,,
77,99,True,0.450856,0.4509,none,,,False,,77,0,,,
77,44,True,0.730792,0.7308,none,,,False,,77,0,,,
77,5,True,0.382068,0.3821,none,,,False,,77,0,,,
77,11,True,0.952831,0.9528,none,,,False,,77,0,,,
77,18,True,0.889656,0.8897,none,,,False,,77,0,,,
77,83,True,0.519766,0.5198,none,,,False,,77,0,,,
77,58,True,0.562922,0.5629,none,,,False,,77,0,,,
77,3,True,0.510946,0.5109,none,,,False,,77,0,,,
77,70,True,0.29605,0.296,none,,,False,,77,0,,,
77,84,True,0.561726,0.5617,none,,,False,,77,0,,,
77,2,True,0.529315,0.5293,none,,,False,,77,0,,,
77,93,True,0.357563,0.3576,none,,,False,,77,0,,,
77,78,True,0.343982,0.344,none,,,False,,77,0,,,
77,30,True,0.866804,0.8668,none,,,False,,77,0,,,
77,76,True,0.708858,0.7089,none,,,False,,77,0,,,
77,22,True,0.790445,0.7904,none,,,False,,77,0,,,
77,0,True,0.541461,0.5415,none,,,False,,77,0,,,
77,27,True,0.395391,0.3954,none,,,False,,77,0,,,
77,19,True,1.02795,1.028,none,,,False,,77,0,,,
77,72,True,0.513087,0.5131,none,,,False,,77,0,,,
77,1,True,0.628512,0.6285,none,,,False,,77,0,,,
78,87,True,0.557013,0.557,none,,,False,,78,0,,,
78,94,True,0.214103,0.2141,none,,,False,,78,0,,,
78,65,True,0.669787,0.6698,none,,,False,,78,0,,,
78,53,True,0.935368,0.9354,none,,,False,,78,0,,,
78,96,True,0.386811,0.3868,none,,,False,,78,0,,,
78,2,True,0.405186,0.4052,none,,,False,,78,0,,,
78,71,True,0.540991,0.541,none,,,False,,78,0,,,
78,83,True,0.316628,0.3166,none,,,False,,78,0,,,
78,43,True,0.672184,0.6722,none,,,False,,78,0,,,
78,77,True,0.612971,0.613,none,,,False,,78,0,,,
78,22,True,0.386246,0.3862,none,,,False,,78,0,,,
78,51,True,0.35993,0.3599,none,,,False,,78,0,,,
78,12,True,0.796332,0.7963,none,,,False,,78,0,,,
78,73,True,1.032967,1.033,none,,,False,,78,0,,,
78,13,True,0.568519,0.5685,none,,,False,,78,0,,,
78,55,True,0.406706,0.4067,none,,,False,,78,0,,,
78,5,True,0.426969,0.427,none,,,False,,78,0,,,
78,49,True,0.298017,0.298,none,,,False,,78,0,,,
78,6,True,0.297507,0.2975,none,,,False,,78,0,,,
78,15,True,0.596532,0.5965,none,,,False,,78,0,,,
78,92,True,1.056262,1.0563,none,,,False,,78,0,,,
78,16,True,0.517831,0.5178,none,,,False,,78,0,,,
78,88,True,0.419689,0.4197,none,,,False,,78,0,,,
78,19,True,0.551218,0.5512,none,,,False,,78,0,,,
78,75,True,0.28427,0.2843,none,,,False,,78,0,,,
79,90,True,0.780525,0.7805,none,,,False,,79,0,,,
79,26,True,0.706539,0.7065,none,,,False,,79,0,,,
79,49,True,0.078587,0.0786,none,,,False,,79,0,,,
79,54,True,0.273341,0.2733,none,,,False,,79,0,,,
79,33,True,0.698544,0.6985,none,,,False,,79,0,,,
79,82,True,0.558707,0.5587,none,,,False,,79,0,,,
79,75,True,0.234061,0.2341,none,,,False,,79,0,,,
79,4,True,0.515039,0.515,none,,,False,,79,0,,,
79,99,True,0.496458,0.4965,none,,,False,,79,0,,,
79,17,True,0.388672,0.3887,none,,,False,,79,0,,,
79,32,True,0.428954,0.429,none,,,False,,79,0,,,
79,11,True,0.907131,0.9071,none,,,False,,79,0,,,
79,25,True,0.817931,0.8179,none,,,False,,79,0,,,
79,97,True,1.350778,1.3508,none,,,False,,79,0,,,
79,41,True,0.755929,0.7559,none,,,False,,79,0,,,
79,78,True,0.433143,0.4331,none,,,False,,79,0,,,
79,2,True,0.557107,0.5571,none,,,False,,79,0,,,
79,85,True,0.571365,0.5714,none,,,False,,79,0,,,
79,52,True,0.737811,0.7378,none,,,False,,79,0,,,
79,74,True,0.576667,0.5767,none,,,False,,79,0,,,
79,51,True,0.44439,0.4444,none,,,False,,79,0,,,
79,89,True,0.452057,0.4521,none,,,False,,79,0,,,
79,10,True,0.71189,0.7119,none,,,False,,79,0,,,
79,87,True,0.433441,0.4334,none,,,False,,79,0,,,
79,92,True,0.924946,0.9249,none,,,False,,79,0,,,
80,66,True,0.528031,0.528,none,,,False,,80,0,,,
80,48,True,0.491098,0.4911,none,,,False,,80,0,,,
80,83,True,0.441518,0.4415,none,,,False,,80,0,,,
80,54,True,0.444395,0.4444,none,,,False,,80,0,,,
80,22,True,0.681773,0.6818,none,,,False,,80,0,,,
80,16,True,0.597224,0.5972,none,,,False,,80,0,,,
80,87,True,0.769431,0.7694,none,,,False,,80,0,,,
80,47,True,0.214622,0.2146,none,,,False,,80,0,,,
80,24,True,0.525336,0.5253,none,,,False,,80,0,,,
80,67,True,0.693294,0.6933,none,,,False,,80,0,,,
80,18,True,0.659182,0.6592,none,,,False,,80,0,,,
80,27,True,0.3694,0.3694,none,,,False,,80,0,,,
80,21,True,0.630946,0.6309,none,,,False,,80,0,,,
80,4,True,0.166714,0.1667,none,,,False,,80,0,,,
80,61,True,0.225287,0.2253,none,,,False,,80,0,,,
80,64,True,0.736811,0.7368,none,,,False,,80,0,,,
80,76,True,0.207759,0.2078,none,,,False,,80,0,,,
80,3,True,0.317577,0.3176,none,,,False,,80,0,,,
80,1,True,0.672577,0.6726,none,,,False,,80,0,,,
80,7,True,0.172583,0.1726,none,,,False,,80,0,,,
80,79,True,0.637834,0.6378,none,,,False,,80,0,,,
80,82,True,0.687647,0.6876,none,,,False,,80,0,,,
80,99,True,0.298384,0.2984,none,,,False,,80,0,,,
80,15,True,0.759256,0.7593,none,,,False,,80,0,,,
80,75,True,0.323806,0.3238,none,,,False,,80,0,,,
81,51,True,0.254292,0.2543,none,,,False,,81,0,,,
81,25,True,0.814635,0.8146,none,,,False,,81,0,,,
81,3,True,0.276934,0.2769,none,,,False,,81,0,,,
81,41,True,0.922212,0.9222,none,,,False,,81,0,,,
81,49,True,0.156912,0.1569,none,,,False,,81,0,,,
81,17,True,0.756887,0.7569,none,,,False,,81,0,,,
81,2,True,0.379898,0.3799,none,,,False,,81,0,,,
81,13,True,0.866196,0.8662,none,,,False,,81,0,,,
81,4,True,0.401916,0.4019,none,,,False,,81,0,,,
81,87,True,0.696011,0.696,none,,,False,,81,0,,,
81,47,True,0.312704,0.3127,none,,,False,,81,0,,,
81,1,True,0.417198,0.4172,none,,,False,,81,0,,,
81,10,True,0.7669,0.7669,none,,,False,,81,0,,,
81,33,True,0.749908,0.7499,none,,,False,,81,0,,,
81,9,True,0.595004,0.595,none,,,False,,81,0,,,
81,95,True,0.489945,0.4899,none,,,False,,81,0,,,
81,53,True,0.936514,0.9365,none,,,False,,81,0,,,
81,74,True,0.321083,0.3211,none,,,False,,81,0,,,
81,42,True,0.21203,0.212,none,,,False,,81,0,,,
81,52,True,0.53275,0.5327,none,,,False,,81,0,,,
81,21,True,0.378089,0.3781,none,,,False,,81,0,,,
81,43,True,0.620591,0.6206,none,,,False,,81,0,,,
81,35,True,0.720793,0.7208,none,,,False,,81,0,,,
81,29,True,0.934604,0.9346,none,,,False,,81,0,,,
81,91,True,0.423093,0.4231,none,,,False,,81,0,,,
82,4,True,0.383573,0.3836,none,,,False,,82,0,,,
82,58,True,0.725519,0.7255,none,,,False,,82,0,,,
82,38,True,0.485635,0.4856,none,,,False,,82,0,,,
82,5,True,0.409486,0.4095,none,,,False,,82,0,,,
82,92,True,1.328732,1.3287,none,,,False,,82,0,,,
82,13,True,0.363961,0.364,none,,,False,,82,0,,,
82,17,True,0.518092,0.5181,none,,,False,,82,0,,,
82,22,True,0.534547,0.5345,none,,,False,,82,0,,,
82,28,True,0.369849,0.3698,none,,,False,,82,0,,,
82,0,True,0.533535,0.5335,none,,,False,,82,0,,,
82,2,True,0.364443,0.3644,none,,,False,,82,0,,,
82,86,True,0.545167,0.5452,none,,,False,,82,0,,,
82,81,True,0.427435,0.4274,none,,,False,,82,0,,,
82,27,True,0.292156,0.2922,none,,,False,,82,0,,,
82,79,True,0.260746,0.2607,none,,,False,,82,0,,,
82,42,True,0.260135,0.2601,none,,,False,,82,0,,,
82,41,True,0.964457,0.9645,none,,,False,,82,0,,,
82,50,True,0.625312,0.6253,none,,,False,,82,0,,,
82,24,True,0.219319,0.2193,none,,,False,,82,0,,,
82,43,True,0.607637,0.6076,none,,,False,,82,0,,,
82,74,True,0.379189,0.3792,none,,,False,,82,0,,,
82,8,True,0.222733,0.2227,none,,,False,,82,0,,,
82,91,True,0.215024,0.215,none,,,False,,82,0,,,
82,67,True,0.541537,0.5415,none,,,False,,82,0,,,
82,21,True,0.353853,0.3539,none,,,False,,82,0,,,
83,93,True,0.422454,0.4225,none,,,False,,83,0,,,
83,8,True,0.131696,0.1317,none,,,False,,83,0,,,
83,51,True,0.360387,0.3604,none,,,False,,83,0,,,
83,13,True,0.436606,0.4366,none,,,False,,83,0,,,
83,96,True,0.319904,0.3199,none,,,False,,83,0,,,
83,31,True,0.332389,0.3324,none,,,False,,83,0,,,
83,47,True,0.337342,0.3373,none,,,False,,83,0,,,
83,86,True,0.472691,0.4727,none,,,False,,83,0,,,
83,27,True,0.303628,0.3036,none,,,False,,83,0,,,
83,26,True,0.793842,0.7938,none,,,False,,83,0,,,
83,17,True,0.30661,0.3066,none,,,False,,83,0,,,
83,15,True,0.493725,0.4937,none,,,False,,83,0,,,
83,60,True,0.379263,0.3793,none,,,False,,83,0,,,
83,33,True,0.609591,0.6096,none,,,False,,83,0,,,
83,37,True,0.277011,0.277,none,,,False,,83,0,,,
83,64,True,0.78684,0.7868,none,,,False,,83,0,,,
83,62,True,0.787582,0.7876,none,,,False,,83,0,,,
83,5,True,0.341102,0.3411,none,,,False,,83,0,,,
83,69,True,0.4884,0.4884,none,,,False,,83,0,,,
83,3,True,0.508514,0.5085,none,,,False,,83,0,,,
83,48,True,0.477962,0.478,none,,,False,,83,0,,,
83,46,True,0.743092,0.7431,none,,,False,,83,0,,,
83,43,True,0.626725,0.6267,none,,,False,,83,0,,,
83,24,True,0.36653,0.3665,none,,,False,,83,0,,,
83,94,True,0.351945,0.3519,none,,,False,,83,0,,,
84,12,True,0.780338,0.7803,none,,,False,,84,0,,,
84,22,True,0.334966,0.335,none,,,False,,84,0,,,
84,23,True,0.65856,0.6586,none,,,False,,84,0,,,
84,61,True,0.416587,0.4166,none,,,False,,84,0,,,
84,56,True,0.447771,0.4478,none,,,False,,84,0,,,
84,59,True,0.997456,0.9975,none,,,False,,84,0,,,
84,96,True,0.316212,0.3162,none,,,False,,84,0,,,
84,73,True,1.197376,1.1974,none,,,False,,84,0,,,
84,77,True,0.614535,0.6145,none,,,False,,84,0,,,
84,60,True,0.534066,0.5341,none,,,False,,84,0,,,
84,47,True,0.300252,0.3003,none,,,False,,84,0,,,
84,87,True,0.595061,0.5951,none,,,False,,84,0,,,
84,64,True,0.554679,0.5547,none,,,False,,84,0,,,
84,37,True,0.166208,0.1662,none,,,False,,84,0,,,
84,80,True,0.562561,0.5626,none,,,False,,84,0,,,
84,86,True,0.567282,0.5673,none,,,False,,84,0,,,
84,90,True,0.463738,0.4637,none,,,False,,84,0,,,
84,18,True,0.958486,0.9585,none,,,False,,84,0,,,
84,39,True,0.231742,0.2317,none,,,False,,84,0,,,
84,21,True,0.373366,0.3734,none,,,False,,84,0,,,
84,6,True,0.275712,0.2757,none,,,False,,84,0,,,
84,57,True,0.425173,0.4252,none,,,False,,84,0,,,
84,35,True,0.602049,0.602,none,,,False,,84,0,,,
84,49,True,0.398736,0.3987,none,,,False,,84,0,,,
84,34,True,0.357628,0.3576,none,,,False,,84,0,,,
85,70,True,0.258702,0.2587,none,,,False,,85,0,,,
85,31,True,0.395392,0.3954,none,,,False,,85,0,,,
85,52,True,0.448259,0.4483,none,,,False,,85,0,,,
85,25,True,0.767554,0.7676,none,,,False,,85,0,,,
85,77,True,0.353591,0.3536,none,,,False,,85,0,,,
85,73,True,0.944586,0.9446,none,,,False,,85,0,,,
85,79,True,0.520761,0.5208,none,,,False,,85,0,,,
85,97,True,1.132603,1.1326,none,,,False,,85,0,,,
85,24,True,0.494696,0.4947,none,,,False,,85,0,,,
85,39,True,0.342129,0.3421,none,,,False,,85,0,,,
85,3,True,0.399495,0.3995,none,,,False,,85,0,,,
85,33,True,0.661499,0.6615,none,,,False,,85,0,,,
85,22,True,0.502002,0.502,none,,,False,,85,0,,,
85,65,True,0.712542,0.7125,none,,,False,,85,0,,,
85,72,True,0.374897,0.3749,none,,,False,,85,0,,,
85,14,True,0.589453,0.5895,none,,,False,,85,0,,,
85,21,True,0.322889,0.3229,none,,,False,,85,0,,,
85,98,True,0.257594,0.2576,none,,,False,,85,0,,,
85,8,True,0.266769,0.2668,none,,,False,,85,0,,,
85,35,True,0.584572,0.5846,none,,,False,,85,0,,,
85,20,True,0.705681,0.7057,none,,,False,,85,0,,,
85,88,True,0.326053,0.3261,none,,,False,,85,0,,,
85,45,True,0.831126,0.8311,none,,,False,,85,0,,,
85,23,True,0.399494,0.3995,none,,,False,,85,0,,,
85,47,True,0.275596,0.2756,none,,,False,,85,0,,,
86,59,True,0.592657,0.5927,none,,,False,,86,0,,,
86,35,True,0.557846,0.5578,none,,,False,,86,0,,,
86,73,True,0.853663,0.8537,none,,,False,,86,0,,,
86,6,True,0.125733,0.1257,none,,,False,,86,0,,,
86,2,True,0.334507,0.3345,none,,,False,,86,0,,,
86,74,True,0.429421,0.4294,none,,,False,,86,0,,,
86,33,True,0.718247,0.7182,none,,,False,,86,0,,,
86,89,True,0.728967,0.729,none,,,False,,86,0,,,
86,94,True,0.567181,0.5672,none,,,False,,86,0,,,
86,69,True,0.613075,0.6131,none,,,False,,86,0,,,
86,1,True,0.550956,0.551,none,,,False,,86,0,,,
86,46,True,0.783839,0.7838,none,,,False,,86,0,,,
86,76,True,0.652224,0.6522,none,,,False,,86,0,,,
86,21,True,0.338003,0.338,none,,,False,,86,0,,,
86,51,True,0.211001,0.211,none,,,False,,86,0,,,
86,80,True,0.592721,0.5927,none,,,False,,86,0,,,
86,39,True,0.350661,0.3507,none,,,False,,86,0,,,
86,7,True,0.296175,0.2962,none,,,False,,86,0,,,
86,99,True,0.649734,0.6497,none,,,False,,86,0,,,
86,34,True,0.377427,0.3774,none,,,False,,86,0,,,
86,8,True,0.258964,0.259,none,,,False,,86,0,,,
86,87,True,0.715372,0.7154,none,,,False,,86,0,,,
86,79,True,0.512626,0.5126,none,,,False,,86,0,,,
86,5,True,0.326102,0.3261,none,,,False,,86,0,,,
86,47,True,0.237791,0.2378,none,,,False,,86,0,,,
87,8,True,0.226739,0.2267,none,,,False,,87,0,,,
87,61,True,0.436106,0.4361,none,,,False,,87,0,,,
87,93,True,0.523583,0.5236,none,,,False,,87,0,,,
87,99,True,0.678024,0.678,none,,,False,,87,0,,,
87,18,True,1.018713,1.0187,none,,,False,,87,0,,,
87,19,True,0.529185,0.5292,none,,,False,,87,0,,,
87,68,True,0.395635,0.3956,none,,,False,,87,0,,,
87,81,True,0.469032,0.469,none,,,False,,87,0,,,
87,7,True,0.280436,0.2804,none,,,False,,87,0,,,
87,69,True,0.345999,0.346,none,,,False,,87,0,,,
87,70,True,0.387615,0.3876,none,,,False,,87,0,,,
87,67,True,0.383707,0.3837,none,,,False,,87,0,,,
87,55,True,0.360431,0.3604,none,,,False,,87,0,,,
87,59,True,1.100005,1.1,none,,,False,,87,0,,,
87,39,True,0.199645,0.1996,none,,,False,,87,0,,,
87,34,True,0.46174,0.4617,none,,,False,,87,0,,,
87,45,True,0.835166,0.8352,none,,,False,,87,0,,,
87,54,True,0.283553,0.2836,none,,,False,,87,0,,,
87,31,True,0.372616,0.3726,none,,,False,,87,0,,,
87,65,True,0.793447,0.7934,none,,,False,,87,0,,,
87,73,True,1.288589,1.2886,none,,,False,,87,0,,,
87,30,True,0.991333,0.9913,none,,,False,,87,0,,,
87,64,True,0.710381,0.7104,none,,,False,,87,0,,,
87,88,True,0.437268,0.4373,none,,,False,,87,0,,,
87,50,True,0.715414,0.7154,none,,,False,,87,0,,,
88,97,True,1.207846,1.2078,none,,,False,,88,0,,,
88,55,True,0.322266,0.3223,none,,,False,,88,0,,,
88,84,True,0.466917,0.4669,none,,,False,,88,0,,,
88,23,True,0.438464,0.4385,none,,,False,,88,0,,,
88,26,True,0.479685,0.4797,none,,,False,,88,0,,,
88,31,True,0.316321,0.3163,none,,,False,,88,0,,,
88,65,True,0.526238,0.5262,none,,,False,,88,0,,,
88,79,True,0.805856,0.8059,none,,,False,,88,0,,,
88,29,True,1.034947,1.0349,none,,,False,,88,0,,,
88,77,True,0.53217,0.5322,none,,,False,,88,0,,,
88,15,True,0.50247,0.5025,none,,,False,,88,0,,,
88,58,True,0.259905,0.2599,none,,,False,,88,0,,,
88,71,True,0.331857,0.3319,none,,,False,,88,0,,,
88,18,True,0.722637,0.7226,none,,,False,,88,0,,,
88,43,True,0.943717,0.9437,none,,,False,,88,0,,,
88,48,True,0.276903,0.2769,none,,,False,,88,0,,,
88,52,True,0.744367,0.7444,none,,,False,,88,0,,,
88,38,True,0.604778,0.6048,none,,,False,,88,0,,,
88,76,True,0.46724,0.4672,none,,,False,,88,0,,,
88,64,True,0.56771,0.5677,none,,,False,,88,0,,,
88,61,True,0.348664,0.3487,none,,,False,,88,0,,,
88,32,True,0.323796,0.3238,none,,,False,,88,0,,,
88,82,True,0.598172,0.5982,none,,,False,,88,0,,,
88,36,True,0.541565,0.5416,none,,,False,,88,0,,,
88,83,True,0.294251,0.2943,none,,,False,,88,0,,,
89,4,True,0.376073,0.3761,none,,,False,,89,0,,,
89,26,True,0.394232,0.3942,none,,,False,,89,0,,,
89,25,True,0.725162,0.7252,none,,,False,,89,0,,,
89,39,True,0.325109,0.3251,none,,,False,,89,0,,,
89,2,True,0.394411,0.3944,none,,,False,,89,0,,,
89,29,True,0.695769,0.6958,none,,,False,,89,0,,,
89,48,True,0.289945,0.2899,none,,,False,,89,0,,,
89,13,True,0.647984,0.648,none,,,False,,89,0,,,
89,12,True,0.84306,0.8431,none,,,False,,89,0,,,
89,50,True,0.733099,0.7331,none,,,False,,89,0,,,
89,35,True,0.691237,0.6912,none,,,False,,89,0,,,
89,77,True,0.415749,0.4157,none,,,False,,89,0,,,
89,67,True,0.383931,0.3839,none,,,False,,89,0,,,
89,63,True,0.296306,0.2963,none,,,False,,89,0,,,
89,6,True,0.303624,0.3036,none,,,False,,89,0,,,
89,38,True,0.566673,0.5667,none,,,False,,89,0,,,
89,22,True,0.316598,0.3166,none,,,False,,89,0,,,
89,45,True,0.954571,0.9546,none,,,False,,89,0,,,
89,44,True,0.663291,0.6633,none,,,False,,89,0,,,
89,36,True,0.44595,0.4459,none,,,False,,89,0,,,
89,49,True,0.35888,0.3589,none,,,False,,89,0,,,
89,93,True,0.217567,0.2176,none,,,False,,89,0,,,
89,30,True,0.778051,0.7781,none,,,False,,89,0,,,
89,47,True,0.334181,0.3342,none,,,False,,89,0,,,
89,79,True,0.513261,0.5133,none,,,False,,89,0,,,
90,97,True,1.280946,1.2809,none,,,False,,90,0,,,
90,71,True,0.447097,0.4471,none,,,False,,90,0,,,
90,35,True,0.428391,0.4284,none,,,False,,90,0,,,
90,84,True,0.561749,0.5617,none,,,False,,90,0,,,
90,25,True,0.649203,0.6492,none,,,False,,90,0,,,
90,42,True,0.239511,0.2395,none,,,False,,90,0,,,
90,45,True,0.692104,0.6921,none,,,False,,90,0,,,
90,47,True,0.350992,0.351,none,,,False,,90,0,,,
90,64,True,0.909662,0.9097,none,,,False,,90,0,,,
90,63,True,0.170683,0.1707,none,,,False,,90,0,,,
90,33,True,0.693526,0.6935,none,,,False,,90,0,,,
90,40,True,0.77761,0.7776,none,,,False,,90,0,,,
90,50,True,0.538268,0.5383,none,,,False,,90,0,,,
90,9,True,0.600454,0.6005,none,,,False,,90,0,,,
90,56,True,0.450348,0.4503,none,,,False,,90,0,,,
90,22,True,0.61474,0.6147,none,,,False,,90,0,,,
90,95,True,0.620149,0.6201,none,,,False,,90,0,,,
90,93,True,0.369664,0.3697,none,,,False,,90,0,,,
90,98,True,0.322959,0.323,none,,,False,,90,0,,,
90,19,True,1.093529,1.0935,none,,,False,,90,0,,,
90,51,True,0.16926,0.1693,none,,,False,,90,0,,,
90,14,True,0.495037,0.495,none,,,False,,90,0,,,
90,48,True,0.636901,0.6369,none,,,False,,90,0,,,
90,67,True,0.375041,0.375,none,,,False,,90,0,,,
90,58,True,0.682966,0.683,none,,,False,,90,0,,,
91,47,True,0.228269,0.2283,none,,,False,,91,0,,,
91,39,True,0.262615,0.2626,none,,,False,,91,0,,,
91,59,True,0.846996,0.847,none,,,False,,91,0,,,
91,30,True,0.771729,0.7717,none,,,False,,91,0,,,
91,79,True,0.551385,0.5514,none,,,False,,91,0,,,
91,81,True,0.462217,0.4622,none,,,False,,91,0,,,
91,62,True,0.737,0.737,none,,,False,,91,0,,,
91,91,True,0.46914,0.4691,none,,,False,,91,0,,,
91,70,True,0.277132,0.2771,none,,,False,,91,0,,,
91,97,True,1.099251,1.0993,none,,,False,,91,0,,,
91,20,True,1.190165,1.1902,none,,,False,,91,0,,,
91,13,True,0.771479,0.7715,none,,,False,,91,0,,,
91,77,True,0.595736,0.5957,none,,,False,,91,0,,,
91,58,True,0.512574,0.5126,none,,,False,,91,0,,,
91,25,True,0.340638,0.3406,none,,,False,,91,0,,,
91,40,True,0.606959,0.607,none,,,False,,91,0,,,
91,43,True,0.493284,0.4933,none,,,False,,91,0,,,
91,67,True,0.407776,0.4078,none,,,False,,91,0,,,
91,52,True,0.463265,0.4633,none,,,False,,91,0,,,
91,27,True,0.447341,0.4473,none,,,False,,91,0,,,
91,0,True,1.009128,1.0091,none,,,False,,91,0,,,
91,76,True,0.288599,0.2886,none,,,False,,91,0,,,
91,29,True,0.87335,0.8734,none,,,False,,91,0,,,
91,44,True,0.956076,0.9561,none,,,False,,91,0,,,
91,48,True,0.260827,0.2608,none,,,False,,91,0,,,
92,94,True,0.648167,0.6482,none,,,False,,92,0,,,
92,83,True,0.526527,0.5265,none,,,False,,92,0,,,
92,34,True,0.457119,0.4571,none,,,False,,92,0,,,
92,55,True,0.288703,0.2887,none,,,False,,92,0,,,
92,57,True,0.821335,0.8213,none,,,False,,92,0,,,
92,23,True,0.689482,0.6895,none,,,False,,92,0,,,
92,97,True,1.16658,1.1666,none,,,False,,92,0,,,
92,10,True,0.735217,0.7352,none,,,False,,92,0,,,
92,38,True,0.512325,0.5123,none,,,False,,92,0,,,
92,6,True,0.35417,0.3542,none,,,False,,92,0,,,
92,1,True,0.556589,0.5566,none,,,False,,92,0,,,
92,15,True,0.480282,0.4803,none,,,False,,92,0,,,
92,82,True,0.35775,0.3578,none,,,False,,92,0,,,
92,65,True,0.63336,0.6334,none,,,False,,92,0,,,
92,69,True,0.349113,0.3491,none,,,False,,92,0,,,
92,7,True,0.236317,0.2363,none,,,False,,92,0,,,
92,32,True,0.27682,0.2768,none,,,False,,92,0,,,
92,41,True,0.662344,0.6623,none,,,False,,92,0,,,
92,24,True,0.344483,0.3445,none,,,False,,92,0,,,
92,45,True,0.728625,0.7286,none,,,False,,92,0,,,
92,19,True,1.051293,1.0513,none,,,False,,92,0,,,
92,54,True,0.329953,0.33,none,,,False,,92,0,,,
92,81,True,0.369778,0.3698,none,,,False,,92,0,,,
92,28,True,0.4121,0.4121,none,,,False,,92,0,,,
92,73,True,1.09411,1.0941,none,,,False,,92,0,,,
93,5,True,0.426835,0.4268,none,,,False,,93,0,,,
93,75,True,0.396582,0.3966,none,,,False,,93,0,,,
93,58,True,0.54763,0.5476,none,,,False,,93,0,,,
93,20,True,0.915741,0.9157,none,,,False,,93,0,,,
93,76,True,0.311314,0.3113,none,,,False,,93,0,,,
93,78,True,0.606394,0.6064,none,,,False,,93,0,,,
93,73,True,1.01783,1.0178,none,,,False,,93,0,,,
93,26,True,0.615756,0.6158,none,,,False,,93,0,,,
93,94,True,0.295615,0.2956,none,,,False,,93,0,,,
93,85,True,1.26341,1.2634,none,,,False,,93,0,,,
93,32,True,0.623769,0.6238,none,,,False,,93,0,,,
93,14,True,0.78389,0.7839,none,,,False,,93,0,,,
93,56,True,0.295043,0.295,none,,,False,,93,0,,,
93,97,True,1.225954,1.226,none,,,False,,93,0,,,
93,30,True,1.142326,1.1423,none,,,False,,93,0,,,
93,60,True,0.889259,0.8893,none,,,False,,93,0,,,
93,1,True,0.462374,0.4624,none,,,False,,93,0,,,
93,92,True,1.601416,1.6014,none,,,False,,93,0,,,
93,80,True,0.50419,0.5042,none,,,False,,93,0,,,
93,61,True,0.429637,0.4296,none,,,False,,93,0,,,
93,48,True,0.526811,0.5268,none,,,False,,93,0,,,
93,71,True,0.493502,0.4935,none,,,False,,93,0,,,
93,66,True,0.75654,0.7565,none,,,False,,93,0,,,
93,72,True,0.622281,0.6223,none,,,False,,93,0,,,
93,67,True,0.671912,0.6719,none,,,False,,93,0,,,
94,88,True,0.336128,0.3361,none,,,False,,94,0,,,
94,67,True,0.600642,0.6006,none,,,False,,94,0,,,
94,62,True,0.539208,0.5392,none,,,False,,94,0,,,
94,76,True,0.669757,0.6698,none,,,False,,94,0,,,
94,83,True,0.463429,0.4634,none,,,False,,94,0,,,
94,7,True,0.284355,0.2844,none,,,False,,94,0,,,
94,1,True,0.621861,0.6219,none,,,False,,94,0,,,
94,22,True,0.727447,0.7274,none,,,False,,94,0,,,
94,68,True,0.471456,0.4715,none,,,False,,94,0,,,
94,3,True,0.609121,0.6091,none,,,False,,94,0,,,
94,81,True,0.478793,0.4788,none,,,False,,94,0,,,
94,31,True,0.246885,0.2469,none,,,False,,94,0,,,
94,84,True,0.358505,0.3585,none,,,False,,94,0,,,
94,91,True,0.339142,0.3391,none,,,False,,94,0,,,
94,25,True,0.763407,0.7634,none,,,False,,94,0,,,
94,71,True,0.542759,0.5428,none,,,False,,94,0,,,
94,72,True,0.324638,0.3246,none,,,False,,94,0,,,
94,35,True,0.554886,0.5549,none,,,False,,94,0,,,
94,17,True,0.341482,0.3415,none,,,False,,94,0,,,
94,19,True,1.226689,1.2267,none,,,False,,94,0,,,
94,49,True,0.521029,0.521,none,,,False,,94,0,,,
94,56,True,0.464397,0.4644,none,,,False,,94,0,,,
94,14,True,0.673905,0.6739,none,,,False,,94,0,,,
94,66,True,0.458225,0.4582,none,,,False,,94,0,,,
94,45,True,0.875783,0.8758,none,,,False,,94,0,,,
95,66,True,0.593719,0.5937,none,,,False,,95,0,,,
95,33,True,0.730565,0.7306,none,,,False,,95,0,,,
95,37,True,0.319747,0.3197,none,,,False,,95,0,,,
95,82,True,0.501483,0.5015,none,,,False,,95,0,,,
95,32,True,0.513783,0.5138,none,,,False,,95,0,,,
95,47,True,0.339448,0.3394,none,,,False,,95,0,,,
95,6,True,0.322633,0.3226,none,,,False,,95,0,,,
95,36,True,0.502094,0.5021,none,,,False,,95,0,,,
95,65,True,0.740999,0.741,none,,,False,,95,0,,,
95,21,True,0.40723,0.4072,none,,,False,,95,0,,,
95,41,True,0.948006,0.948,none,,,False,,95,0,,,
95,20,True,0.866226,0.8662,none,,,False,,95,0,,,
95,86,True,0.743032,0.743,none,,,False,,95,0,,,
95,22,True,0.394795,0.3948,none,,,False,,95,0,,,
95,73,True,1.155237,1.1552,none,,,False,,95,0,,,
95,2,True,0.593731,0.5937,none,,,False,,95,0,,,
95,58,True,0.5412,0.5412,none,,,False,,95,0,,,
95,26,True,0.690031,0.69,none,,,False,,95,0,,,
95,7,True,0.365364,0.3654,none,,,False,,95,0,,,
95,44,True,0.774737,0.7747,none,,,False,,95,0,,,
95,8,True,0.257808,0.2578,none,,,False,,95,0,,,
95,42,True,0.178098,0.1781,none,,,False,,95,0,,,
95,71,True,0.339145,0.3391,none,,,False,,95,0,,,
95,48,True,0.620514,0.6205,none,,,False,,95,0,,,
95,35,True,0.448939,0.4489,none,,,False,,95,0,,,
96,86,True,0.371802,0.3718,none,,,False,,96,0,,,
96,80,True,0.631858,0.6319,none,,,False,,96,0,,,
96,13,True,0.525095,0.5251,none,,,False,,96,0,,,
96,62,True,0.876909,0.8769,none,,,False,,96,0,,,
96,42,True,0.195067,0.1951,none,,,False,,96,0,,,
96,5,True,0.438755,0.4388,none,,,False,,96,0,,,
96,49,True,0.317848,0.3178,none,,,False,,96,0,,,
96,85,True,0.72105,0.7211,none,,,False,,96,0,,,
96,44,True,0.550838,0.5508,none,,,False,,96,0,,,
96,92,True,0.983883,0.9839,none,,,False,,96,0,,,
96,64,True,0.702744,0.7027,none,,,False,,96,0,,,
96,71,True,0.549488,0.5495,none,,,False,,96,0,,,
96,26,True,0.524121,0.5241,none,,,False,,96,0,,,
96,27,True,0.395912,0.3959,none,,,False,,96,0,,,
96,52,True,0.665422,0.6654,none,,,False,,96,0,,,
96,78,True,0.415208,0.4152,none,,,False,,96,0,,,
96,61,True,0.532117,0.5321,none,,,False,,96,0,,,
96,38,True,0.534354,0.5344,none,,,False,,96,0,,,
96,54,True,0.297921,0.2979,none,,,False,,96,0,,,
96,69,True,0.614441,0.6144,none,,,False,,96,0,,,
96,87,True,0.403219,0.4032,none,,,False,,96,0,,,
96,35,True,0.555946,0.5559,none,,,False,,96,0,,,
96,8,True,0.208941,0.2089,none,,,False,,96,0,,,
96,81,True,0.457939,0.4579,none,,,False,,96,0,,,
96,74,True,0.362529,0.3625,none,,,False,,96,0,,,
97,30,True,1.13426,1.1343,none,,,False,,97,0,,,
97,98,True,0.352325,0.3523,none,,,False,,97,0,,,
97,72,True,0.548174,0.5482,none,,,False,,97,0,,,
97,88,True,0.290138,0.2901,none,,,False,,97,0,,,
97,4,True,0.421788,0.4218,none,,,False,,97,0,,,
97,48,True,0.588354,0.5884,none,,,False,,97,0,,,
97,96,True,0.41465,0.4147,none,,,False,,97,0,,,
97,85,True,0.536417,0.5364,none,,,False,,97,0,,,
97,70,True,0.249032,0.249,none,,,False,,97,0,,,
97,21,True,0.37812,0.3781,none,,,False,,97,0,,,
97,57,True,0.497208,0.4972,none,,,False,,97,0,,,
97,28,True,0.270269,0.2703,none,,,False,,97,0,,,
97,59,True,0.524228,0.5242,none,,,False,,97,0,,,
97,53,True,0.763548,0.7635,none,,,False,,97,0,,,
97,3,True,0.260766,0.2608,none,,,False,,97,0,,,
97,46,True,0.725487,0.7255,none,,,False,,97,0,,,
97,60,True,0.824461,0.8245,none,,,False,,97,0,,,
97,45,True,0.867348,0.8673,none,,,False,,97,0,,,
97,47,True,0.307228,0.3072,none,,,False,,97,0,,,
97,17,True,0.458161,0.4582,none,,,False,,97,0,,,
97,19,True,0.770944,0.7709,none,,,False,,97,0,,,
97,39,True,0.376959,0.377,none,,,False,,97,0,,,
97,50,True,0.720546,0.7205,none,,,False,,97,0,,,
97,13,True,0.546717,0.5467,none,,,False,,97,0,,,
97,7,True,0.424298,0.4243,none,,,False,,97,0,,,
98,56,True,0.395749,0.3957,none,,,False,,98,0,,,
98,91,True,0.320891,0.3209,none,,,False,,98,0,,,
98,60,True,0.538919,0.5389,none,,,False,,98,0,,,
98,93,True,0.267246,0.2672,none,,,False,,98,0,,,
98,41,True,0.855813,0.8558,none,,,False,,98,0,,,
98,96,True,0.273743,0.2737,none,,,False,,98,0,,,
98,89,True,0.34173,0.3417,none,,,False,,98,0,,,
98,44,True,0.623557,0.6236,none,,,False,,98,0,,,
98,5,True,0.410766,0.4108,none,,,False,,98,0,,,
98,87,True,0.398893,0.3989,none,,,False,,98,0,,,
98,80,True,0.430635,0.4306,none,,,False,,98,0,,,
98,98,True,0.301832,0.3018,none,,,False,,98,0,,,
98,17,True,0.515354,0.5154,none,,,False,,98,0,,,
98,95,True,0.555794,0.5558,none,,,False,,98,0,,,
98,51,True,0.383382,0.3834,none,,,False,,98,0,,,
98,61,True,0.484593,0.4846,none,,,False,,98,0,,,
98,69,True,0.347577,0.3476,none,,,False,,98,0,,,
98,73,True,1.220559,1.2206,none,,,False,,98,0,,,
98,6,True,0.295074,0.2951,none,,,False,,98,0,,,
98,15,True,0.361432,0.3614,none,,,False,,98,0,,,
98,46,True,0.501541,0.5015,none,,,False,,98,0,,,
98,63,True,0.135374,0.1354,none,,,False,,98,0,,,
98,65,True,0.744789,0.7448,none,,,False,,98,0,,,
98,31,True,0.392847,0.3928,none,,,False,,98,0,,,
98,20,True,0.657567,0.6576,none,,,False,,98,0,,,
99,72,True,0.590824,0.5908,none,,,False,,99,0,,,
99,43,True,0.62721,0.6272,none,,,False,,99,0,,,
99,38,True,0.421508,0.4215,none,,,False,,99,0,,,
99,92,True,1.423846,1.4238,none,,,False,,99,0,,,
99,31,True,0.433913,0.4339,none,,,False,,99,0,,,
99,19,True,0.861232,0.8612,none,,,False,,99,0,,,
99,41,True,0.888761,0.8888,none,,,False,,99,0,,,
99,77,True,0.426246,0.4262,none,,,False,,99,0,,,
99,60,True,0.367962,0.368,none,,,False,,99,0,,,
99,94,True,0.454759,0.4548,none,,,False,,99,0,,,
99,34,True,0.425206,0.4252,none,,,False,,99,0,,,
99,55,True,0.361538,0.3615,none,,,False,,99,0,,,
99,21,True,0.309122,0.3091,none,,,False,,99,0,,,
99,85,True,1.03574,1.0357,none,,,False,,99,0,,,
99,4,True,0.276009,0.276,none,,,False,,99,0,,,
99,86,True,0.376723,0.3767,none,,,False,,99,0,,,
99,78,True,0.607162,0.6072,none,,,False,,99,0,,,
99,54,True,0.392866,0.3929,none,,,False,,99,0,,,
99,35,True,0.202577,0.2026,none,,,False,,99,0,,,
99,89,True,0.485507,0.4855,none,,,False,,99,0,,,
99,63,True,0.306822,0.3068,none,,,False,,99,0,,,
99,66,True,0.474787,0.4748,none,,,False,,99,0,,,
99,83,True,0.332875,0.3329,none,,,False,,99,0,,,
99,36,True,0.274397,0.2744,none,,,False,,99,0,,,
99,8,True,0.25144,0.2514,none,,,False,,99,0,,,
100,73,True,1.178102,1.1781,none,,,False,,100,0,,,
100,46,True,0.73297,0.733,none,,,False,,100,0,,,
100,21,True,0.337486,0.3375,none,,,False,,100,0,,,
100,54,True,0.416633,0.4166,none,,,False,,100,0,,,
100,93,True,0.424248,0.4242,none,,,False,,100,0,,,
100,74,True,0.497392,0.4974,none,,,False,,100,0,,,
100,53,True,0.81755,0.8175,none,,,False,,100,0,,,
100,60,True,0.548376,0.5484,none,,,False,,100,0,,,
100,56,True,0.568724,0.5687,none,,,False,,100,0,,,
100,61,True,0.501504,0.5015,none,,,False,,100,0,,,
100,11,True,0.835319,0.8353,none,,,False,,100,0,,,
100,29,True,0.853809,0.8538,none,,,False,,100,0,,,
100,15,True,0.43353,0.4335,none,,,False,,100,0,,,
100,94,True,0.553367,0.5534,none,,,False,,100,0,,,
100,86,True,0.395933,0.3959,none,,,False,,100,0,,,
100,19,True,0.933284,0.9333,none,,,False,,100,0,,,
100,49,True,0.500461,0.5005,none,,,False,,100,0,,,
100,35,True,0.38165,0.3816,none,,,False,,100,0,,,
100,25,True,0.915255,0.9153,none,,,False,,100,0,,,
100,71,True,0.474841,0.4748,none,,,False,,100,0,,,
100,10,True,0.822815,0.8228,none,,,False,,100,0,,,
100,57,True,0.627702,0.6277,none,,,False,,100,0,,,
100,37,True,0.144224,0.1442,none,,,False,,100,0,,,
100,23,True,0.642518,0.6425,none,,,False,,100,0,,,
100,81,True,0.359719,0.3597,none,,,False,,100,0,,,
