round,client_id,selected,utility,normalized_utility,detector,cusum_pos,cusum_neg,change_detected,change_direction,last_seen,age,explore_score,exploit_score,final_score
1,9,True,0.612497,2.9533,none,,,False,,1,0,,,
1,2,True,0.19557,0.1575,none,,,False,,1,0,,,
1,93,True,0.429299,1.7248,none,,,False,,1,0,,,
1,18,True,0.132347,-0.2665,none,,,False,,1,0,,,
1,74,True,0.124789,-0.3172,none,,,False,,1,0,,,
1,69,True,0.272775,0.6752,none,,,False,,1,0,,,
1,79,True,0.252464,0.539,none,,,False,,1,0,,,
1,1,True,0.164297,-0.0522,none,,,False,,1,0,,,
1,39,True,1.007348,3.0,none,,,False,,1,0,,,
1,12,True,0.167704,-0.0294,none,,,False,,1,0,,,
1,34,True,0.099446,-0.4871,none,,,False,,1,0,,,
1,4,True,0.15627,-0.1061,none,,,False,,1,0,,,
1,83,True,0.133275,-0.2603,none,,,False,,1,0,,,
1,3,True,0.039088,-0.8919,none,,,False,,1,0,,,
1,28,True,0.573721,2.6933,none,,,False,,1,0,,,
1,84,True,0.60423,2.8979,none,,,False,,1,0,,,
1,81,True,0.162924,-0.0614,none,,,False,,1,0,,,
1,33,True,0.107916,-0.4303,none,,,False,,1,0,,,
1,56,True,0.059198,-0.757,none,,,False,,1,0,,,
1,36,True,0.225168,0.356,none,,,False,,1,0,,,
1,53,True,0.071609,-0.6738,none,,,False,,1,0,,,
1,96,True,0.394701,1.4928,none,,,False,,1,0,,,
1,91,True,0.037053,-0.9055,none,,,False,,1,0,,,
1,54,True,0.064118,-0.724,none,,,False,,1,0,,,
1,49,True,0.433816,1.7551,none,,,False,,1,0,,,
1,68,True,0.044178,-0.8577,none,,,False,,1,0,,,
1,16,True,0.291354,0.7998,none,,,False,,1,0,,,
1,30,True,0.476538,2.0416,none,,,False,,1,0,,,
1,65,True,0.40855,1.5857,none,,,False,,1,0,,,
1,32,True,0.107063,-0.436,none,,,False,,1,0,,,
1,46,True,0.23014,0.3893,none,,,False,,1,0,,,
1,58,True,0.268872,0.649,none,,,False,,1,0,,,
1,21,True,0.232097,0.4024,none,,,False,,1,0,,,
1,29,True,0.095114,-0.5162,none,,,False,,1,0,,,
1,61,True,0.327847,1.0445,none,,,False,,1,0,,,
1,66,True,0.176467,0.0294,none,,,False,,1,0,,,
1,64,True,0.608055,2.9235,none,,,False,,1,0,,,
1,0,True,0.129805,-0.2835,none,,,False,,1,0,,,
1,45,True,0.262066,0.6034,none,,,False,,1,0,,,
1,17,True,0.15689,-0.1019,none,,,False,,1,0,,,
1,60,True,0.419818,1.6613,none,,,False,,1,0,,,
1,19,True,0.032035,-0.9392,none,,,False,,1,0,,,
1,86,True,0.190936,0.1264,none,,,False,,1,0,,,
1,7,True,0.045578,-0.8483,none,,,False,,1,0,,,
1,24,True,0.057445,-0.7688,none,,,False,,1,0,,,
1,92,True,0.047453,-0.8358,none,,,False,,1,0,,,
1,90,True,0.579649,2.7331,none,,,False,,1,0,,,
1,95,True,0.158974,-0.0879,none,,,False,,1,0,,,
1,78,True,0.093849,-0.5246,none,,,False,,1,0,,,
1,11,True,0.446414,1.8396,none,,,False,,1,0,,,
2,6,True,0.213465,-1.3964,none,,,False,,2,0,,,
2,35,True,0.571865,0.5611,none,,,False,,2,0,,,
2,25,True,0.510359,0.2252,none,,,False,,2,0,,,
2,13,True,0.3544,-0.6266,none,,,False,,2,0,,,
2,51,True,0.469835,0.0039,none,,,False,,2,0,,,
2,45,True,0.468418,-0.0039,none,,,False,,2,0,,,
2,57,True,0.701422,1.2687,none,,,False,,2,0,,,
2,7,True,0.141753,-1.788,none,,,False,,2,0,,,
2,10,True,0.499761,0.1673,none,,,False,,2,0,,,
2,95,True,0.573949,0.5725,none,,,False,,2,0,,,
2,43,True,0.445095,-0.1313,none,,,False,,2,0,,,
2,71,True,0.14725,-1.758,none,,,False,,2,0,,,
2,77,True,0.385521,-0.4566,none,,,False,,2,0,,,
2,73,True,0.26134,-1.1349,none,,,False,,2,0,,,
2,26,True,0.748364,1.5251,none,,,False,,2,0,,,
2,69,True,0.527802,0.3205,none,,,False,,2,0,,,
2,85,True,0.419521,-0.2709,none,,,False,,2,0,,,
2,47,True,0.397945,-0.3888,none,,,False,,2,0,,,
2,58,True,0.431161,-0.2074,none,,,False,,2,0,,,
2,91,True,0.107535,-1.9749,none,,,False,,2,0,,,
2,19,True,0.087694,-2.0833,none,,,False,,2,0,,,
2,46,True,0.658265,1.033,none,,,False,,2,0,,,
2,92,True,0.152299,-1.7304,none,,,False,,2,0,,,
2,56,True,0.182558,-1.5652,none,,,False,,2,0,,,
2,59,True,0.496687,0.1505,none,,,False,,2,0,,,
2,40,True,0.294695,-0.9527,none,,,False,,2,0,,,
2,24,True,0.210345,-1.4134,none,,,False,,2,0,,,
2,5,True,0.337171,-0.7207,none,,,False,,2,0,,,
2,76,True,0.589239,0.656,none,,,False,,2,0,,,
2,15,True,0.41607,-0.2898,none,,,False,,2,0,,,
2,30,True,0.533304,0.3505,none,,,False,,2,0,,,
2,74,True,0.281865,-1.0228,none,,,False,,2,0,,,
2,89,True,0.401893,-0.3672,none,,,False,,2,0,,,
2,31,True,0.82705,1.9549,none,,,False,,2,0,,,
2,62,True,0.828666,1.9637,none,,,False,,2,0,,,
2,65,True,0.533453,0.3513,none,,,False,,2,0,,,
2,68,True,0.107395,-1.9757,none,,,False,,2,0,,,
2,81,True,0.559665,0.4945,none,,,False,,2,0,,,
2,54,True,0.223152,-1.3434,none,,,False,,2,0,,,
2,4,True,0.64115,0.9396,none,,,False,,2,0,,,
2,83,True,0.413597,-0.3033,none,,,False,,2,0,,,
2,93,True,0.828123,1.9607,none,,,False,,2,0,,,
2,11,True,0.554307,0.4652,none,,,False,,2,0,,,
2,38,True,0.542323,0.3998,none,,,False,,2,0,,,
2,37,True,0.577828,0.5937,none,,,False,,2,0,,,
2,36,True,0.855068,2.1079,none,,,False,,2,0,,,
2,61,True,0.449685,-0.1062,none,,,False,,2,0,,,
2,21,True,0.596,0.693,none,,,False,,2,0,,,
2,60,True,0.630126,0.8793,none,,,False,,2,0,,,
2,98,True,0.797328,1.7926,none,,,False,,2,0,,,
3,23,True,0.559745,0.0354,none,,,False,,3,0,,,
3,42,True,0.39298,-0.6861,none,,,False,,3,0,,,
3,3,True,0.227389,-1.4026,none,,,False,,3,0,,,
3,0,True,0.635901,0.3649,none,,,False,,3,0,,,
3,12,True,0.56716,0.0675,none,,,False,,3,0,,,
3,35,True,0.563457,0.0515,none,,,False,,3,0,,,
3,1,True,0.398365,-0.6628,none,,,False,,3,0,,,
3,21,True,0.703886,0.6591,none,,,False,,3,0,,,
3,75,True,0.713923,0.7025,none,,,False,,3,0,,,
3,70,True,0.829988,1.2047,none,,,False,,3,0,,,
3,46,True,0.651784,0.4336,none,,,False,,3,0,,,
3,4,True,0.794743,1.0522,none,,,False,,3,0,,,
3,16,True,0.686495,0.5838,none,,,False,,3,0,,,
3,62,True,0.964373,1.7861,none,,,False,,3,0,,,
3,63,True,0.247486,-1.3157,none,,,False,,3,0,,,
3,58,True,0.42717,-0.5382,none,,,False,,3,0,,,
3,60,True,0.968586,1.8043,none,,,False,,3,0,,,
3,82,True,0.257534,-1.2722,none,,,False,,3,0,,,
3,69,True,0.734695,0.7924,none,,,False,,3,0,,,
3,11,True,0.539704,-0.0513,none,,,False,,3,0,,,
3,73,True,0.431192,-0.5208,none,,,False,,3,0,,,
3,86,True,0.462361,-0.3859,none,,,False,,3,0,,,
3,56,True,0.337413,-0.9266,none,,,False,,3,0,,,
3,80,True,0.641709,0.39,none,,,False,,3,0,,,
3,17,True,0.446888,-0.4529,none,,,False,,3,0,,,
3,34,True,0.339825,-0.9161,none,,,False,,3,0,,,
3,99,True,0.115241,-1.8878,none,,,False,,3,0,,,
3,55,True,0.882828,1.4333,none,,,False,,3,0,,,
3,15,True,0.63048,0.3415,none,,,False,,3,0,,,
3,88,True,0.583452,0.138,none,,,False,,3,0,,,
3,74,True,0.298094,-1.0967,none,,,False,,3,0,,,
3,84,True,0.764764,0.9225,none,,,False,,3,0,,,
3,79,True,0.329012,-0.9629,none,,,False,,3,0,,,
3,92,True,0.328998,-0.963,none,,,False,,3,0,,,
3,44,True,0.523275,-0.1224,none,,,False,,3,0,,,
3,78,True,0.5819,0.1313,none,,,False,,3,0,,,
3,28,True,0.618076,0.2878,none,,,False,,3,0,,,
3,19,True,0.27036,-1.2167,none,,,False,,3,0,,,
3,33,True,0.444369,-0.4638,none,,,False,,3,0,,,
3,22,True,0.782448,0.999,none,,,False,,3,0,,,
3,30,True,0.497827,-0.2325,none,,,False,,3,0,,,
3,52,True,0.317849,-1.0112,none,,,False,,3,0,,,
3,93,True,0.835336,1.2278,none,,,False,,3,0,,,
3,32,True,0.543379,-0.0354,none,,,False,,3,0,,,
3,72,True,0.692642,0.6104,none,,,False,,3,0,,,
3,31,True,0.895249,1.487,none,,,False,,3,0,,,
3,26,True,0.735937,0.7977,none,,,False,,3,0,,,
3,24,True,0.283964,-1.1578,none,,,False,,3,0,,,
3,40,True,0.443624,-0.467,none,,,False,,3,0,,,
3,89,True,0.497103,-0.2356,none,,,False,,3,0,,,
4,24,True,0.30624,-0.9302,none,,,False,,4,0,,,
4,81,True,0.492507,0.0665,none,,,False,,4,0,,,
4,33,True,0.360106,-0.6419,none,,,False,,4,0,,,
4,78,True,0.61402,0.7167,none,,,False,,4,0,,,
4,53,True,0.361837,-0.6327,none,,,False,,4,0,,,
4,92,True,0.300975,-0.9583,none,,,False,,4,0,,,
4,91,True,0.362575,-0.6287,none,,,False,,4,0,,,
4,44,True,0.412973,-0.3591,none,,,False,,4,0,,,
4,31,True,0.885333,2.1684,none,,,False,,4,0,,,
4,1,True,0.280962,-1.0654,none,,,False,,4,0,,,
4,66,True,0.581441,0.5424,none,,,False,,4,0,,,
4,4,True,0.78305,1.6211,none,,,False,,4,0,,,
4,20,True,0.488606,0.0456,none,,,False,,4,0,,,
4,26,True,0.503388,0.1247,none,,,False,,4,0,,,
4,76,True,0.700393,1.1788,none,,,False,,4,0,,,
4,61,True,0.547575,0.3612,none,,,False,,4,0,,,
4,7,True,0.430122,-0.2673,none,,,False,,4,0,,,
4,99,True,0.100069,-2.0333,none,,,False,,4,0,,,
4,32,True,0.598508,0.6337,none,,,False,,4,0,,,
4,63,True,0.255012,-1.2043,none,,,False,,4,0,,,
4,73,True,0.421861,-0.3115,none,,,False,,4,0,,,
4,43,True,0.468023,-0.0645,none,,,False,,4,0,,,
4,85,True,0.47155,-0.0456,none,,,False,,4,0,,,
4,65,True,0.767183,1.5362,none,,,False,,4,0,,,
4,98,True,0.828143,1.8624,none,,,False,,4,0,,,
4,42,True,0.457164,-0.1226,none,,,False,,4,0,,,
4,29,True,0.330615,-0.7997,none,,,False,,4,0,,,
4,87,True,0.236521,-1.3032,none,,,False,,4,0,,,
4,3,True,0.213764,-1.425,none,,,False,,4,0,,,
4,35,True,0.637449,0.842,none,,,False,,4,0,,,
4,75,True,0.609124,0.6905,none,,,False,,4,0,,,
4,2,True,0.357011,-0.6585,none,,,False,,4,0,,,
4,16,True,0.704797,1.2024,none,,,False,,4,0,,,
4,72,True,0.751358,1.4515,none,,,False,,4,0,,,
4,18,True,0.394712,-0.4568,none,,,False,,4,0,,,
4,74,True,0.292916,-1.0014,none,,,False,,4,0,,,
4,95,True,0.77361,1.5706,none,,,False,,4,0,,,
4,59,True,0.578662,0.5275,none,,,False,,4,0,,,
4,9,True,0.71327,1.2477,none,,,False,,4,0,,,
4,50,True,0.580755,0.5387,none,,,False,,4,0,,,
4,54,True,0.333104,-0.7864,none,,,False,,4,0,,,
4,40,True,0.370378,-0.587,none,,,False,,4,0,,,
4,80,True,0.570587,0.4843,none,,,False,,4,0,,,
4,71,True,0.42136,-0.3142,none,,,False,,4,0,,,
4,67,True,0.703766,1.1969,none,,,False,,4,0,,,
4,41,True,0.493943,0.0742,none,,,False,,4,0,,,
4,58,True,0.445283,-0.1862,none,,,False,,4,0,,,
4,93,True,0.830645,1.8758,none,,,False,,4,0,,,
4,84,True,0.677269,1.0551,none,,,False,,4,0,,,
4,86,True,0.45787,-0.1188,none,,,False,,4,0,,,
5,94,True,0.781618,1.1638,none,,,False,,5,0,,,
5,53,True,0.373759,-0.7231,none,,,False,,5,0,,,
5,77,True,0.381328,-0.6881,none,,,False,,5,0,,,
5,17,True,0.496274,-0.1563,none,,,False,,5,0,,,
5,10,True,0.672925,0.6609,none,,,False,,5,0,,,
5,12,True,0.686496,0.7237,none,,,False,,5,0,,,
5,95,True,0.431596,-0.4555,none,,,False,,5,0,,,
5,30,True,0.721698,0.8866,none,,,False,,5,0,,,
5,20,True,0.352704,-0.8205,none,,,False,,5,0,,,
5,56,True,0.428219,-0.4711,none,,,False,,5,0,,,
5,26,True,0.890672,1.6683,none,,,False,,5,0,,,
5,71,True,0.444018,-0.398,none,,,False,,5,0,,,
5,99,True,0.107058,-1.9569,none,,,False,,5,0,,,
5,40,True,0.317668,-0.9826,none,,,False,,5,0,,,
5,84,True,0.708497,0.8255,none,,,False,,5,0,,,
5,67,True,0.708151,0.8239,none,,,False,,5,0,,,
5,81,True,0.452765,-0.3576,none,,,False,,5,0,,,
5,78,True,0.506308,-0.1099,none,,,False,,5,0,,,
5,31,True,0.794165,1.2218,none,,,False,,5,0,,,
5,3,True,0.268483,-1.2101,none,,,False,,5,0,,,
5,15,True,0.548248,0.0841,none,,,False,,5,0,,,
5,22,True,0.592902,0.2907,none,,,False,,5,0,,,
5,1,True,0.2771,-1.1702,none,,,False,,5,0,,,
5,5,True,0.460811,-0.3204,none,,,False,,5,0,,,
5,16,True,0.551443,0.0989,none,,,False,,5,0,,,
5,35,True,0.63541,0.4874,none,,,False,,5,0,,,
5,19,True,0.350197,-0.8321,none,,,False,,5,0,,,
5,66,True,0.560075,0.1389,none,,,False,,5,0,,,
5,96,True,0.663508,0.6174,none,,,False,,5,0,,,
5,44,True,0.5357,0.0261,none,,,False,,5,0,,,
5,4,True,0.695428,0.765,none,,,False,,5,0,,,
5,51,True,0.631164,0.4677,none,,,False,,5,0,,,
5,62,True,1.134206,2.7949,none,,,False,,5,0,,,
5,0,True,0.683338,0.7091,none,,,False,,5,0,,,
5,54,True,0.302213,-1.0541,none,,,False,,5,0,,,
5,76,True,0.559563,0.1365,none,,,False,,5,0,,,
5,27,True,0.355357,-0.8082,none,,,False,,5,0,,,
5,89,True,0.362773,-0.7739,none,,,False,,5,0,,,
5,9,True,0.589367,0.2744,none,,,False,,5,0,,,
5,39,True,0.925431,1.8291,none,,,False,,5,0,,,
5,45,True,0.524418,-0.0261,none,,,False,,5,0,,,
5,85,True,0.402861,-0.5884,none,,,False,,5,0,,,
5,70,True,0.933484,1.8663,none,,,False,,5,0,,,
5,47,True,0.519147,-0.0505,none,,,False,,5,0,,,
5,86,True,0.40278,-0.5888,none,,,False,,5,0,,,
5,13,True,0.41434,-0.5353,none,,,False,,5,0,,,
5,42,True,0.504468,-0.1184,none,,,False,,5,0,,,
5,59,True,0.80122,1.2544,none,,,False,,5,0,,,
5,8,True,0.400803,-0.598,none,,,False,,5,0,,,
5,65,True,0.761191,1.0693,none,,,False,,5,0,,,
6,33,True,0.385334,-0.5117,none,,,False,,6,0,,,
6,20,True,0.43275,-0.2274,none,,,False,,6,0,,,
6,27,True,0.303514,-1.0022,none,,,False,,6,0,,,
6,1,True,0.416538,-0.3246,none,,,False,,6,0,,,
6,60,True,1.235086,3.0,none,,,False,,6,0,,,
6,36,True,0.918479,2.6846,none,,,False,,6,0,,,
6,76,True,0.69544,1.3474,none,,,False,,6,0,,,
6,67,True,0.603537,0.7965,none,,,False,,6,0,,,
6,52,True,0.326709,-0.8632,none,,,False,,6,0,,,
6,17,True,0.47573,0.0302,none,,,False,,6,0,,,
6,87,True,0.301839,-1.0123,none,,,False,,6,0,,,
6,46,True,0.475123,0.0266,none,,,False,,6,0,,,
6,5,True,0.370717,-0.5993,none,,,False,,6,0,,,
6,59,True,0.56733,0.5794,none,,,False,,6,0,,,
6,11,True,0.454665,-0.0961,none,,,False,,6,0,,,
6,16,True,0.618315,0.8851,none,,,False,,6,0,,,
6,32,True,0.543174,0.4346,none,,,False,,6,0,,,
6,86,True,0.47618,0.0329,none,,,False,,6,0,,,
6,8,True,0.469533,-0.0069,none,,,False,,6,0,,,
6,54,True,0.36203,-0.6514,none,,,False,,6,0,,,
6,19,True,0.300827,-1.0183,none,,,False,,6,0,,,
6,61,True,0.505481,0.2086,none,,,False,,6,0,,,
6,3,True,0.214857,-1.5337,none,,,False,,6,0,,,
6,92,True,0.322216,-0.8901,none,,,False,,6,0,,,
6,14,True,0.286006,-1.1072,none,,,False,,6,0,,,
6,50,True,0.370277,-0.602,none,,,False,,6,0,,,
6,64,True,0.787215,1.8976,none,,,False,,6,0,,,
6,53,True,0.387076,-0.5013,none,,,False,,6,0,,,
6,83,True,0.38809,-0.4952,none,,,False,,6,0,,,
6,29,True,0.420822,-0.299,none,,,False,,6,0,,,
6,35,True,0.531953,0.3673,none,,,False,,6,0,,,
6,34,True,0.387526,-0.4986,none,,,False,,6,0,,,
6,56,True,0.325471,-0.8706,none,,,False,,6,0,,,
6,58,True,0.439523,-0.1868,none,,,False,,6,0,,,
6,94,True,0.674894,1.2243,none,,,False,,6,0,,,
6,31,True,0.881431,2.4625,none,,,False,,6,0,,,
6,93,True,0.803379,1.9945,none,,,False,,6,0,,,
6,30,True,0.41273,-0.3475,none,,,False,,6,0,,,
6,44,True,0.492382,0.1301,none,,,False,,6,0,,,
6,99,True,0.010222,-2.7606,none,,,False,,6,0,,,
6,90,True,0.587041,0.6976,none,,,False,,6,0,,,
6,70,True,0.771388,1.8027,none,,,False,,6,0,,,
6,9,True,0.726436,1.5333,none,,,False,,6,0,,,
6,12,True,0.545452,0.4482,none,,,False,,6,0,,,
6,42,True,0.471843,0.0069,none,,,False,,6,0,,,
6,18,True,0.432543,-0.2287,none,,,False,,6,0,,,
6,84,True,0.797748,1.9608,none,,,False,,6,0,,,
6,80,True,0.646653,1.0549,none,,,False,,6,0,,,
6,24,True,0.34084,-0.7785,none,,,False,,6,0,,,
6,75,True,0.646132,1.0518,none,,,False,,6,0,,,
7,86,True,0.51266,0.1188,none,,,False,,7,0,,,
7,64,True,0.670851,1.1831,none,,,False,,7,0,,,
7,4,True,0.702484,1.3959,none,,,False,,7,0,,,
7,54,True,0.396552,-0.6624,none,,,False,,7,0,,,
7,80,True,0.459152,-0.2412,none,,,False,,7,0,,,
7,8,True,0.50018,0.0348,none,,,False,,7,0,,,
7,78,True,0.543821,0.3284,none,,,False,,7,0,,,
7,23,True,0.537663,0.287,none,,,False,,7,0,,,
7,3,True,0.200539,-1.9812,none,,,False,,7,0,,,
7,50,True,0.605355,0.7424,none,,,False,,7,0,,,
7,24,True,0.341712,-1.0314,none,,,False,,7,0,,,
7,82,True,0.276384,-1.4709,none,,,False,,7,0,,,
7,48,True,0.750132,1.7165,none,,,False,,7,0,,,
7,31,True,0.937774,2.979,none,,,False,,7,0,,,
7,38,True,0.503774,0.059,none,,,False,,7,0,,,
7,71,True,0.427611,-0.4534,none,,,False,,7,0,,,
7,46,True,0.590273,0.641,none,,,False,,7,0,,,
7,91,True,0.406896,-0.5928,none,,,False,,7,0,,,
7,84,True,0.66009,1.1107,none,,,False,,7,0,,,
7,83,True,0.428364,-0.4484,none,,,False,,7,0,,,
7,27,True,0.265009,-1.5474,none,,,False,,7,0,,,
7,14,True,0.27418,-1.4857,none,,,False,,7,0,,,
7,10,True,0.541317,0.3116,none,,,False,,7,0,,,
7,32,True,0.574482,0.5347,none,,,False,,7,0,,,
7,62,True,1.065788,3.0,none,,,False,,7,0,,,
7,41,True,0.410173,-0.5708,none,,,False,,7,0,,,
7,42,True,0.483629,-0.0766,none,,,False,,7,0,,,
7,65,True,0.756308,1.7581,none,,,False,,7,0,,,
7,97,True,0.290813,-1.3738,none,,,False,,7,0,,,
7,37,True,0.510398,0.1036,none,,,False,,7,0,,,
7,20,True,0.357121,-0.9277,none,,,False,,7,0,,,
7,33,True,0.398583,-0.6487,none,,,False,,7,0,,,
7,1,True,0.425367,-0.4685,none,,,False,,7,0,,,
7,18,True,0.408519,-0.5819,none,,,False,,7,0,,,
7,88,True,0.597052,0.6866,none,,,False,,7,0,,,
7,44,True,0.466815,-0.1897,none,,,False,,7,0,,,
7,79,True,0.376968,-0.7942,none,,,False,,7,0,,,
7,43,True,0.538618,0.2934,none,,,False,,7,0,,,
7,7,True,0.45284,-0.2837,none,,,False,,7,0,,,
7,51,True,0.640991,0.9822,none,,,False,,7,0,,,
7,22,True,0.625461,0.8777,none,,,False,,7,0,,,
7,87,True,0.267547,-1.5304,none,,,False,,7,0,,,
7,2,True,0.400955,-0.6328,none,,,False,,7,0,,,
7,63,True,0.287192,-1.3982,none,,,False,,7,0,,,
7,95,True,0.890477,2.6608,none,,,False,,7,0,,,
7,11,True,0.556408,0.4131,none,,,False,,7,0,,,
7,47,True,0.489833,-0.0348,none,,,False,,7,0,,,
7,89,True,0.611265,0.7822,none,,,False,,7,0,,,
7,13,True,0.367698,-0.8565,none,,,False,,7,0,,,
7,93,True,0.798104,2.0393,none,,,False,,7,0,,,
8,69,True,0.706872,0.6582,none,,,False,,8,0,,,
8,71,True,0.371927,-0.6983,none,,,False,,8,0,,,
8,83,True,0.426907,-0.4756,none,,,False,,8,0,,,
8,64,True,0.594032,0.2012,none,,,False,,8,0,,,
8,9,True,0.744299,0.8097,none,,,False,,8,0,,,
8,50,True,0.548299,0.016,none,,,False,,8,0,,,
8,21,True,0.776393,0.9397,none,,,False,,8,0,,,
8,98,True,0.625893,0.3302,none,,,False,,8,0,,,
8,87,True,0.300297,-0.9884,none,,,False,,8,0,,,
8,24,True,0.22071,-1.3107,none,,,False,,8,0,,,
8,42,True,0.349111,-0.7907,none,,,False,,8,0,,,
8,17,True,0.560122,0.0639,none,,,False,,8,0,,,
8,91,True,0.411612,-0.5376,none,,,False,,8,0,,,
8,55,True,0.723141,0.724,none,,,False,,8,0,,,
8,36,True,0.774961,0.9339,none,,,False,,8,0,,,
8,85,True,0.43912,-0.4262,none,,,False,,8,0,,,
8,56,True,0.266177,-1.1265,none,,,False,,8,0,,,
8,15,True,0.620699,0.3092,none,,,False,,8,0,,,
8,6,True,0.40847,-0.5503,none,,,False,,8,0,,,
8,72,True,0.80095,1.0391,none,,,False,,8,0,,,
8,10,True,0.570365,0.1053,none,,,False,,8,0,,,
8,59,True,0.700431,0.6321,none,,,False,,8,0,,,
8,20,True,0.395804,-0.6016,none,,,False,,8,0,,,
8,49,True,0.527282,-0.0691,none,,,False,,8,0,,,
8,1,True,0.368779,-0.711,none,,,False,,8,0,,,
8,28,True,0.594357,0.2025,none,,,False,,8,0,,,
8,46,True,0.759623,0.8718,none,,,False,,8,0,,,
8,30,True,0.691293,0.5951,none,,,False,,8,0,,,
8,95,True,0.981442,1.7701,none,,,False,,8,0,,,
8,53,True,0.288926,-1.0344,none,,,False,,8,0,,,
8,79,True,0.304273,-0.9723,none,,,False,,8,0,,,
8,40,True,0.390666,-0.6224,none,,,False,,8,0,,,
8,19,True,0.318965,-0.9128,none,,,False,,8,0,,,
8,94,True,0.759765,0.8724,none,,,False,,8,0,,,
8,4,True,0.778604,0.9486,none,,,False,,8,0,,,
8,61,True,0.49253,-0.2099,none,,,False,,8,0,,,
8,14,True,0.307762,-0.9581,none,,,False,,8,0,,,
8,32,True,0.423623,-0.4889,none,,,False,,8,0,,,
8,67,True,0.71494,0.6908,none,,,False,,8,0,,,
8,65,True,0.831864,1.1643,none,,,False,,8,0,,,
8,82,True,0.292432,-1.0202,none,,,False,,8,0,,,
8,39,True,0.891648,1.4064,none,,,False,,8,0,,,
8,51,True,0.387715,-0.6343,none,,,False,,8,0,,,
8,8,True,0.591136,0.1895,none,,,False,,8,0,,,
8,74,True,0.35482,-0.7676,none,,,False,,8,0,,,
8,75,True,0.66626,0.4937,none,,,False,,8,0,,,
8,11,True,0.627077,0.335,none,,,False,,8,0,,,
8,78,True,0.540408,-0.016,none,,,False,,8,0,,,
8,68,True,0.163849,-1.5409,none,,,False,,8,0,,,
8,47,True,0.387793,-0.634,none,,,False,,8,0,,,
9,4,True,0.703628,0.8782,none,,,False,,9,0,,,
9,40,True,0.430221,-0.417,none,,,False,,9,0,,,
9,26,True,0.689875,0.8131,none,,,False,,9,0,,,
9,95,True,0.75556,1.1242,none,,,False,,9,0,,,
9,58,True,0.403639,-0.543,none,,,False,,9,0,,,
9,80,True,0.575597,0.2717,none,,,False,,9,0,,,
9,72,True,0.714299,0.9288,none,,,False,,9,0,,,
9,60,True,0.577916,0.2827,none,,,False,,9,0,,,
9,34,True,0.349555,-0.7992,none,,,False,,9,0,,,
9,87,True,0.313018,-0.9723,none,,,False,,9,0,,,
9,99,True,0.120272,-1.8854,none,,,False,,9,0,,,
9,44,True,0.54165,0.1109,none,,,False,,9,0,,,
9,47,True,0.481347,-0.1748,none,,,False,,9,0,,,
9,59,True,0.697408,0.8488,none,,,False,,9,0,,,
9,57,True,0.600022,0.3874,none,,,False,,9,0,,,
9,46,True,0.572775,0.2583,none,,,False,,9,0,,,
9,63,True,0.289122,-1.0855,none,,,False,,9,0,,,
9,31,True,0.923875,1.9216,none,,,False,,9,0,,,
9,55,True,1.016595,2.3609,none,,,False,,9,0,,,
9,68,True,0.130925,-1.8349,none,,,False,,9,0,,,
9,21,True,0.416567,-0.4817,none,,,False,,9,0,,,
9,86,True,0.499683,-0.088,none,,,False,,9,0,,,
9,6,True,0.452022,-0.3137,none,,,False,,9,0,,,
9,22,True,0.786463,1.2706,none,,,False,,9,0,,,
9,30,True,0.498334,-0.0943,none,,,False,,9,0,,,
9,56,True,0.384731,-0.6325,none,,,False,,9,0,,,
9,69,True,0.589704,0.3385,none,,,False,,9,0,,,
9,61,True,0.36024,-0.7486,none,,,False,,9,0,,,
9,10,True,0.491632,-0.1261,none,,,False,,9,0,,,
9,73,True,0.43635,-0.388,none,,,False,,9,0,,,
9,54,True,0.321074,-0.9341,none,,,False,,9,0,,,
9,65,True,0.662369,0.6828,none,,,False,,9,0,,,
9,96,True,0.723272,0.9713,none,,,False,,9,0,,,
9,78,True,0.643827,0.5949,none,,,False,,9,0,,,
9,1,True,0.368873,-0.7077,none,,,False,,9,0,,,
9,67,True,0.593499,0.3565,none,,,False,,9,0,,,
9,9,True,0.758651,1.1389,none,,,False,,9,0,,,
9,45,True,0.630396,0.5313,none,,,False,,9,0,,,
9,76,True,0.703958,0.8798,none,,,False,,9,0,,,
9,71,True,0.37762,-0.6662,none,,,False,,9,0,,,
9,5,True,0.404454,-0.5391,none,,,False,,9,0,,,
9,91,True,0.409208,-0.5166,none,,,False,,9,0,,,
9,18,True,0.42609,-0.4366,none,,,False,,9,0,,,
9,93,True,0.88004,1.714,none,,,False,,9,0,,,
9,75,True,0.69918,0.8572,none,,,False,,9,0,,,
9,42,True,0.51792,-0.0016,none,,,False,,9,0,,,
9,19,True,0.355904,-0.7691,none,,,False,,9,0,,,
9,37,True,0.681903,0.7753,none,,,False,,9,0,,,
9,79,True,0.267986,-1.1856,none,,,False,,9,0,,,
9,94,True,0.518577,0.0016,none,,,False,,9,0,,,
10,67,True,0.736332,0.8071,none,,,False,,10,0,,,
10,14,True,0.376292,-0.4666,none,,,False,,10,0,,,
10,3,True,0.203893,-1.0764,none,,,False,,10,0,,,
10,45,True,0.433387,-0.2646,none,,,False,,10,0,,,
10,13,True,0.38732,-0.4276,none,,,False,,10,0,,,
10,53,True,0.350115,-0.5592,none,,,False,,10,0,,,
10,4,True,0.88815,1.3442,none,,,False,,10,0,,,
10,65,True,0.771598,0.9319,none,,,False,,10,0,,,
10,61,True,0.561385,0.1882,none,,,False,,10,0,,,
10,23,True,0.748687,0.8508,none,,,False,,10,0,,,
10,91,True,0.35911,-0.5273,none,,,False,,10,0,,,
10,16,True,0.758599,0.8859,none,,,False,,10,0,,,
10,44,True,0.638966,0.4627,none,,,False,,10,0,,,
10,70,True,0.731054,0.7884,none,,,False,,10,0,,,
10,32,True,0.505955,-0.0079,none,,,False,,10,0,,,
10,97,True,0.237536,-0.9574,none,,,False,,10,0,,,
10,92,True,0.235421,-0.9649,none,,,False,,10,0,,,
10,56,True,0.292782,-0.762,none,,,False,,10,0,,,
10,80,True,0.623406,0.4076,none,,,False,,10,0,,,
10,46,True,0.634434,0.4466,none,,,False,,10,0,,,
10,6,True,0.363342,-0.5124,none,,,False,,10,0,,,
10,95,True,0.718817,0.7451,none,,,False,,10,0,,,
10,49,True,0.630963,0.4343,none,,,False,,10,0,,,
10,7,True,0.473666,-0.1221,none,,,False,,10,0,,,
10,81,True,0.510406,0.0079,none,,,False,,10,0,,,
10,83,True,0.345131,-0.5768,none,,,False,,10,0,,,
10,55,True,0.95662,1.5864,none,,,False,,10,0,,,
10,52,True,0.265503,-0.8585,none,,,False,,10,0,,,
10,62,True,0.696843,0.6674,none,,,False,,10,0,,,
10,28,True,0.70085,0.6816,none,,,False,,10,0,,,
10,27,True,0.4321,-0.2691,none,,,False,,10,0,,,
10,19,True,0.310642,-0.6988,none,,,False,,10,0,,,
10,9,True,0.799168,1.0294,none,,,False,,10,0,,,
10,1,True,0.254349,-0.8979,none,,,False,,10,0,,,
10,2,True,0.31086,-0.698,none,,,False,,10,0,,,
10,0,True,0.488227,-0.0706,none,,,False,,10,0,,,
10,93,True,0.953912,1.5768,none,,,False,,10,0,,,
10,48,True,0.865329,1.2634,none,,,False,,10,0,,,
10,98,True,0.797248,1.0226,none,,,False,,10,0,,,
10,29,True,0.418087,-0.3187,none,,,False,,10,0,,,
10,42,True,0.315171,-0.6828,none,,,False,,10,0,,,
10,20,True,0.435419,-0.2574,none,,,False,,10,0,,,
10,86,True,0.475426,-0.1159,none,,,False,,10,0,,,
10,66,True,0.619419,0.3935,none,,,False,,10,0,,,
10,36,True,0.912436,1.4301,none,,,False,,10,0,,,
10,26,True,0.858517,1.2393,none,,,False,,10,0,,,
10,72,True,0.724395,0.7649,none,,,False,,10,0,,,
10,89,True,0.411425,-0.3423,none,,,False,,10,0,,,
10,54,True,0.400874,-0.3796,none,,,False,,10,0,,,
10,76,True,0.607371,0.3509,none,,,False,,10,0,,,
11,78,True,0.664561,0.9644,none,,,False,,11,0,,,
11,38,True,0.45672,-0.1553,none,,,False,,11,0,,,
11,58,True,0.419717,-0.3547,none,,,False,,11,0,,,
11,65,True,0.925987,2.3728,none,,,False,,11,0,,,
11,89,True,0.511066,0.1374,none,,,False,,11,0,,,
11,82,True,0.361158,-0.6702,none,,,False,,11,0,,,
11,64,True,0.736339,1.3511,none,,,False,,11,0,,,
11,4,True,0.471847,-0.0738,none,,,False,,11,0,,,
11,1,True,0.420805,-0.3488,none,,,False,,11,0,,,
11,2,True,0.512498,0.1452,none,,,False,,11,0,,,
11,18,True,0.487728,0.0117,none,,,False,,11,0,,,
11,46,True,0.60516,0.6444,none,,,False,,11,0,,,
11,75,True,0.788296,1.631,none,,,False,,11,0,,,
11,97,True,0.327338,-0.8524,none,,,False,,11,0,,,
11,50,True,0.472221,-0.0718,none,,,False,,11,0,,,
11,80,True,0.455301,-0.163,none,,,False,,11,0,,,
11,85,True,0.349762,-0.7316,none,,,False,,11,0,,,
11,69,True,0.498444,0.0694,none,,,False,,11,0,,,
11,11,True,0.612231,0.6825,none,,,False,,11,0,,,
11,98,True,0.909545,2.2843,none,,,False,,11,0,,,
11,63,True,0.243112,-1.3062,none,,,False,,11,0,,,
11,15,True,0.709246,1.2051,none,,,False,,11,0,,,
11,28,True,0.469133,-0.0885,none,,,False,,11,0,,,
11,72,True,0.869052,2.0661,none,,,False,,11,0,,,
11,51,True,0.624717,0.7497,none,,,False,,11,0,,,
11,5,True,0.10945,-2.0263,none,,,False,,11,0,,,
11,95,True,0.48338,-0.0117,none,,,False,,11,0,,,
11,66,True,0.575488,0.4845,none,,,False,,11,0,,,
11,60,True,1.044619,3.0,none,,,False,,11,0,,,
11,42,True,0.452524,-0.1779,none,,,False,,11,0,,,
11,40,True,0.651405,0.8935,none,,,False,,11,0,,,
11,77,True,0.3472,-0.7454,none,,,False,,11,0,,,
11,61,True,0.291807,-1.0438,none,,,False,,11,0,,,
11,79,True,0.336086,-0.8053,none,,,False,,11,0,,,
11,93,True,0.622039,0.7353,none,,,False,,11,0,,,
11,99,True,0.218355,-1.4395,none,,,False,,11,0,,,
11,94,True,0.714224,1.232,none,,,False,,11,0,,,
11,48,True,0.750547,1.4277,none,,,False,,11,0,,,
11,71,True,0.359558,-0.6788,none,,,False,,11,0,,,
11,7,True,0.480456,-0.0275,none,,,False,,11,0,,,
11,55,True,0.710927,1.2142,none,,,False,,11,0,,,
11,0,True,0.722521,1.2767,none,,,False,,11,0,,,
11,53,True,0.429464,-0.3022,none,,,False,,11,0,,,
11,35,True,0.609232,0.6663,none,,,False,,11,0,,,
11,8,True,0.449894,-0.1921,none,,,False,,11,0,,,
11,25,True,0.469225,-0.088,none,,,False,,11,0,,,
11,6,True,0.420519,-0.3504,none,,,False,,11,0,,,
11,91,True,0.481358,-0.0226,none,,,False,,11,0,,,
11,12,True,0.569373,0.4516,none,,,False,,11,0,,,
11,22,True,0.586788,0.5454,none,,,False,,11,0,,,
12,51,True,0.432871,-0.246,none,,,False,,12,0,,,
12,23,True,0.523875,0.1946,none,,,False,,12,0,,,
12,20,True,0.502829,0.0927,none,,,False,,12,0,,,
12,46,True,0.805515,1.558,none,,,False,,12,0,,,
12,71,True,0.367194,-0.5639,none,,,False,,12,0,,,
12,61,True,0.454446,-0.1415,none,,,False,,12,0,,,
12,17,True,0.476252,-0.0359,none,,,False,,12,0,,,
12,26,True,0.863469,1.8386,none,,,False,,12,0,,,
12,7,True,0.538726,0.2665,none,,,False,,12,0,,,
12,64,True,0.619613,0.6581,none,,,False,,12,0,,,
12,79,True,0.146112,-1.6341,none,,,False,,12,0,,,
12,31,True,0.720263,1.1453,none,,,False,,12,0,,,
12,70,True,0.736115,1.222,none,,,False,,12,0,,,
12,34,True,0.32607,-0.763,none,,,False,,12,0,,,
12,73,True,0.336689,-0.7116,none,,,False,,12,0,,,
12,49,True,0.584394,0.4876,none,,,False,,12,0,,,
12,21,True,0.647429,0.7927,none,,,False,,12,0,,,
12,8,True,0.479281,-0.0213,none,,,False,,12,0,,,
12,3,True,0.196738,-1.3891,none,,,False,,12,0,,,
12,81,True,0.461627,-0.1067,none,,,False,,12,0,,,
12,15,True,0.597616,0.5516,none,,,False,,12,0,,,
12,77,True,0.426626,-0.2762,none,,,False,,12,0,,,
12,72,True,0.641495,0.764,none,,,False,,12,0,,,
12,42,True,0.399364,-0.4082,none,,,False,,12,0,,,
12,86,True,0.488073,0.0213,none,,,False,,12,0,,,
12,87,True,0.32963,-0.7457,none,,,False,,12,0,,,
12,40,True,0.30913,-0.845,none,,,False,,12,0,,,
12,78,True,0.542877,0.2866,none,,,False,,12,0,,,
12,66,True,0.603196,0.5786,none,,,False,,12,0,,,
12,57,True,0.783318,1.4506,none,,,False,,12,0,,,
12,18,True,0.220194,-1.2755,none,,,False,,12,0,,,
12,69,True,0.818015,1.6185,none,,,False,,12,0,,,
12,82,True,0.247623,-1.1427,none,,,False,,12,0,,,
12,85,True,0.45516,-0.1381,none,,,False,,12,0,,,
12,94,True,0.654475,0.8268,none,,,False,,12,0,,,
12,48,True,0.660991,0.8584,none,,,False,,12,0,,,
12,1,True,0.314952,-0.8168,none,,,False,,12,0,,,
12,32,True,0.422565,-0.2958,none,,,False,,12,0,,,
12,22,True,0.731163,1.1981,none,,,False,,12,0,,,
12,50,True,0.474402,-0.0449,none,,,False,,12,0,,,
12,41,True,0.437126,-0.2254,none,,,False,,12,0,,,
12,13,True,0.430984,-0.2551,none,,,False,,12,0,,,
12,28,True,0.65045,0.8073,none,,,False,,12,0,,,
12,14,True,0.395115,-0.4287,none,,,False,,12,0,,,
12,99,True,0.138379,-1.6716,none,,,False,,12,0,,,
12,62,True,0.922447,2.1241,none,,,False,,12,0,,,
12,84,True,0.6264,0.6909,none,,,False,,12,0,,,
12,11,True,0.584835,0.4897,none,,,False,,12,0,,,
12,88,True,0.558357,0.3615,none,,,False,,12,0,,,
12,97,True,0.301765,-0.8806,none,,,False,,12,0,,,
13,99,True,0.212944,-1.2631,none,,,False,,13,0,,,
13,50,True,0.153722,-1.5444,none,,,False,,13,0,,,
13,51,True,0.510518,0.1503,none,,,False,,13,0,,,
13,79,True,0.326302,-0.7247,none,,,False,,13,0,,,
13,87,True,0.283642,-0.9273,none,,,False,,13,0,,,
13,24,True,0.269998,-0.9921,none,,,False,,13,0,,,
13,49,True,0.348516,-0.6192,none,,,False,,13,0,,,
13,42,True,0.416623,-0.2957,none,,,False,,13,0,,,
13,31,True,0.901005,2.005,none,,,False,,13,0,,,
13,44,True,0.560345,0.3869,none,,,False,,13,0,,,
13,39,True,0.898846,1.9947,none,,,False,,13,0,,,
13,1,True,0.478283,-0.0028,none,,,False,,13,0,,,
13,19,True,0.33712,-0.6733,none,,,False,,13,0,,,
13,45,True,0.544712,0.3127,none,,,False,,13,0,,,
13,12,True,0.557987,0.3757,none,,,False,,13,0,,,
13,4,True,0.603902,0.5938,none,,,False,,13,0,,,
13,89,True,0.477472,-0.0067,none,,,False,,13,0,,,
13,21,True,0.81584,1.6004,none,,,False,,13,0,,,
13,92,True,0.320651,-0.7515,none,,,False,,13,0,,,
13,41,True,0.316564,-0.771,none,,,False,,13,0,,,
13,94,True,0.681046,0.9602,none,,,False,,13,0,,,
13,60,True,0.845411,1.7409,none,,,False,,13,0,,,
13,96,True,0.56953,0.4306,none,,,False,,13,0,,,
13,3,True,0.219079,-1.234,none,,,False,,13,0,,,
13,75,True,0.751054,1.2927,none,,,False,,13,0,,,
13,58,True,0.369233,-0.5208,none,,,False,,13,0,,,
13,0,True,0.639766,0.7642,none,,,False,,13,0,,,
13,86,True,0.345296,-0.6345,none,,,False,,13,0,,,
13,52,True,0.336626,-0.6757,none,,,False,,13,0,,,
13,62,True,0.96158,2.2927,none,,,False,,13,0,,,
13,10,True,0.500827,0.1042,none,,,False,,13,0,,,
13,13,True,0.29562,-0.8704,none,,,False,,13,0,,,
13,53,True,0.357269,-0.5776,none,,,False,,13,0,,,
13,63,True,0.287598,-0.9085,none,,,False,,13,0,,,
13,70,True,0.845019,1.739,none,,,False,,13,0,,,
13,16,True,0.649762,0.8116,none,,,False,,13,0,,,
13,34,True,0.287706,-0.908,none,,,False,,13,0,,,
13,90,True,0.591044,0.5327,none,,,False,,13,0,,,
13,91,True,0.450808,-0.1333,none,,,False,,13,0,,,
13,83,True,0.469312,-0.0454,none,,,False,,13,0,,,
13,85,True,0.479479,0.0028,none,,,False,,13,0,,,
13,67,True,0.563144,0.4002,none,,,False,,13,0,,,
13,57,True,0.691848,1.0115,none,,,False,,13,0,,,
13,78,True,0.595734,0.555,none,,,False,,13,0,,,
13,93,True,0.722414,1.1567,none,,,False,,13,0,,,
13,33,True,0.394868,-0.399,none,,,False,,13,0,,,
13,46,True,0.682743,0.9683,none,,,False,,13,0,,,
13,27,True,0.349391,-0.615,none,,,False,,13,0,,,
13,88,True,0.463702,-0.0721,none,,,False,,13,0,,,
13,76,True,0.504947,0.1238,none,,,False,,13,0,,,
14,68,True,0.220331,-1.3076,none,,,False,,14,0,,,
14,65,True,0.677922,0.879,none,,,False,,14,0,,,
14,11,True,0.605385,0.5324,none,,,False,,14,0,,,
14,48,True,0.817216,1.5446,none,,,False,,14,0,,,
14,88,True,0.497957,0.019,none,,,False,,14,0,,,
14,80,True,0.708126,1.0233,none,,,False,,14,0,,,
14,67,True,0.728558,1.121,none,,,False,,14,0,,,
14,58,True,0.436081,-0.2767,none,,,False,,14,0,,,
14,34,True,0.345443,-0.7098,none,,,False,,14,0,,,
14,24,True,0.277242,-1.0357,none,,,False,,14,0,,,
14,57,True,0.673523,0.858,none,,,False,,14,0,,,
14,79,True,0.293472,-0.9581,none,,,False,,14,0,,,
14,10,True,0.379815,-0.5455,none,,,False,,14,0,,,
14,55,True,0.885585,1.8713,none,,,False,,14,0,,,
14,81,True,0.414226,-0.3811,none,,,False,,14,0,,,
14,78,True,0.494624,0.0031,none,,,False,,14,0,,,
14,38,True,0.64771,0.7346,none,,,False,,14,0,,,
14,14,True,0.36021,-0.6392,none,,,False,,14,0,,,
14,45,True,0.493326,-0.0031,none,,,False,,14,0,,,
14,62,True,0.829826,1.6049,none,,,False,,14,0,,,
14,56,True,0.268964,-1.0752,none,,,False,,14,0,,,
14,89,True,0.418693,-0.3597,none,,,False,,14,0,,,
14,5,True,0.122165,-1.7767,none,,,False,,14,0,,,
14,93,True,0.862708,1.762,none,,,False,,14,0,,,
14,91,True,0.373801,-0.5743,none,,,False,,14,0,,,
14,6,True,0.378088,-0.5538,none,,,False,,14,0,,,
14,12,True,0.563232,0.3309,none,,,False,,14,0,,,
14,41,True,0.536233,0.2019,none,,,False,,14,0,,,
14,96,True,0.527453,0.16,none,,,False,,14,0,,,
14,1,True,0.333885,-0.765,none,,,False,,14,0,,,
14,3,True,0.226784,-1.2768,none,,,False,,14,0,,,
14,7,True,0.492276,-0.0081,none,,,False,,14,0,,,
14,42,True,0.423295,-0.3377,none,,,False,,14,0,,,
14,4,True,0.661245,0.7993,none,,,False,,14,0,,,
14,92,True,0.262069,-1.1082,none,,,False,,14,0,,,
14,18,True,0.395785,-0.4692,none,,,False,,14,0,,,
14,66,True,0.644618,0.7199,none,,,False,,14,0,,,
14,94,True,0.397191,-0.4625,none,,,False,,14,0,,,
14,15,True,0.556699,0.2997,none,,,False,,14,0,,,
14,43,True,0.438839,-0.2635,none,,,False,,14,0,,,
14,59,True,0.578931,0.406,none,,,False,,14,0,,,
14,17,True,0.526542,0.1556,none,,,False,,14,0,,,
14,46,True,0.573936,0.3821,none,,,False,,14,0,,,
14,27,True,0.375792,-0.5647,none,,,False,,14,0,,,
14,30,True,0.644263,0.7182,none,,,False,,14,0,,,
14,9,True,0.701642,0.9924,none,,,False,,14,0,,,
14,60,True,1.133659,3.0,none,,,False,,14,0,,,
14,82,True,0.397541,-0.4608,none,,,False,,14,0,,,
14,98,True,0.729881,1.1273,none,,,False,,14,0,,,
14,53,True,0.316197,-0.8495,none,,,False,,14,0,,,
15,95,True,0.898983,3.0,none,,,False,,15,0,,,
15,38,True,0.437262,-0.1262,none,,,False,,15,0,,,
15,50,True,0.393722,-0.4289,none,,,False,,15,0,,,
15,23,True,0.571624,0.8078,none,,,False,,15,0,,,
15,28,True,0.574982,0.8312,none,,,False,,15,0,,,
15,68,True,0.104442,-2.4398,none,,,False,,15,0,,,
15,53,True,0.313869,-0.984,none,,,False,,15,0,,,
15,93,True,0.822729,2.5534,none,,,False,,15,0,,,
15,17,True,0.600563,1.009,none,,,False,,15,0,,,
15,78,True,0.72258,1.8572,none,,,False,,15,0,,,
15,27,True,0.41911,-0.2524,none,,,False,,15,0,,,
15,76,True,0.512497,0.3968,none,,,False,,15,0,,,
15,86,True,0.431115,-0.1689,none,,,False,,15,0,,,
15,80,True,0.382643,-0.5059,none,,,False,,15,0,,,
15,20,True,0.384232,-0.4948,none,,,False,,15,0,,,
15,39,True,0.923204,3.0,none,,,False,,15,0,,,
15,59,True,0.455112,-0.0021,none,,,False,,15,0,,,
15,77,True,0.397777,-0.4007,none,,,False,,15,0,,,
15,71,True,0.38951,-0.4581,none,,,False,,15,0,,,
15,90,True,0.653715,1.3785,none,,,False,,15,0,,,
15,96,True,0.678119,1.5481,none,,,False,,15,0,,,
15,4,True,0.694902,1.6648,none,,,False,,15,0,,,
15,46,True,0.670282,1.4937,none,,,False,,15,0,,,
15,32,True,0.369419,-0.5978,none,,,False,,15,0,,,
15,88,True,0.411148,-0.3077,none,,,False,,15,0,,,
15,13,True,0.395034,-0.4197,none,,,False,,15,0,,,
15,12,True,0.506323,0.3539,none,,,False,,15,0,,,
15,89,True,0.65806,1.4087,none,,,False,,15,0,,,
15,3,True,0.187577,-1.8619,none,,,False,,15,0,,,
15,43,True,0.477023,0.1502,none,,,False,,15,0,,,
15,35,True,0.596601,0.9815,none,,,False,,15,0,,,
15,84,True,0.364561,-0.6316,none,,,False,,15,0,,,
15,11,True,0.554183,0.6866,none,,,False,,15,0,,,
15,97,True,0.272725,-1.27,none,,,False,,15,0,,,
15,22,True,0.705965,1.7417,none,,,False,,15,0,,,
15,64,True,0.749035,2.0411,none,,,False,,15,0,,,
15,91,True,0.419435,-0.2501,none,,,False,,15,0,,,
15,66,True,0.421115,-0.2384,none,,,False,,15,0,,,
15,98,True,0.704647,1.7326,none,,,False,,15,0,,,
15,2,True,0.439796,-0.1086,none,,,False,,15,0,,,
15,56,True,0.259799,-1.3598,none,,,False,,15,0,,,
15,5,True,0.482405,0.1876,none,,,False,,15,0,,,
15,87,True,0.25185,-1.4151,none,,,False,,15,0,,,
15,8,True,0.399834,-0.3864,none,,,False,,15,0,,,
15,83,True,0.5507,0.6624,none,,,False,,15,0,,,
15,25,True,0.491691,0.2522,none,,,False,,15,0,,,
15,33,True,0.373454,-0.5698,none,,,False,,15,0,,,
15,94,True,0.695288,1.6675,none,,,False,,15,0,,,
15,70,True,0.455717,0.0021,none,,,False,,15,0,,,
15,14,True,0.241628,-1.4861,none,,,False,,15,0,,,
16,47,True,0.380521,-0.5787,none,,,False,,16,0,,,
16,31,True,1.051404,2.6136,none,,,False,,16,0,,,
16,77,True,0.335503,-0.7929,none,,,False,,16,0,,,
16,19,True,0.317978,-0.8763,none,,,False,,16,0,,,
16,27,True,0.325383,-0.8411,none,,,False,,16,0,,,
16,59,True,0.572922,0.3368,none,,,False,,16,0,,,
16,5,True,0.334776,-0.7964,none,,,False,,16,0,,,
16,74,True,0.325442,-0.8408,none,,,False,,16,0,,,
16,88,True,0.394536,-0.512,none,,,False,,16,0,,,
16,21,True,0.752353,1.1906,none,,,False,,16,0,,,
16,67,True,0.635342,0.6338,none,,,False,,16,0,,,
16,39,True,0.619788,0.5598,none,,,False,,16,0,,,
16,71,True,0.360892,-0.6721,none,,,False,,16,0,,,
16,98,True,0.81573,1.4921,none,,,False,,16,0,,,
16,99,True,0.177926,-1.5428,none,,,False,,16,0,,,
16,38,True,0.568533,0.3159,none,,,False,,16,0,,,
16,6,True,0.33267,-0.8064,none,,,False,,16,0,,,
16,4,True,0.447132,-0.2618,none,,,False,,16,0,,,
16,44,True,0.547694,0.2167,none,,,False,,16,0,,,
16,85,True,0.394498,-0.5122,none,,,False,,16,0,,,
16,92,True,0.396497,-0.5027,none,,,False,,16,0,,,
16,68,True,0.12771,-1.7817,none,,,False,,16,0,,,
16,86,True,0.334384,-0.7983,none,,,False,,16,0,,,
16,12,True,0.657899,0.7411,none,,,False,,16,0,,,
16,55,True,0.759131,1.2228,none,,,False,,16,0,,,
16,87,True,0.231145,-1.2895,none,,,False,,16,0,,,
16,83,True,0.3893,-0.537,none,,,False,,16,0,,,
16,45,True,0.781902,1.3312,none,,,False,,16,0,,,
16,9,True,0.613357,0.5292,none,,,False,,16,0,,,
16,0,True,0.554969,0.2514,none,,,False,,16,0,,,
16,72,True,0.666309,0.7811,none,,,False,,16,0,,,
16,97,True,0.212747,-1.3771,none,,,False,,16,0,,,
16,46,True,0.718983,1.0318,none,,,False,,16,0,,,
16,60,True,0.758942,1.2219,none,,,False,,16,0,,,
16,69,True,0.630061,0.6087,none,,,False,,16,0,,,
16,24,True,0.334985,-0.7954,none,,,False,,16,0,,,
16,28,True,0.574176,0.3427,none,,,False,,16,0,,,
16,25,True,0.517357,0.0724,none,,,False,,16,0,,,
16,7,True,0.487908,-0.0677,none,,,False,,16,0,,,
16,43,True,0.516383,0.0677,none,,,False,,16,0,,,
16,80,True,0.560905,0.2796,none,,,False,,16,0,,,
16,17,True,0.596617,0.4495,none,,,False,,16,0,,,
16,22,True,0.403387,-0.4699,none,,,False,,16,0,,,
16,95,True,0.620767,0.5644,none,,,False,,16,0,,,
16,61,True,0.301318,-0.9556,none,,,False,,16,0,,,
16,79,True,0.413586,-0.4214,none,,,False,,16,0,,,
16,26,True,0.64439,0.6768,none,,,False,,16,0,,,
16,66,True,0.57229,0.3338,none,,,False,,16,0,,,
16,3,True,0.139517,-1.7255,none,,,False,,16,0,,,
16,52,True,0.291275,-1.0034,none,,,False,,16,0,,,
17,19,True,0.259521,-1.2314,none,,,False,,17,0,,,
17,57,True,0.685584,0.878,none,,,False,,17,0,,,
17,28,True,0.619577,0.5512,none,,,False,,17,0,,,
17,12,True,0.590246,0.406,none,,,False,,17,0,,,
17,61,True,0.444894,-0.3137,none,,,False,,17,0,,,
17,33,True,0.428611,-0.3943,none,,,False,,17,0,,,
17,23,True,0.737266,1.1338,none,,,False,,17,0,,,
17,43,True,0.39231,-0.574,none,,,False,,17,0,,,
17,38,True,0.476718,-0.1561,none,,,False,,17,0,,,
17,4,True,0.51876,0.052,none,,,False,,17,0,,,
17,56,True,0.23936,-1.3313,none,,,False,,17,0,,,
17,13,True,0.384905,-0.6107,none,,,False,,17,0,,,
17,6,True,0.372136,-0.6739,none,,,False,,17,0,,,
17,20,True,0.416451,-0.4545,none,,,False,,17,0,,,
17,75,True,0.639857,0.6516,none,,,False,,17,0,,,
17,89,True,0.474843,-0.1654,none,,,False,,17,0,,,
17,81,True,0.508922,0.0033,none,,,False,,17,0,,,
17,60,True,0.620698,0.5567,none,,,False,,17,0,,,
17,17,True,0.599677,0.4526,none,,,False,,17,0,,,
17,54,True,0.32478,-0.9083,none,,,False,,17,0,,,
17,51,True,0.561811,0.2652,none,,,False,,17,0,,,
17,8,True,0.381516,-0.6274,none,,,False,,17,0,,,
17,44,True,0.559429,0.2534,none,,,False,,17,0,,,
17,26,True,0.864029,1.7614,none,,,False,,17,0,,,
17,47,True,0.322059,-0.9218,none,,,False,,17,0,,,
17,83,True,0.520984,0.063,none,,,False,,17,0,,,
17,66,True,0.416983,-0.4519,none,,,False,,17,0,,,
17,65,True,0.713975,1.0185,none,,,False,,17,0,,,
17,36,True,0.585055,0.3803,none,,,False,,17,0,,,
17,9,True,0.73588,1.127,none,,,False,,17,0,,,
17,53,True,0.196351,-1.5442,none,,,False,,17,0,,,
17,76,True,0.605777,0.4828,none,,,False,,17,0,,,
17,29,True,0.340691,-0.8296,none,,,False,,17,0,,,
17,42,True,0.514539,0.0311,none,,,False,,17,0,,,
17,86,True,0.507578,-0.0033,none,,,False,,17,0,,,
17,46,True,0.707173,0.9848,none,,,False,,17,0,,,
17,68,True,0.207303,-1.49,none,,,False,,17,0,,,
17,31,True,0.78308,1.3607,none,,,False,,17,0,,,
17,90,True,0.696038,0.9297,none,,,False,,17,0,,,
17,16,True,0.594381,0.4264,none,,,False,,17,0,,,
17,74,True,0.307859,-0.9921,none,,,False,,17,0,,,
17,58,True,0.371893,-0.6751,none,,,False,,17,0,,,
17,2,True,0.337552,-0.8451,none,,,False,,17,0,,,
17,87,True,0.251518,-1.2711,none,,,False,,17,0,,,
17,79,True,0.279327,-1.1334,none,,,False,,17,0,,,
17,0,True,0.720202,1.0494,none,,,False,,17,0,,,
17,70,True,0.784025,1.3653,none,,,False,,17,0,,,
17,62,True,0.721026,1.0534,none,,,False,,17,0,,,
17,34,True,0.304791,-1.0073,none,,,False,,17,0,,,
17,24,True,0.014091,-2.4465,none,,,False,,17,0,,,
18,59,True,0.524925,0.0897,none,,,False,,18,0,,,
18,7,True,0.480227,-0.0897,none,,,False,,18,0,,,
18,97,True,0.232131,-1.0853,none,,,False,,18,0,,,
18,19,True,0.306655,-0.7862,none,,,False,,18,0,,,
18,23,True,0.658201,0.6245,none,,,False,,18,0,,,
18,34,True,0.29328,-0.8399,none,,,False,,18,0,,,
18,56,True,0.293352,-0.8396,none,,,False,,18,0,,,
18,31,True,0.739058,0.949,none,,,False,,18,0,,,
18,87,True,0.249697,-1.0148,none,,,False,,18,0,,,
18,8,True,0.302107,-0.8045,none,,,False,,18,0,,,
18,24,True,0.278787,-0.8981,none,,,False,,18,0,,,
18,70,True,0.802285,1.2027,none,,,False,,18,0,,,
18,35,True,0.597197,0.3797,none,,,False,,18,0,,,
18,15,True,0.645604,0.574,none,,,False,,18,0,,,
18,75,True,0.567608,0.261,none,,,False,,18,0,,,
18,55,True,0.906079,1.6193,none,,,False,,18,0,,,
18,53,True,0.338747,-0.6574,none,,,False,,18,0,,,
18,98,True,0.720002,0.8725,none,,,False,,18,0,,,
18,64,True,0.580403,0.3123,none,,,False,,18,0,,,
18,84,True,0.656763,0.6188,none,,,False,,18,0,,,
18,0,True,0.704598,0.8107,none,,,False,,18,0,,,
18,58,True,0.398875,-0.4162,none,,,False,,18,0,,,
18,9,True,0.551481,0.1963,none,,,False,,18,0,,,
18,63,True,0.016606,-1.9502,none,,,False,,18,0,,,
18,54,True,0.330251,-0.6915,none,,,False,,18,0,,,
18,6,True,0.326394,-0.707,none,,,False,,18,0,,,
18,38,True,0.613669,0.4458,none,,,False,,18,0,,,
18,50,True,0.396416,-0.426,none,,,False,,18,0,,,
18,61,True,0.431992,-0.2833,none,,,False,,18,0,,,
18,62,True,0.776645,1.0998,none,,,False,,18,0,,,
18,92,True,0.244034,-1.0375,none,,,False,,18,0,,,
18,71,True,0.326341,-0.7072,none,,,False,,18,0,,,
18,44,True,0.580365,0.3122,none,,,False,,18,0,,,
18,89,True,0.433653,-0.2766,none,,,False,,18,0,,,
18,93,True,0.592689,0.3616,none,,,False,,18,0,,,
18,40,True,0.420064,-0.3311,none,,,False,,18,0,,,
18,3,True,0.176692,-1.3078,none,,,False,,18,0,,,
18,46,True,0.712064,0.8407,none,,,False,,18,0,,,
18,16,True,0.545255,0.1713,none,,,False,,18,0,,,
18,72,True,0.719503,0.8705,none,,,False,,18,0,,,
18,12,True,0.611242,0.4361,none,,,False,,18,0,,,
18,88,True,0.404211,-0.3947,none,,,False,,18,0,,,
18,21,True,0.904622,1.6134,none,,,False,,18,0,,,
18,27,True,0.344938,-0.6326,none,,,False,,18,0,,,
18,60,True,0.79123,1.1584,none,,,False,,18,0,,,
18,96,True,0.53147,0.116,none,,,False,,18,0,,,
18,79,True,0.307696,-0.782,none,,,False,,18,0,,,
18,11,True,0.609168,0.4278,none,,,False,,18,0,,,
18,18,True,0.29069,-0.8503,none,,,False,,18,0,,,
18,32,True,0.45339,-0.1974,none,,,False,,18,0,,,
19,16,True,0.534534,0.0863,none,,,False,,19,0,,,
19,72,True,0.728144,1.0262,none,,,False,,19,0,,,
19,29,True,0.308944,-1.0088,none,,,False,,19,0,,,
19,9,True,0.5633,0.226,none,,,False,,19,0,,,
19,60,True,1.018594,2.4362,none,,,False,,19,0,,,
19,42,True,0.479412,-0.1812,none,,,False,,19,0,,,
19,78,True,0.630657,0.553,none,,,False,,19,0,,,
19,87,True,0.262437,-1.2346,none,,,False,,19,0,,,
19,33,True,0.063406,-2.2008,none,,,False,,19,0,,,
19,79,True,0.261142,-1.2408,none,,,False,,19,0,,,
19,41,True,0.460246,-0.2743,none,,,False,,19,0,,,
19,59,True,0.571639,0.2665,none,,,False,,19,0,,,
19,70,True,0.757154,1.1671,none,,,False,,19,0,,,
19,54,True,0.382039,-0.6539,none,,,False,,19,0,,,
19,86,True,0.517597,0.0041,none,,,False,,19,0,,,
19,80,True,0.475882,-0.1984,none,,,False,,19,0,,,
19,28,True,0.648135,0.6378,none,,,False,,19,0,,,
19,39,True,1.10052,2.8339,none,,,False,,19,0,,,
19,17,True,0.60011,0.4047,none,,,False,,19,0,,,
19,85,True,0.348551,-0.8165,none,,,False,,19,0,,,
19,46,True,0.667352,0.7311,none,,,False,,19,0,,,
19,7,True,0.495536,-0.103,none,,,False,,19,0,,,
19,47,True,0.320387,-0.9532,none,,,False,,19,0,,,
19,68,True,0.196064,-1.5568,none,,,False,,19,0,,,
19,4,True,0.54527,0.1385,none,,,False,,19,0,,,
19,75,True,0.562087,0.2201,none,,,False,,19,0,,,
19,90,True,0.564907,0.2338,none,,,False,,19,0,,,
19,19,True,0.271856,-1.1888,none,,,False,,19,0,,,
19,98,True,0.712449,0.95,none,,,False,,19,0,,,
19,36,True,0.734434,1.0568,none,,,False,,19,0,,,
19,6,True,0.361852,-0.7519,none,,,False,,19,0,,,
19,8,True,0.373575,-0.695,none,,,False,,19,0,,,
19,95,True,0.989349,2.2942,none,,,False,,19,0,,,
19,15,True,0.515899,-0.0041,none,,,False,,19,0,,,
19,10,True,0.360976,-0.7562,none,,,False,,19,0,,,
19,56,True,0.256218,-1.2647,none,,,False,,19,0,,,
19,5,True,0.452542,-0.3117,none,,,False,,19,0,,,
19,32,True,0.526692,0.0483,none,,,False,,19,0,,,
19,88,True,0.488599,-0.1366,none,,,False,,19,0,,,
19,71,True,0.405809,-0.5386,none,,,False,,19,0,,,
19,3,True,-0.021869,-2.6147,none,,,False,,19,0,,,
19,81,True,0.530237,0.0655,none,,,False,,19,0,,,
19,99,True,0.067066,-2.183,none,,,False,,19,0,,,
19,82,True,0.300235,-1.0511,none,,,False,,19,0,,,
19,35,True,0.629495,0.5473,none,,,False,,19,0,,,
19,13,True,0.45664,-0.2918,none,,,False,,19,0,,,
19,30,True,0.565323,0.2358,none,,,False,,19,0,,,
19,22,True,0.661474,0.7026,none,,,False,,19,0,,,
19,62,True,0.66432,0.7164,none,,,False,,19,0,,,
19,0,True,0.631722,0.5581,none,,,False,,19,0,,,
20,25,True,0.459085,0.0964,none,,,False,,20,0,,,
20,66,True,0.493406,0.2434,none,,,False,,20,0,,,
20,55,True,0.959086,2.2375,none,,,False,,20,0,,,
20,7,True,0.49822,0.264,none,,,False,,20,0,,,
20,79,True,0.377015,-0.255,none,,,False,,20,0,,,
20,57,True,0.637818,0.8618,none,,,False,,20,0,,,
20,92,True,0.274328,-0.6948,none,,,False,,20,0,,,
20,76,True,0.497816,0.2623,none,,,False,,20,0,,,
20,56,True,0.298737,-0.5902,none,,,False,,20,0,,,
20,71,True,0.315776,-0.5173,none,,,False,,20,0,,,
20,94,True,0.610295,0.7439,none,,,False,,20,0,,,
20,38,True,0.55489,0.5067,none,,,False,,20,0,,,
20,53,True,-0.05654,-2.1116,none,,,False,,20,0,,,
20,77,True,0.229576,-0.8864,none,,,False,,20,0,,,
20,19,True,0.363079,-0.3147,none,,,False,,20,0,,,
20,13,True,0.209218,-0.9736,none,,,False,,20,0,,,
20,40,True,0.516067,0.3404,none,,,False,,20,0,,,
20,87,True,0.241968,-0.8333,none,,,False,,20,0,,,
20,97,True,0.245502,-0.8182,none,,,False,,20,0,,,
20,99,True,0.021621,-1.7769,none,,,False,,20,0,,,
20,37,True,0.421616,-0.064,none,,,False,,20,0,,,
20,91,True,0.444479,0.0339,none,,,False,,20,0,,,
20,62,True,0.800868,1.56,none,,,False,,20,0,,,
20,74,True,0.165452,-1.161,none,,,False,,20,0,,,
20,51,True,0.624206,0.8035,none,,,False,,20,0,,,
20,72,True,0.383591,-0.2269,none,,,False,,20,0,,,
20,27,True,0.237274,-0.8534,none,,,False,,20,0,,,
20,30,True,0.588642,0.6512,none,,,False,,20,0,,,
20,22,True,0.643296,0.8852,none,,,False,,20,0,,,
20,78,True,0.647131,0.9017,none,,,False,,20,0,,,
20,86,True,0.352489,-0.3601,none,,,False,,20,0,,,
20,54,True,0.315161,-0.5199,none,,,False,,20,0,,,
20,10,True,0.54074,0.4461,none,,,False,,20,0,,,
20,39,True,0.654026,0.9312,none,,,False,,20,0,,,
20,82,True,0.272041,-0.7046,none,,,False,,20,0,,,
20,63,True,0.277274,-0.6821,none,,,False,,20,0,,,
20,2,True,0.473601,0.1586,none,,,False,,20,0,,,
20,36,True,0.848112,1.7623,none,,,False,,20,0,,,
20,43,True,0.391321,-0.1938,none,,,False,,20,0,,,
20,61,True,0.444411,0.0336,none,,,False,,20,0,,,
20,41,True,0.363405,-0.3133,none,,,False,,20,0,,,
20,64,True,0.715988,1.1965,none,,,False,,20,0,,,
20,98,True,0.592294,0.6668,none,,,False,,20,0,,,
20,45,True,0.724873,1.2346,none,,,False,,20,0,,,
20,15,True,0.549469,0.4835,none,,,False,,20,0,,,
20,46,True,0.701916,1.1363,none,,,False,,20,0,,,
20,5,True,0.213233,-0.9564,none,,,False,,20,0,,,
20,96,True,0.297053,-0.5974,none,,,False,,20,0,,,
20,50,True,0.13806,-1.2783,none,,,False,,20,0,,,
20,18,True,0.428732,-0.0336,none,,,False,,20,0,,,
21,36,True,0.566729,0.5578,none,,,False,,21,0,,,
21,89,True,0.539889,0.3777,none,,,False,,21,0,,,
21,31,True,0.621493,0.9252,none,,,False,,21,0,,,
21,98,True,0.590606,0.718,none,,,False,,21,0,,,
21,88,True,0.418917,-0.434,none,,,False,,21,0,,,
21,50,True,0.491469,0.0528,none,,,False,,21,0,,,
21,37,True,0.723998,1.613,none,,,False,,21,0,,,
21,79,True,0.053264,-2.8876,none,,,False,,21,0,,,
21,8,True,0.327468,-1.0477,none,,,False,,21,0,,,
21,45,True,0.479503,-0.0275,none,,,False,,21,0,,,
21,33,True,0.460736,-0.1534,none,,,False,,21,0,,,
21,38,True,0.460501,-0.155,none,,,False,,21,0,,,
21,14,True,0.322272,-1.0825,none,,,False,,21,0,,,
21,61,True,0.515949,0.217,none,,,False,,21,0,,,
21,41,True,0.435267,-0.3243,none,,,False,,21,0,,,
21,59,True,0.557619,0.4966,none,,,False,,21,0,,,
21,68,True,0.183314,-2.0149,none,,,False,,21,0,,,
21,46,True,0.758101,1.8419,none,,,False,,21,0,,,
21,83,True,0.534722,0.343,none,,,False,,21,0,,,
21,85,True,0.413422,-0.4709,none,,,False,,21,0,,,
21,28,True,0.480657,-0.0198,none,,,False,,21,0,,,
21,49,True,0.543452,0.4016,none,,,False,,21,0,,,
21,47,True,0.413079,-0.4732,none,,,False,,21,0,,,
21,65,True,0.592172,0.7285,none,,,False,,21,0,,,
21,76,True,0.39613,-0.5869,none,,,False,,21,0,,,
21,84,True,0.541399,0.3878,none,,,False,,21,0,,,
21,44,True,0.568327,0.5685,none,,,False,,21,0,,,
21,86,True,0.38282,-0.6763,none,,,False,,21,0,,,
21,67,True,0.606037,0.8215,none,,,False,,21,0,,,
21,34,True,0.272277,-1.418,none,,,False,,21,0,,,
21,25,True,0.510618,0.1813,none,,,False,,21,0,,,
21,73,True,0.3278,-1.0454,none,,,False,,21,0,,,
21,24,True,0.313527,-1.1412,none,,,False,,21,0,,,
21,57,True,0.777899,1.9747,none,,,False,,21,0,,,
21,27,True,0.364513,-0.7991,none,,,False,,21,0,,,
21,4,True,0.70132,1.4609,none,,,False,,21,0,,,
21,94,True,0.745064,1.7544,none,,,False,,21,0,,,
21,51,True,0.396343,-0.5855,none,,,False,,21,0,,,
21,12,True,0.626868,0.9613,none,,,False,,21,0,,,
21,48,True,0.841104,2.3988,none,,,False,,21,0,,,
21,43,True,0.448967,-0.2324,none,,,False,,21,0,,,
21,52,True,0.309242,-1.17,none,,,False,,21,0,,,
21,32,True,0.48655,0.0198,none,,,False,,21,0,,,
21,11,True,0.620722,0.9201,none,,,False,,21,0,,,
21,72,True,0.435369,-0.3237,none,,,False,,21,0,,,
21,40,True,0.383347,-0.6727,none,,,False,,21,0,,,
21,60,True,0.733968,1.6799,none,,,False,,21,0,,,
21,26,True,0.633075,1.003,none,,,False,,21,0,,,
21,82,True,0.316865,-1.1188,none,,,False,,21,0,,,
21,91,True,0.445757,-0.254,none,,,False,,21,0,,,
22,96,True,0.625423,0.9972,none,,,False,,22,0,,,
22,84,True,0.691791,1.394,none,,,False,,22,0,,,
22,67,True,0.511837,0.3179,none,,,False,,22,0,,,
22,3,True,0.1528,-1.829,none,,,False,,22,0,,,
22,5,True,0.249197,-1.2526,none,,,False,,22,0,,,
22,27,True,0.27885,-1.0753,none,,,False,,22,0,,,
22,93,True,0.712343,1.5169,none,,,False,,22,0,,,
22,65,True,0.666448,1.2425,none,,,False,,22,0,,,
22,20,True,0.358889,-0.5966,none,,,False,,22,0,,,
22,98,True,0.810012,2.101,none,,,False,,22,0,,,
22,87,True,0.276741,-1.0879,none,,,False,,22,0,,,
22,91,True,0.475921,0.1032,none,,,False,,22,0,,,
22,59,True,0.577994,0.7135,none,,,False,,22,0,,,
22,90,True,0.438292,-0.1218,none,,,False,,22,0,,,
22,36,True,0.697561,1.4285,none,,,False,,22,0,,,
22,16,True,0.371837,-0.5192,none,,,False,,22,0,,,
22,70,True,0.762653,1.8178,none,,,False,,22,0,,,
22,7,True,0.43216,-0.1585,none,,,False,,22,0,,,
22,43,True,0.492293,0.2011,none,,,False,,22,0,,,
22,86,True,0.472793,0.0845,none,,,False,,22,0,,,
22,75,True,0.801438,2.0497,none,,,False,,22,0,,,
22,63,True,0.268659,-1.1362,none,,,False,,22,0,,,
22,42,True,0.44454,-0.0845,none,,,False,,22,0,,,
22,25,True,0.498888,0.2405,none,,,False,,22,0,,,
22,57,True,0.428207,-0.1821,none,,,False,,22,0,,,
22,51,True,0.534429,0.453,none,,,False,,22,0,,,
22,58,True,0.421915,-0.2198,none,,,False,,22,0,,,
22,81,True,0.414684,-0.263,none,,,False,,22,0,,,
22,12,True,0.502524,0.2623,none,,,False,,22,0,,,
22,76,True,0.649933,1.1437,none,,,False,,22,0,,,
22,53,True,0.219335,-1.4311,none,,,False,,22,0,,,
22,41,True,0.352402,-0.6354,none,,,False,,22,0,,,
22,54,True,0.362645,-0.5742,none,,,False,,22,0,,,
22,92,True,0.296494,-0.9697,none,,,False,,22,0,,,
22,47,True,0.486938,0.1691,none,,,False,,22,0,,,
22,68,True,0.145387,-1.8733,none,,,False,,22,0,,,
22,80,True,0.530281,0.4282,none,,,False,,22,0,,,
22,40,True,0.497684,0.2333,none,,,False,,22,0,,,
22,50,True,0.310325,-0.887,none,,,False,,22,0,,,
22,46,True,0.737578,1.6678,none,,,False,,22,0,,,
22,39,True,0.97076,3.0,none,,,False,,22,0,,,
22,52,True,0.269693,-1.13,none,,,False,,22,0,,,
22,8,True,0.202615,-1.5311,none,,,False,,22,0,,,
22,13,True,0.379181,-0.4753,none,,,False,,22,0,,,
22,28,True,0.4932,0.2065,none,,,False,,22,0,,,
22,82,True,0.164812,-1.7572,none,,,False,,22,0,,,
22,35,True,0.389335,-0.4146,none,,,False,,22,0,,,
22,10,True,0.441457,-0.1029,none,,,False,,22,0,,,
22,69,True,0.580361,0.7277,none,,,False,,22,0,,,
22,83,True,0.536765,0.467,none,,,False,,22,0,,,
23,15,True,0.555024,0.3732,none,,,False,,23,0,,,
23,41,True,0.450823,-0.1972,none,,,False,,23,0,,,
23,67,True,0.543468,0.31,none,,,False,,23,0,,,
23,99,True,0.131393,-1.9459,none,,,False,,23,0,,,
23,97,True,0.232298,-1.3935,none,,,False,,23,0,,,
23,56,True,0.221582,-1.4522,none,,,False,,23,0,,,
23,91,True,0.488409,0.0086,none,,,False,,23,0,,,
23,3,True,0.181612,-1.671,none,,,False,,23,0,,,
23,29,True,0.3774,-0.5992,none,,,False,,23,0,,,
23,68,True,0.194183,-1.6022,none,,,False,,23,0,,,
23,86,True,0.317799,-0.9254,none,,,False,,23,0,,,
23,57,True,0.587018,0.5484,none,,,False,,23,0,,,
23,92,True,0.284715,-1.1066,none,,,False,,23,0,,,
23,32,True,0.357168,-0.7099,none,,,False,,23,0,,,
23,4,True,0.54259,0.3052,none,,,False,,23,0,,,
23,83,True,0.404856,-0.4488,none,,,False,,23,0,,,
23,42,True,0.496002,0.0501,none,,,False,,23,0,,,
23,9,True,0.682562,1.0715,none,,,False,,23,0,,,
23,1,True,0.390002,-0.5302,none,,,False,,23,0,,,
23,46,True,0.555494,0.3758,none,,,False,,23,0,,,
23,73,True,0.430868,-0.3064,none,,,False,,23,0,,,
23,54,True,0.370108,-0.6391,none,,,False,,23,0,,,
23,53,True,-0.102314,-3.0,none,,,False,,23,0,,,
23,21,True,0.806067,1.7476,none,,,False,,23,0,,,
23,18,True,0.341115,-0.7978,none,,,False,,23,0,,,
23,65,True,0.650617,0.8966,none,,,False,,23,0,,,
23,6,True,0.245714,-1.3201,none,,,False,,23,0,,,
23,89,True,0.577731,0.4976,none,,,False,,23,0,,,
23,72,True,0.807053,1.753,none,,,False,,23,0,,,
23,39,True,0.652981,0.9095,none,,,False,,23,0,,,
23,14,True,0.313995,-0.9463,none,,,False,,23,0,,,
23,40,True,0.520938,0.1866,none,,,False,,23,0,,,
23,24,True,0.335476,-0.8287,none,,,False,,23,0,,,
23,16,True,0.600277,0.621,none,,,False,,23,0,,,
23,88,True,0.48528,-0.0086,none,,,False,,23,0,,,
23,7,True,0.52617,0.2153,none,,,False,,23,0,,,
23,66,True,0.526642,0.2179,none,,,False,,23,0,,,
23,31,True,0.9938,2.7753,none,,,False,,23,0,,,
23,98,True,0.467961,-0.1034,none,,,False,,23,0,,,
23,58,True,0.311025,-0.9625,none,,,False,,23,0,,,
23,30,True,0.506931,0.11,none,,,False,,23,0,,,
23,2,True,0.496061,0.0505,none,,,False,,23,0,,,
23,37,True,0.675674,1.0337,none,,,False,,23,0,,,
23,33,True,0.376441,-0.6044,none,,,False,,23,0,,,
23,50,True,0.322243,-0.9011,none,,,False,,23,0,,,
23,48,True,0.616601,0.7103,none,,,False,,23,0,,,
23,75,True,0.823014,1.8404,none,,,False,,23,0,,,
23,22,True,0.578182,0.5,none,,,False,,23,0,,,
23,87,True,0.257202,-1.2572,none,,,False,,23,0,,,
23,17,True,0.500507,0.0748,none,,,False,,23,0,,,
24,75,True,0.535478,0.2903,none,,,False,,24,0,,,
24,93,True,0.847923,1.7153,none,,,False,,24,0,,,
24,27,True,0.34863,-0.5619,none,,,False,,24,0,,,
24,35,True,0.556557,0.3864,none,,,False,,24,0,,,
24,56,True,0.268156,-0.9289,none,,,False,,24,0,,,
24,34,True,0.313825,-0.7207,none,,,False,,24,0,,,
24,41,True,0.454928,-0.0771,none,,,False,,24,0,,,
24,1,True,0.245335,-1.033,none,,,False,,24,0,,,
24,91,True,0.415433,-0.2572,none,,,False,,24,0,,,
24,87,True,0.25132,-1.0057,none,,,False,,24,0,,,
24,80,True,0.659766,0.8571,none,,,False,,24,0,,,
24,79,True,0.175134,-1.3532,none,,,False,,24,0,,,
24,0,True,0.518473,0.2127,none,,,False,,24,0,,,
24,53,True,0.114582,-1.6294,none,,,False,,24,0,,,
24,61,True,0.569255,0.4443,none,,,False,,24,0,,,
24,57,True,0.679535,0.9473,none,,,False,,24,0,,,
24,88,True,0.324243,-0.6731,none,,,False,,24,0,,,
24,2,True,0.299859,-0.7844,none,,,False,,24,0,,,
24,22,True,0.668785,0.8982,none,,,False,,24,0,,,
24,11,True,0.617341,0.6636,none,,,False,,24,0,,,
24,19,True,0.359693,-0.5115,none,,,False,,24,0,,,
24,76,True,0.538045,0.302,none,,,False,,24,0,,,
24,78,True,0.488742,0.0771,none,,,False,,24,0,,,
24,44,True,0.568483,0.4408,none,,,False,,24,0,,,
24,52,True,0.303788,-0.7664,none,,,False,,24,0,,,
24,5,True,0.395982,-0.346,none,,,False,,24,0,,,
24,98,True,0.51413,0.1929,none,,,False,,24,0,,,
24,69,True,0.725252,1.1558,none,,,False,,24,0,,,
24,10,True,0.538696,0.3049,none,,,False,,24,0,,,
24,58,True,0.313626,-0.7216,none,,,False,,24,0,,,
24,16,True,0.648008,0.8035,none,,,False,,24,0,,,
24,63,True,0.198535,-1.2465,none,,,False,,24,0,,,
24,67,True,0.744828,1.2451,none,,,False,,24,0,,,
24,20,True,0.434089,-0.1722,none,,,False,,24,0,,,
24,51,True,0.543079,0.3249,none,,,False,,24,0,,,
24,43,True,0.349841,-0.5564,none,,,False,,24,0,,,
24,65,True,0.578552,0.4867,none,,,False,,24,0,,,
24,94,True,0.519267,0.2163,none,,,False,,24,0,,,
24,29,True,0.319213,-0.6961,none,,,False,,24,0,,,
24,46,True,0.663979,0.8763,none,,,False,,24,0,,,
24,66,True,0.584255,0.5127,none,,,False,,24,0,,,
24,70,True,0.806084,1.5244,none,,,False,,24,0,,,
24,68,True,0.18978,-1.2864,none,,,False,,24,0,,,
24,32,True,0.509209,0.1705,none,,,False,,24,0,,,
24,84,True,0.62002,0.6758,none,,,False,,24,0,,,
24,13,True,0.349881,-0.5562,none,,,False,,24,0,,,
24,59,True,0.383688,-0.402,none,,,False,,24,0,,,
24,97,True,0.279494,-0.8772,none,,,False,,24,0,,,
24,74,True,0.230644,-1.1,none,,,False,,24,0,,,
24,73,True,0.236562,-1.073,none,,,False,,24,0,,,
25,27,True,0.284811,-1.1851,none,,,False,,25,0,,,
25,88,True,0.584666,0.3913,none,,,False,,25,0,,,
25,94,True,0.57113,0.3201,none,,,False,,25,0,,,
25,23,True,0.520083,0.0518,none,,,False,,25,0,,,
25,34,True,0.278841,-1.2165,none,,,False,,25,0,,,
25,11,True,0.392311,-0.62,none,,,False,,25,0,,,
25,32,True,0.345877,-0.8641,none,,,False,,25,0,,,
25,58,True,0.407154,-0.5419,none,,,False,,25,0,,,
25,96,True,0.603225,0.4889,none,,,False,,25,0,,,
25,15,True,0.629984,0.6295,none,,,False,,25,0,,,
25,21,True,0.801344,1.5304,none,,,False,,25,0,,,
25,98,True,0.79943,1.5203,none,,,False,,25,0,,,
25,77,True,0.310046,-1.0524,none,,,False,,25,0,,,
25,28,True,0.507613,-0.0138,none,,,False,,25,0,,,
25,76,True,0.594477,0.4429,none,,,False,,25,0,,,
25,63,True,0.168819,-1.7949,none,,,False,,25,0,,,
25,48,True,0.690229,0.9462,none,,,False,,25,0,,,
25,55,True,0.720788,1.1069,none,,,False,,25,0,,,
25,80,True,0.470743,-0.2076,none,,,False,,25,0,,,
25,33,True,0.315411,-1.0242,none,,,False,,25,0,,,
25,1,True,0.399084,-0.5843,none,,,False,,25,0,,,
25,81,True,0.494332,-0.0836,none,,,False,,25,0,,,
25,10,True,0.116498,-2.07,none,,,False,,25,0,,,
25,65,True,0.614472,0.548,none,,,False,,25,0,,,
25,39,True,0.954065,2.3333,none,,,False,,25,0,,,
25,53,True,0.286959,-1.1738,none,,,False,,25,0,,,
25,3,True,0.119288,-2.0553,none,,,False,,25,0,,,
25,9,True,0.794464,1.4942,none,,,False,,25,0,,,
25,86,True,0.512861,0.0138,none,,,False,,25,0,,,
25,95,True,0.722756,1.1172,none,,,False,,25,0,,,
25,37,True,0.486656,-0.124,none,,,False,,25,0,,,
25,72,True,0.75366,1.2797,none,,,False,,25,0,,,
25,50,True,0.321764,-0.9908,none,,,False,,25,0,,,
25,6,True,0.370788,-0.7331,none,,,False,,25,0,,,
25,84,True,0.622574,0.5906,none,,,False,,25,0,,,
25,18,True,0.465595,-0.2347,none,,,False,,25,0,,,
25,87,True,0.281774,-1.2011,none,,,False,,25,0,,,
25,5,True,-0.569711,-3.0,none,,,False,,25,0,,,
25,30,True,0.526753,0.0868,none,,,False,,25,0,,,
25,7,True,0.521191,0.0576,none,,,False,,25,0,,,
25,90,True,0.541882,0.1664,none,,,False,,25,0,,,
25,24,True,0.394693,-0.6074,none,,,False,,25,0,,,
25,29,True,0.27544,-1.2344,none,,,False,,25,0,,,
25,75,True,0.824939,1.6544,none,,,False,,25,0,,,
25,70,True,0.623386,0.5948,none,,,False,,25,0,,,
25,17,True,0.514925,0.0246,none,,,False,,25,0,,,
25,73,True,0.506115,-0.0217,none,,,False,,25,0,,,
25,36,True,0.647088,0.7194,none,,,False,,25,0,,,
25,44,True,0.544813,0.1818,none,,,False,,25,0,,,
25,56,True,0.286462,-1.1764,none,,,False,,25,0,,,
26,39,True,0.912136,2.2924,none,,,False,,26,0,0.1299,2.2253,
26,60,True,0.907029,2.2547,none,,,False,,26,0,0.1608,1.8918,
26,55,True,1.008307,3.0,none,,,False,,26,0,0.1421,1.8053,
26,21,True,0.718845,0.8638,none,,,False,,26,0,0.1299,1.7748,
26,31,True,0.542079,-0.4427,none,,,False,,26,0,0.1308,1.679,
26,48,True,0.712825,0.8193,none,,,False,,26,0,0.1686,1.5185,
26,95,True,0.613483,0.0851,none,,,False,,26,0,0.107,1.4589,
26,70,True,0.712088,0.8139,none,,,False,,26,0,0.107,1.446,
26,75,True,0.699337,0.7196,none,,,False,,26,0,0.1038,1.3908,
26,64,True,0.752823,1.1149,none,,,False,,26,0,0.2222,1.3414,
26,93,True,0.794302,1.4215,none,,,False,,26,0,0.1144,1.3229,
26,26,True,0.616471,0.1071,none,,,False,,26,0,0.1959,1.2978,
26,62,True,0.673555,0.5291,none,,,False,,26,0,0.1855,1.2641,
26,46,True,0.671568,0.5144,none,,,False,,26,0,0.0999,1.0776,
26,9,True,0.509409,-0.6842,none,,,False,,26,0,0.1038,1.0597,
26,36,True,0.626791,0.1834,none,,,False,,26,0,0.1299,1.0463,
26,72,True,0.463633,-1.0225,none,,,False,,26,0,0.1038,1.0321,
26,84,True,0.603441,0.0108,none,,,False,,26,0,0.107,1.0204,
26,37,True,0.530289,-0.5298,none,,,False,,26,0,0.1834,1.0177,
26,45,True,0.627959,0.192,none,,,False,,26,0,0.1959,0.9968,
26,69,True,0.606372,0.0325,none,,,False,,26,0,0.1555,0.9815,
26,22,True,0.667368,0.4833,none,,,False,,26,0,0.1317,0.8998,
26,94,True,0.416479,-1.371,none,,,False,,26,0,0.107,0.8972,
26,23,True,0.69696,0.702,none,,,False,,26,0,0.1686,0.77,
26,65,True,0.673602,0.5294,none,,,False,,26,0,0.0983,0.765,
26,76,True,0.498865,-0.7621,none,,,False,,26,0,0.1038,0.7586,
26,67,True,0.649294,0.3497,none,,,False,,26,0,0.1205,0.758,
26,4,True,0.604736,0.0204,none,,,False,,26,0,0.1207,0.7495,
26,12,True,0.546221,-0.4121,none,,,False,,26,0,0.1474,0.6868,
26,0,True,0.552713,-0.3641,none,,,False,,26,0,0.1433,0.6715,
26,98,True,0.618228,0.1201,none,,,False,,26,0,0.0983,0.6579,
26,78,True,0.662109,0.4445,none,,,False,,26,0,0.1144,0.6356,
26,15,True,0.405463,-1.4525,none,,,False,,26,0,0.1182,0.6341,
26,57,True,0.376167,-1.669,none,,,False,,26,0,0.1433,0.5822,
26,44,True,0.568666,-0.2462,none,,,False,,26,0,0.1038,0.5261,
26,80,True,0.691923,0.6648,none,,,False,,26,0,0.1038,0.4883,
26,66,True,0.60051,-0.0108,none,,,False,,26,0,0.1205,0.4583,
26,11,True,0.502548,-0.7349,none,,,False,,26,0,0.1038,0.4503,
26,96,True,0.426607,-1.2962,none,,,False,,26,0,0.1421,0.4469,
26,16,True,0.582442,-0.1444,none,,,False,,26,0,0.1205,0.4354,
26,30,True,0.443217,-1.1734,none,,,False,,26,0,0.1182,0.4213,
26,38,True,0.436002,-1.2267,none,,,False,,26,0,0.1959,0.4166,
26,59,True,0.590039,-0.0882,none,,,False,,26,0,0.1173,0.3985,
26,61,True,0.474561,-0.9417,none,,,False,,26,0,0.1144,0.3566,
26,5,True,2.9e-05,-3.0,cusum,,,True,negative,26,0,0.307,-1.8992,
26,49,True,0.516419,-0.6324,none,,,False,,26,0,0.2534,0.279,
26,25,True,0.597568,-0.0326,none,,,False,,26,0,0.2237,0.3495,
26,85,True,0.361423,-1.778,none,,,False,,26,0,0.1959,-0.4491,
26,47,True,0.45387,-1.0947,none,,,False,,26,0,0.1825,-0.2684,
26,82,True,0.252285,-2.5846,none,,,False,,26,0,0.1825,-1.0428,
27,55,True,0.778248,1.3661,cusum,,,True,positive,27,0,0.3325,3.2591,
27,39,True,1.127634,3.0,cusum,,,True,positive,27,0,0.3211,2.9838,
27,60,True,1.210162,3.0,none,,,False,,27,0,0.1033,2.2527,
27,93,True,0.687986,0.7511,none,,,False,,27,0,0.0979,1.6725,
27,21,True,0.650899,0.4985,none,,,False,,27,0,0.1211,1.5193,
27,95,True,1.009915,2.9445,none,,,False,,27,0,0.1033,1.2946,
27,31,True,0.878054,2.0461,none,,,False,,27,0,0.1005,1.2109,
27,70,True,0.72574,1.0084,none,,,False,,27,0,0.1033,1.1068,
27,26,True,0.504411,-0.4996,none,,,False,,27,0,0.1325,1.1015,
27,62,True,0.760908,1.248,none,,,False,,27,0,0.1102,1.0688,
27,64,True,0.678995,0.6899,none,,,False,,27,0,0.1444,1.0253,
27,75,True,0.624807,0.3207,none,,,False,,27,0,0.1005,1.0131,
27,48,True,0.707189,0.882,none,,,False,,27,0,0.157,0.9834,
27,36,True,0.68052,0.7003,none,,,False,,27,0,0.1211,0.9158,
27,72,True,0.854176,1.8834,none,,,False,,27,0,0.1005,0.7951,
27,69,True,0.28858,-1.9701,none,,,False,,27,0,0.1325,0.783,
27,67,True,0.581393,0.0249,none,,,False,,27,0,0.1033,0.764,
27,22,True,0.629954,0.3558,none,,,False,,27,0,0.1102,0.7608,
27,9,True,0.735085,1.072,none,,,False,,27,0,0.1005,0.7522,
27,98,True,0.93594,2.4405,none,,,False,,27,0,0.0955,0.729,
27,4,True,0.418419,-1.0855,none,,,False,,27,0,0.0912,0.7073,
27,46,True,0.566376,-0.0774,none,,,False,,27,0,0.0844,0.6909,
27,65,True,0.547701,-0.2046,none,,,False,,27,0,0.0955,0.6392,
27,23,True,0.484659,-0.6342,none,,,False,,27,0,0.157,0.6176,
27,45,True,0.481301,-0.657,none,,,False,,27,0,0.1325,0.6107,
27,78,True,0.598064,0.1385,none,,,False,,27,0,0.0979,0.5957,
27,80,True,0.499721,-0.5315,none,,,False,,27,0,0.1005,0.5631,
27,16,True,0.581628,0.0265,none,,,False,,27,0,0.1033,0.5558,
27,84,True,0.468679,-0.743,none,,,False,,27,0,0.1033,0.5548,
27,12,True,0.484689,-0.634,none,,,False,,27,0,0.1033,0.3996,
27,66,True,0.717482,0.9521,none,,,False,,27,0,0.1033,0.369,
27,89,True,0.534901,-0.2919,none,,,False,,27,0,0.1491,0.3332,
27,35,True,0.510418,-0.4587,none,,,False,,27,0,0.1584,0.3174,
27,17,True,0.568809,-0.0608,none,,,False,,27,0,0.1232,0.3017,
27,25,True,0.574083,-0.0249,none,,,False,,27,0,0.1704,0.2964,
27,37,True,0.526194,-0.3512,none,,,False,,27,0,0.1704,0.2933,
27,0,True,0.588906,0.0761,none,,,False,,27,0,0.1211,0.2743,
27,90,True,0.674478,0.6591,none,,,False,,27,0,0.1833,0.2594,
27,83,True,0.534513,-0.2945,none,,,False,,27,0,0.1491,0.254,
27,44,True,0.390969,-1.2725,none,,,False,,27,0,0.1005,0.2505,
27,96,True,0.691381,0.7743,none,,,False,,27,0,0.1325,0.2076,
27,51,True,0.541886,-0.2443,none,,,False,,27,0,0.1471,0.2028,
27,59,True,0.497961,-0.5435,none,,,False,,27,0,0.1005,0.1994,
27,28,True,0.625193,0.3233,none,,,False,,27,0,0.1232,0.1913,
27,5,True,0.452818,-0.8511,none,,,False,,27,0,0.3033,-2.4862,
27,52,True,0.336581,-1.643,none,,,False,,27,0,0.1963,-0.8555,
27,14,True,0.220119,-2.4365,none,,,False,,27,0,0.1959,-1.0135,
27,71,True,0.40643,-1.1671,none,,,False,,27,0,0.188,-0.4541,
27,49,True,0.499217,-0.535,none,,,False,,27,0,0.1849,-0.1065,
27,77,True,0.185417,-2.6729,none,,,False,,27,0,0.1833,-0.7439,
28,39,True,0.907028,2.0283,none,,,False,,28,0,0.3132,3.6755,
28,60,True,0.988939,2.5295,cusum,,,True,positive,28,0,0.3,3.4365,
28,55,True,0.611852,0.2221,none,,,False,,28,0,0.3239,2.963,
28,95,True,0.854232,1.7053,cusum,,,True,positive,28,0,0.3,2.5073,
28,98,True,0.809412,1.431,cusum,,,True,positive,28,0,0.2928,2.475,
28,31,True,0.632748,0.35,none,,,False,,28,0,0.0974,1.5808,
28,93,True,0.669585,0.5754,none,,,False,,28,0,0.095,1.4138,
28,62,True,0.672265,0.5918,none,,,False,,28,0,0.1029,1.2414,
28,64,True,0.656877,0.4976,none,,,False,,28,0,0.135,1.1448,
28,21,True,0.771154,1.1969,none,,,False,,28,0,0.1132,1.0978,
28,48,True,0.853633,1.7016,none,,,False,,28,0,0.1466,1.0333,
28,75,True,0.534163,-0.2533,none,,,False,,28,0,0.0974,1.0195,
28,70,True,0.722944,0.9019,none,,,False,,28,0,0.1,0.9307,
28,72,True,0.840757,1.6228,none,,,False,,28,0,0.0974,0.8348,
28,9,True,0.555777,-0.121,none,,,False,,28,0,0.0974,0.7486,
28,22,True,0.587666,0.0741,none,,,False,,28,0,0.1029,0.7082,
28,36,True,0.730271,0.9467,none,,,False,,28,0,0.1132,0.668,
28,67,True,0.656242,0.4938,none,,,False,,28,0,0.1,0.6649,
28,66,True,0.652147,0.4687,none,,,False,,28,0,0.1,0.6097,
28,46,True,0.615041,0.2416,none,,,False,,28,0,0.0825,0.5378,
28,65,True,0.617058,0.254,none,,,False,,28,0,0.0928,0.4056,
28,90,True,0.649574,0.453,none,,,False,,28,0,0.1589,0.3927,
28,16,True,0.563435,-0.0741,none,,,False,,28,0,0.1,0.3535,
28,26,True,0.600467,0.1525,none,,,False,,28,0,0.1239,0.3422,
28,78,True,0.537419,-0.2333,none,,,False,,28,0,0.095,0.3379,
28,89,True,0.325341,-1.531,none,,,False,,28,0,0.1029,0.3236,
28,51,True,0.326542,-1.5237,none,,,False,,28,0,0.1132,0.3115,
28,28,True,0.541575,-0.2079,none,,,False,,28,0,0.1029,0.3011,
28,25,True,0.311489,-1.6158,none,,,False,,28,0,0.1589,0.2191,
28,23,True,0.631257,0.3409,none,,,False,,28,0,0.1466,0.1906,
28,7,True,0.460547,-0.7037,none,,,False,,28,0,0.125,0.1631,
28,17,True,0.330179,-1.5014,none,,,False,,28,0,0.1029,0.142,
28,96,True,0.470098,-0.6453,none,,,False,,28,0,0.1239,0.1277,
28,76,True,0.607994,0.1985,none,,,False,,28,0,0.1125,0.1192,
28,0,True,0.485284,-0.5523,none,,,False,,28,0,0.1132,0.1085,
28,80,True,0.561265,-0.0874,none,,,False,,28,0,0.0974,0.0965,
28,57,True,0.691995,0.7125,none,,,False,,28,0,0.1364,0.0809,
28,84,True,0.603221,0.1693,none,,,False,,28,0,0.1,0.0778,
28,91,True,0.399814,-1.0753,none,,,False,,28,0,0.1349,0.0728,
28,81,True,0.522336,-0.3256,none,,,False,,28,0,0.16,0.0506,
28,42,True,0.405217,-1.0423,none,,,False,,28,0,0.1474,0.0494,
28,40,True,0.32588,-1.5277,none,,,False,,28,0,0.1632,0.0494,
28,83,True,0.32616,-1.526,none,,,False,,28,0,0.1029,0.037,
28,77,True,0.226644,-2.135,cusum,,,True,negative,28,0,0.3589,-1.8791,
28,5,True,0.557398,-0.1111,cusum,,,True,negative,28,0,0.3,-2.6587,
28,74,True,0.220819,-2.1706,none,,,False,,28,0,0.1964,-0.9263,
28,8,True,0.350797,-1.3753,none,,,False,,28,0,0.1864,-0.9526,
28,2,True,0.323097,-1.5448,none,,,False,,28,0,0.1841,-0.041,
28,97,True,0.25225,-1.9783,none,,,False,,28,0,0.1841,-0.8789,
28,29,True,0.228875,-2.1213,none,,,False,,28,0,0.1839,-0.6851,
29,60,True,1.029403,2.6979,none,,,False,,29,0,0.297,3.716,
29,39,True,0.897835,1.9018,cusum,,,True,positive,29,0,0.3059,3.5694,
29,95,True,0.917517,2.0209,none,,,False,,29,0,0.297,2.6995,
29,55,True,0.874265,1.7592,none,,,False,,29,0,0.316,2.663,
29,98,True,0.695242,0.676,none,,,False,,29,0,0.2903,2.4423,
29,48,True,0.863007,1.6911,cusum,,,True,positive,29,0,0.3372,2.2786,
29,21,True,0.802336,1.324,cusum,,,True,positive,29,0,0.3059,1.9822,
29,72,True,0.741645,0.9568,cusum,,,True,positive,29,0,0.2946,1.9458,
29,93,True,0.758081,1.0562,none,,,False,,29,0,0.0924,1.0307,
29,70,True,0.800914,1.3154,none,,,False,,29,0,0.097,1.0293,
29,62,True,0.69984,0.7039,none,,,False,,29,0,0.0996,0.9146,
29,64,True,0.667552,0.5085,none,,,False,,29,0,0.1264,0.9062,
29,31,True,0.589687,0.0374,none,,,False,,29,0,0.0946,0.769,
29,36,True,0.680983,0.5898,none,,,False,,29,0,0.1059,0.7392,
29,66,True,0.618365,0.2109,none,,,False,,29,0,0.097,0.5913,
29,90,True,0.691603,0.654,none,,,False,,29,0,0.1486,0.5769,
29,22,True,0.472184,-0.6736,none,,,False,,29,0,0.0996,0.4294,
29,67,True,0.55687,-0.1612,none,,,False,,29,0,0.097,0.4107,
29,75,True,0.624229,0.2464,none,,,False,,29,0,0.0946,0.3802,
29,46,True,0.679356,0.5799,none,,,False,,29,0,0.0807,0.3243,
29,65,True,0.368714,-1.2996,none,,,False,,29,0,0.0903,0.3047,
29,23,True,0.569044,-0.0875,none,,,False,,29,0,0.1372,0.2806,
29,78,True,0.502625,-0.4894,none,,,False,,29,0,0.0924,0.2312,
29,9,True,0.720096,0.8264,none,,,False,,29,0,0.0946,0.2068,
29,28,True,0.646404,0.3805,none,,,False,,29,0,0.0996,0.1589,
29,80,True,0.504904,-0.4756,none,,,False,,29,0,0.0946,0.1331,
29,57,True,0.652121,0.4151,none,,,False,,29,0,0.116,0.1306,
29,76,True,0.577334,-0.0374,none,,,False,,29,0,0.097,0.081,
29,16,True,0.635813,0.3165,none,,,False,,29,0,0.097,0.0573,
29,26,True,0.46131,-0.7394,none,,,False,,29,0,0.116,0.0536,
29,88,True,0.514233,-0.4192,none,,,False,,29,0,0.1522,0.0368,
29,61,True,0.330207,-1.5326,none,,,False,,29,0,0.1211,0.0278,
29,15,True,0.680429,0.5864,none,,,False,,29,0,0.1401,-0.0163,
29,7,True,0.529544,-0.3265,none,,,False,,29,0,0.097,-0.0223,
29,35,True,0.519996,-0.3843,none,,,False,,29,0,0.1385,-0.0236,
29,45,True,0.485398,-0.5936,none,,,False,,29,0,0.1385,-0.0255,
29,43,True,0.458995,-0.7534,none,,,False,,29,0,0.1855,-0.0516,
29,84,True,0.669454,0.52,none,,,False,,29,0,0.097,-0.0664,
29,81,True,0.456769,-0.7669,none,,,False,,29,0,0.1264,-0.0854,
29,49,True,0.54206,-0.2508,none,,,False,,29,0,0.1856,-0.0886,
29,11,True,0.563204,-0.1229,none,,,False,,29,0,0.1237,-0.1054,
29,69,True,0.755438,1.0403,none,,,False,,29,0,0.1385,-0.1219,
29,29,True,0.292665,-1.7598,cusum,,,True,negative,29,0,0.3486,-1.6998,
29,77,True,0.232029,-2.1267,none,,,False,,29,0,0.3486,-2.3027,
29,5,True,0.450469,-0.805,none,,,False,,29,0,0.297,-1.6995,
29,73,True,0.316065,-1.6182,none,,,False,,29,0,0.1969,-0.3089,
29,99,True,0.032335,-3.0,none,,,False,,29,0,0.1867,-1.8299,
29,20,True,0.471885,-0.6754,none,,,False,,29,0,0.1855,-0.2634,
29,41,True,0.480494,-0.6233,none,,,False,,29,0,0.1855,-0.1589,
29,92,True,0.247726,-2.0317,none,,,False,,29,0,0.1763,-0.7901,
30,60,True,0.538107,-0.0028,cusum,,,True,positive,30,0,0.2942,3.8603,
30,39,True,0.917304,2.3204,none,,,False,,30,0,0.2992,3.4351,
30,95,True,0.654993,0.7133,cusum,,,True,positive,30,0,0.2942,3.3414,
30,98,True,0.840069,1.8472,none,,,False,,30,0,0.288,2.625,
30,72,True,0.757576,1.3418,none,,,False,,30,0,0.292,2.6024,
30,48,True,0.745367,1.267,none,,,False,,30,0,0.3287,2.5636,
30,55,True,0.918837,2.3298,none,,,False,,30,0,0.3087,2.2449,
30,70,True,0.751744,1.3061,cusum,,,True,positive,30,0,0.2942,2.1931,
30,21,True,0.58176,0.2647,none,,,False,,30,0,0.2992,2.1315,
30,93,True,0.663339,0.7645,cusum,,,True,positive,30,0,0.2899,1.9061,
30,62,True,0.761949,1.3686,none,,,False,,30,0,0.0966,0.9691,
30,31,True,0.894663,2.1817,none,,,False,,30,0,0.092,0.9259,
30,36,True,0.61001,0.4378,none,,,False,,30,0,0.0992,0.8706,
30,90,True,0.547702,0.056,none,,,False,,30,0,0.1394,0.733,
30,9,True,0.588939,0.3087,none,,,False,,30,0,0.092,0.7072,
30,64,True,0.743806,1.2575,none,,,False,,30,0,0.1185,0.699,
30,66,True,0.531325,-0.0443,none,,,False,,30,0,0.0942,0.6617,
30,46,True,0.603142,0.3957,none,,,False,,30,0,0.079,0.3443,
30,28,True,0.455151,-0.511,none,,,False,,30,0,0.0966,0.2866,
30,67,True,0.592743,0.332,none,,,False,,30,0,0.0942,0.237,
30,75,True,0.748922,1.2888,none,,,False,,30,0,0.092,0.2193,
30,16,True,0.402412,-0.8341,none,,,False,,30,0,0.0942,0.2075,
30,84,True,0.53379,-0.0292,none,,,False,,30,0,0.0942,0.0999,
30,15,True,0.536999,-0.0095,none,,,False,,30,0,0.1087,0.0503,
30,22,True,0.510501,-0.1719,none,,,False,,30,0,0.0966,0.04,
30,23,True,0.426613,-0.6858,none,,,False,,30,0,0.1287,0.0117,
30,35,True,0.395972,-0.8736,none,,,False,,30,0,0.1185,-0.0186,
30,57,True,0.654293,0.7091,none,,,False,,30,0,0.1087,-0.0513,
30,76,True,0.559161,0.1262,none,,,False,,30,0,0.0942,-0.0825,
30,78,True,0.537434,-0.0069,none,,,False,,30,0,0.0899,-0.0829,
30,88,True,0.430032,-0.6649,none,,,False,,30,0,0.1087,-0.1046,
30,12,True,0.54588,0.0449,none,,,False,,30,0,0.1225,-0.1363,
30,4,True,0.427743,-0.6789,none,,,False,,30,0,0.1114,-0.1442,
30,38,True,0.422579,-0.7105,none,,,False,,30,0,0.1744,-0.1474,
30,94,True,0.534369,-0.0257,none,,,False,,30,0,0.1437,-0.1491,
30,0,True,0.605105,0.4077,none,,,False,,30,0,0.1204,-0.151,
30,41,True,0.447252,-0.5594,none,,,False,,30,0,0.1287,-0.1605,
30,86,True,0.439993,-0.6039,none,,,False,,30,0,0.1366,-0.1639,
30,69,True,0.56667,0.1722,none,,,False,,30,0,0.1185,-0.1655,
30,37,True,0.539008,0.0028,none,,,False,,30,0,0.1857,-0.1769,
30,30,True,0.60649,0.4162,none,,,False,,30,0,0.1535,-0.1919,
30,7,True,0.456963,-0.4999,none,,,False,,30,0,0.0942,-0.2064,
30,29,True,0.206256,-2.0358,none,,,False,,30,0,0.3394,-2.0608,
30,77,True,0.231923,-1.8786,cusum,,,True,negative,30,0,0.3394,-2.6672,
30,99,True,0.19875,-2.0818,cusum,,,True,negative,30,0,0.3185,-2.6073,
30,5,True,0.429184,-0.6701,none,,,False,,30,0,0.2942,-0.9712,
30,13,True,0.34067,-1.2124,none,,,False,,30,0,0.1871,-0.5297,
30,63,True,0.194076,-2.1105,none,,,False,,30,0,0.186,-1.2482,
30,52,True,0.278802,-1.5914,none,,,False,,30,0,0.1857,-1.0217,
30,54,True,0.404328,-0.8224,none,,,False,,30,0,0.1787,-0.4486,
31,39,True,0.909521,2.1106,cusum,,,True,positive,31,0,0.2962,3.2048,
31,60,True,0.903547,2.0765,none,,,False,,31,0,0.2916,2.8563,
31,48,True,0.74391,1.1636,none,,,False,,31,0,0.321,2.6869,
31,95,True,0.976818,2.4955,none,,,False,,31,0,0.2916,2.5946,
31,55,True,0.93731,2.2696,cusum,,,True,positive,31,0,0.302,2.562,
31,98,True,0.717783,1.0142,cusum,,,True,positive,31,0,0.2859,2.4247,
31,72,True,0.51773,-0.1298,none,,,False,,31,0,0.2896,2.4189,
31,70,True,0.690052,0.8556,none,,,False,,31,0,0.2916,2.2892,
31,21,True,0.727117,1.0676,none,,,False,,31,0,0.2962,2.0498,
31,62,True,0.46144,-0.4517,cusum,,,True,positive,31,0,0.2938,2.0059,
31,31,True,0.783651,1.3909,cusum,,,True,positive,31,0,0.2896,1.9682,
31,93,True,0.783965,1.3927,none,,,False,,31,0,0.2877,1.9078,
31,64,True,0.643759,0.5909,cusum,,,True,positive,31,0,0.3113,1.8836,
31,36,True,0.724968,1.0553,none,,,False,,31,0,0.0962,0.7794,
31,57,True,0.679281,0.794,none,,,False,,31,0,0.102,0.7372,
31,75,True,0.691596,0.8645,none,,,False,,31,0,0.0896,0.5391,
31,90,True,0.646545,0.6068,none,,,False,,31,0,0.1309,0.5263,
31,46,True,0.418212,-0.6989,none,,,False,,31,0,0.0774,0.5002,
31,9,True,0.541271,0.0048,none,,,False,,31,0,0.0896,0.4498,
31,67,True,0.577166,0.2101,none,,,False,,31,0,0.0916,0.3362,
31,84,True,0.595163,0.313,none,,,False,,31,0,0.0916,0.3347,
31,66,True,0.539578,-0.0048,none,,,False,,31,0,0.0916,0.3265,
31,76,True,0.448218,-0.5273,none,,,False,,31,0,0.0916,0.2105,
31,0,True,0.654114,0.6501,none,,,False,,31,0,0.102,0.1021,
31,28,True,0.52927,-0.0638,none,,,False,,31,0,0.0938,0.0051,
31,23,True,0.646632,0.6073,none,,,False,,31,0,0.121,-0.0105,
31,16,True,0.549771,0.0534,none,,,False,,31,0,0.0916,-0.0826,
31,30,True,0.597171,0.3245,none,,,False,,31,0,0.1113,-0.0944,
31,88,True,0.454527,-0.4912,none,,,False,,31,0,0.102,-0.1059,
31,69,True,0.486773,-0.3068,none,,,False,,31,0,0.1113,-0.1234,
31,78,True,0.647468,0.6121,none,,,False,,31,0,0.0877,-0.1341,
31,22,True,0.642384,0.5831,none,,,False,,31,0,0.0938,-0.1393,
31,37,True,0.517518,-0.131,none,,,False,,31,0,0.1523,-0.142,
31,15,True,0.36649,-0.9946,none,,,False,,31,0,0.102,-0.1669,
31,12,True,0.533736,-0.0382,none,,,False,,31,0,0.0962,-0.2125,
31,18,True,0.363241,-1.0132,none,,,False,,31,0,0.1874,-0.2167,
31,45,True,0.526613,-0.079,none,,,False,,31,0,0.1323,-0.2192,
31,59,True,0.520451,-0.1142,none,,,False,,31,0,0.13,-0.2233,
31,43,True,0.4776,-0.3593,none,,,False,,31,0,0.1422,-0.2309,
31,26,True,0.671889,0.7518,none,,,False,,31,0,0.1226,-0.2331,
31,94,True,0.485468,-0.3143,none,,,False,,31,0,0.102,-0.2339,
31,52,True,0.317331,-1.2757,cusum,,,True,negative,31,0,0.3523,-1.6829,
31,29,True,0.286009,-1.4549,cusum,,,True,negative,31,0,0.3309,-2.3336,
31,63,True,0.109997,-2.4614,cusum,,,True,negative,31,0,0.3309,-2.0786,
31,77,True,0.315722,-1.2849,none,,,False,,31,0,0.3309,-2.4081,
31,99,True,0.027118,-2.9353,none,,,False,,31,0,0.3113,-2.7135,
31,5,True,0.377679,-0.9306,none,,,False,,31,0,0.2916,-0.914,
31,68,True,0.046887,-2.8222,none,,,False,,31,0,0.1887,-1.4537,
31,6,True,0.307196,-1.3337,none,,,False,,31,0,0.1874,-0.7964,
31,10,True,0.441373,-0.5664,none,,,False,,31,0,0.1874,-0.484,
32,55,True,0.827209,1.6173,none,,,False,,32,0,0.2958,3.2408,
32,39,True,0.834498,1.6628,none,,,False,,32,0,0.2934,3.2288,
32,95,True,0.987395,2.617,cusum,,,True,positive,32,0,0.2892,2.8551,
32,60,True,0.702535,0.8393,none,,,False,,32,0,0.2892,2.7023,
32,48,True,0.773205,1.2803,cusum,,,True,positive,32,0,0.3138,2.503,
32,31,True,0.745375,1.1066,none,,,False,,32,0,0.2873,2.3124,
32,98,True,0.740416,1.0757,none,,,False,,32,0,0.2839,2.2834,
32,70,True,0.64481,0.479,none,,,False,,32,0,0.2892,2.2708,
32,93,True,0.75653,1.1762,none,,,False,,32,0,0.2856,2.1777,
32,21,True,0.847519,1.7441,none,,,False,,32,0,0.2934,2.0033,
32,64,True,0.738456,1.0634,none,,,False,,32,0,0.3047,1.9106,
32,75,True,0.625306,0.3573,cusum,,,True,positive,32,0,0.2873,1.909,
32,72,True,0.715668,0.9212,none,,,False,,32,0,0.2873,1.8321,
32,36,True,0.608479,0.2523,cusum,,,True,positive,32,0,0.2934,1.8121,
32,62,True,0.87745,1.9309,none,,,False,,32,0,0.2912,1.655,
32,57,True,0.533212,-0.2175,none,,,False,,32,0,0.0958,0.7607,
32,90,True,0.619406,0.3205,none,,,False,,32,0,0.1232,0.5726,
32,9,True,0.644852,0.4793,none,,,False,,32,0,0.0873,0.4891,
32,69,True,0.374999,-1.2049,none,,,False,,32,0,0.1047,0.4269,
32,84,True,0.582507,0.0902,none,,,False,,32,0,0.0892,0.3797,
32,0,True,0.451768,-0.7257,none,,,False,,32,0,0.0958,0.2898,
32,67,True,0.64401,0.474,none,,,False,,32,0,0.0892,0.2388,
32,46,True,0.579509,0.0715,none,,,False,,32,0,0.0759,0.1851,
32,26,True,0.470136,-0.6111,none,,,False,,32,0,0.1047,0.18,
32,66,True,0.520405,-0.2974,none,,,False,,32,0,0.0892,0.1657,
32,78,True,0.586314,0.1139,none,,,False,,32,0,0.0856,0.1452,
32,23,True,0.564507,-0.0222,none,,,False,,32,0,0.1138,0.0738,
32,28,True,0.571607,0.0222,none,,,False,,32,0,0.0912,0.05,
32,22,True,0.607737,0.2476,none,,,False,,32,0,0.0912,0.0272,
32,37,True,0.339427,-1.4269,none,,,False,,32,0,0.1432,-0.0155,
32,15,True,0.520655,-0.2958,none,,,False,,32,0,0.0958,-0.018,
32,30,True,0.538451,-0.1848,none,,,False,,32,0,0.1047,-0.0192,
32,76,True,0.548062,-0.1248,none,,,False,,32,0,0.0892,-0.0343,
32,16,True,0.52795,-0.2503,none,,,False,,32,0,0.0892,-0.0429,
32,12,True,0.52254,-0.2841,none,,,False,,32,0,0.0934,-0.0913,
32,59,True,0.66792,0.6232,none,,,False,,32,0,0.0934,-0.1308,
32,40,True,0.412579,-0.9703,none,,,False,,32,0,0.1466,-0.2402,
32,42,True,0.514662,-0.3332,none,,,False,,32,0,0.1262,-0.241,
32,80,True,0.523553,-0.2777,none,,,False,,32,0,0.1131,-0.2501,
32,96,True,0.601105,0.2063,none,,,False,,32,0,0.156,-0.2554,
32,52,True,0.296057,-1.6975,none,,,False,,32,0,0.3432,-1.8591,
32,29,True,0.306271,-1.6338,none,,,False,,32,0,0.3232,-2.1165,
32,63,True,0.219375,-2.1761,none,,,False,,32,0,0.3232,-2.4886,
32,77,True,0.216089,-2.1966,cusum,,,True,negative,32,0,0.3232,-2.1298,
32,68,True,0.15839,-2.5567,cusum,,,True,negative,32,0,0.3138,-2.2745,
32,99,True,0.038074,-3.0,cusum,,,True,negative,32,0,0.3047,-3.0474,
32,5,True,0.061158,-3.0,none,,,False,,32,0,0.2892,-1.1901,
32,33,True,0.274909,-1.8295,none,,,False,,32,0,0.1986,-0.4553,
32,34,True,0.307802,-1.6242,none,,,False,,32,0,0.1986,-0.9797,
32,47,True,0.513781,-0.3387,none,,,False,,32,0,0.1979,-0.3219,
33,55,True,0.845323,1.6026,cusum,,,True,positive,33,0,0.2931,3.1901,
33,39,True,1.156694,3.0,cusum,,,True,positive,33,0,0.2909,3.146,
33,95,True,0.827126,1.4925,none,,,False,,33,0,0.287,3.0511,
33,31,True,0.695096,0.6934,none,,,False,,33,0,0.2852,2.6663,
33,98,True,0.852981,1.649,none,,,False,,33,0,0.282,2.4144,
33,48,True,0.803314,1.3484,none,,,False,,33,0,0.3072,2.362,
33,93,True,0.675244,0.5733,none,,,False,,33,0,0.2836,2.2154,
33,21,True,0.751455,1.0345,cusum,,,True,positive,33,0,0.2909,2.1402,
33,64,True,0.711038,0.7899,none,,,False,,33,0,0.2985,2.0919,
33,60,True,1.177453,3.0,none,,,False,,33,0,0.287,2.0801,
33,62,True,0.724521,0.8715,none,,,False,,33,0,0.2889,2.0611,
33,70,True,0.641369,0.3683,none,,,False,,33,0,0.287,1.9894,
33,75,True,0.593602,0.0792,none,,,False,,33,0,0.2852,1.9434,
33,72,True,0.572278,-0.0499,none,,,False,,33,0,0.2852,1.8177,
33,36,True,0.70534,0.7554,none,,,False,,33,0,0.2909,1.6965,
33,57,True,0.623526,0.2603,none,,,False,,33,0,0.0931,0.5464,
33,90,True,0.44807,-0.8016,none,,,False,,33,0,0.1161,0.4569,
33,67,True,0.619021,0.233,none,,,False,,33,0,0.087,0.4478,
33,9,True,0.667964,0.5292,none,,,False,,33,0,0.0852,0.3709,
33,78,True,0.47677,-0.6279,none,,,False,,33,0,0.0836,0.344,
33,22,True,0.527019,-0.3238,none,,,False,,33,0,0.0889,0.3314,
33,30,True,0.572518,-0.0484,none,,,False,,33,0,0.0985,0.3066,
33,96,True,0.61263,0.1943,none,,,False,,33,0,0.1161,0.2408,
33,84,True,0.613209,0.1978,none,,,False,,33,0,0.087,0.2338,
33,0,True,0.372101,-1.2614,none,,,False,,33,0,0.0931,0.2285,
33,59,True,0.515865,-0.3913,none,,,False,,33,0,0.0909,0.1032,
33,23,True,0.59981,0.1167,none,,,False,,33,0,0.1072,0.0915,
33,12,True,0.516709,-0.3862,none,,,False,,33,0,0.0909,0.0222,
33,46,True,0.594888,0.0869,none,,,False,,33,0,0.0745,0.0141,
33,66,True,0.662821,0.4981,none,,,False,,33,0,0.087,-0.0064,
33,76,True,0.562298,-0.1103,none,,,False,,33,0,0.087,-0.0662,
33,28,True,0.615113,0.2093,none,,,False,,33,0,0.0889,-0.0724,
33,26,True,0.668564,0.5328,none,,,False,,33,0,0.0985,-0.0783,
33,80,True,0.560311,-0.1223,none,,,False,,33,0,0.0889,-0.1685,
33,16,True,0.588528,0.0484,none,,,False,,33,0,0.087,-0.2345,
33,81,True,0.503764,-0.4646,none,,,False,,33,0,0.1572,-0.2584,
33,47,True,0.383599,-1.1918,none,,,False,,33,0,0.135,-0.2828,
33,41,True,0.474073,-0.6443,none,,,False,,33,0,0.1466,-0.2863,
33,65,True,0.415852,-0.9966,none,,,False,,33,0,0.1188,-0.3077,
33,45,True,0.444393,-0.8239,none,,,False,,33,0,0.1267,-0.3141,
33,52,True,0.314973,-1.6072,none,,,False,,33,0,0.335,-1.8829,
33,29,True,0.325492,-1.5435,none,,,False,,33,0,0.3161,-2.0791,
33,63,True,0.228833,-2.1285,cusum,,,True,negative,33,0,0.3161,-2.6202,
33,77,True,0.135455,-2.6937,none,,,False,,33,0,0.3161,-2.1576,
33,68,True,0.083469,-3.0,none,,,False,,33,0,0.3072,-2.5968,
33,99,True,0.037209,-3.0,none,,,False,,33,0,0.2985,-3.0511,
33,5,True,0.472206,-0.6556,cusum,,,True,negative,33,0,0.287,-1.9245,
33,82,True,0.383467,-1.1926,none,,,False,,33,0,0.2086,-1.6759,
33,85,True,0.376808,-1.2329,none,,,False,,33,0,0.2086,-0.8775,
33,14,True,0.181501,-2.415,none,,,False,,33,0,0.2086,-1.3377,
34,39,True,0.945387,2.0904,none,,,False,,34,0,0.2886,3.3696,
34,95,True,0.695522,0.7843,cusum,,,True,positive,34,0,0.2849,3.3083,
34,60,True,0.928223,2.0007,cusum,,,True,positive,34,0,0.2849,3.0785,
34,55,True,0.855293,1.6195,none,,,False,,34,0,0.2906,2.9446,
34,21,True,0.730221,0.9657,none,,,False,,34,0,0.2886,2.3939,
34,48,True,0.686684,0.7381,none,,,False,,34,0,0.3011,2.3854,
34,98,True,0.759101,1.1166,cusum,,,True,positive,34,0,0.2803,2.3463,
34,31,True,0.795055,1.3046,none,,,False,,34,0,0.2833,2.1679,
34,93,True,0.757577,1.1087,cusum,,,True,positive,34,0,0.2817,2.1495,
34,64,True,0.58552,0.2093,none,,,False,,34,0,0.2928,1.9326,
34,62,True,0.851728,1.6008,none,,,False,,34,0,0.2867,1.8927,
34,36,True,0.502042,-0.2271,none,,,False,,34,0,0.2886,1.7995,
34,70,True,0.746549,1.051,none,,,False,,34,0,0.2849,1.6742,
34,75,True,0.62455,0.4133,none,,,False,,34,0,0.2833,1.5379,
34,9,True,0.704135,0.8293,none,,,False,,34,0,0.0833,0.442,
34,67,True,0.5876,0.2201,none,,,False,,34,0,0.0849,0.4123,
34,57,True,0.62836,0.4332,none,,,False,,34,0,0.0906,0.3937,
34,23,True,0.561353,0.0829,none,,,False,,34,0,0.1011,0.3552,
34,72,True,0.620596,0.3926,none,,,False,,34,0,0.2833,0.3514,
34,26,True,0.309412,-1.234,none,,,False,,34,0,0.0928,0.3424,
34,84,True,0.404751,-0.7357,none,,,False,,34,0,0.0849,0.3069,
34,22,True,0.43941,-0.5545,none,,,False,,34,0,0.0867,0.2781,
34,66,True,0.581573,0.1886,none,,,False,,34,0,0.0849,0.1719,
34,90,True,0.510484,-0.183,none,,,False,,34,0,0.1096,0.1669,
34,28,True,0.543585,-0.0099,none,,,False,,34,0,0.0867,0.165,
34,59,True,0.554043,0.0447,none,,,False,,34,0,0.0886,0.151,
34,30,True,0.623307,0.4068,none,,,False,,34,0,0.0928,0.1483,
34,78,True,0.500397,-0.2357,none,,,False,,34,0,0.0817,0.1348,
34,16,True,0.517279,-0.1474,none,,,False,,34,0,0.0849,0.0571,
34,96,True,0.547386,0.0099,none,,,False,,34,0,0.1096,0.0434,
34,46,True,0.359332,-0.9731,none,,,False,,34,0,0.0732,-0.0903,
34,12,True,0.533865,-0.0607,none,,,False,,34,0,0.0886,-0.1244,
34,76,True,0.600545,0.2878,none,,,False,,34,0,0.0849,-0.1475,
34,80,True,0.509204,-0.1897,none,,,False,,34,0,0.0867,-0.1828,
34,49,True,0.477742,-0.3541,none,,,False,,34,0,0.2092,-0.3146,
34,15,True,0.556993,0.0602,none,,,False,,34,0,0.1031,-0.3155,
34,89,True,0.428156,-0.6133,none,,,False,,34,0,0.161,-0.3168,
34,91,True,0.435033,-0.5774,none,,,False,,34,0,0.1443,-0.3235,
34,44,True,0.397458,-0.7738,none,,,False,,34,0,0.1628,-0.3244,
34,69,True,0.592969,0.2482,none,,,False,,34,0,0.1114,-0.3252,
34,14,True,0.32675,-1.1434,cusum,,,True,negative,34,0,0.3466,-2.2882,
34,82,True,0.298078,-1.2933,cusum,,,True,negative,34,0,0.3368,-2.2061,
34,52,True,0.276754,-1.4047,cusum,,,True,negative,34,0,0.3274,-1.8932,
34,29,True,0.047601,-2.6026,cusum,,,True,negative,34,0,0.3096,-1.919,
34,63,True,0.119559,-2.2265,none,,,False,,34,0,0.3096,-2.6303,
34,77,True,0.148117,-2.0772,cusum,,,True,negative,34,0,0.3096,-2.4334,
34,68,True,0.167619,-1.9752,cusum,,,True,negative,34,0,0.3011,-3.1717,
34,99,True,0.141294,-2.1128,cusum,,,True,negative,34,0,0.2928,-3.3606,
34,5,True,0.399383,-0.7637,none,,,False,,34,0,0.2849,-1.9221,
34,25,True,0.46306,-0.4309,none,,,False,,34,0,0.2085,-0.407,
35,39,True,1.074807,2.7972,cusum,,,True,positive,35,0,0.2864,3.3602,
35,60,True,1.000688,2.3996,none,,,False,,35,0,0.283,3.0509,
35,95,True,0.843415,1.556,none,,,False,,35,0,0.283,2.7355,
35,55,True,0.976958,2.2723,cusum,,,True,positive,35,0,0.2883,2.7249,
35,62,True,0.742138,1.0128,cusum,,,True,positive,35,0,0.2846,2.5743,
35,98,True,0.821386,1.4379,none,,,False,,35,0,0.2786,2.3785,
35,21,True,0.762902,1.1241,none,,,False,,35,0,0.2864,2.3572,
35,48,True,0.694829,0.759,none,,,False,,35,0,0.2954,2.2401,
35,31,True,0.786835,1.2525,cusum,,,True,positive,35,0,0.2814,2.1369,
35,93,True,0.644185,0.4874,none,,,False,,35,0,0.28,2.0527,
35,64,True,0.678622,0.6721,none,,,False,,35,0,0.2903,1.8022,
35,70,True,0.696254,0.7667,cusum,,,True,positive,35,0,0.283,1.737,
35,75,True,0.58925,0.1927,none,,,False,,35,0,0.2814,1.3853,
35,36,True,0.497926,-0.2972,none,,,False,,35,0,0.2864,1.3693,
35,9,True,0.625921,0.3894,none,,,False,,35,0,0.0814,0.7147,
35,72,True,0.679523,0.6769,none,,,False,,35,0,0.2814,0.5234,
35,67,True,0.500306,-0.2844,none,,,False,,35,0,0.083,0.4133,
35,57,True,0.682543,0.6931,none,,,False,,35,0,0.0883,0.2705,
35,96,True,0.663848,0.5928,none,,,False,,35,0,0.1035,0.2581,
35,66,True,0.590068,0.1971,none,,,False,,35,0,0.083,0.234,
35,59,True,0.510853,-0.2278,none,,,False,,35,0,0.0864,0.2013,
35,28,True,0.545608,-0.0414,none,,,False,,35,0,0.0846,0.1805,
35,23,True,0.500156,-0.2852,none,,,False,,35,0,0.0954,0.177,
35,30,True,0.540765,-0.0674,none,,,False,,35,0,0.0903,0.1726,
35,76,True,0.628291,0.4021,none,,,False,,35,0,0.083,0.1218,
35,16,True,0.455107,-0.5268,none,,,False,,35,0,0.083,-0.0122,
35,84,True,0.605728,0.2811,none,,,False,,35,0,0.083,-0.045,
35,80,True,0.554413,0.0058,none,,,False,,35,0,0.0846,-0.09,
35,90,True,0.543576,-0.0523,none,,,False,,35,0,0.1035,-0.1001,
35,22,True,0.583683,0.1628,none,,,False,,35,0,0.0846,-0.1036,
35,12,True,0.3625,-1.0236,none,,,False,,35,0,0.0864,-0.1346,
35,78,True,0.58205,0.1541,none,,,False,,35,0,0.08,-0.1499,
35,46,True,0.554919,0.0085,none,,,False,,35,0,0.0719,-0.1832,
35,49,True,0.305413,-1.3298,none,,,False,,35,0,0.1584,-0.2292,
35,15,True,0.490849,-0.3351,none,,,False,,35,0,0.0903,-0.2954,
35,69,True,0.39747,-0.836,none,,,False,,35,0,0.0954,-0.3033,
35,26,True,0.621355,0.3649,none,,,False,,35,0,0.0903,-0.3227,
35,42,True,0.49951,-0.2887,none,,,False,,35,0,0.1103,-0.3271,
35,0,True,0.55224,-0.0058,none,,,False,,35,0,0.1003,-0.331,
35,20,True,0.517168,-0.194,none,,,False,,35,0,0.1885,-0.3427,
35,14,True,0.279254,-1.4701,none,,,False,,35,0,0.3385,-2.3596,
35,82,True,0.209111,-1.8464,none,,,False,,35,0,0.3293,-2.0565,
35,52,True,0.283746,-1.446,none,,,False,,35,0,0.3204,-1.9407,
35,29,True,0.271365,-1.5124,none,,,False,,35,0,0.3035,-2.3054,
35,63,True,0.24869,-1.6341,cusum,,,True,negative,35,0,0.3035,-2.5557,
35,77,True,0.272682,-1.5054,none,,,False,,35,0,0.3035,-2.7012,
35,68,True,0.171205,-2.0497,none,,,False,,35,0,0.2954,-2.8928,
35,99,True,0.148351,-2.1723,none,,,False,,35,0,0.2903,-3.0896,
35,5,True,-0.156914,-3.0,none,,,False,,35,0,0.283,-1.8688,
35,74,True,0.259555,-1.5758,none,,,False,,35,0,0.2184,-1.3265,
36,39,True,0.899339,2.2259,none,,,False,,36,0,0.2843,3.7358,
36,60,True,0.904822,2.2627,cusum,,,True,positive,36,0,0.2812,3.5688,
36,55,True,0.887959,2.1496,none,,,False,,36,0,0.2861,2.9406,
36,98,True,0.788807,1.4846,none,,,False,,36,0,0.2771,2.4974,
36,95,True,0.708917,0.9488,none,,,False,,36,0,0.2812,2.3797,
36,62,True,0.752332,1.24,none,,,False,,36,0,0.2827,2.266,
36,31,True,0.737493,1.1404,none,,,False,,36,0,0.2797,2.1835,
36,21,True,0.822994,1.7139,none,,,False,,36,0,0.2843,2.148,
36,48,True,0.797269,1.5413,cusum,,,True,positive,36,0,0.29,2.0632,
36,70,True,0.744556,1.1878,none,,,False,,36,0,0.2812,1.8307,
36,93,True,0.670132,0.6887,none,,,False,,36,0,0.2784,1.8212,
36,75,True,0.64625,0.5285,none,,,False,,36,0,0.2797,1.3284,
36,36,True,0.613281,0.3074,none,,,False,,36,0,0.2843,1.1837,
36,9,True,0.647328,0.5357,none,,,False,,36,0,0.0797,0.6826,
36,64,True,0.708016,0.9427,none,,,False,,36,0,0.288,0.6689,
36,57,True,0.556681,-0.0722,none,,,False,,36,0,0.0861,0.5713,
36,72,True,0.665902,0.6603,none,,,False,,36,0,0.2797,0.4399,
36,66,True,0.586679,0.129,none,,,False,,36,0,0.0812,0.3967,
36,96,True,0.544432,-0.1544,none,,,False,,36,0,0.0978,0.3835,
36,76,True,0.571686,0.0284,none,,,False,,36,0,0.0812,0.2953,
36,30,True,0.598327,0.2071,none,,,False,,36,0,0.088,0.2088,
36,67,True,0.604362,0.2476,none,,,False,,36,0,0.0812,0.1583,
36,28,True,0.521584,-0.3076,none,,,False,,36,0,0.0827,0.1569,
36,23,True,0.567402,-0.0003,none,,,False,,36,0,0.09,0.0862,
36,84,True,0.572941,0.0369,none,,,False,,36,0,0.0812,0.0165,
36,80,True,0.47265,-0.6358,none,,,False,,36,0,0.0827,0.0022,
36,26,True,0.477929,-0.6004,none,,,False,,36,0,0.088,-0.0003,
36,15,True,0.534564,-0.2205,none,,,False,,36,0,0.088,-0.0785,
36,59,True,0.569018,0.0105,none,,,False,,36,0,0.0843,-0.0849,
36,16,True,0.554445,-0.0872,none,,,False,,36,0,0.0812,-0.1066,
36,22,True,0.567491,0.0003,none,,,False,,36,0,0.0827,-0.1342,
36,78,True,0.454771,-0.7557,none,,,False,,36,0,0.0784,-0.1385,
36,46,True,0.581174,0.0921,none,,,False,,36,0,0.0706,-0.2055,
36,20,True,0.402959,-1.1032,none,,,False,,36,0,0.131,-0.2135,
36,90,True,0.603631,0.2427,none,,,False,,36,0,0.0978,-0.2278,
36,32,True,0.495647,-0.4815,none,,,False,,36,0,0.2111,-0.3428,
36,51,True,0.497205,-0.4711,none,,,False,,36,0,0.1904,-0.3519,
36,11,True,0.507122,-0.4046,none,,,False,,36,0,0.1641,-0.3713,
36,45,True,0.549006,-0.1237,none,,,False,,36,0,0.1333,-0.3738,
36,37,True,0.159071,-2.7388,none,,,False,,36,0,0.1693,-0.3797,
36,74,True,0.247616,-2.145,cusum,,,True,negative,36,0,0.3496,-1.9711,
36,14,True,0.247844,-2.1435,none,,,False,,36,0,0.331,-2.0425,
36,82,True,0.305225,-1.7586,cusum,,,True,negative,36,0,0.3223,-1.815,
36,52,True,0.305625,-1.7559,none,,,False,,36,0,0.3139,-1.861,
36,29,True,0.256815,-2.0833,cusum,,,True,negative,36,0,0.2978,-2.2683,
36,63,True,0.261033,-2.055,none,,,False,,36,0,0.2978,-2.3785,
36,77,True,0.156805,-2.754,cusum,,,True,negative,36,0,0.2978,-2.4742,
36,68,True,0.097309,-3.0,cusum,,,True,negative,36,0,0.29,-2.7269,
36,99,True,0.172962,-2.6457,cusum,,,True,negative,36,0,0.288,-2.8166,
36,5,True,0.282602,-1.9103,cusum,,,True,negative,36,0,0.2812,-1.871,
37,39,True,0.833483,2.0791,cusum,,,True,positive,37,0,0.2824,3.4754,
37,60,True,0.890968,2.4917,none,,,False,,37,0,0.2795,3.321,
37,55,True,0.931719,2.7842,cusum,,,True,positive,37,0,0.2841,3.1204,
37,98,True,0.776816,1.6724,cusum,,,True,positive,37,0,0.2756,2.4408,
37,62,True,0.762581,1.5702,none,,,False,,37,0,0.2809,2.3866,
37,21,True,0.658313,0.8218,cusum,,,True,positive,37,0,0.2824,2.3722,
37,31,True,0.67779,0.9616,none,,,False,,37,0,0.2781,2.3306,
37,95,True,0.798206,1.8259,none,,,False,,37,0,0.2795,2.1964,
37,48,True,0.747276,1.4604,none,,,False,,37,0,0.2877,2.1246,
37,70,True,0.70856,1.1825,none,,,False,,37,0,0.2795,2.1018,
37,93,True,0.611828,0.4882,none,,,False,,37,0,0.2768,1.8578,
37,64,True,0.598119,0.3898,none,,,False,,37,0,0.2858,0.7171,
37,9,True,0.748834,1.4716,none,,,False,,37,0,0.0781,0.6829,
37,72,True,0.791036,1.7745,none,,,False,,37,0,0.2781,0.6747,
37,75,True,0.595676,0.3723,none,,,False,,37,0,0.2781,0.4762,
37,57,True,0.581859,0.2731,none,,,False,,37,0,0.0841,0.458,
37,76,True,0.597463,0.3851,none,,,False,,37,0,0.0795,0.3395,
37,30,True,0.500491,-0.3109,none,,,False,,37,0,0.0858,0.2913,
37,66,True,0.571964,0.2021,none,,,False,,37,0,0.0795,0.2716,
37,96,True,0.552829,0.0647,none,,,False,,37,0,0.0925,0.2642,
37,67,True,0.443629,-0.7191,none,,,False,,37,0,0.0795,0.1611,
37,90,True,0.456052,-0.6299,none,,,False,,37,0,0.0925,0.1172,
37,59,True,0.556105,0.0882,none,,,False,,37,0,0.0824,0.0467,
37,23,True,0.466095,-0.5578,none,,,False,,37,0,0.0877,0.0443,
37,36,True,0.656518,0.8089,none,,,False,,37,0,0.2824,0.032,
37,28,True,0.514434,-0.2109,none,,,False,,37,0,0.0809,-0.0176,
37,22,True,0.524431,-0.1391,none,,,False,,37,0,0.0809,-0.0284,
37,84,True,0.532842,-0.0787,none,,,False,,37,0,0.0795,-0.0392,
37,15,True,0.531005,-0.0919,none,,,False,,37,0,0.0858,-0.0561,
37,16,True,0.593386,0.3558,none,,,False,,37,0,0.0795,-0.1538,
37,80,True,0.544277,0.0033,none,,,False,,37,0,0.0809,-0.1711,
37,78,True,0.582624,0.2786,none,,,False,,37,0,0.0768,-0.1829,
37,46,True,0.543348,-0.0033,none,,,False,,37,0,0.0695,-0.2051,
37,45,True,0.464486,-0.5694,none,,,False,,37,0,0.1079,-0.2209,
37,32,True,0.442947,-0.724,none,,,False,,37,0,0.1079,-0.2704,
37,11,True,0.461273,-0.5924,none,,,False,,37,0,0.1001,-0.3029,
37,26,True,0.512683,-0.2234,none,,,False,,37,0,0.0858,-0.3807,
37,12,True,0.504258,-0.2839,none,,,False,,37,0,0.0935,-0.3836,
37,17,True,0.560618,0.1206,none,,,False,,37,0,0.1916,-0.3875,
37,74,True,0.291651,-1.8099,none,,,False,,37,0,0.3417,-2.3251,
37,37,True,0.33992,-1.4635,cusum,,,True,negative,37,0,0.3327,-1.7986,
37,14,True,0.287362,-1.8407,cusum,,,True,negative,37,0,0.3242,-1.9566,
37,82,True,0.270863,-1.9591,none,,,False,,37,0,0.3159,-2.0078,
37,52,True,0.341427,-1.4526,cusum,,,True,negative,37,0,0.3079,-1.9143,
37,29,True,0.255625,-2.0685,none,,,False,,37,0,0.2925,-2.4514,
37,63,True,0.215925,-2.3534,cusum,,,True,negative,37,0,0.2925,-2.3571,
37,77,True,0.011233,-3.0,none,,,False,,37,0,0.2925,-2.4975,
37,68,True,0.164933,-2.7194,none,,,False,,37,0,0.2877,-2.7298,
37,99,True,0.164083,-2.7255,none,,,False,,37,0,0.2858,-2.7011,
37,5,True,0.484351,-0.4268,none,,,False,,37,0,0.2795,-2.2914,
38,55,True,0.981547,2.7886,none,,,False,,38,0,0.2822,3.5063,
38,60,True,0.779329,1.5183,cusum,,,True,positive,38,0,0.2779,3.4827,
38,39,True,0.946561,2.5688,none,,,False,,38,0,0.2807,3.4695,
38,98,True,0.75372,1.3574,none,,,False,,38,0,0.2742,2.6245,
38,95,True,0.857589,2.0099,cusum,,,True,positive,38,0,0.2779,2.5416,
38,62,True,0.725181,1.1781,cusum,,,True,positive,38,0,0.2792,2.3743,
38,48,True,0.68353,0.9164,none,,,False,,38,0,0.2856,2.3627,
38,21,True,0.642794,0.6605,none,,,False,,38,0,0.2807,2.322,
38,31,True,0.773767,1.4833,none,,,False,,38,0,0.2766,2.2144,
38,70,True,0.684111,0.9201,none,,,False,,38,0,0.2779,2.1437,
38,72,True,0.830789,1.8415,cusum,,,True,positive,38,0,0.2766,2.1335,
38,9,True,0.640919,0.6488,cusum,,,True,positive,38,0,0.2766,1.8951,
38,64,True,0.669009,0.8252,cusum,,,True,positive,38,0,0.2838,1.7748,
38,93,True,0.472334,-0.4103,none,,,False,,38,0,0.2754,1.6492,
38,75,True,0.628232,0.5691,none,,,False,,38,0,0.2766,0.4607,
38,57,True,0.64644,0.6834,none,,,False,,38,0,0.0822,0.4023,
38,36,True,0.713469,1.1045,none,,,False,,38,0,0.2807,0.3751,
38,76,True,0.572995,0.2221,none,,,False,,38,0,0.0779,0.3699,
38,96,True,0.538103,0.0029,none,,,False,,38,0,0.0875,0.2795,
38,66,True,0.537187,-0.0029,none,,,False,,38,0,0.0779,0.2741,
38,84,True,0.516331,-0.1339,none,,,False,,38,0,0.0779,0.1778,
38,46,True,0.512715,-0.1566,none,,,False,,38,0,0.0684,0.1169,
38,22,True,0.56761,0.1882,none,,,False,,38,0,0.0792,0.108,
38,59,True,0.402338,-0.85,none,,,False,,38,0,0.0807,0.059,
38,30,True,0.477488,-0.3779,none,,,False,,38,0,0.0838,0.0495,
38,16,True,0.598222,0.3805,none,,,False,,38,0,0.0779,0.012,
38,78,True,0.552715,0.0947,none,,,False,,38,0,0.0754,-0.0132,
38,90,True,0.639611,0.6405,none,,,False,,38,0,0.0875,-0.0347,
38,26,True,0.611814,0.4659,none,,,False,,38,0,0.0838,-0.0464,
38,28,True,0.496844,-0.2563,none,,,False,,38,0,0.0792,-0.0866,
38,80,True,0.580118,0.2668,none,,,False,,38,0,0.0792,-0.1089,
38,15,True,0.491281,-0.2913,none,,,False,,38,0,0.0838,-0.1093,
38,67,True,0.495213,-0.2666,none,,,False,,38,0,0.0779,-0.1539,
38,23,True,0.524935,-0.0798,none,,,False,,38,0,0.0856,-0.172,
38,11,True,0.338595,-1.2504,none,,,False,,38,0,0.0948,-0.2586,
38,12,True,0.484759,-0.3322,none,,,False,,38,0,0.0822,-0.3518,
38,17,True,0.431701,-0.6655,none,,,False,,38,0,0.1099,-0.3593,
38,45,True,0.500482,-0.2335,none,,,False,,38,0,0.1022,-0.3878,
38,81,True,0.633048,0.5993,none,,,False,,38,0,0.1627,-0.3899,
38,74,True,0.272969,-1.6627,cusum,,,True,negative,38,0,0.3343,-2.2099,
38,37,True,0.436422,-0.6359,none,,,False,,38,0,0.3259,-2.2473,
38,14,True,0.168969,-2.316,none,,,False,,38,0,0.3178,-2.1931,
38,82,True,0.313703,-1.4068,cusum,,,True,negative,38,0,0.3099,-2.2334,
38,52,True,0.313304,-1.4093,none,,,False,,38,0,0.3022,-1.9337,
38,29,True,0.234211,-1.9062,cusum,,,True,negative,38,0,0.2875,-2.2763,
38,63,True,0.234278,-1.9057,none,,,False,,38,0,0.2875,-2.4024,
38,77,True,0.178869,-2.2538,cusum,,,True,negative,38,0,0.2875,-2.808,
38,68,True,0.129994,-2.5608,cusum,,,True,negative,38,0,0.2856,-2.9806,
38,99,True,0.144679,-2.4686,cusum,,,True,negative,38,0,0.2838,-2.9079,
38,5,True,0.091796,-2.8008,none,,,False,,38,0,0.2779,-2.181,
39,55,True,0.746959,1.2335,cusum,,,True,positive,39,0,0.2804,3.6762,
39,39,True,0.899234,2.0979,cusum,,,True,positive,39,0,0.279,3.3913,
39,60,True,0.864087,1.8983,none,,,False,,39,0,0.2763,3.1871,
39,95,True,0.999438,2.6667,none,,,False,,39,0,0.2763,2.6911,
39,98,True,0.711961,1.0348,none,,,False,,39,0,0.2729,2.5961,
39,72,True,0.629865,0.5688,none,,,False,,39,0,0.2751,2.5199,
39,62,True,0.821824,1.6584,none,,,False,,39,0,0.2776,2.4275,
39,48,True,0.770402,1.3665,cusum,,,True,positive,39,0,0.2836,2.4127,
39,31,True,0.714325,1.0482,cusum,,,True,positive,39,0,0.2751,2.2896,
39,70,True,0.618116,0.5021,cusum,,,True,positive,39,0,0.2763,2.193,
39,21,True,0.578539,0.2774,none,,,False,,39,0,0.279,2.1654,
39,9,True,0.688019,0.8989,none,,,False,,39,0,0.2751,1.9798,
39,64,True,0.329136,-1.1383,none,,,False,,39,0,0.282,1.8235,
39,36,True,0.617981,0.5013,none,,,False,,39,0,0.279,0.8403,
39,75,True,0.608161,0.4456,none,,,False,,39,0,0.2751,0.5844,
39,57,True,0.652814,0.699,none,,,False,,39,0,0.0804,0.3968,
39,93,True,0.689288,0.9061,none,,,False,,39,0,0.274,0.3484,
39,16,True,0.62185,0.5233,none,,,False,,39,0,0.0763,0.3126,
39,76,True,0.382296,-0.8366,none,,,False,,39,0,0.0763,0.3081,
39,66,True,0.539283,0.0546,none,,,False,,39,0,0.0763,0.2056,
39,90,True,0.668338,0.7872,none,,,False,,39,0,0.0854,0.1935,
39,22,True,0.644166,0.6499,none,,,False,,39,0,0.0776,0.1145,
39,96,True,0.493068,-0.2078,none,,,False,,39,0,0.0854,0.0802,
39,46,True,0.550932,0.1207,none,,,False,,39,0,0.0673,0.0607,
39,84,True,0.502898,-0.152,none,,,False,,39,0,0.0763,0.0376,
39,26,True,0.520055,-0.0546,none,,,False,,39,0,0.082,-0.015,
39,80,True,0.618799,0.5059,none,,,False,,39,0,0.0776,-0.0238,
39,78,True,0.499654,-0.1704,none,,,False,,39,0,0.074,-0.0346,
39,30,True,0.475185,-0.3093,none,,,False,,39,0,0.082,-0.0563,
39,81,True,0.416158,-0.6443,none,,,False,,39,0,0.1196,-0.0857,
39,15,True,0.349433,-1.0231,none,,,False,,39,0,0.082,-0.097,
39,23,True,0.421394,-0.6146,none,,,False,,39,0,0.0836,-0.1061,
39,67,True,0.551497,0.1239,none,,,False,,39,0,0.0763,-0.1498,
39,59,True,0.566904,0.2114,none,,,False,,39,0,0.079,-0.1504,
39,28,True,0.579989,0.2856,none,,,False,,39,0,0.0776,-0.1602,
39,45,True,0.496314,-0.1893,none,,,False,,39,0,0.097,-0.1941,
39,7,True,0.38244,-0.8357,none,,,False,,39,0,0.1688,-0.3953,
39,86,True,0.470337,-0.3368,none,,,False,,39,0,0.1571,-0.3961,
39,88,True,0.424096,-0.5993,none,,,False,,39,0,0.1746,-0.4038,
39,74,True,0.280032,-1.4171,none,,,False,,39,0,0.3275,-2.2434,
39,37,True,0.47283,-0.3226,none,,,False,,39,0,0.3196,-1.9877,
39,14,True,0.275348,-1.4437,cusum,,,True,negative,39,0,0.3118,-2.4788,
39,82,True,0.261562,-1.5219,none,,,False,,39,0,0.3043,-2.0903,
39,52,True,0.36012,-0.9624,none,,,False,,39,0,0.297,-1.9246,
39,29,True,0.246234,-1.6089,none,,,False,,39,0,0.2854,-2.4102,
39,63,True,0.149235,-2.1595,cusum,,,True,negative,39,0,0.2854,-2.4956,
39,77,True,0.200984,-1.8658,none,,,False,,39,0,0.2854,-3.0602,
39,68,True,-0.123986,-3.0,none,,,False,,39,0,0.2836,-3.1535,
39,99,True,0.145211,-2.1824,none,,,False,,39,0,0.282,-3.009,
39,5,True,0.488383,-0.2344,cusum,,,True,negative,39,0,0.2763,-2.1164,
40,55,True,0.838848,1.8098,none,,,False,,40,0,0.2787,3.3687,
40,39,True,0.737623,1.2214,none,,,False,,40,0,0.2774,3.3466,
40,95,True,0.575156,0.2771,cusum,,,True,positive,40,0,0.2749,3.262,
40,60,True,0.682722,0.9023,cusum,,,True,positive,40,0,0.2749,3.0639,
40,62,True,0.66355,0.7909,none,,,False,,40,0,0.2761,2.5651,
40,72,True,0.564038,0.2125,none,,,False,,40,0,0.2737,2.4878,
40,98,True,0.64493,0.6826,cusum,,,True,positive,40,0,0.2716,2.4447,
40,48,True,0.836286,1.7949,none,,,False,,40,0,0.2817,2.352,
40,31,True,0.77437,1.435,none,,,False,,40,0,0.2737,2.2572,
40,9,True,0.576912,0.2873,none,,,False,,40,0,0.2737,2.0992,
40,70,True,0.508923,-0.1079,none,,,False,,40,0,0.2749,1.9627,
40,21,True,0.729099,1.1719,none,,,False,,40,0,0.2774,1.6847,
40,64,True,0.649633,0.71,none,,,False,,40,0,0.2802,1.1276,
40,36,True,0.725894,1.1533,none,,,False,,40,0,0.2774,0.903,
40,57,True,0.726736,1.1581,none,,,False,,40,0,0.0787,0.6519,
40,75,True,0.43983,-0.5095,none,,,False,,40,0,0.2737,0.5551,
40,16,True,0.566107,0.2245,none,,,False,,40,0,0.0749,0.5144,
40,93,True,0.528104,0.0036,none,,,False,,40,0,0.2727,0.4193,
40,90,True,0.611752,0.4898,none,,,False,,40,0,0.0834,0.3725,
40,80,True,0.642123,0.6663,none,,,False,,40,0,0.0761,0.3549,
40,22,True,0.629184,0.5911,none,,,False,,40,0,0.0761,0.3292,
40,66,True,0.450951,-0.4449,none,,,False,,40,0,0.0749,0.1791,
40,26,True,0.56071,0.1931,none,,,False,,40,0,0.0802,0.1647,
40,78,True,0.458566,-0.4006,none,,,False,,40,0,0.0727,0.1589,
40,46,True,0.592621,0.3786,none,,,False,,40,0,0.0663,0.0691,
40,96,True,0.506581,-0.1215,none,,,False,,40,0,0.0834,0.0599,
40,28,True,0.50474,-0.1322,none,,,False,,40,0,0.0761,0.0357,
40,76,True,0.459046,-0.3978,none,,,False,,40,0,0.0749,0.018,
40,84,True,0.519375,-0.0471,none,,,False,,40,0,0.0749,-0.027,
40,81,True,0.611196,0.4866,none,,,False,,40,0,0.1136,-0.0486,
40,59,True,0.531863,0.0254,none,,,False,,40,0,0.0774,-0.0854,
40,67,True,0.715068,1.0903,none,,,False,,40,0,0.0749,-0.1927,
40,86,True,0.34669,-1.0509,none,,,False,,40,0,0.0834,-0.2024,
40,45,True,0.526867,-0.0036,none,,,False,,40,0,0.092,-0.2189,
40,30,True,0.505589,-0.1273,none,,,False,,40,0,0.0802,-0.2306,
40,23,True,0.572141,0.2596,none,,,False,,40,0,0.0817,-0.3132,
40,15,True,0.349086,-1.037,none,,,False,,40,0,0.0802,-0.3667,
40,43,True,0.407423,-0.6979,none,,,False,,40,0,0.2073,-0.4227,
40,7,True,0.401577,-0.7319,none,,,False,,40,0,0.092,-0.4423,
40,74,True,0.265037,-1.5255,none,,,False,,40,0,0.3213,-2.0049,
40,37,True,0.460527,-0.3892,none,,,False,,40,0,0.3136,-1.1861,
40,14,True,0.289037,-1.386,none,,,False,,40,0,0.3062,-2.2489,
40,82,True,0.328457,-1.1569,none,,,False,,40,0,0.299,-2.0146,
40,52,True,0.36776,-0.9284,cusum,,,True,negative,40,0,0.292,-1.663,
40,29,True,0.245292,-1.6403,cusum,,,True,negative,40,0,0.2834,-2.2546,
40,63,True,0.320838,-1.2011,none,,,False,,40,0,0.2834,-2.533,
40,77,True,0.29584,-1.3464,cusum,,,True,negative,40,0,0.2834,-2.7666,
40,68,True,0.159142,-2.141,cusum,,,True,negative,40,0,0.2817,-3.1558,
40,99,True,0.225924,-1.7528,cusum,,,True,negative,40,0,0.2802,-2.8568,
40,5,True,0.525269,-0.0129,none,,,False,,40,0,0.2749,-1.5595,
41,39,True,0.890427,1.9138,cusum,,,True,positive,41,0,0.2759,3.0589,
41,55,True,0.855814,1.7281,none,,,False,,41,0,0.2772,3.042,
41,95,True,0.770743,1.2718,none,,,False,,41,0,0.2735,2.7441,
41,60,True,0.72419,1.0221,none,,,False,,41,0,0.2735,2.5325,
41,48,True,0.790192,1.3761,cusum,,,True,positive,41,0,0.28,2.4614,
41,31,True,0.69595,0.8706,none,,,False,,41,0,0.2724,2.4135,
41,62,True,0.713072,0.9625,cusum,,,True,positive,41,0,0.2747,2.3036,
41,98,True,0.71533,0.9746,none,,,False,,41,0,0.2704,2.1133,
41,72,True,0.659876,0.6771,none,,,False,,41,0,0.2724,1.9655,
41,57,True,0.396394,-0.7362,cusum,,,True,positive,41,0,0.2772,1.9449,
41,21,True,0.703569,0.9115,none,,,False,,41,0,0.2759,1.7995,
41,9,True,0.542835,0.0493,none,,,False,,41,0,0.2724,1.7029,
41,70,True,0.409584,-0.6654,none,,,False,,41,0,0.2735,1.5309,
41,64,True,0.574154,0.2173,none,,,False,,41,0,0.2785,1.2323,
41,36,True,0.735734,1.084,none,,,False,,41,0,0.2759,1.0159,
41,90,True,0.61045,0.412,none,,,False,,41,0,0.0815,0.7434,
41,80,True,0.524006,-0.0517,none,,,False,,41,0,0.0747,0.5742,
41,22,True,0.613397,0.4278,none,,,False,,41,0,0.0747,0.5709,
41,16,True,0.597494,0.3425,none,,,False,,41,0,0.0735,0.4689,
41,67,True,0.652548,0.6378,none,,,False,,41,0,0.0735,0.4087,
41,26,True,0.553406,0.106,none,,,False,,41,0,0.0785,0.3015,
41,81,True,0.249368,-1.5248,none,,,False,,41,0,0.1081,0.265,
41,75,True,0.500905,-0.1756,none,,,False,,41,0,0.2724,0.2597,
41,93,True,0.692029,0.8496,none,,,False,,41,0,0.2714,0.2563,
41,46,True,0.634236,0.5396,none,,,False,,41,0,0.0653,0.1953,
41,28,True,0.519509,-0.0758,none,,,False,,41,0,0.0747,0.0602,
41,96,True,0.524441,-0.0493,none,,,False,,41,0,0.0815,-0.0045,
41,84,True,0.573797,0.2154,none,,,False,,41,0,0.0735,-0.0182,
41,45,True,0.481826,-0.2779,none,,,False,,41,0,0.0874,-0.033,
41,66,True,0.550722,0.0916,none,,,False,,41,0,0.0735,-0.0382,
41,23,True,0.575813,0.2262,none,,,False,,41,0,0.08,-0.0429,
41,78,True,0.451393,-0.4411,none,,,False,,41,0,0.0714,-0.069,
41,59,True,0.426864,-0.5727,none,,,False,,41,0,0.0759,-0.1082,
41,30,True,0.577794,0.2368,none,,,False,,41,0,0.0785,-0.1715,
41,76,True,0.513805,-0.1064,none,,,False,,41,0,0.0735,-0.2446,
41,42,True,0.277206,-1.3755,none,,,False,,41,0,0.1368,-0.4429,
41,35,True,0.55154,0.096,none,,,False,,41,0,0.216,-0.4431,
41,12,True,0.516462,-0.0921,none,,,False,,41,0,0.0971,-0.4445,
41,94,True,0.449072,-0.4536,none,,,False,,41,0,0.1922,-0.449,
41,74,True,0.247497,-1.5348,cusum,,,True,negative,41,0,0.3154,-1.9138,
41,37,True,0.408379,-0.6719,none,,,False,,41,0,0.3081,-0.8314,
41,14,True,0.301351,-1.2459,none,,,False,,41,0,0.301,-2.1005,
41,82,True,0.282904,-1.3449,cusum,,,True,negative,41,0,0.2941,-1.7501,
41,52,True,0.24168,-1.566,none,,,False,,41,0,0.2874,-1.4909,
41,29,True,0.160263,-2.0027,none,,,False,,41,0,0.2815,-2.1142,
41,63,True,0.177917,-1.908,cusum,,,True,negative,41,0,0.2815,-2.1512,
41,77,True,0.04899,-2.5996,none,,,False,,41,0,0.2815,-2.2178,
41,68,True,0.126116,-2.1859,none,,,False,,41,0,0.28,-2.9652,
41,99,True,0.132734,-2.1504,none,,,False,,41,0,0.2785,-2.5346,
41,5,True,0.097414,-2.3398,none,,,False,,41,0,0.2735,-1.4232,
42,39,True,0.913662,1.7546,none,,,False,,42,0,0.2745,2.8388,
42,55,True,1.000636,2.1964,cusum,,,True,positive,42,0,0.2757,2.6867,
42,48,True,0.691455,0.6259,none,,,False,,42,0,0.2783,2.6125,
42,95,True,0.777492,1.0629,none,,,False,,42,0,0.2722,2.4965,
42,60,True,0.722047,0.7813,none,,,False,,42,0,0.2722,2.3655,
42,62,True,0.761409,0.9813,none,,,False,,42,0,0.2733,2.2301,
42,31,True,0.711017,0.7253,none,,,False,,42,0,0.2712,2.2077,
42,36,True,0.705138,0.6954,cusum,,,True,positive,42,0,0.2745,2.0073,
42,98,True,0.784411,1.0981,none,,,False,,42,0,0.2693,1.9844,
42,72,True,0.71405,0.7407,none,,,False,,42,0,0.2712,1.5759,
42,9,True,0.644088,0.3853,none,,,False,,42,0,0.2712,1.5016,
42,57,True,0.595952,0.1408,none,,,False,,42,0,0.2757,1.4699,
42,64,True,0.718798,0.7648,none,,,False,,42,0,0.277,1.0277,
42,70,True,0.688363,0.6102,none,,,False,,42,0,0.2722,1.0009,
42,21,True,0.720179,0.7718,none,,,False,,42,0,0.2745,0.8814,
42,67,True,0.555434,-0.065,none,,,False,,42,0,0.0722,0.7086,
42,93,True,0.579189,0.0557,none,,,False,,42,0,0.2702,0.6748,
42,90,True,0.439556,-0.6535,none,,,False,,42,0,0.0798,0.665,
42,22,True,0.564911,-0.0168,none,,,False,,42,0,0.0733,0.6491,
42,80,True,0.505235,-0.3199,none,,,False,,42,0,0.0733,0.4664,
42,16,True,0.568921,0.0035,none,,,False,,42,0,0.0722,0.4547,
42,46,True,0.575206,0.0355,none,,,False,,42,0,0.0644,0.4264,
42,26,True,0.603763,0.1805,none,,,False,,42,0,0.077,0.1796,
42,28,True,0.570376,0.0109,none,,,False,,42,0,0.0733,0.1187,
42,84,True,0.518882,-0.2506,none,,,False,,42,0,0.0722,0.0967,
42,23,True,0.488151,-0.4067,none,,,False,,42,0,0.0783,0.0571,
42,30,True,0.557946,-0.0522,none,,,False,,42,0,0.077,0.0315,
42,75,True,0.569847,0.0082,none,,,False,,42,0,0.0712,0.01,
42,66,True,0.58134,0.0666,none,,,False,,42,0,0.0722,-0.0083,
42,59,True,0.551721,-0.0838,none,,,False,,42,0,0.0745,-0.0175,
42,96,True,0.567528,-0.0035,none,,,False,,42,0,0.0798,-0.0241,
42,45,True,0.425646,-0.7242,none,,,False,,42,0,0.083,-0.0503,
42,12,True,0.351671,-1.1,none,,,False,,42,0,0.0783,-0.1361,
42,94,True,0.569043,0.0042,none,,,False,,42,0,0.1099,-0.1467,
42,78,True,0.60626,0.1932,none,,,False,,42,0,0.0702,-0.249,
42,35,True,0.478205,-0.4572,none,,,False,,42,0,0.1244,-0.2623,
42,37,True,0.33045,-1.2077,none,,,False,,42,0,0.3029,-0.3465,
42,76,True,0.542757,-0.1294,none,,,False,,42,0,0.0722,-0.3556,
42,81,True,0.611675,0.2207,none,,,False,,42,0,0.1029,-0.4461,
42,74,True,0.153929,-2.1044,none,,,False,,42,0,0.3099,-1.8746,
42,14,True,0.266978,-1.5301,cusum,,,True,negative,42,0,0.2961,-1.7467,
42,82,True,0.303489,-1.3447,none,,,False,,42,0,0.2895,-1.7321,
42,52,True,0.348137,-1.1179,none,,,False,,42,0,0.283,-1.5457,
42,29,True,0.263853,-1.546,cusum,,,True,negative,42,0,0.2798,-2.1486,
42,63,True,0.200342,-1.8686,none,,,False,,42,0,0.2798,-2.1542,
42,77,True,0.06886,-2.5364,cusum,,,True,negative,42,0,0.2798,-2.3352,
42,68,True,0.144617,-2.1516,cusum,,,True,negative,42,0,0.2783,-2.8423,
42,99,True,0.059679,-2.5831,cusum,,,True,negative,42,0,0.277,-2.4305,
42,5,True,0.412918,-0.7889,none,,,False,,42,0,0.2722,-1.2711,
42,73,True,0.408034,-0.8137,none,,,False,,42,0,0.2662,-0.7535,
43,55,True,0.764354,1.3784,none,,,False,,43,0,0.2743,3.0059,
43,39,True,0.884865,2.1821,cusum,,,True,positive,43,0,0.2731,2.7228,
43,48,True,0.760382,1.3519,none,,,False,,43,0,0.2768,2.3637,
43,31,True,0.649753,0.6141,cusum,,,True,positive,43,0,0.27,2.0987,
43,36,True,0.672344,0.7647,none,,,False,,43,0,0.2731,2.0704,
43,21,True,0.726585,1.1265,cusum,,,True,positive,43,0,0.2731,2.0446,
43,98,True,0.719099,1.0766,none,,,False,,43,0,0.2682,2.0042,
43,62,True,0.641449,0.5587,none,,,False,,43,0,0.272,2.0028,
43,60,True,0.785511,1.5195,none,,,False,,43,0,0.271,1.9917,
43,95,True,0.951008,2.6232,none,,,False,,43,0,0.271,1.9604,
43,72,True,0.54079,-0.1126,cusum,,,True,positive,43,0,0.27,1.6318,
43,57,True,0.65784,0.668,none,,,False,,43,0,0.2743,1.2821,
43,70,True,0.556601,-0.0072,none,,,False,,43,0,0.271,1.0354,
43,64,True,0.65588,0.6549,none,,,False,,43,0,0.2755,0.6603,
43,67,True,0.659782,0.681,none,,,False,,43,0,0.071,0.6442,
43,22,True,0.503373,-0.3622,none,,,False,,43,0,0.072,0.4253,
43,46,True,0.571866,0.0946,none,,,False,,43,0,0.0635,0.3969,
43,93,True,0.65736,0.6648,none,,,False,,43,0,0.2691,0.39,
43,9,True,0.613623,0.3731,none,,,False,,43,0,0.27,0.329,
43,16,True,0.621484,0.4255,none,,,False,,43,0,0.071,0.28,
43,26,True,0.450615,-0.714,none,,,False,,43,0,0.0755,0.2561,
43,80,True,0.505023,-0.3511,none,,,False,,43,0,0.072,0.1895,
43,90,True,0.560539,0.0191,none,,,False,,43,0,0.0781,0.1828,
43,23,True,0.562991,0.0355,none,,,False,,43,0,0.0768,0.1244,
43,30,True,0.628959,0.4754,none,,,False,,43,0,0.0755,0.1153,
43,84,True,0.55875,0.0072,none,,,False,,43,0,0.071,0.0623,
43,96,True,0.546903,-0.0718,none,,,False,,43,0,0.0781,0.0419,
43,28,True,0.596016,0.2557,none,,,False,,43,0,0.072,0.0256,
43,66,True,0.554549,-0.0208,none,,,False,,43,0,0.071,-0.0057,
43,59,True,0.472204,-0.57,none,,,False,,43,0,0.0731,-0.1175,
43,76,True,0.540865,-0.1121,none,,,False,,43,0,0.071,-0.1214,
43,78,True,0.524484,-0.2214,none,,,False,,43,0,0.0691,-0.1291,
43,75,True,0.433511,-0.8281,none,,,False,,43,0,0.07,-0.1372,
43,94,True,0.649218,0.6105,none,,,False,,43,0,0.1047,-0.1399,
43,81,True,0.580493,0.1522,none,,,False,,43,0,0.098,-0.1607,
43,45,True,0.448596,-0.7275,none,,,False,,43,0,0.0811,-0.231,
43,35,True,0.624441,0.4453,none,,,False,,43,0,0.1186,-0.2903,
43,12,True,0.448364,-0.729,none,,,False,,43,0,0.0768,-0.41,
43,88,True,0.388943,-1.1253,none,,,False,,43,0,0.136,-0.4673,
43,74,True,0.24528,-2.0834,cusum,,,True,negative,43,0,0.3047,-2.1068,
43,37,True,0.415949,-0.9452,cusum,,,True,negative,43,0,0.298,-1.1445,
43,14,True,0.258759,-1.9935,none,,,False,,43,0,0.2915,-1.7782,
43,82,True,0.225935,-2.2124,none,,,False,,43,0,0.2851,-1.6755,
43,52,True,0.29254,-1.7682,cusum,,,True,negative,43,0,0.2811,-1.5998,
43,29,True,0.208611,-2.328,none,,,False,,43,0,0.2781,-2.1297,
43,63,True,0.184672,-2.4876,cusum,,,True,negative,43,0,0.2781,-2.0593,
43,77,True,0.127004,-2.8722,none,,,False,,43,0,0.2781,-2.5608,
43,68,True,0.173686,-2.5609,none,,,False,,43,0,0.2768,-2.5615,
43,99,True,-0.105147,-3.0,none,,,False,,43,0,0.2755,-2.5659,
43,19,True,0.314559,-1.6214,none,,,False,,43,0,0.2724,-0.5467,
44,39,True,0.759553,1.5977,none,,,False,,44,0,0.2719,3.0414,
44,55,True,0.813705,2.0287,cusum,,,True,positive,44,0,0.2729,2.8605,
44,95,True,0.903451,2.743,cusum,,,True,positive,44,0,0.2698,2.741,
44,48,True,0.733558,1.3908,none,,,False,,44,0,0.2753,2.2142,
44,60,True,0.779131,1.7536,cusum,,,True,positive,44,0,0.2698,2.196,
44,98,True,0.687093,1.021,cusum,,,True,positive,44,0,0.2671,2.1343,
44,21,True,0.72374,1.3127,none,,,False,,44,0,0.2719,2.0279,
44,36,True,0.746879,1.4969,none,,,False,,44,0,0.2719,1.9393,
44,62,True,0.833737,2.1882,none,,,False,,44,0,0.2708,1.9239,
44,31,True,0.64914,0.7189,none,,,False,,44,0,0.2689,1.8237,
44,72,True,0.731288,1.3728,none,,,False,,44,0,0.2689,1.5221,
44,57,True,0.580555,0.1731,none,,,False,,44,0,0.2729,1.1171,
44,64,True,0.776248,1.7306,none,,,False,,44,0,0.2741,0.6402,
44,93,True,0.643569,0.6746,none,,,False,,44,0,0.068,0.6091,
44,67,True,0.526451,-0.2576,none,,,False,,44,0,0.0698,0.5063,
44,9,True,0.559772,0.0077,none,,,False,,44,0,0.2689,0.3563,
44,16,True,0.521691,-0.2954,none,,,False,,44,0,0.0698,0.3456,
44,30,True,0.578842,0.1594,none,,,False,,44,0,0.0741,0.3145,
44,46,True,0.551941,-0.0547,none,,,False,,44,0,0.0626,0.3013,
44,94,True,0.558195,-0.0049,none,,,False,,44,0,0.0999,0.1655,
44,28,True,0.532901,-0.2062,none,,,False,,44,0,0.0708,0.1534,
44,35,True,0.520795,-0.3026,none,,,False,,44,0,0.1132,0.1459,
44,66,True,0.506294,-0.418,none,,,False,,44,0,0.0698,0.1342,
44,22,True,0.607417,0.3869,none,,,False,,44,0,0.0708,0.1061,
44,84,True,0.559024,0.0017,none,,,False,,44,0,0.0698,0.079,
44,70,True,0.572511,0.109,none,,,False,,44,0,0.2698,0.0676,
44,96,True,0.610474,0.4112,none,,,False,,44,0,0.0766,0.0565,
44,23,True,0.538675,-0.1603,none,,,False,,44,0,0.0753,0.0479,
44,90,True,0.558598,-0.0017,none,,,False,,44,0,0.0766,0.0239,
44,76,True,0.49707,-0.4914,none,,,False,,44,0,0.0698,-0.0276,
44,26,True,0.584675,0.2059,none,,,False,,44,0,0.0741,-0.048,
44,78,True,0.644348,0.6808,none,,,False,,44,0,0.068,-0.0707,
44,80,True,0.546654,-0.0968,none,,,False,,44,0,0.0708,-0.1511,
44,75,True,0.643541,0.6744,none,,,False,,44,0,0.0689,-0.2448,
44,81,True,0.34052,-1.7374,none,,,False,,44,0,0.0934,-0.2749,
44,59,True,0.566917,0.0645,none,,,False,,44,0,0.0719,-0.3176,
44,43,True,0.517509,-0.3287,none,,,False,,44,0,0.1586,-0.4744,
44,45,True,0.495758,-0.5018,none,,,False,,44,0,0.0794,-0.4745,
44,4,True,0.611949,0.4229,none,,,False,,44,0,0.1905,-0.4747,
44,41,True,0.382423,-1.4039,none,,,False,,44,0,0.2142,-0.4799,
44,74,True,0.285874,-2.1723,none,,,False,,44,0,0.2999,-2.2957,
44,37,True,0.479957,-0.6276,none,,,False,,44,0,0.2934,-1.3325,
44,14,True,0.289141,-2.1463,cusum,,,True,negative,44,0,0.2871,-1.9833,
44,82,True,0.283366,-2.1923,cusum,,,True,negative,44,0,0.2809,-2.0297,
44,52,True,0.328994,-1.8292,none,,,False,,44,0,0.2794,-1.882,
44,5,True,0.295266,-2.0976,none,,,False,,44,0,0.2788,-1.4574,
44,2,True,0.321681,-1.8874,none,,,False,,44,0,0.2783,-0.6152,
44,97,True,0.238397,-2.5502,none,,,False,,44,0,0.2783,-1.272,
44,27,True,0.270776,-2.2925,none,,,False,,44,0,0.2779,-0.8117,
44,50,True,0.445088,-0.9051,none,,,False,,44,0,0.2779,-0.7972,
45,95,True,0.843397,2.0274,none,,,False,,45,0,0.2687,3.2301,
45,55,True,0.711797,1.1907,none,,,False,,45,0,0.2717,2.9591,
45,39,True,0.939721,2.6399,cusum,,,True,positive,45,0,0.2706,2.9346,
45,60,True,1.008737,3.0,none,,,False,,45,0,0.2687,2.4385,
45,62,True,0.729087,1.3006,cusum,,,True,positive,45,0,0.2696,2.3311,
45,48,True,0.720152,1.2438,cusum,,,True,positive,45,0,0.2739,2.2174,
45,21,True,0.63718,0.7162,none,,,False,,45,0,0.2706,2.1601,
45,98,True,0.676938,0.969,none,,,False,,45,0,0.2661,2.1486,
45,64,True,0.569105,0.2834,cusum,,,True,positive,45,0,0.2728,2.143,
45,36,True,0.533221,0.0552,none,,,False,,45,0,0.2706,2.0755,
45,31,True,0.624904,0.6382,none,,,False,,45,0,0.2678,1.7719,
45,72,True,0.665544,0.8966,none,,,False,,45,0,0.2678,1.7527,
45,57,True,0.57957,0.3499,none,,,False,,45,0,0.2717,1.4186,
45,93,True,0.565727,0.2619,none,,,False,,45,0,0.0669,0.5496,
45,9,True,0.574006,0.3146,none,,,False,,45,0,0.2678,0.3411,
45,70,True,0.708356,1.1688,none,,,False,,45,0,0.2687,0.3244,
45,94,True,0.608878,0.5363,none,,,False,,45,0,0.0953,0.3124,
45,78,True,0.458263,-0.4214,none,,,False,,45,0,0.0669,0.3021,
45,30,True,0.522903,-0.0104,none,,,False,,45,0,0.0728,0.2871,
45,96,True,0.502773,-0.1384,none,,,False,,45,0,0.0751,0.2082,
45,67,True,0.513147,-0.0724,none,,,False,,45,0,0.0687,0.2065,
45,16,True,0.548606,0.1531,none,,,False,,45,0,0.0687,0.1316,
45,28,True,0.448478,-0.4836,none,,,False,,45,0,0.0696,0.1085,
45,46,True,0.410443,-0.7254,none,,,False,,45,0,0.0618,0.1023,
45,22,True,0.412743,-0.7108,none,,,False,,45,0,0.0696,0.091,
45,75,True,0.570061,0.2895,none,,,False,,45,0,0.0678,0.0373,
45,35,True,0.54487,0.1293,none,,,False,,45,0,0.1081,0.0099,
45,84,True,0.526166,0.0104,none,,,False,,45,0,0.0687,0.0064,
45,26,True,0.390047,-0.8551,none,,,False,,45,0,0.0728,-0.0164,
45,66,True,0.597533,0.4641,none,,,False,,45,0,0.0687,-0.037,
45,23,True,0.588421,0.4062,none,,,False,,45,0,0.0739,-0.0827,
45,59,True,0.573036,0.3084,none,,,False,,45,0,0.0706,-0.1066,
45,90,True,0.497271,-0.1733,none,,,False,,45,0,0.0751,-0.1158,
45,76,True,0.497909,-0.1693,none,,,False,,45,0,0.0687,-0.1573,
45,80,True,0.471435,-0.3376,none,,,False,,45,0,0.0696,-0.1676,
45,43,True,0.508716,-0.1006,none,,,False,,45,0,0.1286,-0.3369,
45,4,True,0.568168,0.2774,none,,,False,,45,0,0.083,-0.3429,
45,81,True,0.404494,-0.7633,none,,,False,,45,0,0.0891,-0.3482,
45,69,True,0.283404,-1.5332,none,,,False,,45,0,0.1781,-0.4828,
45,2,True,0.294357,-1.4635,cusum,,,True,negative,45,0,0.3515,-1.7668,
45,97,True,0.249558,-1.7484,cusum,,,True,negative,45,0,0.3515,-2.1632,
45,27,True,0.34261,-1.1567,cusum,,,True,negative,45,0,0.3286,-1.7215,
45,74,True,0.206404,-2.0228,cusum,,,True,negative,45,0,0.2953,-2.5109,
45,37,True,0.491192,-0.212,none,,,False,,45,0,0.2891,-1.3202,
45,29,True,0.297677,-1.4424,none,,,False,,45,0,0.2842,-2.3608,
45,63,True,0.159033,-2.324,none,,,False,,45,0,0.2842,-2.49,
45,77,True,0.133131,-2.4887,none,,,False,,45,0,0.2842,-3.0714,
45,14,True,0.304943,-1.3962,none,,,False,,45,0,0.283,-2.2857,
45,68,True,0.153732,-2.3577,none,,,False,,45,0,0.2829,-2.7032,
45,99,True,-0.020906,-3.0,none,,,False,,45,0,0.2817,-2.9833,
46,95,True,0.759697,1.7436,cusum,,,True,positive,46,0,0.2676,3.5503,
46,39,True,0.850984,2.3639,none,,,False,,46,0,0.2695,3.2283,
46,60,True,0.949377,3.0,cusum,,,True,positive,46,0,0.2676,3.1768,
46,55,True,0.866945,2.4723,cusum,,,True,positive,46,0,0.2705,2.6224,
46,62,True,0.818401,2.1425,none,,,False,,46,0,0.2685,2.4362,
46,48,True,0.745608,1.6479,none,,,False,,46,0,0.2726,2.4217,
46,21,True,0.391084,-0.7611,none,,,False,,46,0,0.2695,2.1402,
46,98,True,0.746631,1.6548,none,,,False,,46,0,0.2651,2.1044,
46,64,True,0.762191,1.7606,none,,,False,,46,0,0.2715,1.9809,
46,36,True,0.480444,-0.1539,none,,,False,,46,0,0.2695,1.8607,
46,72,True,0.628985,0.8554,none,,,False,,46,0,0.2668,1.8034,
46,31,True,0.472497,-0.2079,none,,,False,,46,0,0.2668,1.7416,
46,93,True,0.454452,-0.3305,none,,,False,,46,0,0.0659,0.6171,
46,70,True,0.665103,1.1008,none,,,False,,46,0,0.2676,0.5093,
46,94,True,0.556898,0.3656,none,,,False,,46,0,0.0909,0.4872,
46,57,True,0.64223,0.9454,none,,,False,,46,0,0.2705,0.4868,
46,9,True,0.555454,0.3558,none,,,False,,46,0,0.2668,0.3163,
46,30,True,0.506772,0.025,none,,,False,,46,0,0.0715,0.2994,
46,67,True,0.595331,0.6268,none,,,False,,46,0,0.0676,0.2027,
46,35,True,0.470721,-0.22,none,,,False,,46,0,0.1033,0.2025,
46,23,True,0.534978,0.2167,none,,,False,,46,0,0.0726,0.1866,
46,16,True,0.482351,-0.1409,none,,,False,,46,0,0.0676,0.1801,
46,96,True,0.55343,0.342,none,,,False,,46,0,0.0738,0.1615,
46,75,True,0.532982,0.2031,none,,,False,,46,0,0.0668,0.1298,
46,4,True,0.538747,0.2423,none,,,False,,46,0,0.0791,0.1092,
46,78,True,0.451855,-0.3481,none,,,False,,46,0,0.0659,0.096,
46,66,True,0.593949,0.6174,none,,,False,,46,0,0.0676,0.0942,
46,84,True,0.502596,-0.0034,none,,,False,,46,0,0.0676,0.0922,
46,90,True,0.503588,0.0034,none,,,False,,46,0,0.0738,0.0425,
46,59,True,0.448851,-0.3686,none,,,False,,46,0,0.0695,0.0227,
46,28,True,0.541135,0.2585,none,,,False,,46,0,0.0685,-0.0577,
46,22,True,0.350051,-1.0399,none,,,False,,46,0,0.0685,-0.1417,
46,46,True,0.432464,-0.4799,none,,,False,,46,0,0.061,-0.1522,
46,76,True,0.560314,0.3888,none,,,False,,46,0,0.0676,-0.1719,
46,80,True,0.556923,0.3658,none,,,False,,46,0,0.0685,-0.1748,
46,43,True,0.415499,-0.5952,none,,,False,,46,0,0.1229,-0.2545,
46,26,True,0.546779,0.2968,none,,,False,,46,0,0.0715,-0.3631,
46,49,True,0.334192,-1.1477,none,,,False,,46,0,0.2369,-0.5006,
46,91,True,0.429109,-0.5027,none,,,False,,46,0,0.1933,-0.5219,
46,2,True,0.364502,-0.9417,none,,,False,,46,0,0.3446,-1.9983,
46,97,True,0.206267,-2.0169,none,,,False,,46,0,0.3446,-2.4587,
46,27,True,0.348831,-1.0482,none,,,False,,46,0,0.3229,-1.9235,
46,74,True,0.267814,-1.5987,none,,,False,,46,0,0.2909,-2.4862,
46,82,True,0.33926,-1.1132,none,,,False,,46,0,0.2867,-2.3144,
46,52,True,0.188247,-2.1393,none,,,False,,46,0,0.2852,-1.9718,
46,37,True,0.396802,-0.7222,none,,,False,,46,0,0.2849,-0.9907,
46,79,True,0.287534,-1.4647,none,,,False,,46,0,0.2827,-1.3773,
46,24,True,0.26925,-1.5889,none,,,False,,46,0,0.2821,-0.7341,
46,58,True,0.333957,-1.1493,none,,,False,,46,0,0.2821,-0.617,
46,14,True,0.282571,-1.4984,cusum,,,True,negative,46,0,0.2791,-2.2433,
47,60,True,0.94438,2.8659,none,,,False,,47,0,0.2666,3.669,
47,39,True,0.868722,2.2994,cusum,,,True,positive,47,0,0.2684,3.2875,
47,95,True,0.816972,1.9118,none,,,False,,47,0,0.2666,3.2559,
47,55,True,0.76983,1.5588,none,,,False,,47,0,0.2693,2.9856,
47,62,True,0.655209,0.7005,cusum,,,True,positive,47,0,0.2675,2.9628,
47,48,True,0.787804,1.6934,none,,,False,,47,0,0.2713,2.5188,
47,64,True,0.591503,0.2235,none,,,False,,47,0,0.2703,2.348,
47,98,True,0.691698,0.9738,cusum,,,True,positive,47,0,0.2642,2.2961,
47,72,True,0.559711,-0.0146,none,,,False,,47,0,0.2658,2.1249,
47,21,True,0.538701,-0.1719,none,,,False,,47,0,0.2684,1.5097,
47,31,True,0.61253,0.3809,none,,,False,,47,0,0.2658,1.4664,
47,70,True,0.743827,1.3641,none,,,False,,47,0,0.2666,0.8774,
47,57,True,0.518596,-0.3225,none,,,False,,47,0,0.2693,0.5779,
47,36,True,0.659167,0.7302,none,,,False,,47,0,0.2684,0.5531,
47,75,True,0.524507,-0.2782,none,,,False,,47,0,0.0658,0.4723,
47,4,True,0.659402,0.7319,none,,,False,,47,0,0.0774,0.4142,
47,94,True,0.594707,0.2475,none,,,False,,47,0,0.0868,0.4033,
47,9,True,0.555845,-0.0436,none,,,False,,47,0,0.2658,0.3093,
47,66,True,0.608901,0.3537,none,,,False,,47,0,0.0666,0.3057,
47,96,True,0.376924,-1.3834,none,,,False,,47,0,0.0724,0.2978,
47,93,True,0.639286,0.5813,none,,,False,,47,0,0.065,0.2842,
47,23,True,0.563613,0.0146,none,,,False,,47,0,0.0713,0.2455,
47,67,True,0.639771,0.5849,none,,,False,,47,0,0.0666,0.1834,
47,30,True,0.5699,0.0617,none,,,False,,47,0,0.0703,0.1478,
47,59,True,0.596456,0.2606,none,,,False,,47,0,0.0684,0.0885,
47,84,True,0.372653,-1.4154,none,,,False,,47,0,0.0666,0.0874,
47,80,True,0.477303,-0.6317,none,,,False,,47,0,0.0675,0.0629,
47,78,True,0.499451,-0.4659,none,,,False,,47,0,0.065,0.0526,
47,90,True,0.506397,-0.4138,none,,,False,,47,0,0.0724,0.0356,
47,76,True,0.475064,-0.6485,none,,,False,,47,0,0.0666,-0.0061,
47,16,True,0.617534,0.4184,none,,,False,,47,0,0.0666,-0.0099,
47,35,True,0.556535,-0.0384,none,,,False,,47,0,0.0987,-0.022,
47,26,True,0.293329,-2.0094,none,,,False,,47,0,0.0703,-0.0277,
47,28,True,0.596415,0.2602,none,,,False,,47,0,0.0675,-0.058,
47,43,True,0.479135,-0.618,none,,,False,,47,0,0.1176,-0.2236,
47,46,True,0.685641,0.9284,none,,,False,,47,0,0.0602,-0.3446,
47,22,True,0.569429,0.0582,none,,,False,,47,0,0.0675,-0.3689,
47,20,True,0.450153,-0.835,none,,,False,,47,0,0.2127,-0.5284,
47,12,True,0.580192,0.1388,none,,,False,,47,0,0.0971,-0.5441,
47,2,True,0.119409,-3.0,none,,,False,,47,0,0.3382,-1.8018,
47,97,True,0.194828,-2.747,cusum,,,True,negative,47,0,0.3382,-2.4761,
47,27,True,0.244386,-2.3759,none,,,False,,47,0,0.3176,-1.8813,
47,74,True,0.234139,-2.4526,cusum,,,True,negative,47,0,0.2868,-2.327,
47,5,True,0.378685,-1.3702,none,,,False,,47,0,0.2842,-2.1537,
47,29,True,0.258902,-2.2672,none,,,False,,47,0,0.2823,-2.1759,
47,63,True,0.258364,-2.2712,none,,,False,,47,0,0.2823,-2.6305,
47,77,True,0.147427,-3.0,none,,,False,,47,0,0.2823,-3.0362,
47,68,True,-0.046717,-3.0,none,,,False,,47,0,0.281,-2.7622,
47,37,True,0.570257,0.0644,none,,,False,,47,0,0.281,-0.9186,
47,1,True,0.097819,-3.0,none,,,False,,47,0,0.2806,-0.5946,
48,60,True,0.766083,1.2089,cusum,,,True,positive,48,0,0.2656,4.0386,
48,39,True,0.98715,2.3763,none,,,False,,48,0,0.2673,3.5201,
48,95,True,0.811707,1.4499,cusum,,,True,positive,48,0,0.2656,2.9776,
48,55,True,0.873008,1.7736,cusum,,,True,positive,48,0,0.2682,2.8277,
48,48,True,0.714972,0.939,cusum,,,True,positive,48,0,0.2702,2.6182,
48,62,True,0.801779,1.3974,none,,,False,,48,0,0.2665,2.4657,
48,70,True,0.539112,0.0104,cusum,,,True,positive,48,0,0.2656,2.2946,
48,98,True,0.78724,1.3206,none,,,False,,48,0,0.2633,2.2793,
48,64,True,0.710327,0.9145,none,,,False,,48,0,0.2692,1.8442,
48,72,True,0.627604,0.4777,none,,,False,,48,0,0.2648,0.6613,
48,66,True,0.578976,0.2209,none,,,False,,48,0,0.0656,0.5618,
48,4,True,0.369481,-0.8854,none,,,False,,48,0,0.0759,0.5153,
48,94,True,0.403606,-0.7052,none,,,False,,48,0,0.0829,0.4852,
48,67,True,0.587489,0.2658,none,,,False,,48,0,0.0656,0.4631,
48,57,True,0.540846,0.0195,none,,,False,,48,0,0.2682,0.4113,
48,31,True,0.764251,1.1992,none,,,False,,48,0,0.2648,0.3526,
48,23,True,0.467175,-0.3695,none,,,False,,48,0,0.0702,0.3023,
48,36,True,0.619814,0.4365,none,,,False,,48,0,0.2673,0.2962,
48,9,True,0.405106,-0.6973,none,,,False,,48,0,0.0648,0.2911,
48,93,True,0.591415,0.2866,none,,,False,,48,0,0.0641,0.252,
48,16,True,0.519205,-0.0948,none,,,False,,48,0,0.0656,0.2268,
48,75,True,0.514615,-0.119,none,,,False,,48,0,0.0648,0.1536,
48,59,True,0.492261,-0.237,none,,,False,,48,0,0.0673,0.1525,
48,30,True,0.538306,0.0061,none,,,False,,48,0,0.0692,0.1138,
48,28,True,0.494608,-0.2246,none,,,False,,48,0,0.0665,0.0962,
48,35,True,0.399945,-0.7245,none,,,False,,48,0,0.0944,0.0636,
48,21,True,0.733892,1.0389,none,,,False,,48,0,0.2673,0.0135,
48,46,True,0.586219,0.2591,none,,,False,,48,0,0.0595,-0.0178,
48,76,True,0.569492,0.1708,none,,,False,,48,0,0.0656,-0.0596,
48,90,True,0.566035,0.1525,none,,,False,,48,0,0.0712,-0.1033,
48,80,True,0.571465,0.1812,none,,,False,,48,0,0.0665,-0.1167,
48,37,True,0.404724,-0.6993,none,,,False,,48,0,0.2773,-0.19,
48,96,True,0.600011,0.332,none,,,False,,48,0,0.0712,-0.3019,
48,43,True,0.508098,-0.1534,none,,,False,,48,0,0.1126,-0.3232,
48,78,True,0.611978,0.3951,none,,,False,,48,0,0.0641,-0.3307,
48,84,True,0.553028,0.0839,none,,,False,,48,0,0.0656,-0.3861,
48,12,True,0.493567,-0.2301,none,,,False,,48,0,0.0734,-0.4689,
48,22,True,0.535991,-0.0061,none,,,False,,48,0,0.0665,-0.4797,
48,25,True,0.487014,-0.2647,none,,,False,,48,0,0.2573,-0.5462,
48,2,True,0.413733,-0.6517,cusum,,,True,negative,48,0,0.3323,-2.1768,
48,97,True,0.197495,-1.7936,none,,,False,,48,0,0.3323,-2.5458,
48,1,True,0.359278,-0.9393,cusum,,,True,negative,48,0,0.319,-1.9213,
48,27,True,0.335233,-1.0662,cusum,,,True,negative,48,0,0.3126,-1.9122,
48,99,True,0.096224,-2.3284,none,,,False,,48,0,0.2869,-3.2682,
48,8,True,0.178952,-1.8915,none,,,False,,48,0,0.2852,-1.1844,
48,71,True,0.376423,-0.8487,none,,,False,,48,0,0.2852,-0.6119,
48,14,True,0.250542,-1.5135,none,,,False,,48,0,0.2846,-2.0803,
48,82,True,0.225317,-1.6467,none,,,False,,48,0,0.2846,-2.2393,
48,52,True,0.278791,-1.3643,none,,,False,,48,0,0.2832,-2.3142,
48,74,True,0.268356,-1.4194,none,,,False,,48,0,0.2829,-2.4226,
49,60,True,0.95324,2.7378,none,,,False,,49,0,0.2647,3.4405,
49,39,True,0.962648,2.7953,cusum,,,True,positive,49,0,0.2663,3.431,
49,55,True,0.670417,1.011,none,,,False,,49,0,0.2672,3.0207,
49,95,True,0.772149,1.6322,none,,,False,,49,0,0.2647,2.784,
49,48,True,0.756964,1.5394,none,,,False,,49,0,0.269,2.5152,
49,62,True,0.763948,1.5821,none,,,False,,49,0,0.2655,2.4968,
49,98,True,0.588571,0.5113,none,,,False,,49,0,0.2625,2.3955,
49,64,True,0.686935,1.1119,none,,,False,,49,0,0.2681,2.0532,
49,70,True,0.693574,1.1524,none,,,False,,49,0,0.2647,1.9073,
49,67,True,0.580112,0.4597,none,,,False,,49,0,0.0647,0.5747,
49,31,True,0.614189,0.6677,none,,,False,,49,0,0.2639,0.5385,
49,72,True,0.69122,1.138,none,,,False,,49,0,0.2639,0.5206,
49,66,True,0.554346,0.3024,none,,,False,,49,0,0.0647,0.4795,
49,36,True,0.656389,0.9254,none,,,False,,49,0,0.2663,0.4221,
49,46,True,0.61142,0.6508,none,,,False,,49,0,0.0587,0.3096,
49,57,True,0.616401,0.6812,none,,,False,,49,0,0.2672,0.2999,
49,93,True,0.564997,0.3674,none,,,False,,49,0,0.0632,0.2592,
49,28,True,0.517002,0.0744,none,,,False,,49,0,0.0655,0.1814,
49,16,True,0.497545,-0.0444,none,,,False,,49,0,0.0647,0.1431,
49,4,True,0.435328,-0.4243,none,,,False,,49,0,0.0745,0.1258,
49,21,True,0.635775,0.7995,none,,,False,,49,0,0.2663,0.1198,
49,30,True,0.414387,-0.5522,none,,,False,,49,0,0.0681,0.118,
49,94,True,0.60389,0.6049,none,,,False,,49,0,0.0792,0.0693,
49,80,True,0.450212,-0.3334,none,,,False,,49,0,0.0655,0.0551,
49,76,True,0.593511,0.5415,none,,,False,,49,0,0.0647,0.0526,
49,23,True,0.575402,0.4309,none,,,False,,49,0,0.069,0.0423,
49,75,True,0.433341,-0.4364,none,,,False,,49,0,0.0639,0.0164,
49,90,True,0.429105,-0.4623,none,,,False,,49,0,0.07,0.0038,
49,59,True,0.403304,-0.6198,none,,,False,,49,0,0.0663,-0.0305,
49,9,True,0.540395,0.2172,none,,,False,,49,0,0.0639,-0.0472,
49,78,True,0.490994,-0.0844,none,,,False,,49,0,0.0632,-0.0596,
49,96,True,0.529807,0.1525,none,,,False,,49,0,0.07,-0.1467,
49,12,True,0.5121,0.0444,none,,,False,,49,0,0.0721,-0.1806,
49,35,True,0.402568,-0.6243,none,,,False,,49,0,0.0903,-0.2234,
49,22,True,0.466514,-0.2339,none,,,False,,49,0,0.0655,-0.2459,
49,43,True,0.421388,-0.5094,none,,,False,,49,0,0.1079,-0.3437,
49,37,True,0.317006,-1.1467,none,,,False,,49,0,0.2758,-0.3543,
49,84,True,0.422435,-0.503,none,,,False,,49,0,0.0647,-0.3628,
49,18,True,0.370094,-0.8226,none,,,False,,49,0,0.2691,-0.5483,
49,8,True,0.312292,-1.1755,cusum,,,True,negative,49,0,0.3404,-1.9702,
49,2,True,0.277203,-1.3897,none,,,False,,49,0,0.3267,-1.9099,
49,97,True,0.133284,-2.2684,cusum,,,True,negative,49,0,0.3267,-2.5646,
49,1,True,0.30873,-1.1972,none,,,False,,49,0,0.314,-1.8932,
49,27,True,0.283404,-1.3519,none,,,False,,49,0,0.3079,-1.885,
49,3,True,0.185759,-1.948,none,,,False,,49,0,0.2845,-1.7339,
49,53,True,0.250514,-1.5527,none,,,False,,49,0,0.2845,-1.8165,
49,56,True,0.208211,-1.811,none,,,False,,49,0,0.2845,-1.068,
49,87,True,0.205455,-1.8278,none,,,False,,49,0,0.2845,-1.0368,
49,38,True,0.348676,-0.9534,none,,,False,,49,0,0.2838,-0.5588,
49,29,True,0.304143,-1.2252,none,,,False,,49,0,0.2804,-2.418,
50,39,True,1.576787,3.0,none,,,False,,50,0,0.2653,3.5736,
50,60,True,0.909888,2.1497,cusum,,,True,positive,50,0,0.2638,3.352,
50,95,True,0.7821,1.457,none,,,False,,50,0,0.2638,2.7457,
50,55,True,0.774771,1.4173,none,,,False,,50,0,0.2662,2.5323,
50,48,True,0.748339,1.274,none,,,False,,50,0,0.2679,2.4777,
50,62,True,0.784569,1.4704,cusum,,,True,positive,50,0,0.2645,2.3089,
50,98,True,0.686454,0.9386,none,,,False,,50,0,0.2617,2.0133,
50,70,True,0.711596,1.0749,none,,,False,,50,0,0.2638,1.9234,
50,64,True,0.531674,0.0996,cusum,,,True,positive,50,0,0.267,1.8357,
50,36,True,0.570752,0.3114,cusum,,,True,positive,50,0,0.2653,1.7807,
50,72,True,0.620467,0.5809,cusum,,,True,positive,50,0,0.263,1.6138,
50,31,True,0.779761,1.4443,none,,,False,,50,0,0.263,0.8294,
50,46,True,0.241772,-1.4718,none,,,False,,50,0,0.0581,0.6857,
50,21,True,0.570454,0.3098,none,,,False,,50,0,0.2653,0.6388,
50,67,True,0.609383,0.5208,none,,,False,,50,0,0.0638,0.5179,
50,93,True,0.919884,2.2039,none,,,False,,50,0,0.0623,0.4908,
50,66,True,0.544395,0.1685,none,,,False,,50,0,0.0638,0.3734,
50,57,True,0.49366,-0.1065,none,,,False,,50,0,0.2662,0.2106,
50,16,True,0.445595,-0.367,none,,,False,,50,0,0.0638,0.1742,
50,94,True,1.078374,3.0,none,,,False,,50,0,0.0756,0.1471,
50,28,True,0.538781,0.1381,none,,,False,,50,0,0.0645,0.1189,
50,23,True,0.503989,-0.0505,none,,,False,,50,0,0.0679,0.1124,
50,76,True,0.514069,0.0042,none,,,False,,50,0,0.0638,0.1024,
50,12,True,0.460157,-0.2881,none,,,False,,50,0,0.0709,0.0756,
50,78,True,0.600505,0.4727,none,,,False,,50,0,0.0623,0.0273,
50,22,True,0.447124,-0.3587,none,,,False,,50,0,0.0645,0.0216,
50,30,True,0.417312,-0.5203,none,,,False,,50,0,0.067,-0.0757,
50,9,True,0.441062,-0.3916,none,,,False,,50,0,0.063,-0.0945,
50,4,True,0.419522,-0.5083,none,,,False,,50,0,0.0731,-0.0981,
50,59,True,0.55078,0.2032,none,,,False,,50,0,0.0653,-0.1154,
50,90,True,0.542735,0.1595,none,,,False,,50,0,0.0689,-0.1528,
50,80,True,0.476836,-0.1977,none,,,False,,50,0,0.0645,-0.1791,
50,75,True,0.552389,0.2119,none,,,False,,50,0,0.063,-0.1978,
50,96,True,0.352181,-0.8734,none,,,False,,50,0,0.0689,-0.2112,
50,43,True,0.558042,0.2425,none,,,False,,50,0,0.1034,-0.3178,
50,35,True,0.519298,0.0325,none,,,False,,50,0,0.0864,-0.3603,
50,37,True,0.512534,-0.0042,none,,,False,,50,0,0.2744,-0.4977,
50,84,True,0.484097,-0.1583,none,,,False,,50,0,0.0638,-0.5304,
50,45,True,0.287084,-1.2262,none,,,False,,50,0,0.116,-0.5512,
50,8,True,0.3716,-0.7681,none,,,False,,50,0,0.3345,-1.8558,
50,2,True,0.359387,-0.8343,none,,,False,,50,0,0.3215,-2.0626,
50,97,True,0.251816,-1.4174,none,,,False,,50,0,0.3215,-2.6518,
50,3,True,0.214191,-1.6213,cusum,,,True,negative,50,0,0.3153,-2.2767,
50,1,True,0.342872,-0.9238,none,,,False,,50,0,0.3093,-2.1004,
50,27,True,0.282609,-1.2505,none,,,False,,50,0,0.3034,-1.9889,
50,74,True,0.280602,-1.2613,none,,,False,,50,0,0.288,-2.2236,
50,63,True,0.26533,-1.3441,none,,,False,,50,0,0.2871,-2.7664,
50,77,True,0.239528,-1.484,none,,,False,,50,0,0.2871,-3.1925,
50,68,True,0.118343,-2.1409,none,,,False,,50,0,0.286,-3.0467,
50,14,True,0.364721,-0.8054,none,,,False,,50,0,0.2826,-1.8713,
51,39,True,1.421441,3.0,cusum,,,True,positive,51,0,0.2644,3.8061,
51,60,True,1.122013,3.0,none,,,False,,51,0,0.2629,3.1122,
51,95,True,0.717868,0.8508,cusum,,,True,positive,51,0,0.2629,2.5931,
51,62,True,0.863639,1.6691,none,,,False,,51,0,0.2636,2.5644,
51,55,True,0.909767,1.928,cusum,,,True,positive,51,0,0.2652,2.484,
51,48,True,0.676296,0.6174,cusum,,,True,positive,51,0,0.2669,2.3366,
51,31,True,0.666032,0.5598,cusum,,,True,positive,51,0,0.2622,2.1828,
51,94,True,1.107264,3.0,cusum,,,True,positive,51,0,0.2742,2.0628,
51,93,True,0.938359,2.0886,cusum,,,True,positive,51,0,0.2615,2.0307,
51,98,True,0.731609,0.9279,cusum,,,True,positive,51,0,0.2609,2.0007,
51,70,True,0.985352,2.3524,none,,,False,,51,0,0.2629,1.8259,
51,72,True,0.757172,1.0714,none,,,False,,51,0,0.2622,1.8113,
51,64,True,0.597674,0.176,none,,,False,,51,0,0.266,1.7932,
51,36,True,0.685108,0.6669,none,,,False,,51,0,0.2644,1.64,
51,21,True,0.777137,1.1835,none,,,False,,51,0,0.2644,0.7983,
51,67,True,0.444809,-0.6821,none,,,False,,51,0,0.0629,0.4955,
51,78,True,0.381232,-1.039,none,,,False,,51,0,0.0615,0.3392,
51,76,True,0.59099,0.1385,none,,,False,,51,0,0.0629,0.3189,
51,66,True,0.547211,-0.1073,none,,,False,,51,0,0.0629,0.3107,
51,57,True,0.623161,0.3191,none,,,False,,51,0,0.0652,0.2814,
51,23,True,0.490179,-0.4274,none,,,False,,51,0,0.0669,0.0894,
51,28,True,0.509087,-0.3213,none,,,False,,51,0,0.0636,0.0771,
51,90,True,0.62244,0.3151,none,,,False,,51,0,0.0678,0.037,
51,43,True,0.580762,0.0811,none,,,False,,51,0,0.0991,-0.0335,
51,75,True,0.248224,-1.7857,none,,,False,,51,0,0.0622,-0.0355,
51,80,True,0.490227,-0.4272,none,,,False,,51,0,0.0636,-0.0355,
51,96,True,0.599739,0.1876,none,,,False,,51,0,0.0678,-0.0426,
51,12,True,0.542433,-0.1341,none,,,False,,51,0,0.0697,-0.0681,
51,16,True,0.465372,-0.5667,none,,,False,,51,0,0.0629,-0.0887,
51,84,True,0.281647,-1.5981,none,,,False,,51,0,0.0629,-0.1124,
51,46,True,0.582603,0.0914,none,,,False,,51,0,0.0574,-0.1151,
51,22,True,0.525603,-0.2286,none,,,False,,51,0,0.0636,-0.1185,
51,59,True,0.624366,0.3259,none,,,False,,51,0,0.0644,-0.1357,
51,9,True,0.590407,0.1352,none,,,False,,51,0,0.0622,-0.2115,
51,30,True,0.550541,-0.0886,none,,,False,,51,0,0.066,-0.2709,
51,35,True,0.681286,0.6454,none,,,False,,51,0,0.0827,-0.3388,
51,4,True,0.552121,-0.0797,none,,,False,,51,0,0.0719,-0.5132,
51,37,True,0.513933,-0.2941,none,,,False,,51,0,0.273,-0.5222,
51,8,True,0.276638,-1.6262,none,,,False,,51,0,0.329,-1.6571,
51,2,True,0.344654,-1.2444,none,,,False,,51,0,0.3166,-1.3439,
51,97,True,0.286838,-1.5689,cusum,,,True,negative,51,0,0.3166,-2.2118,
51,3,True,0.304309,-1.4708,none,,,False,,51,0,0.3106,-2.2631,
51,1,True,0.259162,-1.7243,none,,,False,,51,0,0.3048,-1.411,
51,27,True,0.274095,-1.6405,cusum,,,True,negative,51,0,0.2991,-1.6163,
51,82,True,0.256827,-1.7374,none,,,False,,51,0,0.2912,-2.0527,
51,5,True,0.580513,0.0797,none,,,False,,51,0,0.2884,-1.8318,
51,52,True,0.300841,-1.4903,none,,,False,,51,0,0.2879,-2.1814,
51,13,True,0.407038,-0.8942,none,,,False,,51,0,0.2867,-0.6143,
51,83,True,0.46416,-0.5735,none,,,False,,51,0,0.2865,-0.6315,
51,92,True,0.124017,-2.483,none,,,False,,51,0,0.2864,-1.2402,
52,39,True,1.514366,3.0,none,,,False,,52,0,0.2635,4.0129,
52,60,True,0.944117,2.4047,cusum,,,True,positive,52,0,0.2621,3.7082,
52,94,True,1.013988,2.8209,none,,,False,,52,0,0.2729,3.2961,
52,62,True,0.892509,2.0973,cusum,,,True,positive,52,0,0.2628,2.6539,
52,93,True,0.957464,2.4842,none,,,False,,52,0,0.2607,2.6304,
52,70,True,0.905592,2.1752,cusum,,,True,positive,52,0,0.2621,2.6056,
52,55,True,0.90656,2.181,none,,,False,,52,0,0.2643,2.5343,
52,95,True,0.755062,1.2786,none,,,False,,52,0,0.2621,2.3924,
52,48,True,0.694184,0.9159,none,,,False,,52,0,0.2659,2.2281,
52,72,True,0.5977,0.3412,none,,,False,,52,0,0.2614,2.0082,
52,31,True,0.695598,0.9243,none,,,False,,52,0,0.2614,1.9687,
52,98,True,0.760122,1.3087,none,,,False,,52,0,0.2601,1.8689,
52,21,True,0.613312,0.4342,cusum,,,True,positive,52,0,0.2635,1.8454,
52,36,True,0.373878,-0.9921,none,,,False,,52,0,0.2635,1.7157,
52,64,True,0.425735,-0.6832,none,,,False,,52,0,0.2651,1.5458,
52,57,True,0.612194,0.4275,none,,,False,,52,0,0.0643,0.3802,
52,76,True,0.548239,0.0465,none,,,False,,52,0,0.0621,0.3071,
52,66,True,0.582805,0.2525,none,,,False,,52,0,0.0621,0.2003,
52,67,True,0.444589,-0.5709,none,,,False,,52,0,0.0621,0.1785,
52,35,True,0.609693,0.4126,none,,,False,,52,0,0.0792,0.1159,
52,90,True,0.479652,-0.362,none,,,False,,52,0,0.0668,0.0899,
52,23,True,0.548474,0.0479,none,,,False,,52,0,0.0659,0.0689,
52,9,True,0.632903,0.5509,none,,,False,,52,0,0.0614,0.065,
52,59,True,0.428655,-0.6658,none,,,False,,52,0,0.0635,0.0508,
52,28,True,0.583567,0.257,none,,,False,,52,0,0.0628,0.0438,
52,43,True,0.508818,-0.1883,none,,,False,,52,0,0.0951,0.0423,
52,12,True,0.517336,-0.1375,none,,,False,,52,0,0.0686,-0.0375,
52,96,True,0.634659,0.5613,none,,,False,,52,0,0.0668,-0.092,
52,78,True,0.56679,0.157,none,,,False,,52,0,0.0607,-0.1398,
52,46,True,0.605255,0.3862,none,,,False,,52,0,0.0567,-0.1718,
52,22,True,0.505848,-0.206,none,,,False,,52,0,0.0628,-0.1937,
52,80,True,0.452426,-0.5242,none,,,False,,52,0,0.0628,-0.2393,
52,4,True,0.435652,-0.6241,none,,,False,,52,0,0.0706,-0.2462,
52,16,True,0.610476,0.4173,none,,,False,,52,0,0.0621,-0.247,
52,30,True,0.432578,-0.6424,none,,,False,,52,0,0.0651,-0.3037,
52,37,True,0.532611,-0.0465,none,,,False,,52,0,0.2717,-0.3888,
52,0,True,0.572943,0.1937,none,,,False,,52,0,0.2196,-0.5525,
52,54,True,0.285986,-1.5156,none,,,False,,52,0,0.2779,-0.5535,
52,92,True,0.26427,-1.645,cusum,,,True,negative,52,0,0.3365,-2.2487,
52,8,True,0.33196,-1.2418,cusum,,,True,negative,52,0,0.3238,-1.5721,
52,2,True,0.359035,-1.0805,cusum,,,True,negative,52,0,0.3119,-1.5443,
52,97,True,0.24751,-1.7448,none,,,False,,52,0,0.3119,-2.1398,
52,3,True,0.205969,-1.9923,none,,,False,,52,0,0.3062,-2.071,
52,1,True,0.4117,-0.7668,cusum,,,True,negative,52,0,0.3006,-1.6752,
52,27,True,0.192349,-2.0734,none,,,False,,52,0,0.2951,-1.81,
52,99,True,0.191944,-2.0758,none,,,False,,52,0,0.2908,-3.1848,
52,45,True,0.478103,-0.3712,none,,,False,,52,0,0.2859,-1.2205,
52,74,True,0.223441,-1.8882,none,,,False,,52,0,0.2859,-2.1131,
52,29,True,0.309604,-1.375,none,,,False,,52,0,0.2852,-2.0521,
52,6,True,0.355121,-1.1038,none,,,False,,52,0,0.2849,-0.9953,
53,39,True,1.407837,3.0,cusum,,,True,positive,53,0,0.2626,4.0801,
53,94,True,1.089626,2.929,cusum,,,True,positive,53,0,0.2716,4.0332,
53,60,True,1.011104,2.5139,none,,,False,,53,0,0.2613,3.5962,
53,93,True,0.900193,1.9274,cusum,,,True,positive,53,0,0.26,3.3351,
53,70,True,0.704451,0.8924,none,,,False,,53,0,0.2613,2.9456,
53,55,True,0.693109,0.8325,cusum,,,True,positive,53,0,0.2634,2.9232,
53,62,True,0.700965,0.874,none,,,False,,53,0,0.2619,2.8247,
53,95,True,0.749237,1.1292,none,,,False,,53,0,0.2613,2.2735,
53,98,True,0.750226,1.1345,none,,,False,,53,0,0.2594,2.1338,
53,31,True,0.389472,-0.773,none,,,False,,53,0,0.2606,2.0533,
53,48,True,0.516241,-0.1027,none,,,False,,53,0,0.2649,2.0191,
53,72,True,0.600985,0.3454,none,,,False,,53,0,0.2606,1.7416,
53,21,True,0.67904,0.7581,none,,,False,,53,0,0.2626,1.7226,
53,36,True,0.657986,0.6468,none,,,False,,53,0,0.2626,1.0755,
53,64,True,0.579477,0.2316,none,,,False,,53,0,0.2641,0.9463,
53,35,True,0.508245,-0.145,none,,,False,,53,0,0.0758,0.4597,
53,57,True,0.49996,-0.1888,none,,,False,,53,0,0.0634,0.2945,
53,66,True,0.4417,-0.4968,none,,,False,,53,0,0.0613,0.1827,
53,9,True,0.582534,0.2478,none,,,False,,53,0,0.0606,0.1753,
53,43,True,0.529365,-0.0333,none,,,False,,53,0,0.0913,0.1472,
53,76,True,0.541342,0.03,none,,,False,,53,0,0.0613,0.1412,
53,90,True,0.524331,-0.0599,none,,,False,,53,0,0.0658,0.122,
53,28,True,0.603142,0.3568,none,,,False,,53,0,0.0619,0.1037,
53,96,True,0.623254,0.4631,none,,,False,,53,0,0.0658,0.0431,
53,59,True,0.562752,0.1432,none,,,False,,53,0,0.0626,0.0345,
53,37,True,0.524663,-0.0582,none,,,False,,53,0,0.0705,-0.0236,
53,23,True,0.529992,-0.03,none,,,False,,53,0,0.0649,-0.06,
53,78,True,0.582107,0.2455,none,,,False,,53,0,0.06,-0.0602,
53,16,True,0.55539,0.1043,none,,,False,,53,0,0.0613,-0.094,
53,12,True,0.511473,-0.1279,none,,,False,,53,0,0.0675,-0.0995,
53,67,True,0.55138,0.0831,none,,,False,,53,0,0.0613,-0.166,
53,22,True,0.567078,0.1661,none,,,False,,53,0,0.0619,-0.1854,
53,0,True,0.327512,-1.1006,none,,,False,,53,0,0.1075,-0.2487,
53,46,True,0.642643,0.5656,none,,,False,,53,0,0.0561,-0.2607,
53,80,True,0.384182,-0.801,none,,,False,,53,0,0.0619,-0.3039,
53,4,True,0.631171,0.505,none,,,False,,53,0,0.0695,-0.3142,
53,30,True,0.434333,-0.5358,none,,,False,,53,0,0.0641,-0.3349,
53,42,True,0.517294,-0.0971,none,,,False,,53,0,0.1801,-0.5567,
53,92,True,0.249235,-1.5145,none,,,False,,53,0,0.3311,-2.4319,
53,8,True,0.262621,-1.4437,none,,,False,,53,0,0.319,-1.5973,
53,2,True,0.333556,-1.0687,none,,,False,,53,0,0.3075,-1.4439,
53,97,True,0.257479,-1.4709,cusum,,,True,negative,53,0,0.3075,-1.9679,
53,3,True,0.194514,-1.8038,cusum,,,True,negative,53,0,0.302,-2.0882,
53,1,True,0.349169,-0.9861,none,,,False,,53,0,0.2966,-1.534,
53,27,True,0.314746,-1.1681,cusum,,,True,negative,53,0,0.2913,-2.0527,
53,10,True,0.668477,0.7022,none,,,False,,53,0,0.2898,-0.6435,
53,14,True,0.344681,-1.0098,none,,,False,,53,0,0.2891,-1.6762,
53,63,True,0.204726,-1.7498,none,,,False,,53,0,0.2848,-2.3869,
53,77,True,0.15567,-2.0092,none,,,False,,53,0,0.2848,-2.2314,
53,85,True,0.331236,-1.0809,none,,,False,,53,0,0.2839,-1.0219,
54,39,True,1.463971,3.0,none,,,False,,54,0,0.2618,4.0791,
54,94,True,0.975693,2.6617,none,,,False,,54,0,0.2704,4.0079,
54,60,True,0.980931,2.6943,cusum,,,True,positive,54,0,0.2605,3.7167,
54,93,True,0.649412,0.6283,none,,,False,,54,0,0.2592,3.2421,
54,70,True,0.834065,1.779,none,,,False,,54,0,0.2605,2.8838,
54,55,True,0.61144,0.3916,none,,,False,,54,0,0.2625,2.7272,
54,62,True,0.777969,1.4294,none,,,False,,54,0,0.2611,2.6249,
54,98,True,0.751827,1.2665,none,,,False,,54,0,0.2587,2.1982,
54,95,True,0.730327,1.1325,none,,,False,,54,0,0.2605,2.1633,
54,21,True,0.609313,0.3784,none,,,False,,54,0,0.2618,1.871,
54,72,True,0.776418,1.4198,none,,,False,,54,0,0.2599,1.6622,
54,48,True,0.646193,0.6082,none,,,False,,54,0,0.264,1.5591,
54,31,True,0.781477,1.4513,none,,,False,,54,0,0.2599,1.3133,
54,36,True,0.651336,0.6402,none,,,False,,54,0,0.2618,1.1862,
54,64,True,0.492572,-0.3492,none,,,False,,54,0,0.2633,0.9893,
54,96,True,0.602913,0.3385,none,,,False,,54,0,0.0648,0.4874,
54,46,True,0.620055,0.4453,none,,,False,,54,0,0.0555,0.4178,
54,35,True,0.789601,1.5019,none,,,False,,54,0,0.0726,0.3988,
54,9,True,0.658724,0.6863,none,,,False,,54,0,0.0599,0.3876,
54,57,True,0.547712,-0.0055,none,,,False,,54,0,0.0625,0.266,
54,28,True,0.600491,0.3234,none,,,False,,54,0,0.0611,0.1756,
54,76,True,0.516981,-0.1971,none,,,False,,54,0,0.0605,0.1488,
54,16,True,0.549493,0.0055,none,,,False,,54,0,0.0605,0.0621,
54,43,True,0.456603,-0.5734,none,,,False,,54,0,0.0876,0.0532,
54,90,True,0.602498,0.3359,none,,,False,,54,0,0.0648,0.0477,
54,4,True,0.608486,0.3732,none,,,False,,54,0,0.0684,0.0221,
54,59,True,0.442268,-0.6627,none,,,False,,54,0,0.0618,0.0135,
54,22,True,0.555331,0.0419,none,,,False,,54,0,0.0611,-0.0114,
54,66,True,0.600842,0.3256,none,,,False,,54,0,0.0605,-0.0401,
54,37,True,0.373477,-1.0914,none,,,False,,54,0,0.0693,-0.0431,
54,12,True,0.525796,-0.1421,none,,,False,,54,0,0.0665,-0.0474,
54,23,True,0.479498,-0.4307,none,,,False,,54,0,0.064,-0.0543,
54,78,True,0.39868,-0.9343,none,,,False,,54,0,0.0592,-0.1368,
54,0,True,0.391202,-0.9809,none,,,False,,54,0,0.1033,-0.1976,
54,67,True,0.592436,0.2732,none,,,False,,54,0,0.0605,-0.3128,
54,30,True,0.546856,-0.0109,none,,,False,,54,0,0.0633,-0.3412,
54,42,True,0.516418,-0.2006,none,,,False,,54,0,0.1033,-0.4805,
54,80,True,0.546565,-0.0127,none,,,False,,54,0,0.0611,-0.506,
54,85,True,0.354532,-1.2095,cusum,,,True,negative,54,0,0.3519,-1.7303,
54,92,True,0.215386,-2.0766,cusum,,,True,negative,54,0,0.326,-2.263,
54,8,True,0.366435,-1.1353,none,,,False,,54,0,0.3144,-1.8254,
54,2,True,0.342875,-1.2821,none,,,False,,54,0,0.3033,-1.5246,
54,97,True,0.219488,-2.0511,none,,,False,,54,0,0.3033,-1.9883,
54,3,True,0.226397,-2.008,none,,,False,,54,0,0.298,-2.1514,
54,1,True,0.46078,-0.5473,none,,,False,,54,0,0.2927,-1.557,
54,82,True,0.199889,-2.1732,none,,,False,,54,0,0.2905,-1.9029,
54,68,True,0.181619,-2.2871,none,,,False,,54,0,0.2898,-2.4082,
54,33,True,0.307449,-1.5029,none,,,False,,54,0,0.288,-1.0191,
54,34,True,0.363397,-1.1542,none,,,False,,54,0,0.288,-1.0535,
54,27,True,0.227158,-2.0033,none,,,False,,54,0,0.2876,-2.0273,
55,39,True,1.45715,3.0,cusum,,,True,positive,55,0,0.261,4.0781,
55,94,True,0.913051,1.6186,cusum,,,True,positive,55,0,0.2692,3.8937,
55,60,True,0.699698,0.6242,none,,,False,,55,0,0.2597,3.6139,
55,93,True,0.878086,1.4557,none,,,False,,55,0,0.2585,2.7545,
55,70,True,0.811839,1.1469,cusum,,,True,positive,55,0,0.2597,2.6918,
55,62,True,0.566048,0.0013,cusum,,,True,positive,55,0,0.2604,2.5441,
55,98,True,0.710451,0.6743,cusum,,,True,positive,55,0,0.258,2.3103,
55,95,True,0.760757,0.9088,cusum,,,True,positive,55,0,0.2597,2.2564,
55,55,True,0.921286,1.657,none,,,False,,55,0,0.2617,2.2141,
55,31,True,0.645936,0.3736,none,,,False,,55,0,0.2591,1.6096,
55,21,True,0.686163,0.5611,none,,,False,,55,0,0.261,1.6016,
55,48,True,0.710518,0.6746,none,,,False,,55,0,0.2631,1.5549,
55,72,True,0.582435,0.0777,none,,,False,,55,0,0.2591,0.7775,
55,35,True,0.722212,0.7292,none,,,False,,55,0,0.0714,0.6827,
55,9,True,0.685128,0.5563,none,,,False,,55,0,0.0591,0.5704,
55,96,True,0.575723,0.0464,none,,,False,,55,0,0.0639,0.5365,
55,46,True,0.604964,0.1827,none,,,False,,55,0,0.0549,0.535,
55,28,True,0.441201,-0.5806,none,,,False,,55,0,0.0604,0.3895,
55,16,True,0.565502,-0.0013,none,,,False,,55,0,0.0597,0.252,
55,36,True,0.729307,0.7622,none,,,False,,55,0,0.261,0.1764,
55,4,True,0.579539,0.0642,none,,,False,,55,0,0.0673,0.1717,
55,57,True,0.581646,0.074,none,,,False,,55,0,0.0617,0.1568,
55,66,True,0.608595,0.1996,none,,,False,,55,0,0.0597,0.1033,
55,22,True,0.406068,-0.7444,none,,,False,,55,0,0.0604,0.0778,
55,90,True,0.509816,-0.2608,none,,,False,,55,0,0.0639,0.0535,
55,76,True,0.583221,0.0813,none,,,False,,55,0,0.0597,0.0361,
55,67,True,0.597298,0.1469,none,,,False,,55,0,0.0597,0.0047,
55,12,True,0.450898,-0.5354,none,,,False,,55,0,0.0655,-0.0514,
55,23,True,0.460721,-0.4897,none,,,False,,55,0,0.0631,-0.0565,
55,78,True,0.367545,-0.924,none,,,False,,55,0,0.0585,-0.1027,
55,43,True,0.585141,0.0903,none,,,False,,55,0,0.0841,-0.1669,
55,64,True,0.552176,-0.0634,none,,,False,,55,0,0.2624,-0.1868,
55,37,True,0.196107,-1.723,none,,,False,,55,0,0.0682,-0.3103,
55,30,True,0.476453,-0.4163,none,,,False,,55,0,0.0624,-0.3163,
55,59,True,0.545361,-0.0952,none,,,False,,55,0,0.061,-0.317,
55,80,True,0.510309,-0.2585,none,,,False,,55,0,0.0604,-0.3688,
55,42,True,0.316808,-1.1604,none,,,False,,55,0,0.0993,-0.4535,
55,10,True,0.588224,0.1046,none,,,False,,55,0,0.1522,-0.5156,
55,33,True,0.321199,-1.14,cusum,,,True,negative,55,0,0.3458,-1.8231,
55,34,True,0.215386,-1.6332,cusum,,,True,negative,55,0,0.3458,-1.7025,
55,85,True,0.320028,-1.1454,none,,,False,,55,0,0.3458,-1.5453,
55,92,True,0.256911,-1.4396,none,,,False,,55,0,0.3212,-2.1307,
55,8,True,0.309508,-1.1945,cusum,,,True,negative,55,0,0.31,-1.6645,
55,2,True,0.288213,-1.2937,cusum,,,True,negative,55,0,0.2993,-1.5395,
55,97,True,0.214926,-1.6353,cusum,,,True,negative,55,0,0.2993,-2.1514,
55,3,True,0.157116,-1.9048,cusum,,,True,negative,55,0,0.2942,-2.3327,
55,52,True,0.358892,-0.9643,none,,,False,,55,0,0.2934,-1.5702,
55,45,True,0.34147,-1.0455,none,,,False,,55,0,0.2919,-1.1035,
55,74,True,0.262039,-1.4157,none,,,False,,55,0,0.2919,-1.9268,
55,1,True,0.340693,-1.0491,none,,,False,,55,0,0.2891,-1.1667,
56,39,True,1.285071,3.0,none,,,False,,56,0,0.2603,4.0772,
56,94,True,1.028142,2.4832,none,,,False,,56,0,0.2681,3.4915,
56,60,True,0.875727,1.6648,cusum,,,True,positive,56,0,0.259,3.0195,
56,93,True,0.885153,1.7154,cusum,,,True,positive,56,0,0.2579,2.4108,
56,70,True,0.871614,1.6427,none,,,False,,56,0,0.259,2.3482,
56,95,True,0.819057,1.3605,none,,,False,,56,0,0.259,2.1322,
56,98,True,0.807077,1.2962,none,,,False,,56,0,0.2573,2.098,
56,55,True,0.687488,0.654,none,,,False,,56,0,0.2609,2.0385,
56,62,True,0.815774,1.3429,none,,,False,,56,0,0.2596,1.8445,
56,21,True,0.686016,0.6461,none,,,False,,56,0,0.2603,1.643,
56,35,True,0.754775,1.0153,none,,,False,,56,0,0.0702,0.7866,
56,36,True,0.685135,0.6414,none,,,False,,56,0,0.2603,0.7602,
56,72,True,0.698052,0.7108,none,,,False,,56,0,0.2584,0.6888,
56,9,True,0.695104,0.6949,none,,,False,,56,0,0.0584,0.5713,
56,48,True,0.718486,0.8205,none,,,False,,56,0,0.2623,0.4734,
56,46,True,0.578201,0.0672,none,,,False,,56,0,0.0543,0.4665,
56,31,True,0.634611,0.3701,none,,,False,,56,0,0.2584,0.4252,
56,4,True,0.656662,0.4885,none,,,False,,56,0,0.0663,0.3999,
56,96,True,0.466903,-0.5304,none,,,False,,56,0,0.063,0.3638,
56,67,True,0.523707,-0.2254,none,,,False,,56,0,0.059,0.2431,
56,10,True,0.572377,0.0359,none,,,False,,56,0,0.1402,0.2051,
56,16,True,0.625143,0.3193,none,,,False,,56,0,0.059,0.1116,
56,28,True,0.566834,0.0062,none,,,False,,56,0,0.0596,0.1094,
56,90,True,0.628575,0.3377,none,,,False,,56,0,0.063,0.0861,
56,66,True,0.491483,-0.3984,none,,,False,,56,0,0.059,0.0848,
56,76,True,0.541349,-0.1307,none,,,False,,56,0,0.059,0.0468,
56,57,True,0.602263,0.1964,none,,,False,,56,0,0.0609,0.038,
56,64,True,0.673174,0.5772,none,,,False,,56,0,0.2616,0.0187,
56,43,True,0.470799,-0.5095,none,,,False,,56,0,0.0808,-0.0759,
56,22,True,0.521387,-0.2379,none,,,False,,56,0,0.0596,-0.1025,
56,59,True,0.547061,-0.1,none,,,False,,56,0,0.0603,-0.1277,
56,12,True,0.5127,-0.2845,none,,,False,,56,0,0.0646,-0.1852,
56,23,True,0.536331,-0.1576,none,,,False,,56,0,0.0623,-0.2367,
56,30,True,0.568638,0.0159,none,,,False,,56,0,0.0616,-0.2419,
56,80,True,0.558446,-0.0389,none,,,False,,56,0,0.0596,-0.2811,
56,42,True,0.209213,-1.9141,none,,,False,,56,0,0.0956,-0.384,
56,78,True,0.550339,-0.0824,none,,,False,,56,0,0.0579,-0.4639,
56,0,True,0.125481,-2.3637,none,,,False,,56,0,0.1069,-0.525,
56,33,True,0.288075,-1.4906,none,,,False,,56,0,0.3402,-1.8658,
56,34,True,0.299403,-1.4298,none,,,False,,56,0,0.3402,-1.8455,
56,85,True,0.3825,-0.9836,none,,,False,,56,0,0.3402,-1.5203,
56,92,True,0.238581,-1.7564,cusum,,,True,negative,56,0,0.3167,-2.0651,
56,8,True,0.314547,-1.3485,none,,,False,,56,0,0.3059,-1.6512,
56,2,True,0.33113,-1.2595,none,,,False,,56,0,0.2956,-1.6128,
56,97,True,0.2451,-1.7214,none,,,False,,56,0,0.2956,-2.117,
56,27,True,0.348435,-1.1665,none,,,False,,56,0,0.2919,-2.1502,
56,5,True,0.564532,-0.0062,none,,,False,,56,0,0.2913,-1.0436,
56,47,True,0.41187,-0.8259,none,,,False,,56,0,0.2909,-0.7414,
56,3,True,0.247421,-1.7089,none,,,False,,56,0,0.2905,-2.3055,
56,61,True,0.348991,-1.1636,none,,,False,,56,0,0.2905,-0.5588,
57,39,True,1.474145,3.0,cusum,,,True,positive,57,0,0.2595,4.0762,
57,94,True,1.023422,2.6346,cusum,,,True,positive,57,0,0.2671,3.3416,
57,60,True,0.980013,2.3817,none,,,False,,57,0,0.2583,2.7356,
57,70,True,0.95178,2.2173,none,,,False,,57,0,0.2583,2.5974,
57,93,True,0.897413,1.9007,none,,,False,,57,0,0.2572,2.3394,
57,95,True,0.734776,0.9534,none,,,False,,57,0,0.2583,2.2085,
57,98,True,0.754093,1.0659,none,,,False,,57,0,0.2567,2.1512,
57,62,True,0.80499,1.3624,none,,,False,,57,0,0.2589,1.9999,
57,55,True,0.884826,1.8273,none,,,False,,57,0,0.2601,1.978,
57,35,True,0.722884,0.8841,none,,,False,,57,0,0.069,1.1719,
57,72,True,0.58691,0.0922,none,,,False,,57,0,0.2577,0.8098,
57,31,True,0.681304,0.642,none,,,False,,57,0,0.2577,0.8054,
57,48,True,0.661466,0.5264,none,,,False,,57,0,0.2615,0.7802,
57,36,True,0.700164,0.7518,none,,,False,,57,0,0.2595,0.7575,
57,9,True,0.587327,0.0946,none,,,False,,57,0,0.0577,0.7196,
57,21,True,0.69247,0.707,none,,,False,,57,0,0.2595,0.6048,
57,10,True,0.632306,0.3566,none,,,False,,57,0,0.1349,0.4022,
57,4,True,0.66323,0.5367,none,,,False,,57,0,0.0653,0.3931,
57,46,True,0.644858,0.4297,none,,,False,,57,0,0.0538,0.2998,
57,90,True,0.538581,-0.1893,none,,,False,,57,0,0.0622,0.2177,
57,16,True,0.604782,0.1963,none,,,False,,57,0,0.0583,0.1824,
57,57,True,0.622494,0.2994,none,,,False,,57,0,0.0601,0.1654,
57,67,True,0.54145,-0.1726,none,,,False,,57,0,0.0583,0.1394,
57,64,True,0.637322,0.3858,none,,,False,,57,0,0.2608,0.133,
57,66,True,0.59281,0.1266,none,,,False,,57,0,0.0583,0.1168,
57,96,True,0.569743,-0.0078,none,,,False,,57,0,0.0622,0.0315,
57,76,True,0.542618,-0.1658,none,,,False,,57,0,0.0583,-0.0076,
57,28,True,0.550849,-0.1178,none,,,False,,57,0,0.0589,-0.0083,
57,80,True,0.496502,-0.4344,none,,,False,,57,0,0.0589,-0.028,
57,30,True,0.477318,-0.5461,none,,,False,,57,0,0.0608,-0.059,
57,59,True,0.572418,0.0078,none,,,False,,57,0,0.0595,-0.2097,
57,43,True,0.490348,-0.4702,none,,,False,,57,0,0.0775,-0.2364,
57,22,True,0.46186,-0.6361,none,,,False,,57,0,0.0589,-0.2381,
57,12,True,0.522306,-0.2841,none,,,False,,57,0,0.0637,-0.2385,
57,23,True,0.50321,-0.3953,none,,,False,,57,0,0.0615,-0.2803,
57,5,True,-0.224481,-3.0,none,,,False,,57,0,0.2653,-0.3477,
57,86,True,0.348312,-1.2975,none,,,False,,57,0,0.2002,-0.5596,
57,33,True,0.311057,-1.5145,none,,,False,,57,0,0.3349,-1.7566,
57,34,True,0.315678,-1.4875,none,,,False,,57,0,0.3349,-1.7845,
57,85,True,0.332637,-1.3888,none,,,False,,57,0,0.3349,-1.4916,
57,61,True,0.398428,-1.0056,cusum,,,True,negative,57,0,0.3233,-1.5979,
57,92,True,0.269516,-1.7564,none,,,False,,57,0,0.3123,-2.1484,
57,8,True,0.259423,-1.8152,none,,,False,,57,0,0.3019,-1.6218,
57,0,True,0.678337,0.6247,cusum,,,True,negative,57,0,0.2969,-1.8797,
57,14,True,0.365799,-1.1956,none,,,False,,57,0,0.296,-1.0151,
57,29,True,0.261801,-1.8013,none,,,False,,57,0,0.2946,-1.5312,
57,99,True,0.193131,-2.2013,none,,,False,,57,0,0.2936,-2.3783,
57,1,True,0.392384,-1.0408,none,,,False,,57,0,0.2932,-0.7628,
57,2,True,0.390914,-1.0493,none,,,False,,57,0,0.2919,-1.6784,
57,42,True,0.50562,-0.3813,cusum,,,True,negative,57,0,0.2919,-1.4917,
58,39,True,1.561312,3.0,none,,,False,,58,0,0.2588,4.0754,
58,94,True,1.07399,2.3228,none,,,False,,58,0,0.2661,3.3312,
58,93,True,0.818871,1.2125,cusum,,,True,positive,58,0,0.2566,2.7628,
58,70,True,0.760866,0.9601,cusum,,,True,positive,58,0,0.2576,2.7427,
58,60,True,0.889715,1.5208,cusum,,,True,positive,58,0,0.2576,2.6306,
58,55,True,0.796387,1.1147,cusum,,,True,positive,58,0,0.2594,2.4557,
58,95,True,0.895658,1.5467,none,,,False,,58,0,0.2576,2.148,
58,98,True,0.777056,1.0306,none,,,False,,58,0,0.256,2.0836,
58,62,True,0.7489,0.908,none,,,False,,58,0,0.2582,1.9767,
58,35,True,0.725091,0.8044,cusum,,,True,positive,58,0,0.2679,1.9646,
58,36,True,0.72085,0.7859,none,,,False,,58,0,0.2588,0.7939,
58,48,True,0.689037,0.6475,none,,,False,,58,0,0.2607,0.7519,
58,21,True,0.690057,0.6519,none,,,False,,58,0,0.2588,0.7135,
58,31,True,0.726799,0.8118,none,,,False,,58,0,0.2571,0.5348,
58,9,True,0.700421,0.697,none,,,False,,58,0,0.0571,0.5216,
58,4,True,0.553677,0.0584,none,,,False,,58,0,0.0644,0.4465,
58,64,True,0.612577,0.3148,none,,,False,,58,0,0.26,0.377,
58,72,True,0.512842,-0.1193,none,,,False,,58,0,0.2571,0.3665,
58,46,True,0.568764,0.1241,none,,,False,,58,0,0.0532,0.2939,
58,10,True,0.565693,0.1107,none,,,False,,58,0,0.1299,0.2836,
58,57,True,0.458594,-0.3554,none,,,False,,58,0,0.0594,0.2662,
58,16,True,0.525032,-0.0662,none,,,False,,58,0,0.0576,0.2452,
58,66,True,0.510114,-0.1312,none,,,False,,58,0,0.0576,0.0496,
58,90,True,0.523473,-0.073,none,,,False,,58,0,0.0614,0.0416,
58,59,True,0.390485,-0.6518,none,,,False,,58,0,0.0588,0.0129,
58,76,True,0.390902,-0.6499,none,,,False,,58,0,0.0576,0.002,
58,67,True,0.556022,0.0686,none,,,False,,58,0,0.0576,-0.01,
58,96,True,0.56671,0.1151,none,,,False,,58,0,0.0614,-0.0849,
58,28,True,0.562159,0.0953,none,,,False,,58,0,0.0582,-0.1562,
58,80,True,0.473356,-0.2911,none,,,False,,58,0,0.0582,-0.1694,
58,43,True,0.526824,-0.0584,none,,,False,,58,0,0.0745,-0.2036,
58,30,True,0.402886,-0.5978,none,,,False,,58,0,0.06,-0.2384,
58,23,True,0.469059,-0.3098,none,,,False,,58,0,0.0607,-0.2694,
58,12,True,0.506391,-0.1474,none,,,False,,58,0,0.0628,-0.2869,
58,22,True,0.499204,-0.1786,none,,,False,,58,0,0.0582,-0.4649,
58,18,True,0.302033,-1.0367,none,,,False,,58,0,0.1964,-0.5611,
58,17,True,0.5636,0.1016,none,,,False,,58,0,0.2446,-0.5643,
58,33,True,0.310907,-0.9981,cusum,,,True,negative,58,0,0.3299,-1.7638,
58,34,True,0.321019,-0.9541,cusum,,,True,negative,58,0,0.3299,-1.899,
58,85,True,0.347294,-0.8397,cusum,,,True,negative,58,0,0.3299,-1.5548,
58,61,True,0.279476,-1.1349,none,,,False,,58,0,0.3188,-1.6221,
58,92,True,0.325022,-0.9367,cusum,,,True,negative,58,0,0.3082,-2.0442,
58,97,True,0.229647,-1.3517,none,,,False,,58,0,0.2993,-2.2026,
58,8,True,0.164418,-1.6356,cusum,,,True,negative,58,0,0.2982,-1.8507,
58,82,True,0.314449,-0.9827,none,,,False,,58,0,0.2972,-1.7579,
58,3,True,0.208777,-1.4425,none,,,False,,58,0,0.2945,-2.2758,
58,63,True,0.180168,-1.567,none,,,False,,58,0,0.2941,-1.6971,
58,77,True,0.222439,-1.3831,none,,,False,,58,0,0.2941,-2.5731,
58,0,True,0.589746,0.2154,none,,,False,,58,0,0.2933,-1.3067,
58,40,True,0.680369,0.6098,none,,,False,,58,0,0.2927,-0.6455,
59,39,True,1.473606,3.0,cusum,,,True,positive,59,0,0.2581,4.0745,
59,94,True,0.954513,2.3431,cusum,,,True,positive,59,0,0.2651,3.5647,
59,60,True,0.8661,1.8216,none,,,False,,59,0,0.257,2.9287,
59,93,True,0.946931,2.2984,none,,,False,,59,0,0.2559,2.681,
59,70,True,0.906203,2.0581,none,,,False,,59,0,0.257,2.6796,
59,95,True,0.706457,0.88,cusum,,,True,positive,59,0,0.257,2.3598,
59,62,True,0.866171,1.822,cusum,,,True,positive,59,0,0.2575,2.2781,
59,55,True,0.668239,0.6546,none,,,False,,59,0,0.2587,2.2741,
59,98,True,0.647948,0.5349,cusum,,,True,positive,59,0,0.2554,2.2016,
59,35,True,0.576353,0.1126,none,,,False,,59,0,0.2669,1.9883,
59,36,True,0.706584,0.8807,none,,,False,,59,0,0.2581,0.8009,
59,21,True,0.742222,1.0909,none,,,False,,59,0,0.2581,0.7429,
59,48,True,0.709737,0.8993,none,,,False,,59,0,0.2599,0.742,
59,31,True,0.738825,1.0709,none,,,False,,59,0,0.2565,0.6801,
59,9,True,0.593225,0.2121,none,,,False,,59,0,0.0565,0.5677,
59,64,True,0.569124,0.07,none,,,False,,59,0,0.2593,0.5022,
59,4,True,0.667871,0.6524,none,,,False,,59,0,0.0635,0.4434,
59,72,True,0.634171,0.4536,none,,,False,,59,0,0.2565,0.3001,
59,10,True,0.579476,0.131,none,,,False,,59,0,0.1252,0.2825,
59,46,True,0.554452,-0.0166,none,,,False,,59,0,0.0527,0.2738,
59,16,True,0.634192,0.4538,none,,,False,,59,0,0.057,0.2227,
59,57,True,0.555896,-0.0081,none,,,False,,59,0,0.0587,0.1222,
59,90,True,0.628773,0.4218,none,,,False,,59,0,0.0606,0.1032,
59,28,True,0.448339,-0.6425,none,,,False,,59,0,0.0575,0.0683,
59,17,True,0.345666,-1.248,none,,,False,,59,0,0.1252,-0.0331,
59,67,True,0.528535,-0.1694,none,,,False,,59,0,0.057,-0.0368,
59,66,True,0.535925,-0.1258,none,,,False,,59,0,0.057,-0.0614,
59,96,True,0.602881,0.2691,none,,,False,,59,0,0.0606,-0.0629,
59,12,True,0.572966,0.0926,none,,,False,,59,0,0.062,-0.1586,
59,59,True,0.558628,0.0081,none,,,False,,59,0,0.0581,-0.1735,
59,80,True,0.460192,-0.5725,none,,,False,,59,0,0.0575,-0.1811,
59,23,True,0.435153,-0.7202,none,,,False,,59,0,0.0599,-0.2104,
59,76,True,0.554872,-0.0141,none,,,False,,59,0,0.057,-0.2425,
59,43,True,0.448169,-0.6435,none,,,False,,59,0,0.0715,-0.2548,
59,22,True,0.518232,-0.2302,none,,,False,,59,0,0.0575,-0.2772,
59,30,True,0.479545,-0.4584,none,,,False,,59,0,0.0593,-0.2998,
59,40,True,0.668804,0.6579,none,,,False,,59,0,0.1366,-0.5082,
59,33,True,0.298534,-1.526,none,,,False,,59,0,0.3252,-1.7197,
59,34,True,0.165534,-2.3105,none,,,False,,59,0,0.3252,-1.6758,
59,85,True,0.413435,-0.8483,none,,,False,,59,0,0.3252,-1.456,
59,61,True,0.34232,-1.2678,none,,,False,,59,0,0.3145,-1.4922,
59,92,True,0.305897,-1.4826,none,,,False,,59,0,0.3043,-1.8789,
59,45,True,0.440095,-0.6911,none,,,False,,59,0,0.2983,-0.7865,
59,74,True,0.264988,-1.7239,none,,,False,,59,0,0.2983,-1.4273,
59,27,True,0.355688,-1.1889,none,,,False,,59,0,0.297,-1.8498,
59,2,True,0.403469,-0.9071,none,,,False,,59,0,0.2958,-1.6028,
59,42,True,0.448013,-0.6444,none,,,False,,59,0,0.2958,-1.5539,
59,8,True,0.279496,-1.6383,none,,,False,,59,0,0.2946,-1.9998,
59,68,True,0.094071,-2.732,none,,,False,,59,0,0.2925,-2.8862,
59,1,True,0.409306,-0.8727,none,,,False,,59,0,0.2911,-1.2828,
60,39,True,1.456484,3.0,none,,,False,,60,0,0.2574,4.0737,
60,94,True,1.053801,2.4123,none,,,False,,60,0,0.2642,3.5168,
60,60,True,0.922288,1.8038,cusum,,,True,positive,60,0,0.2564,2.9802,
60,93,True,0.851469,1.4761,cusum,,,True,positive,60,0,0.2553,2.8746,
60,70,True,0.833795,1.3943,none,,,False,,60,0,0.2564,2.8174,
60,62,True,0.5941,0.2853,none,,,False,,60,0,0.2569,2.4371,
60,55,True,0.674365,0.6567,none,,,False,,60,0,0.258,2.2734,
60,95,True,0.854214,1.4888,none,,,False,,60,0,0.2564,2.1989,
60,98,True,0.77619,1.1278,none,,,False,,60,0,0.2548,1.9471,
60,31,True,0.710571,0.8242,cusum,,,True,positive,60,0,0.2558,1.913,
60,21,True,0.503158,-0.1355,cusum,,,True,positive,60,0,0.2574,1.8904,
60,36,True,0.725,0.891,cusum,,,True,positive,60,0,0.2574,1.8799,
60,48,True,0.705097,0.7989,cusum,,,True,positive,60,0,0.2592,1.7673,
60,35,True,0.752908,1.0201,none,,,False,,60,0,0.2659,1.6861,
60,4,True,0.638384,0.4902,none,,,False,,60,0,0.0626,0.497,
60,9,True,0.608079,0.35,none,,,False,,60,0,0.0558,0.406,
60,64,True,0.611257,0.3647,none,,,False,,60,0,0.0586,0.3322,
60,10,True,0.464149,-0.316,none,,,False,,60,0,0.1208,0.3113,
60,16,True,0.52412,-0.0385,none,,,False,,60,0,0.0564,0.2668,
60,46,True,0.57102,0.1785,none,,,False,,60,0,0.0522,0.2453,
60,40,True,0.723239,0.8828,none,,,False,,60,0,0.1317,0.217,
60,72,True,0.524842,-0.0352,none,,,False,,60,0,0.0558,0.2136,
60,96,True,0.548855,0.076,none,,,False,,60,0,0.0598,0.2026,
60,90,True,0.701558,0.7825,none,,,False,,60,0,0.0598,0.1303,
60,57,True,0.622492,0.4167,none,,,False,,60,0,0.058,0.0532,
60,66,True,0.539677,0.0335,none,,,False,,60,0,0.0564,0.0287,
60,67,True,0.525202,-0.0335,none,,,False,,60,0,0.0564,-0.019,
60,12,True,0.467499,-0.3005,none,,,False,,60,0,0.0612,-0.0339,
60,59,True,0.462139,-0.3253,none,,,False,,60,0,0.0574,-0.1383,
60,28,True,0.499835,-0.1509,none,,,False,,60,0,0.0569,-0.1487,
60,76,True,0.590743,0.2698,none,,,False,,60,0,0.0564,-0.2044,
60,22,True,0.566179,0.1561,none,,,False,,60,0,0.0569,-0.2754,
60,43,True,0.499568,-0.1521,none,,,False,,60,0,0.0687,-0.3009,
60,80,True,0.482757,-0.2299,none,,,False,,60,0,0.0569,-0.3597,
60,23,True,0.474953,-0.266,none,,,False,,60,0,0.0592,-0.3989,
60,30,True,0.509385,-0.1067,none,,,False,,60,0,0.0586,-0.4587,
60,17,True,0.325579,-0.9571,none,,,False,,60,0,0.1208,-0.4922,
60,33,True,0.324626,-0.9615,none,,,False,,60,0,0.3208,-1.7344,
60,34,True,0.162587,-1.7113,cusum,,,True,negative,60,0,0.3208,-1.9722,
60,85,True,0.379637,-0.707,none,,,False,,60,0,0.3208,-1.4138,
60,61,True,0.355962,-0.8165,cusum,,,True,negative,60,0,0.3105,-1.5295,
60,92,True,0.279599,-1.1699,none,,,False,,60,0,0.3006,-1.7898,
60,0,True,0.625732,0.4317,none,,,False,,60,0,0.297,-0.9098,
60,97,True,0.230846,-1.3954,none,,,False,,60,0,0.297,-1.9714,
60,3,True,0.260989,-1.256,none,,,False,,60,0,0.2924,-2.0892,
60,8,True,0.273835,-1.1965,cusum,,,True,negative,60,0,0.2911,-2.0983,
60,37,True,0.382811,-0.6923,none,,,False,,60,0,0.2901,-1.3705,
60,14,True,0.307672,-1.04,none,,,False,,60,0,0.2892,-0.9108,
60,2,True,0.353085,-0.8298,none,,,False,,60,0,0.2865,-1.4757,
60,42,True,0.485412,-0.2176,none,,,False,,60,0,0.2865,-1.3837,
61,39,True,1.552154,3.0,cusum,,,True,positive,61,0,0.2568,4.0729,
61,94,True,1.03875,2.5143,cusum,,,True,positive,61,0,0.2633,3.4416,
61,60,True,0.927902,1.9484,none,,,False,,61,0,0.2557,2.7868,
61,93,True,0.88378,1.7231,none,,,False,,61,0,0.2547,2.7323,
61,70,True,0.819289,1.3938,cusum,,,True,positive,61,0,0.2557,2.5423,
61,95,True,0.934822,1.9837,none,,,False,,61,0,0.2557,2.3766,
61,62,True,0.669014,0.6266,none,,,False,,61,0,0.2563,2.0773,
61,31,True,0.676806,0.6664,none,,,False,,61,0,0.2552,1.973,
61,98,True,0.784406,1.2158,none,,,False,,61,0,0.2543,1.9671,
61,36,True,0.551118,0.0247,none,,,False,,61,0,0.2568,1.9255,
61,55,True,0.778667,1.1865,none,,,False,,61,0,0.2573,1.8824,
61,48,True,0.67997,0.6826,none,,,False,,61,0,0.2585,1.8573,
61,35,True,0.774331,1.1643,none,,,False,,61,0,0.2649,1.7302,
61,21,True,0.607555,0.3129,none,,,False,,61,0,0.2568,1.6087,
61,40,True,0.705649,0.8137,none,,,False,,61,0,0.127,0.8315,
61,9,True,0.734904,0.963,none,,,False,,61,0,0.0552,0.4904,
61,4,True,0.603222,0.2907,none,,,False,,61,0,0.0618,0.4804,
61,90,True,0.567898,0.1104,none,,,False,,61,0,0.0591,0.4533,
61,64,True,0.422996,-0.6294,none,,,False,,61,0,0.0579,0.3243,
61,96,True,0.452179,-0.4804,none,,,False,,61,0,0.0591,0.2296,
61,16,True,0.602041,0.2847,none,,,False,,61,0,0.0557,0.1878,
61,72,True,0.587897,0.2125,none,,,False,,61,0,0.0552,0.1704,
61,46,True,0.541431,-0.0247,none,,,False,,61,0,0.0517,0.161,
61,57,True,0.570524,0.1238,none,,,False,,61,0,0.0573,0.0915,
61,10,True,0.62426,0.3981,none,,,False,,61,0,0.1165,0.0844,
61,67,True,0.461633,-0.4321,none,,,False,,61,0,0.0557,0.0267,
61,0,True,0.444278,-0.5207,none,,,False,,61,0,0.2878,0.0201,
61,66,True,0.556025,0.0498,none,,,False,,61,0,0.0557,-0.0031,
61,22,True,0.557273,0.0561,none,,,False,,61,0,0.0563,-0.0121,
61,12,True,0.177338,-1.8836,none,,,False,,61,0,0.0604,-0.0403,
61,76,True,0.506638,-0.2024,none,,,False,,61,0,0.0557,-0.06,
61,28,True,0.563435,0.0876,none,,,False,,61,0,0.0563,-0.1605,
61,43,True,0.432157,-0.5826,none,,,False,,61,0,0.0676,-0.1963,
61,59,True,0.430603,-0.5905,none,,,False,,61,0,0.0568,-0.2501,
61,80,True,0.494011,-0.2668,none,,,False,,61,0,0.0563,-0.2923,
61,30,True,0.512767,-0.1711,none,,,False,,61,0,0.0579,-0.3131,
61,23,True,0.44402,-0.5221,none,,,False,,61,0,0.0585,-0.3566,
61,32,True,0.483558,-0.3202,none,,,False,,61,0,0.2645,-0.572,
61,33,True,0.276452,-1.3775,cusum,,,True,negative,61,0,0.3165,-1.5528,
61,34,True,0.267107,-1.4253,none,,,False,,61,0,0.3165,-2.0495,
61,85,True,0.396132,-0.7665,none,,,False,,61,0,0.3165,-1.1892,
61,61,True,0.375963,-0.8695,none,,,False,,61,0,0.3066,-1.4688,
61,92,True,0.271376,-1.4035,cusum,,,True,negative,61,0,0.297,-1.5964,
61,82,True,0.302464,-1.2447,none,,,False,,61,0,0.2904,-2.0383,
61,1,True,0.229066,-1.6195,none,,,False,,61,0,0.2891,-1.393,
61,27,True,0.334771,-1.0798,none,,,False,,61,0,0.2891,-1.3584,
61,8,True,0.306159,-1.2259,none,,,False,,61,0,0.2878,-1.8939,
61,97,True,0.184541,-1.8468,none,,,False,,61,0,0.2878,-1.8933,
61,29,True,0.24489,-1.5387,none,,,False,,61,0,0.2875,-1.8774,
61,89,True,0.40934,-0.6991,none,,,False,,61,0,0.2873,-0.6908,
62,39,True,1.487855,3.0,none,,,False,,62,0,0.2562,4.0722,
62,94,True,1.026315,1.9906,none,,,False,,62,0,0.2624,3.5043,
62,60,True,0.807047,1.0806,cusum,,,True,positive,62,0,0.2551,2.9286,
62,93,True,0.81752,1.1241,cusum,,,True,positive,62,0,0.2542,2.9019,
62,70,True,0.711488,0.684,none,,,False,,62,0,0.2551,2.6862,
62,95,True,0.869182,1.3385,cusum,,,True,positive,62,0,0.2551,2.5215,
62,98,True,0.714333,0.6959,none,,,False,,62,0,0.2537,2.0282,
62,62,True,0.850205,1.2597,none,,,False,,62,0,0.2556,1.9827,
62,31,True,0.84685,1.2458,none,,,False,,62,0,0.2547,1.9239,
62,55,True,0.874483,1.3605,none,,,False,,62,0,0.2567,1.9055,
62,48,True,0.624581,0.3234,none,,,False,,62,0,0.2578,1.8681,
62,35,True,0.742025,0.8108,none,,,False,,62,0,0.264,1.849,
62,36,True,0.706883,0.6649,none,,,False,,62,0,0.2562,1.671,
62,21,True,0.69912,0.6327,none,,,False,,62,0,0.2562,1.4949,
62,40,True,0.45304,-0.3886,none,,,False,,62,0,0.1226,0.8966,
62,9,True,0.618043,0.2962,none,,,False,,62,0,0.0547,0.5784,
62,4,True,0.549479,0.0117,none,,,False,,62,0,0.061,0.5568,
62,90,True,0.582771,0.1498,none,,,False,,62,0,0.0584,0.5136,
62,16,True,0.543851,-0.0117,none,,,False,,62,0,0.0551,0.304,
62,72,True,0.748688,0.8384,none,,,False,,62,0,0.0547,0.2803,
62,57,True,0.600961,0.2253,none,,,False,,62,0,0.0567,0.2504,
62,10,True,0.50535,-0.1715,none,,,False,,62,0,0.1125,0.1777,
62,0,True,0.61102,0.2671,none,,,False,,62,0,0.2847,0.1366,
62,46,True,0.559281,0.0524,none,,,False,,62,0,0.0512,0.1108,
62,76,True,0.599503,0.2193,none,,,False,,62,0,0.0551,0.0885,
62,22,True,0.579189,0.135,none,,,False,,62,0,0.0556,0.0654,
62,66,True,0.252044,-1.2227,none,,,False,,62,0,0.0551,0.0565,
62,96,True,0.686012,0.5783,none,,,False,,62,0,0.0584,0.0303,
62,64,True,0.499851,-0.1943,none,,,False,,62,0,0.0572,0.0088,
62,67,True,0.562845,0.0671,none,,,False,,62,0,0.0551,-0.141,
62,28,True,0.462213,-0.3505,none,,,False,,62,0,0.0556,-0.1638,
62,30,True,0.334839,-0.8791,none,,,False,,62,0,0.0572,-0.1717,
62,59,True,0.327856,-0.9081,none,,,False,,62,0,0.0562,-0.2304,
62,80,True,0.521359,-0.105,none,,,False,,62,0,0.0556,-0.285,
62,42,True,0.525581,-0.0875,none,,,False,,62,0,0.2903,-0.3199,
62,43,True,0.514728,-0.1325,none,,,False,,62,0,0.0666,-0.3723,
62,32,True,0.499979,-0.1938,none,,,False,,62,0,0.1279,-0.3939,
62,23,True,0.47691,-0.2895,none,,,False,,62,0,0.0578,-0.4282,
62,33,True,0.310689,-0.9793,none,,,False,,62,0,0.3125,-1.6818,
62,34,True,0.318478,-0.947,cusum,,,True,negative,62,0,0.3125,-2.2091,
62,85,True,0.286098,-1.0814,none,,,False,,62,0,0.3125,-1.1674,
62,61,True,0.348672,-0.8217,none,,,False,,62,0,0.3029,-1.3825,
62,92,True,0.276768,-1.1201,none,,,False,,62,0,0.2936,-1.7539,
62,74,True,0.28635,-1.0804,none,,,False,,62,0,0.2916,-2.0831,
62,2,True,0.411898,-0.5593,none,,,False,,62,0,0.2903,-1.3343,
62,3,True,0.193538,-1.4655,none,,,False,,62,0,0.2903,-1.3747,
62,99,True,0.154949,-1.6257,none,,,False,,62,0,0.2901,-2.6134,
62,63,True,0.258109,-1.1976,none,,,False,,62,0,0.2887,-1.9639,
62,77,True,0.30201,-1.0154,none,,,False,,62,0,0.2887,-1.5356,
62,5,True,0.541566,-0.0212,none,,,False,,62,0,0.2866,-1.3922,
63,39,True,1.531291,3.0,cusum,,,True,positive,63,0,0.2556,4.0714,
63,94,True,1.095013,2.7486,cusum,,,True,positive,63,0,0.2616,3.3858,
63,60,True,0.894417,1.745,none,,,False,,63,0,0.2546,2.6809,
63,95,True,0.894725,1.7465,none,,,False,,63,0,0.2546,2.6737,
63,93,True,0.963527,2.0907,none,,,False,,63,0,0.2536,2.5098,
63,70,True,0.963058,2.0884,none,,,False,,63,0,0.2546,2.2274,
63,55,True,0.73805,0.9626,cusum,,,True,positive,63,0,0.2561,2.14,
63,98,True,0.680983,0.6771,none,,,False,,63,0,0.2532,2.0812,
63,31,True,0.627607,0.4101,none,,,False,,63,0,0.2541,1.9815,
63,62,True,0.769111,1.118,cusum,,,True,positive,63,0,0.2551,1.7946,
63,48,True,0.717973,0.8622,none,,,False,,63,0,0.2572,1.6753,
63,36,True,0.652749,0.5359,none,,,False,,63,0,0.2556,1.5983,
63,21,True,0.680587,0.6752,none,,,False,,63,0,0.2556,1.3415,
63,35,True,0.689001,0.7173,none,,,False,,63,0,0.2631,1.0806,
63,9,True,0.680321,0.6738,none,,,False,,63,0,0.0541,0.6057,
63,40,True,0.669629,0.6203,none,,,False,,63,0,0.1184,0.5451,
63,90,True,0.441297,-0.522,none,,,False,,63,0,0.0577,0.4221,
63,72,True,0.644826,0.4962,none,,,False,,63,0,0.0541,0.4079,
63,4,True,0.635248,0.4483,none,,,False,,63,0,0.0602,0.3423,
63,57,True,0.479217,-0.3323,none,,,False,,63,0,0.0561,0.3274,
63,22,True,0.500002,-0.2283,none,,,False,,63,0,0.0551,0.1865,
63,76,True,0.369257,-0.8825,none,,,False,,63,0,0.0546,0.1656,
63,0,True,0.695116,0.7478,none,,,False,,63,0,0.2817,0.1522,
63,16,True,0.609341,0.3187,none,,,False,,63,0,0.0546,0.1482,
63,46,True,0.663998,0.5922,none,,,False,,63,0,0.0507,0.1333,
63,96,True,0.523675,-0.1099,none,,,False,,63,0,0.0577,0.1325,
63,10,True,0.440707,-0.525,none,,,False,,63,0,0.1087,0.0745,
63,67,True,0.567603,0.1099,none,,,False,,63,0,0.0546,-0.0628,
63,28,True,0.601082,0.2774,none,,,False,,63,0,0.0551,-0.0672,
63,64,True,0.496634,-0.2452,none,,,False,,63,0,0.0566,-0.0801,
63,80,True,0.435605,-0.5505,none,,,False,,63,0,0.0551,-0.1299,
63,43,True,0.507112,-0.1928,none,,,False,,63,0,0.0656,-0.2033,
63,42,True,0.471014,-0.3734,none,,,False,,63,0,0.2817,-0.2236,
63,23,True,0.455346,-0.4517,none,,,False,,63,0,0.0572,-0.2855,
63,32,True,0.4378,-0.5395,none,,,False,,63,0,0.1235,-0.3008,
63,66,True,0.422093,-0.6181,none,,,False,,63,0,0.0546,-0.3098,
63,30,True,0.573861,0.1412,none,,,False,,63,0,0.0566,-0.3127,
63,59,True,0.494159,-0.2576,none,,,False,,63,0,0.0556,-0.5365,
63,33,True,0.267831,-1.3899,none,,,False,,63,0,0.3087,-1.5019,
63,34,True,0.260777,-1.4252,none,,,False,,63,0,0.3087,-1.7569,
63,85,True,0.406906,-0.6941,cusum,,,True,negative,63,0,0.3087,-1.2474,
63,61,True,0.312423,-1.1668,none,,,False,,63,0,0.2994,-1.2359,
63,8,True,0.208883,-1.6848,none,,,False,,63,0,0.2915,-1.7591,
63,97,True,0.237822,-1.54,none,,,False,,63,0,0.2915,-1.9368,
63,92,True,0.139545,-2.0317,none,,,False,,63,0,0.2904,-1.6349,
63,51,True,0.510821,-0.1742,none,,,False,,63,0,0.2899,-0.6214,
63,44,True,0.752806,1.0365,none,,,False,,63,0,0.2896,-0.6463,
63,1,True,0.253795,-1.4601,none,,,False,,63,0,0.2872,-1.0848,
63,27,True,0.328102,-1.0884,none,,,False,,63,0,0.2872,-1.5522,
63,68,True,0.148729,-1.9858,none,,,False,,63,0,0.2857,-2.2983,
64,39,True,1.449043,3.0,none,,,False,,64,0,0.255,4.0707,
64,94,True,1.017421,2.1636,none,,,False,,64,0,0.2608,3.4969,
64,95,True,0.781489,0.9728,none,,,False,,64,0,0.254,2.7589,
64,93,True,0.850173,1.3195,cusum,,,True,positive,64,0,0.2531,2.714,
64,60,True,1.021145,2.1824,none,,,False,,64,0,0.254,2.6607,
64,70,True,0.769851,0.9141,cusum,,,True,positive,64,0,0.254,2.4581,
64,55,True,0.76293,0.8791,none,,,False,,64,0,0.2555,2.2413,
64,62,True,0.761246,0.8706,none,,,False,,64,0,0.2545,2.0715,
64,35,True,0.763459,0.8818,cusum,,,True,positive,64,0,0.2622,1.9786,
64,98,True,0.756099,0.8447,cusum,,,True,positive,64,0,0.2527,1.9303,
64,31,True,0.710303,0.6135,none,,,False,,64,0,0.2535,1.8428,
64,48,True,0.685262,0.4871,none,,,False,,64,0,0.2565,1.6956,
64,21,True,0.703463,0.579,none,,,False,,64,0,0.255,1.611,
64,36,True,0.68399,0.4807,none,,,False,,64,0,0.255,1.4792,
64,9,True,0.573204,-0.0784,none,,,False,,64,0,0.0535,0.713,
64,72,True,0.753147,0.8298,none,,,False,,64,0,0.0535,0.5844,
64,40,True,0.516094,-0.3667,none,,,False,,64,0,0.1145,0.4551,
64,4,True,0.603421,0.0741,none,,,False,,64,0,0.0595,0.3274,
64,46,True,0.620788,0.1617,none,,,False,,64,0,0.0503,0.2706,
64,16,True,0.516056,-0.3669,none,,,False,,64,0,0.054,0.2666,
64,0,True,0.657424,0.3466,none,,,False,,64,0,0.2787,0.256,
64,57,True,0.581782,-0.0351,none,,,False,,64,0,0.0555,0.077,
64,28,True,0.534824,-0.2721,none,,,False,,64,0,0.0545,0.0748,
64,96,True,0.599685,0.0552,none,,,False,,64,0,0.0571,0.0697,
64,22,True,0.525119,-0.3211,none,,,False,,64,0,0.0545,0.0576,
64,10,True,0.663927,0.3795,none,,,False,,64,0,0.105,0.0026,
64,90,True,0.603325,0.0736,none,,,False,,64,0,0.0571,-0.0135,
64,67,True,0.42985,-0.802,none,,,False,,64,0,0.054,-0.0157,
64,42,True,0.481785,-0.5398,none,,,False,,64,0,0.2787,-0.1349,
64,43,True,0.607329,0.0938,none,,,False,,64,0,0.0646,-0.2181,
64,76,True,0.595708,0.0351,none,,,False,,64,0,0.054,-0.2192,
64,44,True,0.534311,-0.2747,none,,,False,,64,0,0.1295,-0.2219,
64,30,True,0.449266,-0.704,none,,,False,,64,0,0.056,-0.2308,
64,80,True,0.479215,-0.5528,none,,,False,,64,0,0.0545,-0.2374,
64,32,True,0.490414,-0.4963,none,,,False,,64,0,0.1193,-0.2421,
64,64,True,0.605677,0.0855,none,,,False,,64,0,0.056,-0.2841,
64,23,True,0.460945,-0.645,none,,,False,,64,0,0.0565,-0.3482,
64,59,True,0.375187,-1.0778,none,,,False,,64,0,0.055,-0.5147,
64,33,True,0.309217,-1.4108,cusum,,,True,negative,64,0,0.305,-1.6469,
64,34,True,0.260553,-1.6564,none,,,False,,64,0,0.305,-1.6638,
64,85,True,0.321781,-1.3474,none,,,False,,64,0,0.305,-1.2453,
64,61,True,0.323442,-1.339,none,,,False,,64,0,0.296,-1.3546,
64,82,True,0.33142,-1.2987,none,,,False,,64,0,0.2897,-1.3756,
64,2,True,0.354214,-1.1837,none,,,False,,64,0,0.2884,-0.6726,
64,3,True,0.209551,-1.9138,none,,,False,,64,0,0.2884,-1.7952,
64,92,True,0.351062,-1.1996,cusum,,,True,negative,64,0,0.2872,-1.9239,
64,73,True,0.660754,0.3634,none,,,False,,64,0,0.287,-0.6735,
64,74,True,0.223982,-1.841,none,,,False,,64,0,0.2842,-1.8154,
64,8,True,0.152095,-2.2038,cusum,,,True,negative,64,0,0.283,-1.7762,
64,97,True,0.252616,-1.6965,none,,,False,,64,0,0.283,-2.0012,
65,39,True,1.543874,3.0,cusum,,,True,positive,65,0,0.2544,4.07,
65,94,True,1.05527,2.355,cusum,,,True,positive,65,0,0.26,3.379,
65,60,True,0.833926,1.2648,cusum,,,True,positive,65,0,0.2535,2.738,
65,93,True,0.941684,1.7955,none,,,False,,65,0,0.2526,2.5788,
65,95,True,0.735841,0.7817,cusum,,,True,positive,65,0,0.2535,2.4213,
65,70,True,0.944792,1.8108,none,,,False,,65,0,0.2535,2.2975,
65,62,True,0.804684,1.1208,none,,,False,,65,0,0.2539,2.1521,
65,55,True,0.852292,1.3553,none,,,False,,65,0,0.2549,2.1381,
65,35,True,0.677235,0.4931,none,,,False,,65,0,0.2614,1.8833,
65,98,True,0.820739,1.1998,none,,,False,,65,0,0.2522,1.806,
65,72,True,0.580651,0.0174,cusum,,,True,positive,65,0,0.253,1.7895,
65,31,True,0.652355,0.3705,none,,,False,,65,0,0.253,0.8245,
65,21,True,0.727811,0.7422,none,,,False,,65,0,0.2544,0.699,
65,36,True,0.706155,0.6355,none,,,False,,65,0,0.2544,0.6305,
65,48,True,0.711694,0.6628,none,,,False,,65,0,0.2559,0.6297,
65,0,True,0.573607,-0.0173,none,,,False,,65,0,0.2759,0.5437,
65,9,True,0.640532,0.3123,none,,,False,,65,0,0.053,0.3652,
65,46,True,0.646776,0.343,none,,,False,,65,0,0.0498,0.3322,
65,4,True,0.497819,-0.3906,none,,,False,,65,0,0.0588,0.2543,
65,96,True,0.590241,0.0646,none,,,False,,65,0,0.0564,0.2475,
65,44,True,0.633102,0.2757,none,,,False,,65,0,0.1252,0.1078,
65,40,True,0.755331,0.8777,none,,,False,,65,0,0.1107,0.0593,
65,16,True,0.580643,0.0173,none,,,False,,65,0,0.0535,0.0487,
65,57,True,0.614745,0.1853,none,,,False,,65,0,0.0549,0.0233,
65,43,True,0.408242,-0.8318,none,,,False,,65,0,0.0637,0.0062,
65,10,True,0.614284,0.183,none,,,False,,65,0,0.1015,-0.0057,
65,90,True,0.642541,0.3222,none,,,False,,65,0,0.0564,-0.0266,
65,28,True,0.567971,-0.0451,none,,,False,,65,0,0.0539,-0.0457,
65,64,True,0.4378,-0.6862,none,,,False,,65,0,0.0554,-0.0466,
65,22,True,0.568472,-0.0426,none,,,False,,65,0,0.0539,-0.0688,
65,67,True,0.507843,-0.3412,none,,,False,,65,0,0.0535,-0.1396,
65,76,True,0.522646,-0.2683,none,,,False,,65,0,0.0535,-0.1407,
65,42,True,0.492019,-0.4192,none,,,False,,65,0,0.2759,-0.2438,
65,32,True,0.376882,-0.9862,none,,,False,,65,0,0.1154,-0.3033,
65,80,True,0.557442,-0.0969,none,,,False,,65,0,0.0539,-0.3334,
65,23,True,0.480768,-0.4746,none,,,False,,65,0,0.0559,-0.3899,
65,30,True,0.559106,-0.0887,none,,,False,,65,0,0.0554,-0.4092,
65,66,True,0.519489,-0.2839,none,,,False,,65,0,0.0593,-0.5277,
65,33,True,0.149543,-2.1059,none,,,False,,65,0,0.3015,-1.66,
65,34,True,0.240704,-1.6569,cusum,,,True,negative,65,0,0.3015,-1.7429,
65,85,True,0.338795,-1.1738,none,,,False,,65,0,0.3015,-1.441,
65,61,True,0.264817,-1.5382,cusum,,,True,negative,65,0,0.2927,-1.5129,
65,29,True,0.255836,-1.5824,none,,,False,,65,0,0.288,-1.4833,
65,37,True,0.422004,-0.764,none,,,False,,65,0,0.2869,-1.0832,
65,1,True,0.305477,-1.3379,none,,,False,,65,0,0.2854,-1.7261,
65,27,True,0.325881,-1.2374,none,,,False,,65,0,0.2854,-1.5277,
65,92,True,0.185544,-1.9286,none,,,False,,65,0,0.2842,-1.8576,
65,63,True,0.100648,-2.3467,none,,,False,,65,0,0.2826,-1.4164,
65,65,True,0.613678,0.18,none,,,False,,65,0,0.2823,-0.5742,
65,2,True,0.249714,-1.6126,none,,,False,,65,0,0.2801,-0.7663,
66,39,True,1.498232,3.0,none,,,False,,66,0,0.2538,4.0693,
66,94,True,1.046134,2.3965,none,,,False,,66,0,0.2593,3.4995,
66,93,True,0.777136,1.0795,cusum,,,True,positive,66,0,0.2521,2.8021,
66,60,True,1.013874,2.2386,none,,,False,,66,0,0.2529,2.7987,
66,70,True,0.768253,1.036,none,,,False,,66,0,0.2529,2.6725,
66,95,True,0.909797,1.729,none,,,False,,66,0,0.2529,2.235,
66,55,True,0.826267,1.3201,none,,,False,,66,0,0.2543,2.1357,
66,62,True,0.767534,1.0325,none,,,False,,66,0,0.2534,2.1052,
66,98,True,0.773153,1.06,none,,,False,,66,0,0.2517,1.9734,
66,35,True,0.841337,1.3938,none,,,False,,66,0,0.2606,1.7764,
66,72,True,0.652271,0.4682,none,,,False,,66,0,0.2525,1.5152,
66,48,True,0.623875,0.3292,none,,,False,,66,0,0.2553,0.7421,
66,21,True,0.697885,0.6915,none,,,False,,66,0,0.2538,0.7348,
66,36,True,0.690934,0.6575,none,,,False,,66,0,0.2538,0.62,
66,31,True,0.65493,0.4812,none,,,False,,66,0,0.2525,0.5321,
66,40,True,0.6479,0.4468,none,,,False,,66,0,0.107,0.4792,
66,44,True,0.610421,0.2633,none,,,False,,66,0,0.1211,0.4549,
66,0,True,0.277789,-1.3653,none,,,False,,66,0,0.2732,0.4474,
66,46,True,0.569603,0.0634,none,,,False,,66,0,0.0494,0.4286,
66,9,True,0.662021,0.5159,none,,,False,,66,0,0.0525,0.37,
66,4,True,0.658212,0.4973,none,,,False,,66,0,0.0581,0.1193,
66,10,True,0.501284,-0.271,none,,,False,,66,0,0.0982,0.1106,
66,96,True,0.62968,0.3576,none,,,False,,66,0,0.0558,0.0755,
66,16,True,0.541913,-0.0721,none,,,False,,66,0,0.0529,0.0578,
66,28,True,0.582939,0.1287,none,,,False,,66,0,0.0534,0.0554,
66,90,True,0.537432,-0.0941,none,,,False,,66,0,0.0558,0.0301,
66,57,True,0.571377,0.0721,none,,,False,,66,0,0.0543,0.0093,
66,22,True,0.540429,-0.0794,none,,,False,,66,0,0.0534,-0.1287,
66,30,True,0.441993,-0.5613,none,,,False,,66,0,0.0548,-0.1465,
66,64,True,0.536424,-0.099,none,,,False,,66,0,0.0548,-0.2113,
66,43,True,0.561353,0.023,none,,,False,,66,0,0.0628,-0.228,
66,67,True,0.499727,-0.2787,none,,,False,,66,0,0.0529,-0.2764,
66,76,True,0.551937,-0.023,none,,,False,,66,0,0.0529,-0.3038,
66,80,True,0.540322,-0.0799,none,,,False,,66,0,0.0534,-0.3314,
66,42,True,0.490253,-0.3251,none,,,False,,66,0,0.2732,-0.3557,
66,23,True,0.351985,-1.002,none,,,False,,66,0,0.0553,-0.4524,
66,73,True,0.5897,0.1618,none,,,False,,66,0,0.1713,-0.5508,
66,32,True,0.466349,-0.4421,none,,,False,,66,0,0.1116,-0.5698,
66,33,True,0.328147,-1.1187,cusum,,,True,negative,66,0,0.2982,-2.0375,
66,34,True,0.268695,-1.4098,none,,,False,,66,0,0.2982,-1.9815,
66,85,True,0.370572,-0.911,none,,,False,,66,0,0.2982,-1.4737,
66,61,True,0.142171,-2.0293,none,,,False,,66,0,0.2896,-1.7535,
66,3,True,0.227328,-1.6123,none,,,False,,66,0,0.2866,-1.9538,
66,8,True,0.075957,-2.3534,none,,,False,,66,0,0.2866,-2.1135,
66,97,True,0.189815,-1.796,none,,,False,,66,0,0.2866,-2.1031,
66,99,True,0.125621,-2.1103,none,,,False,,66,0,0.2852,-1.8806,
66,74,True,0.244826,-1.5267,none,,,False,,66,0,0.2826,-1.4586,
66,82,True,0.29218,-1.2948,none,,,False,,66,0,0.2826,-1.0856,
66,92,True,0.338216,-1.0694,cusum,,,True,negative,66,0,0.2813,-2.1287,
66,68,True,0.161086,-1.9366,none,,,False,,66,0,0.2799,-2.7479,
67,39,True,1.560021,3.0,cusum,,,True,positive,67,0,0.2533,4.0687,
67,94,True,0.937158,1.8808,cusum,,,True,positive,67,0,0.2586,3.3813,
67,60,True,0.929886,1.8435,cusum,,,True,positive,67,0,0.2524,2.9627,
67,93,True,0.892096,1.6502,none,,,False,,67,0,0.2516,2.4644,
67,70,True,0.941583,1.9034,cusum,,,True,positive,67,0,0.2524,2.3211,
67,55,True,0.533914,-0.1829,cusum,,,True,positive,67,0,0.2538,2.2542,
67,95,True,0.865209,1.5126,none,,,False,,67,0,0.2524,2.2286,
67,98,True,0.826283,1.3133,none,,,False,,67,0,0.2512,2.1005,
67,62,True,0.69563,0.6447,cusum,,,True,positive,67,0,0.2529,2.076,
67,35,True,0.728525,0.8131,none,,,False,,67,0,0.2599,2.001,
67,31,True,0.582136,0.0639,cusum,,,True,positive,67,0,0.252,1.5552,
67,72,True,0.61647,0.2396,none,,,False,,67,0,0.252,1.5053,
67,21,True,0.724013,0.79,none,,,False,,67,0,0.2533,0.7396,
67,36,True,0.632043,0.3193,none,,,False,,67,0,0.2533,0.6599,
67,48,True,0.743112,0.8877,none,,,False,,67,0,0.2547,0.5637,
67,40,True,0.621964,0.2677,none,,,False,,67,0,0.1036,0.4193,
67,9,True,0.645541,0.3884,none,,,False,,67,0,0.052,0.3167,
67,46,True,0.632304,0.3206,none,,,False,,67,0,0.049,0.2519,
67,96,True,0.306367,-1.3474,none,,,False,,67,0,0.0552,0.2306,
67,44,True,0.707265,0.7043,none,,,False,,67,0,0.1172,0.1947,
67,10,True,0.538305,-0.1604,none,,,False,,67,0,0.095,0.1934,
67,90,True,0.533541,-0.1848,none,,,False,,67,0,0.0552,0.172,
67,57,True,0.606461,0.1884,none,,,False,,67,0,0.0538,0.1434,
67,4,True,0.637988,0.3497,none,,,False,,67,0,0.0574,0.1348,
67,73,True,0.604559,0.1787,none,,,False,,67,0,0.16,0.0375,
67,28,True,0.595137,0.1304,none,,,False,,67,0,0.0529,0.0052,
67,76,True,0.465533,-0.5328,none,,,False,,67,0,0.0524,-0.018,
67,16,True,0.612335,0.2185,none,,,False,,67,0,0.0524,-0.0731,
67,22,True,0.571746,0.0107,none,,,False,,67,0,0.0529,-0.0797,
67,43,True,0.475471,-0.482,none,,,False,,67,0,0.062,-0.1572,
67,64,True,0.530497,-0.2004,none,,,False,,67,0,0.0542,-0.1632,
67,80,True,0.567466,-0.0112,none,,,False,,67,0,0.0529,-0.1752,
67,0,True,0.408352,-0.8255,none,,,False,,67,0,0.0706,-0.2583,
67,42,True,0.449701,-0.6138,none,,,False,,67,0,0.0706,-0.341,
67,30,True,0.543808,-0.1322,none,,,False,,67,0,0.0542,-0.3813,
67,67,True,0.428671,-0.7215,none,,,False,,67,0,0.0524,-0.4065,
67,32,True,0.489062,-0.4124,none,,,False,,67,0,0.108,-0.5395,
67,78,True,0.577021,0.0377,none,,,False,,67,0,0.1085,-0.574,
67,7,True,0.375619,-0.993,none,,,False,,67,0,0.2577,-0.5801,
67,33,True,0.303442,-1.3623,none,,,False,,67,0,0.295,-1.9489,
67,34,True,0.33079,-1.2224,none,,,False,,67,0,0.295,-1.9782,
67,85,True,0.376938,-0.9862,cusum,,,True,negative,67,0,0.295,-1.5479,
67,61,True,0.383698,-0.9516,cusum,,,True,negative,67,0,0.2866,-2.0426,
67,1,True,0.353292,-1.1072,none,,,False,,67,0,0.2838,-1.8827,
67,2,True,0.289464,-1.4339,none,,,False,,67,0,0.2838,-1.5287,
67,27,True,0.33711,-1.19,none,,,False,,67,0,0.2838,-1.0454,
67,5,True,0.567551,-0.0107,none,,,False,,67,0,0.2837,-0.9269,
67,3,True,0.180267,-1.9927,cusum,,,True,negative,67,0,0.2785,-2.0741,
67,8,True,0.299731,-1.3813,cusum,,,True,negative,67,0,0.2785,-2.4909,
67,92,True,0.284088,-1.4614,none,,,False,,67,0,0.2785,-1.8094,
68,39,True,1.393098,3.0,none,,,False,,68,0,0.2528,4.068,
68,94,True,1.086394,2.5997,none,,,False,,68,0,0.2579,3.2861,
68,60,True,1.00766,2.2189,none,,,False,,68,0,0.2519,2.8491,
68,70,True,0.845223,1.4334,none,,,False,,68,0,0.2519,2.6502,
68,93,True,0.901605,1.706,none,,,False,,68,0,0.2511,2.5741,
68,95,True,0.794015,1.1857,cusum,,,True,positive,68,0,0.2519,2.4079,
68,98,True,0.863882,1.5236,cusum,,,True,positive,68,0,0.2507,2.2562,
68,62,True,0.766874,1.0545,none,,,False,,68,0,0.2523,2.0001,
68,35,True,0.573168,0.1177,none,,,False,,68,0,0.2592,1.9771,
68,55,True,0.79347,1.1831,none,,,False,,68,0,0.2532,1.8995,
68,48,True,0.683287,0.6502,cusum,,,True,positive,68,0,0.2542,1.6966,
68,31,True,0.701689,0.7392,none,,,False,,68,0,0.2515,1.3714,
68,72,True,0.748038,0.9634,none,,,False,,68,0,0.2515,1.3079,
68,21,True,0.679296,0.6309,none,,,False,,68,0,0.2528,0.8093,
68,40,True,0.641012,0.4458,none,,,False,,68,0,0.1003,0.6288,
68,36,True,0.644056,0.4605,none,,,False,,68,0,0.2528,0.6055,
68,44,True,0.665795,0.5656,none,,,False,,68,0,0.1134,0.5187,
68,9,True,0.551493,0.0128,none,,,False,,68,0,0.0515,0.4718,
68,73,True,0.636292,0.4229,none,,,False,,68,0,0.1543,0.3637,
68,46,True,0.404351,-0.6988,none,,,False,,68,0,0.0486,0.3044,
68,4,True,0.628469,0.3851,none,,,False,,68,0,0.0568,0.2259,
68,57,True,0.506742,-0.2036,none,,,False,,68,0,0.0532,0.2173,
68,28,True,0.603743,0.2655,none,,,False,,68,0,0.0523,0.1388,
68,16,True,0.559468,0.0514,none,,,False,,68,0,0.0519,0.1214,
68,90,True,0.534041,-0.0716,none,,,False,,68,0,0.0546,0.0852,
68,22,True,0.501356,-0.2296,none,,,False,,68,0,0.0523,0.0303,
68,10,True,0.543231,-0.0271,none,,,False,,68,0,0.0919,0.0117,
68,80,True,0.528464,-0.0985,none,,,False,,68,0,0.0523,0.0047,
68,30,True,0.493222,-0.269,none,,,False,,68,0,0.0537,-0.1914,
68,76,True,0.546182,-0.0128,none,,,False,,68,0,0.0519,-0.2079,
68,96,True,0.470224,-0.3802,none,,,False,,68,0,0.0546,-0.2377,
68,78,True,0.551893,0.0148,none,,,False,,68,0,0.0557,-0.2507,
68,64,True,0.430283,-0.5733,none,,,False,,68,0,0.0537,-0.2592,
68,43,True,0.543633,-0.0252,none,,,False,,68,0,0.0612,-0.3502,
68,42,True,0.347084,-0.9757,none,,,False,,68,0,0.0681,-0.3669,
68,67,True,0.55742,0.0415,none,,,False,,68,0,0.0519,-0.3803,
68,32,True,0.368718,-0.8711,none,,,False,,68,0,0.1046,-0.5136,
68,20,True,0.457567,-0.4414,none,,,False,,68,0,0.2515,-0.5857,
68,75,True,0.580127,0.1513,none,,,False,,68,0,0.1422,-0.592,
68,33,True,0.306144,-1.1737,none,,,False,,68,0,0.2919,-1.9345,
68,34,True,0.296205,-1.2218,cusum,,,True,negative,68,0,0.2919,-1.8352,
68,85,True,0.251926,-1.4359,none,,,False,,68,0,0.2919,-1.4292,
68,97,True,0.234145,-1.5219,none,,,False,,68,0,0.2849,-2.0877,
68,61,True,0.332827,-1.0447,none,,,False,,68,0,0.2838,-1.9151,
68,29,True,0.056068,-2.3831,none,,,False,,68,0,0.2823,-2.0538,
68,63,True,0.14489,-1.9536,none,,,False,,68,0,0.2823,-2.1167,
68,74,True,0.240554,-1.4909,none,,,False,,68,0,0.281,-1.8943,
68,82,True,0.289099,-1.2561,none,,,False,,68,0,0.281,-1.691,
68,11,True,0.383543,-0.7994,none,,,False,,68,0,0.2768,-0.6373,
68,1,True,0.340726,-1.0065,none,,,False,,68,0,0.2758,-1.7134,
69,39,True,1.446836,3.0,cusum,,,True,positive,69,0,0.2523,4.0674,
69,94,True,1.004144,2.295,cusum,,,True,positive,69,0,0.2572,3.3669,
69,60,True,0.894035,1.7311,cusum,,,True,positive,69,0,0.2514,3.1666,
69,93,True,0.908587,1.8056,cusum,,,True,positive,69,0,0.2506,2.5437,
69,95,True,0.878226,1.6502,none,,,False,,69,0,0.2514,2.542,
69,70,True,0.771924,1.1058,cusum,,,True,positive,69,0,0.2514,2.5238,
69,98,True,0.721627,0.8483,none,,,False,,69,0,0.2503,2.3635,
69,62,True,0.745224,0.9691,none,,,False,,69,0,0.2518,1.9774,
69,55,True,0.849476,1.503,none,,,False,,69,0,0.2527,1.8415,
69,21,True,0.697502,0.7247,cusum,,,True,positive,69,0,0.2523,1.7716,
69,48,True,0.706297,0.7698,none,,,False,,69,0,0.2536,1.6917,
69,72,True,0.713703,0.8077,none,,,False,,69,0,0.251,1.6227,
69,31,True,0.437919,-0.6045,none,,,False,,69,0,0.251,1.4938,
69,35,True,0.776992,1.1318,none,,,False,,69,0,0.2584,0.8511,
69,44,True,0.586397,0.1558,none,,,False,,69,0,0.1098,0.6131,
69,36,True,0.711315,0.7955,none,,,False,,69,0,0.2523,0.5465,
69,4,True,0.67066,0.5873,none,,,False,,69,0,0.0561,0.4836,
69,40,True,0.690123,0.687,none,,,False,,69,0,0.0971,0.483,
69,73,True,0.582469,0.1357,none,,,False,,69,0,0.1491,0.3795,
69,9,True,0.57341,0.0893,none,,,False,,69,0,0.051,0.3714,
69,28,True,0.544314,-0.0597,none,,,False,,69,0,0.0518,0.2417,
69,16,True,0.574896,0.0969,none,,,False,,69,0,0.0514,0.1321,
69,57,True,0.606047,0.2564,none,,,False,,69,0,0.0527,0.087,
69,78,True,0.506322,-0.2542,none,,,False,,69,0,0.0551,0.0615,
69,80,True,0.447609,-0.5549,none,,,False,,69,0,0.0518,0.0036,
69,22,True,0.53489,-0.1079,none,,,False,,69,0,0.0518,-0.0326,
69,46,True,0.559794,0.0196,none,,,False,,69,0,0.0482,-0.0433,
69,90,True,0.552879,-0.0158,none,,,False,,69,0,0.0541,-0.0468,
69,10,True,0.578411,0.1149,none,,,False,,69,0,0.0889,-0.06,
69,43,True,0.503904,-0.2666,none,,,False,,69,0,0.0604,-0.0823,
69,76,True,0.518111,-0.1939,none,,,False,,69,0,0.0514,-0.1233,
69,64,True,0.441783,-0.5847,none,,,False,,69,0,0.0531,-0.2222,
69,30,True,0.448887,-0.5483,none,,,False,,69,0,0.0531,-0.2522,
69,67,True,0.501413,-0.2794,none,,,False,,69,0,0.0514,-0.2533,
69,96,True,0.592792,0.1886,none,,,False,,69,0,0.0541,-0.3866,
69,75,True,0.471248,-0.4338,none,,,False,,69,0,0.0591,-0.397,
69,42,True,0.474673,-0.4163,none,,,False,,69,0,0.0657,-0.5537,
69,17,True,0.312897,-1.2447,none,,,False,,69,0,0.1641,-0.5921,
69,69,True,0.559062,0.0158,none,,,False,,69,0,0.2449,-0.5952,
69,32,True,0.489295,-0.3414,cusum,,,True,negative,69,0,0.3012,-0.9771,
69,33,True,0.287781,-1.3733,cusum,,,True,negative,69,0,0.2889,-1.6254,
69,34,True,0.302583,-1.2975,none,,,False,,69,0,0.2889,-1.6918,
69,85,True,0.379176,-0.9053,none,,,False,,69,0,0.2889,-1.5182,
69,2,True,0.31243,-1.2471,none,,,False,,69,0,0.2822,-1.8217,
69,3,True,0.234134,-1.648,none,,,False,,69,0,0.2822,-2.2512,
69,8,True,0.26051,-1.513,none,,,False,,69,0,0.2822,-2.3911,
69,27,True,0.392988,-0.8346,none,,,False,,69,0,0.2822,-1.5836,
69,92,True,0.2719,-1.4546,none,,,False,,69,0,0.2822,-1.8981,
69,61,True,0.426687,-0.662,none,,,False,,69,0,0.281,-1.752,
69,68,True,0.082997,-2.422,none,,,False,,69,0,0.2796,-2.1324,
70,39,True,1.410347,3.0,none,,,False,,70,0,0.2518,4.0668,
70,94,True,1.074035,3.0,none,,,False,,70,0,0.2566,3.3322,
70,60,True,0.969955,2.4682,none,,,False,,70,0,0.251,2.9969,
70,93,True,0.835848,1.6145,none,,,False,,70,0,0.2502,2.7852,
70,70,True,0.773745,1.2191,none,,,False,,70,0,0.251,2.5465,
70,95,True,0.892483,1.975,none,,,False,,70,0,0.251,2.5151,
70,98,True,0.806638,1.4285,none,,,False,,70,0,0.2498,2.2924,
70,62,True,0.627096,0.2855,none,,,False,,70,0,0.2514,1.9557,
70,55,True,0.81039,1.4524,none,,,False,,70,0,0.2522,1.9018,
70,48,True,0.737069,0.9856,none,,,False,,70,0,0.2531,1.8379,
70,21,True,0.581001,-0.008,none,,,False,,70,0,0.2518,1.782,
70,35,True,0.7786,1.25,cusum,,,True,positive,70,0,0.2578,1.7629,
70,31,True,0.649614,0.4288,none,,,False,,70,0,0.2506,1.1313,
70,72,True,0.683425,0.6441,none,,,False,,70,0,0.2506,0.7353,
70,36,True,0.662687,0.5121,none,,,False,,70,0,0.0518,0.5919,
70,44,True,0.643083,0.3873,none,,,False,,70,0,0.1064,0.5752,
70,40,True,0.746039,1.0427,none,,,False,,70,0,0.094,0.5613,
70,4,True,0.622721,0.2576,none,,,False,,70,0,0.0555,0.5129,
70,73,True,0.638246,0.3565,none,,,False,,70,0,0.1442,0.367,
70,9,True,0.585102,0.0181,none,,,False,,70,0,0.0506,0.2286,
70,16,True,0.521219,-0.3886,none,,,False,,70,0,0.051,0.1879,
70,28,True,0.592763,0.0669,none,,,False,,70,0,0.0514,0.1783,
70,57,True,0.605292,0.1467,none,,,False,,70,0,0.0522,0.1478,
70,10,True,0.666444,0.536,none,,,False,,70,0,0.086,0.0671,
70,78,True,0.458085,-0.7905,none,,,False,,70,0,0.0545,0.0035,
70,90,True,0.553193,-0.185,none,,,False,,70,0,0.0535,-0.0214,
70,22,True,0.529328,-0.337,none,,,False,,70,0,0.0514,-0.0427,
70,46,True,0.58351,0.008,none,,,False,,70,0,0.0478,-0.0584,
70,80,True,0.528751,-0.3406,none,,,False,,70,0,0.0514,-0.1553,
70,43,True,0.602679,0.13,none,,,False,,70,0,0.0597,-0.1798,
70,76,True,0.47625,-0.6749,none,,,False,,70,0,0.051,-0.1809,
70,30,True,0.502266,-0.5092,none,,,False,,70,0,0.0526,-0.2485,
70,67,True,0.47637,-0.6741,none,,,False,,70,0,0.051,-0.2541,
70,64,True,0.489192,-0.5925,none,,,False,,70,0,0.0526,-0.3848,
70,96,True,0.524925,-0.365,none,,,False,,70,0,0.0535,-0.4437,
70,42,True,0.430544,-0.9659,none,,,False,,70,0,0.0633,-0.5853,
70,65,True,0.603865,0.1376,none,,,False,,70,0,0.1351,-0.6012,
70,51,True,0.477463,-0.6671,none,,,False,,70,0,0.1742,-0.6017,
70,91,True,0.332512,-1.59,none,,,False,,70,0,0.244,-0.6067,
70,17,True,0.529125,-0.3382,cusum,,,True,negative,70,0,0.3196,-1.5434,
70,32,True,0.403021,-1.1411,none,,,False,,70,0,0.2981,-0.9454,
70,33,True,0.289378,-1.8646,none,,,False,,70,0,0.286,-1.7118,
70,34,True,0.26115,-2.0443,none,,,False,,70,0,0.286,-1.6559,
70,85,True,0.375491,-1.3163,none,,,False,,70,0,0.286,-1.5179,
70,99,True,0.180205,-2.5596,none,,,False,,70,0,0.2857,-2.3933,
70,97,True,0.199511,-2.4367,none,,,False,,70,0,0.2833,-2.0831,
70,49,True,0.368029,-1.3638,none,,,False,,70,0,0.2828,-0.8052,
70,1,True,0.320899,-1.6639,none,,,False,,70,0,0.2795,-1.5635,
70,74,True,0.226511,-2.2648,none,,,False,,70,0,0.2795,-2.0325,
70,82,True,0.335075,-1.5736,none,,,False,,70,0,0.2795,-1.6962,
71,39,True,1.553726,3.0,cusum,,,True,positive,71,0,0.2513,4.0662,
71,94,True,1.034035,2.3674,cusum,,,True,positive,71,0,0.256,3.7045,
71,60,True,0.744477,0.8862,cusum,,,True,positive,71,0,0.2505,3.2045,
71,93,True,0.916237,1.7648,cusum,,,True,positive,71,0,0.2497,2.7727,
71,95,True,0.864151,1.4984,cusum,,,True,positive,71,0,0.2505,2.6687,
71,55,True,0.869848,1.5275,cusum,,,True,positive,71,0,0.2517,2.4463,
71,98,True,0.704955,0.6841,cusum,,,True,positive,71,0,0.2494,2.3303,
71,70,True,0.992448,2.1547,none,,,False,,71,0,0.2505,2.3179,
71,35,True,0.823928,1.2926,none,,,False,,71,0,0.2571,1.9077,
71,48,True,0.685998,0.5871,none,,,False,,71,0,0.2526,1.8699,
71,62,True,0.753632,0.9331,none,,,False,,71,0,0.2509,1.8353,
71,40,True,0.811985,1.2316,cusum,,,True,positive,71,0,0.291,1.818,
71,36,True,0.783757,1.0872,cusum,,,True,positive,71,0,0.2513,1.6556,
71,21,True,0.725499,0.7891,none,,,False,,71,0,0.2513,1.5155,
71,31,True,0.619714,0.248,none,,,False,,71,0,0.2501,1.2524,
71,72,True,0.652132,0.4138,none,,,False,,71,0,0.2501,0.8696,
71,4,True,0.658193,0.4448,none,,,False,,71,0,0.0549,0.4814,
71,44,True,0.669615,0.5033,none,,,False,,71,0,0.1031,0.4676,
71,73,True,0.615068,0.2242,none,,,False,,71,0,0.1395,0.4229,
71,10,True,0.54369,-0.1409,none,,,False,,71,0,0.0833,0.2977,
71,28,True,0.388781,-0.9333,none,,,False,,71,0,0.0509,0.1566,
71,57,True,0.638724,0.3453,none,,,False,,71,0,0.0517,0.1333,
71,9,True,0.536219,-0.1791,none,,,False,,71,0,0.0501,0.1046,
71,43,True,0.441244,-0.6649,none,,,False,,71,0,0.0589,0.0232,
71,16,True,0.57904,0.0399,none,,,False,,71,0,0.0505,-0.015,
71,90,True,0.66084,0.4584,none,,,False,,71,0,0.053,-0.0221,
71,96,True,0.601507,0.1549,none,,,False,,71,0,0.053,-0.1169,
71,65,True,0.622509,0.2623,none,,,False,,71,0,0.1116,-0.1243,
71,22,True,0.576884,0.0289,none,,,False,,71,0,0.0509,-0.1592,
71,46,True,0.510962,-0.3083,none,,,False,,71,0,0.0474,-0.1631,
71,76,True,0.548263,-0.1175,none,,,False,,71,0,0.0505,-0.2288,
71,67,True,0.548122,-0.1182,none,,,False,,71,0,0.0505,-0.2389,
71,80,True,0.565577,-0.0289,none,,,False,,71,0,0.0509,-0.2657,
71,78,True,0.551666,-0.1001,none,,,False,,71,0,0.0539,-0.2733,
71,51,True,0.447219,-0.6344,none,,,False,,71,0,0.1395,-0.3196,
71,30,True,0.53002,-0.2108,none,,,False,,71,0,0.0521,-0.3748,
71,64,True,0.545995,-0.1291,none,,,False,,71,0,0.0521,-0.5161,
71,45,True,0.400624,-0.8727,none,,,False,,71,0,0.1453,-0.6098,
71,49,True,0.296199,-1.4069,cusum,,,True,negative,71,0,0.3619,-1.6468,
71,91,True,0.38632,-0.9459,cusum,,,True,negative,71,0,0.325,-1.2809,
71,17,True,0.506041,-0.3335,none,,,False,,71,0,0.3159,-1.2424,
71,32,True,0.528241,-0.2199,none,,,False,,71,0,0.295,-1.19,
71,61,True,0.431308,-0.7158,none,,,False,,71,0,0.2844,-1.2977,
71,33,True,0.296528,-1.4052,cusum,,,True,negative,71,0,0.2833,-1.8807,
71,34,True,0.224449,-1.7739,cusum,,,True,negative,71,0,0.2833,-1.9314,
71,85,True,0.372772,-1.0152,cusum,,,True,negative,71,0,0.2833,-1.6294,
71,29,True,0.160544,-2.1008,none,,,False,,71,0,0.2819,-1.749,
71,63,True,0.175529,-2.0242,none,,,False,,71,0,0.2819,-1.7469,
71,2,True,0.226736,-1.7622,none,,,False,,71,0,0.2806,-1.3441,
71,3,True,0.281693,-1.4811,none,,,False,,71,0,0.2806,-2.164,
72,39,True,1.551913,3.0,none,,,False,,72,0,0.2508,4.0657,
72,94,True,1.046573,2.5716,none,,,False,,72,0,0.2554,3.6263,
72,93,True,0.94188,1.998,none,,,False,,72,0,0.2493,2.7918,
72,95,True,0.95227,2.055,none,,,False,,72,0,0.25,2.7724,
72,60,True,0.846941,1.4779,none,,,False,,72,0,0.25,2.7597,
72,55,True,0.707563,0.7143,none,,,False,,72,0,0.2512,2.5605,
72,70,True,0.852911,1.5106,cusum,,,True,positive,72,0,0.25,2.5578,
72,35,True,0.768822,1.0499,none,,,False,,72,0,0.2565,2.2985,
72,40,True,0.80486,1.2473,none,,,False,,72,0,0.2882,2.0784,
72,98,True,0.66952,0.5059,none,,,False,,72,0,0.249,2.0499,
72,36,True,0.553085,-0.1321,none,,,False,,72,0,0.2508,1.8639,
72,48,True,0.712094,0.7391,none,,,False,,72,0,0.2521,1.8482,
72,21,True,0.724467,0.8069,none,,,False,,72,0,0.2508,1.5676,
72,62,True,0.706778,0.71,none,,,False,,72,0,0.2504,0.7943,
72,72,True,0.663664,0.4738,none,,,False,,72,0,0.2497,0.6859,
72,4,True,0.636501,0.325,none,,,False,,72,0,0.0544,0.5006,
72,44,True,0.624873,0.2612,none,,,False,,72,0,0.1,0.445,
72,73,True,0.590795,0.0745,none,,,False,,72,0,0.1352,0.3535,
72,57,True,0.603919,0.1464,none,,,False,,72,0,0.0512,0.3157,
72,65,True,0.58111,0.0215,none,,,False,,72,0,0.1082,0.2933,
72,10,True,0.626889,0.2723,none,,,False,,72,0,0.0806,0.2584,
72,90,True,0.638573,0.3363,none,,,False,,72,0,0.0525,0.1539,
72,31,True,0.577962,0.0042,none,,,False,,72,0,0.2497,0.0881,
72,96,True,0.474557,-0.5623,none,,,False,,72,0,0.0525,0.0609,
72,9,True,0.699431,0.6697,none,,,False,,72,0,0.0497,0.0401,
72,16,True,0.575373,-0.01,none,,,False,,72,0,0.05,-0.0194,
72,46,True,0.620587,0.2378,none,,,False,,72,0,0.047,-0.0334,
72,22,True,0.486378,-0.4975,none,,,False,,72,0,0.0504,-0.0736,
72,43,True,0.49254,-0.4638,none,,,False,,72,0,0.0582,-0.1909,
72,80,True,0.525356,-0.284,none,,,False,,72,0,0.0504,-0.2431,
72,28,True,0.57061,-0.036,none,,,False,,72,0,0.0504,-0.2436,
72,76,True,0.511069,-0.3623,none,,,False,,72,0,0.05,-0.2642,
72,67,True,0.551107,-0.1429,none,,,False,,72,0,0.05,-0.2927,
72,78,True,0.470875,-0.5825,none,,,False,,72,0,0.0534,-0.3123,
72,30,True,0.434649,-0.7809,none,,,False,,72,0,0.0516,-0.356,
72,64,True,0.576416,-0.0042,none,,,False,,72,0,0.0516,-0.3686,
72,51,True,0.48823,-0.4874,none,,,False,,72,0,0.1352,-0.3772,
72,75,True,0.597608,0.1119,none,,,False,,72,0,0.068,-0.6132,
72,49,True,0.453209,-0.6793,none,,,False,,72,0,0.3563,-1.677,
72,91,True,0.408291,-0.9253,none,,,False,,72,0,0.3211,-1.4063,
72,17,True,0.415034,-0.8884,none,,,False,,72,0,0.3124,-1.0367,
72,32,True,0.428376,-0.8153,none,,,False,,72,0,0.2921,-0.9746,
72,8,True,0.289979,-1.5735,none,,,False,,72,0,0.2866,-1.6622,
72,27,True,0.365161,-1.1616,none,,,False,,72,0,0.2866,-1.5003,
72,92,True,0.336738,-1.3174,none,,,False,,72,0,0.2866,-1.7414,
72,41,True,0.384882,-1.0536,none,,,False,,72,0,0.2819,-0.7442,
72,50,True,0.415479,-0.886,none,,,False,,72,0,0.2819,-0.8074,
72,97,True,0.253709,-1.7723,none,,,False,,72,0,0.2818,-2.3312,
72,19,True,0.32024,-1.4078,none,,,False,,72,0,0.2814,-0.6946,
72,33,True,0.285573,-1.5977,none,,,False,,72,0,0.2806,-1.9593,
73,39,True,1.575036,3.0,cusum,,,True,positive,73,0,0.2504,4.0651,
73,94,True,1.003465,2.3984,cusum,,,True,positive,73,0,0.2548,3.7178,
73,95,True,0.764373,1.151,cusum,,,True,positive,73,0,0.2496,2.9068,
73,93,True,0.93389,2.0354,cusum,,,True,positive,73,0,0.2489,2.8554,
73,70,True,0.859703,1.6484,none,,,False,,73,0,0.2496,2.6921,
73,60,True,0.987407,2.3146,none,,,False,,73,0,0.2496,2.6748,
73,55,True,0.649081,0.5495,none,,,False,,73,0,0.2508,2.2971,
73,35,True,0.677898,0.6999,cusum,,,True,positive,73,0,0.2558,2.2704,
73,40,True,0.62028,0.3993,none,,,False,,73,0,0.2855,2.2637,
73,98,True,0.765879,1.1589,none,,,False,,73,0,0.2485,1.9353,
73,62,True,0.797155,1.3221,cusum,,,True,positive,73,0,0.25,1.7074,
73,21,True,0.5599,0.0843,none,,,False,,73,0,0.2504,1.5944,
73,36,True,0.644609,0.5262,none,,,False,,73,0,0.2504,1.5541,
73,48,True,0.686603,0.7453,none,,,False,,73,0,0.2516,0.8374,
73,72,True,0.752561,1.0894,none,,,False,,73,0,0.2492,0.5741,
73,44,True,0.709179,0.8631,none,,,False,,73,0,0.097,0.4784,
73,4,True,0.521415,-0.1165,none,,,False,,73,0,0.0538,0.4125,
73,73,True,0.567827,0.1256,none,,,False,,73,0,0.131,0.3302,
73,10,True,0.545217,0.0077,none,,,False,,73,0,0.0781,0.3095,
73,31,True,0.098536,-2.3227,none,,,False,,73,0,0.2492,0.2905,
73,57,True,0.344165,-1.0412,none,,,False,,73,0,0.0508,0.2784,
73,90,True,0.553287,0.0498,none,,,False,,73,0,0.052,0.2706,
73,65,True,0.532697,-0.0576,none,,,False,,73,0,0.1049,0.2385,
73,9,True,0.472271,-0.3729,none,,,False,,73,0,0.0492,0.2331,
73,46,True,0.634938,0.4758,none,,,False,,73,0,0.0466,0.0389,
73,75,True,0.466336,-0.4039,none,,,False,,73,0,0.0576,0.0185,
73,16,True,0.568557,0.1294,none,,,False,,73,0,0.0496,-0.0555,
73,80,True,0.527884,-0.0828,none,,,False,,73,0,0.05,-0.1533,
73,64,True,0.620863,0.4023,none,,,False,,73,0,0.0512,-0.1757,
73,96,True,0.521069,-0.1183,none,,,False,,73,0,0.052,-0.19,
73,22,True,0.438649,-0.5483,none,,,False,,73,0,0.05,-0.204,
73,28,True,0.546353,0.0136,none,,,False,,73,0,0.05,-0.2363,
73,67,True,0.542277,-0.0077,none,,,False,,73,0,0.0496,-0.2477,
73,43,True,0.55743,0.0714,none,,,False,,73,0,0.0576,-0.2575,
73,76,True,0.537886,-0.0306,none,,,False,,73,0,0.0496,-0.3209,
73,78,True,0.290858,-1.3194,none,,,False,,73,0,0.0529,-0.4223,
73,30,True,0.334944,-1.0894,none,,,False,,73,0,0.0512,-0.4341,
73,51,True,0.52376,-0.1043,none,,,False,,73,0,0.131,-0.4845,
73,49,True,0.305356,-1.2437,none,,,False,,73,0,0.3512,-1.525,
73,41,True,0.47437,-0.3619,cusum,,,True,negative,73,0,0.3458,-1.4126,
73,91,True,0.405082,-0.7234,none,,,False,,73,0,0.3175,-1.5495,
73,17,True,0.504456,-0.205,none,,,False,,73,0,0.309,-0.92,
73,32,True,0.419331,-0.6491,none,,,False,,73,0,0.2892,-1.1341,
73,34,True,0.327524,-1.1281,none,,,False,,73,0,0.2865,-2.1169,
73,85,True,0.341011,-1.0577,none,,,False,,73,0,0.2865,-1.4906,
73,68,True,0.165188,-1.975,none,,,False,,73,0,0.2852,-2.5303,
73,25,True,1.452613,3.0,none,,,False,,73,0,0.2841,-0.6318,
73,1,True,0.409029,-0.7028,none,,,False,,73,0,0.284,-1.6734,
73,74,True,0.119824,-2.2117,none,,,False,,73,0,0.284,-2.175,
73,82,True,0.336608,-1.0807,none,,,False,,73,0,0.284,-1.2891,
74,39,True,1.414306,3.0,none,,,False,,74,0,0.2499,4.0645,
74,94,True,0.875421,1.3401,none,,,False,,74,0,0.2542,3.5165,
74,93,True,0.847913,1.2102,none,,,False,,74,0,0.2485,2.9953,
74,70,True,0.833592,1.1426,cusum,,,True,positive,74,0,0.2492,2.8347,
74,95,True,0.842204,1.1832,none,,,False,,74,0,0.2492,2.6316,
74,60,True,0.883635,1.3789,cusum,,,True,positive,74,0,0.2492,2.6231,
74,35,True,0.684375,0.4378,none,,,False,,74,0,0.2552,2.0863,
74,62,True,0.763528,0.8116,none,,,False,,74,0,0.2495,2.0524,
74,40,True,0.807748,1.0205,none,,,False,,74,0,0.2828,2.0478,
74,55,True,0.899515,1.4539,none,,,False,,74,0,0.2503,1.9955,
74,25,True,1.360771,3.0,cusum,,,True,positive,74,0,0.3631,1.9018,
74,98,True,0.744075,0.7198,none,,,False,,74,0,0.2481,1.845,
74,48,True,0.531487,-0.2843,cusum,,,True,positive,74,0,0.2511,1.7567,
74,72,True,0.620101,0.1342,cusum,,,True,positive,74,0,0.2488,1.722,
74,36,True,0.732902,0.667,none,,,False,,74,0,0.2499,1.5583,
74,44,True,0.661639,0.3304,none,,,False,,74,0,0.094,0.6354,
74,21,True,0.750545,0.7503,none,,,False,,74,0,0.2499,0.6247,
74,90,True,0.555285,-0.1719,none,,,False,,74,0,0.0515,0.3483,
74,4,True,0.656816,0.3076,none,,,False,,74,0,0.0533,0.2871,
74,73,True,0.652411,0.2868,none,,,False,,74,0,0.1271,0.2506,
74,46,True,0.598666,0.033,none,,,False,,74,0,0.0463,0.1944,
74,65,True,0.697678,0.5006,none,,,False,,74,0,0.1018,0.1716,
74,64,True,0.558851,-0.1551,none,,,False,,74,0,0.0507,0.1553,
74,10,True,0.613529,0.1032,none,,,False,,74,0,0.0756,0.1321,
74,16,True,0.527685,-0.3023,none,,,False,,74,0,0.0492,0.1166,
74,9,True,0.661473,0.3296,none,,,False,,74,0,0.0488,0.1022,
74,67,True,0.511878,-0.377,none,,,False,,74,0,0.0492,-0.0261,
74,80,True,0.468129,-0.5836,none,,,False,,74,0,0.0495,-0.0679,
74,76,True,0.500484,-0.4308,none,,,False,,74,0,0.0492,-0.1066,
74,96,True,0.587948,-0.0177,none,,,False,,74,0,0.0515,-0.1084,
74,57,True,0.625871,0.1615,none,,,False,,74,0,0.0503,-0.1181,
74,75,True,0.347901,-1.1515,none,,,False,,74,0,0.0569,-0.1674,
74,28,True,0.595426,0.0177,none,,,False,,74,0,0.0495,-0.2546,
74,22,True,0.613598,0.1035,none,,,False,,74,0,0.0495,-0.275,
74,43,True,0.447295,-0.682,none,,,False,,74,0,0.0569,-0.2779,
74,51,True,0.555676,-0.1701,none,,,False,,74,0,0.1271,-0.2996,
74,32,True,0.502899,-0.4194,none,,,False,,74,0,0.2865,-0.4716,
74,49,True,0.446829,-0.6842,none,,,False,,74,0,0.3464,-1.4887,
74,41,True,0.476596,-0.5436,none,,,False,,74,0,0.3413,-1.322,
74,91,True,0.39482,-0.9298,none,,,False,,74,0,0.314,-1.2628,
74,17,True,0.543119,-0.2294,none,,,False,,74,0,0.3058,-0.8776,
74,61,True,0.326501,-1.2525,none,,,False,,74,0,0.2886,-0.7204,
74,99,True,0.080974,-2.4122,none,,,False,,74,0,0.2862,-2.014,
74,2,True,0.352991,-1.1274,none,,,False,,74,0,0.285,-1.8953,
74,3,True,0.285489,-1.4462,none,,,False,,74,0,0.285,-2.1215,
74,33,True,0.360065,-1.094,none,,,False,,74,0,0.2839,-2.0354,
74,29,True,0.232194,-1.698,none,,,False,,74,0,0.2815,-2.4376,
74,63,True,0.202188,-1.8397,none,,,False,,74,0,0.2815,-2.5236,
74,8,True,0.25778,-1.5771,none,,,False,,74,0,0.2803,-1.9035,
74,27,True,0.346164,-1.1597,none,,,False,,74,0,0.2803,-0.9763,
75,39,True,1.549985,3.0,cusum,,,True,positive,75,0,0.2495,4.064,
75,94,True,1.053757,2.6334,cusum,,,True,positive,75,0,0.2537,3.1734,
75,25,True,1.462494,3.0,none,,,False,,75,0,0.3577,3.0409,
75,93,True,0.940701,2.037,cusum,,,True,positive,75,0,0.2481,2.8099,
75,60,True,0.795583,1.2715,none,,,False,,75,0,0.2488,2.7868,
75,95,True,0.654503,0.5272,none,,,False,,75,0,0.2488,2.5261,
75,70,True,0.951451,2.0937,none,,,False,,75,0,0.2488,2.4968,
75,62,True,0.743701,0.9978,none,,,False,,75,0,0.2491,2.0114,
75,40,True,0.793563,1.2608,cusum,,,True,positive,75,0,0.2803,1.9761,
75,55,True,0.740391,0.9803,cusum,,,True,positive,75,0,0.2499,1.9705,
75,98,True,0.906731,1.8578,none,,,False,,75,0,0.2477,1.8564,
75,35,True,0.849458,1.5557,none,,,False,,75,0,0.2547,1.8006,
75,72,True,0.733363,0.9432,none,,,False,,75,0,0.2484,1.6283,
75,48,True,0.697173,0.7523,none,,,False,,75,0,0.2506,1.4657,
75,36,True,0.601166,0.2458,none,,,False,,75,0,0.2495,1.4177,
75,21,True,0.517327,-0.1965,none,,,False,,75,0,0.2495,0.6112,
75,44,True,0.573497,0.0998,none,,,False,,75,0,0.0912,0.5762,
75,46,True,0.641186,0.4569,none,,,False,,75,0,0.0459,0.3078,
75,9,True,0.569504,0.0788,none,,,False,,75,0,0.0484,0.2713,
75,73,True,0.618832,0.339,none,,,False,,75,0,0.1233,0.2689,
75,65,True,0.358148,-1.0362,none,,,False,,75,0,0.0988,0.2493,
75,4,True,0.615215,0.3199,none,,,False,,75,0,0.0527,0.2407,
75,10,True,0.630352,0.3998,none,,,False,,75,0,0.0732,0.2122,
75,64,True,0.616863,0.3286,none,,,False,,75,0,0.0502,0.1461,
75,90,True,0.312444,-1.2773,none,,,False,,75,0,0.051,0.1376,
75,28,True,0.590931,0.1918,none,,,False,,75,0,0.0491,0.0619,
75,16,True,0.576524,0.1158,none,,,False,,75,0,0.0488,0.0021,
75,67,True,0.542772,-0.0622,none,,,False,,75,0,0.0488,-0.1128,
75,51,True,0.540822,-0.0725,none,,,False,,75,0,0.1233,-0.1473,
75,96,True,0.492439,-0.3278,none,,,False,,75,0,0.051,-0.1665,
75,57,True,0.566368,0.0622,none,,,False,,75,0,0.0499,-0.1799,
75,76,True,0.484287,-0.3708,none,,,False,,75,0,0.0488,-0.2115,
75,22,True,0.447247,-0.5662,none,,,False,,75,0,0.0491,-0.2506,
75,80,True,0.51503,-0.2086,none,,,False,,75,0,0.0491,-0.2533,
75,43,True,0.533714,-0.11,none,,,False,,75,0,0.0563,-0.2844,
75,17,True,0.415294,-0.7347,none,,,False,,75,0,0.3027,-0.3447,
75,75,True,0.5425,-0.0637,none,,,False,,75,0,0.0563,-0.4074,
75,49,True,0.477986,-0.404,cusum,,,True,negative,75,0,0.3418,-1.2512,
75,41,True,0.445117,-0.5774,none,,,False,,75,0,0.337,-1.0383,
75,91,True,0.446031,-0.5726,none,,,False,,75,0,0.3107,-1.2595,
75,92,True,0.30148,-1.3352,none,,,False,,75,0,0.286,-1.3254,
75,97,True,0.229507,-1.7149,none,,,False,,75,0,0.286,-2.3245,
75,34,True,0.298951,-1.3485,none,,,False,,75,0,0.2849,-2.0617,
75,85,True,0.300614,-1.3397,none,,,False,,75,0,0.2849,-1.5427,
75,32,True,0.321713,-1.2284,none,,,False,,75,0,0.2839,-0.5395,
75,88,True,0.40116,-0.8093,none,,,False,,75,0,0.2816,-0.6239,
75,38,True,0.438137,-0.6142,none,,,False,,75,0,0.2802,-0.8299,
75,1,True,0.391502,-0.8603,none,,,False,,75,0,0.2778,-1.0399,
75,74,True,0.207281,-1.8321,none,,,False,,75,0,0.2778,-2.4046,
75,82,True,0.326037,-1.2056,none,,,False,,75,0,0.2778,-1.719,
76,25,True,1.329533,3.0,cusum,,,True,positive,76,0,0.3526,4.125,
76,39,True,1.534892,3.0,none,,,False,,76,0,0.2491,4.0635,
76,94,True,0.855605,1.3256,none,,,False,,76,0,0.2531,3.1933,
76,93,True,0.866873,1.3806,none,,,False,,76,0,0.2477,2.8224,
76,60,True,0.774064,0.9279,none,,,False,,76,0,0.2484,2.7175,
76,70,True,0.862422,1.3588,cusum,,,True,positive,76,0,0.2484,2.6907,
76,98,True,0.738564,0.7547,cusum,,,True,positive,76,0,0.2474,2.3066,
76,62,True,0.687552,0.5059,none,,,False,,76,0,0.2487,2.1068,
76,55,True,0.844064,1.2693,none,,,False,,76,0,0.2494,2.0586,
76,95,True,0.969022,1.8788,none,,,False,,76,0,0.2484,2.0163,
76,40,True,0.798637,1.0477,none,,,False,,76,0,0.2778,1.9793,
76,35,True,0.729131,0.7087,none,,,False,,76,0,0.2541,1.9685,
76,72,True,0.58572,0.0092,none,,,False,,76,0,0.248,1.7843,
76,48,True,0.715096,0.6403,none,,,False,,76,0,0.2502,1.4695,
76,36,True,0.757161,0.8454,none,,,False,,76,0,0.2491,0.5432,
76,44,True,0.570073,-0.0671,none,,,False,,76,0,0.0885,0.5209,
76,46,True,0.512312,-0.3488,none,,,False,,76,0,0.0456,0.3804,
76,73,True,0.674083,0.4402,none,,,False,,76,0,0.1197,0.3547,
76,21,True,0.615996,0.1569,none,,,False,,76,0,0.2491,0.2762,
76,64,True,0.643473,0.2909,none,,,False,,76,0,0.0498,0.2565,
76,10,True,0.581935,-0.0092,none,,,False,,76,0,0.0708,0.2535,
76,4,True,0.664169,0.3919,none,,,False,,76,0,0.0522,0.2384,
76,28,True,0.550657,-0.1618,none,,,False,,76,0,0.0487,0.1374,
76,9,True,0.645845,0.3025,none,,,False,,76,0,0.048,0.0739,
76,16,True,0.535658,-0.235,none,,,False,,76,0,0.0484,0.0435,
76,51,True,0.387739,-0.9564,none,,,False,,76,0,0.1197,-0.0114,
76,67,True,0.41997,-0.7992,none,,,False,,76,0,0.0484,-0.0865,
76,96,True,0.656723,0.3555,none,,,False,,76,0,0.0506,-0.0889,
76,65,True,0.690982,0.5226,none,,,False,,76,0,0.0959,-0.1049,
76,43,True,0.520757,-0.3076,none,,,False,,76,0,0.0557,-0.1673,
76,57,True,0.69866,0.5601,none,,,False,,76,0,0.0494,-0.2085,
76,76,True,0.554131,-0.1448,none,,,False,,76,0,0.0484,-0.2149,
76,80,True,0.508297,-0.3684,none,,,False,,76,0,0.0487,-0.2287,
76,22,True,0.602158,0.0894,none,,,False,,76,0,0.0487,-0.274,
76,17,True,0.46014,-0.6033,none,,,False,,76,0,0.2997,-0.2952,
76,90,True,0.643537,0.2912,none,,,False,,76,0,0.0506,-0.4008,
76,75,True,0.515703,-0.3323,none,,,False,,76,0,0.0557,-0.4667,
76,49,True,0.40549,-0.8698,none,,,False,,76,0,0.3375,-1.1626,
76,41,True,0.453058,-0.6378,none,,,False,,76,0,0.3329,-0.8825,
76,91,True,0.406854,-0.8632,cusum,,,True,negative,76,0,0.3075,-1.1439,
76,33,True,0.334535,-1.2159,none,,,False,,76,0,0.2824,-1.7799,
76,61,True,0.378085,-1.0035,none,,,False,,76,0,0.2824,-1.291,
76,32,True,0.500968,-0.4042,cusum,,,True,negative,76,0,0.2813,-1.1786,
76,24,True,0.179472,-1.9723,none,,,False,,76,0,0.2809,-0.8871,
76,58,True,0.409671,-0.8495,none,,,False,,76,0,0.2809,-0.683,
76,68,True,0.102642,-2.347,none,,,False,,76,0,0.28,-2.0279,
76,2,True,0.287833,-1.4437,none,,,False,,76,0,0.2789,-1.7944,
76,3,True,0.249328,-1.6315,none,,,False,,76,0,0.2789,-1.4406,
76,8,True,0.38014,-0.9935,none,,,False,,76,0,0.2789,-1.97,
76,27,True,0.39245,-0.9334,none,,,False,,76,0,0.2789,-0.9674,
77,25,True,1.363378,3.0,none,,,False,,77,0,0.3479,4.1213,
77,39,True,1.644228,3.0,cusum,,,True,positive,77,0,0.2486,4.063,
77,94,True,1.040795,2.4215,cusum,,,True,positive,77,0,0.2526,2.8351,
77,93,True,0.930717,1.8909,cusum,,,True,positive,77,0,0.2473,2.6037,
77,70,True,1.021575,2.3289,none,,,False,,77,0,0.248,2.5937,
77,55,True,0.666641,0.6179,none,,,False,,77,0,0.249,2.298,
77,95,True,0.827627,1.3939,cusum,,,True,positive,77,0,0.248,2.2584,
77,60,True,0.933433,1.904,cusum,,,True,positive,77,0,0.248,2.2548,
77,40,True,0.531847,-0.0319,none,,,False,,77,0,0.2754,2.1942,
77,98,True,0.883851,1.665,none,,,False,,77,0,0.247,2.1714,
77,35,True,0.906712,1.7752,none,,,False,,77,0,0.2536,1.9707,
77,62,True,0.697348,0.7659,none,,,False,,77,0,0.2483,1.8343,
77,48,True,0.684948,0.7061,none,,,False,,77,0,0.2497,1.434,
77,72,True,0.7547,1.0424,none,,,False,,77,0,0.2476,1.4238,
77,36,True,0.558713,0.0976,none,,,False,,77,0,0.2486,0.6491,
77,73,True,0.628036,0.4318,none,,,False,,77,0,0.1162,0.4574,
77,4,True,0.623801,0.4114,none,,,False,,77,0,0.0517,0.4072,
77,57,True,0.498207,-0.1941,none,,,False,,77,0,0.049,0.3248,
77,21,True,0.735815,0.9513,none,,,False,,77,0,0.2486,0.2999,
77,9,True,0.572544,0.1643,none,,,False,,77,0,0.0476,0.2985,
77,10,True,0.503078,-0.1706,none,,,False,,77,0,0.0686,0.2468,
77,64,True,0.716246,0.857,none,,,False,,77,0,0.0494,0.2188,
77,44,True,0.550674,0.0589,none,,,False,,77,0,0.0859,0.2094,
77,46,True,0.657238,0.5726,none,,,False,,77,0,0.0452,0.1052,
77,65,True,0.569323,0.1488,none,,,False,,77,0,0.0931,0.087,
77,28,True,0.516755,-0.1046,none,,,False,,77,0,0.0483,0.0784,
77,96,True,0.456714,-0.3941,none,,,False,,77,0,0.0501,0.0685,
77,22,True,0.4745,-0.3083,none,,,False,,77,0,0.0483,-0.0619,
77,16,True,0.401794,-0.6588,none,,,False,,77,0,0.048,-0.0785,
77,76,True,0.561489,0.111,none,,,False,,77,0,0.048,-0.2535,
77,43,True,0.527021,-0.0552,none,,,False,,77,0,0.0551,-0.2944,
77,51,True,0.491472,-0.2265,none,,,False,,77,0,0.1162,-0.2976,
77,90,True,0.438775,-0.4806,none,,,False,,77,0,0.0501,-0.3209,
77,80,True,0.535169,-0.0159,none,,,False,,77,0,0.0483,-0.3244,
77,67,True,0.408415,-0.6269,none,,,False,,77,0,0.048,-0.3508,
77,17,True,0.541757,0.0159,none,,,False,,77,0,0.2968,-0.4296,
77,75,True,0.547906,0.0455,none,,,False,,77,0,0.0551,-0.4436,
77,24,True,0.320188,-1.0522,cusum,,,True,negative,77,0,0.3429,-1.7717,
77,49,True,0.371851,-0.8032,none,,,False,,77,0,0.3335,-1.0409,
77,41,True,0.45146,-0.4194,none,,,False,,77,0,0.329,-0.9772,
77,91,True,0.456712,-0.3941,none,,,False,,77,0,0.3044,-1.1923,
77,34,True,0.338577,-0.9636,none,,,False,,77,0,0.2834,-1.8311,
77,85,True,0.364,-0.841,none,,,False,,77,0,0.2834,-1.5518,
77,29,True,0.281258,-1.2399,none,,,False,,77,0,0.2811,-1.9773,
77,63,True,0.220871,-1.531,none,,,False,,77,0,0.2811,-1.8558,
77,99,True,0.130531,-1.9665,none,,,False,,77,0,0.2811,-2.7774,
77,71,True,0.395294,-0.6902,none,,,False,,77,0,0.2804,-0.7194,
77,92,True,0.247066,-1.4047,none,,,False,,77,0,0.2799,-1.2845,
77,97,True,0.23547,-1.4606,none,,,False,,77,0,0.2799,-2.3901,
77,79,True,-0.23357,-3.0,none,,,False,,77,0,0.2792,-1.784,
78,25,True,1.35895,3.0,cusum,,,True,positive,78,0,0.3434,4.1179,
78,39,True,1.479017,3.0,none,,,False,,78,0,0.2482,4.0625,
78,94,True,1.005907,2.5435,none,,,False,,78,0,0.2521,3.1949,
78,70,True,0.837145,1.6346,cusum,,,True,positive,78,0,0.2476,2.9887,
78,93,True,0.854367,1.7273,none,,,False,,78,0,0.2469,2.8301,
78,98,True,0.678871,0.7821,none,,,False,,78,0,0.2466,2.486,
78,60,True,0.722596,1.0176,none,,,False,,78,0,0.2476,2.4293,
78,35,True,0.706705,0.932,cusum,,,True,positive,78,0,0.253,2.4159,
78,95,True,0.823848,1.5629,none,,,False,,78,0,0.2476,2.3282,
78,55,True,0.788314,1.3715,none,,,False,,78,0,0.2486,2.0188,
78,40,True,0.847874,1.6923,none,,,False,,78,0,0.2731,1.8422,
78,62,True,0.632182,0.5306,cusum,,,True,positive,78,0,0.2479,1.8185,
78,48,True,0.732492,1.0709,none,,,False,,78,0,0.2493,1.7636,
78,72,True,0.548294,0.0788,none,,,False,,78,0,0.2472,1.726,
78,64,True,0.6164,0.4456,none,,,False,,78,0,0.0489,0.5557,
78,73,True,0.512048,-0.1164,none,,,False,,78,0,0.1129,0.5037,
78,36,True,0.688221,0.8324,none,,,False,,78,0,0.2482,0.4588,
78,4,True,0.440056,-0.5042,none,,,False,,78,0,0.0513,0.4412,
78,21,True,0.727583,1.0445,none,,,False,,78,0,0.2482,0.3664,
78,46,True,0.596147,0.3365,none,,,False,,78,0,0.0449,0.2846,
78,9,True,0.534476,0.0044,none,,,False,,78,0,0.0472,0.2429,
78,57,True,0.516794,-0.0908,none,,,False,,78,0,0.0486,0.2058,
78,10,True,0.599854,0.3565,none,,,False,,78,0,0.0664,0.1544,
78,44,True,0.652826,0.6418,none,,,False,,78,0,0.0834,0.1176,
78,28,True,0.523879,-0.0527,none,,,False,,78,0,0.0479,0.0371,
78,65,True,0.637376,0.5586,none,,,False,,78,0,0.0904,-0.0318,
78,75,True,0.509694,-0.1291,none,,,False,,78,0,0.0545,-0.0454,
78,96,True,0.56883,0.1894,none,,,False,,78,0,0.0497,-0.0576,
78,76,True,0.525068,-0.0463,none,,,False,,78,0,0.0476,-0.0733,
78,43,True,0.434687,-0.5331,none,,,False,,78,0,0.0545,-0.0862,
78,80,True,0.532848,-0.0044,none,,,False,,78,0,0.0479,-0.1356,
78,16,True,0.454767,-0.4249,none,,,False,,78,0,0.0476,-0.1978,
78,22,True,0.443439,-0.4859,none,,,False,,78,0,0.0479,-0.1997,
78,51,True,0.417227,-0.6271,none,,,False,,78,0,0.1129,-0.3185,
78,17,True,0.402635,-0.7057,none,,,False,,78,0,0.294,-0.3494,
78,90,True,0.603833,0.3779,none,,,False,,78,0,0.0497,-0.4243,
78,67,True,0.61316,0.4282,none,,,False,,78,0,0.0476,-0.4346,
78,24,True,0.296155,-1.2792,none,,,False,,78,0,0.3386,-1.9231,
78,79,True,0.305229,-1.2303,cusum,,,True,negative,78,0,0.3386,-2.3246,
78,49,True,0.406839,-0.6831,none,,,False,,78,0,0.3296,-1.0832,
78,41,True,0.454521,-0.4262,none,,,False,,78,0,0.3253,-0.4383,
78,91,True,0.410023,-0.6659,none,,,False,,78,0,0.3014,-1.0155,
78,32,True,0.393108,-0.757,none,,,False,,78,0,0.2844,-1.0982,
78,1,True,0.289871,-1.3131,none,,,False,,78,0,0.2821,-0.9923,
78,74,True,0.277912,-1.3775,none,,,False,,78,0,0.2821,-2.5195,
78,82,True,0.28278,-1.3512,none,,,False,,78,0,0.2821,-1.7033,
78,33,True,0.34595,-1.011,none,,,False,,78,0,0.281,-1.718,
78,61,True,0.349401,-0.9924,none,,,False,,78,0,0.281,-1.4061,
78,15,True,0.455534,-0.4208,none,,,False,,78,0,0.279,-0.6838,
78,2,True,0.213854,-1.7225,none,,,False,,78,0,0.2776,-1.3611,
79,25,True,1.363592,3.0,none,,,False,,79,0,0.3392,4.1147,
79,39,True,1.542026,3.0,cusum,,,True,positive,79,0,0.2478,4.062,
79,94,True,1.008651,1.9917,cusum,,,True,positive,79,0,0.2516,3.1643,
79,70,True,0.874145,1.3863,none,,,False,,79,0,0.2472,2.8352,
79,93,True,0.869485,1.3653,cusum,,,True,positive,79,0,0.2466,2.7264,
79,95,True,0.897914,1.4933,none,,,False,,79,0,0.2472,2.673,
79,60,True,0.755604,0.8527,none,,,False,,79,0,0.2472,2.3442,
79,35,True,0.799561,1.0506,none,,,False,,79,0,0.2525,2.2073,
79,55,True,0.786822,0.9932,cusum,,,True,positive,79,0,0.2482,2.1487,
79,98,True,0.72244,0.7035,none,,,False,,79,0,0.2463,2.127,
79,40,True,0.870035,1.3678,cusum,,,True,positive,79,0,0.2708,1.9849,
79,62,True,0.743564,0.7985,none,,,False,,79,0,0.2475,1.6624,
79,48,True,0.697976,0.5934,none,,,False,,79,0,0.2489,0.8693,
79,21,True,0.715024,0.6701,none,,,False,,79,0,0.0478,0.7796,
79,36,True,0.640419,0.3343,none,,,False,,79,0,0.2478,0.6539,
79,64,True,0.63033,0.2889,none,,,False,,79,0,0.0485,0.5942,
79,65,True,0.650333,0.3789,none,,,False,,79,0,0.0878,0.4984,
79,72,True,0.661099,0.4274,none,,,False,,79,0,0.2469,0.4374,
79,73,True,0.595377,0.1316,none,,,False,,79,0,0.1098,0.3499,
79,44,True,0.683586,0.5286,none,,,False,,79,0,0.0809,0.2969,
79,46,True,0.408669,-0.7088,none,,,False,,79,0,0.0446,0.2441,
79,9,True,0.579441,0.0598,none,,,False,,79,0,0.0469,0.2177,
79,4,True,0.688802,0.5521,none,,,False,,79,0,0.0508,0.1659,
79,57,True,0.604606,0.1731,none,,,False,,79,0,0.0482,0.1542,
79,10,True,0.494084,-0.3244,none,,,False,,79,0,0.0643,0.139,
79,90,True,0.52291,-0.1946,none,,,False,,79,0,0.0492,0.1269,
79,96,True,0.567221,0.0048,none,,,False,,79,0,0.0492,0.1143,
79,76,True,0.506724,-0.2675,none,,,False,,79,0,0.0472,0.0344,
79,28,True,0.565074,-0.0048,none,,,False,,79,0,0.0475,-0.0448,
79,75,True,0.568743,0.0117,none,,,False,,79,0,0.0539,-0.0679,
79,80,True,0.398251,-0.7557,none,,,False,,79,0,0.0475,-0.068,
79,22,True,0.519431,-0.2103,none,,,False,,79,0,0.0475,-0.1734,
79,43,True,0.431743,-0.6049,none,,,False,,79,0,0.0539,-0.2279,
79,67,True,0.44157,-0.5607,none,,,False,,79,0,0.0472,-0.2716,
79,17,True,0.518747,-0.2133,none,,,False,,79,0,0.2913,-0.3412,
79,16,True,0.552597,-0.061,none,,,False,,79,0,0.0472,-0.3785,
79,41,True,0.45929,-0.481,none,,,False,,79,0,0.3217,-0.3902,
79,24,True,0.326018,-1.0808,none,,,False,,79,0,0.3346,-1.8228,
79,79,True,0.338021,-1.0268,none,,,False,,79,0,0.3346,-2.2865,
79,49,True,0.415312,-0.6789,none,,,False,,79,0,0.3259,-1.1788,
79,51,True,0.513251,-0.2381,cusum,,,True,negative,79,0,0.3098,-1.0053,
79,91,True,0.425855,-0.6314,none,,,False,,79,0,0.2985,-1.0482,
79,3,True,0.109926,-2.0534,none,,,False,,79,0,0.283,-1.9363,
79,8,True,0.298192,-1.206,none,,,False,,79,0,0.283,-1.2981,
79,27,True,0.342056,-1.0086,none,,,False,,79,0,0.283,-1.5016,
79,34,True,0.25208,-1.4136,none,,,False,,79,0,0.2819,-1.5622,
79,85,True,0.296058,-1.2157,none,,,False,,79,0,0.2819,-1.495,
79,68,True,0.171377,-1.7768,none,,,False,,79,0,0.2797,-2.6658,
79,13,True,0.23595,-1.4862,none,,,False,,79,0,0.279,-0.7585,
79,92,True,0.328345,-1.0703,none,,,False,,79,0,0.2786,-1.7691,
80,25,True,1.491446,3.0,cusum,,,True,positive,80,0,0.3351,4.1118,
80,39,True,1.52586,3.0,none,,,False,,80,0,0.2475,4.0615,
80,94,True,0.87325,1.6048,none,,,False,,80,0,0.2511,3.3857,
80,70,True,1.03006,2.4294,none,,,False,,80,0,0.2468,2.8439,
80,93,True,0.995862,2.2496,none,,,False,,80,0,0.2462,2.7209,
80,95,True,0.700295,0.6953,cusum,,,True,positive,80,0,0.2468,2.544,
80,35,True,0.670345,0.5378,none,,,False,,80,0,0.252,2.3206,
80,60,True,0.841659,1.4387,cusum,,,True,positive,80,0,0.2468,2.3187,
80,98,True,0.770762,1.0658,cusum,,,True,positive,80,0,0.2459,2.1095,
80,40,True,0.814541,1.2961,none,,,False,,80,0,0.2687,2.0905,
80,55,True,0.737348,0.8901,none,,,False,,80,0,0.2478,2.0562,
80,62,True,0.75251,0.9699,none,,,False,,80,0,0.2471,1.7594,
80,21,True,0.706427,0.7275,none,,,False,,80,0,0.0475,0.9502,
80,48,True,0.66167,0.4921,none,,,False,,80,0,0.2485,0.8531,
80,64,True,0.5333,-0.1829,none,,,False,,80,0,0.0481,0.593,
80,72,True,0.601722,0.1769,none,,,False,,80,0,0.2465,0.5764,
80,44,True,0.68514,0.6156,none,,,False,,80,0,0.0785,0.4943,
80,36,True,0.621779,0.2824,none,,,False,,80,0,0.2475,0.483,
80,65,True,0.510335,-0.3037,none,,,False,,80,0,0.0853,0.4491,
80,73,True,0.575131,0.037,none,,,False,,80,0,0.1067,0.2452,
80,4,True,0.613796,0.2404,none,,,False,,80,0,0.0503,0.2187,
80,9,True,0.593511,0.1337,none,,,False,,80,0,0.0465,0.1364,
80,46,True,0.689341,0.6377,none,,,False,,80,0,0.0443,0.1237,
80,75,True,0.39375,-0.9168,none,,,False,,80,0,0.0534,0.0461,
80,10,True,0.61718,0.2582,none,,,False,,80,0,0.0622,0.0329,
80,57,True,0.61217,0.2318,none,,,False,,80,0,0.0478,0.0247,
80,28,True,0.594043,0.1365,none,,,False,,80,0,0.0471,0.007,
80,96,True,0.527297,-0.2145,none,,,False,,80,0,0.0488,-0.0031,
80,76,True,0.434252,-0.7038,none,,,False,,80,0,0.0468,-0.007,
80,90,True,0.582277,0.0746,none,,,False,,80,0,0.0488,-0.0356,
80,67,True,0.507052,-0.321,none,,,False,,80,0,0.0468,-0.1925,
80,80,True,0.561042,-0.037,none,,,False,,80,0,0.0471,-0.1976,
80,17,True,0.553325,-0.0776,none,,,False,,80,0,0.0887,-0.2127,
80,22,True,0.531791,-0.1909,none,,,False,,80,0,0.0471,-0.2738,
80,16,True,0.502774,-0.3435,none,,,False,,80,0,0.0468,-0.3209,
80,43,True,0.539756,-0.149,none,,,False,,80,0,0.0534,-0.3277,
80,41,True,0.447619,-0.6335,none,,,False,,80,0,0.3183,-0.3401,
80,13,True,0.231547,-1.7698,cusum,,,True,negative,80,0,0.3544,-1.5726,
80,24,True,0.307899,-1.3683,cusum,,,True,negative,80,0,0.3308,-1.5283,
80,79,True,-0.024885,-3.0,none,,,False,,80,0,0.3308,-2.1433,
80,49,True,0.403118,-0.8675,none,,,False,,80,0,0.3224,-0.6175,
80,51,True,0.475853,-0.485,none,,,False,,80,0,0.3067,-0.7677,
80,91,True,0.443778,-0.6537,none,,,False,,80,0,0.2958,-0.9725,
80,97,True,0.279206,-1.5192,none,,,False,,80,0,0.284,-2.0659,
80,32,True,0.153853,-2.1784,none,,,False,,80,0,0.2829,-1.212,
80,29,True,0.321724,-1.2956,none,,,False,,80,0,0.2807,-1.5974,
80,63,True,0.224351,-1.8076,none,,,False,,80,0,0.2807,-2.2161,
80,99,True,0.170206,-2.0924,none,,,False,,80,0,0.2807,-2.2306,
80,33,True,0.312915,-1.3419,none,,,False,,80,0,0.2796,-1.0236,
80,61,True,0.341143,-1.1935,none,,,False,,80,0,0.2796,-0.9995,
81,25,True,1.486222,3.0,none,,,False,,81,0,0.3313,4.1091,
81,39,True,1.583244,3.0,cusum,,,True,positive,81,0,0.2471,4.0611,
81,94,True,0.893168,1.3876,cusum,,,True,positive,81,0,0.2507,3.1129,
81,70,True,1.043115,1.9858,cusum,,,True,positive,81,0,0.2465,2.8769,
81,93,True,0.927833,1.5259,cusum,,,True,positive,81,0,0.2459,2.8401,
81,40,True,0.911793,1.4619,none,,,False,,81,0,0.2665,2.5321,
81,95,True,0.803264,1.029,none,,,False,,81,0,0.2465,2.3107,
81,60,True,0.691018,0.5812,none,,,False,,81,0,0.2465,2.1632,
81,55,True,0.737967,0.7685,none,,,False,,81,0,0.2474,2.1465,
81,98,True,0.794812,0.9953,none,,,False,,81,0,0.2456,1.9094,
81,35,True,0.823302,1.1089,none,,,False,,81,0,0.2515,1.9075,
81,21,True,0.750692,0.8193,cusum,,,True,positive,81,0,0.2471,1.8751,
81,62,True,0.746086,0.8009,none,,,False,,81,0,0.2468,1.827,
81,48,True,0.721731,0.7038,none,,,False,,81,0,0.2481,0.7813,
81,44,True,0.725376,0.7183,none,,,False,,81,0,0.0762,0.6787,
81,36,True,0.383559,-0.6452,none,,,False,,81,0,0.0471,0.5441,
81,65,True,0.662938,0.4692,none,,,False,,81,0,0.0829,0.297,
81,72,True,0.648206,0.4105,none,,,False,,81,0,0.2462,0.2874,
81,64,True,0.59251,0.1883,none,,,False,,81,0,0.0477,0.2459,
81,10,True,0.592496,0.1882,none,,,False,,81,0,0.0602,0.1749,
81,57,True,0.542198,-0.0124,none,,,False,,81,0,0.0474,0.1662,
81,4,True,0.642822,0.389,none,,,False,,81,0,0.0499,0.1612,
81,90,True,0.538622,-0.0267,none,,,False,,81,0,0.0484,0.149,
81,46,True,0.673555,0.5116,none,,,False,,81,0,0.044,0.1451,
81,9,True,0.655081,0.4379,none,,,False,,81,0,0.0462,0.1257,
81,73,True,0.64284,0.3891,none,,,False,,81,0,0.1038,0.1119,
81,28,True,0.525553,-0.0788,none,,,False,,81,0,0.0468,0.087,
81,96,True,0.416363,-0.5144,none,,,False,,81,0,0.0484,0.0562,
81,67,True,0.519313,-0.1037,none,,,False,,81,0,0.0465,-0.091,
81,80,True,0.503001,-0.1688,none,,,False,,81,0,0.0468,-0.2051,
81,16,True,0.544953,-0.0014,none,,,False,,81,0,0.0465,-0.2163,
81,22,True,0.519111,-0.1045,none,,,False,,81,0,0.0468,-0.2351,
81,17,True,0.545664,0.0014,none,,,False,,81,0,0.0862,-0.2452,
81,75,True,0.564211,0.0754,none,,,False,,81,0,0.0529,-0.2754,
81,76,True,0.417041,-0.5117,none,,,False,,81,0,0.0465,-0.279,
81,43,True,0.439331,-0.4227,none,,,False,,81,0,0.0529,-0.3597,
81,41,True,0.436307,-0.4348,none,,,False,,81,0,0.3151,-0.4136,
81,13,True,0.276309,-1.073,none,,,False,,81,0,0.3497,-1.7621,
81,24,True,0.320767,-0.8957,none,,,False,,81,0,0.3271,-1.6362,
81,79,True,0.00925,-2.1384,cusum,,,True,negative,81,0,0.3271,-2.1458,
81,49,True,0.2891,-1.022,cusum,,,True,negative,81,0,0.319,-1.1411,
81,51,True,0.51186,-0.1334,none,,,False,,81,0,0.3038,-0.8556,
81,91,True,0.439349,-0.4227,none,,,False,,81,0,0.2931,-0.5606,
81,1,True,0.283104,-1.0459,none,,,False,,81,0,0.2816,-1.3765,
81,2,True,0.340996,-0.815,none,,,False,,81,0,0.2816,-1.849,
81,74,True,0.248036,-1.1858,none,,,False,,81,0,0.2816,-1.7249,
81,82,True,0.31085,-0.9353,none,,,False,,81,0,0.2816,-1.1303,
81,6,True,0.288405,-1.0248,none,,,False,,81,0,0.2811,-0.9278,
81,34,True,0.29024,-1.0175,none,,,False,,81,0,0.2806,-1.1586,
81,85,True,0.35518,-0.7584,none,,,False,,81,0,0.2806,-1.0488,
82,25,True,1.483803,3.0,cusum,,,True,positive,82,0,0.3277,4.1066,
82,39,True,1.613484,3.0,none,,,False,,82,0,0.2467,4.0606,
82,70,True,0.938909,1.8117,none,,,False,,82,0,0.2461,2.9936,
82,93,True,0.999123,2.1083,none,,,False,,82,0,0.2455,2.7725,
82,94,True,0.921799,1.7275,none,,,False,,82,0,0.2502,2.727,
82,40,True,0.873128,1.4877,cusum,,,True,positive,82,0,0.2645,2.4543,
82,95,True,0.870251,1.4735,none,,,False,,82,0,0.2461,2.1323,
82,60,True,0.858006,1.4132,none,,,False,,82,0,0.2461,2.0173,
82,98,True,0.853784,1.3924,none,,,False,,82,0,0.2452,1.98,
82,35,True,0.757424,0.9178,none,,,False,,82,0,0.251,1.9659,
82,55,True,0.769131,0.9755,none,,,False,,82,0,0.247,1.945,
82,62,True,0.714483,0.7063,none,,,False,,82,0,0.2464,1.9166,
82,21,True,0.636227,0.3208,none,,,False,,82,0,0.2467,1.7996,
82,48,True,0.74859,0.8743,cusum,,,True,positive,82,0,0.2477,1.6584,
82,44,True,0.658834,0.4322,none,,,False,,82,0,0.074,0.703,
82,4,True,0.630954,0.2949,none,,,False,,82,0,0.0495,0.4584,
82,72,True,0.636756,0.3234,none,,,False,,82,0,0.2458,0.3976,
82,73,True,0.574763,0.0181,none,,,False,,82,0,0.101,0.2787,
82,9,True,0.583498,0.0611,none,,,False,,82,0,0.0458,0.2698,
82,65,True,0.696421,0.6173,none,,,False,,82,0,0.0805,0.266,
82,46,True,0.627824,0.2794,none,,,False,,82,0,0.0436,0.2031,
82,57,True,0.692332,0.5972,none,,,False,,82,0,0.047,0.1919,
82,64,True,0.472565,-0.4853,none,,,False,,82,0,0.0474,0.1596,
82,10,True,0.591748,0.1017,none,,,False,,82,0,0.0583,0.1178,
82,28,True,0.567496,-0.0177,none,,,False,,82,0,0.0464,0.0778,
82,36,True,0.568203,-0.0142,none,,,False,,82,0,0.0467,0.0511,
82,90,True,0.573985,0.0142,none,,,False,,82,0,0.048,0.0136,
82,17,True,0.397853,-0.8533,none,,,False,,82,0,0.0838,-0.0108,
82,16,True,0.576971,0.029,none,,,False,,82,0,0.0461,-0.0755,
82,22,True,0.440615,-0.6427,none,,,False,,82,0,0.0464,-0.1084,
82,96,True,0.456076,-0.5665,none,,,False,,82,0,0.048,-0.1788,
82,75,True,0.462128,-0.5367,none,,,False,,82,0,0.0523,-0.2079,
82,80,True,0.535816,-0.1738,none,,,False,,82,0,0.0464,-0.2603,
82,67,True,0.530204,-0.2014,none,,,False,,82,0,0.0461,-0.2687,
82,43,True,0.385403,-0.9147,none,,,False,,82,0,0.0523,-0.3235,
82,41,True,0.473452,-0.481,none,,,False,,82,0,0.3119,-0.4184,
82,76,True,0.551545,-0.0963,none,,,False,,82,0,0.0461,-0.4345,
82,6,True,0.290977,-1.3798,cusum,,,True,negative,82,0,0.3552,-1.5291,
82,13,True,0.340104,-1.1378,none,,,False,,82,0,0.3453,-1.8252,
82,24,True,0.29451,-1.3624,none,,,False,,82,0,0.3236,-1.5107,
82,79,True,0.034502,-2.6431,none,,,False,,82,0,0.3236,-2.4508,
82,49,True,0.308113,-1.2954,none,,,False,,82,0,0.3157,-1.2562,
82,51,True,0.48954,-0.4017,none,,,False,,82,0,0.301,-0.6927,
82,91,True,0.362549,-1.0272,none,,,False,,82,0,0.2905,-0.4809,
82,30,True,0.519481,-0.2542,none,,,False,,82,0,0.2844,-0.628,
82,3,True,0.126533,-2.1898,none,,,False,,82,0,0.2825,-1.6282,
82,8,True,0.339935,-1.1386,none,,,False,,82,0,0.2825,-1.6767,
82,27,True,0.31855,-1.2439,none,,,False,,82,0,0.2825,-0.9517,
82,92,True,0.202264,-1.8167,none,,,False,,82,0,0.2825,-1.6879,
82,32,True,0.492919,-0.3851,none,,,False,,82,0,0.2815,-1.0299,
83,25,True,1.364756,3.0,none,,,False,,83,0,0.3242,4.1043,
83,39,True,1.623153,3.0,cusum,,,True,positive,83,0,0.2464,4.0602,
83,70,True,0.901102,1.6384,cusum,,,True,positive,83,0,0.2458,3.135,
83,93,True,0.908637,1.6722,cusum,,,True,positive,83,0,0.2452,3.0198,
83,94,True,0.994904,2.0601,cusum,,,True,positive,83,0,0.2498,2.6384,
83,40,True,0.813439,1.2443,none,,,False,,83,0,0.2625,2.4933,
83,98,True,0.820746,1.2771,cusum,,,True,positive,83,0,0.2449,2.2093,
83,60,True,0.917524,1.7122,cusum,,,True,positive,83,0,0.2458,2.2037,
83,95,True,0.668037,0.5906,none,,,False,,83,0,0.2458,2.1253,
83,55,True,0.732829,0.8819,none,,,False,,83,0,0.2467,1.9387,
83,35,True,0.955999,1.8852,cusum,,,True,positive,83,0,0.2506,1.9211,
83,48,True,0.637128,0.4516,none,,,False,,83,0,0.2473,1.7516,
83,21,True,0.710151,0.7799,none,,,False,,83,0,0.2464,1.6827,
83,62,True,0.687399,0.6776,none,,,False,,83,0,0.246,0.8854,
83,44,True,0.692052,0.6986,none,,,False,,83,0,0.0718,0.6698,
83,46,True,0.582363,0.2054,none,,,False,,83,0,0.0433,0.5321,
83,4,True,0.37764,-0.7149,none,,,False,,83,0,0.049,0.3721,
83,72,True,0.694498,0.7096,none,,,False,,83,0,0.2455,0.3625,
83,65,True,0.61405,0.3479,none,,,False,,83,0,0.0782,0.3443,
83,57,True,0.502507,-0.1536,none,,,False,,83,0,0.0467,0.3328,
83,9,True,0.627811,0.4098,none,,,False,,83,0,0.0455,0.2698,
83,10,True,0.636492,0.4488,none,,,False,,83,0,0.0576,0.259,
83,73,True,0.688157,0.6811,none,,,False,,83,0,0.0982,0.2393,
83,90,True,0.443599,-0.4184,none,,,False,,83,0,0.0476,0.0827,
83,28,True,0.509279,-0.1231,none,,,False,,83,0,0.046,0.0731,
83,16,True,0.508506,-0.1266,none,,,False,,83,0,0.0458,-0.046,
83,36,True,0.631065,0.4244,none,,,False,,83,0,0.0464,-0.0655,
83,80,True,0.444712,-0.4134,none,,,False,,83,0,0.046,-0.0668,
83,64,True,0.630537,0.422,none,,,False,,83,0,0.047,-0.0989,
83,67,True,0.53366,-0.0135,none,,,False,,83,0,0.0458,-0.1494,
83,17,True,0.533567,-0.0139,none,,,False,,83,0,0.0814,-0.2253,
83,22,True,0.519593,-0.0767,none,,,False,,83,0,0.046,-0.2529,
83,96,True,0.448504,-0.3963,none,,,False,,83,0,0.0476,-0.3698,
83,76,True,0.499431,-0.1674,none,,,False,,83,0,0.0458,-0.3779,
83,75,True,0.554108,0.0784,none,,,False,,83,0,0.0518,-0.3913,
83,41,True,0.387332,-0.6713,none,,,False,,83,0,0.1089,-0.4202,
83,43,True,0.539669,0.0135,none,,,False,,83,0,0.0518,-0.4274,
83,6,True,0.309003,-1.0235,none,,,False,,83,0,0.3506,-1.5482,
83,13,True,0.283688,-1.1373,cusum,,,True,negative,83,0,0.3411,-1.7122,
83,24,True,0.321753,-0.9662,cusum,,,True,negative,83,0,0.3202,-1.6067,
83,79,True,0.279432,-1.1564,cusum,,,True,negative,83,0,0.3202,-2.9917,
83,49,True,0.406522,-0.5851,none,,,False,,83,0,0.3126,-1.4636,
83,51,True,0.516588,-0.0903,none,,,False,,83,0,0.2982,-0.7488,
83,91,True,0.442883,-0.4216,cusum,,,True,negative,83,0,0.288,-1.1142,
83,68,True,0.18575,-1.5776,none,,,False,,83,0,0.2845,-1.9518,
83,33,True,0.219709,-1.4249,none,,,False,,83,0,0.2834,-1.6074,
83,61,True,0.342667,-0.8721,none,,,False,,83,0,0.2834,-0.9809,
83,97,True,0.220632,-1.4208,none,,,False,,83,0,0.2834,-1.4827,
83,83,True,0.416788,-0.5389,none,,,False,,83,0,0.2813,-0.6767,
83,53,True,0.339366,-0.887,none,,,False,,83,0,0.2803,-1.3372,
84,25,True,1.503072,3.0,cusum,,,True,positive,84,0,0.3208,4.1021,
84,39,True,1.663597,3.0,none,,,False,,84,0,0.246,4.0598,
84,70,True,0.922781,1.5421,none,,,False,,84,0,0.2454,2.8709,
84,93,True,0.998425,1.887,none,,,False,,84,0,0.2449,2.8269,
84,94,True,1.032649,2.043,none,,,False,,84,0,0.2494,2.7896,
84,40,True,0.936629,1.6053,none,,,False,,84,0,0.2606,2.4751,
84,35,True,0.799047,0.9781,none,,,False,,84,0,0.2501,2.3696,
84,60,True,0.746797,0.7399,none,,,False,,84,0,0.2454,2.2945,
84,98,True,0.82872,1.1133,none,,,False,,84,0,0.2446,2.2793,
84,95,True,0.852149,1.2201,cusum,,,True,positive,84,0,0.2454,2.09,
84,55,True,0.785338,0.9156,cusum,,,True,positive,84,0,0.2463,1.9355,
84,62,True,0.612801,0.129,cusum,,,True,positive,84,0,0.2457,1.7876,
84,48,True,0.747841,0.7446,none,,,False,,84,0,0.2469,1.7376,
84,21,True,0.67825,0.4274,none,,,False,,84,0,0.246,1.6998,
84,44,True,0.727902,0.6537,none,,,False,,84,0,0.0697,0.6964,
84,65,True,0.674594,0.4107,none,,,False,,84,0,0.076,0.5603,
84,72,True,0.581998,-0.0114,none,,,False,,84,0,0.0451,0.5397,
84,73,True,0.594813,0.047,none,,,False,,84,0,0.0956,0.4525,
84,46,True,0.582556,-0.0089,none,,,False,,84,0,0.0431,0.3877,
84,9,True,0.606555,0.1005,none,,,False,,84,0,0.0451,0.3614,
84,10,True,0.614184,0.1353,none,,,False,,84,0,0.0569,0.3216,
84,57,True,0.604287,0.0902,none,,,False,,84,0,0.0463,0.2039,
84,64,True,0.569564,-0.0681,none,,,False,,84,0,0.0466,0.1023,
84,4,True,0.688474,0.474,none,,,False,,84,0,0.0486,0.0531,
84,16,True,0.549047,-0.1617,none,,,False,,84,0,0.0454,0.0259,
84,28,True,0.609473,0.1138,none,,,False,,84,0,0.0457,-0.0139,
84,36,True,0.709545,0.57,none,,,False,,84,0,0.046,-0.0186,
84,67,True,0.630519,0.2098,none,,,False,,84,0,0.0454,-0.0473,
84,75,True,0.545911,-0.176,none,,,False,,84,0,0.0514,-0.0602,
84,90,True,0.586459,0.0089,none,,,False,,84,0,0.0472,-0.0821,
84,51,True,0.506687,-0.3548,none,,,False,,84,0,0.2956,-0.1187,
84,80,True,0.506906,-0.3538,none,,,False,,84,0,0.0457,-0.1926,
84,76,True,0.395491,-0.8617,none,,,False,,84,0,0.0454,-0.1995,
84,17,True,0.510915,-0.3355,none,,,False,,84,0,0.0792,-0.2053,
84,22,True,0.566468,-0.0822,none,,,False,,84,0,0.0457,-0.2153,
84,43,True,0.431998,-0.6953,none,,,False,,84,0,0.0514,-0.3739,
84,96,True,0.516562,-0.3098,none,,,False,,84,0,0.0472,-0.4309,
84,6,True,0.281298,-1.3823,none,,,False,,84,0,0.3462,-1.5248,
84,13,True,0.314914,-1.229,none,,,False,,84,0,0.3372,-1.5042,
84,53,True,0.296323,-1.3138,cusum,,,True,negative,84,0,0.3372,-1.5927,
84,24,True,0.299419,-1.2997,none,,,False,,84,0,0.317,-1.4747,
84,79,True,-0.187521,-3.0,none,,,False,,84,0,0.317,-2.3793,
84,49,True,0.501122,-0.3801,none,,,False,,84,0,0.3096,-1.3713,
84,91,True,0.443898,-0.641,none,,,False,,84,0,0.2856,-1.0381,
84,29,True,0.245794,-1.5441,none,,,False,,84,0,0.2853,-1.83,
84,63,True,0.182784,-1.8314,none,,,False,,84,0,0.2853,-1.645,
84,99,True,0.126748,-2.0869,none,,,False,,84,0,0.2853,-2.5759,
84,34,True,0.312976,-1.2379,none,,,False,,84,0,0.2843,-1.0493,
84,85,True,0.37375,-0.9608,none,,,False,,84,0,0.2843,-0.8562,
84,56,True,0.232979,-1.6026,none,,,False,,84,0,0.2833,-1.1907,
85,25,True,1.576019,3.0,none,,,False,,85,0,0.3176,4.1,
85,39,True,1.579918,3.0,cusum,,,True,positive,85,0,0.2457,4.0593,
85,94,True,0.992133,2.5501,cusum,,,True,positive,85,0,0.2489,3.0075,
85,93,True,0.959353,2.3673,cusum,,,True,positive,85,0,0.2445,2.9469,
85,70,True,1.009473,2.6468,cusum,,,True,positive,85,0,0.2451,2.7226,
85,40,True,0.788836,1.4163,cusum,,,True,positive,85,0,0.2587,2.522,
85,60,True,0.748892,1.1936,none,,,False,,85,0,0.2451,2.3469,
85,35,True,0.663545,0.7176,none,,,False,,85,0,0.2497,2.3254,
85,98,True,0.875587,1.9001,none,,,False,,85,0,0.2443,2.3183,
85,95,True,0.785158,1.3958,none,,,False,,85,0,0.2451,2.1533,
85,55,True,0.519995,-0.0829,none,,,False,,85,0,0.246,1.9841,
85,48,True,0.719616,1.0303,none,,,False,,85,0,0.2466,1.7508,
85,44,True,0.611128,0.4253,cusum,,,True,positive,85,0,0.2677,1.6739,
85,21,True,0.48196,-0.295,none,,,False,,85,0,0.2457,1.5687,
85,62,True,0.728429,1.0795,none,,,False,,85,0,0.2454,1.5632,
85,65,True,0.477559,-0.3196,none,,,False,,85,0,0.0738,0.5397,
85,72,True,0.433584,-0.5648,none,,,False,,85,0,0.0448,0.3986,
85,36,True,0.66372,0.7186,none,,,False,,85,0,0.0457,0.3861,
85,73,True,0.627747,0.518,none,,,False,,85,0,0.093,0.3371,
85,10,True,0.665816,0.7303,none,,,False,,85,0,0.0563,0.3031,
85,9,True,0.543037,0.0456,none,,,False,,85,0,0.0448,0.2486,
85,57,True,0.572045,0.2073,none,,,False,,85,0,0.046,0.2377,
85,46,True,0.628631,0.5229,none,,,False,,85,0,0.0428,0.2139,
85,4,True,0.618577,0.4668,none,,,False,,85,0,0.0482,0.081,
85,67,True,0.499531,-0.1971,none,,,False,,85,0,0.0451,0.0568,
85,28,True,0.541638,0.0378,none,,,False,,85,0,0.0454,0.0499,
85,64,True,0.64808,0.6314,none,,,False,,85,0,0.0463,0.0164,
85,16,True,0.538274,0.019,none,,,False,,85,0,0.0451,-0.0279,
85,90,True,0.531459,-0.019,none,,,False,,85,0,0.0469,-0.0707,
85,75,True,0.503339,-0.1758,none,,,False,,85,0,0.0509,-0.1446,
85,51,True,0.475609,-0.3305,none,,,False,,85,0,0.293,-0.1939,
85,22,True,0.489751,-0.2516,none,,,False,,85,0,0.0454,-0.2083,
85,80,True,0.493009,-0.2334,none,,,False,,85,0,0.0454,-0.2547,
85,76,True,0.540174,0.0296,none,,,False,,85,0,0.0451,-0.3166,
85,17,True,0.547119,0.0683,none,,,False,,85,0,0.077,-0.3187,
85,96,True,0.467623,-0.375,none,,,False,,85,0,0.0469,-0.3631,
85,41,True,0.434905,-0.5575,none,,,False,,85,0,0.1108,-0.4345,
85,6,True,0.3519,-1.0204,cusum,,,True,negative,85,0,0.3421,-1.6471,
85,56,True,0.262556,-1.5186,cusum,,,True,negative,85,0,0.3377,-1.9182,
85,13,True,0.244026,-1.622,none,,,False,,85,0,0.3334,-1.5589,
85,53,True,0.32155,-1.1896,none,,,False,,85,0,0.3334,-1.642,
85,24,True,0.310972,-1.2486,none,,,False,,85,0,0.3139,-1.6113,
85,79,True,0.25941,-1.5362,cusum,,,True,negative,85,0,0.3139,-2.6684,
85,49,True,0.48578,-0.2737,none,,,False,,85,0,0.3067,-1.159,
85,1,True,0.237049,-1.6609,none,,,False,,85,0,0.2862,-0.992,
85,2,True,0.250791,-1.5842,none,,,False,,85,0,0.2862,-1.246,
85,74,True,0.231958,-1.6893,none,,,False,,85,0,0.2862,-1.384,
85,82,True,0.254579,-1.5631,none,,,False,,85,0,0.2862,-1.5829,
85,87,True,0.245067,-1.6162,none,,,False,,85,0,0.2862,-1.2302,
85,81,True,0.472405,-0.3483,none,,,False,,85,0,0.2859,-0.6786,
86,25,True,1.457464,3.0,cusum,,,True,positive,86,0,0.3146,4.0981,
86,39,True,1.640091,3.0,none,,,False,,86,0,0.2453,4.0589,
86,94,True,0.841439,1.3844,none,,,False,,86,0,0.2485,3.2812,
86,93,True,0.947226,1.8879,none,,,False,,86,0,0.2442,3.0329,
86,70,True,0.837027,1.3634,none,,,False,,86,0,0.2448,3.0006,
86,40,True,0.851753,1.4335,none,,,False,,86,0,0.2568,2.4973,
86,98,True,0.70956,0.7566,cusum,,,True,positive,86,0,0.244,2.4872,
86,60,True,0.69512,0.6878,cusum,,,True,positive,86,0,0.2448,2.2733,
86,35,True,0.8651,1.497,cusum,,,True,positive,86,0,0.2493,2.2582,
86,95,True,0.808418,1.2272,none,,,False,,86,0,0.2448,2.127,
86,48,True,0.748681,0.9428,none,,,False,,86,0,0.2462,1.8024,
86,62,True,0.761607,1.0043,none,,,False,,86,0,0.245,1.6872,
86,44,True,0.615494,0.3088,none,,,False,,86,0,0.2657,1.6706,
86,55,True,0.797958,1.1774,none,,,False,,86,0,0.2456,1.6308,
86,36,True,0.596252,0.2172,none,,,False,,86,0,0.0453,0.6299,
86,10,True,0.621539,0.3375,none,,,False,,86,0,0.0557,0.5118,
86,73,True,0.64189,0.4344,none,,,False,,86,0,0.0906,0.5024,
86,64,True,0.48006,-0.3359,none,,,False,,86,0,0.0459,0.3882,
86,21,True,0.612349,0.2938,none,,,False,,86,0,0.2453,0.363,
86,46,True,0.632642,0.3904,none,,,False,,86,0,0.0425,0.2947,
86,9,True,0.556253,0.0268,none,,,False,,86,0,0.0445,0.243,
86,65,True,0.646173,0.4548,none,,,False,,86,0,0.0717,0.2264,
86,4,True,0.60888,0.2773,none,,,False,,86,0,0.0478,0.1378,
86,57,True,0.5578,0.0341,none,,,False,,86,0,0.0456,0.1073,
86,72,True,0.497585,-0.2525,none,,,False,,86,0,0.0445,0.1022,
86,28,True,0.359589,-0.9094,none,,,False,,86,0,0.045,0.068,
86,67,True,0.60619,0.2645,none,,,False,,86,0,0.0448,0.0579,
86,17,True,0.491372,-0.2821,none,,,False,,86,0,0.0748,-0.0126,
86,75,True,0.50074,-0.2375,none,,,False,,86,0,0.0504,-0.0249,
86,16,True,0.535048,-0.0742,none,,,False,,86,0,0.0448,-0.0316,
86,22,True,0.421689,-0.6138,none,,,False,,86,0,0.045,-0.0783,
86,90,True,0.54501,-0.0268,none,,,False,,86,0,0.0465,-0.0822,
86,51,True,0.514638,-0.1713,none,,,False,,86,0,0.2906,-0.1715,
86,80,True,0.575916,0.1204,none,,,False,,86,0,0.045,-0.275,
86,76,True,0.446916,-0.4937,none,,,False,,86,0,0.0448,-0.275,
86,96,True,0.496839,-0.2561,none,,,False,,86,0,0.0465,-0.2997,
86,49,True,0.344628,-0.9807,none,,,False,,86,0,0.3039,-0.3201,
86,6,True,0.303602,-1.176,none,,,False,,86,0,0.3381,-1.5302,
86,87,True,0.190818,-1.7129,cusum,,,True,negative,86,0,0.3381,-1.9365,
86,56,True,0.172068,-1.8021,none,,,False,,86,0,0.3339,-2.0349,
86,13,True,0.323269,-1.0823,cusum,,,True,negative,86,0,0.3299,-1.7228,
86,53,True,0.292888,-1.227,none,,,False,,86,0,0.3299,-1.5235,
86,24,True,0.265304,-1.3583,cusum,,,True,negative,86,0,0.311,-1.5753,
86,79,True,0.272,-1.3264,none,,,False,,86,0,0.311,-2.3013,
86,41,True,0.487371,-0.3011,cusum,,,True,negative,86,0,0.3039,-0.9771,
86,32,True,0.411744,-0.6612,none,,,False,,86,0,0.2901,-1.5246,
86,91,True,0.444762,-0.504,none,,,False,,86,0,0.2882,-1.1121,
86,3,True,0.122191,-2.0395,none,,,False,,86,0,0.287,-2.3771,
86,8,True,0.298109,-1.2021,none,,,False,,86,0,0.287,-1.0316,
86,27,True,0.305688,-1.166,none,,,False,,86,0,0.287,-0.9809,
87,25,True,1.4691,3.0,none,,,False,,87,0,0.3116,4.0962,
87,39,True,1.486581,3.0,cusum,,,True,positive,87,0,0.245,4.0585,
87,93,True,0.959989,1.7501,cusum,,,True,positive,87,0,0.2439,3.1044,
87,94,True,1.01977,1.9871,cusum,,,True,positive,87,0,0.2481,3.0555,
87,70,True,0.948956,1.7063,cusum,,,True,positive,87,0,0.2444,2.9085,
87,40,True,0.844081,1.2904,none,,,False,,87,0,0.2562,2.5596,
87,95,True,0.776936,1.0242,cusum,,,True,positive,87,0,0.2444,2.3388,
87,98,True,0.827892,1.2262,none,,,False,,87,0,0.2437,2.3133,
87,35,True,0.90558,1.5343,none,,,False,,87,0,0.2488,2.1282,
87,48,True,0.693205,0.6921,cusum,,,True,positive,87,0,0.2459,1.9657,
87,60,True,0.863635,1.368,none,,,False,,87,0,0.2444,1.9315,
87,62,True,0.747999,0.9094,none,,,False,,87,0,0.2447,1.7957,
87,55,True,0.773996,1.0125,none,,,False,,87,0,0.2453,1.7289,
87,44,True,0.560325,0.1652,none,,,False,,87,0,0.2638,1.5397,
87,36,True,0.451369,-0.2669,none,,,False,,87,0,0.045,0.5604,
87,10,True,0.675333,0.6212,none,,,False,,87,0,0.0551,0.474,
87,4,True,0.263257,-1.0129,none,,,False,,87,0,0.0474,0.468,
87,73,True,0.691739,0.6863,none,,,False,,87,0,0.0882,0.4189,
87,46,True,0.36117,-0.6246,none,,,False,,87,0,0.0422,0.356,
87,65,True,0.512832,-0.0232,none,,,False,,87,0,0.0697,0.261,
87,21,True,0.486604,-0.1272,none,,,False,,87,0,0.245,0.2006,
87,57,True,0.507832,-0.043,none,,,False,,87,0,0.0453,0.1695,
87,67,True,0.602154,0.331,none,,,False,,87,0,0.0444,0.1501,
87,64,True,0.615756,0.385,none,,,False,,87,0,0.0456,0.1351,
87,9,True,0.554031,0.1402,none,,,False,,87,0,0.0442,0.115,
87,90,True,0.473836,-0.1778,none,,,False,,87,0,0.0462,0.0479,
87,16,True,0.524519,0.0232,none,,,False,,87,0,0.0444,-0.0145,
87,80,True,0.463557,-0.2186,none,,,False,,87,0,0.0447,-0.0975,
87,17,True,0.581149,0.2477,none,,,False,,87,0,0.0727,-0.103,
87,75,True,0.547373,0.1138,none,,,False,,87,0,0.05,-0.1308,
87,28,True,0.621101,0.4062,none,,,False,,87,0,0.0447,-0.1945,
87,51,True,0.343997,-0.6927,none,,,False,,87,0,0.2882,-0.1998,
87,72,True,0.677154,0.6285,none,,,False,,87,0,0.0442,-0.2189,
87,96,True,0.469414,-0.1954,none,,,False,,87,0,0.0462,-0.2534,
87,22,True,0.355285,-0.6479,none,,,False,,87,0,0.0447,-0.2578,
87,76,True,0.472972,-0.1812,none,,,False,,87,0,0.0444,-0.3842,
87,43,True,0.548658,0.1189,none,,,False,,87,0,0.0588,-0.4653,
87,6,True,0.347793,-0.6777,none,,,False,,87,0,0.3344,-1.5838,
87,87,True,0.268003,-0.9941,none,,,False,,87,0,0.3344,-2.1098,
87,56,True,0.241852,-1.0978,cusum,,,True,negative,87,0,0.3304,-2.0345,
87,13,True,0.333795,-0.7332,none,,,False,,87,0,0.3264,-1.7069,
87,53,True,0.349387,-0.6713,cusum,,,True,negative,87,0,0.3264,-1.6392,
87,24,True,0.320248,-0.7869,none,,,False,,87,0,0.3081,-1.7077,
87,79,True,0.214564,-1.206,none,,,False,,87,0,0.3081,-2.3597,
87,41,True,0.454892,-0.2529,none,,,False,,87,0,0.3013,-0.9187,
87,49,True,0.366886,-0.6019,cusum,,,True,negative,87,0,0.3013,-0.9536,
87,92,True,0.259365,-1.0283,none,,,False,,87,0,0.2918,-1.3495,
87,54,True,0.435198,-0.331,none,,,False,,87,0,0.2889,-0.8711,
87,33,True,0.27368,-0.9716,none,,,False,,87,0,0.2878,-1.1782,
87,61,True,0.320553,-0.7857,none,,,False,,87,0,0.2878,-1.4382,
88,25,True,1.62686,3.0,cusum,,,True,positive,88,0,0.3088,4.0945,
88,39,True,1.485817,3.0,none,,,False,,88,0,0.2447,4.0581,
88,93,True,1.036412,2.1719,none,,,False,,88,0,0.2436,3.0584,
88,94,True,0.975088,1.8981,none,,,False,,88,0,0.2477,3.0364,
88,70,True,1.102761,2.4682,none,,,False,,88,0,0.2441,2.9628,
88,40,True,0.900209,1.5637,cusum,,,True,positive,88,0,0.2556,2.4538,
88,98,True,0.820625,1.2083,none,,,False,,88,0,0.2434,2.3506,
88,35,True,0.836723,1.2802,none,,,False,,88,0,0.2484,2.3131,
88,95,True,0.789247,1.0682,none,,,False,,88,0,0.2441,2.2731,
88,60,True,0.675207,0.559,none,,,False,,88,0,0.2441,2.1405,
88,62,True,0.753923,0.9105,none,,,False,,88,0,0.2444,2.0555,
88,48,True,0.678622,0.5742,none,,,False,,88,0,0.2455,1.9477,
88,55,True,0.746927,0.8792,none,,,False,,88,0,0.2449,1.7608,
88,44,True,0.662184,0.5008,none,,,False,,88,0,0.2619,1.376,
88,10,True,0.609759,0.2667,none,,,False,,88,0,0.0545,0.6352,
88,73,True,0.427509,-0.5471,none,,,False,,88,0,0.0859,0.6307,
88,64,True,0.611193,0.2731,none,,,False,,88,0,0.0452,0.2857,
88,36,True,0.542207,-0.0349,none,,,False,,88,0,0.0447,0.2811,
88,67,True,0.408095,-0.6338,none,,,False,,88,0,0.0441,0.1902,
88,46,True,0.745893,0.8746,none,,,False,,88,0,0.0419,0.1505,
88,9,True,0.594385,0.1981,none,,,False,,88,0,0.0439,0.1278,
88,57,True,0.554963,0.022,none,,,False,,88,0,0.0449,0.1247,
88,65,True,0.557552,0.0336,none,,,False,,88,0,0.0677,0.1154,
88,17,True,0.531736,-0.0817,none,,,False,,88,0,0.0707,0.0904,
88,16,True,0.590742,0.1818,none,,,False,,88,0,0.0441,0.0467,
88,21,True,0.721033,0.7636,none,,,False,,88,0,0.2447,0.0153,
88,72,True,0.575057,0.1117,none,,,False,,88,0,0.0439,-0.006,
88,90,True,0.565732,0.0701,none,,,False,,88,0,0.0458,-0.0148,
88,4,True,0.418724,-0.5864,none,,,False,,88,0,0.0471,-0.028,
88,75,True,0.545104,-0.022,none,,,False,,88,0,0.0495,-0.0347,
88,80,True,0.568868,0.0841,none,,,False,,88,0,0.0444,-0.0528,
88,28,True,0.44407,-0.4732,none,,,False,,88,0,0.0444,-0.0974,
88,43,True,0.424922,-0.5587,none,,,False,,88,0,0.0503,-0.1214,
88,76,True,0.452498,-0.4355,none,,,False,,88,0,0.0441,-0.1578,
88,96,True,0.389885,-0.7151,none,,,False,,88,0,0.0458,-0.2157,
88,51,True,0.452344,-0.4362,none,,,False,,88,0,0.2859,-0.3137,
88,91,True,0.476047,-0.3304,none,,,False,,88,0,0.2867,-0.4389,
88,6,True,0.339983,-0.938,none,,,False,,88,0,0.3309,-1.3514,
88,87,True,0.271345,-1.2445,none,,,False,,88,0,0.3309,-1.8344,
88,56,True,0.248904,-1.3447,none,,,False,,88,0,0.327,-1.8686,
88,13,True,0.169661,-1.6986,none,,,False,,88,0,0.3231,-1.5438,
88,53,True,0.294699,-1.1402,none,,,False,,88,0,0.3231,-1.4272,
88,24,True,0.255857,-1.3137,none,,,False,,88,0,0.3053,-1.5384,
88,79,True,0.069718,-2.1449,cusum,,,True,negative,88,0,0.3053,-1.7633,
88,41,True,0.484142,-0.2942,none,,,False,,88,0,0.2987,-0.7807,
88,49,True,0.410692,-0.6222,none,,,False,,88,0,0.2987,-1.029,
88,68,True,0.129443,-1.8782,none,,,False,,88,0,0.2896,-2.3204,
88,34,True,0.304223,-1.0977,none,,,False,,88,0,0.2886,-1.6419,
88,85,True,0.324656,-1.0064,none,,,False,,88,0,0.2886,-1.3972,
88,47,True,0.299666,-1.118,none,,,False,,88,0,0.2858,-0.6564,
89,25,True,1.521553,3.0,none,,,False,,89,0,0.306,4.0928,
89,39,True,1.741444,3.0,cusum,,,True,positive,89,0,0.2443,4.0577,
89,93,True,0.985556,2.0356,cusum,,,True,positive,89,0,0.2433,2.9929,
89,70,True,0.865194,1.4709,cusum,,,True,positive,89,0,0.2438,2.9029,
89,94,True,1.014016,2.1691,cusum,,,True,positive,89,0,0.2473,2.8185,
89,40,True,0.955045,1.8925,none,,,False,,89,0,0.255,2.5021,
89,35,True,0.846513,1.3832,cusum,,,True,positive,89,0,0.248,2.5002,
89,95,True,0.790161,1.1188,none,,,False,,89,0,0.2438,2.1635,
89,98,True,0.863548,1.4631,none,,,False,,89,0,0.2431,2.1196,
89,62,True,0.662856,0.5215,cusum,,,True,positive,89,0,0.2441,1.9988,
89,60,True,0.794625,1.1398,none,,,False,,89,0,0.2438,1.9286,
89,48,True,0.736073,0.865,none,,,False,,89,0,0.2452,1.7953,
89,44,True,0.646885,0.4466,none,,,False,,89,0,0.2601,1.4003,
89,55,True,0.70593,0.7236,none,,,False,,89,0,0.2446,1.0812,
89,10,True,0.601697,0.2345,none,,,False,,89,0,0.0539,0.4799,
89,21,True,0.690673,0.652,none,,,False,,89,0,0.2443,0.3678,
89,73,True,0.561083,0.044,none,,,False,,89,0,0.0836,0.2745,
89,46,True,0.596704,0.2111,none,,,False,,89,0,0.0417,0.2674,
89,65,True,0.587185,0.1664,none,,,False,,89,0,0.0658,0.2322,
89,72,True,0.555182,0.0163,none,,,False,,89,0,0.0436,0.2192,
89,9,True,0.601444,0.2333,none,,,False,,89,0,0.0436,0.1783,
89,64,True,0.564143,0.0583,none,,,False,,89,0,0.0449,0.1659,
89,16,True,0.523609,-0.1319,none,,,False,,89,0,0.0438,0.1006,
89,57,True,0.633027,0.3815,none,,,False,,89,0,0.0446,0.0625,
89,80,True,0.506099,-0.214,none,,,False,,89,0,0.0441,0.0527,
89,67,True,0.533787,-0.0841,none,,,False,,89,0,0.0438,0.0442,
89,17,True,0.499651,-0.2443,none,,,False,,89,0,0.0687,0.0394,
89,36,True,0.662232,0.5186,none,,,False,,89,0,0.0443,0.0295,
89,75,True,0.478588,-0.3431,none,,,False,,89,0,0.0491,0.016,
89,90,True,0.51561,-0.1694,none,,,False,,89,0,0.0455,0.0145,
89,28,True,0.558017,0.0296,none,,,False,,89,0,0.0441,-0.2681,
89,43,True,0.464721,-0.4082,none,,,False,,89,0,0.0499,-0.3127,
89,76,True,0.512504,-0.184,none,,,False,,89,0,0.0438,-0.3132,
89,96,True,0.462271,-0.4197,none,,,False,,89,0,0.0455,-0.3295,
89,51,True,0.441936,-0.5151,none,,,False,,89,0,0.0836,-0.3501,
89,4,True,0.548244,-0.0163,none,,,False,,89,0,0.0467,-0.3796,
89,91,True,0.400557,-0.7092,none,,,False,,89,0,0.2806,-0.4096,
89,47,True,0.333628,-1.0233,cusum,,,True,negative,89,0,0.3577,-1.4203,
89,6,True,0.332155,-1.0302,cusum,,,True,negative,89,0,0.3275,-1.3263,
89,87,True,0.242068,-1.4529,cusum,,,True,negative,89,0,0.3275,-1.7129,
89,56,True,0.146353,-1.902,none,,,False,,89,0,0.3237,-1.8128,
89,13,True,0.260327,-1.3672,cusum,,,True,negative,89,0,0.32,-1.5714,
89,53,True,0.312637,-1.1218,none,,,False,,89,0,0.32,-1.4128,
89,24,True,0.274266,-1.3018,cusum,,,True,negative,89,0,0.3027,-1.5617,
89,79,True,0.150479,-1.8826,none,,,False,,89,0,0.3027,-1.9678,
89,41,True,0.488359,-0.2973,none,,,False,,89,0,0.2961,-0.6944,
89,49,True,0.403169,-0.697,none,,,False,,89,0,0.2961,-1.1466,
89,29,True,0.312023,-1.1246,none,,,False,,89,0,0.2903,-1.2798,
89,63,True,0.242399,-1.4513,none,,,False,,89,0,0.2903,-2.1433,
89,99,True,0.073755,-2.2426,none,,,False,,89,0,0.2903,-1.9685,
90,25,True,1.514574,3.0,cusum,,,True,positive,90,0,0.3033,4.0913,
90,39,True,1.74654,3.0,none,,,False,,90,0,0.244,4.0574,
90,94,True,1.033907,2.1753,none,,,False,,90,0,0.247,3.0797,
90,93,True,0.963918,1.8884,none,,,False,,90,0,0.243,3.0418,
90,70,True,0.915192,1.6887,none,,,False,,90,0,0.2435,2.9384,
90,40,True,0.851478,1.4275,cusum,,,True,positive,90,0,0.2544,2.6544,
90,35,True,0.825131,1.3195,none,,,False,,90,0,0.2476,2.4617,
90,98,True,0.866623,1.4896,cusum,,,True,positive,90,0,0.2428,2.3548,
90,95,True,0.802932,1.2285,none,,,False,,90,0,0.2435,2.127,
90,60,True,0.727943,0.9211,cusum,,,True,positive,90,0,0.2435,2.0788,
90,55,True,0.718609,0.8828,cusum,,,True,positive,90,0,0.2443,1.9295,
90,62,True,0.578481,0.3084,none,,,False,,90,0,0.2438,1.8374,
90,48,True,0.708096,0.8397,none,,,False,,90,0,0.2449,1.769,
90,21,True,0.670237,0.6845,none,,,False,,90,0,0.244,0.4868,
90,44,True,0.710765,0.8507,none,,,False,,90,0,0.2583,0.4454,
90,10,True,0.633873,0.5355,none,,,False,,90,0,0.0534,0.4449,
90,72,True,0.557206,0.2212,none,,,False,,90,0,0.0433,0.3084,
90,64,True,0.56297,0.2448,none,,,False,,90,0,0.0446,0.2969,
90,9,True,0.353671,-0.6132,none,,,False,,90,0,0.0433,0.2468,
90,46,True,0.616362,0.4637,none,,,False,,90,0,0.0414,0.2073,
90,57,True,0.555126,0.2127,none,,,False,,90,0,0.0443,0.1779,
90,73,True,0.497243,-0.0246,none,,,False,,90,0,0.0814,0.1432,
90,65,True,0.579989,0.3146,none,,,False,,90,0,0.0639,0.1352,
90,36,True,0.682543,0.735,none,,,False,,90,0,0.044,0.1296,
90,16,True,0.418986,-0.3454,none,,,False,,90,0,0.0435,0.081,
90,17,True,0.497637,-0.023,none,,,False,,90,0,0.0668,0.0511,
90,28,True,0.521239,0.0738,none,,,False,,90,0,0.0438,0.0445,
90,75,True,0.383713,-0.49,none,,,False,,90,0,0.0487,-0.0198,
90,90,True,0.480924,-0.0915,none,,,False,,90,0,0.0451,-0.0334,
90,80,True,0.50549,0.0092,none,,,False,,90,0,0.0438,-0.0592,
90,67,True,0.397792,-0.4323,none,,,False,,90,0,0.0435,-0.0724,
90,76,True,0.497104,-0.0252,none,,,False,,90,0,0.0435,-0.2103,
90,43,True,0.336115,-0.6851,none,,,False,,90,0,0.0495,-0.2176,
90,96,True,0.514599,0.0465,none,,,False,,90,0,0.0451,-0.3845,
90,91,True,0.335654,-0.687,none,,,False,,90,0,0.2784,-0.4334,
90,22,True,0.501004,-0.0092,none,,,False,,90,0,0.0521,-0.4467,
90,51,True,0.478087,-0.1031,none,,,False,,90,0,0.0814,-0.4658,
90,47,True,0.389304,-0.4671,none,,,False,,90,0,0.3532,-1.3678,
90,6,True,0.341159,-0.6644,none,,,False,,90,0,0.3242,-1.2799,
90,87,True,0.266285,-0.9714,none,,,False,,90,0,0.3242,-1.6284,
90,56,True,0.190648,-1.2814,cusum,,,True,negative,90,0,0.3206,-1.8481,
90,13,True,0.262932,-0.9851,none,,,False,,90,0,0.317,-1.6682,
90,53,True,0.132808,-1.5185,none,,,False,,90,0,0.317,-1.3797,
90,24,True,0.289283,-0.8771,none,,,False,,90,0,0.3001,-1.5443,
90,79,True,0.133865,-1.5142,cusum,,,True,negative,90,0,0.3001,-2.1547,
90,41,True,0.454948,-0.198,none,,,False,,90,0,0.2937,-0.6944,
90,49,True,0.457338,-0.1882,none,,,False,,90,0,0.2937,-1.0533,
90,74,True,0.221221,-1.1561,none,,,False,,90,0,0.291,-1.8375,
90,82,True,0.256184,-1.0128,none,,,False,,90,0,0.291,-1.2031,
90,32,True,0.364632,-0.5682,none,,,False,,90,0,0.2901,-0.9938,
91,25,True,1.516059,3.0,none,,,False,,91,0,0.3008,4.0898,
91,39,True,1.714381,3.0,cusum,,,True,positive,91,0,0.2437,4.057,
91,94,True,0.99598,1.8042,cusum,,,True,positive,91,0,0.2466,3.1419,
91,93,True,1.015864,1.884,cusum,,,True,positive,91,0,0.2427,3.0875,
91,70,True,1.059871,2.0608,cusum,,,True,positive,91,0,0.2432,2.9322,
91,40,True,0.898534,1.4128,none,,,False,,91,0,0.2538,2.6993,
91,98,True,0.803217,1.03,none,,,False,,91,0,0.2425,2.4422,
91,35,True,0.879428,1.3361,none,,,False,,91,0,0.2473,2.3897,
91,95,True,0.762649,0.8671,cusum,,,True,positive,91,0,0.2432,2.1948,
91,60,True,0.757869,0.8479,none,,,False,,91,0,0.2432,1.9295,
91,55,True,0.762914,0.8681,none,,,False,,91,0,0.244,1.8859,
91,48,True,0.719759,0.6948,none,,,False,,91,0,0.2445,1.8178,
91,62,True,0.709471,0.6535,none,,,False,,91,0,0.2435,1.6367,
91,21,True,0.539444,-0.0294,none,,,False,,91,0,0.0437,0.757,
91,44,True,0.747221,0.8051,none,,,False,,91,0,0.2565,0.6731,
91,46,True,0.58983,0.173,none,,,False,,91,0,0.0412,0.5698,
91,36,True,0.675237,0.516,none,,,False,,91,0,0.0437,0.4632,
91,10,True,0.667243,0.4839,none,,,False,,91,0,0.0529,0.4156,
91,57,True,0.590556,0.1759,none,,,False,,91,0,0.044,0.2628,
91,64,True,0.523943,-0.0916,none,,,False,,91,0,0.0443,0.2498,
91,65,True,0.373183,-0.6971,none,,,False,,91,0,0.0621,0.2469,
91,72,True,0.707427,0.6453,none,,,False,,91,0,0.043,0.1723,
91,80,True,0.519468,-0.1096,none,,,False,,91,0,0.0435,0.0164,
91,9,True,0.618304,0.2873,none,,,False,,91,0,0.043,-0.0047,
91,90,True,0.577412,0.1231,none,,,False,,91,0,0.0448,-0.0051,
91,17,True,0.530995,-0.0633,none,,,False,,91,0,0.0649,-0.0401,
91,16,True,0.56125,0.0582,none,,,False,,91,0,0.0432,-0.0422,
91,28,True,0.538266,-0.0341,none,,,False,,91,0,0.0435,-0.0667,
91,73,True,0.575617,0.1159,none,,,False,,91,0,0.0793,-0.0948,
91,76,True,0.520428,-0.1057,none,,,False,,91,0,0.0432,-0.1586,
91,41,True,0.464045,-0.3322,none,,,False,,91,0,0.2913,-0.1774,
91,75,True,0.51452,-0.1295,none,,,False,,91,0,0.0483,-0.2215,
91,51,True,0.431773,-0.4618,none,,,False,,91,0,0.0793,-0.2704,
91,96,True,0.546293,-0.0019,none,,,False,,91,0,0.0448,-0.3042,
91,67,True,0.535835,-0.0439,none,,,False,,91,0,0.0432,-0.3272,
91,22,True,0.547223,0.0019,none,,,False,,91,0,0.044,-0.3663,
91,32,True,0.383878,-0.6542,none,,,False,,91,0,0.2764,-0.4581,
91,4,True,0.58662,0.1601,none,,,False,,91,0,0.0501,-0.4779,
91,47,True,0.350776,-0.7871,none,,,False,,91,0,0.349,-1.2516,
91,6,True,0.300852,-0.9876,none,,,False,,91,0,0.3211,-1.2775,
91,87,True,0.185634,-1.4504,none,,,False,,91,0,0.3211,-1.6229,
91,56,True,0.145184,-1.6128,none,,,False,,91,0,0.3175,-1.9113,
91,13,True,0.263799,-1.1364,none,,,False,,91,0,0.3141,-1.7541,
91,53,True,0.282302,-1.0621,cusum,,,True,negative,91,0,0.3141,-1.6639,
91,24,True,0.266332,-1.1263,none,,,False,,91,0,0.2976,-1.5758,
91,79,True,0.248404,-1.1983,none,,,False,,91,0,0.2976,-2.2588,
91,3,True,0.129985,-1.6739,none,,,False,,91,0,0.2918,-2.0142,
91,27,True,0.360544,-0.7479,none,,,False,,91,0,0.2918,-1.5595,
91,49,True,0.384855,-0.6502,none,,,False,,91,0,0.2913,-0.9167,
91,61,True,0.32575,-0.8876,none,,,False,,91,0,0.2879,-0.8704,
92,25,True,1.578066,3.0,cusum,,,True,positive,92,0,0.2983,4.0884,
92,39,True,1.633255,3.0,none,,,False,,92,0,0.2434,4.0566,
92,94,True,0.916207,1.4914,none,,,False,,92,0,0.2462,3.1102,
92,93,True,0.924895,1.5256,none,,,False,,92,0,0.2425,2.9912,
92,70,True,1.004678,1.8397,none,,,False,,92,0,0.2429,2.796,
92,40,True,0.866288,1.2948,none,,,False,,92,0,0.2533,2.6483,
92,35,True,0.913664,1.4814,cusum,,,True,positive,92,0,0.2469,2.4078,
92,98,True,0.8959,1.4114,none,,,False,,92,0,0.2422,2.3825,
92,95,True,0.778354,0.9486,none,,,False,,92,0,0.2429,2.1274,
92,60,True,1.085989,2.1598,none,,,False,,92,0,0.2429,2.0255,
92,55,True,0.664029,0.4985,none,,,False,,92,0,0.2437,1.8818,
92,62,True,0.670246,0.523,none,,,False,,92,0,0.2432,1.5507,
92,48,True,0.692131,0.6091,none,,,False,,92,0,0.2442,0.8576,
92,44,True,0.569948,0.1281,none,,,False,,92,0,0.2549,0.7737,
92,36,True,0.418888,-0.4667,none,,,False,,92,0,0.0434,0.6465,
92,21,True,0.594505,0.2248,none,,,False,,92,0,0.0434,0.4923,
92,10,True,0.791638,1.0009,none,,,False,,92,0,0.0523,0.4873,
92,72,True,0.679112,0.5579,none,,,False,,92,0,0.0427,0.3498,
92,46,True,0.300105,-0.9344,none,,,False,,92,0,0.0409,0.3356,
92,57,True,0.578331,0.1611,none,,,False,,92,0,0.0437,0.3137,
92,64,True,0.60579,0.2692,none,,,False,,92,0,0.044,0.1279,
92,73,True,0.505769,-0.1246,none,,,False,,92,0,0.0772,0.1251,
92,28,True,0.53375,-0.0144,none,,,False,,92,0,0.0432,0.0793,
92,9,True,0.599953,0.2462,none,,,False,,92,0,0.0427,0.0247,
92,90,True,0.416825,-0.4748,none,,,False,,92,0,0.0445,0.0122,
92,65,True,0.625249,0.3458,none,,,False,,92,0,0.0603,0.0025,
92,17,True,0.69024,0.6017,none,,,False,,92,0,0.0631,-0.0348,
92,80,True,0.472006,-0.2575,none,,,False,,92,0,0.0432,-0.0486,
92,76,True,0.407467,-0.5116,none,,,False,,92,0,0.0429,-0.0491,
92,96,True,0.473332,-0.2523,none,,,False,,92,0,0.0445,-0.0669,
92,16,True,0.450984,-0.3403,none,,,False,,92,0,0.0429,-0.0838,
92,4,True,0.549404,0.0472,none,,,False,,92,0,0.0459,-0.0873,
92,67,True,0.549642,0.0481,none,,,False,,92,0,0.0429,-0.1309,
92,22,True,0.349507,-0.7398,none,,,False,,92,0,0.0437,-0.1614,
92,41,True,0.42805,-0.4306,none,,,False,,92,0,0.2891,-0.1913,
92,75,True,0.541086,0.0144,none,,,False,,92,0,0.0479,-0.2579,
92,51,True,0.527573,-0.0388,none,,,False,,92,0,0.0772,-0.2799,
92,49,True,0.446018,-0.3599,none,,,False,,92,0,0.2891,-0.4273,
92,47,True,0.183382,-1.3939,none,,,False,,92,0,0.345,-1.1444,
92,6,True,0.230372,-1.2089,none,,,False,,92,0,0.3181,-1.296,
92,87,True,0.289721,-0.9752,cusum,,,True,negative,92,0,0.3181,-1.6935,
92,56,True,0.202534,-1.3185,none,,,False,,92,0,0.3146,-2.0025,
92,13,True,0.275615,-1.0308,cusum,,,True,negative,92,0,0.3113,-1.5684,
92,53,True,0.316523,-0.8697,none,,,False,,92,0,0.3113,-1.6396,
92,24,True,0.225673,-1.2274,none,,,False,,92,0,0.2952,-1.5147,
92,79,True,0.325862,-0.8329,none,,,False,,92,0,0.2952,-1.9447,
92,92,True,0.255385,-1.1104,none,,,False,,92,0,0.2925,-1.7251,
92,34,True,0.301697,-0.9281,none,,,False,,92,0,0.2887,-1.0376,
92,85,True,0.324849,-0.8369,none,,,False,,92,0,0.2887,-0.8285,
92,68,True,0.180884,-1.4037,none,,,False,,92,0,0.2858,-1.6651,
93,25,True,1.466401,3.0,none,,,False,,93,0,0.2959,4.087,
93,39,True,1.710993,3.0,cusum,,,True,positive,93,0,0.2431,4.0563,
93,70,True,1.028627,2.0146,cusum,,,True,positive,93,0,0.2427,2.9186,
93,94,True,0.921553,1.5543,cusum,,,True,positive,93,0,0.2459,2.8838,
93,93,True,0.995533,1.8724,cusum,,,True,positive,93,0,0.2422,2.8209,
93,40,True,0.904264,1.48,cusum,,,True,positive,93,0,0.2528,2.4484,
93,35,True,0.71878,0.6826,none,,,False,,93,0,0.2465,2.4401,
93,60,True,0.779529,0.9438,cusum,,,True,positive,93,0,0.2427,2.3652,
93,98,True,0.857138,1.2774,cusum,,,True,positive,93,0,0.242,2.3649,
93,95,True,0.892965,1.4314,none,,,False,,93,0,0.2427,2.0703,
93,55,True,0.735038,0.7525,none,,,False,,93,0,0.2434,1.8064,
93,62,True,0.694623,0.5788,none,,,False,,93,0,0.2429,1.5509,
93,48,True,0.714987,0.6663,none,,,False,,93,0,0.2439,0.7719,
93,10,True,0.531678,-0.1217,none,,,False,,93,0,0.0518,0.7421,
93,44,True,0.530511,-0.1267,none,,,False,,93,0,0.2543,0.6668,
93,72,True,0.619044,0.2539,none,,,False,,93,0,0.0424,0.53,
93,21,True,0.699876,0.6014,none,,,False,,93,0,0.0431,0.3496,
93,36,True,0.573112,0.0564,none,,,False,,93,0,0.0431,0.3177,
93,17,True,0.314787,-1.0541,none,,,False,,93,0,0.0613,0.2463,
93,57,True,0.666323,0.4571,none,,,False,,93,0,0.0434,0.2398,
93,64,True,0.482859,-0.3315,none,,,False,,93,0,0.0436,0.1978,
93,4,True,0.62112,0.2628,none,,,False,,93,0,0.0456,0.1234,
93,73,True,0.598165,0.1641,none,,,False,,93,0,0.0752,0.068,
93,28,True,0.58321,0.0999,none,,,False,,93,0,0.0429,0.0643,
93,65,True,0.68553,0.5397,none,,,False,,93,0,0.0586,0.0615,
93,9,True,0.56322,0.0139,none,,,False,,93,0,0.0424,0.0287,
93,96,True,0.3498,-0.9035,none,,,False,,93,0,0.0442,-0.0115,
93,46,True,0.648656,0.3812,none,,,False,,93,0,0.0407,-0.0465,
93,80,True,0.565594,0.0241,none,,,False,,93,0,0.0429,-0.0634,
93,67,True,0.527234,-0.1408,none,,,False,,93,0,0.0427,-0.0871,
93,90,True,0.505867,-0.2326,none,,,False,,93,0,0.0442,-0.09,
93,51,True,0.379085,-0.7776,none,,,False,,93,0,0.0752,-0.1222,
93,75,True,0.563805,0.0164,none,,,False,,93,0,0.0475,-0.1392,
93,16,True,0.464565,-0.4102,none,,,False,,93,0,0.0427,-0.1536,
93,76,True,0.471553,-0.3801,none,,,False,,93,0,0.0427,-0.1586,
93,22,True,0.556745,-0.0139,none,,,False,,93,0,0.0434,-0.1924,
93,41,True,0.463393,-0.4152,none,,,False,,93,0,0.2868,-0.2369,
93,49,True,0.441442,-0.5096,none,,,False,,93,0,0.2868,-0.3161,
93,43,True,0.470172,-0.3861,none,,,False,,93,0,0.0565,-0.4861,
93,47,True,0.376888,-0.7871,none,,,False,,93,0,0.3412,-1.2709,
93,6,True,0.287932,-1.1695,cusum,,,True,negative,93,0,0.3152,-1.3574,
93,87,True,0.258663,-1.2953,none,,,False,,93,0,0.3152,-1.5361,
93,56,True,0.21162,-1.4976,cusum,,,True,negative,93,0,0.3118,-1.8098,
93,13,True,0.275791,-1.2217,none,,,False,,93,0,0.3085,-1.4579,
93,53,True,0.304504,-1.0983,none,,,False,,93,0,0.3085,-1.5573,
93,24,True,0.285837,-1.1785,cusum,,,True,negative,93,0,0.2928,-1.4912,
93,79,True,0.261424,-1.2835,cusum,,,True,negative,93,0,0.2928,-1.5961,
93,18,True,0.296759,-1.1316,none,,,False,,93,0,0.287,-0.8325,
93,63,True,0.196919,-1.5608,none,,,False,,93,0,0.2865,-1.6177,
93,99,True,0.090309,-2.0191,none,,,False,,93,0,0.2865,-2.5616,
94,25,True,1.630185,3.0,cusum,,,True,positive,94,0,0.2935,4.0857,
94,39,True,1.758338,3.0,none,,,False,,94,0,0.2429,4.0559,
94,70,True,1.041977,2.2553,none,,,False,,94,0,0.2424,3.0269,
94,93,True,1.042092,2.2558,none,,,False,,94,0,0.2419,2.8152,
94,94,True,1.035442,2.2267,none,,,False,,94,0,0.2456,2.6764,
94,40,True,0.940495,1.8117,none,,,False,,94,0,0.2523,2.4652,
94,60,True,0.841756,1.3801,none,,,False,,94,0,0.2424,2.3724,
94,98,True,0.846484,1.4007,none,,,False,,94,0,0.2417,2.2938,
94,35,True,0.848528,1.4097,none,,,False,,94,0,0.2462,2.2273,
94,95,True,0.776875,1.0965,none,,,False,,94,0,0.2424,2.1376,
94,55,True,0.699675,0.759,none,,,False,,94,0,0.2431,1.7626,
94,48,True,0.677128,0.6605,cusum,,,True,positive,94,0,0.2436,1.7137,
94,62,True,0.708114,0.7959,none,,,False,,94,0,0.2426,0.6406,
94,72,True,0.644757,0.519,none,,,False,,94,0,0.0421,0.5406,
94,10,True,0.683547,0.6885,none,,,False,,94,0,0.0514,0.5224,
94,44,True,0.61498,0.3888,none,,,False,,94,0,0.2537,0.3403,
94,21,True,0.482755,-0.1892,none,,,False,,94,0,0.0429,0.3215,
94,57,True,0.573436,0.2072,none,,,False,,94,0,0.0431,0.321,
94,9,True,0.603715,0.3396,none,,,False,,94,0,0.0421,0.2374,
94,4,True,0.620103,0.4112,none,,,False,,94,0,0.0453,0.216,
94,65,True,0.406482,-0.5226,none,,,False,,94,0,0.0569,0.1357,
94,73,True,0.632112,0.4637,none,,,False,,94,0,0.0733,0.1299,
94,36,True,0.614499,0.3867,none,,,False,,94,0,0.0429,0.0912,
94,28,True,0.568619,0.1861,none,,,False,,94,0,0.0426,0.0727,
94,75,True,0.510948,-0.0659,none,,,False,,94,0,0.0471,0.0292,
94,67,True,0.496281,-0.1301,none,,,False,,94,0,0.0424,0.0097,
94,64,True,0.624456,0.4302,none,,,False,,94,0,0.0434,0.0053,
94,80,True,0.519669,-0.0278,none,,,False,,94,0,0.0426,-0.0588,
94,46,True,0.66189,0.5939,none,,,False,,94,0,0.0404,-0.0743,
94,17,True,0.177469,-1.5236,none,,,False,,94,0,0.0596,-0.0982,
94,90,True,0.450585,-0.3298,none,,,False,,94,0,0.0439,-0.1374,
94,16,True,0.532398,0.0278,none,,,False,,94,0,0.0424,-0.1755,
94,22,True,0.493221,-0.1434,none,,,False,,94,0,0.0431,-0.1944,
94,76,True,0.460015,-0.2886,none,,,False,,94,0,0.0424,-0.2773,
94,41,True,0.493663,-0.1415,none,,,False,,94,0,0.2847,-0.3105,
94,96,True,0.491011,-0.1531,none,,,False,,94,0,0.0439,-0.3286,
94,51,True,0.443325,-0.3615,none,,,False,,94,0,0.0733,-0.348,
94,49,True,0.454735,-0.3117,none,,,False,,94,0,0.2847,-0.4244,
94,43,True,0.448376,-0.3395,none,,,False,,94,0,0.0485,-0.4291,
94,18,True,0.330519,-0.8546,cusum,,,True,negative,94,0,0.3546,-1.3757,
94,47,True,0.364908,-0.7043,cusum,,,True,negative,94,0,0.3375,-1.3803,
94,6,True,0.328668,-0.8627,none,,,False,,94,0,0.3124,-1.5275,
94,87,True,0.241122,-1.2454,none,,,False,,94,0,0.3124,-1.6458,
94,56,True,0.185728,-1.4875,none,,,False,,94,0,0.3091,-1.8834,
94,13,True,0.262599,-1.1515,none,,,False,,94,0,0.3059,-1.5383,
94,53,True,0.309747,-0.9454,none,,,False,,94,0,0.3059,-1.4187,
94,24,True,0.30599,-0.9619,none,,,False,,94,0,0.2905,-1.5929,
94,79,True,0.237613,-1.2607,none,,,False,,94,0,0.2905,-1.5204,
94,74,True,0.194185,-1.4506,none,,,False,,94,0,0.2873,-1.2647,
94,3,True,0.152074,-1.6346,none,,,False,,94,0,0.2835,-2.3887,
95,25,True,1.617271,3.0,none,,,False,,95,0,0.2913,4.0845,
95,39,True,1.722842,3.0,cusum,,,True,positive,95,0,0.2426,4.0556,
95,70,True,1.051479,2.0287,cusum,,,True,positive,95,0,0.2421,3.0914,
95,93,True,0.956959,1.6539,cusum,,,True,positive,95,0,0.2416,2.9388,
95,94,True,0.988672,1.7797,cusum,,,True,positive,95,0,0.2452,2.8168,
95,40,True,0.898445,1.422,cusum,,,True,positive,95,0,0.2518,2.5975,
95,60,True,0.810023,1.0714,none,,,False,,95,0,0.2421,2.5495,
95,98,True,0.715334,0.696,none,,,False,,95,0,0.2414,2.4171,
95,35,True,0.8357,1.1732,cusum,,,True,positive,95,0,0.2458,2.2514,
95,95,True,0.759978,0.873,cusum,,,True,positive,95,0,0.2421,2.2137,
95,48,True,0.706433,0.6607,none,,,False,,95,0,0.2433,1.7019,
95,55,True,0.719705,0.7133,none,,,False,,95,0,0.2428,0.7259,
95,62,True,0.732709,0.7649,none,,,False,,95,0,0.2423,0.6878,
95,10,True,0.700453,0.637,none,,,False,,95,0,0.0509,0.59,
95,72,True,0.424649,-0.4564,none,,,False,,95,0,0.0419,0.4981,
95,57,True,0.484198,-0.2204,none,,,False,,95,0,0.0428,0.331,
95,4,True,0.518723,-0.0835,none,,,False,,95,0,0.0449,0.2993,
95,21,True,0.713383,0.6883,none,,,False,,95,0,0.0426,0.2679,
95,9,True,0.497057,-0.1694,none,,,False,,95,0,0.0419,0.2545,
95,73,True,0.581957,0.1672,none,,,False,,95,0,0.0714,0.2449,
95,44,True,0.547607,0.031,none,,,False,,95,0,0.0532,0.2008,
95,65,True,0.760443,0.8748,none,,,False,,95,0,0.0553,0.1931,
95,64,True,0.573705,0.1345,none,,,False,,95,0,0.0431,0.1789,
95,28,True,0.451469,-0.3501,none,,,False,,95,0,0.0423,0.1457,
95,46,True,0.679153,0.5526,none,,,False,,95,0,0.0402,0.0657,
95,75,True,0.516513,-0.0922,none,,,False,,95,0,0.0468,0.0499,
95,36,True,0.608601,0.2728,none,,,False,,95,0,0.0426,0.0477,
95,67,True,0.542962,0.0126,none,,,False,,95,0,0.0421,-0.0194,
95,80,True,0.534754,-0.0199,none,,,False,,95,0,0.0423,-0.0319,
95,16,True,0.497194,-0.1688,none,,,False,,95,0,0.0421,-0.186,
95,22,True,0.536745,-0.012,none,,,False,,95,0,0.0428,-0.2432,
95,41,True,0.482558,-0.2269,none,,,False,,95,0,0.2826,-0.248,
95,90,True,0.547423,0.0303,none,,,False,,95,0,0.0436,-0.2888,
95,49,True,0.419319,-0.4776,none,,,False,,95,0,0.2826,-0.3126,
95,51,True,0.542814,0.012,none,,,False,,95,0,0.0714,-0.3155,
95,76,True,0.448627,-0.3614,none,,,False,,95,0,0.0421,-0.3386,
95,96,True,0.421283,-0.4698,none,,,False,,95,0,0.0436,-0.3793,
95,43,True,0.543272,0.0138,none,,,False,,95,0,0.0481,-0.4067,
95,91,True,0.446319,-0.3705,none,,,False,,95,0,0.0945,-0.4955,
95,18,True,0.297619,-0.9601,none,,,False,,95,0,0.3504,-1.3898,
95,47,True,0.305399,-0.9292,none,,,False,,95,0,0.3341,-1.3552,
95,6,True,0.291924,-0.9826,none,,,False,,95,0,0.3097,-1.4875,
95,87,True,0.256506,-1.1231,cusum,,,True,negative,95,0,0.3097,-1.5791,
95,56,True,0.205885,-1.3238,none,,,False,,95,0,0.3065,-1.8432,
95,13,True,0.303508,-0.9367,cusum,,,True,negative,95,0,0.3034,-1.5449,
95,53,True,0.232261,-1.2192,cusum,,,True,negative,95,0,0.3034,-1.3813,
95,24,True,0.277954,-1.038,none,,,False,,95,0,0.2883,-1.5393,
95,79,True,0.304532,-0.9327,none,,,False,,95,0,0.2883,-1.5424,
95,27,True,0.309606,-0.9125,none,,,False,,95,0,0.288,-0.9736,
95,92,True,0.136873,-1.5974,none,,,False,,95,0,0.2843,-1.2394,
96,25,True,1.514205,3.0,cusum,,,True,positive,96,0,0.2891,4.0833,
96,39,True,1.36319,3.0,none,,,False,,96,0,0.2423,4.0552,
96,70,True,0.902323,1.5372,none,,,False,,96,0,0.2418,3.1541,
96,93,True,0.979027,1.8971,none,,,False,,96,0,0.2414,2.9813,
96,94,True,0.971851,1.8634,none,,,False,,96,0,0.2449,2.9125,
96,40,True,0.87312,1.4001,none,,,False,,96,0,0.2513,2.6393,
96,95,True,0.831204,1.2035,none,,,False,,96,0,0.2418,2.1882,
96,60,True,0.924012,1.6389,none,,,False,,96,0,0.2418,2.1863,
96,98,True,0.793651,1.0273,none,,,False,,96,0,0.2412,2.1783,
96,35,True,0.907848,1.5631,none,,,False,,96,0,0.2455,2.1483,
96,55,True,0.611845,0.1742,cusum,,,True,positive,96,0,0.2425,1.7972,
96,48,True,0.692825,0.5542,none,,,False,,96,0,0.243,1.7188,
96,62,True,0.713816,0.6527,none,,,False,,96,0,0.2421,0.7681,
96,46,True,0.699458,0.5853,none,,,False,,96,0,0.0399,0.561,
96,10,True,0.752923,0.8362,none,,,False,,96,0,0.0504,0.4681,
96,21,True,0.651412,0.3599,none,,,False,,96,0,0.0423,0.422,
96,65,True,0.656468,0.3836,none,,,False,,96,0,0.0536,0.3688,
96,73,True,0.607466,0.1537,none,,,False,,96,0,0.0695,0.3413,
96,36,True,0.558876,-0.0743,none,,,False,,96,0,0.0423,0.2939,
96,4,True,0.534803,-0.1873,none,,,False,,96,0,0.0446,0.2554,
96,57,True,0.590551,0.0743,none,,,False,,96,0,0.0425,0.2036,
96,44,True,0.690384,0.5427,none,,,False,,96,0,0.0527,0.1677,
96,72,True,0.621346,0.2188,none,,,False,,96,0,0.0416,0.1597,
96,64,True,0.631834,0.268,none,,,False,,96,0,0.0428,0.1336,
96,9,True,0.602939,0.1324,none,,,False,,96,0,0.0416,0.1156,
96,80,True,0.503112,-0.336,none,,,False,,96,0,0.0421,0.047,
96,28,True,0.604042,0.1376,none,,,False,,96,0,0.0421,0.0335,
96,75,True,0.550775,-0.1123,none,,,False,,96,0,0.0464,0.0138,
96,22,True,0.42039,-0.7241,none,,,False,,96,0,0.0425,-0.0009,
96,67,True,0.59777,0.1082,none,,,False,,96,0,0.0418,-0.0315,
96,90,True,0.491593,-0.39,none,,,False,,96,0,0.0433,-0.1208,
96,16,True,0.541567,-0.1555,none,,,False,,96,0,0.0418,-0.1292,
96,43,True,0.551597,-0.1085,none,,,False,,96,0,0.0477,-0.1742,
96,41,True,0.498594,-0.3572,none,,,False,,96,0,0.0805,-0.1811,
96,76,True,0.504296,-0.3304,none,,,False,,96,0,0.0418,-0.2888,
96,51,True,0.428674,-0.6852,none,,,False,,96,0,0.0695,-0.2995,
96,49,True,0.304689,-1.267,none,,,False,,96,0,0.2805,-0.3529,
96,96,True,0.433251,-0.6638,none,,,False,,96,0,0.0433,-0.4522,
96,91,True,0.489187,-0.4013,none,,,False,,96,0,0.0777,-0.5099,
96,32,True,0.410208,-0.7719,none,,,False,,96,0,0.0923,-0.5488,
96,18,True,0.370958,-0.956,none,,,False,,96,0,0.3464,-1.3674,
96,47,True,0.340034,-1.1011,none,,,False,,96,0,0.3308,-1.2026,
96,6,True,0.333889,-1.13,none,,,False,,96,0,0.3071,-1.4137,
96,87,True,0.27223,-1.4193,none,,,False,,96,0,0.3071,-1.63,
96,56,True,0.185812,-1.8248,cusum,,,True,negative,96,0,0.304,-1.8465,
96,13,True,0.306512,-1.2584,none,,,False,,96,0,0.3009,-1.5149,
96,53,True,0.302286,-1.2783,none,,,False,,96,0,0.3009,-1.4992,
96,24,True,0.26883,-1.4352,none,,,False,,96,0,0.2862,-1.4773,
96,79,True,0.151883,-1.9839,cusum,,,True,negative,96,0,0.2862,-1.5768,
96,68,True,0.162056,-1.9362,none,,,False,,96,0,0.2859,-2.0417,
97,25,True,1.574858,3.0,none,,,False,,97,0,0.2869,4.0822,
97,39,True,1.747153,3.0,cusum,,,True,positive,97,0,0.242,4.0549,
97,94,True,0.979827,1.7005,cusum,,,True,positive,97,0,0.2446,3.0151,
97,70,True,0.829852,1.0931,cusum,,,True,positive,97,0,0.2416,2.9946,
97,93,True,1.037836,1.9355,cusum,,,True,positive,97,0,0.2411,2.9892,
97,40,True,0.891385,1.3423,none,,,False,,97,0,0.2508,2.612,
97,35,True,0.642705,0.3352,none,,,False,,97,0,0.2451,2.4413,
97,60,True,0.812396,1.0224,cusum,,,True,positive,97,0,0.2416,2.4177,
97,95,True,0.819434,1.0509,none,,,False,,97,0,0.2416,2.1119,
97,98,True,0.885121,1.317,cusum,,,True,positive,97,0,0.2409,2.0946,
97,10,True,0.748227,0.7626,cusum,,,True,positive,97,0,0.25,1.7868,
97,48,True,0.708778,0.6028,none,,,False,,97,0,0.2427,1.681,
97,55,True,0.726339,0.6739,none,,,False,,97,0,0.2423,1.6041,
97,62,True,0.664488,0.4234,none,,,False,,97,0,0.2418,0.7924,
97,46,True,0.732231,0.6978,none,,,False,,97,0,0.0397,0.6288,
97,44,True,0.671462,0.4517,none,,,False,,97,0,0.0521,0.3902,
97,21,True,0.578308,0.0744,none,,,False,,97,0,0.042,0.3412,
97,73,True,0.568304,0.0339,none,,,False,,97,0,0.0677,0.3369,
97,64,True,0.532447,-0.1113,none,,,False,,97,0,0.0425,0.3331,
97,65,True,0.574449,0.0588,none,,,False,,97,0,0.0531,0.316,
97,36,True,0.63321,0.2968,none,,,False,,97,0,0.042,0.25,
97,9,True,0.559574,-0.0015,none,,,False,,97,0,0.0413,0.1548,
97,72,True,0.678596,0.4806,none,,,False,,97,0,0.0413,0.1477,
97,4,True,0.590751,0.1248,none,,,False,,97,0,0.0443,0.1049,
97,57,True,0.603703,0.1772,none,,,False,,97,0,0.0423,0.0756,
97,67,True,0.509976,-0.2023,none,,,False,,97,0,0.0416,0.0511,
97,28,True,0.467813,-0.3731,none,,,False,,97,0,0.0418,0.0458,
97,75,True,0.560428,0.002,none,,,False,,97,0,0.0461,-0.0295,
97,16,True,0.520483,-0.1598,none,,,False,,97,0,0.0416,-0.0446,
97,80,True,0.485462,-0.3016,none,,,False,,97,0,0.0418,-0.0733,
97,43,True,0.40061,-0.6453,none,,,False,,97,0,0.0474,-0.0822,
97,41,True,0.50649,-0.2165,none,,,False,,97,0,0.0785,-0.1628,
97,90,True,0.560301,0.0015,none,,,False,,97,0,0.043,-0.1736,
97,22,True,0.336613,-0.9045,none,,,False,,97,0,0.0423,-0.238,
97,51,True,0.447183,-0.4566,none,,,False,,97,0,0.0677,-0.2695,
97,76,True,0.380511,-0.7267,none,,,False,,97,0,0.0416,-0.2726,
97,96,True,0.270592,-1.1718,none,,,False,,97,0,0.043,-0.3726,
97,91,True,0.489787,-0.2841,none,,,False,,97,0,0.0758,-0.4082,
97,17,True,0.402382,-0.6381,none,,,False,,97,0,0.067,-0.5857,
97,32,True,0.393252,-0.6751,none,,,False,,97,0,0.0758,-0.5867,
97,18,True,0.257146,-1.2263,none,,,False,,97,0,0.3427,-1.3118,
97,47,True,0.329378,-0.9338,none,,,False,,97,0,0.3276,-1.3095,
97,6,True,0.251947,-1.2473,cusum,,,True,negative,97,0,0.3046,-1.402,
97,87,True,0.292445,-1.0833,none,,,False,,97,0,0.3046,-1.6728,
97,56,True,0.181475,-1.5328,none,,,False,,97,0,0.3016,-1.957,
97,13,True,0.208094,-1.4249,none,,,False,,97,0,0.2986,-1.5285,
97,53,True,0.313466,-0.9982,none,,,False,,97,0,0.2986,-1.5606,
97,99,True,0.188307,-1.5051,none,,,False,,97,0,0.2866,-2.0381,
97,24,True,0.294783,-1.0739,cusum,,,True,negative,97,0,0.2841,-1.5639,
97,79,True,0.230057,-1.336,none,,,False,,97,0,0.2841,-1.8113,
98,25,True,1.596257,3.0,cusum,,,True,positive,98,0,0.2848,4.0811,
98,39,True,1.620876,3.0,none,,,False,,98,0,0.2418,4.0546,
98,93,True,0.973905,2.1575,none,,,False,,98,0,0.2409,2.8821,
98,94,True,1.01105,2.3456,none,,,False,,98,0,0.2443,2.8393,
98,70,True,0.864871,1.6054,none,,,False,,98,0,0.2413,2.6069,
98,40,True,0.932408,1.9474,cusum,,,True,positive,98,0,0.2503,2.455,
98,60,True,0.764382,1.0965,none,,,False,,98,0,0.2413,2.2982,
98,95,True,0.767522,1.1124,none,,,False,,98,0,0.2413,2.0964,
98,35,True,0.821466,1.3856,none,,,False,,98,0,0.2448,2.0828,
98,98,True,0.761588,1.0823,none,,,False,,98,0,0.2407,2.0664,
98,10,True,0.713462,0.8386,none,,,False,,98,0,0.2495,1.8109,
98,62,True,0.62569,0.3942,cusum,,,True,positive,98,0,0.2415,1.6679,
98,48,True,0.649372,0.5141,none,,,False,,98,0,0.2425,1.6615,
98,55,True,0.694348,0.7418,none,,,False,,98,0,0.242,1.5754,
98,46,True,0.613517,0.3325,none,,,False,,98,0,0.0395,0.6632,
98,65,True,0.669512,0.6161,none,,,False,,98,0,0.0526,0.5091,
98,21,True,0.426593,-0.6141,none,,,False,,98,0,0.0418,0.4287,
98,44,True,0.725257,0.8984,none,,,False,,98,0,0.0516,0.4105,
98,36,True,0.628216,0.4069,none,,,False,,98,0,0.0418,0.2197,
98,73,True,0.593242,0.2298,none,,,False,,98,0,0.066,0.1928,
98,64,True,0.442307,-0.5345,none,,,False,,98,0,0.0422,0.1523,
98,72,True,0.538897,-0.0454,none,,,False,,98,0,0.0411,0.1346,
98,57,True,0.617656,0.3535,none,,,False,,98,0,0.042,0.0653,
98,9,True,0.45815,-0.4543,none,,,False,,98,0,0.0411,0.0408,
98,67,True,0.5698,0.1111,none,,,False,,98,0,0.0413,0.0267,
98,4,True,0.566429,0.0941,none,,,False,,98,0,0.044,0.0091,
98,75,True,0.458969,-0.4501,none,,,False,,98,0,0.0457,-0.0073,
98,90,True,0.626916,0.4004,none,,,False,,98,0,0.0427,-0.0635,
98,16,True,0.521371,-0.1341,none,,,False,,98,0,0.0413,-0.1075,
98,28,True,0.556814,0.0454,none,,,False,,98,0,0.0415,-0.141,
98,80,True,0.534025,-0.07,none,,,False,,98,0,0.0415,-0.1649,
98,43,True,0.459553,-0.4472,none,,,False,,98,0,0.047,-0.1846,
98,41,True,0.457554,-0.4573,none,,,False,,98,0,0.0766,-0.1887,
98,91,True,0.403128,-0.7329,none,,,False,,98,0,0.0739,-0.2748,
98,51,True,0.487165,-0.3073,none,,,False,,98,0,0.066,-0.3021,
98,76,True,0.444864,-0.5216,none,,,False,,98,0,0.0413,-0.4189,
98,22,True,0.465421,-0.4174,none,,,False,,98,0,0.042,-0.492,
98,78,True,0.576297,0.144,none,,,False,,98,0,0.1369,-0.5993,
98,12,True,0.492589,-0.2799,none,,,False,,98,0,0.2025,-0.62,
98,32,True,0.333194,-1.0871,none,,,False,,98,0,0.0739,-0.6232,
98,18,True,0.325927,-1.1239,cusum,,,True,negative,98,0,0.3391,-1.4384,
98,47,True,0.373319,-0.8839,none,,,False,,98,0,0.3246,-1.388,
98,6,True,0.378494,-0.8577,none,,,False,,98,0,0.3022,-1.5316,
98,87,True,0.22956,-1.6119,cusum,,,True,negative,98,0,0.3022,-1.6202,
98,56,True,0.131212,-2.1099,cusum,,,True,negative,98,0,0.2992,-1.9734,
98,13,True,0.247004,-1.5235,cusum,,,True,negative,98,0,0.2962,-1.6209,
98,53,True,0.295549,-1.2777,cusum,,,True,negative,98,0,0.2962,-1.5795,
98,3,True,0.236879,-1.5748,none,,,False,,98,0,0.2873,-1.7046,
98,49,True,0.355222,-0.9755,none,,,False,,98,0,0.2829,-1.1063,
98,24,True,0.11214,-2.2065,none,,,False,,98,0,0.2821,-1.6023,
99,25,True,1.515046,3.0,none,,,False,,99,0,0.2828,4.0801,
99,39,True,1.576831,3.0,cusum,,,True,positive,99,0,0.2415,4.0542,
99,93,True,0.900313,1.5382,cusum,,,True,positive,99,0,0.2406,3.0497,
99,94,True,0.87794,1.436,cusum,,,True,positive,99,0,0.2439,3.0276,
99,40,True,0.844854,1.2848,none,,,False,,99,0,0.2499,2.6295,
99,70,True,1.003999,2.0119,none,,,False,,99,0,0.2411,2.4655,
99,60,True,0.767098,0.9296,none,,,False,,99,0,0.2411,2.3062,
99,98,True,0.823159,1.1857,none,,,False,,99,0,0.2404,2.1949,
99,95,True,0.840754,1.2661,cusum,,,True,positive,99,0,0.2411,2.1759,
99,35,True,0.915745,1.6087,cusum,,,True,positive,99,0,0.2445,2.1531,
99,10,True,0.462555,-0.4617,none,,,False,,99,0,0.2491,1.8776,
99,55,True,0.728245,0.7521,none,,,False,,99,0,0.2417,1.5845,
99,62,True,0.767395,0.9309,none,,,False,,99,0,0.2413,1.544,
99,44,True,0.706394,0.6523,none,,,False,,99,0,0.0512,0.699,
99,48,True,0.686001,0.5591,none,,,False,,99,0,0.2422,0.6122,
99,46,True,0.56127,-0.0107,none,,,False,,99,0,0.0393,0.5896,
99,65,True,0.620488,0.2598,none,,,False,,99,0,0.0521,0.4222,
99,72,True,0.714655,0.69,none,,,False,,99,0,0.0408,0.2713,
99,36,True,0.601735,0.1741,none,,,False,,99,0,0.0415,0.264,
99,57,True,0.589534,0.1184,none,,,False,,99,0,0.0417,0.2562,
99,73,True,0.655586,0.4201,none,,,False,,99,0,0.0642,0.2129,
99,4,True,0.503947,-0.2726,none,,,False,,99,0,0.0437,0.0679,
99,90,True,0.459343,-0.4764,none,,,False,,99,0,0.0424,0.0595,
99,67,True,0.515032,-0.222,none,,,False,,99,0,0.0411,0.0593,
99,21,True,0.71232,0.6793,none,,,False,,99,0,0.0415,-0.0057,
99,28,True,0.617753,0.2473,none,,,False,,99,0,0.0413,-0.0095,
99,9,True,0.596021,0.148,none,,,False,,99,0,0.0408,-0.0545,
99,64,True,0.619343,0.2546,none,,,False,,99,0,0.042,-0.0711,
99,16,True,0.565974,0.0107,none,,,False,,99,0,0.0411,-0.0962,
99,75,True,0.404089,-0.7288,none,,,False,,99,0,0.0454,-0.1271,
99,80,True,0.440639,-0.5619,none,,,False,,99,0,0.0413,-0.182,
99,41,True,0.437994,-0.5739,none,,,False,,99,0,0.0747,-0.2665,
99,43,True,0.522239,-0.1891,none,,,False,,99,0,0.0466,-0.3388,
99,91,True,0.481573,-0.3748,none,,,False,,99,0,0.0721,-0.3965,
99,51,True,0.465157,-0.4498,none,,,False,,99,0,0.0642,-0.4094,
99,76,True,0.480648,-0.3791,none,,,False,,99,0,0.0411,-0.4726,
99,78,True,0.436957,-0.5787,none,,,False,,99,0,0.0507,-0.5185,
99,31,True,0.448826,-0.5244,none,,,False,,99,0,0.136,-0.6272,
99,22,True,0.484086,-0.3634,none,,,False,,99,0,0.0417,-0.6274,
99,38,True,0.362028,-0.921,none,,,False,,99,0,0.2469,-0.6303,
99,18,True,0.348971,-0.9806,none,,,False,,99,0,0.3357,-1.4955,
99,47,True,0.286978,-1.2639,cusum,,,True,negative,99,0,0.3217,-1.3749,
99,6,True,0.361016,-0.9256,none,,,False,,99,0,0.2998,-1.4913,
99,87,True,0.228603,-1.5305,none,,,False,,99,0,0.2998,-1.7844,
99,56,True,0.259329,-1.3902,none,,,False,,99,0,0.2969,-2.2367,
99,13,True,0.259197,-1.3908,none,,,False,,99,0,0.294,-1.8178,
99,53,True,0.328692,-1.0733,none,,,False,,99,0,0.294,-1.6002,
99,79,True,0.275626,-1.3157,none,,,False,,99,0,0.2863,-1.8375,
99,26,True,1.682568,3.0,none,,,False,,99,0,0.2831,-0.7675,
99,89,True,0.417043,-0.6696,none,,,False,,99,0,0.2825,-0.83,
100,25,True,1.627332,3.0,cusum,,,True,positive,100,0,0.2808,4.0791,
100,39,True,1.703154,3.0,none,,,False,,100,0,0.2412,4.0539,
100,93,True,1.012073,1.8561,none,,,False,,100,0,0.2404,2.9298,
100,94,True,1.048261,1.9975,none,,,False,,100,0,0.2436,2.8847,
100,70,True,0.970513,1.6937,cusum,,,True,positive,100,0,0.2408,2.6234,
100,40,True,1.065743,2.0658,cusum,,,True,positive,100,0,0.2495,2.5905,
100,98,True,0.840661,1.1864,cusum,,,True,positive,100,0,0.2402,2.2474,
100,95,True,0.802221,1.0362,none,,,False,,100,0,0.2408,2.1964,
100,35,True,0.710415,0.6774,none,,,False,,100,0,0.2442,2.1679,
100,60,True,0.80017,1.0281,none,,,False,,100,0,0.2408,2.0695,
100,55,True,0.712739,0.6865,none,,,False,,100,0,0.2415,1.7768,
100,62,True,0.680305,0.5598,none,,,False,,100,0,0.241,1.6364,
100,26,True,1.618468,3.0,cusum,,,True,positive,100,0,0.3004,1.5162,
100,10,True,0.699732,0.6357,none,,,False,,100,0,0.2487,1.4444,
100,44,True,0.619805,0.3234,none,,,False,,100,0,0.0507,0.7349,
100,48,True,0.712734,0.6865,none,,,False,,100,0,0.2419,0.6135,
100,72,True,0.573742,0.1434,none,,,False,,100,0,0.0406,0.4281,
100,46,True,0.646888,0.4292,none,,,False,,100,0,0.039,0.3906,
100,65,True,0.708913,0.6716,none,,,False,,100,0,0.0516,0.3802,
100,36,True,0.562699,0.1002,none,,,False,,100,0,0.0412,0.3465,
100,73,True,0.413637,-0.4822,none,,,False,,100,0,0.0626,0.3009,
100,57,True,0.663012,0.4922,none,,,False,,100,0,0.0415,0.2706,
100,21,True,0.228399,-1.206,none,,,False,,100,0,0.0412,0.1005,
100,4,True,0.645358,0.4232,none,,,False,,100,0,0.0434,0.0391,
100,90,True,0.669296,0.5168,none,,,False,,100,0,0.0422,0.0304,
100,28,True,0.469747,-0.263,none,,,False,,100,0,0.041,0.0268,
100,16,True,0.536225,-0.0032,none,,,False,,100,0,0.0408,-0.0411,
100,9,True,0.584944,0.1872,none,,,False,,100,0,0.0406,-0.0496,
100,67,True,0.467742,-0.2708,none,,,False,,100,0,0.0408,-0.0511,
100,64,True,0.490843,-0.1805,none,,,False,,100,0,0.0417,-0.0759,
100,80,True,0.452733,-0.3294,none,,,False,,100,0,0.041,-0.2576,
100,51,True,0.454643,-0.322,none,,,False,,100,0,0.0626,-0.3317,
100,75,True,0.536555,-0.0019,none,,,False,,100,0,0.045,-0.333,
100,41,True,0.385977,-0.5903,none,,,False,,100,0,0.0729,-0.3396,
100,43,True,0.436065,-0.3946,none,,,False,,100,0,0.0463,-0.3661,
100,91,True,0.438379,-0.3855,none,,,False,,100,0,0.0703,-0.3886,
100,76,True,0.537537,0.0019,none,,,False,,100,0,0.0408,-0.4891,
100,22,True,0.528163,-0.0347,none,,,False,,100,0,0.0415,-0.5075,
100,78,True,0.509967,-0.1058,none,,,False,,100,0,0.0503,-0.5179,
100,38,True,0.228374,-1.2061,cusum,,,True,negative,100,0,0.361,-1.2045,
100,18,True,0.317687,-0.8571,none,,,False,,100,0,0.3325,-1.506,
100,47,True,0.325508,-0.8266,none,,,False,,100,0,0.3189,-1.4309,
100,6,True,0.336373,-0.7841,none,,,False,,100,0,0.2975,-1.4245,
100,87,True,0.265,-1.063,cusum,,,True,negative,100,0,0.2975,-1.8228,
100,56,True,0.242072,-1.1526,cusum,,,True,negative,100,0,0.2947,-2.0931,
100,13,True,0.275541,-1.0218,none,,,False,,100,0,0.2918,-1.8631,
100,53,True,0.253422,-1.1082,none,,,False,,100,0,0.2918,-1.5331,
100,68,True,0.190554,-1.3539,none,,,False,,100,0,0.286,-1.6622,
100,24,True,0.29913,-0.9296,none,,,False,,100,0,0.2843,-1.9928,
100,99,True,0.200649,-1.3144,none,,,False,,100,0,0.2825,-2.3451,
