round,client_id,selected,utility,normalized_utility,detector,cusum_pos,cusum_neg,change_detected,change_direction,last_seen,age,explore_score,exploit_score,final_score
1,60,True,0.547517,0.5475,none,,,False,,1,0,,,
1,45,True,0.192843,0.1928,none,,,False,,1,0,,,
1,50,True,0.137027,0.137,none,,,False,,1,0,,,
1,53,True,0.617765,0.6178,none,,,False,,1,0,,,
1,48,True,0.332772,0.3328,none,,,False,,1,0,,,
1,56,True,0.422162,0.4222,none,,,False,,1,0,,,
1,36,True,0.276289,0.2763,none,,,False,,1,0,,,
1,73,True,0.798598,0.7986,none,,,False,,1,0,,,
1,43,True,0.338068,0.3381,none,,,False,,1,0,,,
1,65,True,0.091842,0.0918,none,,,False,,1,0,,,
1,47,True,0.219986,0.22,none,,,False,,1,0,,,
1,79,True,0.104819,0.1048,none,,,False,,1,0,,,
1,61,True,0.523828,0.5238,none,,,False,,1,0,,,
1,76,True,0.355015,0.355,none,,,False,,1,0,,,
1,85,True,0.598985,0.599,none,,,False,,1,0,,,
1,84,True,0.630662,0.6307,none,,,False,,1,0,,,
1,49,True,0.298052,0.2981,none,,,False,,1,0,,,
1,10,True,0.09724,0.0972,none,,,False,,1,0,,,
1,58,True,0.176525,0.1765,none,,,False,,1,0,,,
1,90,True,0.761597,0.7616,none,,,False,,1,0,,,
1,87,True,0.360199,0.3602,none,,,False,,1,0,,,
1,33,True,0.393617,0.3936,none,,,False,,1,0,,,
1,22,True,0.84409,0.8441,none,,,False,,1,0,,,
1,93,True,0.196357,0.1964,none,,,False,,1,0,,,
1,46,True,0.524852,0.5249,none,,,False,,1,0,,,
1,31,True,0.093142,0.0931,none,,,False,,1,0,,,
1,44,True,0.499695,0.4997,none,,,False,,1,0,,,
1,59,True,0.301779,0.3018,none,,,False,,1,0,,,
1,35,True,0.567701,0.5677,none,,,False,,1,0,,,
1,41,True,0.523298,0.5233,none,,,False,,1,0,,,
1,40,True,0.1234,0.1234,none,,,False,,1,0,,,
1,86,True,0.11914,0.1191,none,,,False,,1,0,,,
1,37,True,0.43823,0.4382,none,,,False,,1,0,,,
1,92,True,0.176064,0.1761,none,,,False,,1,0,,,
1,71,True,0.272032,0.272,none,,,False,,1,0,,,
1,62,True,0.069057,0.0691,none,,,False,,1,0,,,
2,28,True,0.581675,0.5817,none,,,False,,2,0,,,
2,83,True,0.314944,0.3149,none,,,False,,2,0,,,
2,56,True,0.684516,0.6845,none,,,False,,2,0,,,
2,1,True,0.876779,0.8768,none,,,False,,2,0,,,
2,92,True,0.502742,0.5027,none,,,False,,2,0,,,
2,25,True,0.603676,0.6037,none,,,False,,2,0,,,
2,24,True,0.523508,0.5235,none,,,False,,2,0,,,
2,30,True,0.375709,0.3757,none,,,False,,2,0,,,
2,62,True,0.366975,0.367,none,,,False,,2,0,,,
2,37,True,0.418256,0.4183,none,,,False,,2,0,,,
2,99,True,0.331496,0.3315,none,,,False,,2,0,,,
2,64,True,0.389654,0.3897,none,,,False,,2,0,,,
2,2,True,0.834232,0.8342,none,,,False,,2,0,,,
2,90,True,0.616534,0.6165,none,,,False,,2,0,,,
2,35,True,0.558958,0.559,none,,,False,,2,0,,,
2,76,True,0.555558,0.5556,none,,,False,,2,0,,,
2,84,True,0.956081,0.9561,none,,,False,,2,0,,,
2,48,True,0.381097,0.3811,none,,,False,,2,0,,,
2,73,True,0.595385,0.5954,none,,,False,,2,0,,,
2,66,True,0.569637,0.5696,none,,,False,,2,0,,,
2,27,True,0.475166,0.4752,none,,,False,,2,0,,,
2,47,True,0.29686,0.2969,none,,,False,,2,0,,,
2,42,True,0.498519,0.4985,none,,,False,,2,0,,,
2,11,True,0.622568,0.6226,none,,,False,,2,0,,,
2,67,True,0.764985,0.765,none,,,False,,2,0,,,
2,72,True,1.016623,1.0166,none,,,False,,2,0,,,
2,17,True,0.313505,0.3135,none,,,False,,2,0,,,
2,81,True,0.428894,0.4289,none,,,False,,2,0,,,
2,85,True,0.646031,0.646,none,,,False,,2,0,,,
2,86,True,0.453222,0.4532,none,,,False,,2,0,,,
2,68,True,0.755227,0.7552,none,,,False,,2,0,,,
2,79,True,0.439394,0.4394,none,,,False,,2,0,,,
2,14,True,0.729802,0.7298,none,,,False,,2,0,,,
2,9,True,0.694399,0.6944,none,,,False,,2,0,,,
2,34,True,0.462495,0.4625,none,,,False,,2,0,,,
2,95,True,0.609987,0.61,none,,,False,,2,0,,,
3,18,True,0.422922,0.4229,none,,,False,,3,0,,,
3,49,True,0.409477,0.4095,none,,,False,,3,0,,,
3,24,True,0.577613,0.5776,none,,,False,,3,0,,,
3,78,True,0.383669,0.3837,none,,,False,,3,0,,,
3,80,True,0.391185,0.3912,none,,,False,,3,0,,,
3,93,True,0.442432,0.4424,none,,,False,,3,0,,,
3,58,True,0.720647,0.7206,none,,,False,,3,0,,,
3,89,True,0.487054,0.4871,none,,,False,,3,0,,,
3,65,True,0.488289,0.4883,none,,,False,,3,0,,,
3,66,True,0.643519,0.6435,none,,,False,,3,0,,,
3,85,True,0.616707,0.6167,none,,,False,,3,0,,,
3,8,True,0.456019,0.456,none,,,False,,3,0,,,
3,13,True,0.61003,0.61,none,,,False,,3,0,,,
3,27,True,0.544754,0.5448,none,,,False,,3,0,,,
3,75,True,1.24016,1.2402,none,,,False,,3,0,,,
3,5,True,0.184076,0.1841,none,,,False,,3,0,,,
3,29,True,0.366677,0.3667,none,,,False,,3,0,,,
3,30,True,0.286184,0.2862,none,,,False,,3,0,,,
3,37,True,0.539006,0.539,none,,,False,,3,0,,,
3,42,True,0.370848,0.3708,none,,,False,,3,0,,,
3,47,True,0.451187,0.4512,none,,,False,,3,0,,,
3,48,True,0.38475,0.3848,none,,,False,,3,0,,,
3,38,True,0.620584,0.6206,none,,,False,,3,0,,,
3,1,True,0.982979,0.983,none,,,False,,3,0,,,
3,44,True,0.597301,0.5973,none,,,False,,3,0,,,
3,88,True,0.607668,0.6077,none,,,False,,3,0,,,
3,50,True,0.531157,0.5312,none,,,False,,3,0,,,
3,61,True,0.923287,0.9233,none,,,False,,3,0,,,
3,3,True,0.435254,0.4353,none,,,False,,3,0,,,
3,6,True,0.43506,0.4351,none,,,False,,3,0,,,
3,12,True,0.502395,0.5024,none,,,False,,3,0,,,
3,63,True,0.499589,0.4996,none,,,False,,3,0,,,
3,14,True,0.963324,0.9633,none,,,False,,3,0,,,
3,87,True,0.365272,0.3653,none,,,False,,3,0,,,
3,79,True,0.468514,0.4685,none,,,False,,3,0,,,
3,15,True,0.66145,0.6614,none,,,False,,3,0,,,
4,29,True,0.348833,0.3488,none,,,False,,4,0,,,
4,61,True,0.707833,0.7078,none,,,False,,4,0,,,
4,67,True,0.736048,0.736,none,,,False,,4,0,,,
4,3,True,0.356682,0.3567,none,,,False,,4,0,,,
4,57,True,0.344216,0.3442,none,,,False,,4,0,,,
4,93,True,0.441938,0.4419,none,,,False,,4,0,,,
4,11,True,0.57947,0.5795,none,,,False,,4,0,,,
4,21,True,0.669756,0.6698,none,,,False,,4,0,,,
4,46,True,0.649075,0.6491,none,,,False,,4,0,,,
4,27,True,0.393106,0.3931,none,,,False,,4,0,,,
4,91,True,0.75048,0.7505,none,,,False,,4,0,,,
4,32,True,0.49579,0.4958,none,,,False,,4,0,,,
4,70,True,0.616383,0.6164,none,,,False,,4,0,,,
4,83,True,0.409046,0.409,none,,,False,,4,0,,,
4,50,True,0.337568,0.3376,none,,,False,,4,0,,,
4,37,True,0.498043,0.498,none,,,False,,4,0,,,
4,7,True,-0.151517,-0.1515,none,,,False,,4,0,,,
4,52,True,0.645789,0.6458,none,,,False,,4,0,,,
4,43,True,0.236838,0.2368,none,,,False,,4,0,,,
4,24,True,1.120936,1.1209,none,,,False,,4,0,,,
4,40,True,0.552506,0.5525,none,,,False,,4,0,,,
4,31,True,0.352441,0.3524,none,,,False,,4,0,,,
4,45,True,0.473652,0.4737,none,,,False,,4,0,,,
4,18,True,0.428349,0.4283,none,,,False,,4,0,,,
4,66,True,0.592168,0.5922,none,,,False,,4,0,,,
4,99,True,0.454441,0.4544,none,,,False,,4,0,,,
4,17,True,0.303671,0.3037,none,,,False,,4,0,,,
4,28,True,0.684888,0.6849,none,,,False,,4,0,,,
4,64,True,0.424436,0.4244,none,,,False,,4,0,,,
4,22,True,0.876537,0.8765,none,,,False,,4,0,,,
4,84,True,0.937348,0.9373,none,,,False,,4,0,,,
4,13,True,0.531281,0.5313,none,,,False,,4,0,,,
4,78,True,0.404754,0.4048,none,,,False,,4,0,,,
4,95,True,0.712631,0.7126,none,,,False,,4,0,,,
4,59,True,0.567855,0.5679,none,,,False,,4,0,,,
4,10,True,0.47916,0.4792,none,,,False,,4,0,,,
5,99,True,0.600791,0.6008,none,,,False,,5,0,,,
5,2,True,0.945201,0.9452,none,,,False,,5,0,,,
5,84,True,0.797207,0.7972,none,,,False,,5,0,,,
5,32,True,0.679381,0.6794,none,,,False,,5,0,,,
5,23,True,1.258379,1.2584,none,,,False,,5,0,,,
5,35,True,0.485894,0.4859,none,,,False,,5,0,,,
5,9,True,0.7251,0.7251,none,,,False,,5,0,,,
5,10,True,0.513079,0.5131,none,,,False,,5,0,,,
5,73,True,0.900108,0.9001,none,,,False,,5,0,,,
5,71,True,0.257388,0.2574,none,,,False,,5,0,,,
5,69,True,0.437996,0.438,none,,,False,,5,0,,,
5,25,True,0.699193,0.6992,none,,,False,,5,0,,,
5,37,True,0.495355,0.4954,none,,,False,,5,0,,,
5,92,True,0.56554,0.5655,none,,,False,,5,0,,,
5,81,True,0.314575,0.3146,none,,,False,,5,0,,,
5,78,True,0.271981,0.272,none,,,False,,5,0,,,
5,88,True,0.610526,0.6105,none,,,False,,5,0,,,
5,17,True,0.244921,0.2449,none,,,False,,5,0,,,
5,77,True,0.136979,0.137,none,,,False,,5,0,,,
5,50,True,0.503931,0.5039,none,,,False,,5,0,,,
5,21,True,0.794509,0.7945,none,,,False,,5,0,,,
5,61,True,0.705626,0.7056,none,,,False,,5,0,,,
5,97,True,0.604223,0.6042,none,,,False,,5,0,,,
5,91,True,0.732718,0.7327,none,,,False,,5,0,,,
5,59,True,0.59341,0.5934,none,,,False,,5,0,,,
5,52,True,0.867188,0.8672,none,,,False,,5,0,,,
5,3,True,0.252189,0.2522,none,,,False,,5,0,,,
5,87,True,0.476052,0.4761,none,,,False,,5,0,,,
5,94,True,0.415234,0.4152,none,,,False,,5,0,,,
5,27,True,0.347499,0.3475,none,,,False,,5,0,,,
5,1,True,0.973719,0.9737,none,,,False,,5,0,,,
5,82,True,0.363389,0.3634,none,,,False,,5,0,,,
5,31,True,0.36808,0.3681,none,,,False,,5,0,,,
5,34,True,0.583333,0.5833,none,,,False,,5,0,,,
5,41,True,0.407,0.407,none,,,False,,5,0,,,
5,7,True,0.502619,0.5026,none,,,False,,5,0,,,
6,76,True,0.643239,0.6432,none,,,False,,6,0,,,
6,64,True,0.488705,0.4887,none,,,False,,6,0,,,
6,8,True,0.475597,0.4756,none,,,False,,6,0,,,
6,66,True,0.552303,0.5523,none,,,False,,6,0,,,
6,6,True,0.558164,0.5582,none,,,False,,6,0,,,
6,99,True,0.476825,0.4768,none,,,False,,6,0,,,
6,13,True,0.533417,0.5334,none,,,False,,6,0,,,
6,23,True,0.687758,0.6878,none,,,False,,6,0,,,
6,80,True,0.381614,0.3816,none,,,False,,6,0,,,
6,24,True,1.051009,1.051,none,,,False,,6,0,,,
6,71,True,0.251018,0.251,none,,,False,,6,0,,,
6,50,True,0.287105,0.2871,none,,,False,,6,0,,,
6,92,True,0.47868,0.4787,none,,,False,,6,0,,,
6,49,True,0.416303,0.4163,none,,,False,,6,0,,,
6,36,True,0.494928,0.4949,none,,,False,,6,0,,,
6,90,True,0.664566,0.6646,none,,,False,,6,0,,,
6,73,True,0.751945,0.7519,none,,,False,,6,0,,,
6,97,True,0.57163,0.5716,none,,,False,,6,0,,,
6,46,True,0.708205,0.7082,none,,,False,,6,0,,,
6,48,True,0.260917,0.2609,none,,,False,,6,0,,,
6,0,True,0.746985,0.747,none,,,False,,6,0,,,
6,89,True,0.376535,0.3765,none,,,False,,6,0,,,
6,79,True,0.499688,0.4997,none,,,False,,6,0,,,
6,52,True,0.757631,0.7576,none,,,False,,6,0,,,
6,33,True,0.594676,0.5947,none,,,False,,6,0,,,
6,96,True,0.745944,0.7459,none,,,False,,6,0,,,
6,70,True,0.432739,0.4327,none,,,False,,6,0,,,
6,59,True,0.692431,0.6924,none,,,False,,6,0,,,
6,81,True,0.201764,0.2018,none,,,False,,6,0,,,
6,72,True,0.955051,0.9551,none,,,False,,6,0,,,
6,84,True,0.900813,0.9008,none,,,False,,6,0,,,
6,27,True,0.419163,0.4192,none,,,False,,6,0,,,
6,47,True,0.386616,0.3866,none,,,False,,6,0,,,
6,61,True,0.792559,0.7926,none,,,False,,6,0,,,
6,39,True,0.309772,0.3098,none,,,False,,6,0,,,
6,98,True,0.40934,0.4093,none,,,False,,6,0,,,
7,67,True,0.742685,0.7427,none,,,False,,7,0,,,
7,98,True,0.539452,0.5395,none,,,False,,7,0,,,
7,45,True,0.333242,0.3332,none,,,False,,7,0,,,
7,40,True,0.772562,0.7726,none,,,False,,7,0,,,
7,88,True,0.716869,0.7169,none,,,False,,7,0,,,
7,59,True,0.61154,0.6115,none,,,False,,7,0,,,
7,48,True,0.352715,0.3527,none,,,False,,7,0,,,
7,2,True,0.841439,0.8414,none,,,False,,7,0,,,
7,30,True,0.483153,0.4832,none,,,False,,7,0,,,
7,58,True,0.883702,0.8837,none,,,False,,7,0,,,
7,35,True,0.526064,0.5261,none,,,False,,7,0,,,
7,97,True,0.556884,0.5569,none,,,False,,7,0,,,
7,89,True,0.45341,0.4534,none,,,False,,7,0,,,
7,5,True,0.179301,0.1793,none,,,False,,7,0,,,
7,81,True,0.285298,0.2853,none,,,False,,7,0,,,
7,46,True,0.591882,0.5919,none,,,False,,7,0,,,
7,18,True,0.47739,0.4774,none,,,False,,7,0,,,
7,60,True,0.432767,0.4328,none,,,False,,7,0,,,
7,62,True,0.502428,0.5024,none,,,False,,7,0,,,
7,9,True,0.67274,0.6727,none,,,False,,7,0,,,
7,44,True,0.587198,0.5872,none,,,False,,7,0,,,
7,94,True,0.435235,0.4352,none,,,False,,7,0,,,
7,93,True,0.516055,0.5161,none,,,False,,7,0,,,
7,70,True,0.467136,0.4671,none,,,False,,7,0,,,
7,17,True,0.297337,0.2973,none,,,False,,7,0,,,
7,72,True,0.998197,0.9982,none,,,False,,7,0,,,
7,71,True,0.219999,0.22,none,,,False,,7,0,,,
7,54,True,0.765428,0.7654,none,,,False,,7,0,,,
7,87,True,0.491534,0.4915,none,,,False,,7,0,,,
7,47,True,0.330679,0.3307,none,,,False,,7,0,,,
7,3,True,0.311593,0.3116,none,,,False,,7,0,,,
7,80,True,0.392311,0.3923,none,,,False,,7,0,,,
7,79,True,0.388969,0.389,none,,,False,,7,0,,,
7,32,True,0.683541,0.6835,none,,,False,,7,0,,,
7,56,True,0.679034,0.679,none,,,False,,7,0,,,
7,14,True,0.85397,0.854,none,,,False,,7,0,,,
8,29,True,0.36925,0.3693,none,,,False,,8,0,,,
8,27,True,0.529405,0.5294,none,,,False,,8,0,,,
8,22,True,0.981058,0.9811,none,,,False,,8,0,,,
8,40,True,0.669222,0.6692,none,,,False,,8,0,,,
8,99,True,0.482162,0.4822,none,,,False,,8,0,,,
8,6,True,0.496298,0.4963,none,,,False,,8,0,,,
8,48,True,0.277976,0.278,none,,,False,,8,0,,,
8,39,True,0.349713,0.3497,none,,,False,,8,0,,,
8,37,True,0.525475,0.5255,none,,,False,,8,0,,,
8,36,True,0.407095,0.4071,none,,,False,,8,0,,,
8,74,True,0.413779,0.4138,none,,,False,,8,0,,,
8,8,True,0.448334,0.4483,none,,,False,,8,0,,,
8,58,True,0.550495,0.5505,none,,,False,,8,0,,,
8,4,True,0.482566,0.4826,none,,,False,,8,0,,,
8,3,True,0.383796,0.3838,none,,,False,,8,0,,,
8,65,True,0.526328,0.5263,none,,,False,,8,0,,,
8,76,True,0.644634,0.6446,none,,,False,,8,0,,,
8,59,True,0.678557,0.6786,none,,,False,,8,0,,,
8,85,True,0.492402,0.4924,none,,,False,,8,0,,,
8,15,True,0.68961,0.6896,none,,,False,,8,0,,,
8,53,True,0.73525,0.7352,none,,,False,,8,0,,,
8,35,True,0.647449,0.6474,none,,,False,,8,0,,,
8,96,True,0.82529,0.8253,none,,,False,,8,0,,,
8,61,True,0.796578,0.7966,none,,,False,,8,0,,,
8,82,True,0.40263,0.4026,none,,,False,,8,0,,,
8,2,True,0.452737,0.4527,none,,,False,,8,0,,,
8,41,True,0.532303,0.5323,none,,,False,,8,0,,,
8,71,True,0.357348,0.3573,none,,,False,,8,0,,,
8,9,True,0.598847,0.5988,none,,,False,,8,0,,,
8,20,True,0.207666,0.2077,none,,,False,,8,0,,,
8,51,True,0.346649,0.3466,none,,,False,,8,0,,,
8,78,True,0.344315,0.3443,none,,,False,,8,0,,,
8,67,True,0.636776,0.6368,none,,,False,,8,0,,,
8,1,True,0.869665,0.8697,none,,,False,,8,0,,,
8,98,True,0.345216,0.3452,none,,,False,,8,0,,,
8,13,True,0.711159,0.7112,none,,,False,,8,0,,,
9,68,True,0.796978,0.797,none,,,False,,9,0,,,
9,63,True,0.453455,0.4535,none,,,False,,9,0,,,
9,91,True,0.590495,0.5905,none,,,False,,9,0,,,
9,58,True,0.936995,0.937,none,,,False,,9,0,,,
9,88,True,0.55169,0.5517,none,,,False,,9,0,,,
9,5,True,0.205427,0.2054,none,,,False,,9,0,,,
9,92,True,0.429851,0.4299,none,,,False,,9,0,,,
9,75,True,1.146921,1.1469,none,,,False,,9,0,,,
9,33,True,0.504789,0.5048,none,,,False,,9,0,,,
9,86,True,0.46067,0.4607,none,,,False,,9,0,,,
9,53,True,0.905033,0.905,none,,,False,,9,0,,,
9,54,True,0.698226,0.6982,none,,,False,,9,0,,,
9,35,True,0.454615,0.4546,none,,,False,,9,0,,,
9,37,True,0.384155,0.3842,none,,,False,,9,0,,,
9,40,True,0.703459,0.7035,none,,,False,,9,0,,,
9,56,True,0.742648,0.7426,none,,,False,,9,0,,,
9,51,True,0.534286,0.5343,none,,,False,,9,0,,,
9,64,True,0.492032,0.492,none,,,False,,9,0,,,
9,72,True,1.021266,1.0213,none,,,False,,9,0,,,
9,70,True,0.602748,0.6027,none,,,False,,9,0,,,
9,15,True,0.520833,0.5208,none,,,False,,9,0,,,
9,7,True,0.030176,0.0302,none,,,False,,9,0,,,
9,78,True,0.33935,0.3394,none,,,False,,9,0,,,
9,46,True,0.511848,0.5118,none,,,False,,9,0,,,
9,94,True,0.481826,0.4818,none,,,False,,9,0,,,
9,2,True,0.871513,0.8715,none,,,False,,9,0,,,
9,0,True,0.708868,0.7089,none,,,False,,9,0,,,
9,57,True,0.330528,0.3305,none,,,False,,9,0,,,
9,74,True,0.298881,0.2989,none,,,False,,9,0,,,
9,95,True,0.545911,0.5459,none,,,False,,9,0,,,
9,8,True,0.365116,0.3651,none,,,False,,9,0,,,
9,11,True,0.488895,0.4889,none,,,False,,9,0,,,
9,90,True,0.692922,0.6929,none,,,False,,9,0,,,
9,34,True,0.539255,0.5393,none,,,False,,9,0,,,
9,50,True,0.52876,0.5288,none,,,False,,9,0,,,
9,31,True,0.355949,0.3559,none,,,False,,9,0,,,
10,3,True,0.358553,0.3586,none,,,False,,10,0,,,
10,86,True,0.39044,0.3904,none,,,False,,10,0,,,
10,22,True,0.985798,0.9858,none,,,False,,10,0,,,
10,44,True,0.612835,0.6128,none,,,False,,10,0,,,
10,29,True,0.355777,0.3558,none,,,False,,10,0,,,
10,55,True,0.622869,0.6229,none,,,False,,10,0,,,
10,4,True,0.529753,0.5298,none,,,False,,10,0,,,
10,14,True,0.891717,0.8917,none,,,False,,10,0,,,
10,88,True,0.40015,0.4002,none,,,False,,10,0,,,
10,69,True,0.315889,0.3159,none,,,False,,10,0,,,
10,11,True,0.626127,0.6261,none,,,False,,10,0,,,
10,13,True,0.540076,0.5401,none,,,False,,10,0,,,
10,71,True,0.28275,0.2827,none,,,False,,10,0,,,
10,93,True,0.424723,0.4247,none,,,False,,10,0,,,
10,96,True,0.541437,0.5414,none,,,False,,10,0,,,
10,65,True,0.471035,0.471,none,,,False,,10,0,,,
10,17,True,0.338437,0.3384,none,,,False,,10,0,,,
10,47,True,0.450724,0.4507,none,,,False,,10,0,,,
10,19,True,0.555583,0.5556,none,,,False,,10,0,,,
10,61,True,0.785753,0.7858,none,,,False,,10,0,,,
10,7,True,0.385112,0.3851,none,,,False,,10,0,,,
10,5,True,0.23184,0.2318,none,,,False,,10,0,,,
10,15,True,0.631604,0.6316,none,,,False,,10,0,,,
10,10,True,0.375542,0.3755,none,,,False,,10,0,,,
10,63,True,0.420427,0.4204,none,,,False,,10,0,,,
10,43,True,0.353361,0.3534,none,,,False,,10,0,,,
10,34,True,0.464815,0.4648,none,,,False,,10,0,,,
10,64,True,0.528225,0.5282,none,,,False,,10,0,,,
10,1,True,0.858219,0.8582,none,,,False,,10,0,,,
10,70,True,0.552162,0.5522,none,,,False,,10,0,,,
10,45,True,0.541003,0.541,none,,,False,,10,0,,,
10,2,True,0.76838,0.7684,none,,,False,,10,0,,,
10,37,True,0.398229,0.3982,none,,,False,,10,0,,,
10,18,True,0.381608,0.3816,none,,,False,,10,0,,,
10,46,True,0.620264,0.6203,none,,,False,,10,0,,,
10,50,True,0.469325,0.4693,none,,,False,,10,0,,,
11,5,True,0.276518,0.2765,none,,,False,,11,0,,,
11,50,True,0.44122,0.4412,none,,,False,,11,0,,,
11,48,True,0.293788,0.2938,none,,,False,,11,0,,,
11,19,True,0.655845,0.6558,none,,,False,,11,0,,,
11,69,True,0.430926,0.4309,none,,,False,,11,0,,,
11,76,True,0.706751,0.7068,none,,,False,,11,0,,,
11,2,True,0.758565,0.7586,none,,,False,,11,0,,,
11,67,True,0.672177,0.6722,none,,,False,,11,0,,,
11,87,True,0.5083,0.5083,none,,,False,,11,0,,,
11,26,True,1.030612,1.0306,none,,,False,,11,0,,,
11,68,True,0.893919,0.8939,none,,,False,,11,0,,,
11,20,True,0.219158,0.2192,none,,,False,,11,0,,,
11,88,True,0.359347,0.3593,none,,,False,,11,0,,,
11,83,True,0.474182,0.4742,none,,,False,,11,0,,,
11,45,True,0.617756,0.6178,none,,,False,,11,0,,,
11,41,True,0.486012,0.486,none,,,False,,11,0,,,
11,66,True,0.790287,0.7903,none,,,False,,11,0,,,
11,84,True,0.95045,0.9505,none,,,False,,11,0,,,
11,34,True,0.563461,0.5635,none,,,False,,11,0,,,
11,40,True,0.629231,0.6292,none,,,False,,11,0,,,
11,9,True,0.778483,0.7785,none,,,False,,11,0,,,
11,95,True,0.663429,0.6634,none,,,False,,11,0,,,
11,14,True,1.09407,1.0941,none,,,False,,11,0,,,
11,35,True,0.508702,0.5087,none,,,False,,11,0,,,
11,57,True,0.301083,0.3011,none,,,False,,11,0,,,
11,70,True,0.690984,0.691,none,,,False,,11,0,,,
11,51,True,0.586917,0.5869,none,,,False,,11,0,,,
11,94,True,0.484452,0.4845,none,,,False,,11,0,,,
11,10,True,0.371587,0.3716,none,,,False,,11,0,,,
11,63,True,0.44103,0.441,none,,,False,,11,0,,,
11,85,True,0.555801,0.5558,none,,,False,,11,0,,,
11,18,True,0.522707,0.5227,none,,,False,,11,0,,,
11,49,True,0.427748,0.4277,none,,,False,,11,0,,,
11,13,True,0.662933,0.6629,none,,,False,,11,0,,,
11,58,True,0.831828,0.8318,none,,,False,,11,0,,,
11,98,True,0.45745,0.4575,none,,,False,,11,0,,,
12,34,True,0.408163,0.4082,none,,,False,,12,0,,,
12,70,True,0.541451,0.5415,none,,,False,,12,0,,,
12,19,True,0.409018,0.409,none,,,False,,12,0,,,
12,90,True,0.672345,0.6723,none,,,False,,12,0,,,
12,9,True,0.61449,0.6145,none,,,False,,12,0,,,
12,39,True,0.324811,0.3248,none,,,False,,12,0,,,
12,21,True,0.714889,0.7149,none,,,False,,12,0,,,
12,17,True,0.419186,0.4192,none,,,False,,12,0,,,
12,49,True,0.463338,0.4633,none,,,False,,12,0,,,
12,30,True,0.259722,0.2597,none,,,False,,12,0,,,
12,57,True,0.561426,0.5614,none,,,False,,12,0,,,
12,29,True,0.363009,0.363,none,,,False,,12,0,,,
12,8,True,0.462939,0.4629,none,,,False,,12,0,,,
12,89,True,0.43398,0.434,none,,,False,,12,0,,,
12,74,True,0.477045,0.477,none,,,False,,12,0,,,
12,6,True,0.58847,0.5885,none,,,False,,12,0,,,
12,51,True,0.257217,0.2572,none,,,False,,12,0,,,
12,79,True,0.584665,0.5847,none,,,False,,12,0,,,
12,0,True,1.058394,1.0584,none,,,False,,12,0,,,
12,1,True,1.003825,1.0038,none,,,False,,12,0,,,
12,72,True,1.247785,1.2478,none,,,False,,12,0,,,
12,37,True,0.59288,0.5929,none,,,False,,12,0,,,
12,93,True,0.499447,0.4994,none,,,False,,12,0,,,
12,47,True,0.512873,0.5129,none,,,False,,12,0,,,
12,77,True,0.240904,0.2409,none,,,False,,12,0,,,
12,81,True,0.461163,0.4612,none,,,False,,12,0,,,
12,54,True,0.694529,0.6945,none,,,False,,12,0,,,
12,97,True,0.588651,0.5887,none,,,False,,12,0,,,
12,78,True,0.332604,0.3326,none,,,False,,12,0,,,
12,10,True,0.513711,0.5137,none,,,False,,12,0,,,
12,66,True,0.480891,0.4809,none,,,False,,12,0,,,
12,4,True,0.530964,0.531,none,,,False,,12,0,,,
12,15,True,0.792327,0.7923,none,,,False,,12,0,,,
12,59,True,0.538199,0.5382,none,,,False,,12,0,,,
12,99,True,0.53941,0.5394,none,,,False,,12,0,,,
12,32,True,0.307501,0.3075,none,,,False,,12,0,,,
13,22,True,1.054863,1.0549,none,,,False,,13,0,,,
13,74,True,0.553211,0.5532,none,,,False,,13,0,,,
13,85,True,0.820987,0.821,none,,,False,,13,0,,,
13,77,True,0.200005,0.2,none,,,False,,13,0,,,
13,89,True,0.394729,0.3947,none,,,False,,13,0,,,
13,60,True,0.628725,0.6287,none,,,False,,13,0,,,
13,75,True,1.369963,1.37,none,,,False,,13,0,,,
13,66,True,0.603852,0.6039,none,,,False,,13,0,,,
13,18,True,0.457437,0.4574,none,,,False,,13,0,,,
13,52,True,0.9137,0.9137,none,,,False,,13,0,,,
13,70,True,0.643022,0.643,none,,,False,,13,0,,,
13,95,True,0.640837,0.6408,none,,,False,,13,0,,,
13,90,True,0.794059,0.7941,none,,,False,,13,0,,,
13,62,True,0.519166,0.5192,none,,,False,,13,0,,,
13,41,True,0.476169,0.4762,none,,,False,,13,0,,,
13,2,True,0.955793,0.9558,none,,,False,,13,0,,,
13,86,True,0.510245,0.5102,none,,,False,,13,0,,,
13,12,True,0.279268,0.2793,none,,,False,,13,0,,,
13,23,True,1.253446,1.2534,none,,,False,,13,0,,,
13,84,True,0.808022,0.808,none,,,False,,13,0,,,
13,38,True,0.596098,0.5961,none,,,False,,13,0,,,
13,47,True,0.429949,0.4299,none,,,False,,13,0,,,
13,50,True,0.548126,0.5481,none,,,False,,13,0,,,
13,56,True,0.721092,0.7211,none,,,False,,13,0,,,
13,42,True,0.731383,0.7314,none,,,False,,13,0,,,
13,7,True,0.387226,0.3872,none,,,False,,13,0,,,
13,51,True,0.701732,0.7017,none,,,False,,13,0,,,
13,58,True,0.971778,0.9718,none,,,False,,13,0,,,
13,34,True,0.434851,0.4349,none,,,False,,13,0,,,
13,3,True,0.179817,0.1798,none,,,False,,13,0,,,
13,87,True,0.612745,0.6127,none,,,False,,13,0,,,
13,54,True,0.725986,0.726,none,,,False,,13,0,,,
13,17,True,0.216512,0.2165,none,,,False,,13,0,,,
13,65,True,0.245303,0.2453,none,,,False,,13,0,,,
13,9,True,0.318466,0.3185,none,,,False,,13,0,,,
13,57,True,0.245416,0.2454,none,,,False,,13,0,,,
14,68,True,0.762927,0.7629,none,,,False,,14,0,,,
14,9,True,0.692796,0.6928,none,,,False,,14,0,,,
14,90,True,0.709038,0.709,none,,,False,,14,0,,,
14,69,True,0.289137,0.2891,none,,,False,,14,0,,,
14,3,True,0.437255,0.4373,none,,,False,,14,0,,,
14,58,True,0.573808,0.5738,none,,,False,,14,0,,,
14,50,True,0.548659,0.5487,none,,,False,,14,0,,,
14,52,True,0.512696,0.5127,none,,,False,,14,0,,,
14,39,True,0.243917,0.2439,none,,,False,,14,0,,,
14,2,True,0.508595,0.5086,none,,,False,,14,0,,,
14,36,True,0.33146,0.3315,none,,,False,,14,0,,,
14,35,True,0.770276,0.7703,none,,,False,,14,0,,,
14,31,True,0.255278,0.2553,none,,,False,,14,0,,,
14,61,True,0.690434,0.6904,none,,,False,,14,0,,,
14,48,True,0.247576,0.2476,none,,,False,,14,0,,,
14,83,True,0.489417,0.4894,none,,,False,,14,0,,,
14,37,True,0.599085,0.5991,none,,,False,,14,0,,,
14,19,True,0.468915,0.4689,none,,,False,,14,0,,,
14,5,True,0.247288,0.2473,none,,,False,,14,0,,,
14,67,True,0.596309,0.5963,none,,,False,,14,0,,,
14,49,True,0.648429,0.6484,none,,,False,,14,0,,,
14,91,True,0.754688,0.7547,none,,,False,,14,0,,,
14,20,True,0.278693,0.2787,none,,,False,,14,0,,,
14,0,True,1.004629,1.0046,none,,,False,,14,0,,,
14,10,True,0.416801,0.4168,none,,,False,,14,0,,,
14,92,True,0.495137,0.4951,none,,,False,,14,0,,,
14,72,True,1.112369,1.1124,none,,,False,,14,0,,,
14,13,True,0.503726,0.5037,none,,,False,,14,0,,,
14,30,True,0.231588,0.2316,none,,,False,,14,0,,,
14,7,True,0.779163,0.7792,none,,,False,,14,0,,,
14,56,True,0.841602,0.8416,none,,,False,,14,0,,,
14,26,True,0.688701,0.6887,none,,,False,,14,0,,,
14,95,True,0.558013,0.558,none,,,False,,14,0,,,
14,82,True,0.60499,0.605,none,,,False,,14,0,,,
14,77,True,0.161985,0.162,none,,,False,,14,0,,,
14,89,True,0.372429,0.3724,none,,,False,,14,0,,,
15,1,True,0.745468,0.7455,none,,,False,,15,0,,,
15,61,True,0.838465,0.8385,none,,,False,,15,0,,,
15,81,True,0.381775,0.3818,none,,,False,,15,0,,,
15,82,True,0.399514,0.3995,none,,,False,,15,0,,,
15,95,True,0.688962,0.689,none,,,False,,15,0,,,
15,21,True,0.753938,0.7539,none,,,False,,15,0,,,
15,6,True,0.493874,0.4939,none,,,False,,15,0,,,
15,33,True,0.594482,0.5945,none,,,False,,15,0,,,
15,59,True,0.559131,0.5591,none,,,False,,15,0,,,
15,28,True,0.448278,0.4483,none,,,False,,15,0,,,
15,43,True,0.320671,0.3207,none,,,False,,15,0,,,
15,12,True,0.521628,0.5216,none,,,False,,15,0,,,
15,3,True,0.265074,0.2651,none,,,False,,15,0,,,
15,75,True,1.324749,1.3247,none,,,False,,15,0,,,
15,53,True,0.802491,0.8025,none,,,False,,15,0,,,
15,23,True,0.80446,0.8045,none,,,False,,15,0,,,
15,73,True,0.740056,0.7401,none,,,False,,15,0,,,
15,51,True,0.483541,0.4835,none,,,False,,15,0,,,
15,54,True,0.648953,0.649,none,,,False,,15,0,,,
15,44,True,0.50872,0.5087,none,,,False,,15,0,,,
15,65,True,0.478554,0.4786,none,,,False,,15,0,,,
15,14,True,0.891577,0.8916,none,,,False,,15,0,,,
15,35,True,0.525018,0.525,none,,,False,,15,0,,,
15,37,True,0.320768,0.3208,none,,,False,,15,0,,,
15,31,True,0.333334,0.3333,none,,,False,,15,0,,,
15,99,True,0.462257,0.4623,none,,,False,,15,0,,,
15,48,True,0.314171,0.3142,none,,,False,,15,0,,,
15,4,True,0.504065,0.5041,none,,,False,,15,0,,,
15,89,True,0.3791,0.3791,none,,,False,,15,0,,,
15,83,True,0.417099,0.4171,none,,,False,,15,0,,,
15,0,True,0.686343,0.6863,none,,,False,,15,0,,,
15,66,True,0.682747,0.6827,none,,,False,,15,0,,,
15,7,True,0.522922,0.5229,none,,,False,,15,0,,,
15,18,True,0.427463,0.4275,none,,,False,,15,0,,,
15,47,True,0.487615,0.4876,none,,,False,,15,0,,,
15,80,True,0.404579,0.4046,none,,,False,,15,0,,,
16,59,True,0.615725,0.6157,none,,,False,,16,0,,,
16,0,True,0.600033,0.6,none,,,False,,16,0,,,
16,14,True,0.904188,0.9042,none,,,False,,16,0,,,
16,75,True,0.78207,0.7821,none,,,False,,16,0,,,
16,45,True,0.534782,0.5348,none,,,False,,16,0,,,
16,85,True,0.639256,0.6393,none,,,False,,16,0,,,
16,50,True,0.542701,0.5427,none,,,False,,16,0,,,
16,40,True,0.522263,0.5223,none,,,False,,16,0,,,
16,82,True,0.361631,0.3616,none,,,False,,16,0,,,
16,39,True,0.251654,0.2517,none,,,False,,16,0,,,
16,70,True,0.669995,0.67,none,,,False,,16,0,,,
16,76,True,0.655817,0.6558,none,,,False,,16,0,,,
16,92,True,0.471673,0.4717,none,,,False,,16,0,,,
16,63,True,0.412493,0.4125,none,,,False,,16,0,,,
16,96,True,0.643454,0.6435,none,,,False,,16,0,,,
16,8,True,0.522744,0.5227,none,,,False,,16,0,,,
16,3,True,0.281812,0.2818,none,,,False,,16,0,,,
16,99,True,0.628543,0.6285,none,,,False,,16,0,,,
16,79,True,0.543821,0.5438,none,,,False,,16,0,,,
16,37,True,0.365776,0.3658,none,,,False,,16,0,,,
16,15,True,0.58729,0.5873,none,,,False,,16,0,,,
16,88,True,0.530673,0.5307,none,,,False,,16,0,,,
16,83,True,0.499707,0.4997,none,,,False,,16,0,,,
16,90,True,0.726132,0.7261,none,,,False,,16,0,,,
16,38,True,0.608045,0.608,none,,,False,,16,0,,,
16,87,True,0.364532,0.3645,none,,,False,,16,0,,,
16,51,True,0.626982,0.627,none,,,False,,16,0,,,
16,5,True,0.251998,0.252,none,,,False,,16,0,,,
16,42,True,0.789926,0.7899,none,,,False,,16,0,,,
16,7,True,0.15529,0.1553,none,,,False,,16,0,,,
16,44,True,0.505896,0.5059,none,,,False,,16,0,,,
16,21,True,0.778087,0.7781,none,,,False,,16,0,,,
16,64,True,0.452775,0.4528,none,,,False,,16,0,,,
16,19,True,0.653078,0.6531,none,,,False,,16,0,,,
16,68,True,0.97394,0.9739,none,,,False,,16,0,,,
16,22,True,1.058824,1.0588,none,,,False,,16,0,,,
17,42,True,0.554027,0.554,none,,,False,,17,0,,,
17,7,True,0.328375,0.3284,none,,,False,,17,0,,,
17,97,True,0.70255,0.7026,none,,,False,,17,0,,,
17,12,True,0.588867,0.5889,none,,,False,,17,0,,,
17,19,True,0.551119,0.5511,none,,,False,,17,0,,,
17,44,True,0.44125,0.4413,none,,,False,,17,0,,,
17,92,True,0.605987,0.606,none,,,False,,17,0,,,
17,56,True,0.824848,0.8248,none,,,False,,17,0,,,
17,57,True,0.369137,0.3691,none,,,False,,17,0,,,
17,2,True,0.75758,0.7576,none,,,False,,17,0,,,
17,1,True,1.12679,1.1268,none,,,False,,17,0,,,
17,33,True,0.789706,0.7897,none,,,False,,17,0,,,
17,32,True,0.301862,0.3019,none,,,False,,17,0,,,
17,11,True,0.701765,0.7018,none,,,False,,17,0,,,
17,8,True,0.476916,0.4769,none,,,False,,17,0,,,
17,27,True,0.544296,0.5443,none,,,False,,17,0,,,
17,70,True,0.650224,0.6502,none,,,False,,17,0,,,
17,59,True,0.653976,0.654,none,,,False,,17,0,,,
17,6,True,0.661431,0.6614,none,,,False,,17,0,,,
17,10,True,0.383796,0.3838,none,,,False,,17,0,,,
17,91,True,0.897883,0.8979,none,,,False,,17,0,,,
17,61,True,0.846233,0.8462,none,,,False,,17,0,,,
17,98,True,0.476639,0.4766,none,,,False,,17,0,,,
17,13,True,0.492242,0.4922,none,,,False,,17,0,,,
17,37,True,0.398989,0.399,none,,,False,,17,0,,,
17,74,True,0.513794,0.5138,none,,,False,,17,0,,,
17,21,True,0.648109,0.6481,none,,,False,,17,0,,,
17,17,True,0.31753,0.3175,none,,,False,,17,0,,,
17,29,True,0.250494,0.2505,none,,,False,,17,0,,,
17,99,True,0.548556,0.5486,none,,,False,,17,0,,,
17,87,True,0.443247,0.4432,none,,,False,,17,0,,,
17,67,True,0.631353,0.6314,none,,,False,,17,0,,,
17,23,True,0.496725,0.4967,none,,,False,,17,0,,,
17,15,True,0.553211,0.5532,none,,,False,,17,0,,,
17,18,True,0.4974,0.4974,none,,,False,,17,0,,,
17,60,True,0.428828,0.4288,none,,,False,,17,0,,,
18,3,True,0.352241,0.3522,none,,,False,,18,0,,,
18,84,True,0.9166,0.9166,none,,,False,,18,0,,,
18,81,True,0.501043,0.501,none,,,False,,18,0,,,
18,25,True,0.843152,0.8432,none,,,False,,18,0,,,
18,94,True,0.382689,0.3827,none,,,False,,18,0,,,
18,6,True,0.480466,0.4805,none,,,False,,18,0,,,
18,26,True,0.824612,0.8246,none,,,False,,18,0,,,
18,89,True,0.435887,0.4359,none,,,False,,18,0,,,
18,47,True,0.23696,0.237,none,,,False,,18,0,,,
18,62,True,0.510709,0.5107,none,,,False,,18,0,,,
18,97,True,0.601894,0.6019,none,,,False,,18,0,,,
18,34,True,0.626057,0.6261,none,,,False,,18,0,,,
18,92,True,0.424046,0.424,none,,,False,,18,0,,,
18,0,True,0.976907,0.9769,none,,,False,,18,0,,,
18,46,True,0.741144,0.7411,none,,,False,,18,0,,,
18,38,True,0.615181,0.6152,none,,,False,,18,0,,,
18,64,True,0.435024,0.435,none,,,False,,18,0,,,
18,85,True,0.661751,0.6618,none,,,False,,18,0,,,
18,18,True,0.398716,0.3987,none,,,False,,18,0,,,
18,65,True,0.652094,0.6521,none,,,False,,18,0,,,
18,29,True,0.440009,0.44,none,,,False,,18,0,,,
18,76,True,0.579299,0.5793,none,,,False,,18,0,,,
18,49,True,0.54101,0.541,none,,,False,,18,0,,,
18,51,True,0.393342,0.3933,none,,,False,,18,0,,,
18,70,True,0.524872,0.5249,none,,,False,,18,0,,,
18,74,True,0.547775,0.5478,none,,,False,,18,0,,,
18,72,True,0.884645,0.8846,none,,,False,,18,0,,,
18,16,True,0.431296,0.4313,none,,,False,,18,0,,,
18,82,True,0.423234,0.4232,none,,,False,,18,0,,,
18,93,True,0.630963,0.631,none,,,False,,18,0,,,
18,86,True,0.542445,0.5424,none,,,False,,18,0,,,
18,41,True,0.604805,0.6048,none,,,False,,18,0,,,
18,44,True,0.76211,0.7621,none,,,False,,18,0,,,
18,43,True,0.398619,0.3986,none,,,False,,18,0,,,
18,19,True,0.50932,0.5093,none,,,False,,18,0,,,
18,9,True,0.660886,0.6609,none,,,False,,18,0,,,
19,87,True,0.675768,0.6758,none,,,False,,19,0,,,
19,80,True,0.34262,0.3426,none,,,False,,19,0,,,
19,42,True,0.614081,0.6141,none,,,False,,19,0,,,
19,95,True,0.611944,0.6119,none,,,False,,19,0,,,
19,55,True,0.57147,0.5715,none,,,False,,19,0,,,
19,21,True,0.555278,0.5553,none,,,False,,19,0,,,
19,28,True,0.64861,0.6486,none,,,False,,19,0,,,
19,44,True,0.361688,0.3617,none,,,False,,19,0,,,
19,30,True,0.409146,0.4091,none,,,False,,19,0,,,
19,63,True,0.435898,0.4359,none,,,False,,19,0,,,
19,59,True,0.471098,0.4711,none,,,False,,19,0,,,
19,48,True,0.566043,0.566,none,,,False,,19,0,,,
19,70,True,0.658237,0.6582,none,,,False,,19,0,,,
19,2,True,1.00213,1.0021,none,,,False,,19,0,,,
19,81,True,0.473008,0.473,none,,,False,,19,0,,,
19,32,True,0.705005,0.705,none,,,False,,19,0,,,
19,15,True,0.617445,0.6174,none,,,False,,19,0,,,
19,83,True,0.446622,0.4466,none,,,False,,19,0,,,
19,23,True,0.961115,0.9611,none,,,False,,19,0,,,
19,51,True,0.883181,0.8832,none,,,False,,19,0,,,
19,60,True,0.589128,0.5891,none,,,False,,19,0,,,
19,77,True,0.196002,0.196,none,,,False,,19,0,,,
19,84,True,0.591185,0.5912,none,,,False,,19,0,,,
19,1,True,1.077761,1.0778,none,,,False,,19,0,,,
19,98,True,0.757617,0.7576,none,,,False,,19,0,,,
19,76,True,0.503945,0.5039,none,,,False,,19,0,,,
19,31,True,0.416435,0.4164,none,,,False,,19,0,,,
19,37,True,0.496751,0.4968,none,,,False,,19,0,,,
19,72,True,0.72398,0.724,none,,,False,,19,0,,,
19,65,True,0.292293,0.2923,none,,,False,,19,0,,,
19,11,True,0.807859,0.8079,none,,,False,,19,0,,,
19,19,True,0.483289,0.4833,none,,,False,,19,0,,,
19,24,True,0.805065,0.8051,none,,,False,,19,0,,,
19,74,True,0.462555,0.4626,none,,,False,,19,0,,,
19,40,True,0.895616,0.8956,none,,,False,,19,0,,,
19,90,True,0.932585,0.9326,none,,,False,,19,0,,,
20,4,True,0.538879,0.5389,none,,,False,,20,0,,,
20,1,True,0.989587,0.9896,none,,,False,,20,0,,,
20,84,True,1.000777,1.0008,none,,,False,,20,0,,,
20,64,True,0.458878,0.4589,none,,,False,,20,0,,,
20,46,True,0.702119,0.7021,none,,,False,,20,0,,,
20,75,True,1.269184,1.2692,none,,,False,,20,0,,,
20,77,True,0.246628,0.2466,none,,,False,,20,0,,,
20,80,True,0.541223,0.5412,none,,,False,,20,0,,,
20,73,True,0.903994,0.904,none,,,False,,20,0,,,
20,28,True,0.409505,0.4095,none,,,False,,20,0,,,
20,60,True,0.437148,0.4371,none,,,False,,20,0,,,
20,11,True,0.524599,0.5246,none,,,False,,20,0,,,
20,53,True,0.831323,0.8313,none,,,False,,20,0,,,
20,56,True,0.700903,0.7009,none,,,False,,20,0,,,
20,44,True,0.79447,0.7945,none,,,False,,20,0,,,
20,63,True,0.40883,0.4088,none,,,False,,20,0,,,
20,65,True,0.5742,0.5742,none,,,False,,20,0,,,
20,83,True,0.45133,0.4513,none,,,False,,20,0,,,
20,3,True,0.465998,0.466,none,,,False,,20,0,,,
20,37,True,0.577694,0.5777,none,,,False,,20,0,,,
20,72,True,1.051088,1.0511,none,,,False,,20,0,,,
20,2,True,0.494096,0.4941,none,,,False,,20,0,,,
20,8,True,0.451204,0.4512,none,,,False,,20,0,,,
20,94,True,0.648131,0.6481,none,,,False,,20,0,,,
20,81,True,0.621664,0.6217,none,,,False,,20,0,,,
20,41,True,0.593037,0.593,none,,,False,,20,0,,,
20,23,True,0.421004,0.421,none,,,False,,20,0,,,
20,69,True,0.184367,0.1844,none,,,False,,20,0,,,
20,82,True,0.62886,0.6289,none,,,False,,20,0,,,
20,47,True,0.591515,0.5915,none,,,False,,20,0,,,
20,87,True,0.337185,0.3372,none,,,False,,20,0,,,
20,22,True,1.218424,1.2184,none,,,False,,20,0,,,
20,13,True,0.655455,0.6555,none,,,False,,20,0,,,
20,14,True,0.723886,0.7239,none,,,False,,20,0,,,
20,99,True,0.546938,0.5469,none,,,False,,20,0,,,
20,25,True,0.699049,0.699,none,,,False,,20,0,,,
21,14,True,0.95808,0.9581,none,,,False,,21,0,,,
21,58,True,0.477506,0.4775,none,,,False,,21,0,,,
21,45,True,0.445181,0.4452,none,,,False,,21,0,,,
21,18,True,0.550548,0.5505,none,,,False,,21,0,,,
21,1,True,0.92936,0.9294,none,,,False,,21,0,,,
21,94,True,0.467588,0.4676,none,,,False,,21,0,,,
21,72,True,0.712984,0.713,none,,,False,,21,0,,,
21,69,True,0.44682,0.4468,none,,,False,,21,0,,,
21,0,True,0.575349,0.5753,none,,,False,,21,0,,,
21,44,True,0.440182,0.4402,none,,,False,,21,0,,,
21,37,True,0.518527,0.5185,none,,,False,,21,0,,,
21,7,True,0.368195,0.3682,none,,,False,,21,0,,,
21,99,True,0.511813,0.5118,none,,,False,,21,0,,,
21,66,True,0.63244,0.6324,none,,,False,,21,0,,,
21,6,True,0.54385,0.5439,none,,,False,,21,0,,,
21,90,True,0.805947,0.8059,none,,,False,,21,0,,,
21,19,True,0.557031,0.557,none,,,False,,21,0,,,
21,70,True,0.671931,0.6719,none,,,False,,21,0,,,
21,25,True,0.527436,0.5274,none,,,False,,21,0,,,
21,51,True,0.617839,0.6178,none,,,False,,21,0,,,
21,93,True,0.288356,0.2884,none,,,False,,21,0,,,
21,4,True,0.49999,0.5,none,,,False,,21,0,,,
21,75,True,1.146674,1.1467,none,,,False,,21,0,,,
21,24,True,0.8525,0.8525,none,,,False,,21,0,,,
21,15,True,0.536016,0.536,none,,,False,,21,0,,,
21,55,True,0.591052,0.5911,none,,,False,,21,0,,,
21,64,True,0.490578,0.4906,none,,,False,,21,0,,,
21,33,True,0.628789,0.6288,none,,,False,,21,0,,,
21,82,True,0.409611,0.4096,none,,,False,,21,0,,,
21,49,True,0.401473,0.4015,none,,,False,,21,0,,,
21,83,True,0.384848,0.3848,none,,,False,,21,0,,,
21,67,True,0.627313,0.6273,none,,,False,,21,0,,,
21,65,True,0.395012,0.395,none,,,False,,21,0,,,
21,73,True,0.770754,0.7708,none,,,False,,21,0,,,
21,29,True,0.344033,0.344,none,,,False,,21,0,,,
21,31,True,0.301417,0.3014,none,,,False,,21,0,,,
22,32,True,0.359242,0.3592,none,,,False,,22,0,,,
22,95,True,0.745152,0.7452,none,,,False,,22,0,,,
22,52,True,0.926299,0.9263,none,,,False,,22,0,,,
22,76,True,0.411812,0.4118,none,,,False,,22,0,,,
22,82,True,0.372669,0.3727,none,,,False,,22,0,,,
22,34,True,0.420717,0.4207,none,,,False,,22,0,,,
22,84,True,1.018406,1.0184,none,,,False,,22,0,,,
22,16,True,0.477431,0.4774,none,,,False,,22,0,,,
22,38,True,0.646056,0.6461,none,,,False,,22,0,,,
22,54,True,0.93958,0.9396,none,,,False,,22,0,,,
22,73,True,0.633367,0.6334,none,,,False,,22,0,,,
22,91,True,0.788514,0.7885,none,,,False,,22,0,,,
22,42,True,0.419606,0.4196,none,,,False,,22,0,,,
22,24,True,0.60721,0.6072,none,,,False,,22,0,,,
22,59,True,0.724014,0.724,none,,,False,,22,0,,,
22,47,True,0.47924,0.4792,none,,,False,,22,0,,,
22,97,True,0.557298,0.5573,none,,,False,,22,0,,,
22,37,True,0.434468,0.4345,none,,,False,,22,0,,,
22,63,True,0.284267,0.2843,none,,,False,,22,0,,,
22,68,True,0.571262,0.5713,none,,,False,,22,0,,,
22,64,True,0.510654,0.5107,none,,,False,,22,0,,,
22,92,True,0.810683,0.8107,none,,,False,,22,0,,,
22,5,True,0.23658,0.2366,none,,,False,,22,0,,,
22,81,True,0.44996,0.45,none,,,False,,22,0,,,
22,10,True,0.577863,0.5779,none,,,False,,22,0,,,
22,96,True,0.673587,0.6736,none,,,False,,22,0,,,
22,17,True,0.483082,0.4831,none,,,False,,22,0,,,
22,79,True,0.37123,0.3712,none,,,False,,22,0,,,
22,75,True,1.255713,1.2557,none,,,False,,22,0,,,
22,99,True,0.72871,0.7287,none,,,False,,22,0,,,
22,9,True,0.696269,0.6963,none,,,False,,22,0,,,
22,11,True,0.78216,0.7822,none,,,False,,22,0,,,
22,22,True,1.020751,1.0208,none,,,False,,22,0,,,
22,61,True,0.912535,0.9125,none,,,False,,22,0,,,
22,98,True,0.519903,0.5199,none,,,False,,22,0,,,
22,43,True,0.471754,0.4718,none,,,False,,22,0,,,
23,31,True,0.301466,0.3015,none,,,False,,23,0,,,
23,60,True,0.657895,0.6579,none,,,False,,23,0,,,
23,13,True,0.62735,0.6273,none,,,False,,23,0,,,
23,58,True,0.96242,0.9624,none,,,False,,23,0,,,
23,81,True,0.413264,0.4133,none,,,False,,23,0,,,
23,92,True,0.575859,0.5759,none,,,False,,23,0,,,
23,34,True,0.453395,0.4534,none,,,False,,23,0,,,
23,75,True,1.253341,1.2533,none,,,False,,23,0,,,
23,49,True,0.485051,0.4851,none,,,False,,23,0,,,
23,44,True,0.502061,0.5021,none,,,False,,23,0,,,
23,83,True,0.364871,0.3649,none,,,False,,23,0,,,
23,79,True,0.527618,0.5276,none,,,False,,23,0,,,
23,28,True,0.663044,0.663,none,,,False,,23,0,,,
23,53,True,0.87147,0.8715,none,,,False,,23,0,,,
23,26,True,0.92702,0.927,none,,,False,,23,0,,,
23,35,True,0.499427,0.4994,none,,,False,,23,0,,,
23,0,True,0.493641,0.4936,none,,,False,,23,0,,,
23,17,True,0.234327,0.2343,none,,,False,,23,0,,,
23,23,True,1.567178,1.5672,none,,,False,,23,0,,,
23,4,True,0.534349,0.5343,none,,,False,,23,0,,,
23,22,True,0.716917,0.7169,none,,,False,,23,0,,,
23,59,True,0.407964,0.408,none,,,False,,23,0,,,
23,12,True,0.459046,0.459,none,,,False,,23,0,,,
23,57,True,0.374903,0.3749,none,,,False,,23,0,,,
23,66,True,0.838374,0.8384,none,,,False,,23,0,,,
23,85,True,0.485153,0.4852,none,,,False,,23,0,,,
23,27,True,0.563569,0.5636,none,,,False,,23,0,,,
23,77,True,0.136167,0.1362,none,,,False,,23,0,,,
23,67,True,0.782535,0.7825,none,,,False,,23,0,,,
23,36,True,0.259446,0.2594,none,,,False,,23,0,,,
23,48,True,0.376574,0.3766,none,,,False,,23,0,,,
23,70,True,0.788129,0.7881,none,,,False,,23,0,,,
23,38,True,0.536245,0.5362,none,,,False,,23,0,,,
23,94,True,0.555834,0.5558,none,,,False,,23,0,,,
23,9,True,0.807788,0.8078,none,,,False,,23,0,,,
23,47,True,0.438229,0.4382,none,,,False,,23,0,,,
24,16,True,0.378515,0.3785,none,,,False,,24,0,,,
24,98,True,0.546246,0.5462,none,,,False,,24,0,,,
24,84,True,0.921879,0.9219,none,,,False,,24,0,,,
24,11,True,0.522042,0.522,none,,,False,,24,0,,,
24,46,True,0.636745,0.6367,none,,,False,,24,0,,,
24,88,True,0.712232,0.7122,none,,,False,,24,0,,,
24,32,True,0.364088,0.3641,none,,,False,,24,0,,,
24,42,True,0.453912,0.4539,none,,,False,,24,0,,,
24,0,True,0.903681,0.9037,none,,,False,,24,0,,,
24,56,True,0.767855,0.7679,none,,,False,,24,0,,,
24,97,True,0.560808,0.5608,none,,,False,,24,0,,,
24,31,True,0.514684,0.5147,none,,,False,,24,0,,,
24,24,True,0.691271,0.6913,none,,,False,,24,0,,,
24,78,True,0.425821,0.4258,none,,,False,,24,0,,,
24,69,True,0.410787,0.4108,none,,,False,,24,0,,,
24,3,True,0.393376,0.3934,none,,,False,,24,0,,,
24,91,True,0.631929,0.6319,none,,,False,,24,0,,,
24,38,True,0.591961,0.592,none,,,False,,24,0,,,
24,47,True,0.492022,0.492,none,,,False,,24,0,,,
24,22,True,1.157734,1.1577,none,,,False,,24,0,,,
24,30,True,0.50434,0.5043,none,,,False,,24,0,,,
24,86,True,0.652278,0.6523,none,,,False,,24,0,,,
24,80,True,0.380915,0.3809,none,,,False,,24,0,,,
24,64,True,0.539988,0.54,none,,,False,,24,0,,,
24,8,True,0.576653,0.5767,none,,,False,,24,0,,,
24,70,True,0.700681,0.7007,none,,,False,,24,0,,,
24,12,True,0.332124,0.3321,none,,,False,,24,0,,,
24,95,True,0.718576,0.7186,none,,,False,,24,0,,,
24,67,True,0.606062,0.6061,none,,,False,,24,0,,,
24,34,True,0.445689,0.4457,none,,,False,,24,0,,,
24,55,True,0.746608,0.7466,none,,,False,,24,0,,,
24,77,True,0.224309,0.2243,none,,,False,,24,0,,,
24,15,True,0.673204,0.6732,none,,,False,,24,0,,,
24,9,True,0.651287,0.6513,none,,,False,,24,0,,,
24,10,True,0.558118,0.5581,none,,,False,,24,0,,,
24,35,True,0.57555,0.5756,none,,,False,,24,0,,,
25,34,True,0.397931,0.3979,none,,,False,,25,0,,,
25,95,True,0.588336,0.5883,none,,,False,,25,0,,,
25,13,True,0.76371,0.7637,none,,,False,,25,0,,,
25,38,True,0.525075,0.5251,none,,,False,,25,0,,,
25,75,True,1.497821,1.4978,none,,,False,,25,0,,,
25,35,True,0.593624,0.5936,none,,,False,,25,0,,,
25,56,True,0.710787,0.7108,none,,,False,,25,0,,,
25,66,True,0.372032,0.372,none,,,False,,25,0,,,
25,79,True,0.52259,0.5226,none,,,False,,25,0,,,
25,96,True,0.621406,0.6214,none,,,False,,25,0,,,
25,8,True,0.407516,0.4075,none,,,False,,25,0,,,
25,44,True,0.45067,0.4507,none,,,False,,25,0,,,
25,41,True,0.395659,0.3957,none,,,False,,25,0,,,
25,77,True,0.190915,0.1909,none,,,False,,25,0,,,
25,4,True,0.557729,0.5577,none,,,False,,25,0,,,
25,37,True,0.580011,0.58,none,,,False,,25,0,,,
25,94,True,0.675704,0.6757,none,,,False,,25,0,,,
25,68,True,0.709575,0.7096,none,,,False,,25,0,,,
25,88,True,0.449827,0.4498,none,,,False,,25,0,,,
25,0,True,0.40219,0.4022,none,,,False,,25,0,,,
25,47,True,0.500007,0.5,none,,,False,,25,0,,,
25,18,True,0.456353,0.4564,none,,,False,,25,0,,,
25,16,True,0.331303,0.3313,none,,,False,,25,0,,,
25,23,True,1.355088,1.3551,none,,,False,,25,0,,,
25,30,True,0.259151,0.2592,none,,,False,,25,0,,,
25,92,True,0.680707,0.6807,none,,,False,,25,0,,,
25,12,True,0.366224,0.3662,none,,,False,,25,0,,,
25,9,True,0.776422,0.7764,none,,,False,,25,0,,,
25,61,True,0.909569,0.9096,none,,,False,,25,0,,,
25,82,True,0.434456,0.4345,none,,,False,,25,0,,,
25,36,True,0.348626,0.3486,none,,,False,,25,0,,,
25,73,True,0.970152,0.9702,none,,,False,,25,0,,,
25,80,True,0.277695,0.2777,none,,,False,,25,0,,,
25,74,True,0.558857,0.5589,none,,,False,,25,0,,,
25,15,True,0.485837,0.4858,none,,,False,,25,0,,,
25,99,True,0.519666,0.5197,none,,,False,,25,0,,,
26,27,True,0.449349,0.4493,none,,,False,,26,0,,,
26,61,True,0.443226,0.4432,none,,,False,,26,0,,,
26,76,True,0.404562,0.4046,none,,,False,,26,0,,,
26,84,True,0.997096,0.9971,none,,,False,,26,0,,,
26,79,True,0.430063,0.4301,none,,,False,,26,0,,,
26,38,True,0.45528,0.4553,none,,,False,,26,0,,,
26,43,True,0.356409,0.3564,none,,,False,,26,0,,,
26,11,True,0.617642,0.6176,none,,,False,,26,0,,,
26,73,True,0.599354,0.5994,none,,,False,,26,0,,,
26,16,True,0.375496,0.3755,none,,,False,,26,0,,,
26,7,True,0.478806,0.4788,none,,,False,,26,0,,,
26,80,True,0.410892,0.4109,none,,,False,,26,0,,,
26,66,True,0.455339,0.4553,none,,,False,,26,0,,,
26,10,True,0.477379,0.4774,none,,,False,,26,0,,,
26,12,True,0.469307,0.4693,none,,,False,,26,0,,,
26,46,True,0.683448,0.6834,none,,,False,,26,0,,,
26,85,True,0.446506,0.4465,none,,,False,,26,0,,,
26,53,True,0.855347,0.8553,none,,,False,,26,0,,,
26,35,True,0.546684,0.5467,none,,,False,,26,0,,,
26,29,True,0.422552,0.4226,none,,,False,,26,0,,,
26,49,True,0.428507,0.4285,none,,,False,,26,0,,,
26,98,True,0.457397,0.4574,none,,,False,,26,0,,,
26,45,True,0.46098,0.461,none,,,False,,26,0,,,
26,22,True,1.01119,1.0112,none,,,False,,26,0,,,
26,42,True,0.532703,0.5327,none,,,False,,26,0,,,
26,32,True,0.143701,0.1437,none,,,False,,26,0,,,
26,40,True,0.547407,0.5474,none,,,False,,26,0,,,
26,58,True,0.37472,0.3747,none,,,False,,26,0,,,
26,63,True,0.37598,0.376,none,,,False,,26,0,,,
26,75,True,0.613746,0.6137,none,,,False,,26,0,,,
26,71,True,0.453326,0.4533,none,,,False,,26,0,,,
26,20,True,0.305215,0.3052,none,,,False,,26,0,,,
26,59,True,0.687019,0.687,none,,,False,,26,0,,,
26,39,True,0.170196,0.1702,none,,,False,,26,0,,,
26,89,True,0.444812,0.4448,none,,,False,,26,0,,,
26,21,True,0.824211,0.8242,none,,,False,,26,0,,,
27,18,True,0.524332,0.5243,none,,,False,,27,0,,,
27,7,True,0.391486,0.3915,none,,,False,,27,0,,,
27,75,True,0.396196,0.3962,none,,,False,,27,0,,,
27,48,True,0.393548,0.3935,none,,,False,,27,0,,,
27,40,True,0.743602,0.7436,none,,,False,,27,0,,,
27,88,True,0.594712,0.5947,none,,,False,,27,0,,,
27,63,True,0.393853,0.3939,none,,,False,,27,0,,,
27,85,True,0.62218,0.6222,none,,,False,,27,0,,,
27,25,True,0.430542,0.4305,none,,,False,,27,0,,,
27,36,True,0.332201,0.3322,none,,,False,,27,0,,,
27,51,True,0.551742,0.5517,none,,,False,,27,0,,,
27,69,True,0.354615,0.3546,none,,,False,,27,0,,,
27,10,True,0.421164,0.4212,none,,,False,,27,0,,,
27,70,True,0.68273,0.6827,none,,,False,,27,0,,,
27,41,True,0.345784,0.3458,none,,,False,,27,0,,,
27,83,True,0.413615,0.4136,none,,,False,,27,0,,,
27,26,True,0.684645,0.6846,none,,,False,,27,0,,,
27,60,True,0.46984,0.4698,none,,,False,,27,0,,,
27,98,True,0.52827,0.5283,none,,,False,,27,0,,,
27,94,True,0.39927,0.3993,none,,,False,,27,0,,,
27,22,True,0.789059,0.7891,none,,,False,,27,0,,,
27,32,True,0.453214,0.4532,none,,,False,,27,0,,,
27,34,True,0.400779,0.4008,none,,,False,,27,0,,,
27,2,True,0.982697,0.9827,none,,,False,,27,0,,,
27,89,True,0.282247,0.2822,none,,,False,,27,0,,,
27,49,True,0.3646,0.3646,none,,,False,,27,0,,,
27,92,True,0.256736,0.2567,none,,,False,,27,0,,,
27,11,True,0.560155,0.5602,none,,,False,,27,0,,,
27,14,True,0.976954,0.977,none,,,False,,27,0,,,
27,8,True,0.486089,0.4861,none,,,False,,27,0,,,
27,23,True,0.719903,0.7199,none,,,False,,27,0,,,
27,66,True,0.470428,0.4704,none,,,False,,27,0,,,
27,39,True,0.278376,0.2784,none,,,False,,27,0,,,
27,16,True,0.324406,0.3244,none,,,False,,27,0,,,
27,54,True,0.772213,0.7722,none,,,False,,27,0,,,
27,65,True,0.057619,0.0576,none,,,False,,27,0,,,
28,6,True,0.536751,0.5368,none,,,False,,28,0,,,
28,1,True,0.75286,0.7529,none,,,False,,28,0,,,
28,7,True,0.71512,0.7151,none,,,False,,28,0,,,
28,28,True,0.307291,0.3073,none,,,False,,28,0,,,
28,78,True,0.348187,0.3482,none,,,False,,28,0,,,
28,80,True,0.475111,0.4751,none,,,False,,28,0,,,
28,27,True,0.312917,0.3129,none,,,False,,28,0,,,
28,11,True,0.508778,0.5088,none,,,False,,28,0,,,
28,92,True,0.517901,0.5179,none,,,False,,28,0,,,
28,84,True,1.030209,1.0302,none,,,False,,28,0,,,
28,90,True,0.685664,0.6857,none,,,False,,28,0,,,
28,67,True,0.565663,0.5657,none,,,False,,28,0,,,
28,34,True,0.519932,0.5199,none,,,False,,28,0,,,
28,31,True,0.334685,0.3347,none,,,False,,28,0,,,
28,33,True,0.608436,0.6084,none,,,False,,28,0,,,
28,85,True,0.595152,0.5952,none,,,False,,28,0,,,
28,51,True,-0.299941,-0.2999,none,,,False,,28,0,,,
28,59,True,0.55154,0.5515,none,,,False,,28,0,,,
28,79,True,0.56126,0.5613,none,,,False,,28,0,,,
28,66,True,0.299688,0.2997,none,,,False,,28,0,,,
28,98,True,0.322962,0.323,none,,,False,,28,0,,,
28,13,True,0.534163,0.5342,none,,,False,,28,0,,,
28,8,True,0.431833,0.4318,none,,,False,,28,0,,,
28,9,True,0.609838,0.6098,none,,,False,,28,0,,,
28,74,True,0.385881,0.3859,none,,,False,,28,0,,,
28,57,True,0.375079,0.3751,none,,,False,,28,0,,,
28,10,True,0.32136,0.3214,none,,,False,,28,0,,,
28,42,True,0.394443,0.3944,none,,,False,,28,0,,,
28,73,True,0.736718,0.7367,none,,,False,,28,0,,,
28,46,True,0.519058,0.5191,none,,,False,,28,0,,,
28,49,True,0.566228,0.5662,none,,,False,,28,0,,,
28,20,True,0.248953,0.249,none,,,False,,28,0,,,
28,2,True,0.439053,0.4391,none,,,False,,28,0,,,
28,5,True,0.193324,0.1933,none,,,False,,28,0,,,
28,58,True,0.253262,0.2533,none,,,False,,28,0,,,
28,55,True,0.698167,0.6982,none,,,False,,28,0,,,
29,96,True,0.578018,0.578,none,,,False,,29,0,,,
29,2,True,0.838891,0.8389,none,,,False,,29,0,,,
29,35,True,0.616939,0.6169,none,,,False,,29,0,,,
29,27,True,0.290721,0.2907,none,,,False,,29,0,,,
29,92,True,0.398312,0.3983,none,,,False,,29,0,,,
29,50,True,0.663975,0.664,none,,,False,,29,0,,,
29,54,True,0.611709,0.6117,none,,,False,,29,0,,,
29,28,True,0.440166,0.4402,none,,,False,,29,0,,,
29,86,True,0.579816,0.5798,none,,,False,,29,0,,,
29,24,True,0.533107,0.5331,none,,,False,,29,0,,,
29,98,True,0.456716,0.4567,none,,,False,,29,0,,,
29,10,True,0.500023,0.5,none,,,False,,29,0,,,
29,89,True,0.482257,0.4823,none,,,False,,29,0,,,
29,33,True,0.547307,0.5473,none,,,False,,29,0,,,
29,88,True,0.667927,0.6679,none,,,False,,29,0,,,
29,3,True,0.272515,0.2725,none,,,False,,29,0,,,
29,94,True,0.28005,0.2801,none,,,False,,29,0,,,
29,13,True,0.410185,0.4102,none,,,False,,29,0,,,
29,30,True,0.41187,0.4119,none,,,False,,29,0,,,
29,82,True,0.427517,0.4275,none,,,False,,29,0,,,
29,12,True,0.351222,0.3512,none,,,False,,29,0,,,
29,39,True,0.234916,0.2349,none,,,False,,29,0,,,
29,34,True,0.264767,0.2648,none,,,False,,29,0,,,
29,61,True,0.558682,0.5587,none,,,False,,29,0,,,
29,53,True,1.082946,1.0829,none,,,False,,29,0,,,
29,16,True,0.426024,0.426,none,,,False,,29,0,,,
29,31,True,0.385272,0.3853,none,,,False,,29,0,,,
29,48,True,0.457499,0.4575,none,,,False,,29,0,,,
29,74,True,0.412714,0.4127,none,,,False,,29,0,,,
29,1,True,0.651205,0.6512,none,,,False,,29,0,,,
29,36,True,0.37361,0.3736,none,,,False,,29,0,,,
29,67,True,0.596475,0.5965,none,,,False,,29,0,,,
29,78,True,0.243266,0.2433,none,,,False,,29,0,,,
29,62,True,0.571558,0.5716,none,,,False,,29,0,,,
29,8,True,0.385027,0.385,none,,,False,,29,0,,,
29,97,True,0.686075,0.6861,none,,,False,,29,0,,,
30,97,True,0.633055,0.6331,none,,,False,,30,0,,,
30,72,True,1.08486,1.0849,none,,,False,,30,0,,,
30,45,True,0.407006,0.407,none,,,False,,30,0,,,
30,80,True,0.392615,0.3926,none,,,False,,30,0,,,
30,41,True,0.575995,0.576,none,,,False,,30,0,,,
30,67,True,0.662775,0.6628,none,,,False,,30,0,,,
30,24,True,0.817875,0.8179,none,,,False,,30,0,,,
30,31,True,0.285637,0.2856,none,,,False,,30,0,,,
30,55,True,0.686731,0.6867,none,,,False,,30,0,,,
30,58,True,0.106002,0.106,none,,,False,,30,0,,,
30,37,True,0.398306,0.3983,none,,,False,,30,0,,,
30,66,True,0.445172,0.4452,none,,,False,,30,0,,,
30,99,True,0.518972,0.519,none,,,False,,30,0,,,
30,63,True,0.488122,0.4881,none,,,False,,30,0,,,
30,17,True,0.264509,0.2645,none,,,False,,30,0,,,
30,60,True,0.537683,0.5377,none,,,False,,30,0,,,
30,8,True,0.363054,0.3631,none,,,False,,30,0,,,
30,79,True,0.536129,0.5361,none,,,False,,30,0,,,
30,82,True,0.403177,0.4032,none,,,False,,30,0,,,
30,46,True,0.55348,0.5535,none,,,False,,30,0,,,
30,43,True,0.377598,0.3776,none,,,False,,30,0,,,
30,10,True,0.279738,0.2797,none,,,False,,30,0,,,
30,1,True,0.729158,0.7292,none,,,False,,30,0,,,
30,35,True,0.598956,0.599,none,,,False,,30,0,,,
30,91,True,0.648634,0.6486,none,,,False,,30,0,,,
30,77,True,0.173767,0.1738,none,,,False,,30,0,,,
30,53,True,0.816607,0.8166,none,,,False,,30,0,,,
30,42,True,0.41504,0.415,none,,,False,,30,0,,,
30,86,True,0.477688,0.4777,none,,,False,,30,0,,,
30,92,True,0.454404,0.4544,none,,,False,,30,0,,,
30,27,True,0.41618,0.4162,none,,,False,,30,0,,,
30,7,True,0.371894,0.3719,none,,,False,,30,0,,,
30,11,True,0.329205,0.3292,none,,,False,,30,0,,,
30,32,True,0.334048,0.334,none,,,False,,30,0,,,
30,13,True,0.529329,0.5293,none,,,False,,30,0,,,
30,83,True,0.468461,0.4685,none,,,False,,30,0,,,
31,68,True,0.639301,0.6393,none,,,False,,31,0,,,
31,75,True,0.62744,0.6274,none,,,False,,31,0,,,
31,47,True,0.374252,0.3743,none,,,False,,31,0,,,
31,19,True,0.452195,0.4522,none,,,False,,31,0,,,
31,83,True,0.533873,0.5339,none,,,False,,31,0,,,
31,33,True,0.504967,0.505,none,,,False,,31,0,,,
31,27,True,0.341221,0.3412,none,,,False,,31,0,,,
31,28,True,0.539747,0.5397,none,,,False,,31,0,,,
31,71,True,0.250465,0.2505,none,,,False,,31,0,,,
31,84,True,0.891176,0.8912,none,,,False,,31,0,,,
31,0,True,0.508246,0.5082,none,,,False,,31,0,,,
31,4,True,0.389487,0.3895,none,,,False,,31,0,,,
31,57,True,0.344686,0.3447,none,,,False,,31,0,,,
31,55,True,0.73082,0.7308,none,,,False,,31,0,,,
31,94,True,0.412715,0.4127,none,,,False,,31,0,,,
31,59,True,0.587129,0.5871,none,,,False,,31,0,,,
31,46,True,0.483053,0.4831,none,,,False,,31,0,,,
31,3,True,0.344765,0.3448,none,,,False,,31,0,,,
31,16,True,0.414817,0.4148,none,,,False,,31,0,,,
31,44,True,0.493338,0.4933,none,,,False,,31,0,,,
31,14,True,0.794746,0.7947,none,,,False,,31,0,,,
31,67,True,0.584688,0.5847,none,,,False,,31,0,,,
31,77,True,0.197065,0.1971,none,,,False,,31,0,,,
31,79,True,0.409342,0.4093,none,,,False,,31,0,,,
31,13,True,0.406917,0.4069,none,,,False,,31,0,,,
31,74,True,0.626648,0.6266,none,,,False,,31,0,,,
31,63,True,0.233567,0.2336,none,,,False,,31,0,,,
31,62,True,0.595705,0.5957,none,,,False,,31,0,,,
31,53,True,0.768403,0.7684,none,,,False,,31,0,,,
31,23,True,0.53874,0.5387,none,,,False,,31,0,,,
31,32,True,0.494862,0.4949,none,,,False,,31,0,,,
31,2,True,0.670196,0.6702,none,,,False,,31,0,,,
31,61,True,0.413808,0.4138,none,,,False,,31,0,,,
31,6,True,0.402806,0.4028,none,,,False,,31,0,,,
31,5,True,0.245564,0.2456,none,,,False,,31,0,,,
31,48,True,0.431464,0.4315,none,,,False,,31,0,,,
32,71,True,0.165936,0.1659,none,,,False,,32,0,,,
32,37,True,0.463486,0.4635,none,,,False,,32,0,,,
32,15,True,0.551328,0.5513,none,,,False,,32,0,,,
32,84,True,0.652891,0.6529,none,,,False,,32,0,,,
32,68,True,0.627869,0.6279,none,,,False,,32,0,,,
32,62,True,0.444437,0.4444,none,,,False,,32,0,,,
32,65,True,0.582337,0.5823,none,,,False,,32,0,,,
32,5,True,0.233824,0.2338,none,,,False,,32,0,,,
32,3,True,0.307328,0.3073,none,,,False,,32,0,,,
32,41,True,0.42966,0.4297,none,,,False,,32,0,,,
32,91,True,0.615556,0.6156,none,,,False,,32,0,,,
32,45,True,0.373351,0.3734,none,,,False,,32,0,,,
32,93,True,0.445068,0.4451,none,,,False,,32,0,,,
32,69,True,0.328237,0.3282,none,,,False,,32,0,,,
32,53,True,0.89008,0.8901,none,,,False,,32,0,,,
32,44,True,0.636622,0.6366,none,,,False,,32,0,,,
32,1,True,0.696771,0.6968,none,,,False,,32,0,,,
32,99,True,0.535558,0.5356,none,,,False,,32,0,,,
32,26,True,0.665543,0.6655,none,,,False,,32,0,,,
32,75,True,0.808022,0.808,none,,,False,,32,0,,,
32,38,True,0.509723,0.5097,none,,,False,,32,0,,,
32,27,True,0.277469,0.2775,none,,,False,,32,0,,,
32,22,True,1.019364,1.0194,none,,,False,,32,0,,,
32,47,True,0.46661,0.4666,none,,,False,,32,0,,,
32,48,True,0.365188,0.3652,none,,,False,,32,0,,,
32,46,True,0.524746,0.5247,none,,,False,,32,0,,,
32,83,True,0.364949,0.3649,none,,,False,,32,0,,,
32,18,True,0.468506,0.4685,none,,,False,,32,0,,,
32,24,True,0.729775,0.7298,none,,,False,,32,0,,,
32,63,True,0.361405,0.3614,none,,,False,,32,0,,,
32,19,True,0.283778,0.2838,none,,,False,,32,0,,,
32,7,True,0.629241,0.6292,none,,,False,,32,0,,,
32,82,True,0.449315,0.4493,none,,,False,,32,0,,,
32,34,True,0.393219,0.3932,none,,,False,,32,0,,,
32,98,True,0.450675,0.4507,none,,,False,,32,0,,,
32,2,True,0.798962,0.799,none,,,False,,32,0,,,
33,28,True,0.285762,0.2858,none,,,False,,33,0,,,
33,61,True,0.681529,0.6815,none,,,False,,33,0,,,
33,98,True,0.330279,0.3303,none,,,False,,33,0,,,
33,11,True,0.580699,0.5807,none,,,False,,33,0,,,
33,55,True,0.82566,0.8257,none,,,False,,33,0,,,
33,24,True,0.618813,0.6188,none,,,False,,33,0,,,
33,20,True,0.336306,0.3363,none,,,False,,33,0,,,
33,83,True,0.49295,0.4929,none,,,False,,33,0,,,
33,52,True,0.878759,0.8788,none,,,False,,33,0,,,
33,93,True,0.432165,0.4322,none,,,False,,33,0,,,
33,1,True,0.667287,0.6673,none,,,False,,33,0,,,
33,58,True,0.333374,0.3334,none,,,False,,33,0,,,
33,4,True,0.522239,0.5222,none,,,False,,33,0,,,
33,48,True,0.378394,0.3784,none,,,False,,33,0,,,
33,62,True,0.437931,0.4379,none,,,False,,33,0,,,
33,51,True,0.185127,0.1851,none,,,False,,33,0,,,
33,12,True,0.532154,0.5322,none,,,False,,33,0,,,
33,74,True,0.543297,0.5433,none,,,False,,33,0,,,
33,63,True,0.399132,0.3991,none,,,False,,33,0,,,
33,29,True,0.276954,0.277,none,,,False,,33,0,,,
33,3,True,0.376097,0.3761,none,,,False,,33,0,,,
33,59,True,0.613514,0.6135,none,,,False,,33,0,,,
33,18,True,0.326652,0.3267,none,,,False,,33,0,,,
33,75,True,1.105606,1.1056,none,,,False,,33,0,,,
33,15,True,0.631056,0.6311,none,,,False,,33,0,,,
33,54,True,0.5487,0.5487,none,,,False,,33,0,,,
33,49,True,0.36592,0.3659,none,,,False,,33,0,,,
33,56,True,0.645627,0.6456,none,,,False,,33,0,,,
33,67,True,0.534816,0.5348,none,,,False,,33,0,,,
33,97,True,0.546313,0.5463,none,,,False,,33,0,,,
33,5,True,0.221734,0.2217,none,,,False,,33,0,,,
33,53,True,0.683341,0.6833,none,,,False,,33,0,,,
33,88,True,0.481154,0.4812,none,,,False,,33,0,,,
33,16,True,0.442949,0.4429,none,,,False,,33,0,,,
33,60,True,0.527463,0.5275,none,,,False,,33,0,,,
33,91,True,0.593596,0.5936,none,,,False,,33,0,,,
34,34,True,0.511632,0.5116,none,,,False,,34,0,,,
34,40,True,0.631385,0.6314,none,,,False,,34,0,,,
34,93,True,0.475492,0.4755,none,,,False,,34,0,,,
34,68,True,0.586452,0.5865,none,,,False,,34,0,,,
34,51,True,0.315839,0.3158,none,,,False,,34,0,,,
34,89,True,0.440678,0.4407,none,,,False,,34,0,,,
34,42,True,0.467847,0.4678,none,,,False,,34,0,,,
34,81,True,0.549139,0.5491,none,,,False,,34,0,,,
34,20,True,0.16686,0.1669,none,,,False,,34,0,,,
34,96,True,0.68425,0.6842,none,,,False,,34,0,,,
34,73,True,0.560109,0.5601,none,,,False,,34,0,,,
34,8,True,0.341772,0.3418,none,,,False,,34,0,,,
34,17,True,0.266835,0.2668,none,,,False,,34,0,,,
34,3,True,0.373142,0.3731,none,,,False,,34,0,,,
34,79,True,0.519129,0.5191,none,,,False,,34,0,,,
34,21,True,0.65086,0.6509,none,,,False,,34,0,,,
34,99,True,0.676199,0.6762,none,,,False,,34,0,,,
34,77,True,0.165767,0.1658,none,,,False,,34,0,,,
34,80,True,0.35895,0.3589,none,,,False,,34,0,,,
34,32,True,0.477483,0.4775,none,,,False,,34,0,,,
34,82,True,0.487673,0.4877,none,,,False,,34,0,,,
34,54,True,0.732933,0.7329,none,,,False,,34,0,,,
34,87,True,0.278423,0.2784,none,,,False,,34,0,,,
34,75,True,0.793003,0.793,none,,,False,,34,0,,,
34,92,True,0.364246,0.3642,none,,,False,,34,0,,,
34,13,True,0.349473,0.3495,none,,,False,,34,0,,,
34,41,True,0.499142,0.4991,none,,,False,,34,0,,,
34,98,True,0.288301,0.2883,none,,,False,,34,0,,,
34,39,True,0.133098,0.1331,none,,,False,,34,0,,,
34,7,True,-0.385705,-0.3857,none,,,False,,34,0,,,
34,85,True,0.413352,0.4134,none,,,False,,34,0,,,
34,45,True,0.470548,0.4705,none,,,False,,34,0,,,
34,72,True,1.102554,1.1026,none,,,False,,34,0,,,
34,65,True,0.549342,0.5493,none,,,False,,34,0,,,
34,24,True,0.721755,0.7218,none,,,False,,34,0,,,
34,56,True,0.657599,0.6576,none,,,False,,34,0,,,
35,75,True,0.828716,0.8287,none,,,False,,35,0,,,
35,97,True,0.706986,0.707,none,,,False,,35,0,,,
35,74,True,0.549106,0.5491,none,,,False,,35,0,,,
35,88,True,0.574471,0.5745,none,,,False,,35,0,,,
35,61,True,0.561016,0.561,none,,,False,,35,0,,,
35,70,True,0.772802,0.7728,none,,,False,,35,0,,,
35,96,True,0.616576,0.6166,none,,,False,,35,0,,,
35,31,True,0.366745,0.3667,none,,,False,,35,0,,,
35,33,True,0.525216,0.5252,none,,,False,,35,0,,,
35,71,True,0.285519,0.2855,none,,,False,,35,0,,,
35,56,True,0.537813,0.5378,none,,,False,,35,0,,,
35,3,True,0.319051,0.3191,none,,,False,,35,0,,,
35,63,True,0.391449,0.3914,none,,,False,,35,0,,,
35,67,True,0.479099,0.4791,none,,,False,,35,0,,,
35,68,True,0.334753,0.3348,none,,,False,,35,0,,,
35,9,True,0.76157,0.7616,none,,,False,,35,0,,,
35,83,True,0.451179,0.4512,none,,,False,,35,0,,,
35,4,True,0.439201,0.4392,none,,,False,,35,0,,,
35,12,True,0.46343,0.4634,none,,,False,,35,0,,,
35,69,True,0.370478,0.3705,none,,,False,,35,0,,,
35,16,True,0.4019,0.4019,none,,,False,,35,0,,,
35,35,True,0.586659,0.5867,none,,,False,,35,0,,,
35,39,True,0.102553,0.1026,none,,,False,,35,0,,,
35,52,True,0.874615,0.8746,none,,,False,,35,0,,,
35,91,True,0.707445,0.7074,none,,,False,,35,0,,,
35,14,True,0.951249,0.9512,none,,,False,,35,0,,,
35,55,True,0.679193,0.6792,none,,,False,,35,0,,,
35,2,True,0.827809,0.8278,none,,,False,,35,0,,,
35,51,True,0.198441,0.1984,none,,,False,,35,0,,,
35,43,True,0.260263,0.2603,none,,,False,,35,0,,,
35,76,True,0.396638,0.3966,none,,,False,,35,0,,,
35,58,True,-0.274676,-0.2747,none,,,False,,35,0,,,
35,8,True,0.408093,0.4081,none,,,False,,35,0,,,
35,37,True,0.574582,0.5746,none,,,False,,35,0,,,
35,48,True,0.437175,0.4372,none,,,False,,35,0,,,
35,45,True,0.504049,0.504,none,,,False,,35,0,,,
36,17,True,0.353914,0.3539,none,,,False,,36,0,,,
36,44,True,0.595216,0.5952,none,,,False,,36,0,,,
36,37,True,0.101963,0.102,none,,,False,,36,0,,,
36,57,True,0.408055,0.4081,none,,,False,,36,0,,,
36,86,True,0.470756,0.4708,none,,,False,,36,0,,,
36,97,True,0.247388,0.2474,none,,,False,,36,0,,,
36,28,True,0.48059,0.4806,none,,,False,,36,0,,,
36,78,True,0.433644,0.4336,none,,,False,,36,0,,,
36,96,True,0.727516,0.7275,none,,,False,,36,0,,,
36,22,True,0.918372,0.9184,none,,,False,,36,0,,,
36,38,True,0.601074,0.6011,none,,,False,,36,0,,,
36,27,True,0.504527,0.5045,none,,,False,,36,0,,,
36,12,True,0.559907,0.5599,none,,,False,,36,0,,,
36,51,True,0.257745,0.2577,none,,,False,,36,0,,,
36,20,True,0.280065,0.2801,none,,,False,,36,0,,,
36,30,True,0.305422,0.3054,none,,,False,,36,0,,,
36,79,True,0.504828,0.5048,none,,,False,,36,0,,,
36,93,True,0.411326,0.4113,none,,,False,,36,0,,,
36,45,True,0.447711,0.4477,none,,,False,,36,0,,,
36,89,True,0.385212,0.3852,none,,,False,,36,0,,,
36,13,True,0.529679,0.5297,none,,,False,,36,0,,,
36,47,True,0.499696,0.4997,none,,,False,,36,0,,,
36,48,True,0.051796,0.0518,none,,,False,,36,0,,,
36,88,True,0.38566,0.3857,none,,,False,,36,0,,,
36,3,True,0.407053,0.4071,none,,,False,,36,0,,,
36,56,True,0.608321,0.6083,none,,,False,,36,0,,,
36,9,True,0.688703,0.6887,none,,,False,,36,0,,,
36,60,True,0.627506,0.6275,none,,,False,,36,0,,,
36,19,True,0.66792,0.6679,none,,,False,,36,0,,,
36,80,True,0.342119,0.3421,none,,,False,,36,0,,,
36,61,True,0.320858,0.3209,none,,,False,,36,0,,,
36,4,True,0.498723,0.4987,none,,,False,,36,0,,,
36,73,True,0.61728,0.6173,none,,,False,,36,0,,,
36,0,True,0.585897,0.5859,none,,,False,,36,0,,,
36,39,True,0.291945,0.2919,none,,,False,,36,0,,,
36,67,True,0.624009,0.624,none,,,False,,36,0,,,
37,37,True,0.505578,0.5056,none,,,False,,37,0,,,
37,46,True,0.513394,0.5134,none,,,False,,37,0,,,
37,24,True,0.743458,0.7435,none,,,False,,37,0,,,
37,91,True,0.625521,0.6255,none,,,False,,37,0,,,
37,51,True,0.462493,0.4625,none,,,False,,37,0,,,
37,73,True,0.586277,0.5863,none,,,False,,37,0,,,
37,38,True,0.482692,0.4827,none,,,False,,37,0,,,
37,20,True,0.074894,0.0749,none,,,False,,37,0,,,
37,17,True,0.178095,0.1781,none,,,False,,37,0,,,
37,3,True,0.15382,0.1538,none,,,False,,37,0,,,
37,88,True,0.582267,0.5823,none,,,False,,37,0,,,
37,55,True,0.62946,0.6295,none,,,False,,37,0,,,
37,77,True,0.194624,0.1946,none,,,False,,37,0,,,
37,7,True,0.358736,0.3587,none,,,False,,37,0,,,
37,16,True,0.408847,0.4088,none,,,False,,37,0,,,
37,29,True,0.317146,0.3171,none,,,False,,37,0,,,
37,1,True,0.682923,0.6829,none,,,False,,37,0,,,
37,15,True,0.564191,0.5642,none,,,False,,37,0,,,
37,59,True,0.462336,0.4623,none,,,False,,37,0,,,
37,63,True,0.46062,0.4606,none,,,False,,37,0,,,
37,21,True,0.648586,0.6486,none,,,False,,37,0,,,
37,78,True,0.307187,0.3072,none,,,False,,37,0,,,
37,50,True,0.538185,0.5382,none,,,False,,37,0,,,
37,97,True,0.623774,0.6238,none,,,False,,37,0,,,
37,41,True,0.51423,0.5142,none,,,False,,37,0,,,
37,89,True,0.36577,0.3658,none,,,False,,37,0,,,
37,52,True,0.879014,0.879,none,,,False,,37,0,,,
37,68,True,0.75974,0.7597,none,,,False,,37,0,,,
37,95,True,0.664455,0.6645,none,,,False,,37,0,,,
37,96,True,0.464285,0.4643,none,,,False,,37,0,,,
37,9,True,0.699399,0.6994,none,,,False,,37,0,,,
37,67,True,0.465913,0.4659,none,,,False,,37,0,,,
37,30,True,0.458614,0.4586,none,,,False,,37,0,,,
37,47,True,0.344718,0.3447,none,,,False,,37,0,,,
37,80,True,0.235846,0.2358,none,,,False,,37,0,,,
37,6,True,0.438105,0.4381,none,,,False,,37,0,,,
38,79,True,0.406955,0.407,none,,,False,,38,0,,,
38,13,True,0.625666,0.6257,none,,,False,,38,0,,,
38,14,True,0.629893,0.6299,none,,,False,,38,0,,,
38,85,True,0.506896,0.5069,none,,,False,,38,0,,,
38,31,True,0.331665,0.3317,none,,,False,,38,0,,,
38,92,True,0.520935,0.5209,none,,,False,,38,0,,,
38,32,True,0.479483,0.4795,none,,,False,,38,0,,,
38,64,True,0.483401,0.4834,none,,,False,,38,0,,,
38,8,True,0.44855,0.4486,none,,,False,,38,0,,,
38,49,True,0.385503,0.3855,none,,,False,,38,0,,,
38,98,True,0.469904,0.4699,none,,,False,,38,0,,,
38,10,True,0.332522,0.3325,none,,,False,,38,0,,,
38,74,True,0.560326,0.5603,none,,,False,,38,0,,,
38,30,True,0.076146,0.0761,none,,,False,,38,0,,,
38,22,True,0.702167,0.7022,none,,,False,,38,0,,,
38,33,True,0.604561,0.6046,none,,,False,,38,0,,,
38,6,True,0.481932,0.4819,none,,,False,,38,0,,,
38,5,True,0.258794,0.2588,none,,,False,,38,0,,,
38,25,True,0.484264,0.4843,none,,,False,,38,0,,,
38,84,True,0.814132,0.8141,none,,,False,,38,0,,,
38,73,True,0.63034,0.6303,none,,,False,,38,0,,,
38,50,True,0.41091,0.4109,none,,,False,,38,0,,,
38,94,True,0.55304,0.553,none,,,False,,38,0,,,
38,54,True,0.531878,0.5319,none,,,False,,38,0,,,
38,2,True,0.628163,0.6282,none,,,False,,38,0,,,
38,80,True,0.274654,0.2747,none,,,False,,38,0,,,
38,72,True,1.022136,1.0221,none,,,False,,38,0,,,
38,67,True,0.454569,0.4546,none,,,False,,38,0,,,
38,83,True,0.568663,0.5687,none,,,False,,38,0,,,
38,65,True,0.410264,0.4103,none,,,False,,38,0,,,
38,51,True,0.518469,0.5185,none,,,False,,38,0,,,
38,56,True,0.659124,0.6591,none,,,False,,38,0,,,
38,39,True,0.398142,0.3981,none,,,False,,38,0,,,
38,88,True,0.340933,0.3409,none,,,False,,38,0,,,
38,77,True,0.247056,0.2471,none,,,False,,38,0,,,
38,40,True,0.700183,0.7002,none,,,False,,38,0,,,
39,84,True,0.876792,0.8768,none,,,False,,39,0,,,
39,17,True,0.29864,0.2986,none,,,False,,39,0,,,
39,88,True,0.383079,0.3831,none,,,False,,39,0,,,
39,36,True,0.432479,0.4325,none,,,False,,39,0,,,
39,38,True,0.495833,0.4958,none,,,False,,39,0,,,
39,79,True,0.576244,0.5762,none,,,False,,39,0,,,
39,97,True,0.749448,0.7494,none,,,False,,39,0,,,
39,27,True,0.376,0.376,none,,,False,,39,0,,,
39,55,True,0.798843,0.7988,none,,,False,,39,0,,,
39,9,True,0.735159,0.7352,none,,,False,,39,0,,,
39,61,True,0.472817,0.4728,none,,,False,,39,0,,,
39,7,True,0.561047,0.561,none,,,False,,39,0,,,
39,22,True,0.815175,0.8152,none,,,False,,39,0,,,
39,93,True,0.487267,0.4873,none,,,False,,39,0,,,
39,59,True,0.649096,0.6491,none,,,False,,39,0,,,
39,2,True,0.395982,0.396,none,,,False,,39,0,,,
39,94,True,0.469766,0.4698,none,,,False,,39,0,,,
39,34,True,0.554493,0.5545,none,,,False,,39,0,,,
39,26,True,0.470404,0.4704,none,,,False,,39,0,,,
39,89,True,0.422391,0.4224,none,,,False,,39,0,,,
39,4,True,0.542789,0.5428,none,,,False,,39,0,,,
39,30,True,0.218307,0.2183,none,,,False,,39,0,,,
39,44,True,0.673812,0.6738,none,,,False,,39,0,,,
39,15,True,0.586768,0.5868,none,,,False,,39,0,,,
39,77,True,0.222074,0.2221,none,,,False,,39,0,,,
39,45,True,0.328204,0.3282,none,,,False,,39,0,,,
39,74,True,0.483797,0.4838,none,,,False,,39,0,,,
39,75,True,0.84756,0.8476,none,,,False,,39,0,,,
39,47,True,0.434007,0.434,none,,,False,,39,0,,,
39,33,True,0.411965,0.412,none,,,False,,39,0,,,
39,37,True,0.577128,0.5771,none,,,False,,39,0,,,
39,24,True,0.75679,0.7568,none,,,False,,39,0,,,
39,40,True,0.643343,0.6433,none,,,False,,39,0,,,
39,82,True,0.42495,0.425,none,,,False,,39,0,,,
39,25,True,0.62047,0.6205,none,,,False,,39,0,,,
39,0,True,0.681042,0.681,none,,,False,,39,0,,,
40,68,True,0.655756,0.6558,none,,,False,,40,0,,,
40,26,True,0.736942,0.7369,none,,,False,,40,0,,,
40,0,True,0.474397,0.4744,none,,,False,,40,0,,,
40,63,True,0.389372,0.3894,none,,,False,,40,0,,,
40,95,True,0.710189,0.7102,none,,,False,,40,0,,,
40,83,True,0.450341,0.4503,none,,,False,,40,0,,,
40,81,True,0.3846,0.3846,none,,,False,,40,0,,,
40,86,True,0.596809,0.5968,none,,,False,,40,0,,,
40,45,True,0.198,0.198,none,,,False,,40,0,,,
40,78,True,0.305668,0.3057,none,,,False,,40,0,,,
40,38,True,0.471105,0.4711,none,,,False,,40,0,,,
40,11,True,0.616963,0.617,none,,,False,,40,0,,,
40,19,True,0.468031,0.468,none,,,False,,40,0,,,
40,42,True,0.473784,0.4738,none,,,False,,40,0,,,
40,53,True,0.338476,0.3385,none,,,False,,40,0,,,
40,72,True,0.890477,0.8905,none,,,False,,40,0,,,
40,70,True,0.622484,0.6225,none,,,False,,40,0,,,
40,97,True,0.612241,0.6122,none,,,False,,40,0,,,
40,24,True,0.760425,0.7604,none,,,False,,40,0,,,
40,27,True,0.3809,0.3809,none,,,False,,40,0,,,
40,57,True,0.377341,0.3773,none,,,False,,40,0,,,
40,46,True,0.526095,0.5261,none,,,False,,40,0,,,
40,74,True,0.505411,0.5054,none,,,False,,40,0,,,
40,36,True,0.433211,0.4332,none,,,False,,40,0,,,
40,7,True,0.374086,0.3741,none,,,False,,40,0,,,
40,92,True,0.325899,0.3259,none,,,False,,40,0,,,
40,91,True,0.661066,0.6611,none,,,False,,40,0,,,
40,88,True,0.437565,0.4376,none,,,False,,40,0,,,
40,35,True,0.384921,0.3849,none,,,False,,40,0,,,
40,58,True,0.294985,0.295,none,,,False,,40,0,,,
40,15,True,0.531165,0.5312,none,,,False,,40,0,,,
40,99,True,0.587141,0.5871,none,,,False,,40,0,,,
40,29,True,0.372104,0.3721,none,,,False,,40,0,,,
40,49,True,0.33782,0.3378,none,,,False,,40,0,,,
40,4,True,0.461227,0.4612,none,,,False,,40,0,,,
40,33,True,0.473024,0.473,none,,,False,,40,0,,,
41,34,True,0.453962,0.454,none,,,False,,41,0,,,
41,42,True,0.426967,0.427,none,,,False,,41,0,,,
41,33,True,0.53638,0.5364,none,,,False,,41,0,,,
41,23,True,0.83491,0.8349,none,,,False,,41,0,,,
41,11,True,0.455711,0.4557,none,,,False,,41,0,,,
41,41,True,0.452239,0.4522,none,,,False,,41,0,,,
41,18,True,0.506559,0.5066,none,,,False,,41,0,,,
41,48,True,0.478871,0.4789,none,,,False,,41,0,,,
41,88,True,0.576408,0.5764,none,,,False,,41,0,,,
41,40,True,0.458929,0.4589,none,,,False,,41,0,,,
41,59,True,0.46386,0.4639,none,,,False,,41,0,,,
41,35,True,0.455201,0.4552,none,,,False,,41,0,,,
41,83,True,0.5593,0.5593,none,,,False,,41,0,,,
41,49,True,0.308259,0.3083,none,,,False,,41,0,,,
41,87,True,0.407704,0.4077,none,,,False,,41,0,,,
41,77,True,0.210979,0.211,none,,,False,,41,0,,,
41,27,True,0.366651,0.3667,none,,,False,,41,0,,,
41,29,True,0.240886,0.2409,none,,,False,,41,0,,,
41,64,True,0.506793,0.5068,none,,,False,,41,0,,,
41,98,True,0.481176,0.4812,none,,,False,,41,0,,,
41,8,True,0.41477,0.4148,none,,,False,,41,0,,,
41,81,True,0.42259,0.4226,none,,,False,,41,0,,,
41,32,True,0.45127,0.4513,none,,,False,,41,0,,,
41,44,True,0.391285,0.3913,none,,,False,,41,0,,,
41,20,True,0.155679,0.1557,none,,,False,,41,0,,,
41,65,True,0.449312,0.4493,none,,,False,,41,0,,,
41,12,True,0.350136,0.3501,none,,,False,,41,0,,,
41,7,True,0.424906,0.4249,none,,,False,,41,0,,,
41,57,True,0.150506,0.1505,none,,,False,,41,0,,,
41,22,True,0.868398,0.8684,none,,,False,,41,0,,,
41,71,True,0.249324,0.2493,none,,,False,,41,0,,,
41,6,True,0.34413,0.3441,none,,,False,,41,0,,,
41,10,True,0.381194,0.3812,none,,,False,,41,0,,,
41,38,True,0.546171,0.5462,none,,,False,,41,0,,,
41,15,True,0.616941,0.6169,none,,,False,,41,0,,,
41,99,True,0.632728,0.6327,none,,,False,,41,0,,,
42,63,True,0.299452,0.2995,none,,,False,,42,0,,,
42,65,True,0.447776,0.4478,none,,,False,,42,0,,,
42,99,True,0.743984,0.744,none,,,False,,42,0,,,
42,44,True,0.399722,0.3997,none,,,False,,42,0,,,
42,28,True,0.427695,0.4277,none,,,False,,42,0,,,
42,33,True,0.497437,0.4974,none,,,False,,42,0,,,
42,95,True,0.723023,0.723,none,,,False,,42,0,,,
42,59,True,0.449199,0.4492,none,,,False,,42,0,,,
42,38,True,0.562921,0.5629,none,,,False,,42,0,,,
42,42,True,0.571499,0.5715,none,,,False,,42,0,,,
42,43,True,0.202952,0.203,none,,,False,,42,0,,,
42,34,True,0.502982,0.503,none,,,False,,42,0,,,
42,57,True,0.222546,0.2225,none,,,False,,42,0,,,
42,61,True,0.59715,0.5971,none,,,False,,42,0,,,
42,22,True,0.877438,0.8774,none,,,False,,42,0,,,
42,25,True,0.533177,0.5332,none,,,False,,42,0,,,
42,85,True,0.624239,0.6242,none,,,False,,42,0,,,
42,50,True,0.494246,0.4942,none,,,False,,42,0,,,
42,6,True,0.37501,0.375,none,,,False,,42,0,,,
42,70,True,0.60655,0.6066,none,,,False,,42,0,,,
42,18,True,0.490688,0.4907,none,,,False,,42,0,,,
42,68,True,0.725001,0.725,none,,,False,,42,0,,,
42,97,True,0.65489,0.6549,none,,,False,,42,0,,,
42,9,True,0.718656,0.7187,none,,,False,,42,0,,,
42,32,True,0.444643,0.4446,none,,,False,,42,0,,,
42,19,True,0.519899,0.5199,none,,,False,,42,0,,,
42,4,True,0.518275,0.5183,none,,,False,,42,0,,,
42,5,True,0.188787,0.1888,none,,,False,,42,0,,,
42,60,True,0.369124,0.3691,none,,,False,,42,0,,,
42,17,True,0.177439,0.1774,none,,,False,,42,0,,,
42,93,True,0.360507,0.3605,none,,,False,,42,0,,,
42,54,True,0.679863,0.6799,none,,,False,,42,0,,,
42,39,True,0.194817,0.1948,none,,,False,,42,0,,,
42,71,True,0.362881,0.3629,none,,,False,,42,0,,,
42,10,True,0.455595,0.4556,none,,,False,,42,0,,,
42,80,True,0.2476,0.2476,none,,,False,,42,0,,,
43,25,True,0.399866,0.3999,none,,,False,,43,0,,,
43,87,True,0.491268,0.4913,none,,,False,,43,0,,,
43,23,True,0.729851,0.7299,none,,,False,,43,0,,,
43,13,True,0.467007,0.467,none,,,False,,43,0,,,
43,62,True,0.574815,0.5748,none,,,False,,43,0,,,
43,11,True,0.506368,0.5064,none,,,False,,43,0,,,
43,2,True,0.834972,0.835,none,,,False,,43,0,,,
43,79,True,0.321387,0.3214,none,,,False,,43,0,,,
43,67,True,0.543115,0.5431,none,,,False,,43,0,,,
43,55,True,0.545264,0.5453,none,,,False,,43,0,,,
43,40,True,0.681312,0.6813,none,,,False,,43,0,,,
43,32,True,0.524122,0.5241,none,,,False,,43,0,,,
43,88,True,0.692039,0.692,none,,,False,,43,0,,,
43,82,True,0.396872,0.3969,none,,,False,,43,0,,,
43,77,True,0.222713,0.2227,none,,,False,,43,0,,,
43,98,True,0.466441,0.4664,none,,,False,,43,0,,,
43,52,True,0.787679,0.7877,none,,,False,,43,0,,,
43,46,True,0.318912,0.3189,none,,,False,,43,0,,,
43,86,True,0.464299,0.4643,none,,,False,,43,0,,,
43,70,True,0.202586,0.2026,none,,,False,,43,0,,,
43,20,True,0.210836,0.2108,none,,,False,,43,0,,,
43,9,True,0.698037,0.698,none,,,False,,43,0,,,
43,4,True,0.443733,0.4437,none,,,False,,43,0,,,
43,0,True,0.535793,0.5358,none,,,False,,43,0,,,
43,56,True,0.600538,0.6005,none,,,False,,43,0,,,
43,39,True,0.147788,0.1478,none,,,False,,43,0,,,
43,90,True,0.546714,0.5467,none,,,False,,43,0,,,
43,14,True,0.564967,0.565,none,,,False,,43,0,,,
43,80,True,0.303526,0.3035,none,,,False,,43,0,,,
43,71,True,0.188689,0.1887,none,,,False,,43,0,,,
43,5,True,0.23258,0.2326,none,,,False,,43,0,,,
43,97,True,0.592506,0.5925,none,,,False,,43,0,,,
43,8,True,0.352355,0.3524,none,,,False,,43,0,,,
43,84,True,0.828838,0.8288,none,,,False,,43,0,,,
43,30,True,0.189146,0.1891,none,,,False,,43,0,,,
43,15,True,0.543181,0.5432,none,,,False,,43,0,,,
44,32,True,0.180508,0.1805,none,,,False,,44,0,,,
44,5,True,0.318699,0.3187,none,,,False,,44,0,,,
44,35,True,0.737478,0.7375,none,,,False,,44,0,,,
44,84,True,0.756949,0.7569,none,,,False,,44,0,,,
44,34,True,0.626386,0.6264,none,,,False,,44,0,,,
44,92,True,0.55875,0.5587,none,,,False,,44,0,,,
44,3,True,0.187443,0.1874,none,,,False,,44,0,,,
44,97,True,0.523196,0.5232,none,,,False,,44,0,,,
44,21,True,0.726597,0.7266,none,,,False,,44,0,,,
44,88,True,0.328072,0.3281,none,,,False,,44,0,,,
44,28,True,0.521662,0.5217,none,,,False,,44,0,,,
44,37,True,0.513137,0.5131,none,,,False,,44,0,,,
44,15,True,0.57227,0.5723,none,,,False,,44,0,,,
44,12,True,0.611866,0.6119,none,,,False,,44,0,,,
44,7,True,0.557229,0.5572,none,,,False,,44,0,,,
44,74,True,0.480836,0.4808,none,,,False,,44,0,,,
44,10,True,0.232128,0.2321,none,,,False,,44,0,,,
44,83,True,0.588692,0.5887,none,,,False,,44,0,,,
44,29,True,0.385564,0.3856,none,,,False,,44,0,,,
44,79,True,0.475552,0.4756,none,,,False,,44,0,,,
44,94,True,0.585795,0.5858,none,,,False,,44,0,,,
44,57,True,0.508671,0.5087,none,,,False,,44,0,,,
44,46,True,0.511336,0.5113,none,,,False,,44,0,,,
44,20,True,0.245431,0.2454,none,,,False,,44,0,,,
44,50,True,0.563574,0.5636,none,,,False,,44,0,,,
44,75,True,1.091691,1.0917,none,,,False,,44,0,,,
44,25,True,0.51999,0.52,none,,,False,,44,0,,,
44,77,True,0.247449,0.2474,none,,,False,,44,0,,,
44,24,True,0.852587,0.8526,none,,,False,,44,0,,,
44,19,True,0.530835,0.5308,none,,,False,,44,0,,,
44,14,True,0.279774,0.2798,none,,,False,,44,0,,,
44,65,True,0.630542,0.6305,none,,,False,,44,0,,,
44,82,True,0.51305,0.5131,none,,,False,,44,0,,,
44,4,True,0.572992,0.573,none,,,False,,44,0,,,
44,56,True,0.578734,0.5787,none,,,False,,44,0,,,
44,80,True,0.348566,0.3486,none,,,False,,44,0,,,
45,32,True,0.561612,0.5616,none,,,False,,45,0,,,
45,0,True,0.250822,0.2508,none,,,False,,45,0,,,
45,27,True,0.278294,0.2783,none,,,False,,45,0,,,
45,64,True,0.491321,0.4913,none,,,False,,45,0,,,
45,91,True,0.676268,0.6763,none,,,False,,45,0,,,
45,93,True,0.311043,0.311,none,,,False,,45,0,,,
45,83,True,0.51943,0.5194,none,,,False,,45,0,,,
45,95,True,0.67281,0.6728,none,,,False,,45,0,,,
45,22,True,0.768929,0.7689,none,,,False,,45,0,,,
45,28,True,0.409516,0.4095,none,,,False,,45,0,,,
45,94,True,0.32809,0.3281,none,,,False,,45,0,,,
45,73,True,0.601675,0.6017,none,,,False,,45,0,,,
45,57,True,0.172098,0.1721,none,,,False,,45,0,,,
45,13,True,0.427085,0.4271,none,,,False,,45,0,,,
45,88,True,0.578703,0.5787,none,,,False,,45,0,,,
45,67,True,0.687801,0.6878,none,,,False,,45,0,,,
45,38,True,0.44786,0.4479,none,,,False,,45,0,,,
45,33,True,0.494922,0.4949,none,,,False,,45,0,,,
45,76,True,0.484134,0.4841,none,,,False,,45,0,,,
45,15,True,0.599494,0.5995,none,,,False,,45,0,,,
45,9,True,0.716655,0.7167,none,,,False,,45,0,,,
45,53,True,0.675984,0.676,none,,,False,,45,0,,,
45,59,True,0.444904,0.4449,none,,,False,,45,0,,,
45,23,True,0.648976,0.649,none,,,False,,45,0,,,
45,56,True,0.727517,0.7275,none,,,False,,45,0,,,
45,65,True,0.317399,0.3174,none,,,False,,45,0,,,
45,10,True,0.515847,0.5158,none,,,False,,45,0,,,
45,80,True,0.28177,0.2818,none,,,False,,45,0,,,
45,50,True,0.456937,0.4569,none,,,False,,45,0,,,
45,49,True,0.216949,0.2169,none,,,False,,45,0,,,
45,2,True,1.040538,1.0405,none,,,False,,45,0,,,
45,85,True,0.703738,0.7037,none,,,False,,45,0,,,
45,16,True,0.380435,0.3804,none,,,False,,45,0,,,
45,46,True,0.526855,0.5269,none,,,False,,45,0,,,
45,25,True,0.453673,0.4537,none,,,False,,45,0,,,
45,52,True,0.945182,0.9452,none,,,False,,45,0,,,
46,23,True,0.741635,0.7416,none,,,False,,46,0,,,
46,88,True,0.436878,0.4369,none,,,False,,46,0,,,
46,96,True,0.583828,0.5838,none,,,False,,46,0,,,
46,6,True,0.554087,0.5541,none,,,False,,46,0,,,
46,39,True,0.194515,0.1945,none,,,False,,46,0,,,
46,11,True,0.43528,0.4353,none,,,False,,46,0,,,
46,83,True,0.476524,0.4765,none,,,False,,46,0,,,
46,97,True,0.460784,0.4608,none,,,False,,46,0,,,
46,1,True,0.643437,0.6434,none,,,False,,46,0,,,
46,13,True,0.325611,0.3256,none,,,False,,46,0,,,
46,47,True,0.448025,0.448,none,,,False,,46,0,,,
46,15,True,0.604045,0.604,none,,,False,,46,0,,,
46,95,True,0.746863,0.7469,none,,,False,,46,0,,,
46,12,True,0.536989,0.537,none,,,False,,46,0,,,
46,77,True,0.204577,0.2046,none,,,False,,46,0,,,
46,75,True,0.976502,0.9765,none,,,False,,46,0,,,
46,92,True,0.318513,0.3185,none,,,False,,46,0,,,
46,91,True,0.572742,0.5727,none,,,False,,46,0,,,
46,32,True,0.380646,0.3806,none,,,False,,46,0,,,
46,9,True,0.786911,0.7869,none,,,False,,46,0,,,
46,10,True,0.299455,0.2995,none,,,False,,46,0,,,
46,0,True,0.243615,0.2436,none,,,False,,46,0,,,
46,29,True,0.368767,0.3688,none,,,False,,46,0,,,
46,78,True,0.420386,0.4204,none,,,False,,46,0,,,
46,8,True,0.405326,0.4053,none,,,False,,46,0,,,
46,46,True,0.580076,0.5801,none,,,False,,46,0,,,
46,54,True,0.613637,0.6136,none,,,False,,46,0,,,
46,41,True,0.430895,0.4309,none,,,False,,46,0,,,
46,53,True,0.594473,0.5945,none,,,False,,46,0,,,
46,43,True,0.204578,0.2046,none,,,False,,46,0,,,
46,40,True,0.579161,0.5792,none,,,False,,46,0,,,
46,87,True,0.297158,0.2972,none,,,False,,46,0,,,
46,33,True,0.318465,0.3185,none,,,False,,46,0,,,
46,59,True,0.565631,0.5656,none,,,False,,46,0,,,
46,4,True,0.417772,0.4178,none,,,False,,46,0,,,
46,20,True,0.116652,0.1167,none,,,False,,46,0,,,
47,9,True,0.502337,0.5023,none,,,False,,47,0,,,
47,95,True,0.569448,0.5694,none,,,False,,47,0,,,
47,62,True,0.502913,0.5029,none,,,False,,47,0,,,
47,26,True,0.788281,0.7883,none,,,False,,47,0,,,
47,12,True,0.361231,0.3612,none,,,False,,47,0,,,
47,64,True,0.444643,0.4446,none,,,False,,47,0,,,
47,91,True,0.42779,0.4278,none,,,False,,47,0,,,
47,80,True,0.320885,0.3209,none,,,False,,47,0,,,
47,51,True,0.446115,0.4461,none,,,False,,47,0,,,
47,8,True,0.247575,0.2476,none,,,False,,47,0,,,
47,55,True,0.505487,0.5055,none,,,False,,47,0,,,
47,1,True,0.573002,0.573,none,,,False,,47,0,,,
47,67,True,0.600305,0.6003,none,,,False,,47,0,,,
47,79,True,0.497587,0.4976,none,,,False,,47,0,,,
47,36,True,0.262869,0.2629,none,,,False,,47,0,,,
47,90,True,0.434018,0.434,none,,,False,,47,0,,,
47,99,True,0.729376,0.7294,none,,,False,,47,0,,,
47,39,True,0.206122,0.2061,none,,,False,,47,0,,,
47,21,True,0.77157,0.7716,none,,,False,,47,0,,,
47,44,True,0.529036,0.529,none,,,False,,47,0,,,
47,69,True,0.251703,0.2517,none,,,False,,47,0,,,
47,14,True,0.473207,0.4732,none,,,False,,47,0,,,
47,32,True,0.160534,0.1605,none,,,False,,47,0,,,
47,42,True,0.580317,0.5803,none,,,False,,47,0,,,
47,28,True,0.497324,0.4973,none,,,False,,47,0,,,
47,60,True,0.515738,0.5157,none,,,False,,47,0,,,
47,29,True,0.434558,0.4346,none,,,False,,47,0,,,
47,66,True,0.329824,0.3298,none,,,False,,47,0,,,
47,85,True,0.542575,0.5426,none,,,False,,47,0,,,
47,70,True,0.63759,0.6376,none,,,False,,47,0,,,
47,58,True,0.279257,0.2793,none,,,False,,47,0,,,
47,40,True,0.256431,0.2564,none,,,False,,47,0,,,
47,75,True,0.759127,0.7591,none,,,False,,47,0,,,
47,56,True,0.796329,0.7963,none,,,False,,47,0,,,
47,93,True,0.447583,0.4476,none,,,False,,47,0,,,
47,89,True,0.348783,0.3488,none,,,False,,47,0,,,
48,73,True,0.599058,0.5991,none,,,False,,48,0,,,
48,41,True,0.486631,0.4866,none,,,False,,48,0,,,
48,82,True,0.397201,0.3972,none,,,False,,48,0,,,
48,75,True,0.970015,0.97,none,,,False,,48,0,,,
48,98,True,0.374203,0.3742,none,,,False,,48,0,,,
48,20,True,0.277598,0.2776,none,,,False,,48,0,,,
48,11,True,0.507507,0.5075,none,,,False,,48,0,,,
48,71,True,0.339165,0.3392,none,,,False,,48,0,,,
48,32,True,0.234801,0.2348,none,,,False,,48,0,,,
48,21,True,0.462255,0.4623,none,,,False,,48,0,,,
48,23,True,0.256109,0.2561,none,,,False,,48,0,,,
48,89,True,0.379943,0.3799,none,,,False,,48,0,,,
48,43,True,0.333134,0.3331,none,,,False,,48,0,,,
48,93,True,0.470131,0.4701,none,,,False,,48,0,,,
48,25,True,0.600141,0.6001,none,,,False,,48,0,,,
48,85,True,0.554564,0.5546,none,,,False,,48,0,,,
48,68,True,0.56267,0.5627,none,,,False,,48,0,,,
48,18,True,0.289231,0.2892,none,,,False,,48,0,,,
48,72,True,0.694379,0.6944,none,,,False,,48,0,,,
48,19,True,0.428784,0.4288,none,,,False,,48,0,,,
48,51,True,0.321481,0.3215,none,,,False,,48,0,,,
48,1,True,0.719696,0.7197,none,,,False,,48,0,,,
48,50,True,0.500317,0.5003,none,,,False,,48,0,,,
48,7,True,0.647629,0.6476,none,,,False,,48,0,,,
48,26,True,0.68812,0.6881,none,,,False,,48,0,,,
48,2,True,0.556145,0.5561,none,,,False,,48,0,,,
48,70,True,0.38691,0.3869,none,,,False,,48,0,,,
48,90,True,0.501945,0.5019,none,,,False,,48,0,,,
48,10,True,0.416448,0.4164,none,,,False,,48,0,,,
48,22,True,0.863706,0.8637,none,,,False,,48,0,,,
48,67,True,0.553264,0.5533,none,,,False,,48,0,,,
48,60,True,0.459459,0.4595,none,,,False,,48,0,,,
48,96,True,0.732881,0.7329,none,,,False,,48,0,,,
48,66,True,0.192241,0.1922,none,,,False,,48,0,,,
48,65,True,0.546353,0.5464,none,,,False,,48,0,,,
48,83,True,0.492015,0.492,none,,,False,,48,0,,,
49,68,True,0.449158,0.4492,none,,,False,,49,0,,,
49,79,True,0.381136,0.3811,none,,,False,,49,0,,,
49,54,True,0.673363,0.6734,none,,,False,,49,0,,,
49,80,True,0.38873,0.3887,none,,,False,,49,0,,,
49,96,True,0.7066,0.7066,none,,,False,,49,0,,,
49,53,True,0.568785,0.5688,none,,,False,,49,0,,,
49,17,True,0.226257,0.2263,none,,,False,,49,0,,,
49,7,True,0.401085,0.4011,none,,,False,,49,0,,,
49,44,True,0.478439,0.4784,none,,,False,,49,0,,,
49,48,True,0.28051,0.2805,none,,,False,,49,0,,,
49,39,True,0.285759,0.2858,none,,,False,,49,0,,,
49,81,True,0.55708,0.5571,none,,,False,,49,0,,,
49,50,True,0.40358,0.4036,none,,,False,,49,0,,,
49,26,True,0.607782,0.6078,none,,,False,,49,0,,,
49,22,True,0.570614,0.5706,none,,,False,,49,0,,,
49,64,True,0.414457,0.4145,none,,,False,,49,0,,,
49,16,True,0.494502,0.4945,none,,,False,,49,0,,,
49,30,True,0.277054,0.2771,none,,,False,,49,0,,,
49,41,True,0.473644,0.4736,none,,,False,,49,0,,,
49,5,True,0.323013,0.323,none,,,False,,49,0,,,
49,36,True,0.168786,0.1688,none,,,False,,49,0,,,
49,57,True,0.474875,0.4749,none,,,False,,49,0,,,
49,25,True,0.465374,0.4654,none,,,False,,49,0,,,
49,46,True,0.49325,0.4933,none,,,False,,49,0,,,
49,60,True,0.464059,0.4641,none,,,False,,49,0,,,
49,78,True,0.390306,0.3903,none,,,False,,49,0,,,
49,92,True,0.488864,0.4889,none,,,False,,49,0,,,
49,14,True,0.707646,0.7076,none,,,False,,49,0,,,
49,74,True,0.507835,0.5078,none,,,False,,49,0,,,
49,85,True,0.331392,0.3314,none,,,False,,49,0,,,
49,29,True,0.326386,0.3264,none,,,False,,49,0,,,
49,59,True,0.612525,0.6125,none,,,False,,49,0,,,
49,11,True,0.38269,0.3827,none,,,False,,49,0,,,
49,76,True,0.533705,0.5337,none,,,False,,49,0,,,
49,55,True,0.641879,0.6419,none,,,False,,49,0,,,
49,1,True,0.61759,0.6176,none,,,False,,49,0,,,
50,16,True,0.437812,0.4378,none,,,False,,50,0,,,
50,3,True,0.168117,0.1681,none,,,False,,50,0,,,
50,50,True,0.404471,0.4045,none,,,False,,50,0,,,
50,79,True,0.177195,0.1772,none,,,False,,50,0,,,
50,14,True,0.497059,0.4971,none,,,False,,50,0,,,
50,75,True,1.05302,1.053,none,,,False,,50,0,,,
50,9,True,0.636499,0.6365,none,,,False,,50,0,,,
50,74,True,0.247325,0.2473,none,,,False,,50,0,,,
50,64,True,0.54038,0.5404,none,,,False,,50,0,,,
50,81,True,0.508563,0.5086,none,,,False,,50,0,,,
50,71,True,0.292385,0.2924,none,,,False,,50,0,,,
50,63,True,0.507357,0.5074,none,,,False,,50,0,,,
50,17,True,0.106423,0.1064,none,,,False,,50,0,,,
50,22,True,0.634294,0.6343,none,,,False,,50,0,,,
50,98,True,0.46547,0.4655,none,,,False,,50,0,,,
50,90,True,0.544776,0.5448,none,,,False,,50,0,,,
50,27,True,0.35696,0.357,none,,,False,,50,0,,,
50,31,True,0.437294,0.4373,none,,,False,,50,0,,,
50,35,True,0.534074,0.5341,none,,,False,,50,0,,,
50,32,True,0.535828,0.5358,none,,,False,,50,0,,,
50,5,True,0.11123,0.1112,none,,,False,,50,0,,,
50,41,True,0.558645,0.5586,none,,,False,,50,0,,,
50,76,True,0.541969,0.542,none,,,False,,50,0,,,
50,80,True,0.344252,0.3443,none,,,False,,50,0,,,
50,36,True,0.230317,0.2303,none,,,False,,50,0,,,
50,7,True,0.274611,0.2746,none,,,False,,50,0,,,
50,8,True,0.231084,0.2311,none,,,False,,50,0,,,
50,33,True,0.473788,0.4738,none,,,False,,50,0,,,
50,28,True,0.420577,0.4206,none,,,False,,50,0,,,
50,56,True,0.688094,0.6881,none,,,False,,50,0,,,
50,34,True,0.57496,0.575,none,,,False,,50,0,,,
50,60,True,0.529306,0.5293,none,,,False,,50,0,,,
50,87,True,0.446592,0.4466,none,,,False,,50,0,,,
50,57,True,0.352132,0.3521,none,,,False,,50,0,,,
50,93,True,0.392883,0.3929,none,,,False,,50,0,,,
50,66,True,0.988965,0.989,none,,,False,,50,0,,,
51,79,True,0.214051,0.2141,none,,,False,,51,0,,,
51,33,True,0.361283,0.3613,none,,,False,,51,0,,,
51,82,True,0.344507,0.3445,none,,,False,,51,0,,,
51,18,True,0.241578,0.2416,none,,,False,,51,0,,,
51,48,True,0.237687,0.2377,none,,,False,,51,0,,,
51,77,True,0.16387,0.1639,none,,,False,,51,0,,,
51,37,True,0.347814,0.3478,none,,,False,,51,0,,,
51,52,True,0.65001,0.65,none,,,False,,51,0,,,
51,12,True,0.401728,0.4017,none,,,False,,51,0,,,
51,74,True,0.511428,0.5114,none,,,False,,51,0,,,
51,34,True,0.687397,0.6874,none,,,False,,51,0,,,
51,73,True,0.456754,0.4568,none,,,False,,51,0,,,
51,35,True,0.501664,0.5017,none,,,False,,51,0,,,
51,90,True,0.419722,0.4197,none,,,False,,51,0,,,
51,6,True,0.375785,0.3758,none,,,False,,51,0,,,
51,0,True,0.305478,0.3055,none,,,False,,51,0,,,
51,95,True,0.695868,0.6959,none,,,False,,51,0,,,
51,92,True,0.393006,0.393,none,,,False,,51,0,,,
51,98,True,0.406301,0.4063,none,,,False,,51,0,,,
51,59,True,0.534301,0.5343,none,,,False,,51,0,,,
51,60,True,0.720196,0.7202,none,,,False,,51,0,,,
51,66,True,0.902858,0.9029,none,,,False,,51,0,,,
51,63,True,0.240677,0.2407,none,,,False,,51,0,,,
51,25,True,0.533958,0.534,none,,,False,,51,0,,,
51,16,True,0.395758,0.3958,none,,,False,,51,0,,,
51,56,True,0.739989,0.74,none,,,False,,51,0,,,
51,5,True,0.232457,0.2325,none,,,False,,51,0,,,
51,69,True,0.403737,0.4037,none,,,False,,51,0,,,
51,99,True,0.844621,0.8446,none,,,False,,51,0,,,
51,86,True,0.683598,0.6836,none,,,False,,51,0,,,
51,91,True,0.75228,0.7523,none,,,False,,51,0,,,
51,50,True,0.455901,0.4559,none,,,False,,51,0,,,
51,62,True,0.3534,0.3534,none,,,False,,51,0,,,
51,49,True,0.481326,0.4813,none,,,False,,51,0,,,
51,30,True,0.40539,0.4054,none,,,False,,51,0,,,
51,2,True,0.833528,0.8335,none,,,False,,51,0,,,
52,53,True,0.597815,0.5978,none,,,False,,52,0,,,
52,63,True,0.275969,0.276,none,,,False,,52,0,,,
52,24,True,1.803824,1.8038,none,,,False,,52,0,,,
52,81,True,0.45587,0.4559,none,,,False,,52,0,,,
52,84,True,0.889171,0.8892,none,,,False,,52,0,,,
52,47,True,0.476535,0.4765,none,,,False,,52,0,,,
52,55,True,0.661731,0.6617,none,,,False,,52,0,,,
52,39,True,0.418958,0.419,none,,,False,,52,0,,,
52,56,True,0.571409,0.5714,none,,,False,,52,0,,,
52,49,True,0.276619,0.2766,none,,,False,,52,0,,,
52,59,True,0.511124,0.5111,none,,,False,,52,0,,,
52,79,True,0.382757,0.3828,none,,,False,,52,0,,,
52,68,True,0.502305,0.5023,none,,,False,,52,0,,,
52,26,True,0.484018,0.484,none,,,False,,52,0,,,
52,60,True,0.525476,0.5255,none,,,False,,52,0,,,
52,51,True,0.529263,0.5293,none,,,False,,52,0,,,
52,75,True,1.150583,1.1506,none,,,False,,52,0,,,
52,93,True,0.385636,0.3856,none,,,False,,52,0,,,
52,35,True,0.662302,0.6623,none,,,False,,52,0,,,
52,91,True,0.911372,0.9114,none,,,False,,52,0,,,
52,3,True,0.379301,0.3793,none,,,False,,52,0,,,
52,46,True,0.494179,0.4942,none,,,False,,52,0,,,
52,64,True,0.46941,0.4694,none,,,False,,52,0,,,
52,23,True,0.569438,0.5694,none,,,False,,52,0,,,
52,85,True,0.55109,0.5511,none,,,False,,52,0,,,
52,7,True,0.392003,0.392,none,,,False,,52,0,,,
52,67,True,0.575575,0.5756,none,,,False,,52,0,,,
52,76,True,0.458513,0.4585,none,,,False,,52,0,,,
52,33,True,0.446506,0.4465,none,,,False,,52,0,,,
52,45,True,0.240746,0.2407,none,,,False,,52,0,,,
52,5,True,0.264724,0.2647,none,,,False,,52,0,,,
52,80,True,0.435311,0.4353,none,,,False,,52,0,,,
52,61,True,0.69182,0.6918,none,,,False,,52,0,,,
52,0,True,0.564675,0.5647,none,,,False,,52,0,,,
52,34,True,0.60883,0.6088,none,,,False,,52,0,,,
52,2,True,0.561992,0.562,none,,,False,,52,0,,,
53,16,True,0.532275,0.5323,none,,,False,,53,0,,,
53,29,True,0.409536,0.4095,none,,,False,,53,0,,,
53,23,True,0.893099,0.8931,none,,,False,,53,0,,,
53,31,True,0.385073,0.3851,none,,,False,,53,0,,,
53,27,True,0.312176,0.3122,none,,,False,,53,0,,,
53,11,True,0.604763,0.6048,none,,,False,,53,0,,,
53,34,True,0.491283,0.4913,none,,,False,,53,0,,,
53,2,True,0.699427,0.6994,none,,,False,,53,0,,,
53,74,True,0.586375,0.5864,none,,,False,,53,0,,,
53,13,True,0.270242,0.2702,none,,,False,,53,0,,,
53,94,True,0.402473,0.4025,none,,,False,,53,0,,,
53,87,True,0.466389,0.4664,none,,,False,,53,0,,,
53,15,True,0.463552,0.4636,none,,,False,,53,0,,,
53,39,True,0.335343,0.3353,none,,,False,,53,0,,,
53,6,True,0.435981,0.436,none,,,False,,53,0,,,
53,50,True,0.57089,0.5709,none,,,False,,53,0,,,
53,0,True,0.374209,0.3742,none,,,False,,53,0,,,
53,54,True,0.691226,0.6912,none,,,False,,53,0,,,
53,92,True,0.360836,0.3608,none,,,False,,53,0,,,
53,71,True,0.253542,0.2535,none,,,False,,53,0,,,
53,53,True,0.85038,0.8504,none,,,False,,53,0,,,
53,14,True,0.732152,0.7322,none,,,False,,53,0,,,
53,38,True,0.551602,0.5516,none,,,False,,53,0,,,
53,36,True,0.390449,0.3904,none,,,False,,53,0,,,
53,24,True,1.270512,1.2705,none,,,False,,53,0,,,
53,26,True,0.811183,0.8112,none,,,False,,53,0,,,
53,90,True,0.783512,0.7835,none,,,False,,53,0,,,
53,44,True,0.494843,0.4948,none,,,False,,53,0,,,
53,85,True,0.609396,0.6094,none,,,False,,53,0,,,
53,63,True,0.55368,0.5537,none,,,False,,53,0,,,
53,48,True,0.530522,0.5305,none,,,False,,53,0,,,
53,49,True,0.398831,0.3988,none,,,False,,53,0,,,
53,76,True,0.622499,0.6225,none,,,False,,53,0,,,
53,67,True,0.689016,0.689,none,,,False,,53,0,,,
53,42,True,0.602124,0.6021,none,,,False,,53,0,,,
53,72,True,0.867787,0.8678,none,,,False,,53,0,,,
54,95,True,0.4537,0.4537,none,,,False,,54,0,,,
54,70,True,0.554245,0.5542,none,,,False,,54,0,,,
54,24,True,1.520221,1.5202,none,,,False,,54,0,,,
54,36,True,0.418208,0.4182,none,,,False,,54,0,,,
54,59,True,0.55504,0.555,none,,,False,,54,0,,,
54,25,True,0.662022,0.662,none,,,False,,54,0,,,
54,10,True,0.180024,0.18,none,,,False,,54,0,,,
54,6,True,0.536248,0.5362,none,,,False,,54,0,,,
54,65,True,0.500726,0.5007,none,,,False,,54,0,,,
54,17,True,0.25765,0.2577,none,,,False,,54,0,,,
54,85,True,0.528417,0.5284,none,,,False,,54,0,,,
54,60,True,0.708822,0.7088,none,,,False,,54,0,,,
54,84,True,0.806696,0.8067,none,,,False,,54,0,,,
54,91,True,0.87867,0.8787,none,,,False,,54,0,,,
54,18,True,0.331419,0.3314,none,,,False,,54,0,,,
54,54,True,0.508213,0.5082,none,,,False,,54,0,,,
54,4,True,0.502524,0.5025,none,,,False,,54,0,,,
54,83,True,0.503592,0.5036,none,,,False,,54,0,,,
54,51,True,0.406305,0.4063,none,,,False,,54,0,,,
54,40,True,1.013152,1.0132,none,,,False,,54,0,,,
54,96,True,0.808424,0.8084,none,,,False,,54,0,,,
54,34,True,0.620175,0.6202,none,,,False,,54,0,,,
54,19,True,0.505968,0.506,none,,,False,,54,0,,,
54,42,True,0.485605,0.4856,none,,,False,,54,0,,,
54,57,True,0.461946,0.4619,none,,,False,,54,0,,,
54,94,True,0.48805,0.488,none,,,False,,54,0,,,
54,82,True,0.469618,0.4696,none,,,False,,54,0,,,
54,20,True,0.276318,0.2763,none,,,False,,54,0,,,
54,99,True,0.452772,0.4528,none,,,False,,54,0,,,
54,72,True,1.068051,1.0681,none,,,False,,54,0,,,
54,73,True,0.556665,0.5567,none,,,False,,54,0,,,
54,80,True,0.435061,0.4351,none,,,False,,54,0,,,
54,48,True,0.352906,0.3529,none,,,False,,54,0,,,
54,44,True,0.618633,0.6186,none,,,False,,54,0,,,
54,58,True,0.361076,0.3611,none,,,False,,54,0,,,
54,45,True,0.398842,0.3988,none,,,False,,54,0,,,
55,88,True,1.255344,1.2553,none,,,False,,55,0,,,
55,68,True,0.622389,0.6224,none,,,False,,55,0,,,
55,53,True,0.799224,0.7992,none,,,False,,55,0,,,
55,9,True,0.443408,0.4434,none,,,False,,55,0,,,
55,36,True,0.336128,0.3361,none,,,False,,55,0,,,
55,44,True,0.451464,0.4515,none,,,False,,55,0,,,
55,71,True,0.340398,0.3404,none,,,False,,55,0,,,
55,16,True,0.449311,0.4493,none,,,False,,55,0,,,
55,0,True,0.371985,0.372,none,,,False,,55,0,,,
55,11,True,0.525682,0.5257,none,,,False,,55,0,,,
55,64,True,0.562669,0.5627,none,,,False,,55,0,,,
55,15,True,0.524272,0.5243,none,,,False,,55,0,,,
55,54,True,0.747883,0.7479,none,,,False,,55,0,,,
55,70,True,0.591763,0.5918,none,,,False,,55,0,,,
55,7,True,0.33093,0.3309,none,,,False,,55,0,,,
55,74,True,0.494962,0.495,none,,,False,,55,0,,,
55,52,True,0.789105,0.7891,none,,,False,,55,0,,,
55,38,True,0.332413,0.3324,none,,,False,,55,0,,,
55,58,True,0.473323,0.4733,none,,,False,,55,0,,,
55,59,True,0.395641,0.3956,none,,,False,,55,0,,,
55,63,True,0.50407,0.5041,none,,,False,,55,0,,,
55,17,True,0.144016,0.144,none,,,False,,55,0,,,
55,48,True,0.442858,0.4429,none,,,False,,55,0,,,
55,2,True,0.80243,0.8024,none,,,False,,55,0,,,
55,94,True,0.288141,0.2881,none,,,False,,55,0,,,
55,65,True,0.404267,0.4043,none,,,False,,55,0,,,
55,14,True,0.570739,0.5707,none,,,False,,55,0,,,
55,31,True,0.358369,0.3584,none,,,False,,55,0,,,
55,60,True,0.607419,0.6074,none,,,False,,55,0,,,
55,26,True,0.897922,0.8979,none,,,False,,55,0,,,
55,8,True,0.270866,0.2709,none,,,False,,55,0,,,
55,35,True,0.547413,0.5474,none,,,False,,55,0,,,
55,73,True,0.450576,0.4506,none,,,False,,55,0,,,
55,57,True,0.273507,0.2735,none,,,False,,55,0,,,
55,83,True,0.63656,0.6366,none,,,False,,55,0,,,
55,95,True,0.563587,0.5636,none,,,False,,55,0,,,
56,92,True,0.375801,0.3758,none,,,False,,56,0,,,
56,27,True,0.449602,0.4496,none,,,False,,56,0,,,
56,99,True,0.637711,0.6377,none,,,False,,56,0,,,
56,23,True,0.697948,0.6979,none,,,False,,56,0,,,
56,70,True,0.338546,0.3385,none,,,False,,56,0,,,
56,22,True,0.824791,0.8248,none,,,False,,56,0,,,
56,29,True,0.491827,0.4918,none,,,False,,56,0,,,
56,7,True,0.519074,0.5191,none,,,False,,56,0,,,
56,78,True,0.479387,0.4794,none,,,False,,56,0,,,
56,56,True,0.770842,0.7708,none,,,False,,56,0,,,
56,82,True,0.551648,0.5516,none,,,False,,56,0,,,
56,17,True,0.249123,0.2491,none,,,False,,56,0,,,
56,68,True,0.544622,0.5446,none,,,False,,56,0,,,
56,16,True,0.475665,0.4757,none,,,False,,56,0,,,
56,12,True,0.622729,0.6227,none,,,False,,56,0,,,
56,88,True,0.917408,0.9174,none,,,False,,56,0,,,
56,36,True,0.374277,0.3743,none,,,False,,56,0,,,
56,80,True,0.395641,0.3956,none,,,False,,56,0,,,
56,28,True,0.453346,0.4533,none,,,False,,56,0,,,
56,53,True,0.921653,0.9217,none,,,False,,56,0,,,
56,46,True,0.642533,0.6425,none,,,False,,56,0,,,
56,0,True,0.590609,0.5906,none,,,False,,56,0,,,
56,47,True,0.436576,0.4366,none,,,False,,56,0,,,
56,49,True,0.582915,0.5829,none,,,False,,56,0,,,
56,11,True,0.453298,0.4533,none,,,False,,56,0,,,
56,24,True,1.579721,1.5797,none,,,False,,56,0,,,
56,63,True,0.42302,0.423,none,,,False,,56,0,,,
56,38,True,0.558324,0.5583,none,,,False,,56,0,,,
56,26,True,0.770378,0.7704,none,,,False,,56,0,,,
56,60,True,0.570295,0.5703,none,,,False,,56,0,,,
56,57,True,0.360097,0.3601,none,,,False,,56,0,,,
56,50,True,0.56967,0.5697,none,,,False,,56,0,,,
56,13,True,0.422639,0.4226,none,,,False,,56,0,,,
56,65,True,0.563966,0.564,none,,,False,,56,0,,,
56,6,True,0.427336,0.4273,none,,,False,,56,0,,,
56,34,True,0.731033,0.731,none,,,False,,56,0,,,
57,39,True,0.379761,0.3798,none,,,False,,57,0,,,
57,42,True,0.503155,0.5032,none,,,False,,57,0,,,
57,89,True,0.220275,0.2203,none,,,False,,57,0,,,
57,17,True,0.132157,0.1322,none,,,False,,57,0,,,
57,19,True,0.396657,0.3967,none,,,False,,57,0,,,
57,86,True,0.667389,0.6674,none,,,False,,57,0,,,
57,29,True,0.396837,0.3968,none,,,False,,57,0,,,
57,93,True,0.3988,0.3988,none,,,False,,57,0,,,
57,74,True,0.529091,0.5291,none,,,False,,57,0,,,
57,53,True,0.687631,0.6876,none,,,False,,57,0,,,
57,28,True,0.57705,0.577,none,,,False,,57,0,,,
57,64,True,0.485644,0.4856,none,,,False,,57,0,,,
57,83,True,0.640056,0.6401,none,,,False,,57,0,,,
57,18,True,0.621273,0.6213,none,,,False,,57,0,,,
57,31,True,0.461705,0.4617,none,,,False,,57,0,,,
57,91,True,0.899208,0.8992,none,,,False,,57,0,,,
57,21,True,0.72911,0.7291,none,,,False,,57,0,,,
57,12,True,0.254065,0.2541,none,,,False,,57,0,,,
57,8,True,0.390746,0.3907,none,,,False,,57,0,,,
57,2,True,0.86415,0.8641,none,,,False,,57,0,,,
57,54,True,0.845928,0.8459,none,,,False,,57,0,,,
57,75,True,0.903785,0.9038,none,,,False,,57,0,,,
57,6,True,0.38526,0.3853,none,,,False,,57,0,,,
57,49,True,0.285866,0.2859,none,,,False,,57,0,,,
57,27,True,0.385567,0.3856,none,,,False,,57,0,,,
57,60,True,0.589101,0.5891,none,,,False,,57,0,,,
57,72,True,0.926306,0.9263,none,,,False,,57,0,,,
57,62,True,0.544672,0.5447,none,,,False,,57,0,,,
57,32,True,0.585188,0.5852,none,,,False,,57,0,,,
57,10,True,0.415432,0.4154,none,,,False,,57,0,,,
57,43,True,0.242579,0.2426,none,,,False,,57,0,,,
57,51,True,0.572952,0.573,none,,,False,,57,0,,,
57,20,True,0.160935,0.1609,none,,,False,,57,0,,,
57,4,True,0.527905,0.5279,none,,,False,,57,0,,,
57,47,True,0.474531,0.4745,none,,,False,,57,0,,,
57,44,True,0.350204,0.3502,none,,,False,,57,0,,,
58,55,True,0.698645,0.6986,none,,,False,,58,0,,,
58,22,True,0.837121,0.8371,none,,,False,,58,0,,,
58,83,True,0.561137,0.5611,none,,,False,,58,0,,,
58,67,True,0.481805,0.4818,none,,,False,,58,0,,,
58,59,True,0.540034,0.54,none,,,False,,58,0,,,
58,26,True,0.620163,0.6202,none,,,False,,58,0,,,
58,74,True,0.481841,0.4818,none,,,False,,58,0,,,
58,9,True,0.58966,0.5897,none,,,False,,58,0,,,
58,90,True,0.522551,0.5226,none,,,False,,58,0,,,
58,34,True,0.653755,0.6538,none,,,False,,58,0,,,
58,84,True,0.567096,0.5671,none,,,False,,58,0,,,
58,3,True,0.313293,0.3133,none,,,False,,58,0,,,
58,95,True,0.366586,0.3666,none,,,False,,58,0,,,
58,71,True,0.158651,0.1587,none,,,False,,58,0,,,
58,30,True,0.225451,0.2255,none,,,False,,58,0,,,
58,45,True,0.341838,0.3418,none,,,False,,58,0,,,
58,28,True,0.254073,0.2541,none,,,False,,58,0,,,
58,64,True,0.422423,0.4224,none,,,False,,58,0,,,
58,50,True,0.53608,0.5361,none,,,False,,58,0,,,
58,61,True,0.544031,0.544,none,,,False,,58,0,,,
58,58,True,0.247715,0.2477,none,,,False,,58,0,,,
58,19,True,0.400678,0.4007,none,,,False,,58,0,,,
58,65,True,0.548034,0.548,none,,,False,,58,0,,,
58,81,True,0.557843,0.5578,none,,,False,,58,0,,,
58,82,True,0.463947,0.4639,none,,,False,,58,0,,,
58,36,True,0.386165,0.3862,none,,,False,,58,0,,,
58,32,True,0.274668,0.2747,none,,,False,,58,0,,,
58,97,True,0.579454,0.5795,none,,,False,,58,0,,,
58,86,True,0.516361,0.5164,none,,,False,,58,0,,,
58,93,True,0.430682,0.4307,none,,,False,,58,0,,,
58,27,True,0.242487,0.2425,none,,,False,,58,0,,,
58,96,True,0.839119,0.8391,none,,,False,,58,0,,,
58,99,True,0.593237,0.5932,none,,,False,,58,0,,,
58,40,True,1.141191,1.1412,none,,,False,,58,0,,,
58,41,True,0.546477,0.5465,none,,,False,,58,0,,,
58,11,True,0.702736,0.7027,none,,,False,,58,0,,,
59,62,True,0.429464,0.4295,none,,,False,,59,0,,,
59,13,True,0.463299,0.4633,none,,,False,,59,0,,,
59,20,True,0.144661,0.1447,none,,,False,,59,0,,,
59,84,True,0.750596,0.7506,none,,,False,,59,0,,,
59,96,True,0.68157,0.6816,none,,,False,,59,0,,,
59,25,True,0.58209,0.5821,none,,,False,,59,0,,,
59,79,True,0.352605,0.3526,none,,,False,,59,0,,,
59,3,True,0.268045,0.268,none,,,False,,59,0,,,
59,83,True,0.625538,0.6255,none,,,False,,59,0,,,
59,14,True,0.629869,0.6299,none,,,False,,59,0,,,
59,28,True,0.073539,0.0735,none,,,False,,59,0,,,
59,24,True,1.554209,1.5542,none,,,False,,59,0,,,
59,4,True,0.502883,0.5029,none,,,False,,59,0,,,
59,67,True,0.628222,0.6282,none,,,False,,59,0,,,
59,78,True,0.388504,0.3885,none,,,False,,59,0,,,
59,81,True,0.63284,0.6328,none,,,False,,59,0,,,
59,74,True,0.432345,0.4323,none,,,False,,59,0,,,
59,91,True,0.864057,0.8641,none,,,False,,59,0,,,
59,9,True,0.227677,0.2277,none,,,False,,59,0,,,
59,64,True,0.460875,0.4609,none,,,False,,59,0,,,
59,97,True,0.753217,0.7532,none,,,False,,59,0,,,
59,73,True,0.538443,0.5384,none,,,False,,59,0,,,
59,59,True,0.453917,0.4539,none,,,False,,59,0,,,
59,50,True,0.31997,0.32,none,,,False,,59,0,,,
59,19,True,0.508033,0.508,none,,,False,,59,0,,,
59,41,True,0.562292,0.5623,none,,,False,,59,0,,,
59,94,True,0.370627,0.3706,none,,,False,,59,0,,,
59,75,True,0.757906,0.7579,none,,,False,,59,0,,,
59,55,True,0.562831,0.5628,none,,,False,,59,0,,,
59,27,True,0.309987,0.31,none,,,False,,59,0,,,
59,46,True,0.336047,0.336,none,,,False,,59,0,,,
59,88,True,1.140791,1.1408,none,,,False,,59,0,,,
59,32,True,0.39871,0.3987,none,,,False,,59,0,,,
59,48,True,0.468509,0.4685,none,,,False,,59,0,,,
59,70,True,0.604274,0.6043,none,,,False,,59,0,,,
59,1,True,0.717626,0.7176,none,,,False,,59,0,,,
60,8,True,0.280772,0.2808,none,,,False,,60,0,,,
60,3,True,0.000153,0.0002,none,,,False,,60,0,,,
60,95,True,0.47697,0.477,none,,,False,,60,0,,,
60,67,True,0.418146,0.4181,none,,,False,,60,0,,,
60,27,True,0.402518,0.4025,none,,,False,,60,0,,,
60,54,True,0.528729,0.5287,none,,,False,,60,0,,,
60,4,True,0.585889,0.5859,none,,,False,,60,0,,,
60,69,True,0.306729,0.3067,none,,,False,,60,0,,,
60,1,True,0.832305,0.8323,none,,,False,,60,0,,,
60,30,True,0.256115,0.2561,none,,,False,,60,0,,,
60,10,True,0.429598,0.4296,none,,,False,,60,0,,,
60,53,True,0.786157,0.7862,none,,,False,,60,0,,,
60,78,True,0.312074,0.3121,none,,,False,,60,0,,,
60,79,True,0.41377,0.4138,none,,,False,,60,0,,,
60,5,True,0.234295,0.2343,none,,,False,,60,0,,,
60,29,True,0.298083,0.2981,none,,,False,,60,0,,,
60,49,True,0.351776,0.3518,none,,,False,,60,0,,,
60,47,True,0.455541,0.4555,none,,,False,,60,0,,,
60,32,True,0.333173,0.3332,none,,,False,,60,0,,,
60,94,True,0.462515,0.4625,none,,,False,,60,0,,,
60,39,True,0.283393,0.2834,none,,,False,,60,0,,,
60,64,True,0.411661,0.4117,none,,,False,,60,0,,,
60,44,True,0.493961,0.494,none,,,False,,60,0,,,
60,66,True,1.089028,1.089,none,,,False,,60,0,,,
60,19,True,0.353336,0.3533,none,,,False,,60,0,,,
60,80,True,0.289977,0.29,none,,,False,,60,0,,,
60,83,True,0.669996,0.67,none,,,False,,60,0,,,
60,77,True,0.198658,0.1987,none,,,False,,60,0,,,
60,55,True,0.566211,0.5662,none,,,False,,60,0,,,
60,0,True,0.491314,0.4913,none,,,False,,60,0,,,
60,89,True,0.397536,0.3975,none,,,False,,60,0,,,
60,7,True,0.449035,0.449,none,,,False,,60,0,,,
60,90,True,0.3748,0.3748,none,,,False,,60,0,,,
60,9,True,0.2793,0.2793,none,,,False,,60,0,,,
60,56,True,0.68187,0.6819,none,,,False,,60,0,,,
60,24,True,1.416396,1.4164,none,,,False,,60,0,,,
61,1,True,0.823748,0.8237,none,,,False,,61,0,,,
61,44,True,0.38338,0.3834,none,,,False,,61,0,,,
61,87,True,0.309843,0.3098,none,,,False,,61,0,,,
61,79,True,0.45515,0.4551,none,,,False,,61,0,,,
61,35,True,0.656892,0.6569,none,,,False,,61,0,,,
61,88,True,1.291273,1.2913,none,,,False,,61,0,,,
61,65,True,0.461477,0.4615,none,,,False,,61,0,,,
61,16,True,0.47297,0.473,none,,,False,,61,0,,,
61,13,True,0.587744,0.5877,none,,,False,,61,0,,,
61,70,True,0.613491,0.6135,none,,,False,,61,0,,,
61,60,True,0.610469,0.6105,none,,,False,,61,0,,,
61,29,True,0.353217,0.3532,none,,,False,,61,0,,,
61,30,True,0.194595,0.1946,none,,,False,,61,0,,,
61,31,True,0.448683,0.4487,none,,,False,,61,0,,,
61,93,True,0.372963,0.373,none,,,False,,61,0,,,
61,64,True,0.343124,0.3431,none,,,False,,61,0,,,
61,40,True,1.016454,1.0165,none,,,False,,61,0,,,
61,57,True,0.31482,0.3148,none,,,False,,61,0,,,
61,74,True,0.419193,0.4192,none,,,False,,61,0,,,
61,66,True,1.068241,1.0682,none,,,False,,61,0,,,
61,22,True,0.872402,0.8724,none,,,False,,61,0,,,
61,15,True,0.442215,0.4422,none,,,False,,61,0,,,
61,72,True,0.778396,0.7784,none,,,False,,61,0,,,
61,85,True,0.648183,0.6482,none,,,False,,61,0,,,
61,24,True,1.423386,1.4234,none,,,False,,61,0,,,
61,59,True,0.449134,0.4491,none,,,False,,61,0,,,
61,95,True,0.49814,0.4981,none,,,False,,61,0,,,
61,23,True,0.474298,0.4743,none,,,False,,61,0,,,
61,45,True,0.399826,0.3998,none,,,False,,61,0,,,
61,27,True,0.449441,0.4494,none,,,False,,61,0,,,
61,26,True,0.665207,0.6652,none,,,False,,61,0,,,
61,61,True,0.741804,0.7418,none,,,False,,61,0,,,
61,12,True,0.387105,0.3871,none,,,False,,61,0,,,
61,37,True,0.516706,0.5167,none,,,False,,61,0,,,
61,55,True,0.582992,0.583,none,,,False,,61,0,,,
61,73,True,0.755194,0.7552,none,,,False,,61,0,,,
62,4,True,0.415797,0.4158,none,,,False,,62,0,,,
62,20,True,0.189281,0.1893,none,,,False,,62,0,,,
62,26,True,0.982888,0.9829,none,,,False,,62,0,,,
62,17,True,0.258134,0.2581,none,,,False,,62,0,,,
62,6,True,0.561637,0.5616,none,,,False,,62,0,,,
62,40,True,0.860475,0.8605,none,,,False,,62,0,,,
62,36,True,0.224552,0.2246,none,,,False,,62,0,,,
62,69,True,0.435535,0.4355,none,,,False,,62,0,,,
62,86,True,0.465274,0.4653,none,,,False,,62,0,,,
62,29,True,0.433414,0.4334,none,,,False,,62,0,,,
62,98,True,0.37282,0.3728,none,,,False,,62,0,,,
62,78,True,0.475036,0.475,none,,,False,,62,0,,,
62,5,True,0.328478,0.3285,none,,,False,,62,0,,,
62,47,True,0.206202,0.2062,none,,,False,,62,0,,,
62,79,True,0.448364,0.4484,none,,,False,,62,0,,,
62,65,True,0.545669,0.5457,none,,,False,,62,0,,,
62,31,True,0.268074,0.2681,none,,,False,,62,0,,,
62,52,True,0.57472,0.5747,none,,,False,,62,0,,,
62,73,True,0.574811,0.5748,none,,,False,,62,0,,,
62,42,True,0.386107,0.3861,none,,,False,,62,0,,,
62,55,True,0.596649,0.5966,none,,,False,,62,0,,,
62,68,True,0.687302,0.6873,none,,,False,,62,0,,,
62,9,True,0.765585,0.7656,none,,,False,,62,0,,,
62,93,True,0.292591,0.2926,none,,,False,,62,0,,,
62,94,True,0.519498,0.5195,none,,,False,,62,0,,,
62,24,True,1.460234,1.4602,none,,,False,,62,0,,,
62,1,True,0.66051,0.6605,none,,,False,,62,0,,,
62,35,True,0.614034,0.614,none,,,False,,62,0,,,
62,30,True,0.307029,0.307,none,,,False,,62,0,,,
62,41,True,0.490795,0.4908,none,,,False,,62,0,,,
62,97,True,0.700806,0.7008,none,,,False,,62,0,,,
62,19,True,0.627589,0.6276,none,,,False,,62,0,,,
62,33,True,0.53961,0.5396,none,,,False,,62,0,,,
62,85,True,0.375712,0.3757,none,,,False,,62,0,,,
62,91,True,0.767995,0.768,none,,,False,,62,0,,,
62,25,True,0.603852,0.6039,none,,,False,,62,0,,,
63,73,True,0.502755,0.5028,none,,,False,,63,0,,,
63,72,True,0.861952,0.862,none,,,False,,63,0,,,
63,65,True,0.494368,0.4944,none,,,False,,63,0,,,
63,7,True,0.427836,0.4278,none,,,False,,63,0,,,
63,84,True,0.811405,0.8114,none,,,False,,63,0,,,
63,37,True,0.501714,0.5017,none,,,False,,63,0,,,
63,99,True,0.57636,0.5764,none,,,False,,63,0,,,
63,15,True,0.551182,0.5512,none,,,False,,63,0,,,
63,98,True,0.265667,0.2657,none,,,False,,63,0,,,
63,47,True,0.501784,0.5018,none,,,False,,63,0,,,
63,41,True,0.505084,0.5051,none,,,False,,63,0,,,
63,33,True,0.437761,0.4378,none,,,False,,63,0,,,
63,2,True,0.688138,0.6881,none,,,False,,63,0,,,
63,8,True,0.39582,0.3958,none,,,False,,63,0,,,
63,30,True,0.203676,0.2037,none,,,False,,63,0,,,
63,36,True,0.341453,0.3415,none,,,False,,63,0,,,
63,31,True,0.303322,0.3033,none,,,False,,63,0,,,
63,85,True,0.458629,0.4586,none,,,False,,63,0,,,
63,63,True,0.460006,0.46,none,,,False,,63,0,,,
63,25,True,0.267713,0.2677,none,,,False,,63,0,,,
63,57,True,0.339307,0.3393,none,,,False,,63,0,,,
63,21,True,0.661529,0.6615,none,,,False,,63,0,,,
63,67,True,0.408614,0.4086,none,,,False,,63,0,,,
63,86,True,0.266041,0.266,none,,,False,,63,0,,,
63,92,True,0.495742,0.4957,none,,,False,,63,0,,,
63,45,True,0.478434,0.4784,none,,,False,,63,0,,,
63,44,True,0.388574,0.3886,none,,,False,,63,0,,,
63,23,True,0.544492,0.5445,none,,,False,,63,0,,,
63,46,True,0.399653,0.3997,none,,,False,,63,0,,,
63,89,True,0.314701,0.3147,none,,,False,,63,0,,,
63,9,True,0.715033,0.715,none,,,False,,63,0,,,
63,22,True,0.784964,0.785,none,,,False,,63,0,,,
63,43,True,0.309548,0.3095,none,,,False,,63,0,,,
63,88,True,1.058834,1.0588,none,,,False,,63,0,,,
63,51,True,0.534089,0.5341,none,,,False,,63,0,,,
63,55,True,0.695516,0.6955,none,,,False,,63,0,,,
64,0,True,0.461308,0.4613,none,,,False,,64,0,,,
64,68,True,0.69139,0.6914,none,,,False,,64,0,,,
64,21,True,0.584671,0.5847,none,,,False,,64,0,,,
64,61,True,0.581458,0.5815,none,,,False,,64,0,,,
64,88,True,0.776634,0.7766,none,,,False,,64,0,,,
64,87,True,0.294333,0.2943,none,,,False,,64,0,,,
64,40,True,1.04757,1.0476,none,,,False,,64,0,,,
64,99,True,0.741933,0.7419,none,,,False,,64,0,,,
64,3,True,0.440604,0.4406,none,,,False,,64,0,,,
64,19,True,0.391343,0.3913,none,,,False,,64,0,,,
64,59,True,0.622808,0.6228,none,,,False,,64,0,,,
64,32,True,0.333377,0.3334,none,,,False,,64,0,,,
64,78,True,0.556917,0.5569,none,,,False,,64,0,,,
64,95,True,0.77383,0.7738,none,,,False,,64,0,,,
64,62,True,0.516476,0.5165,none,,,False,,64,0,,,
64,12,True,0.537124,0.5371,none,,,False,,64,0,,,
64,83,True,0.588027,0.588,none,,,False,,64,0,,,
64,17,True,0.332686,0.3327,none,,,False,,64,0,,,
64,18,True,0.325674,0.3257,none,,,False,,64,0,,,
64,1,True,0.752237,0.7522,none,,,False,,64,0,,,
64,82,True,0.3884,0.3884,none,,,False,,64,0,,,
64,39,True,0.419849,0.4198,none,,,False,,64,0,,,
64,4,True,0.321227,0.3212,none,,,False,,64,0,,,
64,6,True,0.642847,0.6428,none,,,False,,64,0,,,
64,90,True,0.048643,0.0486,none,,,False,,64,0,,,
64,22,True,0.462353,0.4624,none,,,False,,64,0,,,
64,93,True,0.333912,0.3339,none,,,False,,64,0,,,
64,44,True,0.412276,0.4123,none,,,False,,64,0,,,
64,69,True,0.382613,0.3826,none,,,False,,64,0,,,
64,65,True,0.53785,0.5378,none,,,False,,64,0,,,
64,77,True,0.228821,0.2288,none,,,False,,64,0,,,
64,64,True,0.345326,0.3453,none,,,False,,64,0,,,
64,5,True,0.332967,0.333,none,,,False,,64,0,,,
64,26,True,1.001687,1.0017,none,,,False,,64,0,,,
64,66,True,1.159446,1.1594,none,,,False,,64,0,,,
64,36,True,0.346857,0.3469,none,,,False,,64,0,,,
65,26,True,0.527609,0.5276,none,,,False,,65,0,,,
65,57,True,0.440836,0.4408,none,,,False,,65,0,,,
65,89,True,0.271753,0.2718,none,,,False,,65,0,,,
65,1,True,0.812161,0.8122,none,,,False,,65,0,,,
65,69,True,0.296562,0.2966,none,,,False,,65,0,,,
65,23,True,0.635616,0.6356,none,,,False,,65,0,,,
65,21,True,0.608046,0.608,none,,,False,,65,0,,,
65,95,True,0.416513,0.4165,none,,,False,,65,0,,,
65,49,True,0.292767,0.2928,none,,,False,,65,0,,,
65,79,True,0.354462,0.3545,none,,,False,,65,0,,,
65,82,True,0.393534,0.3935,none,,,False,,65,0,,,
65,20,True,0.256579,0.2566,none,,,False,,65,0,,,
65,70,True,0.365748,0.3657,none,,,False,,65,0,,,
65,40,True,1.038164,1.0382,none,,,False,,65,0,,,
65,87,True,0.317514,0.3175,none,,,False,,65,0,,,
65,13,True,0.466014,0.466,none,,,False,,65,0,,,
65,72,True,0.602864,0.6029,none,,,False,,65,0,,,
65,36,True,0.415963,0.416,none,,,False,,65,0,,,
65,67,True,0.438732,0.4387,none,,,False,,65,0,,,
65,46,True,0.381592,0.3816,none,,,False,,65,0,,,
65,16,True,0.553559,0.5536,none,,,False,,65,0,,,
65,22,True,0.842848,0.8428,none,,,False,,65,0,,,
65,3,True,0.330718,0.3307,none,,,False,,65,0,,,
65,91,True,1.006921,1.0069,none,,,False,,65,0,,,
65,77,True,0.215381,0.2154,none,,,False,,65,0,,,
65,0,True,0.542432,0.5424,none,,,False,,65,0,,,
65,85,True,0.623459,0.6235,none,,,False,,65,0,,,
65,8,True,0.356552,0.3566,none,,,False,,65,0,,,
65,47,True,0.475686,0.4757,none,,,False,,65,0,,,
65,78,True,0.287685,0.2877,none,,,False,,65,0,,,
65,35,True,0.715182,0.7152,none,,,False,,65,0,,,
65,56,True,0.567114,0.5671,none,,,False,,65,0,,,
65,29,True,0.320973,0.321,none,,,False,,65,0,,,
65,17,True,0.206883,0.2069,none,,,False,,65,0,,,
65,60,True,0.596505,0.5965,none,,,False,,65,0,,,
65,44,True,0.451387,0.4514,none,,,False,,65,0,,,
66,38,True,0.404727,0.4047,none,,,False,,66,0,,,
66,12,True,0.423562,0.4236,none,,,False,,66,0,,,
66,64,True,0.311735,0.3117,none,,,False,,66,0,,,
66,34,True,0.692794,0.6928,none,,,False,,66,0,,,
66,9,True,0.637365,0.6374,none,,,False,,66,0,,,
66,39,True,0.357819,0.3578,none,,,False,,66,0,,,
66,83,True,0.644494,0.6445,none,,,False,,66,0,,,
66,60,True,0.662952,0.663,none,,,False,,66,0,,,
66,53,True,0.511503,0.5115,none,,,False,,66,0,,,
66,19,True,0.503006,0.503,none,,,False,,66,0,,,
66,96,True,0.56792,0.5679,none,,,False,,66,0,,,
66,50,True,0.344129,0.3441,none,,,False,,66,0,,,
66,52,True,0.606261,0.6063,none,,,False,,66,0,,,
66,65,True,0.463055,0.4631,none,,,False,,66,0,,,
66,76,True,0.534154,0.5342,none,,,False,,66,0,,,
66,75,True,0.848519,0.8485,none,,,False,,66,0,,,
66,22,True,0.578592,0.5786,none,,,False,,66,0,,,
66,24,True,1.618321,1.6183,none,,,False,,66,0,,,
66,58,True,0.191946,0.1919,none,,,False,,66,0,,,
66,31,True,0.342926,0.3429,none,,,False,,66,0,,,
66,41,True,0.483044,0.483,none,,,False,,66,0,,,
66,90,True,0.518578,0.5186,none,,,False,,66,0,,,
66,2,True,0.813336,0.8133,none,,,False,,66,0,,,
66,16,True,0.400203,0.4002,none,,,False,,66,0,,,
66,6,True,0.494571,0.4946,none,,,False,,66,0,,,
66,71,True,0.29698,0.297,none,,,False,,66,0,,,
66,91,True,0.879884,0.8799,none,,,False,,66,0,,,
66,13,True,0.464325,0.4643,none,,,False,,66,0,,,
66,63,True,0.532035,0.532,none,,,False,,66,0,,,
66,46,True,0.568601,0.5686,none,,,False,,66,0,,,
66,77,True,0.193143,0.1931,none,,,False,,66,0,,,
66,3,True,0.308017,0.308,none,,,False,,66,0,,,
66,93,True,0.145329,0.1453,none,,,False,,66,0,,,
66,80,True,0.285258,0.2853,none,,,False,,66,0,,,
66,79,True,0.385824,0.3858,none,,,False,,66,0,,,
66,68,True,0.558446,0.5584,none,,,False,,66,0,,,
67,26,True,0.720087,0.7201,none,,,False,,67,0,,,
67,0,True,0.467008,0.467,none,,,False,,67,0,,,
67,44,True,0.47983,0.4798,none,,,False,,67,0,,,
67,4,True,0.452875,0.4529,none,,,False,,67,0,,,
67,66,True,0.983751,0.9838,none,,,False,,67,0,,,
67,27,True,0.426552,0.4266,none,,,False,,67,0,,,
67,19,True,0.388938,0.3889,none,,,False,,67,0,,,
67,55,True,0.544036,0.544,none,,,False,,67,0,,,
67,25,True,0.484123,0.4841,none,,,False,,67,0,,,
67,79,True,0.242857,0.2429,none,,,False,,67,0,,,
67,31,True,0.3657,0.3657,none,,,False,,67,0,,,
67,96,True,0.642915,0.6429,none,,,False,,67,0,,,
67,29,True,0.466449,0.4664,none,,,False,,67,0,,,
67,99,True,0.649147,0.6491,none,,,False,,67,0,,,
67,7,True,0.452225,0.4522,none,,,False,,67,0,,,
67,81,True,0.682907,0.6829,none,,,False,,67,0,,,
67,3,True,0.283041,0.283,none,,,False,,67,0,,,
67,36,True,0.246482,0.2465,none,,,False,,67,0,,,
67,49,True,0.504353,0.5044,none,,,False,,67,0,,,
67,30,True,0.200389,0.2004,none,,,False,,67,0,,,
67,89,True,0.398849,0.3988,none,,,False,,67,0,,,
67,24,True,1.636216,1.6362,none,,,False,,67,0,,,
67,58,True,0.493545,0.4935,none,,,False,,67,0,,,
67,86,True,0.566356,0.5664,none,,,False,,67,0,,,
67,16,True,0.384909,0.3849,none,,,False,,67,0,,,
67,57,True,0.309467,0.3095,none,,,False,,67,0,,,
67,94,True,0.365304,0.3653,none,,,False,,67,0,,,
67,17,True,0.108863,0.1089,none,,,False,,67,0,,,
67,32,True,0.478661,0.4787,none,,,False,,67,0,,,
67,6,True,0.391542,0.3915,none,,,False,,67,0,,,
67,92,True,0.374967,0.375,none,,,False,,67,0,,,
67,41,True,0.586462,0.5865,none,,,False,,67,0,,,
67,98,True,0.391852,0.3919,none,,,False,,67,0,,,
67,75,True,0.841327,0.8413,none,,,False,,67,0,,,
67,69,True,0.343463,0.3435,none,,,False,,67,0,,,
67,60,True,0.556649,0.5566,none,,,False,,67,0,,,
68,35,True,0.621946,0.6219,none,,,False,,68,0,,,
68,85,True,0.580248,0.5802,none,,,False,,68,0,,,
68,2,True,0.815451,0.8155,none,,,False,,68,0,,,
68,91,True,0.927243,0.9272,none,,,False,,68,0,,,
68,31,True,0.405145,0.4051,none,,,False,,68,0,,,
68,22,True,0.70458,0.7046,none,,,False,,68,0,,,
68,57,True,0.167646,0.1676,none,,,False,,68,0,,,
68,52,True,0.774448,0.7744,none,,,False,,68,0,,,
68,56,True,0.576372,0.5764,none,,,False,,68,0,,,
68,16,True,0.443714,0.4437,none,,,False,,68,0,,,
68,46,True,0.471083,0.4711,none,,,False,,68,0,,,
68,32,True,0.444786,0.4448,none,,,False,,68,0,,,
68,50,True,0.389979,0.39,none,,,False,,68,0,,,
68,30,True,0.201632,0.2016,none,,,False,,68,0,,,
68,51,True,0.578075,0.5781,none,,,False,,68,0,,,
68,1,True,0.742438,0.7424,none,,,False,,68,0,,,
68,88,True,1.279489,1.2795,none,,,False,,68,0,,,
68,90,True,0.579915,0.5799,none,,,False,,68,0,,,
68,28,True,0.53011,0.5301,none,,,False,,68,0,,,
68,65,True,0.410377,0.4104,none,,,False,,68,0,,,
68,69,True,0.392703,0.3927,none,,,False,,68,0,,,
68,92,True,0.402848,0.4028,none,,,False,,68,0,,,
68,66,True,1.101189,1.1012,none,,,False,,68,0,,,
68,55,True,0.600995,0.601,none,,,False,,68,0,,,
68,60,True,0.626132,0.6261,none,,,False,,68,0,,,
68,98,True,0.415601,0.4156,none,,,False,,68,0,,,
68,61,True,0.5816,0.5816,none,,,False,,68,0,,,
68,39,True,0.255767,0.2558,none,,,False,,68,0,,,
68,41,True,0.539275,0.5393,none,,,False,,68,0,,,
68,40,True,1.023479,1.0235,none,,,False,,68,0,,,
68,21,True,0.716451,0.7165,none,,,False,,68,0,,,
68,93,True,0.305776,0.3058,none,,,False,,68,0,,,
68,23,True,0.864333,0.8643,none,,,False,,68,0,,,
68,19,True,0.364574,0.3646,none,,,False,,68,0,,,
68,20,True,0.161178,0.1612,none,,,False,,68,0,,,
68,64,True,0.410764,0.4108,none,,,False,,68,0,,,
69,76,True,0.593126,0.5931,none,,,False,,69,0,,,
69,13,True,0.478189,0.4782,none,,,False,,69,0,,,
69,1,True,0.603177,0.6032,none,,,False,,69,0,,,
69,9,True,0.54101,0.541,none,,,False,,69,0,,,
69,53,True,0.750472,0.7505,none,,,False,,69,0,,,
69,15,True,0.666594,0.6666,none,,,False,,69,0,,,
69,59,True,0.752791,0.7528,none,,,False,,69,0,,,
69,5,True,0.334409,0.3344,none,,,False,,69,0,,,
69,37,True,0.569096,0.5691,none,,,False,,69,0,,,
69,45,True,0.343527,0.3435,none,,,False,,69,0,,,
69,30,True,0.24744,0.2474,none,,,False,,69,0,,,
69,64,True,0.441865,0.4419,none,,,False,,69,0,,,
69,36,True,0.165455,0.1655,none,,,False,,69,0,,,
69,66,True,1.245244,1.2452,none,,,False,,69,0,,,
69,20,True,0.207775,0.2078,none,,,False,,69,0,,,
69,26,True,0.970496,0.9705,none,,,False,,69,0,,,
69,14,True,0.421662,0.4217,none,,,False,,69,0,,,
69,56,True,0.734346,0.7343,none,,,False,,69,0,,,
69,55,True,0.712469,0.7125,none,,,False,,69,0,,,
69,11,True,0.633876,0.6339,none,,,False,,69,0,,,
69,67,True,0.4791,0.4791,none,,,False,,69,0,,,
69,84,True,1.043844,1.0438,none,,,False,,69,0,,,
69,68,True,0.561147,0.5611,none,,,False,,69,0,,,
69,99,True,0.845791,0.8458,none,,,False,,69,0,,,
69,88,True,0.829074,0.8291,none,,,False,,69,0,,,
69,70,True,0.598882,0.5989,none,,,False,,69,0,,,
69,82,True,0.537403,0.5374,none,,,False,,69,0,,,
69,8,True,0.350127,0.3501,none,,,False,,69,0,,,
69,21,True,0.728561,0.7286,none,,,False,,69,0,,,
69,29,True,0.399926,0.3999,none,,,False,,69,0,,,
69,74,True,0.443816,0.4438,none,,,False,,69,0,,,
69,51,True,0.432998,0.433,none,,,False,,69,0,,,
69,71,True,0.307539,0.3075,none,,,False,,69,0,,,
69,34,True,0.677302,0.6773,none,,,False,,69,0,,,
69,94,True,0.559451,0.5595,none,,,False,,69,0,,,
69,42,True,0.57169,0.5717,none,,,False,,69,0,,,
70,20,True,0.253874,0.2539,none,,,False,,70,0,,,
70,85,True,0.548637,0.5486,none,,,False,,70,0,,,
70,72,True,0.681743,0.6817,none,,,False,,70,0,,,
70,76,True,0.526649,0.5266,none,,,False,,70,0,,,
70,81,True,0.723545,0.7235,none,,,False,,70,0,,,
70,35,True,0.753716,0.7537,none,,,False,,70,0,,,
70,50,True,0.420741,0.4207,none,,,False,,70,0,,,
70,92,True,0.441189,0.4412,none,,,False,,70,0,,,
70,93,True,0.323708,0.3237,none,,,False,,70,0,,,
70,30,True,0.195669,0.1957,none,,,False,,70,0,,,
70,63,True,0.552201,0.5522,none,,,False,,70,0,,,
70,34,True,0.644817,0.6448,none,,,False,,70,0,,,
70,3,True,0.298585,0.2986,none,,,False,,70,0,,,
70,84,True,0.49969,0.4997,none,,,False,,70,0,,,
70,44,True,0.470903,0.4709,none,,,False,,70,0,,,
70,25,True,0.435203,0.4352,none,,,False,,70,0,,,
70,88,True,1.11199,1.112,none,,,False,,70,0,,,
70,57,True,0.475328,0.4753,none,,,False,,70,0,,,
70,29,True,0.341881,0.3419,none,,,False,,70,0,,,
70,52,True,0.615166,0.6152,none,,,False,,70,0,,,
70,46,True,0.358948,0.3589,none,,,False,,70,0,,,
70,94,True,0.468238,0.4682,none,,,False,,70,0,,,
70,66,True,1.215276,1.2153,none,,,False,,70,0,,,
70,8,True,0.336522,0.3365,none,,,False,,70,0,,,
70,82,True,0.381688,0.3817,none,,,False,,70,0,,,
70,77,True,0.239092,0.2391,none,,,False,,70,0,,,
70,73,True,0.634742,0.6347,none,,,False,,70,0,,,
70,69,True,0.224261,0.2243,none,,,False,,70,0,,,
70,32,True,0.294075,0.2941,none,,,False,,70,0,,,
70,40,True,1.093581,1.0936,none,,,False,,70,0,,,
70,28,True,0.447924,0.4479,none,,,False,,70,0,,,
70,97,True,0.756893,0.7569,none,,,False,,70,0,,,
70,41,True,0.529111,0.5291,none,,,False,,70,0,,,
70,99,True,0.376557,0.3766,none,,,False,,70,0,,,
70,68,True,0.562357,0.5624,none,,,False,,70,0,,,
70,49,True,0.414213,0.4142,none,,,False,,70,0,,,
71,56,True,0.757661,0.7577,none,,,False,,71,0,,,
71,67,True,0.560514,0.5605,none,,,False,,71,0,,,
71,98,True,0.398228,0.3982,none,,,False,,71,0,,,
71,69,True,0.374214,0.3742,none,,,False,,71,0,,,
71,2,True,0.912717,0.9127,none,,,False,,71,0,,,
71,47,True,0.580866,0.5809,none,,,False,,71,0,,,
71,8,True,0.392912,0.3929,none,,,False,,71,0,,,
71,74,True,0.681814,0.6818,none,,,False,,71,0,,,
71,29,True,0.401049,0.401,none,,,False,,71,0,,,
71,61,True,0.609071,0.6091,none,,,False,,71,0,,,
71,37,True,0.33455,0.3346,none,,,False,,71,0,,,
71,19,True,0.691577,0.6916,none,,,False,,71,0,,,
71,93,True,0.242602,0.2426,none,,,False,,71,0,,,
71,36,True,0.346656,0.3467,none,,,False,,71,0,,,
71,65,True,0.475563,0.4756,none,,,False,,71,0,,,
71,41,True,0.295435,0.2954,none,,,False,,71,0,,,
71,68,True,0.733903,0.7339,none,,,False,,71,0,,,
71,88,True,1.080556,1.0806,none,,,False,,71,0,,,
71,25,True,0.403624,0.4036,none,,,False,,71,0,,,
71,14,True,0.533296,0.5333,none,,,False,,71,0,,,
71,24,True,1.577416,1.5774,none,,,False,,71,0,,,
71,96,True,0.598294,0.5983,none,,,False,,71,0,,,
71,0,True,0.312338,0.3123,none,,,False,,71,0,,,
71,94,True,0.545136,0.5451,none,,,False,,71,0,,,
71,54,True,0.909902,0.9099,none,,,False,,71,0,,,
71,40,True,0.958703,0.9587,none,,,False,,71,0,,,
71,73,True,0.534113,0.5341,none,,,False,,71,0,,,
71,11,True,0.841809,0.8418,none,,,False,,71,0,,,
71,23,True,0.765189,0.7652,none,,,False,,71,0,,,
71,55,True,0.464933,0.4649,none,,,False,,71,0,,,
71,76,True,0.543977,0.544,none,,,False,,71,0,,,
71,59,True,0.581796,0.5818,none,,,False,,71,0,,,
71,17,True,0.276457,0.2765,none,,,False,,71,0,,,
71,91,True,0.917068,0.9171,none,,,False,,71,0,,,
71,51,True,0.595803,0.5958,none,,,False,,71,0,,,
71,5,True,0.316575,0.3166,none,,,False,,71,0,,,
72,84,True,0.922315,0.9223,none,,,False,,72,0,,,
72,26,True,0.648619,0.6486,none,,,False,,72,0,,,
72,99,True,0.547173,0.5472,none,,,False,,72,0,,,
72,76,True,0.580169,0.5802,none,,,False,,72,0,,,
72,5,True,0.263257,0.2633,none,,,False,,72,0,,,
72,38,True,0.610321,0.6103,none,,,False,,72,0,,,
72,60,True,0.639289,0.6393,none,,,False,,72,0,,,
72,7,True,0.558763,0.5588,none,,,False,,72,0,,,
72,25,True,0.632458,0.6325,none,,,False,,72,0,,,
72,45,True,0.281726,0.2817,none,,,False,,72,0,,,
72,94,True,0.469781,0.4698,none,,,False,,72,0,,,
72,27,True,0.430562,0.4306,none,,,False,,72,0,,,
72,14,True,0.513354,0.5134,none,,,False,,72,0,,,
72,39,True,0.33256,0.3326,none,,,False,,72,0,,,
72,83,True,0.583794,0.5838,none,,,False,,72,0,,,
72,69,True,0.303204,0.3032,none,,,False,,72,0,,,
72,46,True,0.480396,0.4804,none,,,False,,72,0,,,
72,89,True,0.36278,0.3628,none,,,False,,72,0,,,
72,72,True,1.061242,1.0612,none,,,False,,72,0,,,
72,4,True,0.535262,0.5353,none,,,False,,72,0,,,
72,32,True,0.357186,0.3572,none,,,False,,72,0,,,
72,20,True,0.281247,0.2812,none,,,False,,72,0,,,
72,98,True,0.278248,0.2782,none,,,False,,72,0,,,
72,70,True,0.489216,0.4892,none,,,False,,72,0,,,
72,86,True,0.510847,0.5108,none,,,False,,72,0,,,
72,67,True,0.508683,0.5087,none,,,False,,72,0,,,
72,62,True,0.491859,0.4919,none,,,False,,72,0,,,
72,34,True,0.740936,0.7409,none,,,False,,72,0,,,
72,18,True,0.434275,0.4343,none,,,False,,72,0,,,
72,78,True,0.51454,0.5145,none,,,False,,72,0,,,
72,51,True,0.214208,0.2142,none,,,False,,72,0,,,
72,88,True,0.962617,0.9626,none,,,False,,72,0,,,
72,0,True,0.645031,0.645,none,,,False,,72,0,,,
72,66,True,1.356583,1.3566,none,,,False,,72,0,,,
72,58,True,0.32345,0.3235,none,,,False,,72,0,,,
72,44,True,0.561223,0.5612,none,,,False,,72,0,,,
73,20,True,0.262578,0.2626,none,,,False,,73,0,,,
73,46,True,0.403714,0.4037,none,,,False,,73,0,,,
73,98,True,0.255717,0.2557,none,,,False,,73,0,,,
73,73,True,0.543521,0.5435,none,,,False,,73,0,,,
73,61,True,0.519831,0.5198,none,,,False,,73,0,,,
73,76,True,0.480661,0.4807,none,,,False,,73,0,,,
73,16,True,0.460188,0.4602,none,,,False,,73,0,,,
73,65,True,0.266958,0.267,none,,,False,,73,0,,,
73,44,True,0.440336,0.4403,none,,,False,,73,0,,,
73,47,True,0.599461,0.5995,none,,,False,,73,0,,,
73,50,True,0.492116,0.4921,none,,,False,,73,0,,,
73,53,True,0.71107,0.7111,none,,,False,,73,0,,,
73,57,True,0.420284,0.4203,none,,,False,,73,0,,,
73,56,True,0.588924,0.5889,none,,,False,,73,0,,,
73,58,True,0.274686,0.2747,none,,,False,,73,0,,,
73,74,True,0.525846,0.5258,none,,,False,,73,0,,,
73,14,True,0.502324,0.5023,none,,,False,,73,0,,,
73,89,True,0.313251,0.3133,none,,,False,,73,0,,,
73,54,True,0.56378,0.5638,none,,,False,,73,0,,,
73,85,True,0.51245,0.5125,none,,,False,,73,0,,,
73,28,True,0.308913,0.3089,none,,,False,,73,0,,,
73,92,True,0.363821,0.3638,none,,,False,,73,0,,,
73,86,True,0.325973,0.326,none,,,False,,73,0,,,
73,78,True,0.387284,0.3873,none,,,False,,73,0,,,
73,99,True,0.308902,0.3089,none,,,False,,73,0,,,
73,34,True,0.503822,0.5038,none,,,False,,73,0,,,
73,36,True,0.397988,0.398,none,,,False,,73,0,,,
73,66,True,1.195951,1.196,none,,,False,,73,0,,,
73,26,True,0.591664,0.5917,none,,,False,,73,0,,,
73,62,True,0.38939,0.3894,none,,,False,,73,0,,,
73,21,True,0.614472,0.6145,none,,,False,,73,0,,,
73,72,True,0.827555,0.8276,none,,,False,,73,0,,,
73,25,True,0.333307,0.3333,none,,,False,,73,0,,,
73,12,True,0.452868,0.4529,none,,,False,,73,0,,,
73,93,True,0.389556,0.3896,none,,,False,,73,0,,,
73,69,True,0.341956,0.342,none,,,False,,73,0,,,
74,25,True,0.32527,0.3253,none,,,False,,74,0,,,
74,4,True,0.350273,0.3503,none,,,False,,74,0,,,
74,38,True,0.286936,0.2869,none,,,False,,74,0,,,
74,16,True,0.321219,0.3212,none,,,False,,74,0,,,
74,2,True,0.785727,0.7857,none,,,False,,74,0,,,
74,74,True,0.532454,0.5325,none,,,False,,74,0,,,
74,80,True,0.396682,0.3967,none,,,False,,74,0,,,
74,61,True,0.453344,0.4533,none,,,False,,74,0,,,
74,63,True,0.557161,0.5572,none,,,False,,74,0,,,
74,46,True,0.297814,0.2978,none,,,False,,74,0,,,
74,43,True,0.301573,0.3016,none,,,False,,74,0,,,
74,40,True,1.081402,1.0814,none,,,False,,74,0,,,
74,57,True,0.329005,0.329,none,,,False,,74,0,,,
74,10,True,0.405981,0.406,none,,,False,,74,0,,,
74,35,True,0.585044,0.585,none,,,False,,74,0,,,
74,32,True,0.374306,0.3743,none,,,False,,74,0,,,
74,59,True,0.431059,0.4311,none,,,False,,74,0,,,
74,67,True,0.629988,0.63,none,,,False,,74,0,,,
74,44,True,0.360542,0.3605,none,,,False,,74,0,,,
74,8,True,0.336446,0.3364,none,,,False,,74,0,,,
74,27,True,0.439947,0.4399,none,,,False,,74,0,,,
74,55,True,0.351427,0.3514,none,,,False,,74,0,,,
74,11,True,0.729177,0.7292,none,,,False,,74,0,,,
74,98,True,0.38077,0.3808,none,,,False,,74,0,,,
74,1,True,0.69498,0.695,none,,,False,,74,0,,,
74,49,True,0.285305,0.2853,none,,,False,,74,0,,,
74,12,True,0.376021,0.376,none,,,False,,74,0,,,
74,71,True,0.261103,0.2611,none,,,False,,74,0,,,
74,60,True,0.595454,0.5955,none,,,False,,74,0,,,
74,9,True,0.695002,0.695,none,,,False,,74,0,,,
74,5,True,0.221663,0.2217,none,,,False,,74,0,,,
74,89,True,0.261322,0.2613,none,,,False,,74,0,,,
74,14,True,0.497532,0.4975,none,,,False,,74,0,,,
74,39,True,0.320926,0.3209,none,,,False,,74,0,,,
74,85,True,0.517192,0.5172,none,,,False,,74,0,,,
74,88,True,1.149413,1.1494,none,,,False,,74,0,,,
75,70,True,0.502689,0.5027,none,,,False,,75,0,,,
75,56,True,0.848794,0.8488,none,,,False,,75,0,,,
75,33,True,0.543326,0.5433,none,,,False,,75,0,,,
75,83,True,0.665001,0.665,none,,,False,,75,0,,,
75,63,True,0.526574,0.5266,none,,,False,,75,0,,,
75,17,True,0.212431,0.2124,none,,,False,,75,0,,,
75,55,True,0.574852,0.5749,none,,,False,,75,0,,,
75,19,True,0.345323,0.3453,none,,,False,,75,0,,,
75,50,True,0.42627,0.4263,none,,,False,,75,0,,,
75,71,True,0.271541,0.2715,none,,,False,,75,0,,,
75,81,True,0.688015,0.688,none,,,False,,75,0,,,
75,31,True,0.262241,0.2622,none,,,False,,75,0,,,
75,95,True,0.557098,0.5571,none,,,False,,75,0,,,
75,97,True,0.793126,0.7931,none,,,False,,75,0,,,
75,68,True,0.621548,0.6215,none,,,False,,75,0,,,
75,69,True,0.33504,0.335,none,,,False,,75,0,,,
75,96,True,0.679558,0.6796,none,,,False,,75,0,,,
75,25,True,0.449387,0.4494,none,,,False,,75,0,,,
75,87,True,0.294508,0.2945,none,,,False,,75,0,,,
75,4,True,0.455713,0.4557,none,,,False,,75,0,,,
75,93,True,0.40256,0.4026,none,,,False,,75,0,,,
75,39,True,0.330538,0.3305,none,,,False,,75,0,,,
75,43,True,0.334409,0.3344,none,,,False,,75,0,,,
75,65,True,0.55676,0.5568,none,,,False,,75,0,,,
75,78,True,0.502154,0.5022,none,,,False,,75,0,,,
75,76,True,0.465877,0.4659,none,,,False,,75,0,,,
75,45,True,0.394292,0.3943,none,,,False,,75,0,,,
75,21,True,0.638561,0.6386,none,,,False,,75,0,,,
75,92,True,0.411994,0.412,none,,,False,,75,0,,,
75,86,True,0.555235,0.5552,none,,,False,,75,0,,,
75,23,True,0.727238,0.7272,none,,,False,,75,0,,,
75,66,True,1.174987,1.175,none,,,False,,75,0,,,
75,41,True,0.526584,0.5266,none,,,False,,75,0,,,
75,51,True,0.488194,0.4882,none,,,False,,75,0,,,
75,91,True,0.8174,0.8174,none,,,False,,75,0,,,
75,40,True,1.012158,1.0122,none,,,False,,75,0,,,
76,67,True,0.539515,0.5395,none,,,False,,76,0,,,
76,13,True,0.422395,0.4224,none,,,False,,76,0,,,
76,96,True,0.646312,0.6463,none,,,False,,76,0,,,
76,54,True,0.71936,0.7194,none,,,False,,76,0,,,
76,49,True,0.400604,0.4006,none,,,False,,76,0,,,
76,4,True,0.47169,0.4717,none,,,False,,76,0,,,
76,91,True,0.688519,0.6885,none,,,False,,76,0,,,
76,47,True,0.410023,0.41,none,,,False,,76,0,,,
76,1,True,0.747248,0.7472,none,,,False,,76,0,,,
76,17,True,0.221946,0.2219,none,,,False,,76,0,,,
76,3,True,0.292559,0.2926,none,,,False,,76,0,,,
76,62,True,0.422831,0.4228,none,,,False,,76,0,,,
76,95,True,0.540898,0.5409,none,,,False,,76,0,,,
76,79,True,0.363907,0.3639,none,,,False,,76,0,,,
76,92,True,0.445866,0.4459,none,,,False,,76,0,,,
76,33,True,0.441682,0.4417,none,,,False,,76,0,,,
76,12,True,0.491917,0.4919,none,,,False,,76,0,,,
76,59,True,0.551863,0.5519,none,,,False,,76,0,,,
76,71,True,0.164355,0.1644,none,,,False,,76,0,,,
76,21,True,0.618703,0.6187,none,,,False,,76,0,,,
76,44,True,0.337152,0.3372,none,,,False,,76,0,,,
76,27,True,0.271207,0.2712,none,,,False,,76,0,,,
76,42,True,0.496193,0.4962,none,,,False,,76,0,,,
76,34,True,0.752982,0.753,none,,,False,,76,0,,,
76,28,True,0.237248,0.2372,none,,,False,,76,0,,,
76,0,True,0.454523,0.4545,none,,,False,,76,0,,,
76,14,True,0.41003,0.41,none,,,False,,76,0,,,
76,11,True,0.814466,0.8145,none,,,False,,76,0,,,
76,35,True,0.708058,0.7081,none,,,False,,76,0,,,
76,65,True,0.506454,0.5065,none,,,False,,76,0,,,
76,80,True,0.373918,0.3739,none,,,False,,76,0,,,
76,76,True,0.540103,0.5401,none,,,False,,76,0,,,
76,63,True,0.386363,0.3864,none,,,False,,76,0,,,
76,9,True,0.404133,0.4041,none,,,False,,76,0,,,
76,97,True,0.602955,0.603,none,,,False,,76,0,,,
76,29,True,0.33921,0.3392,none,,,False,,76,0,,,
77,33,True,0.43172,0.4317,none,,,False,,77,0,,,
77,97,True,0.645206,0.6452,none,,,False,,77,0,,,
77,28,True,0.548223,0.5482,none,,,False,,77,0,,,
77,15,True,0.505531,0.5055,none,,,False,,77,0,,,
77,40,True,1.01305,1.0131,none,,,False,,77,0,,,
77,32,True,0.43284,0.4328,none,,,False,,77,0,,,
77,3,True,0.139241,0.1392,none,,,False,,77,0,,,
77,55,True,0.667663,0.6677,none,,,False,,77,0,,,
77,92,True,0.422151,0.4222,none,,,False,,77,0,,,
77,58,True,0.367275,0.3673,none,,,False,,77,0,,,
77,1,True,0.583217,0.5832,none,,,False,,77,0,,,
77,24,True,1.765876,1.7659,none,,,False,,77,0,,,
77,91,True,0.714269,0.7143,none,,,False,,77,0,,,
77,57,True,0.310873,0.3109,none,,,False,,77,0,,,
77,47,True,0.437445,0.4374,none,,,False,,77,0,,,
77,75,True,0.796971,0.797,none,,,False,,77,0,,,
77,67,True,0.596614,0.5966,none,,,False,,77,0,,,
77,98,True,0.503031,0.503,none,,,False,,77,0,,,
77,4,True,0.506513,0.5065,none,,,False,,77,0,,,
77,81,True,0.556393,0.5564,none,,,False,,77,0,,,
77,60,True,0.561834,0.5618,none,,,False,,77,0,,,
77,61,True,0.489693,0.4897,none,,,False,,77,0,,,
77,85,True,0.598263,0.5983,none,,,False,,77,0,,,
77,99,True,0.638739,0.6387,none,,,False,,77,0,,,
77,25,True,0.649062,0.6491,none,,,False,,77,0,,,
77,21,True,0.607473,0.6075,none,,,False,,77,0,,,
77,71,True,0.250493,0.2505,none,,,False,,77,0,,,
77,14,True,0.677147,0.6771,none,,,False,,77,0,,,
77,93,True,0.477405,0.4774,none,,,False,,77,0,,,
77,76,True,0.590812,0.5908,none,,,False,,77,0,,,
77,42,True,0.529876,0.5299,none,,,False,,77,0,,,
77,84,True,0.684781,0.6848,none,,,False,,77,0,,,
77,30,True,0.377367,0.3774,none,,,False,,77,0,,,
77,20,True,0.215554,0.2156,none,,,False,,77,0,,,
77,10,True,0.416839,0.4168,none,,,False,,77,0,,,
77,78,True,0.419538,0.4195,none,,,False,,77,0,,,
78,93,True,0.384372,0.3844,none,,,False,,78,0,,,
78,67,True,0.474798,0.4748,none,,,False,,78,0,,,
78,11,True,0.669101,0.6691,none,,,False,,78,0,,,
78,8,True,0.445978,0.446,none,,,False,,78,0,,,
78,49,True,0.36105,0.361,none,,,False,,78,0,,,
78,38,True,0.345341,0.3453,none,,,False,,78,0,,,
78,46,True,0.388587,0.3886,none,,,False,,78,0,,,
78,75,True,0.681944,0.6819,none,,,False,,78,0,,,
78,53,True,0.746815,0.7468,none,,,False,,78,0,,,
78,89,True,0.234407,0.2344,none,,,False,,78,0,,,
78,16,True,0.403271,0.4033,none,,,False,,78,0,,,
78,86,True,0.541524,0.5415,none,,,False,,78,0,,,
78,31,True,0.289493,0.2895,none,,,False,,78,0,,,
78,26,True,0.730513,0.7305,none,,,False,,78,0,,,
78,48,True,0.329376,0.3294,none,,,False,,78,0,,,
78,50,True,0.472163,0.4722,none,,,False,,78,0,,,
78,82,True,0.255241,0.2552,none,,,False,,78,0,,,
78,61,True,0.457004,0.457,none,,,False,,78,0,,,
78,80,True,0.366251,0.3663,none,,,False,,78,0,,,
78,17,True,0.161159,0.1612,none,,,False,,78,0,,,
78,19,True,0.40371,0.4037,none,,,False,,78,0,,,
78,96,True,0.670811,0.6708,none,,,False,,78,0,,,
78,98,True,0.349783,0.3498,none,,,False,,78,0,,,
78,77,True,0.211372,0.2114,none,,,False,,78,0,,,
78,55,True,0.650994,0.651,none,,,False,,78,0,,,
78,2,True,0.671711,0.6717,none,,,False,,78,0,,,
78,84,True,0.717857,0.7179,none,,,False,,78,0,,,
78,0,True,0.163873,0.1639,none,,,False,,78,0,,,
78,10,True,0.400882,0.4009,none,,,False,,78,0,,,
78,14,True,0.529538,0.5295,none,,,False,,78,0,,,
78,37,True,0.335332,0.3353,none,,,False,,78,0,,,
78,99,True,0.681793,0.6818,none,,,False,,78,0,,,
78,39,True,0.331483,0.3315,none,,,False,,78,0,,,
78,97,True,0.736472,0.7365,none,,,False,,78,0,,,
78,65,True,0.484782,0.4848,none,,,False,,78,0,,,
78,74,True,0.572877,0.5729,none,,,False,,78,0,,,
79,24,True,1.862399,1.8624,none,,,False,,79,0,,,
79,52,True,0.614536,0.6145,none,,,False,,79,0,,,
79,75,True,0.915055,0.9151,none,,,False,,79,0,,,
79,94,True,0.447955,0.448,none,,,False,,79,0,,,
79,87,True,0.169338,0.1693,none,,,False,,79,0,,,
79,76,True,0.574867,0.5749,none,,,False,,79,0,,,
79,33,True,0.489947,0.4899,none,,,False,,79,0,,,
79,51,True,0.469934,0.4699,none,,,False,,79,0,,,
79,81,True,0.677231,0.6772,none,,,False,,79,0,,,
79,12,True,0.568888,0.5689,none,,,False,,79,0,,,
79,42,True,0.541521,0.5415,none,,,False,,79,0,,,
79,44,True,0.364222,0.3642,none,,,False,,79,0,,,
79,99,True,0.471243,0.4712,none,,,False,,79,0,,,
79,82,True,0.461158,0.4612,none,,,False,,79,0,,,
79,1,True,0.696353,0.6964,none,,,False,,79,0,,,
79,31,True,0.193109,0.1931,none,,,False,,79,0,,,
79,35,True,0.833384,0.8334,none,,,False,,79,0,,,
79,23,True,0.6674,0.6674,none,,,False,,79,0,,,
79,19,True,0.326315,0.3263,none,,,False,,79,0,,,
79,3,True,0.284013,0.284,none,,,False,,79,0,,,
79,77,True,0.208565,0.2086,none,,,False,,79,0,,,
79,29,True,0.263091,0.2631,none,,,False,,79,0,,,
79,47,True,0.544322,0.5443,none,,,False,,79,0,,,
79,73,True,0.415035,0.415,none,,,False,,79,0,,,
79,54,True,0.543629,0.5436,none,,,False,,79,0,,,
79,78,True,0.458876,0.4589,none,,,False,,79,0,,,
79,56,True,0.664243,0.6642,none,,,False,,79,0,,,
79,60,True,0.66841,0.6684,none,,,False,,79,0,,,
79,11,True,0.615539,0.6155,none,,,False,,79,0,,,
79,93,True,0.387666,0.3877,none,,,False,,79,0,,,
79,16,True,0.490437,0.4904,none,,,False,,79,0,,,
79,34,True,0.683822,0.6838,none,,,False,,79,0,,,
79,65,True,0.440174,0.4402,none,,,False,,79,0,,,
79,40,True,1.08155,1.0815,none,,,False,,79,0,,,
79,59,True,0.296946,0.2969,none,,,False,,79,0,,,
79,26,True,0.465899,0.4659,none,,,False,,79,0,,,
80,90,True,0.646711,0.6467,none,,,False,,80,0,,,
80,26,True,0.805597,0.8056,none,,,False,,80,0,,,
80,4,True,0.498649,0.4986,none,,,False,,80,0,,,
80,56,True,0.771347,0.7713,none,,,False,,80,0,,,
80,12,True,0.382819,0.3828,none,,,False,,80,0,,,
80,47,True,0.53976,0.5398,none,,,False,,80,0,,,
80,32,True,0.533454,0.5335,none,,,False,,80,0,,,
80,75,True,0.806295,0.8063,none,,,False,,80,0,,,
80,2,True,0.786239,0.7862,none,,,False,,80,0,,,
80,8,True,0.259327,0.2593,none,,,False,,80,0,,,
80,23,True,0.848811,0.8488,none,,,False,,80,0,,,
80,54,True,0.605201,0.6052,none,,,False,,80,0,,,
80,95,True,0.563398,0.5634,none,,,False,,80,0,,,
80,27,True,0.312116,0.3121,none,,,False,,80,0,,,
80,53,True,0.754168,0.7542,none,,,False,,80,0,,,
80,81,True,0.325467,0.3255,none,,,False,,80,0,,,
80,44,True,0.536326,0.5363,none,,,False,,80,0,,,
80,39,True,0.285811,0.2858,none,,,False,,80,0,,,
80,96,True,0.593585,0.5936,none,,,False,,80,0,,,
80,84,True,0.755033,0.755,none,,,False,,80,0,,,
80,97,True,0.763327,0.7633,none,,,False,,80,0,,,
80,11,True,0.600094,0.6001,none,,,False,,80,0,,,
80,77,True,0.158157,0.1582,none,,,False,,80,0,,,
80,62,True,0.522595,0.5226,none,,,False,,80,0,,,
80,36,True,0.359225,0.3592,none,,,False,,80,0,,,
80,83,True,0.600008,0.6,none,,,False,,80,0,,,
80,9,True,0.390539,0.3905,none,,,False,,80,0,,,
80,3,True,0.0969,0.0969,none,,,False,,80,0,,,
80,21,True,0.506075,0.5061,none,,,False,,80,0,,,
80,43,True,0.300964,0.301,none,,,False,,80,0,,,
80,10,True,0.384004,0.384,none,,,False,,80,0,,,
80,71,True,0.325675,0.3257,none,,,False,,80,0,,,
80,70,True,0.609176,0.6092,none,,,False,,80,0,,,
80,52,True,0.729608,0.7296,none,,,False,,80,0,,,
80,31,True,0.336845,0.3368,none,,,False,,80,0,,,
80,34,True,0.556023,0.556,none,,,False,,80,0,,,
81,26,True,0.615033,0.615,none,,,False,,81,0,,,
81,86,True,0.488048,0.488,none,,,False,,81,0,,,
81,11,True,0.726663,0.7267,none,,,False,,81,0,,,
81,57,True,0.429977,0.43,none,,,False,,81,0,,,
81,44,True,0.560596,0.5606,none,,,False,,81,0,,,
81,43,True,0.361447,0.3614,none,,,False,,81,0,,,
81,16,True,0.511561,0.5116,none,,,False,,81,0,,,
81,48,True,0.238903,0.2389,none,,,False,,81,0,,,
81,9,True,0.583359,0.5834,none,,,False,,81,0,,,
81,97,True,0.679767,0.6798,none,,,False,,81,0,,,
81,7,True,0.361087,0.3611,none,,,False,,81,0,,,
81,94,True,0.522109,0.5221,none,,,False,,81,0,,,
81,18,True,0.453781,0.4538,none,,,False,,81,0,,,
81,85,True,0.51059,0.5106,none,,,False,,81,0,,,
81,47,True,0.461202,0.4612,none,,,False,,81,0,,,
81,61,True,0.411867,0.4119,none,,,False,,81,0,,,
81,19,True,0.582072,0.5821,none,,,False,,81,0,,,
81,52,True,0.646671,0.6467,none,,,False,,81,0,,,
81,87,True,0.252529,0.2525,none,,,False,,81,0,,,
81,51,True,0.409571,0.4096,none,,,False,,81,0,,,
81,76,True,0.545845,0.5458,none,,,False,,81,0,,,
81,60,True,0.759616,0.7596,none,,,False,,81,0,,,
81,99,True,0.493261,0.4933,none,,,False,,81,0,,,
81,69,True,0.35956,0.3596,none,,,False,,81,0,,,
81,90,True,0.447793,0.4478,none,,,False,,81,0,,,
81,42,True,0.62543,0.6254,none,,,False,,81,0,,,
81,58,True,0.245837,0.2458,none,,,False,,81,0,,,
81,8,True,0.313929,0.3139,none,,,False,,81,0,,,
81,64,True,0.424898,0.4249,none,,,False,,81,0,,,
81,3,True,0.292757,0.2928,none,,,False,,81,0,,,
81,53,True,0.827484,0.8275,none,,,False,,81,0,,,
81,71,True,0.102734,0.1027,none,,,False,,81,0,,,
81,28,True,0.537265,0.5373,none,,,False,,81,0,,,
81,88,True,1.140589,1.1406,none,,,False,,81,0,,,
81,29,True,0.355555,0.3556,none,,,False,,81,0,,,
81,80,True,0.359127,0.3591,none,,,False,,81,0,,,
82,27,True,0.43735,0.4373,none,,,False,,82,0,,,
82,42,True,0.538297,0.5383,none,,,False,,82,0,,,
82,53,True,0.681863,0.6819,none,,,False,,82,0,,,
82,78,True,0.565812,0.5658,none,,,False,,82,0,,,
82,3,True,0.34782,0.3478,none,,,False,,82,0,,,
82,69,True,0.350789,0.3508,none,,,False,,82,0,,,
82,56,True,0.907253,0.9073,none,,,False,,82,0,,,
82,9,True,0.625837,0.6258,none,,,False,,82,0,,,
82,84,True,0.971295,0.9713,none,,,False,,82,0,,,
82,37,True,0.424773,0.4248,none,,,False,,82,0,,,
82,81,True,0.537855,0.5379,none,,,False,,82,0,,,
82,4,True,0.469931,0.4699,none,,,False,,82,0,,,
82,8,True,0.299749,0.2997,none,,,False,,82,0,,,
82,6,True,0.540373,0.5404,none,,,False,,82,0,,,
82,22,True,0.588507,0.5885,none,,,False,,82,0,,,
82,70,True,0.543046,0.543,none,,,False,,82,0,,,
82,55,True,0.647566,0.6476,none,,,False,,82,0,,,
82,39,True,0.355658,0.3557,none,,,False,,82,0,,,
82,59,True,0.633092,0.6331,none,,,False,,82,0,,,
82,16,True,0.456403,0.4564,none,,,False,,82,0,,,
82,50,True,0.445494,0.4455,none,,,False,,82,0,,,
82,25,True,0.58382,0.5838,none,,,False,,82,0,,,
82,1,True,0.542124,0.5421,none,,,False,,82,0,,,
82,12,True,0.566925,0.5669,none,,,False,,82,0,,,
82,57,True,0.210971,0.211,none,,,False,,82,0,,,
82,58,True,0.438907,0.4389,none,,,False,,82,0,,,
82,20,True,0.187301,0.1873,none,,,False,,82,0,,,
82,64,True,0.304269,0.3043,none,,,False,,82,0,,,
82,14,True,0.488895,0.4889,none,,,False,,82,0,,,
82,44,True,0.482471,0.4825,none,,,False,,82,0,,,
82,21,True,0.71488,0.7149,none,,,False,,82,0,,,
82,92,True,0.392017,0.392,none,,,False,,82,0,,,
82,62,True,0.598548,0.5985,none,,,False,,82,0,,,
82,77,True,0.179131,0.1791,none,,,False,,82,0,,,
82,80,True,0.365458,0.3655,none,,,False,,82,0,,,
82,18,True,0.408561,0.4086,none,,,False,,82,0,,,
83,36,True,0.288494,0.2885,none,,,False,,83,0,,,
83,8,True,0.328579,0.3286,none,,,False,,83,0,,,
83,10,True,0.455856,0.4559,none,,,False,,83,0,,,
83,46,True,0.334442,0.3344,none,,,False,,83,0,,,
83,69,True,0.404096,0.4041,none,,,False,,83,0,,,
83,73,True,0.496434,0.4964,none,,,False,,83,0,,,
83,89,True,0.177603,0.1776,none,,,False,,83,0,,,
83,58,True,0.332774,0.3328,none,,,False,,83,0,,,
83,83,True,0.561276,0.5613,none,,,False,,83,0,,,
83,25,True,0.507723,0.5077,none,,,False,,83,0,,,
83,5,True,0.222384,0.2224,none,,,False,,83,0,,,
83,88,True,1.476985,1.477,none,,,False,,83,0,,,
83,26,True,0.681827,0.6818,none,,,False,,83,0,,,
83,15,True,0.435667,0.4357,none,,,False,,83,0,,,
83,77,True,0.248377,0.2484,none,,,False,,83,0,,,
83,59,True,0.289991,0.29,none,,,False,,83,0,,,
83,2,True,0.820624,0.8206,none,,,False,,83,0,,,
83,67,True,0.656217,0.6562,none,,,False,,83,0,,,
83,50,True,0.528532,0.5285,none,,,False,,83,0,,,
83,70,True,0.375635,0.3756,none,,,False,,83,0,,,
83,23,True,0.617688,0.6177,none,,,False,,83,0,,,
83,30,True,0.305973,0.306,none,,,False,,83,0,,,
83,86,True,0.507667,0.5077,none,,,False,,83,0,,,
83,55,True,0.596878,0.5969,none,,,False,,83,0,,,
83,82,True,0.212633,0.2126,none,,,False,,83,0,,,
83,68,True,0.623573,0.6236,none,,,False,,83,0,,,
83,96,True,0.507274,0.5073,none,,,False,,83,0,,,
83,72,True,0.669665,0.6697,none,,,False,,83,0,,,
83,6,True,0.471832,0.4718,none,,,False,,83,0,,,
83,13,True,0.457425,0.4574,none,,,False,,83,0,,,
83,33,True,0.491536,0.4915,none,,,False,,83,0,,,
83,21,True,0.557785,0.5578,none,,,False,,83,0,,,
83,22,True,0.777733,0.7777,none,,,False,,83,0,,,
83,20,True,0.184851,0.1849,none,,,False,,83,0,,,
83,87,True,0.332207,0.3322,none,,,False,,83,0,,,
83,56,True,0.609955,0.61,none,,,False,,83,0,,,
84,24,True,2.044019,2.044,none,,,False,,84,0,,,
84,10,True,0.343066,0.3431,none,,,False,,84,0,,,
84,21,True,0.573284,0.5733,none,,,False,,84,0,,,
84,59,True,0.680977,0.681,none,,,False,,84,0,,,
84,78,True,0.447589,0.4476,none,,,False,,84,0,,,
84,89,True,0.357672,0.3577,none,,,False,,84,0,,,
84,16,True,0.406993,0.407,none,,,False,,84,0,,,
84,83,True,0.499444,0.4994,none,,,False,,84,0,,,
84,35,True,0.868187,0.8682,none,,,False,,84,0,,,
84,13,True,0.529991,0.53,none,,,False,,84,0,,,
84,64,True,0.46494,0.4649,none,,,False,,84,0,,,
84,31,True,0.246294,0.2463,none,,,False,,84,0,,,
84,72,True,0.946809,0.9468,none,,,False,,84,0,,,
84,62,True,0.411494,0.4115,none,,,False,,84,0,,,
84,25,True,0.374784,0.3748,none,,,False,,84,0,,,
84,40,True,1.224903,1.2249,none,,,False,,84,0,,,
84,27,True,0.549393,0.5494,none,,,False,,84,0,,,
84,58,True,0.053466,0.0535,none,,,False,,84,0,,,
84,3,True,0.29381,0.2938,none,,,False,,84,0,,,
84,39,True,0.340357,0.3404,none,,,False,,84,0,,,
84,94,True,0.558689,0.5587,none,,,False,,84,0,,,
84,38,True,0.404353,0.4044,none,,,False,,84,0,,,
84,1,True,0.732102,0.7321,none,,,False,,84,0,,,
84,6,True,0.606016,0.606,none,,,False,,84,0,,,
84,42,True,0.334807,0.3348,none,,,False,,84,0,,,
84,4,True,0.467802,0.4678,none,,,False,,84,0,,,
84,57,True,0.490004,0.49,none,,,False,,84,0,,,
84,81,True,0.884528,0.8845,none,,,False,,84,0,,,
84,53,True,0.707944,0.7079,none,,,False,,84,0,,,
84,88,True,0.930888,0.9309,none,,,False,,84,0,,,
84,44,True,0.498525,0.4985,none,,,False,,84,0,,,
84,75,True,0.993528,0.9935,none,,,False,,84,0,,,
84,95,True,0.500006,0.5,none,,,False,,84,0,,,
84,22,True,0.559615,0.5596,none,,,False,,84,0,,,
84,55,True,0.718155,0.7182,none,,,False,,84,0,,,
84,54,True,0.624652,0.6247,none,,,False,,84,0,,,
85,93,True,0.255704,0.2557,none,,,False,,85,0,,,
85,48,True,0.455111,0.4551,none,,,False,,85,0,,,
85,80,True,0.314097,0.3141,none,,,False,,85,0,,,
85,50,True,0.415137,0.4151,none,,,False,,85,0,,,
85,59,True,0.466192,0.4662,none,,,False,,85,0,,,
85,99,True,0.750737,0.7507,none,,,False,,85,0,,,
85,0,True,0.285263,0.2853,none,,,False,,85,0,,,
85,41,True,0.644365,0.6444,none,,,False,,85,0,,,
85,66,True,0.912989,0.913,none,,,False,,85,0,,,
85,19,True,0.611309,0.6113,none,,,False,,85,0,,,
85,58,True,0.236638,0.2366,none,,,False,,85,0,,,
85,30,True,0.332004,0.332,none,,,False,,85,0,,,
85,79,True,0.418091,0.4181,none,,,False,,85,0,,,
85,89,True,0.249579,0.2496,none,,,False,,85,0,,,
85,4,True,0.375358,0.3754,none,,,False,,85,0,,,
85,2,True,0.886766,0.8868,none,,,False,,85,0,,,
85,98,True,0.434583,0.4346,none,,,False,,85,0,,,
85,32,True,0.354706,0.3547,none,,,False,,85,0,,,
85,42,True,0.382469,0.3825,none,,,False,,85,0,,,
85,28,True,0.529854,0.5299,none,,,False,,85,0,,,
85,68,True,0.741167,0.7412,none,,,False,,85,0,,,
85,35,True,0.269206,0.2692,none,,,False,,85,0,,,
85,10,True,0.407939,0.4079,none,,,False,,85,0,,,
85,3,True,0.190666,0.1907,none,,,False,,85,0,,,
85,57,True,0.221727,0.2217,none,,,False,,85,0,,,
85,40,True,0.950493,0.9505,none,,,False,,85,0,,,
85,27,True,0.455845,0.4558,none,,,False,,85,0,,,
85,78,True,0.50335,0.5033,none,,,False,,85,0,,,
85,61,True,0.494451,0.4945,none,,,False,,85,0,,,
85,52,True,0.775041,0.775,none,,,False,,85,0,,,
85,77,True,0.217758,0.2178,none,,,False,,85,0,,,
85,83,True,0.592877,0.5929,none,,,False,,85,0,,,
85,63,True,0.524732,0.5247,none,,,False,,85,0,,,
85,69,True,0.490055,0.4901,none,,,False,,85,0,,,
85,94,True,0.344401,0.3444,none,,,False,,85,0,,,
85,67,True,0.710345,0.7103,none,,,False,,85,0,,,
86,94,True,0.563551,0.5636,none,,,False,,86,0,,,
86,36,True,0.177294,0.1773,none,,,False,,86,0,,,
86,33,True,0.516345,0.5163,none,,,False,,86,0,,,
86,97,True,0.668926,0.6689,none,,,False,,86,0,,,
86,85,True,0.285578,0.2856,none,,,False,,86,0,,,
86,74,True,0.559245,0.5592,none,,,False,,86,0,,,
86,86,True,0.53123,0.5312,none,,,False,,86,0,,,
86,72,True,0.828321,0.8283,none,,,False,,86,0,,,
86,22,True,0.715856,0.7159,none,,,False,,86,0,,,
86,59,True,0.452036,0.452,none,,,False,,86,0,,,
86,28,True,0.464487,0.4645,none,,,False,,86,0,,,
86,81,True,0.598413,0.5984,none,,,False,,86,0,,,
86,12,True,0.476817,0.4768,none,,,False,,86,0,,,
86,29,True,0.322603,0.3226,none,,,False,,86,0,,,
86,23,True,0.676507,0.6765,none,,,False,,86,0,,,
86,21,True,0.731955,0.732,none,,,False,,86,0,,,
86,38,True,0.493619,0.4936,none,,,False,,86,0,,,
86,26,True,0.640525,0.6405,none,,,False,,86,0,,,
86,1,True,0.708887,0.7089,none,,,False,,86,0,,,
86,87,True,0.276935,0.2769,none,,,False,,86,0,,,
86,79,True,0.427804,0.4278,none,,,False,,86,0,,,
86,42,True,0.438676,0.4387,none,,,False,,86,0,,,
86,70,True,0.492456,0.4925,none,,,False,,86,0,,,
86,37,True,0.472826,0.4728,none,,,False,,86,0,,,
86,0,True,0.492859,0.4929,none,,,False,,86,0,,,
86,83,True,0.610968,0.611,none,,,False,,86,0,,,
86,77,True,0.209451,0.2095,none,,,False,,86,0,,,
86,19,True,0.281202,0.2812,none,,,False,,86,0,,,
86,17,True,0.176179,0.1762,none,,,False,,86,0,,,
86,15,True,0.444847,0.4448,none,,,False,,86,0,,,
86,2,True,0.562041,0.562,none,,,False,,86,0,,,
86,68,True,0.456585,0.4566,none,,,False,,86,0,,,
86,80,True,0.204724,0.2047,none,,,False,,86,0,,,
86,92,True,0.606834,0.6068,none,,,False,,86,0,,,
86,62,True,0.419455,0.4195,none,,,False,,86,0,,,
86,55,True,0.768795,0.7688,none,,,False,,86,0,,,
87,85,True,0.515515,0.5155,none,,,False,,87,0,,,
87,73,True,0.430626,0.4306,none,,,False,,87,0,,,
87,87,True,0.18534,0.1853,none,,,False,,87,0,,,
87,19,True,0.332714,0.3327,none,,,False,,87,0,,,
87,45,True,0.377266,0.3773,none,,,False,,87,0,,,
87,84,True,0.517457,0.5175,none,,,False,,87,0,,,
87,35,True,0.8106,0.8106,none,,,False,,87,0,,,
87,34,True,0.755183,0.7552,none,,,False,,87,0,,,
87,32,True,0.308446,0.3084,none,,,False,,87,0,,,
87,93,True,0.353523,0.3535,none,,,False,,87,0,,,
87,78,True,0.441583,0.4416,none,,,False,,87,0,,,
87,6,True,0.49012,0.4901,none,,,False,,87,0,,,
87,88,True,1.254192,1.2542,none,,,False,,87,0,,,
87,1,True,0.72573,0.7257,none,,,False,,87,0,,,
87,11,True,0.71998,0.72,none,,,False,,87,0,,,
87,23,True,0.607005,0.607,none,,,False,,87,0,,,
87,20,True,0.20682,0.2068,none,,,False,,87,0,,,
87,80,True,0.418291,0.4183,none,,,False,,87,0,,,
87,89,True,0.281073,0.2811,none,,,False,,87,0,,,
87,75,True,0.94696,0.947,none,,,False,,87,0,,,
87,47,True,0.548953,0.549,none,,,False,,87,0,,,
87,16,True,0.388141,0.3881,none,,,False,,87,0,,,
87,14,True,0.065664,0.0657,none,,,False,,87,0,,,
87,83,True,0.488119,0.4881,none,,,False,,87,0,,,
87,10,True,0.310941,0.3109,none,,,False,,87,0,,,
87,67,True,0.598668,0.5987,none,,,False,,87,0,,,
87,33,True,0.545777,0.5458,none,,,False,,87,0,,,
87,42,True,0.485201,0.4852,none,,,False,,87,0,,,
87,48,True,0.24718,0.2472,none,,,False,,87,0,,,
87,82,True,0.348711,0.3487,none,,,False,,87,0,,,
87,49,True,0.38614,0.3861,none,,,False,,87,0,,,
87,81,True,0.618881,0.6189,none,,,False,,87,0,,,
87,44,True,0.456646,0.4566,none,,,False,,87,0,,,
87,28,True,0.262637,0.2626,none,,,False,,87,0,,,
87,74,True,0.451898,0.4519,none,,,False,,87,0,,,
87,76,True,0.59264,0.5926,none,,,False,,87,0,,,
88,42,True,0.596183,0.5962,none,,,False,,88,0,,,
88,83,True,0.647572,0.6476,none,,,False,,88,0,,,
88,50,True,0.340699,0.3407,none,,,False,,88,0,,,
88,3,True,0.291854,0.2919,none,,,False,,88,0,,,
88,90,True,0.498095,0.4981,none,,,False,,88,0,,,
88,1,True,0.648876,0.6489,none,,,False,,88,0,,,
88,2,True,0.660876,0.6609,none,,,False,,88,0,,,
88,18,True,0.352557,0.3526,none,,,False,,88,0,,,
88,31,True,0.339648,0.3396,none,,,False,,88,0,,,
88,29,True,0.370817,0.3708,none,,,False,,88,0,,,
88,94,True,0.472325,0.4723,none,,,False,,88,0,,,
88,38,True,0.470433,0.4704,none,,,False,,88,0,,,
88,98,True,0.330479,0.3305,none,,,False,,88,0,,,
88,19,True,0.45755,0.4575,none,,,False,,88,0,,,
88,99,True,0.721745,0.7217,none,,,False,,88,0,,,
88,6,True,0.382999,0.383,none,,,False,,88,0,,,
88,62,True,0.457384,0.4574,none,,,False,,88,0,,,
88,32,True,0.32333,0.3233,none,,,False,,88,0,,,
88,5,True,0.307672,0.3077,none,,,False,,88,0,,,
88,59,True,0.549505,0.5495,none,,,False,,88,0,,,
88,61,True,0.486132,0.4861,none,,,False,,88,0,,,
88,91,True,0.612183,0.6122,none,,,False,,88,0,,,
88,88,True,1.002181,1.0022,none,,,False,,88,0,,,
88,77,True,0.174292,0.1743,none,,,False,,88,0,,,
88,49,True,0.526167,0.5262,none,,,False,,88,0,,,
88,28,True,0.658827,0.6588,none,,,False,,88,0,,,
88,33,True,0.428539,0.4285,none,,,False,,88,0,,,
88,73,True,0.449236,0.4492,none,,,False,,88,0,,,
88,87,True,0.24434,0.2443,none,,,False,,88,0,,,
88,52,True,0.549224,0.5492,none,,,False,,88,0,,,
88,81,True,0.533169,0.5332,none,,,False,,88,0,,,
88,21,True,0.664049,0.664,none,,,False,,88,0,,,
88,8,True,0.346243,0.3462,none,,,False,,88,0,,,
88,65,True,0.5258,0.5258,none,,,False,,88,0,,,
88,74,True,0.577503,0.5775,none,,,False,,88,0,,,
88,25,True,0.567384,0.5674,none,,,False,,88,0,,,
89,54,True,0.526472,0.5265,none,,,False,,89,0,,,
89,42,True,0.344721,0.3447,none,,,False,,89,0,,,
89,22,True,0.731828,0.7318,none,,,False,,89,0,,,
89,96,True,0.92977,0.9298,none,,,False,,89,0,,,
89,69,True,0.360982,0.361,none,,,False,,89,0,,,
89,43,True,0.255209,0.2552,none,,,False,,89,0,,,
89,33,True,0.374174,0.3742,none,,,False,,89,0,,,
89,94,True,0.483335,0.4833,none,,,False,,89,0,,,
89,38,True,0.53093,0.5309,none,,,False,,89,0,,,
89,27,True,0.412959,0.413,none,,,False,,89,0,,,
89,2,True,0.393979,0.394,none,,,False,,89,0,,,
89,18,True,0.409577,0.4096,none,,,False,,89,0,,,
89,40,True,1.349582,1.3496,none,,,False,,89,0,,,
89,39,True,0.311466,0.3115,none,,,False,,89,0,,,
89,81,True,0.762403,0.7624,none,,,False,,89,0,,,
89,86,True,0.356192,0.3562,none,,,False,,89,0,,,
89,5,True,0.30385,0.3038,none,,,False,,89,0,,,
89,82,True,0.440587,0.4406,none,,,False,,89,0,,,
89,32,True,0.249086,0.2491,none,,,False,,89,0,,,
89,19,True,0.545856,0.5459,none,,,False,,89,0,,,
89,0,True,0.632949,0.6329,none,,,False,,89,0,,,
89,49,True,0.517324,0.5173,none,,,False,,89,0,,,
89,55,True,0.825933,0.8259,none,,,False,,89,0,,,
89,75,True,0.839932,0.8399,none,,,False,,89,0,,,
89,4,True,0.458518,0.4585,none,,,False,,89,0,,,
89,70,True,0.376393,0.3764,none,,,False,,89,0,,,
89,61,True,0.468029,0.468,none,,,False,,89,0,,,
89,65,True,0.537832,0.5378,none,,,False,,89,0,,,
89,45,True,0.404019,0.404,none,,,False,,89,0,,,
89,60,True,0.736307,0.7363,none,,,False,,89,0,,,
89,87,True,0.233907,0.2339,none,,,False,,89,0,,,
89,6,True,0.571584,0.5716,none,,,False,,89,0,,,
89,3,True,0.411481,0.4115,none,,,False,,89,0,,,
89,41,True,0.561318,0.5613,none,,,False,,89,0,,,
89,17,True,0.316213,0.3162,none,,,False,,89,0,,,
89,34,True,0.86181,0.8618,none,,,False,,89,0,,,
90,0,True,0.418032,0.418,none,,,False,,90,0,,,
90,53,True,0.732854,0.7329,none,,,False,,90,0,,,
90,64,True,0.493782,0.4938,none,,,False,,90,0,,,
90,32,True,0.488181,0.4882,none,,,False,,90,0,,,
90,20,True,0.135031,0.135,none,,,False,,90,0,,,
90,99,True,0.626515,0.6265,none,,,False,,90,0,,,
90,10,True,0.407753,0.4078,none,,,False,,90,0,,,
90,89,True,0.345949,0.3459,none,,,False,,90,0,,,
90,22,True,0.72643,0.7264,none,,,False,,90,0,,,
90,67,True,0.511993,0.512,none,,,False,,90,0,,,
90,75,True,0.7688,0.7688,none,,,False,,90,0,,,
90,16,True,0.43826,0.4383,none,,,False,,90,0,,,
90,66,True,1.173609,1.1736,none,,,False,,90,0,,,
90,43,True,0.190645,0.1906,none,,,False,,90,0,,,
90,59,True,0.406378,0.4064,none,,,False,,90,0,,,
90,70,True,0.457474,0.4575,none,,,False,,90,0,,,
90,94,True,0.301987,0.302,none,,,False,,90,0,,,
90,91,True,0.661705,0.6617,none,,,False,,90,0,,,
90,69,True,0.361436,0.3614,none,,,False,,90,0,,,
90,88,True,1.292752,1.2928,none,,,False,,90,0,,,
90,46,True,0.313398,0.3134,none,,,False,,90,0,,,
90,73,True,0.496619,0.4966,none,,,False,,90,0,,,
90,62,True,0.523652,0.5237,none,,,False,,90,0,,,
90,86,True,0.537417,0.5374,none,,,False,,90,0,,,
90,44,True,0.458397,0.4584,none,,,False,,90,0,,,
90,13,True,0.351428,0.3514,none,,,False,,90,0,,,
90,74,True,0.406951,0.407,none,,,False,,90,0,,,
90,47,True,0.556999,0.557,none,,,False,,90,0,,,
90,28,True,0.51326,0.5133,none,,,False,,90,0,,,
90,52,True,0.685194,0.6852,none,,,False,,90,0,,,
90,85,True,0.445315,0.4453,none,,,False,,90,0,,,
90,5,True,0.251837,0.2518,none,,,False,,90,0,,,
90,39,True,0.208017,0.208,none,,,False,,90,0,,,
90,29,True,0.357551,0.3576,none,,,False,,90,0,,,
90,41,True,0.53021,0.5302,none,,,False,,90,0,,,
90,61,True,0.466729,0.4667,none,,,False,,90,0,,,
91,22,True,0.188708,0.1887,none,,,False,,91,0,,,
91,86,True,0.521021,0.521,none,,,False,,91,0,,,
91,48,True,0.104977,0.105,none,,,False,,91,0,,,
91,40,True,1.153508,1.1535,none,,,False,,91,0,,,
91,7,True,0.44998,0.45,none,,,False,,91,0,,,
91,58,True,0.340405,0.3404,none,,,False,,91,0,,,
91,82,True,0.341996,0.342,none,,,False,,91,0,,,
91,47,True,0.454349,0.4543,none,,,False,,91,0,,,
91,96,True,0.629422,0.6294,none,,,False,,91,0,,,
91,18,True,0.506281,0.5063,none,,,False,,91,0,,,
91,94,True,0.587918,0.5879,none,,,False,,91,0,,,
91,25,True,0.382444,0.3824,none,,,False,,91,0,,,
91,56,True,0.758518,0.7585,none,,,False,,91,0,,,
91,31,True,0.275923,0.2759,none,,,False,,91,0,,,
91,35,True,0.62368,0.6237,none,,,False,,91,0,,,
91,42,True,0.602366,0.6024,none,,,False,,91,0,,,
91,78,True,0.594673,0.5947,none,,,False,,91,0,,,
91,39,True,0.492834,0.4928,none,,,False,,91,0,,,
91,15,True,0.507463,0.5075,none,,,False,,91,0,,,
91,87,True,0.227556,0.2276,none,,,False,,91,0,,,
91,60,True,0.787988,0.788,none,,,False,,91,0,,,
91,55,True,0.750995,0.751,none,,,False,,91,0,,,
91,6,True,0.67239,0.6724,none,,,False,,91,0,,,
91,98,True,0.369647,0.3696,none,,,False,,91,0,,,
91,16,True,0.357421,0.3574,none,,,False,,91,0,,,
91,76,True,0.615722,0.6157,none,,,False,,91,0,,,
91,59,True,0.609181,0.6092,none,,,False,,91,0,,,
91,45,True,0.306528,0.3065,none,,,False,,91,0,,,
91,43,True,0.188496,0.1885,none,,,False,,91,0,,,
91,54,True,0.748598,0.7486,none,,,False,,91,0,,,
91,12,True,0.574173,0.5742,none,,,False,,91,0,,,
91,27,True,0.444505,0.4445,none,,,False,,91,0,,,
91,85,True,0.432725,0.4327,none,,,False,,91,0,,,
91,34,True,0.831193,0.8312,none,,,False,,91,0,,,
91,93,True,0.295827,0.2958,none,,,False,,91,0,,,
91,91,True,0.842222,0.8422,none,,,False,,91,0,,,
92,25,True,0.541759,0.5418,none,,,False,,92,0,,,
92,31,True,0.237531,0.2375,none,,,False,,92,0,,,
92,35,True,0.656838,0.6568,none,,,False,,92,0,,,
92,64,True,0.539208,0.5392,none,,,False,,92,0,,,
92,89,True,0.228918,0.2289,none,,,False,,92,0,,,
92,30,True,0.268946,0.2689,none,,,False,,92,0,,,
92,37,True,0.357407,0.3574,none,,,False,,92,0,,,
92,87,True,0.295695,0.2957,none,,,False,,92,0,,,
92,99,True,0.620624,0.6206,none,,,False,,92,0,,,
92,77,True,0.199463,0.1995,none,,,False,,92,0,,,
92,78,True,0.45621,0.4562,none,,,False,,92,0,,,
92,88,True,1.191376,1.1914,none,,,False,,92,0,,,
92,72,True,0.848818,0.8488,none,,,False,,92,0,,,
92,73,True,0.274529,0.2745,none,,,False,,92,0,,,
92,21,True,0.613698,0.6137,none,,,False,,92,0,,,
92,24,True,1.920872,1.9209,none,,,False,,92,0,,,
92,97,True,0.827541,0.8275,none,,,False,,92,0,,,
92,19,True,0.367349,0.3673,none,,,False,,92,0,,,
92,62,True,0.396209,0.3962,none,,,False,,92,0,,,
92,12,True,0.338998,0.339,none,,,False,,92,0,,,
92,54,True,0.729253,0.7293,none,,,False,,92,0,,,
92,9,True,0.652626,0.6526,none,,,False,,92,0,,,
92,63,True,0.40479,0.4048,none,,,False,,92,0,,,
92,5,True,0.178009,0.178,none,,,False,,92,0,,,
92,32,True,0.475181,0.4752,none,,,False,,92,0,,,
92,18,True,0.490343,0.4903,none,,,False,,92,0,,,
92,96,True,0.632321,0.6323,none,,,False,,92,0,,,
92,75,True,0.800465,0.8005,none,,,False,,92,0,,,
92,43,True,0.333081,0.3331,none,,,False,,92,0,,,
92,51,True,0.546294,0.5463,none,,,False,,92,0,,,
92,65,True,0.42892,0.4289,none,,,False,,92,0,,,
92,82,True,0.408697,0.4087,none,,,False,,92,0,,,
92,46,True,0.330755,0.3308,none,,,False,,92,0,,,
92,28,True,0.406982,0.407,none,,,False,,92,0,,,
92,49,True,0.406675,0.4067,none,,,False,,92,0,,,
92,71,True,0.289213,0.2892,none,,,False,,92,0,,,
93,88,True,0.989236,0.9892,none,,,False,,93,0,,,
93,85,True,0.421921,0.4219,none,,,False,,93,0,,,
93,56,True,0.524187,0.5242,none,,,False,,93,0,,,
93,54,True,0.730204,0.7302,none,,,False,,93,0,,,
93,46,True,0.586335,0.5863,none,,,False,,93,0,,,
93,58,True,-0.274647,-0.2746,none,,,False,,93,0,,,
93,18,True,0.415787,0.4158,none,,,False,,93,0,,,
93,14,True,0.377584,0.3776,none,,,False,,93,0,,,
93,0,True,0.362342,0.3623,none,,,False,,93,0,,,
93,59,True,0.624968,0.625,none,,,False,,93,0,,,
93,10,True,0.371999,0.372,none,,,False,,93,0,,,
93,61,True,0.672147,0.6721,none,,,False,,93,0,,,
93,55,True,0.820669,0.8207,none,,,False,,93,0,,,
93,19,True,0.635873,0.6359,none,,,False,,93,0,,,
93,23,True,0.459552,0.4596,none,,,False,,93,0,,,
93,17,True,0.164217,0.1642,none,,,False,,93,0,,,
93,42,True,0.610981,0.611,none,,,False,,93,0,,,
93,91,True,0.90696,0.907,none,,,False,,93,0,,,
93,93,True,0.467845,0.4678,none,,,False,,93,0,,,
93,24,True,1.688271,1.6883,none,,,False,,93,0,,,
93,29,True,0.267495,0.2675,none,,,False,,93,0,,,
93,90,True,0.473585,0.4736,none,,,False,,93,0,,,
93,26,True,0.745014,0.745,none,,,False,,93,0,,,
93,40,True,1.124966,1.125,none,,,False,,93,0,,,
93,76,True,0.795269,0.7953,none,,,False,,93,0,,,
93,94,True,0.631211,0.6312,none,,,False,,93,0,,,
93,11,True,0.771082,0.7711,none,,,False,,93,0,,,
93,57,True,0.352187,0.3522,none,,,False,,93,0,,,
93,41,True,0.401582,0.4016,none,,,False,,93,0,,,
93,81,True,0.621673,0.6217,none,,,False,,93,0,,,
93,86,True,0.563901,0.5639,none,,,False,,93,0,,,
93,69,True,0.299488,0.2995,none,,,False,,93,0,,,
93,37,True,0.38924,0.3892,none,,,False,,93,0,,,
93,5,True,0.34352,0.3435,none,,,False,,93,0,,,
93,34,True,0.80641,0.8064,none,,,False,,93,0,,,
93,66,True,1.274774,1.2748,none,,,False,,93,0,,,
94,82,True,0.428657,0.4287,none,,,False,,94,0,,,
94,96,True,0.591985,0.592,none,,,False,,94,0,,,
94,64,True,0.537615,0.5376,none,,,False,,94,0,,,
94,1,True,0.666782,0.6668,none,,,False,,94,0,,,
94,52,True,0.615746,0.6157,none,,,False,,94,0,,,
94,66,True,1.160053,1.1601,none,,,False,,94,0,,,
94,16,True,0.370776,0.3708,none,,,False,,94,0,,,
94,83,True,0.574095,0.5741,none,,,False,,94,0,,,
94,7,True,-0.672293,-0.6723,none,,,False,,94,0,,,
94,42,True,0.610282,0.6103,none,,,False,,94,0,,,
94,3,True,0.263046,0.263,none,,,False,,94,0,,,
94,17,True,0.190028,0.19,none,,,False,,94,0,,,
94,30,True,0.332818,0.3328,none,,,False,,94,0,,,
94,49,True,0.508752,0.5088,none,,,False,,94,0,,,
94,13,True,0.426864,0.4269,none,,,False,,94,0,,,
94,91,True,0.759695,0.7597,none,,,False,,94,0,,,
94,84,True,0.929446,0.9294,none,,,False,,94,0,,,
94,44,True,0.458589,0.4586,none,,,False,,94,0,,,
94,74,True,0.485146,0.4851,none,,,False,,94,0,,,
94,33,True,0.472954,0.473,none,,,False,,94,0,,,
94,27,True,0.527073,0.5271,none,,,False,,94,0,,,
94,9,True,0.785816,0.7858,none,,,False,,94,0,,,
94,97,True,0.784071,0.7841,none,,,False,,94,0,,,
94,95,True,0.49617,0.4962,none,,,False,,94,0,,,
94,10,True,0.34618,0.3462,none,,,False,,94,0,,,
94,47,True,0.675899,0.6759,none,,,False,,94,0,,,
94,48,True,0.254088,0.2541,none,,,False,,94,0,,,
94,90,True,0.406822,0.4068,none,,,False,,94,0,,,
94,2,True,0.693204,0.6932,none,,,False,,94,0,,,
94,24,True,1.547121,1.5471,none,,,False,,94,0,,,
94,81,True,0.625934,0.6259,none,,,False,,94,0,,,
94,51,True,0.449626,0.4496,none,,,False,,94,0,,,
94,22,True,0.594422,0.5944,none,,,False,,94,0,,,
94,54,True,0.660053,0.6601,none,,,False,,94,0,,,
94,70,True,0.542599,0.5426,none,,,False,,94,0,,,
94,86,True,0.485629,0.4856,none,,,False,,94,0,,,
95,60,True,0.830206,0.8302,none,,,False,,95,0,,,
95,92,True,0.516278,0.5163,none,,,False,,95,0,,,
95,41,True,0.478144,0.4781,none,,,False,,95,0,,,
95,7,True,0.493196,0.4932,none,,,False,,95,0,,,
95,11,True,0.815057,0.8151,none,,,False,,95,0,,,
95,67,True,0.516513,0.5165,none,,,False,,95,0,,,
95,42,True,0.529223,0.5292,none,,,False,,95,0,,,
95,99,True,0.429132,0.4291,none,,,False,,95,0,,,
95,24,True,1.573357,1.5734,none,,,False,,95,0,,,
95,76,True,0.706269,0.7063,none,,,False,,95,0,,,
95,64,True,0.40761,0.4076,none,,,False,,95,0,,,
95,6,True,0.714554,0.7146,none,,,False,,95,0,,,
95,94,True,0.628778,0.6288,none,,,False,,95,0,,,
95,85,True,0.505645,0.5056,none,,,False,,95,0,,,
95,13,True,0.533263,0.5333,none,,,False,,95,0,,,
95,58,True,0.436915,0.4369,none,,,False,,95,0,,,
95,26,True,0.614132,0.6141,none,,,False,,95,0,,,
95,46,True,0.594864,0.5949,none,,,False,,95,0,,,
95,15,True,0.39763,0.3976,none,,,False,,95,0,,,
95,28,True,0.462983,0.463,none,,,False,,95,0,,,
95,72,True,0.599984,0.6,none,,,False,,95,0,,,
95,4,True,0.550386,0.5504,none,,,False,,95,0,,,
95,50,True,0.624058,0.6241,none,,,False,,95,0,,,
95,34,True,0.92996,0.93,none,,,False,,95,0,,,
95,95,True,0.628294,0.6283,none,,,False,,95,0,,,
95,22,True,0.742922,0.7429,none,,,False,,95,0,,,
95,19,True,0.594734,0.5947,none,,,False,,95,0,,,
95,27,True,0.292603,0.2926,none,,,False,,95,0,,,
95,77,True,0.235799,0.2358,none,,,False,,95,0,,,
95,45,True,0.391888,0.3919,none,,,False,,95,0,,,
95,71,True,0.066331,0.0663,none,,,False,,95,0,,,
95,31,True,0.135541,0.1355,none,,,False,,95,0,,,
95,84,True,0.537721,0.5377,none,,,False,,95,0,,,
95,37,True,0.320373,0.3204,none,,,False,,95,0,,,
95,8,True,0.396934,0.3969,none,,,False,,95,0,,,
95,82,True,0.404884,0.4049,none,,,False,,95,0,,,
96,58,True,0.473647,0.4736,none,,,False,,96,0,,,
96,27,True,0.283976,0.284,none,,,False,,96,0,,,
96,67,True,0.558696,0.5587,none,,,False,,96,0,,,
96,55,True,0.602891,0.6029,none,,,False,,96,0,,,
96,78,True,0.432974,0.433,none,,,False,,96,0,,,
96,54,True,0.710185,0.7102,none,,,False,,96,0,,,
96,88,True,1.18621,1.1862,none,,,False,,96,0,,,
96,47,True,0.622317,0.6223,none,,,False,,96,0,,,
96,81,True,0.698079,0.6981,none,,,False,,96,0,,,
96,70,True,0.572203,0.5722,none,,,False,,96,0,,,
96,3,True,0.176122,0.1761,none,,,False,,96,0,,,
96,10,True,0.429505,0.4295,none,,,False,,96,0,,,
96,17,True,0.149663,0.1497,none,,,False,,96,0,,,
96,41,True,0.546953,0.547,none,,,False,,96,0,,,
96,6,True,0.356251,0.3563,none,,,False,,96,0,,,
96,48,True,0.457625,0.4576,none,,,False,,96,0,,,
96,30,True,0.306631,0.3066,none,,,False,,96,0,,,
96,24,True,1.75476,1.7548,none,,,False,,96,0,,,
96,46,True,0.434249,0.4342,none,,,False,,96,0,,,
96,37,True,0.660194,0.6602,none,,,False,,96,0,,,
96,11,True,0.564885,0.5649,none,,,False,,96,0,,,
96,74,True,0.542049,0.542,none,,,False,,96,0,,,
96,28,True,0.452195,0.4522,none,,,False,,96,0,,,
96,22,True,0.748905,0.7489,none,,,False,,96,0,,,
96,99,True,0.584077,0.5841,none,,,False,,96,0,,,
96,4,True,0.471644,0.4716,none,,,False,,96,0,,,
96,91,True,0.769072,0.7691,none,,,False,,96,0,,,
96,97,True,0.875043,0.875,none,,,False,,96,0,,,
96,96,True,0.750781,0.7508,none,,,False,,96,0,,,
96,56,True,0.586731,0.5867,none,,,False,,96,0,,,
96,62,True,0.524802,0.5248,none,,,False,,96,0,,,
96,75,True,0.70914,0.7091,none,,,False,,96,0,,,
96,50,True,0.455739,0.4557,none,,,False,,96,0,,,
96,82,True,0.425227,0.4252,none,,,False,,96,0,,,
96,38,True,0.312624,0.3126,none,,,False,,96,0,,,
96,14,True,0.585312,0.5853,none,,,False,,96,0,,,
97,41,True,0.452411,0.4524,none,,,False,,97,0,,,
97,65,True,0.34645,0.3464,none,,,False,,97,0,,,
97,45,True,0.387872,0.3879,none,,,False,,97,0,,,
97,82,True,0.31463,0.3146,none,,,False,,97,0,,,
97,23,True,0.592477,0.5925,none,,,False,,97,0,,,
97,7,True,0.015658,0.0157,none,,,False,,97,0,,,
97,25,True,0.563708,0.5637,none,,,False,,97,0,,,
97,17,True,0.254445,0.2544,none,,,False,,97,0,,,
97,79,True,0.434103,0.4341,none,,,False,,97,0,,,
97,59,True,0.570695,0.5707,none,,,False,,97,0,,,
97,57,True,0.371075,0.3711,none,,,False,,97,0,,,
97,37,True,0.407294,0.4073,none,,,False,,97,0,,,
97,33,True,0.408784,0.4088,none,,,False,,97,0,,,
97,0,True,0.454032,0.454,none,,,False,,97,0,,,
97,67,True,0.631073,0.6311,none,,,False,,97,0,,,
97,32,True,0.379979,0.38,none,,,False,,97,0,,,
97,70,True,0.430052,0.4301,none,,,False,,97,0,,,
97,8,True,0.429698,0.4297,none,,,False,,97,0,,,
97,71,True,0.279258,0.2793,none,,,False,,97,0,,,
97,19,True,0.436185,0.4362,none,,,False,,97,0,,,
97,92,True,0.56136,0.5614,none,,,False,,97,0,,,
97,35,True,0.674774,0.6748,none,,,False,,97,0,,,
97,74,True,0.392152,0.3922,none,,,False,,97,0,,,
97,20,True,0.243341,0.2433,none,,,False,,97,0,,,
97,52,True,0.593281,0.5933,none,,,False,,97,0,,,
97,88,True,0.928699,0.9287,none,,,False,,97,0,,,
97,91,True,0.801703,0.8017,none,,,False,,97,0,,,
97,3,True,0.35385,0.3539,none,,,False,,97,0,,,
97,85,True,0.463985,0.464,none,,,False,,97,0,,,
97,89,True,0.16809,0.1681,none,,,False,,97,0,,,
97,80,True,0.29816,0.2982,none,,,False,,97,0,,,
97,99,True,0.606131,0.6061,none,,,False,,97,0,,,
97,96,True,0.70406,0.7041,none,,,False,,97,0,,,
97,61,True,0.637551,0.6376,none,,,False,,97,0,,,
97,47,True,0.49726,0.4973,none,,,False,,97,0,,,
97,55,True,0.661434,0.6614,none,,,False,,97,0,,,
98,10,True,0.393814,0.3938,none,,,False,,98,0,,,
98,74,True,0.660613,0.6606,none,,,False,,98,0,,,
98,61,True,0.536537,0.5365,none,,,False,,98,0,,,
98,25,True,0.459635,0.4596,none,,,False,,98,0,,,
98,63,True,0.4151,0.4151,none,,,False,,98,0,,,
98,47,True,0.399746,0.3997,none,,,False,,98,0,,,
98,26,True,0.860841,0.8608,none,,,False,,98,0,,,
98,41,True,0.529026,0.529,none,,,False,,98,0,,,
98,98,True,0.352921,0.3529,none,,,False,,98,0,,,
98,28,True,0.565799,0.5658,none,,,False,,98,0,,,
98,58,True,0.242002,0.242,none,,,False,,98,0,,,
98,80,True,0.262857,0.2629,none,,,False,,98,0,,,
98,49,True,0.351644,0.3516,none,,,False,,98,0,,,
98,44,True,0.372825,0.3728,none,,,False,,98,0,,,
98,38,True,0.450569,0.4506,none,,,False,,98,0,,,
98,9,True,0.568419,0.5684,none,,,False,,98,0,,,
98,54,True,0.874228,0.8742,none,,,False,,98,0,,,
98,92,True,0.492118,0.4921,none,,,False,,98,0,,,
98,21,True,0.684805,0.6848,none,,,False,,98,0,,,
98,51,True,0.448335,0.4483,none,,,False,,98,0,,,
98,97,True,0.695318,0.6953,none,,,False,,98,0,,,
98,22,True,0.543471,0.5435,none,,,False,,98,0,,,
98,32,True,0.311331,0.3113,none,,,False,,98,0,,,
98,86,True,0.60855,0.6085,none,,,False,,98,0,,,
98,95,True,0.680165,0.6802,none,,,False,,98,0,,,
98,11,True,0.652916,0.6529,none,,,False,,98,0,,,
98,68,True,0.705739,0.7057,none,,,False,,98,0,,,
98,78,True,0.615567,0.6156,none,,,False,,98,0,,,
98,35,True,0.474713,0.4747,none,,,False,,98,0,,,
98,12,True,0.548798,0.5488,none,,,False,,98,0,,,
98,57,True,0.237087,0.2371,none,,,False,,98,0,,,
98,55,True,0.614406,0.6144,none,,,False,,98,0,,,
98,50,True,0.442652,0.4427,none,,,False,,98,0,,,
98,29,True,0.38232,0.3823,none,,,False,,98,0,,,
98,16,True,0.373592,0.3736,none,,,False,,98,0,,,
98,96,True,0.615889,0.6159,none,,,False,,98,0,,,
99,74,True,0.546023,0.546,none,,,False,,99,0,,,
99,50,True,0.482179,0.4822,none,,,False,,99,0,,,
99,43,True,0.292908,0.2929,none,,,False,,99,0,,,
99,69,True,0.349882,0.3499,none,,,False,,99,0,,,
99,17,True,0.24302,0.243,none,,,False,,99,0,,,
99,62,True,0.4685,0.4685,none,,,False,,99,0,,,
99,61,True,0.607856,0.6079,none,,,False,,99,0,,,
99,77,True,0.210512,0.2105,none,,,False,,99,0,,,
99,7,True,0.34562,0.3456,none,,,False,,99,0,,,
99,11,True,0.592591,0.5926,none,,,False,,99,0,,,
99,80,True,0.341981,0.342,none,,,False,,99,0,,,
99,87,True,0.264336,0.2643,none,,,False,,99,0,,,
99,90,True,0.492838,0.4928,none,,,False,,99,0,,,
99,31,True,0.267286,0.2673,none,,,False,,99,0,,,
99,81,True,0.303951,0.304,none,,,False,,99,0,,,
99,92,True,0.512516,0.5125,none,,,False,,99,0,,,
99,2,True,0.549897,0.5499,none,,,False,,99,0,,,
99,72,True,0.743804,0.7438,none,,,False,,99,0,,,
99,44,True,0.329606,0.3296,none,,,False,,99,0,,,
99,15,True,0.537657,0.5377,none,,,False,,99,0,,,
99,86,True,0.416425,0.4164,none,,,False,,99,0,,,
99,47,True,0.446924,0.4469,none,,,False,,99,0,,,
99,33,True,0.471842,0.4718,none,,,False,,99,0,,,
99,79,True,0.427977,0.428,none,,,False,,99,0,,,
99,30,True,0.221782,0.2218,none,,,False,,99,0,,,
99,95,True,0.519408,0.5194,none,,,False,,99,0,,,
99,19,True,0.521468,0.5215,none,,,False,,99,0,,,
99,66,True,1.196317,1.1963,none,,,False,,99,0,,,
99,21,True,0.640128,0.6401,none,,,False,,99,0,,,
99,93,True,0.369727,0.3697,none,,,False,,99,0,,,
99,57,True,0.371396,0.3714,none,,,False,,99,0,,,
99,6,True,0.544821,0.5448,none,,,False,,99,0,,,
99,83,True,0.547112,0.5471,none,,,False,,99,0,,,
99,13,True,0.501939,0.5019,none,,,False,,99,0,,,
99,82,True,0.242245,0.2422,none,,,False,,99,0,,,
99,78,True,0.466561,0.4666,none,,,False,,99,0,,,
100,72,True,0.847144,0.8471,none,,,False,,100,0,,,
100,57,True,0.24613,0.2461,none,,,False,,100,0,,,
100,59,True,0.45749,0.4575,none,,,False,,100,0,,,
100,64,True,0.307329,0.3073,none,,,False,,100,0,,,
100,84,True,0.726844,0.7268,none,,,False,,100,0,,,
100,81,True,0.409035,0.409,none,,,False,,100,0,,,
100,25,True,0.516026,0.516,none,,,False,,100,0,,,
100,0,True,0.303423,0.3034,none,,,False,,100,0,,,
100,60,True,0.741816,0.7418,none,,,False,,100,0,,,
100,30,True,0.310423,0.3104,none,,,False,,100,0,,,
100,61,True,0.444334,0.4443,none,,,False,,100,0,,,
100,73,True,0.372591,0.3726,none,,,False,,100,0,,,
100,43,True,0.23813,0.2381,none,,,False,,100,0,,,
100,68,True,0.557228,0.5572,none,,,False,,100,0,,,
100,46,True,0.501098,0.5011,none,,,False,,100,0,,,
100,20,True,0.146619,0.1466,none,,,False,,100,0,,,
100,31,True,0.263483,0.2635,none,,,False,,100,0,,,
100,24,True,1.670376,1.6704,none,,,False,,100,0,,,
100,96,True,0.617958,0.618,none,,,False,,100,0,,,
100,63,True,0.484787,0.4848,none,,,False,,100,0,,,
100,8,True,0.274351,0.2744,none,,,False,,100,0,,,
100,54,True,0.809105,0.8091,none,,,False,,100,0,,,
100,56,True,0.808598,0.8086,none,,,False,,100,0,,,
100,98,True,0.398009,0.398,none,,,False,,100,0,,,
100,4,True,0.476392,0.4764,none,,,False,,100,0,,,
100,69,True,0.402556,0.4026,none,,,False,,100,0,,,
100,85,True,0.403344,0.4033,none,,,False,,100,0,,,
100,82,True,0.150171,0.1502,none,,,False,,100,0,,,
100,34,True,0.778474,0.7785,none,,,False,,100,0,,,
100,26,True,0.869704,0.8697,none,,,False,,100,0,,,
100,79,True,0.360187,0.3602,none,,,False,,100,0,,,
100,42,True,0.578432,0.5784,none,,,False,,100,0,,,
100,50,True,0.48858,0.4886,none,,,False,,100,0,,,
100,6,True,0.357399,0.3574,none,,,False,,100,0,,,
100,99,True,0.720394,0.7204,none,,,False,,100,0,,,
100,74,True,0.584633,0.5846,none,,,False,,100,0,,,
