round,client_id,selected,utility,normalized_utility,detector,cusum_pos,cusum_neg,change_detected,change_direction,last_seen,age,explore_score,exploit_score,final_score
1,4,True,0.059631,-1.0674,none,,,False,,1,0,,,
1,29,True,0.12091,-0.8076,none,,,False,,1,0,,,
1,81,True,0.371718,0.2561,none,,,False,,1,0,,,
1,78,True,0.326066,0.0625,none,,,False,,1,0,,,
1,30,True,0.332654,0.0904,none,,,False,,1,0,,,
1,39,True,0.271963,-0.167,none,,,False,,1,0,,,
1,31,True,0.094776,-0.9184,none,,,False,,1,0,,,
1,28,True,0.141075,-0.7221,none,,,False,,1,0,,,
1,46,True,0.521306,0.8905,none,,,False,,1,0,,,
1,74,True,0.339233,0.1183,none,,,False,,1,0,,,
1,37,True,0.489963,0.7575,none,,,False,,1,0,,,
1,77,True,0.01697,-1.2484,none,,,False,,1,0,,,
1,45,True,0.186482,-0.5295,none,,,False,,1,0,,,
1,59,True,0.306935,-0.0187,none,,,False,,1,0,,,
1,96,True,0.59869,1.2186,none,,,False,,1,0,,,
1,64,True,0.152573,-0.6733,none,,,False,,1,0,,,
1,75,True,0.72019,1.7339,none,,,False,,1,0,,,
1,70,True,0.426529,0.4885,none,,,False,,1,0,,,
1,67,True,0.438939,0.5412,none,,,False,,1,0,,,
1,87,True,0.289323,-0.0933,none,,,False,,1,0,,,
1,55,True,0.626404,1.3362,none,,,False,,1,0,,,
1,68,True,0.765714,1.927,none,,,False,,1,0,,,
1,48,True,0.314189,0.0121,none,,,False,,1,0,,,
1,65,True,0.090788,-0.9353,none,,,False,,1,0,,,
1,47,True,0.219417,-0.3898,none,,,False,,1,0,,,
1,92,True,0.175469,-0.5762,none,,,False,,1,0,,,
1,25,True,0.628418,1.3447,none,,,False,,1,0,,,
1,98,True,0.095861,-0.9138,none,,,False,,1,0,,,
1,41,True,0.529273,0.9243,none,,,False,,1,0,,,
1,72,True,0.308481,-0.0121,none,,,False,,1,0,,,
1,18,True,0.18484,-0.5365,none,,,False,,1,0,,,
1,50,True,0.140598,-0.7241,none,,,False,,1,0,,,
1,62,True,0.070217,-1.0226,none,,,False,,1,0,,,
1,33,True,0.384296,0.3094,none,,,False,,1,0,,,
1,11,True,0.542291,0.9795,none,,,False,,1,0,,,
1,5,True,0.024922,-1.2146,none,,,False,,1,0,,,
1,97,True,0.470662,0.6757,none,,,False,,1,0,,,
1,34,True,0.439823,0.5449,none,,,False,,1,0,,,
1,80,True,0.053925,-1.0916,none,,,False,,1,0,,,
1,35,True,0.520047,0.8851,none,,,False,,1,0,,,
1,42,True,0.232447,-0.3346,none,,,False,,1,0,,,
1,57,True,0.378843,0.2863,none,,,False,,1,0,,,
1,54,True,0.738298,1.8107,none,,,False,,1,0,,,
1,8,True,0.157488,-0.6524,none,,,False,,1,0,,,
1,40,True,0.120059,-0.8112,none,,,False,,1,0,,,
1,38,True,0.203743,-0.4563,none,,,False,,1,0,,,
1,27,True,0.418912,0.4562,none,,,False,,1,0,,,
1,94,True,0.395302,0.3561,none,,,False,,1,0,,,
1,36,True,0.272863,-0.1632,none,,,False,,1,0,,,
1,90,True,0.511135,0.8473,none,,,False,,1,0,,,
2,23,True,1.148001,3.0,none,,,False,,2,0,,,
2,62,True,0.321305,-1.0341,none,,,False,,2,0,,,
2,67,True,0.678364,0.8772,none,,,False,,2,0,,,
2,95,True,0.522764,0.0443,none,,,False,,2,0,,,
2,73,True,0.602141,0.4692,none,,,False,,2,0,,,
2,26,True,0.871968,1.9136,none,,,False,,2,0,,,
2,88,True,0.599701,0.4561,none,,,False,,2,0,,,
2,52,True,0.818159,1.6255,none,,,False,,2,0,,,
2,36,True,0.433756,-0.4321,none,,,False,,2,0,,,
2,54,True,0.718466,1.0919,none,,,False,,2,0,,,
2,64,True,0.522513,0.043,none,,,False,,2,0,,,
2,79,True,0.456553,-0.3101,none,,,False,,2,0,,,
2,66,True,0.63466,0.6433,none,,,False,,2,0,,,
2,91,True,0.714332,1.0697,none,,,False,,2,0,,,
2,19,True,0.477269,-0.1992,none,,,False,,2,0,,,
2,92,True,0.499659,-0.0794,none,,,False,,2,0,,,
2,21,True,0.671483,0.8404,none,,,False,,2,0,,,
2,3,True,0.296105,-1.169,none,,,False,,2,0,,,
2,39,True,0.26763,-1.3214,none,,,False,,2,0,,,
2,22,True,1.029616,2.7574,none,,,False,,2,0,,,
2,27,True,0.498444,-0.0859,none,,,False,,2,0,,,
2,63,True,0.431985,-0.4416,none,,,False,,2,0,,,
2,43,True,0.316688,-1.0588,none,,,False,,2,0,,,
2,71,True,0.283119,-1.2385,none,,,False,,2,0,,,
2,56,True,0.622291,0.5771,none,,,False,,2,0,,,
2,31,True,0.392296,-0.6541,none,,,False,,2,0,,,
2,41,True,0.517303,0.0151,none,,,False,,2,0,,,
2,55,True,0.617519,0.5515,none,,,False,,2,0,,,
2,48,True,0.366552,-0.7919,none,,,False,,2,0,,,
2,2,True,0.809306,1.5781,none,,,False,,2,0,,,
2,17,True,0.266664,-1.3266,none,,,False,,2,0,,,
2,37,True,0.511672,-0.0151,none,,,False,,2,0,,,
2,83,True,0.285308,-1.2268,none,,,False,,2,0,,,
2,45,True,0.384669,-0.6949,none,,,False,,2,0,,,
2,9,True,0.650351,0.7273,none,,,False,,2,0,,,
2,77,True,0.087132,-2.2876,none,,,False,,2,0,,,
2,16,True,0.20204,-1.6725,none,,,False,,2,0,,,
2,7,True,0.557736,0.2315,none,,,False,,2,0,,,
2,28,True,0.505934,-0.0458,none,,,False,,2,0,,,
2,60,True,0.509485,-0.0268,none,,,False,,2,0,,,
2,44,True,0.547806,0.1784,none,,,False,,2,0,,,
2,58,True,0.743051,1.2235,none,,,False,,2,0,,,
2,4,True,0.305659,-1.1178,none,,,False,,2,0,,,
2,68,True,0.698078,0.9827,none,,,False,,2,0,,,
2,13,True,0.568795,0.2907,none,,,False,,2,0,,,
2,61,True,0.826417,1.6697,none,,,False,,2,0,,,
2,51,True,0.527802,0.0713,none,,,False,,2,0,,,
2,74,True,0.45656,-0.3101,none,,,False,,2,0,,,
2,94,True,0.416996,-0.5219,none,,,False,,2,0,,,
2,10,True,0.402481,-0.5996,none,,,False,,2,0,,,
3,24,True,1.029582,2.4094,none,,,False,,3,0,,,
3,29,True,0.377637,-0.8628,none,,,False,,3,0,,,
3,5,True,0.199449,-1.7572,none,,,False,,3,0,,,
3,85,True,0.663917,0.5741,none,,,False,,3,0,,,
3,93,True,0.52538,-0.1213,none,,,False,,3,0,,,
3,47,True,0.357993,-0.9614,none,,,False,,3,0,,,
3,0,True,0.901428,1.7662,none,,,False,,3,0,,,
3,68,True,0.798521,1.2497,none,,,False,,3,0,,,
3,65,True,0.530322,-0.0965,none,,,False,,3,0,,,
3,4,True,0.489805,-0.2998,none,,,False,,3,0,,,
3,92,True,0.502951,-0.2338,none,,,False,,3,0,,,
3,41,True,0.54214,-0.0371,none,,,False,,3,0,,,
3,75,True,1.091425,2.7198,none,,,False,,3,0,,,
3,67,True,0.671442,0.6119,none,,,False,,3,0,,,
3,60,True,0.593576,0.221,none,,,False,,3,0,,,
3,53,True,0.958805,2.0542,none,,,False,,3,0,,,
3,57,True,0.375896,-0.8715,none,,,False,,3,0,,,
3,8,True,0.41751,-0.6627,none,,,False,,3,0,,,
3,10,True,0.44563,-0.5215,none,,,False,,3,0,,,
3,76,True,0.569952,0.1025,none,,,False,,3,0,,,
3,61,True,0.658391,0.5463,none,,,False,,3,0,,,
3,13,True,0.412802,-0.6863,none,,,False,,3,0,,,
3,95,True,0.707247,0.7916,none,,,False,,3,0,,,
3,74,True,0.469338,-0.4025,none,,,False,,3,0,,,
3,17,True,0.312494,-1.1898,none,,,False,,3,0,,,
3,11,True,0.542402,-0.0358,none,,,False,,3,0,,,
3,50,True,0.57315,0.1185,none,,,False,,3,0,,,
3,90,True,0.760326,1.058,none,,,False,,3,0,,,
3,73,True,0.72109,0.861,none,,,False,,3,0,,,
3,28,True,0.569398,0.0997,none,,,False,,3,0,,,
3,3,True,0.334653,-1.0785,none,,,False,,3,0,,,
3,71,True,0.271377,-1.3961,none,,,False,,3,0,,,
3,77,True,0.138051,-2.0653,none,,,False,,3,0,,,
3,91,True,0.756659,1.0396,none,,,False,,3,0,,,
3,45,True,0.556677,0.0358,none,,,False,,3,0,,,
3,21,True,0.772585,1.1195,none,,,False,,3,0,,,
3,38,True,0.6424,0.4661,none,,,False,,3,0,,,
3,22,True,0.986576,2.1936,none,,,False,,3,0,,,
3,14,True,0.946547,1.9926,none,,,False,,3,0,,,
3,19,True,0.520791,-0.1443,none,,,False,,3,0,,,
3,32,True,0.460243,-0.4482,none,,,False,,3,0,,,
3,84,True,0.894111,1.7295,none,,,False,,3,0,,,
3,44,True,0.735295,0.9323,none,,,False,,3,0,,,
3,79,True,0.521197,-0.1423,none,,,False,,3,0,,,
3,35,True,0.586164,0.1838,none,,,False,,3,0,,,
3,33,True,0.461828,-0.4402,none,,,False,,3,0,,,
3,40,True,0.674701,0.6282,none,,,False,,3,0,,,
3,63,True,0.421129,-0.6445,none,,,False,,3,0,,,
3,7,True,0.355425,-0.9743,none,,,False,,3,0,,,
3,43,True,0.375061,-0.8757,none,,,False,,3,0,,,
4,87,True,0.533948,-0.0029,none,,,False,,4,0,,,
4,62,True,0.428351,-0.5661,none,,,False,,4,0,,,
4,68,True,0.653769,0.6363,none,,,False,,4,0,,,
4,7,True,0.449407,-0.4538,none,,,False,,4,0,,,
4,11,True,0.534844,0.0019,none,,,False,,4,0,,,
4,61,True,0.797391,1.4023,none,,,False,,4,0,,,
4,21,True,0.655795,0.6471,none,,,False,,4,0,,,
4,19,True,0.501612,-0.1753,none,,,False,,4,0,,,
4,83,True,0.4105,-0.6613,none,,,False,,4,0,,,
4,98,True,0.446361,-0.47,none,,,False,,4,0,,,
4,48,True,0.372533,-0.8638,none,,,False,,4,0,,,
4,53,True,0.784865,1.3355,none,,,False,,4,0,,,
4,36,True,0.366679,-0.895,none,,,False,,4,0,,,
4,42,True,0.598552,0.3417,none,,,False,,4,0,,,
4,58,True,0.892491,1.9096,none,,,False,,4,0,,,
4,96,True,0.677228,0.7614,none,,,False,,4,0,,,
4,33,True,0.626896,0.4929,none,,,False,,4,0,,,
4,95,True,0.698942,0.8772,none,,,False,,4,0,,,
4,40,True,0.791494,1.3709,none,,,False,,4,0,,,
4,22,True,0.922575,2.07,none,,,False,,4,0,,,
4,37,True,0.503676,-0.1643,none,,,False,,4,0,,,
4,74,True,0.583996,0.2641,none,,,False,,4,0,,,
4,69,True,0.382378,-0.8113,none,,,False,,4,0,,,
4,63,True,0.416056,-0.6317,none,,,False,,4,0,,,
4,15,True,0.660486,0.6721,none,,,False,,4,0,,,
4,47,True,0.368828,-0.8836,none,,,False,,4,0,,,
4,82,True,0.33089,-1.0859,none,,,False,,4,0,,,
4,25,True,0.561622,0.1448,none,,,False,,4,0,,,
4,79,True,0.386602,-0.7888,none,,,False,,4,0,,,
4,2,True,0.940351,2.1648,none,,,False,,4,0,,,
4,57,True,0.311391,-1.1899,none,,,False,,4,0,,,
4,60,True,0.506604,-0.1487,none,,,False,,4,0,,,
4,32,True,0.661655,0.6783,none,,,False,,4,0,,,
4,70,True,0.619093,0.4513,none,,,False,,4,0,,,
4,5,True,0.181016,-1.8853,none,,,False,,4,0,,,
4,6,True,0.475337,-0.3155,none,,,False,,4,0,,,
4,14,True,0.920212,2.0574,none,,,False,,4,0,,,
4,20,True,0.255549,-1.4878,none,,,False,,4,0,,,
4,85,True,0.653257,0.6335,none,,,False,,4,0,,,
4,99,True,0.488812,-0.2436,none,,,False,,4,0,,,
4,73,True,0.715381,0.9649,none,,,False,,4,0,,,
4,26,True,1.064112,2.825,none,,,False,,4,0,,,
4,51,True,0.535116,0.0034,none,,,False,,4,0,,,
4,44,True,0.466818,-0.3609,none,,,False,,4,0,,,
4,29,True,0.310085,-1.1969,none,,,False,,4,0,,,
4,45,True,0.703376,0.9008,none,,,False,,4,0,,,
4,54,True,0.958509,2.2617,none,,,False,,4,0,,,
4,56,True,0.534123,-0.0019,none,,,False,,4,0,,,
4,78,True,0.407576,-0.6769,none,,,False,,4,0,,,
4,89,True,0.435074,-0.5302,none,,,False,,4,0,,,
5,3,True,0.432435,-0.5077,none,,,False,,5,0,,,
5,35,True,0.68982,0.9938,none,,,False,,5,0,,,
5,54,True,0.703595,1.0742,none,,,False,,5,0,,,
5,57,True,0.4722,-0.2757,none,,,False,,5,0,,,
5,2,True,0.638839,0.6964,none,,,False,,5,0,,,
5,30,True,0.189585,-1.9244,none,,,False,,5,0,,,
5,97,True,0.632896,0.6617,none,,,False,,5,0,,,
5,42,True,0.487315,-0.1875,none,,,False,,5,0,,,
5,31,True,0.40344,-0.6768,none,,,False,,5,0,,,
5,40,True,0.683957,0.9596,none,,,False,,5,0,,,
5,91,True,0.774226,1.4862,none,,,False,,5,0,,,
5,45,True,0.462572,-0.3319,none,,,False,,5,0,,,
5,66,True,0.593907,0.4343,none,,,False,,5,0,,,
5,37,True,0.577826,0.3405,none,,,False,,5,0,,,
5,77,True,0.165001,-2.0678,none,,,False,,5,0,,,
5,75,True,1.244399,3.0,none,,,False,,5,0,,,
5,11,True,0.578699,0.3456,none,,,False,,5,0,,,
5,79,True,0.539793,0.1186,none,,,False,,5,0,,,
5,48,True,0.382133,-0.8011,none,,,False,,5,0,,,
5,53,True,0.742494,1.3011,none,,,False,,5,0,,,
5,82,True,0.40424,-0.6722,none,,,False,,5,0,,,
5,16,True,0.331607,-1.0959,none,,,False,,5,0,,,
5,8,True,0.433922,-0.499,none,,,False,,5,0,,,
5,98,True,0.323399,-1.1438,none,,,False,,5,0,,,
5,44,True,0.64258,0.7182,none,,,False,,5,0,,,
5,81,True,0.51504,-0.0258,none,,,False,,5,0,,,
5,71,True,0.353106,-0.9705,none,,,False,,5,0,,,
5,22,True,0.945428,2.4849,none,,,False,,5,0,,,
5,34,True,0.488369,-0.1814,none,,,False,,5,0,,,
5,50,True,0.396766,-0.7158,none,,,False,,5,0,,,
5,64,True,0.434197,-0.4974,none,,,False,,5,0,,,
5,14,True,0.950128,2.5124,none,,,False,,5,0,,,
5,12,True,0.478836,-0.237,none,,,False,,5,0,,,
5,7,True,0.562209,0.2494,none,,,False,,5,0,,,
5,24,True,0.880807,2.108,none,,,False,,5,0,,,
5,38,True,0.580989,0.3589,none,,,False,,5,0,,,
5,86,True,0.468356,-0.2981,none,,,False,,5,0,,,
5,19,True,0.436437,-0.4843,none,,,False,,5,0,,,
5,21,True,0.743995,1.3098,none,,,False,,5,0,,,
5,26,True,0.719102,1.1646,none,,,False,,5,0,,,
5,76,True,0.523882,0.0258,none,,,False,,5,0,,,
5,29,True,0.382193,-0.8008,none,,,False,,5,0,,,
5,23,True,0.830661,1.8154,none,,,False,,5,0,,,
5,73,True,0.84636,1.907,none,,,False,,5,0,,,
5,68,True,0.722272,1.1831,none,,,False,,5,0,,,
5,58,True,0.510923,-0.0498,none,,,False,,5,0,,,
5,4,True,0.495326,-0.1408,none,,,False,,5,0,,,
5,95,True,0.599358,0.4661,none,,,False,,5,0,,,
5,43,True,0.421623,-0.5707,none,,,False,,5,0,,,
5,63,True,0.435932,-0.4873,none,,,False,,5,0,,,
6,25,True,0.514068,-0.0027,none,,,False,,6,0,,,
6,73,True,0.80397,1.5185,none,,,False,,6,0,,,
6,54,True,0.813902,1.5706,none,,,False,,6,0,,,
6,81,True,0.390513,-0.6511,none,,,False,,6,0,,,
6,23,True,0.793997,1.4662,none,,,False,,6,0,,,
6,10,True,0.438336,-0.4001,none,,,False,,6,0,,,
6,51,True,0.536219,0.1135,none,,,False,,6,0,,,
6,12,True,0.500547,-0.0737,none,,,False,,6,0,,,
6,87,True,0.401225,-0.5949,none,,,False,,6,0,,,
6,60,True,0.516202,0.0085,none,,,False,,6,0,,,
6,95,True,0.716311,1.0585,none,,,False,,6,0,,,
6,31,True,0.371147,-0.7527,none,,,False,,6,0,,,
6,1,True,0.961888,2.3471,none,,,False,,6,0,,,
6,32,True,0.603357,0.4658,none,,,False,,6,0,,,
6,8,True,0.433405,-0.426,none,,,False,,6,0,,,
6,90,True,0.627749,0.5938,none,,,False,,6,0,,,
6,34,True,0.515114,0.0027,none,,,False,,6,0,,,
6,14,True,0.950522,2.2875,none,,,False,,6,0,,,
6,17,True,0.283954,-1.2102,none,,,False,,6,0,,,
6,33,True,0.45735,-0.3004,none,,,False,,6,0,,,
6,88,True,0.570477,0.2933,none,,,False,,6,0,,,
6,49,True,0.274067,-1.2621,none,,,False,,6,0,,,
6,65,True,0.379707,-0.7078,none,,,False,,6,0,,,
6,48,True,0.404908,-0.5756,none,,,False,,6,0,,,
6,19,True,0.487316,-0.1431,none,,,False,,6,0,,,
6,7,True,0.153035,-1.8972,none,,,False,,6,0,,,
6,43,True,0.26346,-1.3178,none,,,False,,6,0,,,
6,59,True,0.643627,0.6771,none,,,False,,6,0,,,
6,35,True,0.553176,0.2025,none,,,False,,6,0,,,
6,5,True,0.200767,-1.6468,none,,,False,,6,0,,,
6,57,True,0.309761,-1.0748,none,,,False,,6,0,,,
6,2,True,0.847195,1.7453,none,,,False,,6,0,,,
6,66,True,0.591265,0.4023,none,,,False,,6,0,,,
6,41,True,0.515139,0.0029,none,,,False,,6,0,,,
6,30,True,0.331984,-0.9582,none,,,False,,6,0,,,
6,72,True,0.897316,2.0083,none,,,False,,6,0,,,
6,64,True,0.509313,-0.0277,none,,,False,,6,0,,,
6,79,True,0.490105,-0.1285,none,,,False,,6,0,,,
6,46,True,0.541823,0.1429,none,,,False,,6,0,,,
6,55,True,0.738906,1.1771,none,,,False,,6,0,,,
6,91,True,0.600554,0.4511,none,,,False,,6,0,,,
6,93,True,0.354276,-0.8412,none,,,False,,6,0,,,
6,96,True,0.719742,1.0765,none,,,False,,6,0,,,
6,50,True,0.444808,-0.3662,none,,,False,,6,0,,,
6,53,True,0.747185,1.2205,none,,,False,,6,0,,,
6,42,True,0.647823,0.6991,none,,,False,,6,0,,,
6,98,True,0.428493,-0.4518,none,,,False,,6,0,,,
6,3,True,0.285068,-1.2044,none,,,False,,6,0,,,
6,69,True,0.386551,-0.6719,none,,,False,,6,0,,,
6,15,True,0.668886,0.8096,none,,,False,,6,0,,,
7,43,True,0.326139,-1.0095,none,,,False,,7,0,,,
7,24,True,0.938143,2.3319,none,,,False,,7,0,,,
7,3,True,0.365464,-0.7948,none,,,False,,7,0,,,
7,28,True,0.535581,0.134,none,,,False,,7,0,,,
7,83,True,0.449893,-0.3338,none,,,False,,7,0,,,
7,12,True,0.479172,-0.174,none,,,False,,7,0,,,
7,29,True,0.325576,-1.0126,none,,,False,,7,0,,,
7,60,True,0.495348,-0.0857,none,,,False,,7,0,,,
7,66,True,0.554869,0.2393,none,,,False,,7,0,,,
7,52,True,0.769631,1.4118,none,,,False,,7,0,,,
7,95,True,0.60543,0.5153,none,,,False,,7,0,,,
7,71,True,0.321759,-1.0334,none,,,False,,7,0,,,
7,90,True,0.746352,1.2847,none,,,False,,7,0,,,
7,82,True,0.381428,-0.7077,none,,,False,,7,0,,,
7,80,True,0.398677,-0.6135,none,,,False,,7,0,,,
7,20,True,0.212317,-1.631,none,,,False,,7,0,,,
7,21,True,0.776542,1.4496,none,,,False,,7,0,,,
7,22,True,0.909539,2.1757,none,,,False,,7,0,,,
7,65,True,0.416571,-0.5158,none,,,False,,7,0,,,
7,7,True,0.582804,0.3918,none,,,False,,7,0,,,
7,49,True,0.451327,-0.326,none,,,False,,7,0,,,
7,69,True,0.333814,-0.9676,none,,,False,,7,0,,,
7,85,True,0.486811,-0.1323,none,,,False,,7,0,,,
7,67,True,0.571126,0.3281,none,,,False,,7,0,,,
7,99,True,0.558821,0.2609,none,,,False,,7,0,,,
7,55,True,0.602348,0.4985,none,,,False,,7,0,,,
7,56,True,0.703272,1.0495,none,,,False,,7,0,,,
7,23,True,0.898622,2.1161,none,,,False,,7,0,,,
7,9,True,0.450593,-0.33,none,,,False,,7,0,,,
7,37,True,0.476889,-0.1865,none,,,False,,7,0,,,
7,0,True,0.633963,0.6711,none,,,False,,7,0,,,
7,14,True,0.98233,2.5731,none,,,False,,7,0,,,
7,93,True,0.44158,-0.3792,none,,,False,,7,0,,,
7,10,True,0.459627,-0.2807,none,,,False,,7,0,,,
7,53,True,0.799719,1.5761,none,,,False,,7,0,,,
7,89,True,0.433443,-0.4237,none,,,False,,7,0,,,
7,32,True,0.474141,-0.2015,none,,,False,,7,0,,,
7,42,True,0.653523,0.7779,none,,,False,,7,0,,,
7,54,True,0.826855,1.7243,none,,,False,,7,0,,,
7,39,True,0.306466,-1.1169,none,,,False,,7,0,,,
7,91,True,0.847926,1.8393,none,,,False,,7,0,,,
7,57,True,0.342894,-0.918,none,,,False,,7,0,,,
7,84,True,1.065725,3.0,none,,,False,,7,0,,,
7,31,True,0.419224,-0.5013,none,,,False,,7,0,,,
7,36,True,0.411976,-0.5409,none,,,False,,7,0,,,
7,34,True,0.526733,0.0857,none,,,False,,7,0,,,
7,72,True,1.05636,2.9773,none,,,False,,7,0,,,
7,33,True,0.705658,1.0626,none,,,False,,7,0,,,
7,18,True,0.400623,-0.6029,none,,,False,,7,0,,,
7,40,True,0.635195,0.6779,none,,,False,,7,0,,,
8,79,True,0.477472,-0.5294,none,,,False,,8,0,,,
8,15,True,0.71081,0.8886,none,,,False,,8,0,,,
8,58,True,0.833165,1.6321,none,,,False,,8,0,,,
8,43,True,0.241969,-1.9605,none,,,False,,8,0,,,
8,20,True,0.235626,-1.9991,none,,,False,,8,0,,,
8,78,True,0.408357,-0.9494,none,,,False,,8,0,,,
8,36,True,0.420674,-0.8745,none,,,False,,8,0,,,
8,65,True,0.339197,-1.3697,none,,,False,,8,0,,,
8,81,True,0.244131,-1.9474,none,,,False,,8,0,,,
8,99,True,0.575134,0.0641,none,,,False,,8,0,,,
8,8,True,0.455443,-0.6633,none,,,False,,8,0,,,
8,89,True,0.317875,-1.4992,none,,,False,,8,0,,,
8,51,True,0.661896,0.5913,none,,,False,,8,0,,,
8,21,True,0.626599,0.3768,none,,,False,,8,0,,,
8,52,True,0.808373,1.4814,none,,,False,,8,0,,,
8,37,True,0.385417,-1.0888,none,,,False,,8,0,,,
8,27,True,0.506901,-0.3506,none,,,False,,8,0,,,
8,7,True,0.574051,0.0575,none,,,False,,8,0,,,
8,40,True,0.783083,1.3277,none,,,False,,8,0,,,
8,91,True,0.849651,1.7323,none,,,False,,8,0,,,
8,97,True,0.587539,0.1395,none,,,False,,8,0,,,
8,19,True,0.533359,-0.1898,none,,,False,,8,0,,,
8,11,True,0.666389,0.6186,none,,,False,,8,0,,,
8,22,True,0.777034,1.291,none,,,False,,8,0,,,
8,98,True,0.500885,-0.3871,none,,,False,,8,0,,,
8,59,True,0.594961,0.1846,none,,,False,,8,0,,,
8,72,True,0.765494,1.2209,none,,,False,,8,0,,,
8,86,True,0.476392,-0.536,none,,,False,,8,0,,,
8,34,True,0.506245,-0.3546,none,,,False,,8,0,,,
8,14,True,0.918673,2.1517,none,,,False,,8,0,,,
8,90,True,0.66813,0.6292,none,,,False,,8,0,,,
8,4,True,0.498405,-0.4022,none,,,False,,8,0,,,
8,56,True,0.751823,1.1378,none,,,False,,8,0,,,
8,2,True,0.99305,2.6037,none,,,False,,8,0,,,
8,50,True,0.475507,-0.5413,none,,,False,,8,0,,,
8,38,True,0.487011,-0.4714,none,,,False,,8,0,,,
8,87,True,0.574353,0.0593,none,,,False,,8,0,,,
8,60,True,0.555128,-0.0575,none,,,False,,8,0,,,
8,53,True,0.702966,0.8409,none,,,False,,8,0,,,
8,47,True,0.451749,-0.6857,none,,,False,,8,0,,,
8,70,True,0.506299,-0.3542,none,,,False,,8,0,,,
8,68,True,0.822781,1.569,none,,,False,,8,0,,,
8,32,True,0.618676,0.3287,none,,,False,,8,0,,,
8,33,True,0.538005,-0.1615,none,,,False,,8,0,,,
8,61,True,0.8709,1.8614,none,,,False,,8,0,,,
8,41,True,0.307873,-1.56,none,,,False,,8,0,,,
8,5,True,0.188508,-2.2854,none,,,False,,8,0,,,
8,28,True,0.684133,0.7264,none,,,False,,8,0,,,
8,74,True,0.543364,-0.129,none,,,False,,8,0,,,
8,85,True,0.665031,0.6104,none,,,False,,8,0,,,
9,24,True,0.908272,2.0007,none,,,False,,9,0,,,
9,91,True,0.75615,1.1882,none,,,False,,9,0,,,
9,90,True,0.747027,1.1395,none,,,False,,9,0,,,
9,49,True,0.546143,0.0665,none,,,False,,9,0,,,
9,22,True,0.824907,1.5554,none,,,False,,9,0,,,
9,79,True,0.566006,0.1726,none,,,False,,9,0,,,
9,93,True,0.519264,-0.077,none,,,False,,9,0,,,
9,5,True,0.239205,-1.5729,none,,,False,,9,0,,,
9,70,True,0.532912,-0.0041,none,,,False,,9,0,,,
9,98,True,0.327745,-1.1,none,,,False,,9,0,,,
9,67,True,0.541884,0.0438,none,,,False,,9,0,,,
9,35,True,0.716718,0.9776,none,,,False,,9,0,,,
9,50,True,0.460862,-0.389,none,,,False,,9,0,,,
9,10,True,0.460611,-0.3903,none,,,False,,9,0,,,
9,3,True,0.40692,-0.6771,none,,,False,,9,0,,,
9,99,True,0.580867,0.252,none,,,False,,9,0,,,
9,74,True,0.415863,-0.6293,none,,,False,,9,0,,,
9,13,True,0.533889,0.0011,none,,,False,,9,0,,,
9,85,True,0.547943,0.0761,none,,,False,,9,0,,,
9,89,True,0.467029,-0.356,none,,,False,,9,0,,,
9,75,True,1.161834,3.0,none,,,False,,9,0,,,
9,72,True,1.129818,3.0,none,,,False,,9,0,,,
9,11,True,0.417737,-0.6193,none,,,False,,9,0,,,
9,83,True,0.448247,-0.4564,none,,,False,,9,0,,,
9,43,True,0.348346,-0.9899,none,,,False,,9,0,,,
9,65,True,0.550759,0.0912,none,,,False,,9,0,,,
9,51,True,0.448801,-0.4534,none,,,False,,9,0,,,
9,30,True,0.285628,-1.3249,none,,,False,,9,0,,,
9,60,True,0.555169,0.1147,none,,,False,,9,0,,,
9,14,True,1.040951,2.7093,none,,,False,,9,0,,,
9,47,True,0.384832,-0.7951,none,,,False,,9,0,,,
9,41,True,0.582194,0.2591,none,,,False,,9,0,,,
9,71,True,0.311364,-1.1875,none,,,False,,9,0,,,
9,42,True,0.652466,0.6344,none,,,False,,9,0,,,
9,48,True,0.212918,-1.7133,none,,,False,,9,0,,,
9,77,True,0.150802,-2.045,none,,,False,,9,0,,,
9,73,True,0.877109,1.8342,none,,,False,,9,0,,,
9,53,True,0.90574,1.9872,none,,,False,,9,0,,,
9,97,True,0.61205,0.4185,none,,,False,,9,0,,,
9,6,True,0.443398,-0.4823,none,,,False,,9,0,,,
9,45,True,0.348059,-0.9915,none,,,False,,9,0,,,
9,39,True,0.291243,-1.2949,none,,,False,,9,0,,,
9,33,True,0.748094,1.1452,none,,,False,,9,0,,,
9,4,True,0.525692,-0.0427,none,,,False,,9,0,,,
9,40,True,0.659487,0.6719,none,,,False,,9,0,,,
9,52,True,0.732181,1.0602,none,,,False,,9,0,,,
9,27,True,0.424804,-0.5816,none,,,False,,9,0,,,
9,1,True,0.849037,1.6843,none,,,False,,9,0,,,
9,87,True,0.351415,-0.9735,none,,,False,,9,0,,,
9,81,True,0.533489,-0.0011,none,,,False,,9,0,,,
10,2,True,0.969038,2.2127,none,,,False,,10,0,,,
10,28,True,0.692821,0.7871,none,,,False,,10,0,,,
10,39,True,0.169811,-1.912,none,,,False,,10,0,,,
10,37,True,0.408506,-0.6802,none,,,False,,10,0,,,
10,0,True,0.670916,0.6741,none,,,False,,10,0,,,
10,12,True,0.432222,-0.5578,none,,,False,,10,0,,,
10,89,True,0.406723,-0.6894,none,,,False,,10,0,,,
10,6,True,0.550684,0.0536,none,,,False,,10,0,,,
10,92,True,0.471909,-0.3529,none,,,False,,10,0,,,
10,42,True,0.646503,0.5481,none,,,False,,10,0,,,
10,84,True,0.954034,2.1352,none,,,False,,10,0,,,
10,16,True,0.349427,-0.9851,none,,,False,,10,0,,,
10,74,True,0.548655,0.0431,none,,,False,,10,0,,,
10,66,True,0.685258,0.7481,none,,,False,,10,0,,,
10,22,True,0.787106,1.2737,none,,,False,,10,0,,,
10,8,True,0.458821,-0.4205,none,,,False,,10,0,,,
10,31,True,0.364703,-0.9062,none,,,False,,10,0,,,
10,98,True,0.400383,-0.7221,none,,,False,,10,0,,,
10,73,True,0.691485,0.7803,none,,,False,,10,0,,,
10,90,True,0.63836,0.5061,none,,,False,,10,0,,,
10,75,True,1.175602,3.0,none,,,False,,10,0,,,
10,19,True,0.515192,-0.1296,none,,,False,,10,0,,,
10,54,True,0.9147,1.9322,none,,,False,,10,0,,,
10,21,True,0.79187,1.2983,none,,,False,,10,0,,,
10,63,True,0.396897,-0.7401,none,,,False,,10,0,,,
10,65,True,0.467391,-0.3763,none,,,False,,10,0,,,
10,71,True,0.273906,-1.3748,none,,,False,,10,0,,,
10,52,True,0.671067,0.6749,none,,,False,,10,0,,,
10,88,True,0.582345,0.217,none,,,False,,10,0,,,
10,4,True,0.513738,-0.1371,none,,,False,,10,0,,,
10,86,True,0.531022,-0.0479,none,,,False,,10,0,,,
10,72,True,0.822935,1.4586,none,,,False,,10,0,,,
10,46,True,0.66546,0.6459,none,,,False,,10,0,,,
10,60,True,0.523795,-0.0852,none,,,False,,10,0,,,
10,13,True,0.510103,-0.1558,none,,,False,,10,0,,,
10,50,True,0.531941,-0.0431,none,,,False,,10,0,,,
10,69,True,0.404966,-0.6984,none,,,False,,10,0,,,
10,44,True,0.619654,0.4095,none,,,False,,10,0,,,
10,87,True,0.468195,-0.3721,none,,,False,,10,0,,,
10,38,True,0.581493,0.2126,none,,,False,,10,0,,,
10,3,True,0.344061,-1.0127,none,,,False,,10,0,,,
10,11,True,0.584267,0.2269,none,,,False,,10,0,,,
10,15,True,0.694532,0.796,none,,,False,,10,0,,,
10,95,True,0.751595,1.0905,none,,,False,,10,0,,,
10,59,True,0.666016,0.6488,none,,,False,,10,0,,,
10,20,True,0.248905,-1.5038,none,,,False,,10,0,,,
10,10,True,0.462662,-0.4007,none,,,False,,10,0,,,
10,70,True,0.529095,-0.0578,none,,,False,,10,0,,,
10,43,True,0.284767,-1.3188,none,,,False,,10,0,,,
10,85,True,0.663146,0.634,none,,,False,,10,0,,,
11,4,True,0.583647,0.1568,none,,,False,,11,0,,,
11,18,True,0.460789,-0.4409,none,,,False,,11,0,,,
11,34,True,0.511669,-0.1934,none,,,False,,11,0,,,
11,99,True,0.578307,0.1308,none,,,False,,11,0,,,
11,54,True,0.636955,0.4161,none,,,False,,11,0,,,
11,51,True,0.468604,-0.4029,none,,,False,,11,0,,,
11,87,True,0.385177,-0.8087,none,,,False,,11,0,,,
11,40,True,0.828868,1.3496,none,,,False,,11,0,,,
11,97,True,0.671819,0.5857,none,,,False,,11,0,,,
11,1,True,0.883382,1.6148,none,,,False,,11,0,,,
11,38,True,0.529322,-0.1075,none,,,False,,11,0,,,
11,44,True,0.558159,0.0328,none,,,False,,11,0,,,
11,70,True,0.632316,0.3935,none,,,False,,11,0,,,
11,43,True,0.292045,-1.2617,none,,,False,,11,0,,,
11,12,True,0.537552,-0.0675,none,,,False,,11,0,,,
11,56,True,0.841596,1.4116,none,,,False,,11,0,,,
11,6,True,0.544682,-0.0328,none,,,False,,11,0,,,
11,52,True,0.610538,0.2876,none,,,False,,11,0,,,
11,83,True,0.462431,-0.4329,none,,,False,,11,0,,,
11,63,True,0.506388,-0.2191,none,,,False,,11,0,,,
11,39,True,0.299555,-1.2252,none,,,False,,11,0,,,
11,37,True,0.5618,0.0505,none,,,False,,11,0,,,
11,90,True,0.849922,1.4521,none,,,False,,11,0,,,
11,75,True,1.20637,3.0,none,,,False,,11,0,,,
11,96,True,0.762917,1.0288,none,,,False,,11,0,,,
11,0,True,0.749193,0.9621,none,,,False,,11,0,,,
11,24,True,1.007189,2.2171,none,,,False,,11,0,,,
11,20,True,0.199049,-1.7141,none,,,False,,11,0,,,
11,48,True,0.286566,-1.2884,none,,,False,,11,0,,,
11,45,True,0.615254,0.3105,none,,,False,,11,0,,,
11,66,True,0.69172,0.6825,none,,,False,,11,0,,,
11,30,True,0.174879,-1.8317,none,,,False,,11,0,,,
11,2,True,0.699187,0.7188,none,,,False,,11,0,,,
11,81,True,0.361028,-0.9262,none,,,False,,11,0,,,
11,41,True,0.517363,-0.1657,none,,,False,,11,0,,,
11,59,True,0.282216,-1.3095,none,,,False,,11,0,,,
11,27,True,0.524191,-0.1325,none,,,False,,11,0,,,
11,32,True,0.581017,0.144,none,,,False,,11,0,,,
11,11,True,0.480158,-0.3467,none,,,False,,11,0,,,
11,16,True,0.364705,-0.9083,none,,,False,,11,0,,,
11,72,True,0.983654,2.1026,none,,,False,,11,0,,,
11,67,True,0.688434,0.6665,none,,,False,,11,0,,,
11,85,True,0.510768,-0.1978,none,,,False,,11,0,,,
11,84,True,0.8587,1.4948,none,,,False,,11,0,,,
11,31,True,0.223836,-1.5935,none,,,False,,11,0,,,
11,98,True,0.417709,-0.6504,none,,,False,,11,0,,,
11,86,True,0.345176,-1.0033,none,,,False,,11,0,,,
11,33,True,0.71978,0.819,none,,,False,,11,0,,,
11,64,True,0.629761,0.3811,none,,,False,,11,0,,,
11,3,True,0.361517,-0.9238,none,,,False,,11,0,,,
12,31,True,0.347653,-0.9933,none,,,False,,12,0,,,
12,47,True,0.370479,-0.8806,none,,,False,,12,0,,,
12,3,True,0.362754,-0.9188,none,,,False,,12,0,,,
12,56,True,0.832074,1.3986,none,,,False,,12,0,,,
12,54,True,0.785068,1.1665,none,,,False,,12,0,,,
12,64,True,0.495095,-0.2653,none,,,False,,12,0,,,
12,24,True,1.041061,2.4305,none,,,False,,12,0,,,
12,99,True,0.580357,0.1557,none,,,False,,12,0,,,
12,65,True,0.531376,-0.0862,none,,,False,,12,0,,,
12,75,True,1.263481,3.0,none,,,False,,12,0,,,
12,6,True,0.595586,0.2309,none,,,False,,12,0,,,
12,19,True,0.500004,-0.2411,none,,,False,,12,0,,,
12,37,True,0.417458,-0.6487,none,,,False,,12,0,,,
12,8,True,0.463182,-0.4229,none,,,False,,12,0,,,
12,17,True,0.315489,-1.1521,none,,,False,,12,0,,,
12,35,True,0.499193,-0.2451,none,,,False,,12,0,,,
12,79,True,0.544582,-0.021,none,,,False,,12,0,,,
12,67,True,0.717059,0.8307,none,,,False,,12,0,,,
12,85,True,0.687202,0.6833,none,,,False,,12,0,,,
12,90,True,0.69774,0.7353,none,,,False,,12,0,,,
12,23,True,0.736827,0.9283,none,,,False,,12,0,,,
12,93,True,0.460049,-0.4383,none,,,False,,12,0,,,
12,45,True,0.390617,-0.7812,none,,,False,,12,0,,,
12,22,True,0.925121,1.858,none,,,False,,12,0,,,
12,13,True,0.614988,0.3267,none,,,False,,12,0,,,
12,97,True,0.542186,-0.0328,none,,,False,,12,0,,,
12,7,True,0.586832,0.1877,none,,,False,,12,0,,,
12,0,True,0.747628,0.9816,none,,,False,,12,0,,,
12,94,True,0.564757,0.0787,none,,,False,,12,0,,,
12,80,True,0.397727,-0.7461,none,,,False,,12,0,,,
12,51,True,0.40371,-0.7165,none,,,False,,12,0,,,
12,88,True,0.535879,-0.0639,none,,,False,,12,0,,,
12,42,True,0.661865,0.5582,none,,,False,,12,0,,,
12,98,True,0.414002,-0.6657,none,,,False,,12,0,,,
12,73,True,0.754104,1.0136,none,,,False,,12,0,,,
12,26,True,0.888504,1.6772,none,,,False,,12,0,,,
12,16,True,0.38788,-0.7947,none,,,False,,12,0,,,
12,61,True,0.788073,1.1813,none,,,False,,12,0,,,
12,44,True,0.552403,0.0177,none,,,False,,12,0,,,
12,84,True,0.841202,1.4437,none,,,False,,12,0,,,
12,82,True,0.418021,-0.6459,none,,,False,,12,0,,,
12,60,True,0.498605,-0.248,none,,,False,,12,0,,,
12,11,True,0.587174,0.1894,none,,,False,,12,0,,,
12,4,True,0.545247,-0.0177,none,,,False,,12,0,,,
12,87,True,0.302685,-1.2154,none,,,False,,12,0,,,
12,46,True,0.64247,0.4624,none,,,False,,12,0,,,
12,96,True,0.711579,0.8036,none,,,False,,12,0,,,
12,76,True,0.516829,-0.158,none,,,False,,12,0,,,
12,25,True,0.652125,0.5101,none,,,False,,12,0,,,
12,74,True,0.253778,-1.4569,none,,,False,,12,0,,,
13,70,True,0.662144,0.7245,none,,,False,,13,0,,,
13,18,True,0.509646,-0.2769,none,,,False,,13,0,,,
13,52,True,0.746277,1.277,none,,,False,,13,0,,,
13,28,True,0.554647,0.0186,none,,,False,,13,0,,,
13,73,True,0.713872,1.0642,none,,,False,,13,0,,,
13,75,True,1.172951,3.0,none,,,False,,13,0,,,
13,55,True,0.623614,0.4715,none,,,False,,13,0,,,
13,74,True,0.491414,-0.3966,none,,,False,,13,0,,,
13,10,True,0.413782,-0.9064,none,,,False,,13,0,,,
13,26,True,0.74852,1.2917,none,,,False,,13,0,,,
13,78,True,0.402502,-0.9805,none,,,False,,13,0,,,
13,45,True,0.69227,0.9223,none,,,False,,13,0,,,
13,80,True,0.43903,-0.7406,none,,,False,,13,0,,,
13,89,True,0.478322,-0.4826,none,,,False,,13,0,,,
13,98,True,0.294445,-1.69,none,,,False,,13,0,,,
13,97,True,0.58585,0.2235,none,,,False,,13,0,,,
13,7,True,0.592593,0.2678,none,,,False,,13,0,,,
13,41,True,0.58535,0.2202,none,,,False,,13,0,,,
13,94,True,0.462921,-0.5837,none,,,False,,13,0,,,
13,92,True,0.493591,-0.3823,none,,,False,,13,0,,,
13,19,True,0.384477,-1.0988,none,,,False,,13,0,,,
13,69,True,0.351285,-1.3168,none,,,False,,13,0,,,
13,47,True,0.455434,-0.6329,none,,,False,,13,0,,,
13,99,True,0.559913,0.0532,none,,,False,,13,0,,,
13,14,True,1.04652,3.0,none,,,False,,13,0,,,
13,0,True,0.750546,1.305,none,,,False,,13,0,,,
13,44,True,0.598552,0.3069,none,,,False,,13,0,,,
13,77,True,0.194686,-2.3451,none,,,False,,13,0,,,
13,59,True,0.57809,0.1725,none,,,False,,13,0,,,
13,84,True,0.973606,2.7697,none,,,False,,13,0,,,
13,90,True,0.846888,1.9376,none,,,False,,13,0,,,
13,66,True,0.736236,1.211,none,,,False,,13,0,,,
13,32,True,0.582065,0.1986,none,,,False,,13,0,,,
13,91,True,0.79528,1.5987,none,,,False,,13,0,,,
13,50,True,0.553485,0.011,none,,,False,,13,0,,,
13,6,True,0.509637,-0.277,none,,,False,,13,0,,,
13,81,True,0.518452,-0.2191,none,,,False,,13,0,,,
13,37,True,0.52466,-0.1783,none,,,False,,13,0,,,
13,87,True,0.456698,-0.6246,none,,,False,,13,0,,,
13,93,True,0.434597,-0.7697,none,,,False,,13,0,,,
13,85,True,0.621887,0.4601,none,,,False,,13,0,,,
13,46,True,0.484852,-0.4397,none,,,False,,13,0,,,
13,12,True,0.50425,-0.3123,none,,,False,,13,0,,,
13,79,True,0.442765,-0.7161,none,,,False,,13,0,,,
13,20,True,0.219609,-2.1815,none,,,False,,13,0,,,
13,40,True,0.750231,1.3029,none,,,False,,13,0,,,
13,25,True,0.558816,0.046,none,,,False,,13,0,,,
13,68,True,0.550145,-0.011,none,,,False,,13,0,,,
13,43,True,0.352915,-1.3061,none,,,False,,13,0,,,
13,49,True,0.349178,-1.3306,none,,,False,,13,0,,,
14,52,True,0.751453,0.9578,none,,,False,,14,0,,,
14,53,True,0.694808,0.7233,none,,,False,,14,0,,,
14,65,True,0.447144,-0.3018,none,,,False,,14,0,,,
14,44,True,0.429094,-0.3765,none,,,False,,14,0,,,
14,71,True,0.252765,-1.1064,none,,,False,,14,0,,,
14,9,True,0.714643,0.8054,none,,,False,,14,0,,,
14,61,True,0.973921,1.8786,none,,,False,,14,0,,,
14,79,True,0.519321,-0.0031,none,,,False,,14,0,,,
14,4,True,0.608302,0.3652,none,,,False,,14,0,,,
14,28,True,0.683184,0.6752,none,,,False,,14,0,,,
14,62,True,0.412596,-0.4448,none,,,False,,14,0,,,
14,13,True,0.707138,0.7743,none,,,False,,14,0,,,
14,39,True,0.36741,-0.6318,none,,,False,,14,0,,,
14,72,True,0.734616,0.8881,none,,,False,,14,0,,,
14,89,True,0.347554,-0.714,none,,,False,,14,0,,,
14,30,True,0.293574,-0.9375,none,,,False,,14,0,,,
14,76,True,0.531935,0.0491,none,,,False,,14,0,,,
14,41,True,0.412658,-0.4446,none,,,False,,14,0,,,
14,54,True,0.842407,1.3342,none,,,False,,14,0,,,
14,32,True,0.398206,-0.5044,none,,,False,,14,0,,,
14,68,True,0.791037,1.1216,none,,,False,,14,0,,,
14,23,True,0.875425,1.4709,none,,,False,,14,0,,,
14,22,True,0.691091,0.7079,none,,,False,,14,0,,,
14,56,True,0.917979,1.647,none,,,False,,14,0,,,
14,74,True,0.425075,-0.3932,none,,,False,,14,0,,,
14,98,True,0.471213,-0.2022,none,,,False,,14,0,,,
14,19,True,0.515402,-0.0193,none,,,False,,14,0,,,
14,29,True,0.237404,-1.17,none,,,False,,14,0,,,
14,11,True,0.702273,0.7542,none,,,False,,14,0,,,
14,82,True,0.368984,-0.6253,none,,,False,,14,0,,,
14,90,True,0.654618,0.5569,none,,,False,,14,0,,,
14,88,True,0.520536,0.002,none,,,False,,14,0,,,
14,97,True,0.546777,0.1106,none,,,False,,14,0,,,
14,5,True,0.249748,-1.1189,none,,,False,,14,0,,,
14,16,True,0.340214,-0.7444,none,,,False,,14,0,,,
14,27,True,0.481263,-0.1606,none,,,False,,14,0,,,
14,75,True,1.451591,3.0,none,,,False,,14,0,,,
14,38,True,0.527113,0.0292,none,,,False,,14,0,,,
14,42,True,0.467944,-0.2157,none,,,False,,14,0,,,
14,47,True,0.482607,-0.155,none,,,False,,14,0,,,
14,95,True,0.625027,0.4345,none,,,False,,14,0,,,
14,57,True,0.357277,-0.6738,none,,,False,,14,0,,,
14,96,True,0.715346,0.8083,none,,,False,,14,0,,,
14,46,True,0.540989,0.0866,none,,,False,,14,0,,,
14,92,True,0.519588,-0.002,none,,,False,,14,0,,,
14,17,True,0.323949,-0.8117,none,,,False,,14,0,,,
14,77,True,0.213918,-1.2672,none,,,False,,14,0,,,
14,67,True,0.636828,0.4833,none,,,False,,14,0,,,
14,48,True,0.232189,-1.1916,none,,,False,,14,0,,,
14,1,True,1.178951,2.7272,none,,,False,,14,0,,,
15,97,True,0.684148,0.799,none,,,False,,15,0,,,
15,53,True,0.832424,1.5175,none,,,False,,15,0,,,
15,9,True,0.67713,0.765,none,,,False,,15,0,,,
15,48,True,0.29507,-1.0865,none,,,False,,15,0,,,
15,98,True,0.324313,-0.9448,none,,,False,,15,0,,,
15,79,True,0.573698,0.2637,none,,,False,,15,0,,,
15,89,True,0.465804,-0.2591,none,,,False,,15,0,,,
15,5,True,0.212761,-1.4854,none,,,False,,15,0,,,
15,55,True,0.654436,0.655,none,,,False,,15,0,,,
15,65,True,0.508288,-0.0532,none,,,False,,15,0,,,
15,70,True,0.649188,0.6296,none,,,False,,15,0,,,
15,58,True,0.756565,1.1499,none,,,False,,15,0,,,
15,46,True,0.58943,0.34,none,,,False,,15,0,,,
15,93,True,0.438656,-0.3907,none,,,False,,15,0,,,
15,41,True,0.526436,0.0347,none,,,False,,15,0,,,
15,56,True,0.66248,0.694,none,,,False,,15,0,,,
15,78,True,0.415549,-0.5027,none,,,False,,15,0,,,
15,51,True,0.453623,-0.3182,none,,,False,,15,0,,,
15,74,True,0.48111,-0.185,none,,,False,,15,0,,,
15,28,True,0.599744,0.39,none,,,False,,15,0,,,
15,18,True,0.429488,-0.4351,none,,,False,,15,0,,,
15,84,True,0.859699,1.6497,none,,,False,,15,0,,,
15,57,True,0.403134,-0.5628,none,,,False,,15,0,,,
15,87,True,0.367525,-0.7354,none,,,False,,15,0,,,
15,17,True,0.210618,-1.4958,none,,,False,,15,0,,,
15,47,True,0.434669,-0.41,none,,,False,,15,0,,,
15,2,True,0.784399,1.2848,none,,,False,,15,0,,,
15,76,True,0.527307,0.0389,none,,,False,,15,0,,,
15,37,True,0.579205,0.2904,none,,,False,,15,0,,,
15,43,True,0.335981,-0.8883,none,,,False,,15,0,,,
15,54,True,0.666037,0.7112,none,,,False,,15,0,,,
15,91,True,0.779201,1.2596,none,,,False,,15,0,,,
15,10,True,0.414862,-0.506,none,,,False,,15,0,,,
15,95,True,0.607773,0.4289,none,,,False,,15,0,,,
15,8,True,0.343163,-0.8535,none,,,False,,15,0,,,
15,62,True,0.488738,-0.148,none,,,False,,15,0,,,
15,19,True,0.503061,-0.0786,none,,,False,,15,0,,,
15,24,True,0.9047,1.8678,none,,,False,,15,0,,,
15,20,True,0.184037,-1.6246,none,,,False,,15,0,,,
15,33,True,0.718319,0.9646,none,,,False,,15,0,,,
15,29,True,0.367585,-0.7351,none,,,False,,15,0,,,
15,16,True,0.334464,-0.8956,none,,,False,,15,0,,,
15,34,True,0.512116,-0.0347,none,,,False,,15,0,,,
15,31,True,0.294137,-1.091,none,,,False,,15,0,,,
15,15,True,0.612762,0.453,none,,,False,,15,0,,,
15,22,True,0.898596,1.8382,none,,,False,,15,0,,,
15,60,True,0.527413,0.0394,none,,,False,,15,0,,,
15,92,True,0.398383,-0.5859,none,,,False,,15,0,,,
15,40,True,0.74953,1.1158,none,,,False,,15,0,,,
15,90,True,0.797415,1.3479,none,,,False,,15,0,,,
16,31,True,0.385653,-0.579,none,,,False,,16,0,,,
16,49,True,0.407923,-0.4812,none,,,False,,16,0,,,
16,45,True,0.277191,-1.0551,none,,,False,,16,0,,,
16,61,True,0.961056,1.947,none,,,False,,16,0,,,
16,99,True,0.665347,0.6488,none,,,False,,16,0,,,
16,73,True,0.741838,0.9846,none,,,False,,16,0,,,
16,37,True,0.435766,-0.359,none,,,False,,16,0,,,
16,83,True,0.514846,-0.0118,none,,,False,,16,0,,,
16,94,True,0.490921,-0.1169,none,,,False,,16,0,,,
16,28,True,0.570901,0.2342,none,,,False,,16,0,,,
16,20,True,0.214126,-1.332,none,,,False,,16,0,,,
16,52,True,0.782344,1.1624,none,,,False,,16,0,,,
16,22,True,0.897691,1.6688,none,,,False,,16,0,,,
16,55,True,0.583084,0.2877,none,,,False,,16,0,,,
16,47,True,0.161392,-1.5635,none,,,False,,16,0,,,
16,82,True,0.412145,-0.4627,none,,,False,,16,0,,,
16,89,True,0.357561,-0.7023,none,,,False,,16,0,,,
16,71,True,0.203469,-1.3787,none,,,False,,16,0,,,
16,63,True,0.355274,-0.7123,none,,,False,,16,0,,,
16,4,True,0.647352,0.5698,none,,,False,,16,0,,,
16,9,True,0.688145,0.7489,none,,,False,,16,0,,,
16,67,True,0.495589,-0.0964,none,,,False,,16,0,,,
16,10,True,0.41598,-0.4458,none,,,False,,16,0,,,
16,38,True,0.578647,0.2682,none,,,False,,16,0,,,
16,72,True,0.778388,1.1451,none,,,False,,16,0,,,
16,54,True,0.742464,0.9874,none,,,False,,16,0,,,
16,58,True,0.779579,1.1503,none,,,False,,16,0,,,
16,87,True,0.45623,-0.2692,none,,,False,,16,0,,,
16,33,True,0.578749,0.2687,none,,,False,,16,0,,,
16,8,True,0.358053,-0.7001,none,,,False,,16,0,,,
16,42,True,0.607958,0.3969,none,,,False,,16,0,,,
16,93,True,0.295786,-0.9735,none,,,False,,16,0,,,
16,92,True,0.577697,0.2641,none,,,False,,16,0,,,
16,91,True,0.927331,1.7989,none,,,False,,16,0,,,
16,95,True,0.580766,0.2775,none,,,False,,16,0,,,
16,34,True,0.420147,-0.4276,none,,,False,,16,0,,,
16,18,True,0.343358,-0.7646,none,,,False,,16,0,,,
16,70,True,0.52024,0.0118,none,,,False,,16,0,,,
16,32,True,0.479126,-0.1686,none,,,False,,16,0,,,
16,14,True,0.838016,1.4068,none,,,False,,16,0,,,
16,85,True,0.717947,0.8797,none,,,False,,16,0,,,
16,39,True,0.319904,-0.8676,none,,,False,,16,0,,,
16,76,True,0.482913,-0.152,none,,,False,,16,0,,,
16,84,True,0.790731,1.1993,none,,,False,,16,0,,,
16,68,True,0.759648,1.0628,none,,,False,,16,0,,,
16,53,True,0.81841,1.3208,none,,,False,,16,0,,,
16,65,True,0.46005,-0.2524,none,,,False,,16,0,,,
16,11,True,0.61919,0.4462,none,,,False,,16,0,,,
16,69,True,0.330199,-0.8224,none,,,False,,16,0,,,
16,16,True,0.379228,-0.6072,none,,,False,,16,0,,,
17,79,True,0.590142,0.4883,none,,,False,,17,0,,,
17,60,True,0.460305,-0.3471,none,,,False,,17,0,,,
17,39,True,0.242317,-1.7498,none,,,False,,17,0,,,
17,0,True,0.754932,1.5487,none,,,False,,17,0,,,
17,99,True,0.534971,0.1333,none,,,False,,17,0,,,
17,35,True,0.606265,0.5921,none,,,False,,17,0,,,
17,9,True,0.541262,0.1738,none,,,False,,17,0,,,
17,3,True,0.337613,-1.1366,none,,,False,,17,0,,,
17,5,True,0.225003,-1.8612,none,,,False,,17,0,,,
17,80,True,0.430718,-0.5375,none,,,False,,17,0,,,
17,26,True,0.887957,2.4047,none,,,False,,17,0,,,
17,6,True,0.526927,0.0816,none,,,False,,17,0,,,
17,12,True,0.509127,-0.033,none,,,False,,17,0,,,
17,77,True,0.169032,-2.2214,none,,,False,,17,0,,,
17,4,True,0.521633,0.0475,none,,,False,,17,0,,,
17,42,True,0.581735,0.4342,none,,,False,,17,0,,,
17,21,True,0.796651,1.8171,none,,,False,,17,0,,,
17,54,True,0.627937,0.7315,none,,,False,,17,0,,,
17,59,True,0.651943,0.886,none,,,False,,17,0,,,
17,51,True,0.519377,0.033,none,,,False,,17,0,,,
17,7,True,0.545991,0.2042,none,,,False,,17,0,,,
17,56,True,0.686302,1.1071,none,,,False,,17,0,,,
17,28,True,0.307902,-1.3278,none,,,False,,17,0,,,
17,48,True,0.297715,-1.3933,none,,,False,,17,0,,,
17,37,True,0.54629,0.2061,none,,,False,,17,0,,,
17,93,True,0.414298,-0.6432,none,,,False,,17,0,,,
17,81,True,0.471727,-0.2736,none,,,False,,17,0,,,
17,96,True,0.844348,2.124,none,,,False,,17,0,,,
17,64,True,0.495283,-0.1221,none,,,False,,17,0,,,
17,88,True,0.507361,-0.0443,none,,,False,,17,0,,,
17,61,True,0.484547,-0.1911,none,,,False,,17,0,,,
17,52,True,0.644752,0.8397,none,,,False,,17,0,,,
17,15,True,0.639865,0.8083,none,,,False,,17,0,,,
17,63,True,0.362246,-0.9781,none,,,False,,17,0,,,
17,55,True,0.729556,1.3854,none,,,False,,17,0,,,
17,69,True,0.378472,-0.8737,none,,,False,,17,0,,,
17,98,True,0.395674,-0.763,none,,,False,,17,0,,,
17,14,True,0.940727,2.7442,none,,,False,,17,0,,,
17,17,True,0.306142,-1.3391,none,,,False,,17,0,,,
17,71,True,0.149672,-2.3459,none,,,False,,17,0,,,
17,76,True,0.546653,0.2085,none,,,False,,17,0,,,
17,13,True,0.432789,-0.5242,none,,,False,,17,0,,,
17,36,True,0.33475,-1.155,none,,,False,,17,0,,,
17,83,True,0.440616,-0.4738,none,,,False,,17,0,,,
17,50,True,0.458689,-0.3575,none,,,False,,17,0,,,
17,45,True,0.623942,0.7058,none,,,False,,17,0,,,
17,94,True,0.416712,-0.6276,none,,,False,,17,0,,,
17,19,True,0.560403,0.297,none,,,False,,17,0,,,
17,91,True,0.717753,1.3095,none,,,False,,17,0,,,
17,78,True,0.446368,-0.4368,none,,,False,,17,0,,,
18,71,True,0.243916,-1.431,none,,,False,,18,0,,,
18,89,True,0.521725,-0.1229,none,,,False,,18,0,,,
18,21,True,0.937869,1.8365,none,,,False,,18,0,,,
18,75,True,1.110915,2.6513,none,,,False,,18,0,,,
18,15,True,0.552603,0.0224,none,,,False,,18,0,,,
18,4,True,0.574991,0.1279,none,,,False,,18,0,,,
18,76,True,0.213367,-1.5749,none,,,False,,18,0,,,
18,28,True,0.497351,-0.2377,none,,,False,,18,0,,,
18,40,True,0.55626,0.0397,none,,,False,,18,0,,,
18,63,True,0.363643,-0.8673,none,,,False,,18,0,,,
18,17,True,0.207169,-1.604,none,,,False,,18,0,,,
18,68,True,0.643893,0.4523,none,,,False,,18,0,,,
18,8,True,0.360657,-0.8813,none,,,False,,18,0,,,
18,51,True,0.58847,0.1913,none,,,False,,18,0,,,
18,84,True,0.651656,0.4888,none,,,False,,18,0,,,
18,19,True,0.397345,-0.7086,none,,,False,,18,0,,,
18,87,True,0.504321,-0.2049,none,,,False,,18,0,,,
18,20,True,0.226283,-1.514,none,,,False,,18,0,,,
18,91,True,0.729036,0.8532,none,,,False,,18,0,,,
18,0,True,0.702535,0.7284,none,,,False,,18,0,,,
18,83,True,0.442252,-0.4971,none,,,False,,18,0,,,
18,22,True,1.163266,2.8978,none,,,False,,18,0,,,
18,33,True,0.574317,0.1247,none,,,False,,18,0,,,
18,38,True,0.642598,0.4462,none,,,False,,18,0,,,
18,25,True,0.667156,0.5618,none,,,False,,18,0,,,
18,39,True,0.275059,-1.2844,none,,,False,,18,0,,,
18,95,True,0.620191,0.3407,none,,,False,,18,0,,,
18,56,True,0.640121,0.4345,none,,,False,,18,0,,,
18,80,True,0.331331,-1.0194,none,,,False,,18,0,,,
18,77,True,0.214207,-1.5709,none,,,False,,18,0,,,
18,94,True,0.260388,-1.3535,none,,,False,,18,0,,,
18,44,True,0.591904,0.2075,none,,,False,,18,0,,,
18,85,True,0.770273,1.0473,none,,,False,,18,0,,,
18,10,True,0.406343,-0.6662,none,,,False,,18,0,,,
18,78,True,0.338832,-0.9841,none,,,False,,18,0,,,
18,5,True,0.165936,-1.7982,none,,,False,,18,0,,,
18,49,True,0.36673,-0.8527,none,,,False,,18,0,,,
18,50,True,0.598144,0.2369,none,,,False,,18,0,,,
18,27,True,0.543069,-0.0224,none,,,False,,18,0,,,
18,7,True,0.139737,-1.9215,none,,,False,,18,0,,,
18,13,True,0.58546,0.1772,none,,,False,,18,0,,,
18,29,True,0.337735,-0.9893,none,,,False,,18,0,,,
18,92,True,0.635739,0.4139,none,,,False,,18,0,,,
18,23,True,0.804921,1.2105,none,,,False,,18,0,,,
18,60,True,0.429103,-0.5591,none,,,False,,18,0,,,
18,66,True,0.607439,0.2806,none,,,False,,18,0,,,
18,61,True,0.785398,1.1186,none,,,False,,18,0,,,
18,46,True,0.518727,-0.1371,none,,,False,,18,0,,,
18,42,True,0.40283,-0.6828,none,,,False,,18,0,,,
18,41,True,0.553993,0.029,none,,,False,,18,0,,,
19,40,True,0.715291,1.5577,none,,,False,,19,0,,,
19,80,True,0.391629,-0.324,none,,,False,,19,0,,,
19,98,True,0.484829,0.2179,none,,,False,,19,0,,,
19,50,True,0.51216,0.3768,none,,,False,,19,0,,,
19,89,True,0.431914,-0.0898,none,,,False,,19,0,,,
19,30,True,0.273979,-1.0079,none,,,False,,19,0,,,
19,12,True,0.272015,-1.0194,none,,,False,,19,0,,,
19,24,True,0.795148,2.022,none,,,False,,19,0,,,
19,16,True,0.362516,-0.4932,none,,,False,,19,0,,,
19,15,True,0.647433,1.1632,none,,,False,,19,0,,,
19,77,True,0.18814,-1.507,none,,,False,,19,0,,,
19,54,True,0.624335,1.0289,none,,,False,,19,0,,,
19,97,True,0.578476,0.7623,none,,,False,,19,0,,,
19,34,True,0.316896,-0.7584,none,,,False,,19,0,,,
19,7,True,0.321998,-0.7288,none,,,False,,19,0,,,
19,21,True,0.634645,1.0889,none,,,False,,19,0,,,
19,66,True,0.515271,0.3949,none,,,False,,19,0,,,
19,83,True,0.385753,-0.3581,none,,,False,,19,0,,,
19,58,True,0.577204,0.7549,none,,,False,,19,0,,,
19,86,True,0.459864,0.0727,none,,,False,,19,0,,,
19,41,True,0.410195,-0.216,none,,,False,,19,0,,,
19,87,True,0.359186,-0.5126,none,,,False,,19,0,,,
19,35,True,0.573379,0.7327,none,,,False,,19,0,,,
19,4,True,0.536818,0.5201,none,,,False,,19,0,,,
19,33,True,0.712043,1.5388,none,,,False,,19,0,,,
19,3,True,0.358438,-0.5169,none,,,False,,19,0,,,
19,5,True,0.201026,-1.4321,none,,,False,,19,0,,,
19,9,True,0.714922,1.5556,none,,,False,,19,0,,,
19,20,True,0.271102,-1.0247,none,,,False,,19,0,,,
19,84,True,0.795909,2.0264,none,,,False,,19,0,,,
19,68,True,0.655297,1.2089,none,,,False,,19,0,,,
19,69,True,0.368302,-0.4596,none,,,False,,19,0,,,
19,45,True,0.463615,0.0945,none,,,False,,19,0,,,
19,29,True,0.163122,-1.6524,none,,,False,,19,0,,,
19,63,True,0.395662,-0.3005,none,,,False,,19,0,,,
19,78,True,0.358323,-0.5176,none,,,False,,19,0,,,
19,99,True,0.560945,0.6604,none,,,False,,19,0,,,
19,46,True,0.53758,0.5246,none,,,False,,19,0,,,
19,44,True,0.427805,-0.1136,none,,,False,,19,0,,,
19,51,True,0.468544,0.1232,none,,,False,,19,0,,,
19,76,True,0.473794,0.1537,none,,,False,,19,0,,,
19,56,True,0.791938,2.0033,none,,,False,,19,0,,,
19,28,True,0.432635,-0.0856,none,,,False,,19,0,,,
19,49,True,0.426279,-0.1225,none,,,False,,19,0,,,
19,42,True,0.328911,-0.6886,none,,,False,,19,0,,,
19,19,True,0.434843,-0.0727,none,,,False,,19,0,,,
19,93,True,0.382959,-0.3744,none,,,False,,19,0,,,
19,31,True,0.274123,-1.0071,none,,,False,,19,0,,,
19,55,True,0.658295,1.2264,none,,,False,,19,0,,,
19,25,True,0.5731,0.7311,none,,,False,,19,0,,,
20,7,True,0.478512,-0.1417,none,,,False,,20,0,,,
20,14,True,1.025166,2.8106,none,,,False,,20,0,,,
20,93,True,0.341212,-0.8832,none,,,False,,20,0,,,
20,41,True,0.429497,-0.4064,none,,,False,,20,0,,,
20,54,True,0.55217,0.2561,none,,,False,,20,0,,,
20,11,True,0.786049,1.5192,none,,,False,,20,0,,,
20,87,True,0.553423,0.2629,none,,,False,,20,0,,,
20,3,True,0.335542,-0.9138,none,,,False,,20,0,,,
20,2,True,0.905712,2.1655,none,,,False,,20,0,,,
20,22,True,0.742801,1.2857,none,,,False,,20,0,,,
20,27,True,0.680298,0.9481,none,,,False,,20,0,,,
20,68,True,0.524826,0.1085,none,,,False,,20,0,,,
20,5,True,0.186813,-1.7171,none,,,False,,20,0,,,
20,48,True,0.505274,0.0029,none,,,False,,20,0,,,
20,53,True,0.703963,1.0759,none,,,False,,20,0,,,
20,85,True,0.773331,1.4505,none,,,False,,20,0,,,
20,77,True,0.238148,-1.4398,none,,,False,,20,0,,,
20,1,True,1.142909,3.0,none,,,False,,20,0,,,
20,46,True,0.376155,-0.6945,none,,,False,,20,0,,,
20,64,True,0.608936,0.5627,none,,,False,,20,0,,,
20,65,True,0.401576,-0.5572,none,,,False,,20,0,,,
20,61,True,0.911915,2.199,none,,,False,,20,0,,,
20,75,True,1.391225,3.0,none,,,False,,20,0,,,
20,32,True,0.448524,-0.3036,none,,,False,,20,0,,,
20,42,True,0.459095,-0.2465,none,,,False,,20,0,,,
20,73,True,1.023982,2.8042,none,,,False,,20,0,,,
20,86,True,0.475053,-0.1604,none,,,False,,20,0,,,
20,84,True,0.768619,1.4251,none,,,False,,20,0,,,
20,12,True,0.393568,-0.6004,none,,,False,,20,0,,,
20,60,True,0.374838,-0.7016,none,,,False,,20,0,,,
20,20,True,0.273937,-1.2465,none,,,False,,20,0,,,
20,13,True,0.703243,1.072,none,,,False,,20,0,,,
20,50,True,0.470964,-0.1824,none,,,False,,20,0,,,
20,88,True,0.646079,0.7633,none,,,False,,20,0,,,
20,17,True,0.292639,-1.1455,none,,,False,,20,0,,,
20,26,True,0.635267,0.7049,none,,,False,,20,0,,,
20,45,True,0.465615,-0.2113,none,,,False,,20,0,,,
20,69,True,0.325932,-0.9657,none,,,False,,20,0,,,
20,95,True,0.542398,0.2033,none,,,False,,20,0,,,
20,96,True,0.631546,0.6848,none,,,False,,20,0,,,
20,62,True,0.383292,-0.6559,none,,,False,,20,0,,,
20,6,True,0.590667,0.464,none,,,False,,20,0,,,
20,28,True,0.451071,-0.2899,none,,,False,,20,0,,,
20,10,True,0.410583,-0.5085,none,,,False,,20,0,,,
20,21,True,0.6264,0.657,none,,,False,,20,0,,,
20,31,True,0.381767,-0.6642,none,,,False,,20,0,,,
20,37,True,0.504216,-0.0029,none,,,False,,20,0,,,
20,8,True,0.449885,-0.2963,none,,,False,,20,0,,,
20,4,True,0.623698,0.6424,none,,,False,,20,0,,,
20,38,True,0.481013,-0.1282,none,,,False,,20,0,,,
21,37,True,0.613487,0.6972,none,,,False,,21,0,,,
21,67,True,0.602933,0.6321,none,,,False,,21,0,,,
21,36,True,0.40203,-0.6072,none,,,False,,21,0,,,
21,89,True,0.437982,-0.3854,none,,,False,,21,0,,,
21,73,True,0.774019,1.6874,none,,,False,,21,0,,,
21,51,True,0.454444,-0.2839,none,,,False,,21,0,,,
21,11,True,0.422216,-0.4827,none,,,False,,21,0,,,
21,42,True,0.686796,1.1494,none,,,False,,21,0,,,
21,7,True,0.343789,-0.9665,none,,,False,,21,0,,,
21,43,True,0.327382,-1.0677,none,,,False,,21,0,,,
21,61,True,0.395984,-0.6445,none,,,False,,21,0,,,
21,56,True,0.687741,1.1552,none,,,False,,21,0,,,
21,46,True,0.532496,0.1976,none,,,False,,21,0,,,
21,78,True,0.476347,-0.1488,none,,,False,,21,0,,,
21,82,True,0.508143,0.0474,none,,,False,,21,0,,,
21,81,True,0.641379,0.8692,none,,,False,,21,0,,,
21,60,True,0.601184,0.6213,none,,,False,,21,0,,,
21,98,True,0.225395,-1.6968,none,,,False,,21,0,,,
21,49,True,0.616819,0.7177,none,,,False,,21,0,,,
21,28,True,0.62224,0.7511,none,,,False,,21,0,,,
21,57,True,0.467251,-0.2049,none,,,False,,21,0,,,
21,91,True,0.647666,0.908,none,,,False,,21,0,,,
21,45,True,0.428531,-0.4437,none,,,False,,21,0,,,
21,83,True,0.424118,-0.471,none,,,False,,21,0,,,
21,39,True,0.203232,-1.8335,none,,,False,,21,0,,,
21,30,True,0.32294,-1.0951,none,,,False,,21,0,,,
21,80,True,0.394795,-0.6518,none,,,False,,21,0,,,
21,1,True,0.50867,0.0506,none,,,False,,21,0,,,
21,4,True,0.492791,-0.0474,none,,,False,,21,0,,,
21,72,True,0.923367,2.6086,none,,,False,,21,0,,,
21,74,True,0.552897,0.3234,none,,,False,,21,0,,,
21,48,True,0.310644,-1.1709,none,,,False,,21,0,,,
21,62,True,0.476662,-0.1468,none,,,False,,21,0,,,
21,97,True,0.595064,0.5835,none,,,False,,21,0,,,
21,88,True,0.514626,0.0873,none,,,False,,21,0,,,
21,33,True,0.716141,1.3304,none,,,False,,21,0,,,
21,31,True,0.261143,-1.4762,none,,,False,,21,0,,,
21,12,True,0.525552,0.1547,none,,,False,,21,0,,,
21,25,True,0.722926,1.3722,none,,,False,,21,0,,,
21,23,True,0.714226,1.3186,none,,,False,,21,0,,,
21,27,True,0.457865,-0.2628,none,,,False,,21,0,,,
21,9,True,0.68749,1.1536,none,,,False,,21,0,,,
21,15,True,0.618203,0.7262,none,,,False,,21,0,,,
21,87,True,0.403082,-0.6007,none,,,False,,21,0,,,
21,3,True,0.329302,-1.0558,none,,,False,,21,0,,,
21,92,True,0.360656,-0.8624,none,,,False,,21,0,,,
21,50,True,0.426513,-0.4562,none,,,False,,21,0,,,
21,94,True,0.518081,0.1087,none,,,False,,21,0,,,
21,68,True,0.742888,1.4953,none,,,False,,21,0,,,
21,77,True,0.122892,-2.329,none,,,False,,21,0,,,
22,13,True,0.497528,0.0039,none,,,False,,22,0,,,
22,5,True,0.174783,-1.7423,none,,,False,,22,0,,,
22,89,True,0.37745,-0.6458,none,,,False,,22,0,,,
22,27,True,0.543274,0.2514,none,,,False,,22,0,,,
22,0,True,0.470243,-0.1438,none,,,False,,22,0,,,
22,47,True,0.340581,-0.8453,none,,,False,,22,0,,,
22,22,True,0.858466,1.9567,none,,,False,,22,0,,,
22,67,True,0.618259,0.6571,none,,,False,,22,0,,,
22,8,True,0.403504,-0.5049,none,,,False,,22,0,,,
22,51,True,0.536381,0.2141,none,,,False,,22,0,,,
22,65,True,0.384287,-0.6088,none,,,False,,22,0,,,
22,7,True,0.106764,-2.1104,none,,,False,,22,0,,,
22,1,True,0.72985,1.2608,none,,,False,,22,0,,,
22,63,True,0.255638,-1.3049,none,,,False,,22,0,,,
22,90,True,0.661604,0.8916,none,,,False,,22,0,,,
22,36,True,0.369639,-0.6881,none,,,False,,22,0,,,
22,2,True,0.934886,2.3702,none,,,False,,22,0,,,
22,60,True,0.406893,-0.4865,none,,,False,,22,0,,,
22,25,True,0.392946,-0.562,none,,,False,,22,0,,,
22,61,True,0.703678,1.1192,none,,,False,,22,0,,,
22,28,True,0.509554,0.0689,none,,,False,,22,0,,,
22,57,True,0.333378,-0.8843,none,,,False,,22,0,,,
22,53,True,0.710724,1.1573,none,,,False,,22,0,,,
22,11,True,0.639097,0.7698,none,,,False,,22,0,,,
22,82,True,0.232471,-1.4302,none,,,False,,22,0,,,
22,34,True,0.426342,-0.3813,none,,,False,,22,0,,,
22,39,True,0.327794,-0.9145,none,,,False,,22,0,,,
22,49,True,0.387933,-0.5891,none,,,False,,22,0,,,
22,75,True,1.010195,2.7776,none,,,False,,22,0,,,
22,77,True,0.180412,-1.7119,none,,,False,,22,0,,,
22,33,True,0.496104,-0.0039,none,,,False,,22,0,,,
22,85,True,0.597903,0.5469,none,,,False,,22,0,,,
22,15,True,0.616389,0.6469,none,,,False,,22,0,,,
22,80,True,0.331929,-0.8921,none,,,False,,22,0,,,
22,84,True,0.886233,2.1069,none,,,False,,22,0,,,
22,55,True,0.593609,0.5237,none,,,False,,22,0,,,
22,70,True,0.591589,0.5128,none,,,False,,22,0,,,
22,42,True,0.557532,0.3285,none,,,False,,22,0,,,
22,88,True,0.441861,-0.2973,none,,,False,,22,0,,,
22,83,True,0.371522,-0.6779,none,,,False,,22,0,,,
22,19,True,0.485585,-0.0608,none,,,False,,22,0,,,
22,41,True,0.510262,0.0727,none,,,False,,22,0,,,
22,79,True,0.372781,-0.6711,none,,,False,,22,0,,,
22,52,True,0.766388,1.4585,none,,,False,,22,0,,,
22,14,True,0.811966,1.7051,none,,,False,,22,0,,,
22,24,True,0.745718,1.3467,none,,,False,,22,0,,,
22,81,True,0.359012,-0.7456,none,,,False,,22,0,,,
22,4,True,0.539524,0.2311,none,,,False,,22,0,,,
22,3,True,0.323201,-0.9393,none,,,False,,22,0,,,
22,87,True,0.559173,0.3374,none,,,False,,22,0,,,
23,95,True,0.673519,0.849,none,,,False,,23,0,,,
23,41,True,0.390614,-0.781,none,,,False,,23,0,,,
23,80,True,0.294732,-1.3334,none,,,False,,23,0,,,
23,17,True,0.315648,-1.2129,none,,,False,,23,0,,,
23,82,True,0.436802,-0.5148,none,,,False,,23,0,,,
23,83,True,0.39645,-0.7473,none,,,False,,23,0,,,
23,45,True,0.276106,-1.4407,none,,,False,,23,0,,,
23,64,True,0.523513,-0.0152,none,,,False,,23,0,,,
23,81,True,0.421737,-0.6016,none,,,False,,23,0,,,
23,96,True,0.735469,1.206,none,,,False,,23,0,,,
23,73,True,0.657682,0.7578,none,,,False,,23,0,,,
23,52,True,0.587077,0.351,none,,,False,,23,0,,,
23,85,True,0.466265,-0.3451,none,,,False,,23,0,,,
23,6,True,0.577871,0.2979,none,,,False,,23,0,,,
23,50,True,0.533839,0.0443,none,,,False,,23,0,,,
23,62,True,0.471007,-0.3178,none,,,False,,23,0,,,
23,48,True,0.296246,-1.3247,none,,,False,,23,0,,,
23,44,True,0.528805,0.0152,none,,,False,,23,0,,,
23,25,True,0.606286,0.4617,none,,,False,,23,0,,,
23,26,True,0.772982,1.4221,none,,,False,,23,0,,,
23,35,True,0.586573,0.3481,none,,,False,,23,0,,,
23,29,True,0.322772,-1.1719,none,,,False,,23,0,,,
23,77,True,0.15978,-2.111,none,,,False,,23,0,,,
23,60,True,0.515473,-0.0616,none,,,False,,23,0,,,
23,30,True,0.179255,-1.9987,none,,,False,,23,0,,,
23,92,True,0.605741,0.4585,none,,,False,,23,0,,,
23,21,True,0.767954,1.3931,none,,,False,,23,0,,,
23,1,True,0.786758,1.5015,none,,,False,,23,0,,,
23,69,True,0.341702,-1.0628,none,,,False,,23,0,,,
23,47,True,0.433614,-0.5332,none,,,False,,23,0,,,
23,90,True,0.693713,0.9654,none,,,False,,23,0,,,
23,23,True,0.884746,2.0661,none,,,False,,23,0,,,
23,76,True,0.501942,-0.1395,none,,,False,,23,0,,,
23,8,True,0.436789,-0.5149,none,,,False,,23,0,,,
23,54,True,0.784222,1.4869,none,,,False,,23,0,,,
23,55,True,0.795895,1.5541,none,,,False,,23,0,,,
23,37,True,0.528954,0.0161,none,,,False,,23,0,,,
23,71,True,0.310606,-1.2419,none,,,False,,23,0,,,
23,78,True,0.452878,-0.4222,none,,,False,,23,0,,,
23,53,True,0.602098,0.4375,none,,,False,,23,0,,,
23,2,True,0.54665,0.1181,none,,,False,,23,0,,,
23,91,True,0.735481,1.206,none,,,False,,23,0,,,
23,59,True,0.540489,0.0826,none,,,False,,23,0,,,
23,79,True,0.423795,-0.5898,none,,,False,,23,0,,,
23,3,True,0.386102,-0.807,none,,,False,,23,0,,,
23,86,True,0.570676,0.2565,none,,,False,,23,0,,,
23,19,True,0.533208,0.0406,none,,,False,,23,0,,,
23,70,True,0.584884,0.3384,none,,,False,,23,0,,,
23,74,True,0.381774,-0.8319,none,,,False,,23,0,,,
23,43,True,0.23975,-1.6502,none,,,False,,23,0,,,
24,37,True,0.461799,-0.1437,none,,,False,,24,0,,,
24,30,True,0.135394,-1.9378,none,,,False,,24,0,,,
24,4,True,0.569271,0.4471,none,,,False,,24,0,,,
24,45,True,-0.032561,-2.861,none,,,False,,24,0,,,
24,88,True,0.49929,0.0624,none,,,False,,24,0,,,
24,53,True,0.865109,2.0732,none,,,False,,24,0,,,
24,56,True,0.699491,1.1629,none,,,False,,24,0,,,
24,46,True,0.405642,-0.4523,none,,,False,,24,0,,,
24,74,True,0.35699,-0.7198,none,,,False,,24,0,,,
24,22,True,0.782249,1.6178,none,,,False,,24,0,,,
24,14,True,0.594485,0.5857,none,,,False,,24,0,,,
24,79,True,0.464652,-0.128,none,,,False,,24,0,,,
24,23,True,0.60888,0.6648,none,,,False,,24,0,,,
24,9,True,0.273682,-1.1777,none,,,False,,24,0,,,
24,58,True,0.266741,-1.2158,none,,,False,,24,0,,,
24,98,True,0.307769,-0.9903,none,,,False,,24,0,,,
24,91,True,0.650081,0.8913,none,,,False,,24,0,,,
24,25,True,0.563523,0.4155,none,,,False,,24,0,,,
24,99,True,0.536503,0.267,none,,,False,,24,0,,,
24,18,True,0.284539,-1.118,none,,,False,,24,0,,,
24,70,True,0.428818,-0.3249,none,,,False,,24,0,,,
24,72,True,1.13039,3.0,none,,,False,,24,0,,,
24,39,True,0.275021,-1.1703,none,,,False,,24,0,,,
24,84,True,0.846112,1.9688,none,,,False,,24,0,,,
24,95,True,0.482348,-0.0307,none,,,False,,24,0,,,
24,63,True,0.218835,-1.4792,none,,,False,,24,0,,,
24,92,True,0.634761,0.8071,none,,,False,,24,0,,,
24,2,True,0.719019,1.2702,none,,,False,,24,0,,,
24,44,True,0.582106,0.5176,none,,,False,,24,0,,,
24,94,True,0.472081,-0.0871,none,,,False,,24,0,,,
24,36,True,0.359485,-0.706,none,,,False,,24,0,,,
24,69,True,0.316663,-0.9414,none,,,False,,24,0,,,
24,54,True,0.675553,1.0313,none,,,False,,24,0,,,
24,40,True,0.630986,0.7863,none,,,False,,24,0,,,
24,0,True,0.599985,0.6159,none,,,False,,24,0,,,
24,77,True,0.225355,-1.4433,none,,,False,,24,0,,,
24,12,True,0.41753,-0.387,none,,,False,,24,0,,,
24,11,True,0.5681,0.4407,none,,,False,,24,0,,,
24,15,True,0.542092,0.2977,none,,,False,,24,0,,,
24,80,True,0.376661,-0.6116,none,,,False,,24,0,,,
24,21,True,0.776834,1.588,none,,,False,,24,0,,,
24,42,True,0.473577,-0.0789,none,,,False,,24,0,,,
24,67,True,0.605495,0.6462,none,,,False,,24,0,,,
24,62,True,0.493519,0.0307,none,,,False,,24,0,,,
24,49,True,0.38438,-0.5692,none,,,False,,24,0,,,
24,64,True,0.429639,-0.3204,none,,,False,,24,0,,,
24,38,True,0.519753,0.1749,none,,,False,,24,0,,,
24,96,True,0.617948,0.7147,none,,,False,,24,0,,,
24,8,True,0.401425,-0.4755,none,,,False,,24,0,,,
24,7,True,0.363463,-0.6842,none,,,False,,24,0,,,
25,74,True,0.508296,-0.0033,none,,,False,,25,0,,,
25,45,True,0.310464,-0.9476,none,,,False,,25,0,,,
25,7,True,0.627735,0.5669,none,,,False,,25,0,,,
25,71,True,0.265691,-1.1613,none,,,False,,25,0,,,
25,57,True,0.426342,-0.3944,none,,,False,,25,0,,,
25,32,True,0.303284,-0.9818,none,,,False,,25,0,,,
25,26,True,0.747228,1.1372,none,,,False,,25,0,,,
25,5,True,0.279244,-1.0966,none,,,False,,25,0,,,
25,4,True,0.536605,0.1319,none,,,False,,25,0,,,
25,60,True,0.483839,-0.12,none,,,False,,25,0,,,
25,14,True,0.745085,1.127,none,,,False,,25,0,,,
25,84,True,0.907443,1.902,none,,,False,,25,0,,,
25,98,True,0.252584,-1.2238,none,,,False,,25,0,,,
25,66,True,0.538853,0.1426,none,,,False,,25,0,,,
25,1,True,0.863478,1.6921,none,,,False,,25,0,,,
25,42,True,0.509661,0.0033,none,,,False,,25,0,,,
25,13,True,0.565282,0.2688,none,,,False,,25,0,,,
25,81,True,-0.416099,-3.0,none,,,False,,25,0,,,
25,77,True,0.198885,-1.4801,none,,,False,,25,0,,,
25,19,True,0.531296,0.1065,none,,,False,,25,0,,,
25,52,True,0.69836,0.904,none,,,False,,25,0,,,
25,95,True,0.531329,0.1067,none,,,False,,25,0,,,
25,17,True,0.373465,-0.6468,none,,,False,,25,0,,,
25,8,True,0.332361,-0.843,none,,,False,,25,0,,,
25,43,True,0.325228,-0.8771,none,,,False,,25,0,,,
25,46,True,0.506914,-0.0099,none,,,False,,25,0,,,
25,94,True,0.619846,0.5292,none,,,False,,25,0,,,
25,18,True,0.378371,-0.6234,none,,,False,,25,0,,,
25,99,True,0.574581,0.3131,none,,,False,,25,0,,,
25,73,True,0.765983,1.2267,none,,,False,,25,0,,,
25,96,True,0.833546,1.5492,none,,,False,,25,0,,,
25,64,True,0.361878,-0.7021,none,,,False,,25,0,,,
25,69,True,0.286272,-1.063,none,,,False,,25,0,,,
25,93,True,0.399846,-0.5209,none,,,False,,25,0,,,
25,91,True,0.689394,0.8612,none,,,False,,25,0,,,
25,11,True,0.588633,0.3802,none,,,False,,25,0,,,
25,33,True,0.600518,0.4369,none,,,False,,25,0,,,
25,89,True,0.278132,-1.1019,none,,,False,,25,0,,,
25,47,True,0.505062,-0.0187,none,,,False,,25,0,,,
25,90,True,0.704641,0.9339,none,,,False,,25,0,,,
25,22,True,0.780349,1.2953,none,,,False,,25,0,,,
25,87,True,0.214309,-1.4065,none,,,False,,25,0,,,
25,38,True,0.317343,-0.9147,none,,,False,,25,0,,,
25,70,True,0.590607,0.3896,none,,,False,,25,0,,,
25,78,True,0.388369,-0.5757,none,,,False,,25,0,,,
25,2,True,0.55227,0.2066,none,,,False,,25,0,,,
25,72,True,0.869765,1.7221,none,,,False,,25,0,,,
25,3,True,0.445952,-0.3008,none,,,False,,25,0,,,
25,6,True,0.623198,0.5452,none,,,False,,25,0,,,
25,88,True,0.436558,-0.3457,none,,,False,,25,0,,,
26,75,True,0.839684,1.7728,none,,,False,,26,0,0.1586,2.9483,
26,72,True,0.92302,2.2503,none,,,False,,26,0,0.1182,2.5823,
26,84,True,0.847587,1.8181,none,,,False,,26,0,0.1038,2.1217,
26,24,True,0.87405,1.9697,none,,,False,,26,0,0.1953,1.9036,
26,22,True,0.965416,2.4932,none,,,False,,26,0,0.096,1.7411,
26,1,True,0.56721,0.2118,none,,,False,,26,0,0.1549,1.6429,
26,56,True,0.655164,0.7157,none,,,False,,26,0,0.1205,1.5741,
26,23,True,0.485153,-0.2583,none,,,False,,26,0,0.1555,1.5006,
26,73,True,0.57745,0.2705,none,,,False,,26,0,0.1038,1.3531,
26,53,True,0.86634,1.9255,none,,,False,,26,0,0.1173,1.3518,
26,21,True,0.742046,1.2134,none,,,False,,26,0,0.1205,1.3464,
26,96,True,0.684441,0.8834,none,,,False,,26,0,0.1299,1.301,
26,14,True,0.738613,1.1938,none,,,False,,26,0,0.1038,1.2684,
26,26,True,0.774282,1.3981,none,,,False,,26,0,0.1549,1.2462,
26,55,True,0.58103,0.291,none,,,False,,26,0,0.1568,1.2457,
26,91,True,0.50574,-0.1404,none,,,False,,26,0,0.0983,1.1074,
26,68,True,0.730275,1.146,none,,,False,,26,0,0.1608,1.0712,
26,90,True,0.639156,0.624,none,,,False,,26,0,0.101,1.0553,
26,54,True,0.522826,-0.0425,none,,,False,,26,0,0.1094,1.0426,
26,52,True,0.843699,1.7958,none,,,False,,26,0,0.107,1.0381,
26,61,True,0.399186,-0.7508,none,,,False,,26,0,0.1586,1.0299,
26,40,True,-0.118031,-3.0,none,,,False,,26,0,0.1205,0.9282,
26,97,True,0.363832,-0.9534,none,,,False,,26,0,0.1837,0.8593,
26,67,True,0.540251,0.0573,none,,,False,,26,0,0.1317,0.7838,
26,35,True,0.530479,0.0013,none,,,False,,26,0,0.1818,0.7157,
26,33,True,0.52161,-0.0495,none,,,False,,26,0,0.101,0.7128,
26,15,True,0.471876,-0.3344,none,,,False,,26,0,0.1433,0.7013,
26,85,True,0.590651,0.3461,none,,,False,,26,0,0.1308,0.6799,
26,9,True,0.420875,-0.6266,none,,,False,,26,0,0.1684,0.6686,
26,2,True,0.614757,0.4842,none,,,False,,26,0,0.107,0.6653,
26,11,True,0.530008,-0.0013,none,,,False,,26,0,0.0983,0.6515,
26,13,True,0.360651,-0.9716,none,,,False,,26,0,0.1299,0.5925,
26,6,True,0.372008,-0.9065,none,,,False,,26,0,0.1421,0.5865,
26,99,True,0.590383,0.3446,none,,,False,,26,0,0.1182,0.5522,
26,0,True,0.498527,-0.1817,none,,,False,,26,0,0.1555,0.5509,
26,59,True,0.48892,-0.2367,none,,,False,,26,0,0.1955,0.547,
26,27,True,0.211422,-1.8266,none,,,False,,26,0,0.1825,0.463,
26,95,True,0.603986,0.4225,none,,,False,,26,0,0.101,0.4333,
26,66,True,0.546526,0.0933,none,,,False,,26,0,0.1421,0.4235,
26,58,True,0.419704,-0.6333,none,,,False,,26,0,0.1821,0.3965,
26,4,True,0.453493,-0.4397,none,,,False,,26,0,0.0917,0.3818,
26,94,True,0.326931,-1.1648,none,,,False,,26,0,0.1421,0.3343,
26,37,True,0.436527,-0.5369,none,,,False,,26,0,0.1094,0.3077,
26,28,True,0.253289,-1.5867,none,,,False,,26,0,0.1387,0.298,
26,81,True,0.327005,-1.1644,cusum,,,True,negative,26,0,0.3182,-1.8104,
26,16,True,0.383089,-0.8431,none,,,False,,26,0,0.2357,-0.5072,
26,86,True,0.597499,0.3853,none,,,False,,26,0,0.2103,0.2331,
26,10,True,0.361522,-0.9666,none,,,False,,26,0,0.1972,-0.3959,
26,20,True,0.231682,-1.7105,none,,,False,,26,0,0.1972,-1.1174,
26,34,True,0.498058,-0.1844,none,,,False,,26,0,0.1825,-0.3717,
27,72,True,1.034425,3.0,cusum,,,True,positive,27,0,0.3102,3.4578,
27,84,True,0.733193,1.0665,cusum,,,True,positive,27,0,0.3005,3.0213,
27,22,True,1.000906,2.9073,cusum,,,True,positive,27,0,0.2933,2.9168,
27,75,True,0.891133,2.1525,none,,,False,,27,0,0.1102,2.6504,
27,24,True,0.654016,0.5221,none,,,False,,27,0,0.1444,1.9302,
27,53,True,0.835658,1.7711,none,,,False,,27,0,0.1005,1.6038,
27,21,True,0.757068,1.2307,none,,,False,,27,0,0.1033,1.5273,
27,26,True,0.840759,1.8062,none,,,False,,27,0,0.1444,1.4699,
27,1,True,0.458681,-0.821,none,,,False,,27,0,0.1444,1.2859,
27,96,True,0.735988,1.0858,none,,,False,,27,0,0.1211,1.1878,
27,52,True,0.800746,1.531,none,,,False,,27,0,0.1033,1.146,
27,56,True,0.640287,0.4277,none,,,False,,27,0,0.1033,1.1403,
27,14,True,0.758068,1.2376,none,,,False,,27,0,0.1005,1.0938,
27,68,True,0.427362,-1.0364,none,,,False,,27,0,0.1033,1.0457,
27,23,True,0.646778,0.4723,none,,,False,,27,0,0.1325,0.9685,
27,90,True,0.491885,-0.5927,none,,,False,,27,0,0.0979,0.9624,
27,54,True,0.517437,-0.417,none,,,False,,27,0,0.0933,0.9399,
27,55,True,0.754885,1.2157,none,,,False,,27,0,0.1211,0.9283,
27,73,True,0.366354,-1.4559,none,,,False,,27,0,0.1005,0.8767,
27,2,True,0.661011,0.5702,none,,,False,,27,0,0.1033,0.7828,
27,91,True,0.617629,0.2719,none,,,False,,27,0,0.0955,0.6552,
27,67,True,0.588276,0.0701,none,,,False,,27,0,0.1102,0.5872,
27,35,True,0.560257,-0.1226,none,,,False,,27,0,0.1444,0.5115,
27,99,True,0.473198,-0.7212,none,,,False,,27,0,0.1102,0.4418,
27,59,True,0.624787,0.3211,none,,,False,,27,0,0.157,0.402,
27,11,True,0.556447,-0.1488,none,,,False,,27,0,0.0955,0.391,
27,66,True,0.618023,0.2746,none,,,False,,27,0,0.1325,0.3546,
27,15,True,0.523399,-0.376,none,,,False,,27,0,0.1211,0.3421,
27,86,True,0.584084,0.0413,none,,,False,,27,0,0.1704,0.3271,
27,85,True,0.649801,0.4931,none,,,False,,27,0,0.1005,0.3076,
27,95,True,0.672874,0.6518,none,,,False,,27,0,0.0979,0.2874,
27,44,True,0.61438,0.2496,none,,,False,,27,0,0.1361,0.2734,
27,92,True,0.495131,-0.5704,none,,,False,,27,0,0.1471,0.2731,
27,97,True,0.512343,-0.452,none,,,False,,27,0,0.1211,0.2695,
27,70,True,0.604766,0.1835,none,,,False,,27,0,0.1232,0.268,
27,25,True,0.572084,-0.0413,none,,,False,,27,0,0.1584,0.2494,
27,33,True,0.496303,-0.5623,none,,,False,,27,0,0.0979,0.2491,
27,0,True,0.741184,1.1215,none,,,False,,27,0,0.1325,0.2411,
27,42,True,0.461739,-0.8,none,,,False,,27,0,0.1062,0.199,
27,4,True,0.513699,-0.4427,none,,,False,,27,0,0.0893,0.1555,
27,51,True,0.245571,-2.2864,none,,,False,,27,0,0.1621,0.1514,
27,19,True,0.476688,-0.6972,none,,,False,,27,0,0.1084,0.1466,
27,6,True,0.491144,-0.5978,none,,,False,,27,0,0.1325,0.1232,
27,81,True,0.297957,-1.9262,none,,,False,,27,0,0.3102,-1.955,
27,40,True,0.507465,-0.4856,cusum,,,True,negative,27,0,0.3033,-0.5896,
27,82,True,0.445516,-0.9115,none,,,False,,27,0,0.1959,-0.4745,
27,18,True,0.459219,-0.8173,none,,,False,,27,0,0.1833,-0.6687,
27,29,True,0.371294,-1.4219,none,,,False,,27,0,0.1833,-1.1204,
27,76,True,0.430103,-1.0175,none,,,False,,27,0,0.1833,-0.3695,
27,36,True,0.353134,-1.5468,none,,,False,,27,0,0.1829,-0.509,
28,72,True,0.57354,-0.0712,none,,,False,,28,0,0.3029,3.4532,
28,75,True,1.155149,3.0,cusum,,,True,positive,28,0,0.3029,3.3634,
28,22,True,0.690468,0.7232,none,,,False,,28,0,0.2908,3.3437,
28,53,True,0.721621,0.9349,cusum,,,True,positive,28,0,0.2974,3.0446,
28,84,True,0.874111,1.9709,none,,,False,,28,0,0.2974,2.7168,
28,26,True,0.654848,0.4812,cusum,,,True,positive,28,0,0.335,2.5915,
28,52,True,0.497204,-0.5898,cusum,,,True,positive,28,0,0.3,2.5353,
28,14,True,0.769257,1.2585,cusum,,,True,positive,28,0,0.2974,2.3074,
28,96,True,0.635482,0.3497,cusum,,,True,positive,28,0,0.3132,2.3064,
28,21,True,0.691811,0.7324,none,,,False,,28,0,0.1,1.469,
28,24,True,0.646904,0.4273,none,,,False,,28,0,0.135,1.4238,
28,55,True,0.786601,1.3764,none,,,False,,28,0,0.1132,1.1539,
28,56,True,0.708532,0.846,none,,,False,,28,0,0.1,0.8938,
28,68,True,0.44753,-0.9273,none,,,False,,28,0,0.1,0.66,
28,0,True,0.51572,-0.464,none,,,False,,28,0,0.1239,0.6572,
28,2,True,0.74632,1.1027,none,,,False,,28,0,0.1,0.5453,
28,95,True,0.691334,0.7291,none,,,False,,28,0,0.095,0.5115,
28,1,True,0.790709,1.4043,none,,,False,,28,0,0.135,0.5053,
28,91,True,0.736794,1.038,none,,,False,,28,0,0.0928,0.4456,
28,90,True,0.651093,0.4557,none,,,False,,28,0,0.095,0.4396,
28,23,True,0.813881,1.5617,none,,,False,,28,0,0.1239,0.4316,
28,25,True,0.504192,-0.5423,none,,,False,,28,0,0.1239,0.4173,
28,44,True,0.4817,-0.6952,none,,,False,,28,0,0.1029,0.3899,
28,67,True,0.50862,-0.5123,none,,,False,,28,0,0.1029,0.387,
28,86,True,0.572542,-0.078,none,,,False,,28,0,0.1589,0.3858,
28,92,True,0.638977,0.3734,none,,,False,,28,0,0.1132,0.3654,
28,66,True,0.659987,0.5161,none,,,False,,28,0,0.1239,0.3088,
28,54,True,0.517043,-0.455,none,,,False,,28,0,0.0908,0.3024,
28,85,True,0.57679,-0.0491,none,,,False,,28,0,0.0974,0.286,
28,35,True,0.591243,0.0491,none,,,False,,28,0,0.135,0.22,
28,70,True,0.566959,-0.1159,none,,,False,,28,0,0.1029,0.2118,
28,59,True,0.493437,-0.6154,none,,,False,,28,0,0.1466,0.2064,
28,11,True,0.463886,-0.8162,none,,,False,,28,0,0.0928,0.1914,
28,73,True,0.789949,1.3991,none,,,False,,28,0,0.0974,0.135,
28,99,True,0.49919,-0.5763,none,,,False,,28,0,0.1029,0.1079,
28,33,True,0.62753,0.2956,none,,,False,,28,0,0.095,0.0596,
28,46,True,0.41874,-1.1229,none,,,False,,28,0,0.1382,0.0454,
28,61,True,0.676889,0.631,none,,,False,,28,0,0.1257,0.0416,
28,62,True,0.520745,-0.4299,none,,,False,,28,0,0.1964,0.0135,
28,49,True,0.38778,-1.3333,none,,,False,,28,0,0.1841,0.0039,
28,15,True,0.592836,0.0599,none,,,False,,28,0,0.1132,-0.0039,
28,88,True,0.558641,-0.1724,none,,,False,,28,0,0.16,-0.0492,
28,81,True,0.294167,-1.9693,none,,,False,,28,0,0.3029,-2.4011,
28,40,True,0.751719,1.1394,none,,,False,,28,0,0.3,-1.2748,
28,31,True,0.304881,-1.8965,none,,,False,,28,0,0.1882,-0.9155,
28,30,True,0.300516,-1.9261,none,,,False,,28,0,0.1841,-1.5264,
28,65,True,0.488891,-0.6463,none,,,False,,28,0,0.1757,-0.3392,
28,83,True,0.470752,-0.7695,none,,,False,,28,0,0.1739,-0.4934,
28,12,True,0.487783,-0.6538,none,,,False,,28,0,0.1725,-0.1332,
28,80,True,0.358125,-1.5347,none,,,False,,28,0,0.1725,-0.8014,
29,75,True,0.961342,2.3211,none,,,False,,29,0,0.2996,3.4335,
29,22,True,0.823903,1.5425,cusum,,,True,positive,29,0,0.2884,3.1504,
29,72,True,0.726198,0.9891,none,,,False,,29,0,0.2996,2.8514,
29,84,True,0.821573,1.5293,none,,,False,,29,0,0.2946,2.7364,
29,53,True,0.770692,1.2411,none,,,False,,29,0,0.2946,2.6617,
29,26,True,0.750343,1.1259,none,,,False,,29,0,0.3264,2.3672,
29,14,True,0.793811,1.3721,none,,,False,,29,0,0.2946,2.3478,
29,52,True,0.679091,0.7223,none,,,False,,29,0,0.297,2.0336,
29,96,True,0.687476,0.7698,none,,,False,,29,0,0.3059,1.902,
29,21,True,0.62804,0.4331,none,,,False,,29,0,0.097,1.1801,
29,24,True,0.675773,0.7035,none,,,False,,29,0,0.1264,1.1117,
29,55,True,0.895482,1.948,none,,,False,,29,0,0.1059,1.0901,
29,2,True,0.583029,0.1781,none,,,False,,29,0,0.097,0.8403,
29,56,True,0.63111,0.4505,none,,,False,,29,0,0.097,0.7844,
29,23,True,0.318867,-1.3182,none,,,False,,29,0,0.116,0.7255,
29,95,True,0.729097,1.0055,none,,,False,,29,0,0.0924,0.7158,
29,91,True,0.672914,0.6873,none,,,False,,29,0,0.0903,0.5016,
29,61,True,0.398199,-0.8689,none,,,False,,29,0,0.1059,0.4622,
29,66,True,0.442602,-0.6173,none,,,False,,29,0,0.116,0.4283,
29,1,True,0.657122,0.5978,none,,,False,,29,0,0.1264,0.4037,
29,85,True,0.585148,0.1901,none,,,False,,29,0,0.0946,0.3812,
29,92,True,0.513797,-0.2141,none,,,False,,29,0,0.1059,0.3325,
29,0,True,0.54192,-0.0547,none,,,False,,29,0,0.116,0.2922,
29,70,True,0.415327,-0.7718,none,,,False,,29,0,0.0996,0.2774,
29,90,True,0.710403,0.8996,none,,,False,,29,0,0.0924,0.277,
29,86,True,0.508043,-0.2466,none,,,False,,29,0,0.1486,0.267,
29,73,True,0.511776,-0.2255,none,,,False,,29,0,0.0946,0.1891,
29,44,True,0.561251,0.0547,none,,,False,,29,0,0.0996,0.149,
29,35,True,0.578963,0.1551,none,,,False,,29,0,0.1264,0.1146,
29,25,True,0.51831,-0.1885,none,,,False,,29,0,0.116,0.0776,
29,33,True,0.498084,-0.3031,none,,,False,,29,0,0.0924,0.0093,
29,67,True,0.6005,0.2771,none,,,False,,29,0,0.0996,-0.0033,
29,88,True,0.482277,-0.3926,none,,,False,,29,0,0.1264,-0.0132,
29,59,True,0.497113,-0.3086,none,,,False,,29,0,0.1372,-0.0327,
29,9,True,0.682353,0.7407,none,,,False,,29,0,0.1728,-0.0661,
29,19,True,0.493293,-0.3302,none,,,False,,29,0,0.1044,-0.0686,
29,50,True,0.583766,0.1823,none,,,False,,29,0,0.1662,-0.069,
29,15,True,0.395212,-0.8858,none,,,False,,29,0,0.1059,-0.0877,
29,62,True,0.321026,-1.306,none,,,False,,29,0,0.1486,-0.0882,
29,13,True,0.488133,-0.3594,none,,,False,,29,0,0.1505,-0.0943,
29,94,True,0.533194,-0.1042,none,,,False,,29,0,0.1614,-0.0966,
29,60,True,0.499461,-0.2953,none,,,False,,29,0,0.1308,-0.1048,
29,81,True,0.451197,-0.5687,cusum,,,True,negative,29,0,0.2996,-2.0616,
29,40,True,0.616926,0.3701,none,,,False,,29,0,0.297,-1.1608,
29,58,True,0.328758,-1.2622,none,,,False,,29,0,0.1848,-0.2066,
29,48,True,0.267864,-1.6071,none,,,False,,29,0,0.1763,-0.6973,
29,63,True,0.347007,-1.1588,none,,,False,,29,0,0.1747,-0.8895,
29,17,True,0.295554,-1.4503,none,,,False,,29,0,0.1735,-0.8574,
29,32,True,0.298543,-1.4334,none,,,False,,29,0,0.1735,-0.3404,
29,57,True,0.434768,-0.6617,none,,,False,,29,0,0.1735,-0.3502,
30,75,True,0.607644,0.4555,cusum,,,True,positive,30,0,0.2966,3.6125,
30,22,True,0.887296,2.2277,none,,,False,,30,0,0.2863,2.831,
30,55,True,0.829283,1.8601,cusum,,,True,positive,30,0,0.2992,2.6384,
30,84,True,0.930944,2.5043,cusum,,,True,positive,30,0,0.292,2.637,
30,53,True,0.75836,1.4106,none,,,False,,30,0,0.292,2.4304,
30,72,True,0.567497,0.2011,cusum,,,True,positive,30,0,0.2966,2.4272,
30,14,True,0.614836,0.5011,none,,,False,,30,0,0.292,2.4041,
30,26,True,0.798244,1.6634,none,,,False,,30,0,0.3185,2.2714,
30,96,True,0.630384,0.5996,none,,,False,,30,0,0.2992,1.8601,
30,52,True,0.768964,1.4778,none,,,False,,30,0,0.2942,1.6723,
30,21,True,0.649478,0.7206,none,,,False,,30,0,0.0942,0.9166,
30,95,True,0.737793,1.2803,none,,,False,,30,0,0.0899,0.9073,
30,91,True,0.611783,0.4817,none,,,False,,30,0,0.088,0.7748,
30,2,True,0.822572,1.8175,none,,,False,,30,0,0.0942,0.7349,
30,56,True,0.714646,1.1336,none,,,False,,30,0,0.0942,0.6926,
30,24,True,0.731326,1.2393,none,,,False,,30,0,0.1185,0.6846,
30,1,True,0.768114,1.4724,none,,,False,,30,0,0.1185,0.5273,
30,23,True,0.496234,-0.2505,none,,,False,,30,0,0.1087,0.3677,
30,90,True,0.571061,0.2237,none,,,False,,30,0,0.0899,0.366,
30,0,True,0.603646,0.4302,none,,,False,,30,0,0.1087,0.33,
30,85,True,0.667621,0.8356,none,,,False,,30,0,0.092,0.3261,
30,66,True,0.386764,-0.9442,none,,,False,,30,0,0.1087,0.1869,
30,35,True,0.452522,-0.5275,none,,,False,,30,0,0.1185,0.1608,
30,67,True,0.494677,-0.2604,none,,,False,,30,0,0.0966,0.0662,
30,86,True,0.638138,0.6488,none,,,False,,30,0,0.1394,0.0499,
30,50,True,0.61093,0.4763,none,,,False,,30,0,0.0992,0.0485,
30,73,True,0.546784,0.0698,none,,,False,,30,0,0.092,0.0206,
30,44,True,0.463337,-0.459,none,,,False,,30,0,0.0966,-0.009,
30,92,True,0.382119,-0.9737,none,,,False,,30,0,0.0992,-0.012,
30,40,True,0.588234,0.3325,none,,,False,,30,0,0.2942,-0.0408,
30,60,True,0.419733,-0.7353,none,,,False,,30,0,0.092,-0.0442,
30,59,True,0.524742,-0.0698,none,,,False,,30,0,0.1287,-0.0623,
30,33,True,0.463894,-0.4554,none,,,False,,30,0,0.0899,-0.0781,
30,37,True,0.378833,-0.9945,none,,,False,,30,0,0.127,-0.1068,
30,94,True,0.342793,-1.2229,none,,,False,,30,0,0.1287,-0.1079,
30,70,True,0.48465,-0.3239,none,,,False,,30,0,0.0966,-0.1135,
30,25,True,0.503727,-0.203,none,,,False,,30,0,0.1087,-0.1283,
30,28,True,0.416836,-0.7537,none,,,False,,30,0,0.1292,-0.1377,
30,97,True,0.480121,-0.3526,none,,,False,,30,0,0.1419,-0.1403,
30,4,True,0.436981,-0.626,none,,,False,,30,0,0.1096,-0.1436,
30,38,True,0.505698,-0.1905,none,,,False,,30,0,0.1754,-0.1507,
30,68,True,0.643202,0.6809,none,,,False,,30,0,0.1082,-0.1513,
30,81,True,0.341296,-1.2324,none,,,False,,30,0,0.2966,-1.8668,
30,64,True,0.475191,-0.3839,none,,,False,,30,0,0.186,-0.2016,
30,78,True,0.430333,-0.6681,none,,,False,,30,0,0.186,-0.2379,
30,18,True,0.47498,-0.3852,none,,,False,,30,0,0.1857,-0.6948,
30,16,True,0.412348,-0.7821,none,,,False,,30,0,0.1855,-0.4971,
30,39,True,0.224479,-1.9727,none,,,False,,30,0,0.1769,-1.1725,
30,69,True,0.383476,-0.9651,none,,,False,,30,0,0.1754,-0.8837,
30,71,True,0.315737,-1.3943,none,,,False,,30,0,0.1754,-1.1394,
31,84,True,0.920408,1.9783,none,,,False,,31,0,0.2896,3.1133,
31,75,True,1.00384,2.4654,none,,,False,,31,0,0.2938,3.0434,
31,55,True,0.740248,0.9267,none,,,False,,31,0,0.2962,2.8494,
31,22,True,0.8834,1.7623,cusum,,,True,positive,31,0,0.2843,2.6021,
31,53,True,0.826923,1.4326,cusum,,,True,positive,31,0,0.2896,2.3074,
31,1,True,0.698531,0.6831,cusum,,,True,positive,31,0,0.3113,2.2873,
31,26,True,0.766223,1.0783,none,,,False,,31,0,0.3113,2.2193,
31,14,True,0.630444,0.2857,none,,,False,,31,0,0.2896,2.1557,
31,2,True,0.655929,0.4345,cusum,,,True,positive,31,0,0.2916,2.1475,
31,95,True,0.5726,-0.052,cusum,,,True,positive,31,0,0.2877,2.1141,
31,24,True,0.695565,0.6658,cusum,,,True,positive,31,0,0.3113,1.9191,
31,21,True,0.74295,0.9424,cusum,,,True,positive,31,0,0.2916,1.7434,
31,96,True,0.742547,0.9401,none,,,False,,31,0,0.2962,1.6943,
31,52,True,0.747756,0.9705,none,,,False,,31,0,0.2916,1.6515,
31,72,True,0.88907,1.7954,none,,,False,,31,0,0.2938,1.4909,
31,56,True,0.626235,0.2611,none,,,False,,31,0,0.0916,0.9247,
31,91,True,0.689029,0.6277,none,,,False,,31,0,0.0859,0.8423,
31,90,True,0.576456,-0.0295,none,,,False,,31,0,0.0877,0.6355,
31,73,True,0.566544,-0.0873,none,,,False,,31,0,0.0896,0.5263,
31,85,True,0.638838,0.3347,none,,,False,,31,0,0.0896,0.4373,
31,50,True,0.613967,0.1895,none,,,False,,31,0,0.0962,0.3556,
31,86,True,0.613387,0.1861,none,,,False,,31,0,0.1309,0.2467,
31,40,True,0.660243,0.4596,none,,,False,,31,0,0.2916,0.2287,
31,23,True,0.369246,-1.239,none,,,False,,31,0,0.102,0.1227,
31,0,True,0.698852,0.685,none,,,False,,31,0,0.102,0.0955,
31,35,True,0.560035,-0.1253,none,,,False,,31,0,0.1113,0.0213,
31,33,True,0.508,-0.4291,none,,,False,,31,0,0.0877,-0.0452,
31,67,True,0.56994,-0.0675,none,,,False,,31,0,0.0938,-0.0473,
31,92,True,0.586547,0.0295,none,,,False,,31,0,0.0962,-0.1502,
31,12,True,0.52901,-0.3064,none,,,False,,31,0,0.1535,-0.1567,
31,88,True,0.534493,-0.2744,none,,,False,,31,0,0.1323,-0.1699,
31,38,True,0.595505,0.0817,none,,,False,,31,0,0.121,-0.1765,
31,42,True,0.420116,-0.9421,none,,,False,,31,0,0.1234,-0.1801,
31,6,True,0.587248,0.0335,none,,,False,,31,0,0.1648,-0.181,
31,25,True,0.539206,-0.2469,none,,,False,,31,0,0.102,-0.1863,
31,76,True,0.399011,-1.0653,none,,,False,,31,0,0.1752,-0.1901,
31,99,True,0.492009,-0.5224,none,,,False,,31,0,0.1246,-0.1927,
31,19,True,0.402768,-1.0433,none,,,False,,31,0,0.1008,-0.1952,
31,54,True,0.251897,-1.924,none,,,False,,31,0,0.1102,-0.1957,
31,59,True,0.495657,-0.5011,none,,,False,,31,0,0.121,-0.1976,
31,61,True,0.635478,0.3151,none,,,False,,31,0,0.1133,-0.2046,
31,81,True,0.320904,-1.5212,none,,,False,,31,0,0.2938,-1.6389,
31,93,True,0.357471,-1.3077,none,,,False,,31,0,0.1874,-0.4542,
31,27,True,0.440563,-0.8227,none,,,False,,31,0,0.1865,-0.4683,
31,34,True,0.379014,-1.182,none,,,False,,31,0,0.1865,-0.297,
31,36,True,0.429513,-0.8872,none,,,False,,31,0,0.1862,-0.8295,
31,82,True,0.352043,-1.3394,none,,,False,,31,0,0.1862,-0.8015,
31,41,True,0.505668,-0.4427,none,,,False,,31,0,0.181,-0.2465,
31,47,True,0.376307,-1.1978,none,,,False,,31,0,0.1774,-0.3321,
31,10,True,0.332965,-1.4508,none,,,False,,31,0,0.1761,-0.5751,
32,84,True,0.899552,2.1469,cusum,,,True,positive,32,0,0.2873,3.1131,
32,22,True,0.784091,1.4351,none,,,False,,32,0,0.2824,2.9462,
32,75,True,0.800009,1.5332,none,,,False,,32,0,0.2912,2.862,
32,55,True,0.736217,1.1399,none,,,False,,32,0,0.2934,2.6961,
32,53,True,0.617187,0.4061,none,,,False,,32,0,0.2873,2.4706,
32,26,True,0.921667,2.2832,cusum,,,True,positive,32,0,0.3047,2.4142,
32,52,True,0.742788,1.1804,none,,,False,,32,0,0.2892,2.1687,
32,72,True,1.023788,2.9127,none,,,False,,32,0,0.2912,2.1099,
32,1,True,0.598835,0.293,none,,,False,,32,0,0.3047,2.0428,
32,24,True,0.55925,0.049,none,,,False,,32,0,0.3047,1.9945,
32,2,True,0.763157,1.306,none,,,False,,32,0,0.2892,1.9218,
32,96,True,0.656308,0.6473,none,,,False,,32,0,0.2934,1.8877,
32,95,True,0.600938,0.306,none,,,False,,32,0,0.2856,1.8512,
32,14,True,0.826937,1.6992,none,,,False,,32,0,0.2873,1.8287,
32,21,True,0.744464,1.1908,none,,,False,,32,0,0.2892,1.8105,
32,56,True,0.72261,1.056,none,,,False,,32,0,0.0892,0.7269,
32,91,True,0.612202,0.3754,none,,,False,,32,0,0.0839,0.7032,
32,85,True,0.543585,-0.0476,none,,,False,,32,0,0.0873,0.5626,
32,40,True,0.623631,0.4459,none,,,False,,32,0,0.2892,0.4992,
32,0,True,0.513778,-0.2314,none,,,False,,32,0,0.0958,0.4748,
32,90,True,0.665128,0.7017,none,,,False,,32,0,0.0856,0.4712,
32,50,True,0.347937,-1.2537,none,,,False,,32,0,0.0934,0.4006,
32,86,True,0.499013,-0.3224,none,,,False,,32,0,0.1232,0.3297,
32,61,True,0.503253,-0.2962,none,,,False,,32,0,0.0958,0.147,
32,67,True,0.431993,-0.7356,none,,,False,,32,0,0.0912,0.0978,
32,73,True,0.485339,-0.4067,none,,,False,,32,0,0.0873,0.0281,
32,35,True,0.580615,0.1807,none,,,False,,32,0,0.1047,-0.0409,
32,25,True,0.559031,0.0476,none,,,False,,32,0,0.0958,-0.0915,
32,88,True,0.452165,-0.6112,none,,,False,,32,0,0.1138,-0.1507,
32,59,True,0.583749,0.2,none,,,False,,32,0,0.1138,-0.1641,
32,9,True,0.787612,1.4568,none,,,False,,32,0,0.1651,-0.2102,
32,11,True,0.465762,-0.5274,none,,,False,,32,0,0.122,-0.2103,
32,38,True,0.496717,-0.3365,none,,,False,,32,0,0.1138,-0.2121,
32,13,True,0.356521,-1.2008,none,,,False,,32,0,0.1451,-0.2205,
32,66,True,0.676532,0.772,none,,,False,,32,0,0.1156,-0.2235,
32,44,True,0.49466,-0.3492,none,,,False,,32,0,0.1044,-0.2486,
32,41,True,0.500036,-0.3161,none,,,False,,32,0,0.0958,-0.2624,
32,92,True,0.482351,-0.4251,none,,,False,,32,0,0.0934,-0.2682,
32,60,True,0.494184,-0.3522,none,,,False,,32,0,0.1001,-0.2717,
32,15,True,0.535813,-0.0955,none,,,False,,32,0,0.1266,-0.2756,
32,70,True,0.6203,0.4253,none,,,False,,32,0,0.1044,-0.286,
32,81,True,0.326239,-1.3875,none,,,False,,32,0,0.2912,-1.4927,
32,20,True,0.238597,-1.9278,none,,,False,,32,0,0.1877,-1.1886,
32,29,True,0.275186,-1.7022,none,,,False,,32,0,0.187,-1.2711,
32,79,True,0.382027,-1.0436,none,,,False,,32,0,0.1812,-0.3379,
32,5,True,0.273995,-1.7096,none,,,False,,32,0,0.1794,-1.3896,
32,43,True,0.266792,-1.754,none,,,False,,32,0,0.1794,-1.0692,
32,89,True,0.479591,-0.4421,none,,,False,,32,0,0.1794,-0.5819,
32,30,True,0.31384,-1.4639,none,,,False,,32,0,0.176,-1.8099,
32,49,True,0.324319,-1.3993,none,,,False,,32,0,0.176,-0.6862,
33,84,True,0.938158,3.0,none,,,False,,33,0,0.2852,3.3164,
33,22,True,0.66562,1.0359,cusum,,,True,positive,33,0,0.2806,2.9084,
33,26,True,0.925669,3.0,none,,,False,,33,0,0.2985,2.7962,
33,72,True,0.758395,1.8167,cusum,,,True,positive,33,0,0.2889,2.7482,
33,75,True,0.847328,2.5651,cusum,,,True,positive,33,0,0.2889,2.5965,
33,55,True,0.845562,2.5502,cusum,,,True,positive,33,0,0.2909,2.4236,
33,52,True,0.69518,1.2847,cusum,,,True,positive,33,0,0.287,2.3187,
33,2,True,0.59585,0.4488,none,,,False,,33,0,0.287,2.2951,
33,53,True,0.623423,0.6808,none,,,False,,33,0,0.2852,2.1897,
33,21,True,0.69198,1.2577,none,,,False,,33,0,0.287,2.0604,
33,1,True,0.755137,1.7892,none,,,False,,33,0,0.2985,1.9375,
33,14,True,0.621925,0.6682,cusum,,,True,positive,33,0,0.2852,1.9353,
33,56,True,0.785495,2.0447,cusum,,,True,positive,33,0,0.287,1.926,
33,24,True,0.685121,1.2,none,,,False,,33,0,0.2985,1.7726,
33,95,True,0.765706,1.8782,none,,,False,,33,0,0.2836,1.6157,
33,96,True,0.648213,0.8894,none,,,False,,33,0,0.2909,0.8437,
33,9,True,0.720185,1.4951,none,,,False,,33,0,0.135,0.6623,
33,91,True,0.539551,-0.025,none,,,False,,33,0,0.082,0.597,
33,40,True,0.517315,-0.2122,none,,,False,,33,0,0.287,0.5218,
33,85,True,0.573647,0.2619,none,,,False,,33,0,0.0852,0.4808,
33,0,True,0.491569,-0.4288,none,,,False,,33,0,0.0931,0.4125,
33,90,True,0.578619,0.3038,none,,,False,,33,0,0.0836,0.4029,
33,86,True,0.603172,0.5104,none,,,False,,33,0,0.1161,0.2999,
33,59,True,0.651168,0.9143,none,,,False,,33,0,0.1072,0.0013,
33,25,True,0.506924,-0.2996,none,,,False,,33,0,0.0931,-0.0162,
33,38,True,0.480853,-0.519,none,,,False,,33,0,0.1072,-0.0234,
33,73,True,0.620052,0.6524,none,,,False,,33,0,0.0852,-0.0348,
33,35,True,0.538471,-0.0341,none,,,False,,33,0,0.0985,-0.0361,
33,50,True,0.528158,-0.1209,none,,,False,,33,0,0.0909,-0.0813,
33,70,True,0.523954,-0.1563,none,,,False,,33,0,0.0909,-0.1088,
33,44,True,0.473548,-0.5805,none,,,False,,33,0,0.0909,-0.1364,
33,66,True,0.533054,-0.0797,none,,,False,,33,0,0.0985,-0.1419,
33,61,True,0.603417,0.5124,none,,,False,,33,0,0.0931,-0.1655,
33,15,True,0.644157,0.8553,none,,,False,,33,0,0.0985,-0.1859,
33,67,True,0.491594,-0.4286,none,,,False,,33,0,0.0889,-0.2427,
33,33,True,0.493497,-0.4126,none,,,False,,33,0,0.0958,-0.2893,
33,88,True,0.477665,-0.5458,none,,,False,,33,0,0.1072,-0.3011,
33,68,True,0.537734,-0.0403,none,,,False,,33,0,0.1143,-0.3098,
33,12,True,0.545499,0.025,none,,,False,,33,0,0.136,-0.3154,
33,64,True,0.434246,-0.9112,none,,,False,,33,0,0.1562,-0.3301,
33,29,True,0.238983,-2.5545,cusum,,,True,negative,33,0,0.335,-1.7933,
33,30,True,0.292126,-2.1072,cusum,,,True,negative,33,0,0.335,-2.1373,
33,20,True,0.267146,-2.3174,cusum,,,True,negative,33,0,0.3254,-1.9946,
33,81,True,0.279432,-2.2141,cusum,,,True,negative,33,0,0.2889,-1.7686,
33,58,True,0.281902,-2.1933,none,,,False,,33,0,0.1873,-0.8864,
33,8,True,0.419568,-1.0347,none,,,False,,33,0,0.1814,-0.4862,
33,74,True,0.535356,-0.0603,none,,,False,,33,0,0.1814,-0.3933,
33,80,True,0.401102,-1.1901,none,,,False,,33,0,0.1774,-1.0212,
33,62,True,0.513816,-0.2416,none,,,False,,33,0,0.1768,-0.4241,
33,18,True,0.491287,-0.4312,none,,,False,,33,0,0.1767,-0.4579,
34,84,True,0.811945,1.763,cusum,,,True,positive,34,0,0.2833,3.4793,
34,75,True,1.043064,3.0,none,,,False,,34,0,0.2867,3.297,
34,72,True,0.740891,1.2935,none,,,False,,34,0,0.2867,3.284,
34,26,True,0.501213,-0.2901,cusum,,,True,positive,34,0,0.2928,3.2383,
34,55,True,0.677449,0.8744,none,,,False,,34,0,0.2886,2.6507,
34,22,True,0.754744,1.3851,none,,,False,,34,0,0.2789,2.5091,
34,9,True,0.497697,-0.3133,cusum,,,True,positive,34,0,0.3274,2.3645,
34,52,True,0.652684,0.7107,none,,,False,,34,0,0.2849,2.2518,
34,21,True,0.645103,0.6606,none,,,False,,34,0,0.2849,2.2369,
34,56,True,0.726784,1.2003,none,,,False,,34,0,0.2849,2.2272,
34,1,True,0.806311,1.7258,none,,,False,,34,0,0.2928,2.0396,
34,14,True,0.588563,0.2871,none,,,False,,34,0,0.2833,1.9886,
34,53,True,0.67237,0.8408,none,,,False,,34,0,0.2833,1.9441,
34,2,True,0.472053,-0.4827,none,,,False,,34,0,0.2849,1.8363,
34,95,True,0.62707,0.5415,none,,,False,,34,0,0.2817,1.8128,
34,24,True,0.785844,1.5905,none,,,False,,34,0,0.2928,1.7561,
34,96,True,0.741885,1.3001,none,,,False,,34,0,0.2886,0.9374,
34,90,True,0.55437,0.0611,none,,,False,,34,0,0.0817,0.4274,
34,91,True,0.711733,1.1009,none,,,False,,34,0,0.0803,0.426,
34,40,True,0.602704,0.3805,none,,,False,,34,0,0.2849,0.3377,
34,59,True,0.549409,0.0284,none,,,False,,34,0,0.1011,0.3257,
34,61,True,0.647143,0.6741,none,,,False,,34,0,0.0906,0.2918,
34,85,True,0.546552,0.0095,none,,,False,,34,0,0.0833,0.2873,
34,86,True,0.411459,-0.8831,none,,,False,,34,0,0.1096,0.2497,
34,73,True,0.650515,0.6964,none,,,False,,34,0,0.0833,0.1571,
34,35,True,0.534065,-0.073,none,,,False,,34,0,0.0928,0.1249,
34,0,True,0.529428,-0.1037,none,,,False,,34,0,0.0906,0.123,
34,70,True,0.535244,-0.0652,none,,,False,,34,0,0.0886,0.0935,
34,15,True,0.511897,-0.2195,none,,,False,,34,0,0.0928,0.0758,
34,66,True,0.312202,-1.5389,none,,,False,,34,0,0.0928,0.0339,
34,68,True,0.543904,-0.008,none,,,False,,34,0,0.0906,0.0191,
34,25,True,0.433748,-0.7358,none,,,False,,34,0,0.0906,-0.0516,
34,38,True,0.56497,0.1312,none,,,False,,34,0,0.1011,-0.1367,
34,74,True,0.536644,-0.056,none,,,False,,34,0,0.1011,-0.1398,
34,12,True,0.501378,-0.289,none,,,False,,34,0,0.1183,-0.1826,
34,50,True,0.558832,0.0906,none,,,False,,34,0,0.0886,-0.2832,
34,67,True,0.519932,-0.1664,none,,,False,,34,0,0.0867,-0.3014,
34,33,True,0.546328,0.008,none,,,False,,34,0,0.0833,-0.3281,
34,92,True,0.519007,-0.1725,none,,,False,,34,0,0.1009,-0.3417,
34,44,True,0.565538,0.1349,none,,,False,,34,0,0.0886,-0.3511,
34,58,True,0.064357,-3.0,cusum,,,True,negative,34,0,0.3466,-1.7186,
34,29,True,0.237272,-2.034,none,,,False,,34,0,0.3274,-2.2592,
34,30,True,0.27588,-1.7789,none,,,False,,34,0,0.3274,-2.1988,
34,20,True,0.294297,-1.6572,none,,,False,,34,0,0.3183,-2.3561,
34,81,True,0.384972,-1.0581,none,,,False,,34,0,0.2867,-2.0985,
34,3,True,0.442975,-0.6749,none,,,False,,34,0,0.1834,-0.5611,
34,77,True,0.246618,-1.9722,none,,,False,,34,0,0.1834,-1.5569,
34,51,True,0.405698,-0.9212,none,,,False,,34,0,0.1801,-0.6563,
34,83,True,0.543846,-0.0084,none,,,False,,34,0,0.1788,-0.598,
34,17,True,0.262347,-1.8683,none,,,False,,34,0,0.178,-0.9647,
35,75,True,0.974737,2.8234,cusum,,,True,positive,35,0,0.2846,3.4727,
35,84,True,0.858435,2.0205,none,,,False,,35,0,0.2814,3.4053,
35,72,True,1.154664,3.0,cusum,,,True,positive,35,0,0.2846,3.1142,
35,26,True,0.593708,0.1929,none,,,False,,35,0,0.2903,2.7791,
35,55,True,0.770422,1.4129,cusum,,,True,positive,35,0,0.2864,2.6306,
35,56,True,0.605259,0.2726,cusum,,,True,positive,35,0,0.283,2.5379,
35,1,True,0.673162,0.7414,cusum,,,True,positive,35,0,0.2903,2.384,
35,22,True,0.757038,1.3205,none,,,False,,35,0,0.2774,2.3816,
35,52,True,0.660817,0.6562,none,,,False,,35,0,0.283,2.1629,
35,21,True,0.602146,0.2511,cusum,,,True,positive,35,0,0.283,2.1406,
35,24,True,0.615445,0.343,none,,,False,,35,0,0.2903,2.0612,
35,96,True,0.667971,0.7056,cusum,,,True,positive,35,0,0.2864,2.0547,
35,9,True,0.641917,0.5257,none,,,False,,35,0,0.3204,2.0086,
35,95,True,0.679358,0.7842,none,,,False,,35,0,0.28,2.0085,
35,14,True,0.638142,0.4997,none,,,False,,35,0,0.2814,1.9869,
35,53,True,0.791398,1.5577,none,,,False,,35,0,0.2814,1.7446,
35,2,True,0.615959,0.3465,none,,,False,,35,0,0.283,1.5283,
35,91,True,0.666118,0.6928,none,,,False,,35,0,0.0786,0.5818,
35,59,True,0.570998,0.0361,none,,,False,,35,0,0.0954,0.4987,
35,90,True,0.575853,0.0696,none,,,False,,35,0,0.08,0.4555,
35,73,True,0.630014,0.4435,none,,,False,,35,0,0.0814,0.4161,
35,61,True,0.487493,-0.5404,none,,,False,,35,0,0.0883,0.4086,
35,68,True,0.447054,-0.8195,none,,,False,,35,0,0.0883,0.3226,
35,40,True,0.565431,-0.0023,none,,,False,,35,0,0.283,0.309,
35,15,True,0.489057,-0.5296,none,,,False,,35,0,0.0903,0.2948,
35,70,True,0.471292,-0.6522,none,,,False,,35,0,0.0864,0.177,
35,85,True,0.583581,0.123,none,,,False,,35,0,0.0814,0.1767,
35,35,True,0.568872,0.0214,none,,,False,,35,0,0.0903,0.1392,
35,74,True,0.540075,-0.1774,none,,,False,,35,0,0.0954,0.078,
35,12,True,0.4613,-0.7212,none,,,False,,35,0,0.1118,-0.0651,
35,92,True,0.478541,-0.6022,none,,,False,,35,0,0.0883,-0.0776,
35,86,True,0.57379,0.0554,none,,,False,,35,0,0.1035,-0.1104,
35,38,True,0.373913,-1.3245,none,,,False,,35,0,0.0954,-0.1236,
35,0,True,0.55364,-0.0837,none,,,False,,35,0,0.0883,-0.1428,
35,44,True,0.566102,0.0023,none,,,False,,35,0,0.0864,-0.1558,
35,66,True,0.17436,-2.7021,none,,,False,,35,0,0.0903,-0.1675,
35,33,True,0.546439,-0.1334,none,,,False,,35,0,0.0814,-0.1758,
35,25,True,0.504865,-0.4204,none,,,False,,35,0,0.0883,-0.2175,
35,50,True,0.486735,-0.5456,none,,,False,,35,0,0.0864,-0.3189,
35,58,True,0.353015,-1.4688,none,,,False,,35,0,0.3385,-2.5132,
35,17,True,0.274877,-2.0082,cusum,,,True,negative,35,0,0.3293,-1.6882,
35,29,True,0.306885,-1.7872,cusum,,,True,negative,35,0,0.3204,-2.4678,
35,30,True,0.140811,-2.9337,cusum,,,True,negative,35,0,0.3204,-2.1543,
35,20,True,0.262422,-2.0942,cusum,,,True,negative,35,0,0.3118,-2.3425,
35,51,True,0.139925,-2.9399,cusum,,,True,negative,35,0,0.3118,-1.3728,
35,77,True,0.245547,-2.2107,cusum,,,True,negative,35,0,0.2954,-2.0141,
35,81,True,0.430562,-0.9334,cusum,,,True,negative,35,0,0.2846,-1.9466,
35,32,True,0.42533,-0.9695,none,,,False,,35,0,0.1885,-0.7676,
35,57,True,0.448922,-0.8067,none,,,False,,35,0,0.1885,-0.5081,
35,16,True,0.423038,-0.9853,none,,,False,,35,0,0.1882,-0.5618,
36,75,True,0.733594,1.0545,none,,,False,,36,0,0.2827,3.9004,
36,84,True,0.783498,1.3217,cusum,,,True,positive,36,0,0.2797,3.3612,
36,72,True,0.951724,2.2226,none,,,False,,36,0,0.2827,3.141,
36,55,True,0.726565,1.0168,none,,,False,,36,0,0.2843,2.7191,
36,1,True,0.749176,1.1379,none,,,False,,36,0,0.288,2.5306,
36,22,True,0.651084,0.6127,cusum,,,True,positive,36,0,0.2759,2.3416,
36,56,True,0.655105,0.6342,none,,,False,,36,0,0.2812,2.2746,
36,53,True,0.359509,-0.9487,cusum,,,True,positive,36,0,0.2797,2.1264,
36,26,True,0.818466,1.509,none,,,False,,36,0,0.288,2.0794,
36,96,True,0.534432,-0.012,none,,,False,,36,0,0.2843,2.0716,
36,52,True,0.45594,-0.4323,none,,,False,,36,0,0.2812,1.9859,
36,21,True,0.572133,0.1899,none,,,False,,36,0,0.2812,1.8252,
36,9,True,0.719161,0.9772,none,,,False,,36,0,0.3139,1.6942,
36,91,True,0.702466,0.8878,cusum,,,True,positive,36,0,0.2771,1.6858,
36,14,True,0.67306,0.7303,none,,,False,,36,0,0.2797,1.585,
36,95,True,0.697222,0.8597,none,,,False,,36,0,0.2784,1.166,
36,24,True,0.793338,1.3744,none,,,False,,36,0,0.288,1.1563,
36,73,True,0.629645,0.4978,none,,,False,,36,0,0.0797,0.6975,
36,59,True,0.577471,0.2185,none,,,False,,36,0,0.09,0.441,
36,61,True,0.673327,0.7318,none,,,False,,36,0,0.0861,0.3245,
36,90,True,0.497442,-0.2101,none,,,False,,36,0,0.0784,0.2429,
36,85,True,0.568189,0.1688,none,,,False,,36,0,0.0797,0.2315,
36,2,True,0.680341,0.7693,none,,,False,,36,0,0.2812,0.2062,
36,40,True,0.550927,0.0763,none,,,False,,36,0,0.2812,0.1574,
36,15,True,0.435053,-0.5442,none,,,False,,36,0,0.088,0.1472,
36,35,True,0.503609,-0.1771,none,,,False,,36,0,0.088,0.0832,
36,74,True,0.597591,0.3262,none,,,False,,36,0,0.09,0.0168,
36,86,True,0.582952,0.2478,none,,,False,,36,0,0.0978,0.0121,
36,44,True,0.47455,-0.3327,none,,,False,,36,0,0.0843,-0.0411,
36,33,True,0.527092,-0.0513,none,,,False,,36,0,0.0797,-0.0793,
36,50,True,0.407022,-0.6943,none,,,False,,36,0,0.0843,-0.0854,
36,0,True,0.511964,-0.1323,none,,,False,,36,0,0.0861,-0.0963,
36,68,True,0.541435,0.0255,none,,,False,,36,0,0.0861,-0.1802,
36,70,True,0.490324,-0.2482,none,,,False,,36,0,0.0843,-0.1846,
36,12,True,0.5238,-0.0689,none,,,False,,36,0,0.1057,-0.2071,
36,92,True,0.538917,0.012,none,,,False,,36,0,0.0861,-0.2908,
36,67,True,0.494199,-0.2274,none,,,False,,36,0,0.0941,-0.3369,
36,60,True,0.412406,-0.6654,none,,,False,,36,0,0.1153,-0.3518,
36,88,True,0.381566,-0.8306,none,,,False,,36,0,0.1252,-0.3559,
36,58,True,0.485383,-0.2747,cusum,,,True,negative,36,0,0.331,-2.587,
36,17,True,0.328195,-1.1164,none,,,False,,36,0,0.3223,-2.1465,
36,29,True,0.182666,-1.8957,none,,,False,,36,0,0.3139,-2.5002,
36,30,True,0.272941,-1.4123,none,,,False,,36,0,0.3139,-2.6483,
36,20,True,0.216549,-1.7142,none,,,False,,36,0,0.3057,-2.4017,
36,51,True,0.364338,-0.9228,none,,,False,,36,0,0.3057,-2.4279,
36,77,True,0.231813,-1.6325,none,,,False,,36,0,0.29,-2.273,
36,66,True,0.653489,0.6255,cusum,,,True,negative,36,0,0.288,-1.8284,
36,81,True,0.397932,-0.7429,none,,,False,,36,0,0.2827,-1.7976,
36,7,True,0.272386,-1.4152,none,,,False,,36,0,0.195,-0.6247,
36,45,True,0.409027,-0.6835,none,,,False,,36,0,0.195,-1.6319,
37,75,True,0.65073,0.6429,cusum,,,True,positive,37,0,0.2809,3.3947,
37,72,True,1.078349,3.0,cusum,,,True,positive,37,0,0.2809,3.2741,
37,84,True,0.891283,2.3338,none,,,False,,37,0,0.2781,2.7998,
37,1,True,0.692131,0.9339,none,,,False,,37,0,0.2858,2.3108,
37,24,True,0.563166,0.0273,cusum,,,True,positive,37,0,0.2858,2.2117,
37,55,True,0.77764,1.535,none,,,False,,37,0,0.2824,2.2056,
37,22,True,0.887528,2.3074,none,,,False,,37,0,0.2745,2.1989,
37,91,True,0.63691,0.5457,none,,,False,,37,0,0.2756,1.9883,
37,95,True,0.714366,1.0902,cusum,,,True,positive,37,0,0.2768,1.8247,
37,56,True,0.575791,0.1161,none,,,False,,37,0,0.2795,1.8024,
37,96,True,0.663537,0.7329,none,,,False,,37,0,0.2824,1.7688,
37,14,True,0.600735,0.2914,none,,,False,,37,0,0.2781,1.6037,
37,53,True,0.680452,0.8518,none,,,False,,37,0,0.2781,1.5813,
37,26,True,0.694571,0.951,none,,,False,,37,0,0.2858,1.5797,
37,9,True,0.741911,1.2838,none,,,False,,37,0,0.3079,1.5178,
37,21,True,0.724649,1.1625,none,,,False,,37,0,0.2795,1.4672,
37,52,True,0.633213,0.5197,none,,,False,,37,0,0.2795,1.4115,
37,73,True,0.480744,-0.5521,none,,,False,,37,0,0.0781,0.644,
37,61,True,0.601475,0.2966,none,,,False,,37,0,0.0841,0.3951,
37,2,True,0.660439,0.7111,none,,,False,,37,0,0.2795,0.311,
37,40,True,0.488974,-0.4942,none,,,False,,37,0,0.0795,0.2515,
37,59,True,0.618493,0.4162,none,,,False,,37,0,0.0877,0.2061,
37,85,True,0.494894,-0.4526,none,,,False,,37,0,0.0781,0.1985,
37,74,True,0.548509,-0.0757,none,,,False,,37,0,0.0877,0.1428,
37,90,True,0.581099,0.1534,none,,,False,,37,0,0.0768,0.0698,
37,33,True,0.492293,-0.4709,none,,,False,,37,0,0.0781,0.0391,
37,44,True,0.58682,0.1936,none,,,False,,37,0,0.0824,0.0391,
37,35,True,0.601025,0.2935,none,,,False,,37,0,0.0858,0.0329,
37,0,True,0.558302,-0.0069,none,,,False,,37,0,0.0841,0.0,
37,86,True,0.556761,-0.0177,none,,,False,,37,0,0.0925,-0.0786,
37,92,True,0.514284,-0.3163,none,,,False,,37,0,0.0841,-0.1476,
37,68,True,0.458829,-0.7061,none,,,False,,37,0,0.0841,-0.1608,
37,67,True,0.34303,-1.5201,none,,,False,,37,0,0.0824,-0.1699,
37,70,True,0.560256,0.0069,none,,,False,,37,0,0.0824,-0.2176,
37,12,True,0.555834,-0.0242,none,,,False,,37,0,0.1001,-0.2419,
37,50,True,0.552634,-0.0467,none,,,False,,37,0,0.0824,-0.2788,
37,15,True,0.280815,-1.9575,none,,,False,,37,0,0.0858,-0.322,
37,6,True,0.637282,0.5483,none,,,False,,37,0,0.18,-0.3566,
37,25,True,0.545494,-0.0969,none,,,False,,37,0,0.0953,-0.3762,
37,58,True,0.243502,-2.2198,none,,,False,,37,0,0.3242,-1.952,
37,17,True,0.297006,-1.8437,cusum,,,True,negative,37,0,0.3159,-2.0393,
37,29,True,0.321517,-1.6714,cusum,,,True,negative,37,0,0.3079,-2.2844,
37,30,True,0.153608,-2.8517,cusum,,,True,negative,37,0,0.3079,-2.4204,
37,20,True,0.263968,-2.0759,cusum,,,True,negative,37,0,0.3001,-2.204,
37,51,True,0.419019,-0.986,cusum,,,True,negative,37,0,0.3001,-1.9768,
37,77,True,0.219632,-2.3876,cusum,,,True,negative,37,0,0.2877,-2.3267,
37,66,True,0.520697,-0.2712,none,,,False,,37,0,0.2858,-1.5961,
37,81,True,0.387922,-1.2046,none,,,False,,37,0,0.2809,-1.3094,
37,87,True,0.278145,-1.9763,none,,,False,,37,0,0.2041,-0.4388,
37,98,True,0.239436,-2.2484,none,,,False,,37,0,0.2041,-1.1858,
38,72,True,0.967746,2.8672,none,,,False,,38,0,0.2792,3.8409,
38,84,True,0.71569,1.2857,cusum,,,True,positive,38,0,0.2766,2.9882,
38,75,True,0.958582,2.8097,none,,,False,,38,0,0.2792,2.6069,
38,22,True,0.787392,1.7356,none,,,False,,38,0,0.2731,2.5048,
38,55,True,0.82261,1.9566,cusum,,,True,positive,38,0,0.2807,2.4236,
38,9,True,0.487208,-0.148,none,,,False,,38,0,0.3022,2.0468,
38,1,True,0.675137,1.0312,none,,,False,,38,0,0.2838,2.0443,
38,95,True,0.705463,1.2215,none,,,False,,38,0,0.2754,2.0059,
38,26,True,0.768502,1.617,none,,,False,,38,0,0.2838,1.9909,
38,91,True,0.482218,-0.1793,none,,,False,,38,0,0.2742,1.8016,
38,24,True,0.711432,1.259,none,,,False,,38,0,0.2838,1.6882,
38,21,True,0.679084,1.056,none,,,False,,38,0,0.2779,1.6326,
38,53,True,0.728147,1.3638,none,,,False,,38,0,0.2766,1.5831,
38,96,True,0.683822,1.0857,none,,,False,,38,0,0.2807,1.5775,
38,56,True,0.57232,0.3861,none,,,False,,38,0,0.2779,1.439,
38,2,True,0.640355,0.813,none,,,False,,38,0,0.2779,0.707,
38,14,True,0.622498,0.7009,none,,,False,,38,0,0.2766,0.6034,
38,52,True,0.59305,0.5162,none,,,False,,38,0,0.2779,0.3459,
38,59,True,0.590144,0.4979,none,,,False,,38,0,0.0856,0.3327,
38,61,True,0.633449,0.7696,none,,,False,,38,0,0.0822,0.2669,
38,73,True,0.449043,-0.3874,none,,,False,,38,0,0.0766,0.226,
38,86,True,0.421313,-0.5614,none,,,False,,38,0,0.0875,0.207,
38,35,True,0.557524,0.2932,none,,,False,,38,0,0.0838,0.1525,
38,74,True,0.508902,-0.0118,none,,,False,,38,0,0.0856,0.1335,
38,6,True,0.614069,0.648,none,,,False,,38,0,0.1259,0.1238,
38,90,True,0.449982,-0.3815,none,,,False,,38,0,0.0754,0.0988,
38,44,True,0.462082,-0.3056,none,,,False,,38,0,0.0807,0.0565,
38,85,True,0.423362,-0.5486,none,,,False,,38,0,0.0766,0.0426,
38,0,True,0.415477,-0.598,none,,,False,,38,0,0.0822,0.03,
38,40,True,0.443271,-0.4236,none,,,False,,38,0,0.0779,-0.042,
38,33,True,0.532361,0.1354,none,,,False,,38,0,0.0766,-0.1223,
38,12,True,0.526228,0.0969,none,,,False,,38,0,0.0948,-0.1567,
38,70,True,0.47139,-0.2472,none,,,False,,38,0,0.0807,-0.1958,
38,92,True,0.512675,0.0118,none,,,False,,38,0,0.0822,-0.1979,
38,25,True,0.465832,-0.2821,none,,,False,,38,0,0.0838,-0.3111,
38,50,True,0.449534,-0.3843,none,,,False,,38,0,0.0807,-0.3268,
38,83,True,0.517631,0.0429,none,,,False,,38,0,0.1535,-0.3793,
38,11,True,0.519117,0.0523,none,,,False,,38,0,0.1316,-0.3883,
38,41,True,0.459382,-0.3225,none,,,False,,38,0,0.1483,-0.3954,
38,58,True,0.464305,-0.2917,none,,,False,,38,0,0.3178,-1.6961,
38,17,True,0.276853,-1.4678,none,,,False,,38,0,0.3099,-2.0348,
38,29,True,0.342504,-1.0559,none,,,False,,38,0,0.3022,-2.1669,
38,30,True,0.099406,-2.5813,none,,,False,,38,0,0.3022,-2.7814,
38,20,True,0.234618,-1.7329,none,,,False,,38,0,0.2948,-2.3467,
38,51,True,0.360785,-0.9412,none,,,False,,38,0,0.2948,-2.0015,
38,87,True,0.217887,-1.8378,cusum,,,True,negative,38,0,0.2948,-1.4004,
38,98,True,0.208515,-1.8966,cusum,,,True,negative,38,0,0.2948,-1.8728,
38,77,True,0.230745,-1.7572,none,,,False,,38,0,0.2856,-2.4678,
38,66,True,0.295125,-1.3532,none,,,False,,38,0,0.2838,-1.176,
38,81,True,0.352561,-0.9928,none,,,False,,38,0,0.2792,-1.3603,
39,72,True,0.859867,1.9203,cusum,,,True,positive,39,0,0.2776,3.7946,
39,84,True,0.847288,1.8448,none,,,False,,39,0,0.2751,2.7416,
39,22,True,0.769609,1.3785,cusum,,,True,positive,39,0,0.2718,2.6417,
39,55,True,0.611996,0.4325,none,,,False,,39,0,0.279,2.6028,
39,75,True,0.905585,2.1947,cusum,,,True,positive,39,0,0.2776,2.6004,
39,26,True,0.698589,0.9522,cusum,,,True,positive,39,0,0.282,2.4633,
39,95,True,0.656809,0.7015,none,,,False,,39,0,0.274,2.15,
39,1,True,0.672562,0.796,cusum,,,True,positive,39,0,0.282,2.1386,
39,24,True,0.714893,1.0501,none,,,False,,39,0,0.282,1.9912,
39,21,True,0.704377,0.987,none,,,False,,39,0,0.2763,1.899,
39,96,True,0.557623,0.1061,none,,,False,,39,0,0.279,1.7022,
39,53,True,0.644866,0.6298,none,,,False,,39,0,0.2751,1.5168,
39,91,True,0.734333,1.1668,none,,,False,,39,0,0.2729,1.5094,
39,56,True,0.654755,0.6891,none,,,False,,39,0,0.2763,1.475,
39,2,True,0.5363,-0.0218,none,,,False,,39,0,0.2763,0.8607,
39,9,True,0.710083,1.0212,none,,,False,,39,0,0.297,0.8191,
39,61,True,0.591987,0.3124,none,,,False,,39,0,0.0804,0.7014,
39,14,True,0.606205,0.3977,none,,,False,,39,0,0.2751,0.6687,
39,6,True,0.55796,0.1082,none,,,False,,39,0,0.1196,0.535,
39,59,True,0.516068,-0.1433,none,,,False,,39,0,0.0836,0.4841,
39,52,True,0.697603,0.9463,none,,,False,,39,0,0.2763,0.2974,
39,35,True,0.567928,0.168,none,,,False,,39,0,0.082,0.2408,
39,74,True,0.518942,-0.126,none,,,False,,39,0,0.0836,0.1862,
39,12,True,0.537926,-0.0121,none,,,False,,39,0,0.0898,0.113,
39,92,True,0.13712,-2.4178,none,,,False,,39,0,0.0804,0.0046,
39,86,True,0.498877,-0.2465,none,,,False,,39,0,0.0854,-0.0013,
39,33,True,0.552801,0.0772,none,,,False,,39,0,0.0751,-0.0345,
39,44,True,0.468465,-0.429,none,,,False,,39,0,0.079,-0.0482,
39,73,True,0.625831,0.5155,none,,,False,,39,0,0.0751,-0.0527,
39,90,True,0.558464,0.1112,none,,,False,,39,0,0.074,-0.0532,
39,70,True,0.490916,-0.2942,none,,,False,,39,0,0.079,-0.0628,
39,83,True,0.440607,-0.5962,none,,,False,,39,0,0.1196,-0.12,
39,0,True,0.43686,-0.6187,none,,,False,,39,0,0.0804,-0.1437,
39,25,True,0.497071,-0.2573,none,,,False,,39,0,0.082,-0.1622,
39,85,True,0.422855,-0.7027,none,,,False,,39,0,0.0751,-0.183,
39,40,True,0.505043,-0.2094,none,,,False,,39,0,0.0763,-0.1843,
39,41,True,0.471645,-0.4099,none,,,False,,39,0,0.097,-0.2457,
39,50,True,0.346238,-1.1626,none,,,False,,39,0,0.079,-0.2751,
39,11,True,0.54195,0.0121,none,,,False,,39,0,0.0836,-0.3238,
39,58,True,0.398289,-0.8502,none,,,False,,39,0,0.3118,-1.3074,
39,17,True,0.260897,-1.6748,cusum,,,True,negative,39,0,0.3043,-1.8581,
39,29,True,0.371965,-1.0082,none,,,False,,39,0,0.297,-1.9263,
39,30,True,0.225946,-1.8846,cusum,,,True,negative,39,0,0.297,-2.667,
39,20,True,0.053141,-2.9218,cusum,,,True,negative,39,0,0.2898,-2.2292,
39,51,True,0.393048,-0.8817,none,,,False,,39,0,0.2898,-1.3382,
39,87,True,0.25934,-1.6842,none,,,False,,39,0,0.2898,-2.1284,
39,98,True,0.386068,-0.9235,none,,,False,,39,0,0.2898,-2.1778,
39,77,True,0.222121,-1.9076,cusum,,,True,negative,39,0,0.2836,-2.3191,
39,66,True,0.561092,0.127,none,,,False,,39,0,0.282,-0.7287,
39,81,True,0.430005,-0.6598,cusum,,,True,negative,39,0,0.2776,-1.382,
40,72,True,0.948611,2.1007,none,,,False,,40,0,0.2761,3.6921,
40,75,True,0.877411,1.7424,none,,,False,,40,0,0.2761,2.9786,
40,84,True,0.645596,0.5759,cusum,,,True,positive,40,0,0.2737,2.9143,
40,22,True,0.734898,1.0253,none,,,False,,40,0,0.2706,2.8956,
40,55,True,0.798463,1.3452,none,,,False,,40,0,0.2774,2.4061,
40,26,True,0.715009,0.9252,none,,,False,,40,0,0.2802,2.2755,
40,95,True,0.667082,0.6841,none,,,False,,40,0,0.2727,2.0957,
40,53,True,0.527762,-0.017,none,,,False,,40,0,0.2737,2.0413,
40,1,True,0.663282,0.6649,none,,,False,,40,0,0.2802,2.0224,
40,24,True,0.70535,0.8766,none,,,False,,40,0,0.2802,1.8809,
40,91,True,0.484893,-0.2327,none,,,False,,40,0,0.2716,1.6009,
40,21,True,0.675712,0.7275,none,,,False,,40,0,0.2749,1.163,
40,9,True,0.71266,0.9134,none,,,False,,40,0,0.292,0.8308,
40,52,True,0.684363,0.771,none,,,False,,40,0,0.2749,0.7552,
40,96,True,0.717328,0.9369,none,,,False,,40,0,0.2774,0.7396,
40,2,True,0.60115,0.3523,none,,,False,,40,0,0.2749,0.5952,
40,61,True,0.557979,0.135,none,,,False,,40,0,0.0787,0.5596,
40,14,True,0.650906,0.6027,none,,,False,,40,0,0.2737,0.5562,
40,6,True,0.589646,0.2944,none,,,False,,40,0,0.1136,0.5561,
40,56,True,0.674378,0.7208,none,,,False,,40,0,0.2749,0.4916,
40,59,True,0.623985,0.4672,none,,,False,,40,0,0.0817,0.3612,
40,35,True,0.638747,0.5415,none,,,False,,40,0,0.0802,0.3536,
40,12,True,0.540145,0.0453,none,,,False,,40,0,0.0851,0.1293,
40,90,True,0.5249,-0.0314,none,,,False,,40,0,0.0727,0.0523,
40,74,True,0.479751,-0.2586,none,,,False,,40,0,0.0817,0.0331,
40,33,True,0.477389,-0.2705,none,,,False,,40,0,0.0737,0.0067,
40,73,True,0.505994,-0.1265,none,,,False,,40,0,0.0737,-0.0485,
40,11,True,0.521313,-0.0495,none,,,False,,40,0,0.0817,-0.0501,
40,83,True,0.382354,-0.7487,none,,,False,,40,0,0.1136,-0.066,
40,70,True,0.528156,-0.015,none,,,False,,40,0,0.0774,-0.0801,
40,44,True,0.534125,0.015,none,,,False,,40,0,0.0774,-0.0823,
40,25,True,0.54456,0.0675,none,,,False,,40,0,0.0802,-0.11,
40,86,True,0.337554,-0.9741,none,,,False,,40,0,0.0834,-0.1686,
40,41,True,0.510747,-0.1026,none,,,False,,40,0,0.092,-0.2377,
40,40,True,0.571785,0.2045,none,,,False,,40,0,0.0749,-0.2813,
40,0,True,0.382113,-0.7499,none,,,False,,40,0,0.0787,-0.3079,
40,68,True,0.594754,0.3201,none,,,False,,40,0,0.0992,-0.3958,
40,7,True,0.483861,-0.2379,none,,,False,,40,0,0.1253,-0.3961,
40,4,True,0.50286,-0.1423,none,,,False,,40,0,0.1605,-0.3986,
40,58,True,-0.125786,-3.0,none,,,False,,40,0,0.3062,-1.5027,
40,17,True,0.278698,-1.2703,none,,,False,,40,0,0.299,-2.0474,
40,29,True,0.322005,-1.0524,cusum,,,True,negative,40,0,0.292,-1.6334,
40,30,True,0.20601,-1.636,none,,,False,,40,0,0.292,-2.8274,
40,20,True,0.166296,-1.8359,none,,,False,,40,0,0.2851,-2.6344,
40,51,True,0.324886,-1.0379,none,,,False,,40,0,0.2851,-1.3272,
40,87,True,0.242345,-1.4532,cusum,,,True,negative,40,0,0.2851,-2.2236,
40,98,True,0.322326,-1.0507,none,,,False,,40,0,0.2851,-2.0804,
40,77,True,0.238332,-1.4734,none,,,False,,40,0,0.2817,-2.4132,
40,66,True,0.371382,-0.8039,none,,,False,,40,0,0.2802,-0.8971,
40,81,True,0.420177,-0.5584,none,,,False,,40,0,0.2761,-1.3562,
41,72,True,0.836437,2.1777,cusum,,,True,positive,41,0,0.2747,3.3906,
41,75,True,0.719255,1.3794,cusum,,,True,positive,41,0,0.2747,3.3434,
41,22,True,0.739687,1.5186,none,,,False,,41,0,0.2695,2.4668,
41,55,True,0.757468,1.6397,cusum,,,True,positive,41,0,0.2759,2.341,
41,84,True,0.750979,1.5955,none,,,False,,41,0,0.2724,2.3267,
41,26,True,0.779444,1.7894,none,,,False,,41,0,0.2785,2.2648,
41,24,True,0.483674,-0.2257,none,,,False,,41,0,0.2785,2.1619,
41,21,True,0.678836,1.104,cusum,,,True,positive,41,0,0.2735,2.0163,
41,95,True,0.568119,0.3496,none,,,False,,41,0,0.2714,1.9588,
41,1,True,0.511458,-0.0364,none,,,False,,41,0,0.2785,1.9307,
41,52,True,0.723802,1.4103,cusum,,,True,positive,41,0,0.2735,1.8373,
41,9,True,0.732788,1.4716,cusum,,,True,positive,41,0,0.2874,1.7047,
41,96,True,0.699861,1.2472,none,,,False,,41,0,0.2759,0.8058,
41,53,True,0.790922,1.8676,none,,,False,,41,0,0.2724,0.7502,
41,56,True,0.631236,0.7797,none,,,False,,41,0,0.2735,0.6915,
41,14,True,0.600652,0.5713,none,,,False,,41,0,0.2724,0.6584,
41,61,True,0.442236,-0.508,none,,,False,,41,0,0.0772,0.5038,
41,2,True,0.539117,0.1521,none,,,False,,41,0,0.0735,0.474,
41,6,True,0.577845,0.4159,none,,,False,,41,0,0.1081,0.4681,
41,35,True,0.597933,0.5528,none,,,False,,41,0,0.0785,0.4342,
41,59,True,0.553338,0.2489,none,,,False,,41,0,0.08,0.376,
41,91,True,0.614215,0.6637,none,,,False,,41,0,0.2704,0.34,
41,12,True,0.472224,-0.3037,none,,,False,,41,0,0.0832,0.15,
41,11,True,0.393851,-0.8377,none,,,False,,41,0,0.08,0.107,
41,73,True,0.449698,-0.4572,none,,,False,,41,0,0.0724,0.0918,
41,33,True,0.485167,-0.2155,none,,,False,,41,0,0.0724,0.072,
41,90,True,0.533565,0.1142,none,,,False,,41,0,0.0714,-0.0108,
41,68,True,0.535451,0.1271,none,,,False,,41,0,0.08,-0.0181,
41,74,True,0.516479,-0.0022,none,,,False,,41,0,0.08,-0.0301,
41,40,True,0.500716,-0.1096,none,,,False,,41,0,0.0735,-0.05,
41,25,True,0.517119,0.0022,none,,,False,,41,0,0.0785,-0.0573,
41,70,True,0.43566,-0.5528,none,,,False,,41,0,0.0759,-0.0893,
41,44,True,0.484056,-0.2231,none,,,False,,41,0,0.0759,-0.1436,
41,41,True,0.46282,-0.3678,none,,,False,,41,0,0.0874,-0.1692,
41,7,True,0.559573,0.2914,none,,,False,,41,0,0.0941,-0.2503,
41,4,True,0.508903,-0.0538,none,,,False,,41,0,0.08,-0.3016,
41,83,True,0.493658,-0.1577,none,,,False,,41,0,0.1081,-0.3161,
41,46,True,0.594281,0.5279,none,,,False,,41,0,0.2331,-0.3993,
41,18,True,0.378931,-0.9393,none,,,False,,41,0,0.2157,-0.4002,
41,58,True,0.416217,-0.6853,cusum,,,True,negative,41,0,0.301,-1.7659,
41,17,True,0.314659,-1.3772,none,,,False,,41,0,0.2941,-1.8592,
41,29,True,0.354146,-1.1082,none,,,False,,41,0,0.2874,-1.4297,
41,30,True,0.058752,-3.0,cusum,,,True,negative,41,0,0.2874,-2.4249,
41,20,True,0.158994,-2.4378,cusum,,,True,negative,41,0,0.2832,-2.5569,
41,51,True,0.161454,-2.421,cusum,,,True,negative,41,0,0.2832,-1.347,
41,87,True,0.286338,-1.5702,none,,,False,,41,0,0.2832,-2.0518,
41,98,True,0.294054,-1.5176,cusum,,,True,negative,41,0,0.2832,-1.6837,
41,77,True,0.241513,-1.8756,cusum,,,True,negative,41,0,0.28,-2.1106,
41,66,True,0.621959,0.7165,none,,,False,,41,0,0.2785,-0.5767,
41,81,True,0.384951,-0.8983,none,,,False,,41,0,0.2747,-1.1425,
42,72,True,0.925321,2.1392,none,,,False,,42,0,0.2733,3.1591,
42,75,True,0.76722,1.3366,none,,,False,,42,0,0.2733,2.865,
42,84,True,0.65617,0.7729,none,,,False,,42,0,0.2712,2.4285,
42,22,True,0.837859,1.6952,cusum,,,True,positive,42,0,0.2684,2.3932,
42,26,True,0.774761,1.3749,cusum,,,True,positive,42,0,0.277,2.3204,
42,9,True,0.520961,0.0866,none,,,False,,42,0,0.283,2.242,
42,55,True,0.803705,1.5218,none,,,False,,42,0,0.2745,2.2336,
42,52,True,0.673878,0.8628,none,,,False,,42,0,0.2722,2.1338,
42,21,True,0.609075,0.5339,none,,,False,,42,0,0.2722,2.0308,
42,53,True,0.660112,0.7929,cusum,,,True,positive,42,0,0.2712,1.9166,
42,96,True,0.692862,0.9592,cusum,,,True,positive,42,0,0.2745,1.8579,
42,95,True,0.654896,0.7664,cusum,,,True,positive,42,0,0.2702,1.6668,
42,1,True,0.427601,-0.3873,none,,,False,,42,0,0.277,1.5729,
42,56,True,0.64084,0.6951,none,,,False,,42,0,0.2722,0.8211,
42,24,True,0.683602,0.9122,none,,,False,,42,0,0.277,0.6651,
42,91,True,0.659638,0.7905,none,,,False,,42,0,0.2693,0.6196,
42,14,True,0.456952,-0.2383,none,,,False,,42,0,0.2712,0.6137,
42,35,True,0.629688,0.6385,none,,,False,,42,0,0.077,0.5188,
42,6,True,0.577031,0.3712,none,,,False,,42,0,0.1029,0.3875,
42,59,True,0.623665,0.6079,none,,,False,,42,0,0.0783,0.291,
42,2,True,0.613933,0.5585,none,,,False,,42,0,0.0722,0.2521,
42,90,True,0.536829,0.1671,none,,,False,,42,0,0.0702,0.1531,
42,66,True,0.168159,-1.7043,none,,,False,,42,0,0.277,0.1112,
42,61,True,0.580687,0.3898,none,,,False,,42,0,0.0757,0.076,
42,73,True,0.485346,-0.0942,none,,,False,,42,0,0.0712,0.0671,
42,40,True,0.482684,-0.1077,none,,,False,,42,0,0.0722,0.0531,
42,25,True,0.507794,0.0197,none,,,False,,42,0,0.077,0.0355,
42,12,True,0.500017,-0.0197,none,,,False,,42,0,0.0813,0.0141,
42,68,True,0.464776,-0.1986,none,,,False,,42,0,0.0783,0.0137,
42,74,True,0.494639,-0.047,none,,,False,,42,0,0.0783,-0.0289,
42,33,True,0.375089,-0.6539,none,,,False,,42,0,0.0712,-0.0465,
42,46,True,0.449484,-0.2762,none,,,False,,42,0,0.1244,-0.0766,
42,44,True,0.415551,-0.4485,none,,,False,,42,0,0.0745,-0.1179,
42,4,True,0.48053,-0.1187,none,,,False,,42,0,0.0783,-0.174,
42,41,True,0.447334,-0.2872,none,,,False,,42,0,0.083,-0.1868,
42,11,True,0.534554,0.1556,none,,,False,,42,0,0.0783,-0.1917,
42,70,True,0.528357,0.1241,none,,,False,,42,0,0.0745,-0.1929,
42,7,True,0.32866,-0.8896,none,,,False,,42,0,0.0895,-0.3448,
42,83,True,0.54722,0.2199,none,,,False,,42,0,0.1029,-0.3861,
42,58,True,0.233912,-1.3705,none,,,False,,42,0,0.2961,-1.9,
42,17,True,0.270625,-1.1842,cusum,,,True,negative,42,0,0.2895,-1.8317,
42,29,True,0.20025,-1.5414,none,,,False,,42,0,0.283,-1.4496,
42,30,True,0.23653,-1.3572,none,,,False,,42,0,0.283,-2.567,
42,20,True,0.269377,-1.1905,none,,,False,,42,0,0.2813,-2.7942,
42,51,True,0.35161,-0.7731,none,,,False,,42,0,0.2813,-1.8426,
42,87,True,0.219649,-1.4429,none,,,False,,42,0,0.2813,-1.9649,
42,98,True,0.291759,-1.0769,none,,,False,,42,0,0.2813,-1.5597,
42,77,True,0.253367,-1.2718,none,,,False,,42,0,0.2783,-2.1522,
42,81,True,0.416354,-0.4444,none,,,False,,42,0,0.2733,-1.1126,
42,31,True,0.288554,-1.0931,none,,,False,,42,0,0.2404,-1.2165,
43,72,True,0.740155,1.1229,cusum,,,True,positive,43,0,0.272,3.2305,
43,55,True,0.753659,1.1904,cusum,,,True,positive,43,0,0.2731,2.5951,
43,75,True,0.801084,1.4272,none,,,False,,43,0,0.272,2.5774,
43,22,True,0.723149,1.038,none,,,False,,43,0,0.2673,2.4975,
43,26,True,0.753469,1.1894,none,,,False,,43,0,0.2755,2.4594,
43,96,True,0.718246,1.0135,none,,,False,,43,0,0.2731,2.1406,
43,52,True,0.629738,0.5716,none,,,False,,43,0,0.271,2.1045,
43,84,True,0.663157,0.7384,none,,,False,,43,0,0.27,2.0698,
43,53,True,0.646304,0.6543,none,,,False,,43,0,0.27,1.9696,
43,9,True,0.704756,0.9462,none,,,False,,43,0,0.2811,1.9281,
43,21,True,0.639322,0.6194,none,,,False,,43,0,0.271,1.8782,
43,95,True,0.605091,0.4485,none,,,False,,43,0,0.2691,1.6871,
43,1,True,0.701834,0.9316,none,,,False,,43,0,0.2755,1.1766,
43,56,True,0.664821,0.7467,none,,,False,,43,0,0.271,0.8216,
43,35,True,0.449692,-0.3275,none,,,False,,43,0,0.0755,0.6738,
43,24,True,0.725951,1.052,none,,,False,,43,0,0.2755,0.6173,
43,59,True,0.503119,-0.0607,none,,,False,,43,0,0.0768,0.5394,
43,91,True,0.642464,0.6351,none,,,False,,43,0,0.2682,0.4929,
43,6,True,0.363669,-0.757,none,,,False,,43,0,0.098,0.4723,
43,2,True,0.548181,0.1643,none,,,False,,43,0,0.071,0.4441,
43,14,True,0.615116,0.4985,none,,,False,,43,0,0.07,0.4003,
43,68,True,0.47963,-0.178,none,,,False,,43,0,0.0768,0.1809,
43,90,True,0.507003,-0.0413,none,,,False,,43,0,0.0691,0.1704,
43,25,True,0.475656,-0.1978,none,,,False,,43,0,0.0755,0.126,
43,61,True,0.627889,0.5623,none,,,False,,43,0,0.0743,0.1001,
43,40,True,0.569517,0.2709,none,,,False,,43,0,0.071,0.0855,
43,12,True,0.503646,-0.0581,none,,,False,,43,0,0.0796,0.0094,
43,74,True,0.514512,-0.0038,none,,,False,,43,0,0.0768,-0.0045,
43,4,True,0.490427,-0.1241,none,,,False,,43,0,0.0768,-0.0069,
43,70,True,0.528607,0.0666,none,,,False,,43,0,0.0731,-0.0551,
43,83,True,0.377671,-0.6871,none,,,False,,43,0,0.098,-0.117,
43,44,True,0.461503,-0.2685,none,,,False,,43,0,0.0731,-0.126,
43,73,True,0.647823,0.6619,none,,,False,,43,0,0.07,-0.1376,
43,11,True,0.514219,-0.0053,none,,,False,,43,0,0.0768,-0.1458,
43,41,True,0.34925,-0.829,none,,,False,,43,0,0.0811,-0.1483,
43,46,True,0.533004,0.0885,none,,,False,,43,0,0.1186,-0.1692,
43,7,True,0.13227,-1.9125,none,,,False,,43,0,0.0851,-0.1721,
43,33,True,0.516037,0.0038,none,,,False,,43,0,0.07,-0.2916,
43,78,True,0.371971,-0.7156,none,,,False,,43,0,0.2471,-0.4167,
43,58,True,0.270691,-1.2213,none,,,False,,43,0,0.2915,-2.0762,
43,17,True,0.284069,-1.1545,none,,,False,,43,0,0.2851,-1.6706,
43,29,True,0.317799,-0.9861,cusum,,,True,negative,43,0,0.2811,-1.6297,
43,30,True,0.249665,-1.3263,cusum,,,True,negative,43,0,0.2811,-2.3935,
43,20,True,0.195791,-1.5953,cusum,,,True,negative,43,0,0.2796,-2.2193,
43,51,True,0.370667,-0.7221,cusum,,,True,negative,43,0,0.2796,-1.8086,
43,87,True,0.286007,-1.1448,cusum,,,True,negative,43,0,0.2796,-1.8867,
43,98,True,0.405205,-0.5496,none,,,False,,43,0,0.2796,-1.613,
43,77,True,0.230612,-1.4214,cusum,,,True,negative,43,0,0.2768,-1.9422,
43,66,True,0.664778,0.7465,none,,,False,,43,0,0.2755,-0.501,
43,81,True,0.410437,-0.5235,none,,,False,,43,0,0.272,-1.0424,
44,72,True,0.877565,2.5168,none,,,False,,44,0,0.2708,2.9031,
44,26,True,0.635409,0.8175,none,,,False,,44,0,0.2741,2.5457,
44,55,True,0.790564,1.9063,none,,,False,,44,0,0.2719,2.5419,
44,22,True,0.812854,2.0627,none,,,False,,44,0,0.2663,2.5006,
44,75,True,0.76499,1.7268,cusum,,,True,positive,44,0,0.2708,2.4708,
44,53,True,0.67903,1.1236,none,,,False,,44,0,0.2689,2.192,
44,96,True,0.554172,0.2475,none,,,False,,44,0,0.2719,2.1646,
44,84,True,0.802325,1.9888,none,,,False,,44,0,0.2689,2.1227,
44,52,True,0.664415,1.0211,none,,,False,,44,0,0.2698,2.0366,
44,9,True,0.575037,0.3939,none,,,False,,44,0,0.2794,1.9368,
44,21,True,0.686981,1.1794,none,,,False,,44,0,0.2698,1.8408,
44,24,True,0.676447,1.1055,cusum,,,True,positive,44,0,0.2741,1.674,
44,95,True,0.615378,0.677,none,,,False,,44,0,0.268,1.6073,
44,56,True,0.507027,-0.0833,none,,,False,,44,0,0.2698,0.8289,
44,91,True,0.673504,1.0849,none,,,False,,44,0,0.2671,0.781,
44,35,True,0.611943,0.6529,none,,,False,,44,0,0.0741,0.3824,
44,2,True,0.614977,0.6742,none,,,False,,44,0,0.0698,0.38,
44,14,True,0.615071,0.6748,none,,,False,,44,0,0.0689,0.3642,
44,59,True,0.554747,0.2515,none,,,False,,44,0,0.0753,0.3616,
44,1,True,0.654288,0.95,none,,,False,,44,0,0.2741,0.2638,
44,61,True,0.604061,0.5976,none,,,False,,44,0,0.0729,0.2409,
44,46,True,0.513106,-0.0407,none,,,False,,44,0,0.1132,0.2312,
44,90,True,0.51414,-0.0334,none,,,False,,44,0,0.068,0.1658,
44,73,True,0.436224,-0.5802,none,,,False,,44,0,0.0689,0.1239,
44,6,True,0.533761,0.1042,none,,,False,,44,0,0.0934,0.1191,
44,40,True,0.564177,0.3177,none,,,False,,44,0,0.0698,0.1062,
44,74,True,0.516469,-0.0171,none,,,False,,44,0,0.0753,0.0786,
44,25,True,0.502671,-0.1139,none,,,False,,44,0,0.0741,0.0359,
44,66,True,0.597474,0.5513,none,,,False,,44,0,0.2741,0.0141,
44,68,True,0.500094,-0.132,none,,,False,,44,0,0.0753,0.013,
44,4,True,0.509004,-0.0695,none,,,False,,44,0,0.0753,-0.0026,
44,12,True,0.483113,-0.2512,none,,,False,,44,0,0.078,-0.0272,
44,70,True,0.471134,-0.3352,none,,,False,,44,0,0.0719,-0.0294,
44,83,True,0.520588,0.0118,none,,,False,,44,0,0.0934,-0.0992,
44,11,True,0.075089,-3.0,none,,,False,,44,0,0.0753,-0.1329,
44,33,True,0.48024,-0.2713,none,,,False,,44,0,0.0689,-0.2015,
44,44,True,0.517222,-0.0118,none,,,False,,44,0,0.0719,-0.2221,
44,41,True,0.482149,-0.2579,none,,,False,,44,0,0.0794,-0.3926,
44,50,True,0.534912,0.1123,none,,,False,,44,0,0.1084,-0.4332,
44,58,True,0.311326,-1.4566,none,,,False,,44,0,0.2871,-1.4858,
44,7,True,0.489976,-0.203,cusum,,,True,negative,44,0,0.2809,-1.2326,
44,17,True,0.310779,-1.4605,none,,,False,,44,0,0.2809,-1.6344,
44,29,True,0.251967,-1.8732,none,,,False,,44,0,0.2794,-1.6098,
44,30,True,0.260676,-1.8121,none,,,False,,44,0,0.2794,-2.2924,
44,20,True,0.27745,-1.6943,none,,,False,,44,0,0.278,-2.1412,
44,51,True,0.348906,-1.1929,none,,,False,,44,0,0.278,-1.7054,
44,87,True,0.250372,-1.8844,none,,,False,,44,0,0.278,-1.786,
44,98,True,0.234629,-1.9948,none,,,False,,44,0,0.278,-1.448,
44,77,True,0.25623,-1.8433,none,,,False,,44,0,0.2753,-1.9267,
44,81,True,0.304365,-1.5055,none,,,False,,44,0,0.2708,-0.5323,
45,72,True,0.846826,1.6688,cusum,,,True,positive,45,0,0.2696,3.0147,
45,22,True,0.783741,1.348,cusum,,,True,positive,45,0,0.2653,2.6808,
45,55,True,0.802597,1.4439,none,,,False,,45,0,0.2706,2.6293,
45,75,True,0.937319,2.129,none,,,False,,45,0,0.2696,2.5853,
45,84,True,0.743185,1.1417,cusum,,,True,positive,45,0,0.2678,2.2525,
45,26,True,0.777397,1.3157,none,,,False,,45,0,0.2728,2.2201,
45,24,True,0.556491,0.1922,none,,,False,,45,0,0.2728,2.1161,
45,53,True,0.691834,0.8806,none,,,False,,45,0,0.2678,1.9427,
45,91,True,0.678217,0.8113,cusum,,,True,positive,45,0,0.2661,1.9202,
45,52,True,0.597825,0.4024,cusum,,,True,positive,45,0,0.2687,1.9055,
45,21,True,0.624701,0.5391,none,,,False,,45,0,0.2687,1.8646,
45,96,True,0.703392,0.9393,none,,,False,,45,0,0.2706,1.8299,
45,95,True,0.686872,0.8553,none,,,False,,45,0,0.2669,1.7152,
45,9,True,0.577897,0.3011,none,,,False,,45,0,0.2778,1.5755,
45,61,True,0.619718,0.5138,none,,,False,,45,0,0.0717,0.6078,
45,1,True,0.563488,0.2278,none,,,False,,45,0,0.2728,0.5909,
45,2,True,0.555825,0.1888,none,,,False,,45,0,0.0687,0.5527,
45,56,True,0.638826,0.611,none,,,False,,45,0,0.0687,0.5399,
45,35,True,0.650299,0.6693,none,,,False,,45,0,0.0728,0.4141,
45,14,True,0.652332,0.6797,none,,,False,,45,0,0.0678,0.3974,
45,59,True,0.582262,0.3233,none,,,False,,45,0,0.0739,0.3607,
45,40,True,0.550474,0.1616,none,,,False,,45,0,0.0687,0.2473,
45,90,True,0.499828,-0.0959,none,,,False,,45,0,0.0669,0.1153,
45,73,True,0.269819,-1.2657,none,,,False,,45,0,0.0678,0.0816,
45,74,True,0.461885,-0.2889,none,,,False,,45,0,0.0739,0.0718,
45,70,True,0.442042,-0.3898,none,,,False,,45,0,0.0706,0.0416,
45,46,True,0.419855,-0.5027,none,,,False,,45,0,0.1081,0.0386,
45,6,True,0.573785,0.2802,none,,,False,,45,0,0.0891,0.0127,
45,25,True,0.431306,-0.4444,none,,,False,,45,0,0.0728,-0.0045,
45,4,True,0.470838,-0.2434,none,,,False,,45,0,0.0739,-0.0096,
45,12,True,0.318896,-1.0161,none,,,False,,45,0,0.0764,-0.0116,
45,66,True,0.637552,0.6045,none,,,False,,45,0,0.2728,-0.0426,
45,83,True,0.5292,0.0534,none,,,False,,45,0,0.0891,-0.0452,
45,68,True,0.346813,-0.8741,none,,,False,,45,0,0.0739,-0.075,
45,44,True,0.443887,-0.3804,none,,,False,,45,0,0.0706,-0.1531,
45,33,True,0.449113,-0.3539,none,,,False,,45,0,0.0678,-0.2214,
45,41,True,0.465083,-0.2726,none,,,False,,45,0,0.0778,-0.358,
45,50,True,0.508186,-0.0534,none,,,False,,45,0,0.0751,-0.382,
45,34,True,0.381303,-0.6987,none,,,False,,45,0,0.2526,-0.4439,
45,58,True,0.160162,-1.8234,cusum,,,True,negative,45,0,0.283,-1.7452,
45,7,True,0.23886,-1.4232,none,,,False,,45,0,0.2792,-1.3996,
45,17,True,0.281715,-1.2052,cusum,,,True,negative,45,0,0.2792,-1.6643,
45,29,True,0.281795,-1.2048,none,,,False,,45,0,0.2778,-1.8669,
45,30,True,0.266615,-1.282,cusum,,,True,negative,45,0,0.2778,-1.8985,
45,20,True,0.103631,-2.1109,cusum,,,True,negative,45,0,0.2764,-1.8953,
45,51,True,0.334367,-0.9374,none,,,False,,45,0,0.2764,-1.298,
45,87,True,0.239098,-1.422,none,,,False,,45,0,0.2764,-1.8926,
45,98,True,0.310937,-1.0566,cusum,,,True,negative,45,0,0.2764,-1.6091,
45,11,True,0.417732,-0.5135,cusum,,,True,negative,45,0,0.2739,-1.3554,
45,77,True,0.255859,-1.3367,cusum,,,True,negative,45,0,0.2739,-1.9177,
46,72,True,0.764353,1.7649,none,,,False,,46,0,0.2685,2.8566,
46,75,True,0.934773,2.9429,cusum,,,True,positive,46,0,0.2685,2.8481,
46,55,True,0.641563,0.9162,cusum,,,True,positive,46,0,0.2695,2.6019,
46,22,True,0.702245,1.3357,none,,,False,,46,0,0.2644,2.564,
46,84,True,0.803334,2.0344,none,,,False,,46,0,0.2668,2.3742,
46,26,True,0.719195,1.4528,cusum,,,True,positive,46,0,0.2715,2.1988,
46,53,True,0.656842,1.0218,none,,,False,,46,0,0.2668,1.9707,
46,91,True,0.636152,0.8788,none,,,False,,46,0,0.2651,1.926,
46,24,True,0.514396,0.0372,none,,,False,,46,0,0.2715,1.8745,
46,96,True,0.672857,1.1325,none,,,False,,46,0,0.2695,1.8218,
46,52,True,0.315886,-1.3349,none,,,False,,46,0,0.2676,1.7508,
46,95,True,0.585223,0.5268,none,,,False,,46,0,0.2659,1.7436,
46,21,True,0.579596,0.4879,none,,,False,,46,0,0.2676,0.8651,
46,1,True,0.702158,1.3351,none,,,False,,46,0,0.2715,0.7944,
46,66,True,0.389346,-0.8271,none,,,False,,46,0,0.0715,0.7254,
46,14,True,0.540836,0.22,none,,,False,,46,0,0.0668,0.7022,
46,61,True,0.677984,1.168,none,,,False,,46,0,0.0705,0.6477,
46,9,True,0.519091,0.0697,none,,,False,,46,0,0.2762,0.6451,
46,56,True,0.578324,0.4791,none,,,False,,46,0,0.0676,0.5105,
46,2,True,0.490726,-0.1264,none,,,False,,46,0,0.0676,0.4282,
46,35,True,0.621998,0.781,none,,,False,,46,0,0.0715,0.4229,
46,40,True,0.426794,-0.5683,none,,,False,,46,0,0.0676,0.3358,
46,59,True,0.542639,0.2325,none,,,False,,46,0,0.0726,0.2642,
46,90,True,0.622608,0.7852,none,,,False,,46,0,0.0659,0.0264,
46,74,True,0.486917,-0.1527,none,,,False,,46,0,0.0726,-0.0104,
46,6,True,0.516275,0.0502,none,,,False,,46,0,0.0849,-0.0199,
46,46,True,0.439387,-0.4812,none,,,False,,46,0,0.1033,-0.0398,
46,4,True,0.493495,-0.1072,none,,,False,,46,0,0.0726,-0.0528,
46,83,True,0.529338,0.1405,none,,,False,,46,0,0.0849,-0.103,
46,33,True,0.501658,-0.0508,none,,,False,,46,0,0.0668,-0.1226,
46,70,True,0.525807,0.1161,none,,,False,,46,0,0.0695,-0.1311,
46,44,True,0.503619,-0.0372,none,,,False,,46,0,0.0695,-0.1319,
46,25,True,0.471798,-0.2572,none,,,False,,46,0,0.0715,-0.1608,
46,50,True,0.463952,-0.3114,none,,,False,,46,0,0.0738,-0.2734,
46,68,True,0.392081,-0.8082,none,,,False,,46,0,0.0726,-0.3019,
46,73,True,0.445317,-0.4402,none,,,False,,46,0,0.0668,-0.3102,
46,12,True,0.464467,-0.3079,none,,,False,,46,0,0.075,-0.3456,
46,41,True,0.457576,-0.3555,none,,,False,,46,0,0.0762,-0.3551,
46,37,True,0.523212,0.0982,none,,,False,,46,0,0.2174,-0.4465,
46,58,True,0.386817,-0.8446,none,,,False,,46,0,0.2791,-1.8984,
46,7,True,0.479776,-0.202,none,,,False,,46,0,0.2776,-1.5796,
46,17,True,0.268153,-1.6648,none,,,False,,46,0,0.2776,-1.6734,
46,81,True,0.396056,-0.7807,none,,,False,,46,0,0.2771,-1.2361,
46,29,True,0.350167,-1.0979,cusum,,,True,negative,46,0,0.2762,-1.7566,
46,30,True,0.238254,-1.8714,none,,,False,,46,0,0.2762,-1.8754,
46,20,True,0.242248,-1.8438,none,,,False,,46,0,0.275,-2.204,
46,51,True,0.344431,-1.1376,none,,,False,,46,0,0.275,-1.3546,
46,87,True,0.144662,-2.5184,cusum,,,True,negative,46,0,0.275,-1.8875,
46,98,True,0.363765,-1.0039,none,,,False,,46,0,0.275,-1.6041,
46,11,True,0.557336,0.334,none,,,False,,46,0,0.2726,-1.5801,
47,75,True,0.929412,2.6616,none,,,False,,47,0,0.2675,3.352,
47,72,True,0.760162,1.6251,cusum,,,True,positive,47,0,0.2675,3.0693,
47,84,True,0.81568,1.9651,cusum,,,True,positive,47,0,0.2658,2.805,
47,22,True,0.694528,1.2232,none,,,False,,47,0,0.2635,2.6622,
47,55,True,0.728206,1.4294,none,,,False,,47,0,0.2684,2.5092,
47,26,True,0.759879,1.6234,none,,,False,,47,0,0.2703,2.2852,
47,53,True,0.575919,0.4969,cusum,,,True,positive,47,0,0.2658,2.092,
47,91,True,0.555602,0.3725,none,,,False,,47,0,0.2642,2.0061,
47,96,True,0.65066,0.9546,cusum,,,True,positive,47,0,0.2684,1.8602,
47,21,True,0.658803,1.0045,cusum,,,True,positive,47,0,0.2666,1.82,
47,24,True,0.662113,1.0247,none,,,False,,47,0,0.2703,1.5348,
47,52,True,0.532061,0.2283,none,,,False,,47,0,0.2666,1.1141,
47,1,True,0.734225,1.4663,none,,,False,,47,0,0.2703,0.9274,
47,61,True,0.627335,0.8118,none,,,False,,47,0,0.0693,0.8482,
47,35,True,0.563463,0.4206,none,,,False,,47,0,0.0703,0.7909,
47,95,True,0.573486,0.482,none,,,False,,47,0,0.265,0.7686,
47,14,True,0.467848,-0.1649,none,,,False,,47,0,0.0658,0.6082,
47,56,True,0.66273,1.0285,none,,,False,,47,0,0.0666,0.4201,
47,59,True,0.540623,0.2808,none,,,False,,47,0,0.0713,0.3604,
47,9,True,0.526539,0.1945,none,,,False,,47,0,0.2748,0.3511,
47,2,True,0.647751,0.9368,none,,,False,,47,0,0.0666,0.3301,
47,90,True,0.311842,-1.1202,none,,,False,,47,0,0.065,0.3008,
47,6,True,0.599543,0.6416,none,,,False,,47,0,0.081,0.247,
47,66,True,0.41295,-0.501,none,,,False,,47,0,0.0703,0.1994,
47,83,True,0.537695,0.2628,none,,,False,,47,0,0.081,0.1707,
47,40,True,0.530568,0.2192,none,,,False,,47,0,0.0666,0.0549,
47,50,True,0.493776,-0.0061,none,,,False,,47,0,0.0724,0.0087,
47,4,True,0.495176,0.0025,none,,,False,,47,0,0.0713,-0.0487,
47,44,True,0.459611,-0.2153,none,,,False,,47,0,0.0684,-0.0561,
47,74,True,0.450037,-0.2739,none,,,False,,47,0,0.0713,-0.0616,
47,70,True,0.462823,-0.1956,none,,,False,,47,0,0.0684,-0.1159,
47,33,True,0.487284,-0.0459,none,,,False,,47,0,0.0658,-0.142,
47,25,True,0.406507,-0.5405,none,,,False,,47,0,0.0703,-0.182,
47,41,True,0.412019,-0.5067,none,,,False,,47,0,0.0748,-0.1991,
47,46,True,0.494368,-0.0025,none,,,False,,47,0,0.0987,-0.2324,
47,37,True,0.354776,-0.8573,none,,,False,,47,0,0.0987,-0.3686,
47,12,True,0.540684,0.2811,none,,,False,,47,0,0.0736,-0.4306,
47,18,True,0.450223,-0.2728,none,,,False,,47,0,0.1907,-0.4466,
47,47,True,0.478307,-0.1008,none,,,False,,47,0,0.2499,-0.4541,
47,77,True,0.261517,-1.4284,none,,,False,,47,0,0.2799,-1.941,
47,58,True,-0.207457,-3.0,none,,,False,,47,0,0.2774,-1.7749,
47,7,True,0.377112,-0.7205,none,,,False,,47,0,0.2761,-1.0113,
47,17,True,0.195684,-1.8315,none,,,False,,47,0,0.2761,-1.8454,
47,29,True,0.274864,-1.3466,none,,,False,,47,0,0.2748,-1.7957,
47,30,True,0.218041,-1.6946,cusum,,,True,negative,47,0,0.2748,-2.0589,
47,20,True,0.218427,-1.6922,cusum,,,True,negative,47,0,0.2736,-2.2885,
47,51,True,0.400801,-0.5754,cusum,,,True,negative,47,0,0.2736,-1.4948,
47,87,True,0.196537,-1.8263,none,,,False,,47,0,0.2736,-2.3471,
47,98,True,0.37925,-0.7074,none,,,False,,47,0,0.2736,-1.7573,
47,36,True,0.332779,-0.992,none,,,False,,47,0,0.2734,-0.9023,
48,75,True,0.786807,2.0183,cusum,,,True,positive,48,0,0.2665,3.6623,
48,84,True,0.792777,2.0608,none,,,False,,48,0,0.2648,2.7959,
48,72,True,0.895429,2.7919,none,,,False,,48,0,0.2665,2.7708,
48,26,True,0.436656,-0.4753,none,,,False,,48,0,0.2692,2.5524,
48,22,True,0.558205,0.3903,cusum,,,True,positive,48,0,0.2626,2.3813,
48,55,True,0.67995,1.2573,none,,,False,,48,0,0.2673,2.3489,
48,1,True,0.826631,2.3019,cusum,,,True,positive,48,0,0.2692,2.0981,
48,96,True,0.69969,1.3979,none,,,False,,48,0,0.2673,2.0946,
48,53,True,0.525466,0.1571,none,,,False,,48,0,0.2648,1.882,
48,56,True,0.655058,1.08,cusum,,,True,positive,48,0,0.2656,1.7895,
48,91,True,0.64832,1.0321,none,,,False,,48,0,0.2633,1.7676,
48,21,True,0.646098,1.0162,none,,,False,,48,0,0.2656,1.7605,
48,24,True,0.771514,1.9094,none,,,False,,48,0,0.2692,1.5065,
48,61,True,0.57038,0.477,none,,,False,,48,0,0.0682,0.9182,
48,52,True,0.592844,0.637,none,,,False,,48,0,0.2656,0.8486,
48,35,True,0.624358,0.8614,none,,,False,,48,0,0.0692,0.712,
48,95,True,0.58714,0.5964,none,,,False,,48,0,0.2641,0.7025,
48,6,True,0.586946,0.595,none,,,False,,48,0,0.0773,0.424,
48,2,True,0.561353,0.4127,none,,,False,,48,0,0.0656,0.4164,
48,59,True,0.57241,0.4915,none,,,False,,48,0,0.0702,0.3686,
48,14,True,0.370842,-0.944,none,,,False,,48,0,0.0648,0.3271,
48,9,True,0.325863,-1.2643,none,,,False,,48,0,0.2734,0.2829,
48,83,True,0.600218,0.6895,none,,,False,,48,0,0.0773,0.2523,
48,40,True,0.444248,-0.4213,none,,,False,,48,0,0.0656,0.0209,
48,4,True,0.539295,0.2556,none,,,False,,48,0,0.0702,-0.0262,
48,50,True,0.506648,0.0231,none,,,False,,48,0,0.0712,-0.0324,
48,90,True,0.468951,-0.2453,none,,,False,,48,0,0.0641,-0.0625,
48,33,True,0.500152,-0.0231,none,,,False,,48,0,0.0648,-0.068,
48,70,True,0.423478,-0.5692,none,,,False,,48,0,0.0673,-0.0707,
48,44,True,0.443978,-0.4232,none,,,False,,48,0,0.0673,-0.1253,
48,74,True,0.233104,-1.9249,none,,,False,,48,0,0.0702,-0.1487,
48,66,True,0.596004,0.6595,none,,,False,,48,0,0.0692,-0.1528,
48,46,True,0.471928,-0.2241,none,,,False,,48,0,0.0944,-0.2222,
48,12,True,0.274909,-1.6272,none,,,False,,48,0,0.0723,-0.2548,
48,41,True,0.423106,-0.5718,none,,,False,,48,0,0.0734,-0.2838,
48,47,True,0.425137,-0.5574,none,,,False,,48,0,0.1323,-0.3141,
48,25,True,0.332026,-1.2204,none,,,False,,48,0,0.0692,-0.3257,
48,18,True,0.396114,-0.764,none,,,False,,48,0,0.1467,-0.4141,
48,38,True,0.413791,-0.6382,none,,,False,,48,0,0.2001,-0.4561,
48,36,True,0.351938,-1.0786,cusum,,,True,negative,48,0,0.3544,-1.5033,
48,82,True,0.282927,-1.5701,none,,,False,,48,0,0.2792,-0.7776,
48,11,True,0.587163,0.5965,none,,,False,,48,0,0.2785,-1.4685,
48,63,True,0.387002,-0.8289,none,,,False,,48,0,0.2779,-1.1807,
48,65,True,0.475641,-0.1977,none,,,False,,48,0,0.2779,-0.475,
48,58,True,0.331785,-1.2222,cusum,,,True,negative,48,0,0.2759,-2.2913,
48,81,True,0.466854,-0.2603,none,,,False,,48,0,0.2755,-1.3495,
48,7,True,0.551479,0.3424,none,,,False,,48,0,0.2746,-1.1857,
48,17,True,0.227626,-1.9639,cusum,,,True,negative,48,0,0.2746,-1.9709,
48,29,True,0.304222,-1.4185,none,,,False,,48,0,0.2734,-1.622,
48,30,True,0.197632,-2.1775,none,,,False,,48,0,0.2734,-2.0215,
49,75,True,0.959893,2.7734,none,,,False,,49,0,0.2655,3.6242,
49,72,True,0.793212,1.8347,cusum,,,True,positive,49,0,0.2655,3.144,
49,84,True,0.794689,1.8431,cusum,,,True,positive,49,0,0.2639,3.1012,
49,1,True,0.780332,1.7622,none,,,False,,49,0,0.2681,2.7881,
49,55,True,0.692455,1.2673,cusum,,,True,positive,49,0,0.2663,2.2855,
49,96,True,0.572321,0.5908,none,,,False,,49,0,0.2663,2.2462,
49,24,True,0.604829,0.7739,cusum,,,True,positive,49,0,0.2681,2.0775,
49,22,True,0.666212,1.1195,none,,,False,,49,0,0.2618,2.0611,
49,26,True,0.827739,2.0292,none,,,False,,49,0,0.2681,1.954,
49,56,True,0.580701,0.638,none,,,False,,49,0,0.2647,1.9448,
49,21,True,0.724971,1.4504,none,,,False,,49,0,0.2647,1.9184,
49,91,True,0.60182,0.7569,none,,,False,,49,0,0.2625,1.8402,
49,53,True,0.64152,0.9805,none,,,False,,49,0,0.2639,1.6397,
49,52,True,0.66422,1.1083,none,,,False,,49,0,0.2647,0.9257,
49,61,True,0.617317,0.8442,none,,,False,,49,0,0.0672,0.9047,
49,35,True,0.422411,-0.2534,none,,,False,,49,0,0.0681,0.7747,
49,95,True,0.588751,0.6833,none,,,False,,49,0,0.2632,0.6151,
49,6,True,0.456057,-0.0639,none,,,False,,49,0,0.0758,0.527,
49,2,True,0.714034,1.3889,none,,,False,,49,0,0.0647,0.4899,
49,83,True,0.585172,0.6632,none,,,False,,49,0,0.0758,0.4623,
49,59,True,0.465792,-0.0091,none,,,False,,49,0,0.069,0.4233,
49,4,True,0.469021,0.0091,none,,,False,,49,0,0.069,0.1387,
49,33,True,0.476122,0.0491,none,,,False,,49,0,0.0639,0.0412,
49,50,True,0.430458,-0.2081,none,,,False,,49,0,0.07,-0.0083,
49,7,True,0.295818,-0.9663,none,,,False,,49,0,0.2733,-0.0989,
49,90,True,0.521389,0.304,none,,,False,,49,0,0.0632,-0.1134,
49,46,True,0.429432,-0.2138,none,,,False,,49,0,0.0903,-0.1317,
49,70,True,0.347613,-0.6746,none,,,False,,49,0,0.0663,-0.1317,
49,66,True,0.417798,-0.2794,none,,,False,,49,0,0.0681,-0.1358,
49,44,True,0.36268,-0.5898,none,,,False,,49,0,0.0663,-0.1407,
49,40,True,0.542888,0.4251,none,,,False,,49,0,0.0647,-0.1746,
49,14,True,0.552288,0.478,none,,,False,,49,0,0.0639,-0.2152,
49,9,True,0.587161,0.6744,none,,,False,,49,0,0.2721,-0.2405,
49,11,True,0.445372,-0.1241,none,,,False,,49,0,0.27,-0.2712,
49,65,True,0.410315,-0.3215,none,,,False,,49,0,0.1334,-0.3593,
49,41,True,0.334628,-0.7477,none,,,False,,49,0,0.0721,-0.3852,
49,97,True,0.53721,0.3931,none,,,False,,49,0,0.2689,-0.4569,
49,12,True,0.425306,-0.2371,none,,,False,,49,0,0.071,-0.46,
49,79,True,0.412377,-0.3099,none,,,False,,49,0,0.241,-0.4658,
49,82,True,0.285211,-1.026,cusum,,,True,negative,49,0,0.3552,-1.635,
49,36,True,0.311065,-0.8804,none,,,False,,49,0,0.3476,-1.3523,
49,20,True,0.169184,-1.6794,none,,,False,,49,0,0.2793,-2.2895,
49,51,True,0.441263,-0.1472,none,,,False,,49,0,0.2793,-1.2906,
49,87,True,0.26499,-1.1399,none,,,False,,49,0,0.2793,-2.3293,
49,98,True,0.415647,-0.2915,none,,,False,,49,0,0.2793,-1.3298,
49,77,True,0.228107,-1.3476,none,,,False,,49,0,0.2782,-1.9448,
49,27,True,0.415517,-0.2922,none,,,False,,49,0,0.2767,-0.6606,
49,76,True,0.452641,-0.0832,none,,,False,,49,0,0.2767,-0.6021,
49,69,True,0.268864,-1.1181,none,,,False,,49,0,0.2762,-0.8562,
49,71,True,0.125465,-1.9256,none,,,False,,49,0,0.2762,-1.1322,
50,75,True,0.810204,1.2492,cusum,,,True,positive,50,0,0.2645,3.5666,
50,72,True,0.866184,1.4916,none,,,False,,50,0,0.2645,3.1661,
50,84,True,0.766935,1.0618,none,,,False,,50,0,0.263,3.0364,
50,1,True,0.538813,0.0738,cusum,,,True,positive,50,0,0.267,2.9292,
50,55,True,0.751684,0.9958,none,,,False,,50,0,0.2653,2.4014,
50,24,True,1.735938,3.0,none,,,False,,50,0,0.267,2.3217,
50,21,True,0.637357,0.5006,cusum,,,True,positive,50,0,0.2638,2.2382,
50,26,True,0.733215,0.9158,cusum,,,True,positive,50,0,0.267,2.1448,
50,96,True,0.773692,1.0911,none,,,False,,50,0,0.2653,2.0644,
50,56,True,0.588507,0.289,none,,,False,,50,0,0.2638,1.9966,
50,2,True,0.601162,0.3439,cusum,,,True,positive,50,0,0.2638,1.9939,
50,22,True,0.789286,1.1586,none,,,False,,50,0,0.261,1.9882,
50,61,True,0.522482,0.0031,cusum,,,True,positive,50,0,0.2662,1.7955,
50,95,True,0.581848,0.2602,cusum,,,True,positive,50,0,0.2623,1.6663,
50,53,True,0.709502,0.8131,none,,,False,,50,0,0.263,1.6249,
50,91,True,0.856248,1.4486,none,,,False,,50,0,0.2617,0.7986,
50,52,True,0.63706,0.4993,none,,,False,,50,0,0.2638,0.739,
50,83,True,0.587221,0.2835,none,,,False,,50,0,0.0744,0.6347,
50,6,True,0.416937,-0.454,none,,,False,,50,0,0.0744,0.4871,
50,35,True,0.757849,1.0225,none,,,False,,50,0,0.067,0.4286,
50,11,True,0.677189,0.6731,none,,,False,,50,0,0.2689,0.3572,
50,59,True,0.402455,-0.5167,none,,,False,,50,0,0.0679,0.3414,
50,4,True,0.512501,-0.0401,none,,,False,,50,0,0.0679,0.1761,
50,40,True,1.051658,2.2949,none,,,False,,50,0,0.0638,0.1554,
50,33,True,0.498143,-0.1023,none,,,False,,50,0,0.063,0.0734,
50,66,True,1.106254,2.5314,none,,,False,,50,0,0.067,0.0454,
50,50,True,0.521052,-0.0031,none,,,False,,50,0,0.0689,0.0247,
50,97,True,0.655534,0.5793,none,,,False,,50,0,0.1345,-0.0122,
50,9,True,0.529175,0.0321,none,,,False,,50,0,0.2709,-0.0405,
50,46,True,0.485892,-0.1554,none,,,False,,50,0,0.0864,-0.0448,
50,14,True,0.544221,0.0972,none,,,False,,50,0,0.063,-0.1302,
50,65,True,0.453706,-0.2948,none,,,False,,50,0,0.1279,-0.2672,
50,90,True,0.336889,-0.8007,none,,,False,,50,0,0.0623,-0.2748,
50,44,True,0.486988,-0.1506,none,,,False,,50,0,0.0653,-0.3261,
50,7,True,0.196269,-1.4097,none,,,False,,50,0,0.272,-0.3553,
50,79,True,0.384813,-0.5931,none,,,False,,50,0,0.1215,-0.376,
50,70,True,0.507039,-0.0638,none,,,False,,50,0,0.0653,-0.3965,
50,12,True,0.443387,-0.3395,none,,,False,,50,0,0.0699,-0.4379,
50,82,True,0.40707,-0.4967,none,,,False,,50,0,0.3485,-1.6782,
50,36,True,0.362122,-0.6914,none,,,False,,50,0,0.3414,-1.3546,
50,71,True,0.281594,-1.0402,cusum,,,True,negative,50,0,0.3414,-1.8646,
50,94,True,0.320515,-0.8716,none,,,False,,50,0,0.2815,-0.697,
50,48,True,0.261409,-1.1276,none,,,False,,50,0,0.2814,-1.2385,
50,58,True,0.177871,-1.4894,none,,,False,,50,0,0.2814,-2.0927,
50,17,True,0.118993,-1.7444,none,,,False,,50,0,0.2801,-2.2256,
50,29,True,0.30885,-0.9221,none,,,False,,50,0,0.279,-1.6948,
50,30,True,0.289244,-1.007,none,,,False,,50,0,0.279,-2.3217,
50,49,True,0.140988,-1.6491,none,,,False,,50,0,0.2751,-0.9619,
50,10,True,0.365714,-0.6759,none,,,False,,50,0,0.2745,-0.8417,
50,93,True,0.373609,-0.6417,none,,,False,,50,0,0.2745,-0.7703,
51,72,True,0.894641,1.6301,cusum,,,True,positive,51,0,0.2636,3.1205,
51,75,True,0.799863,1.1888,none,,,False,,51,0,0.2636,3.0947,
51,24,True,1.316931,3.0,cusum,,,True,positive,51,0,0.266,2.9789,
51,84,True,0.775084,1.0734,none,,,False,,51,0,0.2622,2.7343,
51,1,True,0.733154,0.8782,none,,,False,,51,0,0.266,2.4638,
51,55,True,0.717787,0.8066,none,,,False,,51,0,0.2644,2.2557,
51,91,True,0.909967,1.7014,cusum,,,True,positive,51,0,0.2609,2.1564,
51,96,True,0.616842,0.3366,cusum,,,True,positive,51,0,0.2644,2.1088,
51,21,True,0.714111,0.7895,none,,,False,,51,0,0.2629,2.0692,
51,22,True,0.773553,1.0663,none,,,False,,51,0,0.2602,1.9657,
51,26,True,0.758968,0.9984,none,,,False,,51,0,0.266,1.9077,
51,2,True,0.759345,1.0001,none,,,False,,51,0,0.2629,1.7952,
51,56,True,0.783498,1.1126,none,,,False,,51,0,0.2629,1.7491,
51,53,True,0.47513,-0.3233,none,,,False,,51,0,0.2622,1.7293,
51,95,True,0.611387,0.3112,none,,,False,,51,0,0.2615,1.5914,
51,61,True,0.56155,0.0791,none,,,False,,51,0,0.2652,1.5248,
51,66,True,0.982336,2.0384,none,,,False,,51,0,0.066,1.055,
51,40,True,0.947339,1.8754,none,,,False,,51,0,0.0629,0.8463,
51,52,True,0.660959,0.542,none,,,False,,51,0,0.2629,0.8283,
51,83,True,0.383929,-0.7479,none,,,False,,51,0,0.073,0.6399,
51,35,True,0.471335,-0.3409,none,,,False,,51,0,0.066,0.628,
51,11,True,0.616016,0.3327,none,,,False,,51,0,0.2678,0.4689,
51,97,True,0.697506,0.7122,none,,,False,,51,0,0.129,0.3279,
51,4,True,0.466213,-0.3648,none,,,False,,51,0,0.0669,0.1606,
51,6,True,0.555849,0.0526,none,,,False,,51,0,0.073,0.1202,
51,59,True,0.493137,-0.2394,none,,,False,,51,0,0.0669,0.0743,
51,33,True,0.468945,-0.3521,none,,,False,,51,0,0.0622,0.0536,
51,50,True,0.494094,-0.235,none,,,False,,51,0,0.0678,0.0244,
51,14,True,0.53604,-0.0397,none,,,False,,51,0,0.0622,-0.0439,
51,9,True,0.729057,0.8591,none,,,False,,51,0,0.0697,-0.0962,
51,46,True,0.458757,-0.3995,none,,,False,,51,0,0.0827,-0.0978,
51,65,True,0.517386,-0.1265,none,,,False,,51,0,0.1227,-0.1535,
51,90,True,0.479504,-0.3029,none,,,False,,51,0,0.0615,-0.1693,
51,44,True,0.368483,-0.8198,none,,,False,,51,0,0.0644,-0.3057,
51,70,True,0.431234,-0.5277,none,,,False,,51,0,0.0644,-0.3537,
51,42,True,0.609562,0.3027,none,,,False,,51,0,0.2352,-0.4705,
51,85,True,0.553072,0.0397,none,,,False,,51,0,0.1473,-0.4751,
51,3,True,0.30893,-1.0971,none,,,False,,51,0,0.2325,-0.4764,
51,49,True,0.334024,-0.9803,cusum,,,True,negative,51,0,0.3494,-1.8269,
51,82,True,0.323509,-1.0292,none,,,False,,51,0,0.3423,-1.4019,
51,36,True,0.373848,-0.7949,none,,,False,,51,0,0.3355,-1.2585,
51,71,True,0.263276,-1.3097,none,,,False,,51,0,0.3355,-1.8284,
51,81,True,0.558305,0.064,none,,,False,,51,0,0.2806,-0.7631,
51,39,True,0.40779,-0.6368,none,,,False,,51,0,0.2796,-1.2234,
51,20,True,0.234501,-1.4437,none,,,False,,51,0,0.2776,-2.1472,
51,51,True,0.526508,-0.084,none,,,False,,51,0,0.2776,-1.0288,
51,87,True,0.422286,-0.5693,none,,,False,,51,0,0.2776,-2.2369,
51,98,True,0.439924,-0.4872,none,,,False,,51,0,0.2776,-0.5763,
51,77,True,0.208823,-1.5632,none,,,False,,51,0,0.2766,-1.7811,
51,62,True,0.514336,-0.1407,none,,,False,,51,0,0.2735,-0.5205,
52,24,True,1.268695,3.0,none,,,False,,52,0,0.2651,3.3413,
52,75,True,0.883575,1.4314,none,,,False,,52,0,0.2628,2.8172,
52,72,True,0.838293,1.2351,none,,,False,,52,0,0.2628,2.7322,
52,40,True,0.947125,1.7069,cusum,,,True,positive,52,0,0.2621,2.6109,
52,66,True,1.135019,2.5213,cusum,,,True,positive,52,0,0.2651,2.5135,
52,84,True,0.771863,0.9472,cusum,,,True,positive,52,0,0.2614,2.4042,
52,26,True,0.709418,0.6765,none,,,False,,52,0,0.2651,2.3978,
52,91,True,0.863626,1.3449,none,,,False,,52,0,0.2601,2.3786,
52,22,True,0.837569,1.232,cusum,,,True,positive,52,0,0.2595,2.1902,
52,55,True,0.559697,0.0276,none,,,False,,52,0,0.2635,2.1043,
52,21,True,0.553556,0.001,none,,,False,,52,0,0.2621,1.9926,
52,2,True,0.729862,0.7652,none,,,False,,52,0,0.2621,1.99,
52,1,True,0.723176,0.7362,none,,,False,,52,0,0.2651,1.9881,
52,56,True,0.708472,0.6724,none,,,False,,52,0,0.2621,1.7589,
52,96,True,0.714076,0.6967,none,,,False,,52,0,0.2635,1.7539,
52,95,True,0.553107,-0.001,none,,,False,,52,0,0.2607,1.4954,
52,61,True,0.539676,-0.0592,none,,,False,,52,0,0.2643,1.391,
52,52,True,0.70523,0.6584,none,,,False,,52,0,0.2621,0.7956,
52,97,True,0.548588,-0.0206,none,,,False,,52,0,0.1238,0.6794,
52,9,True,0.694281,0.6109,none,,,False,,52,0,0.0686,0.6102,
52,53,True,0.698297,0.6283,none,,,False,,52,0,0.2614,0.5682,
52,11,True,0.603115,0.2158,none,,,False,,52,0,0.2668,0.3797,
52,14,True,0.498427,-0.238,none,,,False,,52,0,0.0614,0.2566,
52,35,True,0.609911,0.2452,none,,,False,,52,0,0.0651,0.226,
52,83,True,0.280325,-1.1833,none,,,False,,52,0,0.0717,0.1591,
52,4,True,0.470501,-0.359,none,,,False,,52,0,0.0659,-0.0474,
52,33,True,0.565381,0.0522,none,,,False,,52,0,0.0614,-0.057,
52,6,True,0.401134,-0.6597,none,,,False,,52,0,0.0717,-0.0623,
52,50,True,0.334894,-0.9468,none,,,False,,52,0,0.0668,-0.063,
52,65,True,0.553718,0.0017,none,,,False,,52,0,0.1178,-0.1329,
52,46,True,0.505244,-0.2084,none,,,False,,52,0,0.0792,-0.1582,
52,59,True,0.540233,-0.0568,none,,,False,,52,0,0.0659,-0.1706,
52,51,True,0.414911,-0.6,none,,,False,,52,0,0.2696,-0.1791,
52,90,True,0.557955,0.02,none,,,False,,52,0,0.0607,-0.1894,
52,81,True,0.5437,-0.0417,none,,,False,,52,0,0.2659,-0.2411,
52,85,True,0.477382,-0.3292,none,,,False,,52,0,0.0706,-0.3126,
52,70,True,0.557842,0.0195,none,,,False,,52,0,0.0635,-0.3409,
52,42,True,0.61818,0.2811,none,,,False,,52,0,0.1006,-0.3732,
52,49,True,0.393575,-0.6925,none,,,False,,52,0,0.3433,-1.7138,
52,82,True,0.384794,-0.7305,none,,,False,,52,0,0.3365,-1.2257,
52,36,True,0.37698,-0.7644,none,,,False,,52,0,0.3301,-1.1676,
52,71,True,0.244267,-1.3396,none,,,False,,52,0,0.3301,-1.8039,
52,58,True,0.237321,-1.3697,none,,,False,,52,0,0.2796,-2.3094,
52,17,True,0.187038,-1.5877,none,,,False,,52,0,0.2785,-2.2538,
52,7,True,0.075206,-2.0724,none,,,False,,52,0,0.2774,-1.0866,
52,29,True,0.371094,-0.7899,none,,,False,,52,0,0.2774,-1.6378,
52,30,True,0.28045,-1.1828,none,,,False,,52,0,0.2774,-2.0351,
52,64,True,0.258445,-1.2782,none,,,False,,52,0,0.2714,-0.5321,
52,80,True,0.345109,-0.9025,none,,,False,,52,0,0.2714,-0.9785,
52,13,True,0.437656,-0.5014,none,,,False,,52,0,0.2711,-0.7149,
53,24,True,1.495823,3.0,cusum,,,True,positive,53,0,0.2641,4.0822,
53,66,True,0.954307,1.842,none,,,False,,53,0,0.2641,3.4459,
53,40,True,0.935208,1.7548,none,,,False,,53,0,0.2613,3.0372,
53,91,True,0.848426,1.3583,none,,,False,,53,0,0.2594,2.5737,
53,72,True,0.721571,0.7789,none,,,False,,53,0,0.2619,2.5313,
53,75,True,1.009024,2.092,cusum,,,True,positive,53,0,0.2619,2.3689,
53,22,True,0.695935,0.6617,none,,,False,,53,0,0.2588,2.2268,
53,84,True,0.776482,1.0297,none,,,False,,53,0,0.2606,2.1046,
53,26,True,0.731126,0.8225,none,,,False,,53,0,0.2641,1.9458,
53,96,True,0.690321,0.6361,none,,,False,,53,0,0.2626,1.7882,
53,2,True,0.594302,0.1975,none,,,False,,53,0,0.2613,1.7811,
53,55,True,0.62702,0.3469,none,,,False,,53,0,0.2626,1.69,
53,1,True,0.627101,0.3473,none,,,False,,53,0,0.2641,1.6449,
53,21,True,0.706788,0.7113,none,,,False,,53,0,0.2613,1.5084,
53,95,True,0.612282,0.2796,none,,,False,,53,0,0.26,1.2664,
53,61,True,0.482022,-0.3154,none,,,False,,53,0,0.2634,1.0888,
53,56,True,0.753257,0.9236,none,,,False,,53,0,0.2613,0.7694,
53,52,True,0.571799,0.0947,none,,,False,,53,0,0.2613,0.6447,
53,9,True,0.711913,0.7347,none,,,False,,53,0,0.0675,0.5877,
53,97,True,0.737104,0.8498,none,,,False,,53,0,0.119,0.5384,
53,11,True,0.692127,0.6444,none,,,False,,53,0,0.2658,0.4917,
53,53,True,0.73624,0.8459,none,,,False,,53,0,0.2606,0.4499,
53,35,True,0.624799,0.3368,none,,,False,,53,0,0.0641,0.3911,
53,14,True,0.439092,-0.5115,none,,,False,,53,0,0.0606,0.017,
53,81,True,0.625669,0.3408,none,,,False,,53,0,0.2649,0.004,
53,42,True,0.528962,-0.101,none,,,False,,53,0,0.0966,-0.0152,
53,65,True,0.51905,-0.1463,none,,,False,,53,0,0.1132,-0.0281,
53,33,True,0.65077,0.4554,none,,,False,,53,0,0.0606,-0.0569,
53,70,True,0.333539,-0.9937,none,,,False,,53,0,0.0626,-0.1106,
53,46,True,0.366842,-0.8416,none,,,False,,53,0,0.0758,-0.1582,
53,4,True,0.483904,-0.3068,none,,,False,,53,0,0.0649,-0.1713,
53,59,True,0.530345,-0.0947,none,,,False,,53,0,0.0649,-0.1876,
53,51,True,0.464066,-0.3974,none,,,False,,53,0,0.2685,-0.1887,
53,85,True,0.400629,-0.6872,none,,,False,,53,0,0.0695,-0.241,
53,6,True,0.504771,-0.2115,none,,,False,,53,0,0.0705,-0.2624,
53,90,True,0.476292,-0.3416,none,,,False,,53,0,0.06,-0.2849,
53,50,True,0.435327,-0.5287,none,,,False,,53,0,0.0658,-0.3104,
53,98,True,0.398335,-0.6977,none,,,False,,53,0,0.2761,-0.4056,
53,80,True,0.34505,-0.9411,cusum,,,True,negative,53,0,0.3441,-1.58,
53,49,True,0.450276,-0.4604,none,,,False,,53,0,0.3375,-1.4823,
53,82,True,0.356529,-0.8887,none,,,False,,53,0,0.3311,-1.1309,
53,36,True,0.344207,-0.945,cusum,,,True,negative,53,0,0.3249,-1.1324,
53,71,True,0.264398,-1.3095,cusum,,,True,negative,53,0,0.3249,-1.612,
53,20,True,0.177301,-1.7074,none,,,False,,53,0,0.2761,-2.0153,
53,87,True,0.244585,-1.4001,none,,,False,,53,0,0.2761,-1.0887,
53,77,True,0.189904,-1.6498,none,,,False,,53,0,0.2751,-1.858,
53,58,True,0.525543,-0.1166,cusum,,,True,negative,53,0,0.2716,-1.7676,
53,16,True,0.428495,-0.5599,none,,,False,,53,0,0.2707,-0.7315,
53,17,True,0.228273,-1.4746,none,,,False,,53,0,0.2705,-2.174,
53,23,True,0.577396,0.1203,none,,,False,,53,0,0.2698,-0.8146,
54,24,True,1.537353,3.0,none,,,False,,54,0,0.2633,4.0811,
54,66,True,1.158987,2.7033,cusum,,,True,positive,54,0,0.2633,3.215,
54,40,True,0.948351,1.7195,cusum,,,True,positive,54,0,0.2605,2.8562,
54,75,True,0.839235,1.2098,none,,,False,,54,0,0.2611,2.6488,
54,91,True,0.735246,0.7241,cusum,,,True,positive,54,0,0.2587,2.5428,
54,72,True,0.854088,1.2792,cusum,,,True,positive,54,0,0.2611,2.2928,
54,84,True,0.773223,0.9015,none,,,False,,54,0,0.2599,2.093,
54,22,True,0.798253,1.0184,none,,,False,,54,0,0.2581,2.0604,
54,56,True,0.770908,0.8907,cusum,,,True,positive,54,0,0.2605,1.98,
54,26,True,0.70296,0.5734,none,,,False,,54,0,0.2633,1.9136,
54,1,True,0.643213,0.2943,none,,,False,,54,0,0.2633,1.735,
54,2,True,0.613649,0.1562,none,,,False,,54,0,0.2605,1.7314,
54,96,True,0.706389,0.5894,none,,,False,,54,0,0.2618,1.6355,
54,21,True,0.573001,-0.0336,none,,,False,,54,0,0.2605,1.5777,
54,95,True,0.650369,0.3277,none,,,False,,54,0,0.2592,1.272,
54,61,True,0.565379,-0.0692,none,,,False,,54,0,0.2625,0.9816,
54,9,True,0.679424,0.4634,none,,,False,,54,0,0.0665,0.8207,
54,97,True,0.651153,0.3314,none,,,False,,54,0,0.1144,0.6256,
54,52,True,0.605849,0.1198,none,,,False,,54,0,0.2605,0.5088,
54,11,True,0.717231,0.64,none,,,False,,54,0,0.2648,0.481,
54,55,True,0.744886,0.7692,none,,,False,,54,0,0.2618,0.4728,
54,53,True,0.731724,0.7077,none,,,False,,54,0,0.2599,0.4599,
54,42,True,0.59551,0.0715,none,,,False,,54,0,0.0927,0.263,
54,81,True,0.166713,-1.9312,none,,,False,,54,0,0.264,0.2032,
54,35,True,0.654533,0.3472,none,,,False,,54,0,0.0633,0.1615,
54,33,True,0.542731,-0.175,none,,,False,,54,0,0.0599,0.1281,
54,65,True,0.574191,-0.0281,none,,,False,,54,0,0.1088,0.0187,
54,59,True,0.577348,-0.0133,none,,,False,,54,0,0.064,-0.0481,
54,90,True,0.5199,-0.2816,none,,,False,,54,0,0.0592,-0.1328,
54,6,True,0.386986,-0.9024,none,,,False,,54,0,0.0693,-0.1831,
54,14,True,0.532401,-0.2233,none,,,False,,54,0,0.0599,-0.1868,
54,85,True,0.501961,-0.3654,none,,,False,,54,0,0.0684,-0.2372,
54,4,True,0.487903,-0.4311,none,,,False,,54,0,0.064,-0.2613,
54,51,True,0.468408,-0.5221,none,,,False,,54,0,0.2674,-0.2734,
54,23,True,0.652412,0.3373,none,,,False,,54,0,0.126,-0.3386,
54,46,True,0.583056,0.0133,none,,,False,,54,0,0.0726,-0.3887,
54,98,True,0.395497,-0.8627,none,,,False,,54,0,0.2684,-0.4037,
54,70,True,0.307965,-1.2715,none,,,False,,54,0,0.0618,-0.4215,
54,80,True,0.340915,-1.1176,none,,,False,,54,0,0.3384,-1.3863,
54,49,True,0.442901,-0.6413,none,,,False,,54,0,0.3321,-1.0898,
54,82,True,0.381755,-0.9269,cusum,,,True,negative,54,0,0.326,-1.265,
54,36,True,0.322407,-1.2041,none,,,False,,54,0,0.3201,-1.22,
54,71,True,0.245575,-1.5629,none,,,False,,54,0,0.3201,-1.7049,
54,7,True,0.38939,-0.8912,none,,,False,,54,0,0.2758,-1.893,
54,29,True,0.357855,-1.0385,none,,,False,,54,0,0.2758,-0.9537,
54,30,True,0.236826,-1.6038,none,,,False,,54,0,0.2758,-1.366,
54,99,True,0.635951,0.2604,none,,,False,,54,0,0.2747,-0.4854,
54,5,True,0.191603,-1.815,none,,,False,,54,0,0.2745,-1.3912,
54,43,True,0.323101,-1.2008,none,,,False,,54,0,0.2745,-1.3021,
54,89,True,0.371221,-0.9761,none,,,False,,54,0,0.2745,-0.6049,
55,24,True,1.530595,3.0,cusum,,,True,positive,55,0,0.2624,4.0801,
55,66,True,1.058005,2.2537,none,,,False,,55,0,0.2624,3.4356,
55,40,True,0.948341,1.7292,none,,,False,,55,0,0.2597,2.8033,
55,75,True,0.782486,0.9361,cusum,,,True,positive,55,0,0.2604,2.6549,
55,91,True,0.887377,1.4377,none,,,False,,55,0,0.258,2.2162,
55,72,True,0.83882,1.2055,none,,,False,,55,0,0.2604,2.1749,
55,22,True,0.705898,0.5698,none,,,False,,55,0,0.2574,2.0437,
55,84,True,0.817349,1.1028,none,,,False,,55,0,0.2591,2.0349,
55,56,True,0.897895,1.488,none,,,False,,55,0,0.2597,1.9052,
55,96,True,0.735212,0.71,none,,,False,,55,0,0.261,1.7188,
55,53,True,0.731046,0.6901,none,,,False,,55,0,0.2591,0.8027,
55,26,True,0.618537,0.152,none,,,False,,55,0,0.2624,0.7709,
55,9,True,0.617788,0.1484,none,,,False,,55,0,0.0655,0.6875,
55,11,True,0.651634,0.3103,none,,,False,,55,0,0.0639,0.5822,
55,1,True,0.693714,0.5115,none,,,False,,55,0,0.2624,0.5393,
55,97,True,0.675591,0.4249,none,,,False,,55,0,0.11,0.496,
55,55,True,0.654362,0.3233,none,,,False,,55,0,0.261,0.4593,
55,2,True,0.619372,0.156,none,,,False,,55,0,0.2597,0.4492,
55,35,True,0.562717,-0.1149,none,,,False,,55,0,0.0624,0.3898,
55,52,True,0.617176,0.1455,none,,,False,,55,0,0.0597,0.3672,
55,21,True,0.693731,0.5116,none,,,False,,55,0,0.2597,0.3025,
55,95,True,0.531203,-0.2657,none,,,False,,55,0,0.2585,0.2767,
55,33,True,0.490268,-0.4614,none,,,False,,55,0,0.0591,0.1863,
55,42,True,0.578657,-0.0387,none,,,False,,55,0,0.0891,0.1839,
55,65,True,0.499715,-0.4162,none,,,False,,55,0,0.1046,0.049,
55,59,True,0.56906,-0.0846,none,,,False,,55,0,0.0631,0.0262,
55,61,True,0.594848,0.0387,none,,,False,,55,0,0.2617,-0.0689,
55,90,True,0.480873,-0.5063,none,,,False,,55,0,0.0585,-0.1265,
55,23,True,0.708859,0.584,none,,,False,,55,0,0.1212,-0.1458,
55,99,True,0.738757,0.7269,none,,,False,,55,0,0.127,-0.1616,
55,14,True,0.547281,-0.1888,none,,,False,,55,0,0.0591,-0.2489,
55,46,True,0.419657,-0.7991,none,,,False,,55,0,0.0714,-0.2527,
55,4,True,0.50511,-0.3904,none,,,False,,55,0,0.0631,-0.2845,
55,85,True,0.434465,-0.7283,none,,,False,,55,0,0.0673,-0.3736,
55,51,True,0.288743,-1.4252,none,,,False,,55,0,0.2664,-0.4208,
55,62,True,0.506573,-0.3834,none,,,False,,55,0,0.1717,-0.4291,
55,44,True,0.406017,-0.8643,none,,,False,,55,0,0.0822,-0.439,
55,83,True,0.666481,0.3813,none,,,False,,55,0,0.083,-0.458,
55,5,True,0.291008,-1.4143,cusum,,,True,negative,55,0,0.3331,-1.9191,
55,43,True,0.244092,-1.6387,cusum,,,True,negative,55,0,0.3331,-1.656,
55,80,True,0.305205,-1.3465,none,,,False,,55,0,0.3331,-1.3658,
55,49,True,0.44897,-0.6589,none,,,False,,55,0,0.327,-0.9802,
55,82,True,0.342077,-1.1701,none,,,False,,55,0,0.3212,-1.234,
55,36,True,0.244408,-1.6372,none,,,False,,55,0,0.3155,-1.3593,
55,71,True,0.316707,-1.2914,none,,,False,,55,0,0.3155,-1.7922,
55,58,True,0.297324,-1.3841,none,,,False,,55,0,0.2766,-1.4006,
55,17,True,0.240252,-1.6571,none,,,False,,55,0,0.2756,-2.0124,
55,20,True,0.116757,-2.2477,none,,,False,,55,0,0.2746,-2.0218,
55,87,True,0.215078,-1.7775,none,,,False,,55,0,0.2746,-0.948,
55,28,True,0.598102,0.0543,none,,,False,,55,0,0.2739,-0.6424,
56,24,True,1.533082,3.0,none,,,False,,56,0,0.2616,4.0791,
56,66,True,0.950563,1.9169,cusum,,,True,positive,56,0,0.2616,3.3454,
56,40,True,0.973048,2.0201,cusum,,,True,positive,56,0,0.259,2.8099,
56,75,True,0.864795,1.523,none,,,False,,56,0,0.2596,2.4889,
56,91,True,0.707702,0.8015,none,,,False,,56,0,0.2573,2.2463,
56,56,True,0.679165,0.6705,none,,,False,,56,0,0.259,2.1761,
56,72,True,0.70411,0.785,none,,,False,,56,0,0.2596,2.1641,
56,84,True,0.713176,0.8266,cusum,,,True,positive,56,0,0.2584,2.0859,
56,22,True,0.712696,0.8244,none,,,False,,56,0,0.2568,1.8222,
56,53,True,0.605645,0.3328,none,,,False,,56,0,0.2584,0.8224,
56,96,True,0.573294,0.1842,none,,,False,,56,0,0.2603,0.7223,
56,97,True,0.653079,0.5506,none,,,False,,56,0,0.1059,0.6419,
56,11,True,0.641255,0.4963,none,,,False,,56,0,0.063,0.6127,
56,26,True,0.7114,0.8185,none,,,False,,56,0,0.2616,0.595,
56,55,True,0.792006,1.1887,none,,,False,,56,0,0.2603,0.557,
56,9,True,0.521248,-0.0548,none,,,False,,56,0,0.0646,0.5322,
56,21,True,0.587183,0.248,none,,,False,,56,0,0.259,0.4718,
56,1,True,0.73258,0.9158,none,,,False,,56,0,0.2616,0.4634,
56,23,True,0.434378,-0.4538,none,,,False,,56,0,0.1167,0.459,
56,99,True,0.626012,0.4263,none,,,False,,56,0,0.1223,0.2697,
56,35,True,0.564755,0.145,none,,,False,,56,0,0.0616,0.2687,
56,2,True,0.633592,0.4612,none,,,False,,56,0,0.259,0.2453,
56,52,True,0.530299,-0.0132,none,,,False,,56,0,0.059,0.1954,
56,95,True,0.625902,0.4258,none,,,False,,56,0,0.2579,0.1876,
56,42,True,0.525698,-0.0344,none,,,False,,56,0,0.0856,0.0753,
56,59,True,0.549475,0.0748,none,,,False,,56,0,0.0623,0.0159,
56,33,True,0.385438,-0.6785,none,,,False,,56,0,0.0584,0.0142,
56,61,True,0.536063,0.0132,none,,,False,,56,0,0.2609,-0.0372,
56,65,True,0.524919,-0.0379,none,,,False,,56,0,0.1007,-0.0926,
56,62,True,0.4284,-0.4812,none,,,False,,56,0,0.1466,-0.1262,
56,14,True,0.39873,-0.6175,none,,,False,,56,0,0.0584,-0.2333,
56,4,True,0.495,-0.1754,none,,,False,,56,0,0.0623,-0.2961,
56,90,True,0.470335,-0.2886,none,,,False,,56,0,0.0579,-0.3028,
56,83,True,0.590913,0.2651,none,,,False,,56,0,0.0691,-0.4268,
56,46,True,0.496266,-0.1695,none,,,False,,56,0,0.0702,-0.4512,
56,81,True,0.319129,-0.9831,none,,,False,,56,0,0.0693,-0.463,
56,49,True,0.40947,-0.5682,none,,,False,,56,0,0.3223,-0.4722,
56,60,True,0.705091,0.7895,none,,,False,,56,0,0.2246,-0.4777,
56,5,True,0.296239,-1.0882,none,,,False,,56,0,0.328,-2.0285,
56,43,True,0.277892,-1.1724,none,,,False,,56,0,0.328,-1.9133,
56,80,True,0.26569,-1.2285,cusum,,,True,negative,56,0,0.328,-1.5172,
56,82,True,0.276405,-1.1793,none,,,False,,56,0,0.3167,-1.3834,
56,36,True,0.365978,-0.7679,cusum,,,True,negative,56,0,0.3112,-1.653,
56,71,True,0.235979,-1.3649,cusum,,,True,negative,56,0,0.3112,-1.7789,
56,77,True,0.191426,-1.5696,none,,,False,,56,0,0.2797,-1.9332,
56,32,True,0.395675,-0.6315,none,,,False,,56,0,0.2784,-0.9946,
56,57,True,0.31443,-1.0046,none,,,False,,56,0,0.2784,-0.4873,
56,7,True,0.205485,-1.505,none,,,False,,56,0,0.2744,-1.3694,
56,29,True,0.36722,-0.7622,none,,,False,,56,0,0.2744,-0.8285,
56,30,True,0.173796,-1.6505,none,,,False,,56,0,0.2744,-1.6761,
57,24,True,1.418785,3.0,cusum,,,True,positive,57,0,0.2608,4.0781,
57,66,True,0.993682,2.2059,none,,,False,,57,0,0.2608,3.3694,
57,40,True,0.972063,2.0951,none,,,False,,57,0,0.2583,2.8975,
57,75,True,0.915255,1.8039,none,,,False,,57,0,0.2589,2.2983,
57,72,True,0.873475,1.5897,none,,,False,,57,0,0.2589,2.1653,
57,56,True,0.752208,0.9682,none,,,False,,57,0,0.2583,2.0909,
57,91,True,0.825898,1.3459,none,,,False,,57,0,0.2567,2.0599,
57,84,True,0.839749,1.4169,none,,,False,,57,0,0.2577,2.0174,
57,22,True,0.781293,1.1173,cusum,,,True,positive,57,0,0.2561,1.8757,
57,55,True,0.636367,0.3744,cusum,,,True,positive,57,0,0.2595,1.8366,
57,26,True,0.811156,1.2703,cusum,,,True,positive,57,0,0.2608,1.5927,
57,1,True,0.704643,0.7244,none,,,False,,57,0,0.2608,0.6519,
57,53,True,0.642479,0.4057,none,,,False,,57,0,0.0577,0.6506,
57,99,True,0.690144,0.6501,none,,,False,,57,0,0.1177,0.583,
57,96,True,0.514076,-0.2524,none,,,False,,57,0,0.2595,0.5708,
57,11,True,0.65672,0.4787,none,,,False,,57,0,0.0622,0.5623,
57,97,True,0.633855,0.3615,none,,,False,,57,0,0.1019,0.5399,
57,2,True,0.731707,0.8631,none,,,False,,57,0,0.2583,0.3323,
57,21,True,0.667926,0.5362,none,,,False,,57,0,0.2583,0.3165,
57,9,True,0.385878,-0.9095,none,,,False,,57,0,0.0637,0.2679,
57,23,True,0.572971,0.0495,none,,,False,,57,0,0.1123,0.2649,
57,95,True,0.63039,0.3438,none,,,False,,57,0,0.2572,0.2356,
57,35,True,0.60346,0.2057,none,,,False,,57,0,0.0608,0.2038,
57,52,True,0.660415,0.4977,none,,,False,,57,0,0.0583,0.1586,
57,42,True,0.562614,-0.0036,none,,,False,,57,0,0.0823,0.0957,
57,61,True,0.537003,-0.1349,none,,,False,,57,0,0.2601,0.0714,
57,59,True,0.558654,-0.0239,none,,,False,,57,0,0.0615,0.0714,
57,60,True,0.713163,0.768,none,,,False,,57,0,0.1019,0.0282,
57,65,True,0.564025,0.0036,none,,,False,,57,0,0.0969,-0.0587,
57,83,True,0.64342,0.4106,none,,,False,,57,0,0.068,-0.0906,
57,62,True,0.542221,-0.1081,none,,,False,,57,0,0.141,-0.2101,
57,46,True,0.524616,-0.1984,none,,,False,,57,0,0.069,-0.2286,
57,4,True,0.499721,-0.326,none,,,False,,57,0,0.0615,-0.2532,
57,14,True,0.44739,-0.5942,none,,,False,,57,0,0.0577,-0.2694,
57,90,True,0.530944,-0.1659,none,,,False,,57,0,0.0572,-0.2859,
57,33,True,0.541027,-0.1143,none,,,False,,57,0,0.0577,-0.3646,
57,37,True,0.458693,-0.5363,none,,,False,,57,0,0.1623,-0.4779,
57,50,True,0.513414,-0.2558,none,,,False,,57,0,0.0829,-0.4868,
57,32,True,0.426962,-0.6989,cusum,,,True,negative,57,0,0.3474,-1.3824,
57,5,True,0.273304,-1.4865,none,,,False,,57,0,0.3233,-1.8245,
57,43,True,0.21674,-1.7764,none,,,False,,57,0,0.3233,-1.7226,
57,80,True,0.337846,-1.1557,none,,,False,,57,0,0.3233,-1.6161,
57,49,True,0.258604,-1.5619,none,,,False,,57,0,0.3177,-0.511,
57,82,True,0.358516,-1.0498,none,,,False,,57,0,0.3123,-1.483,
57,36,True,0.335772,-1.1663,none,,,False,,57,0,0.3071,-1.5965,
57,71,True,0.243879,-1.6373,none,,,False,,57,0,0.3071,-1.7998,
57,98,True,0.405107,-0.8109,none,,,False,,57,0,0.2793,-1.0955,
57,8,True,0.363599,-1.0237,none,,,False,,57,0,0.2761,-0.6632,
57,58,True,0.50688,-0.2893,none,,,False,,57,0,0.2751,-1.367,
57,17,True,0.124444,-2.2495,none,,,False,,57,0,0.2742,-1.9847,
58,24,True,1.483223,3.0,none,,,False,,58,0,0.26,4.0772,
58,66,True,1.045522,2.5686,cusum,,,True,positive,58,0,0.26,3.2026,
58,40,True,0.982818,2.2124,cusum,,,True,positive,58,0,0.2576,3.0219,
58,75,True,0.924625,1.8819,cusum,,,True,positive,58,0,0.2582,2.4955,
58,72,True,0.79471,1.144,cusum,,,True,positive,58,0,0.2582,2.2679,
58,91,True,0.674968,0.4638,cusum,,,True,positive,58,0,0.256,2.2665,
58,84,True,0.712318,0.676,none,,,False,,58,0,0.2571,2.1884,
58,56,True,0.763911,0.969,cusum,,,True,positive,58,0,0.2576,2.1159,
58,22,True,0.721396,0.7275,none,,,False,,58,0,0.2555,1.9079,
58,26,True,0.794453,1.1425,none,,,False,,58,0,0.26,1.8241,
58,55,True,0.680963,0.4979,none,,,False,,58,0,0.2588,1.7042,
58,1,True,0.672544,0.45,none,,,False,,58,0,0.26,0.7944,
58,99,True,0.658609,0.3709,none,,,False,,58,0,0.1134,0.7102,
58,2,True,0.705319,0.6362,none,,,False,,58,0,0.2576,0.5671,
58,53,True,0.687804,0.5367,none,,,False,,58,0,0.0571,0.5491,
58,97,True,0.713341,0.6818,none,,,False,,58,0,0.0982,0.5477,
58,11,True,0.71081,0.6674,none,,,False,,58,0,0.0614,0.5075,
58,21,True,0.7118,0.673,none,,,False,,58,0,0.2576,0.5057,
58,83,True,0.594543,0.007,none,,,False,,58,0,0.067,0.4394,
58,60,True,0.739337,0.8294,none,,,False,,58,0,0.0982,0.3994,
58,96,True,0.648589,0.314,none,,,False,,58,0,0.2588,0.2893,
58,52,True,0.546296,-0.2671,none,,,False,,58,0,0.0576,0.2837,
58,95,True,0.492154,-0.5746,none,,,False,,58,0,0.2566,0.2402,
58,23,True,0.613485,0.1146,none,,,False,,58,0,0.1082,0.1665,
58,35,True,0.60095,0.0434,none,,,False,,58,0,0.06,0.1558,
58,42,True,0.548379,-0.2552,none,,,False,,58,0,0.0791,0.0689,
58,59,True,0.527595,-0.3733,none,,,False,,58,0,0.0607,0.0669,
58,61,True,0.592084,-0.007,none,,,False,,58,0,0.2594,0.0486,
58,65,True,0.52827,-0.3695,none,,,False,,58,0,0.0933,-0.0502,
58,9,True,0.702245,0.6187,none,,,False,,58,0,0.0628,-0.1909,
58,62,True,0.372119,-1.2564,none,,,False,,58,0,0.1357,-0.203,
58,4,True,0.515404,-0.4425,none,,,False,,58,0,0.0607,-0.2192,
58,90,True,0.568066,-0.1434,none,,,False,,58,0,0.0566,-0.2481,
58,46,True,0.533742,-0.3384,none,,,False,,58,0,0.0679,-0.3006,
58,37,True,0.387699,-1.1679,none,,,False,,58,0,0.1032,-0.3275,
58,33,True,0.562578,-0.1746,none,,,False,,58,0,0.0571,-0.3451,
58,14,True,0.604089,0.0612,none,,,False,,58,0,0.0571,-0.3939,
58,86,True,0.493889,-0.5647,none,,,False,,58,0,0.2057,-0.4897,
58,32,True,0.416018,-1.0071,none,,,False,,58,0,0.3418,-1.1417,
58,5,True,0.296493,-1.686,cusum,,,True,negative,58,0,0.3188,-1.7179,
58,43,True,0.190624,-2.2873,cusum,,,True,negative,58,0,0.3188,-1.9174,
58,80,True,0.317791,-1.565,none,,,False,,58,0,0.3188,-1.6317,
58,49,True,0.435335,-0.8973,cusum,,,True,negative,58,0,0.3134,-1.3205,
58,82,True,0.314419,-1.5842,cusum,,,True,negative,58,0,0.3082,-1.5265,
58,36,True,0.347531,-1.3961,none,,,False,,58,0,0.3032,-1.5862,
58,71,True,0.322284,-1.5395,none,,,False,,58,0,0.3032,-1.827,
58,20,True,0.234693,-2.037,none,,,False,,58,0,0.279,-2.2126,
58,87,True,0.273002,-1.8194,none,,,False,,58,0,0.279,-1.6619,
58,7,True,0.442814,-0.8549,none,,,False,,58,0,0.273,-1.9025,
58,29,True,0.280707,-1.7756,none,,,False,,58,0,0.273,-0.7765,
59,24,True,1.472883,3.0,cusum,,,True,positive,59,0,0.2593,4.0762,
59,66,True,0.971243,2.4745,none,,,False,,59,0,0.2593,3.3067,
59,40,True,0.959017,2.4023,none,,,False,,59,0,0.257,3.1822,
59,75,True,0.851309,1.7667,none,,,False,,59,0,0.2575,2.81,
59,72,True,0.729807,1.0496,none,,,False,,59,0,0.2575,2.2466,
59,26,True,0.710299,0.9345,none,,,False,,59,0,0.2593,2.1534,
59,84,True,0.619166,0.3967,none,,,False,,59,0,0.2565,2.0453,
59,22,True,0.639758,0.5182,none,,,False,,59,0,0.2549,1.9598,
59,56,True,0.662221,0.6508,none,,,False,,59,0,0.257,1.9421,
59,91,True,0.789666,1.4029,none,,,False,,59,0,0.2554,1.9411,
59,55,True,0.710596,0.9363,none,,,False,,59,0,0.2581,1.7615,
59,53,True,0.465052,-0.5128,cusum,,,True,positive,59,0,0.2565,1.4973,
59,60,True,0.716533,0.9713,none,,,False,,59,0,0.0946,0.8957,
59,1,True,0.75784,1.2151,none,,,False,,59,0,0.2593,0.773,
59,2,True,0.666807,0.6778,none,,,False,,59,0,0.257,0.7264,
59,97,True,0.633265,0.4799,none,,,False,,59,0,0.0946,0.6313,
59,11,True,0.729786,1.0495,none,,,False,,59,0,0.0606,0.6256,
59,99,True,0.608687,0.3348,none,,,False,,59,0,0.1094,0.589,
59,21,True,0.673072,0.7148,none,,,False,,59,0,0.257,0.5587,
59,83,True,0.610643,0.3464,none,,,False,,59,0,0.066,0.3133,
59,35,True,0.661377,0.6458,none,,,False,,59,0,0.0593,0.2076,
59,96,True,0.641422,0.528,none,,,False,,59,0,0.2581,0.1565,
59,52,True,0.61672,0.3822,none,,,False,,59,0,0.057,0.1454,
59,95,True,0.584951,0.1948,none,,,False,,59,0,0.2559,0.1364,
59,61,True,0.554424,0.0146,none,,,False,,59,0,0.2587,0.0325,
59,23,True,0.726674,1.0311,none,,,False,,59,0,0.1043,0.0077,
59,42,True,0.504152,-0.2821,none,,,False,,59,0,0.076,-0.0049,
59,59,True,0.47649,-0.4453,none,,,False,,59,0,0.0599,-0.0303,
59,9,True,0.549477,-0.0146,none,,,False,,59,0,0.062,-0.0351,
59,65,True,0.505099,-0.2765,none,,,False,,59,0,0.0898,-0.0365,
59,90,True,0.395466,-0.9235,none,,,False,,59,0,0.0559,-0.1279,
59,46,True,0.532984,-0.1119,none,,,False,,59,0,0.0669,-0.1484,
59,4,True,0.485992,-0.3893,none,,,False,,59,0,0.0599,-0.2375,
59,33,True,0.534051,-0.1056,none,,,False,,59,0,0.0565,-0.2503,
59,14,True,0.548642,-0.0195,none,,,False,,59,0,0.0565,-0.3113,
59,86,True,0.542987,-0.0529,none,,,False,,59,0,0.0994,-0.493,
59,50,True,0.478761,-0.4319,none,,,False,,59,0,0.0694,-0.4949,
59,47,True,0.47534,-0.4521,none,,,False,,59,0,0.1959,-0.4974,
59,32,True,0.438228,-0.6711,none,,,False,,59,0,0.3366,-1.1579,
59,5,True,0.278647,-1.6129,none,,,False,,59,0,0.3145,-1.8111,
59,43,True,0.271361,-1.6559,none,,,False,,59,0,0.3145,-2.1363,
59,80,True,0.345594,-1.2178,cusum,,,True,negative,59,0,0.3145,-1.7073,
59,49,True,0.447563,-0.6161,none,,,False,,59,0,0.3094,-1.4025,
59,82,True,0.260647,-1.7192,none,,,False,,59,0,0.3043,-1.6668,
59,36,True,0.360182,-1.1317,none,,,False,,59,0,0.2994,-1.508,
59,71,True,0.289016,-1.5517,cusum,,,True,negative,59,0,0.2994,-1.9119,
59,30,True,0.127058,-2.5075,none,,,False,,59,0,0.2787,-1.892,
59,77,True,0.211685,-2.0081,none,,,False,,59,0,0.2778,-1.5085,
59,19,True,0.415983,-0.8024,none,,,False,,59,0,0.2747,-0.5811,
59,58,True,0.427155,-0.7365,none,,,False,,59,0,0.2737,-0.5083,
60,24,True,1.491302,3.0,none,,,False,,60,0,0.2586,4.0754,
60,66,True,1.251152,3.0,cusum,,,True,positive,60,0,0.2586,3.4917,
60,40,True,1.026678,2.4767,cusum,,,True,positive,60,0,0.2564,3.3088,
60,75,True,0.915948,1.8514,cusum,,,True,positive,60,0,0.2569,2.8904,
60,72,True,0.679894,0.5183,none,,,False,,60,0,0.2569,2.334,
60,26,True,0.76732,1.012,none,,,False,,60,0,0.2586,2.1912,
60,91,True,0.852536,1.4933,none,,,False,,60,0,0.2548,2.1409,
60,56,True,0.760431,0.9731,none,,,False,,60,0,0.2564,1.9348,
60,84,True,0.805532,1.2278,none,,,False,,60,0,0.2558,1.9013,
60,1,True,0.703733,0.6529,cusum,,,True,positive,60,0,0.2586,1.8719,
60,22,True,0.59283,0.0266,none,,,False,,60,0,0.2544,1.857,
60,11,True,0.59913,0.0622,cusum,,,True,positive,60,0,0.2598,1.809,
60,55,True,0.580337,-0.0439,none,,,False,,60,0,0.2574,1.6766,
60,53,True,0.719115,0.7398,none,,,False,,60,0,0.2558,1.2146,
60,60,True,0.581224,-0.0389,none,,,False,,60,0,0.0911,0.9543,
60,2,True,0.642094,0.3048,none,,,False,,60,0,0.0564,0.7979,
60,21,True,0.629143,0.2317,none,,,False,,60,0,0.0564,0.7135,
60,97,True,0.674346,0.487,none,,,False,,60,0,0.0911,0.6058,
60,99,True,0.677039,0.5022,none,,,False,,60,0,0.1055,0.5562,
60,23,True,0.403257,-1.0439,none,,,False,,60,0,0.1006,0.5005,
60,35,True,0.631523,0.2451,none,,,False,,60,0,0.0586,0.3737,
60,83,True,0.61665,0.1611,none,,,False,,60,0,0.065,0.3392,
60,52,True,0.601925,0.078,none,,,False,,60,0,0.0564,0.2765,
60,96,True,0.660569,0.4092,none,,,False,,60,0,0.2574,0.2703,
60,95,True,0.591676,0.0201,none,,,False,,60,0,0.0553,0.0587,
60,61,True,0.577168,-0.0618,none,,,False,,60,0,0.058,0.0321,
60,9,True,0.655,0.3777,none,,,False,,60,0,0.0612,-0.0227,
60,33,True,0.385466,-1.1444,none,,,False,,60,0,0.0558,-0.0601,
60,42,True,0.290389,-1.6813,none,,,False,,60,0,0.0731,-0.089,
60,14,True,0.600038,0.0673,none,,,False,,60,0,0.0558,-0.1128,
60,65,True,0.561121,-0.1524,none,,,False,,60,0,0.0865,-0.1179,
60,46,True,0.472192,-0.6547,none,,,False,,60,0,0.0659,-0.1305,
60,59,True,0.52775,-0.3409,none,,,False,,60,0,0.0592,-0.2046,
60,47,True,0.462943,-0.7069,none,,,False,,60,0,0.1317,-0.2522,
60,4,True,0.53043,-0.3258,none,,,False,,60,0,0.0592,-0.3097,
60,50,True,0.498143,-0.5081,none,,,False,,60,0,0.0626,-0.3244,
60,90,True,0.465166,-0.6943,none,,,False,,60,0,0.0553,-0.3402,
60,86,True,0.584555,-0.0201,none,,,False,,60,0,0.0958,-0.4306,
60,62,True,0.4872,-0.5699,none,,,False,,60,0,0.1375,-0.4974,
60,32,True,0.331762,-1.4477,none,,,False,,60,0,0.3317,-1.1745,
60,5,True,0.27268,-1.7814,cusum,,,True,negative,60,0,0.3105,-1.9885,
60,43,True,0.279361,-1.7436,cusum,,,True,negative,60,0,0.3105,-2.3,
60,80,True,0.340933,-1.3959,none,,,False,,60,0,0.3105,-1.7062,
60,49,True,0.461818,-0.7132,none,,,False,,60,0,0.3055,-1.4208,
60,82,True,0.310568,-1.5674,cusum,,,True,negative,60,0,0.3006,-1.849,
60,36,True,0.267039,-1.8132,cusum,,,True,negative,60,0,0.2958,-1.6314,
60,71,True,0.270482,-1.7938,none,,,False,,60,0,0.2958,-1.9762,
60,17,True,0.135736,-2.5547,none,,,False,,60,0,0.2784,-2.2067,
60,98,True,0.323178,-1.4962,none,,,False,,60,0,0.2775,-0.7047,
60,54,True,0.72864,0.7936,none,,,False,,60,0,0.2738,-0.8254,
61,24,True,1.512236,3.0,cusum,,,True,positive,61,0,0.2579,4.0745,
61,66,True,1.079961,2.6047,none,,,False,,61,0,0.2579,3.7556,
61,40,True,0.922246,1.7285,none,,,False,,61,0,0.2557,3.4352,
61,75,True,0.967177,1.9781,none,,,False,,61,0,0.2563,2.9055,
61,91,True,0.820369,1.1626,none,,,False,,61,0,0.2543,2.1893,
61,26,True,0.774536,0.9079,cusum,,,True,positive,61,0,0.2579,2.1042,
61,72,True,0.641366,0.1681,none,,,False,,61,0,0.2563,1.9761,
61,56,True,0.681103,0.3889,none,,,False,,61,0,0.2557,1.9357,
61,1,True,0.611338,0.0013,none,,,False,,61,0,0.2579,1.8472,
61,84,True,0.706509,0.53,cusum,,,True,positive,61,0,0.2552,1.8375,
61,11,True,0.62667,0.0865,none,,,False,,61,0,0.2591,1.6693,
61,55,True,0.75801,0.8161,none,,,False,,61,0,0.2568,1.5363,
61,22,True,0.7464,0.7516,none,,,False,,61,0,0.2538,1.4928,
61,53,True,0.786358,0.9736,none,,,False,,61,0,0.2552,1.3253,
61,60,True,0.648618,0.2084,none,,,False,,61,0,0.0878,0.6835,
61,97,True,0.684725,0.409,none,,,False,,61,0,0.0878,0.6458,
61,21,True,0.578226,-0.1826,none,,,False,,61,0,0.0557,0.6113,
61,2,True,0.673089,0.3444,none,,,False,,61,0,0.0557,0.6111,
61,99,True,0.629813,0.104,none,,,False,,61,0,0.1018,0.5047,
61,96,True,0.676158,0.3614,none,,,False,,61,0,0.0568,0.49,
61,9,True,0.758669,0.8198,none,,,False,,61,0,0.0604,0.4054,
61,35,True,0.610858,-0.0013,none,,,False,,61,0,0.0579,0.386,
61,83,True,0.646103,0.1945,none,,,False,,61,0,0.0641,0.2548,
61,52,True,0.598101,-0.0722,none,,,False,,61,0,0.0557,0.1358,
61,23,True,0.800265,1.0509,none,,,False,,61,0,0.097,0.1339,
61,14,True,0.552936,-0.3231,none,,,False,,61,0,0.0552,0.107,
61,61,True,0.618002,0.0384,none,,,False,,61,0,0.0573,0.0557,
61,95,True,0.617674,0.0365,none,,,False,,61,0,0.0547,-0.0499,
61,86,True,0.553123,-0.3221,none,,,False,,61,0,0.0924,-0.1145,
61,65,True,0.556466,-0.3035,none,,,False,,61,0,0.0834,-0.1716,
61,46,True,0.478919,-0.7343,none,,,False,,61,0,0.0649,-0.2838,
61,4,True,0.523994,-0.4839,none,,,False,,61,0,0.0585,-0.3105,
61,59,True,0.56312,-0.2665,none,,,False,,61,0,0.0585,-0.3111,
61,50,True,0.501446,-0.6091,none,,,False,,61,0,0.0618,-0.3185,
61,33,True,0.513997,-0.5394,none,,,False,,61,0,0.0552,-0.4042,
61,54,True,0.629645,0.103,none,,,False,,61,0,0.1066,-0.4242,
61,47,True,0.411945,-1.1064,none,,,False,,61,0,0.127,-0.4574,
61,38,True,0.451071,-0.889,none,,,False,,61,0,0.1906,-0.4987,
61,6,True,0.500448,-0.6147,none,,,False,,61,0,0.102,-0.5028,
61,32,True,0.4047,-1.1466,cusum,,,True,negative,61,0,0.327,-1.4273,
61,5,True,0.217759,-2.1851,none,,,False,,61,0,0.3066,-2.0892,
61,43,True,0.263264,-1.9323,none,,,False,,61,0,0.3066,-2.2914,
61,80,True,0.330553,-1.5585,none,,,False,,61,0,0.3066,-1.7887,
61,49,True,0.411371,-1.1095,none,,,False,,61,0,0.3018,-1.1401,
61,82,True,0.420083,-1.0611,none,,,False,,61,0,0.297,-2.0236,
61,36,True,0.21241,-2.2148,none,,,False,,61,0,0.2924,-1.849,
61,71,True,0.222061,-2.1612,cusum,,,True,negative,61,0,0.2924,-2.0303,
61,7,True,0.40147,-1.1645,none,,,False,,61,0,0.2772,-1.4979,
61,20,True,0.162206,-2.4937,none,,,False,,61,0,0.2772,-2.4116,
61,29,True,0.289858,-1.7846,none,,,False,,61,0,0.2772,-1.6064,
62,24,True,1.661213,3.0,none,,,False,,62,0,0.2572,4.0737,
62,66,True,1.106175,2.7666,cusum,,,True,positive,62,0,0.2572,3.7668,
62,40,True,1.023846,2.366,cusum,,,True,positive,62,0,0.2551,3.2732,
62,75,True,0.552409,0.0718,cusum,,,True,positive,62,0,0.2556,2.9368,
62,91,True,0.808075,1.316,cusum,,,True,positive,62,0,0.2537,2.4216,
62,26,True,0.798954,1.2716,none,,,False,,62,0,0.2572,2.0252,
62,84,True,0.730748,0.9397,none,,,False,,62,0,0.2547,1.7882,
62,56,True,0.82324,1.3898,none,,,False,,62,0,0.2551,1.7416,
62,1,True,0.483595,-0.263,none,,,False,,62,0,0.2572,1.6968,
62,72,True,0.634367,0.4707,none,,,False,,62,0,0.2556,1.6501,
62,11,True,0.522094,-0.0757,none,,,False,,62,0,0.2584,1.4748,
62,53,True,0.780215,1.1804,none,,,False,,62,0,0.2547,1.4702,
62,55,True,0.665873,0.624,none,,,False,,62,0,0.2562,0.6417,
62,97,True,0.63422,0.4699,none,,,False,,62,0,0.0847,0.5531,
62,2,True,0.742703,0.9979,none,,,False,,62,0,0.0551,0.5131,
62,96,True,0.680074,0.6931,none,,,False,,62,0,0.0562,0.505,
62,22,True,0.688296,0.7331,none,,,False,,62,0,0.2533,0.5002,
62,60,True,0.734591,0.9584,none,,,False,,62,0,0.0847,0.4748,
62,9,True,0.375236,-0.7903,none,,,False,,62,0,0.0597,0.4715,
62,23,True,0.684465,0.7145,none,,,False,,62,0,0.0936,0.4441,
62,99,True,0.680739,0.6963,none,,,False,,62,0,0.0982,0.4137,
62,35,True,0.619199,0.3969,none,,,False,,62,0,0.0572,0.3703,
62,21,True,0.414109,-0.6012,none,,,False,,62,0,0.0551,0.3253,
62,83,True,0.645882,0.5267,none,,,False,,62,0,0.0632,0.3162,
62,52,True,0.44605,-0.4457,none,,,False,,62,0,0.0551,0.2001,
62,95,True,0.593402,0.2713,none,,,False,,62,0,0.0542,0.1531,
62,61,True,0.405852,-0.6413,none,,,False,,62,0,0.0567,0.07,
62,14,True,0.549771,0.059,none,,,False,,62,0,0.0547,-0.0218,
62,86,True,0.50696,-0.1493,none,,,False,,62,0,0.0891,-0.0355,
62,65,True,0.361979,-0.8548,none,,,False,,62,0,0.0803,-0.1513,
62,54,True,0.652266,0.5578,none,,,False,,62,0,0.1029,-0.2404,
62,59,True,0.554414,0.0816,none,,,False,,62,0,0.0578,-0.2764,
62,4,True,0.502948,-0.1689,none,,,False,,62,0,0.0578,-0.3251,
62,46,True,0.469798,-0.3302,none,,,False,,62,0,0.064,-0.417,
62,50,True,0.406913,-0.6362,none,,,False,,62,0,0.061,-0.4373,
62,6,True,0.525523,-0.059,none,,,False,,62,0,0.0666,-0.4892,
62,85,True,0.480135,-0.2799,none,,,False,,62,0,0.0995,-0.5079,
62,68,True,0.672431,0.6559,none,,,False,,62,0,0.1607,-0.5135,
62,90,True,0.488169,-0.2408,none,,,False,,62,0,0.0603,-0.5171,
62,32,True,0.423266,-0.5566,none,,,False,,62,0,0.3226,-1.4767,
62,5,True,0.243561,-1.4311,cusum,,,True,negative,62,0,0.3029,-2.2577,
62,43,True,0.209484,-1.5969,cusum,,,True,negative,62,0,0.3029,-2.1752,
62,80,True,0.344689,-0.939,cusum,,,True,negative,62,0,0.3029,-1.7887,
62,49,True,0.404563,-0.6476,none,,,False,,62,0,0.2982,-1.2129,
62,82,True,0.297126,-1.1704,none,,,False,,62,0,0.2936,-1.8512,
62,36,True,0.276715,-1.2698,cusum,,,True,negative,62,0,0.2891,-2.1237,
62,71,True,0.20877,-1.6004,none,,,False,,62,0,0.2891,-2.2393,
62,87,True,0.341006,-0.9569,none,,,False,,62,0,0.2826,-1.5799,
62,58,True,0.301346,-1.1499,none,,,False,,62,0,0.2779,-0.7163,
62,30,True,0.224915,-1.5218,none,,,False,,62,0,0.277,-2.3349,
63,24,True,1.590791,3.0,cusum,,,True,positive,63,0,0.2566,4.0729,
63,66,True,1.080706,2.4468,none,,,False,,63,0,0.2566,3.8634,
63,40,True,1.020794,2.139,none,,,False,,63,0,0.2546,3.2604,
63,91,True,0.775595,0.8793,none,,,False,,63,0,0.2532,2.392,
63,75,True,1.004217,2.0539,none,,,False,,63,0,0.2551,2.3711,
63,26,True,0.591004,-0.069,none,,,False,,63,0,0.2566,2.1368,
63,53,True,0.778016,0.8918,none,,,False,,63,0,0.2541,2.0339,
63,56,True,0.675956,0.3675,cusum,,,True,positive,63,0,0.2546,1.9873,
63,84,True,0.774196,0.8722,none,,,False,,63,0,0.2541,1.9685,
63,2,True,0.64166,0.1913,cusum,,,True,positive,63,0,0.2546,1.619,
63,97,True,0.738803,0.6903,cusum,,,True,positive,63,0,0.2817,1.5482,
63,1,True,0.771238,0.857,none,,,False,,63,0,0.2566,1.2033,
63,11,True,0.668758,0.3305,none,,,False,,63,0,0.2577,1.0989,
63,54,True,0.630921,0.1361,none,,,False,,63,0,0.0994,0.5848,
63,22,True,0.623487,0.0979,none,,,False,,63,0,0.2527,0.5712,
63,96,True,0.744108,0.7176,none,,,False,,63,0,0.0556,0.5593,
63,55,True,0.708647,0.5354,none,,,False,,63,0,0.2556,0.5368,
63,99,True,0.61187,0.0382,none,,,False,,63,0,0.0948,0.5322,
63,60,True,0.661793,0.2947,none,,,False,,63,0,0.0817,0.4688,
63,72,True,0.746214,0.7284,none,,,False,,63,0,0.2551,0.4564,
63,83,True,0.619064,0.0752,none,,,False,,63,0,0.0623,0.3752,
63,23,True,0.58282,-0.111,none,,,False,,63,0,0.0904,0.3367,
63,35,True,0.723489,0.6117,none,,,False,,63,0,0.0566,0.2865,
63,9,True,0.606299,0.0096,none,,,False,,63,0,0.0589,0.212,
63,95,True,0.480472,-0.6368,none,,,False,,63,0,0.0536,0.178,
63,14,True,0.531109,-0.3767,none,,,False,,63,0,0.0541,0.0037,
63,86,True,0.475814,-0.6608,none,,,False,,63,0,0.086,-0.0693,
63,52,True,0.589545,-0.0765,none,,,False,,63,0,0.0546,-0.0766,
63,59,True,0.552533,-0.2666,none,,,False,,63,0,0.0572,-0.1016,
63,21,True,0.656246,0.2662,none,,,False,,63,0,0.0546,-0.114,
63,61,True,0.60256,-0.0096,none,,,False,,63,0,0.0561,-0.1494,
63,68,True,0.624755,0.1044,none,,,False,,63,0,0.0732,-0.2523,
63,4,True,0.523696,-0.4148,none,,,False,,63,0,0.0572,-0.2524,
63,65,True,0.470465,-0.6882,none,,,False,,63,0,0.0774,-0.3456,
63,85,True,0.395936,-1.0711,none,,,False,,63,0,0.0647,-0.3733,
63,6,True,0.317265,-1.4753,none,,,False,,63,0,0.0656,-0.4396,
63,46,True,0.507777,-0.4965,none,,,False,,63,0,0.0631,-0.4908,
63,50,True,0.500241,-0.5353,none,,,False,,63,0,0.0602,-0.5064,
63,41,True,0.495323,-0.5605,none,,,False,,63,0,0.1496,-0.5175,
63,32,True,0.407982,-1.0092,none,,,False,,63,0,0.3184,-1.4412,
63,5,True,0.299761,-1.5652,none,,,False,,63,0,0.2994,-2.1992,
63,43,True,0.297749,-1.5755,none,,,False,,63,0,0.2994,-2.1576,
63,80,True,0.353357,-1.2899,none,,,False,,63,0,0.2994,-1.6978,
63,49,True,0.066093,-2.7657,none,,,False,,63,0,0.2948,-0.7254,
63,82,True,0.291834,-1.6059,cusum,,,True,negative,63,0,0.2904,-1.6701,
63,36,True,0.347649,-1.3192,none,,,False,,63,0,0.286,-2.1714,
63,71,True,0.069182,-2.7498,cusum,,,True,negative,63,0,0.286,-2.2573,
63,77,True,0.179053,-2.1853,none,,,False,,63,0,0.2814,-2.158,
63,88,True,1.062771,2.3547,none,,,False,,63,0,0.2785,-0.5447,
63,17,True,0.226196,-1.9431,none,,,False,,63,0,0.2767,-2.568,
64,24,True,1.510209,3.0,none,,,False,,64,0,0.256,4.0722,
64,66,True,1.037671,2.1013,cusum,,,True,positive,64,0,0.256,3.6782,
64,40,True,0.95237,1.6651,cusum,,,True,positive,64,0,0.254,3.1472,
64,75,True,0.87052,1.2465,none,,,False,,64,0,0.2545,2.438,
64,91,True,0.758702,0.6747,none,,,False,,64,0,0.2527,2.1867,
64,53,True,0.642701,0.0815,cusum,,,True,positive,64,0,0.2535,2.0839,
64,84,True,0.737053,0.564,none,,,False,,64,0,0.2535,1.8493,
64,56,True,0.83771,1.0787,none,,,False,,64,0,0.254,1.7847,
64,26,True,0.869152,1.2395,none,,,False,,64,0,0.256,1.7757,
64,97,True,0.73866,0.5722,none,,,False,,64,0,0.2787,1.6144,
64,2,True,0.75862,0.6743,none,,,False,,64,0,0.254,1.5805,
64,1,True,0.728724,0.5214,none,,,False,,64,0,0.256,1.2706,
64,11,True,0.638033,0.0576,none,,,False,,64,0,0.2571,1.1875,
64,55,True,0.625133,-0.0083,none,,,False,,64,0,0.255,0.7292,
64,96,True,0.704361,0.3968,none,,,False,,64,0,0.055,0.6614,
64,23,True,0.852093,1.1523,none,,,False,,64,0,0.0872,0.6459,
64,22,True,0.617322,-0.0483,none,,,False,,64,0,0.2522,0.5944,
64,60,True,0.700708,0.3781,none,,,False,,64,0,0.0787,0.5785,
64,72,True,0.745931,0.6094,none,,,False,,64,0,0.2545,0.5258,
64,88,True,0.992892,1.8723,none,,,False,,64,0,0.1295,0.4408,
64,35,True,0.548145,-0.402,none,,,False,,64,0,0.056,0.4079,
64,99,True,0.672223,0.2325,none,,,False,,64,0,0.0916,0.3757,
64,54,True,0.653696,0.1377,none,,,False,,64,0,0.096,0.3637,
64,83,True,0.666706,0.2043,none,,,False,,64,0,0.0615,0.3455,
64,9,True,0.701438,0.3819,none,,,False,,64,0,0.0582,0.0884,
64,68,True,0.747875,0.6193,none,,,False,,64,0,0.0705,0.0724,
64,95,True,0.601845,-0.1274,none,,,False,,64,0,0.0531,-0.0416,
64,59,True,0.508396,-0.6053,none,,,False,,64,0,0.0565,-0.0776,
64,21,True,0.750547,0.633,none,,,False,,64,0,0.054,-0.1032,
64,52,True,0.524042,-0.5253,none,,,False,,64,0,0.054,-0.1288,
64,61,True,0.476355,-0.7691,none,,,False,,64,0,0.0555,-0.1328,
64,14,True,0.62839,0.0083,none,,,False,,64,0,0.0535,-0.1449,
64,4,True,0.489825,-0.7002,none,,,False,,64,0,0.0565,-0.2829,
64,86,True,0.548801,-0.3987,none,,,False,,64,0,0.083,-0.2845,
64,46,True,0.572463,-0.2777,none,,,False,,64,0,0.0622,-0.4392,
64,50,True,0.410674,-1.105,none,,,False,,64,0,0.0595,-0.5164,
64,78,True,0.490506,-0.6968,none,,,False,,64,0,0.2678,-0.5195,
64,65,True,0.446339,-0.9226,none,,,False,,64,0,0.0746,-0.5257,
64,33,True,0.529904,-0.4953,none,,,False,,64,0,0.0654,-0.5265,
64,32,True,0.462648,-0.8392,none,,,False,,64,0,0.3145,-1.2975,
64,5,True,0.294917,-1.6969,none,,,False,,64,0,0.296,-2.1291,
64,43,True,0.259791,-1.8766,cusum,,,True,negative,64,0,0.296,-2.1035,
64,80,True,0.203379,-2.165,none,,,False,,64,0,0.296,-1.6644,
64,49,True,0.434907,-0.9811,cusum,,,True,negative,64,0,0.2916,-1.9114,
64,82,True,0.268176,-1.8337,none,,,False,,64,0,0.2872,-1.6847,
64,36,True,0.271634,-1.816,none,,,False,,64,0,0.283,-2.0084,
64,71,True,0.297764,-1.6824,none,,,False,,64,0,0.283,-2.5776,
64,98,True,0.321233,-1.5624,none,,,False,,64,0,0.281,-0.9721,
64,45,True,0.234348,-2.0067,none,,,False,,64,0,0.2772,-1.3827,
64,7,True,0.245424,-1.95,none,,,False,,64,0,0.2756,-1.0903,
65,24,True,1.563957,3.0,cusum,,,True,positive,65,0,0.2554,4.0714,
65,66,True,1.150313,3.0,none,,,False,,65,0,0.2554,3.5097,
65,40,True,1.049191,2.957,none,,,False,,65,0,0.2535,3.1254,
65,88,True,1.000922,2.653,cusum,,,True,positive,65,0,0.3252,2.2439,
65,75,True,0.99269,2.6012,cusum,,,True,positive,65,0,0.2539,2.1934,
65,91,True,0.729396,0.9431,none,,,False,,65,0,0.2522,2.0235,
65,56,True,0.716584,0.8624,none,,,False,,65,0,0.2535,2.014,
65,26,True,0.745636,1.0454,none,,,False,,65,0,0.2554,1.8855,
65,84,True,0.754448,1.1009,none,,,False,,65,0,0.253,1.86,
65,53,True,0.681899,0.644,none,,,False,,65,0,0.253,1.7859,
65,2,True,0.683723,0.6555,none,,,False,,65,0,0.2535,1.6898,
65,72,True,0.684995,0.6635,cusum,,,True,positive,65,0,0.2539,1.6722,
65,97,True,0.566993,-0.0796,none,,,False,,65,0,0.2759,1.6673,
65,23,True,0.639137,0.3747,none,,,False,,65,0,0.0842,0.6781,
65,96,True,0.681123,0.6391,none,,,False,,65,0,0.0544,0.6725,
65,60,True,0.639661,0.378,none,,,False,,65,0,0.0759,0.6335,
65,68,True,0.614165,0.2175,none,,,False,,65,0,0.0679,0.5469,
65,55,True,0.763377,1.1571,none,,,False,,65,0,0.2544,0.4537,
65,1,True,0.748267,1.062,none,,,False,,65,0,0.2554,0.4432,
65,99,True,0.564645,-0.0944,none,,,False,,65,0,0.0885,0.4168,
65,54,True,0.534234,-0.2859,none,,,False,,65,0,0.0927,0.3734,
65,83,True,0.583867,0.0267,none,,,False,,65,0,0.0607,0.3478,
65,22,True,0.577646,-0.0125,none,,,False,,65,0,0.2517,0.3271,
65,35,True,0.520326,-0.3734,none,,,False,,65,0,0.0554,0.2736,
65,11,True,0.680706,0.6365,none,,,False,,65,0,0.2564,0.1771,
65,21,True,0.759672,1.1338,none,,,False,,65,0,0.0535,0.168,
65,14,True,0.591721,0.0762,none,,,False,,65,0,0.053,-0.0351,
65,9,True,0.589335,0.0611,none,,,False,,65,0,0.0576,-0.0584,
65,95,True,0.56825,-0.0717,none,,,False,,65,0,0.0526,-0.0969,
65,59,True,0.48825,-0.5754,none,,,False,,65,0,0.0559,-0.1913,
65,52,True,0.642599,0.3965,none,,,False,,65,0,0.0535,-0.2805,
65,46,True,0.51817,-0.387,none,,,False,,65,0,0.0614,-0.2881,
65,86,True,0.549322,-0.1908,none,,,False,,65,0,0.0801,-0.3116,
65,4,True,0.510247,-0.4369,none,,,False,,65,0,0.0559,-0.3558,
65,61,True,0.581609,0.0125,none,,,False,,65,0,0.0549,-0.4026,
65,18,True,0.359082,-1.3888,none,,,False,,65,0,0.2388,-0.5296,
65,62,True,0.496625,-0.5227,none,,,False,,65,0,0.1518,-0.5301,
65,44,True,0.524959,-0.3443,none,,,False,,65,0,0.1099,-0.5315,
65,45,True,0.452117,-0.803,cusum,,,True,negative,65,0,0.3252,-1.6008,
65,32,True,0.415381,-1.0343,none,,,False,,65,0,0.3107,-1.1974,
65,5,True,0.271953,-1.9375,cusum,,,True,negative,65,0,0.2927,-1.9682,
65,43,True,0.337627,-1.5239,none,,,False,,65,0,0.2927,-2.0868,
65,80,True,0.372785,-1.3025,cusum,,,True,negative,65,0,0.2927,-1.8684,
65,49,True,0.470779,-0.6855,none,,,False,,65,0,0.2885,-1.8703,
65,82,True,0.402146,-1.1177,cusum,,,True,negative,65,0,0.2842,-1.9438,
65,20,True,0.221643,-2.2543,none,,,False,,65,0,0.2807,-2.175,
65,29,True,0.358746,-1.391,none,,,False,,65,0,0.2807,-1.3563,
65,36,True,0.313482,-1.676,cusum,,,True,negative,65,0,0.2801,-1.877,
65,71,True,0.189343,-2.4577,cusum,,,True,negative,65,0,0.2801,-2.4196,
65,30,True,0.272677,-1.933,none,,,False,,65,0,0.2753,-1.8088,
66,24,True,1.604608,3.0,none,,,False,,66,0,0.2548,4.0707,
66,66,True,1.117041,2.4345,cusum,,,True,positive,66,0,0.2548,3.5867,
66,88,True,1.07768,2.2543,none,,,False,,66,0,0.3211,3.4024,
66,40,True,0.986431,1.8365,cusum,,,True,positive,66,0,0.2529,3.3217,
66,75,True,1.024225,2.0096,none,,,False,,66,0,0.2534,3.0359,
66,84,True,0.667167,0.3748,cusum,,,True,positive,66,0,0.2525,1.9131,
66,91,True,0.871957,1.3124,cusum,,,True,positive,66,0,0.2517,1.8986,
66,56,True,0.716353,0.6,none,,,False,,66,0,0.2529,1.8376,
66,26,True,0.748497,0.7472,cusum,,,True,positive,66,0,0.2548,1.8094,
66,72,True,0.628911,0.1997,none,,,False,,66,0,0.2534,1.7358,
66,53,True,0.606597,0.0975,none,,,False,,66,0,0.2525,1.6065,
66,2,True,0.68464,0.4548,none,,,False,,66,0,0.2529,1.5751,
66,97,True,0.73177,0.6706,none,,,False,,66,0,0.2732,1.4827,
66,60,True,0.733473,0.6784,cusum,,,True,positive,66,0,0.2732,1.4387,
66,1,True,0.777767,0.8812,none,,,False,,66,0,0.2548,0.8842,
66,21,True,0.622382,0.1698,none,,,False,,66,0,0.0529,0.7457,
66,96,True,0.748303,0.7463,none,,,False,,66,0,0.0538,0.6539,
66,55,True,0.713245,0.5858,none,,,False,,66,0,0.2538,0.6307,
66,23,True,0.748731,0.7482,none,,,False,,66,0,0.0813,0.5633,
66,11,True,0.666551,0.372,none,,,False,,66,0,0.2558,0.4137,
66,68,True,0.695803,0.5059,none,,,False,,66,0,0.0653,0.3995,
66,9,True,0.523813,-0.2815,none,,,False,,66,0,0.0569,0.2246,
66,83,True,0.529543,-0.2553,none,,,False,,66,0,0.06,0.1801,
66,99,True,0.595121,0.045,none,,,False,,66,0,0.0854,0.1516,
66,54,True,0.725698,0.6428,none,,,False,,66,0,0.0896,0.0905,
66,22,True,0.545825,-0.1807,none,,,False,,66,0,0.2513,0.078,
66,35,True,0.649827,0.2954,none,,,False,,66,0,0.0548,0.0161,
66,52,True,0.5447,-0.1859,none,,,False,,66,0,0.0529,-0.0004,
66,14,True,0.555834,-0.1349,none,,,False,,66,0,0.0525,-0.03,
66,61,True,0.543147,-0.193,none,,,False,,66,0,0.0543,-0.1854,
66,95,True,0.503621,-0.374,none,,,False,,66,0,0.0521,-0.2118,
66,46,True,0.431432,-0.7045,none,,,False,,66,0,0.0606,-0.308,
66,86,True,0.351459,-1.0706,none,,,False,,66,0,0.0773,-0.327,
66,59,True,0.575479,-0.045,none,,,False,,66,0,0.0553,-0.411,
66,4,True,0.518608,-0.3053,none,,,False,,66,0,0.0553,-0.4459,
66,79,True,0.298076,-1.315,none,,,False,,66,0,0.2106,-0.5342,
66,67,True,0.597403,0.0554,none,,,False,,66,0,0.2555,-0.5359,
66,41,True,0.456053,-0.5917,none,,,False,,66,0,0.0879,-0.5369,
66,18,True,0.4707,-0.5247,cusum,,,True,negative,66,0,0.3473,-1.1836,
66,45,True,0.369302,-0.9889,none,,,False,,66,0,0.3211,-1.5553,
66,32,True,0.406259,-0.8197,cusum,,,True,negative,66,0,0.307,-1.3589,
66,5,True,0.312126,-1.2507,none,,,False,,66,0,0.2896,-2.1387,
66,43,True,0.220011,-1.6724,cusum,,,True,negative,66,0,0.2896,-2.0642,
66,80,True,0.354101,-1.0585,none,,,False,,66,0,0.2896,-1.9913,
66,49,True,0.419526,-0.759,none,,,False,,66,0,0.2854,-1.8845,
66,82,True,0.263458,-1.4735,none,,,False,,66,0,0.2813,-1.9278,
66,36,True,0.305449,-1.2813,none,,,False,,66,0,0.2773,-2.0139,
66,71,True,0.284695,-1.3763,none,,,False,,66,0,0.2773,-2.7068,
66,17,True,0.209558,-1.7203,none,,,False,,66,0,0.2751,-2.1646,
66,77,True,0.197322,-1.7763,none,,,False,,66,0,0.2742,-1.8377,
67,24,True,1.584318,3.0,cusum,,,True,positive,67,0,0.2542,4.07,
67,66,True,1.108932,2.8441,none,,,False,,67,0,0.2542,3.5819,
67,88,True,1.081759,2.6984,cusum,,,True,positive,67,0,0.3172,3.3665,
67,40,True,1.052411,2.5411,none,,,False,,67,0,0.2524,3.2203,
67,75,True,0.968931,2.0936,cusum,,,True,positive,67,0,0.2529,3.0204,
67,26,True,0.772118,1.0386,none,,,False,,67,0,0.2542,2.0807,
67,91,True,0.793011,1.1506,none,,,False,,67,0,0.2512,2.0424,
67,56,True,0.811118,1.2477,none,,,False,,67,0,0.2524,1.9145,
67,84,True,0.752859,0.9354,none,,,False,,67,0,0.252,1.7467,
67,96,True,0.606439,0.1505,cusum,,,True,positive,67,0,0.2533,1.6628,
67,2,True,0.676985,0.5287,none,,,False,,67,0,0.2524,1.6623,
67,60,True,0.42768,-0.8077,none,,,False,,67,0,0.2706,1.5652,
67,72,True,0.798084,1.1778,none,,,False,,67,0,0.2529,1.5589,
67,97,True,0.664485,0.4617,none,,,False,,67,0,0.2706,1.4748,
67,53,True,0.678973,0.5394,none,,,False,,67,0,0.252,1.3412,
67,1,True,0.642645,0.3446,none,,,False,,67,0,0.2542,0.8915,
67,23,True,0.713726,0.7256,none,,,False,,67,0,0.0785,0.8482,
67,21,True,0.723517,0.7781,none,,,False,,67,0,0.0524,0.7129,
67,55,True,0.755347,0.9487,none,,,False,,67,0,0.0533,0.6469,
67,68,True,0.540405,-0.2034,none,,,False,,67,0,0.0644,0.5321,
67,11,True,0.591287,0.0693,none,,,False,,67,0,0.2552,0.4268,
67,54,True,0.702666,0.6664,none,,,False,,67,0,0.0866,0.2577,
67,99,True,0.653193,0.4012,none,,,False,,67,0,0.0826,0.1523,
67,9,True,0.716627,0.7412,none,,,False,,67,0,0.0563,0.1268,
67,83,True,0.622945,0.239,none,,,False,,67,0,0.0592,0.069,
67,14,True,0.499163,-0.4245,none,,,False,,67,0,0.052,0.05,
67,22,True,0.678396,0.5363,none,,,False,,67,0,0.0508,-0.0154,
67,52,True,0.552904,-0.1364,none,,,False,,67,0,0.0524,-0.0374,
67,35,True,0.704469,0.676,none,,,False,,67,0,0.0542,-0.09,
67,95,True,0.541532,-0.1974,none,,,False,,67,0,0.0516,-0.1248,
67,61,True,0.504621,-0.3952,none,,,False,,67,0,0.0538,-0.2472,
67,59,True,0.483173,-0.5102,none,,,False,,67,0,0.0547,-0.3378,
67,46,True,0.500189,-0.419,none,,,False,,67,0,0.0599,-0.3783,
67,4,True,0.510632,-0.363,none,,,False,,67,0,0.0547,-0.4101,
67,67,True,0.552676,-0.1376,none,,,False,,67,0,0.1036,-0.4641,
67,86,True,0.56542,-0.0693,none,,,False,,67,0,0.0746,-0.465,
67,41,True,0.416685,-0.8666,none,,,False,,67,0,0.0746,-0.5449,
67,90,True,0.432528,-0.7817,none,,,False,,67,0,0.0747,-0.5502,
67,18,True,0.500182,-0.419,none,,,False,,67,0,0.3424,-1.2713,
67,45,True,0.510948,-0.3613,none,,,False,,67,0,0.3172,-1.6596,
67,32,True,0.45281,-0.673,none,,,False,,67,0,0.3036,-1.2977,
67,5,True,0.257131,-1.7219,cusum,,,True,negative,67,0,0.2866,-2.0355,
67,43,True,0.163402,-2.2243,none,,,False,,67,0,0.2866,-2.0981,
67,80,True,0.360006,-1.1704,none,,,False,,67,0,0.2866,-1.9158,
67,49,True,0.488391,-0.4822,none,,,False,,67,0,0.2826,-1.2172,
67,82,True,0.289108,-1.5505,none,,,False,,67,0,0.2785,-1.8851,
67,36,True,0.308628,-1.4458,none,,,False,,67,0,0.2746,-2.0027,
67,71,True,0.221792,-1.9113,cusum,,,True,negative,67,0,0.2746,-2.2504,
67,7,True,0.458948,-0.6401,none,,,False,,67,0,0.274,-1.7398,
67,98,True,0.291646,-1.5369,none,,,False,,67,0,0.274,-1.7065,
68,24,True,1.609056,3.0,none,,,False,,68,0,0.2537,4.0693,
68,66,True,1.138747,2.5594,cusum,,,True,positive,68,0,0.2537,3.8289,
68,88,True,0.786978,0.8889,none,,,False,,68,0,0.3134,3.6395,
68,40,True,1.004561,1.9222,cusum,,,True,positive,68,0,0.2519,3.5117,
68,75,True,0.958436,1.7031,none,,,False,,68,0,0.2523,3.3022,
68,91,True,0.757131,0.7472,none,,,False,,68,0,0.2507,2.2005,
68,26,True,0.807013,0.984,none,,,False,,68,0,0.2537,2.0131,
68,56,True,0.742828,0.6792,cusum,,,True,positive,68,0,0.2519,1.9702,
68,55,True,0.693764,0.4462,cusum,,,True,positive,68,0,0.2528,1.9653,
68,84,True,0.743253,0.6812,none,,,False,,68,0,0.2515,1.8699,
68,72,True,0.696088,0.4573,none,,,False,,68,0,0.2523,1.7478,
68,23,True,0.533479,-0.315,cusum,,,True,positive,68,0,0.2758,1.7046,
68,96,True,0.725678,0.5978,none,,,False,,68,0,0.2528,1.58,
68,53,True,0.716555,0.5545,none,,,False,,68,0,0.2515,1.4932,
68,60,True,0.661042,0.2908,none,,,False,,68,0,0.2681,1.1687,
68,1,True,0.753087,0.7279,none,,,False,,68,0,0.2537,0.8319,
68,21,True,0.571953,-0.1323,none,,,False,,68,0,0.0519,0.7607,
68,2,True,0.633837,0.1616,none,,,False,,68,0,0.2519,0.6132,
68,97,True,0.636463,0.1741,none,,,False,,68,0,0.2681,0.4367,
68,54,True,0.673673,0.3508,none,,,False,,68,0,0.0838,0.4324,
68,11,True,0.641313,0.1971,none,,,False,,68,0,0.2546,0.43,
68,35,True,0.512585,-0.4142,none,,,False,,68,0,0.0537,0.2687,
68,68,True,0.644524,0.2124,none,,,False,,68,0,0.0635,0.2567,
68,9,True,0.625486,0.122,none,,,False,,68,0,0.0557,0.2458,
68,99,True,0.629606,0.1415,none,,,False,,68,0,0.0798,0.2071,
68,22,True,0.740834,0.6698,none,,,False,,68,0,0.0503,0.1789,
68,52,True,0.281351,-1.5123,none,,,False,,68,0,0.0519,0.0916,
68,83,True,0.659767,0.2848,none,,,False,,68,0,0.0585,0.0797,
68,14,True,0.54803,-0.2459,none,,,False,,68,0,0.0515,-0.0949,
68,61,True,0.539606,-0.2859,none,,,False,,68,0,0.0532,-0.1232,
68,95,True,0.574118,-0.122,none,,,False,,68,0,0.0511,-0.1487,
68,4,True,0.485992,-0.5405,none,,,False,,68,0,0.0542,-0.2984,
68,59,True,0.464498,-0.6426,none,,,False,,68,0,0.0542,-0.3069,
68,86,True,0.516804,-0.3942,none,,,False,,68,0,0.072,-0.3566,
68,46,True,0.559136,-0.1931,none,,,False,,68,0,0.0592,-0.4263,
68,67,True,0.547479,-0.2485,none,,,False,,68,0,0.1003,-0.4361,
68,90,True,0.439589,-0.7608,none,,,False,,68,0,0.0532,-0.5036,
68,34,True,0.772006,0.8178,none,,,False,,68,0,0.2737,-0.5547,
68,18,True,0.265688,-1.5867,none,,,False,,68,0,0.3376,-1.1597,
68,45,True,0.435319,-0.7811,none,,,False,,68,0,0.3134,-1.1135,
68,32,True,0.362442,-1.1272,none,,,False,,68,0,0.3003,-1.2443,
68,5,True,0.27155,-1.5589,none,,,False,,68,0,0.2838,-2.0454,
68,43,True,0.309604,-1.3781,cusum,,,True,negative,68,0,0.2838,-2.2156,
68,80,True,0.366396,-1.1084,cusum,,,True,negative,68,0,0.2838,-1.5859,
68,49,True,0.403968,-0.93,none,,,False,,68,0,0.2798,-1.0524,
68,31,True,0.197477,-1.9106,none,,,False,,68,0,0.2772,-1.3636,
68,82,True,0.396528,-0.9653,cusum,,,True,negative,68,0,0.2758,-1.7922,
68,50,True,0.334371,-1.2605,none,,,False,,68,0,0.274,-1.1826,
68,20,True,0.238155,-1.7174,none,,,False,,68,0,0.2738,-2.6784,
68,29,True,0.372818,-1.0779,none,,,False,,68,0,0.2738,-2.0671,
69,24,True,1.633508,3.0,cusum,,,True,positive,69,0,0.2531,4.0687,
69,66,True,1.138653,3.0,none,,,False,,69,0,0.2531,3.6814,
69,40,True,1.049451,2.9007,none,,,False,,69,0,0.2514,3.1662,
69,88,True,0.854827,1.7222,cusum,,,True,positive,69,0,0.3098,3.0493,
69,75,True,0.916052,2.0929,cusum,,,True,positive,69,0,0.2518,3.0023,
69,91,True,0.695678,0.7585,none,,,False,,69,0,0.2503,2.1346,
69,26,True,0.649229,0.4772,none,,,False,,69,0,0.2531,1.992,
69,56,True,0.721158,0.9127,none,,,False,,69,0,0.2514,1.9085,
69,84,True,0.63365,0.3829,none,,,False,,69,0,0.251,1.7295,
69,55,True,0.676289,0.6411,none,,,False,,69,0,0.2523,1.7277,
69,1,True,0.673421,0.6237,cusum,,,True,positive,69,0,0.2531,1.7199,
69,72,True,0.837144,1.6151,none,,,False,,69,0,0.2518,1.6784,
69,96,True,0.647381,0.466,none,,,False,,69,0,0.2523,1.5656,
69,23,True,0.565571,-0.0294,none,,,False,,69,0,0.2732,1.4733,
69,60,True,0.688663,0.716,none,,,False,,69,0,0.2657,1.1384,
69,54,True,0.680902,0.669,none,,,False,,69,0,0.081,0.6431,
69,97,True,0.653906,0.5055,none,,,False,,69,0,0.2657,0.52,
69,53,True,0.681665,0.6736,none,,,False,,69,0,0.251,0.4628,
69,2,True,0.650632,0.4857,none,,,False,,69,0,0.2514,0.4479,
69,22,True,0.686623,0.7036,none,,,False,,69,0,0.0499,0.4058,
69,21,True,0.458889,-0.6754,none,,,False,,69,0,0.0514,0.3381,
69,99,True,0.624522,0.3276,none,,,False,,69,0,0.0771,0.2843,
69,11,True,0.547569,-0.1384,none,,,False,,69,0,0.2541,0.2828,
69,9,True,0.653209,0.5013,none,,,False,,69,0,0.0551,0.2653,
69,35,True,0.66741,0.5873,none,,,False,,69,0,0.0531,0.2544,
69,68,True,0.509632,-0.3681,none,,,False,,69,0,0.0626,0.2538,
69,83,True,0.574575,0.0251,none,,,False,,69,0,0.0578,0.1649,
69,67,True,0.469933,-0.6085,none,,,False,,69,0,0.0971,-0.014,
69,95,True,0.583527,0.0793,none,,,False,,69,0,0.0506,-0.166,
69,14,True,0.527677,-0.2588,none,,,False,,69,0,0.051,-0.2028,
69,61,True,0.504645,-0.3983,none,,,False,,69,0,0.0527,-0.2233,
69,34,True,0.60212,0.1919,none,,,False,,69,0,0.1549,-0.2252,
69,59,True,0.566272,-0.0251,none,,,False,,69,0,0.0536,-0.3299,
69,4,True,0.451152,-0.7222,none,,,False,,69,0,0.0536,-0.3336,
69,46,True,0.413055,-0.9529,none,,,False,,69,0,0.0584,-0.3626,
69,86,True,0.510107,-0.3652,none,,,False,,69,0,0.0694,-0.4256,
69,90,True,0.453767,-0.7064,none,,,False,,69,0,0.0527,-0.5264,
69,31,True,0.260718,-1.8754,cusum,,,True,negative,69,0,0.3436,-2.0122,
69,18,True,0.390702,-1.0883,none,,,False,,69,0,0.3332,-1.2288,
69,45,True,0.327402,-1.4716,none,,,False,,69,0,0.3098,-1.1084,
69,32,True,0.308839,-1.584,none,,,False,,69,0,0.2971,-1.2771,
69,5,True,0.321869,-1.5051,cusum,,,True,negative,69,0,0.281,-1.9207,
69,43,True,0.29746,-1.6529,none,,,False,,69,0,0.281,-2.1685,
69,80,True,0.378535,-1.1619,none,,,False,,69,0,0.281,-1.5227,
69,30,True,0.272575,-1.8036,none,,,False,,69,0,0.2786,-2.4041,
69,36,True,0.329688,-1.4577,none,,,False,,69,0,0.2783,-1.8807,
69,41,True,0.530765,-0.2401,none,,,False,,69,0,0.2783,-1.0859,
69,71,True,0.331078,-1.4493,none,,,False,,69,0,0.2783,-2.3281,
69,49,True,0.33897,-1.4015,none,,,False,,69,0,0.2771,-0.6353,
69,15,True,0.560769,-0.0585,none,,,False,,69,0,0.2761,-0.9038,
70,24,True,1.599579,3.0,none,,,False,,70,0,0.2526,4.068,
70,66,True,1.210683,3.0,cusum,,,True,positive,70,0,0.2526,3.8692,
70,40,True,1.068448,2.9012,cusum,,,True,positive,70,0,0.251,3.5203,
70,75,True,0.766748,1.0349,none,,,False,,70,0,0.2514,3.0295,
70,88,True,0.94844,2.1589,none,,,False,,70,0,0.3064,2.8698,
70,72,True,0.651489,0.322,cusum,,,True,positive,70,0,0.2514,2.1496,
70,56,True,0.694192,0.5861,none,,,False,,70,0,0.251,2.0122,
70,91,True,0.703226,0.642,cusum,,,True,positive,70,0,0.2498,1.9494,
70,26,True,0.617116,0.1093,none,,,False,,70,0,0.2526,1.9013,
70,55,True,0.798817,1.2333,none,,,False,,70,0,0.2518,1.7455,
70,84,True,0.706733,0.6637,none,,,False,,70,0,0.2506,1.7316,
70,1,True,0.671833,0.4478,none,,,False,,70,0,0.2526,1.6335,
70,96,True,0.75693,0.9742,none,,,False,,70,0,0.2518,1.4716,
70,23,True,0.528837,-0.4368,none,,,False,,70,0,0.2707,1.2129,
70,60,True,0.628411,0.1792,none,,,False,,70,0,0.2633,1.1497,
70,22,True,0.694507,0.5881,none,,,False,,70,0,0.0495,0.7001,
70,53,True,0.757376,0.977,none,,,False,,70,0,0.2506,0.6542,
70,54,True,0.563968,-0.2194,none,,,False,,70,0,0.0783,0.6504,
70,9,True,0.719743,0.7442,none,,,False,,70,0,0.0545,0.5255,
70,97,True,0.620671,0.1313,none,,,False,,70,0,0.2633,0.4638,
70,2,True,0.615982,0.1023,none,,,False,,70,0,0.251,0.4577,
70,99,True,0.504256,-0.5888,none,,,False,,70,0,0.0745,0.3771,
70,35,True,0.710223,0.6853,none,,,False,,70,0,0.0526,0.3511,
70,83,True,0.610379,0.0677,none,,,False,,70,0,0.0572,0.2575,
70,34,True,0.770489,1.0581,none,,,False,,70,0,0.1496,0.2287,
70,11,True,0.60719,0.0479,none,,,False,,70,0,0.0535,0.112,
70,21,True,0.701838,0.6334,none,,,False,,70,0,0.051,0.0558,
70,95,True,0.58322,-0.1003,none,,,False,,70,0,0.0502,-0.0155,
70,68,True,0.594688,-0.0294,none,,,False,,70,0,0.0618,-0.0386,
70,86,True,0.509755,-0.5548,none,,,False,,70,0,0.067,-0.1917,
70,67,True,0.604196,0.0294,none,,,False,,70,0,0.094,-0.2371,
70,14,True,0.580497,-0.1172,none,,,False,,70,0,0.0506,-0.2446,
70,61,True,0.574304,-0.1555,none,,,False,,70,0,0.0522,-0.2924,
70,59,True,0.58064,-0.1163,none,,,False,,70,0,0.0531,-0.324,
70,4,True,0.524048,-0.4664,none,,,False,,70,0,0.0531,-0.4732,
70,52,True,0.347263,-1.56,none,,,False,,70,0,0.0564,-0.5453,
70,0,True,0.527575,-0.4446,none,,,False,,70,0,0.2472,-0.5575,
70,31,True,0.105029,-3.0,none,,,False,,70,0,0.3389,-2.0085,
70,18,True,0.450334,-0.9224,none,,,False,,70,0,0.329,-1.4195,
70,45,True,0.250237,-2.1602,cusum,,,True,negative,70,0,0.3064,-1.2713,
70,32,True,0.342644,-1.5885,cusum,,,True,negative,70,0,0.294,-1.5336,
70,82,True,0.444506,-0.9584,none,,,False,,70,0,0.2795,-1.7427,
70,17,True,0.248559,-2.1705,none,,,False,,70,0,0.2783,-2.4894,
70,5,True,0.313373,-1.7696,none,,,False,,70,0,0.2783,-2.0069,
70,43,True,0.27199,-2.0256,none,,,False,,70,0,0.2783,-2.1634,
70,80,True,0.388814,-1.3029,none,,,False,,70,0,0.2783,-1.5585,
70,77,True,0.188876,-2.5397,none,,,False,,70,0,0.2775,-2.4077,
70,49,True,0.384495,-1.3296,cusum,,,True,negative,70,0,0.2745,-1.3509,
70,7,True,0.428076,-1.0601,none,,,False,,70,0,0.2725,-1.1693,
70,98,True,0.327133,-1.6845,none,,,False,,70,0,0.2725,-1.4496,
71,24,True,1.485031,3.0,cusum,,,True,positive,71,0,0.2521,4.0674,
71,66,True,1.173434,2.6587,none,,,False,,71,0,0.2521,3.9206,
71,40,True,0.939949,1.5216,none,,,False,,71,0,0.2505,3.6398,
71,88,True,0.889602,1.2764,cusum,,,True,positive,71,0,0.3031,2.688,
71,75,True,0.973871,1.6868,cusum,,,True,positive,71,0,0.2509,2.676,
71,72,True,0.748457,0.589,none,,,False,,71,0,0.2509,1.8638,
71,55,True,0.694549,0.3265,none,,,False,,71,0,0.2513,1.8398,
71,56,True,0.693062,0.3193,none,,,False,,71,0,0.2505,1.7911,
71,91,True,0.892242,1.2893,none,,,False,,71,0,0.2494,1.7794,
71,96,True,0.737419,0.5353,none,,,False,,71,0,0.2513,1.7456,
71,1,True,0.699324,0.3498,none,,,False,,71,0,0.2521,1.6672,
71,23,True,0.74255,0.5603,none,,,False,,71,0,0.2683,0.8241,
71,34,True,0.600265,-0.1326,none,,,False,,71,0,0.1447,0.8105,
71,53,True,0.696998,0.3384,none,,,False,,71,0,0.2501,0.7996,
71,22,True,0.669755,0.2058,none,,,False,,71,0,0.049,0.7168,
71,84,True,0.844008,1.0544,none,,,False,,71,0,0.2501,0.6405,
71,26,True,0.790689,0.7947,none,,,False,,71,0,0.2521,0.5909,
71,9,True,0.655542,0.1366,none,,,False,,71,0,0.0539,0.5258,
71,60,True,0.608416,-0.0929,none,,,False,,71,0,0.2625,0.4775,
71,54,True,0.625717,-0.0087,none,,,False,,71,0,0.0757,0.3538,
71,35,True,0.612302,-0.074,none,,,False,,71,0,0.0521,0.3535,
71,97,True,0.744092,0.5678,none,,,False,,71,0,0.2625,0.3525,
71,2,True,0.6556,0.1368,none,,,False,,71,0,0.2505,0.315,
71,83,True,0.629286,0.0087,none,,,False,,71,0,0.0565,0.1996,
71,11,True,0.676296,0.2376,none,,,False,,71,0,0.053,0.1042,
71,99,True,0.667647,0.1955,none,,,False,,71,0,0.072,0.0459,
71,68,True,0.691711,0.3127,none,,,False,,71,0,0.061,0.0184,
71,95,True,0.495015,-0.6452,none,,,False,,71,0,0.0497,0.0164,
71,21,True,0.607066,-0.0995,none,,,False,,71,0,0.0505,0.007,
71,14,True,0.6696,0.205,none,,,False,,71,0,0.0501,-0.1427,
71,67,True,0.630688,0.0155,none,,,False,,71,0,0.091,-0.183,
71,59,True,0.393779,-1.1382,none,,,False,,71,0,0.0526,-0.1933,
71,61,True,0.270314,-1.7395,none,,,False,,71,0,0.0517,-0.2131,
71,86,True,0.46839,-0.7749,none,,,False,,71,0,0.0647,-0.3547,
71,0,True,0.347513,-1.3635,none,,,False,,71,0,0.099,-0.5082,
71,4,True,0.482986,-0.7038,none,,,False,,71,0,0.0526,-0.5083,
71,13,True,0.393715,-1.1385,none,,,False,,71,0,0.2389,-0.5622,
71,31,True,0.270439,-1.7389,cusum,,,True,negative,71,0,0.3345,-2.6473,
71,18,True,0.50492,-0.597,cusum,,,True,negative,71,0,0.325,-1.59,
71,45,True,0.182812,-2.1656,none,,,False,,71,0,0.3031,-1.8729,
71,32,True,0.399349,-1.1111,none,,,False,,71,0,0.291,-1.8404,
71,36,True,0.371323,-1.2476,none,,,False,,71,0,0.2769,-1.8092,
71,41,True,0.538411,-0.4339,none,,,False,,71,0,0.2769,-0.9804,
71,71,True,0.329635,-1.4506,none,,,False,,71,0,0.2769,-1.9932,
71,5,True,0.316512,-1.5145,cusum,,,True,negative,71,0,0.2757,-2.0241,
71,43,True,0.223827,-1.9659,cusum,,,True,negative,71,0,0.2757,-2.0985,
71,80,True,0.380854,-1.2012,cusum,,,True,negative,71,0,0.2757,-1.6041,
71,20,True,0.225077,-1.9598,none,,,False,,71,0,0.2723,-2.073,
71,29,True,0.402592,-1.0953,none,,,False,,71,0,0.2723,-1.3356,
71,49,True,0.414019,-1.0396,none,,,False,,71,0,0.272,-1.6346,
72,24,True,1.653294,3.0,none,,,False,,72,0,0.2516,4.0668,
72,66,True,1.149992,2.8538,cusum,,,True,positive,72,0,0.2516,3.953,
72,40,True,1.125563,2.7281,cusum,,,True,positive,72,0,0.25,3.5057,
72,88,True,0.995203,2.0572,none,,,False,,72,0,0.3,2.8154,
72,75,True,0.99451,2.0536,none,,,False,,72,0,0.2504,2.67,
72,91,True,0.593656,-0.0094,none,,,False,,72,0,0.249,1.9596,
72,72,True,0.610311,0.0763,none,,,False,,72,0,0.2504,1.9071,
72,55,True,0.817762,1.144,none,,,False,,72,0,0.2508,1.7993,
72,56,True,0.765927,0.8772,none,,,False,,72,0,0.25,1.6706,
72,1,True,0.691016,0.4917,none,,,False,,72,0,0.2516,1.5406,
72,23,True,0.513432,-0.4223,none,,,False,,72,0,0.266,1.1147,
72,84,True,0.672772,0.3978,none,,,False,,72,0,0.2497,0.7643,
72,53,True,0.779254,0.9458,none,,,False,,72,0,0.2497,0.727,
72,96,True,0.771073,0.9037,none,,,False,,72,0,0.2508,0.7242,
72,22,True,0.724707,0.6651,none,,,False,,72,0,0.0486,0.5617,
72,9,True,0.697363,0.5243,none,,,False,,72,0,0.0534,0.53,
72,26,True,0.788668,0.9943,none,,,False,,72,0,0.2516,0.5272,
72,34,True,0.787093,0.9861,none,,,False,,72,0,0.1401,0.4903,
72,97,True,0.720386,0.6428,none,,,False,,72,0,0.2616,0.4827,
72,35,True,0.766445,0.8799,none,,,False,,72,0,0.0516,0.4663,
72,60,True,0.535137,-0.3106,none,,,False,,72,0,0.2616,0.3485,
72,2,True,0.657991,0.3217,none,,,False,,72,0,0.25,0.3062,
72,54,True,0.666378,0.3649,none,,,False,,72,0,0.0732,0.2327,
72,11,True,0.592696,-0.0143,none,,,False,,72,0,0.0525,0.1171,
72,83,True,0.614502,0.0979,none,,,False,,72,0,0.0559,0.1068,
72,99,True,0.612736,0.0888,none,,,False,,72,0,0.0696,0.0626,
72,68,True,0.597305,0.0094,none,,,False,,72,0,0.0602,0.0508,
72,21,True,0.684772,0.4595,none,,,False,,72,0,0.05,0.0174,
72,14,True,0.60083,0.0275,none,,,False,,72,0,0.0497,0.007,
72,67,True,0.463068,-0.6815,none,,,False,,72,0,0.0882,-0.0966,
72,95,True,0.581494,-0.072,none,,,False,,72,0,0.0493,-0.1586,
72,59,True,0.578334,-0.0883,none,,,False,,72,0,0.0521,-0.3591,
72,86,True,0.512756,-0.4257,none,,,False,,72,0,0.0624,-0.4828,
72,78,True,0.485979,-0.5636,none,,,False,,72,0,0.1904,-0.5644,
72,3,True,0.333662,-1.3475,none,,,False,,72,0,0.2324,-0.5762,
72,25,True,0.477209,-0.6087,none,,,False,,72,0,0.1887,-0.5857,
72,76,True,0.569588,-0.1333,none,,,False,,72,0,0.2692,-0.5883,
72,13,True,0.407439,-0.9678,cusum,,,True,negative,72,0,0.3453,-1.3256,
72,31,True,0.209517,-1.9864,none,,,False,,72,0,0.3303,-2.5929,
72,18,True,0.508142,-0.4495,none,,,False,,72,0,0.3211,-1.2626,
72,45,True,0.404399,-0.9834,cusum,,,True,negative,72,0,0.3,-2.3362,
72,32,True,0.442471,-0.7875,none,,,False,,72,0,0.2882,-1.8366,
72,82,True,0.429612,-0.8537,none,,,False,,72,0,0.2781,-1.5723,
72,5,True,0.309021,-1.4743,none,,,False,,72,0,0.2732,-2.0106,
72,43,True,0.167716,-2.2015,none,,,False,,72,0,0.2732,-2.2957,
72,80,True,0.325451,-1.3897,none,,,False,,72,0,0.2732,-1.6363,
72,50,True,0.465782,-0.6675,none,,,False,,72,0,0.2722,-0.8915,
72,30,True,0.200463,-2.033,none,,,False,,72,0,0.2721,-1.6706,
72,36,True,0.266603,-1.6926,none,,,False,,72,0,0.2696,-1.7992,
72,41,True,0.411807,-0.9453,none,,,False,,72,0,0.2696,-0.929,
73,24,True,1.570329,3.0,cusum,,,True,positive,73,0,0.2512,4.0662,
73,66,True,1.189665,3.0,none,,,False,,73,0,0.2512,3.9037,
73,40,True,1.095719,2.8637,none,,,False,,73,0,0.2496,3.4477,
73,88,True,0.986585,2.251,cusum,,,True,positive,73,0,0.297,2.9253,
73,75,True,0.986055,2.248,cusum,,,True,positive,73,0,0.25,2.6563,
73,91,True,0.628872,0.2428,none,,,False,,73,0,0.2485,1.7031,
73,26,True,0.691846,0.5963,cusum,,,True,positive,73,0,0.2512,1.699,
73,1,True,0.706693,0.6797,none,,,False,,73,0,0.2512,1.496,
73,72,True,0.819723,1.3142,none,,,False,,73,0,0.25,1.3937,
73,55,True,0.619625,0.1909,none,,,False,,73,0,0.2504,0.9664,
73,96,True,0.748315,0.9134,none,,,False,,73,0,0.2504,0.8695,
73,53,True,0.735489,0.8413,none,,,False,,73,0,0.2492,0.8172,
73,84,True,0.753155,0.9405,none,,,False,,73,0,0.2492,0.7688,
73,34,True,0.608297,0.1273,none,,,False,,73,0,0.1358,0.7519,
73,56,True,0.761293,0.9862,none,,,False,,73,0,0.2496,0.6582,
73,35,True,0.77062,1.0386,none,,,False,,73,0,0.0512,0.5633,
73,22,True,0.766507,1.0155,none,,,False,,73,0,0.0482,0.5483,
73,9,True,0.584555,-0.006,none,,,False,,73,0,0.0529,0.537,
73,97,True,0.73887,0.8603,none,,,False,,73,0,0.0608,0.5274,
73,21,True,0.667799,0.4613,none,,,False,,73,0,0.0496,0.3952,
73,2,True,0.586689,0.006,none,,,False,,73,0,0.0496,0.251,
73,68,True,0.565124,-0.1151,none,,,False,,73,0,0.0595,0.1756,
73,11,True,0.673184,0.4916,none,,,False,,73,0,0.052,0.1578,
73,83,True,0.578955,-0.0374,none,,,False,,73,0,0.0553,0.1302,
73,54,True,0.674178,0.4972,none,,,False,,73,0,0.0708,0.1301,
73,14,True,0.278449,-1.7244,none,,,False,,73,0,0.0492,0.102,
73,60,True,0.699425,0.6389,none,,,False,,73,0,0.2608,0.0053,
73,23,True,0.662432,0.4312,none,,,False,,73,0,0.2637,-0.0174,
73,99,True,0.663162,0.4353,none,,,False,,73,0,0.0672,-0.0182,
73,67,True,0.567398,-0.1023,none,,,False,,73,0,0.0855,-0.1224,
73,95,True,0.464,-0.6828,none,,,False,,73,0,0.0489,-0.2095,
73,76,True,0.576183,-0.053,none,,,False,,73,0,0.1568,-0.2981,
73,59,True,0.572521,-0.0735,none,,,False,,73,0,0.0516,-0.3808,
73,41,True,0.548686,-0.2074,none,,,False,,73,0,0.2672,-0.4564,
73,86,True,0.519776,-0.3697,none,,,False,,73,0,0.0616,-0.504,
73,78,True,0.45139,-0.7536,none,,,False,,73,0,0.1512,-0.5336,
73,44,True,0.466401,-0.6693,none,,,False,,73,0,0.0937,-0.5971,
73,13,True,0.505403,-0.4503,none,,,False,,73,0,0.3407,-1.2514,
73,31,True,0.153793,-2.4243,cusum,,,True,negative,73,0,0.3264,-2.6326,
73,18,True,0.478147,-0.6034,none,,,False,,73,0,0.3175,-1.052,
73,45,True,0.355486,-1.292,none,,,False,,73,0,0.297,-2.1752,
73,32,True,0.390063,-1.0979,cusum,,,True,negative,73,0,0.2855,-1.5726,
73,49,True,0.493335,-0.5181,none,,,False,,73,0,0.2756,-1.6724,
73,71,True,0.373803,-1.1891,none,,,False,,73,0,0.2756,-2.0192,
73,17,True,0.242659,-1.9254,none,,,False,,73,0,0.2733,-1.8625,
73,27,True,0.345999,-1.3452,none,,,False,,73,0,0.273,-0.8469,
73,46,True,0.499139,-0.4855,none,,,False,,73,0,0.2719,-0.9463,
73,63,True,0.482784,-0.5773,none,,,False,,73,0,0.2719,-1.0265,
73,7,True,0.393327,-1.0795,none,,,False,,73,0,0.2712,-1.1356,
73,77,True,0.184275,-2.2531,none,,,False,,73,0,0.2712,-2.086,
74,24,True,1.560473,3.0,none,,,False,,74,0,0.2507,4.0657,
74,66,True,1.16484,3.0,cusum,,,True,positive,74,0,0.2507,3.9032,
74,40,True,0.99927,2.1836,cusum,,,True,positive,74,0,0.2492,3.4346,
74,75,True,0.973822,2.0492,none,,,False,,74,0,0.2495,3.0602,
74,88,True,1.132832,2.8887,none,,,False,,74,0,0.294,2.9544,
74,26,True,0.59158,0.0312,none,,,False,,74,0,0.2507,1.8608,
74,84,True,0.543571,-0.2222,cusum,,,True,positive,74,0,0.2488,1.8606,
74,96,True,0.659651,0.3906,cusum,,,True,positive,74,0,0.2499,1.8487,
74,56,True,0.618305,0.1723,cusum,,,True,positive,74,0,0.2492,1.7911,
74,53,True,0.798812,1.1253,cusum,,,True,positive,74,0,0.2488,1.7715,
74,72,True,0.692789,0.5655,none,,,False,,74,0,0.2495,1.7239,
74,22,True,0.796098,1.1109,cusum,,,True,positive,74,0,0.2478,1.6903,
74,91,True,0.749697,0.866,none,,,False,,74,0,0.2481,1.5696,
74,97,True,0.660518,0.3952,none,,,False,,74,0,0.0601,0.7694,
74,35,True,0.740864,0.8193,none,,,False,,74,0,0.0507,0.6805,
74,55,True,0.699756,0.6023,none,,,False,,74,0,0.2499,0.6183,
74,1,True,0.743084,0.8311,none,,,False,,74,0,0.2507,0.5727,
74,34,True,0.70374,0.6234,none,,,False,,74,0,0.1316,0.4387,
74,54,True,0.470409,-0.6085,none,,,False,,74,0,0.0685,0.3678,
74,21,True,0.704742,0.6286,none,,,False,,74,0,0.0492,0.3373,
74,99,True,0.495039,-0.4785,none,,,False,,74,0,0.065,0.3221,
74,11,True,0.769809,0.9722,none,,,False,,74,0,0.0515,0.3051,
74,9,True,0.634456,0.2576,none,,,False,,74,0,0.0524,0.2863,
74,23,True,0.755912,0.8988,none,,,False,,74,0,0.2615,0.2708,
74,2,True,0.691114,0.5567,none,,,False,,74,0,0.0492,0.2183,
74,60,True,0.566676,-0.1003,none,,,False,,74,0,0.2601,0.1575,
74,68,True,0.579753,-0.0312,none,,,False,,74,0,0.0587,0.1462,
74,83,True,0.555745,-0.158,none,,,False,,74,0,0.0547,0.0945,
74,76,True,0.665281,0.4203,none,,,False,,74,0,0.1517,0.0352,
74,67,True,0.59987,0.075,none,,,False,,74,0,0.0828,-0.1677,
74,59,True,0.330036,-1.3496,none,,,False,,74,0,0.0511,-0.3671,
74,95,True,0.499293,-0.456,none,,,False,,74,0,0.0485,-0.4042,
74,14,True,0.598828,0.0695,none,,,False,,74,0,0.0488,-0.4343,
74,86,True,0.496301,-0.4718,none,,,False,,74,0,0.0608,-0.4434,
74,41,True,0.49216,-0.4937,none,,,False,,74,0,0.265,-0.4466,
74,44,True,0.463567,-0.6446,none,,,False,,74,0,0.0594,-0.5479,
74,78,True,0.310201,-1.4543,none,,,False,,74,0,0.1464,-0.55,
74,27,True,0.373807,-1.1185,cusum,,,True,negative,74,0,0.3573,-1.191,
74,13,True,0.427749,-0.8337,none,,,False,,74,0,0.3364,-1.2375,
74,31,True,0.232046,-1.8669,none,,,False,,74,0,0.3226,-2.4432,
74,18,True,0.494257,-0.4826,none,,,False,,74,0,0.314,-0.9479,
74,45,True,0.459481,-0.6662,none,,,False,,74,0,0.294,-1.8875,
74,32,True,0.335026,-1.3232,none,,,False,,74,0,0.2828,-1.4104,
74,5,True,0.269694,-1.6681,none,,,False,,74,0,0.2767,-2.0016,
74,43,True,0.308405,-1.4638,none,,,False,,74,0,0.2767,-2.4798,
74,80,True,0.385076,-1.059,none,,,False,,74,0,0.2767,-1.7134,
74,82,True,0.417683,-0.8868,none,,,False,,74,0,0.2767,-0.8413,
74,98,True,0.456332,-0.6828,none,,,False,,74,0,0.2757,-2.0135,
74,36,True,0.394675,-1.0083,none,,,False,,74,0,0.2732,-1.8826,
74,20,True,0.242957,-1.8093,none,,,False,,74,0,0.271,-2.3961,
75,24,True,1.551228,3.0,cusum,,,True,positive,75,0,0.2502,4.0651,
75,66,True,1.174771,2.8733,none,,,False,,75,0,0.2502,4.0164,
75,40,True,1.039791,2.193,none,,,False,,75,0,0.2488,3.6548,
75,88,True,0.997161,1.9782,cusum,,,True,positive,75,0,0.2912,3.4902,
75,75,True,0.896883,1.4728,cusum,,,True,positive,75,0,0.2491,3.1805,
75,53,True,0.718137,0.5719,none,,,False,,75,0,0.2484,2.0333,
75,22,True,0.659837,0.2781,none,,,False,,75,0,0.2474,1.9916,
75,96,True,0.77817,0.8745,none,,,False,,75,0,0.2495,1.7999,
75,56,True,0.645236,0.2045,none,,,False,,75,0,0.2488,1.7416,
75,26,True,0.804741,1.0084,none,,,False,,75,0,0.2502,1.6057,
75,84,True,0.729656,0.63,none,,,False,,75,0,0.2484,1.4345,
75,35,True,0.753825,0.7518,none,,,False,,75,0,0.0502,0.9777,
75,1,True,0.715333,0.5578,none,,,False,,75,0,0.2502,0.7326,
75,72,True,0.695621,0.4585,none,,,False,,75,0,0.2491,0.7155,
75,97,True,0.72539,0.6085,none,,,False,,75,0,0.0593,0.7109,
75,55,True,0.710153,0.5317,none,,,False,,75,0,0.2495,0.7098,
75,34,True,0.701076,0.4859,none,,,False,,75,0,0.1277,0.688,
75,21,True,0.483456,-0.6108,none,,,False,,75,0,0.0488,0.5795,
75,11,True,0.656996,0.2638,none,,,False,,75,0,0.051,0.5494,
75,91,True,0.691627,0.4383,none,,,False,,75,0,0.2477,0.428,
75,23,True,0.668505,0.3218,none,,,False,,75,0,0.2607,0.3826,
75,2,True,0.661042,0.2842,none,,,False,,75,0,0.0488,0.3578,
75,9,True,0.30036,-1.5336,none,,,False,,75,0,0.0519,0.3261,
75,76,True,0.610912,0.0315,none,,,False,,75,0,0.1469,0.1993,
75,54,True,0.747317,0.719,none,,,False,,75,0,0.0662,0.1667,
75,60,True,0.559449,-0.2278,none,,,False,,75,0,0.2593,0.1541,
75,99,True,0.653627,0.2468,none,,,False,,75,0,0.0628,0.0963,
75,83,True,0.603698,-0.0048,none,,,False,,75,0,0.0542,0.0382,
75,68,True,0.540171,-0.325,none,,,False,,75,0,0.058,0.0306,
75,67,True,0.592045,-0.0636,none,,,False,,75,0,0.0803,-0.1492,
75,95,True,0.556175,-0.2443,none,,,False,,75,0,0.0481,-0.3416,
75,59,True,0.562724,-0.2113,none,,,False,,75,0,0.0506,-0.4381,
75,41,True,0.42155,-0.9228,none,,,False,,75,0,0.2628,-0.4677,
75,46,True,0.550767,-0.2716,none,,,False,,75,0,0.2615,-0.4693,
75,44,True,0.391455,-1.0745,none,,,False,,75,0,0.0587,-0.4756,
75,14,True,0.605614,0.0048,none,,,False,,75,0,0.0484,-0.48,
75,94,True,0.511442,-0.4698,none,,,False,,75,0,0.2697,-0.6038,
75,27,True,0.389131,-1.0862,none,,,False,,75,0,0.3522,-1.2936,
75,78,True,0.395606,-1.0536,cusum,,,True,negative,75,0,0.3418,-1.306,
75,13,True,0.420627,-0.9275,none,,,False,,75,0,0.3323,-1.1388,
75,31,True,0.241762,-1.8289,cusum,,,True,negative,75,0,0.319,-2.4883,
75,18,True,0.387771,-1.0931,none,,,False,,75,0,0.3107,-0.9118,
75,45,True,0.352665,-1.27,none,,,False,,75,0,0.2912,-1.3892,
75,32,True,0.387691,-1.0935,none,,,False,,75,0,0.2803,-1.4825,
75,29,True,0.137025,-2.3568,none,,,False,,75,0,0.2768,-1.1069,
75,90,True,0.423345,-0.9138,none,,,False,,75,0,0.2752,-0.6822,
75,69,True,0.386026,-1.1019,none,,,False,,75,0,0.2744,-0.9196,
75,49,True,0.437865,-0.8406,none,,,False,,75,0,0.2743,-0.8791,
75,71,True,0.182505,-2.1276,none,,,False,,75,0,0.2743,-1.2797,
75,92,True,0.42012,-0.93,none,,,False,,75,0,0.274,-0.8074,
76,24,True,1.655972,3.0,none,,,False,,76,0,0.2498,4.0645,
76,66,True,1.210611,3.0,cusum,,,True,positive,76,0,0.2498,4.0223,
76,40,True,1.177662,2.8916,cusum,,,True,positive,76,0,0.2484,3.4759,
76,88,True,1.056608,2.3243,none,,,False,,76,0,0.2885,3.4624,
76,75,True,0.980167,1.9661,none,,,False,,76,0,0.2487,2.9863,
76,35,True,0.794333,1.0953,cusum,,,True,positive,76,0,0.2498,1.9345,
76,53,True,0.699345,0.6502,none,,,False,,76,0,0.248,1.9082,
76,22,True,0.871214,1.4556,none,,,False,,76,0,0.247,1.8621,
76,96,True,0.717005,0.7329,none,,,False,,76,0,0.2491,1.7896,
76,26,True,0.566438,0.0274,none,,,False,,76,0,0.2498,1.6099,
76,56,True,0.612048,0.2411,none,,,False,,76,0,0.2484,1.5168,
76,84,True,0.681066,0.5645,none,,,False,,76,0,0.248,1.5114,
76,55,True,0.700529,0.6557,cusum,,,True,positive,76,0,0.2491,1.5051,
76,72,True,0.560665,0.0003,none,,,False,,76,0,0.2487,0.8424,
76,1,True,0.820183,1.2164,none,,,False,,76,0,0.2498,0.7541,
76,97,True,0.819586,1.2136,none,,,False,,76,0,0.0586,0.6985,
76,11,True,0.789516,1.0727,none,,,False,,76,0,0.0506,0.6415,
76,23,True,0.53118,-0.1379,none,,,False,,76,0,0.2599,0.6297,
76,91,True,0.672139,0.5227,none,,,False,,76,0,0.2474,0.5768,
76,34,True,0.716808,0.732,none,,,False,,76,0,0.124,0.5188,
76,2,True,0.560536,-0.0003,none,,,False,,76,0,0.0484,0.3448,
76,54,True,0.609162,0.2276,none,,,False,,76,0,0.064,0.2837,
76,76,True,0.593031,0.152,none,,,False,,76,0,0.1424,0.2508,
76,21,True,0.648433,0.4116,none,,,False,,76,0,0.0484,0.2222,
76,60,True,0.57318,0.0589,none,,,False,,76,0,0.0586,0.1807,
76,99,True,0.477665,-0.3886,none,,,False,,76,0,0.0607,0.148,
76,67,True,0.486864,-0.3455,none,,,False,,76,0,0.0778,0.0555,
76,83,True,0.559301,-0.0061,none,,,False,,76,0,0.0536,0.0033,
76,68,True,0.562239,0.0077,none,,,False,,76,0,0.0574,-0.0817,
76,9,True,0.514056,-0.2181,none,,,False,,76,0,0.0514,-0.3605,
76,95,True,0.360391,-0.9382,none,,,False,,76,0,0.0477,-0.3995,
76,41,True,0.527051,-0.1572,none,,,False,,76,0,0.2607,-0.4612,
76,59,True,0.467723,-0.4352,none,,,False,,76,0,0.0502,-0.4797,
76,14,True,0.576142,0.0728,none,,,False,,76,0,0.048,-0.488,
76,46,True,0.398061,-0.7617,none,,,False,,76,0,0.2562,-0.4963,
76,85,True,0.512989,-0.2231,none,,,False,,76,0,0.1261,-0.6098,
76,69,True,0.35389,-0.9687,cusum,,,True,negative,76,0,0.3526,-1.4367,
76,27,True,0.305341,-1.1962,none,,,False,,76,0,0.3474,-1.562,
76,78,True,0.285757,-1.2879,none,,,False,,76,0,0.3375,-1.4724,
76,13,True,0.441463,-0.5583,none,,,False,,76,0,0.3283,-1.1281,
76,31,True,0.353306,-0.9714,none,,,False,,76,0,0.3155,-2.438,
76,18,True,0.372493,-0.8815,none,,,False,,76,0,0.3075,-0.6283,
76,92,True,0.420553,-0.6563,cusum,,,True,negative,76,0,0.3075,-1.5139,
76,45,True,0.41278,-0.6927,cusum,,,True,negative,76,0,0.2885,-1.4862,
76,30,True,0.310892,-1.1702,none,,,False,,76,0,0.2778,-2.3421,
76,32,True,0.323314,-1.1119,cusum,,,True,negative,76,0,0.2778,-1.5858,
76,5,True,0.222832,-1.5828,none,,,False,,76,0,0.2754,-1.969,
76,43,True,0.354627,-0.9652,none,,,False,,76,0,0.2754,-2.2937,
76,80,True,0.402133,-0.7426,none,,,False,,76,0,0.2754,-1.6333,
76,82,True,0.44947,-0.5208,none,,,False,,76,0,0.2754,-0.8163,
77,24,True,1.610554,3.0,cusum,,,True,positive,77,0,0.2494,4.064,
77,66,True,1.131561,2.4016,none,,,False,,77,0,0.2494,4.0218,
77,88,True,0.976486,1.7172,cusum,,,True,positive,77,0,0.2859,3.4855,
77,40,True,1.080994,2.1784,none,,,False,,77,0,0.248,3.4848,
77,75,True,0.796855,0.9245,cusum,,,True,positive,77,0,0.2483,2.8919,
77,22,True,0.699183,0.4935,none,,,False,,77,0,0.2467,2.0084,
77,35,True,0.651999,0.2852,none,,,False,,77,0,0.2494,1.9528,
77,1,True,0.744632,0.694,cusum,,,True,positive,77,0,0.2494,1.9325,
77,53,True,0.696153,0.4801,none,,,False,,77,0,0.2476,1.844,
77,97,True,0.792058,0.9033,cusum,,,True,positive,77,0,0.2579,1.8153,
77,96,True,0.788098,0.8859,none,,,False,,77,0,0.2486,1.729,
77,55,True,0.517882,-0.3066,none,,,False,,77,0,0.2486,1.6596,
77,26,True,0.749885,0.7172,none,,,False,,77,0,0.2494,1.4197,
77,84,True,0.686684,0.4383,none,,,False,,77,0,0.2476,1.3856,
77,56,True,0.814718,1.0033,none,,,False,,77,0,0.248,1.268,
77,11,True,0.607974,0.091,none,,,False,,77,0,0.0501,0.8347,
77,34,True,0.649379,0.2737,none,,,False,,77,0,0.1204,0.718,
77,91,True,1.000608,1.8237,none,,,False,,77,0,0.247,0.6696,
77,23,True,0.49844,-0.3924,none,,,False,,77,0,0.2592,0.439,
77,72,True,0.748819,0.7125,none,,,False,,77,0,0.2483,0.4039,
77,2,True,0.586588,-0.0034,none,,,False,,77,0,0.048,0.3422,
77,76,True,0.621089,0.1488,none,,,False,,77,0,0.1381,0.316,
77,21,True,0.676647,0.394,none,,,False,,77,0,0.048,0.2052,
77,54,True,0.604687,0.0765,none,,,False,,77,0,0.0619,0.1928,
77,14,True,0.739979,0.6735,none,,,False,,77,0,0.0476,0.1106,
77,83,True,0.578136,-0.0407,none,,,False,,77,0,0.0531,0.013,
77,60,True,0.642453,0.2431,none,,,False,,77,0,0.0579,-0.0135,
77,67,True,0.525891,-0.2713,none,,,False,,77,0,0.0754,-0.0269,
77,68,True,0.735625,0.6543,none,,,False,,77,0,0.0567,-0.0416,
77,99,True,0.548516,-0.1714,none,,,False,,77,0,0.0599,-0.1277,
77,9,True,0.588136,0.0034,none,,,False,,77,0,0.0509,-0.4318,
77,46,True,0.500168,-0.3848,none,,,False,,77,0,0.2556,-0.4333,
77,85,True,0.290659,-1.3094,none,,,False,,77,0,0.0686,-0.4425,
77,41,True,0.505435,-0.3615,none,,,False,,77,0,0.2599,-0.4455,
77,95,True,0.434054,-0.6766,none,,,False,,77,0,0.0473,-0.4851,
77,4,True,0.447168,-0.6187,none,,,False,,77,0,0.2745,-0.5634,
77,69,True,0.346404,-1.0634,none,,,False,,77,0,0.3479,-1.4416,
77,27,True,0.390614,-0.8683,cusum,,,True,negative,77,0,0.3429,-1.5158,
77,78,True,0.434299,-0.6755,none,,,False,,77,0,0.3335,-1.6535,
77,13,True,0.445245,-0.6272,none,,,False,,77,0,0.3246,-0.6666,
77,31,True,0.148218,-1.938,none,,,False,,77,0,0.3122,-1.9557,
77,18,True,0.409539,-0.7847,none,,,False,,77,0,0.3044,-0.7228,
77,92,True,0.474918,-0.4962,none,,,False,,77,0,0.3044,-1.7385,
77,45,True,0.114742,-2.0857,none,,,False,,77,0,0.2859,-1.2879,
77,17,True,0.186103,-1.7708,none,,,False,,77,0,0.2789,-2.3576,
77,36,True,0.224203,-1.6026,none,,,False,,77,0,0.2777,-1.734,
77,10,True,0.37646,-0.9307,none,,,False,,77,0,0.2767,-0.902,
77,93,True,0.435513,-0.6701,none,,,False,,77,0,0.2767,-0.6943,
77,77,True,0.163694,-1.8697,none,,,False,,77,0,0.2755,-2.6097,
77,32,True,0.372263,-0.9492,none,,,False,,77,0,0.2754,-1.5917,
78,24,True,1.594803,3.0,none,,,False,,78,0,0.2489,4.0635,
78,66,True,1.030445,2.1182,cusum,,,True,positive,78,0,0.2489,3.8218,
78,40,True,1.114341,2.5,cusum,,,True,positive,78,0,0.2476,3.4826,
78,88,True,1.0648,2.2745,none,,,False,,78,0,0.2834,3.0936,
78,75,True,0.966268,1.8261,none,,,False,,78,0,0.2479,2.5165,
78,91,True,0.759298,0.8842,cusum,,,True,positive,78,0,0.2466,1.9884,
78,97,True,0.816009,1.1422,none,,,False,,78,0,0.2573,1.9839,
78,96,True,0.783455,0.9941,none,,,False,,78,0,0.2482,1.8936,
78,1,True,0.759553,0.8853,none,,,False,,78,0,0.2489,1.8863,
78,22,True,0.557683,-0.0334,none,,,False,,78,0,0.2463,1.8021,
78,35,True,0.693015,0.5825,none,,,False,,78,0,0.2489,1.7743,
78,53,True,0.776374,0.9619,none,,,False,,78,0,0.2472,1.6285,
78,84,True,0.714681,0.6811,none,,,False,,78,0,0.2472,1.6054,
78,56,True,0.709781,0.6588,none,,,False,,78,0,0.2476,1.5445,
78,55,True,0.542007,-0.1047,none,,,False,,78,0,0.2482,1.3561,
78,26,True,0.691031,0.5735,none,,,False,,78,0,0.2489,0.6478,
78,34,True,0.636125,0.3236,none,,,False,,78,0,0.117,0.5993,
78,11,True,0.705722,0.6403,none,,,False,,78,0,0.0497,0.5404,
78,72,True,0.711774,0.6679,none,,,False,,78,0,0.2479,0.4524,
78,54,True,0.534193,-0.1403,none,,,False,,78,0,0.0598,0.4201,
78,14,True,0.662623,0.4442,none,,,False,,78,0,0.0472,0.3115,
78,76,True,0.630157,0.2964,none,,,False,,78,0,0.134,0.2226,
78,68,True,0.574288,0.0422,none,,,False,,78,0,0.0561,0.186,
78,2,True,0.613233,0.2194,none,,,False,,78,0,0.0476,0.155,
78,21,True,0.597346,0.1471,none,,,False,,78,0,0.0476,0.1265,
78,60,True,0.461434,-0.4714,none,,,False,,78,0,0.0573,0.1001,
78,83,True,0.572358,0.0334,none,,,False,,78,0,0.0526,0.0515,
78,23,True,0.717673,0.6947,none,,,False,,78,0,0.0585,0.0077,
78,99,True,0.521755,-0.1969,none,,,False,,78,0,0.0591,-0.0263,
78,67,True,0.4123,-0.695,none,,,False,,78,0,0.0731,-0.1435,
78,46,True,0.404661,-0.7298,none,,,False,,78,0,0.255,-0.4005,
78,41,True,0.455748,-0.4973,none,,,False,,78,0,0.0591,-0.4024,
78,9,True,0.698805,0.6089,none,,,False,,78,0,0.0504,-0.5171,
78,4,True,0.524066,-0.1864,none,,,False,,78,0,0.2513,-0.5295,
78,95,True,0.380438,-0.84,none,,,False,,78,0,0.0469,-0.5591,
78,59,True,0.552808,-0.0556,none,,,False,,78,0,0.0542,-0.6008,
78,10,True,0.28917,-1.2554,cusum,,,True,negative,78,0,0.3535,-1.3941,
78,69,True,0.370748,-0.8841,none,,,False,,78,0,0.3434,-1.4268,
78,27,True,0.38457,-0.8212,none,,,False,,78,0,0.3386,-1.4355,
78,78,True,0.449345,-0.5264,none,,,False,,78,0,0.3296,-1.3966,
78,13,True,0.420656,-0.657,cusum,,,True,negative,78,0,0.3211,-1.1001,
78,31,True,0.116457,-2.0414,cusum,,,True,negative,78,0,0.309,-1.9814,
78,18,True,0.493284,-0.3265,cusum,,,True,negative,78,0,0.3014,-1.3253,
78,92,True,0.435459,-0.5896,none,,,False,,78,0,0.3014,-1.0997,
78,45,True,0.366039,-0.9056,none,,,False,,78,0,0.2834,-1.7624,
78,49,True,0.236184,-1.4965,none,,,False,,78,0,0.2787,-1.2172,
78,71,True,-0.009667,-2.6154,none,,,False,,78,0,0.2787,-2.0069,
78,20,True,0.226676,-1.5398,none,,,False,,78,0,0.2766,-1.7488,
78,98,True,0.374142,-0.8687,none,,,False,,78,0,0.2766,-1.2213,
78,48,True,0.213965,-1.5977,none,,,False,,78,0,0.2747,-1.2281,
79,24,True,1.660951,3.0,cusum,,,True,positive,79,0,0.2485,4.063,
79,40,True,1.097373,2.6115,none,,,False,,79,0,0.2472,3.5844,
79,66,True,1.318539,3.0,none,,,False,,79,0,0.2485,3.5696,
79,88,True,1.033184,2.2994,cusum,,,True,positive,79,0,0.2809,3.1911,
79,75,True,0.874043,1.5255,none,,,False,,79,0,0.2475,2.6338,
79,97,True,0.728438,0.8175,none,,,False,,79,0,0.2566,2.1609,
79,91,True,0.743844,0.8924,none,,,False,,79,0,0.2463,2.1366,
79,1,True,0.678758,0.5759,none,,,False,,79,0,0.2485,1.9949,
79,35,True,0.693977,0.6499,none,,,False,,79,0,0.2485,1.7173,
79,55,True,0.561392,0.0052,none,,,False,,79,0,0.2478,1.1435,
79,96,True,0.76013,0.9716,none,,,False,,79,0,0.2478,0.933,
79,53,True,0.850308,1.4101,none,,,False,,79,0,0.2469,0.758,
79,22,True,0.800916,1.1699,none,,,False,,79,0,0.246,0.6979,
79,56,True,0.645644,0.4149,none,,,False,,79,0,0.2472,0.6955,
79,11,True,0.585124,0.1206,none,,,False,,79,0,0.0492,0.6654,
79,84,True,0.710784,0.7317,none,,,False,,79,0,0.2469,0.6219,
79,34,True,0.679434,0.5792,none,,,False,,79,0,0.1137,0.5431,
79,72,True,0.892123,1.6134,none,,,False,,79,0,0.2475,0.5218,
79,26,True,0.518571,-0.203,none,,,False,,79,0,0.2485,0.5023,
79,14,True,0.561534,0.0059,none,,,False,,79,0,0.0469,0.4575,
79,21,True,0.556519,-0.0185,none,,,False,,79,0,0.0472,0.3787,
79,76,True,0.480447,-0.3884,none,,,False,,79,0,0.1302,0.3082,
79,68,True,0.624418,0.3117,none,,,False,,79,0,0.0555,0.3076,
79,9,True,0.456658,-0.504,none,,,False,,79,0,0.05,0.1965,
79,2,True,0.501746,-0.2848,none,,,False,,79,0,0.0472,0.133,
79,54,True,0.60474,0.216,none,,,False,,79,0,0.0591,0.1327,
79,23,True,0.672613,0.5461,none,,,False,,79,0,0.0578,0.1311,
79,83,True,0.582523,0.108,none,,,False,,79,0,0.0521,0.0636,
79,60,True,0.599846,0.1922,none,,,False,,79,0,0.0566,0.0181,
79,59,True,0.55924,-0.0052,none,,,False,,79,0,0.0492,-0.17,
79,99,True,0.490467,-0.3397,none,,,False,,79,0,0.0584,-0.1752,
79,41,True,0.307845,-1.2277,none,,,False,,79,0,0.0584,-0.2615,
79,67,True,0.577373,0.0829,none,,,False,,79,0,0.0708,-0.3551,
79,4,True,0.516159,-0.2147,none,,,False,,79,0,0.2508,-0.4367,
79,46,True,0.467879,-0.4495,none,,,False,,79,0,0.2544,-0.554,
79,19,True,0.450059,-0.5361,none,,,False,,79,0,0.2101,-0.6187,
79,10,True,0.325994,-1.1394,none,,,False,,79,0,0.3488,-1.3327,
79,48,True,0.384158,-0.8566,cusum,,,True,negative,79,0,0.3488,-1.8229,
79,69,True,0.350305,-1.0212,none,,,False,,79,0,0.3392,-1.3573,
79,27,True,0.3697,-0.9269,none,,,False,,79,0,0.3346,-1.3501,
79,78,True,0.367682,-0.9367,none,,,False,,79,0,0.3259,-1.2234,
79,13,True,0.398285,-0.7879,none,,,False,,79,0,0.3176,-1.0121,
79,31,True,0.269023,-1.4164,none,,,False,,79,0,0.306,-2.054,
79,18,True,0.429169,-0.6377,none,,,False,,79,0,0.2985,-1.0714,
79,92,True,0.442276,-0.574,none,,,False,,79,0,0.2985,-0.9879,
79,45,True,0.192897,-1.7866,cusum,,,True,negative,79,0,0.2809,-1.6422,
79,5,True,0.282677,-1.35,none,,,False,,79,0,0.2797,-1.9929,
79,43,True,0.36798,-0.9353,none,,,False,,79,0,0.2797,-1.4613,
79,80,True,0.416556,-0.699,none,,,False,,79,0,0.2797,-1.4816,
79,82,True,0.40797,-0.7408,none,,,False,,79,0,0.2797,-1.1716,
80,24,True,1.567822,3.0,none,,,False,,80,0,0.2481,4.0625,
80,66,True,1.171109,2.5317,cusum,,,True,positive,80,0,0.2481,3.5691,
80,40,True,1.046682,1.9506,cusum,,,True,positive,80,0,0.2468,3.4906,
80,88,True,1.036719,1.9041,none,,,False,,80,0,0.2785,3.1815,
80,75,True,0.901095,1.2708,cusum,,,True,positive,80,0,0.2471,2.4865,
80,91,True,0.945163,1.4765,none,,,False,,80,0,0.2459,2.2594,
80,72,True,0.659169,0.141,cusum,,,True,positive,80,0,0.2471,2.059,
80,97,True,0.70846,0.3712,none,,,False,,80,0,0.256,2.0281,
80,96,True,0.715998,0.4064,cusum,,,True,positive,80,0,0.2475,2.0121,
80,53,True,0.709442,0.3758,cusum,,,True,positive,80,0,0.2465,2.0109,
80,1,True,0.779199,0.7015,none,,,False,,80,0,0.2481,1.7809,
80,22,True,0.655507,0.1239,cusum,,,True,positive,80,0,0.2456,1.6023,
80,35,True,0.709458,0.3759,none,,,False,,80,0,0.2481,1.5684,
80,55,True,0.659276,0.1415,none,,,False,,80,0,0.2475,0.9262,
80,56,True,0.60204,-0.1258,none,,,False,,80,0,0.2468,0.753,
80,84,True,0.723726,0.4425,none,,,False,,80,0,0.2465,0.6772,
80,34,True,0.548731,-0.3747,none,,,False,,80,0,0.1105,0.4902,
80,14,True,0.703319,0.3472,none,,,False,,80,0,0.0465,0.4347,
80,26,True,0.793482,0.7682,none,,,False,,80,0,0.2481,0.4251,
80,68,True,0.580357,-0.227,none,,,False,,80,0,0.0549,0.4082,
80,23,True,0.818877,0.8868,none,,,False,,80,0,0.0571,0.3582,
80,11,True,0.648303,0.0903,none,,,False,,80,0,0.0488,0.3475,
80,21,True,0.637229,0.0386,none,,,False,,80,0,0.0468,0.2349,
80,54,True,0.658017,0.1356,none,,,False,,80,0,0.0584,0.1279,
80,76,True,0.631951,0.0139,none,,,False,,80,0,0.1265,0.1256,
80,83,True,0.625991,-0.0139,none,,,False,,80,0,0.0516,0.101,
80,9,True,0.658504,0.1379,none,,,False,,80,0,0.0496,0.1006,
80,60,True,0.651453,0.105,none,,,False,,80,0,0.056,0.0617,
80,2,True,0.651775,0.1065,none,,,False,,80,0,0.0468,0.0377,
80,59,True,0.452694,-0.8232,none,,,False,,80,0,0.0488,-0.1018,
80,99,True,0.586358,-0.199,none,,,False,,80,0,0.0577,-0.1597,
80,67,True,0.556296,-0.3394,none,,,False,,80,0,0.0687,-0.2133,
80,4,True,0.489285,-0.6523,none,,,False,,80,0,0.2503,-0.2743,
80,86,True,0.539291,-0.4188,none,,,False,,80,0,0.2841,-0.3433,
80,46,True,0.325226,-1.4184,none,,,False,,80,0,0.0539,-0.4506,
80,79,True,0.474085,-0.7233,none,,,False,,80,0,0.192,-0.6275,
80,10,True,0.407993,-1.0319,none,,,False,,80,0,0.3444,-1.4907,
80,48,True,0.367663,-1.2202,none,,,False,,80,0,0.3444,-1.5761,
80,69,True,0.405503,-1.0435,cusum,,,True,negative,80,0,0.3351,-1.3778,
80,27,True,0.347437,-1.3147,none,,,False,,80,0,0.3308,-1.263,
80,78,True,0.386492,-1.1323,cusum,,,True,negative,80,0,0.3224,-1.1086,
80,13,True,0.472967,-0.7285,none,,,False,,80,0,0.3144,-1.0907,
80,31,True,0.156683,-2.2055,cusum,,,True,negative,80,0,0.303,-2.2041,
80,18,True,0.479781,-0.6967,none,,,False,,80,0,0.2958,-0.9917,
80,92,True,0.494802,-0.6265,none,,,False,,80,0,0.2958,-0.962,
80,32,True,0.280912,-1.6254,none,,,False,,80,0,0.284,-1.4682,
80,29,True,0.284136,-1.6103,none,,,False,,80,0,0.2829,-1.9299,
80,16,True,0.46663,-0.7581,none,,,False,,80,0,0.2792,-0.6422,
80,30,True,0.248088,-1.7786,none,,,False,,80,0,0.2785,-1.5888,
80,45,True,0.448874,-0.841,none,,,False,,80,0,0.2785,-2.0081,
81,24,True,1.720203,3.0,cusum,,,True,positive,81,0,0.2477,4.062,
81,66,True,1.36029,3.0,none,,,False,,81,0,0.2477,3.612,
81,40,True,1.162282,2.3788,none,,,False,,81,0,0.2465,3.4142,
81,88,True,0.977593,1.6152,cusum,,,True,positive,81,0,0.2762,3.2426,
81,75,True,0.967818,1.5748,none,,,False,,81,0,0.2468,2.6014,
81,91,True,0.697465,0.457,none,,,False,,81,0,0.2456,2.1433,
81,53,True,0.763185,0.7287,none,,,False,,81,0,0.2462,1.9757,
81,72,True,0.836829,1.0332,none,,,False,,81,0,0.2468,1.8681,
81,96,True,0.844936,1.0667,none,,,False,,81,0,0.2471,1.8518,
81,97,True,0.68079,0.3881,none,,,False,,81,0,0.2554,1.8499,
81,1,True,0.753339,0.688,none,,,False,,81,0,0.2477,1.7829,
81,22,True,0.777269,0.787,none,,,False,,81,0,0.2453,1.4787,
81,23,True,0.585648,-0.0053,none,,,False,,81,0,0.0565,0.7837,
81,84,True,0.775026,0.7777,none,,,False,,81,0,0.2462,0.6782,
81,35,True,0.846312,1.0724,none,,,False,,81,0,0.2477,0.5981,
81,26,True,0.523096,-0.2639,none,,,False,,81,0,0.2477,0.4416,
81,56,True,0.609307,0.0925,none,,,False,,81,0,0.2465,0.3762,
81,11,True,0.623508,0.1512,none,,,False,,81,0,0.0484,0.3467,
81,14,True,0.663639,0.3172,none,,,False,,81,0,0.0462,0.3255,
81,34,True,0.727102,0.5796,none,,,False,,81,0,0.1075,0.2723,
81,54,True,0.592771,0.0242,none,,,False,,81,0,0.0577,0.1467,
81,9,True,0.621506,0.143,none,,,False,,81,0,0.0491,0.1449,
81,21,True,0.627019,0.1658,none,,,False,,81,0,0.0465,0.1159,
81,68,True,0.652401,0.2707,none,,,False,,81,0,0.0543,0.1137,
81,83,True,0.525126,-0.2555,none,,,False,,81,0,0.0511,0.1093,
81,76,True,0.514459,-0.2996,none,,,False,,81,0,0.123,0.0783,
81,55,True,0.727334,0.5805,none,,,False,,81,0,0.2471,0.0751,
81,2,True,0.515015,-0.2973,none,,,False,,81,0,0.0465,0.0739,
81,60,True,0.658712,0.2968,none,,,False,,81,0,0.0554,0.0149,
81,99,True,0.480211,-0.4412,none,,,False,,81,0,0.0571,-0.1698,
81,59,True,0.588203,0.0053,none,,,False,,81,0,0.0484,-0.2317,
81,67,True,0.578548,-0.0346,none,,,False,,81,0,0.0665,-0.2371,
81,4,True,0.519204,-0.28,none,,,False,,81,0,0.2499,-0.286,
81,86,True,0.395658,-0.7908,none,,,False,,81,0,0.2602,-0.342,
81,92,True,0.342814,-1.0093,none,,,False,,81,0,0.2931,-0.5069,
81,6,True,0.508072,-0.326,none,,,False,,81,0,0.153,-0.6318,
81,10,True,0.388378,-0.8209,cusum,,,True,negative,81,0,0.3402,-1.5275,
81,48,True,0.296992,-1.1987,none,,,False,,81,0,0.3402,-1.6101,
81,69,True,0.281374,-1.2633,none,,,False,,81,0,0.3313,-1.3738,
81,27,True,0.299756,-1.1873,cusum,,,True,negative,81,0,0.3271,-1.4143,
81,78,True,0.40015,-0.7722,none,,,False,,81,0,0.319,-1.2631,
81,13,True,0.46617,-0.4993,none,,,False,,81,0,0.3112,-1.1264,
81,31,True,0.232984,-1.4634,none,,,False,,81,0,0.3002,-2.2949,
81,18,True,0.399595,-0.7745,none,,,False,,81,0,0.2931,-0.9638,
81,36,True,0.224101,-1.5001,none,,,False,,81,0,0.2827,-1.3534,
81,85,True,0.393613,-0.7992,none,,,False,,81,0,0.2827,-1.2868,
81,64,True,0.427062,-0.661,none,,,False,,81,0,0.2811,-0.7286,
81,39,True,0.342658,-1.0099,none,,,False,,81,0,0.2801,-1.1349,
81,17,True,0.30582,-1.1622,none,,,False,,81,0,0.2795,-1.8755,
81,44,True,0.505478,-0.3367,none,,,False,,81,0,0.2793,-0.7199,
82,24,True,1.579765,3.0,none,,,False,,82,0,0.2474,4.0615,
82,66,True,1.236431,3.0,cusum,,,True,positive,82,0,0.2474,3.9054,
82,40,True,1.042426,2.1933,cusum,,,True,positive,82,0,0.2461,3.3734,
82,88,True,0.94938,1.7266,none,,,False,,82,0,0.274,3.0217,
82,75,True,0.7698,0.8259,none,,,False,,82,0,0.2464,2.5172,
82,91,True,0.700523,0.4785,cusum,,,True,positive,82,0,0.2452,2.0005,
82,72,True,0.833749,1.1467,none,,,False,,82,0,0.2464,1.9894,
82,53,True,0.768052,0.8172,none,,,False,,82,0,0.2458,1.8976,
82,96,True,0.736929,0.6611,none,,,False,,82,0,0.2467,1.8755,
82,22,True,0.759433,0.7739,none,,,False,,82,0,0.245,1.7517,
82,35,True,0.769713,0.8255,none,,,False,,82,0,0.2474,0.761,
82,1,True,0.644868,0.1994,none,,,False,,82,0,0.2474,0.7167,
82,84,True,0.806989,1.0125,none,,,False,,82,0,0.2458,0.71,
82,97,True,0.837617,1.1661,none,,,False,,82,0,0.2548,0.5978,
82,23,True,0.666799,0.3093,none,,,False,,82,0,0.0559,0.5496,
82,34,True,0.59929,-0.0292,none,,,False,,82,0,0.1046,0.3559,
82,55,True,0.610951,0.0292,none,,,False,,82,0,0.2467,0.3031,
82,14,True,0.641724,0.1836,none,,,False,,82,0,0.0458,0.2828,
82,60,True,0.657829,0.2644,none,,,False,,82,0,0.0548,0.2702,
82,54,True,0.642725,0.1886,none,,,False,,82,0,0.057,0.2007,
82,68,True,0.625766,0.1035,none,,,False,,82,0,0.0538,0.1892,
82,56,True,0.623936,0.0944,none,,,False,,82,0,0.2461,0.187,
82,11,True,0.568491,-0.1837,none,,,False,,82,0,0.048,0.1832,
82,26,True,0.700186,0.4768,none,,,False,,82,0,0.2474,0.162,
82,21,True,0.702149,0.4866,none,,,False,,82,0,0.0461,0.1217,
82,83,True,0.53886,-0.3323,none,,,False,,82,0,0.0506,0.0124,
82,9,True,0.69136,0.4325,none,,,False,,82,0,0.0487,-0.0109,
82,67,True,0.573732,-0.1574,none,,,False,,82,0,0.0645,-0.018,
82,2,True,0.629275,0.1211,none,,,False,,82,0,0.0461,-0.0988,
82,76,True,0.585183,-0.1,none,,,False,,82,0,0.1196,-0.1226,
82,59,True,0.554755,-0.2526,none,,,False,,82,0,0.048,-0.2119,
82,99,True,0.58091,-0.1214,none,,,False,,82,0,0.0564,-0.2521,
82,4,True,0.504906,-0.5026,none,,,False,,82,0,0.0495,-0.3178,
82,86,True,0.508462,-0.4848,none,,,False,,82,0,0.2583,-0.4833,
82,6,True,0.467963,-0.6879,none,,,False,,82,0,0.0772,-0.5368,
82,44,True,0.495749,-0.5485,none,,,False,,82,0,0.257,-0.6099,
82,39,True,0.19503,-2.0568,cusum,,,True,negative,82,0,0.3501,-1.5852,
82,10,True,-0.002749,-3.0,none,,,False,,82,0,0.3362,-1.3856,
82,48,True,0.39604,-1.0486,none,,,False,,82,0,0.3362,-1.48,
82,69,True,0.334309,-1.3582,none,,,False,,82,0,0.3277,-1.5027,
82,27,True,0.315346,-1.4533,none,,,False,,82,0,0.3236,-1.5387,
82,78,True,0.388503,-1.0864,none,,,False,,82,0,0.3157,-1.3471,
82,13,True,0.416817,-0.9444,none,,,False,,82,0,0.3082,-1.0757,
82,31,True,0.312009,-1.4701,cusum,,,True,negative,82,0,0.2974,-2.1038,
82,18,True,0.452859,-0.7637,none,,,False,,82,0,0.2905,-1.1146,
82,92,True,0.395311,-1.0523,none,,,False,,82,0,0.2905,-0.6482,
82,49,True,0.519705,-0.4284,none,,,False,,82,0,0.2836,-0.8706,
82,71,True,0.332558,-1.367,none,,,False,,82,0,0.2836,-1.8963,
82,77,True,0.168985,-2.1874,none,,,False,,82,0,0.2816,-2.1418,
82,45,True,0.377388,-1.1422,none,,,False,,82,0,0.2815,-1.5944,
83,24,True,1.669654,3.0,cusum,,,True,positive,83,0,0.247,4.0611,
83,66,True,1.32512,3.0,none,,,False,,83,0,0.247,3.905,
83,40,True,1.194708,2.7754,none,,,False,,83,0,0.2458,3.2336,
83,88,True,1.081568,2.2791,cusum,,,True,positive,83,0,0.2718,2.8297,
83,75,True,0.940361,1.6596,cusum,,,True,positive,83,0,0.246,2.2836,
83,91,True,0.819768,1.1305,none,,,False,,83,0,0.2449,1.8621,
83,72,True,0.757845,0.8589,none,,,False,,83,0,0.246,1.8334,
83,35,True,0.75405,0.8422,cusum,,,True,positive,83,0,0.247,1.819,
83,84,True,0.675949,0.4996,cusum,,,True,positive,83,0,0.2455,1.8031,
83,96,True,0.791149,1.005,none,,,False,,83,0,0.2464,1.7716,
83,97,True,0.767682,0.902,cusum,,,True,positive,83,0,0.2542,1.7132,
83,53,True,0.741011,0.785,none,,,False,,83,0,0.2455,1.6995,
83,22,True,0.869189,1.3474,none,,,False,,83,0,0.2446,1.6193,
83,1,True,0.717159,0.6804,none,,,False,,83,0,0.247,0.5907,
83,23,True,0.665633,0.4543,none,,,False,,83,0,0.0553,0.4699,
83,26,True,0.675829,0.4991,none,,,False,,83,0,0.047,0.3881,
83,14,True,0.605371,0.19,none,,,False,,83,0,0.0455,0.3416,
83,55,True,0.711976,0.6577,none,,,False,,83,0,0.2464,0.3106,
83,9,True,0.57358,0.0505,none,,,False,,83,0,0.0483,0.3008,
83,60,True,0.630151,0.2987,none,,,False,,83,0,0.0542,0.2935,
83,21,True,0.649455,0.3834,none,,,False,,83,0,0.0458,0.2897,
83,54,True,0.567368,0.0233,none,,,False,,83,0,0.0564,0.1907,
83,34,True,0.649666,0.3843,none,,,False,,83,0,0.1017,0.1514,
83,68,True,0.636154,0.325,none,,,False,,83,0,0.0532,0.1191,
83,11,True,0.714467,0.6686,none,,,False,,83,0,0.0476,0.0813,
83,56,True,0.556767,-0.0233,none,,,False,,83,0,0.2458,0.0797,
83,2,True,0.518427,-0.1915,none,,,False,,83,0,0.0458,0.0361,
83,76,True,0.52552,-0.1603,none,,,False,,83,0,0.1164,-0.0286,
83,67,True,0.423246,-0.609,none,,,False,,83,0,0.0625,-0.0991,
83,83,True,0.556615,-0.0239,none,,,False,,83,0,0.0502,-0.1349,
83,99,True,0.480948,-0.3559,none,,,False,,83,0,0.0558,-0.1802,
83,59,True,0.504783,-0.2513,none,,,False,,83,0,0.0476,-0.2948,
83,4,True,0.538548,-0.1032,none,,,False,,83,0,0.049,-0.4143,
83,86,True,0.447196,-0.5039,none,,,False,,83,0,0.2576,-0.4885,
83,44,True,0.485751,-0.3348,none,,,False,,83,0,0.2564,-0.5787,
83,13,True,0.40172,-0.7035,none,,,False,,83,0,0.3053,-0.6296,
83,82,True,0.428756,-0.5848,none,,,False,,83,0,0.2845,-0.635,
83,39,True,0.295798,-1.1681,none,,,False,,83,0,0.3457,-1.6167,
83,10,True,0.331805,-1.0102,cusum,,,True,negative,83,0,0.3324,-2.0085,
83,48,True,0.381169,-0.7936,cusum,,,True,negative,83,0,0.3324,-1.5468,
83,69,True,0.296679,-1.1643,cusum,,,True,negative,83,0,0.3242,-1.6174,
83,27,True,0.316303,-1.0782,none,,,False,,83,0,0.3202,-1.7164,
83,78,True,0.438878,-0.5404,none,,,False,,83,0,0.3126,-1.3989,
83,31,True,0.275478,-1.2573,none,,,False,,83,0,0.2948,-2.1232,
83,18,True,0.415864,-0.6414,none,,,False,,83,0,0.288,-0.6579,
83,92,True,0.388011,-0.7636,cusum,,,True,negative,83,0,0.288,-1.309,
83,5,True,0.287148,-1.2061,none,,,False,,83,0,0.2845,-1.4526,
83,80,True,0.361157,-0.8814,none,,,False,,83,0,0.2845,-0.7524,
83,32,True,0.371353,-0.8367,none,,,False,,83,0,0.2834,-1.6466,
83,20,True,0.27487,-1.26,none,,,False,,83,0,0.2824,-2.1906,
84,24,True,1.659764,3.0,none,,,False,,84,0,0.2466,4.0606,
84,66,True,1.250496,2.6073,cusum,,,True,positive,84,0,0.2466,4.0606,
84,40,True,0.996408,1.5661,cusum,,,True,positive,84,0,0.2454,3.5081,
84,88,True,1.016528,1.6486,none,,,False,,84,0,0.2697,2.9537,
84,75,True,0.920624,1.2556,none,,,False,,84,0,0.2457,2.4128,
84,72,True,0.841206,0.9301,none,,,False,,84,0,0.2457,2.0723,
84,22,True,0.719511,0.4314,none,,,False,,84,0,0.2443,2.0268,
84,35,True,0.778328,0.6725,none,,,False,,84,0,0.2466,1.974,
84,96,True,0.739097,0.5117,none,,,False,,84,0,0.246,1.9707,
84,97,True,0.747715,0.547,none,,,False,,84,0,0.2537,1.8894,
84,53,True,0.734566,0.4931,none,,,False,,84,0,0.2451,1.8355,
84,84,True,0.740707,0.5183,none,,,False,,84,0,0.2451,1.8218,
84,91,True,0.838876,0.9206,none,,,False,,84,0,0.2446,1.7464,
84,1,True,0.670572,0.2309,none,,,False,,84,0,0.2466,0.5832,
84,55,True,0.654939,0.1668,none,,,False,,84,0,0.246,0.4822,
84,21,True,0.744584,0.5342,none,,,False,,84,0,0.0454,0.4042,
84,34,True,0.635244,0.0861,none,,,False,,84,0,0.099,0.4028,
84,60,True,0.656935,0.175,none,,,False,,84,0,0.0537,0.3573,
84,23,True,0.302704,-1.2766,none,,,False,,84,0,0.0547,0.325,
84,68,True,0.655648,0.1697,none,,,False,,84,0,0.0527,0.3024,
84,26,True,0.712694,0.4035,none,,,False,,84,0,0.0466,0.298,
84,14,True,0.635677,0.0879,none,,,False,,84,0,0.0451,0.2888,
84,11,True,0.649742,0.1455,none,,,False,,84,0,0.0472,0.2736,
84,9,True,0.610932,-0.0135,none,,,False,,84,0,0.0479,0.2712,
84,54,True,0.413414,-0.8229,none,,,False,,84,0,0.0558,0.1524,
84,56,True,0.635801,0.0884,none,,,False,,84,0,0.0454,0.1135,
84,2,True,0.669371,0.226,none,,,False,,84,0,0.0454,-0.0636,
84,76,True,0.617526,0.0135,none,,,False,,84,0,0.1133,-0.0886,
84,59,True,0.430079,-0.7546,none,,,False,,84,0,0.0472,-0.1047,
84,83,True,0.57885,-0.145,none,,,False,,84,0,0.0497,-0.1388,
84,67,True,0.582212,-0.1312,none,,,False,,84,0,0.0606,-0.1899,
84,4,True,0.512817,-0.4156,none,,,False,,84,0,0.0486,-0.2318,
84,99,True,0.573607,-0.1665,none,,,False,,84,0,0.0552,-0.2332,
84,44,True,0.53234,-0.3356,none,,,False,,84,0,0.2558,-0.333,
84,86,True,0.193937,-1.7223,none,,,False,,84,0,0.2569,-0.5178,
84,82,True,0.449136,-0.6765,none,,,False,,84,0,0.2697,-0.5354,
84,16,True,0.503232,-0.4548,none,,,False,,84,0,0.1737,-0.6387,
84,39,True,0.294397,-1.3106,cusum,,,True,negative,84,0,0.3416,-1.7969,
84,10,True,0.149126,-1.9059,none,,,False,,84,0,0.3288,-2.0038,
84,48,True,0.361089,-1.0373,none,,,False,,84,0,0.3288,-1.4071,
84,69,True,0.33427,-1.1472,none,,,False,,84,0,0.3208,-1.6599,
84,27,True,0.393348,-0.9051,cusum,,,True,negative,84,0,0.317,-1.6396,
84,78,True,0.384724,-0.9405,none,,,False,,84,0,0.3096,-1.2035,
84,13,True,0.426711,-0.7684,cusum,,,True,negative,84,0,0.3025,-1.1229,
84,31,True,0.245415,-1.5113,none,,,False,,84,0,0.2922,-1.8085,
84,18,True,0.368927,-1.0052,none,,,False,,84,0,0.2856,-0.6408,
84,92,True,0.402174,-0.869,none,,,False,,84,0,0.2856,-1.356,
84,6,True,0.447432,-0.6835,none,,,False,,84,0,0.2802,-1.2475,
84,45,True,0.40293,-0.8659,none,,,False,,84,0,0.2802,-1.6744,
84,29,True,0.35362,-1.0679,none,,,False,,84,0,0.2791,-1.6084,
85,24,True,1.658062,3.0,cusum,,,True,positive,85,0,0.2463,4.0602,
85,66,True,1.319358,3.0,none,,,False,,85,0,0.2463,3.9293,
85,40,True,1.167714,3.0,none,,,False,,85,0,0.2451,3.2368,
85,88,True,1.085382,3.0,cusum,,,True,positive,85,0,0.2677,2.9638,
85,75,True,0.945668,2.6276,none,,,False,,85,0,0.2454,2.306,
85,72,True,0.737974,1.2521,cusum,,,True,positive,85,0,0.2454,2.0375,
85,97,True,0.803658,1.6871,none,,,False,,85,0,0.2531,1.9417,
85,91,True,0.757717,1.3829,none,,,False,,85,0,0.2443,1.9006,
85,35,True,0.635242,0.5718,none,,,False,,85,0,0.2463,1.8403,
85,84,True,0.720579,1.1369,none,,,False,,85,0,0.2448,1.7349,
85,22,True,0.679282,0.8635,none,,,False,,85,0,0.244,0.9079,
85,96,True,0.769454,1.4606,none,,,False,,85,0,0.2457,0.7853,
85,53,True,0.694731,0.9658,none,,,False,,85,0,0.2448,0.7566,
85,21,True,0.618594,0.4615,none,,,False,,85,0,0.0451,0.5266,
85,26,True,0.64932,0.665,none,,,False,,85,0,0.0463,0.52,
85,1,True,0.702163,1.015,none,,,False,,85,0,0.2463,0.4304,
85,55,True,0.672168,0.8163,none,,,False,,85,0,0.2457,0.3439,
85,60,True,0.571687,0.1509,none,,,False,,85,0,0.0531,0.316,
85,11,True,0.650735,0.6744,none,,,False,,85,0,0.0469,0.2712,
85,68,True,0.521225,-0.1833,none,,,False,,85,0,0.0522,0.2681,
85,34,True,0.658,0.7225,none,,,False,,85,0,0.0964,0.2369,
85,9,True,0.608117,0.3922,none,,,False,,85,0,0.0475,0.2185,
85,14,True,0.56133,0.0823,none,,,False,,85,0,0.0448,0.2119,
85,56,True,0.550484,0.0105,none,,,False,,85,0,0.0451,0.1117,
85,2,True,0.529739,-0.1269,none,,,False,,85,0,0.0451,0.1104,
85,76,True,0.588272,0.2607,none,,,False,,85,0,0.1103,0.014,
85,23,True,0.555319,0.0425,none,,,False,,85,0,0.0541,-0.0995,
85,83,True,0.514902,-0.2252,none,,,False,,85,0,0.0493,-0.1025,
85,54,True,0.468878,-0.53,none,,,False,,85,0,0.0552,-0.1308,
85,99,True,0.534363,-0.0963,none,,,False,,85,0,0.0546,-0.1424,
85,67,True,0.534538,-0.0951,none,,,False,,85,0,0.0587,-0.223,
85,4,True,0.492346,-0.3745,none,,,False,,85,0,0.0482,-0.2775,
85,44,True,0.509473,-0.2611,none,,,False,,85,0,0.2552,-0.3334,
85,59,True,0.54732,-0.0105,none,,,False,,85,0,0.0469,-0.3584,
85,82,True,0.421995,-0.8405,none,,,False,,85,0,0.2677,-0.5883,
85,41,True,0.513475,-0.2346,none,,,False,,85,0,0.2793,-0.6193,
85,58,True,0.466952,-0.5427,none,,,False,,85,0,0.1771,-0.6395,
85,16,True,0.531048,-0.1182,cusum,,,True,negative,85,0,0.3563,-0.966,
85,39,True,0.267924,-1.8608,none,,,False,,85,0,0.3377,-1.9,
85,10,True,0.374548,-1.1547,none,,,False,,85,0,0.3253,-2.3678,
85,48,True,0.393575,-1.0287,none,,,False,,85,0,0.3253,-1.3556,
85,69,True,0.349085,-1.3233,none,,,False,,85,0,0.3176,-1.6232,
85,27,True,0.411842,-0.9077,none,,,False,,85,0,0.3139,-1.5475,
85,78,True,0.459426,-0.5926,cusum,,,True,negative,85,0,0.3067,-1.2613,
85,13,True,0.464239,-0.5607,none,,,False,,85,0,0.2998,-1.2141,
85,31,True,0.288198,-1.7265,cusum,,,True,negative,85,0,0.2898,-1.8259,
85,18,True,0.466294,-0.5471,cusum,,,True,negative,85,0,0.2833,-1.2189,
85,92,True,0.394641,-1.0216,none,,,False,,85,0,0.2833,-1.3104,
85,36,True,0.334808,-1.4179,none,,,False,,85,0,0.2831,-1.7903,
85,85,True,0.447041,-0.6746,none,,,False,,85,0,0.2831,-0.6972,
86,24,True,1.607427,3.0,none,,,False,,86,0,0.2459,4.0598,
86,66,True,1.266796,3.0,cusum,,,True,positive,86,0,0.2459,3.9289,
86,40,True,1.131155,2.6239,cusum,,,True,positive,86,0,0.2448,3.5053,
86,88,True,0.956902,1.7733,none,,,False,,86,0,0.2657,3.3873,
86,75,True,0.935001,1.6664,cusum,,,True,positive,86,0,0.245,2.9061,
86,91,True,0.897826,1.4849,cusum,,,True,positive,86,0,0.244,2.2017,
86,97,True,0.809859,1.0555,none,,,False,,86,0,0.2526,2.1147,
86,72,True,0.760793,0.816,none,,,False,,86,0,0.245,2.0722,
86,96,True,0.739737,0.7132,cusum,,,True,positive,86,0,0.2453,2.0514,
86,22,True,0.747221,0.7498,cusum,,,True,positive,86,0,0.2437,1.9374,
86,84,True,0.772533,0.8733,none,,,False,,86,0,0.2445,1.776,
86,35,True,0.798845,1.0018,none,,,False,,86,0,0.2459,1.7553,
86,1,True,0.505231,-0.4314,cusum,,,True,positive,86,0,0.2459,1.7019,
86,53,True,0.555771,-0.1847,none,,,False,,86,0,0.2445,0.8057,
86,55,True,0.588707,-0.024,none,,,False,,86,0,0.0453,0.6059,
86,26,True,0.799178,1.0034,none,,,False,,86,0,0.0459,0.5823,
86,11,True,0.60272,0.0444,none,,,False,,86,0,0.0465,0.5568,
86,21,True,0.709218,0.5643,none,,,False,,86,0,0.0448,0.5178,
86,34,True,0.610606,0.0829,none,,,False,,86,0,0.0938,0.486,
86,60,True,0.606454,0.0627,none,,,False,,86,0,0.0526,0.2775,
86,9,True,0.644521,0.2485,none,,,False,,86,0,0.0472,0.2046,
86,14,True,0.62843,0.1699,none,,,False,,86,0,0.0445,0.1778,
86,68,True,0.622675,0.1418,none,,,False,,86,0,0.0517,0.1719,
86,76,True,0.586805,-0.0333,none,,,False,,86,0,0.1074,0.1325,
86,56,True,0.613333,0.0962,none,,,False,,86,0,0.0448,0.0833,
86,2,True,0.59656,0.0144,none,,,False,,86,0,0.0448,0.0273,
86,83,True,0.590677,-0.0144,none,,,False,,86,0,0.0489,-0.0673,
86,99,True,0.622303,0.14,none,,,False,,86,0,0.0541,-0.1348,
86,23,True,0.717872,0.6065,none,,,False,,86,0,0.0536,-0.1892,
86,67,True,0.547587,-0.2247,none,,,False,,86,0,0.0568,-0.2031,
86,4,True,0.485714,-0.5267,none,,,False,,86,0,0.0478,-0.2353,
86,44,True,0.449793,-0.702,none,,,False,,86,0,0.0546,-0.2383,
86,59,True,0.50215,-0.4465,none,,,False,,86,0,0.0465,-0.2782,
86,54,True,0.714617,0.5906,none,,,False,,86,0,0.0546,-0.371,
86,41,True,0.470582,-0.6006,none,,,False,,86,0,0.2568,-0.5778,
86,82,True,0.428435,-0.8063,none,,,False,,86,0,0.2657,-0.6225,
86,47,True,0.2694,-1.5826,none,,,False,,86,0,0.2358,-0.6433,
86,12,True,0.519197,-0.3633,none,,,False,,86,0,0.2363,-0.6462,
86,16,True,0.51288,-0.3941,none,,,False,,86,0,0.3517,-0.8225,
86,39,True,0.270118,-1.5791,cusum,,,True,negative,86,0,0.3339,-1.8374,
86,10,True,0.350048,-1.1889,cusum,,,True,negative,86,0,0.322,-1.7549,
86,48,True,0.433325,-0.7824,none,,,False,,86,0,0.322,-1.3511,
86,69,True,0.27823,-1.5395,cusum,,,True,negative,86,0,0.3146,-1.6135,
86,27,True,0.370616,-1.0885,none,,,False,,86,0,0.311,-1.3674,
86,78,True,0.474442,-0.5817,none,,,False,,86,0,0.3039,-1.0983,
86,13,True,0.461084,-0.6469,none,,,False,,86,0,0.2972,-1.0877,
86,31,True,0.243296,-1.71,none,,,False,,86,0,0.2874,-1.9126,
86,58,True,0.392222,-0.9831,cusum,,,True,negative,86,0,0.2842,-1.2252,
86,71,True,0.30794,-1.3945,none,,,False,,86,0,0.284,-2.4566,
86,32,True,0.350473,-1.1869,none,,,False,,86,0,0.2829,-1.056,
87,24,True,1.648276,3.0,cusum,,,True,positive,87,0,0.2456,4.0593,
87,66,True,1.267358,3.0,none,,,False,,87,0,0.2456,3.9284,
87,40,True,1.118926,2.8591,none,,,False,,87,0,0.2444,3.4544,
87,88,True,0.91403,1.7645,cusum,,,True,positive,87,0,0.2638,3.2178,
87,75,True,0.934272,1.8726,none,,,False,,87,0,0.2447,2.908,
87,91,True,0.895789,1.667,none,,,False,,87,0,0.2437,2.3194,
87,97,True,0.737868,0.8234,cusum,,,True,positive,87,0,0.2521,2.1652,
87,72,True,0.672763,0.4756,none,,,False,,87,0,0.2447,2.0576,
87,96,True,0.687127,0.5523,none,,,False,,87,0,0.245,1.9537,
87,84,True,0.707149,0.6593,none,,,False,,87,0,0.2442,1.9002,
87,35,True,0.796487,1.1365,none,,,False,,87,0,0.2456,1.808,
87,22,True,0.804576,1.1798,none,,,False,,87,0,0.2434,1.7378,
87,1,True,0.712847,0.6897,none,,,False,,87,0,0.2456,1.3308,
87,26,True,0.629683,0.2454,none,,,False,,87,0,0.0456,0.75,
87,21,True,0.67544,0.4899,none,,,False,,87,0,0.0444,0.5777,
87,53,True,0.788137,1.0919,none,,,False,,87,0,0.2442,0.4821,
87,34,True,0.654305,0.377,none,,,False,,87,0,0.0914,0.3842,
87,55,True,0.579466,-0.0229,none,,,False,,87,0,0.045,0.3783,
87,11,True,0.641718,0.3097,none,,,False,,87,0,0.0462,0.3483,
87,9,True,0.605491,0.1162,none,,,False,,87,0,0.0468,0.2701,
87,60,True,0.595729,0.064,none,,,False,,87,0,0.0521,0.1982,
87,76,True,0.660162,0.4082,none,,,False,,87,0,0.1046,0.1732,
87,14,True,0.315047,-1.4355,none,,,False,,87,0,0.0442,0.1707,
87,56,True,0.617411,0.1799,none,,,False,,87,0,0.0444,0.1228,
87,68,True,0.609947,0.14,none,,,False,,87,0,0.0512,0.1102,
87,2,True,0.534144,-0.265,none,,,False,,87,0,0.0444,0.0955,
87,99,True,0.437553,-0.781,none,,,False,,87,0,0.0535,0.0298,
87,83,True,0.500918,-0.4425,none,,,False,,87,0,0.0485,-0.0647,
87,67,True,0.554797,-0.1546,none,,,False,,87,0,0.0562,-0.0758,
87,23,True,0.651991,0.3646,none,,,False,,87,0,0.053,-0.1392,
87,54,True,0.588023,0.0229,none,,,False,,87,0,0.054,-0.1827,
87,12,True,0.379943,-1.0888,none,,,False,,87,0,0.0914,-0.2262,
87,59,True,0.438291,-0.7771,none,,,False,,87,0,0.0462,-0.3437,
87,44,True,0.500543,-0.4445,none,,,False,,87,0,0.054,-0.3615,
87,4,True,0.542312,-0.2213,none,,,False,,87,0,0.0474,-0.3769,
87,41,True,0.531396,-0.2797,none,,,False,,87,0,0.2562,-0.6131,
87,42,True,0.469714,-0.6092,none,,,False,,87,0,0.2025,-0.6498,
87,28,True,0.376673,-1.1062,none,,,False,,87,0,0.2633,-0.6502,
87,16,True,0.508229,-0.4034,none,,,False,,87,0,0.3474,-0.7045,
87,47,True,0.476331,-0.5738,cusum,,,True,negative,87,0,0.3344,-1.5228,
87,39,True,0.018471,-3.0,none,,,False,,87,0,0.3304,-1.9769,
87,10,True,0.37843,-1.0969,none,,,False,,87,0,0.3189,-1.8165,
87,48,True,0.415568,-0.8985,none,,,False,,87,0,0.3189,-1.3495,
87,69,True,0.312256,-1.4504,none,,,False,,87,0,0.3116,-1.7405,
87,27,True,0.347402,-1.2626,none,,,False,,87,0,0.3081,-1.3726,
87,78,True,0.394162,-1.0128,none,,,False,,87,0,0.3013,-1.1136,
87,13,True,0.436057,-0.789,none,,,False,,87,0,0.2946,-1.0703,
87,18,True,0.512391,-0.3812,none,,,False,,87,0,0.2859,-1.1479,
87,92,True,0.415046,-0.9012,none,,,False,,87,0,0.2859,-1.3014,
87,31,True,0.292377,-1.5566,cusum,,,True,negative,87,0,0.285,-2.0648,
88,24,True,1.68437,3.0,none,,,False,,88,0,0.2452,4.0589,
88,66,True,1.292124,3.0,cusum,,,True,positive,88,0,0.2452,4.0589,
88,40,True,1.116353,3.0,cusum,,,True,positive,88,0,0.2441,3.885,
88,88,True,0.89075,1.8893,none,,,False,,88,0,0.2619,3.2555,
88,75,True,0.905011,1.9756,cusum,,,True,positive,88,0,0.2444,3.1133,
88,91,True,0.855113,1.6736,cusum,,,True,positive,88,0,0.2434,2.5679,
88,97,True,0.701956,0.7465,none,,,False,,88,0,0.2516,2.2567,
88,22,True,0.79874,1.3324,none,,,False,,88,0,0.2431,1.9869,
88,96,True,0.778641,1.2107,none,,,False,,88,0,0.2447,1.9668,
88,35,True,0.81268,1.4167,cusum,,,True,positive,88,0,0.2452,1.9623,
88,72,True,0.636861,0.3525,none,,,False,,88,0,0.2444,1.9056,
88,53,True,0.778443,1.2095,cusum,,,True,positive,88,0,0.2439,1.6813,
88,1,True,0.648024,0.4201,none,,,False,,88,0,0.2452,1.4833,
88,84,True,0.724451,0.8827,none,,,False,,88,0,0.2439,0.9468,
88,26,True,0.644564,0.3991,none,,,False,,88,0,0.0452,0.6969,
88,21,True,0.683484,0.6347,none,,,False,,88,0,0.0441,0.5626,
88,34,True,0.676945,0.5951,none,,,False,,88,0,0.089,0.4799,
88,23,True,0.573973,-0.0282,none,,,False,,88,0,0.0525,0.4072,
88,11,True,0.63559,0.3448,none,,,False,,88,0,0.0458,0.4026,
88,55,True,0.475933,-0.6216,none,,,False,,88,0,0.0447,0.3146,
88,9,True,0.666115,0.5296,none,,,False,,88,0,0.0464,0.3129,
88,76,True,0.607076,0.1722,none,,,False,,88,0,0.102,0.3032,
88,60,True,0.579297,0.0041,none,,,False,,88,0,0.0516,0.1606,
88,56,True,0.611055,0.1963,none,,,False,,88,0,0.0441,0.1529,
88,68,True,0.559084,-0.1183,none,,,False,,88,0,0.0507,0.0997,
88,54,True,0.53109,-0.2877,none,,,False,,88,0,0.0535,0.0986,
88,2,True,0.630599,0.3146,none,,,False,,88,0,0.0441,-0.0685,
88,67,True,0.599578,0.1268,none,,,False,,88,0,0.0556,-0.0844,
88,83,True,0.577952,-0.0041,none,,,False,,88,0,0.0481,-0.1643,
88,99,True,0.598335,0.1193,none,,,False,,88,0,0.053,-0.1757,
88,41,True,0.469187,-0.6624,none,,,False,,88,0,0.2556,-0.2979,
88,4,True,0.498643,-0.4841,none,,,False,,88,0,0.0471,-0.3127,
88,14,True,0.436743,-0.8588,none,,,False,,88,0,0.0439,-0.3374,
88,59,True,0.556288,-0.1352,none,,,False,,88,0,0.0458,-0.3516,
88,44,True,0.484388,-0.5704,none,,,False,,88,0,0.0535,-0.3985,
88,6,True,0.407877,-1.0335,none,,,False,,88,0,0.2886,-0.4847,
88,28,True,0.465199,-0.6866,none,,,False,,88,0,0.1349,-0.4928,
88,12,True,0.482686,-0.5807,none,,,False,,88,0,0.089,-0.5114,
88,16,True,0.510239,-0.4139,none,,,False,,88,0,0.3434,-0.6905,
88,47,True,0.552633,-0.1573,none,,,False,,88,0,0.3309,-1.481,
88,39,True,0.328279,-1.5153,cusum,,,True,negative,88,0,0.327,-2.5424,
88,10,True,0.38425,-1.1765,none,,,False,,88,0,0.3158,-1.5488,
88,48,True,0.272367,-1.8538,cusum,,,True,negative,88,0,0.3158,-1.3051,
88,69,True,0.384027,-1.1779,none,,,False,,88,0,0.3088,-1.8432,
88,27,True,0.30454,-1.659,cusum,,,True,negative,88,0,0.3053,-1.4934,
88,78,True,0.383146,-1.1832,none,,,False,,88,0,0.2987,-1.1392,
88,13,True,0.424677,-0.9318,none,,,False,,88,0,0.2922,-1.0785,
88,5,True,0.297109,-1.704,none,,,False,,88,0,0.2896,-1.7996,
88,45,True,0.331787,-1.4941,none,,,False,,88,0,0.2886,-0.8686,
88,77,True,0.17695,-2.4313,none,,,False,,88,0,0.2876,-2.0253,
89,24,True,1.654822,3.0,cusum,,,True,positive,89,0,0.2449,4.0585,
89,66,True,1.189572,3.0,none,,,False,,89,0,0.2449,4.0585,
89,40,True,1.152567,3.0,none,,,False,,89,0,0.2438,3.8846,
89,75,True,0.92012,2.067,none,,,False,,89,0,0.2441,2.8956,
89,88,True,1.052757,2.8961,cusum,,,True,positive,89,0,0.2601,2.8844,
89,91,True,0.806272,1.3553,none,,,False,,89,0,0.2431,2.6644,
89,35,True,0.802824,1.3338,none,,,False,,89,0,0.2449,2.2435,
89,22,True,0.625974,0.2283,none,,,False,,89,0,0.2428,2.1429,
89,97,True,0.858303,1.6806,none,,,False,,89,0,0.2511,1.9426,
89,96,True,0.651415,0.3873,none,,,False,,89,0,0.2443,1.8831,
89,84,True,0.613674,0.1514,cusum,,,True,positive,89,0,0.2436,1.8617,
89,53,True,0.710177,0.7546,none,,,False,,89,0,0.2436,1.7622,
89,72,True,0.748091,0.9916,none,,,False,,89,0,0.2441,1.6054,
89,1,True,0.740901,0.9467,none,,,False,,89,0,0.2449,1.2846,
89,21,True,0.5655,-0.1497,none,,,False,,89,0,0.0438,0.6199,
89,26,True,0.678189,0.5547,none,,,False,,89,0,0.0449,0.6078,
89,34,True,0.679428,0.5624,none,,,False,,89,0,0.0867,0.4362,
89,23,True,0.699238,0.6862,none,,,False,,89,0,0.052,0.383,
89,9,True,0.593191,0.0233,none,,,False,,89,0,0.0461,0.3583,
89,11,True,0.629194,0.2484,none,,,False,,89,0,0.0455,0.2923,
89,76,True,0.609122,0.1229,none,,,False,,89,0,0.0994,0.2722,
89,56,True,0.490444,-0.6189,none,,,False,,89,0,0.0438,0.2144,
89,54,True,0.537326,-0.3259,none,,,False,,89,0,0.0529,0.1786,
89,68,True,0.55682,-0.204,none,,,False,,89,0,0.0503,0.1207,
89,60,True,0.597627,0.0511,none,,,False,,89,0,0.0511,0.111,
89,2,True,0.62187,0.2026,none,,,False,,89,0,0.0438,0.0783,
89,67,True,0.594188,0.0296,none,,,False,,89,0,0.055,-0.0112,
89,83,True,0.587352,-0.0132,none,,,False,,89,0,0.0477,-0.0911,
89,99,True,0.557676,-0.1987,none,,,False,,89,0,0.0525,-0.1046,
89,55,True,0.591561,0.0132,none,,,False,,89,0,0.0443,-0.1651,
89,4,True,0.512183,-0.483,none,,,False,,89,0,0.0467,-0.3496,
89,59,True,0.530593,-0.368,none,,,False,,89,0,0.0455,-0.3936,
89,41,True,0.515672,-0.4612,none,,,False,,89,0,0.255,-0.4413,
89,44,True,0.466588,-0.7681,none,,,False,,89,0,0.0529,-0.5023,
89,14,True,0.690536,0.6318,none,,,False,,89,0,0.0436,-0.6515,
89,33,True,0.441572,-0.9244,none,,,False,,89,0,0.1469,-0.657,
89,70,True,0.395317,-1.2136,none,,,False,,89,0,0.2024,-0.6705,
89,62,True,0.483435,-0.6627,none,,,False,,89,0,0.2299,-0.6712,
89,16,True,0.499363,-0.5632,none,,,False,,89,0,0.3395,-0.792,
89,28,True,0.413214,-1.1017,cusum,,,True,negative,89,0,0.3314,-0.9729,
89,47,True,0.519162,-0.4394,none,,,False,,89,0,0.3275,-1.167,
89,39,True,0.251389,-2.1133,none,,,False,,89,0,0.3237,-2.4294,
89,10,True,0.411364,-1.1133,cusum,,,True,negative,89,0,0.3129,-1.5579,
89,48,True,0.402829,-1.1666,none,,,False,,89,0,0.3129,-1.582,
89,69,True,0.408829,-1.1291,cusum,,,True,negative,89,0,0.306,-1.7964,
89,27,True,0.333134,-1.6023,none,,,False,,89,0,0.3027,-1.7454,
89,78,True,0.394268,-1.2201,none,,,False,,89,0,0.2961,-1.3375,
89,58,True,0.371973,-1.3595,none,,,False,,89,0,0.2915,-1.3086,
89,13,True,0.373488,-1.35,none,,,False,,89,0,0.2898,-0.7035,
89,57,True,0.308277,-1.7576,none,,,False,,89,0,0.2887,-0.6952,
90,24,True,1.717923,3.0,none,,,False,,90,0,0.2446,4.0581,
90,66,True,1.294548,3.0,cusum,,,True,positive,90,0,0.2446,4.0581,
90,40,True,1.076919,2.6425,cusum,,,True,positive,90,0,0.2435,4.0097,
90,88,True,0.93023,1.8557,none,,,False,,90,0,0.2583,3.2578,
90,75,True,0.934346,1.8777,cusum,,,True,positive,90,0,0.2438,3.0287,
90,91,True,0.737207,0.8203,none,,,False,,90,0,0.2428,2.6209,
90,35,True,0.743958,0.8565,none,,,False,,90,0,0.2446,2.3538,
90,97,True,0.814276,1.2337,none,,,False,,90,0,0.2507,2.1503,
90,53,True,0.756121,0.9218,none,,,False,,90,0,0.2433,2.0749,
90,22,True,0.710307,0.676,none,,,False,,90,0,0.2425,1.9687,
90,96,True,0.718652,0.7208,none,,,False,,90,0,0.244,1.7741,
90,1,True,0.70912,0.6697,none,,,False,,90,0,0.2446,1.7436,
90,84,True,0.816917,1.2479,none,,,False,,90,0,0.2433,1.6207,
90,72,True,0.80889,1.2048,none,,,False,,90,0,0.2438,0.6635,
90,34,True,0.645506,0.3285,none,,,False,,90,0,0.0844,0.5948,
90,26,True,0.621103,0.1976,none,,,False,,90,0,0.0446,0.4579,
90,23,True,0.471393,-0.6054,none,,,False,,90,0,0.0515,0.4089,
90,21,True,0.614959,0.1646,none,,,False,,90,0,0.0435,0.3816,
90,11,True,0.62633,0.2256,none,,,False,,90,0,0.0451,0.3599,
90,76,True,0.531585,-0.2826,none,,,False,,90,0,0.0969,0.3229,
90,9,True,0.684755,0.539,none,,,False,,90,0,0.0457,0.2828,
90,2,True,0.600733,0.0883,none,,,False,,90,0,0.0435,0.1407,
90,60,True,0.618513,0.1837,none,,,False,,90,0,0.0507,0.1065,
90,67,True,0.501238,-0.4454,none,,,False,,90,0,0.0544,0.0728,
90,68,True,0.534335,-0.2678,none,,,False,,90,0,0.0498,0.0049,
90,56,True,0.658531,0.3983,none,,,False,,90,0,0.0435,-0.0243,
90,83,True,0.593094,0.0473,none,,,False,,90,0,0.0473,-0.0912,
90,54,True,0.672775,0.4747,none,,,False,,90,0,0.0524,-0.1276,
90,55,True,0.604429,0.1081,none,,,False,,90,0,0.044,-0.1531,
90,99,True,0.543365,-0.2194,none,,,False,,90,0,0.052,-0.2181,
90,4,True,0.522866,-0.3294,none,,,False,,90,0,0.0463,-0.3355,
90,16,True,0.497421,-0.4658,none,,,False,,90,0,0.3358,-0.3511,
90,59,True,0.575444,-0.0473,none,,,False,,90,0,0.0451,-0.3678,
90,41,True,0.52397,-0.3234,none,,,False,,90,0,0.0544,-0.3956,
90,14,True,0.398738,-0.9952,none,,,False,,90,0,0.0433,-0.4979,
90,44,True,0.532513,-0.2776,none,,,False,,90,0,0.0524,-0.525,
90,18,True,0.452239,-0.7082,none,,,False,,90,0,0.2892,-0.5623,
90,33,True,0.457224,-0.6814,none,,,False,,90,0,0.052,-0.5844,
90,57,True,0.378497,-1.1037,cusum,,,True,negative,90,0,0.3581,-1.5646,
90,62,True,0.465108,-0.6392,cusum,,,True,negative,90,0,0.3358,-0.976,
90,28,True,0.3729,-1.1337,none,,,False,,90,0,0.328,-1.3606,
90,47,True,0.458809,-0.6729,none,,,False,,90,0,0.3242,-0.7881,
90,39,True,0.265942,-1.7074,cusum,,,True,negative,90,0,0.3206,-2.6095,
90,10,True,0.377686,-1.1081,none,,,False,,90,0,0.31,-1.5344,
90,48,True,0.355128,-1.2291,none,,,False,,90,0,0.31,-1.7118,
90,69,True,0.35333,-1.2387,none,,,False,,90,0,0.3033,-1.6612,
90,27,True,0.358359,-1.2117,cusum,,,True,negative,90,0,0.3001,-1.9182,
90,78,True,0.456857,-0.6834,cusum,,,True,negative,90,0,0.2937,-1.5517,
90,31,True,0.296338,-1.5444,none,,,False,,90,0,0.2922,-2.081,
90,12,True,0.549098,-0.1887,none,,,False,,90,0,0.2914,-1.0931,
91,24,True,1.640904,3.0,cusum,,,True,positive,91,0,0.2443,4.0577,
91,66,True,1.318665,3.0,none,,,False,,91,0,0.2443,4.0577,
91,40,True,1.124166,3.0,none,,,False,,91,0,0.2432,3.9371,
91,88,True,1.068874,2.8849,cusum,,,True,positive,91,0,0.2565,3.2874,
91,75,True,0.916068,1.9908,none,,,False,,91,0,0.2435,3.0301,
91,91,True,0.779256,1.1903,cusum,,,True,positive,91,0,0.2425,2.3383,
91,97,True,0.856218,1.6406,cusum,,,True,positive,91,0,0.2502,2.2865,
91,35,True,0.707327,0.7694,cusum,,,True,positive,91,0,0.2443,2.2601,
91,53,True,0.786243,1.2312,none,,,False,,91,0,0.243,2.0179,
91,72,True,0.781734,1.2048,cusum,,,True,positive,91,0,0.2435,1.9063,
91,84,True,0.785931,1.2293,none,,,False,,91,0,0.243,1.8165,
91,22,True,0.656959,0.4747,cusum,,,True,positive,91,0,0.2423,1.8004,
91,96,True,0.662732,0.5085,none,,,False,,91,0,0.2437,0.8299,
91,1,True,0.549418,-0.1545,none,,,False,,91,0,0.2443,0.7365,
91,34,True,0.68579,0.6434,none,,,False,,91,0,0.0823,0.5775,
91,26,True,0.756092,1.0547,none,,,False,,91,0,0.0443,0.4415,
91,9,True,0.643342,0.395,none,,,False,,91,0,0.0454,0.4233,
91,11,True,0.632922,0.3341,none,,,False,,91,0,0.0448,0.3315,
91,21,True,0.609717,0.1983,none,,,False,,91,0,0.0432,0.2728,
91,2,True,0.665539,0.5249,none,,,False,,91,0,0.0432,0.2581,
91,60,True,0.633911,0.3398,none,,,False,,91,0,0.0502,0.1458,
91,76,True,0.543806,-0.1874,none,,,False,,91,0,0.0944,0.0912,
91,23,True,0.636377,0.3543,none,,,False,,91,0,0.051,0.085,
91,83,True,0.57729,0.0085,none,,,False,,91,0,0.0469,0.0716,
91,56,True,0.682172,0.6222,none,,,False,,91,0,0.0432,0.0482,
91,54,True,0.630056,0.3173,none,,,False,,91,0,0.0519,0.0224,
91,67,True,0.574369,-0.0085,none,,,False,,91,0,0.0538,-0.0249,
91,99,True,0.567677,-0.0477,none,,,False,,91,0,0.0515,-0.0315,
91,55,True,0.463281,-0.6585,none,,,False,,91,0,0.0437,-0.1098,
91,59,True,0.540089,-0.2091,none,,,False,,91,0,0.0448,-0.125,
91,68,True,0.609888,0.1993,none,,,False,,91,0,0.0494,-0.1316,
91,14,True,0.499052,-0.4492,none,,,False,,91,0,0.043,-0.3515,
91,4,True,0.48068,-0.5567,none,,,False,,91,0,0.046,-0.372,
91,16,True,0.457828,-0.6904,none,,,False,,91,0,0.3323,-0.3744,
91,41,True,0.52376,-0.3047,none,,,False,,91,0,0.0538,-0.4109,
91,18,True,0.388059,-1.0987,none,,,False,,91,0,0.2793,-0.4644,
91,44,True,0.379447,-1.1491,none,,,False,,91,0,0.0519,-0.47,
91,33,True,0.493844,-0.4797,none,,,False,,91,0,0.0515,-0.6323,
91,57,True,0.340385,-1.3776,none,,,False,,91,0,0.3536,-1.6674,
91,62,True,0.480147,-0.5599,none,,,False,,91,0,0.3323,-1.0016,
91,28,True,0.311584,-1.5461,none,,,False,,91,0,0.3247,-1.3719,
91,47,True,0.490301,-0.5004,none,,,False,,91,0,0.3211,-0.8232,
91,39,True,0.301953,-1.6025,none,,,False,,91,0,0.3175,-2.1806,
91,10,True,0.35676,-1.2818,none,,,False,,91,0,0.3073,-1.5398,
91,48,True,0.360638,-1.2591,cusum,,,True,negative,91,0,0.3073,-1.8236,
91,69,True,0.33931,-1.3839,none,,,False,,91,0,0.3008,-1.5921,
91,27,True,0.380987,-1.14,none,,,False,,91,0,0.2976,-1.9026,
91,92,True,0.321855,-1.486,none,,,False,,91,0,0.2938,-0.8484,
91,36,True,0.340968,-1.3742,none,,,False,,91,0,0.2927,-1.4278,
91,13,True,0.386601,-1.1072,none,,,False,,91,0,0.2921,-1.4391,
92,24,True,1.611813,3.0,none,,,False,,92,0,0.244,4.0574,
92,66,True,1.245771,3.0,cusum,,,True,positive,92,0,0.244,4.0574,
92,40,True,1.105856,3.0,cusum,,,True,positive,92,0,0.2429,3.9367,
92,88,True,0.977655,2.8674,none,,,False,,92,0,0.2549,3.6185,
92,75,True,0.803594,1.5901,cusum,,,True,positive,92,0,0.2432,3.0348,
92,97,True,0.704472,0.8627,none,,,False,,92,0,0.2498,2.5839,
92,72,True,0.890164,2.2254,none,,,False,,92,0,0.2432,2.19,
92,91,True,0.767225,1.3232,none,,,False,,92,0,0.2422,2.1769,
92,35,True,0.685634,0.7245,none,,,False,,92,0,0.244,2.0439,
92,53,True,0.668854,0.6014,cusum,,,True,positive,92,0,0.2427,2.0247,
92,84,True,0.825866,1.7535,none,,,False,,92,0,0.2427,1.9318,
92,26,True,0.676395,0.6567,cusum,,,True,positive,92,0,0.244,1.6597,
92,34,True,0.555473,-0.2306,cusum,,,True,positive,92,0,0.2801,1.5925,
92,22,True,0.578389,-0.0625,none,,,False,,92,0,0.242,1.5142,
92,96,True,0.754358,1.2288,none,,,False,,92,0,0.2434,0.5955,
92,1,True,0.603471,0.1216,none,,,False,,92,0,0.244,0.5446,
92,9,True,0.558117,-0.2112,none,,,False,,92,0,0.0451,0.378,
92,2,True,0.590982,0.0299,none,,,False,,92,0,0.0429,0.3278,
92,11,True,0.661269,0.5457,none,,,False,,92,0,0.0445,0.3275,
92,60,True,0.618596,0.2326,none,,,False,,92,0,0.0498,0.2572,
92,54,True,0.619733,0.2409,none,,,False,,92,0,0.0514,0.2234,
92,23,True,0.630188,0.3176,none,,,False,,92,0,0.0506,0.2118,
92,56,True,0.602086,0.1114,none,,,False,,92,0,0.0429,0.1898,
92,21,True,0.702113,0.8454,none,,,False,,92,0,0.0429,0.127,
92,83,True,0.582825,-0.0299,none,,,False,,92,0,0.0466,0.0753,
92,68,True,0.625349,0.2821,none,,,False,,92,0,0.049,-0.0263,
92,76,True,0.601641,0.1081,none,,,False,,92,0,0.0921,-0.0299,
92,67,True,0.558602,-0.2077,none,,,False,,92,0,0.0533,-0.0707,
92,99,True,0.60499,0.1327,none,,,False,,92,0,0.051,-0.0878,
92,55,True,0.681244,0.6923,none,,,False,,92,0,0.0434,-0.1225,
92,59,True,0.526804,-0.441,none,,,False,,92,0,0.0445,-0.15,
92,14,True,0.558479,-0.2086,none,,,False,,92,0,0.0427,-0.2153,
92,41,True,0.566896,-0.1468,none,,,False,,92,0,0.0533,-0.2924,
92,4,True,0.4487,-1.0141,none,,,False,,92,0,0.0456,-0.3966,
92,47,True,0.514182,-0.5336,none,,,False,,92,0,0.3181,-0.4395,
92,16,True,0.464187,-0.9005,none,,,False,,92,0,0.329,-0.4689,
92,33,True,0.554324,-0.2391,none,,,False,,92,0,0.051,-0.6278,
92,18,True,0.510274,-0.5623,none,,,False,,92,0,0.2772,-0.6493,
92,57,True,0.347825,-1.7544,none,,,False,,92,0,0.3493,-1.7951,
92,62,True,0.491392,-0.7009,none,,,False,,92,0,0.329,-1.0163,
92,28,True,0.545259,-0.3056,cusum,,,True,negative,92,0,0.3216,-1.6605,
92,39,True,0.364497,-1.632,cusum,,,True,negative,92,0,0.3146,-2.2115,
92,10,True,0.319837,-1.9598,cusum,,,True,negative,92,0,0.3047,-1.5764,
92,48,True,0.345209,-1.7736,none,,,False,,92,0,0.3047,-1.627,
92,69,True,0.401454,-1.3608,cusum,,,True,negative,92,0,0.2983,-1.6622,
92,78,True,0.522366,-0.4736,none,,,False,,92,0,0.2959,-1.4432,
92,27,True,0.264643,-2.3648,none,,,False,,92,0,0.2952,-1.731,
92,89,True,0.359106,-1.6716,none,,,False,,92,0,0.2947,-0.7188,
92,71,True,0.320927,-1.9518,none,,,False,,92,0,0.2934,-1.7132,
92,58,True,0.457312,-0.951,none,,,False,,92,0,0.2907,-0.8796,
93,24,True,1.701127,3.0,cusum,,,True,positive,93,0,0.2436,4.057,
93,66,True,1.272211,3.0,none,,,False,,93,0,0.2436,4.057,
93,40,True,1.119583,3.0,none,,,False,,93,0,0.2427,3.9364,
93,88,True,1.069221,3.0,cusum,,,True,positive,93,0,0.2543,3.6081,
93,75,True,0.921729,2.1993,none,,,False,,93,0,0.2429,2.8754,
93,72,True,0.908242,2.1095,cusum,,,True,positive,93,0,0.2429,2.6009,
93,84,True,0.780203,1.2564,cusum,,,True,positive,93,0,0.2424,2.4655,
93,97,True,0.820557,1.5252,none,,,False,,93,0,0.2493,2.3108,
93,91,True,0.53552,-0.3739,none,,,False,,93,0,0.242,2.1658,
93,53,True,0.610199,0.1236,none,,,False,,93,0,0.2424,1.9733,
93,96,True,0.665462,0.4918,cusum,,,True,positive,93,0,0.2431,1.8756,
93,35,True,0.655361,0.4246,none,,,False,,93,0,0.2436,1.8405,
93,26,True,0.711645,0.7996,none,,,False,,93,0,0.2436,1.6933,
93,22,True,0.703358,0.7443,none,,,False,,93,0,0.2417,1.417,
93,34,True,0.656192,0.4301,none,,,False,,93,0,0.2781,1.3271,
93,21,True,0.667354,0.5045,none,,,False,,93,0,0.0427,0.4583,
93,56,True,0.485989,-0.704,none,,,False,,93,0,0.0427,0.4329,
93,11,True,0.610384,0.1249,none,,,False,,93,0,0.0442,0.4262,
93,54,True,0.659221,0.4503,none,,,False,,93,0,0.051,0.4117,
93,60,True,0.525399,-0.4414,none,,,False,,93,0,0.0493,0.3171,
93,9,True,0.644074,0.3493,none,,,False,,93,0,0.0447,0.2994,
93,2,True,0.631572,0.266,none,,,False,,93,0,0.0427,0.2699,
93,1,True,0.685789,0.6273,none,,,False,,93,0,0.2436,0.2692,
93,68,True,0.688452,0.645,none,,,False,,93,0,0.0486,0.1352,
93,55,True,0.66217,0.4699,none,,,False,,93,0,0.0431,0.1035,
93,23,True,0.65233,0.4044,none,,,False,,93,0,0.0501,0.0884,
93,83,True,0.403516,-1.2535,none,,,False,,93,0,0.0462,0.0693,
93,99,True,0.587569,-0.0271,none,,,False,,93,0,0.0505,0.022,
93,76,True,0.62658,0.2328,none,,,False,,93,0,0.0898,-0.0361,
93,67,True,0.589597,-0.0136,none,,,False,,93,0,0.0528,-0.1505,
93,59,True,0.520412,-0.4746,none,,,False,,93,0,0.0442,-0.1748,
93,41,True,0.586013,-0.0375,none,,,False,,93,0,0.0528,-0.1883,
93,33,True,0.468136,-0.8229,none,,,False,,93,0,0.0505,-0.3999,
93,47,True,0.470502,-0.8071,none,,,False,,93,0,0.3152,-0.4728,
93,14,True,0.593687,0.0136,none,,,False,,93,0,0.0424,-0.4958,
93,4,True,0.520283,-0.4755,none,,,False,,93,0,0.0453,-0.5741,
93,16,True,0.503751,-0.5856,none,,,False,,93,0,0.3257,-0.5835,
93,44,True,0.444282,-0.9818,none,,,False,,93,0,0.0552,-0.6635,
93,89,True,0.27812,-2.0889,cusum,,,True,negative,93,0,0.3497,-1.4121,
93,57,True,0.387787,-1.3583,cusum,,,True,negative,93,0,0.3453,-1.7972,
93,62,True,0.503816,-0.5852,none,,,False,,93,0,0.3257,-1.0312,
93,28,True,0.530555,-0.407,none,,,False,,93,0,0.3186,-1.3971,
93,39,True,0.299239,-1.9482,none,,,False,,93,0,0.3118,-2.0528,
93,10,True,0.277006,-2.0964,none,,,False,,93,0,0.3021,-1.8601,
93,48,True,0.403831,-1.2514,none,,,False,,93,0,0.3021,-1.8308,
93,69,True,0.396924,-1.2974,none,,,False,,93,0,0.2959,-1.7408,
93,12,True,0.484584,-0.7133,none,,,False,,93,0,0.2944,-1.036,
93,27,True,0.2799,-2.0771,cusum,,,True,negative,93,0,0.2928,-1.9864,
93,31,True,0.197613,-2.6254,none,,,False,,93,0,0.2914,-2.0215,
93,13,True,0.408734,-1.2187,none,,,False,,93,0,0.2906,-1.5464,
94,24,True,1.643438,3.0,none,,,False,,94,0,0.2434,4.0566,
94,66,True,1.324098,3.0,cusum,,,True,positive,94,0,0.2434,4.0566,
94,40,True,1.138777,2.6231,cusum,,,True,positive,94,0,0.2424,4.0552,
94,88,True,1.010921,1.9614,none,,,False,,94,0,0.2537,3.9888,
94,75,True,0.87563,1.2611,cusum,,,True,positive,94,0,0.2426,2.9823,
94,72,True,0.846494,1.1103,none,,,False,,94,0,0.2426,2.9021,
94,84,True,0.814634,0.9454,none,,,False,,94,0,0.2421,2.468,
94,97,True,0.80415,0.8912,cusum,,,True,positive,94,0,0.2489,2.4074,
94,26,True,0.769522,0.712,none,,,False,,94,0,0.2434,1.8936,
94,96,True,0.755045,0.637,none,,,False,,94,0,0.2429,1.7989,
94,91,True,0.632752,0.0041,none,,,False,,94,0,0.2417,1.7674,
94,53,True,0.743376,0.5766,none,,,False,,94,0,0.2421,1.7069,
94,35,True,0.75148,0.6186,none,,,False,,94,0,0.2434,1.6961,
94,22,True,0.662039,0.1557,none,,,False,,94,0,0.2415,1.4394,
94,34,True,0.696742,0.3353,none,,,False,,94,0,0.2761,1.36,
94,21,True,0.73348,0.5254,none,,,False,,94,0,0.0424,0.5713,
94,68,True,0.584992,-0.2431,none,,,False,,94,0,0.0482,0.439,
94,23,True,0.670726,0.2006,none,,,False,,94,0,0.0497,0.4244,
94,54,True,0.685445,0.2768,none,,,False,,94,0,0.0505,0.403,
94,11,True,0.545284,-0.4486,none,,,False,,94,0,0.0439,0.3922,
94,2,True,0.685769,0.2785,none,,,False,,94,0,0.0424,0.3288,
94,1,True,0.641589,0.0498,none,,,False,,94,0,0.2434,0.2547,
94,9,True,0.670449,0.1992,none,,,False,,94,0,0.0444,0.2358,
94,55,True,0.753114,0.627,none,,,False,,94,0,0.0429,0.2238,
94,76,True,0.558174,-0.3819,none,,,False,,94,0,0.0876,0.1345,
94,60,True,0.6549,0.1187,none,,,False,,94,0,0.0489,0.1082,
94,99,True,0.624416,-0.0391,none,,,False,,94,0,0.0501,0.0855,
94,56,True,0.687852,0.2893,none,,,False,,94,0,0.0424,0.0651,
94,67,True,0.571278,-0.3141,none,,,False,,94,0,0.0523,-0.0073,
94,41,True,0.472189,-0.827,none,,,False,,94,0,0.0523,-0.0937,
94,14,True,0.645161,0.0683,none,,,False,,94,0,0.0421,-0.1598,
94,59,True,0.558865,-0.3783,none,,,False,,94,0,0.0439,-0.3176,
94,83,True,0.581334,-0.2621,none,,,False,,94,0,0.0459,-0.3648,
94,12,True,0.538677,-0.4828,none,,,False,,94,0,0.2847,-0.412,
94,47,True,0.443954,-0.9731,none,,,False,,94,0,0.3124,-0.5192,
94,4,True,0.461932,-0.8801,none,,,False,,94,0,0.045,-0.6232,
94,16,True,0.477494,-0.7995,none,,,False,,94,0,0.3227,-0.6255,
94,73,True,0.466207,-0.8579,none,,,False,,94,0,0.2626,-0.6787,
94,89,True,0.310472,-1.664,none,,,False,,94,0,0.3457,-1.9642,
94,57,True,0.345123,-1.4846,none,,,False,,94,0,0.3416,-1.8849,
94,62,True,0.473762,-0.8188,none,,,False,,94,0,0.3227,-1.0153,
94,28,True,0.63118,-0.0041,none,,,False,,94,0,0.3158,-1.1567,
94,39,True,0.338699,-1.5179,cusum,,,True,negative,94,0,0.3091,-2.1347,
94,10,True,0.283774,-1.8022,cusum,,,True,negative,94,0,0.2996,-2.1909,
94,48,True,0.323591,-1.5961,cusum,,,True,negative,94,0,0.2996,-1.8396,
94,78,True,0.4461,-0.962,none,,,False,,94,0,0.2943,-1.2079,
94,69,True,0.39863,-1.2077,none,,,False,,94,0,0.2935,-1.7616,
94,27,True,0.395844,-1.2221,none,,,False,,94,0,0.2905,-2.2761,
94,92,True,0.410207,-1.1478,none,,,False,,94,0,0.2892,-1.5552,
94,58,True,0.340055,-1.5109,none,,,False,,94,0,0.2855,-1.0167,
95,24,True,1.680274,3.0,cusum,,,True,positive,95,0,0.2431,4.0563,
95,66,True,1.335053,3.0,none,,,False,,95,0,0.2431,4.0563,
95,40,True,1.124424,2.7198,none,,,False,,95,0,0.2421,3.9293,
95,88,True,1.063551,2.4229,cusum,,,True,positive,95,0,0.2532,3.6803,
95,72,True,0.886278,1.5583,cusum,,,True,positive,95,0,0.2423,2.8703,
95,75,True,0.856586,1.4134,none,,,False,,95,0,0.2423,2.7387,
95,84,True,0.816045,1.2157,none,,,False,,95,0,0.2419,2.373,
95,97,True,0.882164,1.5382,none,,,False,,95,0,0.2485,2.1571,
95,96,True,0.707789,0.6877,none,,,False,,95,0,0.2426,1.8414,
95,26,True,0.51723,-0.2417,none,,,False,,95,0,0.2431,1.779,
95,35,True,0.761674,0.9505,none,,,False,,95,0,0.2431,1.6455,
95,53,True,0.58097,0.0692,none,,,False,,95,0,0.2419,1.4884,
95,91,True,0.81087,1.1905,none,,,False,,95,0,0.2414,1.3717,
95,22,True,0.837607,1.3209,none,,,False,,95,0,0.2412,1.3328,
95,34,True,0.624468,0.2813,none,,,False,,95,0,0.2741,1.2563,
95,21,True,0.742614,0.8576,none,,,False,,95,0,0.0421,0.68,
95,55,True,0.545999,-0.1014,none,,,False,,95,0,0.0426,0.652,
95,54,True,0.632647,0.3212,none,,,False,,95,0,0.05,0.3889,
95,23,True,0.725081,0.772,none,,,False,,95,0,0.0493,0.3726,
95,1,True,0.650739,0.4094,none,,,False,,95,0,0.2431,0.3225,
95,68,True,0.650845,0.41,none,,,False,,95,0,0.0478,0.291,
95,2,True,0.478902,-0.4287,none,,,False,,95,0,0.0421,0.2464,
95,9,True,0.552698,-0.0687,none,,,False,,95,0,0.0441,0.1702,
95,11,True,0.54985,-0.0826,none,,,False,,95,0,0.0436,0.131,
95,99,True,0.594788,0.1366,none,,,False,,95,0,0.0496,0.0878,
95,76,True,0.428271,-0.6756,none,,,False,,95,0,0.0854,0.0685,
95,60,True,0.630509,0.3108,none,,,False,,95,0,0.0485,0.034,
95,14,True,0.602267,0.173,none,,,False,,95,0,0.0419,0.0123,
95,56,True,0.64565,0.3846,none,,,False,,95,0,0.0421,-0.0462,
95,67,True,0.567066,0.0013,none,,,False,,95,0,0.0518,-0.1098,
95,41,True,0.582676,0.0775,none,,,False,,95,0,0.0518,-0.2684,
95,59,True,0.533836,-0.1607,none,,,False,,95,0,0.0436,-0.3743,
95,12,True,0.543912,-0.1116,none,,,False,,95,0,0.2826,-0.3805,
95,83,True,0.54759,-0.0937,none,,,False,,95,0,0.0455,-0.4554,
95,62,True,0.501378,-0.319,none,,,False,,95,0,0.3197,-0.6036,
95,78,True,0.433813,-0.6486,none,,,False,,95,0,0.2883,-0.623,
95,28,True,0.566516,-0.0013,none,,,False,,95,0,0.313,-0.6444,
95,47,True,0.42873,-0.6734,none,,,False,,95,0,0.3097,-0.6784,
95,89,True,0.423422,-0.6993,cusum,,,True,negative,95,0,0.3419,-2.1964,
95,57,True,0.416898,-0.7311,none,,,False,,95,0,0.338,-1.9233,
95,16,True,0.509615,-0.2789,cusum,,,True,negative,95,0,0.3197,-1.1638,
95,39,True,0.225348,-1.6653,none,,,False,,95,0,0.3065,-2.1081,
95,10,True,0.381787,-0.9023,none,,,False,,95,0,0.2972,-2.3657,
95,48,True,0.40352,-0.7963,none,,,False,,95,0,0.2972,-1.9533,
95,69,True,0.362001,-0.9988,cusum,,,True,negative,95,0,0.2913,-1.7041,
95,70,True,0.546505,-0.0989,none,,,False,,95,0,0.2898,-1.0824,
95,13,True,0.397814,-0.8242,none,,,False,,95,0,0.2891,-1.1431,
95,27,True,0.289787,-1.351,cusum,,,True,negative,95,0,0.2883,-2.3047,
95,8,True,0.315769,-1.2243,none,,,False,,95,0,0.2867,-0.8493,
95,31,True,0.302171,-1.2906,none,,,False,,95,0,0.2863,-2.3277,
96,24,True,1.731204,3.0,none,,,False,,96,0,0.2428,4.0559,
96,66,True,1.2277,3.0,cusum,,,True,positive,96,0,0.2428,4.0559,
96,40,True,1.201111,3.0,cusum,,,True,positive,96,0,0.2418,3.8355,
96,88,True,1.01762,2.19,none,,,False,,96,0,0.2527,3.5314,
96,75,True,0.796106,1.0998,none,,,False,,96,0,0.2421,2.6795,
96,72,True,0.805094,1.1441,none,,,False,,96,0,0.2421,2.6476,
96,97,True,0.728706,0.7681,none,,,False,,96,0,0.2481,2.3817,
96,84,True,0.731001,0.7794,cusum,,,True,positive,96,0,0.2416,2.1934,
96,96,True,0.734783,0.798,none,,,False,,96,0,0.2423,1.6607,
96,26,True,0.604155,0.1551,none,,,False,,96,0,0.2428,1.4792,
96,34,True,0.745766,0.8521,none,,,False,,96,0,0.2722,1.426,
96,53,True,0.819962,1.2172,none,,,False,,96,0,0.2416,1.3107,
96,22,True,0.564601,-0.0396,none,,,False,,96,0,0.241,0.7936,
96,35,True,0.727095,0.7602,none,,,False,,96,0,0.2428,0.7204,
96,21,True,0.697777,0.6159,none,,,False,,96,0,0.0418,0.6837,
96,23,True,0.537891,-0.171,none,,,False,,96,0,0.0488,0.5236,
96,1,True,0.677571,0.5164,none,,,False,,96,0,0.0428,0.4181,
96,54,True,0.590825,0.0895,none,,,False,,96,0,0.0496,0.4151,
96,55,True,0.661247,0.4361,none,,,False,,96,0,0.0423,0.3871,
96,68,True,0.644081,0.3516,none,,,False,,96,0,0.0474,0.3331,
96,91,True,0.798824,1.1132,none,,,False,,96,0,0.2412,0.3271,
96,9,True,0.673521,0.4965,none,,,False,,96,0,0.0438,0.2173,
96,14,True,0.520528,-0.2565,none,,,False,,96,0,0.0416,0.1392,
96,2,True,0.620211,0.2341,none,,,False,,96,0,0.0418,0.0932,
96,99,True,0.573798,0.0057,none,,,False,,96,0,0.0492,0.0885,
96,60,True,0.6165,0.2159,none,,,False,,96,0,0.0481,0.0595,
96,56,True,0.715779,0.7045,none,,,False,,96,0,0.0418,0.0445,
96,67,True,0.518482,-0.2665,none,,,False,,96,0,0.0513,-0.0408,
96,11,True,0.615259,0.2098,none,,,False,,96,0,0.0433,-0.0788,
96,76,True,0.525306,-0.2329,none,,,False,,96,0,0.0833,-0.1938,
96,41,True,0.441686,-0.6445,none,,,False,,96,0,0.0513,-0.1943,
96,59,True,0.529674,-0.2114,none,,,False,,96,0,0.0433,-0.2813,
96,12,True,0.519425,-0.2619,none,,,False,,96,0,0.2805,-0.3558,
96,83,True,0.571476,-0.0057,none,,,False,,96,0,0.0452,-0.477,
96,62,True,0.499711,-0.3589,none,,,False,,96,0,0.3168,-0.4781,
96,28,True,0.554104,-0.0912,none,,,False,,96,0,0.3103,-0.5446,
96,78,True,0.427462,-0.7145,none,,,False,,96,0,0.2862,-0.6125,
96,19,True,0.492728,-0.3933,none,,,False,,96,0,0.1891,-0.6897,
96,8,True,0.30878,-1.2986,cusum,,,True,negative,96,0,0.3464,-1.4795,
96,89,True,0.339658,-1.1466,none,,,False,,96,0,0.3384,-1.875,
96,57,True,0.39133,-0.8923,cusum,,,True,negative,96,0,0.3345,-1.5847,
96,16,True,0.528878,-0.2154,none,,,False,,96,0,0.3168,-0.9584,
96,47,True,0.540196,-0.1597,cusum,,,True,negative,96,0,0.3071,-1.2266,
96,39,True,0.260768,-1.5349,cusum,,,True,negative,96,0,0.304,-2.1207,
96,10,True,0.368999,-1.0022,none,,,False,,96,0,0.2949,-2.0145,
96,48,True,0.233395,-1.6696,none,,,False,,96,0,0.2949,-1.6288,
96,69,True,0.332956,-1.1796,none,,,False,,96,0,0.2891,-1.5846,
96,27,True,0.37632,-0.9662,none,,,False,,96,0,0.2862,-1.9679,
96,71,True,0.286482,-1.4083,none,,,False,,96,0,0.2859,-1.993,
96,58,True,-0.024954,-2.9411,none,,,False,,96,0,0.2842,-1.6937,
97,24,True,1.676733,3.0,cusum,,,True,positive,97,0,0.2425,4.0556,
97,66,True,1.387471,3.0,none,,,False,,97,0,0.2425,4.0556,
97,40,True,1.111317,2.808,none,,,False,,97,0,0.2416,3.8352,
97,88,True,1.079976,2.64,cusum,,,True,positive,97,0,0.2521,3.2608,
97,72,True,0.813859,1.213,none,,,False,,97,0,0.2418,2.3254,
97,75,True,0.790777,1.0892,cusum,,,True,positive,97,0,0.2418,2.3127,
97,97,True,0.87666,1.5498,none,,,False,,97,0,0.2477,2.1288,
97,84,True,0.82073,1.2499,none,,,False,,97,0,0.2413,2.0341,
97,91,True,0.892733,1.636,cusum,,,True,positive,97,0,0.2409,1.8225,
97,96,True,0.712859,0.6714,none,,,False,,97,0,0.242,1.7625,
97,21,True,0.700745,0.6065,cusum,,,True,positive,97,0,0.2416,1.7205,
97,35,True,0.726135,0.7426,none,,,False,,97,0,0.2425,0.832,
97,53,True,0.714,0.6776,none,,,False,,97,0,0.2413,0.6749,
97,34,True,0.646604,0.3162,none,,,False,,97,0,0.2704,0.5658,
97,22,True,0.634939,0.2536,none,,,False,,97,0,0.2407,0.532,
97,56,True,0.641491,0.2887,none,,,False,,97,0,0.0416,0.5137,
97,1,True,0.590558,0.0156,none,,,False,,97,0,0.0425,0.3808,
97,55,True,0.640954,0.2859,none,,,False,,97,0,0.042,0.3755,
97,23,True,0.741259,0.8237,none,,,False,,97,0,0.0484,0.3312,
97,54,True,0.655364,0.3631,none,,,False,,97,0,0.0492,0.2943,
97,60,True,0.605644,0.0965,none,,,False,,97,0,0.0477,0.2781,
97,9,True,0.661079,0.3938,none,,,False,,97,0,0.0435,0.266,
97,26,True,0.668377,0.4329,none,,,False,,97,0,0.2425,0.264,
97,68,True,0.557062,-0.164,none,,,False,,97,0,0.047,0.2348,
97,99,True,0.609164,0.1154,none,,,False,,97,0,0.0488,0.0989,
97,2,True,0.555814,-0.1707,none,,,False,,97,0,0.0416,0.0822,
97,28,True,0.55303,-0.1856,none,,,False,,97,0,0.3077,0.0591,
97,14,True,0.541844,-0.2456,none,,,False,,97,0,0.0413,0.0489,
97,11,True,0.498801,-0.4764,none,,,False,,97,0,0.043,-0.0509,
97,83,True,0.584729,-0.0156,none,,,False,,97,0,0.0449,-0.0615,
97,67,True,0.551867,-0.1918,none,,,False,,97,0,0.0508,-0.1257,
97,59,True,0.459573,-0.6867,none,,,False,,97,0,0.043,-0.1939,
97,12,True,0.442377,-0.7789,none,,,False,,97,0,0.2785,-0.2064,
97,76,True,0.663325,0.4058,none,,,False,,97,0,0.0813,-0.3501,
97,41,True,0.5224,-0.3498,none,,,False,,97,0,0.0508,-0.3972,
97,62,True,0.50781,-0.4281,none,,,False,,97,0,0.3141,-0.4044,
97,19,True,0.503654,-0.4504,none,,,False,,97,0,0.1276,-0.4752,
97,78,True,0.366094,-1.188,none,,,False,,97,0,0.2841,-0.6939,
97,8,True,0.174134,-2.2173,none,,,False,,97,0,0.3427,-1.5704,
97,89,True,0.229854,-1.9185,none,,,False,,97,0,0.3349,-1.5634,
97,57,True,0.222728,-1.9567,none,,,False,,97,0,0.3312,-1.4318,
97,16,True,0.513203,-0.3992,none,,,False,,97,0,0.3141,-0.8368,
97,47,True,0.486198,-0.544,none,,,False,,97,0,0.3046,-1.0122,
97,39,True,0.331535,-1.3733,none,,,False,,97,0,0.3016,-1.9843,
97,10,True,0.344302,-1.3048,cusum,,,True,negative,97,0,0.2927,-1.6511,
97,48,True,0.354754,-1.2488,cusum,,,True,negative,97,0,0.2927,-1.7695,
97,92,True,0.433076,-0.8288,none,,,False,,97,0,0.2885,-1.0983,
97,13,True,0.407732,-0.9647,none,,,False,,97,0,0.2877,-0.9689,
97,69,True,0.378851,-1.1196,none,,,False,,97,0,0.2869,-1.5465,
97,31,True,0.237533,-1.8774,none,,,False,,97,0,0.2849,-2.2401,
98,24,True,1.602512,3.0,none,,,False,,98,0,0.2422,4.0552,
98,66,True,1.288799,3.0,cusum,,,True,positive,98,0,0.2422,4.0552,
98,40,True,1.13376,3.0,cusum,,,True,positive,98,0,0.2413,3.8965,
98,88,True,1.010323,2.9889,none,,,False,,98,0,0.2516,3.4863,
98,91,True,0.753599,1.2301,none,,,False,,98,0,0.2407,2.3662,
98,72,True,0.72486,1.0332,cusum,,,True,positive,98,0,0.2415,2.3593,
98,97,True,0.725148,1.0352,cusum,,,True,positive,98,0,0.2473,2.3479,
98,75,True,0.833413,1.7769,none,,,False,,98,0,0.2415,2.2551,
98,84,True,0.696185,0.8368,none,,,False,,98,0,0.2411,2.1353,
98,35,True,0.74816,1.1928,cusum,,,True,positive,98,0,0.2422,1.873,
98,21,True,0.750461,1.2086,none,,,False,,98,0,0.2413,1.7472,
98,96,True,0.726622,1.0453,none,,,False,,98,0,0.2418,0.7736,
98,53,True,0.574276,0.0016,none,,,False,,98,0,0.2411,0.7083,
98,22,True,0.671673,0.6688,none,,,False,,98,0,0.2405,0.5643,
98,34,True,0.61021,0.2478,none,,,False,,98,0,0.2686,0.5586,
98,23,True,0.533899,-0.275,none,,,False,,98,0,0.048,0.5384,
98,56,True,0.457458,-0.7987,none,,,False,,98,0,0.0413,0.5132,
98,1,True,0.665946,0.6296,none,,,False,,98,0,0.0422,0.3691,
98,9,True,0.523663,-0.3451,none,,,False,,98,0,0.0432,0.3305,
98,54,True,0.673321,0.6801,none,,,False,,98,0,0.0488,0.3225,
98,60,True,0.614291,0.2757,none,,,False,,98,0,0.0473,0.2702,
98,55,True,0.54094,-0.2268,none,,,False,,98,0,0.0418,0.2614,
98,68,True,0.590625,0.1136,none,,,False,,98,0,0.0467,0.2607,
98,26,True,0.631331,0.3925,none,,,False,,98,0,0.2422,0.1706,
98,99,True,0.575227,0.0081,none,,,False,,98,0,0.0484,0.1499,
98,83,True,0.597628,0.1616,none,,,False,,98,0,0.0445,0.0202,
98,28,True,0.483696,-0.619,none,,,False,,98,0,0.3052,-0.0029,
98,14,True,0.598021,0.1643,none,,,False,,98,0,0.0411,-0.0561,
98,11,True,0.643035,0.4727,none,,,False,,98,0,0.0427,-0.0605,
98,2,True,0.655377,0.5572,none,,,False,,98,0,0.0413,-0.0678,
98,67,True,0.481496,-0.634,none,,,False,,98,0,0.0503,-0.0855,
98,76,True,0.57381,-0.0016,none,,,False,,98,0,0.0793,-0.0885,
98,41,True,0.493478,-0.5519,none,,,False,,98,0,0.0503,-0.2388,
98,62,True,0.513749,-0.4131,none,,,False,,98,0,0.3114,-0.2758,
98,59,True,0.512387,-0.4224,none,,,False,,98,0,0.0427,-0.2971,
98,12,True,0.557069,-0.1163,none,,,False,,98,0,0.2766,-0.3061,
98,19,True,0.49706,-0.5274,none,,,False,,98,0,0.1246,-0.3599,
98,80,True,0.416112,-1.082,none,,,False,,98,0,0.1321,-0.6943,
98,8,True,0.254181,-2.1913,cusum,,,True,negative,98,0,0.3391,-1.971,
98,89,True,0.336748,-1.6257,cusum,,,True,negative,98,0,0.3317,-1.6506,
98,57,True,0.354162,-1.5064,none,,,False,,98,0,0.3281,-1.5913,
98,16,True,0.486913,-0.5969,none,,,False,,98,0,0.3114,-0.7049,
98,47,True,0.506844,-0.4604,none,,,False,,98,0,0.3022,-0.8706,
98,39,True,0.312275,-1.7933,none,,,False,,98,0,0.2992,-1.9375,
98,10,True,0.320496,-1.737,none,,,False,,98,0,0.2905,-1.4865,
98,48,True,0.37825,-1.3413,none,,,False,,98,0,0.2905,-1.6549,
98,27,True,0.382206,-1.3142,none,,,False,,98,0,0.2884,-1.5987,
98,69,True,0.398146,-1.205,none,,,False,,98,0,0.2848,-1.5182,
98,58,True,0.343131,-1.5819,none,,,False,,98,0,0.2829,-2.2219,
98,13,True,0.445693,-0.8793,cusum,,,True,negative,98,0,0.2821,-1.4225,
99,24,True,1.70629,3.0,cusum,,,True,positive,99,0,0.242,4.0549,
99,66,True,1.342674,3.0,none,,,False,,99,0,0.242,4.0549,
99,40,True,1.16072,3.0,none,,,False,,99,0,0.2411,3.9896,
99,88,True,1.049192,3.0,cusum,,,True,positive,99,0,0.2512,3.6743,
99,91,True,0.752528,1.4689,none,,,False,,99,0,0.2404,2.3791,
99,75,True,0.874337,2.446,none,,,False,,99,0,0.2413,2.3759,
99,72,True,0.839902,2.1698,none,,,False,,99,0,0.2413,2.184,
99,97,True,0.87528,2.4536,none,,,False,,99,0,0.2469,2.1797,
99,84,True,0.59463,0.2024,none,,,False,,99,0,0.2408,2.0086,
99,35,True,0.70727,1.1059,none,,,False,,99,0,0.242,1.9534,
99,96,True,0.720333,1.2107,cusum,,,True,positive,99,0,0.2415,1.8925,
99,21,True,0.567139,-0.0182,none,,,False,,99,0,0.2411,1.8639,
99,53,True,0.688376,0.9544,none,,,False,,99,0,0.2408,0.6854,
99,34,True,0.643464,0.5941,none,,,False,,99,0,0.2668,0.5465,
99,1,True,0.593165,0.1906,none,,,False,,99,0,0.042,0.4421,
99,54,True,0.643745,0.5963,none,,,False,,99,0,0.0483,0.4416,
99,26,True,0.641105,0.5752,none,,,False,,99,0,0.242,0.3817,
99,22,True,0.438801,-1.0476,none,,,False,,99,0,0.2402,0.3467,
99,2,True,0.583646,0.1143,none,,,False,,99,0,0.0411,0.2605,
99,60,True,0.544839,-0.197,none,,,False,,99,0,0.0469,0.2581,
99,9,True,0.578144,0.0701,none,,,False,,99,0,0.0429,0.238,
99,55,True,0.615107,0.3666,none,,,False,,99,0,0.0415,0.2193,
99,23,True,0.691094,0.9762,none,,,False,,99,0,0.0476,0.1889,
99,68,True,0.617682,0.3873,none,,,False,,99,0,0.0463,0.1615,
99,76,True,0.649825,0.6451,none,,,False,,99,0,0.0774,0.1352,
99,11,True,0.60933,0.3203,none,,,False,,99,0,0.0424,0.1242,
99,56,True,0.567585,-0.0146,none,,,False,,99,0,0.0411,0.1184,
99,99,True,0.560879,-0.0684,none,,,False,,99,0,0.048,0.1066,
99,83,True,0.55252,-0.1354,none,,,False,,99,0,0.0442,0.1049,
99,14,True,0.593168,0.1906,none,,,False,,99,0,0.0408,-0.0593,
99,28,True,0.571219,0.0146,none,,,False,,99,0,0.3028,-0.2102,
99,67,True,0.518826,-0.4057,none,,,False,,99,0,0.0499,-0.2979,
99,12,True,0.511403,-0.4652,none,,,False,,99,0,0.0747,-0.3086,
99,62,True,0.444695,-1.0003,none,,,False,,99,0,0.3089,-0.3087,
99,19,True,0.481655,-0.7039,none,,,False,,99,0,0.1217,-0.359,
99,33,True,0.529777,-0.3179,none,,,False,,99,0,0.2676,-0.4477,
99,41,True,0.543582,-0.2071,none,,,False,,99,0,0.0499,-0.4492,
99,74,True,0.50672,-0.5028,none,,,False,,99,0,0.2795,-0.6955,
99,8,True,0.308393,-2.0937,none,,,False,,99,0,0.3357,-2.2958,
99,89,True,0.331524,-1.9081,none,,,False,,99,0,0.3285,-1.9616,
99,57,True,0.303821,-2.1304,cusum,,,True,negative,99,0,0.3251,-1.8518,
99,16,True,0.51493,-0.437,none,,,False,,99,0,0.3089,-0.8125,
99,47,True,0.565351,-0.0325,none,,,False,,99,0,0.2998,-0.801,
99,39,True,0.246472,-2.5904,cusum,,,True,negative,99,0,0.2969,-1.9814,
99,10,True,0.299083,-2.1684,none,,,False,,99,0,0.2883,-1.7658,
99,48,True,0.374154,-1.5662,none,,,False,,99,0,0.2883,-1.8377,
99,78,True,0.462035,-0.8612,none,,,False,,99,0,0.2863,-1.2703,
99,31,True,0.289104,-2.2484,none,,,False,,99,0,0.2836,-2.3521,
99,92,True,0.400377,-1.3558,none,,,False,,99,0,0.2836,-1.0752,
99,27,True,0.359034,-1.6875,cusum,,,True,negative,99,0,0.2828,-1.6304,
100,24,True,1.67992,3.0,none,,,False,,100,0,0.2417,4.0546,
100,66,True,1.2541,3.0,cusum,,,True,positive,100,0,0.2417,4.0546,
100,40,True,1.125245,3.0,cusum,,,True,positive,100,0,0.2408,3.9893,
100,88,True,0.769541,1.1895,none,,,False,,100,0,0.2507,3.9437,
100,75,True,0.919286,2.1727,cusum,,,True,positive,100,0,0.241,2.8243,
100,97,True,0.777621,1.2425,cusum,,,True,positive,100,0,0.2466,2.7411,
100,72,True,0.803934,1.4153,cusum,,,True,positive,100,0,0.241,2.5256,
100,91,True,0.852546,1.7345,cusum,,,True,positive,100,0,0.2402,2.4974,
100,35,True,0.67875,0.5934,none,,,False,,100,0,0.2417,2.0683,
100,96,True,0.683643,0.6255,none,,,False,,100,0,0.2412,2.0297,
100,84,True,0.752938,1.0805,none,,,False,,100,0,0.2406,1.816,
100,21,True,0.728804,0.922,none,,,False,,100,0,0.2408,1.6523,
100,54,True,0.701509,0.7428,none,,,False,,100,0,0.048,0.61,
100,53,True,0.682424,0.6175,none,,,False,,100,0,0.2406,0.5975,
100,23,True,0.589266,0.0058,none,,,False,,100,0,0.0473,0.5708,
100,26,True,0.674554,0.5658,none,,,False,,100,0,0.2417,0.5214,
100,34,True,0.676905,0.5812,none,,,False,,100,0,0.2651,0.4597,
100,76,True,0.607652,0.1265,none,,,False,,100,0,0.0755,0.4269,
100,1,True,0.623574,0.2311,none,,,False,,100,0,0.0417,0.3332,
100,2,True,0.633219,0.2944,none,,,False,,100,0,0.0408,0.2202,
100,55,True,0.579606,-0.0576,none,,,False,,100,0,0.0412,0.1958,
100,68,True,0.56856,-0.1301,none,,,False,,100,0,0.0459,0.1729,
100,11,True,0.669444,0.5323,none,,,False,,100,0,0.0422,0.1607,
100,60,True,0.678872,0.5942,none,,,False,,100,0,0.0466,0.12,
100,9,True,0.636821,0.3181,none,,,False,,100,0,0.0426,0.0955,
100,14,True,0.544048,-0.2911,none,,,False,,100,0,0.0406,0.0894,
100,99,True,0.571354,-0.1118,none,,,False,,100,0,0.0476,0.0814,
100,83,True,0.587493,-0.0058,none,,,False,,100,0,0.0439,0.0612,
100,22,True,0.586859,-0.01,none,,,False,,100,0,0.24,0.0104,
100,56,True,0.657754,0.4555,none,,,False,,100,0,0.0408,-0.1215,
100,28,True,0.42119,-1.0977,none,,,False,,100,0,0.3004,-0.1763,
100,41,True,0.533734,-0.3588,none,,,False,,100,0,0.0495,-0.304,
100,67,True,0.606751,0.1206,none,,,False,,100,0,0.0495,-0.3449,
100,12,True,0.476254,-0.7362,none,,,False,,100,0,0.0729,-0.3772,
100,16,True,0.478189,-0.7235,none,,,False,,100,0,0.3064,-0.3879,
100,33,True,0.517014,-0.4686,none,,,False,,100,0,0.2495,-0.3943,
100,51,True,0.499962,-0.5805,none,,,False,,100,0,0.2487,-0.6971,
100,82,True,0.371389,-1.4247,none,,,False,,100,0,0.121,-0.6973,
100,8,True,0.251332,-2.213,cusum,,,True,negative,100,0,0.3325,-2.5632,
100,89,True,0.300639,-1.8893,cusum,,,True,negative,100,0,0.3255,-2.2175,
100,57,True,0.339431,-1.6346,none,,,False,,100,0,0.3221,-2.2664,
100,19,True,0.507335,-0.5321,cusum,,,True,negative,100,0,0.3189,-0.9643,
100,62,True,0.454924,-0.8762,cusum,,,True,negative,100,0,0.3064,-1.024,
100,47,True,0.558958,-0.1932,none,,,False,,100,0,0.2975,-0.7599,
100,39,True,0.26256,-2.1393,none,,,False,,100,0,0.2947,-2.3345,
100,69,True,0.401642,-1.2261,none,,,False,,100,0,0.287,-1.588,
100,10,True,0.296797,-1.9145,cusum,,,True,negative,100,0,0.2863,-2.1556,
100,48,True,0.379823,-1.3694,cusum,,,True,negative,100,0,0.2863,-1.8043,
100,71,True,0.247161,-2.2404,none,,,False,,100,0,0.286,-1.5077,
100,13,True,0.473013,-0.7575,none,,,False,,100,0,0.2843,-1.3103,
