round,client_id,selected,utility,normalized_utility,detector,cusum_pos,cusum_neg,change_detected,change_direction,last_seen,age,explore_score,exploit_score,final_score
1,90,True,0.610055,3.0,none,,,False,,1,0,,,
1,24,True,0.060059,-1.1141,none,,,False,,1,0,,,
1,46,True,0.237824,0.3938,none,,,False,,1,0,,,
1,1,True,0.160666,-0.2607,none,,,False,,1,0,,,
1,87,True,0.028589,-1.3811,none,,,False,,1,0,,,
1,27,True,0.358082,1.414,none,,,False,,1,0,,,
1,69,True,0.265234,0.6263,none,,,False,,1,0,,,
1,79,True,0.246003,0.4632,none,,,False,,1,0,,,
1,51,True,0.215543,0.2048,none,,,False,,1,0,,,
1,47,True,0.114279,-0.6542,none,,,False,,1,0,,,
1,5,True,0.089549,-0.864,none,,,False,,1,0,,,
1,75,True,0.518343,2.7735,none,,,False,,1,0,,,
1,61,True,0.348472,1.3325,none,,,False,,1,0,,,
1,99,True,0.069833,-1.0312,none,,,False,,1,0,,,
1,66,True,0.17377,-0.1495,none,,,False,,1,0,,,
1,86,True,0.191397,0.0,none,,,False,,1,0,,,
1,3,True,0.038011,-1.3012,none,,,False,,1,0,,,
1,89,True,0.114156,-0.6552,none,,,False,,1,0,,,
1,85,True,0.101601,-0.7617,none,,,False,,1,0,,,
1,42,True,0.163086,-0.2402,none,,,False,,1,0,,,
1,10,True,0.270909,0.6745,none,,,False,,1,0,,,
1,31,True,0.810584,3.0,none,,,False,,1,0,,,
1,0,True,0.127961,-0.5381,none,,,False,,1,0,,,
1,15,True,0.265507,0.6287,none,,,False,,1,0,,,
1,55,True,0.6958,3.0,none,,,False,,1,0,,,
2,28,True,0.668382,0.6745,none,,,False,,2,0,,,
2,73,True,0.278178,-1.4776,none,,,False,,2,0,,,
2,63,True,0.235186,-1.7147,none,,,False,,2,0,,,
2,55,True,0.745803,1.1015,none,,,False,,2,0,,,
2,16,True,0.546088,0.0,none,,,False,,2,0,,,
2,18,True,0.351841,-1.0713,none,,,False,,2,0,,,
2,9,True,0.492665,-0.2946,none,,,False,,2,0,,,
2,21,True,0.596043,0.2755,none,,,False,,2,0,,,
2,75,True,0.640166,0.5189,none,,,False,,2,0,,,
2,51,True,0.513896,-0.1775,none,,,False,,2,0,,,
2,5,True,0.355468,-1.0513,none,,,False,,2,0,,,
2,43,True,0.448292,-0.5394,none,,,False,,2,0,,,
2,78,True,0.364392,-1.0021,none,,,False,,2,0,,,
2,88,True,0.625234,0.4365,none,,,False,,2,0,,,
2,45,True,0.470576,-0.4165,none,,,False,,2,0,,,
2,97,True,0.089402,-2.5188,none,,,False,,2,0,,,
2,41,True,0.199428,-1.9119,none,,,False,,2,0,,,
2,44,True,0.546843,0.0042,none,,,False,,2,0,,,
2,36,True,0.824531,1.5357,none,,,False,,2,0,,,
2,70,True,0.7161,0.9377,none,,,False,,2,0,,,
2,29,True,0.250196,-1.6319,none,,,False,,2,0,,,
2,25,True,0.583083,0.204,none,,,False,,2,0,,,
2,69,True,0.667692,0.6707,none,,,False,,2,0,,,
2,4,True,0.674763,0.7097,none,,,False,,2,0,,,
2,80,True,0.558782,0.07,none,,,False,,2,0,,,
3,92,True,0.199183,-1.0367,none,,,False,,3,0,,,
3,58,True,0.511814,0.07,none,,,False,,3,0,,,
3,1,True,0.314921,-0.627,none,,,False,,3,0,,,
3,23,True,0.717705,0.7988,none,,,False,,3,0,,,
3,61,True,0.489154,-0.0102,none,,,False,,3,0,,,
3,10,True,0.661825,0.601,none,,,False,,3,0,,,
3,59,True,0.703541,0.7487,none,,,False,,3,0,,,
3,42,True,0.445995,-0.163,none,,,False,,3,0,,,
3,79,True,0.297579,-0.6884,none,,,False,,3,0,,,
3,9,True,0.4886,-0.0122,none,,,False,,3,0,,,
3,65,True,0.839113,1.2286,none,,,False,,3,0,,,
3,83,True,0.60488,0.3994,none,,,False,,3,0,,,
3,93,True,0.885987,1.3945,none,,,False,,3,0,,,
3,99,True,0.129529,-1.2832,none,,,False,,3,0,,,
3,15,True,0.682586,0.6745,none,,,False,,3,0,,,
3,7,True,0.448671,-0.1535,none,,,False,,3,0,,,
3,52,True,0.221648,-0.9572,none,,,False,,3,0,,,
3,37,True,0.562363,0.2489,none,,,False,,3,0,,,
3,11,True,0.709064,0.7682,none,,,False,,3,0,,,
3,69,True,0.702458,0.7448,none,,,False,,3,0,,,
3,77,True,0.361135,-0.4634,none,,,False,,3,0,,,
3,82,True,0.398102,-0.3325,none,,,False,,3,0,,,
3,68,True,0.220601,-0.9609,none,,,False,,3,0,,,
3,95,True,0.765725,0.9688,none,,,False,,3,0,,,
3,44,True,0.492043,0.0,none,,,False,,3,0,,,
4,78,True,0.678533,0.7212,none,,,False,,4,0,,,
4,56,True,0.425096,-0.6474,none,,,False,,4,0,,,
4,16,True,0.516019,-0.1564,none,,,False,,4,0,,,
4,17,True,0.607559,0.338,none,,,False,,4,0,,,
4,89,True,0.63319,0.4764,none,,,False,,4,0,,,
4,35,True,0.495264,-0.2684,none,,,False,,4,0,,,
4,91,True,0.343249,-1.0894,none,,,False,,4,0,,,
4,14,True,0.253502,-1.574,none,,,False,,4,0,,,
4,62,True,1.108169,3.0,none,,,False,,4,0,,,
4,86,True,0.544975,0.0,none,,,False,,4,0,,,
4,66,True,0.696921,0.8205,none,,,False,,4,0,,,
4,25,True,0.669876,0.6745,none,,,False,,4,0,,,
4,52,True,0.294224,-1.3541,none,,,False,,4,0,,,
4,33,True,0.425874,-0.6432,none,,,False,,4,0,,,
4,64,True,0.797071,1.3614,none,,,False,,4,0,,,
4,85,True,0.332882,-1.1453,none,,,False,,4,0,,,
4,32,True,0.609028,0.3459,none,,,False,,4,0,,,
4,95,True,0.796886,1.3604,none,,,False,,4,0,,,
4,83,True,0.475335,-0.3761,none,,,False,,4,0,,,
4,75,True,0.745134,1.0809,none,,,False,,4,0,,,
4,28,True,0.653524,0.5862,none,,,False,,4,0,,,
4,72,True,0.908192,1.9614,none,,,False,,4,0,,,
4,73,True,0.533122,-0.064,none,,,False,,4,0,,,
4,13,True,0.508044,-0.1994,none,,,False,,4,0,,,
4,71,True,0.375751,-0.9138,none,,,False,,4,0,,,
5,44,True,0.568639,0.446,none,,,False,,5,0,,,
5,33,True,0.40417,-0.4485,none,,,False,,5,0,,,
5,61,True,0.565378,0.4283,none,,,False,,5,0,,,
5,50,True,0.777279,1.5809,none,,,False,,5,0,,,
5,5,True,0.568044,0.4428,none,,,False,,5,0,,,
5,37,True,0.696943,1.1439,none,,,False,,5,0,,,
5,81,True,0.61064,0.6745,none,,,False,,5,0,,,
5,29,True,0.359561,-0.6911,none,,,False,,5,0,,,
5,17,True,0.457024,-0.161,none,,,False,,5,0,,,
5,31,True,0.719967,1.2691,none,,,False,,5,0,,,
5,96,True,0.486631,0.0,none,,,False,,5,0,,,
5,11,True,0.597614,0.6036,none,,,False,,5,0,,,
5,23,True,0.668533,0.9894,none,,,False,,5,0,,,
5,63,True,0.275483,-1.1484,none,,,False,,5,0,,,
5,89,True,0.512002,0.138,none,,,False,,5,0,,,
5,53,True,0.304059,-0.993,none,,,False,,5,0,,,
5,51,True,0.42741,-0.3221,none,,,False,,5,0,,,
5,24,True,0.24866,-1.2943,none,,,False,,5,0,,,
5,40,True,0.395718,-0.4945,none,,,False,,5,0,,,
5,65,True,0.828483,1.8594,none,,,False,,5,0,,,
5,42,True,0.413411,-0.3982,none,,,False,,5,0,,,
5,67,True,0.839778,1.9208,none,,,False,,5,0,,,
5,2,True,0.231268,-1.3889,none,,,False,,5,0,,,
5,97,True,0.269814,-1.1793,none,,,False,,5,0,,,
5,1,True,0.39113,-0.5194,none,,,False,,5,0,,,
6,39,True,1.200169,2.5176,none,,,False,,6,0,,,
6,78,True,0.474443,-0.1245,none,,,False,,6,0,,,
6,62,True,0.941447,1.5757,none,,,False,,6,0,,,
6,45,True,0.326781,-0.6621,none,,,False,,6,0,,,
6,70,True,0.868859,1.3114,none,,,False,,6,0,,,
6,40,True,0.273293,-0.8568,none,,,False,,6,0,,,
6,3,True,0.289955,-0.7961,none,,,False,,6,0,,,
6,22,True,0.693906,0.6745,none,,,False,,6,0,,,
6,27,True,0.427649,-0.2949,none,,,False,,6,0,,,
6,0,True,0.749755,0.8778,none,,,False,,6,0,,,
6,32,True,0.534277,0.0933,none,,,False,,6,0,,,
6,79,True,0.329577,-0.6519,none,,,False,,6,0,,,
6,73,True,0.405937,-0.3739,none,,,False,,6,0,,,
6,76,True,0.822433,1.1424,none,,,False,,6,0,,,
6,83,True,0.593497,0.3089,none,,,False,,6,0,,,
6,89,True,0.508638,0.0,none,,,False,,6,0,,,
6,2,True,0.303395,-0.7472,none,,,False,,6,0,,,
6,26,True,0.666407,0.5744,none,,,False,,6,0,,,
6,88,True,0.751921,0.8857,none,,,False,,6,0,,,
6,36,True,0.836342,1.193,none,,,False,,6,0,,,
6,38,True,0.707462,0.7238,none,,,False,,6,0,,,
6,18,True,0.427352,-0.2959,none,,,False,,6,0,,,
6,17,True,0.4915,-0.0624,none,,,False,,6,0,,,
6,50,True,0.317167,-0.6971,none,,,False,,6,0,,,
6,20,True,0.507512,-0.0041,none,,,False,,6,0,,,
7,80,True,0.678797,0.2675,none,,,False,,7,0,,,
7,88,True,0.391961,-0.7772,none,,,False,,7,0,,,
7,67,True,0.818426,0.776,none,,,False,,7,0,,,
7,50,True,0.60535,0.0,none,,,False,,7,0,,,
7,8,True,0.760006,0.5633,none,,,False,,7,0,,,
7,31,True,0.992607,1.4104,none,,,False,,7,0,,,
7,3,True,0.157219,-1.6321,none,,,False,,7,0,,,
7,30,True,0.778808,0.6317,none,,,False,,7,0,,,
7,11,True,0.789351,0.6701,none,,,False,,7,0,,,
7,62,True,0.852724,0.9009,none,,,False,,7,0,,,
7,97,True,0.251793,-1.2877,none,,,False,,7,0,,,
7,45,True,0.833444,0.8307,none,,,False,,7,0,,,
7,71,True,0.461304,-0.5246,none,,,False,,7,0,,,
7,98,True,0.703334,0.3569,none,,,False,,7,0,,,
7,33,True,0.411424,-0.7063,none,,,False,,7,0,,,
7,43,True,0.43171,-0.6324,none,,,False,,7,0,,,
7,59,True,0.724937,0.4355,none,,,False,,7,0,,,
7,91,True,0.439716,-0.6032,none,,,False,,7,0,,,
7,86,True,0.359485,-0.8954,none,,,False,,7,0,,,
7,6,True,0.260709,-1.2552,none,,,False,,7,0,,,
7,77,True,0.648793,0.1582,none,,,False,,7,0,,,
7,51,True,0.603368,-0.0072,none,,,False,,7,0,,,
7,14,True,0.419219,-0.6779,none,,,False,,7,0,,,
7,4,True,0.805723,0.7298,none,,,False,,7,0,,,
7,1,True,0.420153,-0.6745,none,,,False,,7,0,,,
8,1,True,0.317364,-0.8352,none,,,False,,8,0,,,
8,33,True,0.436462,-0.1736,none,,,False,,8,0,,,
8,37,True,0.683002,1.1961,none,,,False,,8,0,,,
8,66,True,0.654421,1.0373,none,,,False,,8,0,,,
8,44,True,0.567305,0.5533,none,,,False,,8,0,,,
8,40,True,0.440278,-0.1524,none,,,False,,8,0,,,
8,86,True,0.508106,0.2244,none,,,False,,8,0,,,
8,42,True,0.387898,-0.4434,none,,,False,,8,0,,,
8,57,True,0.632568,0.9159,none,,,False,,8,0,,,
8,74,True,0.286458,-1.0069,none,,,False,,8,0,,,
8,81,True,0.713305,1.3644,none,,,False,,8,0,,,
8,9,True,0.896598,2.3828,none,,,False,,8,0,,,
8,71,True,0.347153,-0.6698,none,,,False,,8,0,,,
8,58,True,0.467707,0.0,none,,,False,,8,0,,,
8,32,True,0.529729,0.3446,none,,,False,,8,0,,,
8,13,True,0.3463,-0.6745,none,,,False,,8,0,,,
8,94,True,0.741906,1.5233,none,,,False,,8,0,,,
8,77,True,0.382289,-0.4746,none,,,False,,8,0,,,
8,62,True,0.947639,2.6663,none,,,False,,8,0,,,
8,23,True,0.356905,-0.6156,none,,,False,,8,0,,,
8,88,True,0.705385,1.3204,none,,,False,,8,0,,,
8,6,True,0.458673,-0.0502,none,,,False,,8,0,,,
8,79,True,0.323796,-0.7995,none,,,False,,8,0,,,
8,59,True,0.638718,0.9501,none,,,False,,8,0,,,
8,56,True,0.38536,-0.4575,none,,,False,,8,0,,,
9,19,True,0.443683,-0.5535,none,,,False,,9,0,,,
9,40,True,0.617152,0.2386,none,,,False,,9,0,,,
9,76,True,0.360908,-0.9315,none,,,False,,9,0,,,
9,45,True,0.881165,1.4441,none,,,False,,9,0,,,
9,94,True,0.634945,0.3198,none,,,False,,9,0,,,
9,66,True,0.564901,0.0,none,,,False,,9,0,,,
9,1,True,0.417185,-0.6745,none,,,False,,9,0,,,
9,60,True,0.776207,0.9648,none,,,False,,9,0,,,
9,15,True,0.662582,0.446,none,,,False,,9,0,,,
9,21,True,0.789403,1.0251,none,,,False,,9,0,,,
9,96,True,0.460279,-0.4777,none,,,False,,9,0,,,
9,41,True,0.55143,-0.0615,none,,,False,,9,0,,,
9,80,True,0.829585,1.2086,none,,,False,,9,0,,,
9,38,True,0.691973,0.5802,none,,,False,,9,0,,,
9,91,True,0.508306,-0.2584,none,,,False,,9,0,,,
9,14,True,0.421483,-0.6549,none,,,False,,9,0,,,
9,47,True,0.429363,-0.6189,none,,,False,,9,0,,,
9,67,True,0.853248,1.3166,none,,,False,,9,0,,,
9,27,True,0.342263,-1.0166,none,,,False,,9,0,,,
9,87,True,0.307147,-1.1769,none,,,False,,9,0,,,
9,61,True,0.607653,0.1952,none,,,False,,9,0,,,
9,71,True,0.412323,-0.6967,none,,,False,,9,0,,,
9,54,True,0.389802,-0.7995,none,,,False,,9,0,,,
9,0,True,0.739084,0.7953,none,,,False,,9,0,,,
9,26,True,0.811821,1.1275,none,,,False,,9,0,,,
10,49,True,0.607451,0.4072,none,,,False,,10,0,,,
10,97,True,0.340288,-0.9026,none,,,False,,10,0,,,
10,50,True,0.38681,-0.6745,none,,,False,,10,0,,,
10,33,True,0.52439,0.0,none,,,False,,10,0,,,
10,80,True,0.36757,-0.7688,none,,,False,,10,0,,,
10,96,True,0.756234,1.1366,none,,,False,,10,0,,,
10,75,True,0.880117,1.744,none,,,False,,10,0,,,
10,37,True,0.58802,0.312,none,,,False,,10,0,,,
10,94,True,0.57313,0.239,none,,,False,,10,0,,,
10,23,True,0.413168,-0.5453,none,,,False,,10,0,,,
10,42,True,0.582685,0.2858,none,,,False,,10,0,,,
10,58,True,0.505121,-0.0945,none,,,False,,10,0,,,
10,69,True,0.831835,1.5073,none,,,False,,10,0,,,
10,14,True,0.305728,-1.072,none,,,False,,10,0,,,
10,11,True,0.486913,-0.1837,none,,,False,,10,0,,,
10,25,True,0.52362,-0.0038,none,,,False,,10,0,,,
10,36,True,0.751926,1.1155,none,,,False,,10,0,,,
10,24,True,0.462657,-0.3026,none,,,False,,10,0,,,
10,1,True,0.434956,-0.4385,none,,,False,,10,0,,,
10,20,True,0.315988,-1.0217,none,,,False,,10,0,,,
10,76,True,0.741771,1.0657,none,,,False,,10,0,,,
10,51,True,0.540387,0.0784,none,,,False,,10,0,,,
10,88,True,0.762411,1.1669,none,,,False,,10,0,,,
10,46,True,0.738226,1.0483,none,,,False,,10,0,,,
10,3,True,0.219952,-1.4925,none,,,False,,10,0,,,
11,50,True,0.723395,0.4448,none,,,False,,11,0,,,
11,96,True,0.347172,-1.832,none,,,False,,11,0,,,
11,16,True,0.823578,1.0511,none,,,False,,11,0,,,
11,49,True,0.649895,0.0,none,,,False,,11,0,,,
11,58,True,0.274594,-2.2712,none,,,False,,11,0,,,
11,75,True,0.676537,0.1612,none,,,False,,11,0,,,
11,21,True,0.784147,0.8125,none,,,False,,11,0,,,
11,31,True,0.735496,0.518,none,,,False,,11,0,,,
11,2,True,0.423647,-1.3692,none,,,False,,11,0,,,
11,25,True,0.678752,0.1746,none,,,False,,11,0,,,
11,44,True,0.640857,-0.0547,none,,,False,,11,0,,,
11,6,True,0.312637,-2.041,none,,,False,,11,0,,,
11,89,True,0.702007,0.3154,none,,,False,,11,0,,,
11,13,True,0.331473,-1.927,none,,,False,,11,0,,,
11,72,True,0.923328,1.6548,none,,,False,,11,0,,,
11,76,True,0.59653,-0.323,none,,,False,,11,0,,,
11,30,True,0.785911,0.8231,none,,,False,,11,0,,,
11,38,True,0.627274,-0.1369,none,,,False,,11,0,,,
11,17,True,0.587736,-0.3762,none,,,False,,11,0,,,
11,8,True,0.761349,0.6745,none,,,False,,11,0,,,
11,83,True,0.334225,-1.9104,none,,,False,,11,0,,,
11,28,True,0.723696,0.4466,none,,,False,,11,0,,,
11,42,True,0.509644,-0.8488,none,,,False,,11,0,,,
11,84,True,0.774069,0.7515,none,,,False,,11,0,,,
11,61,True,0.639373,-0.0637,none,,,False,,11,0,,,
12,25,True,0.618041,0.5438,none,,,False,,12,0,,,
12,86,True,0.496731,-0.2485,none,,,False,,12,0,,,
12,67,True,0.41902,-0.7561,none,,,False,,12,0,,,
12,89,True,0.512167,-0.1477,none,,,False,,12,0,,,
12,66,True,0.569522,0.2269,none,,,False,,12,0,,,
12,75,True,0.638043,0.6745,none,,,False,,12,0,,,
12,61,True,0.400918,-0.8743,none,,,False,,12,0,,,
12,94,True,0.538251,0.0227,none,,,False,,12,0,,,
12,72,True,0.534779,0.0,none,,,False,,12,0,,,
12,92,True,0.251027,-1.8534,none,,,False,,12,0,,,
12,43,True,0.53319,-0.0104,none,,,False,,12,0,,,
12,84,True,0.637091,0.6683,none,,,False,,12,0,,,
12,54,True,0.301317,-1.5249,none,,,False,,12,0,,,
12,26,True,0.74581,1.3784,none,,,False,,12,0,,,
12,10,True,0.575793,0.2679,none,,,False,,12,0,,,
12,34,True,0.381777,-0.9994,none,,,False,,12,0,,,
12,57,True,0.722511,1.2262,none,,,False,,12,0,,,
12,41,True,0.339593,-1.2749,none,,,False,,12,0,,,
12,62,True,1.076109,3.0,none,,,False,,12,0,,,
12,8,True,0.416385,-0.7733,none,,,False,,12,0,,,
12,73,True,0.456907,-0.5086,none,,,False,,12,0,,,
12,28,True,0.560365,0.1671,none,,,False,,12,0,,,
12,76,True,0.739153,1.3349,none,,,False,,12,0,,,
12,80,True,0.559972,0.1646,none,,,False,,12,0,,,
12,85,True,0.377388,-1.028,none,,,False,,12,0,,,
13,62,True,0.980054,1.7563,cusum,,,True,positive,13,0,0.3698,3.3932,
13,90,True,0.763826,0.2896,none,,,False,,13,0,0.6398,3.3536,
13,39,True,0.621702,-0.6745,none,,,False,,13,0,0.5052,2.8712,
13,55,True,0.87402,1.037,none,,,False,,13,0,0.5367,2.3394,
13,65,True,0.809438,0.599,none,,,False,,13,0,0.4559,1.8326,
13,93,True,0.844198,0.8347,none,,,False,,13,0,0.5859,1.748,
13,64,True,0.681251,-0.2706,none,,,False,,13,0,0.559,1.7149,
13,36,True,0.921009,1.3558,none,,,False,,13,0,0.2635,1.5314,
13,72,True,0.631759,-0.6063,none,,,False,,13,0,0.2096,1.4554,
13,95,True,0.894208,1.174,none,,,False,,13,0,0.4828,1.4533,
13,70,True,0.766002,0.3043,none,,,False,,13,0,0.429,1.4132,
13,57,True,0.680195,-0.2777,none,,,False,,13,0,0.2675,1.3597,
13,60,True,0.63136,-0.609,none,,,False,,13,0,0.4244,1.3184,
13,81,True,0.605969,-0.7812,none,,,False,,13,0,0.3751,1.3081,
13,31,True,0.961986,1.6337,none,,,False,,13,0,0.2104,1.2895,
13,26,True,0.858978,0.935,none,,,False,,13,0,0.2096,1.2767,
13,69,True,0.787062,0.4472,none,,,False,,13,0,0.2373,1.1979,
13,37,True,0.630153,-0.6172,none,,,False,,13,0,0.2373,1.1076,
13,75,True,0.721138,0.0,none,,,False,,13,0,0.1592,1.0489,
13,22,True,0.643894,-0.524,none,,,False,,13,0,0.5052,1.028,
13,12,True,0.657235,-0.4335,none,,,False,,13,0,0.8,0.5,
13,48,True,0.874968,1.0435,none,,,False,,13,0,0.8,0.5,
13,7,True,0.507716,-1.4477,none,,,False,,13,0,0.5859,0.2,
13,68,True,0.143171,-3.0,none,,,False,,13,0,0.5859,-0.6073,
13,82,True,0.342855,-2.566,none,,,False,,13,0,0.5859,0.021,
14,62,True,0.747313,0.2062,none,,,False,,14,0,0.3573,3.6632,
14,55,True,0.848609,0.8437,none,,,False,,14,0,0.2143,1.9628,
14,90,True,0.68917,-0.1598,none,,,False,,14,0,0.2699,1.9335,
14,65,True,0.714553,0.0,none,,,False,,14,0,0.2143,1.479,
14,36,True,0.816318,0.6405,none,,,False,,14,0,0.1815,1.445,
14,95,True,0.934399,1.3836,none,,,False,,14,0,0.2143,1.4177,
14,93,True,0.821722,0.6745,none,,,False,,14,0,0.2699,1.4033,
14,48,True,0.870891,0.9839,none,,,False,,14,0,0.3439,1.397,
14,31,True,0.666982,-0.2994,none,,,False,,14,0,0.1679,1.3915,
14,26,True,0.924056,1.3185,none,,,False,,14,0,0.1815,1.3706,
14,39,True,1.095866,2.3999,none,,,False,,14,0,0.2699,1.2102,
14,69,True,0.682169,-0.2038,none,,,False,,14,0,0.1679,1.1039,
14,70,True,0.685866,-0.1805,none,,,False,,14,0,0.2143,1.1011,
14,30,True,0.549437,-1.0392,none,,,False,,14,0,0.3199,1.0161,
14,46,True,0.609535,-0.6609,none,,,False,,14,0,0.3449,1.0098,
14,4,True,0.838164,0.778,none,,,False,,14,0,0.4199,1.0084,
14,84,True,0.559807,-0.9739,none,,,False,,14,0,0.2949,0.9985,
14,59,True,0.5651,-0.9406,none,,,False,,14,0,0.3393,0.9614,
14,21,True,0.744098,0.1859,none,,,False,,14,0,0.2643,0.9544,
14,9,True,0.737995,0.1475,none,,,False,,14,0,0.3393,0.942,
14,76,True,0.647314,-0.4232,none,,,False,,14,0,0.1929,0.8967,
14,35,True,0.756536,0.2642,none,,,False,,14,0,0.5689,0.0851,
14,53,True,0.342831,-2.3395,none,,,False,,14,0,0.5439,-0.6395,
14,99,True,0.162726,-3.0,none,,,False,,14,0,0.5199,-0.8686,
14,52,True,0.293829,-2.6479,none,,,False,,14,0,0.4949,-0.867,
15,62,True,0.905638,0.9869,none,,,False,,15,0,0.3471,2.8309,
15,26,True,0.651772,0.0,cusum,,,True,positive,15,0,0.3662,2.4148,
15,39,True,0.431407,-0.8567,none,,,False,,15,0,0.2183,1.6643,
15,95,True,0.730986,0.308,none,,,False,,15,0,0.1799,1.5296,
15,48,True,0.760608,0.4231,none,,,False,,15,0,0.2721,1.3024,
15,90,True,0.504261,-0.5735,none,,,False,,15,0,0.2183,1.2933,
15,36,True,0.961383,1.2037,none,,,False,,15,0,0.1662,1.2414,
15,93,True,0.719439,0.2631,none,,,False,,15,0,0.2183,1.2179,
15,55,True,1.059397,1.5847,none,,,False,,15,0,0.1799,1.2177,
15,9,True,0.489313,-0.6316,none,,,False,,15,0,0.1799,1.063,
15,65,True,0.808328,0.6086,none,,,False,,15,0,0.1799,1.043,
15,4,True,0.582438,-0.2695,none,,,False,,15,0,0.2183,0.9891,
15,21,True,0.825267,0.6745,none,,,False,,15,0,0.1799,0.8981,
15,57,True,0.642676,-0.0354,none,,,False,,15,0,0.2417,0.8715,
15,64,True,0.836582,0.7185,none,,,False,,15,0,0.2954,0.8341,
15,15,True,0.662659,0.0423,none,,,False,,15,0,0.335,0.8331,
15,31,True,1.022866,1.4427,none,,,False,,15,0,0.1556,0.8064,
15,88,True,0.491122,-0.6245,none,,,False,,15,0,0.2596,0.7742,
15,69,True,0.586117,-0.2552,none,,,False,,15,0,0.1556,0.7725,
15,10,True,0.471567,-0.7006,none,,,False,,15,0,0.265,0.7645,
15,98,True,0.847555,0.7611,none,,,False,,15,0,0.5075,0.7104,
15,68,True,0.194769,-1.7767,none,,,False,,15,0,0.4954,-2.1918,
15,74,True,0.341372,-1.2067,none,,,False,,15,0,0.4842,-0.6534,
15,29,True,0.341109,-1.2078,none,,,False,,15,0,0.4821,-0.8729,
15,63,True,0.306009,-1.3442,none,,,False,,15,0,0.4821,-1.1429,
16,55,True,0.995543,1.3535,cusum,,,True,positive,16,0,0.3648,2.3593,
16,62,True,0.693279,0.1205,none,,,False,,16,0,0.3385,2.1498,
16,26,True,0.910929,1.0084,none,,,False,,16,0,0.3542,1.9402,
16,36,True,0.990051,1.3311,none,,,False,,16,0,0.1542,1.2556,
16,95,True,0.637737,-0.106,none,,,False,,16,0,0.1648,1.1593,
16,31,True,0.67807,0.0585,none,,,False,,16,0,0.1456,1.1024,
16,48,True,0.958393,1.202,none,,,False,,16,0,0.2219,1.0668,
16,64,True,0.508411,-0.6336,none,,,False,,16,0,0.2219,0.8531,
16,98,True,0.638821,-0.1016,none,,,False,,16,0,0.2739,0.8477,
16,9,True,0.811693,0.6036,none,,,False,,16,0,0.1648,0.837,
16,93,True,0.950061,1.168,none,,,False,,16,0,0.1784,0.8144,
16,88,True,0.333733,-1.3461,none,,,False,,16,0,0.1542,0.8099,
16,21,True,0.814167,0.6137,none,,,False,,16,0,0.1648,0.7618,
16,45,True,0.57323,-0.3692,none,,,False,,16,0,0.3096,0.7612,
16,70,True,0.890018,0.9231,none,,,False,,16,0,0.2003,0.702,
16,81,True,0.663731,0.0,none,,,False,,16,0,0.2656,0.6692,
16,67,True,0.795178,0.5362,none,,,False,,16,0,0.244,0.6691,
16,38,True,0.582268,-0.3323,none,,,False,,16,0,0.3094,0.6391,
16,4,True,0.856362,0.7858,none,,,False,,16,0,0.1784,0.6363,
16,0,True,0.655312,-0.0343,none,,,False,,16,0,0.3531,0.6283,
16,19,True,0.390457,-1.1147,none,,,False,,16,0,0.4756,-0.1999,
16,18,True,0.350111,-1.2793,none,,,False,,16,0,0.4708,-0.395,
16,99,True,0.205477,-1.8693,none,,,False,,16,0,0.4438,-2.0215,
16,5,True,0.498383,-0.6745,none,,,False,,16,0,0.4406,-0.2408,
16,56,True,0.181103,-1.9687,none,,,False,,16,0,0.4271,-0.2638,
17,55,True,0.848887,0.8599,none,,,False,,17,0,0.3529,2.4496,
17,36,True,0.540048,-1.0118,cusum,,,True,positive,17,0,0.3443,2.2352,
17,26,True,0.989319,1.711,none,,,False,,17,0,0.3443,1.9524,
17,62,True,0.640221,-0.4047,none,,,False,,17,0,0.3313,1.596,
17,48,True,0.818296,0.6745,none,,,False,,17,0,0.183,1.0933,
17,93,True,0.715499,0.0515,none,,,False,,17,0,0.1635,0.906,
17,45,True,0.406837,-1.8191,none,,,False,,17,0,0.1635,0.8393,
17,0,True,0.658138,-0.2961,none,,,False,,17,0,0.183,0.7699,
17,95,True,1.086534,2.3001,none,,,False,,17,0,0.1529,0.7175,
17,21,True,0.774714,0.4104,none,,,False,,17,0,0.1529,0.6803,
17,4,True,0.56465,-0.8627,none,,,False,,17,0,0.1635,0.6355,
17,66,True,0.723302,0.0988,none,,,False,,17,0,0.2458,0.6255,
17,28,True,0.657185,-0.3019,none,,,False,,17,0,0.2653,0.6236,
17,15,True,0.528907,-1.0793,none,,,False,,17,0,0.2036,0.6112,
17,65,True,0.770612,0.3855,none,,,False,,17,0,0.1841,0.6067,
17,98,True,0.707001,0.0,none,,,False,,17,0,0.225,0.5888,
17,11,True,0.745225,0.2317,none,,,False,,17,0,0.3065,0.587,
17,72,True,0.749935,0.2602,none,,,False,,17,0,0.2448,0.5731,
17,67,True,0.711685,0.0284,none,,,False,,17,0,0.1635,0.5697,
17,31,True,0.831454,0.7542,none,,,False,,17,0,0.1373,0.5673,
17,68,True,0.203384,-3.0,none,,,False,,17,0,0.4456,-2.1625,
17,78,True,0.611833,-0.5768,none,,,False,,17,0,0.4309,0.1149,
17,34,True,0.362971,-2.0849,none,,,False,,17,0,0.4269,-0.6458,
17,47,True,0.467535,-1.4512,none,,,False,,17,0,0.4197,-0.3479,
17,87,True,0.320786,-2.3406,none,,,False,,17,0,0.4197,-0.9903,
18,55,True,0.762915,0.1525,none,,,False,,18,0,0.3432,2.4428,
18,26,True,0.686391,-0.2566,none,,,False,,18,0,0.3361,2.0731,
18,95,True,1.042052,1.6446,cusum,,,True,positive,18,0,0.3432,2.0108,
18,48,True,0.825056,0.4847,cusum,,,True,positive,18,0,0.3623,1.9707,
18,36,True,0.730876,-0.0188,none,,,False,,18,0,0.3361,1.6743,
18,31,True,0.738569,0.0224,none,,,False,,18,0,0.1301,0.9099,
18,21,True,0.822875,0.473,none,,,False,,18,0,0.1432,0.743,
18,93,True,0.934991,1.0723,none,,,False,,18,0,0.1517,0.6832,
18,70,True,0.757719,0.1247,none,,,False,,18,0,0.1818,0.5531,
18,16,True,0.862143,0.6829,none,,,False,,18,0,0.3444,0.5482,
18,57,True,0.608209,-0.6745,none,,,False,,18,0,0.226,0.528,
18,65,True,0.734387,0.0,none,,,False,,18,0,0.1517,0.5204,
18,44,True,0.685118,-0.2634,none,,,False,,18,0,0.279,0.519,
18,39,True,0.916612,0.9741,none,,,False,,18,0,0.226,0.5132,
18,32,True,0.478404,-1.3684,none,,,False,,18,0,0.4028,0.5113,
18,46,True,0.763301,0.1546,none,,,False,,18,0,0.2861,0.5104,
18,37,True,0.603882,-0.6976,none,,,False,,18,0,0.2401,0.5011,
18,49,True,0.745894,0.0615,none,,,False,,18,0,0.3937,0.4923,
18,60,True,1.01676,1.5094,none,,,False,,18,0,0.3549,0.4666,
18,75,True,0.729967,-0.0236,none,,,False,,18,0,0.221,0.4554,
18,12,True,0.578034,-0.8358,none,,,False,,18,0,0.4225,-0.0799,
18,20,True,0.512368,-1.1868,none,,,False,,18,0,0.4132,-0.2242,
18,99,True,0.304939,-2.2956,none,,,False,,18,0,0.4065,-2.3272,
18,77,True,0.427893,-1.6384,none,,,False,,18,0,0.4028,-0.0099,
18,68,True,0.166575,-3.0,cusum,,,True,negative,18,0,0.3871,-2.8686,
19,95,True,0.800348,0.6227,none,,,False,,19,0,0.3351,2.4462,
19,26,True,0.725719,0.3348,none,,,False,,19,0,0.3291,1.979,
19,48,True,0.790273,0.5838,none,,,False,,19,0,0.3507,1.976,
19,55,True,0.887568,0.9591,none,,,False,,19,0,0.3351,1.9553,
19,36,True,0.843702,0.7899,none,,,False,,19,0,0.3291,1.2583,
19,39,True,0.866729,0.8788,none,,,False,,19,0,0.1613,1.0432,
19,93,True,0.743662,0.404,none,,,False,,19,0,0.1422,0.9407,
19,60,True,1.235488,2.3014,none,,,False,,19,0,0.2303,0.8718,
19,16,True,0.573925,-0.2509,none,,,False,,19,0,0.1907,0.7495,
19,21,True,0.835212,0.7572,none,,,False,,19,0,0.1351,0.6657,
19,65,True,0.56026,-0.3036,none,,,False,,19,0,0.1422,0.5082,
19,70,True,0.63997,0.0039,none,,,False,,19,0,0.1507,0.4781,
19,11,True,0.393058,-0.9486,none,,,False,,19,0,0.1797,0.4435,
19,98,True,0.813782,0.6745,none,,,False,,19,0,0.2092,0.4434,
19,25,True,0.240336,-1.5378,none,,,False,,19,0,0.2718,0.4424,
19,31,True,0.557344,-0.3148,none,,,False,,19,0,0.124,0.4291,
19,81,True,0.638948,0.0,none,,,False,,19,0,0.2276,0.418,
19,94,True,0.597309,-0.1606,none,,,False,,19,0,0.3013,0.4174,
19,49,True,0.615247,-0.0914,none,,,False,,19,0,0.2303,0.4062,
19,80,True,0.651913,0.05,none,,,False,,19,0,0.2718,0.4056,
19,27,True,0.43605,-0.7828,none,,,False,,19,0,0.3961,0.2842,
19,91,True,0.335724,-1.1698,none,,,False,,19,0,0.3961,-0.4003,
19,54,True,0.413343,-0.8704,none,,,False,,19,0,0.3889,-0.8735,
19,92,True,0.306231,-1.2836,none,,,False,,19,0,0.3889,-1.1564,
19,24,True,0.351219,-1.11,none,,,False,,19,0,0.3776,-0.6537,
20,95,True,0.553306,-0.6745,none,,,False,,20,0,0.3282,2.6806,
20,60,True,1.078845,1.6907,cusum,,,True,positive,20,0,0.394,2.2909,
20,55,True,0.842165,0.6255,none,,,False,,20,0,0.3282,1.8153,
20,48,True,0.703176,0.0,none,,,False,,20,0,0.3412,1.7578,
20,36,True,0.765552,0.2807,none,,,False,,20,0,0.323,1.0705,
20,26,True,0.520859,-0.8205,none,,,False,,20,0,0.323,0.7471,
20,21,True,0.751545,0.2177,none,,,False,,20,0,0.1282,0.705,
20,16,True,0.632323,-0.3189,none,,,False,,20,0,0.1604,0.6985,
20,93,True,0.88894,0.836,none,,,False,,20,0,0.1342,0.6759,
20,70,True,0.868059,0.7421,none,,,False,,20,0,0.1412,0.5274,
20,39,True,0.846445,0.6448,none,,,False,,20,0,0.1498,0.521,
20,8,True,0.177395,-2.3663,none,,,False,,20,0,0.355,0.4048,
20,46,True,0.887464,0.8294,none,,,False,,20,0,0.2115,0.4043,
20,84,True,0.667465,-0.1607,none,,,False,,20,0,0.32,0.3986,
20,98,True,0.758748,0.2501,none,,,False,,20,0,0.1604,0.3951,
20,30,True,0.692843,-0.0465,none,,,False,,20,0,0.32,0.3886,
20,76,True,0.593221,-0.4949,none,,,False,,20,0,0.2373,0.3852,
20,62,True,0.880589,0.7984,none,,,False,,20,0,0.358,0.385,
20,75,True,0.776824,0.3315,none,,,False,,20,0,0.1517,0.3836,
20,59,True,0.710913,0.0348,none,,,False,,20,0,0.2815,0.3719,
20,92,True,0.285008,-1.882,cusum,,,True,negative,20,0,0.4325,-1.6412,
20,79,True,0.32251,-1.7132,none,,,False,,20,0,0.3865,-0.4897,
20,7,True,0.523384,-0.8092,none,,,False,,20,0,0.3846,-0.5119,
20,22,True,0.542757,-0.722,none,,,False,,20,0,0.3846,0.3639,
20,82,True,0.336057,-1.6522,none,,,False,,20,0,0.3846,-1.1606,
21,60,True,1.021427,2.4283,none,,,False,,21,0,0.3643,3.038,
21,39,True,0.926903,1.8227,cusum,,,True,positive,21,0,0.3404,2.0093,
21,93,True,0.606609,-0.2294,cusum,,,True,positive,21,0,0.3273,1.9289,
21,95,True,0.945281,1.9404,none,,,False,,21,0,0.3222,1.6817,
21,48,True,0.747691,0.6745,none,,,False,,21,0,0.3333,1.5228,
21,36,True,0.664873,0.1439,none,,,False,,21,0,0.3177,1.495,
21,55,True,0.901727,1.6614,none,,,False,,21,0,0.3222,0.7298,
21,21,True,0.746595,0.6675,none,,,False,,21,0,0.1222,0.6334,
21,98,True,0.615203,-0.1743,none,,,False,,21,0,0.149,0.4972,
21,70,True,0.642413,0.0,none,,,False,,21,0,0.1333,0.4569,
21,0,True,0.48951,-0.9796,none,,,False,,21,0,0.2143,0.3591,
21,62,True,0.713794,0.4573,none,,,False,,21,0,0.3177,0.3158,
21,76,True,0.651377,0.0574,none,,,False,,21,0,0.1404,0.3157,
21,46,True,0.552911,-0.5734,none,,,False,,21,0,0.1643,0.3118,
21,28,True,0.555698,-0.5556,none,,,False,,21,0,0.2143,0.3081,
21,31,True,0.827307,1.1846,none,,,False,,21,0,0.1344,0.2983,
21,66,True,0.652959,0.0676,none,,,False,,21,0,0.199,0.2976,
21,35,True,0.710958,0.4392,none,,,False,,21,0,0.3806,0.2866,
21,10,True,0.4678,-1.1187,none,,,False,,21,0,0.2803,0.2797,
21,44,True,0.560639,-0.5239,none,,,False,,21,0,0.1823,0.2674,
21,82,True,0.302535,-2.1775,cusum,,,True,negative,21,0,0.4345,-1.7669,
21,68,True,0.152297,-3.0,none,,,False,,21,0,0.3976,-2.8881,
21,99,True,0.196347,-2.8578,none,,,False,,21,0,0.3976,-2.6842,
21,8,True,0.307853,-2.1434,cusum,,,True,negative,21,0,0.397,-1.0981,
21,92,True,0.341141,-1.9302,none,,,False,,21,0,0.397,-1.9494,
22,60,True,0.650884,0.0,cusum,,,True,positive,22,0,0.3482,3.3291,
22,39,True,0.669804,0.0949,none,,,False,,22,0,0.3326,2.2821,
22,55,True,0.814597,0.8216,cusum,,,True,positive,22,0,0.3169,2.2263,
22,95,True,0.976653,1.6348,none,,,False,,22,0,0.3169,1.7739,
22,48,True,0.687627,0.1844,none,,,False,,22,0,0.3266,1.5775,
22,93,True,0.785287,0.6745,none,,,False,,22,0,0.3214,1.4876,
22,21,True,0.722873,0.3613,none,,,False,,22,0,0.1169,0.6918,
22,36,True,0.776251,0.6291,none,,,False,,22,0,0.313,0.5435,
22,31,True,0.998524,1.7446,none,,,False,,22,0,0.113,0.436,
22,98,True,0.614728,-0.1814,none,,,False,,22,0,0.1397,0.4269,
22,62,True,0.689362,0.1931,none,,,False,,22,0,0.313,0.4224,
22,70,True,0.713085,0.3121,none,,,False,,22,0,0.1266,0.4068,
22,35,True,0.540385,-0.5545,none,,,False,,22,0,0.2364,0.395,
22,46,True,0.63866,-0.0613,none,,,False,,22,0,0.1482,0.3258,
22,66,True,0.364392,-1.4377,none,,,False,,22,0,0.1397,0.3079,
22,75,True,0.731262,0.4034,none,,,False,,22,0,0.1425,0.2607,
22,38,True,0.395938,-1.2794,none,,,False,,22,0,0.2793,0.2606,
22,89,True,0.357993,-1.4698,none,,,False,,22,0,0.2914,0.2449,
22,94,True,0.340772,-1.5563,none,,,False,,22,0,0.1997,0.2378,
22,78,True,0.672307,0.1075,none,,,False,,22,0,0.2633,0.2303,
22,82,True,0.171624,-2.4051,none,,,False,,22,0,0.3997,-2.4083,
22,2,True,0.325875,-1.631,none,,,False,,22,0,0.3955,-0.9185,
22,6,True,0.399432,-1.2619,none,,,False,,22,0,0.3955,-0.8655,
22,13,True,0.399315,-1.2625,none,,,False,,22,0,0.3955,-0.6836,
22,53,True,0.174405,-2.3912,none,,,False,,22,0,0.393,-1.3776,
23,60,True,0.947327,1.1454,none,,,False,,23,0,0.339,2.5498,
23,55,True,0.798801,0.4684,none,,,False,,23,0,0.3123,2.1748,
23,95,True,1.096594,1.8257,cusum,,,True,positive,23,0,0.3123,2.1056,
23,39,True,0.844009,0.6745,none,,,False,,23,0,0.3259,2.0122,
23,31,True,0.744454,0.2208,cusum,,,True,positive,23,0,0.3088,2.0051,
23,93,True,0.84174,0.6641,none,,,False,,23,0,0.3163,1.5714,
23,62,True,0.500548,-0.8909,none,,,False,,23,0,0.1088,0.6166,
23,21,True,0.833055,0.6246,none,,,False,,23,0,0.1123,0.5541,
23,70,True,0.599382,-0.4404,none,,,False,,23,0,0.1207,0.5022,
23,36,True,0.696017,0.0,none,,,False,,23,0,0.3088,0.4849,
23,48,True,0.867205,0.7802,none,,,False,,23,0,0.3207,0.437,
23,75,True,0.513362,-0.8325,none,,,False,,23,0,0.1207,0.3878,
23,35,True,0.712326,0.0743,none,,,False,,23,0,0.2022,0.2732,
23,46,True,0.646641,-0.225,none,,,False,,23,0,0.139,0.2417,
23,9,True,0.868066,0.7841,none,,,False,,23,0,0.2388,0.2288,
23,16,True,0.596129,-0.4552,none,,,False,,23,0,0.1779,0.2267,
23,59,True,0.644529,-0.2347,none,,,False,,23,0,0.2016,0.2189,
23,49,True,0.700257,0.0193,none,,,False,,23,0,0.2478,0.2136,
23,65,True,0.490524,-0.9366,none,,,False,,23,0,0.1775,0.194,
23,69,True,0.725746,0.1355,none,,,False,,23,0,0.2455,0.1728,
23,53,True,0.145998,-2.5068,cusum,,,True,negative,23,0,0.438,-2.1579,
23,40,True,0.386566,-1.4103,none,,,False,,23,0,0.4,-0.0333,
23,71,True,0.433594,-1.196,none,,,False,,23,0,0.4,-0.4067,
23,41,True,0.530669,-0.7536,none,,,False,,23,0,0.3902,-0.8328,
23,43,True,0.446098,-1.139,none,,,False,,23,0,0.3902,-0.1441,
24,95,True,0.894964,0.8258,none,,,False,,24,0,0.3081,2.9339,
24,60,True,1.043726,1.303,none,,,False,,24,0,0.3312,2.3579,
24,31,True,0.621849,-0.0504,none,,,False,,24,0,0.305,2.1791,
24,55,True,1.031623,1.2642,none,,,False,,24,0,0.3081,2.1174,
24,39,True,0.950753,1.0047,none,,,False,,24,0,0.3201,2.0148,
24,93,True,0.509788,-0.4099,none,,,False,,24,0,0.3117,1.5084,
24,48,True,0.835514,0.6351,none,,,False,,24,0,0.3156,0.6907,
24,21,True,0.986992,1.121,none,,,False,,24,0,0.1081,0.6847,
24,9,True,0.436125,-0.6462,none,,,False,,24,0,0.1383,0.4288,
24,36,True,0.977497,1.0905,none,,,False,,24,0,0.305,0.3868,
24,49,True,0.449345,-0.6038,none,,,False,,24,0,0.1741,0.2006,
24,35,True,0.595798,-0.134,none,,,False,,24,0,0.1741,0.1904,
24,23,True,0.861338,0.7179,none,,,False,,24,0,0.394,0.1665,
24,64,True,0.640735,0.0102,none,,,False,,24,0,0.3065,0.1617,
24,30,True,0.691028,0.1715,none,,,False,,24,0,0.2482,0.1361,
24,98,True,0.821679,0.5907,none,,,False,,24,0,0.1458,0.1314,
24,50,True,0.637555,0.0,none,,,False,,24,0,0.3491,0.1276,
24,67,True,0.847807,0.6745,none,,,False,,24,0,0.2344,0.1251,
24,51,True,0.632616,-0.0158,none,,,False,,24,0,0.3637,0.1205,
24,75,True,0.608025,-0.0947,none,,,False,,24,0,0.1156,0.1118,
24,53,True,0.107724,-1.6997,none,,,False,,24,0,0.4044,-2.6889,
24,8,True,0.359034,-0.8935,none,,,False,,24,0,0.4033,-2.0569,
24,92,True,0.236983,-1.285,none,,,False,,24,0,0.4033,-1.9945,
24,85,True,0.27513,-1.1627,none,,,False,,24,0,0.4,-0.7284,
24,74,True,0.109467,-1.6941,none,,,False,,24,0,0.4,-0.8182,
25,95,True,1.044863,1.4853,none,,,False,,25,0,0.3044,2.5579,
25,55,True,0.990076,1.2771,none,,,False,,25,0,0.3044,1.9805,
25,60,True,1.129976,1.8086,none,,,False,,25,0,0.3247,1.9742,
25,21,True,0.528096,-0.4778,cusum,,,True,positive,25,0,0.3044,1.8314,
25,31,True,0.636256,-0.0669,none,,,False,,25,0,0.3015,1.7633,
25,39,True,1.014513,1.37,none,,,False,,25,0,0.315,1.7357,
25,93,True,0.831433,0.6745,none,,,False,,25,0,0.3075,1.4432,
25,36,True,0.847738,0.7364,none,,,False,,25,0,0.3015,0.6982,
25,48,True,0.79509,0.5364,none,,,False,,25,0,0.3111,0.6719,
25,67,True,0.67462,0.0788,none,,,False,,25,0,0.1377,0.5898,
25,9,True,0.726181,0.2747,none,,,False,,25,0,0.1307,0.4138,
25,98,True,0.724226,0.2672,none,,,False,,25,0,0.1247,0.2364,
25,64,True,0.551997,-0.387,none,,,False,,25,0,0.1769,0.2358,
25,51,True,0.459451,-0.7386,none,,,False,,25,0,0.1503,0.2074,
25,50,True,0.490713,-0.6198,none,,,False,,25,0,0.1503,0.1124,
25,70,True,0.899289,0.9323,none,,,False,,25,0,0.129,0.1016,
25,72,True,0.638022,-0.0602,none,,,False,,25,0,0.2749,0.0888,
25,90,True,0.653876,0.0,none,,,False,,25,0,0.3325,0.0757,
25,4,True,0.686627,0.1244,none,,,False,,25,0,0.2483,0.0735,
25,84,True,0.550919,-0.3911,none,,,False,,25,0,0.2625,0.0682,
25,82,True,0.12088,-2.0247,none,,,False,,25,0,0.4049,-2.3742,
25,3,True,0.179433,-1.8023,none,,,False,,25,0,0.4025,-1.0833,
25,14,True,0.256349,-1.5101,none,,,False,,25,0,0.4025,-0.578,
25,97,True,0.300651,-1.3418,none,,,False,,25,0,0.4025,-0.8996,
25,19,True,0.373268,-1.066,none,,,False,,25,0,0.3961,-0.5454,
26,60,True,0.889329,1.5357,cusum,,,True,positive,26,0,0.319,2.5697,
26,95,True,0.601514,-0.0213,cusum,,,True,positive,26,0,0.301,2.5039,
26,39,True,0.760797,0.8404,cusum,,,True,positive,26,0,0.3105,2.1551,
26,55,True,0.59604,-0.0509,cusum,,,True,positive,26,0,0.301,2.1283,
26,21,True,0.520301,-0.4606,none,,,False,,26,0,0.301,1.5476,
26,31,True,0.734367,0.6974,none,,,False,,26,0,0.2983,1.1557,
26,48,True,0.765986,0.8685,none,,,False,,26,0,0.307,0.7842,
26,36,True,0.622642,0.093,none,,,False,,26,0,0.2983,0.7303,
26,93,True,0.956839,1.9009,none,,,False,,26,0,0.3038,0.4387,
26,67,True,0.547847,-0.3116,none,,,False,,26,0,0.1301,0.4272,
26,70,True,0.914956,1.6744,none,,,False,,26,0,0.1105,0.4067,
26,98,True,0.665486,0.3248,none,,,False,,26,0,0.119,0.3762,
26,9,True,0.731093,0.6797,none,,,False,,26,0,0.1241,0.2956,
26,4,True,0.4766,-0.697,none,,,False,,26,0,0.1372,0.1926,
26,50,True,0.497204,-0.5855,none,,,False,,26,0,0.1372,0.1184,
26,22,True,0.614282,0.0478,none,,,False,,26,0,0.3096,0.0595,
26,69,True,0.583845,-0.1168,none,,,False,,26,0,0.1571,0.0588,
26,23,True,0.528363,-0.417,none,,,False,,26,0,0.1929,0.0565,
26,72,True,0.732538,0.6875,none,,,False,,26,0,0.1534,0.0536,
26,62,True,0.70147,0.5195,none,,,False,,26,0,0.1308,0.049,
26,68,True,0.175408,-2.3263,none,,,False,,26,0,0.4073,-3.311,
26,99,True,0.18589,-2.2696,none,,,False,,26,0,0.4073,-2.1519,
26,17,True,0.480761,-0.6745,none,,,False,,26,0,0.3969,0.0237,
26,58,True,0.333361,-1.4719,none,,,False,,26,0,0.3969,-0.565,
26,83,True,0.605444,0.0,none,,,False,,26,0,0.3969,-0.4356,
27,60,True,0.68389,0.1344,none,,,False,,27,0,0.314,2.6934,
27,39,True,0.732515,0.5604,none,,,False,,27,0,0.3065,2.2053,
27,55,True,0.792031,1.0817,none,,,False,,27,0,0.2979,1.9514,
27,95,True,0.925433,2.2503,none,,,False,,27,0,0.2979,1.8845,
27,31,True,0.825346,1.3735,none,,,False,,27,0,0.2955,1.3112,
27,21,True,0.668547,0.0,none,,,False,,27,0,0.2979,1.1821,
27,70,True,0.685921,0.1522,none,,,False,,27,0,0.1065,0.8557,
27,93,True,0.721444,0.4634,none,,,False,,27,0,0.3005,0.8468,
27,48,True,0.785581,1.0252,none,,,False,,27,0,0.3033,0.8091,
27,36,True,0.711866,0.3795,none,,,False,,27,0,0.0955,0.7579,
27,98,True,0.722926,0.4764,none,,,False,,27,0,0.114,0.5386,
27,72,True,0.666424,-0.0186,none,,,False,,27,0,0.1367,0.4726,
27,67,True,0.553947,-1.0039,none,,,False,,27,0,0.1236,0.3054,
27,9,True,0.659115,-0.0826,none,,,False,,27,0,0.1185,0.2535,
27,23,True,0.689602,0.1844,none,,,False,,27,0,0.1564,0.1075,
27,69,True,0.306498,-3.0,none,,,False,,27,0,0.1236,0.0792,
27,62,True,0.745545,0.6745,none,,,False,,27,0,0.1005,0.0656,
27,15,True,0.52944,-1.2185,none,,,False,,27,0,0.2984,0.0071,
27,78,True,0.596687,-0.6295,none,,,False,,27,0,0.2336,0.0062,
27,80,True,0.629492,-0.3421,none,,,False,,27,0,0.2471,0.0042,
27,53,True,0.193583,-3.0,none,,,False,,27,0,0.4077,-2.4951,
27,96,True,0.452141,-1.8957,none,,,False,,27,0,0.4047,-0.1674,
27,34,True,0.296012,-3.0,none,,,False,,27,0,0.4021,-1.2535,
27,52,True,0.299167,-3.0,none,,,False,,27,0,0.3991,-1.4031,
27,73,True,0.341986,-2.8606,none,,,False,,27,0,0.3917,-0.0919,
28,95,True,0.722088,0.6745,none,,,False,,28,0,0.295,2.3559,
28,60,True,0.764246,0.9835,none,,,False,,28,0,0.3096,2.2982,
28,39,True,0.871458,1.7695,none,,,False,,28,0,0.3029,2.0527,
28,48,True,0.900737,1.9842,cusum,,,True,positive,28,0,0.3,1.935,
28,55,True,0.538198,-0.6736,none,,,False,,28,0,0.295,1.8872,
28,93,True,0.775797,1.0682,none,,,False,,28,0,0.2974,1.1342,
28,70,True,0.630083,0.0,none,,,False,,28,0,0.1029,1.0487,
28,21,True,0.935622,2.2399,none,,,False,,28,0,0.295,0.8051,
28,31,True,0.670612,0.2971,none,,,False,,28,0,0.2928,0.7827,
28,36,True,0.703023,0.5347,none,,,False,,28,0,0.0928,0.5177,
28,98,True,0.548285,-0.5997,none,,,False,,28,0,0.1096,0.4948,
28,9,True,0.756519,0.9269,none,,,False,,28,0,0.1135,0.4349,
28,72,True,0.740331,0.8082,none,,,False,,28,0,0.1292,0.3696,
28,23,True,0.664661,0.2535,none,,,False,,28,0,0.1362,0.3386,
28,62,True,0.377502,-1.8517,none,,,False,,28,0,0.0974,0.2223,
28,80,True,0.570021,-0.4403,none,,,False,,28,0,0.1362,0.1343,
28,35,True,0.618755,-0.083,none,,,False,,28,0,0.1966,-0.0157,
28,75,True,0.635679,0.041,none,,,False,,28,0,0.1471,-0.0359,
28,49,True,0.571399,-0.4302,none,,,False,,28,0,0.1966,-0.0363,
28,90,True,0.576867,-0.3901,none,,,False,,28,0,0.209,-0.0403,
28,34,True,0.276974,-2.5886,cusum,,,True,negative,28,0,0.4446,-2.2781,
28,52,True,0.260037,-2.7128,cusum,,,True,negative,28,0,0.4119,-2.6104,
28,12,True,0.565773,-0.4715,none,,,False,,28,0,0.3985,-0.346,
28,8,True,0.275487,-2.5995,none,,,False,,28,0,0.3966,-1.6121,
28,92,True,0.293721,-2.4659,none,,,False,,28,0,0.3966,-1.5101,
29,48,True,0.808229,0.8979,none,,,False,,29,0,0.297,2.4139,
29,93,True,0.577702,0.008,cusum,,,True,positive,29,0,0.2946,2.262,
29,39,True,0.94776,1.4365,none,,,False,,29,0,0.2996,2.1818,
29,95,True,0.400885,-0.6745,none,,,False,,29,0,0.2924,2.0825,
29,60,True,1.033499,1.7674,none,,,False,,29,0,0.3056,2.0182,
29,21,True,0.927266,1.3574,none,,,False,,29,0,0.2924,1.7078,
29,55,True,0.973837,1.5371,none,,,False,,29,0,0.2924,1.2338,
29,31,True,0.676304,0.3886,none,,,False,,29,0,0.2903,0.9012,
29,70,True,0.757325,0.7014,none,,,False,,29,0,0.0996,0.7338,
29,72,True,0.575622,0.0,none,,,False,,29,0,0.1227,0.6505,
29,9,True,0.495026,-0.3111,none,,,False,,29,0,0.1091,0.6467,
29,36,True,0.826023,0.9666,none,,,False,,29,0,0.0903,0.4475,
29,98,True,0.820342,0.9446,none,,,False,,29,0,0.1056,0.2008,
29,23,True,0.659514,0.3238,none,,,False,,29,0,0.1287,0.1736,
29,35,True,0.50914,-0.2566,none,,,False,,29,0,0.1393,0.1292,
29,28,True,0.692887,0.4526,none,,,False,,29,0,0.2461,-0.0411,
29,51,True,0.476865,-0.3812,none,,,False,,29,0,0.1755,-0.0486,
29,81,True,0.494817,-0.3119,none,,,False,,29,0,0.2946,-0.0563,
29,61,True,0.474669,-0.3897,none,,,False,,29,0,0.3547,-0.0586,
29,45,True,0.543764,-0.123,none,,,False,,29,0,0.2944,-0.0591,
29,34,True,0.311358,-1.0201,none,,,False,,29,0,0.4134,-2.8343,
29,33,True,0.274827,-1.1611,none,,,False,,29,0,0.4032,-0.0892,
29,29,True,0.313262,-1.0127,none,,,False,,29,0,0.4026,-0.9269,
29,63,True,0.259956,-1.2185,none,,,False,,29,0,0.4026,-1.1525,
29,73,True,0.416132,-0.6156,none,,,False,,29,0,0.3981,-1.5436,
30,48,True,0.909019,1.2026,none,,,False,,30,0,0.2942,2.4203,
30,39,True,0.524668,-0.0308,cusum,,,True,positive,30,0,0.2966,2.3767,
30,21,True,0.755922,0.7113,cusum,,,True,positive,30,0,0.2899,2.3109,
30,60,True,0.518825,-0.0496,cusum,,,True,positive,30,0,0.302,2.0909,
30,95,True,1.150363,1.9772,none,,,False,,30,0,0.2899,1.8619,
30,55,True,0.666977,0.4259,none,,,False,,30,0,0.2899,1.7602,
30,93,True,1.059157,1.6845,none,,,False,,30,0,0.292,1.6279,
30,31,True,0.896936,1.1639,none,,,False,,30,0,0.288,0.7955,
30,36,True,0.62277,0.284,none,,,False,,30,0,0.088,0.736,
30,72,True,0.547716,0.0432,none,,,False,,30,0,0.1172,0.414,
30,23,True,0.529509,-0.0153,none,,,False,,30,0,0.1223,0.412,
30,70,True,0.872513,1.0855,none,,,False,,30,0,0.0966,0.4058,
30,98,True,0.523255,-0.0353,none,,,False,,30,0,0.102,0.4029,
30,9,True,0.887012,1.132,none,,,False,,30,0,0.1052,0.3114,
30,81,True,0.534266,0.0,none,,,False,,30,0,0.164,0.085,
30,28,True,0.32409,-0.6745,none,,,False,,30,0,0.1421,0.0418,
30,35,True,0.754331,0.7062,none,,,False,,30,0,0.1283,0.0088,
30,80,True,0.592019,0.1853,none,,,False,,30,0,0.14,-0.0775,
30,25,True,0.338142,-0.6294,none,,,False,,30,0,0.2806,-0.0841,
30,32,True,0.502961,-0.1005,none,,,False,,30,0,0.3432,-0.0865,
30,82,True,0.053172,-1.5439,none,,,False,,30,0,0.4106,-2.0135,
30,52,True,0.336888,-0.6334,none,,,False,,30,0,0.3996,-3.0828,
30,18,True,0.323606,-0.676,none,,,False,,30,0,0.3983,-0.6322,
30,56,True,0.274021,-0.8352,none,,,False,,30,0,0.3983,-0.7745,
30,34,True,0.296418,-0.7633,cusum,,,True,negative,30,0,0.3879,-2.4988,
31,21,True,0.89456,0.9957,none,,,False,,31,0,0.2877,2.5453,
31,48,True,0.869946,0.9173,cusum,,,True,positive,31,0,0.2916,2.4763,
31,39,True,0.833456,0.8012,none,,,False,,31,0,0.2938,2.1762,
31,93,True,0.830947,0.7932,none,,,False,,31,0,0.2896,2.032,
31,60,True,0.736603,0.493,none,,,False,,31,0,0.2988,2.0255,
31,95,True,0.794583,0.6775,cusum,,,True,positive,31,0,0.2877,1.7682,
31,70,True,0.841301,0.8262,cusum,,,True,positive,31,0,0.2938,1.7135,
31,31,True,0.778717,0.627,none,,,False,,31,0,0.2859,0.7231,
31,9,True,0.279308,-0.9625,none,,,False,,31,0,0.1017,0.7117,
31,36,True,0.662502,0.2571,none,,,False,,31,0,0.0859,0.7017,
31,55,True,0.83706,0.8127,none,,,False,,31,0,0.2877,0.5389,
31,72,True,0.581721,0.0,none,,,False,,31,0,0.1123,0.4281,
31,23,True,0.580289,-0.0046,none,,,False,,31,0,0.1168,0.3381,
31,35,True,0.624082,0.1348,none,,,False,,31,0,0.122,0.2803,
31,98,True,0.599899,0.0579,none,,,False,,31,0,0.0988,0.2282,
31,81,True,0.523154,-0.1864,none,,,False,,31,0,0.1447,0.0728,
31,80,True,0.525035,-0.1804,none,,,False,,31,0,0.122,-0.0409,
31,88,True,0.384441,-0.6279,none,,,False,,31,0,0.3028,-0.0911,
31,28,True,0.458955,-0.3907,none,,,False,,31,0,0.128,-0.0925,
31,53,True,0.274835,-0.9767,none,,,False,,31,0,0.4,-2.2132,
31,47,True,0.415593,-0.5287,none,,,False,,31,0,0.3944,-0.6581,
31,87,True,0.247521,-1.0637,none,,,False,,31,0,0.3944,-1.3829,
31,86,True,0.3698,-0.6745,none,,,False,,31,0,0.3929,-0.1024,
31,68,True,0.185632,-1.2606,none,,,False,,31,0,0.3899,-2.5987,
31,99,True,0.188442,-1.2517,none,,,False,,31,0,0.3899,-2.7976,
32,21,True,0.858469,0.8183,none,,,False,,32,0,0.2856,2.1281,
32,48,True,0.820672,0.7038,none,,,False,,32,0,0.2892,2.1178,
32,70,True,0.836175,0.7508,none,,,False,,32,0,0.2912,1.9857,
32,93,True,0.890629,0.9158,none,,,False,,32,0,0.2873,1.9377,
32,60,True,0.547411,-0.1242,none,,,False,,32,0,0.2958,1.8582,
32,39,True,0.45559,-0.4025,none,,,False,,32,0,0.2912,1.8503,
32,31,True,0.917875,0.9984,cusum,,,True,positive,32,0,0.2839,1.8308,
32,95,True,0.819366,0.6998,none,,,False,,32,0,0.2856,1.7667,
32,55,True,0.712472,0.3759,none,,,False,,32,0,0.2856,1.0318,
32,36,True,0.752668,0.4977,none,,,False,,32,0,0.0839,0.6068,
32,98,True,0.588411,0.0,none,,,False,,32,0,0.0958,0.4437,
32,35,True,0.446018,-0.4315,none,,,False,,32,0,0.1165,0.3456,
32,23,True,0.776179,0.569,none,,,False,,32,0,0.112,0.2457,
32,72,True,0.608484,0.0608,none,,,False,,32,0,0.108,0.1531,
32,9,True,0.625537,0.1125,none,,,False,,32,0,0.0984,0.0778,
32,80,True,0.705759,0.3556,none,,,False,,32,0,0.1165,0.0056,
32,81,True,0.344245,-0.7399,none,,,False,,32,0,0.1276,0.0006,
32,86,True,0.305863,-0.8562,none,,,False,,32,0,0.1682,-0.0439,
32,28,True,0.546799,-0.1261,none,,,False,,32,0,0.1216,-0.0461,
32,87,True,0.349632,-0.7236,cusum,,,True,negative,32,0,0.4175,-1.8035,
32,20,True,0.317881,-0.8198,none,,,False,,32,0,0.3906,-0.4875,
32,73,True,0.365824,-0.6745,none,,,False,,32,0,0.3901,-1.6393,
32,42,True,0.527932,-0.1833,none,,,False,,32,0,0.387,-0.1465,
32,5,True,0.327803,-0.7897,none,,,False,,32,0,0.3815,-0.2041,
32,8,True,0.362498,-0.6846,none,,,False,,32,0,0.38,-2.202,
33,93,True,0.941703,1.5806,none,,,False,,33,0,0.2852,2.2378,
33,95,True,0.658643,0.2889,none,,,False,,33,0,0.2836,2.2224,
33,48,True,0.865308,1.232,none,,,False,,33,0,0.287,2.0504,
33,31,True,0.878053,1.2902,none,,,False,,33,0,0.282,2.0318,
33,70,True,0.674273,0.3603,none,,,False,,33,0,0.2889,1.9993,
33,21,True,0.282835,-1.426,none,,,False,,33,0,0.2836,1.946,
33,39,True,0.62748,0.1467,none,,,False,,33,0,0.2889,1.2344,
33,60,True,0.645321,0.2282,none,,,False,,33,0,0.2931,1.2242,
33,55,True,0.721105,0.574,none,,,False,,33,0,0.2836,0.6424,
33,36,True,0.611879,0.0755,none,,,False,,33,0,0.082,0.4484,
33,23,True,0.682016,0.3956,none,,,False,,33,0,0.1077,0.3217,
33,35,True,0.444499,-0.6883,none,,,False,,33,0,0.1116,0.2809,
33,80,True,0.447518,-0.6745,none,,,False,,33,0,0.1116,0.2645,
33,9,True,0.685299,0.4106,none,,,False,,33,0,0.0955,0.2153,
33,72,True,0.595324,0.0,none,,,False,,33,0,0.1041,0.1683,
33,98,True,0.565655,-0.1354,none,,,False,,33,0,0.0931,0.1254,
33,42,True,0.437845,-0.7186,none,,,False,,33,0,0.1495,-0.072,
33,30,True,0.676041,0.3683,none,,,False,,33,0,0.2777,-0.1006,
33,62,True,0.560061,-0.1609,none,,,False,,33,0,0.1355,-0.1014,
33,87,True,0.312636,-1.29,none,,,False,,33,0,0.3929,-1.6718,
33,92,True,0.267463,-1.4961,none,,,False,,33,0,0.3919,-2.2169,
33,34,True,0.313399,-1.2865,none,,,False,,33,0,0.3914,-1.7684,
33,52,True,0.257783,-1.5403,none,,,False,,33,0,0.3914,-2.4264,
33,54,True,0.277911,-1.4485,none,,,False,,33,0,0.3871,-0.8149,
33,1,True,0.40961,-0.8475,none,,,False,,33,0,0.3828,-0.4726,
34,93,True,0.726365,0.4356,cusum,,,True,positive,34,0,0.2833,2.2008,
34,31,True,0.642049,0.0112,none,,,False,,34,0,0.2803,2.0718,
34,48,True,0.880735,1.2124,none,,,False,,34,0,0.2849,2.0577,
34,70,True,0.773844,0.6745,none,,,False,,34,0,0.2867,1.7549,
34,95,True,0.934759,1.4843,none,,,False,,34,0,0.2817,1.6575,
34,60,True,0.875192,1.1845,none,,,False,,34,0,0.2906,1.3137,
34,39,True,0.71749,0.3909,none,,,False,,34,0,0.2867,1.2909,
34,21,True,0.84011,1.008,none,,,False,,34,0,0.2817,1.2314,
34,55,True,0.853,1.0728,none,,,False,,34,0,0.2817,0.6896,
34,23,True,0.622817,-0.0855,none,,,False,,34,0,0.1038,0.4536,
34,36,True,0.762507,0.6174,none,,,False,,34,0,0.0803,0.3768,
34,30,True,0.359901,-1.4086,none,,,False,,34,0,0.172,0.3534,
34,72,True,0.499333,-0.707,none,,,False,,34,0,0.1007,0.1494,
34,98,True,0.728249,0.445,none,,,False,,34,0,0.0906,0.0889,
34,80,True,0.639813,0.0,none,,,False,,34,0,0.1074,-0.0278,
34,9,True,0.615975,-0.12,none,,,False,,34,0,0.0928,-0.0286,
34,26,True,0.541845,-0.493,none,,,False,,34,0,0.2452,-0.1031,
34,44,True,0.529345,-0.5559,none,,,False,,34,0,0.2752,-0.1039,
34,11,True,0.625011,-0.0745,none,,,False,,34,0,0.3161,-0.1112,
34,54,True,0.315408,-1.6325,cusum,,,True,negative,34,0,0.4198,-1.5576,
34,7,True,0.423507,-1.0885,none,,,False,,34,0,0.3838,-0.5535,
34,82,True,0.26493,-1.8866,none,,,False,,34,0,0.3826,-2.3145,
34,69,True,0.720902,0.4081,none,,,False,,34,0,0.3776,-0.843,
34,77,True,0.269601,-1.8631,none,,,False,,34,0,0.3742,-0.428,
34,53,True,0.243184,-1.996,none,,,False,,34,0,0.3723,-2.2154,
35,48,True,0.712651,0.3847,cusum,,,True,positive,35,0,0.283,2.1537,
35,93,True,0.514009,-0.3762,none,,,False,,35,0,0.2814,2.0794,
35,95,True,1.010683,1.5262,none,,,False,,35,0,0.28,1.9244,
35,31,True,0.797967,0.7114,none,,,False,,35,0,0.2786,1.8647,
35,55,True,0.910164,1.1412,cusum,,,True,positive,35,0,0.28,1.7742,
35,70,True,0.63823,0.0996,none,,,False,,35,0,0.2846,1.7018,
35,36,True,0.788321,0.6745,cusum,,,True,positive,35,0,0.2786,1.495,
35,60,True,0.900106,1.1026,none,,,False,,35,0,0.2883,0.5413,
35,23,True,0.545186,-0.2568,none,,,False,,35,0,0.1004,0.4221,
35,9,True,0.734025,0.4665,none,,,False,,35,0,0.0903,0.2491,
35,21,True,0.717379,0.4028,none,,,False,,35,0,0.28,0.2334,
35,98,True,0.734324,0.4677,none,,,False,,35,0,0.0883,0.215,
35,39,True,0.748499,0.522,none,,,False,,35,0,0.2846,0.1517,
35,80,True,0.612222,0.0,none,,,False,,35,0,0.1035,0.0273,
35,11,True,0.430875,-0.6946,none,,,False,,35,0,0.1537,-0.087,
35,72,True,0.571584,-0.1557,none,,,False,,35,0,0.0975,-0.0904,
35,30,True,0.375639,-0.9062,none,,,False,,35,0,0.1537,-0.1128,
35,46,True,0.454184,-0.6053,none,,,False,,35,0,0.2452,-0.1199,
35,76,True,0.647028,0.1333,none,,,False,,35,0,0.2652,-0.1202,
35,54,True,0.370754,-0.9249,none,,,False,,35,0,0.3957,-1.613,
35,77,True,0.214519,-1.5233,cusum,,,True,negative,35,0,0.3957,-1.6212,
35,87,True,0.250824,-1.3842,none,,,False,,35,0,0.3837,-1.3368,
35,73,True,0.42021,-0.7354,none,,,False,,35,0,0.3737,-1.2068,
35,24,True,0.202373,-1.5698,none,,,False,,35,0,0.3708,-0.6787,
35,27,True,0.321279,-1.1144,none,,,False,,35,0,0.3708,-0.4745,
36,95,True,1.001351,1.3841,cusum,,,True,positive,36,0,0.2784,2.1979,
36,48,True,0.64949,0.0974,none,,,False,,36,0,0.2812,2.0451,
36,55,True,0.853401,0.8431,none,,,False,,36,0,0.2784,2.0274,
36,31,True,0.823101,0.7323,none,,,False,,36,0,0.2771,1.7672,
36,93,True,0.883452,0.953,none,,,False,,36,0,0.2797,1.6467,
36,36,True,0.667852,0.1646,none,,,False,,36,0,0.2771,1.552,
36,60,True,0.899336,1.011,none,,,False,,36,0,0.2861,0.9475,
36,70,True,0.725568,0.3756,none,,,False,,36,0,0.2827,0.4824,
36,39,True,0.882789,0.9505,none,,,False,,36,0,0.2827,0.4575,
36,98,True,0.561083,-0.2259,none,,,False,,36,0,0.0861,0.3682,
36,9,True,0.776988,0.5636,none,,,False,,36,0,0.088,0.3642,
36,23,True,0.466854,-0.5704,none,,,False,,36,0,0.0972,0.1428,
36,21,True,0.601189,-0.0792,none,,,False,,36,0,0.2784,0.093,
36,76,True,0.599884,-0.084,none,,,False,,36,0,0.1204,0.0567,
36,80,True,0.512914,-0.402,none,,,False,,36,0,0.1001,-0.0957,
36,57,True,0.62285,0.0,none,,,False,,36,0,0.3623,-0.1251,
36,90,True,0.704399,0.2982,none,,,False,,36,0,0.2434,-0.1322,
36,5,True,0.355014,-0.9794,none,,,False,,36,0,0.2262,-0.1363,
36,46,True,0.731572,0.3976,none,,,False,,36,0,0.1204,-0.1391,
36,91,True,0.438399,-0.6745,none,,,False,,36,0,0.3774,-0.4535,
36,68,True,0.158071,-1.6996,none,,,False,,36,0,0.3764,-2.529,
36,99,True,0.159152,-1.6956,none,,,False,,36,0,0.3764,-1.9597,
36,54,True,0.385937,-0.8663,none,,,False,,36,0,0.3753,-1.6463,
36,77,True,0.225799,-1.4519,none,,,False,,36,0,0.3753,-1.9859,
36,34,True,0.345474,-1.0143,none,,,False,,36,0,0.3751,-0.8465,
37,95,True,0.730394,0.5032,none,,,False,,37,0,0.2768,2.5611,
37,55,True,0.762159,0.6745,none,,,False,,37,0,0.2768,2.1152,
37,48,True,0.661595,0.1323,none,,,False,,37,0,0.2795,1.6648,
37,36,True,0.780761,0.7748,none,,,False,,37,0,0.2756,1.58,
37,93,True,0.696424,0.3201,none,,,False,,37,0,0.2781,1.4355,
37,60,True,0.90264,1.4318,none,,,False,,37,0,0.2841,1.206,
37,39,True,0.757756,0.6508,none,,,False,,37,0,0.2809,0.7232,
37,31,True,0.868013,1.2452,none,,,False,,37,0,0.2756,0.5795,
37,21,True,0.898048,1.4071,none,,,False,,37,0,0.2768,0.5401,
37,70,True,0.57076,-0.3574,none,,,False,,37,0,0.2809,0.4853,
37,9,True,0.646595,0.0515,none,,,False,,37,0,0.0858,0.4125,
37,98,True,0.748146,0.5989,none,,,False,,37,0,0.0841,0.3356,
37,76,True,0.448889,-1.0144,none,,,False,,37,0,0.115,0.1863,
37,90,True,0.616923,-0.1085,none,,,False,,37,0,0.1575,0.1461,
37,46,True,0.548177,-0.4791,none,,,False,,37,0,0.115,0.0065,
37,80,True,0.637047,0.0,none,,,False,,37,0,0.097,-0.009,
37,57,True,0.602607,-0.1857,none,,,False,,37,0,0.1769,-0.0476,
37,37,True,0.341748,-1.592,none,,,False,,37,0,0.3472,-0.1453,
37,64,True,0.733837,0.5218,none,,,False,,37,0,0.2809,-0.1478,
37,52,True,0.297034,-1.833,none,,,False,,37,0,0.3859,-1.4521,
37,8,True,0.371132,-1.4336,none,,,False,,37,0,0.3775,-1.2259,
37,92,True,0.327036,-1.6713,none,,,False,,37,0,0.368,-1.5824,
37,87,True,0.210396,-2.3001,none,,,False,,37,0,0.367,-0.9558,
37,74,True,0.310491,-1.7605,none,,,False,,37,0,0.3655,-1.0526,
37,53,True,0.250609,-2.0833,none,,,False,,37,0,0.3586,-1.8242,
38,60,True,0.978269,1.7989,cusum,,,True,positive,38,0,0.2822,2.2861,
38,95,True,0.671943,-0.0486,none,,,False,,38,0,0.2754,2.2323,
38,31,True,0.680001,0.0,cusum,,,True,positive,38,0,0.2742,1.9891,
38,55,True,0.724322,0.2673,none,,,False,,38,0,0.2754,1.9807,
38,36,True,0.689039,0.0545,none,,,False,,38,0,0.2742,1.6308,
38,93,True,0.805594,0.7575,none,,,False,,38,0,0.2766,1.3952,
38,48,True,0.872488,1.1609,none,,,False,,38,0,0.2779,1.3029,
38,39,True,0.71815,0.2301,none,,,False,,38,0,0.2792,0.8077,
38,21,True,0.791836,0.6745,none,,,False,,38,0,0.2754,0.6714,
38,9,True,0.558137,-0.735,none,,,False,,38,0,0.0838,0.4671,
38,98,True,0.708889,0.1742,none,,,False,,38,0,0.0822,0.3845,
38,64,True,0.747274,0.4057,none,,,False,,38,0,0.1593,0.2251,
38,70,True,0.744857,0.3912,none,,,False,,38,0,0.2792,0.1393,
38,90,True,0.592305,-0.5289,none,,,False,,38,0,0.1417,0.0999,
38,80,True,0.642481,-0.2263,none,,,False,,38,0,0.0941,-0.0127,
38,46,True,0.7237,0.2636,none,,,False,,38,0,0.1102,-0.0846,
38,57,True,0.735748,0.3362,none,,,False,,38,0,0.1593,-0.1099,
38,81,True,0.551642,-0.7741,none,,,False,,38,0,0.1712,-0.1506,
38,49,True,0.469704,-1.2683,none,,,False,,38,0,0.2422,-0.1614,
38,74,True,0.17115,-3.0,cusum,,,True,negative,38,0,0.4236,-1.8302,
38,82,True,0.347504,-2.0053,none,,,False,,38,0,0.3693,-1.6517,
38,54,True,0.392519,-1.7338,none,,,False,,38,0,0.3685,-1.4645,
38,77,True,0.245828,-2.6185,none,,,False,,38,0,0.3685,-1.936,
38,19,True,0.35748,-1.9452,none,,,False,,38,0,0.3632,-0.6614,
38,2,True,0.372977,-1.8517,none,,,False,,38,0,0.3618,-1.0255,
39,60,True,0.849337,0.8084,none,,,False,,39,0,0.2804,2.516,
39,31,True,0.689199,0.2817,none,,,False,,39,0,0.2729,1.7504,
39,95,True,0.912294,1.0154,none,,,False,,39,0,0.274,1.7058,
39,55,True,0.893724,0.9543,none,,,False,,39,0,0.274,1.6878,
39,48,True,0.876584,0.898,none,,,False,,39,0,0.2763,1.5598,
39,36,True,0.585169,-0.0604,none,,,False,,39,0,0.2729,1.4226,
39,93,True,0.723105,0.3932,none,,,False,,39,0,0.2751,0.7713,
39,21,True,0.808631,0.6745,none,,,False,,39,0,0.274,0.7603,
39,39,True,0.902916,0.9846,none,,,False,,39,0,0.2776,0.7085,
39,64,True,0.576229,-0.0898,none,,,False,,39,0,0.1436,0.3468,
39,98,True,0.539408,-0.2109,none,,,False,,39,0,0.0804,0.2845,
39,70,True,0.817379,0.7033,none,,,False,,39,0,0.2776,0.2345,
39,57,True,0.589959,-0.0446,none,,,False,,39,0,0.1436,0.2169,
39,46,True,0.726392,0.404,none,,,False,,39,0,0.106,0.1993,
39,9,True,0.560686,-0.1409,none,,,False,,39,0,0.082,0.0643,
39,90,True,0.670701,0.2209,none,,,False,,39,0,0.1273,0.045,
39,80,True,0.58828,-0.0502,none,,,False,,39,0,0.0915,-0.0916,
39,75,True,0.623426,0.0654,none,,,False,,39,0,0.1923,-0.1618,
39,16,True,0.603531,0.0,none,,,False,,39,0,0.2955,-0.1649,
39,19,True,0.333539,-0.8879,cusum,,,True,negative,39,0,0.4245,-1.6517,
39,2,True,0.275125,-1.08,cusum,,,True,negative,39,0,0.4006,-1.9132,
39,74,True,0.248892,-1.1663,none,,,False,,39,0,0.4006,-2.4474,
39,6,True,0.34644,-0.8455,none,,,False,,39,0,0.3681,-0.8941,
39,13,True,0.284852,-1.048,none,,,False,,39,0,0.3681,-1.0644,
39,79,True,0.352832,-0.8244,none,,,False,,39,0,0.3621,-0.8507,
40,60,True,1.081328,2.622,none,,,False,,40,0,0.2787,2.4464,
40,31,True,0.559867,-0.4453,none,,,False,,40,0,0.2716,1.5988,
40,95,True,0.770368,0.7929,none,,,False,,40,0,0.2727,1.5813,
40,21,True,0.616321,-0.1132,none,,,False,,40,0,0.0727,1.01,
40,48,True,0.861252,1.3275,none,,,False,,40,0,0.2749,0.8249,
40,55,True,0.834892,1.1724,none,,,False,,40,0,0.2727,0.7233,
40,39,True,1.055411,2.4696,none,,,False,,40,0,0.0761,0.718,
40,93,True,0.803457,0.9875,none,,,False,,40,0,0.2737,0.5831,
40,64,True,0.663803,0.1661,none,,,False,,40,0,0.1294,0.4374,
40,36,True,0.635571,0.0,none,,,False,,40,0,0.2716,0.3461,
40,70,True,0.7365,0.5937,none,,,False,,40,0,0.2761,0.3419,
40,98,True,0.707572,0.4235,none,,,False,,40,0,0.0787,0.2874,
40,46,True,0.663815,0.1661,none,,,False,,40,0,0.1023,0.1965,
40,57,True,0.623409,-0.0715,none,,,False,,40,0,0.1294,0.1934,
40,75,True,0.482049,-0.903,none,,,False,,40,0,0.0991,0.133,
40,80,True,0.613383,-0.1305,none,,,False,,40,0,0.089,0.0226,
40,90,True,0.520904,-0.6745,none,,,False,,40,0,0.1143,0.0119,
40,16,True,0.648666,0.077,none,,,False,,40,0,0.1454,-0.0914,
40,72,True,0.796455,0.9463,none,,,False,,40,0,0.1286,-0.1663,
40,17,True,0.506984,-0.7564,none,,,False,,40,0,0.3154,-0.1669,
40,19,True,0.330536,-1.7943,none,,,False,,40,0,0.4016,-1.5955,
40,2,True,0.227682,-2.3993,none,,,False,,40,0,0.381,-1.8319,
40,74,True,0.279171,-2.0964,cusum,,,True,negative,40,0,0.381,-2.2866,
40,41,True,0.545636,-0.529,none,,,False,,40,0,0.3653,-0.4731,
40,43,True,0.545143,-0.5319,none,,,False,,40,0,0.3653,-0.3703,
41,60,True,0.690917,0.4487,cusum,,,True,positive,41,0,0.2772,2.8411,
41,39,True,0.755965,0.8475,cusum,,,True,positive,41,0,0.2747,2.3226,
41,55,True,0.836583,1.3417,cusum,,,True,positive,41,0,0.2714,1.8878,
41,48,True,0.885504,1.6416,none,,,False,,41,0,0.2735,1.2216,
41,31,True,0.598908,-0.1153,none,,,False,,41,0,0.2704,1.0339,
41,93,True,0.65187,0.2094,none,,,False,,41,0,0.2724,0.804,
41,95,True,1.084866,2.8638,none,,,False,,41,0,0.2714,0.6764,
41,70,True,0.727742,0.6745,none,,,False,,41,0,0.0747,0.6572,
41,21,True,0.844576,1.3907,none,,,False,,41,0,0.0714,0.5017,
41,46,True,0.646808,0.1783,none,,,False,,41,0,0.0989,0.407,
41,64,True,0.462878,-0.9492,none,,,False,,41,0,0.1165,0.3114,
41,98,True,0.615509,-0.0135,none,,,False,,41,0,0.0772,0.227,
41,57,True,0.513353,-0.6398,none,,,False,,41,0,0.1165,0.2241,
41,72,True,0.508146,-0.6717,none,,,False,,41,0,0.091,0.1458,
41,36,True,0.75769,0.8581,none,,,False,,41,0,0.2704,0.0864,
41,16,True,0.617718,0.0,none,,,False,,41,0,0.1314,0.032,
41,80,True,0.660663,0.2633,none,,,False,,41,0,0.0868,-0.0238,
41,75,True,0.514512,-0.6327,none,,,False,,41,0,0.096,-0.1405,
41,32,True,0.565961,-0.3173,none,,,False,,41,0,0.288,-0.1706,
41,9,True,0.743829,0.7731,none,,,False,,41,0,0.0885,-0.1727,
41,19,True,0.369175,-1.5237,none,,,False,,41,0,0.3823,-1.8535,
41,52,True,0.222817,-2.4209,none,,,False,,41,0,0.3728,-1.6689,
41,87,True,0.26405,-2.1681,none,,,False,,41,0,0.3728,-1.9914,
41,68,True,0.183837,-2.6599,none,,,False,,41,0,0.3656,-1.6041,
41,10,True,0.608843,-0.0544,none,,,False,,41,0,0.3648,-0.313,
42,95,True,0.887456,1.2482,cusum,,,True,positive,42,0,0.2702,2.6458,
42,39,True,0.881728,1.2201,none,,,False,,42,0,0.2733,2.5267,
42,60,True,0.975817,1.6804,none,,,False,,42,0,0.2757,2.3893,
42,48,True,0.851952,1.0745,cusum,,,True,positive,42,0,0.2722,2.3803,
42,55,True,0.939292,1.5017,none,,,False,,42,0,0.2702,2.2446,
42,21,True,0.805387,0.8467,cusum,,,True,positive,42,0,0.2702,1.7391,
42,31,True,0.770181,0.6745,none,,,False,,42,0,0.2693,0.9941,
42,70,True,0.633585,0.0063,none,,,False,,42,0,0.0733,0.75,
42,93,True,0.583716,-0.2376,none,,,False,,42,0,0.2712,0.6198,
42,46,True,0.498881,-0.6526,none,,,False,,42,0,0.0958,0.3745,
42,36,True,0.632296,0.0,none,,,False,,42,0,0.2693,0.3529,
42,16,True,0.659466,0.1329,none,,,False,,42,0,0.1186,0.1764,
42,98,True,0.582479,-0.2437,none,,,False,,42,0,0.0757,0.1626,
42,72,True,0.744362,0.5482,none,,,False,,42,0,0.0886,0.1544,
42,80,True,0.572004,-0.2949,none,,,False,,42,0,0.0847,0.1366,
42,9,True,0.734931,0.5021,none,,,False,,42,0,0.0783,0.0657,
42,57,True,0.705147,0.3564,none,,,False,,42,0,0.1094,-0.1077,
42,64,True,0.415272,-1.0616,none,,,False,,42,0,0.1094,-0.1466,
42,22,True,0.614757,-0.0858,none,,,False,,42,0,0.3518,-0.1758,
42,78,True,0.627606,-0.0229,none,,,False,,42,0,0.3001,-0.1773,
42,54,True,0.38491,-1.2101,none,,,False,,42,0,0.3738,-1.0083,
42,77,True,0.326043,-1.4981,none,,,False,,42,0,0.3738,-2.1979,
42,2,True,0.356067,-1.3512,none,,,False,,42,0,0.3737,-2.1002,
42,74,True,0.325862,-1.499,none,,,False,,42,0,0.3737,-2.4108,
42,85,True,0.276642,-1.7397,none,,,False,,42,0,0.3684,-0.8884,
43,95,True,0.899106,2.2713,none,,,False,,43,0,0.2691,2.722,
43,60,True,0.695463,0.465,none,,,False,,43,0,0.2743,2.6782,
43,39,True,0.702217,0.5249,none,,,False,,43,0,0.272,2.6037,
43,48,True,0.913363,2.3978,none,,,False,,43,0,0.271,2.4377,
43,55,True,0.675807,0.2906,none,,,False,,43,0,0.2691,2.4257,
43,21,True,0.734692,0.813,none,,,False,,43,0,0.2691,1.7951,
43,70,True,0.750939,0.9571,none,,,False,,43,0,0.072,0.5161,
43,9,True,0.671223,0.25,none,,,False,,43,0,0.0768,0.4761,
43,93,True,0.52676,-1.0314,none,,,False,,43,0,0.27,0.4081,
43,72,True,0.719081,0.6745,none,,,False,,43,0,0.0864,0.3861,
43,36,True,0.64304,0.0,none,,,False,,43,0,0.2682,0.3718,
43,16,True,0.5533,-0.796,none,,,False,,43,0,0.1092,0.2143,
43,98,True,0.590793,-0.4634,none,,,False,,43,0,0.0743,0.1499,
43,31,True,0.616399,-0.2363,none,,,False,,43,0,0.2682,0.1237,
43,80,True,0.630729,-0.1092,none,,,False,,43,0,0.0828,0.0525,
43,57,True,0.8257,1.6202,none,,,False,,43,0,0.1052,0.0204,
43,46,True,0.708936,0.5845,none,,,False,,43,0,0.093,0.0186,
43,78,True,0.573404,-0.6177,none,,,False,,43,0,0.1668,-0.0049,
43,22,True,0.665868,0.2025,none,,,False,,43,0,0.2045,-0.0492,
43,85,True,0.356715,-2.5398,cusum,,,True,negative,43,0,0.4045,-1.606,
43,53,True,0.247204,-3.0,none,,,False,,43,0,0.3758,-1.5272,
43,92,True,0.24163,-3.0,none,,,False,,43,0,0.3758,-1.7197,
43,19,True,0.355432,-2.5511,none,,,False,,43,0,0.3749,-1.7252,
43,12,True,0.585103,-0.5139,none,,,False,,43,0,0.3692,-0.3302,
43,82,True,0.285222,-3.0,none,,,False,,43,0,0.3677,-2.1538,
44,95,True,0.740662,1.6512,cusum,,,True,positive,44,0,0.268,3.2135,
44,48,True,0.903305,3.0,cusum,,,True,positive,44,0,0.2698,2.793,
44,55,True,0.730503,1.5597,none,,,False,,44,0,0.268,2.1304,
44,21,True,0.499883,-0.5182,none,,,False,,44,0,0.268,2.1026,
44,60,True,0.579816,0.202,none,,,False,,44,0,0.2729,1.9576,
44,39,True,0.887383,2.9731,none,,,False,,44,0,0.2708,1.954,
44,70,True,0.545057,-0.1112,none,,,False,,44,0,0.0708,0.6358,
44,9,True,0.794601,2.1372,none,,,False,,44,0,0.0753,0.6046,
44,57,True,0.620131,0.5652,none,,,False,,44,0,0.1015,0.5792,
44,36,True,0.561396,0.036,none,,,False,,44,0,0.2671,0.3705,
44,72,True,0.527743,-0.2672,none,,,False,,44,0,0.0843,0.2928,
44,22,True,0.509337,-0.433,none,,,False,,44,0,0.1857,0.2438,
44,31,True,0.84163,2.5609,none,,,False,,44,0,0.2671,0.1921,
44,46,True,0.305619,-2.2685,none,,,False,,44,0,0.0905,0.1546,
44,80,True,0.50091,-0.509,none,,,False,,44,0,0.0809,0.0573,
44,16,True,0.54888,-0.0767,none,,,False,,44,0,0.105,-0.0824,
44,98,True,0.610504,0.4785,none,,,False,,44,0,0.0729,-0.1474,
44,76,True,0.463802,-0.8433,none,,,False,,44,0,0.1567,-0.1773,
44,23,True,0.564742,0.0662,none,,,False,,44,0,0.1485,-0.183,
44,90,True,0.672307,1.0353,none,,,False,,44,0,0.1329,-0.1832,
44,85,True,0.273289,-2.5598,none,,,False,,44,0,0.3857,-2.1251,
44,38,True,0.361093,-1.7687,none,,,False,,44,0,0.3724,-0.3788,
44,40,True,0.557398,0.0,none,,,False,,44,0,0.3645,-0.2373,
44,71,True,0.383578,-1.5661,none,,,False,,44,0,0.3645,-0.65,
44,0,True,0.482537,-0.6745,none,,,False,,44,0,0.3607,-0.2477,
45,48,True,0.840985,1.3188,none,,,False,,45,0,0.2687,3.2445,
45,95,True,0.81144,1.1755,none,,,False,,45,0,0.2669,2.8081,
45,39,True,0.88704,1.5422,cusum,,,True,positive,45,0,0.2696,2.6611,
45,55,True,0.700801,0.639,cusum,,,True,positive,45,0,0.2669,2.2019,
45,60,True,0.90704,1.6392,none,,,False,,45,0,0.2717,1.8737,
45,21,True,0.625181,0.2722,none,,,False,,45,0,0.2669,1.465,
45,31,True,0.776346,1.0053,none,,,False,,45,0,0.2661,1.083,
45,9,True,0.585501,0.0798,none,,,False,,45,0,0.0739,1.0576,
45,57,True,0.453141,-0.5621,none,,,False,,45,0,0.0981,0.9764,
45,72,True,0.708126,0.6745,none,,,False,,45,0,0.0824,0.4251,
45,70,True,0.571964,0.0141,none,,,False,,45,0,0.0696,0.3725,
45,90,True,0.529899,-0.1899,none,,,False,,45,0,0.1049,0.3326,
45,36,True,0.3828,-0.9033,none,,,False,,45,0,0.0661,0.0953,
45,22,True,0.345972,-1.0819,none,,,False,,45,0,0.1693,0.0713,
45,98,True,0.705502,0.6618,none,,,False,,45,0,0.0717,0.0151,
45,16,True,0.619963,0.2469,none,,,False,,45,0,0.1013,-0.113,
45,23,True,0.542682,-0.1279,none,,,False,,45,0,0.0903,-0.1358,
45,26,True,0.569048,0.0,none,,,False,,45,0,0.1826,-0.1876,
45,35,True,0.371761,-0.9568,none,,,False,,45,0,0.1904,-0.1896,
45,59,True,0.549105,-0.0967,none,,,False,,45,0,0.3501,-0.1912,
45,85,True,0.289335,-1.3565,cusum,,,True,negative,45,0,0.3693,-2.603,
45,2,True,0.434941,-0.6504,none,,,False,,45,0,0.3689,-1.9435,
45,74,True,0.309597,-1.2583,none,,,False,,45,0,0.3689,-1.9205,
45,52,True,0.175675,-1.9077,none,,,False,,45,0,0.3618,-1.7733,
45,87,True,0.231773,-1.6357,none,,,False,,45,0,0.3618,-1.7927,
46,48,True,0.846973,1.4215,cusum,,,True,positive,46,0,0.2676,3.3246,
46,95,True,0.636767,0.1553,none,,,False,,46,0,0.2659,2.7827,
46,39,True,0.688752,0.4684,none,,,False,,46,0,0.2685,2.7671,
46,31,True,0.662684,0.3114,cusum,,,True,positive,46,0,0.2651,2.1922,
46,55,True,0.664484,0.3222,none,,,False,,46,0,0.2659,1.9131,
46,60,True,0.676753,0.3961,cusum,,,True,positive,46,0,0.2705,1.8585,
46,21,True,0.798889,1.1318,none,,,False,,46,0,0.2659,1.2723,
46,9,True,0.585156,-0.1556,none,,,False,,46,0,0.0726,0.9152,
46,57,True,0.61099,0.0,none,,,False,,46,0,0.0951,0.6661,
46,72,True,0.70208,0.5487,none,,,False,,46,0,0.0806,0.4649,
46,70,True,0.775481,0.9908,none,,,False,,46,0,0.0685,0.3737,
46,98,True,0.520898,-0.5427,none,,,False,,46,0,0.0705,0.3154,
46,90,True,0.426922,-1.1088,none,,,False,,46,0,0.1012,0.1906,
46,59,True,0.70443,0.5629,none,,,False,,46,0,0.1705,0.0779,
46,16,True,0.493097,-0.7101,none,,,False,,46,0,0.098,-0.0795,
46,23,True,0.66357,0.3167,none,,,False,,46,0,0.0879,-0.096,
46,40,True,0.442773,-1.0133,none,,,False,,46,0,0.1953,-0.2016,
46,80,True,0.314784,-1.7843,none,,,False,,46,0,0.0867,-0.2023,
46,36,True,0.722963,0.6745,none,,,False,,46,0,0.0651,-0.2069,
46,51,True,0.561079,-0.3006,none,,,False,,46,0,0.2764,-0.2119,
46,19,True,0.418333,-1.1605,none,,,False,,46,0,0.3699,-2.2897,
46,54,True,0.386732,-1.3509,none,,,False,,46,0,0.3629,-1.112,
46,77,True,0.173831,-2.6333,none,,,False,,46,0,0.3629,-1.6981,
46,94,True,0.465085,-0.8789,none,,,False,,46,0,0.3627,-0.3758,
46,3,True,0.107353,-3.0,none,,,False,,46,0,0.3592,-1.4382,
47,48,True,0.805955,1.5559,none,,,False,,47,0,0.2666,2.998,
47,39,True,0.703714,0.6745,none,,,False,,47,0,0.2675,2.747,
47,31,True,0.72128,0.8259,none,,,False,,47,0,0.2642,2.3737,
47,95,True,0.867643,2.0877,none,,,False,,47,0,0.265,2.0762,
47,55,True,0.698865,0.6327,none,,,False,,47,0,0.265,1.9225,
47,60,True,0.797263,1.481,none,,,False,,47,0,0.2693,1.8341,
47,9,True,0.6808,0.477,none,,,False,,47,0,0.0713,0.7784,
47,72,True,0.554433,-0.6125,none,,,False,,47,0,0.0789,0.4207,
47,70,True,0.669147,0.3765,none,,,False,,47,0,0.0675,0.3837,
47,21,True,0.766183,1.213,none,,,False,,47,0,0.265,0.3775,
47,98,True,0.652025,0.2289,none,,,False,,47,0,0.0693,0.2876,
47,59,True,0.582769,-0.3682,none,,,False,,47,0,0.156,0.2438,
47,23,True,0.461837,-1.4107,none,,,False,,47,0,0.0857,0.1968,
47,57,True,0.676628,0.441,none,,,False,,47,0,0.0923,0.1223,
47,90,True,0.528575,-0.8354,none,,,False,,47,0,0.0978,0.0413,
47,36,True,0.625476,0.0,none,,,False,,47,0,0.0642,0.0169,
47,16,True,0.580188,-0.3904,none,,,False,,47,0,0.0949,-0.055,
47,50,True,0.498897,-1.0912,none,,,False,,47,0,0.305,-0.2351,
47,28,True,0.58117,-0.382,none,,,False,,47,0,0.2321,-0.2464,
47,65,True,0.549594,-0.6542,none,,,False,,47,0,0.3128,-0.2553,
47,3,True,0.18599,-3.0,cusum,,,True,negative,47,0,0.3887,-2.4093,
47,68,True,0.205931,-3.0,none,,,False,,47,0,0.3651,-1.7226,
47,14,True,0.201001,-3.0,none,,,False,,47,0,0.3642,-0.8749,
47,84,True,0.681603,0.4839,none,,,False,,47,0,0.3642,-0.3045,
47,97,True,0.243795,-3.0,none,,,False,,47,0,0.3642,-0.9732,
48,48,True,0.851809,2.3479,none,,,False,,48,0,0.2656,2.5154,
48,60,True,0.668625,0.508,none,,,False,,48,0,0.2682,2.2591,
48,95,True,0.885703,2.6884,cusum,,,True,positive,48,0,0.2641,2.2206,
48,39,True,0.865936,2.4898,none,,,False,,48,0,0.2665,1.9795,
48,31,True,0.660189,0.4232,none,,,False,,48,0,0.2633,1.7943,
48,55,True,0.682401,0.6463,none,,,False,,48,0,0.2641,1.6124,
48,21,True,0.426205,-1.927,none,,,False,,48,0,0.2641,0.9535,
48,70,True,0.580958,-0.3726,none,,,False,,48,0,0.0665,0.545,
48,72,True,0.685205,0.6745,none,,,False,,48,0,0.0773,0.3036,
48,9,True,0.659131,0.4126,none,,,False,,48,0,0.0702,0.2235,
48,98,True,0.637394,0.1943,none,,,False,,48,0,0.0682,0.203,
48,59,True,0.635772,0.178,none,,,False,,48,0,0.143,0.1908,
48,84,True,0.618054,0.0,none,,,False,,48,0,0.1896,0.1663,
48,57,True,0.676257,0.5846,none,,,False,,48,0,0.0898,0.0775,
48,36,True,0.553044,-0.653,none,,,False,,48,0,0.0633,0.0038,
48,28,True,0.457781,-1.6098,none,,,False,,48,0,0.1167,-0.1553,
48,16,True,0.613214,-0.0486,none,,,False,,48,0,0.0922,-0.1633,
48,33,True,0.394622,-2.2442,none,,,False,,48,0,0.3208,-0.2559,
48,78,True,0.646984,0.2906,none,,,False,,48,0,0.1865,-0.2567,
48,66,True,0.482161,-1.365,none,,,False,,48,0,0.3396,-0.2571,
48,14,True,0.321685,-2.9768,cusum,,,True,negative,48,0,0.3896,-2.1717,
48,97,True,0.259101,-3.0,cusum,,,True,negative,48,0,0.3896,-2.0591,
48,3,True,0.208469,-3.0,none,,,False,,48,0,0.3727,-2.924,
48,85,True,0.358544,-2.6066,none,,,False,,48,0,0.3719,-2.4854,
48,29,True,0.289154,-3.0,none,,,False,,48,0,0.3617,-0.7469,
49,48,True,0.736602,0.7019,cusum,,,True,positive,49,0,0.2647,2.8573,
49,95,True,0.85764,1.3395,none,,,False,,49,0,0.2632,2.7239,
49,39,True,0.655291,0.2736,cusum,,,True,positive,49,0,0.2655,2.2942,
49,60,True,0.603345,0.0,none,,,False,,49,0,0.2672,1.8808,
49,55,True,0.731397,0.6745,none,,,False,,49,0,0.2632,1.6138,
49,31,True,0.790091,0.9837,none,,,False,,49,0,0.2625,1.5992,
49,57,True,0.717169,0.5995,none,,,False,,49,0,0.0874,0.4566,
49,70,True,0.572159,-0.1643,none,,,False,,49,0,0.0655,0.4149,
49,9,True,0.65025,0.2471,none,,,False,,49,0,0.069,0.333,
49,72,True,0.260939,-1.8036,none,,,False,,49,0,0.0758,0.3016,
49,59,True,0.611354,0.0422,none,,,False,,49,0,0.131,0.275,
49,21,True,0.746175,0.7523,none,,,False,,49,0,0.2632,0.2194,
49,84,True,0.578295,-0.132,none,,,False,,49,0,0.1737,0.2077,
49,36,True,0.624432,0.1111,none,,,False,,49,0,0.0625,0.0862,
49,98,True,0.670516,0.3538,none,,,False,,49,0,0.0672,0.0459,
49,78,True,0.650491,0.2483,none,,,False,,49,0,0.1444,0.0414,
49,89,True,0.282038,-1.6924,none,,,False,,49,0,0.3595,-0.2573,
49,67,True,0.502141,-0.5331,none,,,False,,49,0,0.281,-0.2615,
49,16,True,0.590762,-0.0663,none,,,False,,49,0,0.0896,-0.2652,
49,61,True,0.337372,-1.401,none,,,False,,49,0,0.3095,-0.2658,
49,29,True,0.225346,-1.9911,cusum,,,True,negative,49,0,0.4092,-2.036,
49,14,True,0.280449,-1.7008,none,,,False,,49,0,0.3737,-2.8189,
49,33,True,0.406712,-1.0357,cusum,,,True,negative,49,0,0.3737,-1.4583,
49,97,True,0.288054,-1.6607,none,,,False,,49,0,0.3737,-2.7705,
49,63,True,0.256179,-1.8286,none,,,False,,49,0,0.3667,-1.0134,
50,95,True,0.91306,1.5061,cusum,,,True,positive,50,0,0.2623,3.1176,
50,48,True,0.81747,1.0163,none,,,False,,50,0,0.2638,2.6164,
50,39,True,1.799381,3.0,none,,,False,,50,0,0.2645,2.2282,
50,31,True,0.595268,-0.1223,none,,,False,,50,0,0.2617,1.8224,
50,60,True,0.589221,-0.1533,none,,,False,,50,0,0.2662,1.7475,
50,55,True,0.661716,0.2182,none,,,False,,50,0,0.2623,0.7302,
50,57,True,0.627908,0.045,none,,,False,,50,0,0.0853,0.6535,
50,9,True,0.7947,0.8996,none,,,False,,50,0,0.0679,0.4659,
50,98,True,0.717448,0.5038,none,,,False,,50,0,0.0662,0.3435,
50,84,True,0.487545,-0.6743,none,,,False,,50,0,0.1597,0.284,
50,78,True,0.35768,-1.3397,none,,,False,,50,0,0.1325,0.1245,
50,59,True,0.619131,0.0,none,,,False,,50,0,0.12,0.095,
50,21,True,0.728569,0.5608,none,,,False,,50,0,0.2623,0.0918,
50,70,True,0.796254,0.9076,none,,,False,,50,0,0.0645,0.0287,
50,16,True,0.709547,0.4633,none,,,False,,50,0,0.0873,-0.0537,
50,36,True,0.492844,-0.6471,none,,,False,,50,0,0.0617,-0.1026,
50,93,True,1.071774,2.3194,none,,,False,,50,0,0.1099,-0.2662,
50,22,True,0.487499,-0.6745,none,,,False,,50,0,0.1877,-0.2708,
50,44,True,0.674778,0.2851,none,,,False,,50,0,0.2647,-0.2811,
50,63,True,0.257416,-1.8535,cusum,,,True,negative,50,0,0.4099,-1.7597,
50,29,True,0.299487,-1.6379,none,,,False,,50,0,0.3913,-2.3123,
50,2,True,0.334593,-1.458,none,,,False,,50,0,0.3737,-1.3088,
50,74,True,0.302618,-1.6218,none,,,False,,50,0,0.3737,-1.4598,
50,58,True,0.240513,-1.9401,none,,,False,,50,0,0.3709,-1.0751,
50,83,True,0.526578,-0.4742,none,,,False,,50,0,0.3709,-0.3297,
51,39,True,1.173291,2.4808,cusum,,,True,positive,51,0,0.2636,3.0023,
51,95,True,0.722649,0.6296,none,,,False,,51,0,0.2615,2.9227,
51,48,True,0.733579,0.6745,none,,,False,,51,0,0.2629,2.4354,
51,9,True,0.547183,-0.0912,cusum,,,True,positive,51,0,0.2669,1.6055,
51,55,True,1.076508,2.0833,none,,,False,,51,0,0.2615,0.5911,
51,57,True,0.716125,0.6028,none,,,False,,51,0,0.0832,0.5188,
51,31,True,0.778537,0.8592,none,,,False,,51,0,0.2609,0.5053,
51,93,True,0.739353,0.6982,none,,,False,,51,0,0.0669,0.4359,
51,98,True,0.741524,0.7071,none,,,False,,51,0,0.0652,0.434,
51,16,True,0.434394,-0.5546,none,,,False,,51,0,0.0851,0.2279,
51,59,True,0.50838,-0.2506,none,,,False,,51,0,0.1098,0.2121,
51,70,True,0.764013,0.7995,none,,,False,,51,0,0.0636,0.2047,
51,60,True,1.102042,2.1882,none,,,False,,51,0,0.2652,0.2016,
51,44,True,0.477525,-0.3774,none,,,False,,51,0,0.147,-0.1068,
51,84,True,0.542112,-0.1121,none,,,False,,51,0,0.147,-0.1106,
51,78,True,0.569391,0.0,none,,,False,,51,0,0.1216,-0.1226,
51,21,True,0.808769,0.9834,none,,,False,,51,0,0.2615,-0.1265,
51,23,True,0.555401,-0.0575,none,,,False,,51,0,0.1038,-0.2982,
51,26,True,1.31516,3.0,none,,,False,,51,0,0.1347,-0.3042,
51,58,True,0.535011,-0.1412,cusum,,,True,negative,51,0,0.3921,-2.2054,
51,63,True,0.273722,-1.2146,none,,,False,,51,0,0.3921,-1.9445,
51,29,True,0.268551,-1.2359,cusum,,,True,negative,51,0,0.3757,-2.5329,
51,3,True,0.193605,-1.5437,none,,,False,,51,0,0.3745,-3.3333,
51,19,True,0.443676,-0.5164,none,,,False,,51,0,0.3744,-2.087,
51,18,True,0.46535,-0.4274,none,,,False,,51,0,0.3693,-0.5268,
52,39,True,1.210656,2.2367,none,,,False,,52,0,0.2628,2.9982,
52,95,True,0.942286,1.103,none,,,False,,52,0,0.2607,2.2355,
52,55,True,1.03883,1.5108,cusum,,,True,positive,52,0,0.2607,2.0691,
52,26,True,1.216698,2.2622,cusum,,,True,positive,52,0,0.2971,1.9648,
52,48,True,0.681709,0.0023,none,,,False,,52,0,0.2621,1.8766,
52,60,True,0.792166,0.4689,cusum,,,True,positive,52,0,0.2643,1.7605,
52,9,True,0.732981,0.2189,none,,,False,,52,0,0.2659,1.4363,
52,21,True,0.780047,0.4177,none,,,False,,52,0,0.0607,0.8426,
52,93,True,0.911545,0.9732,none,,,False,,52,0,0.0659,0.7466,
52,31,True,0.708867,0.117,none,,,False,,52,0,0.2601,0.6498,
52,98,True,0.681166,0.0,none,,,False,,52,0,0.0643,0.6038,
52,70,True,0.725652,0.1879,none,,,False,,52,0,0.0628,0.5943,
52,57,True,0.737319,0.2372,none,,,False,,52,0,0.0814,0.5224,
52,59,True,0.607813,-0.3099,none,,,False,,52,0,0.1003,0.0641,
52,16,True,0.632926,-0.2038,none,,,False,,52,0,0.0831,0.0566,
52,44,True,0.58525,-0.4052,none,,,False,,52,0,0.1353,-0.0653,
52,84,True,0.51651,-0.6955,none,,,False,,52,0,0.1353,-0.1553,
52,78,True,0.546583,-0.5685,none,,,False,,52,0,0.1115,-0.2251,
52,23,True,0.521494,-0.6745,none,,,False,,52,0,0.0814,-0.2772,
52,58,True,0.361982,-1.3483,none,,,False,,52,0,0.3766,-1.5076,
52,63,True,0.264835,-1.7587,none,,,False,,52,0,0.3766,-1.9555,
52,52,True,0.396084,-1.2042,none,,,False,,52,0,0.3757,-1.9031,
52,87,True,0.195564,-2.0513,none,,,False,,52,0,0.3757,-1.8839,
52,14,True,0.201074,-2.028,none,,,False,,52,0,0.3753,-2.8926,
52,33,True,0.31092,-1.564,none,,,False,,52,0,0.3753,-1.8137,
53,39,True,1.037562,1.3483,cusum,,,True,positive,53,0,0.2619,3.6516,
53,26,True,1.220152,1.9781,none,,,False,,53,0,0.2941,2.8791,
53,93,True,0.71004,0.2187,cusum,,,True,positive,53,0,0.2649,2.4136,
53,55,True,1.073577,1.4726,none,,,False,,53,0,0.26,2.347,
53,95,True,0.830062,0.6327,none,,,False,,53,0,0.26,2.1558,
53,60,True,0.973379,1.127,none,,,False,,53,0,0.2634,1.9157,
53,48,True,0.701577,0.1895,none,,,False,,53,0,0.2613,1.6424,
53,9,True,0.481645,-0.569,none,,,False,,53,0,0.2649,1.4258,
53,21,True,0.819876,0.5975,none,,,False,,53,0,0.06,0.7302,
53,70,True,0.770269,0.4264,none,,,False,,53,0,0.0619,0.7107,
53,98,True,0.767713,0.4176,none,,,False,,53,0,0.0634,0.4847,
53,57,True,0.567623,-0.2725,none,,,False,,53,0,0.0796,0.3992,
53,31,True,0.842188,0.6745,none,,,False,,53,0,0.2594,0.36,
53,16,True,0.443416,-0.7009,none,,,False,,53,0,0.0812,0.0083,
53,44,True,0.418658,-0.7863,none,,,False,,53,0,0.1246,-0.0215,
53,59,True,0.432202,-0.7396,none,,,False,,53,0,0.097,-0.0577,
53,4,True,0.631484,-0.0522,none,,,False,,53,0,0.3346,-0.3118,
53,51,True,0.619689,-0.0929,none,,,False,,53,0,0.189,-0.3154,
53,36,True,0.64706,0.0015,none,,,False,,53,0,0.0738,-0.3192,
53,89,True,0.403715,-0.8378,none,,,False,,53,0,0.3827,-1.4367,
53,97,True,0.291176,-1.226,none,,,False,,53,0,0.3827,-2.8869,
53,56,True,0.264217,-1.319,none,,,False,,53,0,0.3782,-0.8635,
53,96,True,0.646631,0.0,none,,,False,,53,0,0.3768,-0.6596,
53,54,True,0.385695,-0.9,none,,,False,,53,0,0.3763,-1.2809,
53,77,True,0.261069,-1.3298,none,,,False,,53,0,0.3763,-2.0992,
54,26,True,0.901956,0.8234,cusum,,,True,positive,54,0,0.2914,3.5347,
54,39,True,1.26349,1.8957,none,,,False,,54,0,0.2611,3.1,
54,55,True,0.67458,0.149,none,,,False,,54,0,0.2592,2.7643,
54,60,True,1.082107,1.3577,none,,,False,,54,0,0.2625,2.3414,
54,95,True,0.965911,1.0131,cusum,,,True,positive,54,0,0.2592,1.8638,
54,93,True,0.895763,0.805,none,,,False,,54,0,0.264,1.7122,
54,9,True,0.52183,-0.3041,none,,,False,,54,0,0.264,0.9351,
54,21,True,0.62435,0.0,none,,,False,,54,0,0.0592,0.7416,
54,31,True,0.417085,-0.6148,none,,,False,,54,0,0.2587,0.6248,
54,70,True,0.447589,-0.5243,none,,,False,,54,0,0.0611,0.5494,
54,98,True,1.020213,1.1741,none,,,False,,54,0,0.0625,0.455,
54,48,True,0.949102,0.9632,none,,,False,,54,0,0.2605,0.3659,
54,57,True,0.851755,0.6745,none,,,False,,54,0,0.0779,0.2912,
54,4,True,0.637161,0.038,none,,,False,,54,0,0.1505,-0.0502,
54,36,True,0.676726,0.1553,none,,,False,,54,0,0.0599,-0.1019,
54,51,True,0.523059,-0.3004,none,,,False,,54,0,0.1379,-0.1075,
54,59,True,0.575752,-0.1441,none,,,False,,54,0,0.094,-0.3084,
54,62,True,0.611709,-0.0375,none,,,False,,54,0,0.2164,-0.3313,
54,84,True,0.741779,0.3483,none,,,False,,54,0,0.1325,-0.3496,
54,56,True,0.19453,-1.2749,cusum,,,True,negative,54,0,0.4123,-1.6702,
54,85,True,0.365249,-0.7685,none,,,False,,54,0,0.3829,-2.0162,
54,29,True,0.363439,-0.7739,none,,,False,,54,0,0.3769,-1.9549,
54,47,True,0.317836,-0.9091,none,,,False,,54,0,0.376,-0.6427,
54,58,True,0.479451,-0.4298,none,,,False,,54,0,0.3704,-1.4765,
54,63,True,0.317498,-0.9101,none,,,False,,54,0,0.3704,-1.9422,
55,39,True,1.021377,1.2114,cusum,,,True,positive,55,0,0.2604,2.9041,
55,26,True,1.113284,1.5179,none,,,False,,55,0,0.2889,2.8058,
55,55,True,0.862149,0.6805,none,,,False,,55,0,0.2585,2.1187,
55,60,True,0.884113,0.7537,none,,,False,,55,0,0.2617,2.0636,
55,95,True,0.953202,0.9841,none,,,False,,55,0,0.2585,1.9908,
55,93,True,0.871928,0.7131,none,,,False,,55,0,0.2631,1.7467,
55,9,True,0.658074,0.0,none,,,False,,55,0,0.2631,0.863,
55,98,True,0.658609,0.0018,none,,,False,,55,0,0.0617,0.6096,
55,48,True,0.764159,0.3537,none,,,False,,55,0,0.2597,0.4613,
55,21,True,0.569048,-0.2969,none,,,False,,55,0,0.0585,0.4129,
55,57,True,0.782085,0.4135,none,,,False,,55,0,0.0764,0.3131,
55,31,True,0.860353,0.6745,none,,,False,,55,0,0.258,0.1326,
55,70,True,0.650965,-0.0237,none,,,False,,55,0,0.0604,0.1072,
55,84,True,0.457136,-0.67,none,,,False,,55,0,0.1162,-0.0144,
55,4,True,0.741278,0.2774,none,,,False,,55,0,0.1392,-0.0863,
55,51,True,0.502738,-0.518,none,,,False,,55,0,0.1274,-0.087,
55,36,True,0.786773,0.4291,none,,,False,,55,0,0.0591,-0.088,
55,59,True,0.499065,-0.5302,none,,,False,,55,0,0.0913,-0.2766,
55,43,True,0.510332,-0.4926,none,,,False,,55,0,0.302,-0.3563,
55,56,True,0.242416,-1.386,none,,,False,,55,0,0.395,-1.454,
55,20,True,0.436853,-0.7376,none,,,False,,55,0,0.3738,-0.7858,
55,3,True,0.26709,-1.3037,none,,,False,,55,0,0.3707,-2.3565,
55,15,True,0.431752,-0.7547,none,,,False,,55,0,0.3668,-0.5629,
55,2,True,0.397411,-0.8692,none,,,False,,55,0,0.3646,-1.5024,
55,14,True,0.317513,-1.1356,none,,,False,,55,0,0.3643,-2.0771,
56,39,True,1.304485,2.111,none,,,False,,56,0,0.2596,2.5614,
56,26,True,1.153216,1.5618,none,,,False,,56,0,0.2865,2.5545,
56,60,True,0.81562,0.3359,cusum,,,True,positive,56,0,0.2609,2.1576,
56,95,True,0.880749,0.5724,none,,,False,,56,0,0.2579,1.9503,
56,55,True,0.750338,0.0989,cusum,,,True,positive,56,0,0.2579,1.8411,
56,93,True,0.995393,0.9887,none,,,False,,56,0,0.2623,1.659,
56,98,True,0.739004,0.0577,none,,,False,,56,0,0.0609,0.6093,
56,48,True,0.770349,0.1716,none,,,False,,56,0,0.259,0.5775,
56,57,True,0.7231,0.0,none,,,False,,56,0,0.0749,0.3699,
56,31,True,0.648632,-0.2704,none,,,False,,56,0,0.0573,0.3177,
56,36,True,0.303019,-1.5253,none,,,False,,56,0,0.0584,0.2699,
56,4,True,0.766597,0.1579,none,,,False,,56,0,0.1287,0.2321,
56,21,True,0.459146,-0.9584,none,,,False,,56,0,0.0579,0.1739,
56,70,True,0.873373,0.5456,none,,,False,,56,0,0.0596,0.0357,
56,51,True,0.537341,-0.6745,none,,,False,,56,0,0.1176,-0.1651,
56,84,True,0.639184,-0.3047,none,,,False,,56,0,0.1069,-0.2055,
56,9,True,0.749695,0.0966,none,,,False,,56,0,0.2623,-0.211,
56,59,True,0.629031,-0.3416,none,,,False,,56,0,0.0887,-0.3535,
56,25,True,1.176218,1.6453,none,,,False,,56,0,0.3362,-0.3643,
56,75,True,0.508767,-0.7782,none,,,False,,56,0,0.1786,-0.3688,
56,56,True,0.244151,-1.7391,none,,,False,,56,0,0.38,-1.6498,
56,33,True,0.387655,-1.218,none,,,False,,56,0,0.3714,-1.4565,
56,7,True,0.492602,-0.8369,none,,,False,,56,0,0.3655,-0.8915,
56,19,True,0.338818,-1.3953,none,,,False,,56,0,0.3654,-1.2586,
56,89,True,0.385636,-1.2253,none,,,False,,56,0,0.3651,-1.1753,
57,39,True,0.760596,0.2949,cusum,,,True,positive,57,0,0.2589,2.8148,
57,26,True,1.092326,1.6699,cusum,,,True,positive,57,0,0.2844,2.4128,
57,95,True,1.012435,1.3387,none,,,False,,57,0,0.2572,1.9295,
57,93,True,0.559791,-0.5374,none,,,False,,57,0,0.2615,1.9147,
57,60,True,1.127435,1.8154,none,,,False,,57,0,0.2601,1.8929,
57,55,True,1.033529,1.4262,none,,,False,,57,0,0.2572,1.3824,
57,48,True,0.786946,0.4041,none,,,False,,57,0,0.2583,0.5707,
57,98,True,0.729372,0.1655,none,,,False,,57,0,0.0601,0.4884,
57,57,True,0.690902,0.0061,none,,,False,,57,0,0.0735,0.4589,
57,4,True,0.68944,0.0,none,,,False,,57,0,0.119,0.2965,
57,70,True,0.566882,-0.508,none,,,False,,57,0,0.0589,0.0746,
57,9,True,0.744235,0.2271,none,,,False,,57,0,0.2615,0.0099,
57,31,True,0.809597,0.498,none,,,False,,57,0,0.0567,0.002,
57,25,True,1.014651,1.3479,none,,,False,,57,0,0.1667,-0.0073,
57,84,True,0.503857,-0.7692,none,,,False,,57,0,0.0983,-0.0797,
57,59,True,0.250832,-1.8179,none,,,False,,57,0,0.0864,-0.2239,
57,36,True,0.683412,-0.025,none,,,False,,57,0,0.0577,-0.2399,
57,21,True,0.696056,0.0274,none,,,False,,57,0,0.0572,-0.3455,
57,51,True,0.477818,-0.8771,none,,,False,,57,0,0.1085,-0.364,
57,16,True,0.526707,-0.6745,none,,,False,,57,0,0.0975,-0.3822,
57,7,True,0.393109,-1.2282,cusum,,,True,negative,57,0,0.4139,-1.2074,
57,97,True,0.22024,-1.9447,none,,,False,,57,0,0.3721,-1.8041,
57,56,True,0.263028,-1.7674,cusum,,,True,negative,57,0,0.3667,-1.8,
57,29,True,0.219973,-1.9458,none,,,False,,57,0,0.3659,-1.0578,
57,58,True,0.556631,-0.5505,none,,,False,,57,0,0.3659,-0.4817,
58,26,True,1.148924,1.6406,none,,,False,,58,0,0.2824,2.6923,
58,39,True,1.217083,1.9084,none,,,False,,58,0,0.2582,2.2803,
58,60,True,0.903114,0.6745,none,,,False,,58,0,0.2594,2.0446,
58,95,True,0.927169,0.769,cusum,,,True,positive,58,0,0.2566,2.0373,
58,55,True,0.751242,0.0776,none,,,False,,58,0,0.2566,1.8074,
58,25,True,1.024547,1.1517,none,,,False,,58,0,0.1546,0.946,
58,93,True,0.91284,0.7127,none,,,False,,58,0,0.2607,0.4662,
58,48,True,0.785255,0.2113,none,,,False,,58,0,0.2576,0.3835,
58,31,True,0.648382,-0.3266,none,,,False,,58,0,0.056,0.3721,
58,4,True,0.779348,0.1881,none,,,False,,58,0,0.1099,0.2788,
58,57,True,0.704899,-0.1045,none,,,False,,58,0,0.0722,0.2343,
58,9,True,0.745298,0.0542,none,,,False,,58,0,0.2607,0.186,
58,98,True,0.731494,0.0,none,,,False,,58,0,0.0594,0.1513,
58,70,True,0.806902,0.2964,none,,,False,,58,0,0.0582,0.0792,
58,36,True,0.625549,-0.4164,none,,,False,,58,0,0.0571,-0.3008,
58,21,True,0.74192,0.041,none,,,False,,58,0,0.0566,-0.3371,
58,12,True,0.516235,-0.846,none,,,False,,58,0,0.3195,-0.3834,
58,44,True,0.631756,-0.392,none,,,False,,58,0,0.1445,-0.3843,
58,11,True,0.555391,-0.6921,none,,,False,,58,0,0.3003,-0.4059,
58,32,True,0.575292,-0.6139,none,,,False,,58,0,0.2935,-0.4064,
58,7,True,0.404803,-1.2839,none,,,False,,58,0,0.3969,-1.3622,
58,63,True,0.192539,-2.1182,none,,,False,,58,0,0.3727,-1.1364,
58,85,True,0.472267,-1.0188,none,,,False,,58,0,0.3607,-1.4265,
58,3,True,0.238326,-1.9382,none,,,False,,58,0,0.3547,-1.7984,
58,14,True,0.367506,-1.4305,none,,,False,,58,0,0.3547,-1.9707,
59,26,True,1.119804,2.2573,cusum,,,True,positive,59,0,0.2806,2.7307,
59,25,True,1.063085,1.9859,cusum,,,True,positive,59,0,0.3437,2.5324,
59,39,True,0.86646,1.0452,none,,,False,,59,0,0.2575,2.5118,
59,60,True,1.294531,3.0,none,,,False,,59,0,0.2587,2.0173,
59,95,True,0.882257,1.1208,none,,,False,,59,0,0.2559,1.9648,
59,55,True,0.893921,1.1766,none,,,False,,59,0,0.2559,1.6057,
59,93,True,0.600344,-0.228,none,,,False,,59,0,0.2599,0.4652,
59,48,True,0.562687,-0.4082,none,,,False,,59,0,0.057,0.3353,
59,4,True,0.66505,0.0816,none,,,False,,59,0,0.1014,0.2444,
59,9,True,0.750613,0.4909,none,,,False,,59,0,0.2599,0.2031,
59,70,True,0.598781,-0.2355,none,,,False,,59,0,0.0575,0.1851,
59,98,True,0.897686,1.1946,none,,,False,,59,0,0.0587,0.1498,
59,57,True,0.641445,-0.0314,none,,,False,,59,0,0.0709,0.06,
59,31,True,0.697935,0.2389,none,,,False,,59,0,0.0554,0.0377,
59,32,True,0.528309,-0.5727,none,,,False,,59,0,0.1822,-0.1671,
59,21,True,0.686328,0.1834,none,,,False,,59,0,0.0559,-0.2252,
59,11,True,0.396279,-1.2043,none,,,False,,59,0,0.1556,-0.3289,
59,44,True,0.507024,-0.6745,none,,,False,,59,0,0.1113,-0.3942,
59,12,True,0.338707,-1.4798,none,,,False,,59,0,0.2149,-0.4063,
59,17,True,0.684614,0.1752,none,,,False,,59,0,0.3043,-0.4134,
59,7,True,0.376846,-1.2973,none,,,False,,59,0,0.3822,-1.4396,
59,56,True,0.18783,-2.2016,none,,,False,,59,0,0.3615,-1.9727,
59,33,True,0.295091,-1.6885,none,,,False,,59,0,0.3555,-1.6218,
59,89,True,0.623443,-0.1175,none,,,False,,59,0,0.3555,-1.1011,
59,45,True,0.648,0.0,none,,,False,,59,0,0.3543,-0.5936,
60,26,True,1.214031,2.0564,none,,,False,,60,0,0.2788,2.9602,
60,60,True,1.103094,1.6334,cusum,,,True,positive,60,0,0.258,2.9045,
60,25,True,1.025019,1.3358,none,,,False,,60,0,0.3335,2.6395,
60,39,True,1.283632,2.3218,none,,,False,,60,0,0.2569,2.1558,
60,95,True,1.02041,1.3182,none,,,False,,60,0,0.2553,2.1469,
60,55,True,0.837141,0.6194,none,,,False,,60,0,0.2553,1.9642,
60,98,True,0.807278,0.5056,none,,,False,,60,0,0.058,0.5279,
60,9,True,0.759211,0.3223,none,,,False,,60,0,0.2592,0.3337,
60,4,True,0.692503,0.0679,none,,,False,,60,0,0.0933,0.2149,
60,31,True,0.750681,0.2898,none,,,False,,60,0,0.0548,0.2068,
60,21,True,0.77326,0.3759,none,,,False,,60,0,0.0553,0.1546,
60,48,True,0.674683,0.0,none,,,False,,60,0,0.0564,0.1413,
60,93,True,0.698989,0.0927,none,,,False,,60,0,0.2592,0.0587,
60,57,True,0.595829,-0.3007,none,,,False,,60,0,0.0697,0.048,
60,70,True,0.614264,-0.2304,none,,,False,,60,0,0.0569,-0.0761,
60,17,True,0.32973,-1.3152,none,,,False,,60,0,0.1829,-0.2418,
60,32,True,0.644242,-0.1161,none,,,False,,60,0,0.1692,-0.3346,
60,81,True,0.504273,-0.6497,none,,,False,,60,0,0.2672,-0.4161,
60,86,True,0.487211,-0.7148,none,,,False,,60,0,0.3404,-0.4163,
60,42,True,0.497781,-0.6745,none,,,False,,60,0,0.3208,-0.4169,
60,12,True,0.399032,-1.051,cusum,,,True,negative,60,0,0.3981,-1.2576,
60,7,True,0.339667,-1.2773,cusum,,,True,negative,60,0,0.3692,-1.6032,
60,2,True,0.387532,-1.0948,none,,,False,,60,0,0.3569,-0.8482,
60,29,True,0.265872,-1.5587,none,,,False,,60,0,0.3564,-1.6678,
60,58,True,0.494384,-0.6874,none,,,False,,60,0,0.3564,-0.6254,
61,26,True,1.243019,2.4581,cusum,,,True,positive,61,0,0.2772,3.0868,
61,60,True,0.623744,-0.1921,none,,,False,,61,0,0.2573,2.843,
61,39,True,0.461877,-0.8848,cusum,,,True,positive,61,0,0.2563,2.8306,
61,25,True,1.15342,2.0747,cusum,,,True,positive,61,0,0.3241,2.6298,
61,95,True,0.912183,1.0423,none,,,False,,61,0,0.2547,2.1393,
61,55,True,0.741227,0.3107,none,,,False,,61,0,0.2547,0.6946,
61,98,True,0.811736,0.6124,none,,,False,,61,0,0.0573,0.6404,
61,9,True,0.706055,0.1602,none,,,False,,61,0,0.0585,0.3645,
61,21,True,0.614396,-0.2321,none,,,False,,61,0,0.0547,0.2701,
61,93,True,0.850911,0.7801,none,,,False,,61,0,0.2585,0.2678,
61,4,True,0.682663,0.06,none,,,False,,61,0,0.0906,0.2338,
61,31,True,0.826241,0.6745,none,,,False,,61,0,0.0543,0.1367,
61,70,True,0.738734,0.3,none,,,False,,61,0,0.0563,0.0157,
61,48,True,0.76602,0.4168,none,,,False,,61,0,0.0557,0.0058,
61,57,True,0.754803,0.3688,none,,,False,,61,0,0.0686,-0.0557,
61,32,True,0.668631,0.0,none,,,False,,61,0,0.1574,-0.2761,
61,42,True,0.474062,-0.8327,none,,,False,,61,0,0.1574,-0.3673,
61,58,True,0.259862,-1.7493,none,,,False,,61,0,0.1346,-0.4116,
61,16,True,0.65453,-0.0603,none,,,False,,61,0,0.0944,-0.4243,
61,10,True,0.461278,-0.8874,none,,,False,,61,0,0.3077,-0.4356,
61,12,True,0.621823,-0.2003,none,,,False,,61,0,0.3836,-1.4488,
61,97,True,0.332511,-1.4384,none,,,False,,61,0,0.3629,-1.9597,
61,24,True,0.311446,-1.5286,none,,,False,,61,0,0.3593,-0.79,
61,27,True,0.373488,-1.2631,none,,,False,,61,0,0.3593,-0.7671,
61,7,True,0.373884,-1.2614,none,,,False,,61,0,0.3574,-1.6281,
62,26,True,1.158239,3.0,none,,,False,,62,0,0.2756,3.3573,
62,25,True,1.015952,2.143,none,,,False,,62,0,0.3153,2.9324,
62,60,True,1.103989,2.7008,none,,,False,,62,0,0.2567,2.5534,
62,95,True,0.945596,1.6972,cusum,,,True,positive,62,0,0.2542,2.2298,
62,39,True,1.101642,2.686,none,,,False,,62,0,0.2556,1.8988,
62,98,True,0.815452,0.8726,none,,,False,,62,0,0.0567,0.8438,
62,55,True,0.782527,0.664,none,,,False,,62,0,0.2542,0.7716,
62,31,True,0.718607,0.259,none,,,False,,62,0,0.0537,0.4697,
62,9,True,0.594918,-0.5247,none,,,False,,62,0,0.0578,0.399,
62,93,True,0.697656,0.1262,none,,,False,,62,0,0.2578,0.2894,
62,4,True,0.661788,-0.101,none,,,False,,62,0,0.0881,0.1877,
62,21,True,0.700604,0.1449,none,,,False,,62,0,0.0542,0.1784,
62,57,True,0.677734,0.0,none,,,False,,62,0,0.0675,0.1006,
62,48,True,0.710867,0.2099,none,,,False,,62,0,0.0551,0.0736,
62,70,True,0.740662,0.3987,none,,,False,,62,0,0.0556,0.0161,
62,32,True,0.571284,-0.6745,none,,,False,,62,0,0.1467,-0.0788,
62,16,True,0.582989,-0.6003,none,,,False,,62,0,0.0756,-0.3786,
62,84,True,0.657288,-0.1296,none,,,False,,62,0,0.119,-0.4563,
62,17,True,0.532175,-0.9223,none,,,False,,62,0,0.1763,-0.4655,
62,67,True,0.634539,-0.2737,none,,,False,,62,0,0.2035,-0.4718,
62,24,True,0.367753,-1.9641,cusum,,,True,negative,62,0,0.3992,-1.7138,
62,12,True,0.444066,-1.4806,none,,,False,,62,0,0.3707,-1.2437,
62,63,True,0.282357,-2.5052,none,,,False,,62,0,0.3636,-1.4449,
62,56,True,0.180311,-3.0,none,,,False,,62,0,0.3579,-2.2519,
62,91,True,0.368436,-1.9598,none,,,False,,62,0,0.3574,-0.4968,
63,26,True,1.227921,2.0368,cusum,,,True,positive,63,0,0.2742,3.6029,
63,25,True,1.29976,2.3043,cusum,,,True,positive,63,0,0.307,2.9802,
63,60,True,0.845048,0.6113,cusum,,,True,positive,63,0,0.2561,2.4529,
63,39,True,1.143963,1.7242,none,,,False,,63,0,0.2551,2.445,
63,95,True,0.972323,1.0851,none,,,False,,63,0,0.2536,2.4212,
63,98,True,0.654856,-0.0969,none,,,False,,63,0,0.0561,0.7357,
63,55,True,0.895109,0.7977,none,,,False,,63,0,0.2536,0.6,
63,31,True,0.741358,0.2252,none,,,False,,63,0,0.0532,0.4758,
63,93,True,0.862028,0.6745,none,,,False,,63,0,0.0572,0.4067,
63,48,True,0.703195,0.0831,none,,,False,,63,0,0.0546,0.2789,
63,70,True,0.917381,0.8806,none,,,False,,63,0,0.0551,0.2268,
63,21,True,0.661198,-0.0732,none,,,False,,63,0,0.0536,0.1649,
63,4,True,0.591413,-0.3331,none,,,False,,63,0,0.0859,0.1237,
63,57,True,0.752497,0.2667,none,,,False,,63,0,0.0665,0.1097,
63,9,True,0.721205,0.1502,none,,,False,,63,0,0.0572,0.0596,
63,32,True,0.467822,-0.7932,none,,,False,,63,0,0.1368,-0.1192,
63,84,True,0.510364,-0.6348,none,,,False,,63,0,0.0904,-0.2799,
63,16,True,0.68087,0.0,none,,,False,,63,0,0.0742,-0.347,
63,67,True,0.643185,-0.1403,none,,,False,,63,0,0.1264,-0.4649,
63,0,True,0.580789,-0.3726,none,,,False,,63,0,0.2849,-0.4733,
63,91,True,0.394938,-1.0646,cusum,,,True,negative,63,0,0.3997,-1.579,
63,24,True,0.35959,-1.1962,none,,,False,,63,0,0.3849,-2.0107,
63,12,True,0.462651,-0.8125,none,,,False,,63,0,0.3591,-1.2525,
63,3,True,0.28727,-1.4655,none,,,False,,63,0,0.359,-1.9509,
63,14,True,0.421437,-0.9659,none,,,False,,63,0,0.359,-1.387,
64,26,True,1.122532,1.9625,none,,,False,,64,0,0.2728,3.5945,
64,25,True,1.042484,1.5981,none,,,False,,64,0,0.2992,3.299,
64,95,True,0.81105,0.5445,none,,,False,,64,0,0.2531,2.3429,
64,39,True,0.927249,1.0735,cusum,,,True,positive,64,0,0.2545,2.2451,
64,60,True,1.107631,1.8947,none,,,False,,64,0,0.2555,2.1114,
64,55,True,0.896975,0.9357,cusum,,,True,positive,64,0,0.2531,1.6588,
64,93,True,0.635632,-0.254,none,,,False,,64,0,0.0565,0.5999,
64,70,True,0.686354,-0.0231,none,,,False,,64,0,0.0545,0.5965,
64,98,True,0.839598,0.6745,none,,,False,,64,0,0.0555,0.5342,
64,31,True,0.758781,0.3066,none,,,False,,64,0,0.0527,0.4536,
64,48,True,0.747513,0.2553,none,,,False,,64,0,0.054,0.3059,
64,57,True,0.597207,-0.429,none,,,False,,64,0,0.0655,0.2976,
64,21,True,0.748296,0.2588,none,,,False,,64,0,0.0531,0.0146,
64,9,True,0.749194,0.2629,none,,,False,,64,0,0.0565,0.0015,
64,4,True,0.691436,0.0,none,,,False,,64,0,0.0837,-0.0129,
64,16,True,0.495184,-0.8934,none,,,False,,64,0,0.0728,-0.124,
64,67,True,0.676044,-0.0701,none,,,False,,64,0,0.1178,-0.1821,
64,32,True,0.558149,-0.6068,none,,,False,,64,0,0.1275,-0.3506,
64,84,True,0.53213,-0.7252,none,,,False,,64,0,0.088,-0.3933,
64,64,True,0.715171,0.108,none,,,False,,64,0,0.2424,-0.4762,
64,91,True,0.34515,-1.5764,none,,,False,,64,0,0.3855,-1.5562,
64,24,True,0.223395,-2.1307,cusum,,,True,negative,64,0,0.3721,-1.8963,
64,33,True,0.281595,-1.8658,none,,,False,,64,0,0.3596,-1.3458,
64,7,True,0.360929,-1.5046,none,,,False,,64,0,0.3594,-1.6279,
64,29,True,0.217858,-2.1559,none,,,False,,64,0,0.3542,-1.2818,
65,26,True,1.222959,1.715,cusum,,,True,positive,65,0,0.2715,3.4276,
65,25,True,1.114365,1.3461,cusum,,,True,positive,65,0,0.2918,3.1364,
65,39,True,1.116365,1.3529,none,,,False,,65,0,0.2539,2.8972,
65,60,True,0.951713,0.7934,none,,,False,,65,0,0.2549,2.8063,
65,95,True,0.998452,0.9522,none,,,False,,65,0,0.2526,2.1764,
65,55,True,0.969223,0.8529,none,,,False,,65,0,0.2526,1.8665,
65,98,True,0.642211,-0.2582,none,,,False,,65,0,0.0549,0.5541,
65,70,True,0.916712,0.6745,none,,,False,,65,0,0.0539,0.4881,
65,31,True,0.743856,0.0872,none,,,False,,65,0,0.0522,0.3304,
65,93,True,0.868712,0.5114,none,,,False,,65,0,0.0559,0.2544,
65,48,True,0.7182,0.0,none,,,False,,65,0,0.0535,0.2515,
65,21,True,0.697289,-0.071,none,,,False,,65,0,0.0526,0.1776,
65,9,True,0.793215,0.2549,none,,,False,,65,0,0.0559,0.035,
65,57,True,0.762029,0.1489,none,,,False,,65,0,0.0645,0.0304,
65,67,True,0.585226,-0.4518,none,,,False,,65,0,0.1096,-0.0323,
65,4,True,0.665884,-0.1778,none,,,False,,65,0,0.0818,-0.0356,
65,84,True,0.459383,-0.8794,none,,,False,,65,0,0.0857,-0.3818,
65,16,True,0.573106,-0.493,none,,,False,,65,0,0.0715,-0.4034,
65,65,True,0.795667,0.2632,none,,,False,,65,0,0.2409,-0.4807,
65,45,True,0.463916,-0.864,none,,,False,,65,0,0.1997,-0.4807,
65,91,True,0.444127,-0.9312,none,,,False,,65,0,0.3728,-1.8669,
65,24,True,0.301903,-1.4145,none,,,False,,65,0,0.3607,-2.1056,
65,97,True,0.370185,-1.1825,none,,,False,,65,0,0.3549,-1.392,
65,12,True,0.53596,-0.6192,none,,,False,,65,0,0.3548,-0.6804,
65,6,True,0.392614,-1.1063,none,,,False,,65,0,0.3521,-1.1787,
66,26,True,1.037646,1.382,none,,,False,,66,0,0.2703,2.9976,
66,25,True,1.168043,1.9154,none,,,False,,66,0,0.2878,2.8673,
66,39,True,1.18874,2.0001,none,,,False,,66,0,0.2534,2.4522,
66,60,True,1.051576,1.4389,none,,,False,,66,0,0.2543,2.1698,
66,55,True,0.830822,0.5358,none,,,False,,66,0,0.2521,1.9289,
66,95,True,0.836227,0.5579,cusum,,,True,positive,66,0,0.2521,1.9274,
66,70,True,0.670738,-0.1191,none,,,False,,66,0,0.0534,0.5793,
66,93,True,0.743409,0.1782,none,,,False,,66,0,0.0553,0.382,
66,9,True,0.762035,0.2544,none,,,False,,66,0,0.0553,0.2941,
66,31,True,0.742571,0.1748,none,,,False,,66,0,0.0517,0.2725,
66,48,True,0.710144,0.0421,none,,,False,,66,0,0.0529,0.1808,
66,98,True,0.807769,0.4415,none,,,False,,66,0,0.0543,0.1765,
66,21,True,0.534983,-0.6745,none,,,False,,66,0,0.0521,0.105,
66,57,True,0.69985,0.0,none,,,False,,66,0,0.0636,0.0789,
66,4,True,0.756137,0.2303,none,,,False,,66,0,0.0799,-0.0637,
66,67,True,0.618161,-0.3342,none,,,False,,66,0,0.1019,-0.0957,
66,45,True,0.413972,-1.1696,none,,,False,,66,0,0.1614,-0.1709,
66,65,True,0.500582,-0.8152,none,,,False,,66,0,0.1397,-0.2982,
66,16,True,0.640069,-0.2446,none,,,False,,66,0,0.0703,-0.3693,
66,30,True,0.511581,-0.7702,none,,,False,,66,0,0.3326,-0.4821,
66,91,True,0.338988,-1.4763,cusum,,,True,negative,66,0,0.3614,-1.5326,
66,13,True,0.403097,-1.2141,none,,,False,,66,0,0.3558,-1.2084,
66,56,True,0.243102,-1.8686,none,,,False,,66,0,0.3556,-2.1787,
66,63,True,0.34625,-1.4466,none,,,False,,66,0,0.3556,-2.2002,
66,5,True,0.51706,-0.7478,none,,,False,,66,0,0.355,-0.6256,
67,26,True,1.250741,2.37,none,,,False,,67,0,0.2691,2.7778,
67,25,True,1.267739,2.4416,cusum,,,True,positive,67,0,0.2855,2.7346,
67,39,True,1.205794,2.1808,cusum,,,True,positive,67,0,0.2529,2.5435,
67,60,True,0.848035,0.6745,cusum,,,True,positive,67,0,0.2538,2.445,
67,55,True,0.881651,0.816,none,,,False,,67,0,0.2516,1.841,
67,95,True,0.886407,0.836,none,,,False,,67,0,0.2516,1.7511,
67,98,True,0.699411,0.0487,none,,,False,,67,0,0.0538,0.3553,
67,9,True,0.823755,0.5723,none,,,False,,67,0,0.0547,0.3281,
67,31,True,0.705728,0.0753,none,,,False,,67,0,0.0512,0.2552,
67,70,True,0.734487,0.1964,none,,,False,,67,0,0.0529,0.2455,
67,93,True,0.785544,0.4114,none,,,False,,67,0,0.0547,0.2159,
67,48,True,0.641497,-0.1951,none,,,False,,67,0,0.0524,0.1666,
67,4,True,0.790243,0.4312,none,,,False,,67,0,0.0782,0.1218,
67,57,True,0.652604,-0.1483,none,,,False,,67,0,0.0628,-0.0111,
67,21,True,0.488942,-0.8374,none,,,False,,67,0,0.0516,-0.096,
67,67,True,0.596227,-0.3857,none,,,False,,67,0,0.0946,-0.1641,
67,65,True,0.56261,-0.5272,none,,,False,,67,0,0.1307,-0.2634,
67,16,True,0.687834,0.0,none,,,False,,67,0,0.0691,-0.4524,
67,72,True,0.687444,-0.0016,none,,,False,,67,0,0.1614,-0.4843,
67,1,True,0.468266,-0.9244,none,,,False,,67,0,0.3465,-0.4868,
67,13,True,0.232431,-1.9174,cusum,,,True,negative,67,0,0.4017,-1.4859,
67,88,True,0.452383,-0.9913,none,,,False,,67,0,0.357,-0.6995,
67,58,True,0.444319,-1.0253,none,,,False,,67,0,0.3568,-0.8571,
67,24,True,0.372322,-1.3284,none,,,False,,67,0,0.3563,-1.9297,
67,41,True,0.463786,-0.9433,none,,,False,,67,0,0.3541,-0.6484,
68,25,True,1.092555,2.11,none,,,False,,68,0,0.2834,3.0128,
68,26,True,1.270111,3.0,cusum,,,True,positive,68,0,0.268,2.9121,
68,39,True,1.218856,2.7821,none,,,False,,68,0,0.2523,2.912,
68,60,True,0.62062,-0.4014,none,,,False,,68,0,0.2532,2.0376,
68,95,True,0.928338,1.2361,none,,,False,,68,0,0.2511,1.8477,
68,55,True,0.790639,0.5033,none,,,False,,68,0,0.2511,1.8006,
68,93,True,0.968171,1.4481,none,,,False,,68,0,0.0542,0.437,
68,9,True,0.696056,0.0,none,,,False,,68,0,0.0542,0.4305,
68,70,True,0.778741,0.44,none,,,False,,68,0,0.0523,0.318,
68,4,True,0.759713,0.3388,none,,,False,,68,0,0.0766,0.2633,
68,31,True,0.648038,-0.2555,none,,,False,,68,0,0.0507,0.1775,
68,98,True,0.797965,0.5423,none,,,False,,68,0,0.0532,0.146,
68,57,True,0.552879,-0.7619,none,,,False,,68,0,0.0619,0.0813,
68,48,True,0.806773,0.5892,none,,,False,,68,0,0.0519,0.0158,
68,16,True,0.588598,-0.5718,none,,,False,,68,0,0.068,-0.1561,
68,65,True,0.669732,-0.1401,none,,,False,,68,0,0.1222,-0.2261,
68,67,True,0.565886,-0.6927,none,,,False,,68,0,0.0876,-0.2727,
68,72,True,0.515111,-0.9629,none,,,False,,68,0,0.0713,-0.2824,
68,21,True,0.766071,0.3726,none,,,False,,68,0,0.0511,-0.462,
68,44,True,0.785385,0.4754,none,,,False,,68,0,0.1543,-0.4885,
68,13,True,0.314417,-2.0309,none,,,False,,68,0,0.3877,-1.7164,
68,45,True,0.569308,-0.6745,none,,,False,,68,0,0.357,-1.0271,
68,91,True,0.462388,-1.2435,none,,,False,,68,0,0.357,-1.6772,
68,7,True,0.352991,-1.8256,none,,,False,,68,0,0.3569,-1.7034,
68,3,True,0.242336,-2.4145,none,,,False,,68,0,0.3522,-1.4305,
69,39,True,1.041219,1.2646,cusum,,,True,positive,69,0,0.2518,3.3878,
69,26,True,1.232637,1.9119,none,,,False,,69,0,0.2669,3.339,
69,25,True,1.102154,1.4707,cusum,,,True,positive,69,0,0.2814,3.2648,
69,95,True,0.916114,0.8416,none,,,False,,69,0,0.2506,1.9418,
69,60,True,1.048695,1.2899,none,,,False,,69,0,0.2527,1.6387,
69,93,True,0.664438,-0.0095,none,,,False,,69,0,0.0536,0.7486,
69,55,True,0.935718,0.9079,none,,,False,,69,0,0.2506,0.6835,
69,4,True,0.692397,0.085,none,,,False,,69,0,0.0751,0.4334,
69,98,True,0.86671,0.6745,none,,,False,,69,0,0.0527,0.4122,
69,9,True,0.708059,0.138,none,,,False,,69,0,0.0536,0.3449,
69,70,True,0.667253,0.0,none,,,False,,69,0,0.0518,0.2393,
69,48,True,0.740237,0.2468,none,,,False,,69,0,0.0514,0.2116,
69,31,True,0.730874,0.2151,none,,,False,,69,0,0.0503,0.0627,
69,44,True,0.605659,-0.2083,none,,,False,,69,0,0.1056,-0.072,
69,16,True,0.505993,-0.5453,none,,,False,,69,0,0.0669,-0.1837,
69,57,True,0.555563,-0.3777,none,,,False,,69,0,0.0611,-0.2233,
69,21,True,0.632363,-0.118,none,,,False,,69,0,0.0506,-0.3147,
69,67,True,0.498414,-0.571,none,,,False,,69,0,0.0854,-0.3562,
69,65,True,0.283791,-1.2967,none,,,False,,69,0,0.1143,-0.3651,
69,64,True,0.673296,0.0204,none,,,False,,69,0,0.1435,-0.5006,
69,13,True,0.426427,-0.8144,cusum,,,True,negative,69,0,0.3754,-2.0541,
69,12,True,0.464877,-0.6844,none,,,False,,69,0,0.3576,-1.3264,
69,29,True,0.260225,-1.3764,none,,,False,,69,0,0.3529,-2.2481,
69,33,True,0.346641,-1.0842,none,,,False,,69,0,0.3529,-1.9521,
69,79,True,0.177303,-1.6568,none,,,False,,69,0,0.3497,-0.9234,
70,26,True,1.313048,2.4793,cusum,,,True,positive,70,0,0.2659,3.5143,
70,39,True,1.188955,1.9761,none,,,False,,70,0,0.2514,3.142,
70,25,True,1.189937,1.98,none,,,False,,70,0,0.2796,3.114,
70,95,True,0.9937,1.1843,none,,,False,,70,0,0.2502,2.0358,
70,55,True,0.867989,0.6745,cusum,,,True,positive,70,0,0.2502,1.807,
70,60,True,1.013427,1.2643,none,,,False,,70,0,0.2522,1.5884,
70,93,True,0.837356,0.5503,none,,,False,,70,0,0.0531,0.6853,
70,98,True,0.730602,0.1174,none,,,False,,70,0,0.0522,0.4893,
70,4,True,0.784507,0.336,none,,,False,,70,0,0.0736,0.383,
70,9,True,0.761849,0.2441,none,,,False,,70,0,0.0531,0.3054,
70,48,True,0.70281,0.0047,none,,,False,,70,0,0.051,0.2793,
70,70,True,0.863703,0.6571,none,,,False,,70,0,0.0514,0.2784,
70,31,True,0.649208,-0.2127,none,,,False,,70,0,0.0498,0.0757,
70,44,True,0.584051,-0.4769,none,,,False,,70,0,0.0985,-0.0145,
70,21,True,0.70166,0.0,none,,,False,,70,0,0.0502,-0.1297,
70,64,True,0.652883,-0.1978,none,,,False,,70,0,0.1154,-0.1819,
70,16,True,0.671456,-0.1225,none,,,False,,70,0,0.0659,-0.2853,
70,57,True,0.683933,-0.0719,none,,,False,,70,0,0.0603,-0.3503,
70,67,True,0.5313,-0.6908,none,,,False,,70,0,0.0833,-0.438,
70,78,True,0.525418,-0.7147,none,,,False,,70,0,0.2093,-0.5024,
70,79,True,0.351703,-1.4191,cusum,,,True,negative,70,0,0.3887,-1.7214,
70,13,True,0.333775,-1.4918,none,,,False,,70,0,0.3643,-1.9294,
70,24,True,0.30315,-1.616,none,,,False,,70,0,0.3532,-1.9802,
70,37,True,0.441067,-1.0567,none,,,False,,70,0,0.3487,-0.7921,
70,56,True,0.192708,-2.0639,none,,,False,,70,0,0.3485,-2.7181,
71,26,True,1.237666,2.5173,none,,,False,,71,0,0.265,3.5495,
71,39,True,0.991371,1.5109,cusum,,,True,positive,71,0,0.2509,3.0732,
71,25,True,1.227608,2.4762,cusum,,,True,positive,71,0,0.2779,2.9578,
71,95,True,0.887549,1.0867,cusum,,,True,positive,71,0,0.2497,2.1513,
71,60,True,1.010535,1.5892,none,,,False,,71,0,0.2517,1.7844,
71,55,True,0.981477,1.4705,none,,,False,,71,0,0.2497,1.7592,
71,93,True,0.808061,0.7619,none,,,False,,71,0,0.0526,0.731,
71,98,True,0.780235,0.6482,none,,,False,,71,0,0.0517,0.5115,
71,70,True,0.7901,0.6885,none,,,False,,71,0,0.0509,0.4314,
71,4,True,0.6216,0.0,none,,,False,,71,0,0.0723,0.3495,
71,48,True,0.718745,0.3969,none,,,False,,71,0,0.0505,0.3453,
71,9,True,0.520904,-0.4114,none,,,False,,71,0,0.0526,0.1954,
71,21,True,0.631553,0.0407,none,,,False,,71,0,0.0497,0.1489,
71,64,True,0.566768,-0.224,none,,,False,,71,0,0.1079,0.1019,
71,44,True,0.464638,-0.6414,none,,,False,,71,0,0.0917,0.0479,
71,31,True,0.607006,-0.0596,none,,,False,,71,0,0.0494,-0.0209,
71,78,True,0.507551,-0.466,none,,,False,,71,0,0.1164,-0.2986,
71,57,True,0.800594,0.7314,none,,,False,,71,0,0.0596,-0.3257,
71,16,True,0.509023,-0.46,none,,,False,,71,0,0.065,-0.3275,
71,73,True,0.614423,-0.0293,none,,,False,,71,0,0.3491,-0.5085,
71,37,True,0.463623,-0.6455,cusum,,,True,negative,71,0,0.3765,-1.4488,
71,79,True,0.380229,-0.9863,none,,,False,,71,0,0.3765,-1.6335,
71,13,True,0.3561,-1.0849,none,,,False,,71,0,0.3541,-1.795,
71,63,True,0.370973,-1.0241,none,,,False,,71,0,0.3541,-1.8847,
71,45,True,0.456529,-0.6745,none,,,False,,71,0,0.3539,-1.2583,
72,26,True,1.160239,1.7131,cusum,,,True,positive,72,0,0.264,3.3873,
72,25,True,1.371539,2.4554,none,,,False,,72,0,0.2763,3.0777,
72,39,True,1.04253,1.2996,none,,,False,,72,0,0.2504,2.649,
72,60,True,1.097249,1.4918,cusum,,,True,positive,72,0,0.2512,2.4474,
72,95,True,0.687651,0.0528,none,,,False,,72,0,0.2493,2.101,
72,55,True,0.782219,0.3851,none,,,False,,72,0,0.2493,2.0811,
72,98,True,0.748997,0.2684,none,,,False,,72,0,0.0512,0.5462,
72,70,True,0.696619,0.0843,none,,,False,,72,0,0.0504,0.5136,
72,93,True,0.928105,0.8976,none,,,False,,72,0,0.0521,0.5016,
72,48,True,0.776883,0.3663,none,,,False,,72,0,0.05,0.2807,
72,4,True,0.672609,0.0,none,,,False,,72,0,0.071,0.2348,
72,57,True,0.745277,0.2553,none,,,False,,72,0,0.0589,0.1711,
72,9,True,0.607671,-0.2281,none,,,False,,72,0,0.0521,0.0576,
72,31,True,0.416032,-0.9014,none,,,False,,72,0,0.049,0.0439,
72,21,True,0.724043,0.1807,none,,,False,,72,0,0.0493,0.0377,
72,64,True,0.368659,-1.0678,none,,,False,,72,0,0.1009,-0.0125,
72,16,True,0.369093,-1.0663,none,,,False,,72,0,0.064,-0.2914,
72,73,True,0.480616,-0.6745,none,,,False,,72,0,0.1655,-0.3216,
72,44,True,0.630776,-0.147,none,,,False,,72,0,0.0852,-0.3275,
72,78,True,0.51658,-0.5481,none,,,False,,72,0,0.109,-0.4581,
72,37,True,0.546717,-0.4423,none,,,False,,72,0,0.3655,-1.44,
72,79,True,0.188327,-1.7013,none,,,False,,72,0,0.3655,-1.696,
72,91,True,0.371814,-1.0567,none,,,False,,72,0,0.3594,-1.0727,
72,7,True,0.423609,-0.8748,none,,,False,,72,0,0.3499,-1.3919,
72,34,True,0.334193,-1.1889,none,,,False,,72,0,0.3472,-0.8547,
73,25,True,1.077082,2.0673,cusum,,,True,positive,73,0,0.2748,3.4039,
73,26,True,1.111974,2.222,none,,,False,,73,0,0.2631,3.3199,
73,39,True,1.129102,2.2979,none,,,False,,73,0,0.25,2.6601,
73,60,True,1.090121,2.1251,none,,,False,,73,0,0.2508,2.5141,
73,55,True,0.884812,1.2148,none,,,False,,73,0,0.2489,1.9063,
73,95,True,0.898026,1.2734,none,,,False,,73,0,0.2489,1.8376,
73,93,True,0.685599,0.3315,cusum,,,True,positive,73,0,0.2516,1.8034,
73,70,True,0.556274,-0.2419,none,,,False,,73,0,0.05,0.5412,
73,98,True,0.76349,0.6768,none,,,False,,73,0,0.0508,0.4103,
73,57,True,0.768705,0.7,none,,,False,,73,0,0.0582,0.3812,
73,48,True,0.610838,0.0,none,,,False,,73,0,0.0496,0.32,
73,4,True,0.667884,0.2529,none,,,False,,73,0,0.0698,0.2048,
73,21,True,0.567978,-0.19,none,,,False,,73,0,0.0489,0.1368,
73,9,True,0.582148,-0.1272,none,,,False,,73,0,0.0516,-0.065,
73,44,True,0.446267,-0.7297,none,,,False,,73,0,0.0831,-0.3099,
73,31,True,0.681497,0.3133,none,,,False,,73,0,0.0485,-0.3287,
73,73,True,0.592981,-0.0792,none,,,False,,73,0,0.1555,-0.329,
73,64,True,0.4965,-0.507,none,,,False,,73,0,0.0941,-0.3787,
73,78,True,0.626976,0.0716,none,,,False,,73,0,0.102,-0.455,
73,16,True,0.466909,-0.6382,none,,,False,,73,0,0.0631,-0.4663,
73,34,True,0.306829,-1.3479,cusum,,,True,negative,73,0,0.3662,-1.5051,
73,37,True,0.371241,-1.0623,none,,,False,,73,0,0.3555,-1.0641,
73,79,True,0.435638,-0.7768,cusum,,,True,negative,73,0,0.3555,-1.7182,
73,12,True,0.562195,-0.2157,none,,,False,,73,0,0.3505,-0.5667,
73,13,True,0.458717,-0.6745,none,,,False,,73,0,0.3504,-1.486,
74,25,True,1.320659,1.9574,none,,,False,,74,0,0.2734,3.431,
74,26,True,1.159703,1.5013,cusum,,,True,positive,74,0,0.2623,3.233,
74,60,True,0.991767,1.0254,cusum,,,True,positive,74,0,0.2503,2.8005,
74,39,True,1.14873,1.4702,cusum,,,True,positive,74,0,0.2495,2.7668,
74,55,True,0.834817,0.5806,cusum,,,True,positive,74,0,0.2485,2.0859,
74,95,True,0.802014,0.4876,none,,,False,,74,0,0.2485,1.8668,
74,93,True,0.889344,0.7351,none,,,False,,74,0,0.2511,1.7299,
74,98,True,0.867949,0.6745,cusum,,,True,positive,74,0,0.2503,1.5962,
74,57,True,0.681319,0.1456,none,,,False,,74,0,0.0575,0.6376,
74,48,True,0.769892,0.3966,none,,,False,,74,0,0.0492,0.3179,
74,70,True,0.871932,0.6858,none,,,False,,74,0,0.0495,0.241,
74,4,True,0.719969,0.2551,none,,,False,,74,0,0.0686,0.1756,
74,21,True,0.529876,-0.2835,none,,,False,,74,0,0.0485,0.0729,
74,73,True,0.37032,-0.7357,none,,,False,,74,0,0.1463,-0.1167,
74,31,True,0.452216,-0.5036,none,,,False,,74,0,0.0481,-0.1539,
74,9,True,0.629934,0.0,none,,,False,,74,0,0.0511,-0.1894,
74,78,True,0.408631,-0.6271,none,,,False,,74,0,0.0953,-0.1964,
74,12,True,0.604219,-0.0729,none,,,False,,74,0,0.328,-0.3728,
74,44,True,0.610485,-0.0551,none,,,False,,74,0,0.0811,-0.3969,
74,64,True,0.628379,-0.0044,none,,,False,,74,0,0.0877,-0.4849,
74,34,True,0.255806,-1.0602,none,,,False,,74,0,0.3562,-1.533,
74,3,True,0.214292,-1.1779,none,,,False,,74,0,0.3516,-1.8058,
74,24,True,0.26275,-1.0405,none,,,False,,74,0,0.3511,-1.3143,
74,29,True,0.282626,-0.9842,none,,,False,,74,0,0.3469,-1.5634,
74,33,True,0.387664,-0.6866,none,,,False,,74,0,0.3469,-1.4125,
75,25,True,1.091313,1.7532,cusum,,,True,positive,75,0,0.272,3.2563,
75,26,True,1.1582,2.0213,none,,,False,,75,0,0.2614,2.8932,
75,39,True,1.227184,2.2977,none,,,False,,75,0,0.2491,2.7527,
75,60,True,1.113261,1.8412,none,,,False,,75,0,0.2499,2.612,
75,55,True,0.971091,1.2714,none,,,False,,75,0,0.2481,1.7888,
75,93,True,0.653847,0.0,none,,,False,,75,0,0.2506,1.7204,
75,95,True,0.917857,1.0581,none,,,False,,75,0,0.2481,1.6666,
75,98,True,0.822148,0.6745,none,,,False,,75,0,0.2499,1.6044,
75,57,True,0.862635,0.8367,none,,,False,,75,0,0.0568,0.4415,
75,48,True,0.790936,0.5494,none,,,False,,75,0,0.0488,0.3173,
75,4,True,0.662141,0.0332,none,,,False,,75,0,0.0675,0.2592,
75,70,True,0.528545,-0.5022,none,,,False,,75,0,0.0491,0.2396,
75,21,True,0.645638,-0.0329,none,,,False,,75,0,0.0481,-0.0356,
75,9,True,0.662787,0.0358,none,,,False,,75,0,0.0506,-0.0528,
75,12,True,0.447021,-0.8289,none,,,False,,75,0,0.3204,-0.1952,
75,44,True,0.540784,-0.4531,none,,,False,,75,0,0.0793,-0.204,
75,78,True,0.562062,-0.3678,none,,,False,,75,0,0.089,-0.2532,
75,31,True,0.678713,0.0997,none,,,False,,75,0,0.0477,-0.3024,
75,73,True,0.605445,-0.194,none,,,False,,75,0,0.1377,-0.3578,
75,64,True,0.565132,-0.3555,none,,,False,,75,0,0.0829,-0.4146,
75,45,True,0.472623,-0.7263,none,,,False,,75,0,0.3517,-0.7008,
75,37,True,0.378005,-1.1055,none,,,False,,75,0,0.3517,-1.0724,
75,79,True,0.506509,-0.5905,none,,,False,,75,0,0.3517,-1.5105,
75,56,True,0.207056,-1.7906,none,,,False,,75,0,0.3475,-2.1772,
75,91,True,0.306506,-1.392,none,,,False,,75,0,0.3471,-1.6202,
76,39,True,1.209991,2.8592,cusum,,,True,positive,76,0,0.2487,3.0849,
76,25,True,1.377922,3.0,none,,,False,,76,0,0.2707,3.0204,
76,26,True,1.264495,3.0,cusum,,,True,positive,76,0,0.2607,2.9949,
76,60,True,0.965056,1.7405,none,,,False,,76,0,0.2494,2.7279,
76,55,True,0.78494,0.9179,none,,,False,,76,0,0.2477,2.0838,
76,98,True,0.742127,0.7223,none,,,False,,76,0,0.2494,1.7393,
76,93,True,0.907569,1.4779,none,,,False,,76,0,0.2502,1.4206,
76,95,True,0.952844,1.6847,none,,,False,,76,0,0.2477,1.0012,
76,57,True,0.683885,0.4563,none,,,False,,76,0,0.0562,0.6345,
76,48,True,0.563227,-0.0948,none,,,False,,76,0,0.0484,0.3778,
76,4,True,0.630466,0.2123,none,,,False,,76,0,0.0665,0.2688,
76,70,True,0.873853,1.324,none,,,False,,76,0,0.0487,0.0436,
76,9,True,0.575377,-0.0393,none,,,False,,76,0,0.0502,0.0346,
76,31,True,0.520485,-0.29,none,,,False,,76,0,0.0474,0.0309,
76,21,True,0.390086,-0.8856,none,,,False,,76,0,0.0477,-0.1073,
76,64,True,0.540621,-0.198,none,,,False,,76,0,0.081,-0.1799,
76,78,True,0.583976,0.0,none,,,False,,76,0,0.0829,-0.196,
76,73,True,0.497006,-0.3972,none,,,False,,76,0,0.1297,-0.2027,
76,12,True,0.581519,-0.0112,none,,,False,,76,0,0.1132,-0.2475,
76,44,True,0.631285,0.2161,none,,,False,,76,0,0.0776,-0.3084,
76,34,True,0.261028,-1.475,none,,,False,,76,0,0.3524,-1.5547,
76,49,True,0.464228,-0.5469,none,,,False,,76,0,0.3496,-0.6008,
76,38,True,0.415094,-0.7713,none,,,False,,76,0,0.3481,-0.9378,
76,71,True,0.50306,-0.3696,none,,,False,,76,0,0.3481,-0.964,
76,13,True,0.436299,-0.6745,none,,,False,,76,0,0.3477,-1.4451,
77,25,True,1.185662,2.7047,cusum,,,True,positive,77,0,0.2695,3.3297,
77,39,True,1.150692,2.5179,none,,,False,,77,0,0.2483,3.2715,
77,26,True,1.255615,3.0,none,,,False,,77,0,0.2599,3.2532,
77,60,True,1.070567,2.0898,cusum,,,True,positive,77,0,0.249,2.5992,
77,95,True,1.014628,1.7909,cusum,,,True,positive,77,0,0.2473,2.1379,
77,55,True,0.987621,1.6466,none,,,False,,77,0,0.2473,1.9844,
77,93,True,0.749516,0.3745,none,,,False,,77,0,0.2497,1.8022,
77,98,True,0.679422,0.0,none,,,False,,77,0,0.249,1.7539,
77,70,True,0.836923,0.8415,none,,,False,,77,0,0.0483,0.565,
77,57,True,0.733656,0.2898,none,,,False,,77,0,0.0556,0.5525,
77,48,True,0.681178,0.0094,none,,,False,,77,0,0.048,0.3458,
77,4,True,0.624503,-0.2934,none,,,False,,77,0,0.0655,0.2539,
77,9,True,0.553178,-0.6745,none,,,False,,77,0,0.0497,0.0634,
77,44,True,0.593064,-0.4614,none,,,False,,77,0,0.076,0.0047,
77,64,True,0.592252,-0.4657,none,,,False,,77,0,0.0792,-0.0794,
77,31,True,0.712494,0.1767,none,,,False,,77,0,0.047,-0.1707,
77,12,True,0.575913,-0.553,none,,,False,,77,0,0.1063,-0.1831,
77,78,True,0.626944,-0.2804,none,,,False,,77,0,0.0809,-0.2226,
77,73,True,0.640614,-0.2073,none,,,False,,77,0,0.1222,-0.3132,
77,21,True,0.704837,0.1358,none,,,False,,77,0,0.0473,-0.3396,
77,38,True,0.458664,-1.1795,cusum,,,True,negative,77,0,0.3919,-1.5964,
77,99,True,0.278015,-2.1446,none,,,False,,77,0,0.3503,-1.5809,
77,8,True,0.414219,-1.4169,none,,,False,,77,0,0.3457,-1.4144,
77,37,True,0.517652,-0.8643,none,,,False,,77,0,0.3438,-0.7314,
77,79,True,0.406893,-1.4561,none,,,False,,77,0,0.3438,-1.3842,
78,26,True,1.175265,2.072,cusum,,,True,positive,78,0,0.2591,3.7518,
78,39,True,1.298858,2.5308,cusum,,,True,positive,78,0,0.2479,3.6203,
78,25,True,1.359303,2.7551,none,,,False,,78,0,0.2684,3.5773,
78,60,True,1.16874,2.0478,none,,,False,,78,0,0.2486,2.9535,
78,95,True,0.965234,1.2925,none,,,False,,78,0,0.2469,2.5719,
78,55,True,0.798721,0.6745,cusum,,,True,positive,78,0,0.2469,2.3393,
78,98,True,0.773631,0.5814,none,,,False,,78,0,0.2486,1.5286,
78,93,True,0.792752,0.6523,none,,,False,,78,0,0.2493,0.6815,
78,70,True,0.70255,0.3175,none,,,False,,78,0,0.0479,0.6164,
78,57,True,0.781453,0.6104,none,,,False,,78,0,0.055,0.5998,
78,48,True,0.746214,0.4796,none,,,False,,78,0,0.0476,0.2162,
78,4,True,0.566199,-0.1885,none,,,False,,78,0,0.0645,0.0698,
78,31,True,0.507221,-0.4074,none,,,False,,78,0,0.0466,0.0556,
78,78,True,0.642351,0.0941,none,,,False,,78,0,0.0791,-0.1095,
78,44,True,0.493556,-0.4581,none,,,False,,78,0,0.0745,-0.1328,
78,73,True,0.498171,-0.441,none,,,False,,78,0,0.1151,-0.1412,
78,9,True,0.616993,0.0,none,,,False,,78,0,0.0493,-0.162,
78,21,True,0.549907,-0.249,none,,,False,,78,0,0.0469,-0.2003,
78,64,True,0.384585,-0.8626,none,,,False,,78,0,0.0775,-0.2355,
78,12,True,0.252842,-1.3516,none,,,False,,78,0,0.0998,-0.3465,
78,38,True,0.314412,-1.123,none,,,False,,78,0,0.3801,-1.5732,
78,8,True,0.324221,-1.0866,cusum,,,True,negative,78,0,0.3587,-1.5276,
78,99,True,0.174123,-1.6437,cusum,,,True,negative,78,0,0.3587,-2.0466,
78,24,True,0.280619,-1.2485,none,,,False,,78,0,0.3448,-1.6947,
78,34,True,0.392385,-0.8336,none,,,False,,78,0,0.3445,-1.6557,
79,25,True,1.279966,2.98,cusum,,,True,positive,79,0,0.2673,3.9097,
79,26,True,1.371726,3.0,none,,,False,,79,0,0.2584,3.7678,
79,39,True,1.15765,2.4059,none,,,False,,79,0,0.2475,3.6975,
79,60,True,0.965285,1.5029,cusum,,,True,positive,79,0,0.2482,3.0219,
79,95,True,0.781778,0.6416,none,,,False,,79,0,0.2466,2.6496,
79,55,True,0.939087,1.38,none,,,False,,79,0,0.2466,2.1399,
79,93,True,0.739179,0.4416,none,,,False,,79,0,0.2489,0.8984,
79,70,True,0.644276,-0.0039,none,,,False,,79,0,0.0475,0.8892,
79,57,True,0.756905,0.5248,none,,,False,,79,0,0.0544,0.5236,
79,98,True,0.823462,0.8372,none,,,False,,79,0,0.2482,0.4971,
79,48,True,0.671767,0.1252,none,,,False,,79,0,0.0472,0.1925,
79,78,True,0.639627,-0.0257,none,,,False,,79,0,0.0774,0.0422,
79,4,True,0.567097,-0.3662,none,,,False,,79,0,0.0636,-0.0054,
79,31,True,0.679891,0.1633,none,,,False,,79,0,0.0463,-0.1138,
79,44,True,0.516741,-0.6025,none,,,False,,79,0,0.0731,-0.1364,
79,9,True,0.645101,0.0,none,,,False,,79,0,0.0489,-0.1744,
79,73,True,0.56986,-0.3532,none,,,False,,79,0,0.1083,-0.2273,
79,21,True,0.187337,-2.1487,none,,,False,,79,0,0.0466,-0.2727,
79,64,True,0.616804,-0.1328,none,,,False,,79,0,0.0759,-0.4067,
79,76,True,0.788794,0.6745,none,,,False,,79,0,0.2914,-0.5085,
79,38,True,0.355462,-1.3596,none,,,False,,79,0,0.3695,-1.3665,
79,8,True,0.287641,-1.6779,none,,,False,,79,0,0.3498,-1.668,
79,99,True,0.074822,-2.6769,none,,,False,,79,0,0.3498,-2.1837,
79,91,True,0.361823,-1.3297,none,,,False,,79,0,0.3454,-1.0971,
79,69,True,0.369398,-1.2941,none,,,False,,79,0,0.3447,-0.7586,
80,25,True,1.274204,2.1864,none,,,False,,80,0,0.2662,3.9017,
80,26,True,1.186296,1.8882,cusum,,,True,positive,80,0,0.2577,3.7669,
80,39,True,0.850087,0.7477,cusum,,,True,positive,80,0,0.2471,3.5459,
80,60,True,1.042433,1.4001,none,,,False,,80,0,0.2478,2.9422,
80,95,True,0.759586,0.4407,cusum,,,True,positive,80,0,0.2462,2.3014,
80,55,True,0.843795,0.7263,none,,,False,,80,0,0.2462,2.2935,
80,93,True,0.821196,0.6497,none,,,False,,80,0,0.2485,0.5525,
80,57,True,0.828713,0.6752,none,,,False,,80,0,0.0539,0.5457,
80,98,True,0.828513,0.6745,none,,,False,,80,0,0.2478,0.5349,
80,70,True,0.677891,0.1636,none,,,False,,80,0,0.0471,0.4461,
80,48,True,0.794536,0.5592,none,,,False,,80,0,0.0468,0.2654,
80,31,True,0.61931,-0.0352,none,,,False,,80,0,0.0459,0.0369,
80,78,True,0.554135,-0.2563,none,,,False,,80,0,0.0758,0.0314,
80,9,True,0.536688,-0.3154,none,,,False,,80,0,0.0485,-0.1618,
80,4,True,0.418094,-0.7177,none,,,False,,80,0,0.0627,-0.1994,
80,73,True,0.496587,-0.4515,none,,,False,,80,0,0.1019,-0.216,
80,76,True,0.629676,0.0,none,,,False,,80,0,0.1329,-0.2608,
80,64,True,0.637605,0.0269,none,,,False,,80,0,0.0744,-0.387,
80,44,True,0.44193,-0.6369,none,,,False,,80,0,0.0717,-0.4111,
80,0,True,0.353279,-0.9376,none,,,False,,80,0,0.251,-0.5089,
80,38,True,0.387282,-0.8222,cusum,,,True,negative,80,0,0.3599,-1.5699,
80,13,True,0.353285,-0.9376,none,,,False,,80,0,0.346,-0.6776,
80,18,True,0.427555,-0.6856,none,,,False,,80,0,0.3448,-0.5901,
80,56,True,0.225879,-1.3698,none,,,False,,80,0,0.3422,-2.2786,
80,37,True,0.471794,-0.5356,none,,,False,,80,0,0.3417,-1.3771,
81,25,True,1.225382,2.037,cusum,,,True,positive,81,0,0.2652,3.7275,
81,26,True,1.32522,2.3704,none,,,False,,81,0,0.2571,3.3954,
81,39,True,1.29318,2.2634,none,,,False,,81,0,0.2468,2.9554,
81,60,True,0.97292,1.1939,none,,,False,,81,0,0.2474,2.7119,
81,55,True,0.986124,1.238,none,,,False,,81,0,0.2459,1.9863,
81,95,True,0.817376,0.6745,none,,,False,,81,0,0.2459,1.8509,
81,98,True,0.752241,0.457,none,,,False,,81,0,0.2474,0.7592,
81,57,True,0.782085,0.5566,none,,,False,,81,0,0.0533,0.6735,
81,93,True,0.819544,0.6817,none,,,False,,81,0,0.2481,0.6437,
81,48,True,0.824141,0.6971,none,,,False,,81,0,0.0465,0.4482,
81,70,True,0.805469,0.6347,none,,,False,,81,0,0.0468,0.2197,
81,76,True,0.588497,-0.0898,none,,,False,,81,0,0.1256,0.0728,
81,78,True,0.528551,-0.29,none,,,False,,81,0,0.0743,0.0374,
81,31,True,0.589629,-0.0861,none,,,False,,81,0,0.0456,-0.0342,
81,9,True,0.515457,-0.3338,none,,,False,,81,0,0.0481,-0.0426,
81,64,True,0.615399,0.0,none,,,False,,81,0,0.073,-0.2248,
81,73,True,0.577798,-0.1256,none,,,False,,81,0,0.0957,-0.3005,
81,4,True,0.633187,0.0594,none,,,False,,81,0,0.0619,-0.3419,
81,18,True,0.328389,-0.9585,none,,,False,,81,0,0.207,-0.4074,
81,44,True,0.365571,-0.8343,none,,,False,,81,0,0.0705,-0.4714,
81,38,True,0.502918,-0.3756,none,,,False,,81,0,0.351,-1.4573,
81,79,True,0.366518,-0.8311,none,,,False,,81,0,0.3466,-0.8075,
81,8,True,0.430067,-0.6189,none,,,False,,81,0,0.3465,-1.7551,
81,99,True,0.215611,-1.3351,none,,,False,,81,0,0.3465,-2.5164,
81,34,True,0.298054,-1.0598,none,,,False,,81,0,0.3423,-1.4893,
82,26,True,1.2785,1.9175,cusum,,,True,positive,82,0,0.2564,3.4941,
82,25,True,1.451238,2.5473,none,,,False,,82,0,0.2643,3.4869,
82,39,True,1.151062,1.4528,none,,,False,,82,0,0.2464,2.8659,
82,60,True,0.959749,0.7553,cusum,,,True,positive,82,0,0.247,2.4268,
82,55,True,0.872923,0.4387,cusum,,,True,positive,82,0,0.2455,2.1737,
82,93,True,0.900807,0.5404,cusum,,,True,positive,82,0,0.2477,1.653,
82,95,True,0.795591,0.1568,none,,,False,,82,0,0.2455,1.6445,
82,98,True,0.788988,0.1327,none,,,False,,82,0,0.247,0.7173,
82,57,True,0.817903,0.2381,none,,,False,,82,0,0.0528,0.6549,
82,48,True,0.752586,0.0,none,,,False,,82,0,0.0461,0.5203,
82,70,True,0.857658,0.3831,none,,,False,,82,0,0.0464,0.325,
82,76,True,0.651058,-0.3702,none,,,False,,82,0,0.1186,0.3199,
82,31,True,0.567589,-0.6745,none,,,False,,82,0,0.0452,0.0725,
82,64,True,0.623843,-0.4694,none,,,False,,82,0,0.0716,0.0609,
82,78,True,0.402892,-1.275,none,,,False,,82,0,0.0729,-0.0926,
82,9,True,0.545824,-0.7538,none,,,False,,82,0,0.0477,-0.1544,
82,73,True,0.535054,-0.7931,none,,,False,,82,0,0.0898,-0.1983,
82,4,True,0.468771,-1.0348,none,,,False,,82,0,0.061,-0.2604,
82,0,True,0.586645,-0.605,none,,,False,,82,0,0.1753,-0.5035,
82,10,True,0.799257,0.1702,none,,,False,,82,0,0.2792,-0.51,
82,18,True,0.349724,-1.4688,cusum,,,True,negative,82,0,0.3939,-1.0137,
82,40,True,0.658354,-0.3436,none,,,False,,82,0,0.3433,-0.6311,
82,94,True,1.088633,1.2252,none,,,False,,82,0,0.3433,-0.6885,
82,38,True,0.32661,-1.5531,none,,,False,,82,0,0.3428,-1.2138,
82,83,True,0.553221,-0.7269,none,,,False,,82,0,0.3396,-0.6059,
83,25,True,1.247332,2.4467,cusum,,,True,positive,83,0,0.2634,3.3414,
83,26,True,1.077974,1.7274,none,,,False,,83,0,0.2558,3.1324,
83,39,True,1.045021,1.5874,cusum,,,True,positive,83,0,0.246,2.5477,
83,60,True,0.683899,0.0535,none,,,False,,83,0,0.2467,2.1771,
83,55,True,0.83275,0.6858,none,,,False,,83,0,0.2452,1.8595,
83,93,True,0.820795,0.635,none,,,False,,83,0,0.2473,1.6855,
83,95,True,0.755014,0.3556,none,,,False,,83,0,0.2452,1.4825,
83,57,True,0.662125,-0.039,none,,,False,,83,0,0.0523,0.5587,
83,98,True,0.675936,0.0197,none,,,False,,83,0,0.2467,0.482,
83,48,True,0.726472,0.2343,none,,,False,,83,0,0.0458,0.4781,
83,70,True,0.832903,0.6864,none,,,False,,83,0,0.046,0.4535,
83,76,True,0.488889,-0.7748,none,,,False,,83,0,0.112,-0.0321,
83,64,True,0.616661,-0.2321,none,,,False,,83,0,0.0704,-0.053,
83,10,True,0.671304,0.0,none,,,False,,83,0,0.1823,-0.0905,
83,31,True,0.830099,0.6745,none,,,False,,83,0,0.0449,-0.2071,
83,83,True,0.311853,-1.5268,none,,,False,,83,0,0.1942,-0.2236,
83,94,True,0.64247,-0.1225,none,,,False,,83,0,0.1823,-0.2366,
83,40,True,0.60555,-0.2793,none,,,False,,83,0,0.1823,-0.2856,
83,73,True,0.573292,-0.4163,none,,,False,,83,0,0.0842,-0.3476,
83,9,True,0.714402,0.1831,none,,,False,,83,0,0.0473,-0.4061,
83,18,True,0.269972,-1.7047,none,,,False,,83,0,0.3823,-1.371,
83,24,True,0.296676,-1.5913,none,,,False,,83,0,0.344,-1.1726,
83,47,True,0.505184,-0.7056,none,,,False,,83,0,0.3411,-0.7589,
83,8,True,0.417286,-1.079,none,,,False,,83,0,0.3393,-0.9942,
83,99,True,0.293306,-1.6056,none,,,False,,83,0,0.3393,-2.2516,
84,25,True,1.382404,2.3274,none,,,False,,84,0,0.2625,3.427,
84,26,True,1.438339,2.5379,cusum,,,True,positive,84,0,0.2552,3.078,
84,39,True,1.127681,1.3687,none,,,False,,84,0,0.2457,2.8272,
84,55,True,0.788989,0.094,none,,,False,,84,0,0.2449,1.8456,
84,60,True,0.859428,0.3591,none,,,False,,84,0,0.2463,1.7278,
84,93,True,0.903528,0.5251,none,,,False,,84,0,0.2469,1.6801,
84,95,True,0.85819,0.3544,none,,,False,,84,0,0.2449,1.4537,
84,70,True,0.943256,0.6746,none,,,False,,84,0,0.0457,0.6274,
84,48,True,0.782299,0.0688,none,,,False,,84,0,0.0454,0.3694,
84,57,True,0.770236,0.0234,none,,,False,,84,0,0.0518,0.32,
84,98,True,0.888738,0.4694,none,,,False,,84,0,0.0463,0.2633,
84,94,True,0.940357,0.6637,none,,,False,,84,0,0.172,0.2327,
84,31,True,0.423967,-1.2798,none,,,False,,84,0,0.0446,0.029,
84,10,True,0.656198,-0.4058,none,,,False,,84,0,0.172,-0.081,
84,64,True,0.589189,-0.658,none,,,False,,84,0,0.0692,-0.141,
84,9,True,0.532435,-0.8716,none,,,False,,84,0,0.0469,-0.2404,
84,76,True,0.587553,-0.6641,none,,,False,,84,0,0.1057,-0.2938,
84,73,True,0.507108,-0.9669,none,,,False,,84,0,0.0788,-0.3384,
84,40,True,0.764016,0.0,none,,,False,,84,0,0.172,-0.3873,
84,4,True,0.556196,-0.7822,none,,,False,,84,0,0.0644,-0.4843,
84,18,True,0.29295,-1.7729,cusum,,,True,negative,84,0,0.372,-1.7192,
84,37,True,0.498189,-1.0005,none,,,False,,84,0,0.3404,-0.706,
84,38,True,0.510807,-0.953,none,,,False,,84,0,0.34,-1.2834,
84,20,True,0.584803,-0.6745,none,,,False,,84,0,0.3399,-0.7106,
84,34,True,0.327165,-1.6441,none,,,False,,84,0,0.3362,-0.9937,
85,25,True,1.30684,3.0,cusum,,,True,positive,85,0,0.2617,3.5226,
85,26,True,1.343636,3.0,none,,,False,,85,0,0.2546,3.1331,
85,39,True,1.098391,2.2464,none,,,False,,85,0,0.2454,2.5286,
85,93,True,0.72788,0.2589,none,,,False,,85,0,0.2466,1.6274,
85,55,True,0.963318,1.5218,none,,,False,,85,0,0.2445,1.4639,
85,60,True,0.777721,0.5262,none,,,False,,85,0,0.246,1.4491,
85,94,True,0.831623,0.8154,none,,,False,,85,0,0.1626,0.7396,
85,70,True,0.820189,0.754,none,,,False,,85,0,0.0454,0.6403,
85,95,True,0.917865,1.278,none,,,False,,85,0,0.2445,0.3467,
85,98,True,0.606294,-0.3933,none,,,False,,85,0,0.046,0.267,
85,48,True,0.651884,-0.1488,none,,,False,,85,0,0.0451,0.1596,
85,57,True,0.706805,0.1458,none,,,False,,85,0,0.0513,0.1416,
85,10,True,0.663931,-0.0842,none,,,False,,85,0,0.1626,0.0722,
85,40,True,0.674625,-0.0268,none,,,False,,85,0,0.1626,-0.0569,
85,64,True,0.625582,-0.2899,none,,,False,,85,0,0.068,-0.3619,
85,31,True,0.857846,0.956,none,,,False,,85,0,0.0443,-0.3693,
85,9,True,0.67962,0.0,none,,,False,,85,0,0.0466,-0.4202,
85,0,True,0.624209,-0.2972,none,,,False,,85,0,0.1708,-0.4877,
85,76,True,0.553881,-0.6745,none,,,False,,85,0,0.0997,-0.4883,
85,4,True,0.565331,-0.6131,none,,,False,,85,0,0.0595,-0.5068,
85,18,True,0.28122,-2.1371,none,,,False,,85,0,0.3626,-1.9981,
85,56,True,0.312212,-1.9709,none,,,False,,85,0,0.3375,-1.6164,
85,96,True,0.764111,0.4532,none,,,False,,85,0,0.3358,-1.0536,
85,8,True,0.457449,-1.1918,none,,,False,,85,0,0.3327,-1.4962,
85,99,True,0.211789,-2.5096,none,,,False,,85,0,0.3327,-1.7434,
86,25,True,1.360281,1.8958,none,,,False,,86,0,0.2608,3.6725,
86,26,True,1.360338,1.8959,cusum,,,True,positive,86,0,0.2541,3.4932,
86,39,True,1.333045,1.8199,cusum,,,True,positive,86,0,0.245,2.7927,
86,55,True,0.761383,0.2264,none,,,False,,86,0,0.2442,1.8245,
86,70,True,0.815276,0.3766,cusum,,,True,positive,86,0,0.245,1.7635,
86,93,True,0.881041,0.5599,none,,,False,,86,0,0.2462,1.5332,
86,60,True,0.935301,0.7112,none,,,False,,86,0,0.2456,1.3723,
86,95,True,0.672728,-0.0208,none,,,False,,86,0,0.2442,0.72,
86,94,True,0.922148,0.6745,none,,,False,,86,0,0.1539,0.5965,
86,31,True,0.368037,-0.8701,none,,,False,,86,0,0.044,0.1739,
86,57,True,0.738273,0.1619,none,,,False,,86,0,0.0508,0.1102,
86,48,True,0.843271,0.4546,none,,,False,,86,0,0.0448,0.1096,
86,98,True,1.010421,0.9205,none,,,False,,86,0,0.0456,0.0913,
86,40,True,0.618454,-0.172,none,,,False,,86,0,0.1539,0.0423,
86,10,True,0.680176,0.0,none,,,False,,86,0,0.1539,-0.019,
86,9,True,0.370855,-0.8622,none,,,False,,86,0,0.0462,-0.1693,
86,64,True,0.714963,0.097,none,,,False,,86,0,0.0669,-0.3035,
86,96,True,0.434706,-0.6842,none,,,False,,86,0,0.1953,-0.304,
86,0,True,0.659926,-0.0564,none,,,False,,86,0,0.1539,-0.4689,
86,78,True,0.46615,-0.5966,none,,,False,,86,0,0.0836,-0.5109,
86,18,True,0.37878,-0.8401,cusum,,,True,negative,86,0,0.3539,-2.2272,
86,53,True,0.232947,-1.2466,none,,,False,,86,0,0.334,-2.209,
86,82,True,0.401841,-0.7759,none,,,False,,86,0,0.334,-2.1465,
86,92,True,0.298423,-1.0641,none,,,False,,86,0,0.334,-1.9051,
86,38,True,0.495771,-0.514,none,,,False,,86,0,0.3334,-1.3315,
87,26,True,1.313267,3.0,none,,,False,,87,0,0.2535,3.5487,
87,25,True,1.305471,3.0,cusum,,,True,positive,87,0,0.2601,3.4878,
87,39,True,0.681477,-0.0362,none,,,False,,87,0,0.2447,2.8698,
87,70,True,0.825916,0.6738,none,,,False,,87,0,0.2447,1.6599,
87,94,True,0.78603,0.4777,none,,,False,,87,0,0.1459,0.8565,
87,55,True,0.962375,1.3446,none,,,False,,87,0,0.2439,0.671,
87,95,True,1.028061,1.6675,none,,,False,,87,0,0.2439,0.5942,
87,60,True,0.826055,0.6745,none,,,False,,87,0,0.2453,0.5911,
87,93,True,0.75289,0.3148,none,,,False,,87,0,0.2459,0.5077,
87,98,True,0.594364,-0.4644,none,,,False,,87,0,0.0453,0.3911,
87,48,True,0.736927,0.2364,none,,,False,,87,0,0.0444,0.1826,
87,57,True,0.848149,0.7831,none,,,False,,87,0,0.0504,0.1766,
87,96,True,0.589908,-0.4863,none,,,False,,87,0,0.1839,0.0897,
87,40,True,0.74443,0.2733,none,,,False,,87,0,0.1459,0.0724,
87,10,True,0.688841,0.0,none,,,False,,87,0,0.1459,-0.0246,
87,0,True,0.729955,0.2021,none,,,False,,87,0,0.1459,-0.1809,
87,64,True,0.525475,-0.803,none,,,False,,87,0,0.0659,-0.1952,
87,31,True,0.646763,-0.2068,none,,,False,,87,0,0.0437,-0.3413,
87,9,True,0.608897,-0.393,none,,,False,,87,0,0.0459,-0.5182,
87,12,True,0.440207,-1.2222,none,,,False,,87,0,0.1337,-0.5239,
87,53,True,0.320481,-1.8107,cusum,,,True,negative,87,0,0.3545,-2.4657,
87,82,True,0.266372,-2.0767,cusum,,,True,negative,87,0,0.3545,-2.2827,
87,92,True,0.374066,-1.5473,cusum,,,True,negative,87,0,0.3545,-2.2675,
87,18,True,0.405854,-1.391,none,,,False,,87,0,0.3459,-1.9447,
87,43,True,0.432884,-1.2582,none,,,False,,87,0,0.3334,-0.5322,
88,25,True,1.432327,2.3564,none,,,False,,88,0,0.2593,3.711,
88,26,True,1.362482,2.145,cusum,,,True,positive,88,0,0.253,3.702,
88,39,True,1.408895,2.2854,none,,,False,,88,0,0.2444,2.4011,
88,55,True,0.72237,0.2077,cusum,,,True,positive,88,0,0.2436,2.0875,
88,95,True,0.876605,0.6745,cusum,,,True,positive,88,0,0.2436,2.0315,
88,70,True,0.889766,0.7143,none,,,False,,88,0,0.2444,1.6592,
88,94,True,0.999049,1.0451,none,,,False,,88,0,0.1384,0.7895,
88,60,True,0.653739,0.0,none,,,False,,88,0,0.2449,0.6958,
88,93,True,0.935126,0.8516,none,,,False,,88,0,0.2455,0.4372,
88,57,True,0.596577,-0.173,none,,,False,,88,0,0.0499,0.4293,
88,48,True,0.734414,0.2442,none,,,False,,88,0,0.0441,0.2381,
88,40,True,0.845187,0.5794,none,,,False,,88,0,0.1384,0.1584,
88,10,True,0.637525,-0.0491,none,,,False,,88,0,0.1384,0.1056,
88,0,True,0.496371,-0.4763,none,,,False,,88,0,0.1384,0.0831,
88,98,True,0.758219,0.3162,none,,,False,,88,0,0.0449,0.0795,
88,31,True,0.467733,-0.5629,none,,,False,,88,0,0.0434,0.016,
88,96,True,0.436531,-0.6574,none,,,False,,88,0,0.1737,-0.081,
88,64,True,0.405859,-0.7502,none,,,False,,88,0,0.0649,-0.2449,
88,9,True,0.782712,0.3903,none,,,False,,88,0,0.0455,-0.3591,
88,47,True,0.386887,-0.8076,none,,,False,,88,0,0.2249,-0.5255,
88,53,True,0.259963,-1.1917,none,,,False,,88,0,0.3465,-2.3804,
88,82,True,0.287465,-1.1085,none,,,False,,88,0,0.3465,-2.3122,
88,92,True,0.304904,-1.0557,none,,,False,,88,0,0.3465,-2.2318,
88,18,True,0.342042,-0.9433,none,,,False,,88,0,0.3384,-1.8225,
88,61,True,0.53114,-0.371,none,,,False,,88,0,0.3354,-0.7217,
89,25,True,1.27643,3.0,cusum,,,True,positive,89,0,0.2586,3.4955,
89,26,True,1.419252,3.0,none,,,False,,89,0,0.2525,3.4163,
89,39,True,1.138831,2.5374,cusum,,,True,positive,89,0,0.2441,2.4137,
89,94,True,0.762035,0.5212,cusum,,,True,positive,89,0,0.3314,1.8615,
89,95,True,0.778714,0.6104,none,,,False,,89,0,0.2433,1.83,
89,55,True,0.966386,1.6146,none,,,False,,89,0,0.2433,1.6491,
89,70,True,0.841567,0.9467,none,,,False,,89,0,0.2441,1.6456,
89,93,True,0.770026,0.5639,none,,,False,,89,0,0.2452,0.6344,
89,60,True,0.854837,1.0177,none,,,False,,89,0,0.2446,0.52,
89,48,True,0.664634,0.0,none,,,False,,89,0,0.0438,0.3687,
89,40,True,0.652004,-0.0676,none,,,False,,89,0,0.1314,0.356,
89,57,True,0.790687,0.6745,none,,,False,,89,0,0.0495,0.3224,
89,98,True,0.800539,0.7272,none,,,False,,89,0,0.0446,0.3156,
89,10,True,0.765935,0.542,none,,,False,,89,0,0.1314,0.1127,
89,0,True,0.651258,-0.0716,none,,,False,,89,0,0.1314,0.0189,
89,9,True,0.569544,-0.5088,none,,,False,,89,0,0.0452,-0.2294,
89,64,True,0.644889,-0.1057,none,,,False,,89,0,0.064,-0.3997,
89,96,True,0.543485,-0.6483,none,,,False,,89,0,0.1645,-0.4586,
89,31,True,0.650513,-0.0756,none,,,False,,89,0,0.0431,-0.4907,
89,17,True,0.567116,-0.5218,none,,,False,,89,0,0.2764,-0.5293,
89,47,True,0.477205,-1.0029,cusum,,,True,negative,89,0,0.3962,-1.1307,
89,34,True,0.326586,-1.8088,none,,,False,,89,0,0.3397,-1.5542,
89,53,True,0.307402,-1.9115,none,,,False,,89,0,0.339,-1.7827,
89,82,True,0.36764,-1.5892,cusum,,,True,negative,89,0,0.339,-1.6867,
89,92,True,0.388278,-1.4787,none,,,False,,89,0,0.339,-1.5888,
90,25,True,1.310201,1.951,none,,,False,,90,0,0.2579,3.8626,
90,26,True,1.469518,2.4684,cusum,,,True,positive,90,0,0.252,3.7837,
90,39,True,1.392318,2.2176,none,,,False,,90,0,0.2438,2.6525,
90,55,True,0.637709,-0.233,none,,,False,,90,0,0.243,2.1115,
90,95,True,0.950013,0.7812,none,,,False,,90,0,0.243,2.04,
90,70,True,0.893741,0.5985,none,,,False,,90,0,0.2438,1.8353,
90,94,True,0.925774,0.7025,none,,,False,,90,0,0.3247,1.8063,
90,93,True,0.917142,0.6745,none,,,False,,90,0,0.2449,0.6353,
90,60,True,0.78907,0.2586,none,,,False,,90,0,0.2443,0.6218,
90,57,True,0.709449,0.0,none,,,False,,90,0,0.0491,0.4927,
90,40,True,0.779766,0.2284,none,,,False,,90,0,0.1247,0.3867,
90,10,True,0.616564,-0.3016,none,,,False,,90,0,0.1247,0.2893,
90,98,True,0.891526,0.5913,none,,,False,,90,0,0.0443,0.2507,
90,48,True,0.720299,0.0352,none,,,False,,90,0,0.0435,0.2168,
90,0,True,0.532469,-0.5748,none,,,False,,90,0,0.1247,0.0098,
90,9,True,0.705352,-0.0133,none,,,False,,90,0,0.0449,-0.112,
90,31,True,0.496373,-0.692,none,,,False,,90,0,0.0428,-0.2262,
90,96,True,0.480655,-0.743,none,,,False,,90,0,0.156,-0.453,
90,64,True,0.64723,-0.2021,none,,,False,,90,0,0.063,-0.4684,
90,65,True,0.813806,0.3389,none,,,False,,90,0,0.2025,-0.5297,
90,47,True,0.391636,-1.0321,none,,,False,,90,0,0.385,-1.172,
90,8,True,0.414158,-0.959,none,,,False,,90,0,0.3403,-0.8382,
90,99,True,0.071745,-2.071,none,,,False,,90,0,0.3403,-2.1917,
90,50,True,0.418559,-0.9447,none,,,False,,90,0,0.3379,-0.6074,
90,38,True,0.480577,-0.7433,none,,,False,,90,0,0.3364,-0.8817,
91,26,True,1.461612,3.0,none,,,False,,91,0,0.2515,3.6058,
91,25,True,1.260168,2.6809,cusum,,,True,positive,91,0,0.2572,3.512,
91,39,True,1.128082,2.0417,cusum,,,True,positive,91,0,0.2435,3.4034,
91,94,True,0.843468,0.6643,none,,,False,,91,0,0.3184,1.8775,
91,95,True,0.985531,1.3518,none,,,False,,91,0,0.2427,1.7443,
91,55,True,0.566848,-0.6745,none,,,False,,91,0,0.2427,1.5853,
91,70,True,0.769918,0.3083,none,,,False,,91,0,0.2435,0.8098,
91,93,True,0.67517,-0.1503,none,,,False,,91,0,0.2445,0.7548,
91,98,True,0.77172,0.317,none,,,False,,91,0,0.044,0.6023,
91,60,True,0.938794,1.1256,none,,,False,,91,0,0.244,0.4828,
91,40,True,0.772818,0.3223,none,,,False,,91,0,0.1184,0.368,
91,57,True,0.76605,0.2896,none,,,False,,91,0,0.0487,0.2312,
91,10,True,0.640381,-0.3186,none,,,False,,91,0,0.1184,0.185,
91,48,True,0.706215,0.0,none,,,False,,91,0,0.0432,0.1494,
91,9,True,0.541293,-0.7982,none,,,False,,91,0,0.0445,0.0142,
91,65,True,0.751837,0.2208,none,,,False,,91,0,0.1184,-0.2447,
91,0,True,0.394053,-1.5108,none,,,False,,91,0,0.1184,-0.2529,
91,64,True,0.715933,0.047,none,,,False,,91,0,0.0622,-0.2693,
91,31,True,0.700649,-0.0269,none,,,False,,91,0,0.0425,-0.3883,
91,67,True,0.701771,-0.0215,none,,,False,,91,0,0.1692,-0.5424,
91,47,True,0.443455,-1.2717,none,,,False,,91,0,0.375,-1.2894,
91,18,True,0.493658,-1.0287,none,,,False,,91,0,0.3404,-0.9291,
91,56,True,0.21576,-2.3736,none,,,False,,91,0,0.3376,-1.5891,
91,53,True,0.277866,-2.0731,none,,,False,,91,0,0.3365,-2.0089,
91,82,True,0.28386,-2.044,none,,,False,,91,0,0.3365,-1.9624,
92,26,True,1.273283,2.5756,cusum,,,True,positive,92,0,0.251,3.8902,
92,25,True,1.29993,2.7055,none,,,False,,92,0,0.2566,3.6193,
92,39,True,1.194669,2.1922,none,,,False,,92,0,0.2432,3.3218,
92,95,True,0.891419,0.7135,none,,,False,,92,0,0.2425,1.9697,
92,94,True,0.74598,0.0044,none,,,False,,92,0,0.3124,1.7472,
92,55,True,0.789367,0.2159,none,,,False,,92,0,0.2425,1.2909,
92,60,True,0.785906,0.199,none,,,False,,92,0,0.0437,0.8576,
92,70,True,1.049773,1.4857,none,,,False,,92,0,0.2432,0.6741,
92,98,True,0.675496,-0.3393,none,,,False,,92,0,0.0437,0.6022,
92,93,True,0.883413,0.6745,none,,,False,,92,0,0.0442,0.4205,
92,57,True,0.800699,0.2712,none,,,False,,92,0,0.0483,0.3849,
92,40,True,0.766641,0.1051,none,,,False,,92,0,0.1124,0.2789,
92,10,True,0.634814,-0.5377,none,,,False,,92,0,0.1124,0.0918,
92,48,True,0.745088,0.0,none,,,False,,92,0,0.0429,0.0676,
92,64,True,0.58529,-0.7792,none,,,False,,92,0,0.0613,-0.0047,
92,65,True,0.823793,0.3838,none,,,False,,92,0,0.1124,-0.1278,
92,31,True,0.420887,-1.5808,none,,,False,,92,0,0.0422,-0.2099,
92,67,True,0.493662,-1.226,none,,,False,,92,0,0.0871,-0.3212,
92,9,True,0.730559,-0.0708,none,,,False,,92,0,0.0442,-0.3824,
92,96,True,0.615183,-0.6334,none,,,False,,92,0,0.1525,-0.5442,
92,47,True,0.452427,-1.4271,none,,,False,,92,0,0.3659,-1.4515,
92,92,True,0.299024,-2.1751,none,,,False,,92,0,0.3409,-1.7315,
92,66,True,0.558908,-0.9078,none,,,False,,92,0,0.3389,-0.7536,
92,15,True,0.421907,-1.5759,none,,,False,,92,0,0.3341,-0.8407,
92,22,True,0.672815,-0.3524,none,,,False,,92,0,0.3313,-0.5717,
93,26,True,1.251907,2.3696,none,,,False,,93,0,0.2505,3.7481,
93,25,True,1.328229,2.685,cusum,,,True,positive,93,0,0.2559,3.5203,
93,39,True,1.305073,2.5893,cusum,,,True,positive,93,0,0.2429,3.2064,
93,95,True,0.847997,0.7007,cusum,,,True,positive,93,0,0.2422,2.0037,
93,70,True,0.861954,0.7584,cusum,,,True,positive,93,0,0.2429,1.8534,
93,94,True,0.906335,0.9418,none,,,False,,93,0,0.3066,1.5718,
93,60,True,0.965826,1.1876,none,,,False,,93,0,0.0434,0.5843,
93,93,True,0.837984,0.6593,none,,,False,,93,0,0.0439,0.4569,
93,65,True,0.62751,-0.2103,none,,,False,,93,0,0.1066,0.4292,
93,40,True,0.787246,0.4497,none,,,False,,93,0,0.1066,0.3333,
93,57,True,0.678411,0.0,none,,,False,,93,0,0.0479,0.2499,
93,98,True,0.831036,0.6306,none,,,False,,93,0,0.0434,0.2463,
93,48,True,0.605944,-0.2994,none,,,False,,93,0,0.0427,0.0673,
93,55,True,0.725363,0.194,none,,,False,,93,0,0.2422,-0.1756,
93,64,True,0.672526,-0.0243,none,,,False,,93,0,0.0605,-0.2303,
93,9,True,0.749014,0.2917,none,,,False,,93,0,0.0439,-0.2368,
93,10,True,0.499181,-0.7406,none,,,False,,93,0,0.1066,-0.2713,
93,22,True,0.507333,-0.7069,none,,,False,,93,0,0.1663,-0.5522,
93,41,True,0.570848,-0.4444,none,,,False,,93,0,0.3043,-0.553,
93,20,True,0.489306,-0.7814,none,,,False,,93,0,0.2404,-0.555,
93,15,True,0.525311,-0.6326,cusum,,,True,negative,93,0,0.386,-1.5164,
93,66,True,0.591954,-0.3572,cusum,,,True,negative,93,0,0.3663,-1.5861,
93,47,True,0.369472,-1.2765,cusum,,,True,negative,93,0,0.3575,-1.5993,
93,96,True,0.515171,-0.6745,cusum,,,True,negative,93,0,0.3414,-1.0413,
93,34,True,0.313484,-1.5078,none,,,False,,93,0,0.3311,-1.383,
94,25,True,1.207029,3.0,none,,,False,,94,0,0.2553,3.7642,
94,26,True,1.471295,3.0,cusum,,,True,positive,94,0,0.2501,3.7146,
94,39,True,1.090851,2.6011,none,,,False,,94,0,0.2426,3.33,
94,95,True,0.968695,1.8141,none,,,False,,94,0,0.2419,1.9766,
94,70,True,0.643693,-0.2797,none,,,False,,94,0,0.2426,1.9063,
94,60,True,0.595789,-0.5883,cusum,,,True,positive,94,0,0.2431,1.8937,
94,93,True,0.720265,0.2136,cusum,,,True,positive,94,0,0.2436,1.4515,
94,94,True,0.706556,0.1253,none,,,False,,94,0,0.3011,0.6486,
94,40,True,0.687784,0.0043,none,,,False,,94,0,0.1011,0.4042,
94,98,True,0.655254,-0.2052,none,,,False,,94,0,0.0431,0.259,
94,57,True,0.75871,0.4613,none,,,False,,94,0,0.0475,0.2494,
94,65,True,0.687109,0.0,none,,,False,,94,0,0.1011,0.2432,
94,55,True,0.819579,0.8534,none,,,False,,94,0,0.2419,-0.0336,
94,48,True,0.791802,0.6745,none,,,False,,94,0,0.0424,-0.0446,
94,9,True,0.75384,0.4299,none,,,False,,94,0,0.0436,-0.1354,
94,64,True,0.777025,0.5793,none,,,False,,94,0,0.0598,-0.1721,
94,10,True,0.611219,-0.4889,none,,,False,,94,0,0.1011,-0.4205,
94,22,True,0.584521,-0.6609,none,,,False,,94,0,0.158,-0.4336,
94,41,True,0.457653,-1.4783,none,,,False,,94,0,0.1977,-0.4621,
94,20,True,0.426156,-1.6812,cusum,,,True,negative,94,0,0.3977,-1.0544,
94,15,True,0.429231,-1.6614,none,,,False,,94,0,0.3761,-1.3296,
94,66,True,0.500758,-1.2006,none,,,False,,94,0,0.358,-1.2323,
94,47,True,0.52362,-1.0533,none,,,False,,94,0,0.3497,-1.6864,
94,18,True,0.326802,-2.3213,none,,,False,,94,0,0.3348,-1.496,
94,53,True,0.313668,-2.4059,none,,,False,,94,0,0.3348,-2.1004,
95,25,True,1.390396,2.5826,cusum,,,True,positive,95,0,0.2547,3.8698,
95,26,True,1.469343,2.8715,none,,,False,,95,0,0.2496,3.714,
95,39,True,1.202601,1.8955,cusum,,,True,positive,95,0,0.2423,3.5161,
95,95,True,0.876156,0.701,none,,,False,,95,0,0.2416,2.1304,
95,70,True,0.799006,0.4187,none,,,False,,95,0,0.2423,1.71,
95,93,True,0.868917,0.6745,none,,,False,,95,0,0.2433,1.5724,
95,60,True,0.591356,-0.3411,none,,,False,,95,0,0.2428,1.322,
95,55,True,0.734054,0.181,none,,,False,,95,0,0.2416,0.4754,
95,94,True,0.80679,0.4472,none,,,False,,95,0,0.2958,0.4662,
95,57,True,0.684582,0.0,none,,,False,,95,0,0.0471,0.3062,
95,40,True,0.77068,0.315,none,,,False,,95,0,0.0958,0.2955,
95,9,True,0.574801,-0.4017,none,,,False,,95,0,0.0433,0.2735,
95,48,True,0.744857,0.2206,none,,,False,,95,0,0.0421,0.1799,
95,65,True,0.733294,0.1782,none,,,False,,95,0,0.0958,0.1669,
95,98,True,0.706299,0.0795,none,,,False,,95,0,0.0428,0.0846,
95,64,True,0.66293,-0.0792,none,,,False,,95,0,0.059,0.0043,
95,22,True,0.481821,-0.7419,none,,,False,,95,0,0.1502,-0.4347,
95,10,True,0.489957,-0.7121,none,,,False,,95,0,0.0958,-0.48,
95,32,True,0.175538,-1.8626,none,,,False,,95,0,0.253,-0.5579,
95,45,True,0.586585,-0.3586,none,,,False,,95,0,0.2125,-0.5581,
95,20,True,0.392874,-1.0674,none,,,False,,95,0,0.3867,-1.379,
95,41,True,0.492328,-0.7035,cusum,,,True,negative,95,0,0.3867,-1.2887,
95,15,True,0.338925,-1.2648,none,,,False,,95,0,0.3671,-1.6392,
95,66,True,0.429655,-0.9328,none,,,False,,95,0,0.3502,-1.1832,
95,47,True,0.466287,-0.7988,none,,,False,,95,0,0.3425,-1.6187,
96,25,True,1.401371,2.8143,none,,,False,,96,0,0.2542,3.828,
96,26,True,1.336628,2.5498,cusum,,,True,positive,96,0,0.2492,3.8121,
96,39,True,1.196249,1.9763,none,,,False,,96,0,0.2421,3.4169,
96,95,True,0.996594,1.1607,none,,,False,,96,0,0.2414,2.1259,
96,93,True,0.725347,0.0527,none,,,False,,96,0,0.243,1.5721,
96,70,True,0.952189,0.9793,none,,,False,,96,0,0.2421,1.354,
96,60,True,0.806516,0.3842,none,,,False,,96,0,0.2425,1.1416,
96,94,True,0.780197,0.2767,none,,,False,,96,0,0.2908,0.6113,
96,55,True,0.790328,0.3181,none,,,False,,96,0,0.2414,0.4634,
96,40,True,0.725241,0.0522,none,,,False,,96,0,0.0908,0.363,
96,48,True,0.699127,-0.0544,none,,,False,,96,0,0.0418,0.2531,
96,64,True,0.740279,0.1137,none,,,False,,96,0,0.0583,0.2367,
96,98,True,0.658941,-0.2186,none,,,False,,96,0,0.0425,0.2238,
96,57,True,0.678217,-0.1399,none,,,False,,96,0,0.0467,0.2153,
96,9,True,0.712454,0.0,none,,,False,,96,0,0.043,0.1629,
96,65,True,0.556155,-0.6385,none,,,False,,96,0,0.0908,0.0959,
96,45,True,0.577692,-0.5505,none,,,False,,96,0,0.1357,-0.4574,
96,10,True,0.547342,-0.6745,none,,,False,,96,0,0.0908,-0.5406,
96,35,True,1.244737,2.1744,none,,,False,,96,0,0.3253,-0.5585,
96,51,True,0.530701,-0.7425,none,,,False,,96,0,0.2742,-0.5608,
96,20,True,0.511422,-0.8212,none,,,False,,96,0,0.3768,-1.5185,
96,41,True,0.518405,-0.7927,none,,,False,,96,0,0.3768,-1.2173,
96,15,True,0.495572,-0.886,cusum,,,True,negative,96,0,0.3588,-1.5419,
96,82,True,0.319092,-1.6069,none,,,False,,96,0,0.3432,-1.9556,
96,22,True,0.496065,-0.884,cusum,,,True,negative,96,0,0.343,-1.0696,
97,26,True,1.338271,2.1863,none,,,False,,97,0,0.2488,3.8716,
97,25,True,1.325459,2.1366,cusum,,,True,positive,97,0,0.2536,3.8704,
97,39,True,1.270396,1.9228,cusum,,,True,positive,97,0,0.2418,3.2122,
97,95,True,1.034005,1.005,cusum,,,True,positive,97,0,0.2411,2.2789,
97,70,True,0.863058,0.3413,none,,,False,,97,0,0.2418,1.4273,
97,93,True,0.85399,0.3061,none,,,False,,97,0,0.2427,1.3695,
97,60,True,0.728969,-0.1793,none,,,False,,97,0,0.2423,0.8735,
97,55,True,0.826199,0.1982,none,,,False,,97,0,0.2411,0.5045,
97,94,True,0.787784,0.0491,none,,,False,,97,0,0.2859,0.3873,
97,48,True,0.775143,0.0,none,,,False,,97,0,0.0416,0.3344,
97,35,True,0.889781,0.4451,none,,,False,,97,0,0.1362,0.3055,
97,64,True,0.533819,-0.9369,none,,,False,,97,0,0.0576,0.2817,
97,40,True,0.699289,-0.2945,none,,,False,,97,0,0.0859,0.2281,
97,57,True,0.948869,0.6745,none,,,False,,97,0,0.0464,0.1682,
97,9,True,0.713636,-0.2388,none,,,False,,97,0,0.0427,0.0653,
97,65,True,0.834321,0.2298,none,,,False,,97,0,0.0859,-0.0492,
97,98,True,0.631399,-0.5581,none,,,False,,97,0,0.0423,-0.0596,
97,45,True,0.484525,-1.1283,none,,,False,,97,0,0.1293,-0.4201,
97,10,True,0.784025,0.0345,none,,,False,,97,0,0.0859,-0.5209,
97,61,True,0.265643,-1.9781,none,,,False,,97,0,0.206,-0.5625,
97,20,True,0.596473,-0.6937,cusum,,,True,negative,97,0,0.3679,-1.5392,
97,41,True,0.516608,-1.0038,none,,,False,,97,0,0.3679,-1.3407,
97,15,True,0.376949,-1.546,none,,,False,,97,0,0.3512,-1.632,
97,66,True,0.567149,-0.8075,none,,,False,,97,0,0.3471,-1.1966,
97,96,True,0.594656,-0.7007,none,,,False,,97,0,0.3471,-1.0545,
98,26,True,1.49889,3.0,cusum,,,True,positive,98,0,0.2484,3.5999,
98,25,True,1.306516,2.5876,none,,,False,,98,0,0.2531,3.5819,
98,39,True,1.190738,2.0949,none,,,False,,98,0,0.2415,2.9858,
98,95,True,0.590397,-0.4601,none,,,False,,98,0,0.2409,2.0089,
98,93,True,0.729798,0.1332,none,,,False,,98,0,0.2425,1.4,
98,60,True,0.755973,0.2446,none,,,False,,98,0,0.242,1.0095,
98,35,True,0.994211,1.2585,none,,,False,,98,0,0.1298,0.6792,
98,70,True,0.830763,0.5629,none,,,False,,98,0,0.2415,0.634,
98,94,True,0.887762,0.8055,none,,,False,,98,0,0.2811,0.3597,
98,55,True,0.765069,0.2833,none,,,False,,98,0,0.0409,0.2858,
98,57,True,0.516188,-0.7759,none,,,False,,98,0,0.046,0.2388,
98,40,True,0.748667,0.2135,none,,,False,,98,0,0.0811,0.1263,
98,48,True,0.75057,0.2216,none,,,False,,98,0,0.0413,0.1093,
98,65,True,0.688386,-0.043,none,,,False,,98,0,0.0811,0.0252,
98,9,True,0.493379,-0.873,none,,,False,,98,0,0.0425,-0.1579,
98,98,True,0.825094,0.5388,none,,,False,,98,0,0.042,-0.1775,
98,64,True,0.698499,0.0,none,,,False,,98,0,0.0569,-0.2246,
98,10,True,0.644977,-0.2278,none,,,False,,98,0,0.0811,-0.3487,
98,67,True,0.540012,-0.6745,none,,,False,,98,0,0.3046,-0.5419,
98,96,True,0.61418,-0.3588,none,,,False,,98,0,0.3298,-0.5446,
98,61,True,0.420407,-1.1835,cusum,,,True,negative,98,0,0.3683,-1.5993,
98,20,True,0.474041,-0.9553,none,,,False,,98,0,0.3597,-1.2164,
98,41,True,0.516212,-0.7758,none,,,False,,98,0,0.3597,-1.189,
98,92,True,0.171843,-2.2414,none,,,False,,98,0,0.3477,-1.4448,
98,15,True,0.49387,-0.8709,none,,,False,,98,0,0.3441,-1.5986,
99,26,True,1.553924,3.0,none,,,False,,99,0,0.248,3.6422,
99,25,True,1.437371,2.7176,cusum,,,True,positive,99,0,0.2525,3.5828,
99,39,True,1.036376,1.15,cusum,,,True,positive,99,0,0.2413,3.0519,
99,35,True,0.934023,0.7499,cusum,,,True,positive,99,0,0.3238,2.4139,
99,95,True,0.762318,0.0787,none,,,False,,99,0,0.2406,1.6216,
99,70,True,0.895762,0.6004,none,,,False,,99,0,0.2413,0.6818,
99,94,True,0.89716,0.6058,none,,,False,,99,0,0.0766,0.4771,
99,55,True,0.717501,-0.0965,none,,,False,,99,0,0.0406,0.3196,
99,93,True,0.886837,0.5655,none,,,False,,99,0,0.2422,0.2192,
99,60,True,0.787435,0.1769,none,,,False,,99,0,0.2417,0.2044,
99,48,True,0.742864,0.0027,none,,,False,,99,0,0.0411,0.1093,
99,40,True,0.761333,0.0749,none,,,False,,99,0,0.0766,0.0904,
99,57,True,0.74218,0.0,none,,,False,,99,0,0.0457,-0.0202,
99,98,True,0.741026,-0.0045,none,,,False,,99,0,0.0417,-0.0248,
99,65,True,0.754284,0.0473,none,,,False,,99,0,0.0766,-0.0506,
99,10,True,0.642732,-0.3888,none,,,False,,99,0,0.0766,-0.1893,
99,64,True,0.569635,-0.6745,none,,,False,,99,0,0.0563,-0.199,
99,9,True,0.534524,-0.8117,none,,,False,,99,0,0.0422,-0.3154,
99,96,True,0.517065,-0.88,none,,,False,,99,0,0.3238,-0.4568,
99,67,True,0.554247,-0.7346,none,,,False,,99,0,0.282,-0.5386,
99,61,True,0.330181,-1.6105,none,,,False,,99,0,0.3601,-1.5332,
99,20,True,0.50299,-0.935,none,,,False,,99,0,0.3521,-1.1847,
99,41,True,0.506771,-0.9202,none,,,False,,99,0,0.3521,-1.2187,
99,32,True,0.455998,-1.1187,none,,,False,,99,0,0.3479,-1.4584,
99,47,True,0.386307,-1.3911,none,,,False,,99,0,0.3479,-0.9138,
100,26,True,1.431373,3.0,cusum,,,True,positive,100,0,0.2476,3.7918,
100,25,True,1.415388,3.0,none,,,False,,100,0,0.252,3.5499,
100,39,True,1.258016,2.4696,none,,,False,,100,0,0.241,2.7762,
100,35,True,1.040024,1.4723,none,,,False,,100,0,0.318,1.9357,
100,95,True,0.745696,0.1259,none,,,False,,100,0,0.2404,1.2606,
100,94,True,0.799467,0.3719,none,,,False,,100,0,0.0721,0.5849,
100,70,True,0.914222,0.8968,none,,,False,,100,0,0.241,0.5551,
100,93,True,0.865615,0.6745,none,,,False,,100,0,0.2419,0.3898,
100,55,True,0.718171,0.0,none,,,False,,100,0,0.0404,0.1811,
100,65,True,0.583057,-0.6181,none,,,False,,100,0,0.0721,0.1761,
100,60,True,0.849335,0.6,none,,,False,,100,0,0.2415,0.135,
100,48,True,0.755918,0.1727,none,,,False,,100,0,0.0408,0.1281,
100,40,True,0.799572,0.3724,none,,,False,,100,0,0.0721,0.096,
100,98,True,0.7999,0.3739,none,,,False,,100,0,0.0415,0.0463,
100,57,True,0.58693,-0.6004,none,,,False,,100,0,0.0453,0.026,
100,10,True,0.615982,-0.4675,none,,,False,,100,0,0.0721,-0.096,
100,64,True,0.679541,-0.1767,none,,,False,,100,0,0.0557,-0.4626,
100,96,True,0.561948,-0.7147,none,,,False,,100,0,0.318,-0.5287,
100,45,True,0.532183,-0.8508,none,,,False,,100,0,0.1314,-0.5579,
100,28,True,0.52159,-0.8993,none,,,False,,100,0,0.3311,-0.5673,
100,61,True,0.415751,-1.3834,none,,,False,,100,0,0.3526,-1.9521,
100,22,True,0.486759,-1.0586,none,,,False,,100,0,0.3484,-1.1332,
100,0,True,0.665013,-0.2432,none,,,False,,100,0,0.346,-0.6012,
100,20,True,0.229542,-2.2353,none,,,False,,100,0,0.345,-1.2277,
100,41,True,0.522088,-0.897,cusum,,,True,negative,100,0,0.345,-1.2663,
