round,client_id,selected,utility,normalized_utility,detector,cusum_pos,cusum_neg,change_detected,change_direction,last_seen,age,explore_score,exploit_score,final_score
1,39,True,0.865762,3.0,none,,,False,,1,0,,,
1,92,True,0.140497,-0.3428,none,,,False,,1,0,,,
1,43,True,0.562543,1.9936,none,,,False,,1,0,,,
1,37,True,0.492373,1.6052,none,,,False,,1,0,,,
1,89,True,0.21805,0.0865,none,,,False,,1,0,,,
1,27,True,0.460828,1.4305,none,,,False,,1,0,,,
1,95,True,0.220232,0.0986,none,,,False,,1,0,,,
1,1,True,0.073478,-0.7138,none,,,False,,1,0,,,
1,8,True,0.300131,0.5409,none,,,False,,1,0,,,
1,7,True,0.108357,-0.5207,none,,,False,,1,0,,,
1,17,True,0.19514,-0.0403,none,,,False,,1,0,,,
1,69,True,0.180779,-0.1198,none,,,False,,1,0,,,
1,12,True,0.198755,-0.0203,none,,,False,,1,0,,,
1,90,True,0.104044,-0.5446,none,,,False,,1,0,,,
1,74,True,0.070224,-0.7318,none,,,False,,1,0,,,
1,65,True,0.097342,-0.5817,none,,,False,,1,0,,,
1,82,True,0.3301,0.7068,none,,,False,,1,0,,,
1,84,True,0.186027,-0.0907,none,,,False,,1,0,,,
1,85,True,0.010466,-1.0626,none,,,False,,1,0,,,
1,32,True,0.655986,2.5109,none,,,False,,1,0,,,
1,57,True,0.445829,1.3475,none,,,False,,1,0,,,
1,78,True,0.674498,2.6134,none,,,False,,1,0,,,
1,45,True,0.206077,0.0203,none,,,False,,1,0,,,
1,36,True,0.035389,-0.9246,none,,,False,,1,0,,,
1,77,True,0.030023,-0.9543,none,,,False,,1,0,,,
1,55,True,0.372194,0.9399,none,,,False,,1,0,,,
1,54,True,0.332824,0.7219,none,,,False,,1,0,,,
1,10,True,0.117848,-0.4682,none,,,False,,1,0,,,
1,35,True,0.106538,-0.5308,none,,,False,,1,0,,,
1,86,True,0.663812,2.5542,none,,,False,,1,0,,,
1,28,True,1.353968,3.0,none,,,False,,1,0,,,
1,94,True,0.341405,0.7694,none,,,False,,1,0,,,
1,6,True,0.09708,-0.5831,none,,,False,,1,0,,,
1,67,True,0.086419,-0.6421,none,,,False,,1,0,,,
1,60,True,0.14731,-0.3051,none,,,False,,1,0,,,
1,51,True,0.254952,0.2908,none,,,False,,1,0,,,
2,50,True,0.526161,0.2085,none,,,False,,2,0,,,
2,13,True,0.127028,-1.894,none,,,False,,2,0,,,
2,14,True,0.18128,-1.6083,none,,,False,,2,0,,,
2,34,True,0.678748,1.0122,none,,,False,,2,0,,,
2,73,True,0.088999,-2.0944,none,,,False,,2,0,,,
2,4,True,0.228293,-1.3606,none,,,False,,2,0,,,
2,70,True,0.541475,0.2891,none,,,False,,2,0,,,
2,37,True,0.474046,-0.0661,none,,,False,,2,0,,,
2,28,True,1.229711,3.0,none,,,False,,2,0,,,
2,22,True,0.814302,1.7263,none,,,False,,2,0,,,
2,44,True,0.212005,-1.4464,none,,,False,,2,0,,,
2,90,True,0.400041,-0.4559,none,,,False,,2,0,,,
2,75,True,0.488172,0.0083,none,,,False,,2,0,,,
2,97,True,0.930408,2.3379,none,,,False,,2,0,,,
2,65,True,0.35387,-0.6991,none,,,False,,2,0,,,
2,56,True,0.840434,1.8639,none,,,False,,2,0,,,
2,68,True,0.77294,1.5084,none,,,False,,2,0,,,
2,48,True,0.144064,-1.8043,none,,,False,,2,0,,,
2,25,True,0.559342,0.3832,none,,,False,,2,0,,,
2,96,True,0.493869,0.0384,none,,,False,,2,0,,,
2,83,True,0.271488,-1.1331,none,,,False,,2,0,,,
2,21,True,0.392644,-0.4949,none,,,False,,2,0,,,
2,12,True,0.490255,0.0193,none,,,False,,2,0,,,
2,54,True,0.373046,-0.5981,none,,,False,,2,0,,,
2,8,True,0.39543,-0.4802,none,,,False,,2,0,,,
2,58,True,0.581797,0.5015,none,,,False,,2,0,,,
2,17,True,0.598058,0.5872,none,,,False,,2,0,,,
2,94,True,1.306375,3.0,none,,,False,,2,0,,,
2,62,True,0.399722,-0.4576,none,,,False,,2,0,,,
2,9,True,1.180992,3.0,none,,,False,,2,0,,,
2,41,True,0.376978,-0.5774,none,,,False,,2,0,,,
2,77,True,0.10645,-2.0024,none,,,False,,2,0,,,
2,32,True,0.582059,0.5029,none,,,False,,2,0,,,
2,46,True,0.485005,-0.0083,none,,,False,,2,0,,,
2,92,True,0.363219,-0.6499,none,,,False,,2,0,,,
2,42,True,0.683662,1.0381,none,,,False,,2,0,,,
3,53,True,0.718091,0.3091,none,,,False,,3,0,,,
3,26,True,0.583549,-0.1485,none,,,False,,3,0,,,
3,72,True,0.397085,-0.7827,none,,,False,,3,0,,,
3,0,True,0.691863,0.2199,none,,,False,,3,0,,,
3,25,True,0.697522,0.2392,none,,,False,,3,0,,,
3,98,True,0.23007,-1.3508,none,,,False,,3,0,,,
3,81,True,0.668281,0.1397,none,,,False,,3,0,,,
3,75,True,0.583527,-0.1486,none,,,False,,3,0,,,
3,33,True,0.428957,-0.6743,none,,,False,,3,0,,,
3,99,True,1.012741,1.3113,none,,,False,,3,0,,,
3,21,True,0.385403,-0.8224,none,,,False,,3,0,,,
3,29,True,0.448269,-0.6086,none,,,False,,3,0,,,
3,88,True,1.228273,2.0444,none,,,False,,3,0,,,
3,18,True,0.797695,0.5799,none,,,False,,3,0,,,
3,69,True,0.927969,1.023,none,,,False,,3,0,,,
3,20,True,0.634961,0.0264,none,,,False,,3,0,,,
3,56,True,0.950199,1.0986,none,,,False,,3,0,,,
3,3,True,1.013423,1.3136,none,,,False,,3,0,,,
3,19,True,0.894594,0.9095,none,,,False,,3,0,,,
3,79,True,0.280204,-1.1802,none,,,False,,3,0,,,
3,7,True,0.542091,-0.2895,none,,,False,,3,0,,,
3,16,True,0.825566,0.6747,none,,,False,,3,0,,,
3,8,True,0.376146,-0.8539,none,,,False,,3,0,,,
3,94,True,1.216895,2.0057,none,,,False,,3,0,,,
3,49,True,0.335956,-0.9906,none,,,False,,3,0,,,
3,78,True,1.007348,1.293,none,,,False,,3,0,,,
3,4,True,0.423655,-0.6923,none,,,False,,3,0,,,
3,54,True,0.391077,-0.8031,none,,,False,,3,0,,,
3,60,True,0.504912,-0.4159,none,,,False,,3,0,,,
3,27,True,0.578032,-0.1672,none,,,False,,3,0,,,
3,42,True,0.813553,0.6338,none,,,False,,3,0,,,
3,12,True,0.457924,-0.5758,none,,,False,,3,0,,,
3,61,True,0.619445,-0.0264,none,,,False,,3,0,,,
3,14,True,0.471341,-0.5301,none,,,False,,3,0,,,
3,15,True,0.932165,1.0373,none,,,False,,3,0,,,
3,76,True,0.717256,0.3063,none,,,False,,3,0,,,
4,4,True,0.455285,-0.2673,none,,,False,,4,0,,,
4,62,True,0.387865,-0.7738,none,,,False,,4,0,,,
4,68,True,0.89181,3.0,none,,,False,,4,0,,,
4,51,True,0.936174,3.0,none,,,False,,4,0,,,
4,90,True,0.541307,0.379,none,,,False,,4,0,,,
4,71,True,0.506092,0.1145,none,,,False,,4,0,,,
4,89,True,0.435507,-0.4159,none,,,False,,4,0,,,
4,56,True,0.955521,3.0,none,,,False,,4,0,,,
4,11,True,0.471572,-0.1449,none,,,False,,4,0,,,
4,26,True,0.738642,1.8617,none,,,False,,4,0,,,
4,74,True,0.526279,0.2661,none,,,False,,4,0,,,
4,65,True,0.440941,-0.3751,none,,,False,,4,0,,,
4,50,True,0.762126,2.0381,none,,,False,,4,0,,,
4,34,True,0.833881,2.5772,none,,,False,,4,0,,,
4,77,True,0.283537,-1.5577,none,,,False,,4,0,,,
4,92,True,0.402337,-0.6651,none,,,False,,4,0,,,
4,82,True,0.295213,-1.47,none,,,False,,4,0,,,
4,8,True,0.55521,0.4835,none,,,False,,4,0,,,
4,7,True,0.361162,-0.9745,none,,,False,,4,0,,,
4,23,True,0.581881,0.6839,none,,,False,,4,0,,,
4,97,True,0.994544,3.0,none,,,False,,4,0,,,
4,46,True,0.601783,0.8334,none,,,False,,4,0,,,
4,12,True,0.528891,0.2857,none,,,False,,4,0,,,
4,6,True,0.541468,0.3802,none,,,False,,4,0,,,
4,21,True,0.516977,0.1962,none,,,False,,4,0,,,
4,75,True,0.464075,-0.2012,none,,,False,,4,0,,,
4,72,True,0.467587,-0.1749,none,,,False,,4,0,,,
4,44,True,0.58517,0.7086,none,,,False,,4,0,,,
4,86,True,0.463763,-0.2036,none,,,False,,4,0,,,
4,98,True,0.147157,-2.5824,none,,,False,,4,0,,,
4,59,True,0.591441,0.7557,none,,,False,,4,0,,,
4,48,True,0.337309,-1.1537,none,,,False,,4,0,,,
4,60,True,0.320933,-1.2767,none,,,False,,4,0,,,
4,19,True,0.467044,-0.1789,none,,,False,,4,0,,,
4,27,True,0.430233,-0.4555,none,,,False,,4,0,,,
4,33,True,0.475626,-0.1145,none,,,False,,4,0,,,
5,39,True,1.208836,2.4821,none,,,False,,5,0,,,
5,29,True,0.543138,-0.4179,none,,,False,,5,0,,,
5,32,True,0.691362,0.2278,none,,,False,,5,0,,,
5,63,True,0.479259,-0.6962,none,,,False,,5,0,,,
5,42,True,0.724518,0.3722,none,,,False,,5,0,,,
5,21,True,0.464051,-0.7625,none,,,False,,5,0,,,
5,20,True,0.634,-0.0221,none,,,False,,5,0,,,
5,45,True,0.644153,0.0221,none,,,False,,5,0,,,
5,61,True,0.656647,0.0765,none,,,False,,5,0,,,
5,15,True,1.079205,1.9174,none,,,False,,5,0,,,
5,86,True,0.79012,0.658,none,,,False,,5,0,,,
5,67,True,0.542569,-0.4204,none,,,False,,5,0,,,
5,48,True,0.276581,-1.5792,none,,,False,,5,0,,,
5,53,True,0.840751,0.8786,none,,,False,,5,0,,,
5,41,True,0.356219,-1.2323,none,,,False,,5,0,,,
5,37,True,0.551983,-0.3794,none,,,False,,5,0,,,
5,83,True,0.590928,-0.2098,none,,,False,,5,0,,,
5,93,True,0.252314,-1.6849,none,,,False,,5,0,,,
5,1,True,0.4848,-0.6721,none,,,False,,5,0,,,
5,78,True,0.794241,0.676,none,,,False,,5,0,,,
5,52,True,0.55356,-0.3726,none,,,False,,5,0,,,
5,26,True,0.657842,0.0818,none,,,False,,5,0,,,
5,9,True,1.221618,2.5378,none,,,False,,5,0,,,
5,79,True,0.216437,-1.8412,none,,,False,,5,0,,,
5,13,True,0.350703,-1.2563,none,,,False,,5,0,,,
5,27,True,0.479034,-0.6972,none,,,False,,5,0,,,
5,76,True,0.886965,1.0799,none,,,False,,5,0,,,
5,3,True,1.063266,1.848,none,,,False,,5,0,,,
5,18,True,0.793564,0.673,none,,,False,,5,0,,,
5,95,True,0.813055,0.7579,none,,,False,,5,0,,,
5,31,True,0.896559,1.1217,none,,,False,,5,0,,,
5,50,True,0.484952,-0.6714,none,,,False,,5,0,,,
5,70,True,0.700466,0.2674,none,,,False,,5,0,,,
5,22,True,1.22893,2.5697,none,,,False,,5,0,,,
5,10,True,0.599625,-0.1719,none,,,False,,5,0,,,
5,11,True,0.551654,-0.3809,none,,,False,,5,0,,,
6,11,True,0.516645,0.3992,none,,,False,,6,0,,,
6,80,True,0.969263,2.619,none,,,False,,6,0,,,
6,15,True,1.051566,3.0,none,,,False,,6,0,,,
6,74,True,0.535258,0.4905,none,,,False,,6,0,,,
6,16,True,0.965976,2.6029,none,,,False,,6,0,,,
6,14,True,0.428753,-0.0318,none,,,False,,6,0,,,
6,89,True,0.439928,0.023,none,,,False,,6,0,,,
6,86,True,0.724865,1.4204,none,,,False,,6,0,,,
6,54,True,0.351843,-0.409,none,,,False,,6,0,,,
6,84,True,0.426921,-0.0408,none,,,False,,6,0,,,
6,70,True,0.49633,0.2996,none,,,False,,6,0,,,
6,55,True,0.519172,0.4116,none,,,False,,6,0,,,
6,92,True,0.396311,-0.1909,none,,,False,,6,0,,,
6,32,True,0.579686,0.7084,none,,,False,,6,0,,,
6,30,True,0.244068,-0.9376,none,,,False,,6,0,,,
6,59,True,0.460109,0.1219,none,,,False,,6,0,,,
6,56,True,0.860046,2.0834,none,,,False,,6,0,,,
6,39,True,0.850512,2.0366,none,,,False,,6,0,,,
6,66,True,0.376534,-0.2879,none,,,False,,6,0,,,
6,82,True,0.308468,-0.6218,none,,,False,,6,0,,,
6,18,True,0.88332,2.1975,none,,,False,,6,0,,,
6,98,True,0.176147,-1.2707,none,,,False,,6,0,,,
6,52,True,0.344715,-0.444,none,,,False,,6,0,,,
6,13,True,0.319502,-0.5676,none,,,False,,6,0,,,
6,1,True,0.209235,-1.1084,none,,,False,,6,0,,,
6,53,True,0.565857,0.6406,none,,,False,,6,0,,,
6,22,True,0.996474,2.7525,none,,,False,,6,0,,,
6,17,True,0.622187,0.9168,none,,,False,,6,0,,,
6,42,True,0.687257,1.236,none,,,False,,6,0,,,
6,77,True,0.265737,-0.8313,none,,,False,,6,0,,,
6,37,True,0.404871,-0.149,none,,,False,,6,0,,,
6,73,True,0.28575,-0.7332,none,,,False,,6,0,,,
6,93,True,0.278578,-0.7683,none,,,False,,6,0,,,
6,62,True,0.430558,-0.023,none,,,False,,6,0,,,
6,36,True,0.356425,-0.3866,none,,,False,,6,0,,,
6,49,True,0.202234,-1.1428,none,,,False,,6,0,,,
7,69,True,0.398221,-0.4658,none,,,False,,7,0,,,
7,54,True,0.33646,-0.6895,none,,,False,,7,0,,,
7,85,True,0.10152,-1.5406,none,,,False,,7,0,,,
7,64,True,0.507777,-0.0689,none,,,False,,7,0,,,
7,0,True,0.902374,1.3604,none,,,False,,7,0,,,
7,87,True,0.653615,0.4593,none,,,False,,7,0,,,
7,49,True,0.38636,-0.5088,none,,,False,,7,0,,,
7,66,True,0.424856,-0.3693,none,,,False,,7,0,,,
7,57,True,0.887891,1.308,none,,,False,,7,0,,,
7,25,True,0.467954,-0.2132,none,,,False,,7,0,,,
7,95,True,0.740352,0.7735,none,,,False,,7,0,,,
7,19,True,0.626669,0.3617,none,,,False,,7,0,,,
7,42,True,0.726766,0.7243,none,,,False,,7,0,,,
7,15,True,0.801074,0.9935,none,,,False,,7,0,,,
7,9,True,1.19398,2.4168,none,,,False,,7,0,,,
7,8,True,0.235329,-1.0559,none,,,False,,7,0,,,
7,7,True,0.412296,-0.4148,none,,,False,,7,0,,,
7,96,True,0.568695,0.1517,none,,,False,,7,0,,,
7,40,True,1.017726,1.7783,none,,,False,,7,0,,,
7,90,True,0.456274,-0.2555,none,,,False,,7,0,,,
7,67,True,0.476406,-0.1826,none,,,False,,7,0,,,
7,13,True,0.325055,-0.7308,none,,,False,,7,0,,,
7,20,True,0.531604,0.0174,none,,,False,,7,0,,,
7,94,True,1.49545,3.0,none,,,False,,7,0,,,
7,53,True,0.689407,0.589,none,,,False,,7,0,,,
7,3,True,0.828995,1.0946,none,,,False,,7,0,,,
7,74,True,0.471402,-0.2007,none,,,False,,7,0,,,
7,6,True,0.449532,-0.2799,none,,,False,,7,0,,,
7,44,True,0.522017,-0.0174,none,,,False,,7,0,,,
7,77,True,0.23141,-1.0701,none,,,False,,7,0,,,
7,38,True,0.344763,-0.6595,none,,,False,,7,0,,,
7,34,True,0.830748,1.101,none,,,False,,7,0,,,
7,91,True,0.878146,1.2727,none,,,False,,7,0,,,
7,88,True,0.904854,1.3694,none,,,False,,7,0,,,
7,76,True,1.195009,2.4205,none,,,False,,7,0,,,
7,21,True,0.38758,-0.5044,none,,,False,,7,0,,,
8,7,True,0.412818,-0.5,none,,,False,,8,0,,,
8,13,True,0.38078,-0.6817,none,,,False,,8,0,,,
8,29,True,0.550475,0.2807,none,,,False,,8,0,,,
8,96,True,0.558139,0.3242,none,,,False,,8,0,,,
8,43,True,0.674611,0.9848,none,,,False,,8,0,,,
8,38,True,0.357753,-0.8123,none,,,False,,8,0,,,
8,86,True,0.676007,0.9927,none,,,False,,8,0,,,
8,56,True,0.827702,1.8531,none,,,False,,8,0,,,
8,82,True,0.347801,-0.8688,none,,,False,,8,0,,,
8,1,True,0.383332,-0.6673,none,,,False,,8,0,,,
8,90,True,0.411577,-0.5071,none,,,False,,8,0,,,
8,0,True,0.75082,1.417,none,,,False,,8,0,,,
8,63,True,0.321328,-1.0189,none,,,False,,8,0,,,
8,9,True,0.976568,2.6974,none,,,False,,8,0,,,
8,84,True,0.335696,-0.9374,none,,,False,,8,0,,,
8,42,True,0.687034,1.0553,none,,,False,,8,0,,,
8,67,True,0.513474,0.0709,none,,,False,,8,0,,,
8,30,True,0.306872,-1.1009,none,,,False,,8,0,,,
8,8,True,0.392593,-0.6147,none,,,False,,8,0,,,
8,78,True,0.802763,1.7116,none,,,False,,8,0,,,
8,37,True,0.559445,0.3316,none,,,False,,8,0,,,
8,14,True,0.388534,-0.6378,none,,,False,,8,0,,,
8,66,True,0.398502,-0.5812,none,,,False,,8,0,,,
8,89,True,0.42179,-0.4491,none,,,False,,8,0,,,
8,69,True,0.804937,1.724,none,,,False,,8,0,,,
8,46,True,0.656727,0.8834,none,,,False,,8,0,,,
8,33,True,0.478066,-0.1299,none,,,False,,8,0,,,
8,21,True,0.50952,0.0484,none,,,False,,8,0,,,
8,5,True,0.288725,-1.2038,none,,,False,,8,0,,,
8,54,True,0.365407,-0.7689,none,,,False,,8,0,,,
8,27,True,0.492057,-0.0506,none,,,False,,8,0,,,
8,6,True,0.51449,0.0766,none,,,False,,8,0,,,
8,34,True,0.76407,1.4922,none,,,False,,8,0,,,
8,45,True,0.587838,0.4926,none,,,False,,8,0,,,
8,64,True,0.497293,-0.0209,none,,,False,,8,0,,,
8,72,True,0.504663,0.0209,none,,,False,,8,0,,,
9,46,True,0.447164,-0.191,none,,,False,,9,0,,,
9,13,True,0.343522,-0.7161,none,,,False,,9,0,,,
9,49,True,0.329022,-0.7896,none,,,False,,9,0,,,
9,79,True,0.329468,-0.7873,none,,,False,,9,0,,,
9,29,True,0.625681,0.7135,none,,,False,,9,0,,,
9,19,True,0.606399,0.6158,none,,,False,,9,0,,,
9,53,True,0.567421,0.4183,none,,,False,,9,0,,,
9,44,True,0.676514,0.971,none,,,False,,9,0,,,
9,51,True,0.653033,0.852,none,,,False,,9,0,,,
9,26,True,0.638759,0.7797,none,,,False,,9,0,,,
9,72,True,0.431398,-0.2709,none,,,False,,9,0,,,
9,18,True,0.902455,2.1157,none,,,False,,9,0,,,
9,4,True,0.371749,-0.5731,none,,,False,,9,0,,,
9,80,True,0.967837,2.447,none,,,False,,9,0,,,
9,99,True,1.375986,3.0,none,,,False,,9,0,,,
9,69,True,0.466886,-0.0911,none,,,False,,9,0,,,
9,77,True,0.271927,-1.0788,none,,,False,,9,0,,,
9,91,True,0.612466,0.6465,none,,,False,,9,0,,,
9,6,True,0.449085,-0.1813,none,,,False,,9,0,,,
9,33,True,0.524864,0.2027,none,,,False,,9,0,,,
9,41,True,0.365028,-0.6071,none,,,False,,9,0,,,
9,2,True,0.759466,1.3913,none,,,False,,9,0,,,
9,93,True,0.230867,-1.2869,none,,,False,,9,0,,,
9,50,True,0.38003,-0.5311,none,,,False,,9,0,,,
9,75,True,0.481231,-0.0184,none,,,False,,9,0,,,
9,65,True,0.357255,-0.6465,none,,,False,,9,0,,,
9,1,True,0.446961,-0.192,none,,,False,,9,0,,,
9,10,True,0.51829,0.1694,none,,,False,,9,0,,,
9,88,True,1.42935,3.0,none,,,False,,9,0,,,
9,30,True,0.346218,-0.7025,none,,,False,,9,0,,,
9,71,True,0.488495,0.0184,none,,,False,,9,0,,,
9,8,True,0.277047,-1.0529,none,,,False,,9,0,,,
9,54,True,0.45597,-0.1464,none,,,False,,9,0,,,
9,62,True,0.497288,0.0629,none,,,False,,9,0,,,
9,43,True,0.801382,1.6037,none,,,False,,9,0,,,
9,57,True,0.851013,1.8551,none,,,False,,9,0,,,
10,4,True,0.478401,-0.4643,none,,,False,,10,0,,,
10,76,True,0.93265,1.4007,none,,,False,,10,0,,,
10,78,True,0.974676,1.5733,none,,,False,,10,0,,,
10,70,True,0.482079,-0.4492,none,,,False,,10,0,,,
10,80,True,0.865074,1.1233,none,,,False,,10,0,,,
10,7,True,0.595559,0.0167,none,,,False,,10,0,,,
10,73,True,0.34492,-1.0124,none,,,False,,10,0,,,
10,46,True,0.423283,-0.6906,none,,,False,,10,0,,,
10,22,True,0.807356,0.8863,none,,,False,,10,0,,,
10,17,True,0.735914,0.593,none,,,False,,10,0,,,
10,65,True,0.320367,-1.1132,none,,,False,,10,0,,,
10,31,True,0.715402,0.5088,none,,,False,,10,0,,,
10,18,True,0.833183,0.9923,none,,,False,,10,0,,,
10,12,True,0.555706,-0.1469,none,,,False,,10,0,,,
10,67,True,0.384146,-0.8513,none,,,False,,10,0,,,
10,53,True,0.751839,0.6584,none,,,False,,10,0,,,
10,40,True,1.254603,2.7226,none,,,False,,10,0,,,
10,64,True,0.644132,0.2161,none,,,False,,10,0,,,
10,86,True,0.9352,1.4112,none,,,False,,10,0,,,
10,21,True,0.489468,-0.4189,none,,,False,,10,0,,,
10,25,True,0.743959,0.626,none,,,False,,10,0,,,
10,16,True,1.120925,2.1737,none,,,False,,10,0,,,
10,68,True,0.566784,-0.1014,none,,,False,,10,0,,,
10,99,True,1.530751,3.0,none,,,False,,10,0,,,
10,87,True,0.593655,0.0089,none,,,False,,10,0,,,
10,49,True,0.300436,-1.195,none,,,False,,10,0,,,
10,19,True,0.696106,0.4295,none,,,False,,10,0,,,
10,15,True,0.857135,1.0907,none,,,False,,10,0,,,
10,3,True,0.588999,-0.0102,none,,,False,,10,0,,,
10,63,True,0.457784,-0.549,none,,,False,,10,0,,,
10,59,True,0.589326,-0.0089,none,,,False,,10,0,,,
10,35,True,0.533425,-0.2384,none,,,False,,10,0,,,
10,41,True,0.22578,-1.5015,none,,,False,,10,0,,,
10,62,True,0.390503,-0.8252,none,,,False,,10,0,,,
10,2,True,0.479671,-0.4591,none,,,False,,10,0,,,
10,79,True,0.306912,-1.1684,none,,,False,,10,0,,,
11,35,True,0.499872,-0.1174,none,,,False,,11,0,,,
11,61,True,0.525945,-0.0045,none,,,False,,11,0,,,
11,3,True,0.941715,1.7955,none,,,False,,11,0,,,
11,30,True,0.334313,-0.8342,none,,,False,,11,0,,,
11,34,True,0.653406,0.5473,none,,,False,,11,0,,,
11,77,True,0.299616,-0.9844,none,,,False,,11,0,,,
11,78,True,0.712358,0.8025,none,,,False,,11,0,,,
11,73,True,0.305723,-0.958,none,,,False,,11,0,,,
11,26,True,0.737847,0.9129,none,,,False,,11,0,,,
11,67,True,0.605113,0.3382,none,,,False,,11,0,,,
11,20,True,0.441741,-0.3691,none,,,False,,11,0,,,
11,51,True,0.910562,1.6606,none,,,False,,11,0,,,
11,5,True,0.33037,-0.8513,none,,,False,,11,0,,,
11,79,True,0.380863,-0.6327,none,,,False,,11,0,,,
11,24,True,0.467409,-0.258,none,,,False,,11,0,,,
11,87,True,0.528047,0.0045,none,,,False,,11,0,,,
11,48,True,0.309992,-0.9395,none,,,False,,11,0,,,
11,71,True,0.514685,-0.0533,none,,,False,,11,0,,,
11,23,True,0.66598,0.6017,none,,,False,,11,0,,,
11,11,True,0.481261,-0.198,none,,,False,,11,0,,,
11,84,True,0.361545,-0.7163,none,,,False,,11,0,,,
11,95,True,0.825394,1.2919,none,,,False,,11,0,,,
11,81,True,0.425118,-0.4411,none,,,False,,11,0,,,
11,38,True,0.385388,-0.6131,none,,,False,,11,0,,,
11,2,True,0.667948,0.6102,none,,,False,,11,0,,,
11,45,True,0.552361,0.1098,none,,,False,,11,0,,,
11,0,True,0.978541,1.9549,none,,,False,,11,0,,,
11,63,True,0.418745,-0.4687,none,,,False,,11,0,,,
11,44,True,0.594827,0.2937,none,,,False,,11,0,,,
11,16,True,0.9079,1.6491,none,,,False,,11,0,,,
11,28,True,1.173686,2.7998,none,,,False,,11,0,,,
11,76,True,0.90863,1.6523,none,,,False,,11,0,,,
11,90,True,0.466227,-0.2631,none,,,False,,11,0,,,
11,91,True,0.875845,1.5103,none,,,False,,11,0,,,
11,18,True,0.97088,1.9218,none,,,False,,11,0,,,
11,47,True,0.31996,-0.8963,none,,,False,,11,0,,,
12,53,True,0.76152,0.7305,none,,,False,,12,0,,,
12,29,True,0.52939,-0.1532,none,,,False,,12,0,,,
12,87,True,0.748997,0.6828,none,,,False,,12,0,,,
12,11,True,0.547641,-0.0837,none,,,False,,12,0,,,
12,52,True,0.311542,-0.9824,none,,,False,,12,0,,,
12,34,True,0.65583,0.3281,none,,,False,,12,0,,,
12,24,True,0.390645,-0.6813,none,,,False,,12,0,,,
12,62,True,0.417579,-0.5788,none,,,False,,12,0,,,
12,14,True,0.49916,-0.2682,none,,,False,,12,0,,,
12,50,True,0.449393,-0.4577,none,,,False,,12,0,,,
12,22,True,1.092073,1.9887,none,,,False,,12,0,,,
12,70,True,0.311972,-0.9808,none,,,False,,12,0,,,
12,83,True,0.437625,-0.5025,none,,,False,,12,0,,,
12,93,True,0.213921,-1.354,none,,,False,,12,0,,,
12,91,True,0.813407,0.928,none,,,False,,12,0,,,
12,90,True,0.472633,-0.3692,none,,,False,,12,0,,,
12,35,True,0.563126,-0.0247,none,,,False,,12,0,,,
12,26,True,0.632597,0.2397,none,,,False,,12,0,,,
12,4,True,0.325276,-0.9301,none,,,False,,12,0,,,
12,80,True,0.699603,0.4948,none,,,False,,12,0,,,
12,43,True,0.790217,0.8397,none,,,False,,12,0,,,
12,36,True,0.459498,-0.4192,none,,,False,,12,0,,,
12,12,True,0.511538,-0.2211,none,,,False,,12,0,,,
12,88,True,1.239947,2.5516,none,,,False,,12,0,,,
12,1,True,0.576126,0.0247,none,,,False,,12,0,,,
12,60,True,0.394227,-0.6677,none,,,False,,12,0,,,
12,17,True,0.830344,0.9925,none,,,False,,12,0,,,
12,28,True,1.268439,2.6601,none,,,False,,12,0,,,
12,78,True,0.804418,0.8938,none,,,False,,12,0,,,
12,41,True,0.288551,-1.0699,none,,,False,,12,0,,,
12,31,True,0.920146,1.3343,none,,,False,,12,0,,,
12,56,True,0.860173,1.106,none,,,False,,12,0,,,
12,95,True,0.684232,0.4363,none,,,False,,12,0,,,
12,97,True,0.832335,1.0,none,,,False,,12,0,,,
12,44,True,0.544984,-0.0938,none,,,False,,12,0,,,
12,10,True,0.721155,0.5768,none,,,False,,12,0,,,
13,73,True,0.291335,-0.939,none,,,False,,13,0,,,
13,98,True,0.212126,-1.2995,none,,,False,,13,0,,,
13,4,True,0.371009,-0.5765,none,,,False,,13,0,,,
13,46,True,0.415149,-0.3756,none,,,False,,13,0,,,
13,62,True,0.257418,-1.0934,none,,,False,,13,0,,,
13,74,True,0.500394,0.0124,none,,,False,,13,0,,,
13,23,True,0.494964,-0.0124,none,,,False,,13,0,,,
13,30,True,0.288892,-0.9501,none,,,False,,13,0,,,
13,3,True,0.740985,1.1072,none,,,False,,13,0,,,
13,47,True,0.303722,-0.8827,none,,,False,,13,0,,,
13,51,True,0.877702,1.7294,none,,,False,,13,0,,,
13,21,True,0.490248,-0.0338,none,,,False,,13,0,,,
13,86,True,0.637026,0.6341,none,,,False,,13,0,,,
13,39,True,1.045202,2.4917,none,,,False,,13,0,,,
13,89,True,0.492954,-0.0215,none,,,False,,13,0,,,
13,13,True,0.43481,-0.2861,none,,,False,,13,0,,,
13,1,True,0.458568,-0.178,none,,,False,,13,0,,,
13,77,True,0.355618,-0.6465,none,,,False,,13,0,,,
13,28,True,1.12529,2.8561,none,,,False,,13,0,,,
13,54,True,0.477002,-0.0941,none,,,False,,13,0,,,
13,92,True,0.266298,-1.053,none,,,False,,13,0,,,
13,71,True,0.598919,0.4607,none,,,False,,13,0,,,
13,33,True,0.564617,0.3046,none,,,False,,13,0,,,
13,88,True,0.999062,2.2817,none,,,False,,13,0,,,
13,94,True,1.457066,3.0,none,,,False,,13,0,,,
13,85,True,0.134326,-1.6535,none,,,False,,13,0,,,
13,45,True,0.693108,0.8894,none,,,False,,13,0,,,
13,82,True,0.327249,-0.7756,none,,,False,,13,0,,,
13,44,True,0.553187,0.2526,none,,,False,,13,0,,,
13,24,True,0.534062,0.1656,none,,,False,,13,0,,,
13,58,True,0.596321,0.4489,none,,,False,,13,0,,,
13,61,True,0.738376,1.0954,none,,,False,,13,0,,,
13,27,True,0.341098,-0.7126,none,,,False,,13,0,,,
13,25,True,0.652045,0.7025,none,,,False,,13,0,,,
13,29,True,0.53548,0.172,none,,,False,,13,0,,,
13,59,True,0.597522,0.4544,none,,,False,,13,0,,,
14,45,True,0.463761,-0.495,none,,,False,,14,0,,,
14,33,True,0.646348,0.1889,none,,,False,,14,0,,,
14,58,True,0.475043,-0.4527,none,,,False,,14,0,,,
14,11,True,0.636865,0.1533,none,,,False,,14,0,,,
14,87,True,0.656313,0.2262,none,,,False,,14,0,,,
14,60,True,0.523555,-0.271,none,,,False,,14,0,,,
14,57,True,0.867532,1.0173,none,,,False,,14,0,,,
14,5,True,0.389357,-0.7736,none,,,False,,14,0,,,
14,63,True,0.476837,-0.446,none,,,False,,14,0,,,
14,37,True,0.540107,-0.209,none,,,False,,14,0,,,
14,4,True,0.483808,-0.4199,none,,,False,,14,0,,,
14,74,True,0.569783,-0.0979,none,,,False,,14,0,,,
14,15,True,0.938971,1.2848,none,,,False,,14,0,,,
14,69,True,1.21302,2.3112,none,,,False,,14,0,,,
14,7,True,0.504062,-0.344,none,,,False,,14,0,,,
14,43,True,0.895867,1.1234,none,,,False,,14,0,,,
14,12,True,0.344179,-0.9429,none,,,False,,14,0,,,
14,3,True,0.903503,1.152,none,,,False,,14,0,,,
14,21,True,0.404217,-0.718,none,,,False,,14,0,,,
14,82,True,0.205467,-1.4624,none,,,False,,14,0,,,
14,18,True,0.896971,1.1275,none,,,False,,14,0,,,
14,52,True,0.367827,-0.8543,none,,,False,,14,0,,,
14,95,True,0.940453,1.2904,none,,,False,,14,0,,,
14,47,True,0.150858,-1.6669,none,,,False,,14,0,,,
14,76,True,0.922463,1.223,none,,,False,,14,0,,,
14,32,True,0.622062,0.0979,none,,,False,,14,0,,,
14,39,True,1.021677,1.5946,none,,,False,,14,0,,,
14,22,True,1.183298,2.1999,none,,,False,,14,0,,,
14,38,True,0.427446,-0.631,none,,,False,,14,0,,,
14,19,True,0.6521,0.2104,none,,,False,,14,0,,,
14,66,True,0.485059,-0.4152,none,,,False,,14,0,,,
14,17,True,0.704413,0.4063,none,,,False,,14,0,,,
14,94,True,1.171669,2.1563,none,,,False,,14,0,,,
14,75,True,0.762685,0.6246,none,,,False,,14,0,,,
14,24,True,0.555926,-0.1498,none,,,False,,14,0,,,
14,93,True,0.281778,-1.1766,none,,,False,,14,0,,,
15,66,True,0.284229,-1.1134,none,,,False,,15,0,,,
15,12,True,0.466633,-0.3236,none,,,False,,15,0,,,
15,78,True,0.843021,1.306,none,,,False,,15,0,,,
15,77,True,0.299624,-1.0467,none,,,False,,15,0,,,
15,36,True,0.408023,-0.5774,none,,,False,,15,0,,,
15,5,True,0.290221,-1.0875,none,,,False,,15,0,,,
15,60,True,0.523406,-0.0778,none,,,False,,15,0,,,
15,61,True,0.68422,0.6184,none,,,False,,15,0,,,
15,31,True,0.859477,1.3772,none,,,False,,15,0,,,
15,11,True,0.550549,0.0397,none,,,False,,15,0,,,
15,17,True,0.578498,0.1607,none,,,False,,15,0,,,
15,54,True,0.372653,-0.7306,none,,,False,,15,0,,,
15,4,True,0.533234,-0.0353,none,,,False,,15,0,,,
15,46,True,0.732995,0.8296,none,,,False,,15,0,,,
15,91,True,1.020085,2.0726,none,,,False,,15,0,,,
15,55,True,0.509692,-0.1372,none,,,False,,15,0,,,
15,81,True,0.641297,0.4326,none,,,False,,15,0,,,
15,33,True,0.538836,-0.011,none,,,False,,15,0,,,
15,82,True,0.334195,-0.8971,none,,,False,,15,0,,,
15,51,True,0.486383,-0.2381,none,,,False,,15,0,,,
15,2,True,0.594953,0.2319,none,,,False,,15,0,,,
15,52,True,0.411856,-0.5608,none,,,False,,15,0,,,
15,8,True,0.43016,-0.4816,none,,,False,,15,0,,,
15,59,True,0.251743,-1.254,none,,,False,,15,0,,,
15,87,True,0.515566,-0.1118,none,,,False,,15,0,,,
15,19,True,0.623268,0.3545,none,,,False,,15,0,,,
15,1,True,0.321049,-0.954,none,,,False,,15,0,,,
15,18,True,0.872611,1.4341,none,,,False,,15,0,,,
15,80,True,1.013631,2.0447,none,,,False,,15,0,,,
15,74,True,0.602447,0.2644,none,,,False,,15,0,,,
15,28,True,1.397911,3.0,none,,,False,,15,0,,,
15,97,True,1.076574,2.3172,none,,,False,,15,0,,,
15,22,True,0.80104,1.1242,none,,,False,,15,0,,,
15,85,True,0.127248,-1.7931,none,,,False,,15,0,,,
15,86,True,0.543933,0.011,none,,,False,,15,0,,,
15,42,True,0.80438,1.1387,none,,,False,,15,0,,,
16,34,True,0.53743,0.0011,none,,,False,,16,0,,,
16,93,True,0.286322,-0.9997,none,,,False,,16,0,,,
16,19,True,0.483393,-0.2143,none,,,False,,16,0,,,
16,66,True,0.470298,-0.2664,none,,,False,,16,0,,,
16,37,True,0.536874,-0.0011,none,,,False,,16,0,,,
16,31,True,1.002847,1.856,none,,,False,,16,0,,,
16,28,True,0.879007,1.3624,none,,,False,,16,0,,,
16,2,True,0.835416,1.1887,none,,,False,,16,0,,,
16,4,True,0.321199,-0.8607,none,,,False,,16,0,,,
16,62,True,0.502908,-0.1365,none,,,False,,16,0,,,
16,35,True,0.570919,0.1346,none,,,False,,16,0,,,
16,63,True,0.459883,-0.3079,none,,,False,,16,0,,,
16,68,True,0.716448,0.7146,none,,,False,,16,0,,,
16,33,True,0.595977,0.2344,none,,,False,,16,0,,,
16,9,True,0.840243,1.2079,none,,,False,,16,0,,,
16,90,True,0.563175,0.1037,none,,,False,,16,0,,,
16,32,True,0.7154,0.7104,none,,,False,,16,0,,,
16,51,True,1.025361,1.9457,none,,,False,,16,0,,,
16,21,True,0.525446,-0.0467,none,,,False,,16,0,,,
16,89,True,0.408686,-0.512,none,,,False,,16,0,,,
16,71,True,0.461425,-0.3018,none,,,False,,16,0,,,
16,69,True,1.293465,3.0,none,,,False,,16,0,,,
16,91,True,0.647565,0.44,none,,,False,,16,0,,,
16,65,True,0.472619,-0.2572,none,,,False,,16,0,,,
16,98,True,0.235407,-1.2026,none,,,False,,16,0,,,
16,56,True,0.968629,1.7196,none,,,False,,16,0,,,
16,15,True,1.18805,2.5941,none,,,False,,16,0,,,
16,20,True,0.510279,-0.1071,none,,,False,,16,0,,,
16,12,True,0.299847,-0.9458,none,,,False,,16,0,,,
16,54,True,0.376917,-0.6386,none,,,False,,16,0,,,
16,26,True,0.771768,0.935,none,,,False,,16,0,,,
16,5,True,0.277594,-1.0344,none,,,False,,16,0,,,
16,29,True,0.495072,-0.1677,none,,,False,,16,0,,,
16,70,True,0.505391,-0.1266,none,,,False,,16,0,,,
16,16,True,0.87279,1.3376,none,,,False,,16,0,,,
16,0,True,0.841707,1.2138,none,,,False,,16,0,,,
17,11,True,0.578778,0.3313,none,,,False,,17,0,,,
17,33,True,0.498879,-0.0096,none,,,False,,17,0,,,
17,97,True,0.771292,1.1526,none,,,False,,17,0,,,
17,5,True,0.503402,0.0096,none,,,False,,17,0,,,
17,96,True,0.447701,-0.228,none,,,False,,17,0,,,
17,51,True,0.701341,0.8542,none,,,False,,17,0,,,
17,23,True,0.617496,0.4965,none,,,False,,17,0,,,
17,66,True,0.397889,-0.4405,none,,,False,,17,0,,,
17,84,True,0.343122,-0.6742,none,,,False,,17,0,,,
17,18,True,0.864321,1.5496,none,,,False,,17,0,,,
17,29,True,0.366487,-0.5745,none,,,False,,17,0,,,
17,36,True,0.342991,-0.6748,none,,,False,,17,0,,,
17,61,True,0.738706,1.0136,none,,,False,,17,0,,,
17,72,True,0.479718,-0.0914,none,,,False,,17,0,,,
17,85,True,0.075478,-1.8162,none,,,False,,17,0,,,
17,37,True,0.455992,-0.1926,none,,,False,,17,0,,,
17,75,True,0.714153,0.9089,none,,,False,,17,0,,,
17,0,True,0.658693,0.6722,none,,,False,,17,0,,,
17,35,True,0.409665,-0.3903,none,,,False,,17,0,,,
17,30,True,0.249074,-1.0755,none,,,False,,17,0,,,
17,82,True,0.336102,-0.7042,none,,,False,,17,0,,,
17,15,True,0.805926,1.3004,none,,,False,,17,0,,,
17,76,True,0.916201,1.7709,none,,,False,,17,0,,,
17,67,True,0.441504,-0.2544,none,,,False,,17,0,,,
17,95,True,0.924926,1.8082,none,,,False,,17,0,,,
17,81,True,0.703241,0.8623,none,,,False,,17,0,,,
17,8,True,0.386734,-0.4881,none,,,False,,17,0,,,
17,3,True,0.858033,1.5227,none,,,False,,17,0,,,
17,94,True,1.250953,3.0,none,,,False,,17,0,,,
17,68,True,0.703187,0.8621,none,,,False,,17,0,,,
17,77,True,0.245014,-1.0928,none,,,False,,17,0,,,
17,74,True,0.482731,-0.0785,none,,,False,,17,0,,,
17,1,True,0.277441,-0.9545,none,,,False,,17,0,,,
17,27,True,0.652016,0.6437,none,,,False,,17,0,,,
17,64,True,0.460052,-0.1753,none,,,False,,17,0,,,
17,50,True,0.561666,0.2582,none,,,False,,17,0,,,
18,21,True,0.486589,-0.3301,none,,,False,,18,0,,,
18,6,True,0.55094,-0.0348,none,,,False,,18,0,,,
18,56,True,0.837626,1.2809,none,,,False,,18,0,,,
18,32,True,0.615893,0.2633,none,,,False,,18,0,,,
18,90,True,0.566091,0.0348,none,,,False,,18,0,,,
18,19,True,0.54941,-0.0418,none,,,False,,18,0,,,
18,86,True,0.582508,0.1101,none,,,False,,18,0,,,
18,80,True,0.835553,1.2714,none,,,False,,18,0,,,
18,1,True,0.518693,-0.1828,none,,,False,,18,0,,,
18,64,True,0.611706,0.2441,none,,,False,,18,0,,,
18,33,True,0.39996,-0.7276,none,,,False,,18,0,,,
18,10,True,0.686855,0.589,none,,,False,,18,0,,,
18,81,True,0.49451,-0.2937,none,,,False,,18,0,,,
18,72,True,0.307701,-1.151,none,,,False,,18,0,,,
18,31,True,0.869375,1.4266,none,,,False,,18,0,,,
18,40,True,1.113721,2.548,none,,,False,,18,0,,,
18,11,True,0.370614,-0.8623,none,,,False,,18,0,,,
18,9,True,0.984131,1.9532,none,,,False,,18,0,,,
18,16,True,0.970691,1.8916,none,,,False,,18,0,,,
18,88,True,1.202532,2.9555,none,,,False,,18,0,,,
18,61,True,0.57521,0.0766,none,,,False,,18,0,,,
18,14,True,0.464152,-0.4331,none,,,False,,18,0,,,
18,48,True,0.258931,-1.3749,none,,,False,,18,0,,,
18,84,True,0.379094,-0.8234,none,,,False,,18,0,,,
18,83,True,0.482835,-0.3473,none,,,False,,18,0,,,
18,42,True,0.670164,0.5124,none,,,False,,18,0,,,
18,8,True,0.38022,-0.8182,none,,,False,,18,0,,,
18,97,True,0.779499,1.0141,none,,,False,,18,0,,,
18,62,True,0.373966,-0.8469,none,,,False,,18,0,,,
18,3,True,0.842301,1.3024,none,,,False,,18,0,,,
18,0,True,0.723152,0.7556,none,,,False,,18,0,,,
18,53,True,0.693835,0.621,none,,,False,,18,0,,,
18,35,True,0.513972,-0.2044,none,,,False,,18,0,,,
18,70,True,0.434373,-0.5697,none,,,False,,18,0,,,
18,65,True,0.382599,-0.8073,none,,,False,,18,0,,,
18,71,True,0.423125,-0.6213,none,,,False,,18,0,,,
19,15,True,1.031986,2.1382,none,,,False,,19,0,,,
19,82,True,0.411858,-0.6617,none,,,False,,19,0,,,
19,53,True,0.695909,0.6208,none,,,False,,19,0,,,
19,94,True,1.04586,2.2009,none,,,False,,19,0,,,
19,0,True,0.692443,0.6051,none,,,False,,19,0,,,
19,58,True,0.596866,0.1736,none,,,False,,19,0,,,
19,87,True,0.557621,-0.0036,none,,,False,,19,0,,,
19,26,True,0.628207,0.3151,none,,,False,,19,0,,,
19,72,True,0.310951,-1.1173,none,,,False,,19,0,,,
19,78,True,0.848653,1.3104,none,,,False,,19,0,,,
19,54,True,0.303528,-1.1509,none,,,False,,19,0,,,
19,18,True,1.009821,2.0381,none,,,False,,19,0,,,
19,42,True,0.484375,-0.3343,none,,,False,,19,0,,,
19,50,True,0.511884,-0.2101,none,,,False,,19,0,,,
19,14,True,0.559217,0.0036,none,,,False,,19,0,,,
19,5,True,0.447423,-0.5012,none,,,False,,19,0,,,
19,70,True,0.448911,-0.4944,none,,,False,,19,0,,,
19,60,True,0.404181,-0.6964,none,,,False,,19,0,,,
19,73,True,0.241295,-1.4319,none,,,False,,19,0,,,
19,43,True,0.764935,0.9324,none,,,False,,19,0,,,
19,93,True,0.282257,-1.2469,none,,,False,,19,0,,,
19,38,True,0.443991,-0.5167,none,,,False,,19,0,,,
19,33,True,0.541065,-0.0784,none,,,False,,19,0,,,
19,35,True,0.550898,-0.034,none,,,False,,19,0,,,
19,59,True,0.758383,0.9029,none,,,False,,19,0,,,
19,44,True,0.552474,-0.0268,none,,,False,,19,0,,,
19,99,True,1.281211,3.0,none,,,False,,19,0,,,
19,74,True,0.40621,-0.6872,none,,,False,,19,0,,,
19,22,True,1.174259,2.7806,none,,,False,,19,0,,,
19,13,True,0.442886,-0.5216,none,,,False,,19,0,,,
19,28,True,1.278405,3.0,none,,,False,,19,0,,,
19,16,True,0.791058,1.0504,none,,,False,,19,0,,,
19,55,True,0.304786,-1.1452,none,,,False,,19,0,,,
19,97,True,0.829688,1.2248,none,,,False,,19,0,,,
19,61,True,0.586515,0.1269,none,,,False,,19,0,,,
19,81,True,0.593359,0.1578,none,,,False,,19,0,,,
20,56,True,1.005597,2.3262,none,,,False,,20,0,,,
20,55,True,0.528245,-0.0652,none,,,False,,20,0,,,
20,63,True,0.395564,-0.7299,none,,,False,,20,0,,,
20,46,True,0.554521,0.0664,none,,,False,,20,0,,,
20,47,True,0.238337,-1.5175,none,,,False,,20,0,,,
20,57,True,0.844595,1.5196,none,,,False,,20,0,,,
20,48,True,0.310626,-1.1554,none,,,False,,20,0,,,
20,83,True,0.513604,-0.1385,none,,,False,,20,0,,,
20,77,True,0.281322,-1.3022,none,,,False,,20,0,,,
20,60,True,0.351167,-0.9523,none,,,False,,20,0,,,
20,50,True,0.65709,0.5803,none,,,False,,20,0,,,
20,10,True,0.601265,0.3006,none,,,False,,20,0,,,
20,76,True,0.822372,1.4083,none,,,False,,20,0,,,
20,18,True,0.817423,1.3835,none,,,False,,20,0,,,
20,59,True,0.540988,-0.0014,none,,,False,,20,0,,,
20,88,True,0.629411,0.4416,none,,,False,,20,0,,,
20,7,True,0.360903,-0.9035,none,,,False,,20,0,,,
20,9,True,1.00775,2.337,none,,,False,,20,0,,,
20,8,True,0.423157,-0.5916,none,,,False,,20,0,,,
20,61,True,0.541528,0.0014,none,,,False,,20,0,,,
20,32,True,0.714077,0.8658,none,,,False,,20,0,,,
20,75,True,0.456877,-0.4227,none,,,False,,20,0,,,
20,65,True,0.417676,-0.6191,none,,,False,,20,0,,,
20,92,True,0.321164,-1.1026,none,,,False,,20,0,,,
20,85,True,0.1095,-2.163,none,,,False,,20,0,,,
20,2,True,0.565341,0.1206,none,,,False,,20,0,,,
20,0,True,0.81777,1.3852,none,,,False,,20,0,,,
20,51,True,0.833712,1.4651,none,,,False,,20,0,,,
20,91,True,0.858975,1.5917,none,,,False,,20,0,,,
20,45,True,0.575781,0.1729,none,,,False,,20,0,,,
20,4,True,0.441797,-0.4983,none,,,False,,20,0,,,
20,86,True,0.58011,0.1946,none,,,False,,20,0,,,
20,19,True,0.494721,-0.2331,none,,,False,,20,0,,,
20,29,True,0.529662,-0.0581,none,,,False,,20,0,,,
20,70,True,0.456173,-0.4262,none,,,False,,20,0,,,
20,42,True,0.702195,0.8062,none,,,False,,20,0,,,
21,36,True,0.421825,-0.6928,none,,,False,,21,0,,,
21,8,True,0.321075,-1.0442,none,,,False,,21,0,,,
21,98,True,0.218131,-1.4033,none,,,False,,21,0,,,
21,44,True,0.615313,-0.0179,none,,,False,,21,0,,,
21,61,True,0.767155,0.5117,none,,,False,,21,0,,,
21,17,True,0.625579,0.0179,none,,,False,,21,0,,,
21,74,True,0.346852,-0.9543,none,,,False,,21,0,,,
21,97,True,0.775328,0.5402,none,,,False,,21,0,,,
21,69,True,0.896543,0.963,none,,,False,,21,0,,,
21,15,True,0.948648,1.1448,none,,,False,,21,0,,,
21,86,True,0.754274,0.4668,none,,,False,,21,0,,,
21,76,True,1.009353,1.3565,none,,,False,,21,0,,,
21,0,True,0.674077,0.1871,none,,,False,,21,0,,,
21,22,True,1.377656,2.6411,none,,,False,,21,0,,,
21,67,True,0.529246,-0.3181,none,,,False,,21,0,,,
21,88,True,1.451409,2.8984,none,,,False,,21,0,,,
21,92,True,0.38388,-0.8251,none,,,False,,21,0,,,
21,11,True,0.680836,0.2106,none,,,False,,21,0,,,
21,99,True,1.478613,2.9933,none,,,False,,21,0,,,
21,29,True,0.489701,-0.456,none,,,False,,21,0,,,
21,68,True,0.78211,0.5639,none,,,False,,21,0,,,
21,82,True,0.431795,-0.658,none,,,False,,21,0,,,
21,64,True,0.498105,-0.4267,none,,,False,,21,0,,,
21,2,True,0.740632,0.4192,none,,,False,,21,0,,,
21,72,True,0.310665,-1.0805,none,,,False,,21,0,,,
21,13,True,0.422344,-0.691,none,,,False,,21,0,,,
21,48,True,0.207705,-1.4396,none,,,False,,21,0,,,
21,10,True,0.682852,0.2177,none,,,False,,21,0,,,
21,50,True,0.471536,-0.5194,none,,,False,,21,0,,,
21,77,True,0.329701,-1.0141,none,,,False,,21,0,,,
21,3,True,1.104765,1.6893,none,,,False,,21,0,,,
21,21,True,0.411685,-0.7282,none,,,False,,21,0,,,
21,25,True,0.680805,0.2105,none,,,False,,21,0,,,
21,38,True,0.434756,-0.6477,none,,,False,,21,0,,,
21,26,True,0.559894,-0.2112,none,,,False,,21,0,,,
21,57,True,0.855398,0.8195,none,,,False,,21,0,,,
22,98,True,0.196665,-1.4315,none,,,False,,22,0,,,
22,84,True,0.548591,0.4774,none,,,False,,22,0,,,
22,32,True,0.642324,0.9858,none,,,False,,22,0,,,
22,23,True,0.408362,-0.2833,none,,,False,,22,0,,,
22,41,True,0.324181,-0.7398,none,,,False,,22,0,,,
22,5,True,0.368548,-0.4992,none,,,False,,22,0,,,
22,59,True,0.503787,0.2343,none,,,False,,22,0,,,
22,14,True,0.416389,-0.2397,none,,,False,,22,0,,,
22,61,True,0.519615,0.3202,none,,,False,,22,0,,,
22,64,True,0.595798,0.7334,none,,,False,,22,0,,,
22,72,True,0.339177,-0.6585,none,,,False,,22,0,,,
22,13,True,0.386487,-0.4019,none,,,False,,22,0,,,
22,20,True,0.560956,0.5444,none,,,False,,22,0,,,
22,1,True,0.462344,0.0096,none,,,False,,22,0,,,
22,71,True,0.40611,-0.2955,none,,,False,,22,0,,,
22,51,True,0.833325,2.0218,none,,,False,,22,0,,,
22,76,True,1.017987,3.0,none,,,False,,22,0,,,
22,86,True,0.458823,-0.0096,none,,,False,,22,0,,,
22,68,True,0.782672,1.747,none,,,False,,22,0,,,
22,70,True,0.400015,-0.3285,none,,,False,,22,0,,,
22,38,True,0.329772,-0.7095,none,,,False,,22,0,,,
22,6,True,0.577312,0.6331,none,,,False,,22,0,,,
22,4,True,0.452871,-0.0418,none,,,False,,22,0,,,
22,66,True,0.28046,-0.977,none,,,False,,22,0,,,
22,27,True,0.360564,-0.5425,none,,,False,,22,0,,,
22,77,True,0.270128,-1.033,none,,,False,,22,0,,,
22,79,True,0.333286,-0.6905,none,,,False,,22,0,,,
22,11,True,0.486089,0.1383,none,,,False,,22,0,,,
22,16,True,1.059808,3.0,none,,,False,,22,0,,,
22,92,True,0.32921,-0.7126,none,,,False,,22,0,,,
22,15,True,0.915983,2.4701,none,,,False,,22,0,,,
22,33,True,0.412358,-0.2616,none,,,False,,22,0,,,
22,18,True,0.742384,1.5285,none,,,False,,22,0,,,
22,26,True,0.609977,0.8103,none,,,False,,22,0,,,
22,69,True,0.780777,1.7367,none,,,False,,22,0,,,
22,31,True,0.843836,2.0788,none,,,False,,22,0,,,
23,96,True,0.509739,0.3537,none,,,False,,23,0,,,
23,68,True,0.734816,1.6688,none,,,False,,23,0,,,
23,51,True,0.724114,1.6063,none,,,False,,23,0,,,
23,46,True,0.540215,0.5318,none,,,False,,23,0,,,
23,58,True,0.256878,-1.1237,none,,,False,,23,0,,,
23,28,True,1.264781,3.0,none,,,False,,23,0,,,
23,93,True,0.248147,-1.1747,none,,,False,,23,0,,,
23,24,True,0.457644,0.0493,none,,,False,,23,0,,,
23,30,True,0.337413,-0.6531,none,,,False,,23,0,,,
23,49,True,0.365754,-0.4875,none,,,False,,23,0,,,
23,60,True,0.422762,-0.1545,none,,,False,,23,0,,,
23,64,True,0.440753,-0.0493,none,,,False,,23,0,,,
23,65,True,0.354565,-0.5529,none,,,False,,23,0,,,
23,5,True,0.347122,-0.5964,none,,,False,,23,0,,,
23,37,True,0.551168,0.5958,none,,,False,,23,0,,,
23,78,True,0.709727,1.5222,none,,,False,,23,0,,,
23,40,True,0.99105,3.0,none,,,False,,23,0,,,
23,85,True,0.103649,-2.019,none,,,False,,23,0,,,
23,38,True,0.330102,-0.6958,none,,,False,,23,0,,,
23,36,True,0.351153,-0.5729,none,,,False,,23,0,,,
23,33,True,0.519915,0.4132,none,,,False,,23,0,,,
23,57,True,0.622534,1.0127,none,,,False,,23,0,,,
23,41,True,0.274779,-1.0191,none,,,False,,23,0,,,
23,50,True,0.589944,0.8223,none,,,False,,23,0,,,
23,27,True,0.464628,0.0901,none,,,False,,23,0,,,
23,6,True,0.558748,0.6401,none,,,False,,23,0,,,
23,19,True,0.641294,1.1224,none,,,False,,23,0,,,
23,77,True,0.276817,-1.0072,none,,,False,,23,0,,,
23,8,True,0.412493,-0.2145,none,,,False,,23,0,,,
23,29,True,0.407896,-0.2413,none,,,False,,23,0,,,
23,32,True,0.581428,0.7726,none,,,False,,23,0,,,
23,1,True,0.420561,-0.1673,none,,,False,,23,0,,,
23,7,True,0.425405,-0.139,none,,,False,,23,0,,,
23,47,True,0.220871,-1.3341,none,,,False,,23,0,,,
23,18,True,0.920604,2.7543,none,,,False,,23,0,,,
23,95,True,0.762528,1.8307,none,,,False,,23,0,,,
24,39,True,1.203822,2.0637,none,,,False,,24,0,,,
24,88,True,1.088018,1.6924,none,,,False,,24,0,,,
24,20,True,0.519832,-0.1295,none,,,False,,24,0,,,
24,77,True,0.297807,-0.8414,none,,,False,,24,0,,,
24,22,True,1.051651,1.5758,none,,,False,,24,0,,,
24,99,True,1.275155,2.2925,none,,,False,,24,0,,,
24,17,True,0.810912,0.8039,none,,,False,,24,0,,,
24,12,True,0.272913,-0.9212,none,,,False,,24,0,,,
24,79,True,0.284236,-0.8849,none,,,False,,24,0,,,
24,64,True,0.439531,-0.3869,none,,,False,,24,0,,,
24,59,True,0.421714,-0.4441,none,,,False,,24,0,,,
24,97,True,0.886795,1.0472,none,,,False,,24,0,,,
24,29,True,0.611702,0.1651,none,,,False,,24,0,,,
24,78,True,0.603739,0.1396,none,,,False,,24,0,,,
24,72,True,0.482555,-0.249,none,,,False,,24,0,,,
24,13,True,0.312339,-0.7948,none,,,False,,24,0,,,
24,26,True,0.755319,0.6256,none,,,False,,24,0,,,
24,44,True,0.649246,0.2855,none,,,False,,24,0,,,
24,96,True,0.600583,0.1295,none,,,False,,24,0,,,
24,9,True,0.771805,0.6785,none,,,False,,24,0,,,
24,30,True,0.330024,-0.7381,none,,,False,,24,0,,,
24,73,True,0.351098,-0.6705,none,,,False,,24,0,,,
24,82,True,0.256181,-0.9748,none,,,False,,24,0,,,
24,24,True,0.491994,-0.2187,none,,,False,,24,0,,,
24,91,True,0.667192,0.343,none,,,False,,24,0,,,
24,34,True,0.450568,-0.3516,none,,,False,,24,0,,,
24,71,True,0.472493,-0.2813,none,,,False,,24,0,,,
24,76,True,1.017653,1.4668,none,,,False,,24,0,,,
24,69,True,0.783156,0.7149,none,,,False,,24,0,,,
24,70,True,0.633748,0.2358,none,,,False,,24,0,,,
24,54,True,0.473598,-0.2777,none,,,False,,24,0,,,
24,41,True,0.331471,-0.7334,none,,,False,,24,0,,,
24,8,True,0.220776,-1.0884,none,,,False,,24,0,,,
24,15,True,1.168569,1.9507,none,,,False,,24,0,,,
24,36,True,0.434093,-0.4044,none,,,False,,24,0,,,
24,68,True,0.682148,0.391,none,,,False,,24,0,,,
25,84,True,0.571503,-0.1269,none,,,False,,25,0,,,
25,72,True,0.449931,-0.8314,none,,,False,,25,0,,,
25,16,True,1.228214,3.0,none,,,False,,25,0,,,
25,60,True,0.604313,0.0633,none,,,False,,25,0,,,
25,56,True,1.01987,2.4717,none,,,False,,25,0,,,
25,1,True,0.592129,-0.0073,none,,,False,,25,0,,,
25,11,True,0.690638,0.5636,none,,,False,,25,0,,,
25,71,True,0.363656,-1.3314,none,,,False,,25,0,,,
25,77,True,0.30279,-1.6842,none,,,False,,25,0,,,
25,12,True,0.667622,0.4302,none,,,False,,25,0,,,
25,32,True,0.540304,-0.3077,none,,,False,,25,0,,,
25,34,True,0.594656,0.0073,none,,,False,,25,0,,,
25,96,True,0.451522,-0.8222,none,,,False,,25,0,,,
25,83,True,0.453729,-0.8094,none,,,False,,25,0,,,
25,38,True,0.638297,0.2602,none,,,False,,25,0,,,
25,99,True,1.170212,3.0,none,,,False,,25,0,,,
25,97,True,0.523167,-0.407,none,,,False,,25,0,,,
25,79,True,0.314548,-1.6161,none,,,False,,25,0,,,
25,21,True,0.522457,-0.4111,none,,,False,,25,0,,,
25,46,True,0.472774,-0.699,none,,,False,,25,0,,,
25,55,True,0.614878,0.1245,none,,,False,,25,0,,,
25,81,True,0.629314,0.2082,none,,,False,,25,0,,,
25,48,True,0.204407,-2.2544,none,,,False,,25,0,,,
25,22,True,1.082622,2.8354,none,,,False,,25,0,,,
25,0,True,0.566313,-0.1569,none,,,False,,25,0,,,
25,54,True,0.213138,-2.2038,none,,,False,,25,0,,,
25,26,True,0.52906,-0.3728,none,,,False,,25,0,,,
25,40,True,1.177246,3.0,none,,,False,,25,0,,,
25,25,True,0.842282,1.4425,none,,,False,,25,0,,,
25,15,True,0.928966,1.9448,none,,,False,,25,0,,,
25,52,True,0.649419,0.3247,none,,,False,,25,0,,,
25,42,True,0.786068,1.1167,none,,,False,,25,0,,,
25,13,True,0.51395,-0.4604,none,,,False,,25,0,,,
25,29,True,0.246313,-2.0115,none,,,False,,25,0,,,
25,39,True,0.705536,0.6499,none,,,False,,25,0,,,
25,53,True,0.627058,0.1951,none,,,False,,25,0,,,
26,40,True,0.74833,-0.1688,cusum,,,True,positive,26,0,0.4029,4.0534,
26,99,True,1.20589,1.6495,cusum,,,True,positive,26,0,0.3624,3.9387,
26,16,True,0.378325,-1.6392,cusum,,,True,positive,26,0,0.328,3.5082,
26,22,True,1.094782,1.2079,cusum,,,True,positive,26,0,0.3145,3.4951,
26,94,True,1.150464,1.4292,none,,,False,,26,0,0.2254,2.6191,
26,28,True,1.203669,1.6406,none,,,False,,26,0,0.1549,2.6123,
26,15,True,0.873154,0.3272,none,,,False,,26,0,0.107,2.2555,
26,56,True,0.539665,-0.998,none,,,False,,26,0,0.119,2.177,
26,76,True,0.948084,0.625,none,,,False,,26,0,0.128,2.0854,
26,18,True,0.895287,0.4152,none,,,False,,26,0,0.1339,2.0224,
26,31,True,0.902544,0.444,none,,,False,,26,0,0.2028,1.9639,
26,51,True,0.581052,-0.8336,none,,,False,,26,0,0.1414,1.842,
26,88,True,1.411993,2.4685,none,,,False,,26,0,0.1414,1.8356,
26,9,True,1.150536,1.4295,none,,,False,,26,0,0.1581,1.8229,
26,95,True,0.642708,-0.5885,none,,,False,,26,0,0.1716,1.8097,
26,3,True,0.955586,0.6548,none,,,False,,26,0,0.1728,1.6556,
26,39,True,0.965503,0.6942,none,,,False,,26,0,0.1624,1.6129,
26,80,True,0.92772,0.5441,none,,,False,,26,0,0.2759,1.4593,
26,68,True,0.896156,0.4186,none,,,False,,26,0,0.1414,1.427,
26,57,True,0.868189,0.3075,none,,,False,,26,0,0.1893,1.2941,
26,69,True,1.017166,0.8995,none,,,False,,26,0,0.1325,1.289,
26,43,True,0.785975,-0.0192,none,,,False,,26,0,0.2624,1.1542,
26,78,True,0.537326,-1.0073,none,,,False,,26,0,0.128,1.1351,
26,25,True,0.448675,-1.3596,none,,,False,,26,0,0.1624,0.9619,
26,91,True,0.876371,0.34,none,,,False,,26,0,0.1581,0.9582,
26,2,True,0.636576,-0.6129,none,,,False,,26,0,0.2163,0.753,
26,42,True,0.635804,-0.616,none,,,False,,26,0,0.1145,0.6739,
26,53,True,0.716174,-0.2966,none,,,False,,26,0,0.119,0.6297,
26,32,True,0.692669,-0.39,none,,,False,,26,0,0.1145,0.6279,
26,0,True,0.761109,-0.118,none,,,False,,26,0,0.1145,0.6161,
26,6,True,0.363456,-1.6983,none,,,False,,26,0,0.1716,0.5795,
26,89,True,0.279487,-2.0319,none,,,False,,26,0,0.3028,-0.1386,
26,23,True,0.529498,-1.0384,none,,,False,,26,0,0.2433,0.2711,
26,87,True,0.79565,0.0192,none,,,False,,26,0,0.2432,0.2137,
26,47,True,0.229793,-2.2294,none,,,False,,26,0,0.2299,-1.302,
26,58,True,0.584322,-0.8206,none,,,False,,26,0,0.2299,-0.2635,
27,99,True,1.078315,1.8112,none,,,False,,27,0,0.3473,3.4806,
27,40,True,1.06243,1.7351,none,,,False,,27,0,0.3835,3.1327,
27,22,True,0.749455,0.2359,none,,,False,,27,0,0.31,3.0117,
27,28,True,1.210333,2.4436,none,,,False,,27,0,0.1185,2.6976,
27,16,True,0.887276,0.8961,none,,,False,,27,0,0.3185,2.6044,
27,88,True,1.057348,1.7108,none,,,False,,27,0,0.1185,2.5038,
27,94,True,1.037132,1.6139,none,,,False,,27,0,0.1311,2.3681,
27,76,True,0.779673,0.3806,none,,,False,,27,0,0.11,1.8359,
27,18,True,0.874828,0.8365,none,,,False,,27,0,0.1033,1.6951,
27,9,True,0.565044,-0.6475,none,,,False,,27,0,0.1311,1.6398,
27,15,True,0.9925,1.4001,none,,,False,,27,0,0.1033,1.5367,
27,31,True,0.70998,0.0468,none,,,False,,27,0,0.1473,1.4831,
27,80,True,1.00212,1.4462,none,,,False,,27,0,0.1647,1.4635,
27,56,True,0.729337,0.1395,none,,,False,,27,0,0.114,1.4109,
27,3,True,0.768241,0.3259,none,,,False,,27,0,0.114,1.3598,
27,39,True,0.876236,0.8432,none,,,False,,27,0,0.1473,1.3026,
27,69,True,0.671079,-0.1395,none,,,False,,27,0,0.114,1.2614,
27,95,True,0.787294,0.4172,none,,,False,,27,0,0.1311,1.1749,
27,51,True,0.645426,-0.2624,none,,,False,,27,0,0.11,1.0702,
27,68,True,0.670094,-0.1442,none,,,False,,27,0,0.1185,0.9769,
27,91,True,0.780025,0.3823,none,,,False,,27,0,0.1311,0.9163,
27,57,True,0.666915,-0.1595,none,,,False,,27,0,0.1473,0.8799,
27,43,True,0.417133,-1.356,none,,,False,,27,0,0.1647,0.8556,
27,42,True,0.553757,-0.7015,none,,,False,,27,0,0.11,0.5743,
27,75,True,0.690436,-0.0468,none,,,False,,27,0,0.2425,0.547,
27,10,True,0.644237,-0.2681,none,,,False,,27,0,0.2295,0.5459,
27,97,True,0.805897,0.5063,none,,,False,,27,0,0.1315,0.5442,
27,26,True,0.576201,-0.594,none,,,False,,27,0,0.123,0.493,
27,17,True,0.631059,-0.3312,none,,,False,,27,0,0.157,0.4856,
27,50,True,0.655528,-0.214,none,,,False,,27,0,0.1574,0.4452,
27,11,True,0.501314,-0.9527,none,,,False,,27,0,0.123,0.4429,
27,45,True,0.489085,-1.0113,none,,,False,,27,0,0.2425,0.3659,
27,63,True,0.381116,-1.5285,none,,,False,,27,0,0.2425,-0.3178,
27,35,True,0.445916,-1.2181,none,,,False,,27,0,0.2381,-0.0429,
27,62,True,0.385132,-1.5093,none,,,False,,27,0,0.2348,-0.5341,
27,90,True,0.479237,-1.0585,none,,,False,,27,0,0.2348,0.0812,
28,28,True,1.218553,2.1926,cusum,,,True,positive,28,0,0.3135,3.5057,
28,99,True,1.33141,2.7282,cusum,,,True,positive,28,0,0.3339,3.3117,
28,88,True,1.054999,1.4164,cusum,,,True,positive,28,0,0.3135,3.1016,
28,40,True,0.834369,0.3693,none,,,False,,28,0,0.3668,2.6989,
28,22,True,0.82745,0.3365,none,,,False,,28,0,0.306,2.56,
28,15,True,1.02697,1.2834,cusum,,,True,positive,28,0,0.3,2.3491,
28,94,True,1.439501,3.0,none,,,False,,28,0,0.1188,1.8987,
28,16,True,0.722148,-0.1633,none,,,False,,28,0,0.3135,1.8966,
28,18,True,0.900443,0.6829,none,,,False,,28,0,0.1,1.4603,
28,80,True,1.08776,1.5719,none,,,False,,28,0,0.1498,1.2539,
28,3,True,0.787118,0.145,none,,,False,,28,0,0.1096,1.0287,
28,31,True,0.618212,-0.6566,none,,,False,,28,0,0.1339,1.0146,
28,76,True,0.934186,0.843,none,,,False,,28,0,0.106,0.9578,
28,39,True,0.940684,0.8739,none,,,False,,28,0,0.1339,0.8872,
28,95,True,0.626857,-0.6156,none,,,False,,28,0,0.1188,0.7039,
28,56,True,0.685797,-0.3358,none,,,False,,28,0,0.1096,0.6764,
28,9,True,0.812098,0.2636,none,,,False,,28,0,0.1188,0.6376,
28,69,True,0.89691,0.6661,none,,,False,,28,0,0.1096,0.6303,
28,57,True,0.785953,0.1395,none,,,False,,28,0,0.1339,0.545,
28,97,True,0.66863,-0.4173,none,,,False,,28,0,0.1135,0.5265,
28,91,True,0.807992,0.2441,none,,,False,,28,0,0.1188,0.5059,
28,19,True,0.348589,-1.9362,none,,,False,,28,0,0.1635,0.4268,
28,61,True,0.665835,-0.4306,none,,,False,,28,0,0.176,0.4221,
28,68,True,0.711298,-0.2148,none,,,False,,28,0,0.1135,0.3661,
28,78,True,0.756892,0.0016,none,,,False,,28,0,0.1221,0.3568,
28,86,True,0.714068,-0.2017,none,,,False,,28,0,0.1721,0.356,
28,53,True,0.583423,-0.8217,none,,,False,,28,0,0.126,0.3174,
28,17,True,0.756223,-0.0016,none,,,False,,28,0,0.1188,0.3143,
28,75,True,0.452658,-1.4423,none,,,False,,28,0,0.1498,0.3131,
28,51,True,0.7771,0.0975,none,,,False,,28,0,0.106,0.3037,
28,49,True,0.265153,-2.3322,none,,,False,,28,0,0.2353,-0.6351,
28,98,True,0.203006,-2.6271,none,,,False,,28,0,0.2293,-1.169,
28,67,True,0.555291,-0.9552,none,,,False,,28,0,0.2248,0.0885,
28,24,True,0.418406,-1.6049,none,,,False,,28,0,0.2228,0.0826,
28,85,True,0.122521,-3.0,none,,,False,,28,0,0.2168,-1.8226,
28,14,True,0.355335,-1.9042,none,,,False,,28,0,0.2123,-0.0564,
29,28,True,1.286301,2.3482,none,,,False,,29,0,0.3091,3.231,
29,99,True,1.175738,1.9388,none,,,False,,29,0,0.3218,3.2137,
29,94,True,1.129039,1.7659,cusum,,,True,positive,29,0,0.3131,3.1587,
29,88,True,1.138847,1.8022,none,,,False,,29,0,0.3091,3.0039,
29,80,True,0.926743,1.0167,cusum,,,True,positive,29,0,0.3365,2.3455,
29,15,True,0.675834,0.0876,none,,,False,,29,0,0.297,2.1248,
29,40,True,0.959798,1.1391,none,,,False,,29,0,0.3521,1.8119,
29,22,True,0.945759,1.0871,none,,,False,,29,0,0.3024,1.7225,
29,39,True,0.885441,0.8638,none,,,False,,29,0,0.1218,0.9545,
29,16,True,0.797269,0.5373,none,,,False,,29,0,0.3091,0.8365,
29,18,True,0.897331,0.9078,none,,,False,,29,0,0.097,0.7661,
29,76,True,0.88597,0.8657,none,,,False,,29,0,0.1024,0.7453,
29,69,True,0.69552,0.1605,none,,,False,,29,0,0.1056,0.609,
29,3,True,0.850588,0.7347,none,,,False,,29,0,0.1056,0.5089,
29,9,True,0.57585,-0.2827,none,,,False,,29,0,0.1131,0.4929,
29,91,True,0.796483,0.5344,none,,,False,,29,0,0.1131,0.4665,
29,17,True,0.733121,0.2997,none,,,False,,29,0,0.1131,0.3014,
29,37,True,0.555351,-0.3586,none,,,False,,29,0,0.1969,0.2921,
29,20,True,0.521703,-0.4832,none,,,False,,29,0,0.217,0.2794,
29,61,True,0.555514,-0.358,none,,,False,,29,0,0.1091,0.2725,
29,25,True,0.475739,-0.6534,none,,,False,,29,0,0.1762,0.2645,
29,64,True,0.361844,-1.0752,none,,,False,,29,0,0.1848,0.2572,
29,10,True,0.621462,-0.1138,none,,,False,,29,0,0.1642,0.2501,
29,57,True,0.802272,0.5558,none,,,False,,29,0,0.1218,0.2466,
29,44,True,0.525895,-0.4677,none,,,False,,29,0,0.1701,0.231,
29,27,True,0.340685,-1.1535,none,,,False,,29,0,0.1969,0.2219,
29,86,True,0.546048,-0.393,none,,,False,,29,0,0.1056,0.2188,
29,81,True,0.52174,-0.483,none,,,False,,29,0,0.205,0.2008,
29,50,True,0.62853,-0.0876,none,,,False,,29,0,0.1252,0.174,
29,32,True,0.70627,0.2003,none,,,False,,29,0,0.1333,0.1636,
29,85,True,0.1218,-1.9641,cusum,,,True,negative,29,0,0.3521,-2.7273,
29,66,True,0.381132,-1.0037,none,,,False,,29,0,0.2245,-0.3947,
29,92,True,0.264549,-1.4355,none,,,False,,29,0,0.2245,-0.7134,
29,52,True,0.126812,-1.9455,none,,,False,,29,0,0.2231,-0.1745,
29,55,True,0.464344,-0.6956,none,,,False,,29,0,0.2231,-0.173,
29,83,True,0.527311,-0.4624,none,,,False,,29,0,0.2231,-0.2428,
30,28,True,1.137911,0.9344,cusum,,,True,positive,30,0,0.3052,3.4618,
30,99,True,1.27303,1.3087,cusum,,,True,positive,30,0,0.3127,3.3037,
30,94,True,0.826651,0.0721,none,,,False,,30,0,0.3087,3.2653,
30,88,True,1.240946,1.2199,cusum,,,True,positive,30,0,0.3052,2.7767,
30,80,True,0.804794,0.0116,none,,,False,,30,0,0.3246,2.4957,
30,40,True,1.241546,1.2215,none,,,False,,30,0,0.339,2.2393,
30,15,True,1.012949,0.5882,none,,,False,,30,0,0.2942,2.0415,
30,22,True,1.171116,1.0264,none,,,False,,30,0,0.2992,1.6782,
30,16,True,0.951413,0.4178,none,,,False,,30,0,0.3052,1.557,
30,39,True,0.875489,0.2074,none,,,False,,30,0,0.1127,1.0046,
30,18,True,0.907542,0.2962,none,,,False,,30,0,0.0942,0.9269,
30,76,True,0.870711,0.1942,none,,,False,,30,0,0.0992,0.8215,
30,3,True,0.982206,0.5031,none,,,False,,30,0,0.102,0.531,
30,91,True,0.466523,-0.9255,none,,,False,,30,0,0.1087,0.5256,
30,69,True,0.815767,0.042,none,,,False,,30,0,0.102,0.3581,
30,57,True,0.808147,0.0209,none,,,False,,30,0,0.1127,0.3229,
30,50,True,0.596688,-0.5649,none,,,False,,30,0,0.1087,0.3122,
30,37,True,0.500791,-0.8306,none,,,False,,30,0,0.1246,0.1656,
30,68,True,0.796435,-0.0116,none,,,False,,30,0,0.1204,0.1585,
30,33,True,0.517212,-0.7851,none,,,False,,30,0,0.1752,0.158,
30,20,True,0.496409,-0.8427,none,,,False,,30,0,0.1543,0.1439,
30,2,True,0.819224,0.0516,none,,,False,,30,0,0.1893,0.1423,
30,87,True,0.780493,-0.0557,none,,,False,,30,0,0.1893,0.1346,
30,17,True,0.591416,-0.5795,none,,,False,,30,0,0.1087,0.1276,
30,81,True,0.401478,-1.1057,none,,,False,,30,0,0.1543,0.1276,
30,46,True,0.596502,-0.5655,none,,,False,,30,0,0.1713,0.1171,
30,0,True,0.842472,0.116,none,,,False,,30,0,0.1437,0.1094,
30,10,True,0.49704,-0.841,none,,,False,,30,0,0.139,0.1034,
30,31,True,1.123064,0.8933,none,,,False,,30,0,0.1363,0.0955,
30,59,True,0.51346,-0.7955,none,,,False,,30,0,0.1973,0.0878,
30,85,True,0.106027,-1.9242,none,,,False,,30,0,0.339,-2.6696,
30,73,True,0.396317,-1.12,none,,,False,,30,0,0.2289,-0.837,
30,93,True,0.330466,-1.3025,none,,,False,,30,0,0.2243,-0.9738,
30,23,True,0.67797,-0.3398,none,,,False,,30,0,0.2234,-0.0861,
30,47,True,0.210008,-1.6362,none,,,False,,30,0,0.2234,-1.5047,
30,58,True,0.52601,-0.7607,none,,,False,,30,0,0.2234,-0.4012,
31,99,True,1.015338,1.2608,none,,,False,,31,0,0.3084,3.1306,
31,28,True,1.269317,2.2007,none,,,False,,31,0,0.3017,2.9542,
31,94,True,1.159426,1.794,none,,,False,,31,0,0.3048,2.7463,
31,88,True,0.84614,0.6346,none,,,False,,31,0,0.3017,2.6086,
31,40,True,1.041096,1.3561,cusum,,,True,positive,31,0,0.3272,2.0607,
31,80,True,0.971593,1.0989,none,,,False,,31,0,0.3138,2.0111,
31,15,True,1.050906,1.3924,none,,,False,,31,0,0.2916,1.7678,
31,22,True,0.653748,-0.0774,none,,,False,,31,0,0.2962,0.9379,
31,39,True,0.922132,0.9158,none,,,False,,31,0,0.1084,0.787,
31,76,True,0.838924,0.6079,none,,,False,,31,0,0.0962,0.7556,
31,18,True,0.842305,0.6204,none,,,False,,31,0,0.0916,0.7437,
31,3,True,0.62688,-0.1769,none,,,False,,31,0,0.0988,0.5859,
31,69,True,0.824984,0.5563,none,,,False,,31,0,0.0988,0.4145,
31,16,True,0.910241,0.8718,none,,,False,,31,0,0.3017,0.393,
31,57,True,0.68182,0.0264,none,,,False,,31,0,0.1084,0.3774,
31,31,True,0.640379,-0.1269,none,,,False,,31,0,0.1138,0.2388,
31,87,True,0.667531,-0.0264,none,,,False,,31,0,0.1413,0.1447,
31,2,True,0.510814,-0.6064,none,,,False,,31,0,0.1413,0.1107,
31,91,True,0.798194,0.4571,none,,,False,,31,0,0.1048,0.0846,
31,0,True,0.626109,-0.1797,none,,,False,,31,0,0.1048,0.0806,
31,1,True,0.472274,-0.7491,none,,,False,,31,0,0.1613,0.0786,
31,44,True,0.492504,-0.6742,none,,,False,,31,0,0.1251,0.0776,
31,42,True,0.568596,-0.3926,none,,,False,,31,0,0.1387,0.0667,
31,96,True,0.463625,-0.7811,none,,,False,,31,0,0.2288,0.0638,
31,11,True,0.456964,-0.8057,none,,,False,,31,0,0.1387,0.05,
31,34,True,0.704783,0.1114,none,,,False,,31,0,0.1978,0.0437,
31,17,True,0.702436,0.1027,none,,,False,,31,0,0.1048,0.0398,
31,97,True,0.728491,0.1992,none,,,False,,31,0,0.1309,0.0327,
31,26,True,0.704635,0.1109,none,,,False,,31,0,0.1387,0.0199,
31,43,True,0.362887,-1.1539,none,,,False,,31,0,0.1901,0.0191,
31,47,True,0.193889,-1.7794,cusum,,,True,negative,31,0,0.3723,-2.0564,
31,85,True,0.097798,-2.135,cusum,,,True,negative,31,0,0.3272,-2.6453,
31,74,True,0.49235,-0.6748,none,,,False,,31,0,0.2288,-0.4226,
31,30,True,0.265662,-1.5137,none,,,False,,31,0,0.224,-0.6556,
31,36,True,0.319999,-1.3126,none,,,False,,31,0,0.224,-0.39,
31,41,True,0.312745,-1.3395,none,,,False,,31,0,0.224,-0.6641,
32,28,True,1.269209,2.9659,cusum,,,True,positive,32,0,0.2984,2.9528,
32,99,True,1.203826,2.6388,none,,,False,,32,0,0.3045,2.6364,
32,40,True,1.018841,1.7132,none,,,False,,32,0,0.3165,2.3833,
32,88,True,0.829007,0.7633,none,,,False,,32,0,0.2984,2.3439,
32,94,True,1.414372,3.0,cusum,,,True,positive,32,0,0.3013,2.3398,
32,80,True,1.153693,2.388,none,,,False,,32,0,0.308,1.8477,
32,15,True,0.705523,0.1455,none,,,False,,32,0,0.2892,1.8012,
32,39,True,0.796159,0.599,cusum,,,True,positive,32,0,0.3045,1.796,
32,22,True,0.42862,-1.24,none,,,False,,32,0,0.2934,0.7966,
32,16,True,0.940839,1.3229,none,,,False,,32,0,0.2984,0.734,
32,18,True,0.779935,0.5178,none,,,False,,32,0,0.0892,0.7199,
32,76,True,0.811099,0.6737,none,,,False,,32,0,0.0934,0.6738,
32,3,True,0.765486,0.4455,none,,,False,,32,0,0.0958,0.4749,
32,69,True,0.79644,0.6004,none,,,False,,32,0,0.0958,0.3742,
32,57,True,0.78095,0.5229,none,,,False,,32,0,0.1045,0.3347,
32,97,True,0.620055,-0.2822,none,,,False,,32,0,0.1045,0.2297,
32,31,True,0.686122,0.0484,none,,,False,,32,0,0.108,0.1753,
32,91,True,0.776724,0.5017,none,,,False,,32,0,0.1013,0.1511,
32,87,True,0.584505,-0.46,none,,,False,,32,0,0.1297,0.1298,
32,34,True,0.619474,-0.2851,none,,,False,,32,0,0.1297,0.0732,
32,17,True,0.675418,-0.0052,none,,,False,,32,0,0.1013,0.0701,
32,0,True,0.441122,-1.1775,none,,,False,,32,0,0.1013,0.0685,
32,6,True,0.541498,-0.6752,none,,,False,,32,0,0.1982,0.0164,
32,68,True,0.677477,0.0052,none,,,False,,32,0,0.1154,0.0101,
32,84,True,0.464848,-1.0588,none,,,False,,32,0,0.2238,0.009,
32,61,True,0.795145,0.5939,none,,,False,,32,0,0.1264,-0.0225,
32,70,True,0.528445,-0.7405,none,,,False,,32,0,0.1931,-0.0287,
32,25,True,0.621538,-0.2747,none,,,False,,32,0,0.1654,-0.0321,
32,32,True,0.58576,-0.4538,none,,,False,,32,0,0.1264,-0.0322,
32,55,True,0.465757,-1.0542,none,,,False,,32,0,0.1958,-0.0353,
32,47,True,0.225703,-2.2554,none,,,False,,32,0,0.3582,-2.215,
32,85,True,0.10964,-2.8361,none,,,False,,32,0,0.3165,-2.3634,
32,5,True,0.481546,-0.9752,none,,,False,,32,0,0.231,-0.3741,
32,7,True,0.552448,-0.6204,none,,,False,,32,0,0.231,-0.3041,
32,65,True,0.419399,-1.2862,none,,,False,,32,0,0.231,-0.5017,
32,89,True,0.478002,-0.9929,none,,,False,,32,0,0.2286,-0.6784,
33,28,True,0.985567,1.1975,none,,,False,,33,0,0.2955,3.155,
33,99,True,1.285007,2.3579,cusum,,,True,positive,33,0,0.301,2.8652,
33,94,True,1.359511,2.6467,none,,,False,,33,0,0.2981,2.7471,
33,40,True,0.952334,1.0687,none,,,False,,33,0,0.3077,2.569,
33,80,True,0.863593,0.7247,cusum,,,True,positive,33,0,0.3041,2.2998,
33,88,True,1.204794,2.0471,none,,,False,,33,0,0.2955,1.9939,
33,39,True,0.946918,1.0477,none,,,False,,33,0,0.301,1.7032,
33,16,True,0.685329,0.0339,none,,,False,,33,0,0.2955,0.9921,
33,15,True,0.837659,0.6242,none,,,False,,33,0,0.287,0.8178,
33,76,True,0.930227,0.983,none,,,False,,33,0,0.0909,0.6066,
33,18,True,0.805707,0.5004,none,,,False,,33,0,0.087,0.5873,
33,69,True,0.783801,0.4155,none,,,False,,33,0,0.0931,0.5174,
33,31,True,0.83006,0.5948,none,,,False,,33,0,0.1041,0.4052,
33,3,True,0.822753,0.5665,none,,,False,,33,0,0.0931,0.3751,
33,57,True,0.667847,-0.0339,none,,,False,,33,0,0.101,0.3192,
33,91,True,0.734295,0.2236,none,,,False,,33,0,0.0981,0.1361,
33,34,True,0.656722,-0.077,none,,,False,,33,0,0.119,0.0889,
33,61,True,0.550649,-0.4881,none,,,False,,33,0,0.101,0.0642,
33,68,True,0.75003,0.2846,none,,,False,,33,0,0.101,0.0554,
33,22,True,0.656071,-0.0795,none,,,False,,33,0,0.2909,0.0177,
33,17,True,0.541243,-0.5245,none,,,False,,33,0,0.0981,-0.0357,
33,87,True,0.666139,-0.0405,none,,,False,,33,0,0.119,-0.0364,
33,97,True,0.727116,0.1958,none,,,False,,33,0,0.101,-0.0377,
33,37,True,0.487874,-0.7314,none,,,False,,33,0,0.1403,-0.0535,
33,86,True,0.623008,-0.2077,none,,,False,,33,0,0.1328,-0.0723,
33,84,True,0.419193,-0.9975,none,,,False,,33,0,0.1455,-0.078,
33,33,True,0.418579,-0.9999,none,,,False,,33,0,0.1222,-0.0821,
33,9,True,0.989822,1.2139,none,,,False,,33,0,0.1395,-0.0835,
33,32,True,0.592945,-0.3242,none,,,False,,33,0,0.101,-0.0854,
33,46,True,0.553419,-0.4773,none,,,False,,33,0,0.1403,-0.0999,
33,47,True,0.193753,-1.8712,cusum,,,True,negative,33,0,0.3455,-2.2322,
33,85,True,0.087811,-2.2818,cusum,,,True,negative,33,0,0.3077,-2.6598,
33,48,True,0.163979,-1.9866,none,,,False,,33,0,0.2342,-1.4498,
33,79,True,0.277926,-1.545,none,,,False,,33,0,0.2342,-0.8971,
33,38,True,0.325014,-1.3625,none,,,False,,33,0,0.2198,-0.2236,
33,71,True,0.435317,-0.9351,none,,,False,,33,0,0.2198,-0.4779,
34,94,True,1.161313,3.0,cusum,,,True,positive,34,0,0.2952,3.6015,
34,28,True,1.180335,3.0,cusum,,,True,positive,34,0,0.2928,3.2392,
34,99,True,1.187108,3.0,none,,,False,,34,0,0.2978,3.2108,
34,80,True,1.053659,2.4915,none,,,False,,34,0,0.3007,2.533,
34,40,True,1.060986,2.5439,cusum,,,True,positive,34,0,0.3038,2.513,
34,88,True,1.055717,2.5062,cusum,,,True,positive,34,0,0.2928,2.2662,
34,39,True,0.91293,1.4838,none,,,False,,34,0,0.2978,1.9792,
34,76,True,0.753639,0.3432,cusum,,,True,positive,34,0,0.2886,1.8667,
34,16,True,0.834267,0.9205,none,,,False,,34,0,0.2928,0.8607,
34,15,True,0.974675,1.9259,none,,,False,,34,0,0.2849,0.8273,
34,18,True,0.773688,0.4868,none,,,False,,34,0,0.0849,0.6528,
34,69,True,0.731153,0.1822,none,,,False,,34,0,0.0906,0.6388,
34,9,True,0.599813,-0.7582,none,,,False,,34,0,0.1038,0.5319,
34,91,True,0.70247,-0.0232,none,,,False,,34,0,0.0952,0.5154,
34,3,True,0.787086,0.5827,none,,,False,,34,0,0.0906,0.3931,
34,31,True,0.760569,0.3928,none,,,False,,34,0,0.1007,0.3012,
34,57,True,0.683829,-0.1567,none,,,False,,34,0,0.0978,0.2968,
34,68,True,0.642431,-0.4531,none,,,False,,34,0,0.0978,0.2177,
34,97,True,0.730608,0.1783,none,,,False,,34,0,0.0978,0.1626,
34,34,True,0.639959,-0.4708,none,,,False,,34,0,0.1093,0.0551,
34,61,True,0.631161,-0.5338,none,,,False,,34,0,0.0978,0.041,
34,17,True,0.626627,-0.5662,none,,,False,,34,0,0.0952,-0.021,
34,87,True,0.688105,-0.126,none,,,False,,34,0,0.1093,-0.037,
34,32,True,0.674374,-0.2244,none,,,False,,34,0,0.0978,-0.0675,
34,95,True,0.708946,0.0232,none,,,False,,34,0,0.1729,-0.118,
34,70,True,0.542339,-1.1698,none,,,False,,34,0,0.1196,-0.1391,
34,86,True,0.714737,0.0647,none,,,False,,34,0,0.0978,-0.1424,
34,44,True,0.491646,-1.5328,none,,,False,,34,0,0.1299,-0.1468,
34,78,True,0.713304,0.0544,none,,,False,,34,0,0.1553,-0.1551,
34,48,True,0.225643,-3.0,cusum,,,True,negative,34,0,0.3474,-2.2354,
34,79,True,0.306724,-2.8569,cusum,,,True,negative,34,0,0.3474,-1.6905,
34,47,True,0.188449,-3.0,none,,,False,,34,0,0.3341,-2.3179,
34,85,True,0.077369,-3.0,none,,,False,,34,0,0.3038,-2.784,
34,22,True,0.623208,-0.5907,none,,,False,,34,0,0.2886,-0.3539,
34,24,True,0.588266,-0.8409,none,,,False,,34,0,0.2283,-0.4146,
34,49,True,0.378196,-2.3451,none,,,False,,34,0,0.2283,-1.1615,
35,94,True,1.220228,1.8825,none,,,False,,35,0,0.2925,4.0001,
35,99,True,1.088782,1.42,cusum,,,True,positive,35,0,0.2949,3.7869,
35,28,True,1.215202,1.8648,none,,,False,,35,0,0.2903,3.5025,
35,80,True,1.027422,1.2041,cusum,,,True,positive,35,0,0.2975,2.9931,
35,40,True,0.941406,0.9014,none,,,False,,35,0,0.3004,2.9044,
35,88,True,1.146755,1.624,none,,,False,,35,0,0.2903,2.8869,
35,39,True,0.606303,-0.2778,none,,,False,,35,0,0.2949,2.1648,
35,15,True,0.977641,1.0289,cusum,,,True,positive,35,0,0.283,2.0028,
35,76,True,0.951766,0.9378,none,,,False,,35,0,0.2864,1.7758,
35,18,True,0.888776,0.7162,cusum,,,True,positive,35,0,0.283,1.6059,
35,16,True,0.853499,0.592,none,,,False,,35,0,0.2903,0.8738,
35,3,True,0.811652,0.4448,none,,,False,,35,0,0.0883,0.6434,
35,69,True,0.94257,0.9055,none,,,False,,35,0,0.0883,0.5112,
35,31,True,0.843008,0.5551,none,,,False,,35,0,0.0975,0.4703,
35,91,True,0.553868,-0.4623,none,,,False,,35,0,0.0925,0.3519,
35,57,True,0.814723,0.4556,none,,,False,,35,0,0.0949,0.2321,
35,9,True,0.959068,0.9635,none,,,False,,35,0,0.1004,0.1868,
35,97,True,0.568783,-0.4098,none,,,False,,35,0,0.0949,0.1519,
35,95,True,0.788741,0.3642,none,,,False,,35,0,0.1118,0.0803,
35,68,True,0.582123,-0.3629,none,,,False,,35,0,0.0949,0.0668,
35,61,True,0.651765,-0.1178,none,,,False,,35,0,0.0949,-0.0214,
35,86,True,0.578635,-0.3752,none,,,False,,35,0,0.0949,-0.0574,
35,87,True,0.651237,-0.1197,none,,,False,,35,0,0.1035,-0.0752,
35,34,True,0.617799,-0.2374,none,,,False,,35,0,0.1035,-0.144,
35,50,True,0.68501,-0.0008,none,,,False,,35,0,0.1435,-0.1552,
35,90,True,0.384792,-1.0573,none,,,False,,35,0,0.2062,-0.1559,
35,26,True,0.685492,0.0008,none,,,False,,35,0,0.1304,-0.1562,
35,53,True,0.532531,-0.5374,none,,,False,,35,0,0.1718,-0.1691,
35,1,True,0.448942,-0.8315,none,,,False,,35,0,0.1304,-0.1788,
35,49,True,0.32397,-1.2713,cusum,,,True,negative,35,0,0.3632,-2.055,
35,48,True,0.241701,-1.5608,none,,,False,,35,0,0.3362,-2.7629,
35,79,True,0.290961,-1.3875,none,,,False,,35,0,0.3362,-2.3552,
35,47,True,0.22586,-1.6165,cusum,,,True,negative,35,0,0.3237,-2.7312,
35,85,True,0.107009,-2.0348,cusum,,,True,negative,35,0,0.3004,-3.0769,
35,22,True,0.858149,0.6084,none,,,False,,35,0,0.2864,-0.5277,
35,45,True,0.50542,-0.6328,none,,,False,,35,0,0.2332,-0.2778,
36,94,True,1.380422,2.3808,cusum,,,True,positive,36,0,0.29,3.6244,
36,99,True,1.259938,1.9594,none,,,False,,36,0,0.2922,3.3772,
36,88,True,0.89252,0.6742,cusum,,,True,positive,36,0,0.288,3.1709,
36,28,True,1.320021,2.1695,cusum,,,True,positive,36,0,0.288,3.1326,
36,40,True,0.997904,1.0428,cusum,,,True,positive,36,0,0.2972,2.6297,
36,80,True,1.042643,1.1993,none,,,False,,36,0,0.2946,2.5947,
36,15,True,1.026594,1.1432,none,,,False,,36,0,0.2812,2.2951,
36,39,True,0.791463,0.3207,none,,,False,,36,0,0.2922,1.8691,
36,76,True,0.892676,0.6748,none,,,False,,36,0,0.2843,1.8613,
36,18,True,0.776326,0.2678,none,,,False,,36,0,0.2812,1.6698,
36,16,True,0.807215,0.3758,cusum,,,True,positive,36,0,0.288,1.6273,
36,3,True,0.658719,-0.1436,none,,,False,,36,0,0.0861,0.6404,
36,31,True,0.700081,0.0011,none,,,False,,36,0,0.0946,0.6355,
36,69,True,0.400386,-1.0471,none,,,False,,36,0,0.0861,0.6102,
36,9,True,0.7564,0.1981,none,,,False,,36,0,0.0972,0.5981,
36,57,True,0.705346,0.0195,none,,,False,,36,0,0.0922,0.2062,
36,97,True,0.772246,0.2535,none,,,False,,36,0,0.0922,0.1059,
36,22,True,0.446094,-0.8873,none,,,False,,36,0,0.0843,0.086,
36,95,True,0.816998,0.4101,none,,,False,,36,0,0.1033,0.0576,
36,87,True,0.625985,-0.2581,none,,,False,,36,0,0.1001,0.0337,
36,91,True,0.724119,0.0852,none,,,False,,36,0,0.09,0.0274,
36,26,True,0.630195,-0.2433,none,,,False,,36,0,0.0972,-0.0358,
36,86,True,0.661174,-0.135,none,,,False,,36,0,0.0922,-0.0549,
36,68,True,0.650245,-0.1732,none,,,False,,36,0,0.0922,-0.0593,
36,50,True,0.6781,-0.0758,none,,,False,,36,0,0.1001,-0.0887,
36,34,True,0.699445,-0.0011,none,,,False,,36,0,0.1001,-0.1326,
36,59,True,0.335386,-1.2745,none,,,False,,36,0,0.1867,-0.1843,
36,78,True,0.73682,0.1296,none,,,False,,36,0,0.1098,-0.188,
36,60,True,0.370158,-1.1529,none,,,False,,36,0,0.2353,-0.1971,
36,49,True,0.16061,-1.8858,none,,,False,,36,0,0.351,-2.3248,
36,48,True,0.25295,-1.5628,cusum,,,True,negative,36,0,0.3259,-2.5381,
36,79,True,0.325024,-1.3107,cusum,,,True,negative,36,0,0.3259,-2.2855,
36,47,True,0.22532,-1.6595,none,,,False,,36,0,0.3142,-2.5239,
36,85,True,0.114745,-2.0463,none,,,False,,36,0,0.2972,-2.8139,
36,63,True,0.385204,-1.1003,none,,,False,,36,0,0.2424,-0.6888,
36,4,True,0.395584,-1.0639,none,,,False,,36,0,0.2406,-0.3282,
37,94,True,1.239289,2.2295,none,,,False,,37,0,0.2877,3.5329,
37,28,True,1.120453,1.6939,none,,,False,,37,0,0.2858,3.4539,
37,99,True,1.205585,2.0776,cusum,,,True,positive,37,0,0.2898,3.2412,
37,80,True,1.065237,1.445,none,,,False,,37,0,0.292,2.7495,
37,88,True,1.177039,1.9489,none,,,False,,37,0,0.2858,2.7106,
37,40,True,0.836344,0.4134,none,,,False,,37,0,0.2943,2.6173,
37,15,True,0.866773,0.5505,none,,,False,,37,0,0.2795,2.466,
37,76,True,0.756259,0.0524,none,,,False,,37,0,0.2824,1.7562,
37,16,True,0.815466,0.3193,none,,,False,,37,0,0.2858,1.7386,
37,18,True,0.943685,0.8972,none,,,False,,37,0,0.2795,1.5902,
37,39,True,0.817798,0.3298,none,,,False,,37,0,0.2898,0.6236,
37,31,True,0.847824,0.4651,none,,,False,,37,0,0.092,0.4342,
37,3,True,0.850176,0.4757,none,,,False,,37,0,0.0841,0.4012,
37,95,True,0.892985,0.6687,none,,,False,,37,0,0.0998,0.3949,
37,9,True,1.035634,1.3116,none,,,False,,37,0,0.0943,0.2557,
37,57,True,0.728267,-0.0738,none,,,False,,37,0,0.0898,0.2209,
37,78,True,0.733004,-0.0524,none,,,False,,37,0,0.097,0.1869,
37,97,True,0.660332,-0.38,none,,,False,,37,0,0.0898,0.122,
37,69,True,1.041741,1.3391,none,,,False,,37,0,0.0841,0.1201,
37,26,True,0.632662,-0.5047,none,,,False,,37,0,0.0943,0.0774,
37,91,True,0.575346,-0.763,none,,,False,,37,0,0.0877,-0.0216,
37,86,True,0.652207,-0.4166,none,,,False,,37,0,0.0898,-0.0338,
37,87,True,0.458289,-1.2906,none,,,False,,37,0,0.097,-0.0429,
37,50,True,0.66861,-0.3426,none,,,False,,37,0,0.097,-0.0889,
37,34,True,0.541596,-0.9151,none,,,False,,37,0,0.097,-0.1114,
37,22,True,0.856219,0.5029,none,,,False,,37,0,0.0824,-0.1856,
37,51,True,0.891881,0.6637,none,,,False,,37,0,0.1755,-0.2037,
37,19,True,0.626723,-0.5314,none,,,False,,37,0,0.1921,-0.2103,
37,32,True,0.596516,-0.6676,none,,,False,,37,0,0.1133,-0.2128,
37,49,True,0.40685,-1.5224,cusum,,,True,negative,37,0,0.3399,-2.1833,
37,48,True,0.192419,-2.4889,none,,,False,,37,0,0.3164,-2.4025,
37,79,True,0.268615,-2.1455,none,,,False,,37,0,0.3164,-2.213,
37,47,True,0.284373,-2.0745,cusum,,,True,negative,37,0,0.3054,-2.4584,
37,85,True,0.134084,-2.7518,cusum,,,True,negative,37,0,0.2943,-2.7391,
37,52,True,0.493807,-1.1305,none,,,False,,37,0,0.2469,-0.5504,
37,83,True,0.593689,-0.6803,none,,,False,,37,0,0.2469,-0.2933,
38,94,True,1.415687,3.0,cusum,,,True,positive,38,0,0.2856,3.2734,
38,28,True,1.104643,2.18,cusum,,,True,positive,38,0,0.2838,3.016,
38,99,True,1.290741,3.0,none,,,False,,38,0,0.2875,2.9308,
38,88,True,0.740303,0.3943,none,,,False,,38,0,0.2838,2.5223,
38,80,True,1.128157,2.2953,cusum,,,True,positive,38,0,0.2895,2.3975,
38,15,True,0.944708,1.3961,none,,,False,,38,0,0.2779,2.0056,
38,40,True,1.029927,1.8138,none,,,False,,38,0,0.2917,1.9037,
38,18,True,0.631953,-0.1367,none,,,False,,38,0,0.2779,1.7251,
38,76,True,0.969045,1.5154,none,,,False,,38,0,0.2807,1.6571,
38,16,True,0.803915,0.7061,none,,,False,,38,0,0.2838,1.5357,
38,9,True,0.773593,0.5575,none,,,False,,38,0,0.0917,0.9423,
38,95,True,0.728883,0.3384,none,,,False,,38,0,0.0967,0.606,
38,69,True,0.623566,-0.1778,none,,,False,,38,0,0.0822,0.5034,
38,31,True,0.715423,0.2724,none,,,False,,38,0,0.0895,0.4552,
38,3,True,0.665364,0.027,none,,,False,,38,0,0.0822,0.3632,
38,51,True,0.598259,-0.3019,none,,,False,,38,0,0.0967,0.2913,
38,57,True,0.631915,-0.1369,none,,,False,,38,0,0.0875,0.2456,
38,39,True,0.791017,0.6429,none,,,False,,38,0,0.2875,0.236,
38,22,True,0.654331,-0.027,none,,,False,,38,0,0.0807,0.1768,
38,78,True,0.776947,0.5739,none,,,False,,38,0,0.0941,0.1651,
38,50,True,0.582858,-0.3773,none,,,False,,38,0,0.0941,-0.0185,
38,97,True,0.883692,1.0971,none,,,False,,38,0,0.0875,-0.0669,
38,26,True,0.555381,-0.512,none,,,False,,38,0,0.0917,-0.1312,
38,86,True,0.411935,-1.2151,none,,,False,,38,0,0.0875,-0.1971,
38,68,True,0.742474,0.405,none,,,False,,38,0,0.0987,-0.215,
38,2,True,0.512004,-0.7246,none,,,False,,38,0,0.1969,-0.2385,
38,17,True,0.603633,-0.2755,none,,,False,,38,0,0.1193,-0.2475,
38,10,True,0.671485,0.057,none,,,False,,38,0,0.2061,-0.2569,
38,61,True,0.638538,-0.1044,none,,,False,,38,0,0.1101,-0.262,
38,49,True,0.263908,-1.9406,none,,,False,,38,0,0.3298,-1.9155,
38,48,True,0.322893,-1.6515,cusum,,,True,negative,38,0,0.3077,-2.2372,
38,79,True,0.355415,-1.4921,cusum,,,True,negative,38,0,0.3077,-1.9809,
38,47,True,0.236233,-2.0762,none,,,False,,38,0,0.2996,-2.1544,
38,85,True,0.117699,-2.6572,none,,,False,,38,0,0.2917,-2.6598,
38,98,True,0.265826,-1.9312,none,,,False,,38,0,0.2503,-1.654,
38,82,True,0.32786,-1.6271,none,,,False,,38,0,0.2496,-0.6205,
39,94,True,1.167181,1.5707,none,,,False,,39,0,0.2836,3.6434,
39,99,True,0.959252,0.8782,cusum,,,True,positive,39,0,0.2854,3.4548,
39,28,True,1.241697,1.8189,none,,,False,,39,0,0.282,3.1187,
39,80,True,0.926749,0.77,none,,,False,,39,0,0.2872,2.7583,
39,40,True,0.896837,0.6704,none,,,False,,39,0,0.2893,2.2047,
39,15,True,1.072952,1.2569,cusum,,,True,positive,39,0,0.2763,2.1262,
39,88,True,1.138093,1.4739,none,,,False,,39,0,0.282,2.1101,
39,16,True,0.851917,0.5208,none,,,False,,39,0,0.282,1.5713,
39,18,True,0.872554,0.5895,none,,,False,,39,0,0.2763,1.439,
39,76,True,0.944679,0.8297,none,,,False,,39,0,0.279,0.8475,
39,9,True,0.94733,0.8385,none,,,False,,39,0,0.0893,0.8038,
39,95,True,0.644669,-0.1695,none,,,False,,39,0,0.0939,0.5936,
39,39,True,0.865154,0.5649,none,,,False,,39,0,0.2854,0.5402,
39,97,True,0.587971,-0.3583,none,,,False,,39,0,0.0854,0.4327,
39,31,True,0.909296,0.7119,none,,,False,,39,0,0.0872,0.358,
39,78,True,0.686802,-0.0291,none,,,False,,39,0,0.0915,0.3349,
39,51,True,0.838431,0.4759,none,,,False,,39,0,0.0939,0.2744,
39,3,True,0.899308,0.6786,none,,,False,,39,0,0.0804,0.2218,
39,69,True,0.846468,0.5026,none,,,False,,39,0,0.0804,0.1401,
39,68,True,0.637885,-0.1921,none,,,False,,39,0,0.0872,0.0681,
39,57,True,0.821824,0.4205,none,,,False,,39,0,0.0854,0.0454,
39,22,True,0.7043,0.0291,none,,,False,,39,0,0.079,-0.0371,
39,61,True,0.461,-0.7812,none,,,False,,39,0,0.0893,-0.1373,
39,50,True,0.574033,-0.4047,none,,,False,,39,0,0.0915,-0.1474,
39,10,True,0.519302,-0.587,none,,,False,,39,0,0.1317,-0.1549,
39,34,True,0.591332,-0.3471,none,,,False,,39,0,0.1028,-0.2633,
39,56,True,0.686384,-0.0305,none,,,False,,39,0,0.1997,-0.2645,
39,11,True,0.503532,-0.6395,none,,,False,,39,0,0.1624,-0.2692,
39,60,True,0.332006,-1.2108,none,,,False,,39,0,0.1496,-0.2703,
39,98,True,0.155664,-1.7981,cusum,,,True,negative,39,0,0.3556,-2.3385,
39,49,True,0.338006,-1.1908,cusum,,,True,negative,39,0,0.3206,-2.1443,
39,48,True,0.219407,-1.5858,none,,,False,,39,0,0.2996,-2.272,
39,79,True,0.292521,-1.3423,none,,,False,,39,0,0.2996,-2.0203,
39,47,True,0.242336,-1.5094,cusum,,,True,negative,39,0,0.2965,-2.3117,
39,85,True,0.112636,-1.9414,cusum,,,True,negative,39,0,0.2893,-2.8704,
39,23,True,0.532428,-0.5433,none,,,False,,39,0,0.2547,-0.377,
40,94,True,1.386297,3.0,cusum,,,True,positive,40,0,0.2817,3.371,
40,99,True,1.444336,3.0,none,,,False,,40,0,0.2834,3.0919,
40,28,True,1.296324,3.0,cusum,,,True,positive,40,0,0.2802,2.9997,
40,80,True,1.003734,1.8396,none,,,False,,40,0,0.2851,2.6125,
40,88,True,0.7616,0.4547,cusum,,,True,positive,40,0,0.2802,2.3744,
40,15,True,1.080421,2.2783,none,,,False,,40,0,0.2749,2.1624,
40,40,True,0.797198,0.6583,cusum,,,True,positive,40,0,0.287,2.0777,
40,76,True,0.833555,0.8662,cusum,,,True,positive,40,0,0.2774,1.8972,
40,16,True,0.676014,-0.0349,none,,,False,,40,0,0.2802,1.6174,
40,9,True,0.73365,0.2948,none,,,False,,40,0,0.087,1.0143,
40,69,True,0.689012,0.0395,none,,,False,,40,0,0.0787,0.6546,
40,39,True,1.029144,1.985,none,,,False,,40,0,0.2834,0.6191,
40,31,True,0.741104,0.3374,none,,,False,,40,0,0.0851,0.5922,
40,18,True,0.569485,-0.6442,none,,,False,,40,0,0.2749,0.5445,
40,3,True,0.542453,-0.7988,none,,,False,,40,0,0.0787,0.4938,
40,51,True,0.667807,-0.0818,none,,,False,,40,0,0.0912,0.3971,
40,95,True,0.695215,0.075,none,,,False,,40,0,0.0912,0.397,
40,78,True,0.687753,0.0323,none,,,False,,40,0,0.089,0.2788,
40,22,True,0.598921,-0.4758,none,,,False,,40,0,0.0774,0.2664,
40,97,True,0.694302,0.0697,none,,,False,,40,0,0.0834,0.2262,
40,57,True,0.676466,-0.0323,none,,,False,,40,0,0.0834,0.1766,
40,68,True,0.62513,-0.3259,none,,,False,,40,0,0.0851,0.1223,
40,56,True,0.541791,-0.8026,none,,,False,,40,0,0.1019,0.0535,
40,61,True,0.617619,-0.3689,none,,,False,,40,0,0.087,-0.2227,
40,50,True,0.561353,-0.6907,none,,,False,,40,0,0.089,-0.2602,
40,91,True,0.708088,0.1486,none,,,False,,40,0,0.1026,-0.2709,
40,2,True,0.474258,-1.1889,none,,,False,,40,0,0.1421,-0.2822,
40,32,True,0.834748,0.8731,none,,,False,,40,0,0.1087,-0.2875,
40,0,True,0.776402,0.5393,none,,,False,,40,0,0.1575,-0.2888,
40,98,True,0.238454,-2.5376,none,,,False,,40,0,0.3448,-2.468,
40,49,True,0.283437,-2.2803,none,,,False,,40,0,0.312,-1.9176,
40,48,True,0.245214,-2.4989,cusum,,,True,negative,40,0,0.2963,-2.2837,
40,79,True,0.270303,-2.3554,none,,,False,,40,0,0.2963,-2.0349,
40,47,True,0.270991,-2.3515,none,,,False,,40,0,0.2936,-2.2654,
40,85,True,0.127018,-3.0,none,,,False,,40,0,0.287,-2.8383,
40,58,True,0.629612,-0.3003,none,,,False,,40,0,0.2626,-0.7249,
41,94,True,1.344146,2.6736,none,,,False,,41,0,0.28,3.6256,
41,28,True,1.264302,2.3465,none,,,False,,41,0,0.2785,3.433,
41,99,True,1.256944,2.3163,cusum,,,True,positive,41,0,0.2815,3.397,
41,80,True,1.033466,1.4008,cusum,,,True,positive,41,0,0.2832,2.7416,
41,15,True,0.760273,0.2816,cusum,,,True,positive,41,0,0.2735,2.7366,
41,39,True,0.811196,0.4903,cusum,,,True,positive,41,0,0.2815,2.1685,
41,76,True,0.917033,0.9238,none,,,False,,41,0,0.2759,2.1667,
41,40,True,0.990845,1.2262,none,,,False,,41,0,0.2849,2.1566,
41,88,True,1.046702,1.455,none,,,False,,41,0,0.2785,1.8743,
41,9,True,0.924364,0.9539,none,,,False,,41,0,0.0849,0.6727,
41,31,True,0.634754,-0.2326,none,,,False,,41,0,0.0832,0.5472,
41,16,True,0.891753,0.8203,none,,,False,,41,0,0.2785,0.4973,
41,97,True,0.690635,-0.0036,none,,,False,,41,0,0.0815,0.3738,
41,78,True,0.696565,0.0207,none,,,False,,41,0,0.0868,0.3042,
41,69,True,0.563911,-0.5228,none,,,False,,41,0,0.0772,0.2195,
41,95,True,0.744692,0.2178,none,,,False,,41,0,0.0888,0.196,
41,57,True,0.492228,-0.8164,none,,,False,,41,0,0.0815,0.188,
41,51,True,0.725807,0.1404,none,,,False,,41,0,0.0888,0.1454,
41,32,True,0.570235,-0.4969,none,,,False,,41,0,0.0888,0.1084,
41,68,True,0.667835,-0.097,none,,,False,,41,0,0.0832,0.0689,
41,3,True,0.717116,0.1048,none,,,False,,41,0,0.0772,0.067,
41,18,True,0.681588,-0.0407,none,,,False,,41,0,0.2735,0.029,
41,22,True,0.692413,0.0036,none,,,False,,41,0,0.0759,-0.0617,
41,91,True,0.833823,0.5829,none,,,False,,41,0,0.0832,-0.0698,
41,0,True,0.597032,-0.3871,none,,,False,,41,0,0.0934,-0.1514,
41,56,True,0.841375,0.6139,none,,,False,,41,0,0.096,-0.2647,
41,81,True,0.637439,-0.2216,none,,,False,,41,0,0.2436,-0.3021,
41,34,True,0.595658,-0.3927,none,,,False,,41,0,0.0996,-0.3033,
41,26,True,0.512085,-0.7351,none,,,False,,41,0,0.1059,-0.3053,
41,98,True,0.18914,-2.0581,cusum,,,True,negative,41,0,0.335,-2.4446,
41,49,True,0.264122,-1.7509,cusum,,,True,negative,41,0,0.3041,-2.1748,
41,48,True,0.214531,-1.9541,none,,,False,,41,0,0.2934,-2.2908,
41,79,True,0.256863,-1.7807,cusum,,,True,negative,41,0,0.2934,-2.1087,
41,47,True,0.226319,-1.9058,cusum,,,True,negative,41,0,0.291,-2.3612,
41,85,True,0.103249,-2.4099,cusum,,,True,negative,41,0,0.2849,-2.9237,
41,35,True,0.465131,-0.9274,none,,,False,,41,0,0.2692,-0.3274,
42,94,True,1.474834,3.0,cusum,,,True,positive,42,0,0.2783,3.5148,
42,28,True,1.276256,2.875,cusum,,,True,positive,42,0,0.277,3.4865,
42,99,True,1.321812,3.0,none,,,False,,42,0,0.2798,3.1669,
42,80,True,1.126832,2.1736,none,,,False,,42,0,0.2813,2.4411,
42,15,True,0.791417,0.5992,none,,,False,,42,0,0.2722,2.3636,
42,88,True,0.994217,1.5512,none,,,False,,42,0,0.277,2.2259,
42,39,True,0.804247,0.6595,none,,,False,,42,0,0.2798,2.1154,
42,76,True,0.85847,0.914,none,,,False,,42,0,0.2745,1.9677,
42,40,True,0.874209,0.9879,none,,,False,,42,0,0.283,1.9582,
42,9,True,0.552248,-0.5234,cusum,,,True,positive,42,0,0.283,1.8023,
42,16,True,0.729007,0.3063,none,,,False,,42,0,0.277,0.5334,
42,31,True,0.807702,0.6757,none,,,False,,42,0,0.0813,0.3765,
42,51,True,0.44309,-1.0357,none,,,False,,42,0,0.0866,0.29,
42,95,True,0.366877,-1.3935,none,,,False,,42,0,0.0866,0.1529,
42,78,True,0.7189,0.2589,none,,,False,,42,0,0.0847,0.117,
42,69,True,0.384064,-1.3128,none,,,False,,42,0,0.0757,0.1027,
42,91,True,0.771235,0.5045,none,,,False,,42,0,0.0813,0.0938,
42,3,True,0.758858,0.4464,none,,,False,,42,0,0.0757,0.0911,
42,18,True,0.802135,0.6496,none,,,False,,42,0,0.2722,0.0595,
42,56,True,0.595294,-0.3213,none,,,False,,42,0,0.0932,0.0482,
42,32,True,0.663389,-0.0017,none,,,False,,42,0,0.0866,0.0147,
42,97,True,0.66411,0.0017,none,,,False,,42,0,0.0798,0.0047,
42,57,True,0.620622,-0.2024,none,,,False,,42,0,0.0798,-0.0407,
42,22,True,0.807192,0.6733,none,,,False,,42,0,0.0745,-0.0532,
42,68,True,0.627399,-0.1706,none,,,False,,42,0,0.0813,-0.1007,
42,0,True,0.628155,-0.1671,none,,,False,,42,0,0.0908,-0.2239,
42,61,True,0.714534,0.2384,none,,,False,,42,0,0.093,-0.309,
42,19,True,0.59298,-0.3322,none,,,False,,42,0,0.1492,-0.3148,
42,10,True,0.652195,-0.0542,none,,,False,,42,0,0.1427,-0.3183,
42,98,True,0.165366,-2.3393,none,,,False,,42,0,0.326,-2.4926,
42,49,True,0.375272,-1.3541,none,,,False,,42,0,0.2966,-2.1157,
42,48,True,0.232599,-2.0238,cusum,,,True,negative,42,0,0.2908,-2.3951,
42,79,True,0.255916,-1.9143,none,,,False,,42,0,0.2908,-2.2083,
42,47,True,0.256565,-1.9113,none,,,False,,42,0,0.2886,-2.3075,
42,85,True,0.116556,-2.5684,none,,,False,,42,0,0.283,-2.8438,
42,12,True,0.495545,-0.7895,none,,,False,,42,0,0.27,-0.3346,
43,94,True,1.345625,3.0,none,,,False,,43,0,0.2768,3.9892,
43,99,True,1.221816,2.4732,cusum,,,True,positive,43,0,0.2781,3.8721,
43,28,True,1.111369,1.962,none,,,False,,43,0,0.2755,3.8367,
43,80,True,0.953461,1.2311,cusum,,,True,positive,43,0,0.2796,2.9068,
43,88,True,0.960332,1.2629,cusum,,,True,positive,43,0,0.2755,2.2498,
43,39,True,0.885534,0.9167,none,,,False,,43,0,0.2781,2.1449,
43,15,True,0.75698,0.3217,none,,,False,,43,0,0.271,2.1428,
43,40,True,0.972574,1.3196,none,,,False,,43,0,0.2811,2.0617,
43,76,True,0.895419,0.9625,none,,,False,,43,0,0.2731,1.9942,
43,9,True,0.783144,0.4428,none,,,False,,43,0,0.2811,1.346,
43,91,True,0.733527,0.2131,none,,,False,,43,0,0.0796,0.5141,
43,16,True,0.829566,0.6576,none,,,False,,43,0,0.2755,0.4601,
43,31,True,0.791155,0.4798,none,,,False,,43,0,0.0796,0.3622,
43,32,True,0.597773,-0.4153,none,,,False,,43,0,0.0845,0.2339,
43,78,True,0.747763,0.279,none,,,False,,43,0,0.0828,0.2105,
43,22,True,0.670057,-0.0807,none,,,False,,43,0,0.0731,0.1599,
43,97,True,0.586388,-0.4679,none,,,False,,43,0,0.0781,0.1226,
43,0,True,0.557005,-0.604,none,,,False,,43,0,0.0884,0.1098,
43,18,True,0.704916,0.0807,none,,,False,,43,0,0.271,0.078,
43,3,True,0.837363,0.6937,none,,,False,,43,0,0.0743,0.012,
43,56,True,0.836847,0.6913,none,,,False,,43,0,0.0906,-0.0522,
43,10,True,0.632102,-0.2564,none,,,False,,43,0,0.1177,-0.0611,
43,68,True,0.5757,-0.5174,none,,,False,,43,0,0.0796,-0.0958,
43,61,True,0.633686,-0.249,none,,,False,,43,0,0.0828,-0.1973,
43,51,True,0.668435,-0.0882,none,,,False,,43,0,0.0845,-0.2166,
43,57,True,0.59902,-0.4095,none,,,False,,43,0,0.0781,-0.2504,
43,95,True,0.824661,0.6349,none,,,False,,43,0,0.0845,-0.2578,
43,12,True,0.410859,-1.2804,none,,,False,,43,0,0.1277,-0.2882,
43,96,True,0.636517,-0.2359,none,,,False,,43,0,0.2627,-0.3246,
43,98,True,0.214746,-2.1882,cusum,,,True,negative,43,0,0.3177,-2.678,
43,49,True,0.277442,-1.898,cusum,,,True,negative,43,0,0.293,-2.1738,
43,48,True,0.203388,-2.2407,none,,,False,,43,0,0.2884,-2.5442,
43,79,True,0.196428,-2.2729,cusum,,,True,negative,43,0,0.2884,-2.4021,
43,47,True,0.282862,-1.8729,cusum,,,True,negative,43,0,0.2864,-2.4444,
43,85,True,0.111144,-2.6677,cusum,,,True,negative,43,0,0.2811,-3.0552,
43,72,True,0.363593,-1.4992,none,,,False,,43,0,0.2765,-0.4353,
44,94,True,1.396624,3.0,cusum,,,True,positive,44,0,0.2753,3.9874,
44,99,True,1.323681,3.0,none,,,False,,44,0,0.2766,3.6946,
44,28,True,1.221395,2.6485,cusum,,,True,positive,44,0,0.2741,3.489,
44,80,True,1.043294,1.7661,none,,,False,,44,0,0.278,2.7019,
44,88,True,0.989627,1.5002,none,,,False,,44,0,0.2741,2.5175,
44,40,True,0.920352,1.157,cusum,,,True,positive,44,0,0.2794,2.2799,
44,76,True,0.90347,1.0734,none,,,False,,44,0,0.2719,2.0247,
44,39,True,0.846724,0.7923,none,,,False,,44,0,0.2766,1.7869,
44,15,True,0.936655,1.2378,none,,,False,,44,0,0.2698,1.4892,
44,9,True,0.899004,1.0513,none,,,False,,44,0,0.2794,1.3931,
44,16,True,0.718042,0.1547,none,,,False,,44,0,0.2741,0.6892,
44,91,True,0.760018,0.3627,none,,,False,,44,0,0.078,0.5335,
44,3,True,0.796274,0.5423,none,,,False,,44,0,0.0729,0.5078,
44,56,True,0.650342,-0.1807,none,,,False,,44,0,0.0883,0.4427,
44,31,True,0.816993,0.645,none,,,False,,44,0,0.078,0.4077,
44,18,True,0.624169,-0.3103,none,,,False,,44,0,0.2698,0.3182,
44,78,True,0.728576,0.2069,none,,,False,,44,0,0.0809,0.2904,
44,22,True,0.717808,0.1536,none,,,False,,44,0,0.0719,0.29,
44,61,True,0.568507,-0.5861,none,,,False,,44,0,0.0809,-0.0222,
44,97,True,0.683226,-0.0178,none,,,False,,44,0,0.0766,-0.0586,
44,95,True,0.802068,0.571,none,,,False,,44,0,0.0826,-0.0736,
44,68,True,0.690393,0.0178,none,,,False,,44,0,0.078,-0.1617,
44,10,True,0.65779,-0.1438,none,,,False,,44,0,0.1099,-0.1701,
44,32,True,0.63471,-0.2581,none,,,False,,44,0,0.0826,-0.198,
44,51,True,0.669752,-0.0845,none,,,False,,44,0,0.0826,-0.2212,
44,0,True,0.611008,-0.3755,none,,,False,,44,0,0.0862,-0.2742,
44,20,True,0.558833,-0.634,none,,,False,,44,0,0.2652,-0.327,
44,45,True,0.481361,-1.0178,none,,,False,,44,0,0.2255,-0.3323,
44,33,True,0.56522,-0.6024,none,,,False,,44,0,0.1803,-0.3323,
44,98,True,0.207155,-2.3763,none,,,False,,44,0,0.3099,-2.5661,
44,49,True,0.280781,-2.0116,none,,,False,,44,0,0.2905,-2.0498,
44,48,True,0.161564,-2.6022,cusum,,,True,negative,44,0,0.2862,-2.461,
44,79,True,0.292028,-1.9558,none,,,False,,44,0,0.2862,-2.3775,
44,47,True,0.24908,-2.1686,none,,,False,,44,0,0.2843,-2.2875,
44,14,True,0.363633,-1.6011,none,,,False,,44,0,0.2811,-0.5553,
44,67,True,0.544704,-0.704,none,,,False,,44,0,0.2811,-0.3511,
45,94,True,1.205257,2.1823,none,,,False,,45,0,0.2739,4.0945,
45,99,True,1.211101,2.2077,cusum,,,True,positive,45,0,0.2751,3.9206,
45,28,True,0.852597,0.6494,none,,,False,,45,0,0.2728,3.588,
45,80,True,1.003261,1.3043,none,,,False,,45,0,0.2764,2.8217,
45,88,True,0.987312,1.235,none,,,False,,45,0,0.2728,2.5309,
45,40,True,0.975258,1.1826,none,,,False,,45,0,0.2778,2.2548,
45,76,True,0.901782,0.8632,cusum,,,True,positive,45,0,0.2706,2.0731,
45,39,True,0.855816,0.6634,none,,,False,,45,0,0.2751,1.8857,
45,15,True,0.956498,1.101,none,,,False,,45,0,0.2687,1.8066,
45,9,True,0.679858,-0.1014,none,,,False,,45,0,0.2778,1.4236,
45,31,True,0.826661,0.5367,none,,,False,,45,0,0.0764,0.6982,
45,3,True,0.762784,0.2591,none,,,False,,45,0,0.0717,0.6521,
45,16,True,0.781015,0.3383,none,,,False,,45,0,0.2728,0.4657,
45,91,True,0.816803,0.4939,none,,,False,,45,0,0.0764,0.4582,
45,78,True,0.745132,0.1824,none,,,False,,45,0,0.0792,0.3503,
45,22,True,0.860903,0.6855,none,,,False,,45,0,0.0706,0.3385,
45,18,True,0.711336,0.0355,none,,,False,,45,0,0.0687,0.227,
45,56,True,0.898402,0.8485,none,,,False,,45,0,0.086,0.1749,
45,95,True,0.582452,-0.5247,none,,,False,,45,0,0.0808,0.0418,
45,10,True,0.652442,-0.2205,none,,,False,,45,0,0.1027,-0.0265,
45,97,True,0.695019,-0.0355,none,,,False,,45,0,0.0751,-0.0651,
45,61,True,0.562448,-0.6117,none,,,False,,45,0,0.0792,-0.0969,
45,32,True,0.628938,-0.3227,none,,,False,,45,0,0.0808,-0.1208,
45,68,True,0.638834,-0.2797,none,,,False,,45,0,0.0764,-0.1254,
45,0,True,0.628323,-0.3253,none,,,False,,45,0,0.0842,-0.2731,
45,51,True,0.724464,0.0925,none,,,False,,45,0,0.0808,-0.2986,
45,17,True,0.597634,-0.4587,none,,,False,,45,0,0.1347,-0.3407,
45,64,True,0.43326,-1.1732,none,,,False,,45,0,0.2682,-0.3531,
45,21,True,0.373262,-1.434,none,,,False,,45,0,0.2689,-0.3562,
45,14,True,0.357832,-1.501,cusum,,,True,negative,45,0,0.3516,-1.5976,
45,98,True,0.138729,-2.4533,cusum,,,True,negative,45,0,0.3027,-2.6763,
45,49,True,0.338048,-1.587,cusum,,,True,negative,45,0,0.2881,-2.1398,
45,75,True,0.503527,-0.8678,none,,,False,,45,0,0.2873,-0.4792,
45,85,True,0.112397,-2.5678,none,,,False,,45,0,0.287,-2.9466,
45,48,True,0.180278,-2.2728,none,,,False,,45,0,0.2842,-2.6798,
45,79,True,0.208239,-2.1512,cusum,,,True,negative,45,0,0.2842,-2.4386,
46,94,True,1.173254,1.6588,cusum,,,True,positive,46,0,0.2726,3.8203,
46,99,True,1.170469,1.6502,none,,,False,,46,0,0.2738,3.6548,
46,28,True,1.020153,1.1866,cusum,,,True,positive,46,0,0.2715,2.8446,
46,80,True,0.948388,0.9653,cusum,,,True,positive,46,0,0.275,2.5301,
46,88,True,0.986341,1.0824,cusum,,,True,positive,46,0,0.2715,2.424,
46,40,True,0.946411,0.9592,none,,,False,,46,0,0.2762,2.3178,
46,76,True,0.969771,1.0313,none,,,False,,46,0,0.2695,2.0547,
46,9,True,0.897851,0.8094,none,,,False,,46,0,0.2762,1.5623,
46,15,True,1.034025,1.2294,none,,,False,,46,0,0.2676,0.9726,
46,39,True,0.760134,0.3847,none,,,False,,46,0,0.2738,0.8853,
46,31,True,0.37576,-0.8008,none,,,False,,46,0,0.075,0.6501,
46,3,True,0.610095,-0.078,none,,,False,,46,0,0.0705,0.5882,
46,56,True,0.631993,-0.0105,none,,,False,,46,0,0.084,0.5622,
46,16,True,0.761674,0.3894,none,,,False,,46,0,0.0715,0.4749,
46,91,True,0.750804,0.3559,none,,,False,,46,0,0.075,0.4528,
46,22,True,0.840614,0.6329,none,,,False,,46,0,0.0695,0.3412,
46,95,True,0.751462,0.358,none,,,False,,46,0,0.0791,0.3291,
46,78,True,0.766842,0.4054,none,,,False,,46,0,0.0776,0.3228,
46,51,True,0.61146,-0.0738,none,,,False,,46,0,0.0791,0.0753,
46,18,True,0.685337,0.154,none,,,False,,46,0,0.0676,0.021,
46,97,True,0.649308,0.0429,none,,,False,,46,0,0.0738,-0.0792,
46,10,True,0.638809,0.0105,none,,,False,,46,0,0.0959,-0.0856,
46,68,True,0.592472,-0.1324,none,,,False,,46,0,0.075,-0.1636,
46,32,True,0.584631,-0.1566,none,,,False,,46,0,0.0791,-0.23,
46,17,True,0.560206,-0.2319,none,,,False,,46,0,0.0859,-0.3217,
46,0,True,0.626115,-0.0286,none,,,False,,46,0,0.0822,-0.3283,
46,55,True,0.47413,-0.4974,none,,,False,,46,0,0.2749,-0.3751,
46,57,True,0.618263,-0.0529,none,,,False,,46,0,0.0915,-0.3781,
46,50,True,0.268328,-1.1321,none,,,False,,46,0,0.1239,-0.3791,
46,14,True,0.354182,-0.8673,none,,,False,,46,0,0.3422,-2.0244,
46,98,True,0.189913,-1.374,none,,,False,,46,0,0.2959,-2.718,
46,73,True,0.306039,-1.0158,none,,,False,,46,0,0.2901,-0.9075,
46,47,True,0.287405,-1.0733,none,,,False,,46,0,0.2898,-2.3776,
46,62,True,0.398495,-0.7307,none,,,False,,46,0,0.2897,-0.6801,
46,49,True,0.345421,-0.8944,none,,,False,,46,0,0.2859,-2.2204,
46,66,True,0.403227,-0.7161,none,,,False,,46,0,0.2857,-0.649,
47,99,True,1.213149,1.9745,cusum,,,True,positive,47,0,0.2724,3.3788,
47,94,True,1.424771,2.7772,none,,,False,,47,0,0.2713,3.3717,
47,28,True,1.094607,1.5249,none,,,False,,47,0,0.2703,2.5847,
47,80,True,1.055146,1.3753,none,,,False,,47,0,0.2736,2.4397,
47,88,True,0.996578,1.1531,none,,,False,,47,0,0.2703,2.3623,
47,15,True,0.807743,0.4369,cusum,,,True,positive,47,0,0.2666,2.2739,
47,40,True,0.777988,0.3241,none,,,False,,47,0,0.2748,2.1958,
47,76,True,1.03662,1.305,none,,,False,,47,0,0.2684,2.0763,
47,39,True,0.829216,0.5184,none,,,False,,47,0,0.2724,0.7063,
47,9,True,0.896187,0.7724,none,,,False,,47,0,0.2748,0.6827,
47,22,True,0.76996,0.2936,none,,,False,,47,0,0.0684,0.5777,
47,91,True,0.887827,0.7407,none,,,False,,47,0,0.0736,0.4987,
47,16,True,0.753445,0.231,none,,,False,,47,0,0.0703,0.384,
47,78,True,0.802727,0.4179,none,,,False,,47,0,0.0761,0.3629,
47,3,True,0.471707,-0.8376,none,,,False,,47,0,0.0693,0.3295,
47,56,True,0.680408,-0.046,none,,,False,,47,0,0.0821,0.3257,
47,95,True,0.468185,-0.851,none,,,False,,47,0,0.0774,0.2347,
47,31,True,0.56018,-0.5021,none,,,False,,47,0,0.0736,0.2215,
47,97,True,0.562168,-0.4945,none,,,False,,47,0,0.0724,0.0894,
47,51,True,0.53216,-0.6083,none,,,False,,47,0,0.0774,0.0781,
47,18,True,0.73931,0.1774,none,,,False,,47,0,0.0666,0.0442,
47,10,True,0.71913,0.1008,none,,,False,,47,0,0.0899,-0.0001,
47,68,True,0.70469,0.046,none,,,False,,47,0,0.0736,-0.0369,
47,57,True,0.663793,-0.1091,none,,,False,,47,0,0.0748,-0.1254,
47,0,True,0.617898,-0.2831,none,,,False,,47,0,0.0804,-0.1389,
47,32,True,0.580661,-0.4244,none,,,False,,47,0,0.0774,-0.1458,
47,17,True,0.575383,-0.4444,none,,,False,,47,0,0.0838,-0.2129,
47,61,True,0.732761,0.1525,none,,,False,,47,0,0.0849,-0.3823,
47,27,True,0.492118,-0.7602,none,,,False,,47,0,0.2805,-0.3845,
47,14,True,0.374094,-1.2078,none,,,False,,47,0,0.3336,-1.6845,
47,92,True,0.422095,-1.0258,none,,,False,,47,0,0.2915,-0.8329,
47,13,True,0.468809,-0.8486,none,,,False,,47,0,0.29,-0.4137,
47,98,True,0.13745,-2.1054,cusum,,,True,negative,47,0,0.2899,-2.45,
47,48,True,0.237743,-1.725,none,,,False,,47,0,0.2895,-2.7653,
47,79,True,0.29461,-1.5093,none,,,False,,47,0,0.2895,-2.5201,
47,85,True,0.127959,-2.1414,none,,,False,,47,0,0.2849,-3.0013,
48,94,True,1.254395,2.6036,cusum,,,True,positive,48,0,0.2702,3.2959,
48,99,True,1.109418,1.9493,none,,,False,,48,0,0.2712,3.0354,
48,80,True,0.94984,1.2292,none,,,False,,48,0,0.2723,2.3078,
48,88,True,0.970089,1.3205,none,,,False,,48,0,0.2692,2.2452,
48,28,True,1.047214,1.6686,none,,,False,,48,0,0.2692,2.2087,
48,76,True,0.899244,1.0008,none,,,False,,48,0,0.2673,2.1522,
48,15,True,0.993551,1.4264,none,,,False,,48,0,0.2656,2.0058,
48,40,True,0.865745,0.8496,none,,,False,,48,0,0.2734,1.9164,
48,22,True,0.802419,0.5638,none,,,False,,48,0,0.0673,0.6231,
48,91,True,0.623469,-0.2438,none,,,False,,48,0,0.0723,0.623,
48,39,True,0.843597,0.7497,none,,,False,,48,0,0.2712,0.6135,
48,9,True,0.910257,1.0505,none,,,False,,48,0,0.2734,0.588,
48,78,True,0.679959,0.0112,none,,,False,,48,0,0.0746,0.4314,
48,16,True,0.746227,0.3102,none,,,False,,48,0,0.0692,0.408,
48,56,True,0.794713,0.5291,none,,,False,,48,0,0.0803,0.3682,
48,18,True,0.671409,-0.0274,none,,,False,,48,0,0.0656,0.2056,
48,10,True,0.599718,-0.351,none,,,False,,48,0,0.0876,0.0783,
48,68,True,0.593486,-0.3791,none,,,False,,48,0,0.0723,-0.0292,
48,97,True,0.585017,-0.4173,none,,,False,,48,0,0.0712,-0.0711,
48,57,True,0.763762,0.3894,none,,,False,,48,0,0.0734,-0.096,
48,51,True,0.675007,-0.0112,none,,,False,,48,0,0.0759,-0.0985,
48,0,True,0.596235,-0.3667,none,,,False,,48,0,0.0787,-0.1103,
48,3,True,0.783128,0.4768,none,,,False,,48,0,0.0682,-0.1318,
48,31,True,0.701305,0.1075,none,,,False,,48,0,0.0723,-0.1625,
48,32,True,0.58458,-0.4193,none,,,False,,48,0,0.0759,-0.2032,
48,95,True,0.810277,0.5993,none,,,False,,48,0,0.0759,-0.2412,
48,61,True,0.557228,-0.5427,none,,,False,,48,0,0.0759,-0.2504,
48,17,True,0.608107,-0.3131,none,,,False,,48,0,0.0819,-0.2717,
48,4,True,0.339985,-1.5231,none,,,False,,48,0,0.2058,-0.4011,
48,14,True,0.378184,-1.3507,cusum,,,True,negative,48,0,0.3256,-1.5584,
48,49,True,0.337046,-1.5364,none,,,False,,48,0,0.291,-1.8885,
48,93,True,0.314267,-1.6392,none,,,False,,48,0,0.2898,-1.0832,
48,98,True,0.208397,-2.117,none,,,False,,48,0,0.2876,-2.3629,
48,47,True,0.296938,-1.7174,none,,,False,,48,0,0.2876,-2.1007,
48,89,True,0.463625,-0.9651,none,,,False,,48,0,0.287,-1.0123,
48,29,True,0.225389,-2.0403,none,,,False,,48,0,0.286,-0.5623,
49,94,True,1.318628,3.0,none,,,False,,49,0,0.269,3.4349,
49,99,True,1.135358,2.4125,cusum,,,True,positive,49,0,0.27,2.9478,
49,28,True,1.185169,2.6925,cusum,,,True,positive,49,0,0.2681,2.5471,
49,80,True,0.997212,1.6358,cusum,,,True,positive,49,0,0.271,2.2812,
49,88,True,0.997861,1.6395,cusum,,,True,positive,49,0,0.2681,2.2724,
49,76,True,1.022681,1.779,cusum,,,True,positive,49,0,0.2663,2.1969,
49,15,True,0.801077,0.5331,none,,,False,,49,0,0.2647,2.1131,
49,40,True,0.826035,0.6734,cusum,,,True,positive,49,0,0.2721,1.8038,
49,39,True,0.826418,0.6756,cusum,,,True,positive,49,0,0.27,1.6407,
49,9,True,0.690865,-0.0865,none,,,False,,49,0,0.2721,0.9703,
49,22,True,0.731297,0.1408,none,,,False,,49,0,0.0663,0.5813,
49,16,True,0.757176,0.2863,none,,,False,,49,0,0.0681,0.3973,
49,91,True,0.780087,0.4151,none,,,False,,49,0,0.071,0.3756,
49,78,True,0.607646,-0.5544,none,,,False,,49,0,0.0733,0.3726,
49,56,True,0.744142,0.213,none,,,False,,49,0,0.0786,0.2596,
49,18,True,0.732224,0.146,none,,,False,,49,0,0.0647,0.1835,
49,57,True,0.703606,-0.0149,none,,,False,,49,0,0.0721,0.1687,
49,95,True,0.70891,0.0149,none,,,False,,49,0,0.0745,0.1317,
49,10,True,0.656992,-0.277,none,,,False,,49,0,0.0854,0.0319,
49,3,True,0.739059,0.1844,none,,,False,,49,0,0.0672,-0.0605,
49,68,True,0.631102,-0.4225,none,,,False,,49,0,0.071,-0.0639,
49,0,True,0.536513,-0.9543,none,,,False,,49,0,0.0771,-0.1262,
49,51,True,0.580513,-0.707,none,,,False,,49,0,0.0745,-0.1349,
49,97,True,0.733912,0.1555,none,,,False,,49,0,0.07,-0.1998,
49,17,True,0.566751,-0.7843,none,,,False,,49,0,0.0801,-0.2255,
49,32,True,0.628493,-0.4372,none,,,False,,49,0,0.0745,-0.2372,
49,61,True,0.640512,-0.3696,none,,,False,,49,0,0.0745,-0.2377,
49,31,True,0.791831,0.4811,none,,,False,,49,0,0.071,-0.3072,
49,7,True,0.502637,-1.1448,none,,,False,,49,0,0.2703,-0.4036,
49,89,True,0.250587,-2.5619,cusum,,,True,negative,49,0,0.3668,-1.6719,
49,14,True,0.346015,-2.0254,none,,,False,,49,0,0.3181,-1.5129,
49,29,True,0.324789,-2.1447,cusum,,,True,negative,49,0,0.3181,-1.6665,
49,54,True,0.369285,-1.8945,none,,,False,,49,0,0.2913,-1.0772,
49,8,True,0.277426,-2.411,none,,,False,,49,0,0.2896,-0.6532,
49,30,True,0.336575,-2.0784,none,,,False,,49,0,0.2882,-0.8102,
49,36,True,0.287231,-2.3559,none,,,False,,49,0,0.2882,-0.6052,
50,94,True,1.325304,3.0,cusum,,,True,positive,50,0,0.2679,3.8806,
50,99,True,1.286926,3.0,none,,,False,,50,0,0.2689,3.2005,
50,28,True,1.153892,3.0,none,,,False,,50,0,0.267,3.0478,
50,80,True,0.953157,1.7533,none,,,False,,50,0,0.2699,2.5032,
50,88,True,0.862856,1.095,none,,,False,,50,0,0.267,2.4568,
50,76,True,0.993627,2.0483,none,,,False,,50,0,0.2653,2.4449,
50,15,True,0.785437,0.5307,none,,,False,,50,0,0.2638,1.8799,
50,39,True,0.765783,0.3874,none,,,False,,50,0,0.2689,1.7363,
50,40,True,0.829487,0.8518,none,,,False,,50,0,0.2709,1.707,
50,9,True,0.821659,0.7947,none,,,False,,50,0,0.2709,0.6701,
50,22,True,0.652339,-0.4396,none,,,False,,50,0,0.0653,0.4161,
50,91,True,0.753818,0.3002,none,,,False,,50,0,0.0699,0.3938,
50,16,True,0.751598,0.284,none,,,False,,50,0,0.067,0.3616,
50,56,True,0.709261,-0.0246,none,,,False,,50,0,0.077,0.332,
50,18,True,0.659926,-0.3843,none,,,False,,50,0,0.0638,0.1798,
50,57,True,0.687149,-0.1858,none,,,False,,50,0,0.0709,0.1798,
50,31,True,0.736441,0.1735,none,,,False,,50,0,0.0699,0.1187,
50,78,True,0.807139,0.6889,none,,,False,,50,0,0.072,0.0511,
50,3,True,0.724283,0.0849,none,,,False,,50,0,0.0662,0.0257,
50,95,True,0.719865,0.0527,none,,,False,,50,0,0.0731,0.0156,
50,10,True,0.651939,-0.4425,none,,,False,,50,0,0.0834,-0.0666,
50,61,True,0.632035,-0.5876,none,,,False,,50,0,0.0731,-0.1588,
50,68,True,0.657667,-0.4008,none,,,False,,50,0,0.0699,-0.1621,
50,97,True,0.654158,-0.4263,none,,,False,,50,0,0.0689,-0.1637,
50,32,True,0.457313,-1.8613,none,,,False,,50,0,0.0731,-0.3325,
50,51,True,0.62209,-0.6601,none,,,False,,50,0,0.0731,-0.3477,
50,1,True,0.949902,1.7296,none,,,False,,50,0,0.2092,-0.4043,
50,17,True,0.564647,-1.0789,none,,,False,,50,0,0.0784,-0.4119,
50,12,True,0.625667,-0.634,none,,,False,,50,0,0.1703,-0.413,
50,30,True,0.380478,-2.4214,cusum,,,True,negative,50,0,0.357,-1.7927,
50,36,True,0.271892,-3.0,cusum,,,True,negative,50,0,0.357,-1.7069,
50,89,True,0.419817,-2.1347,none,,,False,,50,0,0.357,-1.8559,
50,54,True,0.333485,-2.764,cusum,,,True,negative,50,0,0.3196,-1.8296,
50,14,True,0.275013,-3.0,cusum,,,True,negative,50,0,0.3112,-1.903,
50,29,True,0.716023,0.0246,none,,,False,,50,0,0.3112,-2.4405,
50,48,True,0.080855,-3.0,none,,,False,,50,0,0.294,-2.5957,
51,94,True,1.134206,1.5248,none,,,False,,51,0,0.2669,3.9536,
51,99,True,0.863362,0.5397,cusum,,,True,positive,51,0,0.2678,3.541,
51,28,True,1.083548,1.3406,cusum,,,True,positive,51,0,0.266,3.5382,
51,76,True,0.937324,0.8087,cusum,,,True,positive,51,0,0.2644,2.6916,
51,80,True,0.944555,0.835,cusum,,,True,positive,51,0,0.2687,2.6278,
51,88,True,0.909616,0.708,none,,,False,,51,0,0.266,2.4362,
51,15,True,0.909032,0.7058,none,,,False,,51,0,0.2629,1.9101,
51,40,True,0.939836,0.8179,none,,,False,,51,0,0.2697,1.8814,
51,39,True,0.776377,0.2233,none,,,False,,51,0,0.2678,1.6912,
51,9,True,1.047727,1.2103,none,,,False,,51,0,0.2697,0.676,
51,16,True,0.891796,0.6431,none,,,False,,51,0,0.066,0.378,
51,31,True,0.668694,-0.1683,none,,,False,,51,0,0.0687,0.3424,
51,56,True,0.98658,0.9879,none,,,False,,51,0,0.0755,0.3372,
51,3,True,0.876039,0.5858,none,,,False,,51,0,0.0652,0.332,
51,95,True,0.807533,0.3367,none,,,False,,51,0,0.0719,0.3151,
51,91,True,0.814899,0.3635,none,,,False,,51,0,0.0687,0.2455,
51,1,True,0.785002,0.2547,none,,,False,,51,0,0.1046,0.1709,
51,22,True,0.941622,0.8244,none,,,False,,51,0,0.0644,0.1705,
51,57,True,0.501947,-0.7748,none,,,False,,51,0,0.0697,0.1527,
51,78,True,0.695883,-0.0694,none,,,False,,51,0,0.0708,0.1398,
51,18,True,0.70594,-0.0329,none,,,False,,51,0,0.0629,-0.0085,
51,97,True,0.676816,-0.1388,none,,,False,,51,0,0.0678,-0.1423,
51,10,True,0.643721,-0.2592,none,,,False,,51,0,0.0815,-0.2502,
51,68,True,0.61645,-0.3584,none,,,False,,51,0,0.0687,-0.3124,
51,51,True,0.724009,0.0329,none,,,False,,51,0,0.0719,-0.3666,
51,61,True,0.569726,-0.5283,none,,,False,,51,0,0.0719,-0.4071,
51,53,True,0.615734,-0.361,none,,,False,,51,0,0.2325,-0.4183,
51,70,True,0.538426,-0.6421,none,,,False,,51,0,0.2394,-0.4245,
51,6,True,0.504441,-0.7658,none,,,False,,51,0,0.2815,-0.4271,
51,30,True,0.380035,-1.2183,none,,,False,,51,0,0.348,-2.3602,
51,36,True,0.248644,-1.6962,none,,,False,,51,0,0.348,-2.5785,
51,89,True,0.39821,-1.1522,cusum,,,True,negative,51,0,0.348,-2.2429,
51,54,True,0.288585,-1.5509,none,,,False,,51,0,0.3127,-2.6624,
51,14,True,0.391912,-1.1751,none,,,False,,51,0,0.3046,-2.5041,
51,29,True,0.628638,-0.314,none,,,False,,51,0,0.3046,-1.7655,
51,79,True,0.23799,-1.7349,none,,,False,,51,0,0.3004,-2.2679,
52,94,True,1.267825,3.0,cusum,,,True,positive,52,0,0.2659,3.5928,
52,28,True,1.353901,3.0,none,,,False,,52,0,0.2651,3.4277,
52,99,True,1.306062,3.0,none,,,False,,52,0,0.2668,3.0698,
52,76,True,1.012505,2.084,none,,,False,,52,0,0.2635,2.6265,
52,80,True,1.00409,2.0317,none,,,False,,52,0,0.2677,2.4951,
52,88,True,0.848094,1.062,cusum,,,True,positive,52,0,0.2651,2.2308,
52,40,True,0.774949,0.6074,none,,,False,,52,0,0.2686,1.8694,
52,9,True,0.778063,0.6268,cusum,,,True,positive,52,0,0.2686,1.7279,
52,39,True,0.881862,1.2719,none,,,False,,52,0,0.2668,1.5145,
52,15,True,0.790102,0.7016,none,,,False,,52,0,0.2621,0.6689,
52,1,True,0.976505,1.8602,none,,,False,,52,0,0.0984,0.5021,
52,56,True,0.671778,-0.0339,none,,,False,,52,0,0.0741,0.4883,
52,16,True,0.64698,-0.188,none,,,False,,52,0,0.0651,0.4878,
52,91,True,0.964331,1.7845,none,,,False,,52,0,0.0677,0.4466,
52,3,True,0.573072,-0.6474,none,,,False,,52,0,0.0643,0.3672,
52,22,True,0.661012,-0.1008,none,,,False,,52,0,0.0635,0.2563,
52,31,True,0.694358,0.1065,none,,,False,,52,0,0.0677,0.2491,
52,95,True,0.622167,-0.3422,none,,,False,,52,0,0.0706,0.226,
52,78,True,0.610412,-0.4153,none,,,False,,52,0,0.0696,0.1115,
52,18,True,0.698975,0.1352,none,,,False,,52,0,0.0621,-0.0113,
52,97,True,0.642381,-0.2166,none,,,False,,52,0,0.0668,-0.0508,
52,10,True,0.682731,0.0342,none,,,False,,52,0,0.0797,-0.222,
52,57,True,0.635154,-0.2615,none,,,False,,52,0,0.0686,-0.2368,
52,68,True,0.693546,0.1014,none,,,False,,52,0,0.0677,-0.3068,
52,51,True,0.7208,0.2708,none,,,False,,52,0,0.0706,-0.3535,
52,61,True,0.556629,-0.7496,none,,,False,,52,0,0.0706,-0.4039,
52,87,True,0.68268,0.0339,none,,,False,,52,0,0.2004,-0.4348,
52,0,True,0.619147,-0.361,none,,,False,,52,0,0.0888,-0.4367,
52,34,True,0.651757,-0.1583,none,,,False,,52,0,0.1582,-0.4369,
52,30,True,0.453371,-1.3914,cusum,,,True,negative,52,0,0.3397,-2.2674,
52,36,True,0.315335,-2.2494,cusum,,,True,negative,52,0,0.3397,-2.712,
52,89,True,0.230712,-2.7754,none,,,False,,52,0,0.3397,-2.3109,
52,54,True,0.288064,-2.4189,cusum,,,True,negative,52,0,0.3061,-2.4485,
52,98,True,0.158806,-3.0,none,,,False,,52,0,0.3052,-2.2536,
52,41,True,0.350938,-2.0281,none,,,False,,52,0,0.3039,-0.8726,
52,43,True,0.55384,-0.7669,none,,,False,,52,0,0.3039,-0.6849,
53,94,True,1.268675,2.3165,none,,,False,,53,0,0.2649,3.5916,
53,28,True,1.130092,1.7383,cusum,,,True,positive,53,0,0.2641,3.5291,
53,99,True,1.102254,1.6222,cusum,,,True,positive,53,0,0.2658,3.2644,
53,76,True,0.912988,0.8325,none,,,False,,53,0,0.2626,2.7271,
53,80,True,1.001994,1.2038,none,,,False,,53,0,0.2666,2.6258,
53,1,True,0.887004,0.7241,cusum,,,True,positive,53,0,0.2926,2.3962,
53,88,True,0.817183,0.4328,none,,,False,,53,0,0.2641,2.0372,
53,9,True,0.775381,0.2583,none,,,False,,53,0,0.2675,1.9643,
53,40,True,0.850911,0.5735,none,,,False,,53,0,0.2675,1.8461,
53,15,True,0.875139,0.6746,cusum,,,True,positive,53,0,0.2613,1.7241,
53,39,True,0.803743,0.3767,none,,,False,,53,0,0.2658,1.7121,
53,91,True,0.875102,0.6744,none,,,False,,53,0,0.0666,0.9018,
53,56,True,0.890424,0.7383,none,,,False,,53,0,0.0727,0.4043,
53,16,True,0.935277,0.9255,none,,,False,,53,0,0.0641,0.3286,
53,22,True,0.624903,-0.3695,none,,,False,,53,0,0.0626,0.1747,
53,78,True,0.760004,0.1942,none,,,False,,53,0,0.0685,0.1564,
53,31,True,0.693692,-0.0825,none,,,False,,53,0,0.0666,0.123,
53,95,True,0.837072,0.5157,none,,,False,,53,0,0.0695,0.1055,
53,3,True,0.733234,0.0825,none,,,False,,53,0,0.0634,0.0889,
53,18,True,0.689615,-0.0995,none,,,False,,53,0,0.0613,-0.0159,
53,51,True,0.354565,-1.4974,none,,,False,,53,0,0.0695,-0.029,
53,10,True,0.630265,-0.3471,none,,,False,,53,0,0.078,-0.1204,
53,68,True,0.612248,-0.4223,none,,,False,,53,0,0.0666,-0.1335,
53,97,True,0.606423,-0.4466,none,,,False,,53,0,0.0658,-0.1761,
53,34,True,0.609583,-0.4334,none,,,False,,53,0,0.0853,-0.1876,
53,57,True,0.620967,-0.3859,none,,,False,,53,0,0.0675,-0.3204,
53,87,True,0.573237,-0.5851,none,,,False,,53,0,0.1,-0.3871,
53,42,True,1.266475,2.3074,none,,,False,,53,0,0.2623,-0.4409,
53,41,True,0.311119,-1.6787,cusum,,,True,negative,53,0,0.3597,-1.7163,
53,30,True,0.390955,-1.3456,none,,,False,,53,0,0.332,-2.0434,
53,36,True,0.259404,-1.8945,none,,,False,,53,0,0.332,-2.6816,
53,89,True,0.451294,-1.0939,cusum,,,True,negative,53,0,0.332,-2.3871,
53,85,True,0.146295,-2.3664,none,,,False,,53,0,0.3083,-2.3609,
53,49,True,0.516307,-0.8226,none,,,False,,53,0,0.3076,-1.7327,
53,14,True,0.248575,-1.9397,none,,,False,,53,0,0.3066,-2.449,
53,29,True,0.671507,-0.1751,none,,,False,,53,0,0.3066,-1.1935,
54,94,True,1.207106,2.1912,cusum,,,True,positive,54,0,0.264,3.3627,
54,28,True,1.000703,1.3091,none,,,False,,54,0,0.2633,3.1074,
54,99,True,1.21919,2.2428,none,,,False,,54,0,0.2648,2.804,
54,80,True,1.048565,1.5137,cusum,,,True,positive,54,0,0.2656,2.4414,
54,76,True,0.968777,1.1727,cusum,,,True,positive,54,0,0.2618,2.3208,
54,1,True,0.915866,0.9466,none,,,False,,54,0,0.287,2.0581,
54,91,True,0.873012,0.7635,cusum,,,True,positive,54,0,0.2656,2.0253,
54,88,True,0.808091,0.486,none,,,False,,54,0,0.2633,1.8154,
54,9,True,0.731479,0.1586,none,,,False,,54,0,0.2665,1.7842,
54,15,True,0.957555,1.1247,none,,,False,,54,0,0.2605,1.7711,
54,40,True,0.72166,0.1167,none,,,False,,54,0,0.2665,0.752,
54,39,True,0.884025,0.8105,none,,,False,,54,0,0.2648,0.7073,
54,56,True,0.623576,-0.3025,none,,,False,,54,0,0.0715,0.657,
54,16,True,0.730701,0.1553,none,,,False,,54,0,0.0633,0.5413,
54,42,True,1.050426,1.5216,none,,,False,,54,0,0.1168,0.5294,
54,95,True,0.656636,-0.1612,none,,,False,,54,0,0.0684,0.2584,
54,22,True,0.671863,-0.0961,none,,,False,,54,0,0.0618,0.1971,
54,3,True,0.696902,0.0109,none,,,False,,54,0,0.0625,0.087,
54,18,True,0.728194,0.1446,none,,,False,,54,0,0.0605,0.0781,
54,31,True,0.691816,-0.0109,none,,,False,,54,0,0.0656,0.0364,
54,78,True,0.65701,-0.1596,none,,,False,,54,0,0.0674,-0.0098,
54,29,True,0.631131,-0.2702,none,,,False,,54,0,0.2942,-0.0401,
54,10,True,0.731817,0.1601,none,,,False,,54,0,0.0765,-0.0907,
54,68,True,0.639221,-0.2356,none,,,False,,54,0,0.0656,-0.1419,
54,97,True,0.557341,-0.5855,none,,,False,,54,0,0.0648,-0.184,
54,34,True,0.620546,-0.3154,none,,,False,,54,0,0.0829,-0.219,
54,51,True,0.70004,0.0243,none,,,False,,54,0,0.0684,-0.3095,
54,57,True,0.646593,-0.2041,none,,,False,,54,0,0.0665,-0.3883,
54,41,True,0.325653,-1.5756,none,,,False,,54,0,0.3509,-2.0378,
54,30,True,0.437391,-1.0981,none,,,False,,54,0,0.3248,-1.6893,
54,36,True,0.326454,-1.5722,cusum,,,True,negative,54,0,0.3248,-2.3176,
54,89,True,0.414721,-1.195,none,,,False,,54,0,0.3248,-2.0447,
54,47,True,0.310264,-1.6414,none,,,False,,54,0,0.3103,-1.551,
54,54,True,0.406882,-1.2285,none,,,False,,54,0,0.308,-2.6267,
54,24,True,0.379466,-1.3457,none,,,False,,54,0,0.3051,-0.7215,
54,48,True,0.204986,-2.0913,none,,,False,,54,0,0.2974,-2.7305,
55,94,True,1.350338,2.8223,none,,,False,,55,0,0.2631,3.5837,
55,99,True,1.148926,1.9567,cusum,,,True,positive,55,0,0.2639,3.3705,
55,28,True,1.065538,1.5983,none,,,False,,55,0,0.2624,3.0959,
55,80,True,1.023215,1.4165,none,,,False,,55,0,0.2647,2.6664,
55,76,True,0.795811,0.4392,none,,,False,,55,0,0.261,2.4411,
55,1,True,0.922484,0.9836,none,,,False,,55,0,0.2827,2.2861,
55,42,True,1.091121,1.7083,cusum,,,True,positive,55,0,0.3104,2.2667,
55,91,True,0.858569,0.7089,none,,,False,,55,0,0.2647,2.1575,
55,15,True,0.854226,0.6902,none,,,False,,55,0,0.2597,1.9099,
55,88,True,0.69319,-0.0018,none,,,False,,55,0,0.2624,1.7403,
55,9,True,0.832442,0.5966,none,,,False,,55,0,0.2655,1.4324,
55,39,True,0.951131,1.1067,none,,,False,,55,0,0.2639,0.9019,
55,40,True,0.757064,0.2727,none,,,False,,55,0,0.2655,0.517,
55,16,True,0.783984,0.3884,none,,,False,,55,0,0.0624,0.3777,
55,56,True,0.694042,0.0018,none,,,False,,55,0,0.0703,0.2253,
55,18,True,0.690009,-0.0155,none,,,False,,55,0,0.0597,0.1363,
55,95,True,0.407524,-1.2295,none,,,False,,55,0,0.0673,0.0911,
55,31,True,0.671045,-0.097,none,,,False,,55,0,0.0647,0.0877,
55,10,True,0.70271,0.0391,none,,,False,,55,0,0.075,0.0471,
55,78,True,0.689411,-0.0181,none,,,False,,55,0,0.0664,-0.0412,
55,68,True,0.559579,-0.576,none,,,False,,55,0,0.0647,-0.1022,
55,3,True,0.702485,0.0381,none,,,False,,55,0,0.0617,-0.1056,
55,22,True,0.846903,0.6588,none,,,False,,55,0,0.061,-0.1107,
55,29,True,0.645149,-0.2083,none,,,False,,55,0,0.2887,-0.1413,
55,34,True,0.517805,-0.7556,none,,,False,,55,0,0.081,-0.1958,
55,57,True,0.742623,0.2106,none,,,False,,55,0,0.0655,-0.1993,
55,51,True,0.625947,-0.2908,none,,,False,,55,0,0.0673,-0.3137,
55,97,True,0.548791,-0.6224,none,,,False,,55,0,0.0639,-0.334,
55,24,True,0.436794,-1.1037,cusum,,,True,negative,55,0,0.3716,-1.6057,
55,41,True,0.235126,-1.9704,cusum,,,True,negative,55,0,0.3428,-2.1221,
55,30,True,0.407851,-1.2281,cusum,,,True,negative,55,0,0.3181,-1.6534,
55,36,True,0.309071,-1.6526,none,,,False,,55,0,0.3181,-2.2804,
55,89,True,0.464222,-0.9858,none,,,False,,55,0,0.3181,-2.0631,
55,14,True,0.357721,-1.4435,none,,,False,,55,0,0.3021,-2.4235,
55,5,True,0.337787,-1.5292,none,,,False,,55,0,0.3014,-0.5395,
55,25,True,0.620137,-0.3158,none,,,False,,55,0,0.3014,-0.6118,
56,94,True,1.370011,2.0923,cusum,,,True,positive,56,0,0.2623,3.5234,
56,99,True,1.321011,1.9448,none,,,False,,56,0,0.263,3.0217,
56,42,True,0.997679,0.9716,none,,,False,,56,0,0.3044,2.9636,
56,28,True,1.268671,1.7873,cusum,,,True,positive,56,0,0.2616,2.6277,
56,80,True,1.05164,1.134,none,,,False,,56,0,0.2638,2.4602,
56,1,True,0.963702,0.8694,none,,,False,,56,0,0.2809,1.9913,
56,15,True,0.890048,0.6477,none,,,False,,56,0,0.259,1.9052,
56,76,True,0.907872,0.7013,none,,,False,,56,0,0.2603,1.8919,
56,39,True,0.944654,0.812,cusum,,,True,positive,56,0,0.263,1.8457,
56,91,True,0.917178,0.7293,none,,,False,,56,0,0.2638,1.7978,
56,9,True,0.784033,0.3286,none,,,False,,56,0,0.2646,1.4212,
56,88,True,0.75292,0.2349,none,,,False,,56,0,0.2616,1.3847,
56,16,True,0.721126,0.1392,none,,,False,,56,0,0.0616,0.5688,
56,40,True,0.779196,0.314,none,,,False,,56,0,0.2646,0.4043,
56,56,True,0.524721,-0.4519,none,,,False,,56,0,0.0691,0.2357,
56,22,True,0.744338,0.2091,none,,,False,,56,0,0.0603,0.1415,
56,3,True,0.694781,0.0599,none,,,False,,56,0,0.0609,0.1219,
56,78,True,0.604939,-0.2105,none,,,False,,56,0,0.0654,0.09,
56,18,True,0.611143,-0.1918,none,,,False,,56,0,0.059,0.0852,
56,10,True,0.671647,-0.0097,none,,,False,,56,0,0.0736,0.0469,
56,31,True,0.678081,0.0097,none,,,False,,56,0,0.0638,0.0187,
56,57,True,0.591819,-0.25,none,,,False,,56,0,0.0646,-0.0431,
56,29,True,0.665364,-0.0286,none,,,False,,56,0,0.2834,-0.1087,
56,95,True,0.72252,0.1434,none,,,False,,56,0,0.0663,-0.2059,
56,25,True,0.518302,-0.4712,none,,,False,,56,0,0.1527,-0.2703,
56,68,True,0.630882,-0.1324,none,,,False,,56,0,0.0638,-0.3291,
56,34,True,0.375452,-0.9012,none,,,False,,56,0,0.0792,-0.3972,
56,46,True,0.432784,-0.7286,none,,,False,,56,0,0.2813,-0.4419,
56,24,True,0.341982,-1.0019,none,,,False,,56,0,0.3622,-1.446,
56,41,True,0.259462,-1.2503,none,,,False,,56,0,0.3353,-2.1079,
56,30,True,0.464974,-0.6317,none,,,False,,56,0,0.3118,-1.6027,
56,36,True,0.326909,-1.0473,cusum,,,True,negative,56,0,0.3118,-2.0852,
56,89,True,0.432042,-0.7309,none,,,False,,56,0,0.3118,-1.4703,
56,65,True,0.348293,-0.9829,none,,,False,,56,0,0.3059,-0.6686,
56,54,True,0.408637,-0.8013,none,,,False,,56,0,0.3035,-2.1181,
56,74,True,0.335657,-1.021,none,,,False,,56,0,0.3027,-0.6278,
57,94,True,1.173192,1.8004,none,,,False,,57,0,0.2615,3.4476,
57,99,True,1.28679,2.2078,cusum,,,True,positive,57,0,0.2622,3.1282,
57,28,True,1.186028,1.8464,none,,,False,,57,0,0.2608,2.643,
57,42,True,1.030942,1.2903,none,,,False,,57,0,0.2987,2.5152,
57,80,True,0.93402,0.9427,cusum,,,True,positive,57,0,0.2629,2.4358,
57,1,True,0.930535,0.9302,none,,,False,,57,0,0.2791,2.0374,
57,39,True,0.885678,0.7693,none,,,False,,57,0,0.2622,1.9898,
57,15,True,0.85606,0.6631,none,,,False,,57,0,0.2583,1.8954,
57,76,True,0.96384,1.0496,none,,,False,,57,0,0.2595,1.8473,
57,91,True,0.82648,0.557,none,,,False,,57,0,0.2629,1.815,
57,9,True,0.815692,0.5183,none,,,False,,57,0,0.2637,0.4435,
57,22,True,0.671406,0.0009,none,,,False,,57,0,0.0595,0.3335,
57,88,True,0.878303,0.7428,none,,,False,,57,0,0.2608,0.3178,
57,40,True,0.786504,0.4136,none,,,False,,57,0,0.2637,0.3167,
57,16,True,0.785954,0.4117,none,,,False,,57,0,0.0608,0.3057,
57,10,True,0.646973,-0.0868,none,,,False,,57,0,0.0723,0.1576,
57,3,True,0.695132,0.0859,none,,,False,,57,0,0.0601,0.1135,
57,18,True,0.719493,0.1733,none,,,False,,57,0,0.0583,0.0536,
57,31,True,0.647326,-0.0855,none,,,False,,57,0,0.0629,0.0484,
57,57,True,0.624099,-0.1688,none,,,False,,57,0,0.0637,0.001,
57,78,True,0.62179,-0.1771,none,,,False,,57,0,0.0645,-0.046,
57,29,True,0.638416,-0.1175,none,,,False,,57,0,0.2808,-0.0624,
57,56,True,0.789175,0.4232,none,,,False,,57,0,0.068,-0.1625,
57,25,True,0.479909,-0.6859,none,,,False,,57,0,0.1447,-0.2152,
57,68,True,0.63433,-0.1321,none,,,False,,57,0,0.0629,-0.2336,
57,95,True,0.508894,-0.582,none,,,False,,57,0,0.0653,-0.3312,
57,53,True,0.670927,-0.0009,none,,,False,,57,0,0.159,-0.4443,
57,38,True,0.194059,-1.711,none,,,False,,57,0,0.3042,-0.4486,
57,24,True,0.365972,-1.0945,none,,,False,,57,0,0.3536,-1.5061,
57,41,True,0.207867,-1.6615,cusum,,,True,negative,57,0,0.3283,-1.9697,
57,98,True,0.088735,-2.0888,none,,,False,,57,0,0.3096,-2.2984,
57,79,True,0.258306,-1.4806,none,,,False,,57,0,0.3083,-1.6964,
57,30,True,0.430625,-0.8626,none,,,False,,57,0,0.3058,-1.3681,
57,36,True,0.315647,-1.275,none,,,False,,57,0,0.3058,-1.8062,
57,89,True,0.378982,-1.0479,cusum,,,True,negative,57,0,0.3058,-1.3527,
57,71,True,0.627421,-0.1569,none,,,False,,57,0,0.3042,-0.6985,
58,94,True,0.921957,0.9404,cusum,,,True,positive,58,0,0.2607,3.3164,
58,99,True,1.032743,1.3594,none,,,False,,58,0,0.2614,3.1155,
58,28,True,1.169654,1.8773,cusum,,,True,positive,58,0,0.26,2.8212,
58,42,True,1.064122,1.4781,cusum,,,True,positive,58,0,0.2933,2.4352,
58,80,True,0.993888,1.2124,none,,,False,,58,0,0.2621,2.2444,
58,1,True,0.878705,0.7768,cusum,,,True,positive,58,0,0.2775,2.0298,
58,39,True,0.851811,0.675,none,,,False,,58,0,0.2614,1.9751,
58,76,True,1.063123,1.4743,none,,,False,,58,0,0.2588,1.8054,
58,91,True,0.83148,0.5981,none,,,False,,58,0,0.2621,1.7451,
58,15,True,0.987133,1.1869,none,,,False,,58,0,0.2576,0.7407,
58,9,True,0.560957,-0.4251,none,,,False,,58,0,0.2628,0.5623,
58,40,True,0.851526,0.674,none,,,False,,58,0,0.2628,0.4146,
58,88,True,0.780045,0.4036,none,,,False,,58,0,0.26,0.4025,
58,16,True,0.749444,0.2878,none,,,False,,58,0,0.06,0.3902,
58,22,True,0.621007,-0.198,none,,,False,,58,0,0.0588,0.365,
58,3,True,0.598556,-0.2829,none,,,False,,58,0,0.0594,0.1376,
58,56,True,0.735748,0.236,none,,,False,,58,0,0.067,0.0781,
58,10,True,0.549645,-0.4679,none,,,False,,58,0,0.071,0.0737,
58,18,True,0.672282,-0.0041,none,,,False,,58,0,0.0576,0.0624,
58,31,True,0.674426,0.0041,none,,,False,,58,0,0.0621,0.0225,
58,57,True,0.768398,0.3595,none,,,False,,58,0,0.0628,0.0117,
58,29,True,0.642852,-0.1154,none,,,False,,58,0,0.279,-0.0139,
58,78,True,0.596302,-0.2915,none,,,False,,58,0,0.0636,-0.053,
58,53,True,0.637841,-0.1343,none,,,False,,58,0,0.1217,-0.1747,
58,68,True,0.679903,0.0248,none,,,False,,58,0,0.0621,-0.2001,
58,25,True,0.489278,-0.6963,none,,,False,,58,0,0.1373,-0.3573,
58,81,True,0.594545,-0.2981,none,,,False,,58,0,0.2602,-0.4527,
58,96,True,0.428961,-0.9244,none,,,False,,58,0,0.2581,-0.455,
58,24,True,0.453542,-0.8315,none,,,False,,58,0,0.3456,-1.428,
58,41,True,0.232792,-1.6665,none,,,False,,58,0,0.3217,-2.0024,
58,84,True,0.874726,0.7617,none,,,False,,58,0,0.3085,-0.577,
58,77,True,0.335091,-1.2795,none,,,False,,58,0,0.3074,-1.0563,
58,14,True,0.334534,-1.2816,none,,,False,,58,0,0.3054,-1.9076,
58,52,True,0.417558,-0.9676,none,,,False,,58,0,0.3051,-0.7504,
58,83,True,0.485717,-0.7098,none,,,False,,58,0,0.3051,-0.4841,
58,49,True,0.516013,-0.5952,none,,,False,,58,0,0.3032,-0.9802,
59,99,True,0.969351,0.9217,cusum,,,True,positive,59,0,0.2606,2.9154,
59,28,True,1.314716,2.0788,none,,,False,,59,0,0.2593,2.9132,
59,94,True,0.934456,0.8048,none,,,False,,59,0,0.2599,2.6882,
59,42,True,1.086467,1.3141,none,,,False,,59,0,0.2881,2.3558,
59,80,True,0.899256,0.6869,none,,,False,,59,0,0.2613,2.1754,
59,76,True,1.058879,1.2217,cusum,,,True,positive,59,0,0.2581,2.1496,
59,1,True,0.829825,0.4543,none,,,False,,59,0,0.2759,1.9588,
59,15,True,1.072346,1.2668,cusum,,,True,positive,59,0,0.257,1.9055,
59,39,True,0.865407,0.5735,none,,,False,,59,0,0.2606,1.8302,
59,91,True,0.687382,-0.023,none,,,False,,59,0,0.2613,0.7072,
59,40,True,0.954558,0.8722,none,,,False,,59,0,0.062,0.5473,
59,88,True,0.80348,0.366,none,,,False,,59,0,0.2593,0.5367,
59,16,True,0.880315,0.6234,none,,,False,,59,0,0.0593,0.3558,
59,9,True,0.744388,0.168,none,,,False,,59,0,0.262,0.2206,
59,56,True,0.701098,0.023,none,,,False,,59,0,0.066,0.1549,
59,22,True,0.584879,-0.3664,none,,,False,,59,0,0.0581,0.0785,
59,18,True,0.781093,0.291,none,,,False,,59,0,0.057,0.0654,
59,57,True,0.804892,0.3707,none,,,False,,59,0,0.062,0.0603,
59,31,True,0.709909,0.0525,none,,,False,,59,0,0.0613,0.0551,
59,3,True,0.684439,-0.0328,none,,,False,,59,0,0.0587,0.0297,
59,29,True,0.581108,-0.379,none,,,False,,59,0,0.0774,0.0149,
59,68,True,0.667113,-0.0909,none,,,False,,59,0,0.0613,-0.0008,
59,53,True,0.407109,-0.962,none,,,False,,59,0,0.1155,-0.0441,
59,10,True,0.609446,-0.2841,none,,,False,,59,0,0.0698,-0.0968,
59,78,True,0.580087,-0.3825,none,,,False,,59,0,0.0627,-0.1452,
59,84,True,0.891863,0.6621,none,,,False,,59,0,0.1552,-0.2872,
59,81,True,0.44514,-0.8346,none,,,False,,59,0,0.1552,-0.3975,
59,46,True,0.629418,-0.2172,none,,,False,,59,0,0.1501,-0.4568,
59,52,True,0.280279,-1.3869,cusum,,,True,negative,59,0,0.3742,-1.6897,
59,24,True,0.464234,-0.7706,cusum,,,True,negative,59,0,0.3383,-1.3423,
59,41,True,0.351174,-1.1494,cusum,,,True,negative,59,0,0.3155,-1.9048,
59,30,True,0.45934,-0.787,none,,,False,,59,0,0.3074,-1.2928,
59,36,True,0.323328,-1.2427,none,,,False,,59,0,0.3074,-1.7103,
59,89,True,0.385215,-1.0353,none,,,False,,59,0,0.3074,-1.3068,
59,54,True,0.370534,-1.0845,none,,,False,,59,0,0.3066,-1.8711,
59,63,True,0.417833,-0.9261,none,,,False,,59,0,0.3047,-0.9614,
60,28,True,1.245675,2.1535,cusum,,,True,positive,60,0,0.2586,3.0096,
60,99,True,1.032783,1.2396,none,,,False,,60,0,0.2598,2.5735,
60,42,True,1.034968,1.249,none,,,False,,60,0,0.2832,2.4674,
60,76,True,0.957825,0.9179,none,,,False,,60,0,0.2574,2.3223,
60,94,True,1.029291,1.2247,none,,,False,,60,0,0.2592,2.2581,
60,15,True,0.84435,0.4307,none,,,False,,60,0,0.2564,2.1111,
60,80,True,0.902273,0.6794,none,,,False,,60,0,0.2605,2.0254,
60,1,True,0.893933,0.6436,none,,,False,,60,0,0.2745,1.8185,
60,39,True,0.827712,0.3593,none,,,False,,60,0,0.2598,1.7498,
60,40,True,0.803709,0.2563,cusum,,,True,positive,60,0,0.2612,1.7323,
60,88,True,0.851576,0.4618,none,,,False,,60,0,0.2586,0.5795,
60,16,True,0.749624,0.0241,none,,,False,,60,0,0.0586,0.5163,
60,91,True,0.945494,0.8649,none,,,False,,60,0,0.2605,0.4555,
60,56,True,0.741982,-0.0087,none,,,False,,60,0,0.065,0.3119,
60,84,True,0.796308,0.2245,none,,,False,,60,0,0.1474,0.2808,
60,57,True,0.764961,0.0899,none,,,False,,60,0,0.0612,0.2662,
60,18,True,0.701776,-0.1813,none,,,False,,60,0,0.0564,0.2256,
60,9,True,0.806926,0.2701,none,,,False,,60,0,0.2612,0.1661,
60,31,True,0.773011,0.1245,none,,,False,,60,0,0.0605,0.0684,
60,68,True,0.612704,-0.5637,none,,,False,,60,0,0.0605,0.012,
60,3,True,0.506189,-1.0209,none,,,False,,60,0,0.058,-0.0021,
60,29,True,0.615748,-0.5506,none,,,False,,60,0,0.0758,-0.104,
60,22,True,0.746033,0.0087,none,,,False,,60,0,0.0574,-0.1141,
60,10,True,0.636673,-0.4608,none,,,False,,60,0,0.0687,-0.1898,
60,78,True,0.424513,-1.3715,none,,,False,,60,0,0.0619,-0.2036,
60,53,True,0.610177,-0.5745,none,,,False,,60,0,0.1096,-0.2479,
60,81,True,0.498503,-1.0539,none,,,False,,60,0,0.1474,-0.3127,
60,46,True,0.588028,-0.6696,none,,,False,,60,0,0.1314,-0.3453,
60,52,True,0.301488,-1.8996,none,,,False,,60,0,0.3651,-1.5109,
60,63,True,0.125482,-2.6552,cusum,,,True,negative,60,0,0.3651,-1.5342,
60,24,True,0.431111,-1.3432,none,,,False,,60,0,0.3314,-1.2698,
60,41,True,0.317899,-1.8292,none,,,False,,60,0,0.3096,-1.8746,
60,85,True,0.180248,-2.4201,none,,,False,,60,0,0.3082,-2.2623,
60,47,True,0.324501,-1.8008,none,,,False,,60,0,0.305,-1.3774,
60,48,True,0.151409,-2.5439,none,,,False,,60,0,0.305,-2.1721,
60,23,True,0.443931,-1.2882,none,,,False,,60,0,0.3021,-0.4738,
61,28,True,1.20555,1.9141,none,,,False,,61,0,0.2579,3.1111,
61,42,True,1.036826,1.3034,cusum,,,True,positive,61,0,0.2787,2.4513,
61,76,True,0.969007,1.058,none,,,False,,61,0,0.2568,2.2776,
61,99,True,1.14623,1.6994,none,,,False,,61,0,0.2591,2.2498,
61,94,True,1.066788,1.4119,none,,,False,,61,0,0.2585,2.0653,
61,15,True,0.928524,0.9115,none,,,False,,61,0,0.2557,2.0329,
61,80,True,0.931401,0.9219,none,,,False,,61,0,0.2597,1.9367,
61,1,True,0.900924,0.8116,none,,,False,,61,0,0.2731,1.7211,
61,40,True,0.82098,0.5222,none,,,False,,61,0,0.2604,1.6789,
61,84,True,0.863136,0.6748,none,,,False,,61,0,0.1401,0.6831,
61,39,True,0.866936,0.6886,none,,,False,,61,0,0.2591,0.6122,
61,91,True,0.571965,-0.379,none,,,False,,61,0,0.2597,0.5572,
61,88,True,0.690925,0.0515,none,,,False,,61,0,0.2579,0.485,
61,16,True,0.800484,0.448,none,,,False,,61,0,0.0579,0.3863,
61,57,True,0.722948,0.1674,none,,,False,,61,0,0.0604,0.3515,
61,56,True,0.768313,0.3316,none,,,False,,61,0,0.0641,0.1668,
61,31,True,0.693209,0.0598,none,,,False,,61,0,0.0597,0.1375,
61,18,True,0.775757,0.3586,none,,,False,,61,0,0.0557,0.1066,
61,9,True,0.653146,-0.0852,none,,,False,,61,0,0.2604,0.0824,
61,22,True,0.701948,0.0914,none,,,False,,61,0,0.0568,-0.1123,
61,68,True,0.539192,-0.4976,none,,,False,,61,0,0.0597,-0.1328,
61,29,True,0.592508,-0.3047,none,,,False,,61,0,0.0744,-0.2503,
61,10,True,0.623727,-0.1917,none,,,False,,61,0,0.0676,-0.3159,
61,3,True,0.66245,-0.0515,none,,,False,,61,0,0.0573,-0.3718,
61,46,True,0.490408,-0.6742,none,,,False,,61,0,0.1249,-0.4135,
61,53,True,0.485771,-0.691,none,,,False,,61,0,0.1041,-0.4422,
61,83,True,0.473626,-0.7349,none,,,False,,61,0,0.1869,-0.4594,
61,58,True,0.563736,-0.4088,none,,,False,,61,0,0.3007,-0.4605,
61,52,True,0.434832,-0.8753,cusum,,,True,negative,61,0,0.3567,-1.7737,
61,63,True,0.44082,-0.8537,none,,,False,,61,0,0.3567,-1.9162,
61,24,True,0.463201,-0.7727,none,,,False,,61,0,0.3249,-1.3567,
61,41,True,0.342223,-1.2105,none,,,False,,61,0,0.3041,-1.9336,
61,30,True,0.425176,-0.9103,none,,,False,,61,0,0.3032,-0.6487,
61,36,True,0.311044,-1.3233,none,,,False,,61,0,0.3032,-1.5765,
61,89,True,0.51144,-0.5981,none,,,False,,61,0,0.3032,-1.3262,
61,37,True,0.640778,-0.13,none,,,False,,61,0,0.3031,-0.5015,
62,28,True,1.08716,1.3513,cusum,,,True,positive,62,0,0.2572,3.1225,
62,42,True,1.1003,1.3954,none,,,False,,62,0,0.2771,2.3909,
62,99,True,0.962486,0.9332,cusum,,,True,positive,62,0,0.2584,2.3623,
62,94,True,0.912082,0.7641,cusum,,,True,positive,62,0,0.2578,2.2216,
62,76,True,0.927056,0.8144,none,,,False,,62,0,0.2562,2.138,
62,15,True,0.892734,0.6992,none,,,False,,62,0,0.2551,1.9404,
62,80,True,0.963292,0.9359,cusum,,,True,positive,62,0,0.259,1.839,
62,1,True,0.89975,0.7228,none,,,False,,62,0,0.2718,1.731,
62,40,True,0.902248,0.7312,none,,,False,,62,0,0.2597,1.6274,
62,84,True,0.747759,0.213,none,,,False,,62,0,0.1333,0.6496,
62,39,True,0.945891,0.8775,none,,,False,,62,0,0.2584,0.6158,
62,16,True,0.812927,0.4316,none,,,False,,62,0,0.0572,0.4389,
62,88,True,0.864933,0.606,none,,,False,,62,0,0.0572,0.3668,
62,57,True,0.743369,0.1983,none,,,False,,62,0,0.0597,0.2865,
62,91,True,0.488221,-0.6575,none,,,False,,62,0,0.259,0.2306,
62,18,True,0.686241,0.0067,none,,,False,,62,0,0.0551,0.2268,
62,56,True,0.853798,0.5687,none,,,False,,62,0,0.0632,0.1975,
62,9,True,0.692965,0.0292,none,,,False,,62,0,0.0597,0.1948,
62,31,True,0.682256,-0.0067,none,,,False,,62,0,0.059,0.1552,
62,22,True,0.697972,0.046,none,,,False,,62,0,0.0562,-0.0166,
62,10,True,0.485553,-0.6664,none,,,False,,62,0,0.0666,-0.2251,
62,3,True,0.629138,-0.1848,none,,,False,,62,0,0.0567,-0.2955,
62,68,True,0.625122,-0.1983,none,,,False,,62,0,0.059,-0.3078,
62,29,True,0.592059,-0.3092,none,,,False,,62,0,0.073,-0.3152,
62,58,True,0.480734,-0.6826,none,,,False,,62,0,0.176,-0.3318,
62,46,True,0.516582,-0.5623,none,,,False,,62,0,0.1188,-0.399,
62,37,True,0.52044,-0.5494,none,,,False,,62,0,0.1409,-0.4303,
62,27,True,0.445504,-0.8007,none,,,False,,62,0,0.2364,-0.4635,
62,52,True,0.300894,-1.2857,none,,,False,,62,0,0.349,-1.7486,
62,63,True,0.392287,-0.9792,cusum,,,True,negative,62,0,0.349,-1.8396,
62,24,True,0.504936,-0.6014,none,,,False,,62,0,0.3188,-1.3409,
62,14,True,0.290539,-1.3205,none,,,False,,62,0,0.3094,-1.4458,
62,98,True,0.167813,-1.7321,none,,,False,,62,0,0.3088,-2.7953,
62,90,True,0.583315,-0.3385,none,,,False,,62,0,0.3042,-0.5493,
62,54,True,0.392963,-0.9769,none,,,False,,62,0,0.3037,-0.929,
62,41,True,0.170936,-1.7216,cusum,,,True,negative,62,0,0.2988,-1.7846,
63,28,True,1.204729,2.184,none,,,False,,63,0,0.2566,2.8792,
63,42,True,1.068407,1.6596,none,,,False,,63,0,0.2756,2.4159,
63,99,True,1.086782,1.7303,none,,,False,,63,0,0.2577,2.3653,
63,94,True,0.890605,0.9757,none,,,False,,63,0,0.2572,2.2073,
63,76,True,1.002656,1.4067,cusum,,,True,positive,63,0,0.2556,2.0015,
63,80,True,0.908637,1.045,none,,,False,,63,0,0.2583,1.9211,
63,15,True,0.81063,0.668,none,,,False,,63,0,0.2546,1.7505,
63,39,True,0.91769,1.0799,cusum,,,True,positive,63,0,0.2577,1.7163,
63,40,True,0.889179,0.9702,none,,,False,,63,0,0.2589,1.5795,
63,1,True,0.975854,1.3036,none,,,False,,63,0,0.2705,0.8188,
63,84,True,0.949344,1.2016,none,,,False,,63,0,0.1269,0.4958,
63,88,True,0.65484,0.0688,none,,,False,,63,0,0.0566,0.446,
63,56,True,0.746259,0.4204,none,,,False,,63,0,0.0623,0.3783,
63,16,True,0.666391,0.1132,none,,,False,,63,0,0.0566,0.3742,
63,57,True,0.647214,0.0394,none,,,False,,63,0,0.0589,0.2281,
63,9,True,0.617999,-0.0729,none,,,False,,63,0,0.0589,0.1476,
63,31,True,0.626066,-0.0419,none,,,False,,63,0,0.0583,0.1346,
63,18,True,0.671799,0.134,none,,,False,,63,0,0.0546,0.1313,
63,22,True,0.613837,-0.0889,none,,,False,,63,0,0.0556,0.1201,
63,91,True,0.846586,0.8063,none,,,False,,63,0,0.2583,0.0182,
63,29,True,0.600829,-0.139,none,,,False,,63,0,0.0717,-0.2937,
63,58,True,0.414817,-0.8545,none,,,False,,63,0,0.167,-0.3131,
63,37,True,0.522817,-0.4391,none,,,False,,63,0,0.1342,-0.3411,
63,68,True,0.632567,-0.0169,none,,,False,,63,0,0.0583,-0.3445,
63,3,True,0.605901,-0.1195,none,,,False,,63,0,0.0561,-0.3469,
63,10,True,0.628449,-0.0327,none,,,False,,63,0,0.0656,-0.3539,
63,0,True,0.641354,0.0169,none,,,False,,63,0,0.1285,-0.4645,
63,97,True,0.595538,-0.1593,none,,,False,,63,0,0.1012,-0.4704,
63,52,True,0.376387,-1.0023,none,,,False,,63,0,0.3418,-1.7199,
63,63,True,0.421143,-0.8302,none,,,False,,63,0,0.3418,-1.8624,
63,24,True,0.485709,-0.5818,none,,,False,,63,0,0.3131,-1.2879,
63,79,True,0.308387,-1.2639,none,,,False,,63,0,0.3033,-1.475,
63,59,True,0.459937,-0.6809,none,,,False,,63,0,0.3025,-0.6937,
63,30,True,0.492503,-0.5557,none,,,False,,63,0,0.2993,-1.2442,
63,36,True,0.331838,-1.1737,none,,,False,,63,0,0.2993,-1.6712,
63,89,True,0.425198,-0.8146,none,,,False,,63,0,0.2993,-0.7846,
64,28,True,0.965235,0.9965,cusum,,,True,positive,64,0,0.256,2.8886,
64,42,True,1.123009,1.6565,cusum,,,True,positive,64,0,0.2741,2.5509,
64,99,True,1.281259,2.3185,none,,,False,,64,0,0.2571,2.528,
64,76,True,0.889422,0.6793,none,,,False,,64,0,0.255,2.1637,
64,94,True,1.180763,1.8981,none,,,False,,64,0,0.2565,2.1235,
64,80,True,0.913042,0.7781,none,,,False,,64,0,0.2576,2.0421,
64,1,True,0.943552,0.9058,cusum,,,True,positive,64,0,0.2694,2.0373,
64,39,True,0.93438,0.8674,none,,,False,,64,0,0.2571,1.9557,
64,40,True,0.774214,0.1974,none,,,False,,64,0,0.2582,1.8166,
64,15,True,0.610383,-0.4879,none,,,False,,64,0,0.254,0.8289,
64,84,True,0.991709,1.1072,none,,,False,,64,0,0.1209,0.8177,
64,56,True,0.806872,0.334,none,,,False,,64,0,0.0615,0.5203,
64,16,True,0.792818,0.2752,none,,,False,,64,0,0.056,0.4031,
64,88,True,0.828701,0.4253,none,,,False,,64,0,0.056,0.3143,
64,18,True,0.724886,-0.0089,none,,,False,,64,0,0.054,0.2358,
64,57,True,0.812455,0.3574,none,,,False,,64,0,0.0582,0.2104,
64,22,True,0.729163,0.0089,none,,,False,,64,0,0.055,0.0869,
64,31,True,0.733749,0.0281,none,,,False,,64,0,0.0576,0.0783,
64,9,True,0.876664,0.626,none,,,False,,64,0,0.0582,0.0324,
64,91,True,0.702668,-0.1019,none,,,False,,64,0,0.0576,-0.0022,
64,3,True,0.688689,-0.1604,none,,,False,,64,0,0.0555,-0.0472,
64,29,True,0.620555,-0.4454,none,,,False,,64,0,0.0705,-0.1581,
64,68,True,0.60068,-0.5285,none,,,False,,64,0,0.0576,-0.1631,
64,10,True,0.566945,-0.6696,none,,,False,,64,0,0.0646,-0.2124,
64,37,True,0.389255,-1.413,none,,,False,,64,0,0.1279,-0.2478,
64,0,True,0.513187,-0.8945,none,,,False,,64,0,0.0716,-0.3383,
64,97,True,0.592591,-0.5624,none,,,False,,64,0,0.0615,-0.3757,
64,26,True,0.610677,-0.4867,none,,,False,,64,0,0.2216,-0.4721,
64,95,True,0.774941,0.2004,none,,,False,,64,0,0.0966,-0.4727,
64,52,True,0.502742,-0.9382,none,,,False,,64,0,0.3351,-1.4254,
64,63,True,0.404583,-1.3488,none,,,False,,64,0,0.3351,-1.2586,
64,24,True,0.419869,-1.2849,cusum,,,True,negative,64,0,0.3076,-1.0372,
64,44,True,0.307343,-1.7556,none,,,False,,64,0,0.3012,-0.7579,
64,41,True,0.264428,-1.9351,none,,,False,,64,0,0.3005,-1.978,
64,14,True,0.366026,-1.5101,none,,,False,,64,0,0.2944,-1.2419,
64,54,True,0.271888,-1.9039,none,,,False,,64,0,0.2944,-0.8477,
65,99,True,1.038131,1.2812,cusum,,,True,positive,65,0,0.2564,2.7336,
65,42,True,1.100039,1.5053,none,,,False,,65,0,0.2727,2.6667,
65,28,True,1.201623,1.873,none,,,False,,65,0,0.2554,2.582,
65,94,True,0.997057,1.1325,cusum,,,True,positive,65,0,0.2559,2.2848,
65,1,True,0.903967,0.7956,none,,,False,,65,0,0.2682,2.0672,
65,76,True,0.89393,0.7592,none,,,False,,65,0,0.2544,2.0368,
65,39,True,0.814318,0.471,none,,,False,,65,0,0.2564,2.0145,
65,80,True,1.071747,1.4029,none,,,False,,65,0,0.257,1.9934,
65,84,True,0.959372,0.9961,cusum,,,True,positive,65,0,0.3152,1.9585,
65,40,True,0.899389,0.779,none,,,False,,65,0,0.2576,0.7074,
65,56,True,0.811409,0.4605,none,,,False,,65,0,0.0607,0.5201,
65,88,True,0.816861,0.4802,none,,,False,,65,0,0.0554,0.4381,
65,15,True,0.800134,0.4197,none,,,False,,65,0,0.2535,0.3618,
65,16,True,0.717218,0.1196,none,,,False,,65,0,0.0554,0.3448,
65,57,True,0.715451,0.1132,none,,,False,,65,0,0.0576,0.2729,
65,9,True,0.789697,0.3819,none,,,False,,65,0,0.0576,0.2686,
65,18,True,0.703977,0.0716,none,,,False,,65,0,0.0535,0.1126,
65,91,True,0.892858,0.7553,none,,,False,,65,0,0.057,0.0894,
65,31,True,0.52927,-0.5608,none,,,False,,65,0,0.057,0.0669,
65,22,True,0.595118,-0.3224,none,,,False,,65,0,0.0544,0.0587,
65,95,True,0.525257,-0.5753,none,,,False,,65,0,0.0629,0.0028,
65,3,True,0.664401,-0.0716,none,,,False,,65,0,0.0549,-0.0842,
65,68,True,0.563174,-0.438,none,,,False,,65,0,0.057,-0.1742,
65,29,True,0.621942,-0.2253,none,,,False,,65,0,0.0693,-0.2066,
65,0,True,0.410826,-0.9895,none,,,False,,65,0,0.0704,-0.32,
65,97,True,0.557134,-0.4599,none,,,False,,65,0,0.0607,-0.369,
65,10,True,0.661206,-0.0832,none,,,False,,65,0,0.0637,-0.3729,
65,26,True,0.520189,-0.5936,none,,,False,,65,0,0.0963,-0.4688,
65,86,True,0.591396,-0.3359,none,,,False,,65,0,0.2363,-0.4798,
65,44,True,0.376875,-1.1124,cusum,,,True,negative,65,0,0.3359,-1.6918,
65,52,True,0.420189,-0.9556,cusum,,,True,negative,65,0,0.3288,-1.4504,
65,63,True,0.430455,-0.9185,none,,,False,,65,0,0.3288,-1.4277,
65,24,True,0.462507,-0.8024,none,,,False,,65,0,0.3025,-1.2109,
65,30,True,0.380376,-1.0997,none,,,False,,65,0,0.2956,-1.1444,
65,36,True,0.31667,-1.3303,none,,,False,,65,0,0.2956,-1.14,
65,89,True,0.453058,-0.8366,none,,,False,,65,0,0.2956,-0.7094,
66,99,True,1.352257,2.4039,none,,,False,,66,0,0.2558,2.8488,
66,28,True,1.335443,2.3448,none,,,False,,66,0,0.2548,2.7552,
66,42,True,0.983839,1.1091,cusum,,,True,positive,66,0,0.2714,2.7016,
66,94,True,1.281068,2.1537,none,,,False,,66,0,0.2553,2.4068,
66,84,True,0.980207,1.0963,none,,,False,,66,0,0.3098,2.2164,
66,80,True,0.962559,1.0343,cusum,,,True,positive,66,0,0.2564,2.1483,
66,1,True,0.958665,1.0206,none,,,False,,66,0,0.2672,2.09,
66,76,True,0.97927,1.093,none,,,False,,66,0,0.2538,2.0178,
66,39,True,0.858471,0.6685,none,,,False,,66,0,0.2558,1.8783,
66,40,True,0.657394,-0.0382,none,,,False,,66,0,0.2569,0.7226,
66,91,True,0.992704,1.1403,none,,,False,,66,0,0.0564,0.5595,
66,56,True,0.666958,-0.0046,none,,,False,,66,0,0.06,0.4831,
66,88,True,0.755197,0.3055,none,,,False,,66,0,0.0548,0.3955,
66,9,True,0.720362,0.1831,none,,,False,,66,0,0.0569,0.3854,
66,15,True,0.899781,0.8137,none,,,False,,66,0,0.2529,0.268,
66,57,True,0.618788,-0.1739,none,,,False,,66,0,0.0569,0.2437,
66,16,True,0.550248,-0.4148,none,,,False,,66,0,0.0548,0.24,
66,18,True,0.779654,0.3915,none,,,False,,66,0,0.0529,0.1336,
66,3,True,0.659715,-0.0301,none,,,False,,66,0,0.0543,-0.0471,
66,22,True,0.637785,-0.1071,none,,,False,,66,0,0.0538,-0.0648,
66,31,True,0.461235,-0.7276,none,,,False,,66,0,0.0564,-0.1186,
66,10,True,0.71036,0.1479,none,,,False,,66,0,0.0628,-0.1797,
66,29,True,0.686261,0.0632,none,,,False,,66,0,0.0682,-0.1801,
66,95,True,0.690646,0.0786,none,,,False,,66,0,0.0621,-0.2378,
66,68,True,0.618868,-0.1736,none,,,False,,66,0,0.0564,-0.2549,
66,97,True,0.608857,-0.2088,none,,,False,,66,0,0.06,-0.3158,
66,25,True,0.482619,-0.6525,none,,,False,,66,0,0.1739,-0.4887,
66,7,True,0.474648,-0.6805,none,,,False,,66,0,0.2449,-0.4904,
66,96,True,0.66958,0.0046,none,,,False,,66,0,0.2059,-0.4964,
66,44,True,0.389691,-0.9791,none,,,False,,66,0,0.3297,-1.8419,
66,52,True,0.536809,-0.462,none,,,False,,66,0,0.3229,-1.3441,
66,63,True,0.444366,-0.7869,cusum,,,True,negative,66,0,0.3229,-1.4112,
66,98,True,0.208363,-1.6164,none,,,False,,66,0,0.3016,-2.1694,
66,48,True,0.203445,-1.6337,none,,,False,,66,0,0.3005,-2.447,
66,24,True,0.34386,-1.1402,none,,,False,,66,0,0.2975,-1.2806,
66,41,True,0.220189,-1.5748,none,,,False,,66,0,0.2968,-2.0158,
67,99,True,0.95614,0.9139,cusum,,,True,positive,67,0,0.2552,3.0726,
67,28,True,1.229018,1.8606,cusum,,,True,positive,67,0,0.2542,2.8081,
67,94,True,0.958515,0.9221,cusum,,,True,positive,67,0,0.2547,2.7988,
67,42,True,1.019308,1.133,none,,,False,,67,0,0.2702,2.5165,
67,84,True,0.969234,0.9593,none,,,False,,67,0,0.3047,2.1784,
67,80,True,0.911112,0.7576,none,,,False,,67,0,0.2557,2.1439,
67,1,True,0.9112,0.758,none,,,False,,67,0,0.2662,1.9944,
67,76,True,0.873678,0.6278,cusum,,,True,positive,67,0,0.2533,1.9125,
67,39,True,0.853029,0.5561,none,,,False,,67,0,0.2552,1.7404,
67,91,True,0.861793,0.5865,none,,,False,,67,0,0.0557,0.6701,
67,88,True,0.820323,0.4426,none,,,False,,67,0,0.0542,0.4737,
67,9,True,0.769013,0.2646,none,,,False,,67,0,0.0563,0.4699,
67,40,True,0.933492,0.8353,none,,,False,,67,0,0.2563,0.3857,
67,56,True,0.881555,0.6551,none,,,False,,67,0,0.0592,0.3405,
67,15,True,0.892735,0.6939,none,,,False,,67,0,0.2524,0.3159,
67,18,True,0.672891,-0.0689,none,,,False,,67,0,0.0524,0.2188,
67,57,True,0.703151,0.0361,none,,,False,,67,0,0.0563,0.1718,
67,16,True,0.837515,0.5023,none,,,False,,67,0,0.0542,0.0633,
67,3,True,0.561631,-0.4549,none,,,False,,67,0,0.0538,-0.018,
67,95,True,0.724217,0.1092,none,,,False,,67,0,0.0613,-0.0187,
67,22,True,0.557222,-0.4702,none,,,False,,67,0,0.0533,-0.0715,
67,29,True,0.609133,-0.2901,none,,,False,,67,0,0.0671,-0.1141,
67,10,True,0.618799,-0.2565,none,,,False,,67,0,0.062,-0.1205,
67,96,True,0.469841,-0.7734,none,,,False,,67,0,0.1607,-0.2409,
67,68,True,0.45099,-0.8388,none,,,False,,67,0,0.0557,-0.3079,
67,97,True,0.682333,-0.0361,none,,,False,,67,0,0.0592,-0.3332,
67,31,True,0.661331,-0.109,none,,,False,,67,0,0.0557,-0.3479,
67,26,True,0.641842,-0.1766,none,,,False,,67,0,0.098,-0.4985,
67,25,True,0.515467,-0.6151,cusum,,,True,negative,67,0,0.3305,-1.0532,
67,44,True,0.388465,-1.0557,none,,,False,,67,0,0.3238,-1.6611,
67,52,True,0.358975,-1.158,none,,,False,,67,0,0.3172,-1.1674,
67,63,True,0.419245,-0.9489,none,,,False,,67,0,0.3172,-1.4002,
67,35,True,0.465407,-0.7887,none,,,False,,67,0,0.2999,-0.5757,
67,82,True,0.321529,-1.2879,none,,,False,,67,0,0.2988,-0.948,
67,14,True,0.29949,-1.3644,none,,,False,,67,0,0.2974,-1.7665,
67,54,True,0.371741,-1.1137,none,,,False,,67,0,0.2974,-1.7175,
68,28,True,1.267715,3.0,none,,,False,,68,0,0.2537,3.0955,
68,99,True,1.202969,2.8896,none,,,False,,68,0,0.2546,2.6037,
68,94,True,1.042992,1.977,none,,,False,,68,0,0.2542,2.4728,
68,42,True,1.122314,2.4295,none,,,False,,68,0,0.269,2.3404,
68,80,True,0.931851,1.3431,none,,,False,,68,0,0.2551,2.1364,
68,84,True,0.894063,1.1275,none,,,False,,68,0,0.2998,2.1264,
68,1,True,0.93259,1.3473,none,,,False,,68,0,0.2652,1.9438,
68,76,True,0.960441,1.5062,none,,,False,,68,0,0.2528,1.8947,
68,15,True,0.767735,0.407,cusum,,,True,positive,68,0,0.2519,1.7092,
68,91,True,0.866876,0.9725,none,,,False,,68,0,0.0551,0.8988,
68,39,True,0.806876,0.6302,none,,,False,,68,0,0.2546,0.6359,
68,40,True,0.834266,0.7865,none,,,False,,68,0,0.2557,0.5975,
68,88,True,0.769035,0.4144,none,,,False,,68,0,0.0537,0.4788,
68,56,True,0.719783,0.1334,none,,,False,,68,0,0.0585,0.4466,
68,9,True,0.70516,0.05,none,,,False,,68,0,0.0557,0.3487,
68,18,True,0.704063,0.0438,none,,,False,,68,0,0.0519,0.1982,
68,16,True,0.78043,0.4794,none,,,False,,68,0,0.0537,0.1384,
68,57,True,0.642554,-0.3071,none,,,False,,68,0,0.0557,0.064,
68,10,True,0.63047,-0.376,none,,,False,,68,0,0.0612,0.0161,
68,95,True,0.648788,-0.2715,none,,,False,,68,0,0.0605,-0.0501,
68,29,True,0.656242,-0.229,none,,,False,,68,0,0.0661,-0.0637,
68,3,True,0.665932,-0.1737,none,,,False,,68,0,0.0532,-0.1168,
68,97,True,0.694138,-0.0128,none,,,False,,68,0,0.0585,-0.1587,
68,22,True,0.698639,0.0128,none,,,False,,68,0,0.0528,-0.2319,
68,26,True,0.588216,-0.617,none,,,False,,68,0,0.0883,-0.3147,
68,31,True,0.614919,-0.4647,none,,,False,,68,0,0.0551,-0.3944,
68,68,True,0.625365,-0.4051,none,,,False,,68,0,0.0551,-0.4121,
68,96,True,0.588617,-0.6147,none,,,False,,68,0,0.1532,-0.4257,
68,87,True,0.57038,-0.7188,none,,,False,,68,0,0.184,-0.4992,
68,25,True,0.461894,-1.3376,none,,,False,,68,0,0.3247,-1.0333,
68,44,True,0.434829,-1.4919,none,,,False,,68,0,0.3182,-1.4312,
68,52,True,0.408679,-1.6411,none,,,False,,68,0,0.3119,-1.2438,
68,63,True,0.386082,-1.77,none,,,False,,68,0,0.3119,-1.2701,
68,24,True,0.483058,-1.2168,none,,,False,,68,0,0.2991,-1.4692,
68,30,True,0.421933,-1.5655,none,,,False,,68,0,0.2986,-0.751,
68,36,True,0.32377,-2.1254,none,,,False,,68,0,0.2986,-1.6715,
69,28,True,1.185744,2.3628,cusum,,,True,positive,69,0,0.2531,3.4705,
69,99,True,1.09774,1.9766,cusum,,,True,positive,69,0,0.2541,3.1391,
69,94,True,0.903354,1.1236,none,,,False,,69,0,0.2536,2.7536,
69,42,True,1.154361,2.2251,cusum,,,True,positive,69,0,0.2679,2.647,
69,84,True,0.852559,0.9007,cusum,,,True,positive,69,0,0.2952,2.1677,
69,76,True,0.935142,1.2631,none,,,False,,69,0,0.2523,2.1431,
69,1,True,0.90766,1.1425,cusum,,,True,positive,69,0,0.2642,2.1265,
69,80,True,1.017706,1.6254,none,,,False,,69,0,0.2546,2.1157,
69,91,True,0.873476,0.9925,cusum,,,True,positive,69,0,0.2546,1.9705,
69,15,True,0.646955,-0.0015,none,,,False,,69,0,0.2514,1.7044,
69,39,True,0.842992,0.8587,none,,,False,,69,0,0.2541,0.6883,
69,40,True,0.869004,0.9729,none,,,False,,69,0,0.2551,0.5993,
69,88,True,0.691763,0.1951,none,,,False,,69,0,0.0531,0.4562,
69,56,True,0.754142,0.4689,none,,,False,,69,0,0.0578,0.3367,
69,16,True,0.687141,0.1749,none,,,False,,69,0,0.0531,0.2576,
69,9,True,0.653435,0.027,none,,,False,,69,0,0.0551,0.2373,
69,18,True,0.563229,-0.3689,none,,,False,,69,0,0.0514,0.1884,
69,95,True,0.713831,0.292,none,,,False,,69,0,0.0597,0.0502,
69,97,True,0.646137,-0.0051,none,,,False,,69,0,0.0578,-0.0105,
69,29,True,0.623002,-0.1066,none,,,False,,69,0,0.0651,-0.0662,
69,57,True,0.71552,0.2994,none,,,False,,69,0,0.0551,-0.0769,
69,10,True,0.647631,0.0015,none,,,False,,69,0,0.0604,-0.0825,
69,22,True,0.642302,-0.0219,none,,,False,,69,0,0.0523,-0.1207,
69,3,True,0.577658,-0.3056,none,,,False,,69,0,0.0527,-0.1515,
69,87,True,0.574359,-0.32,none,,,False,,69,0,0.1068,-0.3115,
69,96,True,0.542518,-0.4598,none,,,False,,69,0,0.1463,-0.3275,
69,26,True,0.571194,-0.3339,none,,,False,,69,0,0.0839,-0.3604,
69,31,True,0.521754,-0.5509,none,,,False,,69,0,0.0546,-0.3631,
69,25,True,0.498995,-0.6507,none,,,False,,69,0,0.3191,-1.2505,
69,44,True,0.421618,-0.9903,cusum,,,True,negative,69,0,0.3129,-1.5609,
69,52,True,0.40447,-1.0655,cusum,,,True,negative,69,0,0.3068,-1.4752,
69,63,True,0.399958,-1.0853,cusum,,,True,negative,69,0,0.3068,-1.5568,
69,89,True,0.488173,-0.6982,none,,,False,,69,0,0.3047,-1.1455,
69,60,True,0.411788,-1.0334,none,,,False,,69,0,0.3009,-0.6281,
69,41,True,0.227504,-1.8421,none,,,False,,69,0,0.2996,-2.1396,
69,2,True,0.445397,-0.8859,none,,,False,,69,0,0.2959,-0.7013,
70,28,True,1.252854,2.7701,none,,,False,,70,0,0.2526,3.4758,
70,42,True,1.168303,2.3645,none,,,False,,70,0,0.2669,3.0176,
70,99,True,1.015014,1.629,none,,,False,,70,0,0.2535,2.996,
70,94,True,1.102056,2.0466,cusum,,,True,positive,70,0,0.2531,2.4096,
70,80,True,1.068896,1.8875,cusum,,,True,positive,70,0,0.254,2.3121,
70,76,True,1.128152,2.1718,none,,,False,,70,0,0.2518,2.1992,
70,1,True,0.941977,1.2786,none,,,False,,70,0,0.2633,2.1659,
70,84,True,0.917354,1.1605,none,,,False,,70,0,0.2907,2.1001,
70,40,True,0.818191,0.6848,cusum,,,True,positive,70,0,0.2545,1.9356,
70,91,True,0.980279,1.4624,none,,,False,,70,0,0.254,1.9205,
70,39,True,0.779496,0.4991,cusum,,,True,positive,70,0,0.2535,1.751,
70,15,True,0.70378,0.1359,none,,,False,,70,0,0.251,1.4321,
70,56,True,0.617955,-0.2759,none,,,False,,70,0,0.0572,0.4937,
70,16,True,0.79337,0.5657,none,,,False,,70,0,0.0526,0.4536,
70,88,True,0.670937,-0.0217,none,,,False,,70,0,0.0526,0.4188,
70,9,True,0.643515,-0.1533,none,,,False,,70,0,0.0545,0.1846,
70,95,True,0.607757,-0.3248,none,,,False,,70,0,0.059,0.1204,
70,57,True,0.679984,0.0217,none,,,False,,70,0,0.0545,0.0802,
70,97,True,0.70741,0.1533,none,,,False,,70,0,0.0572,0.0565,
70,18,True,0.628201,-0.2267,none,,,False,,70,0,0.051,-0.0657,
70,22,True,0.682858,0.0355,none,,,False,,70,0,0.0518,-0.0929,
70,29,True,0.695623,0.0967,none,,,False,,70,0,0.0642,-0.124,
70,10,True,0.640612,-0.1672,none,,,False,,70,0,0.0597,-0.1323,
70,3,True,0.662767,-0.0609,none,,,False,,70,0,0.0522,-0.244,
70,26,True,0.467925,-0.9957,none,,,False,,70,0,0.0798,-0.2758,
70,31,True,0.612064,-0.3042,none,,,False,,70,0,0.054,-0.3048,
70,68,True,0.767405,0.4411,none,,,False,,70,0,0.0595,-0.4018,
70,87,True,0.556869,-0.569,none,,,False,,70,0,0.102,-0.4322,
70,96,True,0.533617,-0.6805,none,,,False,,70,0,0.1398,-0.4869,
70,25,True,0.536126,-0.6685,none,,,False,,70,0,0.3139,-1.2531,
70,44,True,0.452814,-1.0682,none,,,False,,70,0,0.3079,-1.5675,
70,52,True,0.416573,-1.242,none,,,False,,70,0,0.302,-1.6791,
70,63,True,0.386901,-1.3844,none,,,False,,70,0,0.302,-1.659,
70,98,True,0.091801,-2.8002,none,,,False,,70,0,0.3002,-2.2103,
70,20,True,0.519578,-0.7479,none,,,False,,70,0,0.2958,-0.5026,
70,45,True,0.382292,-1.4065,none,,,False,,70,0,0.2958,-0.7366,
71,28,True,1.249152,2.3382,cusum,,,True,positive,71,0,0.2521,3.7784,
71,42,True,1.108975,1.7967,cusum,,,True,positive,71,0,0.2659,3.4267,
71,99,True,1.014556,1.4319,cusum,,,True,positive,71,0,0.253,3.2337,
71,94,True,0.93773,1.1351,none,,,False,,71,0,0.2526,2.7838,
71,76,True,0.912296,1.0369,cusum,,,True,positive,71,0,0.2513,2.7133,
71,80,True,0.961391,1.2265,none,,,False,,71,0,0.2535,2.688,
71,1,True,0.933494,1.1188,none,,,False,,71,0,0.2625,2.3384,
71,91,True,0.797824,0.5947,none,,,False,,71,0,0.2535,2.2118,
71,84,True,1.000917,1.3792,none,,,False,,71,0,0.2864,2.165,
71,40,True,0.97288,1.2709,none,,,False,,71,0,0.2539,1.8847,
71,39,True,0.836567,0.7443,none,,,False,,71,0,0.253,1.7314,
71,15,True,0.883522,0.9257,none,,,False,,71,0,0.2505,1.2455,
71,16,True,0.853288,0.8089,none,,,False,,71,0,0.0521,0.4741,
71,88,True,0.7008,0.2198,none,,,False,,71,0,0.0521,0.2634,
71,56,True,0.875106,0.8932,none,,,False,,71,0,0.0565,0.1825,
71,97,True,0.625923,-0.0694,none,,,False,,71,0,0.0565,0.1188,
71,22,True,0.66539,0.083,none,,,False,,71,0,0.0513,0.075,
71,57,True,0.614769,-0.1125,none,,,False,,71,0,0.0539,0.0747,
71,9,True,0.589538,-0.21,none,,,False,,71,0,0.0539,0.0446,
71,29,True,0.634187,-0.0375,none,,,False,,71,0,0.0633,0.0037,
71,95,True,0.794689,0.5825,none,,,False,,71,0,0.0583,-0.0252,
71,10,True,0.609172,-0.1341,none,,,False,,71,0,0.0589,-0.1034,
71,3,True,0.587806,-0.2167,none,,,False,,71,0,0.0517,-0.1132,
71,18,True,0.564503,-0.3067,none,,,False,,71,0,0.0505,-0.1189,
71,68,True,0.582729,-0.2363,none,,,False,,71,0,0.0539,-0.1976,
71,31,True,0.628984,-0.0576,none,,,False,,71,0,0.0535,-0.3706,
71,87,True,0.543248,-0.3888,none,,,False,,71,0,0.0974,-0.4293,
71,51,True,0.653598,0.0375,none,,,False,,71,0,0.1389,-0.5022,
71,45,True,0.280324,-1.4045,cusum,,,True,negative,71,0,0.3629,-1.3747,
71,96,True,0.506864,-0.5294,cusum,,,True,negative,71,0,0.3337,-0.96,
71,25,True,0.340046,-1.1738,none,,,False,,71,0,0.3089,-1.2738,
71,44,True,0.436769,-0.8001,none,,,False,,71,0,0.3031,-1.5744,
71,24,True,0.508884,-0.5216,none,,,False,,71,0,0.3017,-1.4489,
71,14,True,0.217206,-1.6484,none,,,False,,71,0,0.3012,-1.2963,
71,54,True,0.364891,-1.0778,none,,,False,,71,0,0.3012,-1.2295,
71,67,True,0.487374,-0.6047,none,,,False,,71,0,0.2995,-0.5084,
72,28,True,1.276699,3.0,none,,,False,,72,0,0.2516,3.5572,
72,42,True,1.121549,2.59,none,,,False,,72,0,0.2649,3.2145,
72,99,True,1.181702,2.9433,none,,,False,,72,0,0.2525,2.7472,
72,80,True,0.955832,1.6166,cusum,,,True,positive,72,0,0.2529,2.6485,
72,76,True,0.872595,1.1276,none,,,False,,72,0,0.2508,2.5563,
72,94,True,1.101486,2.4721,cusum,,,True,positive,72,0,0.2521,2.5026,
72,1,True,0.901765,1.299,cusum,,,True,positive,72,0,0.2616,2.2611,
72,84,True,0.870781,1.117,cusum,,,True,positive,72,0,0.2823,2.2468,
72,91,True,0.870307,1.1142,none,,,False,,72,0,0.2529,2.0852,
72,40,True,0.773539,0.5458,none,,,False,,72,0,0.2534,2.0455,
72,39,True,0.831723,0.8875,none,,,False,,72,0,0.2525,1.7688,
72,15,True,0.677356,-0.0192,none,,,False,,72,0,0.25,1.4179,
72,16,True,0.720829,0.2362,none,,,False,,72,0,0.0516,0.5833,
72,56,True,0.701627,0.1234,none,,,False,,72,0,0.0559,0.435,
72,95,True,0.742641,0.3643,none,,,False,,72,0,0.0576,0.2586,
72,88,True,0.80771,0.7465,none,,,False,,72,0,0.0516,0.1979,
72,57,True,0.642042,-0.2266,none,,,False,,72,0,0.0534,0.1389,
72,97,True,0.626785,-0.3162,none,,,False,,72,0,0.0559,0.0992,
72,22,True,0.585546,-0.5585,none,,,False,,72,0,0.0508,0.0979,
72,29,True,0.657599,-0.1352,none,,,False,,72,0,0.0624,0.0664,
72,51,True,0.783193,0.6025,none,,,False,,72,0,0.064,0.0082,
72,68,True,0.596677,-0.4931,none,,,False,,72,0,0.0534,0.0026,
72,10,True,0.61121,-0.4077,none,,,False,,72,0,0.0582,-0.0237,
72,9,True,0.713554,0.1934,none,,,False,,72,0,0.0534,-0.0428,
72,3,True,0.628637,-0.3054,none,,,False,,72,0,0.0512,-0.1282,
72,31,True,0.602198,-0.4607,none,,,False,,72,0,0.0529,-0.2355,
72,18,True,0.683892,0.0192,none,,,False,,72,0,0.05,-0.2362,
72,87,True,0.646461,-0.2007,none,,,False,,72,0,0.093,-0.3217,
72,69,True,0.534548,-0.858,none,,,False,,72,0,0.212,-0.5042,
72,45,True,0.447271,-1.3707,none,,,False,,72,0,0.3556,-1.6376,
72,96,True,0.629492,-0.3003,none,,,False,,72,0,0.328,-0.9353,
72,25,True,0.51851,-0.9522,cusum,,,True,negative,72,0,0.3041,-1.2219,
72,52,True,0.410613,-1.586,none,,,False,,72,0,0.3033,-1.7096,
72,63,True,0.417805,-1.5438,none,,,False,,72,0,0.3033,-1.8066,
72,55,True,0.399208,-1.653,none,,,False,,72,0,0.3023,-0.591,
72,73,True,0.28232,-2.3396,none,,,False,,72,0,0.3023,-0.7773,
73,28,True,1.273952,2.7468,cusum,,,True,positive,73,0,0.2512,3.769,
73,42,True,1.129869,2.1114,cusum,,,True,positive,73,0,0.264,3.3349,
73,99,True,0.945562,1.2986,cusum,,,True,positive,73,0,0.252,3.0688,
73,94,True,1.046293,1.7429,none,,,False,,73,0,0.2516,2.9514,
73,80,True,1.041498,1.7217,none,,,False,,73,0,0.2524,2.6449,
73,76,True,1.039468,1.7128,none,,,False,,73,0,0.2504,2.5105,
73,84,True,0.960915,1.3664,none,,,False,,73,0,0.2783,2.317,
73,1,True,0.936414,1.2583,none,,,False,,73,0,0.2608,2.3122,
73,91,True,0.705643,0.2406,cusum,,,True,positive,73,0,0.2524,2.1251,
73,40,True,0.821661,0.7523,none,,,False,,73,0,0.2529,1.9025,
73,39,True,0.828105,0.7807,none,,,False,,73,0,0.252,1.7778,
73,16,True,0.671662,0.0908,none,,,False,,73,0,0.0512,0.6032,
73,15,True,0.854597,0.8975,none,,,False,,73,0,0.2496,0.4115,
73,88,True,0.614917,-0.1595,none,,,False,,73,0,0.0512,0.3811,
73,56,True,0.648339,-0.0121,none,,,False,,73,0,0.0553,0.3191,
73,95,True,0.748292,0.4287,none,,,False,,73,0,0.057,0.2819,
73,51,True,0.647804,-0.0144,none,,,False,,73,0,0.0631,0.1997,
73,29,True,0.678433,0.1206,none,,,False,,73,0,0.0616,0.0558,
73,9,True,0.640947,-0.0447,none,,,False,,73,0,0.0529,0.0121,
73,97,True,0.709779,0.2589,none,,,False,,73,0,0.0553,-0.0053,
73,68,True,0.65382,0.0121,none,,,False,,73,0,0.0529,-0.0274,
73,57,True,0.622458,-0.1262,none,,,False,,73,0,0.0529,-0.0371,
73,22,True,0.5836,-0.2976,none,,,False,,73,0,0.0504,-0.0816,
73,18,True,0.679644,0.126,none,,,False,,73,0,0.0496,-0.1074,
73,3,True,0.607758,-0.191,none,,,False,,73,0,0.0508,-0.1287,
73,10,True,0.559573,-0.4035,none,,,False,,73,0,0.0576,-0.161,
73,31,True,0.554143,-0.4275,none,,,False,,73,0,0.0524,-0.2061,
73,87,True,0.540985,-0.4855,none,,,False,,73,0,0.0887,-0.2841,
73,55,True,0.458848,-0.8477,cusum,,,True,negative,73,0,0.3723,-1.4175,
73,73,True,0.292313,-1.5821,cusum,,,True,negative,73,0,0.3723,-1.8411,
73,45,True,0.470527,-0.7962,none,,,False,,73,0,0.3489,-1.7603,
73,96,True,0.515764,-0.5967,none,,,False,,73,0,0.3226,-0.8856,
73,36,True,0.340344,-1.3703,none,,,False,,73,0,0.3079,-1.4411,
73,44,True,0.434617,-0.9546,none,,,False,,73,0,0.3043,-1.3463,
73,41,True,0.28871,-1.598,none,,,False,,73,0,0.3031,-2.1819,
73,89,True,0.467987,-0.8074,none,,,False,,73,0,0.3031,-0.6811,
74,28,True,1.14422,2.1221,none,,,False,,74,0,0.2507,3.7607,
74,42,True,1.171552,2.2426,none,,,False,,74,0,0.2631,3.2494,
74,99,True,1.003066,1.5,none,,,False,,74,0,0.2515,2.9581,
74,94,True,1.117816,2.0057,cusum,,,True,positive,74,0,0.2511,2.8496,
74,80,True,1.019177,1.571,cusum,,,True,positive,74,0,0.2519,2.589,
74,84,True,1.015585,1.5551,none,,,False,,74,0,0.2745,2.3837,
74,76,True,0.920393,1.1356,cusum,,,True,positive,74,0,0.2499,2.357,
74,1,True,0.956795,1.296,none,,,False,,74,0,0.2601,2.3044,
74,40,True,0.712696,0.2201,none,,,False,,74,0,0.2524,1.9244,
74,39,True,0.832759,0.7493,none,,,False,,74,0,0.2515,1.871,
74,91,True,0.916312,1.1176,none,,,False,,74,0,0.2519,1.7172,
74,15,True,0.692666,0.1319,none,,,False,,74,0,0.2492,0.6648,
74,95,True,0.651416,-0.0499,none,,,False,,74,0,0.0563,0.5322,
74,16,True,0.749256,0.3813,none,,,False,,74,0,0.0507,0.4443,
74,56,True,0.614706,-0.2117,none,,,False,,74,0,0.0547,0.4063,
74,88,True,0.815089,0.6715,none,,,False,,74,0,0.0507,0.3346,
74,51,True,0.674079,0.0499,none,,,False,,74,0,0.0623,0.2907,
74,29,True,0.716481,0.2368,none,,,False,,74,0,0.0608,0.0627,
74,9,True,0.746732,0.3702,none,,,False,,74,0,0.0524,0.0476,
74,97,True,0.520805,-0.6256,none,,,False,,74,0,0.0547,0.0292,
74,18,True,0.417409,-1.0813,none,,,False,,74,0,0.0492,0.0097,
74,57,True,0.629738,-0.1455,none,,,False,,74,0,0.0524,-0.0871,
74,68,True,0.631282,-0.1387,none,,,False,,74,0,0.0524,-0.1711,
74,3,True,0.64334,-0.0855,none,,,False,,74,0,0.0503,-0.1726,
74,22,True,0.580549,-0.3623,none,,,False,,74,0,0.0499,-0.1931,
74,10,True,0.638655,-0.1062,none,,,False,,74,0,0.0569,-0.2406,
74,31,True,0.543192,-0.5269,none,,,False,,74,0,0.0519,-0.2478,
74,87,True,0.586017,-0.3382,none,,,False,,74,0,0.0846,-0.2583,
74,55,True,0.352867,-1.3658,none,,,False,,74,0,0.3645,-1.355,
74,73,True,0.274389,-1.7117,none,,,False,,74,0,0.3645,-2.0015,
74,45,True,0.489835,-0.7621,cusum,,,True,negative,74,0,0.3425,-1.5614,
74,96,True,0.562761,-0.4407,none,,,False,,74,0,0.3175,-0.8608,
74,25,True,0.509027,-0.6775,none,,,False,,74,0,0.3053,-1.3249,
74,75,True,1.046404,1.691,none,,,False,,74,0,0.3052,-0.6349,
74,66,True,0.449538,-0.9397,none,,,False,,74,0,0.3004,-0.7482,
74,52,True,0.469585,-0.8514,none,,,False,,74,0,0.2999,-1.6936,
75,28,True,1.288396,2.2622,cusum,,,True,positive,75,0,0.2502,3.6881,
75,42,True,1.207982,1.9587,cusum,,,True,positive,75,0,0.2622,3.3969,
75,94,True,1.028128,1.2798,none,,,False,,75,0,0.2506,3.1392,
75,99,True,0.963972,1.0376,none,,,False,,75,0,0.251,2.9802,
75,80,True,0.990651,1.1383,none,,,False,,75,0,0.2514,2.7032,
75,84,True,1.020808,1.2522,cusum,,,True,positive,75,0,0.2708,2.4406,
75,76,True,0.92904,0.9058,none,,,False,,75,0,0.2495,2.3893,
75,1,True,0.903592,0.8097,cusum,,,True,positive,75,0,0.2593,2.3625,
75,91,True,0.90161,0.8022,none,,,False,,75,0,0.2514,1.891,
75,39,True,0.785676,0.3646,none,,,False,,75,0,0.251,0.8721,
75,40,True,0.925212,0.8913,none,,,False,,75,0,0.2519,0.5735,
75,88,True,0.704325,0.0575,none,,,False,,75,0,0.0502,0.4846,
75,15,True,0.878487,0.715,none,,,False,,75,0,0.2488,0.3997,
75,95,True,0.723985,0.1318,none,,,False,,75,0,0.0557,0.3206,
75,16,True,0.808631,0.4513,none,,,False,,75,0,0.0502,0.3012,
75,51,True,0.63949,-0.1872,none,,,False,,75,0,0.0614,0.2938,
75,9,True,0.658334,-0.1161,none,,,False,,75,0,0.0519,0.2404,
75,29,True,0.633702,-0.209,none,,,False,,75,0,0.06,0.1531,
75,56,True,0.794932,0.3996,none,,,False,,75,0,0.0542,0.0372,
75,75,True,1.032257,1.2954,none,,,False,,75,0,0.165,-0.062,
75,57,True,0.63834,-0.1915,none,,,False,,75,0,0.0519,-0.0987,
75,3,True,0.582217,-0.4034,none,,,False,,75,0,0.0499,-0.1294,
75,68,True,0.651082,-0.1434,none,,,False,,75,0,0.0519,-0.1391,
75,97,True,0.673836,-0.0575,none,,,False,,75,0,0.0542,-0.157,
75,10,True,0.631752,-0.2164,none,,,False,,75,0,0.0563,-0.2321,
75,87,True,0.521278,-0.6334,none,,,False,,75,0,0.0807,-0.2434,
75,18,True,0.466755,-0.8392,none,,,False,,75,0,0.0488,-0.2491,
75,22,True,0.708332,0.0727,none,,,False,,75,0,0.0495,-0.3421,
75,31,True,0.615389,-0.2782,none,,,False,,75,0,0.0514,-0.4049,
75,55,True,0.403482,-1.078,none,,,False,,75,0,0.3573,-1.6502,
75,73,True,0.304946,-1.45,cusum,,,True,negative,75,0,0.3573,-2.2391,
75,45,True,0.408546,-1.0589,none,,,False,,75,0,0.3366,-1.3513,
75,96,True,0.56073,-0.4845,none,,,False,,75,0,0.3126,-0.8341,
75,63,True,0.384288,-1.1505,none,,,False,,75,0,0.3055,-1.7336,
75,24,True,0.521112,-0.634,none,,,False,,75,0,0.3049,-0.8575,
75,98,True,0.189303,-1.8865,none,,,False,,75,0,0.3044,-1.9495,
76,28,True,1.329679,2.8502,none,,,False,,76,0,0.2498,3.4416,
76,42,True,1.131681,2.0049,none,,,False,,76,0,0.2614,3.1853,
76,94,True,1.125243,1.9774,cusum,,,True,positive,76,0,0.2502,2.7412,
76,80,True,0.944892,1.2075,none,,,False,,76,0,0.251,2.5432,
76,84,True,0.936587,1.172,none,,,False,,76,0,0.2696,2.4841,
76,99,True,1.004632,1.4625,cusum,,,True,positive,76,0,0.2506,2.3444,
76,76,True,0.902507,1.0265,none,,,False,,76,0,0.2491,2.3149,
76,1,True,1.011372,1.4913,none,,,False,,76,0,0.2586,2.1985,
76,91,True,1.040714,1.6165,none,,,False,,76,0,0.251,1.7864,
76,40,True,0.649661,-0.0529,cusum,,,True,positive,76,0,0.2514,1.6881,
76,75,True,1.085423,1.8074,none,,,False,,76,0,0.1578,0.8449,
76,39,True,0.78678,0.5325,none,,,False,,76,0,0.2506,0.6972,
76,15,True,0.885697,0.9548,none,,,False,,76,0,0.2484,0.6439,
76,16,True,0.399516,-1.1208,none,,,False,,76,0,0.0498,0.3723,
76,88,True,0.730378,0.2917,none,,,False,,76,0,0.0498,0.2544,
76,95,True,0.609957,-0.2224,none,,,False,,76,0,0.0551,0.2423,
76,9,True,0.675643,0.058,none,,,False,,76,0,0.0514,0.1366,
76,56,True,0.568512,-0.3993,none,,,False,,76,0,0.0536,0.1286,
76,29,True,0.679216,0.0733,none,,,False,,76,0,0.0593,0.1276,
76,51,True,0.666129,0.0174,none,,,False,,76,0,0.0607,0.0295,
76,68,True,0.645142,-0.0722,none,,,False,,76,0,0.0514,-0.0232,
76,97,True,0.703917,0.1787,none,,,False,,76,0,0.0536,-0.0714,
76,57,True,0.599851,-0.2655,none,,,False,,76,0,0.0514,-0.0876,
76,22,True,0.689963,0.1192,none,,,False,,76,0,0.0491,-0.1322,
76,3,True,0.5411,-0.5164,none,,,False,,76,0,0.0494,-0.1626,
76,10,True,0.657974,-0.0174,none,,,False,,76,0,0.0557,-0.1691,
76,31,True,0.630604,-0.1343,none,,,False,,76,0,0.051,-0.3446,
76,87,True,0.566692,-0.4071,none,,,False,,76,0,0.0769,-0.3895,
76,96,True,0.638464,-0.1007,none,,,False,,76,0,0.3079,-0.3982,
76,55,True,0.345157,-1.3528,none,,,False,,76,0,0.3506,-1.4636,
76,73,True,0.277616,-1.6412,none,,,False,,76,0,0.3506,-1.9476,
76,45,True,0.487345,-0.7458,none,,,False,,76,0,0.331,-1.2512,
76,44,True,0.447765,-0.9148,none,,,False,,76,0,0.3064,-1.3367,
76,72,True,0.520769,-0.6031,none,,,False,,76,0,0.3052,-0.7212,
76,64,True,0.447886,-0.9143,none,,,False,,76,0,0.3036,-0.7341,
76,11,True,0.387116,-1.1737,none,,,False,,76,0,0.3031,-0.6743,
77,28,True,1.234803,1.9773,cusum,,,True,positive,77,0,0.2494,3.4755,
77,42,True,1.301789,2.2287,cusum,,,True,positive,77,0,0.2606,3.1488,
77,94,True,1.073765,1.3728,none,,,False,,77,0,0.2497,2.8189,
77,75,True,1.15566,1.6802,cusum,,,True,positive,77,0,0.3512,2.7316,
77,84,True,1.012676,1.1435,none,,,False,,77,0,0.2684,2.4177,
77,99,True,0.994324,1.0746,none,,,False,,77,0,0.2501,2.3985,
77,80,True,1.078049,1.3889,cusum,,,True,positive,77,0,0.2505,2.3712,
77,1,True,0.877315,0.6354,none,,,False,,77,0,0.2579,2.2753,
77,91,True,0.814562,0.3998,cusum,,,True,positive,77,0,0.2505,2.2444,
77,76,True,0.769846,0.2319,none,,,False,,77,0,0.2486,2.0856,
77,40,True,0.93134,0.8382,none,,,False,,77,0,0.2509,1.4191,
77,15,True,0.898164,0.7136,none,,,False,,77,0,0.248,0.6625,
77,39,True,0.775831,0.2544,none,,,False,,77,0,0.2501,0.6139,
77,88,True,0.770393,0.234,none,,,False,,77,0,0.0494,0.4042,
77,9,True,0.587381,-0.453,none,,,False,,77,0,0.0509,0.1703,
77,29,True,0.669286,-0.1455,none,,,False,,77,0,0.0586,0.1108,
77,51,True,0.733516,0.0956,none,,,False,,77,0,0.0599,0.0391,
77,95,True,0.837775,0.4869,none,,,False,,77,0,0.0545,0.0246,
77,22,True,0.63612,-0.27,none,,,False,,77,0,0.0486,0.0062,
77,56,True,0.737312,0.1098,none,,,False,,77,0,0.0531,-0.0012,
77,16,True,0.869584,0.6063,none,,,False,,77,0,0.0494,-0.0321,
77,10,True,0.548314,-0.5996,none,,,False,,77,0,0.0551,-0.0412,
77,68,True,0.449229,-0.9716,none,,,False,,77,0,0.0509,-0.0519,
77,97,True,0.563264,-0.5435,none,,,False,,77,0,0.0531,-0.0988,
77,57,True,0.609164,-0.3712,none,,,False,,77,0,0.0509,-0.1346,
77,96,True,0.491322,-0.8136,none,,,False,,77,0,0.3034,-0.2354,
77,31,True,0.646473,-0.2312,none,,,False,,77,0,0.0505,-0.2475,
77,3,True,0.682592,-0.0956,none,,,False,,77,0,0.049,-0.2716,
77,87,True,0.440006,-1.0062,none,,,False,,77,0,0.0733,-0.3651,
77,55,True,0.464177,-0.9155,cusum,,,True,negative,77,0,0.3444,-1.6365,
77,73,True,0.265161,-1.6625,none,,,False,,77,0,0.3444,-1.9719,
77,45,True,0.462612,-0.9213,none,,,False,,77,0,0.3257,-1.2378,
77,25,True,0.579421,-0.4829,none,,,False,,77,0,0.3073,-0.8303,
77,92,True,0.42519,-1.0618,none,,,False,,77,0,0.3058,-0.9072,
77,62,True,0.414716,-1.1011,none,,,False,,77,0,0.3023,-0.8846,
77,52,True,0.460232,-0.9303,none,,,False,,77,0,0.3021,-1.6244,
78,28,True,1.3512,2.044,none,,,False,,78,0,0.2489,3.4267,
78,42,True,1.143588,1.4208,none,,,False,,78,0,0.2598,3.1432,
78,75,True,1.000266,0.9905,none,,,False,,78,0,0.345,2.7234,
78,94,True,1.111008,1.3229,cusum,,,True,positive,78,0,0.2493,2.6073,
78,80,True,1.018345,1.0448,none,,,False,,78,0,0.2501,2.31,
78,84,True,0.943408,0.8198,cusum,,,True,positive,78,0,0.2673,2.279,
78,99,True,1.104972,1.3048,none,,,False,,78,0,0.2497,2.2561,
78,1,True,0.955139,0.855,none,,,False,,78,0,0.2573,2.0542,
78,91,True,0.92085,0.7521,none,,,False,,78,0,0.2501,2.0046,
78,76,True,1.038176,1.1043,none,,,False,,78,0,0.2482,1.7839,
78,40,True,0.756508,0.2587,none,,,False,,78,0,0.2504,1.6245,
78,15,True,0.825832,0.4668,none,,,False,,78,0,0.0476,0.856,
78,39,True,0.839623,0.5082,none,,,False,,78,0,0.2497,0.4484,
78,88,True,0.708685,0.1152,none,,,False,,78,0,0.0489,0.2579,
78,95,True,0.667264,-0.0092,none,,,False,,78,0,0.054,0.2028,
78,56,True,0.731577,0.1839,none,,,False,,78,0,0.0526,0.1054,
78,51,True,0.607662,-0.1881,none,,,False,,78,0,0.0591,0.0534,
78,16,True,0.6442,-0.0784,none,,,False,,78,0,0.0489,0.0424,
78,22,True,0.64434,-0.078,none,,,False,,78,0,0.0482,0.0364,
78,29,True,0.630039,-0.1209,none,,,False,,78,0,0.0579,-0.0175,
78,97,True,0.737611,0.202,none,,,False,,78,0,0.0526,-0.0721,
78,9,True,0.631518,-0.1165,none,,,False,,78,0,0.0504,-0.1047,
78,31,True,0.598193,-0.2165,none,,,False,,78,0,0.0501,-0.1494,
78,10,True,0.392241,-0.8348,none,,,False,,78,0,0.0545,-0.2064,
78,57,True,0.673383,0.0092,none,,,False,,78,0,0.0504,-0.2104,
78,3,True,0.461487,-0.6269,none,,,False,,78,0,0.0486,-0.2754,
78,68,True,0.710406,0.1203,none,,,False,,78,0,0.0504,-0.3301,
78,96,True,0.490084,-0.5411,none,,,False,,78,0,0.2991,-0.362,
78,92,True,0.429803,-0.722,cusum,,,True,negative,78,0,0.3663,-1.53,
78,55,True,0.273093,-1.1925,none,,,False,,78,0,0.3386,-1.4904,
78,73,True,0.300563,-1.11,cusum,,,True,negative,78,0,0.3386,-1.9596,
78,45,True,0.523808,-0.4398,none,,,False,,78,0,0.3207,-1.294,
78,36,True,0.370427,-0.9003,none,,,False,,78,0,0.307,-2.0087,
78,41,True,0.288448,-1.1464,none,,,False,,78,0,0.307,-1.5716,
78,93,True,0.251872,-1.2562,none,,,False,,78,0,0.3045,-1.2214,
78,63,True,0.396125,-0.8232,none,,,False,,78,0,0.303,-1.2575,
79,28,True,1.171039,1.5762,cusum,,,True,positive,79,0,0.2485,3.3535,
79,42,True,1.212489,1.7265,cusum,,,True,positive,79,0,0.2591,2.9629,
79,94,True,1.112578,1.3641,none,,,False,,79,0,0.2489,2.6212,
79,75,True,1.078439,1.2403,none,,,False,,79,0,0.3392,2.6177,
79,99,True,1.093726,1.2958,cusum,,,True,positive,79,0,0.2492,2.3447,
79,80,True,1.000244,0.9567,none,,,False,,79,0,0.2496,2.2783,
79,84,True,0.927058,0.6913,none,,,False,,79,0,0.2663,2.1335,
79,1,True,0.9452,0.7571,cusum,,,True,positive,79,0,0.2566,2.0684,
79,91,True,0.881012,0.5243,none,,,False,,79,0,0.2496,1.9874,
79,76,True,0.749095,0.0458,cusum,,,True,positive,79,0,0.2478,1.8496,
79,39,True,0.872649,0.4939,cusum,,,True,positive,79,0,0.2492,1.4957,
79,40,True,0.749199,0.0462,none,,,False,,79,0,0.25,1.4131,
79,15,True,0.895914,0.5783,none,,,False,,79,0,0.0472,0.7728,
79,88,True,0.901506,0.5986,none,,,False,,79,0,0.0485,0.2766,
79,95,True,0.741152,0.017,none,,,False,,79,0,0.0534,0.1551,
79,51,True,0.541757,-0.7062,none,,,False,,79,0,0.0584,0.0521,
79,56,True,0.751556,0.0547,none,,,False,,79,0,0.0521,0.0328,
79,97,True,0.532559,-0.7395,none,,,False,,79,0,0.0521,0.0138,
79,29,True,0.669314,-0.2435,none,,,False,,79,0,0.0572,0.011,
79,22,True,0.724237,-0.0443,none,,,False,,79,0,0.0478,-0.0143,
79,9,True,0.809302,0.2642,none,,,False,,79,0,0.05,-0.1054,
79,31,True,0.666825,-0.2526,none,,,False,,79,0,0.0496,-0.1294,
79,16,True,0.731776,-0.017,none,,,False,,79,0,0.0485,-0.1346,
79,57,True,0.671389,-0.236,none,,,False,,79,0,0.05,-0.1441,
79,68,True,0.487189,-0.9041,none,,,False,,79,0,0.05,-0.2427,
79,3,True,0.555124,-0.6577,none,,,False,,79,0,0.0482,-0.3505,
79,96,True,0.600444,-0.4933,none,,,False,,79,0,0.295,-0.383,
79,10,True,0.609733,-0.4596,none,,,False,,79,0,0.0539,-0.4132,
79,93,True,0.275708,-1.6711,cusum,,,True,negative,79,0,0.3668,-1.755,
79,92,True,0.227306,-1.8467,none,,,False,,79,0,0.3593,-1.2979,
79,55,True,0.423971,-1.1334,none,,,False,,79,0,0.3331,-1.5323,
79,73,True,0.250765,-1.7616,none,,,False,,79,0,0.3331,-1.85,
79,45,True,0.417972,-1.1551,none,,,False,,79,0,0.3159,-0.5905,
79,19,True,0.971623,0.8529,none,,,False,,79,0,0.3051,-0.8042,
79,44,True,0.35692,-1.3766,none,,,False,,79,0,0.3039,-0.7878,
79,25,True,0.555608,-0.656,none,,,False,,79,0,0.2994,-0.6021,
80,28,True,1.146273,1.7466,none,,,False,,80,0,0.2481,2.9283,
80,42,True,1.14724,1.7499,none,,,False,,80,0,0.2584,2.8691,
80,75,True,1.008513,1.2764,cusum,,,True,positive,80,0,0.3337,2.4249,
80,94,True,1.121141,1.6608,none,,,False,,80,0,0.2485,2.4163,
80,99,True,0.902655,0.915,none,,,False,,80,0,0.2488,2.2886,
80,80,True,0.970885,1.1479,none,,,False,,80,0,0.2492,2.1941,
80,84,True,0.959111,1.1077,none,,,False,,80,0,0.2653,1.9719,
80,1,True,0.986557,1.2014,none,,,False,,80,0,0.256,1.8229,
80,15,True,0.833301,0.6783,cusum,,,True,positive,80,0,0.2468,1.6469,
80,91,True,0.872475,0.812,none,,,False,,80,0,0.2492,1.6227,
80,76,True,0.903535,0.918,none,,,False,,80,0,0.2475,1.5222,
80,39,True,0.756883,0.4174,none,,,False,,80,0,0.2488,1.4824,
80,40,True,0.705894,0.2434,none,,,False,,80,0,0.2496,1.4456,
80,88,True,0.781128,0.5002,none,,,False,,80,0,0.0481,0.3784,
80,95,True,0.64209,0.0256,none,,,False,,80,0,0.0529,0.2343,
80,16,True,0.624291,-0.0352,none,,,False,,80,0,0.0481,0.2328,
80,56,True,0.517078,-0.4011,none,,,False,,80,0,0.0516,0.1836,
80,19,True,1.008726,1.2771,none,,,False,,80,0,0.1398,0.1214,
80,9,True,0.6407,0.0209,none,,,False,,80,0,0.0496,-0.0372,
80,22,True,0.609595,-0.0853,none,,,False,,80,0,0.0475,-0.0692,
80,29,True,0.671901,0.1274,none,,,False,,80,0,0.0565,-0.0955,
80,57,True,0.597047,-0.1282,none,,,False,,80,0,0.0496,-0.1348,
80,31,True,0.597342,-0.1271,none,,,False,,80,0,0.0492,-0.1694,
80,51,True,0.589626,-0.1535,none,,,False,,80,0,0.0577,-0.19,
80,97,True,0.62848,-0.0209,none,,,False,,80,0,0.0516,-0.2929,
80,3,True,0.44705,-0.6402,none,,,False,,80,0,0.0478,-0.3981,
80,58,True,0.500717,-0.457,none,,,False,,80,0,0.2372,-0.5043,
80,25,True,0.425423,-0.714,none,,,False,,80,0,0.291,-0.5054,
80,93,True,0.288513,-1.1813,none,,,False,,80,0,0.3598,-1.8835,
80,92,True,0.387904,-0.842,none,,,False,,80,0,0.3528,-1.5765,
80,55,True,0.297826,-1.1495,none,,,False,,80,0,0.3278,-1.4626,
80,73,True,0.268155,-1.2508,none,,,False,,80,0,0.3278,-1.8935,
80,45,True,0.482439,-0.5194,cusum,,,True,negative,80,0,0.3113,-1.2297,
80,98,True,0.137216,-1.6978,none,,,False,,80,0,0.3037,-2.503,
80,52,True,0.438102,-0.6707,none,,,False,,80,0,0.2998,-1.0226,
80,63,True,0.447573,-0.6384,none,,,False,,80,0,0.2954,-1.0725,
81,28,True,1.244449,2.5194,cusum,,,True,positive,81,0,0.2477,2.8509,
81,42,True,1.09822,1.8732,cusum,,,True,positive,81,0,0.2577,2.7086,
81,94,True,1.091125,1.8419,cusum,,,True,positive,81,0,0.2481,2.5118,
81,75,True,1.083555,1.8084,none,,,False,,81,0,0.3285,2.2869,
81,99,True,0.854596,0.7967,none,,,False,,81,0,0.2484,2.2349,
81,80,True,0.961441,1.2688,cusum,,,True,positive,81,0,0.2488,2.1133,
81,1,True,1.041279,1.6216,none,,,False,,81,0,0.2554,2.0108,
81,84,True,0.865662,0.8456,none,,,False,,81,0,0.2643,1.9587,
81,91,True,0.854739,0.7973,none,,,False,,81,0,0.2488,1.7596,
81,76,True,0.822356,0.6542,none,,,False,,81,0,0.2471,1.7505,
81,15,True,0.823454,0.659,none,,,False,,81,0,0.2465,1.6347,
81,39,True,0.859432,0.818,none,,,False,,81,0,0.2484,1.5362,
81,19,True,1.03288,1.5845,none,,,False,,81,0,0.1343,0.7205,
81,88,True,0.744555,0.3104,none,,,False,,81,0,0.0477,0.4667,
81,40,True,0.673582,-0.0032,none,,,False,,81,0,0.2491,0.2468,
81,9,True,0.702238,0.1234,none,,,False,,81,0,0.0491,0.1202,
81,95,True,0.586401,-0.3885,none,,,False,,81,0,0.0524,0.0798,
81,16,True,0.554439,-0.5297,none,,,False,,81,0,0.0477,0.0185,
81,56,True,0.650642,-0.1046,none,,,False,,81,0,0.0511,0.0127,
81,29,True,0.675046,0.0032,none,,,False,,81,0,0.0559,-0.0053,
81,22,True,0.665823,-0.0375,none,,,False,,81,0,0.0471,-0.0081,
81,57,True,0.598198,-0.3364,none,,,False,,81,0,0.0491,-0.0543,
81,97,True,0.683323,0.0398,none,,,False,,81,0,0.0511,-0.1193,
81,31,True,0.605115,-0.3058,none,,,False,,81,0,0.0488,-0.1353,
81,51,True,0.572531,-0.4498,none,,,False,,81,0,0.0571,-0.2739,
81,96,True,0.518181,-0.6899,none,,,False,,81,0,0.0963,-0.516,
81,46,True,0.5319,-0.6293,none,,,False,,81,0,0.2063,-0.5175,
81,25,True,0.423413,-1.1087,none,,,False,,81,0,0.2872,-0.5195,
81,68,True,0.684507,0.045,none,,,False,,81,0,0.0538,-0.5206,
81,93,True,0.214274,-2.0329,none,,,False,,81,0,0.3533,-1.7359,
81,92,True,0.428674,-1.0855,cusum,,,True,negative,81,0,0.3467,-1.5078,
81,55,True,0.409914,-1.1684,cusum,,,True,negative,81,0,0.3229,-1.5438,
81,73,True,0.297589,-1.6647,cusum,,,True,negative,81,0,0.3229,-1.7594,
81,45,True,0.533116,-0.6239,none,,,False,,81,0,0.3069,-1.0982,
81,21,True,0.426879,-1.0934,none,,,False,,81,0,0.2979,-0.7286,
81,43,True,0.53897,-0.5981,none,,,False,,81,0,0.2965,-0.9415,
82,28,True,0.899965,0.8659,none,,,False,,82,0,0.2474,3.0089,
82,42,True,1.238096,2.2415,none,,,False,,82,0,0.257,2.8586,
82,94,True,1.142087,1.8509,none,,,False,,82,0,0.2477,2.6843,
82,75,True,1.112303,1.7297,none,,,False,,82,0,0.3236,2.5564,
82,19,True,0.998776,1.2679,cusum,,,True,positive,82,0,0.3292,2.356,
82,1,True,0.949752,1.0685,cusum,,,True,positive,82,0,0.2548,2.2655,
82,80,True,1.093914,1.6549,none,,,False,,82,0,0.2484,2.1875,
82,99,True,1.146226,1.8678,none,,,False,,82,0,0.248,2.065,
82,84,True,0.905751,0.8895,none,,,False,,82,0,0.2634,1.966,
82,15,True,0.815488,0.5222,none,,,False,,82,0,0.2461,1.6983,
82,39,True,0.79044,0.4203,none,,,False,,82,0,0.248,1.639,
82,76,True,0.783558,0.3923,none,,,False,,82,0,0.2467,1.6,
82,91,True,0.604562,-0.3358,none,,,False,,82,0,0.2484,0.7742,
82,88,True,0.7212,0.1387,none,,,False,,82,0,0.0474,0.5313,
82,9,True,0.793816,0.4341,none,,,False,,82,0,0.0487,0.1996,
82,40,True,0.7923,0.4279,none,,,False,,82,0,0.2487,0.1589,
82,29,True,0.671277,-0.0644,none,,,False,,82,0,0.0553,0.0353,
82,22,True,0.729205,0.1712,none,,,False,,82,0,0.0467,0.0049,
82,95,True,0.699988,0.0524,none,,,False,,82,0,0.0519,-0.0473,
82,56,True,0.655948,-0.1268,none,,,False,,82,0,0.0506,-0.0841,
82,16,True,0.720702,0.1366,none,,,False,,82,0,0.0474,-0.1324,
82,31,True,0.585037,-0.4153,none,,,False,,82,0,0.0484,-0.1655,
82,57,True,0.674243,-0.0524,none,,,False,,82,0,0.0487,-0.17,
82,97,True,0.478336,-0.8494,none,,,False,,82,0,0.0506,-0.174,
82,68,True,0.536963,-0.6109,none,,,False,,82,0,0.0491,-0.1822,
82,51,True,0.505677,-0.7381,none,,,False,,82,0,0.0564,-0.3619,
82,96,True,0.602997,-0.3422,none,,,False,,82,0,0.0882,-0.4767,
82,58,True,0.552808,-0.5464,none,,,False,,82,0,0.165,-0.526,
82,43,True,0.373766,-1.2748,cusum,,,True,negative,82,0,0.368,-1.1953,
82,93,True,0.293022,-1.6032,cusum,,,True,negative,82,0,0.3472,-1.9993,
82,92,True,0.215622,-1.9181,none,,,False,,82,0,0.341,-1.6331,
82,46,True,0.426996,-1.0582,cusum,,,True,negative,82,0,0.3236,-1.0072,
82,55,True,0.411512,-1.1212,none,,,False,,82,0,0.3182,-1.5386,
82,73,True,0.282182,-1.6474,none,,,False,,82,0,0.3182,-1.9472,
82,45,True,0.55725,-0.5283,none,,,False,,82,0,0.3027,-1.1619,
82,44,True,0.393308,-1.1953,none,,,False,,82,0,0.3015,-0.982,
83,42,True,1.024169,1.4088,cusum,,,True,positive,83,0,0.2564,3.0294,
83,94,True,1.070039,1.5781,cusum,,,True,positive,83,0,0.2473,2.8461,
83,28,True,1.206673,2.0822,cusum,,,True,positive,83,0,0.247,2.7717,
83,75,True,1.112015,1.7329,cusum,,,True,positive,83,0,0.3189,2.7166,
83,19,True,1.000134,1.3201,none,,,False,,83,0,0.3243,2.4912,
83,80,True,1.000012,1.3197,none,,,False,,83,0,0.248,2.4197,
83,1,True,1.030773,1.4332,none,,,False,,83,0,0.2542,2.3686,
83,99,True,1.020474,1.3952,cusum,,,True,positive,83,0,0.2476,2.2552,
83,84,True,1.042554,1.4766,cusum,,,True,positive,83,0,0.2626,2.0309,
83,76,True,0.869018,0.8363,none,,,False,,83,0,0.2464,1.715,
83,15,True,0.644671,0.0084,none,,,False,,83,0,0.2458,1.6792,
83,39,True,0.8711,0.844,none,,,False,,83,0,0.2476,1.614,
83,91,True,0.829382,0.69,none,,,False,,83,0,0.248,0.487,
83,88,True,0.742581,0.3697,none,,,False,,83,0,0.047,0.3775,
83,40,True,0.636317,-0.0224,none,,,False,,83,0,0.2483,0.2857,
83,9,True,0.709108,0.2462,none,,,False,,83,0,0.0483,0.2558,
83,29,True,0.691704,0.182,none,,,False,,83,0,0.0547,0.0942,
83,22,True,0.640097,-0.0084,none,,,False,,83,0,0.0464,0.0763,
83,95,True,0.619906,-0.0829,none,,,False,,83,0,0.0514,-0.0361,
83,16,True,0.507399,-0.4981,none,,,False,,83,0,0.047,-0.0817,
83,57,True,0.568083,-0.2742,none,,,False,,83,0,0.0483,-0.1093,
83,56,True,0.657651,0.0563,none,,,False,,83,0,0.0502,-0.1452,
83,97,True,0.59354,-0.1802,none,,,False,,83,0,0.0502,-0.2111,
83,31,True,0.463806,-0.659,none,,,False,,83,0,0.048,-0.2202,
83,51,True,0.60634,-0.133,none,,,False,,83,0,0.0558,-0.3734,
83,96,True,0.67826,0.1324,none,,,False,,83,0,0.0846,-0.4123,
83,68,True,0.545154,-0.3588,none,,,False,,83,0,0.0487,-0.4265,
83,58,True,0.340742,-1.1131,none,,,False,,83,0,0.1543,-0.4857,
83,43,True,0.469058,-0.6396,none,,,False,,83,0,0.3611,-1.2413,
83,93,True,0.311564,-1.2207,none,,,False,,83,0,0.3415,-1.9808,
83,92,True,0.382526,-0.9589,none,,,False,,83,0,0.3356,-1.6606,
83,46,True,0.494256,-0.5466,none,,,False,,83,0,0.3189,-1.1382,
83,55,True,0.324383,-1.1734,none,,,False,,83,0,0.3137,-1.5373,
83,73,True,0.258143,-1.4179,cusum,,,True,negative,83,0,0.3137,-1.9118,
83,36,True,0.406114,-0.8718,none,,,False,,83,0,0.3061,-1.3673,
83,13,True,0.465562,-0.6525,none,,,False,,83,0,0.3018,-0.5676,
84,42,True,1.055864,1.6112,none,,,False,,84,0,0.2558,2.9149,
84,28,True,0.968962,1.2618,none,,,False,,84,0,0.2466,2.8831,
84,75,True,1.026477,1.493,none,,,False,,84,0,0.3144,2.8661,
84,94,True,0.778071,0.4945,none,,,False,,84,0,0.2469,2.818,
84,19,True,0.896799,0.9718,none,,,False,,84,0,0.3196,2.5026,
84,80,True,1.106334,1.814,cusum,,,True,positive,84,0,0.2476,2.4765,
84,1,True,0.981663,1.3129,none,,,False,,84,0,0.2537,2.4451,
84,99,True,1.024114,1.4835,none,,,False,,84,0,0.2472,2.4147,
84,84,True,1.027106,1.4956,none,,,False,,84,0,0.2617,2.1527,
84,15,True,0.864493,0.8419,none,,,False,,84,0,0.2454,1.4555,
84,39,True,0.810243,0.6238,none,,,False,,84,0,0.2472,0.7557,
84,76,True,0.829502,0.7012,none,,,False,,84,0,0.246,0.6874,
84,91,True,0.676717,0.0871,none,,,False,,84,0,0.2476,0.4458,
84,88,True,0.716596,0.2474,none,,,False,,84,0,0.0466,0.3336,
84,9,True,0.585796,-0.2784,none,,,False,,84,0,0.0479,0.3304,
84,40,True,0.643685,-0.0457,none,,,False,,84,0,0.2479,0.1966,
84,29,True,0.709702,0.2197,none,,,False,,84,0,0.0542,0.1117,
84,22,True,0.639558,-0.0623,none,,,False,,84,0,0.046,0.1015,
84,56,True,0.659795,0.0191,none,,,False,,84,0,0.0497,0.0067,
84,95,True,0.505315,-0.6019,none,,,False,,84,0,0.0509,-0.0729,
84,57,True,0.436352,-0.8791,none,,,False,,84,0,0.0479,-0.1585,
84,96,True,0.584343,-0.2842,none,,,False,,84,0,0.081,-0.2054,
84,16,True,0.721916,0.2688,none,,,False,,84,0,0.0466,-0.2364,
84,68,True,0.493912,-0.6477,none,,,False,,84,0,0.0483,-0.2452,
84,97,True,0.618634,-0.1464,none,,,False,,84,0,0.0497,-0.2648,
84,51,True,0.674967,0.0801,none,,,False,,84,0,0.0552,-0.3674,
84,31,True,0.650307,-0.0191,none,,,False,,84,0,0.0476,-0.398,
84,13,True,0.45746,-0.7943,none,,,False,,84,0,0.1482,-0.5247,
84,43,True,0.524209,-0.526,none,,,False,,84,0,0.3547,-1.2038,
84,58,True,0.542912,-0.4508,cusum,,,True,negative,84,0,0.3482,-1.0764,
84,93,True,0.213023,-1.7768,none,,,False,,84,0,0.3361,-1.9977,
84,92,True,0.380077,-1.1053,cusum,,,True,negative,84,0,0.3304,-1.703,
84,46,True,0.423532,-0.9306,none,,,False,,84,0,0.3144,-1.1356,
84,55,True,0.408421,-0.9914,cusum,,,True,negative,84,0,0.3093,-1.5477,
84,73,True,0.265587,-1.5655,none,,,False,,84,0,0.3093,-1.97,
84,45,True,0.439399,-0.8669,none,,,False,,84,0,0.3037,-0.9551,
85,42,True,1.119194,2.0404,none,,,False,,85,0,0.2552,2.8267,
85,75,True,1.048036,1.7256,cusum,,,True,positive,85,0,0.3101,2.7585,
85,80,True,1.057998,1.7697,none,,,False,,85,0,0.2472,2.6578,
85,99,True,1.124622,2.0645,none,,,False,,85,0,0.2469,2.6432,
85,28,True,1.096445,1.9398,cusum,,,True,positive,85,0,0.2463,2.4635,
85,94,True,1.019328,1.5986,none,,,False,,85,0,0.2466,2.3685,
85,84,True,1.015832,1.5831,none,,,False,,85,0,0.2609,2.3683,
85,1,True,1.029384,1.6431,cusum,,,True,positive,85,0,0.2531,2.3415,
85,19,True,1.01876,1.5961,cusum,,,True,positive,85,0,0.3151,2.2957,
85,76,True,0.886525,1.0111,none,,,False,,85,0,0.2457,0.7026,
85,39,True,0.866137,0.9209,none,,,False,,85,0,0.2469,0.6905,
85,15,True,0.77818,0.5317,none,,,False,,85,0,0.2451,0.516,
85,88,True,0.713594,0.246,none,,,False,,85,0,0.0463,0.3121,
85,91,True,0.762445,0.4621,none,,,False,,85,0,0.2472,0.2086,
85,9,True,0.686344,0.1254,none,,,False,,85,0,0.0475,0.196,
85,29,True,0.689413,0.139,none,,,False,,85,0,0.0536,0.1831,
85,40,True,0.683351,0.1122,none,,,False,,85,0,0.2475,0.182,
85,22,True,0.732357,0.329,none,,,False,,85,0,0.0457,0.0928,
85,56,True,0.617199,-0.1805,none,,,False,,85,0,0.0493,0.0474,
85,16,True,0.524659,-0.5899,none,,,False,,85,0,0.0463,0.0293,
85,96,True,0.579565,-0.347,none,,,False,,85,0,0.0776,-0.0718,
85,95,True,0.51814,-0.6188,none,,,False,,85,0,0.0505,-0.1446,
85,51,True,0.537226,-0.5343,none,,,False,,85,0,0.0546,-0.1915,
85,31,True,0.622585,-0.1567,none,,,False,,85,0,0.0472,-0.3029,
85,97,True,0.576057,-0.3625,none,,,False,,85,0,0.0493,-0.3274,
85,57,True,0.585803,-0.3194,none,,,False,,85,0,0.0475,-0.3399,
85,68,True,0.632644,-0.1122,none,,,False,,85,0,0.0479,-0.4766,
85,0,True,0.463964,-0.8584,none,,,False,,85,0,0.1515,-0.5311,
85,43,True,0.527519,-0.5773,none,,,False,,85,0,0.3487,-1.1843,
85,58,True,0.492947,-0.7302,none,,,False,,85,0,0.3426,-1.0784,
85,93,True,0.265316,-1.7373,cusum,,,True,negative,85,0,0.3311,-1.9158,
85,92,True,0.359816,-1.3192,none,,,False,,85,0,0.3256,-1.7127,
85,46,True,0.464898,-0.8543,none,,,False,,85,0,0.3101,-1.2386,
85,87,True,0.607502,-0.2234,none,,,False,,85,0,0.3064,-0.5894,
85,55,True,0.330487,-1.449,none,,,False,,85,0,0.3052,-1.4911,
85,73,True,0.277568,-1.6831,none,,,False,,85,0,0.3052,-1.9393,
86,28,True,1.065839,1.8337,none,,,False,,86,0,0.2459,2.8211,
86,42,True,1.229029,2.6229,cusum,,,True,positive,86,0,0.2546,2.759,
86,75,True,1.074093,1.8736,none,,,False,,86,0,0.306,2.7548,
86,99,True,1.107702,2.0361,cusum,,,True,positive,86,0,0.2465,2.7084,
86,80,True,1.103239,2.0145,cusum,,,True,positive,86,0,0.2468,2.6955,
86,84,True,0.915256,1.1054,cusum,,,True,positive,86,0,0.2601,2.5985,
86,1,True,1.003475,1.5321,none,,,False,,86,0,0.2526,2.5324,
86,19,True,0.979037,1.4139,none,,,False,,86,0,0.3109,2.4026,
86,94,True,1.128292,2.1357,cusum,,,True,positive,86,0,0.2462,2.2839,
86,76,True,0.822386,0.6563,cusum,,,True,positive,86,0,0.2453,1.9085,
86,39,True,0.894716,1.0061,none,,,False,,86,0,0.2465,0.8569,
86,15,True,0.761329,0.3611,none,,,False,,86,0,0.2448,0.5188,
86,91,True,0.792834,0.5134,none,,,False,,86,0,0.2468,0.4742,
86,88,True,0.750887,0.3106,none,,,False,,86,0,0.0459,0.3475,
86,29,True,0.673892,-0.0618,none,,,False,,86,0,0.0531,0.2502,
86,22,True,0.657803,-0.1396,none,,,False,,86,0,0.0453,0.145,
86,9,True,0.688519,0.0089,none,,,False,,86,0,0.0472,0.0926,
86,40,True,0.763489,0.3715,none,,,False,,86,0,0.0472,0.0762,
86,56,True,0.706488,0.0958,none,,,False,,86,0,0.0489,0.029,
86,96,True,0.442675,-1.18,none,,,False,,86,0,0.0743,-0.075,
86,51,True,0.621812,-0.3137,none,,,False,,86,0,0.0541,-0.1243,
86,97,True,0.56993,-0.5646,none,,,False,,86,0,0.0489,-0.1657,
86,16,True,0.79432,0.5206,none,,,False,,86,0,0.0459,-0.2133,
86,31,True,0.547423,-0.6734,none,,,False,,86,0,0.0468,-0.2171,
86,68,True,0.560041,-0.6124,none,,,False,,86,0,0.0475,-0.3109,
86,95,True,0.684822,-0.0089,none,,,False,,86,0,0.05,-0.3689,
86,57,True,0.607451,-0.3831,none,,,False,,86,0,0.0472,-0.4293,
86,87,True,0.589516,-0.4698,none,,,False,,86,0,0.2743,-0.4543,
86,61,True,0.66082,-0.125,none,,,False,,86,0,0.2043,-0.532,
86,43,True,0.367865,-1.5418,none,,,False,,86,0,0.3431,-0.9559,
86,58,True,0.545717,-0.6817,none,,,False,,86,0,0.3373,-1.1434,
86,93,True,0.272741,-2.0018,none,,,False,,86,0,0.3262,-1.9636,
86,92,True,0.389513,-1.4371,none,,,False,,86,0,0.321,-1.516,
86,6,True,0.546975,-0.6756,none,,,False,,86,0,0.3079,-0.9021,
86,46,True,0.425026,-1.2653,none,,,False,,86,0,0.306,-1.1729,
86,44,True,0.350256,-1.6269,none,,,False,,86,0,0.3042,-1.5642,
87,42,True,1.203065,2.3124,none,,,False,,87,0,0.254,3.1629,
87,80,True,1.050122,1.6818,none,,,False,,87,0,0.2465,2.9267,
87,99,True,0.983216,1.406,none,,,False,,87,0,0.2462,2.9216,
87,75,True,1.122805,1.9815,cusum,,,True,positive,87,0,0.302,2.7995,
87,28,True,1.069747,1.7627,cusum,,,True,positive,87,0,0.2456,2.7378,
87,1,True,0.994008,1.4505,cusum,,,True,positive,87,0,0.2521,2.5647,
87,84,True,1.048868,1.6767,none,,,False,,87,0,0.2594,2.4738,
87,94,True,1.016628,1.5438,none,,,False,,87,0,0.2459,2.4694,
87,19,True,1.040328,1.6415,none,,,False,,87,0,0.3068,2.4315,
87,39,True,0.815665,0.7152,cusum,,,True,positive,87,0,0.2462,1.9105,
87,76,True,0.802841,0.6624,none,,,False,,87,0,0.245,1.8481,
87,15,True,0.738257,0.3961,none,,,False,,87,0,0.2444,0.636,
87,91,True,0.727782,0.3529,none,,,False,,87,0,0.0465,0.4148,
87,88,True,0.726886,0.3492,none,,,False,,87,0,0.0456,0.3273,
87,40,True,0.729014,0.358,none,,,False,,87,0,0.0468,0.2071,
87,29,True,0.67255,0.1252,none,,,False,,87,0,0.0526,0.1683,
87,16,True,0.453646,-0.7772,none,,,False,,87,0,0.0456,0.1258,
87,22,True,0.648717,0.027,none,,,False,,87,0,0.045,0.1009,
87,56,True,0.664745,0.0931,none,,,False,,87,0,0.0485,0.0416,
87,9,True,0.579563,-0.2581,none,,,False,,87,0,0.0468,0.0131,
87,51,True,0.599102,-0.1776,none,,,False,,87,0,0.0535,-0.1853,
87,31,True,0.635632,-0.027,none,,,False,,87,0,0.0465,-0.2224,
87,97,True,0.613157,-0.1196,none,,,False,,87,0,0.0485,-0.2943,
87,95,True,0.628102,-0.058,none,,,False,,87,0,0.0496,-0.3448,
87,61,True,0.618713,-0.0967,none,,,False,,87,0,0.0669,-0.3793,
87,68,True,0.578733,-0.2615,none,,,False,,87,0,0.0471,-0.3959,
87,57,True,0.633983,-0.0338,none,,,False,,87,0,0.0468,-0.4661,
87,87,True,0.612946,-0.1205,none,,,False,,87,0,0.2711,-0.4767,
87,18,True,0.389173,-1.043,none,,,False,,87,0,0.092,-0.5357,
87,6,True,0.326395,-1.3019,cusum,,,True,negative,87,0,0.3628,-1.0668,
87,43,True,0.483073,-0.6559,cusum,,,True,negative,87,0,0.3378,-1.2604,
87,58,True,0.394628,-1.0206,none,,,False,,87,0,0.3322,-1.003,
87,93,True,0.146588,-2.0431,cusum,,,True,negative,87,0,0.3216,-2.2268,
87,92,True,0.339669,-1.2471,cusum,,,True,negative,87,0,0.3165,-1.6781,
87,25,True,0.475632,-0.6866,none,,,False,,87,0,0.3085,-0.73,
87,33,True,0.425868,-0.8918,none,,,False,,87,0,0.3068,-0.6745,
88,42,True,1.197865,2.1331,cusum,,,True,positive,88,0,0.2535,3.3959,
88,75,True,1.096099,1.7249,none,,,False,,88,0,0.2982,2.9602,
88,28,True,0.973943,1.2349,none,,,False,,88,0,0.2452,2.9043,
88,99,True,1.155079,1.9615,cusum,,,True,positive,88,0,0.2458,2.8953,
88,80,True,1.05982,1.5794,cusum,,,True,positive,88,0,0.2461,2.8822,
88,94,True,1.15605,1.9654,cusum,,,True,positive,88,0,0.2455,2.8187,
88,19,True,1.037994,1.4918,cusum,,,True,positive,88,0,0.3028,2.6525,
88,1,True,0.934878,1.0782,none,,,False,,88,0,0.2516,2.6099,
88,84,True,0.941532,1.1049,none,,,False,,88,0,0.2586,2.5332,
88,39,True,0.857466,0.7677,none,,,False,,88,0,0.2458,1.9405,
88,76,True,0.856399,0.7635,none,,,False,,88,0,0.2447,1.8347,
88,91,True,0.694699,0.1149,none,,,False,,88,0,0.0461,0.503,
88,15,True,0.826539,0.6437,none,,,False,,88,0,0.2441,0.487,
88,88,True,0.715183,0.197,none,,,False,,88,0,0.0452,0.3608,
88,40,True,0.712537,0.1864,none,,,False,,88,0,0.0464,0.3412,
88,29,True,0.646905,-0.0768,none,,,False,,88,0,0.0521,0.1362,
88,22,True,0.629949,-0.1448,none,,,False,,88,0,0.0447,0.1302,
88,56,True,0.630796,-0.1414,none,,,False,,88,0,0.0481,0.0658,
88,9,True,0.672331,0.0252,none,,,False,,88,0,0.0464,0.0194,
88,95,True,0.686722,0.0829,none,,,False,,88,0,0.0492,-0.164,
88,87,True,0.583599,-0.3307,none,,,False,,88,0,0.068,-0.1829,
88,57,True,0.629213,-0.1478,none,,,False,,88,0,0.0464,-0.1848,
88,16,True,0.729046,0.2527,none,,,False,,88,0,0.0452,-0.2233,
88,31,True,0.515894,-0.6023,none,,,False,,88,0,0.0461,-0.2255,
88,61,True,0.640844,-0.1011,none,,,False,,88,0,0.0649,-0.2367,
88,68,True,0.580007,-0.3451,none,,,False,,88,0,0.0467,-0.2676,
88,51,True,0.659779,-0.0252,none,,,False,,88,0,0.053,-0.2718,
88,97,True,0.595121,-0.2845,none,,,False,,88,0,0.0481,-0.2859,
88,86,True,0.543444,-0.4918,none,,,False,,88,0,0.1998,-0.5492,
88,6,True,0.490216,-0.7053,none,,,False,,88,0,0.3565,-1.2808,
88,43,True,0.473948,-0.7705,none,,,False,,88,0,0.3328,-1.3071,
88,58,True,0.487889,-0.7146,none,,,False,,88,0,0.3275,-1.1961,
88,93,True,0.325071,-1.3677,none,,,False,,88,0,0.3172,-2.3183,
88,92,True,0.341351,-1.3024,none,,,False,,88,0,0.3123,-1.7279,
88,55,True,0.410373,-1.0255,none,,,False,,88,0,0.3108,-1.6025,
88,73,True,0.297521,-1.4782,none,,,False,,88,0,0.3108,-1.9534,
89,42,True,1.121462,2.1141,none,,,False,,89,0,0.2529,3.4261,
89,75,True,1.092644,1.9863,cusum,,,True,positive,89,0,0.2945,2.958,
89,94,True,1.11382,2.0802,none,,,False,,89,0,0.2452,2.9405,
89,99,True,1.000415,1.5771,none,,,False,,89,0,0.2455,2.8605,
89,80,True,1.079059,1.926,none,,,False,,89,0,0.2458,2.8183,
89,28,True,1.164478,2.305,none,,,False,,89,0,0.2449,2.669,
89,19,True,0.924462,1.2401,none,,,False,,89,0,0.299,2.6157,
89,1,True,1.012403,1.6303,none,,,False,,89,0,0.2511,2.421,
89,84,True,1.078885,1.9252,cusum,,,True,positive,89,0,0.2579,2.3728,
89,39,True,0.822717,0.7886,none,,,False,,89,0,0.2455,1.889,
89,76,True,0.798998,0.6834,none,,,False,,89,0,0.2443,1.7518,
89,15,True,0.920637,1.2231,none,,,False,,89,0,0.2438,0.5239,
89,91,True,0.884629,1.0633,none,,,False,,89,0,0.0458,0.3868,
89,40,True,0.672226,0.1209,none,,,False,,89,0,0.0461,0.3655,
89,88,True,0.776781,0.5848,none,,,False,,89,0,0.0449,0.3441,
89,56,True,0.641317,-0.0162,none,,,False,,89,0,0.0477,0.0783,
89,95,True,0.415923,-1.0163,none,,,False,,89,0,0.0487,0.0693,
89,29,True,0.648622,0.0162,none,,,False,,89,0,0.0516,0.0636,
89,16,True,0.616583,-0.1259,none,,,False,,89,0,0.0449,0.0572,
89,9,True,0.63993,-0.0224,none,,,False,,89,0,0.0461,-0.0145,
89,61,True,0.590015,-0.2438,none,,,False,,89,0,0.064,-0.0219,
89,22,True,0.67307,0.1247,none,,,False,,89,0,0.0443,-0.0281,
89,51,True,0.573623,-0.3166,none,,,False,,89,0,0.0525,-0.1028,
89,57,True,0.668304,0.1035,none,,,False,,89,0,0.0461,-0.128,
89,87,True,0.601679,-0.1921,none,,,False,,89,0,0.065,-0.22,
89,97,True,0.527957,-0.5192,none,,,False,,89,0,0.0477,-0.2604,
89,68,True,0.613461,-0.1398,none,,,False,,89,0,0.0464,-0.3457,
89,31,True,0.591068,-0.2392,none,,,False,,89,0,0.0458,-0.3745,
89,26,True,0.624737,-0.0898,none,,,False,,89,0,0.1653,-0.5508,
89,6,True,0.49496,-0.6656,none,,,False,,89,0,0.3506,-1.2651,
89,43,True,0.547904,-0.4307,none,,,False,,89,0,0.328,-1.3747,
89,58,True,0.483734,-0.7154,none,,,False,,89,0,0.3229,-0.6938,
89,45,True,0.420808,-0.9946,none,,,False,,89,0,0.3148,-0.573,
89,93,True,0.289776,-1.576,cusum,,,True,negative,89,0,0.313,-2.1976,
89,46,True,0.579692,-0.2896,none,,,False,,89,0,0.3115,-1.4147,
89,92,True,0.380983,-1.1713,none,,,False,,89,0,0.3082,-1.7246,
90,42,True,1.227634,2.5664,cusum,,,True,positive,90,0,0.2524,3.2559,
90,75,True,1.073529,1.8763,none,,,False,,90,0,0.291,2.9938,
90,94,True,1.149783,2.2178,cusum,,,True,positive,90,0,0.2449,2.9216,
90,28,True,0.806511,0.6807,cusum,,,True,positive,90,0,0.2446,2.8257,
90,80,True,1.094607,1.9707,cusum,,,True,positive,90,0,0.2454,2.7884,
90,99,True,1.065041,1.8383,cusum,,,True,positive,90,0,0.2451,2.7071,
90,84,True,0.956882,1.354,none,,,False,,90,0,0.2573,2.6452,
90,19,True,0.982778,1.47,none,,,False,,90,0,0.2954,2.5558,
90,1,True,1.081201,1.9107,cusum,,,True,positive,90,0,0.2507,2.4531,
90,39,True,0.799986,0.6514,none,,,False,,90,0,0.2451,1.8161,
90,15,True,0.679169,0.1104,cusum,,,True,positive,90,0,0.2435,1.8109,
90,76,True,0.793608,0.6229,none,,,False,,90,0,0.244,1.7604,
90,91,True,0.71579,0.2744,none,,,False,,90,0,0.0454,0.5697,
90,88,True,0.666797,0.055,none,,,False,,90,0,0.0446,0.4352,
90,40,True,0.846811,0.8611,none,,,False,,90,0,0.0457,0.2816,
90,29,True,0.672753,0.0817,none,,,False,,90,0,0.0511,0.089,
90,22,True,0.645461,-0.0405,none,,,False,,90,0,0.044,0.0596,
90,56,True,0.776852,0.5478,none,,,False,,90,0,0.0473,0.0405,
90,57,True,0.530879,-0.5536,none,,,False,,90,0,0.0457,0.0338,
90,9,True,0.568344,-0.3858,none,,,False,,90,0,0.0457,-0.0253,
90,61,True,0.353036,-1.35,none,,,False,,90,0,0.063,-0.0627,
90,51,True,0.568589,-0.3847,none,,,False,,90,0,0.052,-0.1044,
90,87,True,0.538664,-0.5187,none,,,False,,90,0,0.0639,-0.1287,
90,16,True,0.566141,-0.3957,none,,,False,,90,0,0.0446,-0.1587,
90,68,True,0.507141,-0.6599,none,,,False,,90,0,0.046,-0.1886,
90,31,True,0.505259,-0.6683,none,,,False,,90,0,0.0454,-0.2301,
90,97,True,0.597689,-0.2544,none,,,False,,90,0,0.0473,-0.2458,
90,95,True,0.663553,0.0405,none,,,False,,90,0,0.0483,-0.267,
90,26,True,0.489111,-0.7406,none,,,False,,90,0,0.091,-0.3769,
90,6,True,0.505271,-0.6683,none,,,False,,90,0,0.3451,-1.2659,
90,43,True,0.415472,-1.0704,none,,,False,,90,0,0.3235,-1.0072,
90,58,True,0.471696,-0.8186,cusum,,,True,negative,90,0,0.3185,-1.2077,
90,4,True,0.346803,-1.3779,none,,,False,,90,0,0.3105,-0.7472,
90,93,True,0.303307,-1.5726,none,,,False,,90,0,0.309,-2.058,
90,92,True,0.26842,-1.7289,cusum,,,True,negative,90,0,0.3043,-1.6382,
90,55,True,0.363467,-1.3033,none,,,False,,90,0,0.3037,-1.5553,
91,42,True,1.243558,2.3925,none,,,False,,91,0,0.2519,3.3399,
91,94,True,1.157355,2.0346,none,,,False,,91,0,0.2445,3.1459,
91,75,True,1.077169,1.7017,cusum,,,True,positive,91,0,0.2876,2.957,
91,80,True,1.140648,1.9653,none,,,False,,91,0,0.2451,2.8843,
91,99,True,1.018365,1.4576,none,,,False,,91,0,0.2448,2.8508,
91,1,True,0.991101,1.3444,none,,,False,,91,0,0.2502,2.606,
91,84,True,0.950803,1.1771,cusum,,,True,positive,91,0,0.2566,2.5368,
91,19,True,0.966271,1.2413,cusum,,,True,positive,91,0,0.2918,2.4969,
91,28,True,1.277658,2.5341,none,,,False,,91,0,0.2443,2.4646,
91,39,True,0.817179,0.6224,none,,,False,,91,0,0.2448,1.7945,
91,15,True,0.84228,0.7266,none,,,False,,91,0,0.2432,1.7153,
91,76,True,0.885586,0.9064,none,,,False,,91,0,0.2437,0.7469,
91,91,True,0.721299,0.2243,none,,,False,,91,0,0.0451,0.5431,
91,40,True,0.648315,-0.0786,none,,,False,,91,0,0.0454,0.4488,
91,88,True,0.774032,0.4433,none,,,False,,91,0,0.0443,0.3367,
91,56,True,0.625451,-0.1736,none,,,False,,91,0,0.0469,0.1916,
91,29,True,0.710832,0.1809,none,,,False,,91,0,0.0506,0.0738,
91,22,True,0.754907,0.3639,none,,,False,,91,0,0.0437,0.0368,
91,16,True,0.675054,0.0324,none,,,False,,91,0,0.0443,-0.0319,
91,9,True,0.723116,0.2319,none,,,False,,91,0,0.0454,-0.0683,
91,57,True,0.595984,-0.2959,none,,,False,,91,0,0.0454,-0.1399,
91,51,True,0.422889,-1.0145,none,,,False,,91,0,0.0515,-0.1741,
91,95,True,0.539069,-0.5322,none,,,False,,91,0,0.0479,-0.2346,
91,87,True,0.639122,-0.1168,none,,,False,,91,0,0.063,-0.2627,
91,97,True,0.659465,-0.0324,none,,,False,,91,0,0.0469,-0.2912,
91,68,True,0.612462,-0.2275,none,,,False,,91,0,0.0457,-0.3218,
91,31,True,0.542308,-0.5187,none,,,False,,91,0,0.0451,-0.4443,
91,61,True,0.633278,-0.1411,none,,,False,,91,0,0.0622,-0.4816,
91,26,True,0.554717,-0.4672,none,,,False,,91,0,0.0876,-0.5142,
91,4,True,0.357732,-1.285,cusum,,,True,negative,91,0,0.3456,-1.6967,
91,6,True,0.463299,-0.8467,none,,,False,,91,0,0.3399,-1.0584,
91,43,True,0.464249,-0.8428,none,,,False,,91,0,0.3192,-1.1481,
91,58,True,0.561233,-0.4402,none,,,False,,91,0,0.3144,-1.1429,
91,73,True,0.246828,-1.7454,none,,,False,,91,0,0.3083,-1.4756,
91,44,True,0.42009,-1.0261,none,,,False,,91,0,0.3072,-1.3034,
91,5,True,0.346479,-1.3317,none,,,False,,91,0,0.3059,-0.8893,
92,42,True,1.155707,1.73,cusum,,,True,positive,92,0,0.2514,3.4257,
92,94,True,1.132091,1.6413,cusum,,,True,positive,92,0,0.2442,3.1686,
92,80,True,1.06045,1.3721,cusum,,,True,positive,92,0,0.2448,3.0125,
92,75,True,1.088911,1.4791,none,,,False,,92,0,0.2843,2.9476,
92,28,True,1.015075,1.2016,cusum,,,True,positive,92,0,0.244,2.8973,
92,1,True,1.029035,1.2541,cusum,,,True,positive,92,0,0.2498,2.6941,
92,99,True,1.060369,1.3718,cusum,,,True,positive,92,0,0.2445,2.6825,
92,84,True,1.026847,1.2458,none,,,False,,92,0,0.256,2.56,
92,19,True,0.998681,1.14,none,,,False,,92,0,0.2884,2.4116,
92,15,True,0.802153,0.4015,none,,,False,,92,0,0.2429,1.7426,
92,76,True,0.819817,0.4679,none,,,False,,92,0,0.2434,0.7942,
92,39,True,0.76385,0.2576,none,,,False,,92,0,0.2445,0.7456,
92,91,True,0.724442,0.1095,none,,,False,,92,0,0.0448,0.5792,
92,88,True,0.710497,0.0571,none,,,False,,92,0,0.044,0.4184,
92,40,True,0.833285,0.5185,none,,,False,,92,0,0.0451,0.3601,
92,22,True,0.658528,-0.1381,none,,,False,,92,0,0.0434,0.206,
92,56,True,0.697204,0.0072,none,,,False,,92,0,0.0466,0.1804,
92,29,True,0.67281,-0.0845,none,,,False,,92,0,0.0502,0.1592,
92,9,True,0.521817,-0.6518,none,,,False,,92,0,0.0451,0.0002,
92,16,True,0.808977,0.4272,none,,,False,,92,0,0.044,-0.1057,
92,57,True,0.565667,-0.4871,none,,,False,,92,0,0.0451,-0.1897,
92,87,True,0.572102,-0.4629,none,,,False,,92,0,0.0621,-0.1925,
92,97,True,0.509753,-0.6972,none,,,False,,92,0,0.0466,-0.2076,
92,68,True,0.542784,-0.573,none,,,False,,92,0,0.0453,-0.2831,
92,31,True,0.61109,-0.3164,none,,,False,,92,0,0.0448,-0.4169,
92,95,True,0.73209,0.1383,none,,,False,,92,0,0.0476,-0.4401,
92,61,True,0.693373,-0.0072,none,,,False,,92,0,0.0613,-0.4961,
92,51,True,0.495316,-0.7514,none,,,False,,92,0,0.051,-0.5045,
92,96,True,0.603375,-0.3454,none,,,False,,92,0,0.2951,-0.5139,
92,5,True,0.286202,-1.5372,cusum,,,True,negative,92,0,0.3646,-1.64,
92,4,True,0.269414,-1.6002,none,,,False,,92,0,0.3404,-1.7741,
92,6,True,0.474202,-0.8307,cusum,,,True,negative,92,0,0.335,-1.109,
92,43,True,0.41029,-1.0709,none,,,False,,92,0,0.315,-0.6747,
92,58,True,0.506312,-0.7101,none,,,False,,92,0,0.3104,-1.0538,
92,93,True,0.165006,-1.9926,none,,,False,,92,0,0.3096,-1.9034,
92,46,True,0.438562,-0.9647,none,,,False,,92,0,0.3089,-0.7031,
93,42,True,1.10913,2.2639,none,,,False,,93,0,0.251,3.2971,
93,94,True,1.022793,1.8169,none,,,False,,93,0,0.2439,3.0219,
93,80,True,1.023491,1.8205,none,,,False,,93,0,0.2445,2.8275,
93,75,True,1.03178,1.8634,cusum,,,True,positive,93,0,0.281,2.777,
93,99,True,1.05242,1.9703,none,,,False,,93,0,0.2442,2.6137,
93,1,True,1.018054,1.7924,none,,,False,,93,0,0.2493,2.5682,
93,28,True,1.041538,1.9139,none,,,False,,93,0,0.2436,2.5291,
93,19,True,1.001311,1.7057,none,,,False,,93,0,0.2851,2.3766,
93,84,True,0.857889,0.9631,none,,,False,,93,0,0.2554,2.3327,
93,76,True,0.790062,0.6119,cusum,,,True,positive,93,0,0.2431,1.722,
93,15,True,0.912186,1.2442,none,,,False,,93,0,0.2427,1.4684,
93,39,True,0.846929,0.9063,none,,,False,,93,0,0.2442,0.5682,
93,40,True,0.632357,-0.2046,none,,,False,,93,0,0.0447,0.4922,
93,91,True,0.724822,0.2741,none,,,False,,93,0,0.0445,0.2609,
93,88,True,0.743756,0.3721,none,,,False,,93,0,0.0436,0.2421,
93,56,True,0.703409,0.1632,none,,,False,,93,0,0.0462,0.1878,
93,29,True,0.603818,-0.3524,none,,,False,,93,0,0.0497,0.125,
93,22,True,0.598116,-0.3819,none,,,False,,93,0,0.0431,0.118,
93,16,True,0.741625,0.3611,none,,,False,,93,0,0.0436,0.0783,
93,95,True,0.692222,0.1053,none,,,False,,93,0,0.0472,-0.0558,
93,9,True,0.644045,-0.1441,none,,,False,,93,0,0.0447,-0.2101,
93,97,True,0.607594,-0.3329,none,,,False,,93,0,0.0462,-0.2673,
93,87,True,0.622176,-0.2574,none,,,False,,93,0,0.0613,-0.2839,
93,57,True,0.657096,-0.0766,none,,,False,,93,0,0.0447,-0.387,
93,61,True,0.611408,-0.3131,none,,,False,,93,0,0.0605,-0.4183,
93,68,True,0.538155,-0.6924,none,,,False,,93,0,0.045,-0.4279,
93,31,True,0.591362,-0.4169,none,,,False,,93,0,0.0445,-0.443,
93,96,True,0.630145,-0.2161,none,,,False,,93,0,0.273,-0.5357,
93,34,True,0.545071,-0.6566,none,,,False,,93,0,0.242,-0.5553,
93,5,True,0.316788,-1.8386,none,,,False,,93,0,0.3585,-1.8324,
93,4,True,0.311539,-1.8657,none,,,False,,93,0,0.3355,-1.8032,
93,6,True,0.499558,-0.8922,none,,,False,,93,0,0.3303,-1.1672,
93,43,True,0.504443,-0.8669,cusum,,,True,negative,93,0,0.311,-1.3904,
93,12,True,0.686669,0.0766,none,,,False,,93,0,0.3104,-0.7722,
93,92,True,0.290222,-1.9761,none,,,False,,93,0,0.3096,-1.8008,
93,8,True,0.528558,-0.7421,none,,,False,,93,0,0.3083,-1.1129,
94,42,True,1.210462,3.0,cusum,,,True,positive,94,0,0.2505,3.1956,
94,28,True,0.680881,0.0764,cusum,,,True,positive,94,0,0.2434,2.9398,
94,94,True,1.200857,3.0,cusum,,,True,positive,94,0,0.2436,2.8879,
94,80,True,1.126623,2.6662,cusum,,,True,positive,94,0,0.2441,2.777,
94,75,True,1.051712,2.231,none,,,False,,94,0,0.2779,2.7712,
94,99,True,1.094469,2.4794,cusum,,,True,positive,94,0,0.2439,2.6573,
94,1,True,0.993605,1.8934,none,,,False,,94,0,0.2489,2.5282,
94,19,True,1.035131,2.1346,cusum,,,True,positive,94,0,0.2819,2.4536,
94,84,True,1.001709,1.9404,none,,,False,,94,0,0.2548,2.2016,
94,15,True,0.780346,0.6543,none,,,False,,94,0,0.2424,1.846,
94,76,True,0.73816,0.4092,none,,,False,,94,0,0.2429,1.718,
94,39,True,0.787299,0.6947,cusum,,,True,positive,94,0,0.2439,1.6528,
94,88,True,0.802518,0.7831,none,,,False,,94,0,0.0434,0.3475,
94,16,True,0.778321,0.6425,none,,,False,,94,0,0.0434,0.3302,
94,91,True,0.709363,0.2419,none,,,False,,94,0,0.0441,0.2604,
94,40,True,0.789837,0.7094,none,,,False,,94,0,0.0444,0.1365,
94,56,True,0.654587,-0.0764,none,,,False,,94,0,0.0459,0.0591,
94,22,True,0.695939,0.1639,none,,,False,,94,0,0.0429,0.0038,
94,29,True,0.571792,-0.5574,none,,,False,,94,0,0.0493,-0.0202,
94,95,True,0.654072,-0.0794,none,,,False,,94,0,0.0468,-0.0346,
94,61,True,0.599197,-0.3982,none,,,False,,94,0,0.0598,-0.0737,
94,9,True,0.696174,0.1652,none,,,False,,94,0,0.0444,-0.1299,
94,87,True,0.556438,-0.6466,none,,,False,,94,0,0.0605,-0.1979,
94,57,True,0.625543,-0.2451,none,,,False,,94,0,0.0444,-0.2284,
94,97,True,0.576612,-0.5294,none,,,False,,94,0,0.0459,-0.2939,
94,31,True,0.526831,-0.8187,none,,,False,,94,0,0.0441,-0.3596,
94,68,True,0.466091,-1.1716,none,,,False,,94,0,0.0447,-0.4391,
94,12,True,0.582758,-0.4937,none,,,False,,94,0,0.1469,-0.4876,
94,96,True,0.579944,-0.5101,none,,,False,,94,0,0.2701,-0.4934,
94,5,True,0.380309,-1.67,cusum,,,True,negative,94,0,0.3527,-1.94,
94,8,True,0.538547,-0.7506,cusum,,,True,negative,94,0,0.3413,-1.7925,
94,4,True,0.36244,-1.7738,cusum,,,True,negative,94,0,0.3308,-1.9689,
94,6,True,0.439767,-1.3245,none,,,False,,94,0,0.3258,-1.2448,
94,58,True,0.568485,-0.5767,none,,,False,,94,0,0.3109,-1.0542,
94,23,True,0.556455,-0.6465,none,,,False,,94,0,0.3107,-0.5656,
94,65,True,0.446817,-1.2836,none,,,False,,94,0,0.31,-0.7963,
95,42,True,1.202858,2.448,none,,,False,,95,0,0.25,3.3975,
95,94,True,0.966099,1.3901,none,,,False,,95,0,0.2433,3.2093,
95,80,True,0.982779,1.4646,none,,,False,,95,0,0.2438,3.0103,
95,99,True,0.8665,0.945,none,,,False,,95,0,0.2436,2.9975,
95,75,True,1.125323,2.1015,cusum,,,True,positive,95,0,0.2749,2.9462,
95,19,True,0.990436,1.4988,none,,,False,,95,0,0.2788,2.7499,
95,1,True,1.031532,1.6824,cusum,,,True,positive,95,0,0.2485,2.7106,
95,84,True,0.807451,0.6812,cusum,,,True,positive,95,0,0.2542,2.4553,
95,28,True,1.063104,1.8235,none,,,False,,95,0,0.2431,2.1202,
95,39,True,0.837472,0.8153,none,,,False,,95,0,0.2436,1.6765,
95,76,True,0.888649,1.044,none,,,False,,95,0,0.2426,1.5519,
95,15,True,0.931953,1.2375,none,,,False,,95,0,0.2421,0.8216,
95,16,True,0.792893,0.6161,none,,,False,,95,0,0.0431,0.5332,
95,88,True,0.65279,-0.0099,none,,,False,,95,0,0.0431,0.4604,
95,40,True,0.831519,0.7887,none,,,False,,95,0,0.0441,0.3988,
95,91,True,0.705093,0.2238,none,,,False,,95,0,0.0438,0.2659,
95,95,True,0.692768,0.1687,none,,,False,,95,0,0.0464,0.1158,
95,56,True,0.693339,0.1713,none,,,False,,95,0,0.0455,0.0911,
95,22,True,0.656346,0.006,none,,,False,,95,0,0.0426,-0.0632,
95,9,True,0.653681,-0.006,none,,,False,,95,0,0.0441,-0.1525,
95,61,True,0.590656,-0.2876,none,,,False,,95,0,0.059,-0.1605,
95,57,True,0.574074,-0.3617,none,,,False,,95,0,0.0441,-0.2119,
95,12,True,0.649741,-0.0236,none,,,False,,95,0,0.1418,-0.2291,
95,29,True,0.653382,-0.0073,none,,,False,,95,0,0.0489,-0.2669,
95,96,True,0.564905,-0.4026,none,,,False,,95,0,0.2672,-0.2714,
95,87,True,0.589806,-0.2914,none,,,False,,95,0,0.0597,-0.3756,
95,31,True,0.644611,-0.0465,none,,,False,,95,0,0.0438,-0.46,
95,97,True,0.649525,-0.0245,none,,,False,,95,0,0.0455,-0.4601,
95,65,True,0.423997,-1.0323,cusum,,,True,negative,95,0,0.3657,-1.5455,
95,5,True,0.325346,-1.4731,none,,,False,,95,0,0.3473,-2.0569,
95,8,True,0.50903,-0.6523,none,,,False,,95,0,0.3365,-1.6834,
95,4,True,0.3246,-1.4764,none,,,False,,95,0,0.3264,-2.1348,
95,6,True,0.229591,-1.901,none,,,False,,95,0,0.3216,-1.4067,
95,55,True,0.392913,-1.1712,none,,,False,,95,0,0.314,-1.1612,
95,43,True,0.50556,-0.6678,none,,,False,,95,0,0.3116,-1.3248,
95,70,True,0.509469,-0.6504,none,,,False,,95,0,0.3115,-0.7217,
96,42,True,1.198765,1.9175,cusum,,,True,positive,96,0,0.2496,3.6363,
96,75,True,1.112905,1.6175,none,,,False,,96,0,0.272,3.1523,
96,94,True,1.165493,1.8012,cusum,,,True,positive,96,0,0.243,3.1252,
96,80,True,1.056743,1.4212,cusum,,,True,positive,96,0,0.2435,3.0408,
96,19,True,1.019949,1.2927,cusum,,,True,positive,96,0,0.2758,2.8681,
96,99,True,1.152249,1.755,cusum,,,True,positive,96,0,0.2433,2.8548,
96,1,True,0.988874,1.1841,none,,,False,,96,0,0.2481,2.8529,
96,28,True,1.052737,1.4072,none,,,False,,96,0,0.2428,2.3272,
96,84,True,0.947685,1.0401,none,,,False,,96,0,0.2536,2.2663,
96,15,True,0.757118,0.3742,cusum,,,True,positive,96,0,0.2418,2.0999,
96,39,True,0.854071,0.713,none,,,False,,96,0,0.2433,1.8621,
96,76,True,0.950429,1.0497,none,,,False,,96,0,0.2423,1.7436,
96,16,True,0.468028,-0.636,none,,,False,,96,0,0.0428,0.5958,
96,40,True,0.659368,0.0327,none,,,False,,96,0,0.0438,0.4885,
96,88,True,0.743518,0.3267,none,,,False,,96,0,0.0428,0.4377,
96,91,True,0.756342,0.3715,none,,,False,,96,0,0.0435,0.3036,
96,56,True,0.681691,0.1107,none,,,False,,96,0,0.0452,0.1454,
96,95,True,0.634053,-0.0558,none,,,False,,96,0,0.0461,0.1255,
96,9,True,0.692769,0.1494,none,,,False,,96,0,0.0438,0.0624,
96,22,True,0.640679,-0.0327,none,,,False,,96,0,0.0423,-0.0155,
96,12,True,0.634622,-0.0538,none,,,False,,96,0,0.137,-0.0291,
96,57,True,0.613225,-0.1286,none,,,False,,96,0,0.0438,-0.1704,
96,97,True,0.570423,-0.2782,none,,,False,,96,0,0.0452,-0.2363,
96,29,True,0.671146,0.0738,none,,,False,,96,0,0.0485,-0.2417,
96,61,True,0.559724,-0.3155,none,,,False,,96,0,0.0583,-0.2549,
96,96,True,0.615268,-0.1214,none,,,False,,96,0,0.2644,-0.2918,
96,87,True,0.537934,-0.3917,none,,,False,,96,0,0.059,-0.3194,
96,31,True,0.571113,-0.2757,none,,,False,,96,0,0.0435,-0.3704,
96,65,True,0.402396,-0.8653,none,,,False,,96,0,0.3596,-1.466,
96,5,True,0.370204,-0.9778,cusum,,,True,negative,96,0,0.3422,-2.0393,
96,8,True,0.492184,-0.5516,none,,,False,,96,0,0.3319,-1.1003,
96,4,True,0.304236,-1.2083,cusum,,,True,negative,96,0,0.3222,-2.0962,
96,6,True,0.407066,-0.849,cusum,,,True,negative,96,0,0.3175,-1.766,
96,93,True,0.254921,-1.3806,none,,,False,,96,0,0.3151,-1.6137,
96,73,True,0.313235,-1.1769,none,,,False,,96,0,0.3145,-2.0375,
96,38,True,0.337357,-1.0926,none,,,False,,96,0,0.3114,-0.7934,
97,42,True,1.143389,2.2035,none,,,False,,97,0,0.2492,3.5203,
97,94,True,0.87356,0.9507,none,,,False,,97,0,0.2427,3.1197,
97,75,True,1.105505,2.0276,cusum,,,True,positive,97,0,0.2691,3.0691,
97,80,True,0.998071,1.5288,none,,,False,,97,0,0.2432,2.9073,
97,99,True,0.924859,1.1888,none,,,False,,97,0,0.243,2.7827,
97,19,True,1.080701,1.9125,none,,,False,,97,0,0.2729,2.7291,
97,1,True,0.949031,1.3011,none,,,False,,97,0,0.2477,2.6496,
97,84,True,0.875979,0.9619,none,,,False,,97,0,0.2531,2.2913,
97,28,True,1.044846,1.746,cusum,,,True,positive,97,0,0.2425,2.1579,
97,76,True,0.838011,0.7856,none,,,False,,97,0,0.242,1.8892,
97,15,True,0.916302,1.1491,none,,,False,,97,0,0.2416,1.8096,
97,39,True,0.854819,0.8636,none,,,False,,97,0,0.243,1.7973,
97,40,True,0.748398,0.3695,none,,,False,,97,0,0.0435,0.5672,
97,88,True,0.798148,0.6005,none,,,False,,97,0,0.0425,0.4222,
97,91,True,0.707896,0.1814,none,,,False,,97,0,0.0432,0.3357,
97,16,True,0.630701,-0.177,none,,,False,,97,0,0.0425,0.2631,
97,9,True,0.659707,-0.0423,none,,,False,,97,0,0.0435,0.1599,
97,56,True,0.609794,-0.2741,none,,,False,,97,0,0.0449,0.1274,
97,22,True,0.725062,0.2611,none,,,False,,97,0,0.042,0.1006,
97,95,True,0.663861,-0.023,none,,,False,,97,0,0.0457,0.0714,
97,12,True,0.544713,-0.5763,none,,,False,,97,0,0.1324,-0.0757,
97,29,True,0.596505,-0.3358,none,,,False,,97,0,0.0481,-0.1001,
97,57,True,0.551755,-0.5436,none,,,False,,97,0,0.0435,-0.1882,
97,97,True,0.588104,-0.3748,none,,,False,,97,0,0.0449,-0.2184,
97,61,True,0.555279,-0.5272,none,,,False,,97,0,0.0576,-0.2566,
97,96,True,0.525115,-0.6673,none,,,False,,97,0,0.0619,-0.2614,
97,31,True,0.598677,-0.3257,none,,,False,,97,0,0.0432,-0.3237,
97,26,True,0.673781,0.023,none,,,False,,97,0,0.3065,-0.3397,
97,87,True,0.583835,-0.3946,none,,,False,,97,0,0.0583,-0.3651,
97,38,True,0.192811,-2.2102,cusum,,,True,negative,97,0,0.3663,-1.75,
97,65,True,0.428664,-1.1151,none,,,False,,97,0,0.3539,-1.4313,
97,5,True,0.257698,-1.909,none,,,False,,97,0,0.3374,-1.7558,
97,8,True,0.543189,-0.5833,none,,,False,,97,0,0.3275,-1.0397,
97,4,True,0.301091,-1.7075,none,,,False,,97,0,0.3181,-1.8796,
97,71,True,0.81564,0.6817,none,,,False,,97,0,0.3139,-0.6635,
97,6,True,0.442579,-1.0505,none,,,False,,97,0,0.3136,-1.7539,
98,42,True,1.166687,2.0008,cusum,,,True,positive,98,0,0.2488,3.2542,
98,75,True,1.091578,1.708,none,,,False,,98,0,0.2664,3.0001,
98,28,True,0.984729,1.2916,none,,,False,,98,0,0.2422,2.7141,
98,19,True,0.894217,0.9388,cusum,,,True,positive,98,0,0.2701,2.6537,
98,80,True,1.019677,1.4278,none,,,False,,98,0,0.2429,2.5278,
98,1,True,0.960879,1.1986,cusum,,,True,positive,98,0,0.2473,2.4517,
98,94,True,0.906341,0.9861,none,,,False,,98,0,0.2425,2.4362,
98,99,True,1.04405,1.5228,none,,,False,,98,0,0.2427,2.3522,
98,15,True,0.76145,0.4214,none,,,False,,98,0,0.2413,1.9742,
98,84,True,0.968668,1.229,none,,,False,,98,0,0.2526,1.9644,
98,39,True,0.831287,0.6936,none,,,False,,98,0,0.2427,1.8532,
98,76,True,0.81545,0.6318,none,,,False,,98,0,0.2418,1.0143,
98,40,True,0.768718,0.4497,none,,,False,,98,0,0.0432,0.4536,
98,88,True,0.6749,0.0841,none,,,False,,98,0,0.0422,0.361,
98,91,True,0.802967,0.5832,none,,,False,,98,0,0.0429,0.3152,
98,22,True,0.620126,-0.1294,none,,,False,,98,0,0.0418,0.1327,
98,9,True,0.643,-0.0403,none,,,False,,98,0,0.0432,0.0903,
98,95,True,0.485165,-0.6554,none,,,False,,98,0,0.0454,0.0897,
98,56,True,0.703228,0.1945,none,,,False,,98,0,0.0445,0.0611,
98,71,True,0.642033,-0.044,none,,,False,,98,0,0.1666,0.0019,
98,16,True,0.806855,0.5983,none,,,False,,98,0,0.0422,-0.0104,
98,29,True,0.612801,-0.158,none,,,False,,98,0,0.0477,-0.0268,
98,12,True,0.538372,-0.448,none,,,False,,98,0,0.128,-0.1061,
98,31,True,0.627478,-0.1008,none,,,False,,98,0,0.0429,-0.1597,
98,97,True,0.626558,-0.1043,none,,,False,,98,0,0.0445,-0.1673,
98,87,True,0.572126,-0.3165,none,,,False,,98,0,0.0576,-0.2821,
98,57,True,0.408921,-0.9526,none,,,False,,98,0,0.0432,-0.288,
98,61,True,0.663662,0.0403,none,,,False,,98,0,0.0569,-0.3005,
98,26,True,0.550757,-0.3998,none,,,False,,98,0,0.2853,-0.3037,
98,38,True,0.336531,-1.2347,none,,,False,,98,0,0.3603,-2.0377,
98,65,True,0.462864,-0.7423,none,,,False,,98,0,0.3486,-1.3792,
98,5,True,0.378812,-1.0699,none,,,False,,98,0,0.3328,-1.8386,
98,8,True,0.440942,-0.8278,none,,,False,,98,0,0.3233,-0.9866,
98,58,True,0.380127,-1.0648,none,,,False,,98,0,0.3163,-0.4756,
98,92,True,0.396058,-1.0027,none,,,False,,98,0,0.3156,-2.0274,
98,4,True,0.388028,-1.034,none,,,False,,98,0,0.3142,-1.8598,
99,42,True,1.245981,2.3293,none,,,False,,99,0,0.2483,3.1046,
99,75,True,1.122221,1.8604,cusum,,,True,positive,99,0,0.2637,2.8677,
99,99,True,1.057429,1.6149,cusum,,,True,positive,99,0,0.2424,2.5444,
99,28,True,0.975289,1.3037,none,,,False,,99,0,0.242,2.5365,
99,80,True,1.007698,1.4265,cusum,,,True,positive,99,0,0.2427,2.5152,
99,19,True,0.953715,1.222,none,,,False,,99,0,0.2673,2.4658,
99,94,True,1.016804,1.461,cusum,,,True,positive,99,0,0.2422,2.3012,
99,1,True,1.042773,1.5594,none,,,False,,99,0,0.2469,2.2899,
99,84,True,0.898019,1.011,cusum,,,True,positive,99,0,0.2521,2.1463,
99,76,True,0.859277,0.8642,cusum,,,True,positive,99,0,0.2415,1.8766,
99,15,True,0.729379,0.3721,none,,,False,,99,0,0.2411,1.7018,
99,39,True,0.793448,0.6148,none,,,False,,99,0,0.2424,0.8123,
99,91,True,0.542323,-0.3366,none,,,False,,99,0,0.0427,0.4346,
99,88,True,0.620082,-0.042,none,,,False,,99,0,0.042,0.392,
99,40,True,0.890788,0.9836,none,,,False,,99,0,0.0429,0.3402,
99,71,True,0.680539,0.187,none,,,False,,99,0,0.1606,0.2939,
99,22,True,0.48038,-0.5713,none,,,False,,99,0,0.0415,0.0873,
99,9,True,0.58835,-0.1623,none,,,False,,99,0,0.0429,0.0785,
99,56,True,0.775787,0.5479,none,,,False,,99,0,0.0442,0.0685,
99,16,True,0.800095,0.64,none,,,False,,99,0,0.042,-0.0167,
99,29,True,0.642274,0.042,none,,,False,,99,0,0.0473,-0.0775,
99,31,True,0.541884,-0.3383,none,,,False,,99,0,0.0427,-0.1782,
99,95,True,0.600898,-0.1147,none,,,False,,99,0,0.0451,-0.1854,
99,26,True,0.571297,-0.2269,none,,,False,,99,0,0.2822,-0.1915,
99,61,True,0.491895,-0.5277,none,,,False,,99,0,0.0563,-0.1921,
99,97,True,0.680432,0.1866,none,,,False,,99,0,0.0442,-0.1943,
99,12,True,0.444041,-0.709,none,,,False,,99,0,0.1238,-0.2503,
99,87,True,0.542478,-0.3361,none,,,False,,99,0,0.0569,-0.2913,
99,96,True,0.565356,-0.2494,none,,,False,,99,0,0.0646,-0.3149,
99,38,True,0.283591,-1.3169,cusum,,,True,negative,99,0,0.3546,-1.8834,
99,65,True,0.373858,-0.9749,cusum,,,True,negative,99,0,0.3435,-1.2863,
99,5,True,0.300339,-1.2535,cusum,,,True,negative,99,0,0.3285,-1.7071,
99,8,True,0.43457,-0.7449,none,,,False,,99,0,0.3192,-0.5476,
99,43,True,0.474437,-0.5938,none,,,False,,99,0,0.3168,-0.7686,
99,74,True,0.41614,-0.8147,none,,,False,,99,0,0.3154,-0.7447,
99,6,True,0.433312,-0.7497,none,,,False,,99,0,0.314,-1.6648,
100,42,True,1.243723,3.0,cusum,,,True,positive,100,0,0.248,3.2414,
100,75,True,1.153533,2.905,none,,,False,,100,0,0.261,2.9476,
100,80,True,1.091335,2.5608,none,,,False,,100,0,0.2424,2.5166,
100,28,True,0.858076,1.2698,cusum,,,True,positive,100,0,0.2417,2.5017,
100,99,True,1.020717,2.17,none,,,False,,100,0,0.2422,2.4974,
100,19,True,0.933426,1.6868,none,,,False,,100,0,0.2646,2.4411,
100,1,True,0.971394,1.897,none,,,False,,100,0,0.2466,2.4146,
100,94,True,1.118872,2.7132,none,,,False,,100,0,0.2419,2.1875,
100,84,True,0.920599,1.6158,none,,,False,,100,0,0.2516,2.136,
100,76,True,0.973947,1.9111,none,,,False,,100,0,0.2412,1.8145,
100,39,True,0.837754,1.1573,cusum,,,True,positive,100,0,0.2422,1.7792,
100,15,True,0.663818,0.1946,none,,,False,,100,0,0.2408,1.7008,
100,40,True,0.668081,0.2182,none,,,False,,100,0,0.0426,0.6568,
100,16,True,0.698324,0.3856,none,,,False,,100,0,0.0417,0.4083,
100,71,True,0.665928,0.2063,none,,,False,,100,0,0.155,0.404,
100,88,True,0.695513,0.37,none,,,False,,100,0,0.0417,0.2687,
100,56,True,0.702753,0.4101,none,,,False,,100,0,0.0439,0.2138,
100,91,True,0.449919,-0.9893,none,,,False,,100,0,0.0424,0.1982,
100,9,True,0.482115,-0.8111,none,,,False,,100,0,0.0426,-0.0257,
100,97,True,0.600269,-0.1571,none,,,False,,100,0,0.0439,-0.0398,
100,29,True,0.619476,-0.0508,none,,,False,,100,0,0.0469,-0.0886,
100,22,True,0.637835,0.0508,none,,,False,,100,0,0.0412,-0.0926,
100,26,True,0.531465,-0.5379,none,,,False,,100,0,0.2793,-0.1128,
100,31,True,0.605263,-0.1295,none,,,False,,100,0,0.0424,-0.1994,
100,95,True,0.551792,-0.4254,none,,,False,,100,0,0.0447,-0.2055,
100,61,True,0.580829,-0.2647,none,,,False,,100,0,0.0557,-0.2637,
100,96,True,0.581995,-0.2583,none,,,False,,100,0,0.0603,-0.2649,
100,87,True,0.546035,-0.4573,none,,,False,,100,0,0.0563,-0.2737,
100,12,True,0.606784,-0.1211,none,,,False,,100,0,0.1198,-0.4712,
100,38,True,0.417769,-1.1672,none,,,False,,100,0,0.3493,-1.9623,
100,65,True,0.480769,-0.8185,none,,,False,,100,0,0.3388,-1.3263,
100,5,True,0.418278,-1.1644,none,,,False,,100,0,0.3243,-1.8017,
100,8,True,0.563441,-0.3609,none,,,False,,100,0,0.3154,-0.6144,
100,4,True,0.413646,-1.19,none,,,False,,100,0,0.3146,-1.7145,
100,83,True,0.565205,-0.3512,none,,,False,,100,0,0.3143,-0.5576,
100,93,True,0.264513,-2.0154,none,,,False,,100,0,0.3132,-2.0506,
