round,client_id,selected,utility,normalized_utility,detector,cusum_pos,cusum_neg,change_detected,change_direction,last_seen,age,explore_score,exploit_score,final_score
1,66,True,0.244558,0.2446,none,,,False,,1,0,,,
1,50,True,0.119621,0.1196,none,,,False,,1,0,,,
1,3,True,0.813879,0.8139,none,,,False,,1,0,,,
1,23,True,0.03595,0.0359,none,,,False,,1,0,,,
1,31,True,0.898916,0.8989,none,,,False,,1,0,,,
1,74,True,0.675996,0.676,none,,,False,,1,0,,,
1,92,True,0.231389,0.2314,none,,,False,,1,0,,,
1,97,True,0.071012,0.071,none,,,False,,1,0,,,
1,96,True,0.560455,0.5605,none,,,False,,1,0,,,
1,19,True,0.154058,0.1541,none,,,False,,1,0,,,
1,25,True,0.395719,0.3957,none,,,False,,1,0,,,
1,46,True,0.642112,0.6421,none,,,False,,1,0,,,
1,82,True,0.046287,0.0463,none,,,False,,1,0,,,
1,88,True,0.047031,0.047,none,,,False,,1,0,,,
1,34,True,0.375564,0.3756,none,,,False,,1,0,,,
1,14,True,0.038213,0.0382,none,,,False,,1,0,,,
1,1,True,0.650524,0.6505,none,,,False,,1,0,,,
1,69,True,0.15213,0.1521,none,,,False,,1,0,,,
1,38,True,0.892583,0.8926,none,,,False,,1,0,,,
1,49,True,0.525786,0.5258,none,,,False,,1,0,,,
1,39,True,0.293493,0.2935,none,,,False,,1,0,,,
1,42,True,0.051728,0.0517,none,,,False,,1,0,,,
1,18,True,0.430134,0.4301,none,,,False,,1,0,,,
1,60,True,0.363808,0.3638,none,,,False,,1,0,,,
1,22,True,0.109181,0.1092,none,,,False,,1,0,,,
2,54,True,0.270029,0.27,none,,,False,,2,0,,,
2,98,True,0.244657,0.2447,none,,,False,,2,0,,,
2,9,True,0.929026,0.929,none,,,False,,2,0,,,
2,8,True,0.645596,0.6456,none,,,False,,2,0,,,
2,88,True,0.252597,0.2526,none,,,False,,2,0,,,
2,45,True,0.285524,0.2855,none,,,False,,2,0,,,
2,2,True,0.219837,0.2198,none,,,False,,2,0,,,
2,53,True,0.556256,0.5563,none,,,False,,2,0,,,
2,49,True,0.769845,0.7698,none,,,False,,2,0,,,
2,4,True,0.240769,0.2408,none,,,False,,2,0,,,
2,92,True,0.533544,0.5335,none,,,False,,2,0,,,
2,11,True,0.604222,0.6042,none,,,False,,2,0,,,
2,59,True,1.363897,1.3639,none,,,False,,2,0,,,
2,13,True,0.571641,0.5716,none,,,False,,2,0,,,
2,29,True,0.119585,0.1196,none,,,False,,2,0,,,
2,3,True,0.911986,0.912,none,,,False,,2,0,,,
2,34,True,0.815368,0.8154,none,,,False,,2,0,,,
2,10,True,1.442772,1.4428,none,,,False,,2,0,,,
2,69,True,0.388894,0.3889,none,,,False,,2,0,,,
2,83,True,0.294061,0.2941,none,,,False,,2,0,,,
2,73,True,0.390309,0.3903,none,,,False,,2,0,,,
2,62,True,0.432689,0.4327,none,,,False,,2,0,,,
2,75,True,0.301263,0.3013,none,,,False,,2,0,,,
2,26,True,0.22957,0.2296,none,,,False,,2,0,,,
2,42,True,0.22963,0.2296,none,,,False,,2,0,,,
3,64,True,0.581875,0.5819,none,,,False,,3,0,,,
3,41,True,0.403485,0.4035,none,,,False,,3,0,,,
3,33,True,0.413052,0.4131,none,,,False,,3,0,,,
3,74,True,0.778486,0.7785,none,,,False,,3,0,,,
3,13,True,0.54475,0.5448,none,,,False,,3,0,,,
3,76,True,0.455435,0.4554,none,,,False,,3,0,,,
3,63,True,0.741773,0.7418,none,,,False,,3,0,,,
3,6,True,0.788934,0.7889,none,,,False,,3,0,,,
3,97,True,0.67698,0.677,none,,,False,,3,0,,,
3,52,True,0.527694,0.5277,none,,,False,,3,0,,,
3,12,True,0.685315,0.6853,none,,,False,,3,0,,,
3,80,True,0.539892,0.5399,none,,,False,,3,0,,,
3,75,True,0.465802,0.4658,none,,,False,,3,0,,,
3,0,True,0.714687,0.7147,none,,,False,,3,0,,,
3,99,True,0.990169,0.9902,none,,,False,,3,0,,,
3,87,True,0.344884,0.3449,none,,,False,,3,0,,,
3,55,True,0.220319,0.2203,none,,,False,,3,0,,,
3,53,True,0.481123,0.4811,none,,,False,,3,0,,,
3,50,True,0.520224,0.5202,none,,,False,,3,0,,,
3,34,True,0.430415,0.4304,none,,,False,,3,0,,,
3,29,True,0.306109,0.3061,none,,,False,,3,0,,,
3,85,True,0.287766,0.2878,none,,,False,,3,0,,,
3,16,True,0.907328,0.9073,none,,,False,,3,0,,,
3,25,True,0.497848,0.4978,none,,,False,,3,0,,,
3,73,True,0.489613,0.4896,none,,,False,,3,0,,,
4,82,True,0.421831,0.4218,none,,,False,,4,0,,,
4,66,True,0.584454,0.5845,none,,,False,,4,0,,,
4,92,True,0.662315,0.6623,none,,,False,,4,0,,,
4,53,True,0.734178,0.7342,none,,,False,,4,0,,,
4,21,True,0.417955,0.418,none,,,False,,4,0,,,
4,39,True,0.446835,0.4468,none,,,False,,4,0,,,
4,57,True,0.461271,0.4613,none,,,False,,4,0,,,
4,52,True,0.471961,0.472,none,,,False,,4,0,,,
4,67,True,0.768556,0.7686,none,,,False,,4,0,,,
4,50,True,0.503789,0.5038,none,,,False,,4,0,,,
4,14,True,0.180362,0.1804,none,,,False,,4,0,,,
4,78,True,0.246582,0.2466,none,,,False,,4,0,,,
4,44,True,0.666185,0.6662,none,,,False,,4,0,,,
4,81,True,0.729939,0.7299,none,,,False,,4,0,,,
4,80,True,0.531022,0.531,none,,,False,,4,0,,,
4,89,True,0.499048,0.499,none,,,False,,4,0,,,
4,79,True,0.487474,0.4875,none,,,False,,4,0,,,
4,36,True,0.353134,0.3531,none,,,False,,4,0,,,
4,35,True,0.47046,0.4705,none,,,False,,4,0,,,
4,88,True,0.599021,0.599,none,,,False,,4,0,,,
4,61,True,0.494292,0.4943,none,,,False,,4,0,,,
4,90,True,0.521976,0.522,none,,,False,,4,0,,,
4,48,True,0.453984,0.454,none,,,False,,4,0,,,
4,87,True,0.349001,0.349,none,,,False,,4,0,,,
4,22,True,0.470184,0.4702,none,,,False,,4,0,,,
5,49,True,0.674349,0.6743,none,,,False,,5,0,,,
5,88,True,0.457348,0.4573,none,,,False,,5,0,,,
5,55,True,0.354665,0.3547,none,,,False,,5,0,,,
5,67,True,0.793525,0.7935,none,,,False,,5,0,,,
5,95,True,0.56097,0.561,none,,,False,,5,0,,,
5,65,True,0.589604,0.5896,none,,,False,,5,0,,,
5,97,True,0.455811,0.4558,none,,,False,,5,0,,,
5,47,True,0.336396,0.3364,none,,,False,,5,0,,,
5,59,True,1.29021,1.2902,none,,,False,,5,0,,,
5,29,True,0.265825,0.2658,none,,,False,,5,0,,,
5,90,True,0.582639,0.5826,none,,,False,,5,0,,,
5,66,True,0.593998,0.594,none,,,False,,5,0,,,
5,33,True,0.53174,0.5317,none,,,False,,5,0,,,
5,36,True,0.390273,0.3903,none,,,False,,5,0,,,
5,23,True,0.394712,0.3947,none,,,False,,5,0,,,
5,73,True,0.391937,0.3919,none,,,False,,5,0,,,
5,91,True,0.476622,0.4766,none,,,False,,5,0,,,
5,39,True,0.726952,0.727,none,,,False,,5,0,,,
5,50,True,0.430341,0.4303,none,,,False,,5,0,,,
5,75,True,0.530777,0.5308,none,,,False,,5,0,,,
5,82,True,0.360015,0.36,none,,,False,,5,0,,,
5,18,True,0.352159,0.3522,none,,,False,,5,0,,,
5,81,True,0.568975,0.569,none,,,False,,5,0,,,
5,20,True,0.197134,0.1971,none,,,False,,5,0,,,
5,77,True,0.53401,0.534,none,,,False,,5,0,,,
6,22,True,0.562807,0.5628,none,,,False,,6,0,,,
6,7,True,0.529616,0.5296,none,,,False,,6,0,,,
6,81,True,0.579045,0.579,none,,,False,,6,0,,,
6,52,True,0.367773,0.3678,none,,,False,,6,0,,,
6,5,True,1.03478,1.0348,none,,,False,,6,0,,,
6,33,True,0.447612,0.4476,none,,,False,,6,0,,,
6,53,True,0.98536,0.9854,none,,,False,,6,0,,,
6,43,True,0.740339,0.7403,none,,,False,,6,0,,,
6,76,True,0.466648,0.4666,none,,,False,,6,0,,,
6,47,True,0.34092,0.3409,none,,,False,,6,0,,,
6,84,True,0.401055,0.4011,none,,,False,,6,0,,,
6,61,True,0.219838,0.2198,none,,,False,,6,0,,,
6,41,True,0.552193,0.5522,none,,,False,,6,0,,,
6,14,True,0.188271,0.1883,none,,,False,,6,0,,,
6,13,True,0.626485,0.6265,none,,,False,,6,0,,,
6,58,True,0.543915,0.5439,none,,,False,,6,0,,,
6,75,True,0.433081,0.4331,none,,,False,,6,0,,,
6,45,True,0.302548,0.3025,none,,,False,,6,0,,,
6,98,True,0.286255,0.2863,none,,,False,,6,0,,,
6,88,True,0.347056,0.3471,none,,,False,,6,0,,,
6,9,True,1.002639,1.0026,none,,,False,,6,0,,,
6,51,True,0.522856,0.5229,none,,,False,,6,0,,,
6,39,True,0.852993,0.853,none,,,False,,6,0,,,
6,15,True,0.577227,0.5772,none,,,False,,6,0,,,
6,48,True,0.212216,0.2122,none,,,False,,6,0,,,
7,62,True,0.381009,0.381,none,,,False,,7,0,,,
7,68,True,0.818343,0.8183,none,,,False,,7,0,,,
7,83,True,0.395497,0.3955,none,,,False,,7,0,,,
7,76,True,0.388628,0.3886,none,,,False,,7,0,,,
7,44,True,0.552673,0.5527,none,,,False,,7,0,,,
7,54,True,0.360388,0.3604,none,,,False,,7,0,,,
7,16,True,0.743272,0.7433,none,,,False,,7,0,,,
7,11,True,0.702838,0.7028,none,,,False,,7,0,,,
7,67,True,0.883109,0.8831,none,,,False,,7,0,,,
7,23,True,0.382667,0.3827,none,,,False,,7,0,,,
7,8,True,0.725862,0.7259,none,,,False,,7,0,,,
7,4,True,0.492329,0.4923,none,,,False,,7,0,,,
7,79,True,0.378084,0.3781,none,,,False,,7,0,,,
7,89,True,0.527803,0.5278,none,,,False,,7,0,,,
7,97,True,0.700304,0.7003,none,,,False,,7,0,,,
7,14,True,0.202107,0.2021,none,,,False,,7,0,,,
7,71,True,0.775113,0.7751,none,,,False,,7,0,,,
7,50,True,0.578328,0.5783,none,,,False,,7,0,,,
7,33,True,0.584914,0.5849,none,,,False,,7,0,,,
7,63,True,1.05883,1.0588,none,,,False,,7,0,,,
7,98,True,0.465723,0.4657,none,,,False,,7,0,,,
7,51,True,0.281562,0.2816,none,,,False,,7,0,,,
7,94,True,0.688887,0.6889,none,,,False,,7,0,,,
7,95,True,0.7601,0.7601,none,,,False,,7,0,,,
7,58,True,0.416703,0.4167,none,,,False,,7,0,,,
8,98,True,0.194217,0.1942,none,,,False,,8,0,,,
8,16,True,0.760021,0.76,none,,,False,,8,0,,,
8,87,True,0.36195,0.3619,none,,,False,,8,0,,,
8,72,True,0.299929,0.2999,none,,,False,,8,0,,,
8,97,True,0.496246,0.4962,none,,,False,,8,0,,,
8,50,True,0.371056,0.3711,none,,,False,,8,0,,,
8,41,True,0.49909,0.4991,none,,,False,,8,0,,,
8,73,True,0.595555,0.5956,none,,,False,,8,0,,,
8,35,True,0.487146,0.4871,none,,,False,,8,0,,,
8,13,True,0.800115,0.8001,none,,,False,,8,0,,,
8,21,True,0.401768,0.4018,none,,,False,,8,0,,,
8,38,True,1.049818,1.0498,none,,,False,,8,0,,,
8,26,True,0.204854,0.2049,none,,,False,,8,0,,,
8,76,True,0.276427,0.2764,none,,,False,,8,0,,,
8,91,True,0.370233,0.3702,none,,,False,,8,0,,,
8,1,True,0.675904,0.6759,none,,,False,,8,0,,,
8,82,True,0.394683,0.3947,none,,,False,,8,0,,,
8,94,True,0.73159,0.7316,none,,,False,,8,0,,,
8,61,True,0.544703,0.5447,none,,,False,,8,0,,,
8,6,True,0.17014,0.1701,none,,,False,,8,0,,,
8,62,True,0.362489,0.3625,none,,,False,,8,0,,,
8,9,True,1.041384,1.0414,none,,,False,,8,0,,,
8,18,True,0.396169,0.3962,none,,,False,,8,0,,,
8,29,True,0.279203,0.2792,none,,,False,,8,0,,,
8,63,True,0.92571,0.9257,none,,,False,,8,0,,,
9,58,True,0.523727,0.5237,none,,,False,,9,0,,,
9,79,True,0.405418,0.4054,none,,,False,,9,0,,,
9,69,True,0.418799,0.4188,none,,,False,,9,0,,,
9,64,True,0.547757,0.5478,none,,,False,,9,0,,,
9,53,True,0.735748,0.7357,none,,,False,,9,0,,,
9,26,True,0.360567,0.3606,none,,,False,,9,0,,,
9,0,True,0.776007,0.776,none,,,False,,9,0,,,
9,61,True,0.643286,0.6433,none,,,False,,9,0,,,
9,87,True,0.331426,0.3314,none,,,False,,9,0,,,
9,67,True,0.760466,0.7605,none,,,False,,9,0,,,
9,52,True,0.538411,0.5384,none,,,False,,9,0,,,
9,88,True,0.565556,0.5656,none,,,False,,9,0,,,
9,3,True,1.022521,1.0225,none,,,False,,9,0,,,
9,68,True,0.647752,0.6478,none,,,False,,9,0,,,
9,60,True,0.636035,0.636,none,,,False,,9,0,,,
9,81,True,0.61879,0.6188,none,,,False,,9,0,,,
9,42,True,0.398976,0.399,none,,,False,,9,0,,,
9,62,True,0.580306,0.5803,none,,,False,,9,0,,,
9,11,True,0.588554,0.5886,none,,,False,,9,0,,,
9,8,True,0.705715,0.7057,none,,,False,,9,0,,,
9,43,True,0.86163,0.8616,none,,,False,,9,0,,,
9,40,True,0.28037,0.2804,none,,,False,,9,0,,,
9,29,True,0.315785,0.3158,none,,,False,,9,0,,,
9,37,True,0.235115,0.2351,none,,,False,,9,0,,,
9,9,True,0.704167,0.7042,none,,,False,,9,0,,,
10,36,True,0.295404,0.2954,none,,,False,,10,0,,,
10,2,True,0.644342,0.6443,none,,,False,,10,0,,,
10,19,True,0.569155,0.5692,none,,,False,,10,0,,,
10,67,True,0.694826,0.6948,none,,,False,,10,0,,,
10,63,True,0.859141,0.8591,none,,,False,,10,0,,,
10,10,True,1.476422,1.4764,none,,,False,,10,0,,,
10,9,True,0.771556,0.7716,none,,,False,,10,0,,,
10,22,True,0.363928,0.3639,none,,,False,,10,0,,,
10,0,True,0.789605,0.7896,none,,,False,,10,0,,,
10,71,True,0.66576,0.6658,none,,,False,,10,0,,,
10,28,True,0.249296,0.2493,none,,,False,,10,0,,,
10,38,True,0.922627,0.9226,none,,,False,,10,0,,,
10,31,True,1.116983,1.117,none,,,False,,10,0,,,
10,86,True,0.578887,0.5789,none,,,False,,10,0,,,
10,39,True,0.628728,0.6287,none,,,False,,10,0,,,
10,99,True,1.05619,1.0562,none,,,False,,10,0,,,
10,27,True,0.596104,0.5961,none,,,False,,10,0,,,
10,11,True,0.590621,0.5906,none,,,False,,10,0,,,
10,29,True,0.301586,0.3016,none,,,False,,10,0,,,
10,96,True,0.661765,0.6618,none,,,False,,10,0,,,
10,74,True,0.745205,0.7452,none,,,False,,10,0,,,
10,89,True,0.542386,0.5424,none,,,False,,10,0,,,
10,61,True,0.381241,0.3812,none,,,False,,10,0,,,
10,87,True,0.382348,0.3823,none,,,False,,10,0,,,
10,7,True,0.527853,0.5279,none,,,False,,10,0,,,
11,2,True,0.66549,0.6655,none,,,False,,11,0,,,
11,40,True,0.277974,0.278,none,,,False,,11,0,,,
11,4,True,0.497528,0.4975,none,,,False,,11,0,,,
11,29,True,0.351108,0.3511,none,,,False,,11,0,,,
11,26,True,0.287569,0.2876,none,,,False,,11,0,,,
11,61,True,0.677498,0.6775,none,,,False,,11,0,,,
11,68,True,0.69256,0.6926,none,,,False,,11,0,,,
11,27,True,0.719317,0.7193,none,,,False,,11,0,,,
11,37,True,0.455765,0.4558,none,,,False,,11,0,,,
11,24,True,0.776384,0.7764,none,,,False,,11,0,,,
11,92,True,0.722908,0.7229,none,,,False,,11,0,,,
11,22,True,0.462346,0.4623,none,,,False,,11,0,,,
11,67,True,0.713208,0.7132,none,,,False,,11,0,,,
11,36,True,0.4343,0.4343,none,,,False,,11,0,,,
11,82,True,0.375344,0.3753,none,,,False,,11,0,,,
11,30,True,0.742206,0.7422,none,,,False,,11,0,,,
11,19,True,0.734171,0.7342,none,,,False,,11,0,,,
11,53,True,0.802458,0.8025,none,,,False,,11,0,,,
11,46,True,0.732054,0.7321,none,,,False,,11,0,,,
11,6,True,0.762118,0.7621,none,,,False,,11,0,,,
11,58,True,0.632664,0.6327,none,,,False,,11,0,,,
11,1,True,0.643727,0.6437,none,,,False,,11,0,,,
11,87,True,0.322438,0.3224,none,,,False,,11,0,,,
11,47,True,0.418593,0.4186,none,,,False,,11,0,,,
11,16,True,1.066203,1.0662,none,,,False,,11,0,,,
12,28,True,0.224249,0.2242,none,,,False,,12,0,,,
12,76,True,0.294323,0.2943,none,,,False,,12,0,,,
12,58,True,0.527629,0.5276,none,,,False,,12,0,,,
12,82,True,0.400305,0.4003,none,,,False,,12,0,,,
12,77,True,0.451988,0.452,none,,,False,,12,0,,,
12,97,True,0.455763,0.4558,none,,,False,,12,0,,,
12,19,True,0.566651,0.5667,none,,,False,,12,0,,,
12,99,True,1.06321,1.0632,none,,,False,,12,0,,,
12,45,True,0.32414,0.3241,none,,,False,,12,0,,,
12,12,True,1.017218,1.0172,none,,,False,,12,0,,,
12,38,True,1.140415,1.1404,none,,,False,,12,0,,,
12,78,True,0.196844,0.1968,none,,,False,,12,0,,,
12,27,True,0.761265,0.7613,none,,,False,,12,0,,,
12,74,True,0.507246,0.5072,none,,,False,,12,0,,,
12,37,True,0.309061,0.3091,none,,,False,,12,0,,,
12,96,True,0.81356,0.8136,none,,,False,,12,0,,,
12,33,True,0.600434,0.6004,none,,,False,,12,0,,,
12,55,True,0.335918,0.3359,none,,,False,,12,0,,,
12,36,True,0.344219,0.3442,none,,,False,,12,0,,,
12,59,True,1.461057,1.4611,none,,,False,,12,0,,,
12,22,True,0.471299,0.4713,none,,,False,,12,0,,,
12,11,True,0.4412,0.4412,none,,,False,,12,0,,,
12,14,True,0.248462,0.2485,none,,,False,,12,0,,,
12,88,True,0.398167,0.3982,none,,,False,,12,0,,,
12,62,True,0.501229,0.5012,none,,,False,,12,0,,,
13,62,True,0.365734,0.3657,none,,,False,,13,0,,,
13,33,True,0.28219,0.2822,none,,,False,,13,0,,,
13,37,True,0.547642,0.5476,none,,,False,,13,0,,,
13,23,True,0.336929,0.3369,none,,,False,,13,0,,,
13,88,True,0.500593,0.5006,none,,,False,,13,0,,,
13,28,True,0.246686,0.2467,none,,,False,,13,0,,,
13,79,True,0.455121,0.4551,none,,,False,,13,0,,,
13,27,True,0.491892,0.4919,none,,,False,,13,0,,,
13,22,True,0.497882,0.4979,none,,,False,,13,0,,,
13,41,True,0.490002,0.49,none,,,False,,13,0,,,
13,60,True,0.520044,0.52,none,,,False,,13,0,,,
13,98,True,0.184782,0.1848,none,,,False,,13,0,,,
13,73,True,0.330831,0.3308,none,,,False,,13,0,,,
13,97,True,0.460082,0.4601,none,,,False,,13,0,,,
13,91,True,0.35186,0.3519,none,,,False,,13,0,,,
13,63,True,0.920642,0.9206,none,,,False,,13,0,,,
13,75,True,0.53244,0.5324,none,,,False,,13,0,,,
13,50,True,0.379083,0.3791,none,,,False,,13,0,,,
13,94,True,0.638851,0.6389,none,,,False,,13,0,,,
13,7,True,0.700707,0.7007,none,,,False,,13,0,,,
13,87,True,0.369024,0.369,none,,,False,,13,0,,,
13,42,True,0.430743,0.4307,none,,,False,,13,0,,,
13,20,True,0.19656,0.1966,none,,,False,,13,0,,,
13,34,True,0.379345,0.3793,none,,,False,,13,0,,,
13,58,True,0.446073,0.4461,none,,,False,,13,0,,,
14,33,True,0.50215,0.5021,none,,,False,,14,0,,,
14,86,True,0.492793,0.4928,none,,,False,,14,0,,,
14,96,True,0.730436,0.7304,none,,,False,,14,0,,,
14,1,True,0.596492,0.5965,none,,,False,,14,0,,,
14,12,True,0.845891,0.8459,none,,,False,,14,0,,,
14,14,True,0.178742,0.1787,none,,,False,,14,0,,,
14,85,True,0.326629,0.3266,none,,,False,,14,0,,,
14,64,True,0.463132,0.4631,none,,,False,,14,0,,,
14,20,True,0.214663,0.2147,none,,,False,,14,0,,,
14,69,True,0.312551,0.3126,none,,,False,,14,0,,,
14,89,True,0.443401,0.4434,none,,,False,,14,0,,,
14,62,True,0.449787,0.4498,none,,,False,,14,0,,,
14,59,True,1.028648,1.0286,none,,,False,,14,0,,,
14,79,True,0.593185,0.5932,none,,,False,,14,0,,,
14,13,True,0.528817,0.5288,none,,,False,,14,0,,,
14,60,True,0.473269,0.4733,none,,,False,,14,0,,,
14,6,True,0.642051,0.6421,none,,,False,,14,0,,,
14,11,True,0.51763,0.5176,none,,,False,,14,0,,,
14,47,True,0.304862,0.3049,none,,,False,,14,0,,,
14,72,True,0.274147,0.2741,none,,,False,,14,0,,,
14,7,True,0.509638,0.5096,none,,,False,,14,0,,,
14,49,True,0.674254,0.6743,none,,,False,,14,0,,,
14,68,True,0.602559,0.6026,none,,,False,,14,0,,,
14,38,True,1.267467,1.2675,none,,,False,,14,0,,,
14,80,True,0.482875,0.4829,none,,,False,,14,0,,,
15,58,True,0.516348,0.5163,none,,,False,,15,0,,,
15,83,True,0.321777,0.3218,none,,,False,,15,0,,,
15,69,True,0.319906,0.3199,none,,,False,,15,0,,,
15,82,True,0.382694,0.3827,none,,,False,,15,0,,,
15,42,True,0.443924,0.4439,none,,,False,,15,0,,,
15,59,True,1.04059,1.0406,none,,,False,,15,0,,,
15,63,True,0.933887,0.9339,none,,,False,,15,0,,,
15,2,True,0.225882,0.2259,none,,,False,,15,0,,,
15,41,True,0.477768,0.4778,none,,,False,,15,0,,,
15,35,True,0.371807,0.3718,none,,,False,,15,0,,,
15,46,True,0.701478,0.7015,none,,,False,,15,0,,,
15,20,True,0.195947,0.1959,none,,,False,,15,0,,,
15,25,True,0.490436,0.4904,none,,,False,,15,0,,,
15,14,True,0.147512,0.1475,none,,,False,,15,0,,,
15,98,True,0.262234,0.2622,none,,,False,,15,0,,,
15,75,True,0.468762,0.4688,none,,,False,,15,0,,,
15,0,True,0.636052,0.6361,none,,,False,,15,0,,,
15,6,True,0.718304,0.7183,none,,,False,,15,0,,,
15,92,True,0.626865,0.6269,none,,,False,,15,0,,,
15,54,True,0.195917,0.1959,none,,,False,,15,0,,,
15,53,True,0.764318,0.7643,none,,,False,,15,0,,,
15,51,True,0.454921,0.4549,none,,,False,,15,0,,,
15,64,True,0.581246,0.5812,none,,,False,,15,0,,,
15,80,True,0.507062,0.5071,none,,,False,,15,0,,,
15,29,True,0.300212,0.3002,none,,,False,,15,0,,,
16,85,True,0.333768,0.3338,none,,,False,,16,0,,,
16,49,True,0.863692,0.8637,none,,,False,,16,0,,,
16,25,True,0.433593,0.4336,none,,,False,,16,0,,,
16,45,True,0.316581,0.3166,none,,,False,,16,0,,,
16,30,True,0.840359,0.8404,none,,,False,,16,0,,,
16,76,True,0.435771,0.4358,none,,,False,,16,0,,,
16,0,True,0.734871,0.7349,none,,,False,,16,0,,,
16,64,True,0.611326,0.6113,none,,,False,,16,0,,,
16,24,True,0.942901,0.9429,none,,,False,,16,0,,,
16,77,True,0.691846,0.6918,none,,,False,,16,0,,,
16,88,True,0.660978,0.661,none,,,False,,16,0,,,
16,7,True,0.824138,0.8241,none,,,False,,16,0,,,
16,69,True,0.254862,0.2549,none,,,False,,16,0,,,
16,5,True,1.046146,1.0461,none,,,False,,16,0,,,
16,17,True,0.45884,0.4588,none,,,False,,16,0,,,
16,26,True,0.372043,0.372,none,,,False,,16,0,,,
16,90,True,0.598144,0.5981,none,,,False,,16,0,,,
16,82,True,0.372278,0.3723,none,,,False,,16,0,,,
16,54,True,0.28222,0.2822,none,,,False,,16,0,,,
16,66,True,0.606313,0.6063,none,,,False,,16,0,,,
16,65,True,0.733997,0.734,none,,,False,,16,0,,,
16,71,True,0.590951,0.591,none,,,False,,16,0,,,
16,1,True,0.660971,0.661,none,,,False,,16,0,,,
16,60,True,0.560296,0.5603,none,,,False,,16,0,,,
16,50,True,0.576267,0.5763,none,,,False,,16,0,,,
17,67,True,0.66349,0.6635,none,,,False,,17,0,,,
17,65,True,0.584777,0.5848,none,,,False,,17,0,,,
17,22,True,0.428503,0.4285,none,,,False,,17,0,,,
17,78,True,0.240932,0.2409,none,,,False,,17,0,,,
17,92,True,0.749243,0.7492,none,,,False,,17,0,,,
17,1,True,0.495908,0.4959,none,,,False,,17,0,,,
17,38,True,0.966458,0.9665,none,,,False,,17,0,,,
17,88,True,0.336451,0.3365,none,,,False,,17,0,,,
17,83,True,0.312548,0.3125,none,,,False,,17,0,,,
17,75,True,0.390337,0.3903,none,,,False,,17,0,,,
17,89,True,0.523077,0.5231,none,,,False,,17,0,,,
17,95,True,0.763071,0.7631,none,,,False,,17,0,,,
17,24,True,0.457874,0.4579,none,,,False,,17,0,,,
17,84,True,0.469535,0.4695,none,,,False,,17,0,,,
17,72,True,0.283854,0.2839,none,,,False,,17,0,,,
17,86,True,0.264097,0.2641,none,,,False,,17,0,,,
17,34,True,0.766377,0.7664,none,,,False,,17,0,,,
17,55,True,0.450949,0.4509,none,,,False,,17,0,,,
17,53,True,0.883843,0.8838,none,,,False,,17,0,,,
17,81,True,0.554621,0.5546,none,,,False,,17,0,,,
17,16,True,1.003585,1.0036,none,,,False,,17,0,,,
17,70,True,0.848629,0.8486,none,,,False,,17,0,,,
17,79,True,0.436493,0.4365,none,,,False,,17,0,,,
17,18,True,0.545181,0.5452,none,,,False,,17,0,,,
17,80,True,0.517094,0.5171,none,,,False,,17,0,,,
18,10,True,1.603679,1.6037,none,,,False,,18,0,,,
18,85,True,0.348319,0.3483,none,,,False,,18,0,,,
18,4,True,0.47939,0.4794,none,,,False,,18,0,,,
18,5,True,0.814543,0.8145,none,,,False,,18,0,,,
18,22,True,0.215391,0.2154,none,,,False,,18,0,,,
18,27,True,0.781781,0.7818,none,,,False,,18,0,,,
18,13,True,0.670588,0.6706,none,,,False,,18,0,,,
18,28,True,0.367174,0.3672,none,,,False,,18,0,,,
18,55,True,0.287102,0.2871,none,,,False,,18,0,,,
18,29,True,0.317002,0.317,none,,,False,,18,0,,,
18,25,True,0.446161,0.4462,none,,,False,,18,0,,,
18,3,True,0.940625,0.9406,none,,,False,,18,0,,,
18,14,True,0.234309,0.2343,none,,,False,,18,0,,,
18,82,True,0.333178,0.3332,none,,,False,,18,0,,,
18,73,True,0.455011,0.455,none,,,False,,18,0,,,
18,45,True,0.32168,0.3217,none,,,False,,18,0,,,
18,43,True,0.889302,0.8893,none,,,False,,18,0,,,
18,74,True,0.719128,0.7191,none,,,False,,18,0,,,
18,20,True,0.125383,0.1254,none,,,False,,18,0,,,
18,78,True,0.171058,0.1711,none,,,False,,18,0,,,
18,11,True,0.683759,0.6838,none,,,False,,18,0,,,
18,60,True,0.88717,0.8872,none,,,False,,18,0,,,
18,94,True,0.641282,0.6413,none,,,False,,18,0,,,
18,68,True,0.51647,0.5165,none,,,False,,18,0,,,
18,63,True,1.138922,1.1389,none,,,False,,18,0,,,
19,40,True,0.296103,0.2961,none,,,False,,19,0,,,
19,99,True,0.918224,0.9182,none,,,False,,19,0,,,
19,93,True,1.051244,1.0512,none,,,False,,19,0,,,
19,6,True,0.531711,0.5317,none,,,False,,19,0,,,
19,44,True,0.756396,0.7564,none,,,False,,19,0,,,
19,10,True,0.913978,0.914,none,,,False,,19,0,,,
19,80,True,0.543986,0.544,none,,,False,,19,0,,,
19,55,True,0.527654,0.5277,none,,,False,,19,0,,,
19,38,True,0.917433,0.9174,none,,,False,,19,0,,,
19,8,True,0.780979,0.781,none,,,False,,19,0,,,
19,49,True,0.688711,0.6887,none,,,False,,19,0,,,
19,58,True,0.694636,0.6946,none,,,False,,19,0,,,
19,23,True,0.304895,0.3049,none,,,False,,19,0,,,
19,78,True,0.250388,0.2504,none,,,False,,19,0,,,
19,50,True,0.563234,0.5632,none,,,False,,19,0,,,
19,21,True,0.387804,0.3878,none,,,False,,19,0,,,
19,11,True,0.539366,0.5394,none,,,False,,19,0,,,
19,66,True,0.645183,0.6452,none,,,False,,19,0,,,
19,7,True,0.551689,0.5517,none,,,False,,19,0,,,
19,84,True,0.396872,0.3969,none,,,False,,19,0,,,
19,36,True,0.504845,0.5048,none,,,False,,19,0,,,
19,14,True,0.155152,0.1552,none,,,False,,19,0,,,
19,85,True,0.28641,0.2864,none,,,False,,19,0,,,
19,70,True,0.999723,0.9997,none,,,False,,19,0,,,
19,65,True,0.408068,0.4081,none,,,False,,19,0,,,
20,9,True,0.904478,0.9045,none,,,False,,20,0,,,
20,77,True,0.606608,0.6066,none,,,False,,20,0,,,
20,29,True,0.252828,0.2528,none,,,False,,20,0,,,
20,17,True,0.507318,0.5073,none,,,False,,20,0,,,
20,82,True,0.330732,0.3307,none,,,False,,20,0,,,
20,1,True,0.80294,0.8029,none,,,False,,20,0,,,
20,54,True,0.153066,0.1531,none,,,False,,20,0,,,
20,59,True,1.317746,1.3177,none,,,False,,20,0,,,
20,49,True,0.587047,0.587,none,,,False,,20,0,,,
20,48,True,0.233764,0.2338,none,,,False,,20,0,,,
20,32,True,0.426665,0.4267,none,,,False,,20,0,,,
20,75,True,0.573134,0.5731,none,,,False,,20,0,,,
20,58,True,0.409262,0.4093,none,,,False,,20,0,,,
20,24,True,0.722758,0.7228,none,,,False,,20,0,,,
20,93,True,0.888448,0.8884,none,,,False,,20,0,,,
20,11,True,0.524264,0.5243,none,,,False,,20,0,,,
20,36,True,0.331094,0.3311,none,,,False,,20,0,,,
20,88,True,0.371072,0.3711,none,,,False,,20,0,,,
20,44,True,0.396943,0.3969,none,,,False,,20,0,,,
20,31,True,1.204686,1.2047,none,,,False,,20,0,,,
20,26,True,0.32054,0.3205,none,,,False,,20,0,,,
20,27,True,0.440322,0.4403,none,,,False,,20,0,,,
20,14,True,0.192724,0.1927,none,,,False,,20,0,,,
20,67,True,0.52914,0.5291,none,,,False,,20,0,,,
20,4,True,0.482872,0.4829,none,,,False,,20,0,,,
21,50,True,0.588438,0.5884,none,,,False,,21,0,,,
21,0,True,0.848523,0.8485,none,,,False,,21,0,,,
21,1,True,0.478363,0.4784,none,,,False,,21,0,,,
21,58,True,0.621956,0.622,none,,,False,,21,0,,,
21,34,True,0.825557,0.8256,none,,,False,,21,0,,,
21,72,True,0.246124,0.2461,none,,,False,,21,0,,,
21,45,True,0.366242,0.3662,none,,,False,,21,0,,,
21,40,True,0.272865,0.2729,none,,,False,,21,0,,,
21,2,True,0.351377,0.3514,none,,,False,,21,0,,,
21,26,True,0.123746,0.1237,none,,,False,,21,0,,,
21,83,True,0.45362,0.4536,none,,,False,,21,0,,,
21,70,True,1.017468,1.0175,none,,,False,,21,0,,,
21,17,True,0.374381,0.3744,none,,,False,,21,0,,,
21,52,True,0.522599,0.5226,none,,,False,,21,0,,,
21,36,True,0.422458,0.4225,none,,,False,,21,0,,,
21,77,True,0.385115,0.3851,none,,,False,,21,0,,,
21,82,True,0.441771,0.4418,none,,,False,,21,0,,,
21,97,True,0.46972,0.4697,none,,,False,,21,0,,,
21,46,True,0.669998,0.67,none,,,False,,21,0,,,
21,44,True,0.548601,0.5486,none,,,False,,21,0,,,
21,9,True,0.771641,0.7716,none,,,False,,21,0,,,
21,56,True,0.29818,0.2982,none,,,False,,21,0,,,
21,14,True,0.20356,0.2036,none,,,False,,21,0,,,
21,48,True,0.298489,0.2985,none,,,False,,21,0,,,
21,51,True,0.478232,0.4782,none,,,False,,21,0,,,
22,67,True,0.72077,0.7208,none,,,False,,22,0,,,
22,36,True,0.281233,0.2812,none,,,False,,22,0,,,
22,50,True,0.282541,0.2825,none,,,False,,22,0,,,
22,80,True,0.590434,0.5904,none,,,False,,22,0,,,
22,51,True,0.526236,0.5262,none,,,False,,22,0,,,
22,64,True,0.517179,0.5172,none,,,False,,22,0,,,
22,99,True,0.825269,0.8253,none,,,False,,22,0,,,
22,76,True,0.383992,0.384,none,,,False,,22,0,,,
22,39,True,0.959008,0.959,none,,,False,,22,0,,,
22,95,True,0.569406,0.5694,none,,,False,,22,0,,,
22,56,True,0.281103,0.2811,none,,,False,,22,0,,,
22,1,True,0.576462,0.5765,none,,,False,,22,0,,,
22,24,True,0.622597,0.6226,none,,,False,,22,0,,,
22,40,True,0.328576,0.3286,none,,,False,,22,0,,,
22,30,True,0.690124,0.6901,none,,,False,,22,0,,,
22,71,True,0.511577,0.5116,none,,,False,,22,0,,,
22,72,True,0.307366,0.3074,none,,,False,,22,0,,,
22,54,True,0.262737,0.2627,none,,,False,,22,0,,,
22,66,True,0.514654,0.5147,none,,,False,,22,0,,,
22,17,True,0.417517,0.4175,none,,,False,,22,0,,,
22,62,True,0.283943,0.2839,none,,,False,,22,0,,,
22,91,True,0.448896,0.4489,none,,,False,,22,0,,,
22,93,True,0.766375,0.7664,none,,,False,,22,0,,,
22,86,True,0.524836,0.5248,none,,,False,,22,0,,,
22,81,True,0.667354,0.6674,none,,,False,,22,0,,,
23,33,True,0.435367,0.4354,none,,,False,,23,0,,,
23,9,True,0.659173,0.6592,none,,,False,,23,0,,,
23,17,True,0.459631,0.4596,none,,,False,,23,0,,,
23,96,True,0.631332,0.6313,none,,,False,,23,0,,,
23,55,True,0.307455,0.3075,none,,,False,,23,0,,,
23,32,True,0.55621,0.5562,none,,,False,,23,0,,,
23,83,True,0.330611,0.3306,none,,,False,,23,0,,,
23,7,True,0.711382,0.7114,none,,,False,,23,0,,,
23,76,True,0.252855,0.2529,none,,,False,,23,0,,,
23,67,True,0.527322,0.5273,none,,,False,,23,0,,,
23,99,True,1.054187,1.0542,none,,,False,,23,0,,,
23,19,True,0.58013,0.5801,none,,,False,,23,0,,,
23,27,True,0.507993,0.508,none,,,False,,23,0,,,
23,68,True,0.669901,0.6699,none,,,False,,23,0,,,
23,71,True,0.734851,0.7349,none,,,False,,23,0,,,
23,6,True,0.869007,0.869,none,,,False,,23,0,,,
23,66,True,0.590021,0.59,none,,,False,,23,0,,,
23,73,True,0.669127,0.6691,none,,,False,,23,0,,,
23,54,True,0.225681,0.2257,none,,,False,,23,0,,,
23,22,True,0.437006,0.437,none,,,False,,23,0,,,
23,63,True,1.041918,1.0419,none,,,False,,23,0,,,
23,20,True,0.214137,0.2141,none,,,False,,23,0,,,
23,94,True,0.823479,0.8235,none,,,False,,23,0,,,
23,74,True,0.697845,0.6978,none,,,False,,23,0,,,
23,44,True,0.52039,0.5204,none,,,False,,23,0,,,
24,28,True,0.468677,0.4687,none,,,False,,24,0,,,
24,41,True,0.523618,0.5236,none,,,False,,24,0,,,
24,91,True,0.296805,0.2968,none,,,False,,24,0,,,
24,92,True,0.24914,0.2491,none,,,False,,24,0,,,
24,20,True,0.211061,0.2111,none,,,False,,24,0,,,
24,14,True,0.25669,0.2567,none,,,False,,24,0,,,
24,90,True,0.489499,0.4895,none,,,False,,24,0,,,
24,79,True,0.480365,0.4804,none,,,False,,24,0,,,
24,84,True,0.560349,0.5603,none,,,False,,24,0,,,
24,26,True,0.404013,0.404,none,,,False,,24,0,,,
24,56,True,0.376619,0.3766,none,,,False,,24,0,,,
24,21,True,0.426042,0.426,none,,,False,,24,0,,,
24,57,True,0.500023,0.5,none,,,False,,24,0,,,
24,70,True,0.724978,0.725,none,,,False,,24,0,,,
24,13,True,0.519727,0.5197,none,,,False,,24,0,,,
24,45,True,0.437936,0.4379,none,,,False,,24,0,,,
24,87,True,0.470124,0.4701,none,,,False,,24,0,,,
24,25,True,0.458908,0.4589,none,,,False,,24,0,,,
24,5,True,1.40432,1.4043,none,,,False,,24,0,,,
24,38,True,0.932081,0.9321,none,,,False,,24,0,,,
24,11,True,0.637836,0.6378,none,,,False,,24,0,,,
24,51,True,0.561212,0.5612,none,,,False,,24,0,,,
24,76,True,0.340587,0.3406,none,,,False,,24,0,,,
24,61,True,0.369222,0.3692,none,,,False,,24,0,,,
24,22,True,0.314358,0.3144,none,,,False,,24,0,,,
25,51,True,-0.126357,-0.1264,none,,,False,,25,0,,,
25,12,True,1.050261,1.0503,none,,,False,,25,0,,,
25,16,True,0.514388,0.5144,none,,,False,,25,0,,,
25,5,True,0.835154,0.8352,none,,,False,,25,0,,,
25,30,True,0.604241,0.6042,none,,,False,,25,0,,,
25,44,True,0.588571,0.5886,none,,,False,,25,0,,,
25,39,True,0.771775,0.7718,none,,,False,,25,0,,,
25,7,True,0.671694,0.6717,none,,,False,,25,0,,,
25,58,True,0.500099,0.5001,none,,,False,,25,0,,,
25,62,True,0.460879,0.4609,none,,,False,,25,0,,,
25,49,True,0.58158,0.5816,none,,,False,,25,0,,,
25,61,True,0.397652,0.3977,none,,,False,,25,0,,,
25,77,True,0.50647,0.5065,none,,,False,,25,0,,,
25,97,True,0.510651,0.5107,none,,,False,,25,0,,,
25,27,True,0.648992,0.649,none,,,False,,25,0,,,
25,45,True,0.35643,0.3564,none,,,False,,25,0,,,
25,41,True,0.399891,0.3999,none,,,False,,25,0,,,
25,65,True,0.659158,0.6592,none,,,False,,25,0,,,
25,79,True,0.222172,0.2222,none,,,False,,25,0,,,
25,80,True,0.494905,0.4949,none,,,False,,25,0,,,
25,38,True,0.8549,0.8549,none,,,False,,25,0,,,
25,21,True,0.379188,0.3792,none,,,False,,25,0,,,
25,50,True,0.552621,0.5526,none,,,False,,25,0,,,
25,9,True,0.863126,0.8631,none,,,False,,25,0,,,
25,48,True,0.321072,0.3211,none,,,False,,25,0,,,
26,95,True,0.451431,0.4514,none,,,False,,26,0,,,
26,57,True,0.571858,0.5719,none,,,False,,26,0,,,
26,65,True,0.637826,0.6378,none,,,False,,26,0,,,
26,76,True,0.360983,0.361,none,,,False,,26,0,,,
26,27,True,0.387598,0.3876,none,,,False,,26,0,,,
26,63,True,1.019845,1.0198,none,,,False,,26,0,,,
26,87,True,0.373676,0.3737,none,,,False,,26,0,,,
26,18,True,0.4724,0.4724,none,,,False,,26,0,,,
26,89,True,0.616473,0.6165,none,,,False,,26,0,,,
26,35,True,0.674431,0.6744,none,,,False,,26,0,,,
26,88,True,0.414282,0.4143,none,,,False,,26,0,,,
26,25,True,0.53956,0.5396,none,,,False,,26,0,,,
26,29,True,0.263731,0.2637,none,,,False,,26,0,,,
26,60,True,0.674437,0.6744,none,,,False,,26,0,,,
26,94,True,0.737082,0.7371,none,,,False,,26,0,,,
26,80,True,0.600794,0.6008,none,,,False,,26,0,,,
26,72,True,0.354236,0.3542,none,,,False,,26,0,,,
26,3,True,0.858033,0.858,none,,,False,,26,0,,,
26,73,True,0.577612,0.5776,none,,,False,,26,0,,,
26,99,True,0.815555,0.8156,none,,,False,,26,0,,,
26,90,True,0.516756,0.5168,none,,,False,,26,0,,,
26,69,True,0.578494,0.5785,none,,,False,,26,0,,,
26,96,True,0.5605,0.5605,none,,,False,,26,0,,,
26,28,True,0.284135,0.2841,none,,,False,,26,0,,,
26,92,True,0.236959,0.237,none,,,False,,26,0,,,
27,23,True,0.22334,0.2233,none,,,False,,27,0,,,
27,77,True,0.569965,0.57,none,,,False,,27,0,,,
27,33,True,0.348968,0.349,none,,,False,,27,0,,,
27,58,True,0.644673,0.6447,none,,,False,,27,0,,,
27,74,True,0.673138,0.6731,none,,,False,,27,0,,,
27,6,True,0.525585,0.5256,none,,,False,,27,0,,,
27,60,True,0.372319,0.3723,none,,,False,,27,0,,,
27,47,True,0.308557,0.3086,none,,,False,,27,0,,,
27,31,True,0.946712,0.9467,none,,,False,,27,0,,,
27,79,True,0.374597,0.3746,none,,,False,,27,0,,,
27,5,True,0.840698,0.8407,none,,,False,,27,0,,,
27,29,True,0.412103,0.4121,none,,,False,,27,0,,,
27,65,True,0.770552,0.7706,none,,,False,,27,0,,,
27,92,True,0.449202,0.4492,none,,,False,,27,0,,,
27,54,True,0.249503,0.2495,none,,,False,,27,0,,,
27,72,True,0.27331,0.2733,none,,,False,,27,0,,,
27,76,True,0.464335,0.4643,none,,,False,,27,0,,,
27,73,True,0.259592,0.2596,none,,,False,,27,0,,,
27,52,True,0.625745,0.6257,none,,,False,,27,0,,,
27,18,True,0.562396,0.5624,none,,,False,,27,0,,,
27,70,True,0.882867,0.8829,none,,,False,,27,0,,,
27,43,True,0.772259,0.7723,none,,,False,,27,0,,,
27,25,True,0.48293,0.4829,none,,,False,,27,0,,,
27,3,True,0.875595,0.8756,none,,,False,,27,0,,,
27,13,True,0.537047,0.537,none,,,False,,27,0,,,
28,63,True,0.940899,0.9409,none,,,False,,28,0,,,
28,4,True,0.408939,0.4089,none,,,False,,28,0,,,
28,42,True,0.477654,0.4777,none,,,False,,28,0,,,
28,59,True,1.282306,1.2823,none,,,False,,28,0,,,
28,76,True,0.422181,0.4222,none,,,False,,28,0,,,
28,15,True,0.53521,0.5352,none,,,False,,28,0,,,
28,71,True,0.533986,0.534,none,,,False,,28,0,,,
28,1,True,0.75595,0.7559,none,,,False,,28,0,,,
28,12,True,0.799201,0.7992,none,,,False,,28,0,,,
28,9,True,0.929091,0.9291,none,,,False,,28,0,,,
28,0,True,0.608808,0.6088,none,,,False,,28,0,,,
28,99,True,0.951468,0.9515,none,,,False,,28,0,,,
28,11,True,0.556013,0.556,none,,,False,,28,0,,,
28,27,True,0.55057,0.5506,none,,,False,,28,0,,,
28,34,True,0.687658,0.6877,none,,,False,,28,0,,,
28,29,True,0.249144,0.2491,none,,,False,,28,0,,,
28,14,True,0.153052,0.1531,none,,,False,,28,0,,,
28,72,True,0.295912,0.2959,none,,,False,,28,0,,,
28,83,True,0.326639,0.3266,none,,,False,,28,0,,,
28,52,True,0.396378,0.3964,none,,,False,,28,0,,,
28,90,True,0.487716,0.4877,none,,,False,,28,0,,,
28,70,True,0.473775,0.4738,none,,,False,,28,0,,,
28,95,True,0.659611,0.6596,none,,,False,,28,0,,,
28,92,True,0.416879,0.4169,none,,,False,,28,0,,,
28,48,True,0.349775,0.3498,none,,,False,,28,0,,,
29,14,True,0.16332,0.1633,none,,,False,,29,0,,,
29,12,True,0.851054,0.8511,none,,,False,,29,0,,,
29,31,True,1.170578,1.1706,none,,,False,,29,0,,,
29,45,True,0.356559,0.3566,none,,,False,,29,0,,,
29,15,True,0.714371,0.7144,none,,,False,,29,0,,,
29,61,True,0.285363,0.2854,none,,,False,,29,0,,,
29,9,True,0.738538,0.7385,none,,,False,,29,0,,,
29,39,True,0.603846,0.6038,none,,,False,,29,0,,,
29,63,True,0.658614,0.6586,none,,,False,,29,0,,,
29,62,True,0.36557,0.3656,none,,,False,,29,0,,,
29,76,True,0.324438,0.3244,none,,,False,,29,0,,,
29,98,True,0.142713,0.1427,none,,,False,,29,0,,,
29,7,True,0.772934,0.7729,none,,,False,,29,0,,,
29,60,True,0.540949,0.5409,none,,,False,,29,0,,,
29,79,True,0.409714,0.4097,none,,,False,,29,0,,,
29,27,True,0.515805,0.5158,none,,,False,,29,0,,,
29,87,True,0.308094,0.3081,none,,,False,,29,0,,,
29,32,True,0.545522,0.5455,none,,,False,,29,0,,,
29,89,True,0.405791,0.4058,none,,,False,,29,0,,,
29,99,True,0.896377,0.8964,none,,,False,,29,0,,,
29,56,True,0.292464,0.2925,none,,,False,,29,0,,,
29,83,True,0.29251,0.2925,none,,,False,,29,0,,,
29,18,True,0.605572,0.6056,none,,,False,,29,0,,,
29,16,True,0.603962,0.604,none,,,False,,29,0,,,
29,59,True,0.978936,0.9789,none,,,False,,29,0,,,
30,17,True,0.396175,0.3962,none,,,False,,30,0,,,
30,81,True,0.699892,0.6999,none,,,False,,30,0,,,
30,74,True,0.624866,0.6249,none,,,False,,30,0,,,
30,47,True,0.22198,0.222,none,,,False,,30,0,,,
30,32,True,0.510098,0.5101,none,,,False,,30,0,,,
30,67,True,0.467376,0.4674,none,,,False,,30,0,,,
30,89,True,0.545728,0.5457,none,,,False,,30,0,,,
30,96,True,0.390184,0.3902,none,,,False,,30,0,,,
30,93,True,0.963961,0.964,none,,,False,,30,0,,,
30,61,True,0.373117,0.3731,none,,,False,,30,0,,,
30,84,True,0.221737,0.2217,none,,,False,,30,0,,,
30,6,True,0.580055,0.5801,none,,,False,,30,0,,,
30,30,True,0.853489,0.8535,none,,,False,,30,0,,,
30,3,True,0.966694,0.9667,none,,,False,,30,0,,,
30,27,True,0.522928,0.5229,none,,,False,,30,0,,,
30,77,True,0.444368,0.4444,none,,,False,,30,0,,,
30,45,True,0.372622,0.3726,none,,,False,,30,0,,,
30,83,True,0.316151,0.3162,none,,,False,,30,0,,,
30,90,True,0.475925,0.4759,none,,,False,,30,0,,,
30,75,True,0.394858,0.3949,none,,,False,,30,0,,,
30,29,True,0.357447,0.3574,none,,,False,,30,0,,,
30,0,True,0.832077,0.8321,none,,,False,,30,0,,,
30,28,True,-0.025589,-0.0256,none,,,False,,30,0,,,
30,36,True,0.44908,0.4491,none,,,False,,30,0,,,
30,40,True,0.288127,0.2881,none,,,False,,30,0,,,
31,60,True,0.367205,0.3672,none,,,False,,31,0,,,
31,4,True,0.366379,0.3664,none,,,False,,31,0,,,
31,44,True,0.58366,0.5837,none,,,False,,31,0,,,
31,5,True,0.999696,0.9997,none,,,False,,31,0,,,
31,25,True,0.446779,0.4468,none,,,False,,31,0,,,
31,74,True,0.628432,0.6284,none,,,False,,31,0,,,
31,34,True,0.402149,0.4021,none,,,False,,31,0,,,
31,29,True,0.259854,0.2599,none,,,False,,31,0,,,
31,15,True,0.541455,0.5415,none,,,False,,31,0,,,
31,46,True,0.843925,0.8439,none,,,False,,31,0,,,
31,89,True,0.582189,0.5822,none,,,False,,31,0,,,
31,27,True,0.530859,0.5309,none,,,False,,31,0,,,
31,73,True,0.279271,0.2793,none,,,False,,31,0,,,
31,79,True,0.315061,0.3151,none,,,False,,31,0,,,
31,62,True,0.364372,0.3644,none,,,False,,31,0,,,
31,93,True,0.794026,0.794,none,,,False,,31,0,,,
31,45,True,0.336811,0.3368,none,,,False,,31,0,,,
31,17,True,0.392777,0.3928,none,,,False,,31,0,,,
31,49,True,0.600207,0.6002,none,,,False,,31,0,,,
31,31,True,1.031866,1.0319,none,,,False,,31,0,,,
31,52,True,0.45988,0.4599,none,,,False,,31,0,,,
31,66,True,0.692311,0.6923,none,,,False,,31,0,,,
31,50,True,0.517701,0.5177,none,,,False,,31,0,,,
31,33,True,0.367555,0.3676,none,,,False,,31,0,,,
31,67,True,0.413384,0.4134,none,,,False,,31,0,,,
32,93,True,0.977897,0.9779,none,,,False,,32,0,,,
32,13,True,0.63589,0.6359,none,,,False,,32,0,,,
32,16,True,0.752415,0.7524,none,,,False,,32,0,,,
32,19,True,0.789817,0.7898,none,,,False,,32,0,,,
32,94,True,0.824052,0.8241,none,,,False,,32,0,,,
32,38,True,1.040476,1.0405,none,,,False,,32,0,,,
32,76,True,0.339018,0.339,none,,,False,,32,0,,,
32,99,True,0.805093,0.8051,none,,,False,,32,0,,,
32,45,True,0.259104,0.2591,none,,,False,,32,0,,,
32,68,True,0.664977,0.665,none,,,False,,32,0,,,
32,29,True,0.386763,0.3868,none,,,False,,32,0,,,
32,35,True,0.484814,0.4848,none,,,False,,32,0,,,
32,73,True,0.548692,0.5487,none,,,False,,32,0,,,
32,50,True,0.332175,0.3322,none,,,False,,32,0,,,
32,65,True,0.788749,0.7887,none,,,False,,32,0,,,
32,44,True,0.571424,0.5714,none,,,False,,32,0,,,
32,32,True,0.570456,0.5705,none,,,False,,32,0,,,
32,11,True,0.449705,0.4497,none,,,False,,32,0,,,
32,95,True,0.716455,0.7165,none,,,False,,32,0,,,
32,25,True,0.474104,0.4741,none,,,False,,32,0,,,
32,66,True,0.631376,0.6314,none,,,False,,32,0,,,
32,60,True,0.352879,0.3529,none,,,False,,32,0,,,
32,9,True,0.966778,0.9668,none,,,False,,32,0,,,
32,86,True,0.417691,0.4177,none,,,False,,32,0,,,
32,54,True,0.181474,0.1815,none,,,False,,32,0,,,
33,28,True,0.296917,0.2969,none,,,False,,33,0,,,
33,79,True,0.451959,0.452,none,,,False,,33,0,,,
33,94,True,0.689479,0.6895,none,,,False,,33,0,,,
33,43,True,0.859565,0.8596,none,,,False,,33,0,,,
33,13,True,0.427728,0.4277,none,,,False,,33,0,,,
33,69,True,0.415373,0.4154,none,,,False,,33,0,,,
33,62,True,0.367654,0.3677,none,,,False,,33,0,,,
33,25,True,0.282326,0.2823,none,,,False,,33,0,,,
33,85,True,0.383675,0.3837,none,,,False,,33,0,,,
33,70,True,0.737862,0.7379,none,,,False,,33,0,,,
33,87,True,0.387257,0.3873,none,,,False,,33,0,,,
33,96,True,0.667949,0.6679,none,,,False,,33,0,,,
33,80,True,0.450908,0.4509,none,,,False,,33,0,,,
33,99,True,0.939271,0.9393,none,,,False,,33,0,,,
33,49,True,0.736584,0.7366,none,,,False,,33,0,,,
33,68,True,0.609672,0.6097,none,,,False,,33,0,,,
33,6,True,0.797257,0.7973,none,,,False,,33,0,,,
33,61,True,0.09021,0.0902,none,,,False,,33,0,,,
33,81,True,0.829146,0.8291,none,,,False,,33,0,,,
33,42,True,0.492868,0.4929,none,,,False,,33,0,,,
33,18,True,0.495081,0.4951,none,,,False,,33,0,,,
33,1,True,0.591739,0.5917,none,,,False,,33,0,,,
33,33,True,0.294463,0.2945,none,,,False,,33,0,,,
33,46,True,0.613252,0.6133,none,,,False,,33,0,,,
33,10,True,1.278013,1.278,none,,,False,,33,0,,,
34,47,True,0.323641,0.3236,none,,,False,,34,0,,,
34,70,True,0.780409,0.7804,none,,,False,,34,0,,,
34,59,True,1.147532,1.1475,none,,,False,,34,0,,,
34,61,True,0.39661,0.3966,none,,,False,,34,0,,,
34,92,True,0.338048,0.338,none,,,False,,34,0,,,
34,33,True,0.363797,0.3638,none,,,False,,34,0,,,
34,3,True,0.816864,0.8169,none,,,False,,34,0,,,
34,4,True,0.353354,0.3534,none,,,False,,34,0,,,
34,83,True,0.183829,0.1838,none,,,False,,34,0,,,
34,73,True,0.364045,0.364,none,,,False,,34,0,,,
34,44,True,0.591266,0.5913,none,,,False,,34,0,,,
34,32,True,0.283599,0.2836,none,,,False,,34,0,,,
34,98,True,0.356023,0.356,none,,,False,,34,0,,,
34,43,True,0.674553,0.6746,none,,,False,,34,0,,,
34,74,True,0.646589,0.6466,none,,,False,,34,0,,,
34,26,True,-0.151927,-0.1519,none,,,False,,34,0,,,
34,71,True,0.582307,0.5823,none,,,False,,34,0,,,
34,19,True,0.685499,0.6855,none,,,False,,34,0,,,
34,84,True,0.369376,0.3694,none,,,False,,34,0,,,
34,30,True,0.768199,0.7682,none,,,False,,34,0,,,
34,64,True,0.686306,0.6863,none,,,False,,34,0,,,
34,40,True,0.310468,0.3105,none,,,False,,34,0,,,
34,48,True,0.366789,0.3668,none,,,False,,34,0,,,
34,46,True,0.440452,0.4405,none,,,False,,34,0,,,
34,21,True,0.202312,0.2023,none,,,False,,34,0,,,
35,46,True,0.890739,0.8907,none,,,False,,35,0,,,
35,35,True,0.528548,0.5285,none,,,False,,35,0,,,
35,76,True,0.400783,0.4008,none,,,False,,35,0,,,
35,34,True,0.551077,0.5511,none,,,False,,35,0,,,
35,97,True,0.480871,0.4809,none,,,False,,35,0,,,
35,1,True,0.768812,0.7688,none,,,False,,35,0,,,
35,61,True,0.373041,0.373,none,,,False,,35,0,,,
35,84,True,0.375465,0.3755,none,,,False,,35,0,,,
35,86,True,0.560988,0.561,none,,,False,,35,0,,,
35,98,True,0.297396,0.2974,none,,,False,,35,0,,,
35,28,True,0.182107,0.1821,none,,,False,,35,0,,,
35,30,True,0.56766,0.5677,none,,,False,,35,0,,,
35,13,True,0.622923,0.6229,none,,,False,,35,0,,,
35,24,True,0.621759,0.6218,none,,,False,,35,0,,,
35,11,True,0.385089,0.3851,none,,,False,,35,0,,,
35,8,True,0.654635,0.6546,none,,,False,,35,0,,,
35,68,True,0.831975,0.832,none,,,False,,35,0,,,
35,4,True,0.391681,0.3917,none,,,False,,35,0,,,
35,87,True,0.359362,0.3594,none,,,False,,35,0,,,
35,16,True,0.527154,0.5272,none,,,False,,35,0,,,
35,88,True,0.461829,0.4618,none,,,False,,35,0,,,
35,26,True,0.012364,0.0124,none,,,False,,35,0,,,
35,39,True,0.74213,0.7421,none,,,False,,35,0,,,
35,3,True,0.875647,0.8756,none,,,False,,35,0,,,
35,72,True,0.305288,0.3053,none,,,False,,35,0,,,
36,43,True,0.627033,0.627,none,,,False,,36,0,,,
36,14,True,0.153564,0.1536,none,,,False,,36,0,,,
36,55,True,0.326077,0.3261,none,,,False,,36,0,,,
36,35,True,0.487511,0.4875,none,,,False,,36,0,,,
36,18,True,0.546629,0.5466,none,,,False,,36,0,,,
36,91,True,0.567944,0.5679,none,,,False,,36,0,,,
36,60,True,0.405399,0.4054,none,,,False,,36,0,,,
36,2,True,0.370999,0.371,none,,,False,,36,0,,,
36,12,True,0.663907,0.6639,none,,,False,,36,0,,,
36,85,True,0.372272,0.3723,none,,,False,,36,0,,,
36,8,True,0.554541,0.5545,none,,,False,,36,0,,,
36,54,True,0.28792,0.2879,none,,,False,,36,0,,,
36,19,True,0.667136,0.6671,none,,,False,,36,0,,,
36,87,True,0.016703,0.0167,none,,,False,,36,0,,,
36,56,True,0.240531,0.2405,none,,,False,,36,0,,,
36,36,True,0.479041,0.479,none,,,False,,36,0,,,
36,90,True,0.539004,0.539,none,,,False,,36,0,,,
36,93,True,0.927929,0.9279,none,,,False,,36,0,,,
36,28,True,0.130576,0.1306,none,,,False,,36,0,,,
36,42,True,0.383158,0.3832,none,,,False,,36,0,,,
36,23,True,0.222972,0.223,none,,,False,,36,0,,,
36,53,True,0.716005,0.716,none,,,False,,36,0,,,
36,44,True,0.713026,0.713,none,,,False,,36,0,,,
36,72,True,0.239184,0.2392,none,,,False,,36,0,,,
36,29,True,0.408573,0.4086,none,,,False,,36,0,,,
37,66,True,0.610825,0.6108,none,,,False,,37,0,,,
37,77,True,0.358585,0.3586,none,,,False,,37,0,,,
37,33,True,0.352776,0.3528,none,,,False,,37,0,,,
37,61,True,0.50126,0.5013,none,,,False,,37,0,,,
37,4,True,0.430389,0.4304,none,,,False,,37,0,,,
37,19,True,0.675841,0.6758,none,,,False,,37,0,,,
37,65,True,0.735686,0.7357,none,,,False,,37,0,,,
37,79,True,0.204887,0.2049,none,,,False,,37,0,,,
37,99,True,0.952896,0.9529,none,,,False,,37,0,,,
37,2,True,0.407911,0.4079,none,,,False,,37,0,,,
37,55,True,-0.043628,-0.0436,none,,,False,,37,0,,,
37,52,True,0.403557,0.4036,none,,,False,,37,0,,,
37,64,True,0.627745,0.6277,none,,,False,,37,0,,,
37,91,True,0.392696,0.3927,none,,,False,,37,0,,,
37,83,True,0.31103,0.311,none,,,False,,37,0,,,
37,62,True,0.333974,0.334,none,,,False,,37,0,,,
37,88,True,0.505114,0.5051,none,,,False,,37,0,,,
37,94,True,0.837326,0.8373,none,,,False,,37,0,,,
37,53,True,0.391592,0.3916,none,,,False,,37,0,,,
37,13,True,0.460538,0.4605,none,,,False,,37,0,,,
37,1,True,0.728501,0.7285,none,,,False,,37,0,,,
37,67,True,0.652488,0.6525,none,,,False,,37,0,,,
37,17,True,0.285997,0.286,none,,,False,,37,0,,,
37,95,True,0.722049,0.722,none,,,False,,37,0,,,
37,48,True,0.396252,0.3963,none,,,False,,37,0,,,
38,62,True,0.309181,0.3092,none,,,False,,38,0,,,
38,58,True,0.436335,0.4363,none,,,False,,38,0,,,
38,7,True,0.58311,0.5831,none,,,False,,38,0,,,
38,88,True,0.432087,0.4321,none,,,False,,38,0,,,
38,84,True,0.445307,0.4453,none,,,False,,38,0,,,
38,54,True,0.198921,0.1989,none,,,False,,38,0,,,
38,83,True,0.28493,0.2849,none,,,False,,38,0,,,
38,45,True,0.354095,0.3541,none,,,False,,38,0,,,
38,66,True,0.449103,0.4491,none,,,False,,38,0,,,
38,10,True,1.393151,1.3932,none,,,False,,38,0,,,
38,60,True,0.665659,0.6657,none,,,False,,38,0,,,
38,6,True,0.691922,0.6919,none,,,False,,38,0,,,
38,43,True,0.659242,0.6592,none,,,False,,38,0,,,
38,1,True,0.463399,0.4634,none,,,False,,38,0,,,
38,38,True,0.995616,0.9956,none,,,False,,38,0,,,
38,3,True,0.925659,0.9257,none,,,False,,38,0,,,
38,47,True,0.195398,0.1954,none,,,False,,38,0,,,
38,0,True,0.841214,0.8412,none,,,False,,38,0,,,
38,23,True,0.250978,0.251,none,,,False,,38,0,,,
38,97,True,0.624901,0.6249,none,,,False,,38,0,,,
38,28,True,0.191069,0.1911,none,,,False,,38,0,,,
38,91,True,0.37185,0.3719,none,,,False,,38,0,,,
38,63,True,0.952109,0.9521,none,,,False,,38,0,,,
38,8,True,0.64358,0.6436,none,,,False,,38,0,,,
38,68,True,0.369891,0.3699,none,,,False,,38,0,,,
39,47,True,0.305269,0.3053,none,,,False,,39,0,,,
39,15,True,0.521013,0.521,none,,,False,,39,0,,,
39,56,True,0.33805,0.338,none,,,False,,39,0,,,
39,69,True,0.151961,0.152,none,,,False,,39,0,,,
39,40,True,0.249452,0.2495,none,,,False,,39,0,,,
39,58,True,0.551735,0.5517,none,,,False,,39,0,,,
39,24,True,0.858416,0.8584,none,,,False,,39,0,,,
39,86,True,0.45238,0.4524,none,,,False,,39,0,,,
39,59,True,1.063616,1.0636,none,,,False,,39,0,,,
39,31,True,0.9955,0.9955,none,,,False,,39,0,,,
39,68,True,0.677857,0.6779,none,,,False,,39,0,,,
39,76,True,0.340248,0.3402,none,,,False,,39,0,,,
39,41,True,0.488726,0.4887,none,,,False,,39,0,,,
39,32,True,0.56088,0.5609,none,,,False,,39,0,,,
39,0,True,0.619405,0.6194,none,,,False,,39,0,,,
39,44,True,0.536414,0.5364,none,,,False,,39,0,,,
39,8,True,0.689043,0.689,none,,,False,,39,0,,,
39,10,True,1.070416,1.0704,none,,,False,,39,0,,,
39,53,True,0.710573,0.7106,none,,,False,,39,0,,,
39,91,True,0.475175,0.4752,none,,,False,,39,0,,,
39,81,True,0.700895,0.7009,none,,,False,,39,0,,,
39,38,True,0.950904,0.9509,none,,,False,,39,0,,,
39,26,True,0.009268,0.0093,none,,,False,,39,0,,,
39,83,True,0.223737,0.2237,none,,,False,,39,0,,,
39,93,True,0.993737,0.9937,none,,,False,,39,0,,,
40,51,True,0.352147,0.3521,none,,,False,,40,0,,,
40,91,True,0.427156,0.4272,none,,,False,,40,0,,,
40,52,True,0.516475,0.5165,none,,,False,,40,0,,,
40,3,True,0.828289,0.8283,none,,,False,,40,0,,,
40,67,True,0.641238,0.6412,none,,,False,,40,0,,,
40,56,True,0.161958,0.162,none,,,False,,40,0,,,
40,1,True,0.69813,0.6981,none,,,False,,40,0,,,
40,45,True,0.445614,0.4456,none,,,False,,40,0,,,
40,78,True,0.240169,0.2402,none,,,False,,40,0,,,
40,35,True,0.483696,0.4837,none,,,False,,40,0,,,
40,50,True,0.563296,0.5633,none,,,False,,40,0,,,
40,84,True,0.403201,0.4032,none,,,False,,40,0,,,
40,76,True,0.209566,0.2096,none,,,False,,40,0,,,
40,2,True,0.542544,0.5425,none,,,False,,40,0,,,
40,95,True,0.645233,0.6452,none,,,False,,40,0,,,
40,34,True,0.757508,0.7575,none,,,False,,40,0,,,
40,92,True,0.366793,0.3668,none,,,False,,40,0,,,
40,4,True,0.511568,0.5116,none,,,False,,40,0,,,
40,57,True,0.356123,0.3561,none,,,False,,40,0,,,
40,72,True,0.344397,0.3444,none,,,False,,40,0,,,
40,20,True,0.331797,0.3318,none,,,False,,40,0,,,
40,89,True,0.696851,0.6969,none,,,False,,40,0,,,
40,0,True,0.399835,0.3998,none,,,False,,40,0,,,
40,53,True,0.764811,0.7648,none,,,False,,40,0,,,
40,54,True,0.176774,0.1768,none,,,False,,40,0,,,
41,46,True,0.613491,0.6135,none,,,False,,41,0,,,
41,61,True,0.371725,0.3717,none,,,False,,41,0,,,
41,39,True,0.898049,0.898,none,,,False,,41,0,,,
41,35,True,0.414073,0.4141,none,,,False,,41,0,,,
41,86,True,0.287698,0.2877,none,,,False,,41,0,,,
41,27,True,0.525581,0.5256,none,,,False,,41,0,,,
41,14,True,0.055334,0.0553,none,,,False,,41,0,,,
41,98,True,0.258636,0.2586,none,,,False,,41,0,,,
41,62,True,0.271711,0.2717,none,,,False,,41,0,,,
41,23,True,0.209843,0.2098,none,,,False,,41,0,,,
41,88,True,0.472336,0.4723,none,,,False,,41,0,,,
41,89,True,0.56789,0.5679,none,,,False,,41,0,,,
41,21,True,0.42278,0.4228,none,,,False,,41,0,,,
41,42,True,0.33675,0.3368,none,,,False,,41,0,,,
41,20,True,0.317812,0.3178,none,,,False,,41,0,,,
41,67,True,0.371407,0.3714,none,,,False,,41,0,,,
41,16,True,0.549604,0.5496,none,,,False,,41,0,,,
41,33,True,0.343369,0.3434,none,,,False,,41,0,,,
41,53,True,0.371511,0.3715,none,,,False,,41,0,,,
41,55,True,0.295167,0.2952,none,,,False,,41,0,,,
41,48,True,0.317345,0.3173,none,,,False,,41,0,,,
41,37,True,0.485095,0.4851,none,,,False,,41,0,,,
41,32,True,0.514536,0.5145,none,,,False,,41,0,,,
41,5,True,0.836862,0.8369,none,,,False,,41,0,,,
41,64,True,0.588811,0.5888,none,,,False,,41,0,,,
42,14,True,0.170592,0.1706,none,,,False,,42,0,,,
42,85,True,0.48366,0.4837,none,,,False,,42,0,,,
42,40,True,0.294171,0.2942,none,,,False,,42,0,,,
42,39,True,0.736029,0.736,none,,,False,,42,0,,,
42,63,True,0.694311,0.6943,none,,,False,,42,0,,,
42,41,True,0.49536,0.4954,none,,,False,,42,0,,,
42,60,True,0.592362,0.5924,none,,,False,,42,0,,,
42,4,True,0.313861,0.3139,none,,,False,,42,0,,,
42,36,True,0.452698,0.4527,none,,,False,,42,0,,,
42,90,True,0.590827,0.5908,none,,,False,,42,0,,,
42,29,True,0.351194,0.3512,none,,,False,,42,0,,,
42,75,True,0.247128,0.2471,none,,,False,,42,0,,,
42,15,True,0.711708,0.7117,none,,,False,,42,0,,,
42,5,True,1.057273,1.0573,none,,,False,,42,0,,,
42,2,True,0.089947,0.0899,none,,,False,,42,0,,,
42,33,True,0.433712,0.4337,none,,,False,,42,0,,,
42,99,True,1.077011,1.077,none,,,False,,42,0,,,
42,88,True,0.441575,0.4416,none,,,False,,42,0,,,
42,65,True,0.721509,0.7215,none,,,False,,42,0,,,
42,76,True,0.309918,0.3099,none,,,False,,42,0,,,
42,74,True,0.683355,0.6834,none,,,False,,42,0,,,
42,13,True,0.591814,0.5918,none,,,False,,42,0,,,
42,23,True,0.232779,0.2328,none,,,False,,42,0,,,
42,48,True,0.244679,0.2447,none,,,False,,42,0,,,
42,91,True,0.377175,0.3772,none,,,False,,42,0,,,
43,86,True,0.552179,0.5522,none,,,False,,43,0,,,
43,74,True,0.540172,0.5402,none,,,False,,43,0,,,
43,36,True,0.508608,0.5086,none,,,False,,43,0,,,
43,49,True,0.355921,0.3559,none,,,False,,43,0,,,
43,65,True,0.671782,0.6718,none,,,False,,43,0,,,
43,8,True,0.604599,0.6046,none,,,False,,43,0,,,
43,41,True,0.420508,0.4205,none,,,False,,43,0,,,
43,82,True,0.508603,0.5086,none,,,False,,43,0,,,
43,52,True,0.499535,0.4995,none,,,False,,43,0,,,
43,72,True,0.247409,0.2474,none,,,False,,43,0,,,
43,83,True,0.394918,0.3949,none,,,False,,43,0,,,
43,2,True,0.477957,0.478,none,,,False,,43,0,,,
43,22,True,0.436889,0.4369,none,,,False,,43,0,,,
43,56,True,0.296005,0.296,none,,,False,,43,0,,,
43,0,True,0.686394,0.6864,none,,,False,,43,0,,,
43,24,True,0.840832,0.8408,none,,,False,,43,0,,,
43,78,True,0.302882,0.3029,none,,,False,,43,0,,,
43,75,True,0.518147,0.5181,none,,,False,,43,0,,,
43,97,True,0.562469,0.5625,none,,,False,,43,0,,,
43,42,True,0.351983,0.352,none,,,False,,43,0,,,
43,45,True,0.476732,0.4767,none,,,False,,43,0,,,
43,88,True,0.476169,0.4762,none,,,False,,43,0,,,
43,81,True,0.678138,0.6781,none,,,False,,43,0,,,
43,98,True,0.234107,0.2341,none,,,False,,43,0,,,
43,59,True,1.100444,1.1004,none,,,False,,43,0,,,
44,94,True,0.680993,0.681,none,,,False,,44,0,,,
44,59,True,1.086301,1.0863,none,,,False,,44,0,,,
44,81,True,0.476028,0.476,none,,,False,,44,0,,,
44,92,True,0.597172,0.5972,none,,,False,,44,0,,,
44,26,True,0.192473,0.1925,none,,,False,,44,0,,,
44,97,True,0.461077,0.4611,none,,,False,,44,0,,,
44,48,True,0.191662,0.1917,none,,,False,,44,0,,,
44,96,True,0.702783,0.7028,none,,,False,,44,0,,,
44,49,True,0.3467,0.3467,none,,,False,,44,0,,,
44,43,True,0.834117,0.8341,none,,,False,,44,0,,,
44,7,True,0.461826,0.4618,none,,,False,,44,0,,,
44,37,True,0.550924,0.5509,none,,,False,,44,0,,,
44,2,True,0.44523,0.4452,none,,,False,,44,0,,,
44,28,True,0.08933,0.0893,none,,,False,,44,0,,,
44,15,True,0.614582,0.6146,none,,,False,,44,0,,,
44,51,True,0.345501,0.3455,none,,,False,,44,0,,,
44,54,True,0.209994,0.21,none,,,False,,44,0,,,
44,63,True,0.762472,0.7625,none,,,False,,44,0,,,
44,31,True,0.977198,0.9772,none,,,False,,44,0,,,
44,50,True,0.570685,0.5707,none,,,False,,44,0,,,
44,3,True,0.827536,0.8275,none,,,False,,44,0,,,
44,40,True,0.237759,0.2378,none,,,False,,44,0,,,
44,47,True,0.360897,0.3609,none,,,False,,44,0,,,
44,73,True,0.36849,0.3685,none,,,False,,44,0,,,
44,74,True,0.495715,0.4957,none,,,False,,44,0,,,
45,10,True,1.194753,1.1948,none,,,False,,45,0,,,
45,2,True,0.327107,0.3271,none,,,False,,45,0,,,
45,64,True,0.594739,0.5947,none,,,False,,45,0,,,
45,87,True,0.27402,0.274,none,,,False,,45,0,,,
45,76,True,0.263567,0.2636,none,,,False,,45,0,,,
45,67,True,0.43757,0.4376,none,,,False,,45,0,,,
45,23,True,0.254932,0.2549,none,,,False,,45,0,,,
45,6,True,0.351328,0.3513,none,,,False,,45,0,,,
45,95,True,0.317344,0.3173,none,,,False,,45,0,,,
45,29,True,0.392556,0.3926,none,,,False,,45,0,,,
45,24,True,0.59833,0.5983,none,,,False,,45,0,,,
45,37,True,0.544437,0.5444,none,,,False,,45,0,,,
45,50,True,0.409328,0.4093,none,,,False,,45,0,,,
45,9,True,0.942513,0.9425,none,,,False,,45,0,,,
45,80,True,0.512452,0.5125,none,,,False,,45,0,,,
45,3,True,1.007401,1.0074,none,,,False,,45,0,,,
45,51,True,0.372783,0.3728,none,,,False,,45,0,,,
45,63,True,0.799075,0.7991,none,,,False,,45,0,,,
45,81,True,0.38318,0.3832,none,,,False,,45,0,,,
45,18,True,0.419551,0.4196,none,,,False,,45,0,,,
45,45,True,0.42117,0.4212,none,,,False,,45,0,,,
45,54,True,0.273949,0.2739,none,,,False,,45,0,,,
45,73,True,0.641863,0.6419,none,,,False,,45,0,,,
45,57,True,0.40083,0.4008,none,,,False,,45,0,,,
45,61,True,0.293652,0.2937,none,,,False,,45,0,,,
46,82,True,0.347016,0.347,none,,,False,,46,0,,,
46,8,True,0.721908,0.7219,none,,,False,,46,0,,,
46,86,True,0.536881,0.5369,none,,,False,,46,0,,,
46,62,True,0.380693,0.3807,none,,,False,,46,0,,,
46,5,True,1.101854,1.1019,none,,,False,,46,0,,,
46,22,True,0.309451,0.3095,none,,,False,,46,0,,,
46,28,True,0.220061,0.2201,none,,,False,,46,0,,,
46,3,True,0.916677,0.9167,none,,,False,,46,0,,,
46,98,True,0.277926,0.2779,none,,,False,,46,0,,,
46,32,True,0.625427,0.6254,none,,,False,,46,0,,,
46,40,True,0.289629,0.2896,none,,,False,,46,0,,,
46,14,True,0.171896,0.1719,none,,,False,,46,0,,,
46,64,True,0.473419,0.4734,none,,,False,,46,0,,,
46,75,True,0.382221,0.3822,none,,,False,,46,0,,,
46,41,True,0.357453,0.3575,none,,,False,,46,0,,,
46,85,True,0.408695,0.4087,none,,,False,,46,0,,,
46,61,True,0.434326,0.4343,none,,,False,,46,0,,,
46,2,True,0.637585,0.6376,none,,,False,,46,0,,,
46,30,True,0.798834,0.7988,none,,,False,,46,0,,,
46,11,True,0.457114,0.4571,none,,,False,,46,0,,,
46,19,True,0.552801,0.5528,none,,,False,,46,0,,,
46,51,True,0.33148,0.3315,none,,,False,,46,0,,,
46,88,True,0.518636,0.5186,none,,,False,,46,0,,,
46,26,True,0.271325,0.2713,none,,,False,,46,0,,,
46,69,True,0.353502,0.3535,none,,,False,,46,0,,,
47,37,True,0.494557,0.4946,none,,,False,,47,0,,,
47,46,True,0.8573,0.8573,none,,,False,,47,0,,,
47,8,True,0.629642,0.6296,none,,,False,,47,0,,,
47,11,True,0.487047,0.487,none,,,False,,47,0,,,
47,14,True,0.082206,0.0822,none,,,False,,47,0,,,
47,16,True,0.647986,0.648,none,,,False,,47,0,,,
47,84,True,0.257776,0.2578,none,,,False,,47,0,,,
47,1,True,0.713305,0.7133,none,,,False,,47,0,,,
47,27,True,0.474934,0.4749,none,,,False,,47,0,,,
47,36,True,0.273976,0.274,none,,,False,,47,0,,,
47,42,True,0.529374,0.5294,none,,,False,,47,0,,,
47,57,True,0.497492,0.4975,none,,,False,,47,0,,,
47,97,True,0.405183,0.4052,none,,,False,,47,0,,,
47,15,True,0.447262,0.4473,none,,,False,,47,0,,,
47,38,True,0.859339,0.8593,none,,,False,,47,0,,,
47,59,True,0.958419,0.9584,none,,,False,,47,0,,,
47,64,True,0.538737,0.5387,none,,,False,,47,0,,,
47,69,True,0.459373,0.4594,none,,,False,,47,0,,,
47,83,True,0.421537,0.4215,none,,,False,,47,0,,,
47,67,True,0.44692,0.4469,none,,,False,,47,0,,,
47,3,True,0.870206,0.8702,none,,,False,,47,0,,,
47,25,True,0.549594,0.5496,none,,,False,,47,0,,,
47,98,True,0.243572,0.2436,none,,,False,,47,0,,,
47,41,True,0.321006,0.321,none,,,False,,47,0,,,
47,18,True,0.310785,0.3108,none,,,False,,47,0,,,
48,73,True,0.559444,0.5594,none,,,False,,48,0,,,
48,38,True,1.045313,1.0453,none,,,False,,48,0,,,
48,60,True,0.577968,0.578,none,,,False,,48,0,,,
48,84,True,0.433292,0.4333,none,,,False,,48,0,,,
48,55,True,0.209722,0.2097,none,,,False,,48,0,,,
48,67,True,0.279734,0.2797,none,,,False,,48,0,,,
48,70,True,0.969243,0.9692,none,,,False,,48,0,,,
48,48,True,0.441491,0.4415,none,,,False,,48,0,,,
48,34,True,0.43601,0.436,none,,,False,,48,0,,,
48,96,True,0.686262,0.6863,none,,,False,,48,0,,,
48,26,True,0.314569,0.3146,none,,,False,,48,0,,,
48,78,True,0.1212,0.1212,none,,,False,,48,0,,,
48,46,True,0.52388,0.5239,none,,,False,,48,0,,,
48,71,True,0.632718,0.6327,none,,,False,,48,0,,,
48,65,True,0.801388,0.8014,none,,,False,,48,0,,,
48,7,True,0.639471,0.6395,none,,,False,,48,0,,,
48,12,True,0.552652,0.5527,none,,,False,,48,0,,,
48,88,True,0.601669,0.6017,none,,,False,,48,0,,,
48,43,True,0.7826,0.7826,none,,,False,,48,0,,,
48,6,True,0.614836,0.6148,none,,,False,,48,0,,,
48,62,True,0.399126,0.3991,none,,,False,,48,0,,,
48,58,True,0.606609,0.6066,none,,,False,,48,0,,,
48,94,True,0.787459,0.7875,none,,,False,,48,0,,,
48,10,True,1.317109,1.3171,none,,,False,,48,0,,,
48,40,True,0.275292,0.2753,none,,,False,,48,0,,,
49,36,True,0.456271,0.4563,none,,,False,,49,0,,,
49,64,True,0.725178,0.7252,none,,,False,,49,0,,,
49,49,True,0.566648,0.5666,none,,,False,,49,0,,,
49,94,True,0.69592,0.6959,none,,,False,,49,0,,,
49,82,True,0.288128,0.2881,none,,,False,,49,0,,,
49,70,True,0.586917,0.5869,none,,,False,,49,0,,,
49,10,True,1.056144,1.0561,none,,,False,,49,0,,,
49,13,True,0.542235,0.5422,none,,,False,,49,0,,,
49,79,True,0.304983,0.305,none,,,False,,49,0,,,
49,88,True,0.502592,0.5026,none,,,False,,49,0,,,
49,61,True,0.179777,0.1798,none,,,False,,49,0,,,
49,95,True,0.607814,0.6078,none,,,False,,49,0,,,
49,53,True,0.86579,0.8658,none,,,False,,49,0,,,
49,51,True,0.426335,0.4263,none,,,False,,49,0,,,
49,42,True,0.441106,0.4411,none,,,False,,49,0,,,
49,74,True,0.72645,0.7264,none,,,False,,49,0,,,
49,85,True,0.244761,0.2448,none,,,False,,49,0,,,
49,31,True,1.143004,1.143,none,,,False,,49,0,,,
49,14,True,0.184513,0.1845,none,,,False,,49,0,,,
49,84,True,0.317353,0.3174,none,,,False,,49,0,,,
49,91,True,0.498973,0.499,none,,,False,,49,0,,,
49,68,True,0.72012,0.7201,none,,,False,,49,0,,,
49,98,True,0.385729,0.3857,none,,,False,,49,0,,,
49,39,True,0.799521,0.7995,none,,,False,,49,0,,,
49,33,True,0.31176,0.3118,none,,,False,,49,0,,,
50,55,True,0.333291,0.3333,none,,,False,,50,0,,,
50,80,True,0.503381,0.5034,none,,,False,,50,0,,,
50,94,True,0.841834,0.8418,none,,,False,,50,0,,,
50,47,True,0.414994,0.415,none,,,False,,50,0,,,
50,90,True,0.657615,0.6576,none,,,False,,50,0,,,
50,91,True,0.152123,0.1521,none,,,False,,50,0,,,
50,95,True,0.744327,0.7443,none,,,False,,50,0,,,
50,58,True,0.505483,0.5055,none,,,False,,50,0,,,
50,67,True,0.516014,0.516,none,,,False,,50,0,,,
50,72,True,0.325489,0.3255,none,,,False,,50,0,,,
50,82,True,0.407869,0.4079,none,,,False,,50,0,,,
50,64,True,0.469188,0.4692,none,,,False,,50,0,,,
50,89,True,0.534804,0.5348,none,,,False,,50,0,,,
50,35,True,0.526074,0.5261,none,,,False,,50,0,,,
50,11,True,0.517756,0.5178,none,,,False,,50,0,,,
50,98,True,0.35648,0.3565,none,,,False,,50,0,,,
50,30,True,0.653759,0.6538,none,,,False,,50,0,,,
50,38,True,0.919557,0.9196,none,,,False,,50,0,,,
50,4,True,0.415186,0.4152,none,,,False,,50,0,,,
50,88,True,0.485899,0.4859,none,,,False,,50,0,,,
50,9,True,0.623931,0.6239,none,,,False,,50,0,,,
50,56,True,0.239151,0.2392,none,,,False,,50,0,,,
50,37,True,0.452303,0.4523,none,,,False,,50,0,,,
50,70,True,0.855756,0.8558,none,,,False,,50,0,,,
50,81,True,0.495224,0.4952,none,,,False,,50,0,,,
51,25,True,0.428295,0.4283,none,,,False,,51,0,,,
51,15,True,0.742904,0.7429,none,,,False,,51,0,,,
51,20,True,0.388271,0.3883,none,,,False,,51,0,,,
51,12,True,0.982147,0.9821,none,,,False,,51,0,,,
51,91,True,0.34301,0.343,none,,,False,,51,0,,,
51,64,True,0.402021,0.402,none,,,False,,51,0,,,
51,96,True,0.708219,0.7082,none,,,False,,51,0,,,
51,89,True,0.481063,0.4811,none,,,False,,51,0,,,
51,70,True,0.871826,0.8718,none,,,False,,51,0,,,
51,10,True,1.124518,1.1245,none,,,False,,51,0,,,
51,92,True,0.758348,0.7583,none,,,False,,51,0,,,
51,6,True,0.666704,0.6667,none,,,False,,51,0,,,
51,5,True,1.107036,1.107,none,,,False,,51,0,,,
51,63,True,0.806368,0.8064,none,,,False,,51,0,,,
51,17,True,0.541652,0.5417,none,,,False,,51,0,,,
51,80,True,0.492213,0.4922,none,,,False,,51,0,,,
51,45,True,0.440119,0.4401,none,,,False,,51,0,,,
51,55,True,0.265332,0.2653,none,,,False,,51,0,,,
51,48,True,0.361081,0.3611,none,,,False,,51,0,,,
51,41,True,0.476706,0.4767,none,,,False,,51,0,,,
51,67,True,0.336379,0.3364,none,,,False,,51,0,,,
51,53,True,0.567543,0.5675,none,,,False,,51,0,,,
51,61,True,0.44285,0.4429,none,,,False,,51,0,,,
51,18,True,1.182959,1.183,none,,,False,,51,0,,,
51,50,True,0.414713,0.4147,none,,,False,,51,0,,,
52,47,True,0.365976,0.366,none,,,False,,52,0,,,
52,60,True,0.504989,0.505,none,,,False,,52,0,,,
52,15,True,0.536103,0.5361,none,,,False,,52,0,,,
52,44,True,0.502679,0.5027,none,,,False,,52,0,,,
52,22,True,0.31586,0.3159,none,,,False,,52,0,,,
52,65,True,0.683173,0.6832,none,,,False,,52,0,,,
52,84,True,0.279132,0.2791,none,,,False,,52,0,,,
52,12,True,0.777028,0.777,none,,,False,,52,0,,,
52,80,True,0.527417,0.5274,none,,,False,,52,0,,,
52,67,True,0.522693,0.5227,none,,,False,,52,0,,,
52,7,True,0.575587,0.5756,none,,,False,,52,0,,,
52,85,True,0.373943,0.3739,none,,,False,,52,0,,,
52,94,True,0.821174,0.8212,none,,,False,,52,0,,,
52,75,True,0.57207,0.5721,none,,,False,,52,0,,,
52,64,True,0.519315,0.5193,none,,,False,,52,0,,,
52,50,True,0.376509,0.3765,none,,,False,,52,0,,,
52,20,True,0.34993,0.3499,none,,,False,,52,0,,,
52,3,True,0.895185,0.8952,none,,,False,,52,0,,,
52,59,True,1.164126,1.1641,none,,,False,,52,0,,,
52,28,True,0.170061,0.1701,none,,,False,,52,0,,,
52,34,True,0.717163,0.7172,none,,,False,,52,0,,,
52,52,True,0.25415,0.2541,none,,,False,,52,0,,,
52,82,True,0.360603,0.3606,none,,,False,,52,0,,,
52,17,True,0.448489,0.4485,none,,,False,,52,0,,,
52,5,True,0.798286,0.7983,none,,,False,,52,0,,,
53,54,True,0.227273,0.2273,none,,,False,,53,0,,,
53,55,True,0.344742,0.3447,none,,,False,,53,0,,,
53,9,True,0.724653,0.7247,none,,,False,,53,0,,,
53,23,True,0.546353,0.5464,none,,,False,,53,0,,,
53,62,True,0.316022,0.316,none,,,False,,53,0,,,
53,80,True,0.237964,0.238,none,,,False,,53,0,,,
53,89,True,0.602768,0.6028,none,,,False,,53,0,,,
53,90,True,0.521498,0.5215,none,,,False,,53,0,,,
53,86,True,0.715297,0.7153,none,,,False,,53,0,,,
53,66,True,0.726306,0.7263,none,,,False,,53,0,,,
53,43,True,0.639548,0.6395,none,,,False,,53,0,,,
53,77,True,0.363245,0.3632,none,,,False,,53,0,,,
53,74,True,0.874551,0.8746,none,,,False,,53,0,,,
53,97,True,0.694199,0.6942,none,,,False,,53,0,,,
53,6,True,0.43574,0.4357,none,,,False,,53,0,,,
53,36,True,0.355498,0.3555,none,,,False,,53,0,,,
53,91,True,0.535463,0.5355,none,,,False,,53,0,,,
53,68,True,0.709876,0.7099,none,,,False,,53,0,,,
53,11,True,-0.017172,-0.0172,none,,,False,,53,0,,,
53,58,True,0.627555,0.6276,none,,,False,,53,0,,,
53,65,True,0.529686,0.5297,none,,,False,,53,0,,,
53,63,True,0.82527,0.8253,none,,,False,,53,0,,,
53,38,True,0.992717,0.9927,none,,,False,,53,0,,,
53,56,True,0.302247,0.3022,none,,,False,,53,0,,,
53,19,True,0.734339,0.7343,none,,,False,,53,0,,,
54,10,True,1.0034,1.0034,none,,,False,,54,0,,,
54,43,True,0.71412,0.7141,none,,,False,,54,0,,,
54,23,True,0.618714,0.6187,none,,,False,,54,0,,,
54,71,True,0.353235,0.3532,none,,,False,,54,0,,,
54,88,True,0.525975,0.526,none,,,False,,54,0,,,
54,16,True,0.668479,0.6685,none,,,False,,54,0,,,
54,42,True,0.425918,0.4259,none,,,False,,54,0,,,
54,94,True,0.766215,0.7662,none,,,False,,54,0,,,
54,17,True,0.504505,0.5045,none,,,False,,54,0,,,
54,29,True,0.336069,0.3361,none,,,False,,54,0,,,
54,2,True,0.627639,0.6276,none,,,False,,54,0,,,
54,86,True,0.093433,0.0934,none,,,False,,54,0,,,
54,3,True,0.938829,0.9388,none,,,False,,54,0,,,
54,75,True,0.447212,0.4472,none,,,False,,54,0,,,
54,59,True,1.195068,1.1951,none,,,False,,54,0,,,
54,84,True,0.520656,0.5207,none,,,False,,54,0,,,
54,33,True,0.402987,0.403,none,,,False,,54,0,,,
54,20,True,0.37679,0.3768,none,,,False,,54,0,,,
54,48,True,0.368637,0.3686,none,,,False,,54,0,,,
54,32,True,0.669117,0.6691,none,,,False,,54,0,,,
54,11,True,0.49172,0.4917,none,,,False,,54,0,,,
54,64,True,0.465841,0.4658,none,,,False,,54,0,,,
54,41,True,0.450478,0.4505,none,,,False,,54,0,,,
54,36,True,0.336818,0.3368,none,,,False,,54,0,,,
54,98,True,0.153071,0.1531,none,,,False,,54,0,,,
55,47,True,0.389687,0.3897,none,,,False,,55,0,,,
55,14,True,0.12395,0.124,none,,,False,,55,0,,,
55,44,True,0.532443,0.5324,none,,,False,,55,0,,,
55,74,True,0.65526,0.6553,none,,,False,,55,0,,,
55,77,True,0.55287,0.5529,none,,,False,,55,0,,,
55,84,True,0.264824,0.2648,none,,,False,,55,0,,,
55,64,True,0.583694,0.5837,none,,,False,,55,0,,,
55,87,True,0.211167,0.2112,none,,,False,,55,0,,,
55,96,True,0.521073,0.5211,none,,,False,,55,0,,,
55,22,True,0.244432,0.2444,none,,,False,,55,0,,,
55,19,True,0.691563,0.6916,none,,,False,,55,0,,,
55,79,True,0.373144,0.3731,none,,,False,,55,0,,,
55,8,True,0.56575,0.5657,none,,,False,,55,0,,,
55,1,True,0.884078,0.8841,none,,,False,,55,0,,,
55,42,True,0.400478,0.4005,none,,,False,,55,0,,,
55,94,True,0.739943,0.7399,none,,,False,,55,0,,,
55,37,True,0.566417,0.5664,none,,,False,,55,0,,,
55,16,True,0.738569,0.7386,none,,,False,,55,0,,,
55,43,True,0.816385,0.8164,none,,,False,,55,0,,,
55,29,True,0.359107,0.3591,none,,,False,,55,0,,,
55,49,True,0.554139,0.5541,none,,,False,,55,0,,,
55,92,True,0.810761,0.8108,none,,,False,,55,0,,,
55,89,True,0.604853,0.6049,none,,,False,,55,0,,,
55,61,True,0.44274,0.4427,none,,,False,,55,0,,,
55,59,True,0.935447,0.9354,none,,,False,,55,0,,,
56,95,True,0.699552,0.6996,none,,,False,,56,0,,,
56,44,True,0.442004,0.442,none,,,False,,56,0,,,
56,49,True,0.526197,0.5262,none,,,False,,56,0,,,
56,7,True,0.683514,0.6835,none,,,False,,56,0,,,
56,4,True,0.313524,0.3135,none,,,False,,56,0,,,
56,61,True,0.429572,0.4296,none,,,False,,56,0,,,
56,11,True,0.572061,0.5721,none,,,False,,56,0,,,
56,59,True,1.036083,1.0361,none,,,False,,56,0,,,
56,22,True,0.336841,0.3368,none,,,False,,56,0,,,
56,65,True,0.765927,0.7659,none,,,False,,56,0,,,
56,99,True,0.830778,0.8308,none,,,False,,56,0,,,
56,47,True,0.280769,0.2808,none,,,False,,56,0,,,
56,18,True,1.174654,1.1747,none,,,False,,56,0,,,
56,98,True,0.333726,0.3337,none,,,False,,56,0,,,
56,29,True,0.357203,0.3572,none,,,False,,56,0,,,
56,54,True,0.321592,0.3216,none,,,False,,56,0,,,
56,94,True,0.91539,0.9154,none,,,False,,56,0,,,
56,84,True,0.351714,0.3517,none,,,False,,56,0,,,
56,82,True,0.513175,0.5132,none,,,False,,56,0,,,
56,70,True,0.887689,0.8877,none,,,False,,56,0,,,
56,9,True,0.59848,0.5985,none,,,False,,56,0,,,
56,13,True,0.688017,0.688,none,,,False,,56,0,,,
56,97,True,0.318627,0.3186,none,,,False,,56,0,,,
56,69,True,0.423254,0.4233,none,,,False,,56,0,,,
56,81,True,0.54106,0.5411,none,,,False,,56,0,,,
57,97,True,0.508733,0.5087,none,,,False,,57,0,,,
57,34,True,0.65736,0.6574,none,,,False,,57,0,,,
57,8,True,0.667282,0.6673,none,,,False,,57,0,,,
57,57,True,0.405363,0.4054,none,,,False,,57,0,,,
57,12,True,0.855383,0.8554,none,,,False,,57,0,,,
57,26,True,0.433652,0.4337,none,,,False,,57,0,,,
57,19,True,0.703384,0.7034,none,,,False,,57,0,,,
57,16,True,0.626268,0.6263,none,,,False,,57,0,,,
57,4,True,0.443637,0.4436,none,,,False,,57,0,,,
57,18,True,1.136366,1.1364,none,,,False,,57,0,,,
57,81,True,0.664436,0.6644,none,,,False,,57,0,,,
57,47,True,0.321665,0.3217,none,,,False,,57,0,,,
57,74,True,0.64364,0.6436,none,,,False,,57,0,,,
57,78,True,0.281895,0.2819,none,,,False,,57,0,,,
57,41,True,0.449631,0.4496,none,,,False,,57,0,,,
57,6,True,0.568357,0.5684,none,,,False,,57,0,,,
57,84,True,0.33631,0.3363,none,,,False,,57,0,,,
57,17,True,0.473694,0.4737,none,,,False,,57,0,,,
57,2,True,0.631948,0.6319,none,,,False,,57,0,,,
57,79,True,0.288565,0.2886,none,,,False,,57,0,,,
57,24,True,0.749913,0.7499,none,,,False,,57,0,,,
57,11,True,0.483685,0.4837,none,,,False,,57,0,,,
57,9,True,0.741558,0.7416,none,,,False,,57,0,,,
57,13,True,0.614232,0.6142,none,,,False,,57,0,,,
57,23,True,0.64488,0.6449,none,,,False,,57,0,,,
58,18,True,0.988269,0.9883,none,,,False,,58,0,,,
58,31,True,0.893456,0.8935,none,,,False,,58,0,,,
58,38,True,1.141813,1.1418,none,,,False,,58,0,,,
58,52,True,0.395161,0.3952,none,,,False,,58,0,,,
58,60,True,0.490346,0.4903,none,,,False,,58,0,,,
58,12,True,0.794389,0.7944,none,,,False,,58,0,,,
58,87,True,0.353796,0.3538,none,,,False,,58,0,,,
58,10,True,1.173083,1.1731,none,,,False,,58,0,,,
58,37,True,0.400608,0.4006,none,,,False,,58,0,,,
58,70,True,0.967958,0.968,none,,,False,,58,0,,,
58,5,True,0.734221,0.7342,none,,,False,,58,0,,,
58,56,True,0.210291,0.2103,none,,,False,,58,0,,,
58,16,True,0.490752,0.4908,none,,,False,,58,0,,,
58,63,True,0.782428,0.7824,none,,,False,,58,0,,,
58,90,True,0.631395,0.6314,none,,,False,,58,0,,,
58,20,True,0.312029,0.312,none,,,False,,58,0,,,
58,94,True,0.937145,0.9371,none,,,False,,58,0,,,
58,64,True,0.557704,0.5577,none,,,False,,58,0,,,
58,84,True,-0.042393,-0.0424,none,,,False,,58,0,,,
58,85,True,0.391097,0.3911,none,,,False,,58,0,,,
58,97,True,0.455891,0.4559,none,,,False,,58,0,,,
58,80,True,0.411484,0.4115,none,,,False,,58,0,,,
58,21,True,0.298525,0.2985,none,,,False,,58,0,,,
58,2,True,0.576837,0.5768,none,,,False,,58,0,,,
58,66,True,0.599596,0.5996,none,,,False,,58,0,,,
59,37,True,0.323077,0.3231,none,,,False,,59,0,,,
59,18,True,1.06462,1.0646,none,,,False,,59,0,,,
59,4,True,0.391166,0.3912,none,,,False,,59,0,,,
59,81,True,0.570144,0.5701,none,,,False,,59,0,,,
59,20,True,0.336416,0.3364,none,,,False,,59,0,,,
59,62,True,0.369274,0.3693,none,,,False,,59,0,,,
59,84,True,0.32674,0.3267,none,,,False,,59,0,,,
59,79,True,0.477174,0.4772,none,,,False,,59,0,,,
59,78,True,0.242577,0.2426,none,,,False,,59,0,,,
59,2,True,0.581124,0.5811,none,,,False,,59,0,,,
59,16,True,0.719195,0.7192,none,,,False,,59,0,,,
59,80,True,0.579751,0.5798,none,,,False,,59,0,,,
59,86,True,0.58554,0.5855,none,,,False,,59,0,,,
59,88,True,0.524557,0.5246,none,,,False,,59,0,,,
59,72,True,0.277124,0.2771,none,,,False,,59,0,,,
59,19,True,0.579699,0.5797,none,,,False,,59,0,,,
59,65,True,0.734654,0.7347,none,,,False,,59,0,,,
59,10,True,0.830158,0.8302,none,,,False,,59,0,,,
59,60,True,0.378898,0.3789,none,,,False,,59,0,,,
59,66,True,0.550861,0.5509,none,,,False,,59,0,,,
59,93,True,0.927622,0.9276,none,,,False,,59,0,,,
59,15,True,0.494195,0.4942,none,,,False,,59,0,,,
59,87,True,0.14709,0.1471,none,,,False,,59,0,,,
59,71,True,0.429385,0.4294,none,,,False,,59,0,,,
59,53,True,0.728789,0.7288,none,,,False,,59,0,,,
60,99,True,0.830833,0.8308,none,,,False,,60,0,,,
60,37,True,0.30709,0.3071,none,,,False,,60,0,,,
60,75,True,0.424806,0.4248,none,,,False,,60,0,,,
60,95,True,0.603608,0.6036,none,,,False,,60,0,,,
60,43,True,0.783997,0.784,none,,,False,,60,0,,,
60,93,True,0.79711,0.7971,none,,,False,,60,0,,,
60,66,True,0.53733,0.5373,none,,,False,,60,0,,,
60,55,True,0.405562,0.4056,none,,,False,,60,0,,,
60,2,True,0.558598,0.5586,none,,,False,,60,0,,,
60,27,True,0.696539,0.6965,none,,,False,,60,0,,,
60,47,True,0.347974,0.348,none,,,False,,60,0,,,
60,58,True,0.608381,0.6084,none,,,False,,60,0,,,
60,96,True,0.543498,0.5435,none,,,False,,60,0,,,
60,15,True,0.45262,0.4526,none,,,False,,60,0,,,
60,61,True,0.38566,0.3857,none,,,False,,60,0,,,
60,85,True,0.404018,0.404,none,,,False,,60,0,,,
60,9,True,0.612402,0.6124,none,,,False,,60,0,,,
60,45,True,0.442227,0.4422,none,,,False,,60,0,,,
60,19,True,0.458113,0.4581,none,,,False,,60,0,,,
60,38,True,1.174294,1.1743,none,,,False,,60,0,,,
60,3,True,1.083305,1.0833,none,,,False,,60,0,,,
60,32,True,0.558354,0.5584,none,,,False,,60,0,,,
60,92,True,0.742798,0.7428,none,,,False,,60,0,,,
60,39,True,0.674072,0.6741,none,,,False,,60,0,,,
60,91,True,0.391905,0.3919,none,,,False,,60,0,,,
61,62,True,0.226084,0.2261,none,,,False,,61,0,,,
61,21,True,0.328228,0.3282,none,,,False,,61,0,,,
61,8,True,0.680319,0.6803,none,,,False,,61,0,,,
61,75,True,0.38106,0.3811,none,,,False,,61,0,,,
61,22,True,0.402587,0.4026,none,,,False,,61,0,,,
61,74,True,0.900208,0.9002,none,,,False,,61,0,,,
61,81,True,0.832688,0.8327,none,,,False,,61,0,,,
61,96,True,0.453817,0.4538,none,,,False,,61,0,,,
61,45,True,0.435911,0.4359,none,,,False,,61,0,,,
61,36,True,0.423571,0.4236,none,,,False,,61,0,,,
61,97,True,0.760097,0.7601,none,,,False,,61,0,,,
61,3,True,0.899328,0.8993,none,,,False,,61,0,,,
61,39,True,0.833927,0.8339,none,,,False,,61,0,,,
61,35,True,0.608806,0.6088,none,,,False,,61,0,,,
61,78,True,0.23319,0.2332,none,,,False,,61,0,,,
61,18,True,1.272134,1.2721,none,,,False,,61,0,,,
61,57,True,0.550276,0.5503,none,,,False,,61,0,,,
61,7,True,0.69763,0.6976,none,,,False,,61,0,,,
61,66,True,0.350262,0.3503,none,,,False,,61,0,,,
61,13,True,0.567534,0.5675,none,,,False,,61,0,,,
61,92,True,0.910339,0.9103,none,,,False,,61,0,,,
61,85,True,0.389239,0.3892,none,,,False,,61,0,,,
61,79,True,0.498532,0.4985,none,,,False,,61,0,,,
61,5,True,1.038504,1.0385,none,,,False,,61,0,,,
61,33,True,0.300587,0.3006,none,,,False,,61,0,,,
62,81,True,0.513825,0.5138,none,,,False,,62,0,,,
62,61,True,0.265078,0.2651,none,,,False,,62,0,,,
62,47,True,0.428803,0.4288,none,,,False,,62,0,,,
62,88,True,0.565787,0.5658,none,,,False,,62,0,,,
62,80,True,0.527503,0.5275,none,,,False,,62,0,,,
62,96,True,0.360331,0.3603,none,,,False,,62,0,,,
62,37,True,0.498939,0.4989,none,,,False,,62,0,,,
62,60,True,0.474665,0.4747,none,,,False,,62,0,,,
62,63,True,0.773324,0.7733,none,,,False,,62,0,,,
62,6,True,0.631862,0.6319,none,,,False,,62,0,,,
62,76,True,0.487581,0.4876,none,,,False,,62,0,,,
62,94,True,0.691119,0.6911,none,,,False,,62,0,,,
62,33,True,0.371953,0.372,none,,,False,,62,0,,,
62,78,True,0.2962,0.2962,none,,,False,,62,0,,,
62,25,True,0.525123,0.5251,none,,,False,,62,0,,,
62,19,True,0.789087,0.7891,none,,,False,,62,0,,,
62,44,True,0.518022,0.518,none,,,False,,62,0,,,
62,23,True,0.647634,0.6476,none,,,False,,62,0,,,
62,87,True,0.245744,0.2457,none,,,False,,62,0,,,
62,43,True,0.76271,0.7627,none,,,False,,62,0,,,
62,1,True,0.834543,0.8345,none,,,False,,62,0,,,
62,97,True,0.587122,0.5871,none,,,False,,62,0,,,
62,56,True,0.156048,0.156,none,,,False,,62,0,,,
62,90,True,0.632397,0.6324,none,,,False,,62,0,,,
62,84,True,0.194036,0.194,none,,,False,,62,0,,,
63,16,True,0.777049,0.777,none,,,False,,63,0,,,
63,9,True,0.556406,0.5564,none,,,False,,63,0,,,
63,13,True,0.687243,0.6872,none,,,False,,63,0,,,
63,82,True,0.552306,0.5523,none,,,False,,63,0,,,
63,22,True,0.526147,0.5261,none,,,False,,63,0,,,
63,23,True,0.526412,0.5264,none,,,False,,63,0,,,
63,14,True,0.3018,0.3018,none,,,False,,63,0,,,
63,30,True,0.944502,0.9445,none,,,False,,63,0,,,
63,63,True,0.715646,0.7156,none,,,False,,63,0,,,
63,92,True,0.945253,0.9453,none,,,False,,63,0,,,
63,98,True,0.289427,0.2894,none,,,False,,63,0,,,
63,43,True,0.617614,0.6176,none,,,False,,63,0,,,
63,79,True,0.754839,0.7548,none,,,False,,63,0,,,
63,11,True,0.488105,0.4881,none,,,False,,63,0,,,
63,62,True,0.339126,0.3391,none,,,False,,63,0,,,
63,21,True,0.289896,0.2899,none,,,False,,63,0,,,
63,73,True,0.429876,0.4299,none,,,False,,63,0,,,
63,66,True,0.402812,0.4028,none,,,False,,63,0,,,
63,77,True,0.555044,0.555,none,,,False,,63,0,,,
63,25,True,0.274854,0.2749,none,,,False,,63,0,,,
63,38,True,1.16397,1.164,none,,,False,,63,0,,,
63,26,True,0.345482,0.3455,none,,,False,,63,0,,,
63,52,True,0.579533,0.5795,none,,,False,,63,0,,,
63,49,True,0.654568,0.6546,none,,,False,,63,0,,,
63,94,True,0.920616,0.9206,none,,,False,,63,0,,,
64,76,True,0.417461,0.4175,none,,,False,,64,0,,,
64,12,True,0.682305,0.6823,none,,,False,,64,0,,,
64,70,True,1.08721,1.0872,none,,,False,,64,0,,,
64,15,True,0.512779,0.5128,none,,,False,,64,0,,,
64,61,True,0.404324,0.4043,none,,,False,,64,0,,,
64,91,True,0.392756,0.3928,none,,,False,,64,0,,,
64,25,True,0.329256,0.3293,none,,,False,,64,0,,,
64,83,True,0.445779,0.4458,none,,,False,,64,0,,,
64,87,True,0.222092,0.2221,none,,,False,,64,0,,,
64,92,True,0.848085,0.8481,none,,,False,,64,0,,,
64,33,True,0.426613,0.4266,none,,,False,,64,0,,,
64,10,True,1.043726,1.0437,none,,,False,,64,0,,,
64,30,True,0.568061,0.5681,none,,,False,,64,0,,,
64,67,True,0.634542,0.6345,none,,,False,,64,0,,,
64,89,True,0.454006,0.454,none,,,False,,64,0,,,
64,41,True,0.55656,0.5566,none,,,False,,64,0,,,
64,35,True,0.65007,0.6501,none,,,False,,64,0,,,
64,62,True,0.298523,0.2985,none,,,False,,64,0,,,
64,29,True,0.369993,0.37,none,,,False,,64,0,,,
64,32,True,0.613601,0.6136,none,,,False,,64,0,,,
64,39,True,0.758609,0.7586,none,,,False,,64,0,,,
64,16,True,0.680326,0.6803,none,,,False,,64,0,,,
64,47,True,0.295086,0.2951,none,,,False,,64,0,,,
64,43,True,0.725314,0.7253,none,,,False,,64,0,,,
64,36,True,0.333994,0.334,none,,,False,,64,0,,,
65,9,True,0.558869,0.5589,none,,,False,,65,0,,,
65,10,True,0.871824,0.8718,none,,,False,,65,0,,,
65,13,True,0.560246,0.5602,none,,,False,,65,0,,,
65,61,True,0.45242,0.4524,none,,,False,,65,0,,,
65,25,True,0.362295,0.3623,none,,,False,,65,0,,,
65,26,True,0.323781,0.3238,none,,,False,,65,0,,,
65,23,True,0.686732,0.6867,none,,,False,,65,0,,,
65,45,True,0.376688,0.3767,none,,,False,,65,0,,,
65,4,True,0.333324,0.3333,none,,,False,,65,0,,,
65,37,True,0.368108,0.3681,none,,,False,,65,0,,,
65,22,True,0.279814,0.2798,none,,,False,,65,0,,,
65,65,True,0.655097,0.6551,none,,,False,,65,0,,,
65,1,True,0.676762,0.6768,none,,,False,,65,0,,,
65,24,True,0.688076,0.6881,none,,,False,,65,0,,,
65,87,True,0.350566,0.3506,none,,,False,,65,0,,,
65,29,True,0.385446,0.3854,none,,,False,,65,0,,,
65,97,True,0.463846,0.4638,none,,,False,,65,0,,,
65,98,True,0.299928,0.2999,none,,,False,,65,0,,,
65,50,True,0.408666,0.4087,none,,,False,,65,0,,,
65,41,True,0.493345,0.4933,none,,,False,,65,0,,,
65,46,True,0.741923,0.7419,none,,,False,,65,0,,,
65,54,True,0.317549,0.3175,none,,,False,,65,0,,,
65,30,True,0.576511,0.5765,none,,,False,,65,0,,,
65,39,True,0.569703,0.5697,none,,,False,,65,0,,,
65,74,True,0.570449,0.5704,none,,,False,,65,0,,,
66,42,True,0.428334,0.4283,none,,,False,,66,0,,,
66,71,True,0.45195,0.452,none,,,False,,66,0,,,
66,61,True,0.263698,0.2637,none,,,False,,66,0,,,
66,81,True,0.704071,0.7041,none,,,False,,66,0,,,
66,9,True,0.553767,0.5538,none,,,False,,66,0,,,
66,48,True,0.420975,0.421,none,,,False,,66,0,,,
66,87,True,0.273835,0.2738,none,,,False,,66,0,,,
66,0,True,0.754343,0.7543,none,,,False,,66,0,,,
66,51,True,0.595828,0.5958,none,,,False,,66,0,,,
66,36,True,0.350476,0.3505,none,,,False,,66,0,,,
66,86,True,0.41411,0.4141,none,,,False,,66,0,,,
66,14,True,0.291998,0.292,none,,,False,,66,0,,,
66,46,True,0.500606,0.5006,none,,,False,,66,0,,,
66,2,True,0.666615,0.6666,none,,,False,,66,0,,,
66,1,True,0.514681,0.5147,none,,,False,,66,0,,,
66,6,True,0.438246,0.4382,none,,,False,,66,0,,,
66,79,True,0.621625,0.6216,none,,,False,,66,0,,,
66,75,True,0.44911,0.4491,none,,,False,,66,0,,,
66,60,True,0.618311,0.6183,none,,,False,,66,0,,,
66,32,True,0.728811,0.7288,none,,,False,,66,0,,,
66,15,True,0.445221,0.4452,none,,,False,,66,0,,,
66,58,True,0.601411,0.6014,none,,,False,,66,0,,,
66,95,True,0.298241,0.2982,none,,,False,,66,0,,,
66,82,True,0.504378,0.5044,none,,,False,,66,0,,,
66,7,True,0.42841,0.4284,none,,,False,,66,0,,,
67,7,True,0.494325,0.4943,none,,,False,,67,0,,,
67,97,True,0.597477,0.5975,none,,,False,,67,0,,,
67,98,True,0.212303,0.2123,none,,,False,,67,0,,,
67,94,True,0.854778,0.8548,none,,,False,,67,0,,,
67,34,True,0.700725,0.7007,none,,,False,,67,0,,,
67,29,True,0.447598,0.4476,none,,,False,,67,0,,,
67,71,True,0.483513,0.4835,none,,,False,,67,0,,,
67,9,True,0.639298,0.6393,none,,,False,,67,0,,,
67,50,True,0.454307,0.4543,none,,,False,,67,0,,,
67,99,True,0.828823,0.8288,none,,,False,,67,0,,,
67,67,True,0.558888,0.5589,none,,,False,,67,0,,,
67,33,True,0.352718,0.3527,none,,,False,,67,0,,,
67,18,True,1.268218,1.2682,none,,,False,,67,0,,,
67,84,True,0.331569,0.3316,none,,,False,,67,0,,,
67,32,True,0.782928,0.7829,none,,,False,,67,0,,,
67,55,True,0.182631,0.1826,none,,,False,,67,0,,,
67,74,True,0.711152,0.7112,none,,,False,,67,0,,,
67,96,True,0.547552,0.5476,none,,,False,,67,0,,,
67,70,True,1.154294,1.1543,none,,,False,,67,0,,,
67,72,True,0.382148,0.3821,none,,,False,,67,0,,,
67,76,True,0.326357,0.3264,none,,,False,,67,0,,,
67,57,True,0.463934,0.4639,none,,,False,,67,0,,,
67,92,True,0.77495,0.7749,none,,,False,,67,0,,,
67,14,True,0.167911,0.1679,none,,,False,,67,0,,,
67,91,True,0.473916,0.4739,none,,,False,,67,0,,,
68,19,True,0.58072,0.5807,none,,,False,,68,0,,,
68,4,True,0.451198,0.4512,none,,,False,,68,0,,,
68,24,True,0.684724,0.6847,none,,,False,,68,0,,,
68,85,True,0.435025,0.435,none,,,False,,68,0,,,
68,49,True,0.628653,0.6287,none,,,False,,68,0,,,
68,16,True,0.393374,0.3934,none,,,False,,68,0,,,
68,90,True,0.704937,0.7049,none,,,False,,68,0,,,
68,86,True,-0.063199,-0.0632,none,,,False,,68,0,,,
68,6,True,0.412731,0.4127,none,,,False,,68,0,,,
68,48,True,0.012287,0.0123,none,,,False,,68,0,,,
68,51,True,0.371397,0.3714,none,,,False,,68,0,,,
68,61,True,0.24343,0.2434,none,,,False,,68,0,,,
68,57,True,0.454424,0.4544,none,,,False,,68,0,,,
68,31,True,0.756403,0.7564,none,,,False,,68,0,,,
68,0,True,0.646462,0.6465,none,,,False,,68,0,,,
68,47,True,0.346218,0.3462,none,,,False,,68,0,,,
68,79,True,0.349489,0.3495,none,,,False,,68,0,,,
68,84,True,0.16261,0.1626,none,,,False,,68,0,,,
68,32,True,0.308204,0.3082,none,,,False,,68,0,,,
68,69,True,0.339995,0.34,none,,,False,,68,0,,,
68,52,True,0.221385,0.2214,none,,,False,,68,0,,,
68,30,True,0.639078,0.6391,none,,,False,,68,0,,,
68,89,True,0.539283,0.5393,none,,,False,,68,0,,,
68,7,True,0.629241,0.6292,none,,,False,,68,0,,,
68,73,True,0.355206,0.3552,none,,,False,,68,0,,,
69,36,True,0.339738,0.3397,none,,,False,,69,0,,,
69,85,True,0.281524,0.2815,none,,,False,,69,0,,,
69,79,True,0.358949,0.3589,none,,,False,,69,0,,,
69,72,True,0.28987,0.2899,none,,,False,,69,0,,,
69,44,True,0.606022,0.606,none,,,False,,69,0,,,
69,54,True,0.254608,0.2546,none,,,False,,69,0,,,
69,40,True,0.364778,0.3648,none,,,False,,69,0,,,
69,25,True,0.304243,0.3042,none,,,False,,69,0,,,
69,80,True,0.443716,0.4437,none,,,False,,69,0,,,
69,77,True,0.399949,0.3999,none,,,False,,69,0,,,
69,65,True,0.392673,0.3927,none,,,False,,69,0,,,
69,1,True,0.681344,0.6813,none,,,False,,69,0,,,
69,41,True,0.23262,0.2326,none,,,False,,69,0,,,
69,15,True,0.497952,0.498,none,,,False,,69,0,,,
69,13,True,0.714787,0.7148,none,,,False,,69,0,,,
69,87,True,-0.489107,-0.4891,none,,,False,,69,0,,,
69,0,True,0.301708,0.3017,none,,,False,,69,0,,,
69,55,True,0.247234,0.2472,none,,,False,,69,0,,,
69,20,True,0.412274,0.4123,none,,,False,,69,0,,,
69,99,True,0.912905,0.9129,none,,,False,,69,0,,,
69,26,True,0.31326,0.3133,none,,,False,,69,0,,,
69,64,True,0.581255,0.5813,none,,,False,,69,0,,,
69,59,True,0.962412,0.9624,none,,,False,,69,0,,,
69,78,True,0.262814,0.2628,none,,,False,,69,0,,,
69,18,True,1.243356,1.2434,none,,,False,,69,0,,,
70,57,True,0.577637,0.5776,none,,,False,,70,0,,,
70,92,True,0.867077,0.8671,none,,,False,,70,0,,,
70,72,True,0.285289,0.2853,none,,,False,,70,0,,,
70,96,True,0.576823,0.5768,none,,,False,,70,0,,,
70,40,True,0.387525,0.3875,none,,,False,,70,0,,,
70,14,True,0.194914,0.1949,none,,,False,,70,0,,,
70,29,True,0.427795,0.4278,none,,,False,,70,0,,,
70,49,True,0.497192,0.4972,none,,,False,,70,0,,,
70,71,True,0.723551,0.7236,none,,,False,,70,0,,,
70,87,True,-0.020274,-0.0203,none,,,False,,70,0,,,
70,80,True,0.564663,0.5647,none,,,False,,70,0,,,
70,11,True,0.587761,0.5878,none,,,False,,70,0,,,
70,0,True,0.542385,0.5424,none,,,False,,70,0,,,
70,53,True,0.605434,0.6054,none,,,False,,70,0,,,
70,60,True,0.58085,0.5809,none,,,False,,70,0,,,
70,16,True,0.7547,0.7547,none,,,False,,70,0,,,
70,97,True,0.619806,0.6198,none,,,False,,70,0,,,
70,56,True,0.275711,0.2757,none,,,False,,70,0,,,
70,1,True,0.430611,0.4306,none,,,False,,70,0,,,
70,68,True,0.539429,0.5394,none,,,False,,70,0,,,
70,48,True,0.310923,0.3109,none,,,False,,70,0,,,
70,99,True,0.729927,0.7299,none,,,False,,70,0,,,
70,76,True,0.389489,0.3895,none,,,False,,70,0,,,
70,9,True,0.623287,0.6233,none,,,False,,70,0,,,
70,52,True,0.385558,0.3856,none,,,False,,70,0,,,
71,69,True,0.247049,0.247,none,,,False,,71,0,,,
71,30,True,0.670348,0.6703,none,,,False,,71,0,,,
71,11,True,0.48778,0.4878,none,,,False,,71,0,,,
71,29,True,0.399448,0.3994,none,,,False,,71,0,,,
71,40,True,0.441483,0.4415,none,,,False,,71,0,,,
71,86,True,0.367359,0.3674,none,,,False,,71,0,,,
71,37,True,0.390245,0.3902,none,,,False,,71,0,,,
71,96,True,0.399237,0.3992,none,,,False,,71,0,,,
71,72,True,0.381702,0.3817,none,,,False,,71,0,,,
71,94,True,0.8637,0.8637,none,,,False,,71,0,,,
71,3,True,0.968874,0.9689,none,,,False,,71,0,,,
71,4,True,0.419807,0.4198,none,,,False,,71,0,,,
71,9,True,0.742642,0.7426,none,,,False,,71,0,,,
71,19,True,0.622786,0.6228,none,,,False,,71,0,,,
71,73,True,0.46147,0.4615,none,,,False,,71,0,,,
71,65,True,0.7515,0.7515,none,,,False,,71,0,,,
71,20,True,0.367654,0.3677,none,,,False,,71,0,,,
71,90,True,0.656187,0.6562,none,,,False,,71,0,,,
71,12,True,0.743905,0.7439,none,,,False,,71,0,,,
71,51,True,0.396092,0.3961,none,,,False,,71,0,,,
71,56,True,0.17836,0.1784,none,,,False,,71,0,,,
71,87,True,0.200915,0.2009,none,,,False,,71,0,,,
71,99,True,0.731404,0.7314,none,,,False,,71,0,,,
71,23,True,0.764812,0.7648,none,,,False,,71,0,,,
71,76,True,0.312504,0.3125,none,,,False,,71,0,,,
72,1,True,0.553596,0.5536,none,,,False,,72,0,,,
72,63,True,0.904918,0.9049,none,,,False,,72,0,,,
72,43,True,0.719915,0.7199,none,,,False,,72,0,,,
72,72,True,0.326164,0.3262,none,,,False,,72,0,,,
72,31,True,0.987005,0.987,none,,,False,,72,0,,,
72,95,True,0.545446,0.5454,none,,,False,,72,0,,,
72,14,True,0.175235,0.1752,none,,,False,,72,0,,,
72,48,True,0.44101,0.441,none,,,False,,72,0,,,
72,62,True,0.333042,0.333,none,,,False,,72,0,,,
72,22,True,0.30205,0.3021,none,,,False,,72,0,,,
72,65,True,0.727437,0.7274,none,,,False,,72,0,,,
72,78,True,0.155163,0.1552,none,,,False,,72,0,,,
72,92,True,0.925306,0.9253,none,,,False,,72,0,,,
72,35,True,0.575392,0.5754,none,,,False,,72,0,,,
72,59,True,1.014963,1.015,none,,,False,,72,0,,,
72,41,True,0.503656,0.5037,none,,,False,,72,0,,,
72,46,True,0.636302,0.6363,none,,,False,,72,0,,,
72,24,True,0.718329,0.7183,none,,,False,,72,0,,,
72,57,True,0.596612,0.5966,none,,,False,,72,0,,,
72,54,True,0.261825,0.2618,none,,,False,,72,0,,,
72,49,True,0.412723,0.4127,none,,,False,,72,0,,,
72,68,True,0.570635,0.5706,none,,,False,,72,0,,,
72,8,True,0.556091,0.5561,none,,,False,,72,0,,,
72,93,True,0.626915,0.6269,none,,,False,,72,0,,,
72,36,True,0.314435,0.3144,none,,,False,,72,0,,,
73,73,True,0.417816,0.4178,none,,,False,,73,0,,,
73,4,True,0.31988,0.3199,none,,,False,,73,0,,,
73,17,True,0.525239,0.5252,none,,,False,,73,0,,,
73,10,True,1.102772,1.1028,none,,,False,,73,0,,,
73,88,True,0.507392,0.5074,none,,,False,,73,0,,,
73,43,True,0.625314,0.6253,none,,,False,,73,0,,,
73,36,True,0.493926,0.4939,none,,,False,,73,0,,,
73,45,True,0.35297,0.353,none,,,False,,73,0,,,
73,52,True,0.543958,0.544,none,,,False,,73,0,,,
73,41,True,0.455483,0.4555,none,,,False,,73,0,,,
73,21,True,0.476001,0.476,none,,,False,,73,0,,,
73,89,True,0.532517,0.5325,none,,,False,,73,0,,,
73,1,True,0.534541,0.5345,none,,,False,,73,0,,,
73,63,True,0.90639,0.9064,none,,,False,,73,0,,,
73,57,True,0.33871,0.3387,none,,,False,,73,0,,,
73,6,True,0.625069,0.6251,none,,,False,,73,0,,,
73,65,True,0.691316,0.6913,none,,,False,,73,0,,,
73,8,True,0.628622,0.6286,none,,,False,,73,0,,,
73,19,True,0.723753,0.7238,none,,,False,,73,0,,,
73,94,True,0.799306,0.7993,none,,,False,,73,0,,,
73,72,True,0.292907,0.2929,none,,,False,,73,0,,,
73,32,True,0.707288,0.7073,none,,,False,,73,0,,,
73,20,True,0.367785,0.3678,none,,,False,,73,0,,,
73,55,True,0.417226,0.4172,none,,,False,,73,0,,,
73,11,True,0.435566,0.4356,none,,,False,,73,0,,,
74,36,True,0.437451,0.4375,none,,,False,,74,0,,,
74,25,True,0.155238,0.1552,none,,,False,,74,0,,,
74,27,True,0.820532,0.8205,none,,,False,,74,0,,,
74,57,True,0.489243,0.4892,none,,,False,,74,0,,,
74,59,True,1.104561,1.1046,none,,,False,,74,0,,,
74,51,True,0.612187,0.6122,none,,,False,,74,0,,,
74,64,True,0.603041,0.603,none,,,False,,74,0,,,
74,65,True,0.696148,0.6961,none,,,False,,74,0,,,
74,28,True,0.150808,0.1508,none,,,False,,74,0,,,
74,29,True,0.51701,0.517,none,,,False,,74,0,,,
74,35,True,0.580139,0.5801,none,,,False,,74,0,,,
74,18,True,1.565769,1.5658,none,,,False,,74,0,,,
74,32,True,0.801344,0.8013,none,,,False,,74,0,,,
74,95,True,0.510872,0.5109,none,,,False,,74,0,,,
74,3,True,0.826971,0.827,none,,,False,,74,0,,,
74,1,True,0.592161,0.5922,none,,,False,,74,0,,,
74,80,True,0.601196,0.6012,none,,,False,,74,0,,,
74,81,True,0.873515,0.8735,none,,,False,,74,0,,,
74,84,True,0.443244,0.4432,none,,,False,,74,0,,,
74,6,True,0.240919,0.2409,none,,,False,,74,0,,,
74,40,True,0.389244,0.3892,none,,,False,,74,0,,,
74,66,True,0.524391,0.5244,none,,,False,,74,0,,,
74,15,True,0.449197,0.4492,none,,,False,,74,0,,,
74,60,True,0.538345,0.5383,none,,,False,,74,0,,,
74,4,True,0.353078,0.3531,none,,,False,,74,0,,,
75,93,True,0.934313,0.9343,none,,,False,,75,0,,,
75,87,True,0.288858,0.2889,none,,,False,,75,0,,,
75,23,True,0.521022,0.521,none,,,False,,75,0,,,
75,63,True,0.914287,0.9143,none,,,False,,75,0,,,
75,55,True,0.486357,0.4864,none,,,False,,75,0,,,
75,68,True,0.545719,0.5457,none,,,False,,75,0,,,
75,83,True,0.65809,0.6581,none,,,False,,75,0,,,
75,69,True,0.318109,0.3181,none,,,False,,75,0,,,
75,71,True,0.740434,0.7404,none,,,False,,75,0,,,
75,2,True,0.323545,0.3235,none,,,False,,75,0,,,
75,75,True,0.466376,0.4664,none,,,False,,75,0,,,
75,43,True,0.546899,0.5469,none,,,False,,75,0,,,
75,32,True,0.652294,0.6523,none,,,False,,75,0,,,
75,6,True,0.440928,0.4409,none,,,False,,75,0,,,
75,20,True,0.412496,0.4125,none,,,False,,75,0,,,
75,54,True,0.251093,0.2511,none,,,False,,75,0,,,
75,38,True,1.070647,1.0706,none,,,False,,75,0,,,
75,56,True,0.341681,0.3417,none,,,False,,75,0,,,
75,61,True,0.402173,0.4022,none,,,False,,75,0,,,
75,48,True,0.366963,0.367,none,,,False,,75,0,,,
75,81,True,0.467691,0.4677,none,,,False,,75,0,,,
75,4,True,0.377709,0.3777,none,,,False,,75,0,,,
75,28,True,0.206784,0.2068,none,,,False,,75,0,,,
75,95,True,0.642517,0.6425,none,,,False,,75,0,,,
75,52,True,0.511879,0.5119,none,,,False,,75,0,,,
76,28,True,0.225465,0.2255,none,,,False,,76,0,,,
76,15,True,0.439146,0.4391,none,,,False,,76,0,,,
76,5,True,1.065104,1.0651,none,,,False,,76,0,,,
76,30,True,0.676619,0.6766,none,,,False,,76,0,,,
76,93,True,0.801477,0.8015,none,,,False,,76,0,,,
76,27,True,0.588877,0.5889,none,,,False,,76,0,,,
76,64,True,0.44793,0.4479,none,,,False,,76,0,,,
76,62,True,0.153064,0.1531,none,,,False,,76,0,,,
76,20,True,0.433281,0.4333,none,,,False,,76,0,,,
76,89,True,0.402843,0.4028,none,,,False,,76,0,,,
76,74,True,0.646632,0.6466,none,,,False,,76,0,,,
76,7,True,0.531793,0.5318,none,,,False,,76,0,,,
76,34,True,0.446036,0.446,none,,,False,,76,0,,,
76,91,True,0.367939,0.3679,none,,,False,,76,0,,,
76,76,True,0.363435,0.3634,none,,,False,,76,0,,,
76,92,True,1.076157,1.0762,none,,,False,,76,0,,,
76,57,True,0.459453,0.4595,none,,,False,,76,0,,,
76,22,True,0.260304,0.2603,none,,,False,,76,0,,,
76,32,True,0.584631,0.5846,none,,,False,,76,0,,,
76,3,True,0.879893,0.8799,none,,,False,,76,0,,,
76,2,True,-0.178154,-0.1782,none,,,False,,76,0,,,
76,75,True,0.437071,0.4371,none,,,False,,76,0,,,
76,8,True,0.606572,0.6066,none,,,False,,76,0,,,
76,33,True,0.33155,0.3315,none,,,False,,76,0,,,
76,41,True,0.499566,0.4996,none,,,False,,76,0,,,
77,59,True,0.953783,0.9538,none,,,False,,77,0,,,
77,89,True,0.49402,0.494,none,,,False,,77,0,,,
77,16,True,0.807697,0.8077,none,,,False,,77,0,,,
77,33,True,0.250061,0.2501,none,,,False,,77,0,,,
77,77,True,0.414776,0.4148,none,,,False,,77,0,,,
77,11,True,0.448763,0.4488,none,,,False,,77,0,,,
77,51,True,0.237303,0.2373,none,,,False,,77,0,,,
77,2,True,0.302713,0.3027,none,,,False,,77,0,,,
77,37,True,0.499718,0.4997,none,,,False,,77,0,,,
77,78,True,0.300278,0.3003,none,,,False,,77,0,,,
77,36,True,0.35557,0.3556,none,,,False,,77,0,,,
77,35,True,0.407111,0.4071,none,,,False,,77,0,,,
77,71,True,0.527829,0.5278,none,,,False,,77,0,,,
77,41,True,0.347684,0.3477,none,,,False,,77,0,,,
77,6,True,0.533295,0.5333,none,,,False,,77,0,,,
77,5,True,0.832595,0.8326,none,,,False,,77,0,,,
77,67,True,0.562945,0.5629,none,,,False,,77,0,,,
77,4,True,0.405666,0.4057,none,,,False,,77,0,,,
77,85,True,0.223415,0.2234,none,,,False,,77,0,,,
77,42,True,0.458777,0.4588,none,,,False,,77,0,,,
77,72,True,0.263911,0.2639,none,,,False,,77,0,,,
77,24,True,0.621721,0.6217,none,,,False,,77,0,,,
77,73,True,0.401898,0.4019,none,,,False,,77,0,,,
77,57,True,0.39723,0.3972,none,,,False,,77,0,,,
77,12,True,0.645624,0.6456,none,,,False,,77,0,,,
78,7,True,0.601093,0.6011,none,,,False,,78,0,,,
78,61,True,0.424806,0.4248,none,,,False,,78,0,,,
78,57,True,0.374774,0.3748,none,,,False,,78,0,,,
78,15,True,0.481819,0.4818,none,,,False,,78,0,,,
78,5,True,0.659979,0.66,none,,,False,,78,0,,,
78,68,True,0.762138,0.7621,none,,,False,,78,0,,,
78,67,True,0.233416,0.2334,none,,,False,,78,0,,,
78,59,True,0.635184,0.6352,none,,,False,,78,0,,,
78,39,True,0.695142,0.6951,none,,,False,,78,0,,,
78,98,True,0.156168,0.1562,none,,,False,,78,0,,,
78,84,True,0.174843,0.1748,none,,,False,,78,0,,,
78,47,True,0.381863,0.3819,none,,,False,,78,0,,,
78,53,True,0.491592,0.4916,none,,,False,,78,0,,,
78,58,True,0.660331,0.6603,none,,,False,,78,0,,,
78,82,True,0.341954,0.342,none,,,False,,78,0,,,
78,43,True,0.770902,0.7709,none,,,False,,78,0,,,
78,33,True,0.310453,0.3105,none,,,False,,78,0,,,
78,0,True,0.634952,0.635,none,,,False,,78,0,,,
78,56,True,0.237164,0.2372,none,,,False,,78,0,,,
78,60,True,0.272591,0.2726,none,,,False,,78,0,,,
78,74,True,0.56729,0.5673,none,,,False,,78,0,,,
78,88,True,0.547655,0.5477,none,,,False,,78,0,,,
78,45,True,0.381212,0.3812,none,,,False,,78,0,,,
78,46,True,0.754617,0.7546,none,,,False,,78,0,,,
78,94,True,0.763355,0.7634,none,,,False,,78,0,,,
79,88,True,0.519792,0.5198,none,,,False,,79,0,,,
79,7,True,0.435865,0.4359,none,,,False,,79,0,,,
79,84,True,0.150745,0.1507,none,,,False,,79,0,,,
79,78,True,0.233199,0.2332,none,,,False,,79,0,,,
79,20,True,0.490282,0.4903,none,,,False,,79,0,,,
79,33,True,0.266645,0.2666,none,,,False,,79,0,,,
79,51,True,0.417012,0.417,none,,,False,,79,0,,,
79,31,True,0.996677,0.9967,none,,,False,,79,0,,,
79,28,True,0.144693,0.1447,none,,,False,,79,0,,,
79,98,True,0.223363,0.2234,none,,,False,,79,0,,,
79,23,True,0.766716,0.7667,none,,,False,,79,0,,,
79,17,True,0.567114,0.5671,none,,,False,,79,0,,,
79,56,True,0.142585,0.1426,none,,,False,,79,0,,,
79,76,True,0.480489,0.4805,none,,,False,,79,0,,,
79,30,True,0.68884,0.6888,none,,,False,,79,0,,,
79,44,True,0.67169,0.6717,none,,,False,,79,0,,,
79,72,True,0.282899,0.2829,none,,,False,,79,0,,,
79,54,True,0.174586,0.1746,none,,,False,,79,0,,,
79,96,True,0.457876,0.4579,none,,,False,,79,0,,,
79,55,True,0.332319,0.3323,none,,,False,,79,0,,,
79,0,True,0.477466,0.4775,none,,,False,,79,0,,,
79,40,True,0.443611,0.4436,none,,,False,,79,0,,,
79,52,True,0.397372,0.3974,none,,,False,,79,0,,,
79,73,True,0.448117,0.4481,none,,,False,,79,0,,,
79,14,True,0.012571,0.0126,none,,,False,,79,0,,,
80,93,True,0.539937,0.5399,none,,,False,,80,0,,,
80,25,True,0.489062,0.4891,none,,,False,,80,0,,,
80,27,True,0.657081,0.6571,none,,,False,,80,0,,,
80,2,True,0.163242,0.1632,none,,,False,,80,0,,,
80,90,True,0.64449,0.6445,none,,,False,,80,0,,,
80,60,True,0.47982,0.4798,none,,,False,,80,0,,,
80,67,True,0.331042,0.331,none,,,False,,80,0,,,
80,94,True,0.680046,0.68,none,,,False,,80,0,,,
80,84,True,0.200827,0.2008,none,,,False,,80,0,,,
80,23,True,0.800213,0.8002,none,,,False,,80,0,,,
80,85,True,0.329305,0.3293,none,,,False,,80,0,,,
80,71,True,0.739127,0.7391,none,,,False,,80,0,,,
80,54,True,0.106272,0.1063,none,,,False,,80,0,,,
80,44,True,0.436755,0.4368,none,,,False,,80,0,,,
80,24,True,0.550233,0.5502,none,,,False,,80,0,,,
80,5,True,0.694722,0.6947,none,,,False,,80,0,,,
80,43,True,0.70776,0.7078,none,,,False,,80,0,,,
80,37,True,0.356887,0.3569,none,,,False,,80,0,,,
80,4,True,0.351261,0.3513,none,,,False,,80,0,,,
80,8,True,0.60517,0.6052,none,,,False,,80,0,,,
80,49,True,0.456995,0.457,none,,,False,,80,0,,,
80,41,True,0.295066,0.2951,none,,,False,,80,0,,,
80,82,True,0.26852,0.2685,none,,,False,,80,0,,,
80,52,True,0.315929,0.3159,none,,,False,,80,0,,,
80,48,True,0.261758,0.2618,none,,,False,,80,0,,,
81,40,True,0.423896,0.4239,none,,,False,,81,0,,,
81,62,True,0.202575,0.2026,none,,,False,,81,0,,,
81,21,True,0.364037,0.364,none,,,False,,81,0,,,
81,61,True,0.256815,0.2568,none,,,False,,81,0,,,
81,87,True,0.224306,0.2243,none,,,False,,81,0,,,
81,2,True,0.392896,0.3929,none,,,False,,81,0,,,
81,88,True,0.523012,0.523,none,,,False,,81,0,,,
81,26,True,0.201207,0.2012,none,,,False,,81,0,,,
81,22,True,0.285614,0.2856,none,,,False,,81,0,,,
81,85,True,0.287805,0.2878,none,,,False,,81,0,,,
81,12,True,0.421749,0.4217,none,,,False,,81,0,,,
81,23,True,0.655433,0.6554,none,,,False,,81,0,,,
81,56,True,0.295162,0.2952,none,,,False,,81,0,,,
81,18,True,1.253244,1.2532,none,,,False,,81,0,,,
81,57,True,0.457527,0.4575,none,,,False,,81,0,,,
81,75,True,0.523724,0.5237,none,,,False,,81,0,,,
81,44,True,0.489336,0.4893,none,,,False,,81,0,,,
81,93,True,0.673828,0.6738,none,,,False,,81,0,,,
81,70,True,1.390795,1.3908,none,,,False,,81,0,,,
81,50,True,0.213973,0.214,none,,,False,,81,0,,,
81,96,True,0.438951,0.439,none,,,False,,81,0,,,
81,43,True,0.562193,0.5622,none,,,False,,81,0,,,
81,31,True,0.868844,0.8688,none,,,False,,81,0,,,
81,65,True,0.654323,0.6543,none,,,False,,81,0,,,
81,16,True,0.585325,0.5853,none,,,False,,81,0,,,
82,8,True,0.554696,0.5547,none,,,False,,82,0,,,
82,99,True,0.475484,0.4755,none,,,False,,82,0,,,
82,80,True,0.583018,0.583,none,,,False,,82,0,,,
82,95,True,0.506643,0.5066,none,,,False,,82,0,,,
82,68,True,0.647616,0.6476,none,,,False,,82,0,,,
82,65,True,0.594669,0.5947,none,,,False,,82,0,,,
82,54,True,0.104511,0.1045,none,,,False,,82,0,,,
82,58,True,0.525669,0.5257,none,,,False,,82,0,,,
82,75,True,0.524376,0.5244,none,,,False,,82,0,,,
82,71,True,0.623398,0.6234,none,,,False,,82,0,,,
82,85,True,0.255162,0.2552,none,,,False,,82,0,,,
82,89,True,0.584583,0.5846,none,,,False,,82,0,,,
82,28,True,0.025241,0.0252,none,,,False,,82,0,,,
82,87,True,0.212243,0.2122,none,,,False,,82,0,,,
82,55,True,0.139164,0.1392,none,,,False,,82,0,,,
82,12,True,0.469995,0.47,none,,,False,,82,0,,,
82,50,True,0.201541,0.2015,none,,,False,,82,0,,,
82,84,True,0.140557,0.1406,none,,,False,,82,0,,,
82,33,True,0.299965,0.3,none,,,False,,82,0,,,
82,34,True,0.44829,0.4483,none,,,False,,82,0,,,
82,19,True,0.718914,0.7189,none,,,False,,82,0,,,
82,0,True,0.497225,0.4972,none,,,False,,82,0,,,
82,38,True,0.865147,0.8651,none,,,False,,82,0,,,
82,62,True,0.192135,0.1921,none,,,False,,82,0,,,
82,56,True,0.205782,0.2058,none,,,False,,82,0,,,
83,7,True,0.552046,0.552,none,,,False,,83,0,,,
83,66,True,0.296522,0.2965,none,,,False,,83,0,,,
83,74,True,0.795189,0.7952,none,,,False,,83,0,,,
83,90,True,0.447726,0.4477,none,,,False,,83,0,,,
83,23,True,0.680035,0.68,none,,,False,,83,0,,,
83,89,True,0.433521,0.4335,none,,,False,,83,0,,,
83,16,True,0.716281,0.7163,none,,,False,,83,0,,,
83,60,True,0.546222,0.5462,none,,,False,,83,0,,,
83,52,True,0.36415,0.3641,none,,,False,,83,0,,,
83,28,True,0.1757,0.1757,none,,,False,,83,0,,,
83,8,True,0.669838,0.6698,none,,,False,,83,0,,,
83,17,True,0.474665,0.4747,none,,,False,,83,0,,,
83,81,True,0.639009,0.639,none,,,False,,83,0,,,
83,26,True,0.357499,0.3575,none,,,False,,83,0,,,
83,32,True,0.874093,0.8741,none,,,False,,83,0,,,
83,25,True,0.313206,0.3132,none,,,False,,83,0,,,
83,78,True,0.142095,0.1421,none,,,False,,83,0,,,
83,56,True,0.281464,0.2815,none,,,False,,83,0,,,
83,72,True,0.240012,0.24,none,,,False,,83,0,,,
83,59,True,1.074058,1.0741,none,,,False,,83,0,,,
83,34,True,0.314224,0.3142,none,,,False,,83,0,,,
83,15,True,0.395308,0.3953,none,,,False,,83,0,,,
83,77,True,0.526927,0.5269,none,,,False,,83,0,,,
83,48,True,0.437324,0.4373,none,,,False,,83,0,,,
83,21,True,0.346272,0.3463,none,,,False,,83,0,,,
84,91,True,0.571593,0.5716,none,,,False,,84,0,,,
84,76,True,0.44104,0.441,none,,,False,,84,0,,,
84,3,True,0.861833,0.8618,none,,,False,,84,0,,,
84,34,True,0.488508,0.4885,none,,,False,,84,0,,,
84,43,True,0.425935,0.4259,none,,,False,,84,0,,,
84,8,True,0.591216,0.5912,none,,,False,,84,0,,,
84,51,True,0.571901,0.5719,none,,,False,,84,0,,,
84,21,True,0.410184,0.4102,none,,,False,,84,0,,,
84,60,True,0.367716,0.3677,none,,,False,,84,0,,,
84,97,True,0.431389,0.4314,none,,,False,,84,0,,,
84,20,True,0.528311,0.5283,none,,,False,,84,0,,,
84,99,True,0.783844,0.7838,none,,,False,,84,0,,,
84,67,True,0.149296,0.1493,none,,,False,,84,0,,,
84,1,True,0.661978,0.662,none,,,False,,84,0,,,
84,81,True,0.640323,0.6403,none,,,False,,84,0,,,
84,65,True,0.744058,0.7441,none,,,False,,84,0,,,
84,40,True,0.383724,0.3837,none,,,False,,84,0,,,
84,14,True,0.254209,0.2542,none,,,False,,84,0,,,
84,96,True,0.599166,0.5992,none,,,False,,84,0,,,
84,79,True,0.706235,0.7062,none,,,False,,84,0,,,
84,29,True,0.492644,0.4926,none,,,False,,84,0,,,
84,64,True,0.666933,0.6669,none,,,False,,84,0,,,
84,33,True,0.408214,0.4082,none,,,False,,84,0,,,
84,39,True,0.485668,0.4857,none,,,False,,84,0,,,
84,72,True,0.219472,0.2195,none,,,False,,84,0,,,
85,44,True,0.419856,0.4199,none,,,False,,85,0,,,
85,55,True,0.216438,0.2164,none,,,False,,85,0,,,
85,86,True,0.307846,0.3078,none,,,False,,85,0,,,
85,99,True,0.772458,0.7725,none,,,False,,85,0,,,
85,69,True,0.35407,0.3541,none,,,False,,85,0,,,
85,53,True,0.476079,0.4761,none,,,False,,85,0,,,
85,48,True,0.334886,0.3349,none,,,False,,85,0,,,
85,18,True,1.383331,1.3833,none,,,False,,85,0,,,
85,20,True,0.487475,0.4875,none,,,False,,85,0,,,
85,21,True,0.349707,0.3497,none,,,False,,85,0,,,
85,25,True,0.379724,0.3797,none,,,False,,85,0,,,
85,82,True,0.300983,0.301,none,,,False,,85,0,,,
85,51,True,0.327508,0.3275,none,,,False,,85,0,,,
85,76,True,0.332538,0.3325,none,,,False,,85,0,,,
85,0,True,0.624225,0.6242,none,,,False,,85,0,,,
85,64,True,0.466597,0.4666,none,,,False,,85,0,,,
85,89,True,0.475055,0.4751,none,,,False,,85,0,,,
85,97,True,0.48101,0.481,none,,,False,,85,0,,,
85,85,True,0.35902,0.359,none,,,False,,85,0,,,
85,5,True,0.796372,0.7964,none,,,False,,85,0,,,
85,59,True,0.777839,0.7778,none,,,False,,85,0,,,
85,8,True,0.551325,0.5513,none,,,False,,85,0,,,
85,75,True,0.361837,0.3618,none,,,False,,85,0,,,
85,81,True,0.622471,0.6225,none,,,False,,85,0,,,
85,19,True,0.456124,0.4561,none,,,False,,85,0,,,
86,53,True,0.459689,0.4597,none,,,False,,86,0,,,
86,14,True,0.109882,0.1099,none,,,False,,86,0,,,
86,61,True,0.329176,0.3292,none,,,False,,86,0,,,
86,99,True,0.481638,0.4816,none,,,False,,86,0,,,
86,77,True,0.515582,0.5156,none,,,False,,86,0,,,
86,22,True,0.299997,0.3,none,,,False,,86,0,,,
86,67,True,0.504956,0.505,none,,,False,,86,0,,,
86,21,True,0.354213,0.3542,none,,,False,,86,0,,,
86,9,True,0.467306,0.4673,none,,,False,,86,0,,,
86,58,True,0.379406,0.3794,none,,,False,,86,0,,,
86,51,True,0.236057,0.2361,none,,,False,,86,0,,,
86,8,True,0.416752,0.4168,none,,,False,,86,0,,,
86,48,True,0.343351,0.3434,none,,,False,,86,0,,,
86,18,True,1.169894,1.1699,none,,,False,,86,0,,,
86,81,True,0.687836,0.6878,none,,,False,,86,0,,,
86,32,True,0.715597,0.7156,none,,,False,,86,0,,,
86,79,True,0.538573,0.5386,none,,,False,,86,0,,,
86,27,True,0.431386,0.4314,none,,,False,,86,0,,,
86,12,True,0.773753,0.7738,none,,,False,,86,0,,,
86,92,True,1.168617,1.1686,none,,,False,,86,0,,,
86,50,True,0.239117,0.2391,none,,,False,,86,0,,,
86,49,True,0.566208,0.5662,none,,,False,,86,0,,,
86,2,True,0.480601,0.4806,none,,,False,,86,0,,,
86,19,True,0.430121,0.4301,none,,,False,,86,0,,,
86,38,True,0.870737,0.8707,none,,,False,,86,0,,,
87,99,True,0.733196,0.7332,none,,,False,,87,0,,,
87,81,True,0.654331,0.6543,none,,,False,,87,0,,,
87,88,True,0.469378,0.4694,none,,,False,,87,0,,,
87,45,True,0.368525,0.3685,none,,,False,,87,0,,,
87,26,True,0.393774,0.3938,none,,,False,,87,0,,,
87,56,True,0.254642,0.2546,none,,,False,,87,0,,,
87,7,True,0.396835,0.3968,none,,,False,,87,0,,,
87,18,True,1.1473,1.1473,none,,,False,,87,0,,,
87,46,True,0.606757,0.6068,none,,,False,,87,0,,,
87,75,True,0.379374,0.3794,none,,,False,,87,0,,,
87,25,True,0.256353,0.2564,none,,,False,,87,0,,,
87,98,True,0.499073,0.4991,none,,,False,,87,0,,,
87,31,True,0.925827,0.9258,none,,,False,,87,0,,,
87,64,True,0.485274,0.4853,none,,,False,,87,0,,,
87,72,True,0.385112,0.3851,none,,,False,,87,0,,,
87,1,True,0.537173,0.5372,none,,,False,,87,0,,,
87,78,True,0.207789,0.2078,none,,,False,,87,0,,,
87,27,True,0.676431,0.6764,none,,,False,,87,0,,,
87,74,True,0.64533,0.6453,none,,,False,,87,0,,,
87,0,True,0.643767,0.6438,none,,,False,,87,0,,,
87,95,True,0.547896,0.5479,none,,,False,,87,0,,,
87,71,True,0.635617,0.6356,none,,,False,,87,0,,,
87,49,True,0.364028,0.364,none,,,False,,87,0,,,
87,3,True,0.894844,0.8948,none,,,False,,87,0,,,
87,62,True,0.320493,0.3205,none,,,False,,87,0,,,
88,96,True,0.598878,0.5989,none,,,False,,88,0,,,
88,87,True,0.12486,0.1249,none,,,False,,88,0,,,
88,78,True,0.175313,0.1753,none,,,False,,88,0,,,
88,70,True,1.265104,1.2651,none,,,False,,88,0,,,
88,28,True,0.182216,0.1822,none,,,False,,88,0,,,
88,71,True,0.638516,0.6385,none,,,False,,88,0,,,
88,90,True,0.535759,0.5358,none,,,False,,88,0,,,
88,41,True,0.655206,0.6552,none,,,False,,88,0,,,
88,91,True,0.518095,0.5181,none,,,False,,88,0,,,
88,5,True,1.214609,1.2146,none,,,False,,88,0,,,
88,49,True,0.4258,0.4258,none,,,False,,88,0,,,
88,68,True,0.458845,0.4588,none,,,False,,88,0,,,
88,6,True,0.894866,0.8949,none,,,False,,88,0,,,
88,38,True,0.860253,0.8603,none,,,False,,88,0,,,
88,1,True,0.241224,0.2412,none,,,False,,88,0,,,
88,63,True,0.860969,0.861,none,,,False,,88,0,,,
88,80,True,0.663761,0.6638,none,,,False,,88,0,,,
88,54,True,0.223642,0.2236,none,,,False,,88,0,,,
88,42,True,0.444366,0.4444,none,,,False,,88,0,,,
88,43,True,0.426312,0.4263,none,,,False,,88,0,,,
88,47,True,0.323878,0.3239,none,,,False,,88,0,,,
88,12,True,0.587031,0.587,none,,,False,,88,0,,,
88,36,True,0.558616,0.5586,none,,,False,,88,0,,,
88,39,True,0.778805,0.7788,none,,,False,,88,0,,,
88,11,True,0.432537,0.4325,none,,,False,,88,0,,,
89,24,True,0.634307,0.6343,none,,,False,,89,0,,,
89,36,True,0.502545,0.5025,none,,,False,,89,0,,,
89,71,True,0.309507,0.3095,none,,,False,,89,0,,,
89,78,True,0.080947,0.0809,none,,,False,,89,0,,,
89,40,True,0.368136,0.3681,none,,,False,,89,0,,,
89,74,True,0.489979,0.49,none,,,False,,89,0,,,
89,70,True,1.241818,1.2418,none,,,False,,89,0,,,
89,53,True,0.652596,0.6526,none,,,False,,89,0,,,
89,14,True,0.113781,0.1138,none,,,False,,89,0,,,
89,46,True,0.430165,0.4302,none,,,False,,89,0,,,
89,92,True,0.919726,0.9197,none,,,False,,89,0,,,
89,18,True,1.276656,1.2767,none,,,False,,89,0,,,
89,25,True,0.485444,0.4854,none,,,False,,89,0,,,
89,17,True,0.573108,0.5731,none,,,False,,89,0,,,
89,11,True,0.386907,0.3869,none,,,False,,89,0,,,
89,52,True,0.416077,0.4161,none,,,False,,89,0,,,
89,37,True,0.356237,0.3562,none,,,False,,89,0,,,
89,0,True,0.648631,0.6486,none,,,False,,89,0,,,
89,49,True,0.515454,0.5155,none,,,False,,89,0,,,
89,28,True,0.207536,0.2075,none,,,False,,89,0,,,
89,68,True,0.60074,0.6007,none,,,False,,89,0,,,
89,91,True,0.398537,0.3985,none,,,False,,89,0,,,
89,80,True,0.529856,0.5299,none,,,False,,89,0,,,
89,90,True,0.668727,0.6687,none,,,False,,89,0,,,
89,69,True,0.21209,0.2121,none,,,False,,89,0,,,
90,18,True,1.205822,1.2058,none,,,False,,90,0,,,
90,69,True,0.376434,0.3764,none,,,False,,90,0,,,
90,70,True,0.923313,0.9233,none,,,False,,90,0,,,
90,5,True,1.111368,1.1114,none,,,False,,90,0,,,
90,71,True,0.446986,0.447,none,,,False,,90,0,,,
90,78,True,0.069705,0.0697,none,,,False,,90,0,,,
90,26,True,0.40257,0.4026,none,,,False,,90,0,,,
90,55,True,0.448195,0.4482,none,,,False,,90,0,,,
90,88,True,0.487754,0.4878,none,,,False,,90,0,,,
90,37,True,0.305652,0.3057,none,,,False,,90,0,,,
90,24,True,0.415806,0.4158,none,,,False,,90,0,,,
90,2,True,0.621696,0.6217,none,,,False,,90,0,,,
90,27,True,0.705694,0.7057,none,,,False,,90,0,,,
90,62,True,0.352258,0.3523,none,,,False,,90,0,,,
90,17,True,0.580933,0.5809,none,,,False,,90,0,,,
90,44,True,0.437149,0.4371,none,,,False,,90,0,,,
90,12,True,0.898532,0.8985,none,,,False,,90,0,,,
90,52,True,0.412545,0.4125,none,,,False,,90,0,,,
90,1,True,0.414856,0.4149,none,,,False,,90,0,,,
90,99,True,0.816589,0.8166,none,,,False,,90,0,,,
90,6,True,0.518368,0.5184,none,,,False,,90,0,,,
90,9,True,0.662522,0.6625,none,,,False,,90,0,,,
90,22,True,0.227116,0.2271,none,,,False,,90,0,,,
90,90,True,0.6758,0.6758,none,,,False,,90,0,,,
90,67,True,0.394727,0.3947,none,,,False,,90,0,,,
91,81,True,0.631099,0.6311,none,,,False,,91,0,,,
91,78,True,0.077791,0.0778,none,,,False,,91,0,,,
91,40,True,0.415215,0.4152,none,,,False,,91,0,,,
91,90,True,0.67294,0.6729,none,,,False,,91,0,,,
91,72,True,0.448126,0.4481,none,,,False,,91,0,,,
91,75,True,0.398718,0.3987,none,,,False,,91,0,,,
91,13,True,0.80928,0.8093,none,,,False,,91,0,,,
91,41,True,0.389772,0.3898,none,,,False,,91,0,,,
91,65,True,0.748923,0.7489,none,,,False,,91,0,,,
91,80,True,0.534581,0.5346,none,,,False,,91,0,,,
91,62,True,0.242717,0.2427,none,,,False,,91,0,,,
91,82,True,0.371665,0.3717,none,,,False,,91,0,,,
91,84,True,0.35538,0.3554,none,,,False,,91,0,,,
91,33,True,0.342914,0.3429,none,,,False,,91,0,,,
91,19,True,0.540231,0.5402,none,,,False,,91,0,,,
91,60,True,0.318975,0.319,none,,,False,,91,0,,,
91,58,True,0.484567,0.4846,none,,,False,,91,0,,,
91,67,True,0.295427,0.2954,none,,,False,,91,0,,,
91,6,True,0.668787,0.6688,none,,,False,,91,0,,,
91,23,True,0.6954,0.6954,none,,,False,,91,0,,,
91,2,True,0.367773,0.3678,none,,,False,,91,0,,,
91,30,True,0.628361,0.6284,none,,,False,,91,0,,,
91,31,True,0.804137,0.8041,none,,,False,,91,0,,,
91,70,True,1.196174,1.1962,none,,,False,,91,0,,,
91,64,True,0.591618,0.5916,none,,,False,,91,0,,,
92,35,True,0.386195,0.3862,none,,,False,,92,0,,,
92,60,True,0.372068,0.3721,none,,,False,,92,0,,,
92,6,True,0.575936,0.5759,none,,,False,,92,0,,,
92,79,True,0.527677,0.5277,none,,,False,,92,0,,,
92,44,True,0.51487,0.5149,none,,,False,,92,0,,,
92,82,True,0.392264,0.3923,none,,,False,,92,0,,,
92,34,True,0.359419,0.3594,none,,,False,,92,0,,,
92,55,True,0.434802,0.4348,none,,,False,,92,0,,,
92,4,True,0.328516,0.3285,none,,,False,,92,0,,,
92,21,True,0.472221,0.4722,none,,,False,,92,0,,,
92,71,True,0.575048,0.575,none,,,False,,92,0,,,
92,72,True,0.208258,0.2083,none,,,False,,92,0,,,
92,24,True,0.556251,0.5563,none,,,False,,92,0,,,
92,58,True,0.484548,0.4845,none,,,False,,92,0,,,
92,80,True,0.409761,0.4098,none,,,False,,92,0,,,
92,99,True,0.787821,0.7878,none,,,False,,92,0,,,
92,68,True,0.843764,0.8438,none,,,False,,92,0,,,
92,0,True,0.467641,0.4676,none,,,False,,92,0,,,
92,27,True,0.759321,0.7593,none,,,False,,92,0,,,
92,65,True,0.646688,0.6467,none,,,False,,92,0,,,
92,95,True,0.833364,0.8334,none,,,False,,92,0,,,
92,64,True,0.464752,0.4648,none,,,False,,92,0,,,
92,73,True,0.357815,0.3578,none,,,False,,92,0,,,
92,56,True,0.265439,0.2654,none,,,False,,92,0,,,
92,37,True,0.517791,0.5178,none,,,False,,92,0,,,
93,95,True,0.501857,0.5019,none,,,False,,93,0,,,
93,65,True,0.61802,0.618,none,,,False,,93,0,,,
93,30,True,0.727849,0.7278,none,,,False,,93,0,,,
93,40,True,0.400492,0.4005,none,,,False,,93,0,,,
93,87,True,0.010384,0.0104,none,,,False,,93,0,,,
93,35,True,0.370178,0.3702,none,,,False,,93,0,,,
93,29,True,0.518834,0.5188,none,,,False,,93,0,,,
93,3,True,0.746943,0.7469,none,,,False,,93,0,,,
93,88,True,0.630641,0.6306,none,,,False,,93,0,,,
93,42,True,0.47984,0.4798,none,,,False,,93,0,,,
93,61,True,0.317124,0.3171,none,,,False,,93,0,,,
93,73,True,0.32708,0.3271,none,,,False,,93,0,,,
93,5,True,0.850244,0.8502,none,,,False,,93,0,,,
93,85,True,0.316462,0.3165,none,,,False,,93,0,,,
93,32,True,0.766671,0.7667,none,,,False,,93,0,,,
93,31,True,1.192187,1.1922,none,,,False,,93,0,,,
93,91,True,0.350267,0.3503,none,,,False,,93,0,,,
93,77,True,0.548171,0.5482,none,,,False,,93,0,,,
93,4,True,0.371488,0.3715,none,,,False,,93,0,,,
93,48,True,0.328481,0.3285,none,,,False,,93,0,,,
93,78,True,0.168189,0.1682,none,,,False,,93,0,,,
93,19,True,0.526309,0.5263,none,,,False,,93,0,,,
93,16,True,0.58061,0.5806,none,,,False,,93,0,,,
93,11,True,0.349055,0.3491,none,,,False,,93,0,,,
93,92,True,1.157478,1.1575,none,,,False,,93,0,,,
94,13,True,0.921571,0.9216,none,,,False,,94,0,,,
94,71,True,0.761131,0.7611,none,,,False,,94,0,,,
94,88,True,0.425487,0.4255,none,,,False,,94,0,,,
94,89,True,0.619592,0.6196,none,,,False,,94,0,,,
94,36,True,0.491038,0.491,none,,,False,,94,0,,,
94,32,True,0.798611,0.7986,none,,,False,,94,0,,,
94,44,True,0.499474,0.4995,none,,,False,,94,0,,,
94,43,True,0.644504,0.6445,none,,,False,,94,0,,,
94,19,True,0.80469,0.8047,none,,,False,,94,0,,,
94,99,True,0.887812,0.8878,none,,,False,,94,0,,,
94,1,True,0.75668,0.7567,none,,,False,,94,0,,,
94,16,True,0.574584,0.5746,none,,,False,,94,0,,,
94,6,True,0.423862,0.4239,none,,,False,,94,0,,,
94,97,True,0.384336,0.3843,none,,,False,,94,0,,,
94,85,True,0.331858,0.3319,none,,,False,,94,0,,,
94,75,True,0.63807,0.6381,none,,,False,,94,0,,,
94,92,True,0.832254,0.8323,none,,,False,,94,0,,,
94,53,True,0.592434,0.5924,none,,,False,,94,0,,,
94,42,True,0.52531,0.5253,none,,,False,,94,0,,,
94,51,True,0.414578,0.4146,none,,,False,,94,0,,,
94,37,True,0.595168,0.5952,none,,,False,,94,0,,,
94,0,True,0.426727,0.4267,none,,,False,,94,0,,,
94,33,True,0.363482,0.3635,none,,,False,,94,0,,,
94,35,True,0.27474,0.2747,none,,,False,,94,0,,,
94,9,True,0.993364,0.9934,none,,,False,,94,0,,,
95,91,True,0.377202,0.3772,none,,,False,,95,0,,,
95,87,True,0.528451,0.5285,none,,,False,,95,0,,,
95,81,True,0.716735,0.7167,none,,,False,,95,0,,,
95,32,True,0.912469,0.9125,none,,,False,,95,0,,,
95,79,True,0.721897,0.7219,none,,,False,,95,0,,,
95,58,True,0.490749,0.4907,none,,,False,,95,0,,,
95,88,True,0.716975,0.717,none,,,False,,95,0,,,
95,37,True,0.232561,0.2326,none,,,False,,95,0,,,
95,26,True,0.41187,0.4119,none,,,False,,95,0,,,
95,15,True,0.608475,0.6085,none,,,False,,95,0,,,
95,62,True,0.46252,0.4625,none,,,False,,95,0,,,
95,6,True,0.72806,0.7281,none,,,False,,95,0,,,
95,48,True,0.58843,0.5884,none,,,False,,95,0,,,
95,74,True,0.732123,0.7321,none,,,False,,95,0,,,
95,17,True,0.547285,0.5473,none,,,False,,95,0,,,
95,10,True,1.042702,1.0427,none,,,False,,95,0,,,
95,52,True,0.489933,0.4899,none,,,False,,95,0,,,
95,86,True,0.441151,0.4412,none,,,False,,95,0,,,
95,38,True,0.955696,0.9557,none,,,False,,95,0,,,
95,44,True,0.607424,0.6074,none,,,False,,95,0,,,
95,65,True,0.908027,0.908,none,,,False,,95,0,,,
95,18,True,1.442697,1.4427,none,,,False,,95,0,,,
95,27,True,0.75799,0.758,none,,,False,,95,0,,,
95,83,True,0.556583,0.5566,none,,,False,,95,0,,,
95,57,True,0.563915,0.5639,none,,,False,,95,0,,,
96,90,True,0.79715,0.7971,none,,,False,,96,0,,,
96,44,True,0.467907,0.4679,none,,,False,,96,0,,,
96,62,True,0.252293,0.2523,none,,,False,,96,0,,,
96,64,True,0.670275,0.6703,none,,,False,,96,0,,,
96,17,True,0.493216,0.4932,none,,,False,,96,0,,,
96,81,True,0.484425,0.4844,none,,,False,,96,0,,,
96,35,True,0.604865,0.6049,none,,,False,,96,0,,,
96,85,True,0.441025,0.441,none,,,False,,96,0,,,
96,74,True,0.486503,0.4865,none,,,False,,96,0,,,
96,58,True,0.495925,0.4959,none,,,False,,96,0,,,
96,67,True,0.311872,0.3119,none,,,False,,96,0,,,
96,5,True,0.753231,0.7532,none,,,False,,96,0,,,
96,15,True,0.789174,0.7892,none,,,False,,96,0,,,
96,46,True,0.829508,0.8295,none,,,False,,96,0,,,
96,26,True,0.326312,0.3263,none,,,False,,96,0,,,
96,9,True,0.760047,0.76,none,,,False,,96,0,,,
96,83,True,0.699861,0.6999,none,,,False,,96,0,,,
96,24,True,0.619558,0.6196,none,,,False,,96,0,,,
96,70,True,1.230531,1.2305,none,,,False,,96,0,,,
96,93,True,0.846408,0.8464,none,,,False,,96,0,,,
96,50,True,0.440162,0.4402,none,,,False,,96,0,,,
96,34,True,0.8091,0.8091,none,,,False,,96,0,,,
96,12,True,0.944456,0.9445,none,,,False,,96,0,,,
96,73,True,0.402992,0.403,none,,,False,,96,0,,,
96,2,True,0.430812,0.4308,none,,,False,,96,0,,,
97,77,True,0.386655,0.3867,none,,,False,,97,0,,,
97,30,True,0.431325,0.4313,none,,,False,,97,0,,,
97,41,True,0.394275,0.3943,none,,,False,,97,0,,,
97,2,True,0.499794,0.4998,none,,,False,,97,0,,,
97,5,True,0.713996,0.714,none,,,False,,97,0,,,
97,98,True,0.082705,0.0827,none,,,False,,97,0,,,
97,95,True,0.679594,0.6796,none,,,False,,97,0,,,
97,6,True,0.483183,0.4832,none,,,False,,97,0,,,
97,54,True,0.269281,0.2693,none,,,False,,97,0,,,
97,52,True,0.181777,0.1818,none,,,False,,97,0,,,
97,79,True,0.592352,0.5924,none,,,False,,97,0,,,
97,88,True,0.52334,0.5233,none,,,False,,97,0,,,
97,82,True,0.310939,0.3109,none,,,False,,97,0,,,
97,57,True,0.428531,0.4285,none,,,False,,97,0,,,
97,48,True,0.396287,0.3963,none,,,False,,97,0,,,
97,42,True,0.478143,0.4781,none,,,False,,97,0,,,
97,9,True,0.486567,0.4866,none,,,False,,97,0,,,
97,74,True,0.498227,0.4982,none,,,False,,97,0,,,
97,27,True,0.729125,0.7291,none,,,False,,97,0,,,
97,34,True,0.387258,0.3873,none,,,False,,97,0,,,
97,12,True,0.537135,0.5371,none,,,False,,97,0,,,
97,50,True,0.405206,0.4052,none,,,False,,97,0,,,
97,94,True,0.718581,0.7186,none,,,False,,97,0,,,
97,36,True,0.402789,0.4028,none,,,False,,97,0,,,
97,18,True,1.344857,1.3449,none,,,False,,97,0,,,
98,53,True,0.579676,0.5797,none,,,False,,98,0,,,
98,6,True,0.623027,0.623,none,,,False,,98,0,,,
98,34,True,0.603777,0.6038,none,,,False,,98,0,,,
98,37,True,0.439723,0.4397,none,,,False,,98,0,,,
98,18,True,1.207706,1.2077,none,,,False,,98,0,,,
98,89,True,0.495113,0.4951,none,,,False,,98,0,,,
98,7,True,0.582977,0.583,none,,,False,,98,0,,,
98,98,True,0.3234,0.3234,none,,,False,,98,0,,,
98,17,True,0.566445,0.5664,none,,,False,,98,0,,,
98,43,True,0.798333,0.7983,none,,,False,,98,0,,,
98,67,True,0.410555,0.4106,none,,,False,,98,0,,,
98,74,True,0.552978,0.553,none,,,False,,98,0,,,
98,78,True,0.230672,0.2307,none,,,False,,98,0,,,
98,38,True,0.964783,0.9648,none,,,False,,98,0,,,
98,58,True,0.488353,0.4884,none,,,False,,98,0,,,
98,39,True,0.607765,0.6078,none,,,False,,98,0,,,
98,68,True,0.729236,0.7292,none,,,False,,98,0,,,
98,97,True,0.457763,0.4578,none,,,False,,98,0,,,
98,52,True,0.301843,0.3018,none,,,False,,98,0,,,
98,2,True,0.388708,0.3887,none,,,False,,98,0,,,
98,85,True,0.366903,0.3669,none,,,False,,98,0,,,
98,91,True,0.291509,0.2915,none,,,False,,98,0,,,
98,3,True,1.023733,1.0237,none,,,False,,98,0,,,
98,28,True,0.233479,0.2335,none,,,False,,98,0,,,
98,19,True,0.609631,0.6096,none,,,False,,98,0,,,
99,35,True,0.607089,0.6071,none,,,False,,99,0,,,
99,53,True,0.379991,0.38,none,,,False,,99,0,,,
99,71,True,0.46982,0.4698,none,,,False,,99,0,,,
99,57,True,0.533665,0.5337,none,,,False,,99,0,,,
99,29,True,0.472591,0.4726,none,,,False,,99,0,,,
99,42,True,0.491065,0.4911,none,,,False,,99,0,,,
99,96,True,0.50114,0.5011,none,,,False,,99,0,,,
99,34,True,0.426234,0.4262,none,,,False,,99,0,,,
99,81,True,0.550923,0.5509,none,,,False,,99,0,,,
99,20,True,0.472448,0.4724,none,,,False,,99,0,,,
99,16,True,0.447287,0.4473,none,,,False,,99,0,,,
99,0,True,0.587968,0.588,none,,,False,,99,0,,,
99,72,True,0.276039,0.276,none,,,False,,99,0,,,
99,28,True,0.074159,0.0742,none,,,False,,99,0,,,
99,47,True,0.208145,0.2081,none,,,False,,99,0,,,
99,1,True,0.52114,0.5211,none,,,False,,99,0,,,
99,64,True,0.554603,0.5546,none,,,False,,99,0,,,
99,54,True,0.229134,0.2291,none,,,False,,99,0,,,
99,76,True,0.307015,0.307,none,,,False,,99,0,,,
99,41,True,0.552634,0.5526,none,,,False,,99,0,,,
99,80,True,0.469882,0.4699,none,,,False,,99,0,,,
99,73,True,0.44118,0.4412,none,,,False,,99,0,,,
99,46,True,0.644223,0.6442,none,,,False,,99,0,,,
99,13,True,0.734871,0.7349,none,,,False,,99,0,,,
99,32,True,0.776815,0.7768,none,,,False,,99,0,,,
100,35,True,0.315917,0.3159,none,,,False,,100,0,,,
100,64,True,0.570149,0.5701,none,,,False,,100,0,,,
100,51,True,0.347718,0.3477,none,,,False,,100,0,,,
100,10,True,0.864626,0.8646,none,,,False,,100,0,,,
100,20,True,0.494567,0.4946,none,,,False,,100,0,,,
100,92,True,1.091141,1.0911,none,,,False,,100,0,,,
100,66,True,0.570358,0.5704,none,,,False,,100,0,,,
100,41,True,0.437131,0.4371,none,,,False,,100,0,,,
100,79,True,0.535029,0.535,none,,,False,,100,0,,,
100,54,True,0.180885,0.1809,none,,,False,,100,0,,,
100,59,True,0.952066,0.9521,none,,,False,,100,0,,,
100,12,True,0.423829,0.4238,none,,,False,,100,0,,,
100,67,True,0.44983,0.4498,none,,,False,,100,0,,,
100,6,True,0.519128,0.5191,none,,,False,,100,0,,,
100,0,True,0.452927,0.4529,none,,,False,,100,0,,,
100,82,True,0.379184,0.3792,none,,,False,,100,0,,,
100,27,True,0.694501,0.6945,none,,,False,,100,0,,,
100,14,True,0.11927,0.1193,none,,,False,,100,0,,,
100,73,True,0.445099,0.4451,none,,,False,,100,0,,,
100,30,True,0.607872,0.6079,none,,,False,,100,0,,,
100,60,True,0.346237,0.3462,none,,,False,,100,0,,,
100,81,True,0.597884,0.5979,none,,,False,,100,0,,,
100,47,True,0.251994,0.252,none,,,False,,100,0,,,
100,28,True,0.147821,0.1478,none,,,False,,100,0,,,
100,13,True,0.659758,0.6598,none,,,False,,100,0,,,
