round,client_id,selected,utility,normalized_utility,detector,cusum_pos,cusum_neg,change_detected,change_direction,last_seen,age,explore_score,exploit_score,final_score
1,39,True,0.865762,0.8658,none,,,False,,1,0,,,
1,92,True,0.140497,0.1405,none,,,False,,1,0,,,
1,43,True,0.562543,0.5625,none,,,False,,1,0,,,
1,37,True,0.492373,0.4924,none,,,False,,1,0,,,
1,89,True,0.21805,0.2181,none,,,False,,1,0,,,
1,27,True,0.460828,0.4608,none,,,False,,1,0,,,
1,95,True,0.220232,0.2202,none,,,False,,1,0,,,
1,1,True,0.073478,0.0735,none,,,False,,1,0,,,
1,8,True,0.300131,0.3001,none,,,False,,1,0,,,
1,7,True,0.108357,0.1084,none,,,False,,1,0,,,
1,17,True,0.19514,0.1951,none,,,False,,1,0,,,
1,69,True,0.180779,0.1808,none,,,False,,1,0,,,
1,12,True,0.198755,0.1988,none,,,False,,1,0,,,
1,90,True,0.104044,0.104,none,,,False,,1,0,,,
1,74,True,0.070224,0.0702,none,,,False,,1,0,,,
1,65,True,0.097342,0.0973,none,,,False,,1,0,,,
1,82,True,0.3301,0.3301,none,,,False,,1,0,,,
1,84,True,0.186027,0.186,none,,,False,,1,0,,,
1,85,True,0.010466,0.0105,none,,,False,,1,0,,,
1,32,True,0.655986,0.656,none,,,False,,1,0,,,
1,57,True,0.445829,0.4458,none,,,False,,1,0,,,
1,78,True,0.674498,0.6745,none,,,False,,1,0,,,
1,45,True,0.206077,0.2061,none,,,False,,1,0,,,
1,36,True,0.035389,0.0354,none,,,False,,1,0,,,
1,77,True,0.030023,0.03,none,,,False,,1,0,,,
1,55,True,0.372194,0.3722,none,,,False,,1,0,,,
1,54,True,0.332824,0.3328,none,,,False,,1,0,,,
1,10,True,0.117848,0.1178,none,,,False,,1,0,,,
1,35,True,0.106538,0.1065,none,,,False,,1,0,,,
1,86,True,0.663812,0.6638,none,,,False,,1,0,,,
1,28,True,1.353968,1.354,none,,,False,,1,0,,,
1,94,True,0.341405,0.3414,none,,,False,,1,0,,,
1,6,True,0.09708,0.0971,none,,,False,,1,0,,,
1,67,True,0.086419,0.0864,none,,,False,,1,0,,,
1,60,True,0.14731,0.1473,none,,,False,,1,0,,,
1,51,True,0.254952,0.255,none,,,False,,1,0,,,
2,50,True,0.526161,0.5262,none,,,False,,2,0,,,
2,13,True,0.127028,0.127,none,,,False,,2,0,,,
2,14,True,0.18128,0.1813,none,,,False,,2,0,,,
2,34,True,0.678748,0.6787,none,,,False,,2,0,,,
2,73,True,0.088999,0.089,none,,,False,,2,0,,,
2,4,True,0.228293,0.2283,none,,,False,,2,0,,,
2,70,True,0.541475,0.5415,none,,,False,,2,0,,,
2,37,True,0.474046,0.474,none,,,False,,2,0,,,
2,28,True,1.229711,1.2297,none,,,False,,2,0,,,
2,22,True,0.814302,0.8143,none,,,False,,2,0,,,
2,44,True,0.212005,0.212,none,,,False,,2,0,,,
2,90,True,0.400041,0.4,none,,,False,,2,0,,,
2,75,True,0.488172,0.4882,none,,,False,,2,0,,,
2,97,True,0.930408,0.9304,none,,,False,,2,0,,,
2,65,True,0.35387,0.3539,none,,,False,,2,0,,,
2,56,True,0.840434,0.8404,none,,,False,,2,0,,,
2,68,True,0.77294,0.7729,none,,,False,,2,0,,,
2,48,True,0.144064,0.1441,none,,,False,,2,0,,,
2,25,True,0.559342,0.5593,none,,,False,,2,0,,,
2,96,True,0.493869,0.4939,none,,,False,,2,0,,,
2,83,True,0.271488,0.2715,none,,,False,,2,0,,,
2,21,True,0.392644,0.3926,none,,,False,,2,0,,,
2,12,True,0.490255,0.4903,none,,,False,,2,0,,,
2,54,True,0.373046,0.373,none,,,False,,2,0,,,
2,8,True,0.39543,0.3954,none,,,False,,2,0,,,
2,58,True,0.581797,0.5818,none,,,False,,2,0,,,
2,17,True,0.598058,0.5981,none,,,False,,2,0,,,
2,94,True,1.306375,1.3064,none,,,False,,2,0,,,
2,62,True,0.399722,0.3997,none,,,False,,2,0,,,
2,9,True,1.180992,1.181,none,,,False,,2,0,,,
2,41,True,0.376978,0.377,none,,,False,,2,0,,,
2,77,True,0.10645,0.1065,none,,,False,,2,0,,,
2,32,True,0.582059,0.5821,none,,,False,,2,0,,,
2,46,True,0.485005,0.485,none,,,False,,2,0,,,
2,92,True,0.363219,0.3632,none,,,False,,2,0,,,
2,42,True,0.683662,0.6837,none,,,False,,2,0,,,
3,53,True,0.718091,0.7181,none,,,False,,3,0,,,
3,26,True,0.583549,0.5835,none,,,False,,3,0,,,
3,72,True,0.397085,0.3971,none,,,False,,3,0,,,
3,0,True,0.691863,0.6919,none,,,False,,3,0,,,
3,25,True,0.697522,0.6975,none,,,False,,3,0,,,
3,98,True,0.23007,0.2301,none,,,False,,3,0,,,
3,81,True,0.668281,0.6683,none,,,False,,3,0,,,
3,75,True,0.583527,0.5835,none,,,False,,3,0,,,
3,33,True,0.428957,0.429,none,,,False,,3,0,,,
3,99,True,1.012741,1.0127,none,,,False,,3,0,,,
3,21,True,0.385403,0.3854,none,,,False,,3,0,,,
3,29,True,0.448269,0.4483,none,,,False,,3,0,,,
3,88,True,1.228273,1.2283,none,,,False,,3,0,,,
3,18,True,0.797695,0.7977,none,,,False,,3,0,,,
3,69,True,0.927969,0.928,none,,,False,,3,0,,,
3,20,True,0.634961,0.635,none,,,False,,3,0,,,
3,56,True,0.950199,0.9502,none,,,False,,3,0,,,
3,3,True,1.013423,1.0134,none,,,False,,3,0,,,
3,19,True,0.894594,0.8946,none,,,False,,3,0,,,
3,79,True,0.280204,0.2802,none,,,False,,3,0,,,
3,7,True,0.542091,0.5421,none,,,False,,3,0,,,
3,16,True,0.825566,0.8256,none,,,False,,3,0,,,
3,8,True,0.376146,0.3761,none,,,False,,3,0,,,
3,94,True,1.216895,1.2169,none,,,False,,3,0,,,
3,49,True,0.335956,0.336,none,,,False,,3,0,,,
3,78,True,1.007348,1.0073,none,,,False,,3,0,,,
3,4,True,0.423655,0.4237,none,,,False,,3,0,,,
3,54,True,0.391077,0.3911,none,,,False,,3,0,,,
3,60,True,0.504912,0.5049,none,,,False,,3,0,,,
3,27,True,0.578032,0.578,none,,,False,,3,0,,,
3,42,True,0.813553,0.8136,none,,,False,,3,0,,,
3,12,True,0.457924,0.4579,none,,,False,,3,0,,,
3,61,True,0.619445,0.6194,none,,,False,,3,0,,,
3,14,True,0.471341,0.4713,none,,,False,,3,0,,,
3,15,True,0.932165,0.9322,none,,,False,,3,0,,,
3,76,True,0.717256,0.7173,none,,,False,,3,0,,,
4,4,True,0.455285,0.4553,none,,,False,,4,0,,,
4,62,True,0.387865,0.3879,none,,,False,,4,0,,,
4,68,True,0.89181,0.8918,none,,,False,,4,0,,,
4,51,True,0.936174,0.9362,none,,,False,,4,0,,,
4,90,True,0.541307,0.5413,none,,,False,,4,0,,,
4,71,True,0.506092,0.5061,none,,,False,,4,0,,,
4,89,True,0.435507,0.4355,none,,,False,,4,0,,,
4,56,True,0.955521,0.9555,none,,,False,,4,0,,,
4,11,True,0.471572,0.4716,none,,,False,,4,0,,,
4,26,True,0.738642,0.7386,none,,,False,,4,0,,,
4,74,True,0.526279,0.5263,none,,,False,,4,0,,,
4,65,True,0.440941,0.4409,none,,,False,,4,0,,,
4,50,True,0.762126,0.7621,none,,,False,,4,0,,,
4,34,True,0.833881,0.8339,none,,,False,,4,0,,,
4,77,True,0.283537,0.2835,none,,,False,,4,0,,,
4,92,True,0.402337,0.4023,none,,,False,,4,0,,,
4,82,True,0.295213,0.2952,none,,,False,,4,0,,,
4,8,True,0.55521,0.5552,none,,,False,,4,0,,,
4,7,True,0.361162,0.3612,none,,,False,,4,0,,,
4,23,True,0.581881,0.5819,none,,,False,,4,0,,,
4,97,True,0.994544,0.9945,none,,,False,,4,0,,,
4,46,True,0.601783,0.6018,none,,,False,,4,0,,,
4,12,True,0.528891,0.5289,none,,,False,,4,0,,,
4,6,True,0.541468,0.5415,none,,,False,,4,0,,,
4,21,True,0.516977,0.517,none,,,False,,4,0,,,
4,75,True,0.464075,0.4641,none,,,False,,4,0,,,
4,72,True,0.467587,0.4676,none,,,False,,4,0,,,
4,44,True,0.58517,0.5852,none,,,False,,4,0,,,
4,86,True,0.463763,0.4638,none,,,False,,4,0,,,
4,98,True,0.147157,0.1472,none,,,False,,4,0,,,
4,59,True,0.591441,0.5914,none,,,False,,4,0,,,
4,48,True,0.337309,0.3373,none,,,False,,4,0,,,
4,60,True,0.320933,0.3209,none,,,False,,4,0,,,
4,19,True,0.467044,0.467,none,,,False,,4,0,,,
4,27,True,0.430233,0.4302,none,,,False,,4,0,,,
4,33,True,0.475626,0.4756,none,,,False,,4,0,,,
5,39,True,1.208836,1.2088,none,,,False,,5,0,,,
5,29,True,0.543138,0.5431,none,,,False,,5,0,,,
5,32,True,0.691362,0.6914,none,,,False,,5,0,,,
5,63,True,0.479259,0.4793,none,,,False,,5,0,,,
5,42,True,0.724518,0.7245,none,,,False,,5,0,,,
5,21,True,0.464051,0.4641,none,,,False,,5,0,,,
5,20,True,0.634,0.634,none,,,False,,5,0,,,
5,45,True,0.644153,0.6442,none,,,False,,5,0,,,
5,61,True,0.656647,0.6566,none,,,False,,5,0,,,
5,15,True,1.079205,1.0792,none,,,False,,5,0,,,
5,86,True,0.79012,0.7901,none,,,False,,5,0,,,
5,67,True,0.542569,0.5426,none,,,False,,5,0,,,
5,48,True,0.276581,0.2766,none,,,False,,5,0,,,
5,53,True,0.840751,0.8408,none,,,False,,5,0,,,
5,41,True,0.356219,0.3562,none,,,False,,5,0,,,
5,37,True,0.551983,0.552,none,,,False,,5,0,,,
5,83,True,0.590928,0.5909,none,,,False,,5,0,,,
5,93,True,0.252314,0.2523,none,,,False,,5,0,,,
5,1,True,0.4848,0.4848,none,,,False,,5,0,,,
5,78,True,0.794241,0.7942,none,,,False,,5,0,,,
5,52,True,0.55356,0.5536,none,,,False,,5,0,,,
5,26,True,0.657842,0.6578,none,,,False,,5,0,,,
5,9,True,1.221618,1.2216,none,,,False,,5,0,,,
5,79,True,0.216437,0.2164,none,,,False,,5,0,,,
5,13,True,0.350703,0.3507,none,,,False,,5,0,,,
5,27,True,0.479034,0.479,none,,,False,,5,0,,,
5,76,True,0.886965,0.887,none,,,False,,5,0,,,
5,3,True,1.063266,1.0633,none,,,False,,5,0,,,
5,18,True,0.793564,0.7936,none,,,False,,5,0,,,
5,95,True,0.813055,0.8131,none,,,False,,5,0,,,
5,31,True,0.896559,0.8966,none,,,False,,5,0,,,
5,50,True,0.484952,0.485,none,,,False,,5,0,,,
5,70,True,0.700466,0.7005,none,,,False,,5,0,,,
5,22,True,1.22893,1.2289,none,,,False,,5,0,,,
5,10,True,0.599625,0.5996,none,,,False,,5,0,,,
5,11,True,0.551654,0.5517,none,,,False,,5,0,,,
6,11,True,0.516645,0.5166,none,,,False,,6,0,,,
6,80,True,0.969263,0.9693,none,,,False,,6,0,,,
6,15,True,1.051566,1.0516,none,,,False,,6,0,,,
6,74,True,0.535258,0.5353,none,,,False,,6,0,,,
6,16,True,0.965976,0.966,none,,,False,,6,0,,,
6,14,True,0.428753,0.4288,none,,,False,,6,0,,,
6,89,True,0.439928,0.4399,none,,,False,,6,0,,,
6,86,True,0.724865,0.7249,none,,,False,,6,0,,,
6,54,True,0.351843,0.3518,none,,,False,,6,0,,,
6,84,True,0.426921,0.4269,none,,,False,,6,0,,,
6,70,True,0.49633,0.4963,none,,,False,,6,0,,,
6,55,True,0.519172,0.5192,none,,,False,,6,0,,,
6,92,True,0.396311,0.3963,none,,,False,,6,0,,,
6,32,True,0.579686,0.5797,none,,,False,,6,0,,,
6,30,True,0.244068,0.2441,none,,,False,,6,0,,,
6,59,True,0.460109,0.4601,none,,,False,,6,0,,,
6,56,True,0.860046,0.86,none,,,False,,6,0,,,
6,39,True,0.850512,0.8505,none,,,False,,6,0,,,
6,66,True,0.376534,0.3765,none,,,False,,6,0,,,
6,82,True,0.308468,0.3085,none,,,False,,6,0,,,
6,18,True,0.88332,0.8833,none,,,False,,6,0,,,
6,98,True,0.176147,0.1761,none,,,False,,6,0,,,
6,52,True,0.344715,0.3447,none,,,False,,6,0,,,
6,13,True,0.319502,0.3195,none,,,False,,6,0,,,
6,1,True,0.209235,0.2092,none,,,False,,6,0,,,
6,53,True,0.565857,0.5659,none,,,False,,6,0,,,
6,22,True,0.996474,0.9965,none,,,False,,6,0,,,
6,17,True,0.622187,0.6222,none,,,False,,6,0,,,
6,42,True,0.687257,0.6873,none,,,False,,6,0,,,
6,77,True,0.265737,0.2657,none,,,False,,6,0,,,
6,37,True,0.404871,0.4049,none,,,False,,6,0,,,
6,73,True,0.28575,0.2857,none,,,False,,6,0,,,
6,93,True,0.278578,0.2786,none,,,False,,6,0,,,
6,62,True,0.430558,0.4306,none,,,False,,6,0,,,
6,36,True,0.356425,0.3564,none,,,False,,6,0,,,
6,49,True,0.202234,0.2022,none,,,False,,6,0,,,
7,69,True,0.398221,0.3982,none,,,False,,7,0,,,
7,54,True,0.33646,0.3365,none,,,False,,7,0,,,
7,85,True,0.10152,0.1015,none,,,False,,7,0,,,
7,64,True,0.507777,0.5078,none,,,False,,7,0,,,
7,0,True,0.902374,0.9024,none,,,False,,7,0,,,
7,87,True,0.653615,0.6536,none,,,False,,7,0,,,
7,49,True,0.38636,0.3864,none,,,False,,7,0,,,
7,66,True,0.424856,0.4249,none,,,False,,7,0,,,
7,57,True,0.887891,0.8879,none,,,False,,7,0,,,
7,25,True,0.467954,0.468,none,,,False,,7,0,,,
7,95,True,0.740352,0.7404,none,,,False,,7,0,,,
7,19,True,0.626669,0.6267,none,,,False,,7,0,,,
7,42,True,0.726766,0.7268,none,,,False,,7,0,,,
7,15,True,0.801074,0.8011,none,,,False,,7,0,,,
7,9,True,1.19398,1.194,none,,,False,,7,0,,,
7,8,True,0.235329,0.2353,none,,,False,,7,0,,,
7,7,True,0.412296,0.4123,none,,,False,,7,0,,,
7,96,True,0.568695,0.5687,none,,,False,,7,0,,,
7,40,True,1.017726,1.0177,none,,,False,,7,0,,,
7,90,True,0.456274,0.4563,none,,,False,,7,0,,,
7,67,True,0.476406,0.4764,none,,,False,,7,0,,,
7,13,True,0.325055,0.3251,none,,,False,,7,0,,,
7,20,True,0.531604,0.5316,none,,,False,,7,0,,,
7,94,True,1.49545,1.4955,none,,,False,,7,0,,,
7,53,True,0.689407,0.6894,none,,,False,,7,0,,,
7,3,True,0.828995,0.829,none,,,False,,7,0,,,
7,74,True,0.471402,0.4714,none,,,False,,7,0,,,
7,6,True,0.449532,0.4495,none,,,False,,7,0,,,
7,44,True,0.522017,0.522,none,,,False,,7,0,,,
7,77,True,0.23141,0.2314,none,,,False,,7,0,,,
7,38,True,0.344763,0.3448,none,,,False,,7,0,,,
7,34,True,0.830748,0.8307,none,,,False,,7,0,,,
7,91,True,0.878146,0.8781,none,,,False,,7,0,,,
7,88,True,0.904854,0.9049,none,,,False,,7,0,,,
7,76,True,1.195009,1.195,none,,,False,,7,0,,,
7,21,True,0.38758,0.3876,none,,,False,,7,0,,,
8,7,True,0.412818,0.4128,none,,,False,,8,0,,,
8,13,True,0.38078,0.3808,none,,,False,,8,0,,,
8,29,True,0.550475,0.5505,none,,,False,,8,0,,,
8,96,True,0.558139,0.5581,none,,,False,,8,0,,,
8,43,True,0.674611,0.6746,none,,,False,,8,0,,,
8,38,True,0.357753,0.3578,none,,,False,,8,0,,,
8,86,True,0.676007,0.676,none,,,False,,8,0,,,
8,56,True,0.827702,0.8277,none,,,False,,8,0,,,
8,82,True,0.347801,0.3478,none,,,False,,8,0,,,
8,1,True,0.383332,0.3833,none,,,False,,8,0,,,
8,90,True,0.411577,0.4116,none,,,False,,8,0,,,
8,0,True,0.75082,0.7508,none,,,False,,8,0,,,
8,63,True,0.321328,0.3213,none,,,False,,8,0,,,
8,9,True,0.976568,0.9766,none,,,False,,8,0,,,
8,84,True,0.335696,0.3357,none,,,False,,8,0,,,
8,42,True,0.687034,0.687,none,,,False,,8,0,,,
8,67,True,0.513474,0.5135,none,,,False,,8,0,,,
8,30,True,0.306872,0.3069,none,,,False,,8,0,,,
8,8,True,0.392593,0.3926,none,,,False,,8,0,,,
8,78,True,0.802763,0.8028,none,,,False,,8,0,,,
8,37,True,0.559445,0.5594,none,,,False,,8,0,,,
8,14,True,0.388534,0.3885,none,,,False,,8,0,,,
8,66,True,0.398502,0.3985,none,,,False,,8,0,,,
8,89,True,0.42179,0.4218,none,,,False,,8,0,,,
8,69,True,0.804937,0.8049,none,,,False,,8,0,,,
8,46,True,0.656727,0.6567,none,,,False,,8,0,,,
8,33,True,0.478066,0.4781,none,,,False,,8,0,,,
8,21,True,0.50952,0.5095,none,,,False,,8,0,,,
8,5,True,0.288725,0.2887,none,,,False,,8,0,,,
8,54,True,0.365407,0.3654,none,,,False,,8,0,,,
8,27,True,0.492057,0.4921,none,,,False,,8,0,,,
8,6,True,0.51449,0.5145,none,,,False,,8,0,,,
8,34,True,0.76407,0.7641,none,,,False,,8,0,,,
8,45,True,0.587838,0.5878,none,,,False,,8,0,,,
8,64,True,0.497293,0.4973,none,,,False,,8,0,,,
8,72,True,0.504663,0.5047,none,,,False,,8,0,,,
9,46,True,0.447164,0.4472,none,,,False,,9,0,,,
9,13,True,0.343522,0.3435,none,,,False,,9,0,,,
9,49,True,0.329022,0.329,none,,,False,,9,0,,,
9,79,True,0.329468,0.3295,none,,,False,,9,0,,,
9,29,True,0.625681,0.6257,none,,,False,,9,0,,,
9,19,True,0.606399,0.6064,none,,,False,,9,0,,,
9,53,True,0.567421,0.5674,none,,,False,,9,0,,,
9,44,True,0.676514,0.6765,none,,,False,,9,0,,,
9,51,True,0.653033,0.653,none,,,False,,9,0,,,
9,26,True,0.638759,0.6388,none,,,False,,9,0,,,
9,72,True,0.431398,0.4314,none,,,False,,9,0,,,
9,18,True,0.902455,0.9025,none,,,False,,9,0,,,
9,4,True,0.371749,0.3717,none,,,False,,9,0,,,
9,80,True,0.967837,0.9678,none,,,False,,9,0,,,
9,99,True,1.375986,1.376,none,,,False,,9,0,,,
9,69,True,0.466886,0.4669,none,,,False,,9,0,,,
9,77,True,0.271927,0.2719,none,,,False,,9,0,,,
9,91,True,0.612466,0.6125,none,,,False,,9,0,,,
9,6,True,0.449085,0.4491,none,,,False,,9,0,,,
9,33,True,0.524864,0.5249,none,,,False,,9,0,,,
9,41,True,0.365028,0.365,none,,,False,,9,0,,,
9,2,True,0.759466,0.7595,none,,,False,,9,0,,,
9,93,True,0.230867,0.2309,none,,,False,,9,0,,,
9,50,True,0.38003,0.38,none,,,False,,9,0,,,
9,75,True,0.481231,0.4812,none,,,False,,9,0,,,
9,65,True,0.357255,0.3573,none,,,False,,9,0,,,
9,1,True,0.446961,0.447,none,,,False,,9,0,,,
9,10,True,0.51829,0.5183,none,,,False,,9,0,,,
9,88,True,1.42935,1.4294,none,,,False,,9,0,,,
9,30,True,0.346218,0.3462,none,,,False,,9,0,,,
9,71,True,0.488495,0.4885,none,,,False,,9,0,,,
9,8,True,0.277047,0.277,none,,,False,,9,0,,,
9,54,True,0.45597,0.456,none,,,False,,9,0,,,
9,62,True,0.497288,0.4973,none,,,False,,9,0,,,
9,43,True,0.801382,0.8014,none,,,False,,9,0,,,
9,57,True,0.851013,0.851,none,,,False,,9,0,,,
10,4,True,0.478401,0.4784,none,,,False,,10,0,,,
10,76,True,0.93265,0.9327,none,,,False,,10,0,,,
10,78,True,0.974676,0.9747,none,,,False,,10,0,,,
10,70,True,0.482079,0.4821,none,,,False,,10,0,,,
10,80,True,0.865074,0.8651,none,,,False,,10,0,,,
10,7,True,0.595559,0.5956,none,,,False,,10,0,,,
10,73,True,0.34492,0.3449,none,,,False,,10,0,,,
10,46,True,0.423283,0.4233,none,,,False,,10,0,,,
10,22,True,0.807356,0.8074,none,,,False,,10,0,,,
10,17,True,0.735914,0.7359,none,,,False,,10,0,,,
10,65,True,0.320367,0.3204,none,,,False,,10,0,,,
10,31,True,0.715402,0.7154,none,,,False,,10,0,,,
10,18,True,0.833183,0.8332,none,,,False,,10,0,,,
10,12,True,0.555706,0.5557,none,,,False,,10,0,,,
10,67,True,0.384146,0.3841,none,,,False,,10,0,,,
10,53,True,0.751839,0.7518,none,,,False,,10,0,,,
10,40,True,1.254603,1.2546,none,,,False,,10,0,,,
10,64,True,0.644132,0.6441,none,,,False,,10,0,,,
10,86,True,0.9352,0.9352,none,,,False,,10,0,,,
10,21,True,0.489468,0.4895,none,,,False,,10,0,,,
10,25,True,0.743959,0.744,none,,,False,,10,0,,,
10,16,True,1.120925,1.1209,none,,,False,,10,0,,,
10,68,True,0.566784,0.5668,none,,,False,,10,0,,,
10,99,True,1.530751,1.5308,none,,,False,,10,0,,,
10,87,True,0.593655,0.5937,none,,,False,,10,0,,,
10,49,True,0.300436,0.3004,none,,,False,,10,0,,,
10,19,True,0.696106,0.6961,none,,,False,,10,0,,,
10,15,True,0.857135,0.8571,none,,,False,,10,0,,,
10,3,True,0.588999,0.589,none,,,False,,10,0,,,
10,63,True,0.457784,0.4578,none,,,False,,10,0,,,
10,59,True,0.589326,0.5893,none,,,False,,10,0,,,
10,35,True,0.533425,0.5334,none,,,False,,10,0,,,
10,41,True,0.22578,0.2258,none,,,False,,10,0,,,
10,62,True,0.390503,0.3905,none,,,False,,10,0,,,
10,2,True,0.479671,0.4797,none,,,False,,10,0,,,
10,79,True,0.306912,0.3069,none,,,False,,10,0,,,
11,35,True,0.499872,0.4999,none,,,False,,11,0,,,
11,61,True,0.525945,0.5259,none,,,False,,11,0,,,
11,3,True,0.941715,0.9417,none,,,False,,11,0,,,
11,30,True,0.334313,0.3343,none,,,False,,11,0,,,
11,34,True,0.653406,0.6534,none,,,False,,11,0,,,
11,77,True,0.299616,0.2996,none,,,False,,11,0,,,
11,78,True,0.712358,0.7124,none,,,False,,11,0,,,
11,73,True,0.305723,0.3057,none,,,False,,11,0,,,
11,26,True,0.737847,0.7378,none,,,False,,11,0,,,
11,67,True,0.605113,0.6051,none,,,False,,11,0,,,
11,20,True,0.441741,0.4417,none,,,False,,11,0,,,
11,51,True,0.910562,0.9106,none,,,False,,11,0,,,
11,5,True,0.33037,0.3304,none,,,False,,11,0,,,
11,79,True,0.380863,0.3809,none,,,False,,11,0,,,
11,24,True,0.467409,0.4674,none,,,False,,11,0,,,
11,87,True,0.528047,0.528,none,,,False,,11,0,,,
11,48,True,0.309992,0.31,none,,,False,,11,0,,,
11,71,True,0.514685,0.5147,none,,,False,,11,0,,,
11,23,True,0.66598,0.666,none,,,False,,11,0,,,
11,11,True,0.481261,0.4813,none,,,False,,11,0,,,
11,84,True,0.361545,0.3615,none,,,False,,11,0,,,
11,95,True,0.825394,0.8254,none,,,False,,11,0,,,
11,81,True,0.425118,0.4251,none,,,False,,11,0,,,
11,38,True,0.385388,0.3854,none,,,False,,11,0,,,
11,2,True,0.667948,0.6679,none,,,False,,11,0,,,
11,45,True,0.552361,0.5524,none,,,False,,11,0,,,
11,0,True,0.978541,0.9785,none,,,False,,11,0,,,
11,63,True,0.418745,0.4187,none,,,False,,11,0,,,
11,44,True,0.594827,0.5948,none,,,False,,11,0,,,
11,16,True,0.9079,0.9079,none,,,False,,11,0,,,
11,28,True,1.173686,1.1737,none,,,False,,11,0,,,
11,76,True,0.90863,0.9086,none,,,False,,11,0,,,
11,90,True,0.466227,0.4662,none,,,False,,11,0,,,
11,91,True,0.875845,0.8758,none,,,False,,11,0,,,
11,18,True,0.97088,0.9709,none,,,False,,11,0,,,
11,47,True,0.31996,0.32,none,,,False,,11,0,,,
12,53,True,0.76152,0.7615,none,,,False,,12,0,,,
12,29,True,0.52939,0.5294,none,,,False,,12,0,,,
12,87,True,0.748997,0.749,none,,,False,,12,0,,,
12,11,True,0.547641,0.5476,none,,,False,,12,0,,,
12,52,True,0.311542,0.3115,none,,,False,,12,0,,,
12,34,True,0.65583,0.6558,none,,,False,,12,0,,,
12,24,True,0.390645,0.3906,none,,,False,,12,0,,,
12,62,True,0.417579,0.4176,none,,,False,,12,0,,,
12,14,True,0.49916,0.4992,none,,,False,,12,0,,,
12,50,True,0.449393,0.4494,none,,,False,,12,0,,,
12,22,True,1.092073,1.0921,none,,,False,,12,0,,,
12,70,True,0.311972,0.312,none,,,False,,12,0,,,
12,83,True,0.437625,0.4376,none,,,False,,12,0,,,
12,93,True,0.213921,0.2139,none,,,False,,12,0,,,
12,91,True,0.813407,0.8134,none,,,False,,12,0,,,
12,90,True,0.472633,0.4726,none,,,False,,12,0,,,
12,35,True,0.563126,0.5631,none,,,False,,12,0,,,
12,26,True,0.632597,0.6326,none,,,False,,12,0,,,
12,4,True,0.325276,0.3253,none,,,False,,12,0,,,
12,80,True,0.699603,0.6996,none,,,False,,12,0,,,
12,43,True,0.790217,0.7902,none,,,False,,12,0,,,
12,36,True,0.459498,0.4595,none,,,False,,12,0,,,
12,12,True,0.511538,0.5115,none,,,False,,12,0,,,
12,88,True,1.239947,1.2399,none,,,False,,12,0,,,
12,1,True,0.576126,0.5761,none,,,False,,12,0,,,
12,60,True,0.394227,0.3942,none,,,False,,12,0,,,
12,17,True,0.830344,0.8303,none,,,False,,12,0,,,
12,28,True,1.268439,1.2684,none,,,False,,12,0,,,
12,78,True,0.804418,0.8044,none,,,False,,12,0,,,
12,41,True,0.288551,0.2886,none,,,False,,12,0,,,
12,31,True,0.920146,0.9201,none,,,False,,12,0,,,
12,56,True,0.860173,0.8602,none,,,False,,12,0,,,
12,95,True,0.684232,0.6842,none,,,False,,12,0,,,
12,97,True,0.832335,0.8323,none,,,False,,12,0,,,
12,44,True,0.544984,0.545,none,,,False,,12,0,,,
12,10,True,0.721155,0.7212,none,,,False,,12,0,,,
13,73,True,0.291335,0.2913,none,,,False,,13,0,,,
13,98,True,0.212126,0.2121,none,,,False,,13,0,,,
13,4,True,0.371009,0.371,none,,,False,,13,0,,,
13,46,True,0.415149,0.4151,none,,,False,,13,0,,,
13,62,True,0.257418,0.2574,none,,,False,,13,0,,,
13,74,True,0.500394,0.5004,none,,,False,,13,0,,,
13,23,True,0.494964,0.495,none,,,False,,13,0,,,
13,30,True,0.288892,0.2889,none,,,False,,13,0,,,
13,3,True,0.740985,0.741,none,,,False,,13,0,,,
13,47,True,0.303722,0.3037,none,,,False,,13,0,,,
13,51,True,0.877702,0.8777,none,,,False,,13,0,,,
13,21,True,0.490248,0.4902,none,,,False,,13,0,,,
13,86,True,0.637026,0.637,none,,,False,,13,0,,,
13,39,True,1.045202,1.0452,none,,,False,,13,0,,,
13,89,True,0.492954,0.493,none,,,False,,13,0,,,
13,13,True,0.43481,0.4348,none,,,False,,13,0,,,
13,1,True,0.458568,0.4586,none,,,False,,13,0,,,
13,77,True,0.355618,0.3556,none,,,False,,13,0,,,
13,28,True,1.12529,1.1253,none,,,False,,13,0,,,
13,54,True,0.477002,0.477,none,,,False,,13,0,,,
13,92,True,0.266298,0.2663,none,,,False,,13,0,,,
13,71,True,0.598919,0.5989,none,,,False,,13,0,,,
13,33,True,0.564617,0.5646,none,,,False,,13,0,,,
13,88,True,0.999062,0.9991,none,,,False,,13,0,,,
13,94,True,1.457066,1.4571,none,,,False,,13,0,,,
13,85,True,0.134326,0.1343,none,,,False,,13,0,,,
13,45,True,0.693108,0.6931,none,,,False,,13,0,,,
13,82,True,0.327249,0.3272,none,,,False,,13,0,,,
13,44,True,0.553187,0.5532,none,,,False,,13,0,,,
13,24,True,0.534062,0.5341,none,,,False,,13,0,,,
13,58,True,0.596321,0.5963,none,,,False,,13,0,,,
13,61,True,0.738376,0.7384,none,,,False,,13,0,,,
13,27,True,0.341098,0.3411,none,,,False,,13,0,,,
13,25,True,0.652045,0.652,none,,,False,,13,0,,,
13,29,True,0.53548,0.5355,none,,,False,,13,0,,,
13,59,True,0.597522,0.5975,none,,,False,,13,0,,,
14,45,True,0.463761,0.4638,none,,,False,,14,0,,,
14,33,True,0.646348,0.6463,none,,,False,,14,0,,,
14,58,True,0.475043,0.475,none,,,False,,14,0,,,
14,11,True,0.636865,0.6369,none,,,False,,14,0,,,
14,87,True,0.656313,0.6563,none,,,False,,14,0,,,
14,60,True,0.523555,0.5236,none,,,False,,14,0,,,
14,57,True,0.867532,0.8675,none,,,False,,14,0,,,
14,5,True,0.389357,0.3894,none,,,False,,14,0,,,
14,63,True,0.476837,0.4768,none,,,False,,14,0,,,
14,37,True,0.540107,0.5401,none,,,False,,14,0,,,
14,4,True,0.483808,0.4838,none,,,False,,14,0,,,
14,74,True,0.569783,0.5698,none,,,False,,14,0,,,
14,15,True,0.938971,0.939,none,,,False,,14,0,,,
14,69,True,1.21302,1.213,none,,,False,,14,0,,,
14,7,True,0.504062,0.5041,none,,,False,,14,0,,,
14,43,True,0.895867,0.8959,none,,,False,,14,0,,,
14,12,True,0.344179,0.3442,none,,,False,,14,0,,,
14,3,True,0.903503,0.9035,none,,,False,,14,0,,,
14,21,True,0.404217,0.4042,none,,,False,,14,0,,,
14,82,True,0.205467,0.2055,none,,,False,,14,0,,,
14,18,True,0.896971,0.897,none,,,False,,14,0,,,
14,52,True,0.367827,0.3678,none,,,False,,14,0,,,
14,95,True,0.940453,0.9405,none,,,False,,14,0,,,
14,47,True,0.150858,0.1509,none,,,False,,14,0,,,
14,76,True,0.922463,0.9225,none,,,False,,14,0,,,
14,32,True,0.622062,0.6221,none,,,False,,14,0,,,
14,39,True,1.021677,1.0217,none,,,False,,14,0,,,
14,22,True,1.183298,1.1833,none,,,False,,14,0,,,
14,38,True,0.427446,0.4274,none,,,False,,14,0,,,
14,19,True,0.6521,0.6521,none,,,False,,14,0,,,
14,66,True,0.485059,0.4851,none,,,False,,14,0,,,
14,17,True,0.704413,0.7044,none,,,False,,14,0,,,
14,94,True,1.171669,1.1717,none,,,False,,14,0,,,
14,75,True,0.762685,0.7627,none,,,False,,14,0,,,
14,24,True,0.555926,0.5559,none,,,False,,14,0,,,
14,93,True,0.281778,0.2818,none,,,False,,14,0,,,
15,66,True,0.284229,0.2842,none,,,False,,15,0,,,
15,12,True,0.466633,0.4666,none,,,False,,15,0,,,
15,78,True,0.843021,0.843,none,,,False,,15,0,,,
15,77,True,0.299624,0.2996,none,,,False,,15,0,,,
15,36,True,0.408023,0.408,none,,,False,,15,0,,,
15,5,True,0.290221,0.2902,none,,,False,,15,0,,,
15,60,True,0.523406,0.5234,none,,,False,,15,0,,,
15,61,True,0.68422,0.6842,none,,,False,,15,0,,,
15,31,True,0.859477,0.8595,none,,,False,,15,0,,,
15,11,True,0.550549,0.5505,none,,,False,,15,0,,,
15,17,True,0.578498,0.5785,none,,,False,,15,0,,,
15,54,True,0.372653,0.3727,none,,,False,,15,0,,,
15,4,True,0.533234,0.5332,none,,,False,,15,0,,,
15,46,True,0.732995,0.733,none,,,False,,15,0,,,
15,91,True,1.020085,1.0201,none,,,False,,15,0,,,
15,55,True,0.509692,0.5097,none,,,False,,15,0,,,
15,81,True,0.641297,0.6413,none,,,False,,15,0,,,
15,33,True,0.538836,0.5388,none,,,False,,15,0,,,
15,82,True,0.334195,0.3342,none,,,False,,15,0,,,
15,51,True,0.486383,0.4864,none,,,False,,15,0,,,
15,2,True,0.594953,0.595,none,,,False,,15,0,,,
15,52,True,0.411856,0.4119,none,,,False,,15,0,,,
15,8,True,0.43016,0.4302,none,,,False,,15,0,,,
15,59,True,0.251743,0.2517,none,,,False,,15,0,,,
15,87,True,0.515566,0.5156,none,,,False,,15,0,,,
15,19,True,0.623268,0.6233,none,,,False,,15,0,,,
15,1,True,0.321049,0.321,none,,,False,,15,0,,,
15,18,True,0.872611,0.8726,none,,,False,,15,0,,,
15,80,True,1.013631,1.0136,none,,,False,,15,0,,,
15,74,True,0.602447,0.6024,none,,,False,,15,0,,,
15,28,True,1.397911,1.3979,none,,,False,,15,0,,,
15,97,True,1.076574,1.0766,none,,,False,,15,0,,,
15,22,True,0.80104,0.801,none,,,False,,15,0,,,
15,85,True,0.127248,0.1272,none,,,False,,15,0,,,
15,86,True,0.543933,0.5439,none,,,False,,15,0,,,
15,42,True,0.80438,0.8044,none,,,False,,15,0,,,
16,34,True,0.53743,0.5374,none,,,False,,16,0,,,
16,93,True,0.286322,0.2863,none,,,False,,16,0,,,
16,19,True,0.483393,0.4834,none,,,False,,16,0,,,
16,66,True,0.470298,0.4703,none,,,False,,16,0,,,
16,37,True,0.536874,0.5369,none,,,False,,16,0,,,
16,31,True,1.002847,1.0028,none,,,False,,16,0,,,
16,28,True,0.879007,0.879,none,,,False,,16,0,,,
16,2,True,0.835416,0.8354,none,,,False,,16,0,,,
16,4,True,0.321199,0.3212,none,,,False,,16,0,,,
16,62,True,0.502908,0.5029,none,,,False,,16,0,,,
16,35,True,0.570919,0.5709,none,,,False,,16,0,,,
16,63,True,0.459883,0.4599,none,,,False,,16,0,,,
16,68,True,0.716448,0.7164,none,,,False,,16,0,,,
16,33,True,0.595977,0.596,none,,,False,,16,0,,,
16,9,True,0.840243,0.8402,none,,,False,,16,0,,,
16,90,True,0.563175,0.5632,none,,,False,,16,0,,,
16,32,True,0.7154,0.7154,none,,,False,,16,0,,,
16,51,True,1.025361,1.0254,none,,,False,,16,0,,,
16,21,True,0.525446,0.5254,none,,,False,,16,0,,,
16,89,True,0.408686,0.4087,none,,,False,,16,0,,,
16,71,True,0.461425,0.4614,none,,,False,,16,0,,,
16,69,True,1.293465,1.2935,none,,,False,,16,0,,,
16,91,True,0.647565,0.6476,none,,,False,,16,0,,,
16,65,True,0.472619,0.4726,none,,,False,,16,0,,,
16,98,True,0.235407,0.2354,none,,,False,,16,0,,,
16,56,True,0.968629,0.9686,none,,,False,,16,0,,,
16,15,True,1.18805,1.188,none,,,False,,16,0,,,
16,20,True,0.510279,0.5103,none,,,False,,16,0,,,
16,12,True,0.299847,0.2998,none,,,False,,16,0,,,
16,54,True,0.376917,0.3769,none,,,False,,16,0,,,
16,26,True,0.771768,0.7718,none,,,False,,16,0,,,
16,5,True,0.277594,0.2776,none,,,False,,16,0,,,
16,29,True,0.495072,0.4951,none,,,False,,16,0,,,
16,70,True,0.505391,0.5054,none,,,False,,16,0,,,
16,16,True,0.87279,0.8728,none,,,False,,16,0,,,
16,0,True,0.841707,0.8417,none,,,False,,16,0,,,
17,11,True,0.578778,0.5788,none,,,False,,17,0,,,
17,33,True,0.498879,0.4989,none,,,False,,17,0,,,
17,97,True,0.771292,0.7713,none,,,False,,17,0,,,
17,5,True,0.503402,0.5034,none,,,False,,17,0,,,
17,96,True,0.447701,0.4477,none,,,False,,17,0,,,
17,51,True,0.701341,0.7013,none,,,False,,17,0,,,
17,23,True,0.617496,0.6175,none,,,False,,17,0,,,
17,66,True,0.397889,0.3979,none,,,False,,17,0,,,
17,84,True,0.343122,0.3431,none,,,False,,17,0,,,
17,18,True,0.864321,0.8643,none,,,False,,17,0,,,
17,29,True,0.366487,0.3665,none,,,False,,17,0,,,
17,36,True,0.342991,0.343,none,,,False,,17,0,,,
17,61,True,0.738706,0.7387,none,,,False,,17,0,,,
17,72,True,0.479718,0.4797,none,,,False,,17,0,,,
17,85,True,0.075478,0.0755,none,,,False,,17,0,,,
17,37,True,0.455992,0.456,none,,,False,,17,0,,,
17,75,True,0.714153,0.7142,none,,,False,,17,0,,,
17,0,True,0.658693,0.6587,none,,,False,,17,0,,,
17,35,True,0.409665,0.4097,none,,,False,,17,0,,,
17,30,True,0.249074,0.2491,none,,,False,,17,0,,,
17,82,True,0.336102,0.3361,none,,,False,,17,0,,,
17,15,True,0.805926,0.8059,none,,,False,,17,0,,,
17,76,True,0.916201,0.9162,none,,,False,,17,0,,,
17,67,True,0.441504,0.4415,none,,,False,,17,0,,,
17,95,True,0.924926,0.9249,none,,,False,,17,0,,,
17,81,True,0.703241,0.7032,none,,,False,,17,0,,,
17,8,True,0.386734,0.3867,none,,,False,,17,0,,,
17,3,True,0.858033,0.858,none,,,False,,17,0,,,
17,94,True,1.250953,1.251,none,,,False,,17,0,,,
17,68,True,0.703187,0.7032,none,,,False,,17,0,,,
17,77,True,0.245014,0.245,none,,,False,,17,0,,,
17,74,True,0.482731,0.4827,none,,,False,,17,0,,,
17,1,True,0.277441,0.2774,none,,,False,,17,0,,,
17,27,True,0.652016,0.652,none,,,False,,17,0,,,
17,64,True,0.460052,0.4601,none,,,False,,17,0,,,
17,50,True,0.561666,0.5617,none,,,False,,17,0,,,
18,21,True,0.486589,0.4866,none,,,False,,18,0,,,
18,6,True,0.55094,0.5509,none,,,False,,18,0,,,
18,56,True,0.837626,0.8376,none,,,False,,18,0,,,
18,32,True,0.615893,0.6159,none,,,False,,18,0,,,
18,90,True,0.566091,0.5661,none,,,False,,18,0,,,
18,19,True,0.54941,0.5494,none,,,False,,18,0,,,
18,86,True,0.582508,0.5825,none,,,False,,18,0,,,
18,80,True,0.835553,0.8356,none,,,False,,18,0,,,
18,1,True,0.518693,0.5187,none,,,False,,18,0,,,
18,64,True,0.611706,0.6117,none,,,False,,18,0,,,
18,33,True,0.39996,0.4,none,,,False,,18,0,,,
18,10,True,0.686855,0.6869,none,,,False,,18,0,,,
18,81,True,0.49451,0.4945,none,,,False,,18,0,,,
18,72,True,0.307701,0.3077,none,,,False,,18,0,,,
18,31,True,0.869375,0.8694,none,,,False,,18,0,,,
18,40,True,1.113721,1.1137,none,,,False,,18,0,,,
18,11,True,0.370614,0.3706,none,,,False,,18,0,,,
18,9,True,0.984131,0.9841,none,,,False,,18,0,,,
18,16,True,0.970691,0.9707,none,,,False,,18,0,,,
18,88,True,1.202532,1.2025,none,,,False,,18,0,,,
18,61,True,0.57521,0.5752,none,,,False,,18,0,,,
18,14,True,0.464152,0.4642,none,,,False,,18,0,,,
18,48,True,0.258931,0.2589,none,,,False,,18,0,,,
18,84,True,0.379094,0.3791,none,,,False,,18,0,,,
18,83,True,0.482835,0.4828,none,,,False,,18,0,,,
18,42,True,0.670164,0.6702,none,,,False,,18,0,,,
18,8,True,0.38022,0.3802,none,,,False,,18,0,,,
18,97,True,0.779499,0.7795,none,,,False,,18,0,,,
18,62,True,0.373966,0.374,none,,,False,,18,0,,,
18,3,True,0.842301,0.8423,none,,,False,,18,0,,,
18,0,True,0.723152,0.7232,none,,,False,,18,0,,,
18,53,True,0.693835,0.6938,none,,,False,,18,0,,,
18,35,True,0.513972,0.514,none,,,False,,18,0,,,
18,70,True,0.434373,0.4344,none,,,False,,18,0,,,
18,65,True,0.382599,0.3826,none,,,False,,18,0,,,
18,71,True,0.423125,0.4231,none,,,False,,18,0,,,
19,15,True,1.031986,1.032,none,,,False,,19,0,,,
19,82,True,0.411858,0.4119,none,,,False,,19,0,,,
19,53,True,0.695909,0.6959,none,,,False,,19,0,,,
19,94,True,1.04586,1.0459,none,,,False,,19,0,,,
19,0,True,0.692443,0.6924,none,,,False,,19,0,,,
19,58,True,0.596866,0.5969,none,,,False,,19,0,,,
19,87,True,0.557621,0.5576,none,,,False,,19,0,,,
19,26,True,0.628207,0.6282,none,,,False,,19,0,,,
19,72,True,0.310951,0.311,none,,,False,,19,0,,,
19,78,True,0.848653,0.8487,none,,,False,,19,0,,,
19,54,True,0.303528,0.3035,none,,,False,,19,0,,,
19,18,True,1.009821,1.0098,none,,,False,,19,0,,,
19,42,True,0.484375,0.4844,none,,,False,,19,0,,,
19,50,True,0.511884,0.5119,none,,,False,,19,0,,,
19,14,True,0.559217,0.5592,none,,,False,,19,0,,,
19,5,True,0.447423,0.4474,none,,,False,,19,0,,,
19,70,True,0.448911,0.4489,none,,,False,,19,0,,,
19,60,True,0.404181,0.4042,none,,,False,,19,0,,,
19,73,True,0.241295,0.2413,none,,,False,,19,0,,,
19,43,True,0.764935,0.7649,none,,,False,,19,0,,,
19,93,True,0.282257,0.2823,none,,,False,,19,0,,,
19,38,True,0.443991,0.444,none,,,False,,19,0,,,
19,33,True,0.541065,0.5411,none,,,False,,19,0,,,
19,35,True,0.550898,0.5509,none,,,False,,19,0,,,
19,59,True,0.758383,0.7584,none,,,False,,19,0,,,
19,44,True,0.552474,0.5525,none,,,False,,19,0,,,
19,99,True,1.281211,1.2812,none,,,False,,19,0,,,
19,74,True,0.40621,0.4062,none,,,False,,19,0,,,
19,22,True,1.174259,1.1743,none,,,False,,19,0,,,
19,13,True,0.442886,0.4429,none,,,False,,19,0,,,
19,28,True,1.278405,1.2784,none,,,False,,19,0,,,
19,16,True,0.791058,0.7911,none,,,False,,19,0,,,
19,55,True,0.304786,0.3048,none,,,False,,19,0,,,
19,97,True,0.829688,0.8297,none,,,False,,19,0,,,
19,61,True,0.586515,0.5865,none,,,False,,19,0,,,
19,81,True,0.593359,0.5934,none,,,False,,19,0,,,
20,56,True,1.005597,1.0056,none,,,False,,20,0,,,
20,55,True,0.528245,0.5282,none,,,False,,20,0,,,
20,63,True,0.395564,0.3956,none,,,False,,20,0,,,
20,46,True,0.554521,0.5545,none,,,False,,20,0,,,
20,47,True,0.238337,0.2383,none,,,False,,20,0,,,
20,57,True,0.844595,0.8446,none,,,False,,20,0,,,
20,48,True,0.310626,0.3106,none,,,False,,20,0,,,
20,83,True,0.513604,0.5136,none,,,False,,20,0,,,
20,77,True,0.281322,0.2813,none,,,False,,20,0,,,
20,60,True,0.351167,0.3512,none,,,False,,20,0,,,
20,50,True,0.65709,0.6571,none,,,False,,20,0,,,
20,10,True,0.601265,0.6013,none,,,False,,20,0,,,
20,76,True,0.822372,0.8224,none,,,False,,20,0,,,
20,18,True,0.817423,0.8174,none,,,False,,20,0,,,
20,59,True,0.540988,0.541,none,,,False,,20,0,,,
20,88,True,0.629411,0.6294,none,,,False,,20,0,,,
20,7,True,0.360903,0.3609,none,,,False,,20,0,,,
20,9,True,1.00775,1.0077,none,,,False,,20,0,,,
20,8,True,0.423157,0.4232,none,,,False,,20,0,,,
20,61,True,0.541528,0.5415,none,,,False,,20,0,,,
20,32,True,0.714077,0.7141,none,,,False,,20,0,,,
20,75,True,0.456877,0.4569,none,,,False,,20,0,,,
20,65,True,0.417676,0.4177,none,,,False,,20,0,,,
20,92,True,0.321164,0.3212,none,,,False,,20,0,,,
20,85,True,0.1095,0.1095,none,,,False,,20,0,,,
20,2,True,0.565341,0.5653,none,,,False,,20,0,,,
20,0,True,0.81777,0.8178,none,,,False,,20,0,,,
20,51,True,0.833712,0.8337,none,,,False,,20,0,,,
20,91,True,0.858975,0.859,none,,,False,,20,0,,,
20,45,True,0.575781,0.5758,none,,,False,,20,0,,,
20,4,True,0.441797,0.4418,none,,,False,,20,0,,,
20,86,True,0.58011,0.5801,none,,,False,,20,0,,,
20,19,True,0.494721,0.4947,none,,,False,,20,0,,,
20,29,True,0.529662,0.5297,none,,,False,,20,0,,,
20,70,True,0.456173,0.4562,none,,,False,,20,0,,,
20,42,True,0.702195,0.7022,none,,,False,,20,0,,,
21,36,True,0.421825,0.4218,none,,,False,,21,0,,,
21,8,True,0.321075,0.3211,none,,,False,,21,0,,,
21,98,True,0.218131,0.2181,none,,,False,,21,0,,,
21,44,True,0.615313,0.6153,none,,,False,,21,0,,,
21,61,True,0.767155,0.7672,none,,,False,,21,0,,,
21,17,True,0.625579,0.6256,none,,,False,,21,0,,,
21,74,True,0.346852,0.3469,none,,,False,,21,0,,,
21,97,True,0.775328,0.7753,none,,,False,,21,0,,,
21,69,True,0.896543,0.8965,none,,,False,,21,0,,,
21,15,True,0.948648,0.9486,none,,,False,,21,0,,,
21,86,True,0.754274,0.7543,none,,,False,,21,0,,,
21,76,True,1.009353,1.0094,none,,,False,,21,0,,,
21,0,True,0.674077,0.6741,none,,,False,,21,0,,,
21,22,True,1.377656,1.3777,none,,,False,,21,0,,,
21,67,True,0.529246,0.5292,none,,,False,,21,0,,,
21,88,True,1.451409,1.4514,none,,,False,,21,0,,,
21,92,True,0.38388,0.3839,none,,,False,,21,0,,,
21,11,True,0.680836,0.6808,none,,,False,,21,0,,,
21,99,True,1.478613,1.4786,none,,,False,,21,0,,,
21,29,True,0.489701,0.4897,none,,,False,,21,0,,,
21,68,True,0.78211,0.7821,none,,,False,,21,0,,,
21,82,True,0.431795,0.4318,none,,,False,,21,0,,,
21,64,True,0.498105,0.4981,none,,,False,,21,0,,,
21,2,True,0.740632,0.7406,none,,,False,,21,0,,,
21,72,True,0.310665,0.3107,none,,,False,,21,0,,,
21,13,True,0.422344,0.4223,none,,,False,,21,0,,,
21,48,True,0.207705,0.2077,none,,,False,,21,0,,,
21,10,True,0.682852,0.6829,none,,,False,,21,0,,,
21,50,True,0.471536,0.4715,none,,,False,,21,0,,,
21,77,True,0.329701,0.3297,none,,,False,,21,0,,,
21,3,True,1.104765,1.1048,none,,,False,,21,0,,,
21,21,True,0.411685,0.4117,none,,,False,,21,0,,,
21,25,True,0.680805,0.6808,none,,,False,,21,0,,,
21,38,True,0.434756,0.4348,none,,,False,,21,0,,,
21,26,True,0.559894,0.5599,none,,,False,,21,0,,,
21,57,True,0.855398,0.8554,none,,,False,,21,0,,,
22,98,True,0.196665,0.1967,none,,,False,,22,0,,,
22,84,True,0.548591,0.5486,none,,,False,,22,0,,,
22,32,True,0.642324,0.6423,none,,,False,,22,0,,,
22,23,True,0.408362,0.4084,none,,,False,,22,0,,,
22,41,True,0.324181,0.3242,none,,,False,,22,0,,,
22,5,True,0.368548,0.3685,none,,,False,,22,0,,,
22,59,True,0.503787,0.5038,none,,,False,,22,0,,,
22,14,True,0.416389,0.4164,none,,,False,,22,0,,,
22,61,True,0.519615,0.5196,none,,,False,,22,0,,,
22,64,True,0.595798,0.5958,none,,,False,,22,0,,,
22,72,True,0.339177,0.3392,none,,,False,,22,0,,,
22,13,True,0.386487,0.3865,none,,,False,,22,0,,,
22,20,True,0.560956,0.561,none,,,False,,22,0,,,
22,1,True,0.462344,0.4623,none,,,False,,22,0,,,
22,71,True,0.40611,0.4061,none,,,False,,22,0,,,
22,51,True,0.833325,0.8333,none,,,False,,22,0,,,
22,76,True,1.017987,1.018,none,,,False,,22,0,,,
22,86,True,0.458823,0.4588,none,,,False,,22,0,,,
22,68,True,0.782672,0.7827,none,,,False,,22,0,,,
22,70,True,0.400015,0.4,none,,,False,,22,0,,,
22,38,True,0.329772,0.3298,none,,,False,,22,0,,,
22,6,True,0.577312,0.5773,none,,,False,,22,0,,,
22,4,True,0.452871,0.4529,none,,,False,,22,0,,,
22,66,True,0.28046,0.2805,none,,,False,,22,0,,,
22,27,True,0.360564,0.3606,none,,,False,,22,0,,,
22,77,True,0.270128,0.2701,none,,,False,,22,0,,,
22,79,True,0.333286,0.3333,none,,,False,,22,0,,,
22,11,True,0.486089,0.4861,none,,,False,,22,0,,,
22,16,True,1.059808,1.0598,none,,,False,,22,0,,,
22,92,True,0.32921,0.3292,none,,,False,,22,0,,,
22,15,True,0.915983,0.916,none,,,False,,22,0,,,
22,33,True,0.412358,0.4124,none,,,False,,22,0,,,
22,18,True,0.742384,0.7424,none,,,False,,22,0,,,
22,26,True,0.609977,0.61,none,,,False,,22,0,,,
22,69,True,0.780777,0.7808,none,,,False,,22,0,,,
22,31,True,0.843836,0.8438,none,,,False,,22,0,,,
23,96,True,0.509739,0.5097,none,,,False,,23,0,,,
23,68,True,0.734816,0.7348,none,,,False,,23,0,,,
23,51,True,0.724114,0.7241,none,,,False,,23,0,,,
23,46,True,0.540215,0.5402,none,,,False,,23,0,,,
23,58,True,0.256878,0.2569,none,,,False,,23,0,,,
23,28,True,1.264781,1.2648,none,,,False,,23,0,,,
23,93,True,0.248147,0.2481,none,,,False,,23,0,,,
23,24,True,0.457644,0.4576,none,,,False,,23,0,,,
23,30,True,0.337413,0.3374,none,,,False,,23,0,,,
23,49,True,0.365754,0.3658,none,,,False,,23,0,,,
23,60,True,0.422762,0.4228,none,,,False,,23,0,,,
23,64,True,0.440753,0.4408,none,,,False,,23,0,,,
23,65,True,0.354565,0.3546,none,,,False,,23,0,,,
23,5,True,0.347122,0.3471,none,,,False,,23,0,,,
23,37,True,0.551168,0.5512,none,,,False,,23,0,,,
23,78,True,0.709727,0.7097,none,,,False,,23,0,,,
23,40,True,0.99105,0.991,none,,,False,,23,0,,,
23,85,True,0.103649,0.1036,none,,,False,,23,0,,,
23,38,True,0.330102,0.3301,none,,,False,,23,0,,,
23,36,True,0.351153,0.3512,none,,,False,,23,0,,,
23,33,True,0.519915,0.5199,none,,,False,,23,0,,,
23,57,True,0.622534,0.6225,none,,,False,,23,0,,,
23,41,True,0.274779,0.2748,none,,,False,,23,0,,,
23,50,True,0.589944,0.5899,none,,,False,,23,0,,,
23,27,True,0.464628,0.4646,none,,,False,,23,0,,,
23,6,True,0.558748,0.5587,none,,,False,,23,0,,,
23,19,True,0.641294,0.6413,none,,,False,,23,0,,,
23,77,True,0.276817,0.2768,none,,,False,,23,0,,,
23,8,True,0.412493,0.4125,none,,,False,,23,0,,,
23,29,True,0.407896,0.4079,none,,,False,,23,0,,,
23,32,True,0.581428,0.5814,none,,,False,,23,0,,,
23,1,True,0.420561,0.4206,none,,,False,,23,0,,,
23,7,True,0.425405,0.4254,none,,,False,,23,0,,,
23,47,True,0.220871,0.2209,none,,,False,,23,0,,,
23,18,True,0.920604,0.9206,none,,,False,,23,0,,,
23,95,True,0.762528,0.7625,none,,,False,,23,0,,,
24,39,True,1.203822,1.2038,none,,,False,,24,0,,,
24,88,True,1.088018,1.088,none,,,False,,24,0,,,
24,20,True,0.519832,0.5198,none,,,False,,24,0,,,
24,77,True,0.297807,0.2978,none,,,False,,24,0,,,
24,22,True,1.051651,1.0517,none,,,False,,24,0,,,
24,99,True,1.275155,1.2752,none,,,False,,24,0,,,
24,17,True,0.810912,0.8109,none,,,False,,24,0,,,
24,12,True,0.272913,0.2729,none,,,False,,24,0,,,
24,79,True,0.284236,0.2842,none,,,False,,24,0,,,
24,64,True,0.439531,0.4395,none,,,False,,24,0,,,
24,59,True,0.421714,0.4217,none,,,False,,24,0,,,
24,97,True,0.886795,0.8868,none,,,False,,24,0,,,
24,29,True,0.611702,0.6117,none,,,False,,24,0,,,
24,78,True,0.603739,0.6037,none,,,False,,24,0,,,
24,72,True,0.482555,0.4826,none,,,False,,24,0,,,
24,13,True,0.312339,0.3123,none,,,False,,24,0,,,
24,26,True,0.755319,0.7553,none,,,False,,24,0,,,
24,44,True,0.649246,0.6492,none,,,False,,24,0,,,
24,96,True,0.600583,0.6006,none,,,False,,24,0,,,
24,9,True,0.771805,0.7718,none,,,False,,24,0,,,
24,30,True,0.330024,0.33,none,,,False,,24,0,,,
24,73,True,0.351098,0.3511,none,,,False,,24,0,,,
24,82,True,0.256181,0.2562,none,,,False,,24,0,,,
24,24,True,0.491994,0.492,none,,,False,,24,0,,,
24,91,True,0.667192,0.6672,none,,,False,,24,0,,,
24,34,True,0.450568,0.4506,none,,,False,,24,0,,,
24,71,True,0.472493,0.4725,none,,,False,,24,0,,,
24,76,True,1.017653,1.0177,none,,,False,,24,0,,,
24,69,True,0.783156,0.7832,none,,,False,,24,0,,,
24,70,True,0.633748,0.6337,none,,,False,,24,0,,,
24,54,True,0.473598,0.4736,none,,,False,,24,0,,,
24,41,True,0.331471,0.3315,none,,,False,,24,0,,,
24,8,True,0.220776,0.2208,none,,,False,,24,0,,,
24,15,True,1.168569,1.1686,none,,,False,,24,0,,,
24,36,True,0.434093,0.4341,none,,,False,,24,0,,,
24,68,True,0.682148,0.6821,none,,,False,,24,0,,,
25,84,True,0.571503,0.5715,none,,,False,,25,0,,,
25,72,True,0.449931,0.4499,none,,,False,,25,0,,,
25,16,True,1.228214,1.2282,none,,,False,,25,0,,,
25,60,True,0.604313,0.6043,none,,,False,,25,0,,,
25,56,True,1.01987,1.0199,none,,,False,,25,0,,,
25,1,True,0.592129,0.5921,none,,,False,,25,0,,,
25,11,True,0.690638,0.6906,none,,,False,,25,0,,,
25,71,True,0.363656,0.3637,none,,,False,,25,0,,,
25,77,True,0.30279,0.3028,none,,,False,,25,0,,,
25,12,True,0.667622,0.6676,none,,,False,,25,0,,,
25,32,True,0.540304,0.5403,none,,,False,,25,0,,,
25,34,True,0.594656,0.5947,none,,,False,,25,0,,,
25,96,True,0.451522,0.4515,none,,,False,,25,0,,,
25,83,True,0.453729,0.4537,none,,,False,,25,0,,,
25,38,True,0.638297,0.6383,none,,,False,,25,0,,,
25,99,True,1.170212,1.1702,none,,,False,,25,0,,,
25,97,True,0.523167,0.5232,none,,,False,,25,0,,,
25,79,True,0.314548,0.3145,none,,,False,,25,0,,,
25,21,True,0.522457,0.5225,none,,,False,,25,0,,,
25,46,True,0.472774,0.4728,none,,,False,,25,0,,,
25,55,True,0.614878,0.6149,none,,,False,,25,0,,,
25,81,True,0.629314,0.6293,none,,,False,,25,0,,,
25,48,True,0.204407,0.2044,none,,,False,,25,0,,,
25,22,True,1.082622,1.0826,none,,,False,,25,0,,,
25,0,True,0.566313,0.5663,none,,,False,,25,0,,,
25,54,True,0.213138,0.2131,none,,,False,,25,0,,,
25,26,True,0.52906,0.5291,none,,,False,,25,0,,,
25,40,True,1.177246,1.1772,none,,,False,,25,0,,,
25,25,True,0.842282,0.8423,none,,,False,,25,0,,,
25,15,True,0.928966,0.929,none,,,False,,25,0,,,
25,52,True,0.649419,0.6494,none,,,False,,25,0,,,
25,42,True,0.786068,0.7861,none,,,False,,25,0,,,
25,13,True,0.51395,0.5139,none,,,False,,25,0,,,
25,29,True,0.246313,0.2463,none,,,False,,25,0,,,
25,39,True,0.705536,0.7055,none,,,False,,25,0,,,
25,53,True,0.627058,0.6271,none,,,False,,25,0,,,
26,52,True,0.405439,0.4054,none,,,False,,26,0,,,
26,86,True,0.524036,0.524,none,,,False,,26,0,,,
26,66,True,0.465905,0.4659,none,,,False,,26,0,,,
26,43,True,0.598668,0.5987,none,,,False,,26,0,,,
26,90,True,0.476861,0.4769,none,,,False,,26,0,,,
26,48,True,0.274577,0.2746,none,,,False,,26,0,,,
26,7,True,0.349409,0.3494,none,,,False,,26,0,,,
26,88,True,1.380286,1.3803,none,,,False,,26,0,,,
26,57,True,0.863084,0.8631,none,,,False,,26,0,,,
26,59,True,0.613015,0.613,none,,,False,,26,0,,,
26,17,True,0.74095,0.741,none,,,False,,26,0,,,
26,6,True,0.401439,0.4014,none,,,False,,26,0,,,
26,95,True,0.610892,0.6109,none,,,False,,26,0,,,
26,53,True,0.6947,0.6947,none,,,False,,26,0,,,
26,30,True,0.29766,0.2977,none,,,False,,26,0,,,
26,85,True,0.112723,0.1127,none,,,False,,26,0,,,
26,47,True,0.24193,0.2419,none,,,False,,26,0,,,
26,40,True,0.793566,0.7936,none,,,False,,26,0,,,
26,46,True,0.584341,0.5843,none,,,False,,26,0,,,
26,79,True,0.299363,0.2994,none,,,False,,26,0,,,
26,36,True,0.384223,0.3842,none,,,False,,26,0,,,
26,94,True,1.291998,1.292,none,,,False,,26,0,,,
26,18,True,0.899281,0.8993,none,,,False,,26,0,,,
26,77,True,0.280505,0.2805,none,,,False,,26,0,,,
26,8,True,0.325039,0.325,none,,,False,,26,0,,,
26,65,True,0.323154,0.3232,none,,,False,,26,0,,,
26,22,True,1.111537,1.1115,none,,,False,,26,0,,,
26,96,True,0.574618,0.5746,none,,,False,,26,0,,,
26,11,True,0.533964,0.534,none,,,False,,26,0,,,
26,35,True,0.52182,0.5218,none,,,False,,26,0,,,
26,89,True,0.331303,0.3313,none,,,False,,26,0,,,
26,39,True,0.995436,0.9954,none,,,False,,26,0,,,
26,80,True,0.881654,0.8817,none,,,False,,26,0,,,
26,92,True,0.346071,0.3461,none,,,False,,26,0,,,
26,37,True,0.547826,0.5478,none,,,False,,26,0,,,
26,51,True,0.435138,0.4351,none,,,False,,26,0,,,
27,96,True,0.510533,0.5105,none,,,False,,27,0,,,
27,19,True,0.630261,0.6303,none,,,False,,27,0,,,
27,80,True,0.924837,0.9248,none,,,False,,27,0,,,
27,8,True,0.328127,0.3281,none,,,False,,27,0,,,
27,28,True,1.265978,1.266,none,,,False,,27,0,,,
27,82,True,0.320669,0.3207,none,,,False,,27,0,,,
27,59,True,0.438868,0.4389,none,,,False,,27,0,,,
27,57,True,0.794636,0.7946,none,,,False,,27,0,,,
27,74,True,0.450105,0.4501,none,,,False,,27,0,,,
27,52,True,0.276327,0.2763,none,,,False,,27,0,,,
27,45,True,0.506015,0.506,none,,,False,,27,0,,,
27,81,True,0.511322,0.5113,none,,,False,,27,0,,,
27,73,True,0.340889,0.3409,none,,,False,,27,0,,,
27,61,True,0.522424,0.5224,none,,,False,,27,0,,,
27,33,True,0.402923,0.4029,none,,,False,,27,0,,,
27,7,True,0.367215,0.3672,none,,,False,,27,0,,,
27,54,True,0.311604,0.3116,none,,,False,,27,0,,,
27,4,True,0.325277,0.3253,none,,,False,,27,0,,,
27,32,True,0.603153,0.6032,none,,,False,,27,0,,,
27,37,True,0.449681,0.4497,none,,,False,,27,0,,,
27,92,True,0.362621,0.3626,none,,,False,,27,0,,,
27,22,True,1.054586,1.0546,none,,,False,,27,0,,,
27,31,True,0.985427,0.9854,none,,,False,,27,0,,,
27,44,True,0.619342,0.6193,none,,,False,,27,0,,,
27,24,True,0.430804,0.4308,none,,,False,,27,0,,,
27,97,True,0.883307,0.8833,none,,,False,,27,0,,,
27,87,True,0.583646,0.5836,none,,,False,,27,0,,,
27,1,True,0.413669,0.4137,none,,,False,,27,0,,,
27,94,True,1.246879,1.2469,none,,,False,,27,0,,,
27,9,True,1.173319,1.1733,none,,,False,,27,0,,,
27,56,True,0.790012,0.79,none,,,False,,27,0,,,
27,20,True,0.454523,0.4545,none,,,False,,27,0,,,
27,13,True,0.286088,0.2861,none,,,False,,27,0,,,
27,46,True,0.363118,0.3631,none,,,False,,27,0,,,
27,29,True,0.474663,0.4747,none,,,False,,27,0,,,
27,14,True,0.419839,0.4198,none,,,False,,27,0,,,
28,25,True,0.489403,0.4894,none,,,False,,28,0,,,
28,89,True,0.531456,0.5315,none,,,False,,28,0,,,
28,54,True,0.251666,0.2517,none,,,False,,28,0,,,
28,83,True,0.475479,0.4755,none,,,False,,28,0,,,
28,80,True,0.866878,0.8669,none,,,False,,28,0,,,
28,88,True,1.3281,1.3281,none,,,False,,28,0,,,
28,9,True,1.164152,1.1642,none,,,False,,28,0,,,
28,71,True,0.298635,0.2986,none,,,False,,28,0,,,
28,52,True,0.393739,0.3937,none,,,False,,28,0,,,
28,78,True,0.662337,0.6623,none,,,False,,28,0,,,
28,10,True,0.5929,0.5929,none,,,False,,28,0,,,
28,56,True,1.123938,1.1239,none,,,False,,28,0,,,
28,85,True,0.092556,0.0926,none,,,False,,28,0,,,
28,33,True,0.371896,0.3719,none,,,False,,28,0,,,
28,41,True,0.323908,0.3239,none,,,False,,28,0,,,
28,72,True,0.267267,0.2673,none,,,False,,28,0,,,
28,26,True,0.646288,0.6463,none,,,False,,28,0,,,
28,34,True,0.663527,0.6635,none,,,False,,28,0,,,
28,82,True,0.290988,0.291,none,,,False,,28,0,,,
28,97,True,0.709798,0.7098,none,,,False,,28,0,,,
28,1,True,0.506866,0.5069,none,,,False,,28,0,,,
28,40,True,1.334364,1.3344,none,,,False,,28,0,,,
28,21,True,0.346016,0.346,none,,,False,,28,0,,,
28,73,True,0.342104,0.3421,none,,,False,,28,0,,,
28,39,True,0.933426,0.9334,none,,,False,,28,0,,,
28,23,True,0.438188,0.4382,none,,,False,,28,0,,,
28,38,True,0.43524,0.4352,none,,,False,,28,0,,,
28,59,True,0.4452,0.4452,none,,,False,,28,0,,,
28,28,True,1.063969,1.064,none,,,False,,28,0,,,
28,57,True,0.887249,0.8872,none,,,False,,28,0,,,
28,14,True,0.326606,0.3266,none,,,False,,28,0,,,
28,37,True,0.403728,0.4037,none,,,False,,28,0,,,
28,66,True,0.404591,0.4046,none,,,False,,28,0,,,
28,45,True,0.411912,0.4119,none,,,False,,28,0,,,
28,75,True,0.565844,0.5658,none,,,False,,28,0,,,
28,43,True,0.636708,0.6367,none,,,False,,28,0,,,
29,29,True,0.517559,0.5176,none,,,False,,29,0,,,
29,13,True,0.376022,0.376,none,,,False,,29,0,,,
29,14,True,0.324365,0.3244,none,,,False,,29,0,,,
29,63,True,0.442651,0.4427,none,,,False,,29,0,,,
29,87,True,0.638394,0.6384,none,,,False,,29,0,,,
29,37,True,0.560808,0.5608,none,,,False,,29,0,,,
29,70,True,0.290641,0.2906,none,,,False,,29,0,,,
29,25,True,0.556717,0.5567,none,,,False,,29,0,,,
29,1,True,0.423482,0.4235,none,,,False,,29,0,,,
29,62,True,0.267717,0.2677,none,,,False,,29,0,,,
29,10,True,0.671629,0.6716,none,,,False,,29,0,,,
29,40,True,0.896865,0.8969,none,,,False,,29,0,,,
29,53,True,0.824697,0.8247,none,,,False,,29,0,,,
29,99,True,1.548599,1.5486,none,,,False,,29,0,,,
29,20,True,0.617876,0.6179,none,,,False,,29,0,,,
29,64,True,0.613378,0.6134,none,,,False,,29,0,,,
29,33,True,0.394828,0.3948,none,,,False,,29,0,,,
29,39,True,1.010961,1.011,none,,,False,,29,0,,,
29,73,True,0.31403,0.314,none,,,False,,29,0,,,
29,65,True,0.325524,0.3255,none,,,False,,29,0,,,
29,22,True,0.819328,0.8193,none,,,False,,29,0,,,
29,8,True,0.332081,0.3321,none,,,False,,29,0,,,
29,79,True,0.296162,0.2962,none,,,False,,29,0,,,
29,17,True,0.73947,0.7395,none,,,False,,29,0,,,
29,0,True,0.730458,0.7305,none,,,False,,29,0,,,
29,4,True,0.374586,0.3746,none,,,False,,29,0,,,
29,21,True,0.567566,0.5676,none,,,False,,29,0,,,
29,59,True,0.388006,0.388,none,,,False,,29,0,,,
29,96,True,0.664745,0.6647,none,,,False,,29,0,,,
29,95,True,0.760266,0.7603,none,,,False,,29,0,,,
29,46,True,0.521315,0.5213,none,,,False,,29,0,,,
29,52,True,0.490219,0.4902,none,,,False,,29,0,,,
29,56,True,0.736745,0.7367,none,,,False,,29,0,,,
29,5,True,0.386624,0.3866,none,,,False,,29,0,,,
29,50,True,0.560254,0.5603,none,,,False,,29,0,,,
29,97,True,0.794169,0.7942,none,,,False,,29,0,,,
30,64,True,0.290093,0.2901,none,,,False,,30,0,,,
30,49,True,0.392283,0.3923,none,,,False,,30,0,,,
30,67,True,0.532514,0.5325,none,,,False,,30,0,,,
30,68,True,0.691523,0.6915,none,,,False,,30,0,,,
30,72,True,0.410047,0.41,none,,,False,,30,0,,,
30,36,True,0.315408,0.3154,none,,,False,,30,0,,,
30,62,True,0.483476,0.4835,none,,,False,,30,0,,,
30,93,True,0.391134,0.3911,none,,,False,,30,0,,,
30,9,True,1.191654,1.1917,none,,,False,,30,0,,,
30,44,True,0.540935,0.5409,none,,,False,,30,0,,,
30,75,True,0.588294,0.5883,none,,,False,,30,0,,,
30,77,True,0.269537,0.2695,none,,,False,,30,0,,,
30,86,True,0.627139,0.6271,none,,,False,,30,0,,,
30,40,True,1.099059,1.0991,none,,,False,,30,0,,,
30,50,True,0.647228,0.6472,none,,,False,,30,0,,,
30,78,True,0.774891,0.7749,none,,,False,,30,0,,,
30,70,True,0.575491,0.5755,none,,,False,,30,0,,,
30,76,True,1.017964,1.018,none,,,False,,30,0,,,
30,3,True,1.057648,1.0576,none,,,False,,30,0,,,
30,35,True,0.436012,0.436,none,,,False,,30,0,,,
30,12,True,0.596639,0.5966,none,,,False,,30,0,,,
30,54,True,0.21315,0.2132,none,,,False,,30,0,,,
30,29,True,0.318249,0.3182,none,,,False,,30,0,,,
30,56,True,0.895312,0.8953,none,,,False,,30,0,,,
30,31,True,0.994367,0.9944,none,,,False,,30,0,,,
30,14,True,0.459713,0.4597,none,,,False,,30,0,,,
30,79,True,0.29466,0.2947,none,,,False,,30,0,,,
30,26,True,0.725109,0.7251,none,,,False,,30,0,,,
30,48,True,0.25264,0.2526,none,,,False,,30,0,,,
30,34,True,0.708616,0.7086,none,,,False,,30,0,,,
30,46,True,0.498405,0.4984,none,,,False,,30,0,,,
30,21,True,0.437926,0.4379,none,,,False,,30,0,,,
30,82,True,0.465878,0.4659,none,,,False,,30,0,,,
30,13,True,0.426276,0.4263,none,,,False,,30,0,,,
30,42,True,0.564535,0.5645,none,,,False,,30,0,,,
30,8,True,0.509153,0.5092,none,,,False,,30,0,,,
31,19,True,0.551307,0.5513,none,,,False,,31,0,,,
31,86,True,0.750899,0.7509,none,,,False,,31,0,,,
31,28,True,1.181298,1.1813,none,,,False,,31,0,,,
31,24,True,0.44631,0.4463,none,,,False,,31,0,,,
31,54,True,0.48527,0.4853,none,,,False,,31,0,,,
31,81,True,0.678272,0.6783,none,,,False,,31,0,,,
31,43,True,0.520675,0.5207,none,,,False,,31,0,,,
31,53,True,0.835289,0.8353,none,,,False,,31,0,,,
31,2,True,0.1138,0.1138,none,,,False,,31,0,,,
31,21,True,0.577743,0.5777,none,,,False,,31,0,,,
31,66,True,0.51388,0.5139,none,,,False,,31,0,,,
31,47,True,0.239556,0.2396,none,,,False,,31,0,,,
31,33,True,0.503434,0.5034,none,,,False,,31,0,,,
31,12,True,0.454317,0.4543,none,,,False,,31,0,,,
31,50,True,0.477801,0.4778,none,,,False,,31,0,,,
31,14,True,0.369114,0.3691,none,,,False,,31,0,,,
31,41,True,0.395209,0.3952,none,,,False,,31,0,,,
31,3,True,0.670188,0.6702,none,,,False,,31,0,,,
31,77,True,0.29636,0.2964,none,,,False,,31,0,,,
31,20,True,0.621414,0.6214,none,,,False,,31,0,,,
31,37,True,0.535082,0.5351,none,,,False,,31,0,,,
31,23,True,0.560357,0.5604,none,,,False,,31,0,,,
31,49,True,0.3832,0.3832,none,,,False,,31,0,,,
31,0,True,0.82158,0.8216,none,,,False,,31,0,,,
31,36,True,0.429359,0.4294,none,,,False,,31,0,,,
31,17,True,0.695447,0.6954,none,,,False,,31,0,,,
31,93,True,0.264649,0.2646,none,,,False,,31,0,,,
31,74,True,0.435457,0.4355,none,,,False,,31,0,,,
31,25,True,0.53417,0.5342,none,,,False,,31,0,,,
31,90,True,0.507026,0.507,none,,,False,,31,0,,,
31,31,True,0.744248,0.7442,none,,,False,,31,0,,,
31,35,True,0.57365,0.5737,none,,,False,,31,0,,,
31,87,True,0.702133,0.7021,none,,,False,,31,0,,,
31,78,True,0.659943,0.6599,none,,,False,,31,0,,,
31,27,True,0.314111,0.3141,none,,,False,,31,0,,,
31,61,True,0.700367,0.7004,none,,,False,,31,0,,,
32,13,True,0.347324,0.3473,none,,,False,,32,0,,,
32,49,True,0.334073,0.3341,none,,,False,,32,0,,,
32,25,True,0.321528,0.3215,none,,,False,,32,0,,,
32,67,True,0.540166,0.5402,none,,,False,,32,0,,,
32,2,True,0.618699,0.6187,none,,,False,,32,0,,,
32,52,True,0.351916,0.3519,none,,,False,,32,0,,,
32,57,True,0.934395,0.9344,none,,,False,,32,0,,,
32,23,True,0.648699,0.6487,none,,,False,,32,0,,,
32,3,True,0.936397,0.9364,none,,,False,,32,0,,,
32,68,True,0.658189,0.6582,none,,,False,,32,0,,,
32,37,True,0.526835,0.5268,none,,,False,,32,0,,,
32,63,True,0.306666,0.3067,none,,,False,,32,0,,,
32,41,True,0.528775,0.5288,none,,,False,,32,0,,,
32,94,True,0.995668,0.9957,none,,,False,,32,0,,,
32,61,True,0.418001,0.418,none,,,False,,32,0,,,
32,72,True,0.406614,0.4066,none,,,False,,32,0,,,
32,18,True,0.923238,0.9232,none,,,False,,32,0,,,
32,44,True,0.562475,0.5625,none,,,False,,32,0,,,
32,31,True,1.050993,1.051,none,,,False,,32,0,,,
32,12,True,0.491781,0.4918,none,,,False,,32,0,,,
32,86,True,0.445906,0.4459,none,,,False,,32,0,,,
32,16,True,0.979586,0.9796,none,,,False,,32,0,,,
32,60,True,0.426046,0.426,none,,,False,,32,0,,,
32,77,True,0.267719,0.2677,none,,,False,,32,0,,,
32,34,True,0.724767,0.7248,none,,,False,,32,0,,,
32,50,True,0.755024,0.755,none,,,False,,32,0,,,
32,73,True,0.405796,0.4058,none,,,False,,32,0,,,
32,22,True,0.835166,0.8352,none,,,False,,32,0,,,
32,32,True,0.653601,0.6536,none,,,False,,32,0,,,
32,5,True,0.297435,0.2974,none,,,False,,32,0,,,
32,40,True,1.308372,1.3084,none,,,False,,32,0,,,
32,82,True,0.318204,0.3182,none,,,False,,32,0,,,
32,20,True,0.396522,0.3965,none,,,False,,32,0,,,
32,9,True,1.136033,1.136,none,,,False,,32,0,,,
32,30,True,0.269533,0.2695,none,,,False,,32,0,,,
32,75,True,0.384366,0.3844,none,,,False,,32,0,,,
33,86,True,0.649322,0.6493,none,,,False,,33,0,,,
33,8,True,0.38977,0.3898,none,,,False,,33,0,,,
33,22,True,0.457458,0.4575,none,,,False,,33,0,,,
33,5,True,0.387864,0.3879,none,,,False,,33,0,,,
33,7,True,0.411264,0.4113,none,,,False,,33,0,,,
33,84,True,0.480887,0.4809,none,,,False,,33,0,,,
33,80,True,0.977628,0.9776,none,,,False,,33,0,,,
33,28,True,1.303485,1.3035,none,,,False,,33,0,,,
33,47,True,0.226851,0.2269,none,,,False,,33,0,,,
33,18,True,0.527745,0.5277,none,,,False,,33,0,,,
33,51,True,0.460072,0.4601,none,,,False,,33,0,,,
33,98,True,0.181993,0.182,none,,,False,,33,0,,,
33,9,True,0.789043,0.789,none,,,False,,33,0,,,
33,90,True,0.482739,0.4827,none,,,False,,33,0,,,
33,58,True,0.469781,0.4698,none,,,False,,33,0,,,
33,36,True,0.368751,0.3688,none,,,False,,33,0,,,
33,29,True,0.489801,0.4898,none,,,False,,33,0,,,
33,14,True,0.306339,0.3063,none,,,False,,33,0,,,
33,78,True,0.674704,0.6747,none,,,False,,33,0,,,
33,15,True,0.970924,0.9709,none,,,False,,33,0,,,
33,4,True,0.415082,0.4151,none,,,False,,33,0,,,
33,48,True,0.281296,0.2813,none,,,False,,33,0,,,
33,74,True,0.475376,0.4754,none,,,False,,33,0,,,
33,33,True,0.390481,0.3905,none,,,False,,33,0,,,
33,52,True,0.492439,0.4924,none,,,False,,33,0,,,
33,56,True,0.873412,0.8734,none,,,False,,33,0,,,
33,61,True,0.609462,0.6095,none,,,False,,33,0,,,
33,89,True,0.46573,0.4657,none,,,False,,33,0,,,
33,85,True,0.111301,0.1113,none,,,False,,33,0,,,
33,38,True,0.305941,0.3059,none,,,False,,33,0,,,
33,21,True,0.55015,0.5501,none,,,False,,33,0,,,
33,95,True,0.75512,0.7551,none,,,False,,33,0,,,
33,65,True,0.36274,0.3627,none,,,False,,33,0,,,
33,71,True,0.526089,0.5261,none,,,False,,33,0,,,
33,83,True,0.583925,0.5839,none,,,False,,33,0,,,
33,62,True,0.299275,0.2993,none,,,False,,33,0,,,
34,59,True,0.50554,0.5055,none,,,False,,34,0,,,
34,17,True,0.699207,0.6992,none,,,False,,34,0,,,
34,99,True,1.252676,1.2527,none,,,False,,34,0,,,
34,7,True,0.29977,0.2998,none,,,False,,34,0,,,
34,89,True,0.198241,0.1982,none,,,False,,34,0,,,
34,42,True,0.48462,0.4846,none,,,False,,34,0,,,
34,52,True,0.166705,0.1667,none,,,False,,34,0,,,
34,12,True,0.209499,0.2095,none,,,False,,34,0,,,
34,84,True,0.295168,0.2952,none,,,False,,34,0,,,
34,93,True,0.230627,0.2306,none,,,False,,34,0,,,
34,83,True,0.485294,0.4853,none,,,False,,34,0,,,
34,60,True,0.29895,0.2989,none,,,False,,34,0,,,
34,43,True,0.897117,0.8971,none,,,False,,34,0,,,
34,71,True,0.368092,0.3681,none,,,False,,34,0,,,
34,13,True,0.29623,0.2962,none,,,False,,34,0,,,
34,64,True,0.352597,0.3526,none,,,False,,34,0,,,
34,30,True,0.346443,0.3464,none,,,False,,34,0,,,
34,69,True,0.872518,0.8725,none,,,False,,34,0,,,
34,24,True,0.336713,0.3367,none,,,False,,34,0,,,
34,9,True,1.196811,1.1968,none,,,False,,34,0,,,
34,41,True,0.515483,0.5155,none,,,False,,34,0,,,
34,10,True,0.467136,0.4671,none,,,False,,34,0,,,
34,54,True,0.323536,0.3235,none,,,False,,34,0,,,
34,70,True,0.495999,0.496,none,,,False,,34,0,,,
34,18,True,0.891905,0.8919,none,,,False,,34,0,,,
34,28,True,1.225536,1.2255,none,,,False,,34,0,,,
34,58,True,0.461545,0.4615,none,,,False,,34,0,,,
34,8,True,0.311659,0.3117,none,,,False,,34,0,,,
34,35,True,0.648724,0.6487,none,,,False,,34,0,,,
34,96,True,0.468091,0.4681,none,,,False,,34,0,,,
34,74,True,0.422368,0.4224,none,,,False,,34,0,,,
34,47,True,0.218725,0.2187,none,,,False,,34,0,,,
34,50,True,0.440846,0.4408,none,,,False,,34,0,,,
34,72,True,0.601884,0.6019,none,,,False,,34,0,,,
34,38,True,0.119319,0.1193,none,,,False,,34,0,,,
34,91,True,0.711391,0.7114,none,,,False,,34,0,,,
35,22,True,0.793171,0.7932,none,,,False,,35,0,,,
35,89,True,0.423972,0.424,none,,,False,,35,0,,,
35,63,True,0.358911,0.3589,none,,,False,,35,0,,,
35,33,True,0.555397,0.5554,none,,,False,,35,0,,,
35,55,True,0.466175,0.4662,none,,,False,,35,0,,,
35,69,True,0.697318,0.6973,none,,,False,,35,0,,,
35,62,True,0.33187,0.3319,none,,,False,,35,0,,,
35,21,True,0.341103,0.3411,none,,,False,,35,0,,,
35,84,True,0.372247,0.3722,none,,,False,,35,0,,,
35,75,True,0.62428,0.6243,none,,,False,,35,0,,,
35,59,True,0.398643,0.3986,none,,,False,,35,0,,,
35,40,True,1.093049,1.093,none,,,False,,35,0,,,
35,88,True,1.058148,1.0581,none,,,False,,35,0,,,
35,78,True,0.779073,0.7791,none,,,False,,35,0,,,
35,37,True,0.335005,0.335,none,,,False,,35,0,,,
35,2,True,0.687203,0.6872,none,,,False,,35,0,,,
35,5,True,0.386247,0.3862,none,,,False,,35,0,,,
35,81,True,0.562622,0.5626,none,,,False,,35,0,,,
35,80,True,0.819984,0.82,none,,,False,,35,0,,,
35,48,True,0.219658,0.2197,none,,,False,,35,0,,,
35,57,True,0.416137,0.4161,none,,,False,,35,0,,,
35,64,True,0.37232,0.3723,none,,,False,,35,0,,,
35,29,True,0.369253,0.3693,none,,,False,,35,0,,,
35,73,True,0.361247,0.3612,none,,,False,,35,0,,,
35,79,True,0.354943,0.3549,none,,,False,,35,0,,,
35,98,True,0.11704,0.117,none,,,False,,35,0,,,
35,35,True,0.467477,0.4675,none,,,False,,35,0,,,
35,47,True,0.219305,0.2193,none,,,False,,35,0,,,
35,90,True,0.413894,0.4139,none,,,False,,35,0,,,
35,77,True,0.235145,0.2351,none,,,False,,35,0,,,
35,94,True,0.936995,0.937,none,,,False,,35,0,,,
35,67,True,0.487745,0.4877,none,,,False,,35,0,,,
35,31,True,0.770574,0.7706,none,,,False,,35,0,,,
35,51,True,0.633882,0.6339,none,,,False,,35,0,,,
35,60,True,0.475055,0.4751,none,,,False,,35,0,,,
35,34,True,0.700328,0.7003,none,,,False,,35,0,,,
36,5,True,0.369119,0.3691,none,,,False,,36,0,,,
36,89,True,0.290632,0.2906,none,,,False,,36,0,,,
36,95,True,0.472947,0.4729,none,,,False,,36,0,,,
36,92,True,0.415811,0.4158,none,,,False,,36,0,,,
36,40,True,0.69491,0.6949,none,,,False,,36,0,,,
36,20,True,0.511988,0.512,none,,,False,,36,0,,,
36,2,True,0.630888,0.6309,none,,,False,,36,0,,,
36,54,True,0.443018,0.443,none,,,False,,36,0,,,
36,87,True,0.586091,0.5861,none,,,False,,36,0,,,
36,60,True,0.283506,0.2835,none,,,False,,36,0,,,
36,66,True,0.450728,0.4507,none,,,False,,36,0,,,
36,84,True,0.21296,0.213,none,,,False,,36,0,,,
36,16,True,0.575866,0.5759,none,,,False,,36,0,,,
36,34,True,0.743518,0.7435,none,,,False,,36,0,,,
36,94,True,1.215878,1.2159,none,,,False,,36,0,,,
36,35,True,0.595929,0.5959,none,,,False,,36,0,,,
36,79,True,0.311354,0.3114,none,,,False,,36,0,,,
36,55,True,0.31927,0.3193,none,,,False,,36,0,,,
36,9,True,0.974437,0.9744,none,,,False,,36,0,,,
36,90,True,0.311071,0.3111,none,,,False,,36,0,,,
36,98,True,0.184818,0.1848,none,,,False,,36,0,,,
36,63,True,0.317981,0.318,none,,,False,,36,0,,,
36,81,True,0.524501,0.5245,none,,,False,,36,0,,,
36,53,True,0.720115,0.7201,none,,,False,,36,0,,,
36,1,True,0.420513,0.4205,none,,,False,,36,0,,,
36,43,True,0.712825,0.7128,none,,,False,,36,0,,,
36,99,True,1.173793,1.1738,none,,,False,,36,0,,,
36,23,True,0.565427,0.5654,none,,,False,,36,0,,,
36,47,True,0.24466,0.2447,none,,,False,,36,0,,,
36,91,True,0.952286,0.9523,none,,,False,,36,0,,,
36,74,True,0.312326,0.3123,none,,,False,,36,0,,,
36,73,True,0.276829,0.2768,none,,,False,,36,0,,,
36,72,True,0.59608,0.5961,none,,,False,,36,0,,,
36,69,True,0.779083,0.7791,none,,,False,,36,0,,,
36,64,True,0.434094,0.4341,none,,,False,,36,0,,,
36,49,True,0.389465,0.3895,none,,,False,,36,0,,,
37,74,True,0.455821,0.4558,none,,,False,,37,0,,,
37,85,True,0.158811,0.1588,none,,,False,,37,0,,,
37,79,True,0.355039,0.355,none,,,False,,37,0,,,
37,43,True,0.646895,0.6469,none,,,False,,37,0,,,
37,45,True,0.452956,0.453,none,,,False,,37,0,,,
37,14,True,0.337748,0.3377,none,,,False,,37,0,,,
37,10,True,0.641656,0.6417,none,,,False,,37,0,,,
37,86,True,0.456331,0.4563,none,,,False,,37,0,,,
37,87,True,0.350244,0.3502,none,,,False,,37,0,,,
37,55,True,0.454956,0.455,none,,,False,,37,0,,,
37,46,True,0.652305,0.6523,none,,,False,,37,0,,,
37,2,True,0.493609,0.4936,none,,,False,,37,0,,,
37,13,True,0.350202,0.3502,none,,,False,,37,0,,,
37,1,True,0.369595,0.3696,none,,,False,,37,0,,,
37,29,True,0.337574,0.3376,none,,,False,,37,0,,,
37,66,True,0.367316,0.3673,none,,,False,,37,0,,,
37,21,True,0.540392,0.5404,none,,,False,,37,0,,,
37,54,True,0.257237,0.2572,none,,,False,,37,0,,,
37,5,True,0.227247,0.2272,none,,,False,,37,0,,,
37,80,True,0.922954,0.923,none,,,False,,37,0,,,
37,40,True,0.775812,0.7758,none,,,False,,37,0,,,
37,49,True,0.264374,0.2644,none,,,False,,37,0,,,
37,88,True,0.85739,0.8574,none,,,False,,37,0,,,
37,34,True,0.729724,0.7297,none,,,False,,37,0,,,
37,18,True,0.77928,0.7793,none,,,False,,37,0,,,
37,68,True,0.671406,0.6714,none,,,False,,37,0,,,
37,58,True,0.423655,0.4237,none,,,False,,37,0,,,
37,22,True,0.665869,0.6659,none,,,False,,37,0,,,
37,81,True,0.399349,0.3993,none,,,False,,37,0,,,
37,30,True,0.324372,0.3244,none,,,False,,37,0,,,
37,89,True,0.398533,0.3985,none,,,False,,37,0,,,
37,63,True,0.278513,0.2785,none,,,False,,37,0,,,
37,37,True,0.499338,0.4993,none,,,False,,37,0,,,
37,47,True,0.258304,0.2583,none,,,False,,37,0,,,
37,53,True,0.498738,0.4987,none,,,False,,37,0,,,
37,57,True,0.619416,0.6194,none,,,False,,37,0,,,
38,58,True,0.505427,0.5054,none,,,False,,38,0,,,
38,25,True,0.514512,0.5145,none,,,False,,38,0,,,
38,51,True,0.576641,0.5766,none,,,False,,38,0,,,
38,67,True,0.543221,0.5432,none,,,False,,38,0,,,
38,78,True,0.639458,0.6395,none,,,False,,38,0,,,
38,6,True,0.44045,0.4404,none,,,False,,38,0,,,
38,99,True,1.134753,1.1348,none,,,False,,38,0,,,
38,29,True,0.301088,0.3011,none,,,False,,38,0,,,
38,49,True,0.321208,0.3212,none,,,False,,38,0,,,
38,88,True,1.104366,1.1044,none,,,False,,38,0,,,
38,2,True,0.662418,0.6624,none,,,False,,38,0,,,
38,5,True,0.331283,0.3313,none,,,False,,38,0,,,
38,3,True,0.599934,0.5999,none,,,False,,38,0,,,
38,93,True,0.275095,0.2751,none,,,False,,38,0,,,
38,85,True,0.113256,0.1133,none,,,False,,38,0,,,
38,47,True,0.218612,0.2186,none,,,False,,38,0,,,
38,83,True,0.467734,0.4677,none,,,False,,38,0,,,
38,55,True,0.365922,0.3659,none,,,False,,38,0,,,
38,32,True,0.590358,0.5904,none,,,False,,38,0,,,
38,10,True,0.588136,0.5881,none,,,False,,38,0,,,
38,14,True,0.306741,0.3067,none,,,False,,38,0,,,
38,13,True,0.320743,0.3207,none,,,False,,38,0,,,
38,42,True,0.575358,0.5754,none,,,False,,38,0,,,
38,76,True,1.097708,1.0977,none,,,False,,38,0,,,
38,38,True,0.313132,0.3131,none,,,False,,38,0,,,
38,82,True,0.346221,0.3462,none,,,False,,38,0,,,
38,27,True,0.247216,0.2472,none,,,False,,38,0,,,
38,59,True,0.216631,0.2166,none,,,False,,38,0,,,
38,95,True,0.766519,0.7665,none,,,False,,38,0,,,
38,44,True,0.569011,0.569,none,,,False,,38,0,,,
38,64,True,0.445074,0.4451,none,,,False,,38,0,,,
38,12,True,0.331565,0.3316,none,,,False,,38,0,,,
38,1,True,0.364983,0.365,none,,,False,,38,0,,,
38,65,True,0.314042,0.314,none,,,False,,38,0,,,
38,23,True,0.53571,0.5357,none,,,False,,38,0,,,
38,60,True,0.382818,0.3828,none,,,False,,38,0,,,
39,39,True,0.942856,0.9429,none,,,False,,39,0,,,
39,54,True,0.324365,0.3244,none,,,False,,39,0,,,
39,53,True,0.621458,0.6215,none,,,False,,39,0,,,
39,87,True,0.566774,0.5668,none,,,False,,39,0,,,
39,92,True,0.413304,0.4133,none,,,False,,39,0,,,
39,20,True,0.375875,0.3759,none,,,False,,39,0,,,
39,90,True,0.389295,0.3893,none,,,False,,39,0,,,
39,98,True,0.164691,0.1647,none,,,False,,39,0,,,
39,2,True,0.685108,0.6851,none,,,False,,39,0,,,
39,4,True,0.399003,0.399,none,,,False,,39,0,,,
39,85,True,0.116224,0.1162,none,,,False,,39,0,,,
39,74,True,0.441092,0.4411,none,,,False,,39,0,,,
39,61,True,0.538048,0.538,none,,,False,,39,0,,,
39,84,True,0.353986,0.354,none,,,False,,39,0,,,
39,32,True,0.678094,0.6781,none,,,False,,39,0,,,
39,86,True,0.575619,0.5756,none,,,False,,39,0,,,
39,14,True,0.342311,0.3423,none,,,False,,39,0,,,
39,58,True,0.469807,0.4698,none,,,False,,39,0,,,
39,11,True,0.569106,0.5691,none,,,False,,39,0,,,
39,24,True,0.489023,0.489,none,,,False,,39,0,,,
39,93,True,0.1331,0.1331,none,,,False,,39,0,,,
39,62,True,0.442856,0.4429,none,,,False,,39,0,,,
39,8,True,0.338231,0.3382,none,,,False,,39,0,,,
39,79,True,0.304437,0.3044,none,,,False,,39,0,,,
39,26,True,0.833728,0.8337,none,,,False,,39,0,,,
39,35,True,0.489858,0.4899,none,,,False,,39,0,,,
39,95,True,0.612755,0.6128,none,,,False,,39,0,,,
39,13,True,0.263783,0.2638,none,,,False,,39,0,,,
39,70,True,0.455679,0.4557,none,,,False,,39,0,,,
39,64,True,0.357393,0.3574,none,,,False,,39,0,,,
39,69,True,0.646046,0.646,none,,,False,,39,0,,,
39,38,True,0.203966,0.204,none,,,False,,39,0,,,
39,71,True,0.425367,0.4254,none,,,False,,39,0,,,
39,40,True,0.928861,0.9289,none,,,False,,39,0,,,
39,22,True,0.857239,0.8572,none,,,False,,39,0,,,
39,43,True,0.676537,0.6765,none,,,False,,39,0,,,
40,36,True,0.327121,0.3271,none,,,False,,40,0,,,
40,80,True,0.886089,0.8861,none,,,False,,40,0,,,
40,5,True,0.315819,0.3158,none,,,False,,40,0,,,
40,23,True,0.440313,0.4403,none,,,False,,40,0,,,
40,90,True,-0.044393,-0.0444,none,,,False,,40,0,,,
40,58,True,0.435519,0.4355,none,,,False,,40,0,,,
40,81,True,0.547677,0.5477,none,,,False,,40,0,,,
40,83,True,0.411154,0.4112,none,,,False,,40,0,,,
40,64,True,0.369761,0.3698,none,,,False,,40,0,,,
40,3,True,0.536839,0.5368,none,,,False,,40,0,,,
40,97,True,0.949393,0.9494,none,,,False,,40,0,,,
40,79,True,0.406447,0.4064,none,,,False,,40,0,,,
40,78,True,0.693484,0.6935,none,,,False,,40,0,,,
40,65,True,0.441034,0.441,none,,,False,,40,0,,,
40,86,True,0.614097,0.6141,none,,,False,,40,0,,,
40,1,True,0.38904,0.389,none,,,False,,40,0,,,
40,34,True,0.852144,0.8521,none,,,False,,40,0,,,
40,73,True,0.273704,0.2737,none,,,False,,40,0,,,
40,8,True,0.378357,0.3784,none,,,False,,40,0,,,
40,66,True,0.338602,0.3386,none,,,False,,40,0,,,
40,46,True,0.723054,0.7231,none,,,False,,40,0,,,
40,52,True,0.434005,0.434,none,,,False,,40,0,,,
40,44,True,0.613981,0.614,none,,,False,,40,0,,,
40,42,True,0.575478,0.5755,none,,,False,,40,0,,,
40,87,True,0.516531,0.5165,none,,,False,,40,0,,,
40,29,True,0.381481,0.3815,none,,,False,,40,0,,,
40,40,True,0.894516,0.8945,none,,,False,,40,0,,,
40,94,True,1.148761,1.1488,none,,,False,,40,0,,,
40,71,True,0.451272,0.4513,none,,,False,,40,0,,,
40,14,True,0.352205,0.3522,none,,,False,,40,0,,,
40,99,True,1.154877,1.1549,none,,,False,,40,0,,,
40,69,True,0.614985,0.615,none,,,False,,40,0,,,
40,63,True,0.244544,0.2445,none,,,False,,40,0,,,
40,21,True,0.475255,0.4753,none,,,False,,40,0,,,
40,92,True,0.394095,0.3941,none,,,False,,40,0,,,
40,27,True,0.389498,0.3895,none,,,False,,40,0,,,
41,22,True,0.89837,0.8984,none,,,False,,41,0,,,
41,10,True,0.547885,0.5479,none,,,False,,41,0,,,
41,62,True,0.393929,0.3939,none,,,False,,41,0,,,
41,50,True,0.593157,0.5932,none,,,False,,41,0,,,
41,3,True,0.768357,0.7684,none,,,False,,41,0,,,
41,35,True,0.353462,0.3535,none,,,False,,41,0,,,
41,45,True,0.427368,0.4274,none,,,False,,41,0,,,
41,90,True,0.510943,0.5109,none,,,False,,41,0,,,
41,78,True,0.647605,0.6476,none,,,False,,41,0,,,
41,17,True,0.645263,0.6453,none,,,False,,41,0,,,
41,77,True,0.279558,0.2796,none,,,False,,41,0,,,
41,5,True,0.237498,0.2375,none,,,False,,41,0,,,
41,6,True,0.480846,0.4808,none,,,False,,41,0,,,
41,39,True,0.962781,0.9628,none,,,False,,41,0,,,
41,1,True,0.437834,0.4378,none,,,False,,41,0,,,
41,21,True,0.495841,0.4958,none,,,False,,41,0,,,
41,89,True,0.402085,0.4021,none,,,False,,41,0,,,
41,41,True,0.369711,0.3697,none,,,False,,41,0,,,
41,97,True,0.725355,0.7254,none,,,False,,41,0,,,
41,87,True,0.254873,0.2549,none,,,False,,41,0,,,
41,65,True,0.400849,0.4008,none,,,False,,41,0,,,
41,66,True,0.481465,0.4815,none,,,False,,41,0,,,
41,94,True,0.925832,0.9258,none,,,False,,41,0,,,
41,56,True,0.828066,0.8281,none,,,False,,41,0,,,
41,52,True,0.345426,0.3454,none,,,False,,41,0,,,
41,80,True,0.816829,0.8168,none,,,False,,41,0,,,
41,82,True,0.400154,0.4002,none,,,False,,41,0,,,
41,63,True,0.414001,0.414,none,,,False,,41,0,,,
41,68,True,0.488808,0.4888,none,,,False,,41,0,,,
41,16,True,0.888904,0.8889,none,,,False,,41,0,,,
41,61,True,0.435511,0.4355,none,,,False,,41,0,,,
41,14,True,0.440632,0.4406,none,,,False,,41,0,,,
41,13,True,0.279873,0.2799,none,,,False,,41,0,,,
41,60,True,0.406012,0.406,none,,,False,,41,0,,,
41,84,True,0.442762,0.4428,none,,,False,,41,0,,,
41,98,True,0.153699,0.1537,none,,,False,,41,0,,,
42,55,True,0.502201,0.5022,none,,,False,,42,0,,,
42,40,True,1.039226,1.0392,none,,,False,,42,0,,,
42,10,True,0.662384,0.6624,none,,,False,,42,0,,,
42,35,True,0.4465,0.4465,none,,,False,,42,0,,,
42,27,True,0.449929,0.4499,none,,,False,,42,0,,,
42,98,True,0.074782,0.0748,none,,,False,,42,0,,,
42,22,True,0.638704,0.6387,none,,,False,,42,0,,,
42,86,True,0.623776,0.6238,none,,,False,,42,0,,,
42,77,True,0.264417,0.2644,none,,,False,,42,0,,,
42,39,True,0.790359,0.7904,none,,,False,,42,0,,,
42,25,True,0.578688,0.5787,none,,,False,,42,0,,,
42,33,True,0.630616,0.6306,none,,,False,,42,0,,,
42,2,True,0.570893,0.5709,none,,,False,,42,0,,,
42,36,True,0.306725,0.3067,none,,,False,,42,0,,,
42,79,True,0.411998,0.412,none,,,False,,42,0,,,
42,5,True,0.344449,0.3444,none,,,False,,42,0,,,
42,80,True,0.793699,0.7937,none,,,False,,42,0,,,
42,99,True,0.767071,0.7671,none,,,False,,42,0,,,
42,69,True,0.539467,0.5395,none,,,False,,42,0,,,
42,93,True,0.158829,0.1588,none,,,False,,42,0,,,
42,7,True,0.459519,0.4595,none,,,False,,42,0,,,
42,84,True,0.46847,0.4685,none,,,False,,42,0,,,
42,66,True,0.317365,0.3174,none,,,False,,42,0,,,
42,59,True,0.132955,0.133,none,,,False,,42,0,,,
42,82,True,0.353792,0.3538,none,,,False,,42,0,,,
42,18,True,0.74907,0.7491,none,,,False,,42,0,,,
42,54,True,0.233192,0.2332,none,,,False,,42,0,,,
42,49,True,0.214492,0.2145,none,,,False,,42,0,,,
42,67,True,0.52862,0.5286,none,,,False,,42,0,,,
42,85,True,0.133113,0.1331,none,,,False,,42,0,,,
42,48,True,-0.143875,-0.1439,none,,,False,,42,0,,,
42,60,True,0.495575,0.4956,none,,,False,,42,0,,,
42,64,True,0.432495,0.4325,none,,,False,,42,0,,,
42,28,True,1.245291,1.2453,none,,,False,,42,0,,,
42,14,True,0.290457,0.2905,none,,,False,,42,0,,,
42,21,True,0.26427,0.2643,none,,,False,,42,0,,,
43,92,True,0.259547,0.2595,none,,,False,,43,0,,,
43,60,True,0.314324,0.3143,none,,,False,,43,0,,,
43,26,True,0.738559,0.7386,none,,,False,,43,0,,,
43,15,True,1.028678,1.0287,none,,,False,,43,0,,,
43,62,True,0.37342,0.3734,none,,,False,,43,0,,,
43,94,True,0.904557,0.9046,none,,,False,,43,0,,,
43,55,True,0.425556,0.4256,none,,,False,,43,0,,,
43,81,True,0.485353,0.4854,none,,,False,,43,0,,,
43,63,True,0.373166,0.3732,none,,,False,,43,0,,,
43,58,True,0.491806,0.4918,none,,,False,,43,0,,,
43,54,True,0.319509,0.3195,none,,,False,,43,0,,,
43,5,True,0.365535,0.3655,none,,,False,,43,0,,,
43,48,True,0.228439,0.2284,none,,,False,,43,0,,,
43,27,True,0.286379,0.2864,none,,,False,,43,0,,,
43,86,True,0.395085,0.3951,none,,,False,,43,0,,,
43,22,True,0.640034,0.64,none,,,False,,43,0,,,
43,88,True,1.00574,1.0057,none,,,False,,43,0,,,
43,50,True,0.408212,0.4082,none,,,False,,43,0,,,
43,21,True,0.430426,0.4304,none,,,False,,43,0,,,
43,9,True,0.935244,0.9352,none,,,False,,43,0,,,
43,98,True,0.171538,0.1715,none,,,False,,43,0,,,
43,75,True,0.716853,0.7169,none,,,False,,43,0,,,
43,11,True,0.480657,0.4807,none,,,False,,43,0,,,
43,89,True,0.436469,0.4365,none,,,False,,43,0,,,
43,73,True,0.38125,0.3813,none,,,False,,43,0,,,
43,42,True,0.538765,0.5388,none,,,False,,43,0,,,
43,46,True,0.636524,0.6365,none,,,False,,43,0,,,
43,72,True,0.506874,0.5069,none,,,False,,43,0,,,
43,10,True,0.471368,0.4714,none,,,False,,43,0,,,
43,36,True,0.31626,0.3163,none,,,False,,43,0,,,
43,78,True,0.545833,0.5458,none,,,False,,43,0,,,
43,29,True,0.398703,0.3987,none,,,False,,43,0,,,
43,43,True,0.713213,0.7132,none,,,False,,43,0,,,
43,0,True,0.762834,0.7628,none,,,False,,43,0,,,
43,35,True,0.495353,0.4954,none,,,False,,43,0,,,
43,40,True,0.856867,0.8569,none,,,False,,43,0,,,
44,34,True,0.518523,0.5185,none,,,False,,44,0,,,
44,22,True,0.360652,0.3607,none,,,False,,44,0,,,
44,36,True,0.316413,0.3164,none,,,False,,44,0,,,
44,11,True,0.443666,0.4437,none,,,False,,44,0,,,
44,90,True,0.489997,0.49,none,,,False,,44,0,,,
44,58,True,0.599202,0.5992,none,,,False,,44,0,,,
44,56,True,0.807271,0.8073,none,,,False,,44,0,,,
44,28,True,1.27082,1.2708,none,,,False,,44,0,,,
44,74,True,0.308711,0.3087,none,,,False,,44,0,,,
44,82,True,0.396863,0.3969,none,,,False,,44,0,,,
44,47,True,0.302654,0.3027,none,,,False,,44,0,,,
44,50,True,0.600569,0.6006,none,,,False,,44,0,,,
44,13,True,0.353218,0.3532,none,,,False,,44,0,,,
44,85,True,0.161407,0.1614,none,,,False,,44,0,,,
44,55,True,0.382812,0.3828,none,,,False,,44,0,,,
44,57,True,0.783241,0.7832,none,,,False,,44,0,,,
44,66,True,0.415184,0.4152,none,,,False,,44,0,,,
44,89,True,0.309004,0.309,none,,,False,,44,0,,,
44,53,True,0.680567,0.6806,none,,,False,,44,0,,,
44,83,True,0.575721,0.5757,none,,,False,,44,0,,,
44,75,True,0.343564,0.3436,none,,,False,,44,0,,,
44,88,True,1.027323,1.0273,none,,,False,,44,0,,,
44,6,True,0.456279,0.4563,none,,,False,,44,0,,,
44,96,True,0.599965,0.6,none,,,False,,44,0,,,
44,71,True,0.496194,0.4962,none,,,False,,44,0,,,
44,77,True,0.337517,0.3375,none,,,False,,44,0,,,
44,25,True,0.390081,0.3901,none,,,False,,44,0,,,
44,44,True,0.425807,0.4258,none,,,False,,44,0,,,
44,38,True,0.164531,0.1645,none,,,False,,44,0,,,
44,48,True,0.247649,0.2476,none,,,False,,44,0,,,
44,35,True,0.221599,0.2216,none,,,False,,44,0,,,
44,86,True,0.427664,0.4277,none,,,False,,44,0,,,
44,94,True,1.261868,1.2619,none,,,False,,44,0,,,
44,68,True,0.781983,0.782,none,,,False,,44,0,,,
44,21,True,0.586836,0.5868,none,,,False,,44,0,,,
44,5,True,0.378786,0.3788,none,,,False,,44,0,,,
45,80,True,0.754344,0.7543,none,,,False,,45,0,,,
45,91,True,0.68537,0.6854,none,,,False,,45,0,,,
45,8,True,0.436781,0.4368,none,,,False,,45,0,,,
45,79,True,0.363302,0.3633,none,,,False,,45,0,,,
45,37,True,0.49889,0.4989,none,,,False,,45,0,,,
45,60,True,0.465611,0.4656,none,,,False,,45,0,,,
45,77,True,0.213798,0.2138,none,,,False,,45,0,,,
45,69,True,0.746569,0.7466,none,,,False,,45,0,,,
45,12,True,0.367373,0.3674,none,,,False,,45,0,,,
45,13,True,0.320961,0.321,none,,,False,,45,0,,,
45,58,True,0.12233,0.1223,none,,,False,,45,0,,,
45,52,True,0.238234,0.2382,none,,,False,,45,0,,,
45,63,True,0.424305,0.4243,none,,,False,,45,0,,,
45,92,True,0.356563,0.3566,none,,,False,,45,0,,,
45,67,True,0.512868,0.5129,none,,,False,,45,0,,,
45,83,True,0.370752,0.3708,none,,,False,,45,0,,,
45,44,True,0.481804,0.4818,none,,,False,,45,0,,,
45,71,True,0.241455,0.2415,none,,,False,,45,0,,,
45,9,True,1.086901,1.0869,none,,,False,,45,0,,,
45,93,True,0.182874,0.1829,none,,,False,,45,0,,,
45,97,True,0.86379,0.8638,none,,,False,,45,0,,,
45,64,True,0.424827,0.4248,none,,,False,,45,0,,,
45,10,True,0.432864,0.4329,none,,,False,,45,0,,,
45,18,True,0.602707,0.6027,none,,,False,,45,0,,,
45,66,True,0.379696,0.3797,none,,,False,,45,0,,,
45,16,True,0.80403,0.804,none,,,False,,45,0,,,
45,27,True,0.390676,0.3907,none,,,False,,45,0,,,
45,85,True,0.106543,0.1065,none,,,False,,45,0,,,
45,47,True,0.245826,0.2458,none,,,False,,45,0,,,
45,72,True,0.539046,0.539,none,,,False,,45,0,,,
45,38,True,0.339968,0.34,none,,,False,,45,0,,,
45,4,True,0.248318,0.2483,none,,,False,,45,0,,,
45,28,True,0.906287,0.9063,none,,,False,,45,0,,,
45,55,True,0.493282,0.4933,none,,,False,,45,0,,,
45,73,True,0.330569,0.3306,none,,,False,,45,0,,,
45,22,True,0.85523,0.8552,none,,,False,,45,0,,,
46,8,True,0.15117,0.1512,none,,,False,,46,0,,,
46,28,True,0.793336,0.7933,none,,,False,,46,0,,,
46,53,True,0.841062,0.8411,none,,,False,,46,0,,,
46,36,True,0.463041,0.463,none,,,False,,46,0,,,
46,63,True,0.574372,0.5744,none,,,False,,46,0,,,
46,90,True,0.474577,0.4746,none,,,False,,46,0,,,
46,30,True,0.372442,0.3724,none,,,False,,46,0,,,
46,88,True,1.058191,1.0582,none,,,False,,46,0,,,
46,95,True,0.772536,0.7725,none,,,False,,46,0,,,
46,58,True,0.507222,0.5072,none,,,False,,46,0,,,
46,73,True,0.392318,0.3923,none,,,False,,46,0,,,
46,89,True,0.282346,0.2823,none,,,False,,46,0,,,
46,87,True,0.813576,0.8136,none,,,False,,46,0,,,
46,48,True,0.20196,0.202,none,,,False,,46,0,,,
46,60,True,0.298819,0.2988,none,,,False,,46,0,,,
46,50,True,0.351618,0.3516,none,,,False,,46,0,,,
46,13,True,0.397849,0.3978,none,,,False,,46,0,,,
46,1,True,0.33203,0.332,none,,,False,,46,0,,,
46,33,True,0.464353,0.4644,none,,,False,,46,0,,,
46,70,True,0.328155,0.3282,none,,,False,,46,0,,,
46,82,True,0.046774,0.0468,none,,,False,,46,0,,,
46,12,True,0.2166,0.2166,none,,,False,,46,0,,,
46,0,True,0.693905,0.6939,none,,,False,,46,0,,,
46,16,True,0.62623,0.6262,none,,,False,,46,0,,,
46,72,True,0.29949,0.2995,none,,,False,,46,0,,,
46,2,True,0.65752,0.6575,none,,,False,,46,0,,,
46,86,True,0.593092,0.5931,none,,,False,,46,0,,,
46,74,True,0.462384,0.4624,none,,,False,,46,0,,,
46,21,True,0.51429,0.5143,none,,,False,,46,0,,,
46,80,True,0.766087,0.7661,none,,,False,,46,0,,,
46,81,True,0.673719,0.6737,none,,,False,,46,0,,,
46,52,True,0.42313,0.4231,none,,,False,,46,0,,,
46,47,True,0.245671,0.2457,none,,,False,,46,0,,,
46,25,True,0.357606,0.3576,none,,,False,,46,0,,,
46,76,True,0.955226,0.9552,none,,,False,,46,0,,,
46,38,True,0.218978,0.219,none,,,False,,46,0,,,
47,4,True,0.413445,0.4134,none,,,False,,47,0,,,
47,72,True,0.430624,0.4306,none,,,False,,47,0,,,
47,12,True,0.405596,0.4056,none,,,False,,47,0,,,
47,74,True,0.473551,0.4736,none,,,False,,47,0,,,
47,15,True,0.781502,0.7815,none,,,False,,47,0,,,
47,59,True,0.113336,0.1133,none,,,False,,47,0,,,
47,99,True,1.1872,1.1872,none,,,False,,47,0,,,
47,71,True,0.410372,0.4104,none,,,False,,47,0,,,
47,13,True,0.33944,0.3394,none,,,False,,47,0,,,
47,5,True,0.266584,0.2666,none,,,False,,47,0,,,
47,41,True,0.318331,0.3183,none,,,False,,47,0,,,
47,79,True,0.359981,0.36,none,,,False,,47,0,,,
47,65,True,0.342783,0.3428,none,,,False,,47,0,,,
47,69,True,0.752849,0.7528,none,,,False,,47,0,,,
47,91,True,0.531416,0.5314,none,,,False,,47,0,,,
47,20,True,0.411399,0.4114,none,,,False,,47,0,,,
47,48,True,0.233094,0.2331,none,,,False,,47,0,,,
47,92,True,0.417356,0.4174,none,,,False,,47,0,,,
47,8,True,0.459561,0.4596,none,,,False,,47,0,,,
47,35,True,0.470592,0.4706,none,,,False,,47,0,,,
47,87,True,0.615993,0.616,none,,,False,,47,0,,,
47,30,True,0.358669,0.3587,none,,,False,,47,0,,,
47,7,True,0.270088,0.2701,none,,,False,,47,0,,,
47,55,True,0.521309,0.5213,none,,,False,,47,0,,,
47,33,True,0.559532,0.5595,none,,,False,,47,0,,,
47,16,True,0.825865,0.8259,none,,,False,,47,0,,,
47,67,True,0.505823,0.5058,none,,,False,,47,0,,,
47,23,True,0.596231,0.5962,none,,,False,,47,0,,,
47,83,True,0.461295,0.4613,none,,,False,,47,0,,,
47,25,True,0.251236,0.2512,none,,,False,,47,0,,,
47,28,True,1.066396,1.0664,none,,,False,,47,0,,,
47,57,True,0.789878,0.7899,none,,,False,,47,0,,,
47,66,True,0.379254,0.3793,none,,,False,,47,0,,,
47,78,True,0.464647,0.4646,none,,,False,,47,0,,,
47,32,True,0.665855,0.6659,none,,,False,,47,0,,,
47,50,True,0.636399,0.6364,none,,,False,,47,0,,,
48,28,True,1.088631,1.0886,none,,,False,,48,0,,,
48,76,True,1.000187,1.0002,none,,,False,,48,0,,,
48,21,True,0.392854,0.3929,none,,,False,,48,0,,,
48,70,True,0.429531,0.4295,none,,,False,,48,0,,,
48,8,True,0.411447,0.4114,none,,,False,,48,0,,,
48,95,True,0.815122,0.8151,none,,,False,,48,0,,,
48,86,True,0.723897,0.7239,none,,,False,,48,0,,,
48,9,True,1.070135,1.0701,none,,,False,,48,0,,,
48,51,True,0.375485,0.3755,none,,,False,,48,0,,,
48,31,True,0.789524,0.7895,none,,,False,,48,0,,,
48,40,True,1.119165,1.1192,none,,,False,,48,0,,,
48,39,True,0.763525,0.7635,none,,,False,,48,0,,,
48,55,True,0.433312,0.4333,none,,,False,,48,0,,,
48,88,True,1.04893,1.0489,none,,,False,,48,0,,,
48,13,True,0.318199,0.3182,none,,,False,,48,0,,,
48,66,True,0.232473,0.2325,none,,,False,,48,0,,,
48,26,True,0.16683,0.1668,none,,,False,,48,0,,,
48,63,True,0.375657,0.3757,none,,,False,,48,0,,,
48,68,True,0.714188,0.7142,none,,,False,,48,0,,,
48,96,True,0.554014,0.554,none,,,False,,48,0,,,
48,12,True,0.114737,0.1147,none,,,False,,48,0,,,
48,5,True,0.446659,0.4467,none,,,False,,48,0,,,
48,92,True,0.319932,0.3199,none,,,False,,48,0,,,
48,47,True,0.233012,0.233,none,,,False,,48,0,,,
48,42,True,0.7693,0.7693,none,,,False,,48,0,,,
48,75,True,0.643903,0.6439,none,,,False,,48,0,,,
48,34,True,0.463279,0.4633,none,,,False,,48,0,,,
48,73,True,0.3645,0.3645,none,,,False,,48,0,,,
48,7,True,0.361169,0.3612,none,,,False,,48,0,,,
48,93,True,0.22077,0.2208,none,,,False,,48,0,,,
48,49,True,0.281087,0.2811,none,,,False,,48,0,,,
48,61,True,0.675869,0.6759,none,,,False,,48,0,,,
48,69,True,0.576783,0.5768,none,,,False,,48,0,,,
48,33,True,0.355179,0.3552,none,,,False,,48,0,,,
48,97,True,0.613481,0.6135,none,,,False,,48,0,,,
48,48,True,0.221289,0.2213,none,,,False,,48,0,,,
49,65,True,0.309747,0.3097,none,,,False,,49,0,,,
49,46,True,0.544801,0.5448,none,,,False,,49,0,,,
49,36,True,0.354411,0.3544,none,,,False,,49,0,,,
49,82,True,0.288157,0.2882,none,,,False,,49,0,,,
49,59,True,0.445309,0.4453,none,,,False,,49,0,,,
49,66,True,0.27346,0.2735,none,,,False,,49,0,,,
49,84,True,0.275881,0.2759,none,,,False,,49,0,,,
49,31,True,0.639096,0.6391,none,,,False,,49,0,,,
49,89,True,0.347399,0.3474,none,,,False,,49,0,,,
49,64,True,0.587959,0.588,none,,,False,,49,0,,,
49,21,True,0.357707,0.3577,none,,,False,,49,0,,,
49,10,True,0.484843,0.4848,none,,,False,,49,0,,,
49,67,True,0.563781,0.5638,none,,,False,,49,0,,,
49,51,True,0.541479,0.5415,none,,,False,,49,0,,,
49,77,True,0.329987,0.33,none,,,False,,49,0,,,
49,17,True,0.596083,0.5961,none,,,False,,49,0,,,
49,62,True,0.392197,0.3922,none,,,False,,49,0,,,
49,93,True,0.160136,0.1601,none,,,False,,49,0,,,
49,47,True,0.279883,0.2799,none,,,False,,49,0,,,
49,86,True,0.520657,0.5207,none,,,False,,49,0,,,
49,83,True,0.526793,0.5268,none,,,False,,49,0,,,
49,11,True,0.438041,0.438,none,,,False,,49,0,,,
49,70,True,0.549957,0.55,none,,,False,,49,0,,,
49,81,True,0.550706,0.5507,none,,,False,,49,0,,,
49,87,True,0.688779,0.6888,none,,,False,,49,0,,,
49,88,True,1.070012,1.07,none,,,False,,49,0,,,
49,68,True,0.656913,0.6569,none,,,False,,49,0,,,
49,56,True,0.657577,0.6576,none,,,False,,49,0,,,
49,23,True,0.613834,0.6138,none,,,False,,49,0,,,
49,0,True,0.658635,0.6586,none,,,False,,49,0,,,
49,55,True,0.330581,0.3306,none,,,False,,49,0,,,
49,91,True,0.638417,0.6384,none,,,False,,49,0,,,
49,35,True,0.661778,0.6618,none,,,False,,49,0,,,
49,33,True,0.577729,0.5777,none,,,False,,49,0,,,
49,19,True,0.560923,0.5609,none,,,False,,49,0,,,
49,15,True,0.956791,0.9568,none,,,False,,49,0,,,
50,0,True,0.679303,0.6793,none,,,False,,50,0,,,
50,36,True,0.316275,0.3163,none,,,False,,50,0,,,
50,62,True,0.33365,0.3336,none,,,False,,50,0,,,
50,64,True,0.388195,0.3882,none,,,False,,50,0,,,
50,97,True,0.803293,0.8033,none,,,False,,50,0,,,
50,61,True,0.399412,0.3994,none,,,False,,50,0,,,
50,35,True,0.527594,0.5276,none,,,False,,50,0,,,
50,57,True,0.757834,0.7578,none,,,False,,50,0,,,
50,33,True,0.398546,0.3985,none,,,False,,50,0,,,
50,95,True,0.828259,0.8283,none,,,False,,50,0,,,
50,39,True,0.706867,0.7069,none,,,False,,50,0,,,
50,47,True,0.294138,0.2941,none,,,False,,50,0,,,
50,23,True,0.455514,0.4555,none,,,False,,50,0,,,
50,63,True,0.335823,0.3358,none,,,False,,50,0,,,
50,22,True,0.682424,0.6824,none,,,False,,50,0,,,
50,92,True,0.404813,0.4048,none,,,False,,50,0,,,
50,58,True,0.54781,0.5478,none,,,False,,50,0,,,
50,34,True,0.720999,0.721,none,,,False,,50,0,,,
50,49,True,0.560652,0.5607,none,,,False,,50,0,,,
50,44,True,0.528365,0.5284,none,,,False,,50,0,,,
50,69,True,0.679047,0.679,none,,,False,,50,0,,,
50,88,True,0.859665,0.8597,none,,,False,,50,0,,,
50,91,True,0.699868,0.6999,none,,,False,,50,0,,,
50,94,True,0.978212,0.9782,none,,,False,,50,0,,,
50,15,True,0.891825,0.8918,none,,,False,,50,0,,,
50,46,True,0.579578,0.5796,none,,,False,,50,0,,,
50,77,True,0.194179,0.1942,none,,,False,,50,0,,,
50,50,True,0.597815,0.5978,none,,,False,,50,0,,,
50,38,True,0.282818,0.2828,none,,,False,,50,0,,,
50,28,True,0.96175,0.9618,none,,,False,,50,0,,,
50,9,True,0.839469,0.8395,none,,,False,,50,0,,,
50,90,True,0.298876,0.2989,none,,,False,,50,0,,,
50,24,True,0.48201,0.482,none,,,False,,50,0,,,
50,71,True,0.774981,0.775,none,,,False,,50,0,,,
50,43,True,0.532514,0.5325,none,,,False,,50,0,,,
50,7,True,0.390328,0.3903,none,,,False,,50,0,,,
51,42,True,1.213357,1.2134,none,,,False,,51,0,,,
51,81,True,0.611986,0.612,none,,,False,,51,0,,,
51,40,True,0.908458,0.9085,none,,,False,,51,0,,,
51,47,True,0.255888,0.2559,none,,,False,,51,0,,,
51,50,True,0.604663,0.6047,none,,,False,,51,0,,,
51,59,True,0.495397,0.4954,none,,,False,,51,0,,,
51,64,True,0.477021,0.477,none,,,False,,51,0,,,
51,10,True,0.590087,0.5901,none,,,False,,51,0,,,
51,58,True,0.500499,0.5005,none,,,False,,51,0,,,
51,67,True,0.478745,0.4787,none,,,False,,51,0,,,
51,11,True,0.373998,0.374,none,,,False,,51,0,,,
51,6,True,0.468844,0.4688,none,,,False,,51,0,,,
51,93,True,0.231694,0.2317,none,,,False,,51,0,,,
51,3,True,0.618804,0.6188,none,,,False,,51,0,,,
51,62,True,0.231104,0.2311,none,,,False,,51,0,,,
51,52,True,0.233892,0.2339,none,,,False,,51,0,,,
51,8,True,0.30453,0.3045,none,,,False,,51,0,,,
51,14,True,0.394676,0.3947,none,,,False,,51,0,,,
51,83,True,0.547316,0.5473,none,,,False,,51,0,,,
51,28,True,1.07067,1.0707,none,,,False,,51,0,,,
51,25,True,0.490758,0.4908,none,,,False,,51,0,,,
51,51,True,0.735897,0.7359,none,,,False,,51,0,,,
51,96,True,0.622547,0.6225,none,,,False,,51,0,,,
51,89,True,0.356968,0.357,none,,,False,,51,0,,,
51,82,True,0.242685,0.2427,none,,,False,,51,0,,,
51,41,True,0.007932,0.0079,none,,,False,,51,0,,,
51,85,True,0.133886,0.1339,none,,,False,,51,0,,,
51,0,True,0.478502,0.4785,none,,,False,,51,0,,,
51,95,True,0.874966,0.875,none,,,False,,51,0,,,
51,4,True,0.361783,0.3618,none,,,False,,51,0,,,
51,78,True,0.622912,0.6229,none,,,False,,51,0,,,
51,17,True,0.731447,0.7314,none,,,False,,51,0,,,
51,38,True,0.393373,0.3934,none,,,False,,51,0,,,
51,35,True,0.544865,0.5449,none,,,False,,51,0,,,
51,7,True,0.395049,0.395,none,,,False,,51,0,,,
51,94,True,1.301014,1.301,none,,,False,,51,0,,,
52,52,True,0.405288,0.4053,none,,,False,,52,0,,,
52,95,True,0.513687,0.5137,none,,,False,,52,0,,,
52,12,True,0.551593,0.5516,none,,,False,,52,0,,,
52,96,True,0.436304,0.4363,none,,,False,,52,0,,,
52,78,True,0.383971,0.384,none,,,False,,52,0,,,
52,27,True,0.325265,0.3253,none,,,False,,52,0,,,
52,28,True,1.233936,1.2339,none,,,False,,52,0,,,
52,42,True,0.997363,0.9974,none,,,False,,52,0,,,
52,45,True,0.281663,0.2817,none,,,False,,52,0,,,
52,57,True,0.654068,0.6541,none,,,False,,52,0,,,
52,77,True,0.1806,0.1806,none,,,False,,52,0,,,
52,99,True,1.156674,1.1567,none,,,False,,52,0,,,
52,38,True,0.232798,0.2328,none,,,False,,52,0,,,
52,60,True,0.372838,0.3728,none,,,False,,52,0,,,
52,98,True,0.132611,0.1326,none,,,False,,52,0,,,
52,59,True,0.379341,0.3793,none,,,False,,52,0,,,
52,48,True,0.169676,0.1697,none,,,False,,52,0,,,
52,86,True,0.539967,0.54,none,,,False,,52,0,,,
52,66,True,0.468942,0.4689,none,,,False,,52,0,,,
52,79,True,0.377757,0.3778,none,,,False,,52,0,,,
52,55,True,0.458671,0.4587,none,,,False,,52,0,,,
52,18,True,0.650805,0.6508,none,,,False,,52,0,,,
52,73,True,0.342945,0.3429,none,,,False,,52,0,,,
52,23,True,0.656394,0.6564,none,,,False,,52,0,,,
52,70,True,0.25285,0.2528,none,,,False,,52,0,,,
52,88,True,1.096591,1.0966,none,,,False,,52,0,,,
52,72,True,0.532295,0.5323,none,,,False,,52,0,,,
52,53,True,0.704691,0.7047,none,,,False,,52,0,,,
52,63,True,0.467533,0.4675,none,,,False,,52,0,,,
52,83,True,0.388109,0.3881,none,,,False,,52,0,,,
52,16,True,0.517167,0.5172,none,,,False,,52,0,,,
52,30,True,0.556229,0.5562,none,,,False,,52,0,,,
52,81,True,0.508001,0.508,none,,,False,,52,0,,,
52,29,True,0.689958,0.69,none,,,False,,52,0,,,
52,65,True,0.243865,0.2439,none,,,False,,52,0,,,
52,75,True,1.038277,1.0383,none,,,False,,52,0,,,
53,15,True,1.060701,1.0607,none,,,False,,53,0,,,
53,97,True,0.874733,0.8747,none,,,False,,53,0,,,
53,60,True,0.283617,0.2836,none,,,False,,53,0,,,
53,99,True,1.03728,1.0373,none,,,False,,53,0,,,
53,3,True,0.81237,0.8124,none,,,False,,53,0,,,
53,95,True,0.422481,0.4225,none,,,False,,53,0,,,
53,2,True,0.709515,0.7095,none,,,False,,53,0,,,
53,81,True,0.386157,0.3862,none,,,False,,53,0,,,
53,76,True,1.119283,1.1193,none,,,False,,53,0,,,
53,37,True,0.516795,0.5168,none,,,False,,53,0,,,
53,56,True,0.801933,0.8019,none,,,False,,53,0,,,
53,24,True,0.439186,0.4392,none,,,False,,53,0,,,
53,71,True,0.771,0.771,none,,,False,,53,0,,,
53,26,True,0.619512,0.6195,none,,,False,,53,0,,,
53,59,True,0.465885,0.4659,none,,,False,,53,0,,,
53,64,True,0.417742,0.4177,none,,,False,,53,0,,,
53,93,True,0.28305,0.2831,none,,,False,,53,0,,,
53,18,True,0.709106,0.7091,none,,,False,,53,0,,,
53,10,True,0.500383,0.5004,none,,,False,,53,0,,,
53,31,True,0.885015,0.885,none,,,False,,53,0,,,
53,17,True,0.556921,0.5569,none,,,False,,53,0,,,
53,74,True,0.4574,0.4574,none,,,False,,53,0,,,
53,34,True,0.562459,0.5625,none,,,False,,53,0,,,
53,8,True,0.531393,0.5314,none,,,False,,53,0,,,
53,4,True,0.405137,0.4051,none,,,False,,53,0,,,
53,39,True,0.815854,0.8159,none,,,False,,53,0,,,
53,1,True,0.859053,0.8591,none,,,False,,53,0,,,
53,79,True,0.358128,0.3581,none,,,False,,53,0,,,
53,68,True,0.739939,0.7399,none,,,False,,53,0,,,
53,13,True,0.280987,0.281,none,,,False,,53,0,,,
53,9,True,0.97054,0.9705,none,,,False,,53,0,,,
53,14,True,0.353266,0.3533,none,,,False,,53,0,,,
53,89,True,0.465213,0.4652,none,,,False,,53,0,,,
53,50,True,0.503294,0.5033,none,,,False,,53,0,,,
53,83,True,0.483102,0.4831,none,,,False,,53,0,,,
53,22,True,0.609886,0.6099,none,,,False,,53,0,,,
54,14,True,0.344046,0.344,none,,,False,,54,0,,,
54,61,True,0.66678,0.6668,none,,,False,,54,0,,,
54,28,True,1.198291,1.1983,none,,,False,,54,0,,,
54,65,True,0.424382,0.4244,none,,,False,,54,0,,,
54,95,True,0.706558,0.7066,none,,,False,,54,0,,,
54,83,True,0.537472,0.5375,none,,,False,,54,0,,,
54,82,True,0.446829,0.4468,none,,,False,,54,0,,,
54,24,True,0.42157,0.4216,none,,,False,,54,0,,,
54,96,True,0.412792,0.4128,none,,,False,,54,0,,,
54,98,True,0.18522,0.1852,none,,,False,,54,0,,,
54,44,True,0.380689,0.3807,none,,,False,,54,0,,,
54,11,True,0.429506,0.4295,none,,,False,,54,0,,,
54,8,True,0.381828,0.3818,none,,,False,,54,0,,,
54,26,True,0.507352,0.5074,none,,,False,,54,0,,,
54,68,True,0.57526,0.5753,none,,,False,,54,0,,,
54,43,True,0.45166,0.4517,none,,,False,,54,0,,,
54,27,True,0.429828,0.4298,none,,,False,,54,0,,,
54,30,True,0.399672,0.3997,none,,,False,,54,0,,,
54,16,True,0.799423,0.7994,none,,,False,,54,0,,,
54,5,True,0.33314,0.3331,none,,,False,,54,0,,,
54,33,True,0.448029,0.448,none,,,False,,54,0,,,
54,49,True,0.603304,0.6033,none,,,False,,54,0,,,
54,97,True,0.585673,0.5857,none,,,False,,54,0,,,
54,93,True,0.234602,0.2346,none,,,False,,54,0,,,
54,59,True,0.439957,0.44,none,,,False,,54,0,,,
54,46,True,0.527849,0.5278,none,,,False,,54,0,,,
54,10,True,0.533468,0.5335,none,,,False,,54,0,,,
54,66,True,0.492766,0.4928,none,,,False,,54,0,,,
54,87,True,0.623443,0.6234,none,,,False,,54,0,,,
54,29,True,0.698656,0.6987,none,,,False,,54,0,,,
54,15,True,0.88097,0.881,none,,,False,,54,0,,,
54,80,True,1.090255,1.0903,none,,,False,,54,0,,,
54,25,True,0.605977,0.606,none,,,False,,54,0,,,
54,89,True,0.34393,0.3439,none,,,False,,54,0,,,
54,51,True,0.765716,0.7657,none,,,False,,54,0,,,
54,88,True,0.805156,0.8052,none,,,False,,54,0,,,
55,76,True,0.926589,0.9266,none,,,False,,55,0,,,
55,53,True,0.573054,0.5731,none,,,False,,55,0,,,
55,11,True,0.396211,0.3962,none,,,False,,55,0,,,
55,47,True,0.25175,0.2517,none,,,False,,55,0,,,
55,34,True,0.602322,0.6023,none,,,False,,55,0,,,
55,97,True,0.69675,0.6967,none,,,False,,55,0,,,
55,70,True,0.330785,0.3308,none,,,False,,55,0,,,
55,15,True,0.922482,0.9225,none,,,False,,55,0,,,
55,68,True,0.605646,0.6056,none,,,False,,55,0,,,
55,12,True,0.587619,0.5876,none,,,False,,55,0,,,
55,30,True,0.481959,0.482,none,,,False,,55,0,,,
55,37,True,0.546019,0.546,none,,,False,,55,0,,,
55,80,True,0.767388,0.7674,none,,,False,,55,0,,,
55,61,True,0.47306,0.4731,none,,,False,,55,0,,,
55,20,True,0.376427,0.3764,none,,,False,,55,0,,,
55,36,True,0.342585,0.3426,none,,,False,,55,0,,,
55,93,True,0.015094,0.0151,none,,,False,,55,0,,,
55,31,True,0.554207,0.5542,none,,,False,,55,0,,,
55,90,True,0.651954,0.652,none,,,False,,55,0,,,
55,45,True,0.509018,0.509,none,,,False,,55,0,,,
55,9,True,0.836328,0.8363,none,,,False,,55,0,,,
55,98,True,0.130979,0.131,none,,,False,,55,0,,,
55,18,True,0.572324,0.5723,none,,,False,,55,0,,,
55,89,True,0.325139,0.3251,none,,,False,,55,0,,,
55,17,True,0.702973,0.703,none,,,False,,55,0,,,
55,33,True,0.489389,0.4894,none,,,False,,55,0,,,
55,57,True,0.575063,0.5751,none,,,False,,55,0,,,
55,86,True,0.512028,0.512,none,,,False,,55,0,,,
55,66,True,0.379483,0.3795,none,,,False,,55,0,,,
55,65,True,0.435297,0.4353,none,,,False,,55,0,,,
55,25,True,0.434603,0.4346,none,,,False,,55,0,,,
55,75,True,0.899325,0.8993,none,,,False,,55,0,,,
55,26,True,0.619866,0.6199,none,,,False,,55,0,,,
55,1,True,1.044757,1.0448,none,,,False,,55,0,,,
55,55,True,0.452639,0.4526,none,,,False,,55,0,,,
55,46,True,0.247835,0.2478,none,,,False,,55,0,,,
56,35,True,0.45857,0.4586,none,,,False,,56,0,,,
56,90,True,0.562754,0.5628,none,,,False,,56,0,,,
56,44,True,0.423448,0.4234,none,,,False,,56,0,,,
56,87,True,0.660349,0.6603,none,,,False,,56,0,,,
56,67,True,0.509743,0.5097,none,,,False,,56,0,,,
56,33,True,0.446516,0.4465,none,,,False,,56,0,,,
56,26,True,0.443759,0.4438,none,,,False,,56,0,,,
56,54,True,0.268883,0.2689,none,,,False,,56,0,,,
56,86,True,0.453689,0.4537,none,,,False,,56,0,,,
56,99,True,1.108918,1.1089,none,,,False,,56,0,,,
56,30,True,0.436472,0.4365,none,,,False,,56,0,,,
56,8,True,0.365379,0.3654,none,,,False,,56,0,,,
56,59,True,0.437767,0.4378,none,,,False,,56,0,,,
56,61,True,0.51779,0.5178,none,,,False,,56,0,,,
56,27,True,0.330379,0.3304,none,,,False,,56,0,,,
56,81,True,0.497946,0.4979,none,,,False,,56,0,,,
56,83,True,0.51159,0.5116,none,,,False,,56,0,,,
56,71,True,0.744342,0.7443,none,,,False,,56,0,,,
56,64,True,0.403535,0.4035,none,,,False,,56,0,,,
56,22,True,0.700585,0.7006,none,,,False,,56,0,,,
56,77,True,0.354833,0.3548,none,,,False,,56,0,,,
56,25,True,0.466283,0.4663,none,,,False,,56,0,,,
56,75,True,0.990663,0.9907,none,,,False,,56,0,,,
56,56,True,0.927732,0.9277,none,,,False,,56,0,,,
56,73,True,0.337828,0.3378,none,,,False,,56,0,,,
56,23,True,0.546398,0.5464,none,,,False,,56,0,,,
56,97,True,0.631641,0.6316,none,,,False,,56,0,,,
56,15,True,0.787578,0.7876,none,,,False,,56,0,,,
56,2,True,0.443947,0.4439,none,,,False,,56,0,,,
56,36,True,0.350249,0.3502,none,,,False,,56,0,,,
56,91,True,0.752658,0.7527,none,,,False,,56,0,,,
56,69,True,0.680053,0.6801,none,,,False,,56,0,,,
56,24,True,0.453473,0.4535,none,,,False,,56,0,,,
56,42,True,1.237337,1.2373,none,,,False,,56,0,,,
56,29,True,0.588619,0.5886,none,,,False,,56,0,,,
56,37,True,0.454059,0.4541,none,,,False,,56,0,,,
57,88,True,0.733408,0.7334,none,,,False,,57,0,,,
57,16,True,0.970618,0.9706,none,,,False,,57,0,,,
57,49,True,0.516561,0.5166,none,,,False,,57,0,,,
57,30,True,0.473738,0.4737,none,,,False,,57,0,,,
57,43,True,0.436428,0.4364,none,,,False,,57,0,,,
57,93,True,0.258125,0.2581,none,,,False,,57,0,,,
57,32,True,0.614596,0.6146,none,,,False,,57,0,,,
57,75,True,0.978255,0.9783,none,,,False,,57,0,,,
57,29,True,0.673184,0.6732,none,,,False,,57,0,,,
57,67,True,0.520137,0.5201,none,,,False,,57,0,,,
57,39,True,0.80783,0.8078,none,,,False,,57,0,,,
57,97,True,0.802297,0.8023,none,,,False,,57,0,,,
57,65,True,0.460611,0.4606,none,,,False,,57,0,,,
57,90,True,0.589503,0.5895,none,,,False,,57,0,,,
57,33,True,0.386852,0.3869,none,,,False,,57,0,,,
57,50,True,0.654654,0.6547,none,,,False,,57,0,,,
57,52,True,0.390986,0.391,none,,,False,,57,0,,,
57,11,True,0.439761,0.4398,none,,,False,,57,0,,,
57,77,True,0.331855,0.3319,none,,,False,,57,0,,,
57,54,True,0.266341,0.2663,none,,,False,,57,0,,,
57,91,True,0.726582,0.7266,none,,,False,,57,0,,,
57,46,True,0.599821,0.5998,none,,,False,,57,0,,,
57,22,True,0.65356,0.6536,none,,,False,,57,0,,,
57,64,True,0.445306,0.4453,none,,,False,,57,0,,,
57,56,True,0.960556,0.9606,none,,,False,,57,0,,,
57,53,True,0.522097,0.5221,none,,,False,,57,0,,,
57,15,True,0.796316,0.7963,none,,,False,,57,0,,,
57,21,True,0.329739,0.3297,none,,,False,,57,0,,,
57,92,True,0.454478,0.4545,none,,,False,,57,0,,,
57,42,True,1.11149,1.1115,none,,,False,,57,0,,,
57,12,True,0.713277,0.7133,none,,,False,,57,0,,,
57,38,True,0.287679,0.2877,none,,,False,,57,0,,,
57,18,True,0.641826,0.6418,none,,,False,,57,0,,,
57,17,True,0.554431,0.5544,none,,,False,,57,0,,,
57,28,True,1.21231,1.2123,none,,,False,,57,0,,,
57,8,True,0.460659,0.4607,none,,,False,,57,0,,,
58,87,True,0.678878,0.6789,none,,,False,,58,0,,,
58,1,True,0.940226,0.9402,none,,,False,,58,0,,,
58,56,True,1.019683,1.0197,none,,,False,,58,0,,,
58,26,True,0.571176,0.5712,none,,,False,,58,0,,,
58,92,True,0.259135,0.2591,none,,,False,,58,0,,,
58,71,True,0.625234,0.6252,none,,,False,,58,0,,,
58,17,True,0.585765,0.5858,none,,,False,,58,0,,,
58,50,True,0.483883,0.4839,none,,,False,,58,0,,,
58,13,True,0.340115,0.3401,none,,,False,,58,0,,,
58,63,True,0.512699,0.5127,none,,,False,,58,0,,,
58,27,True,0.197174,0.1972,none,,,False,,58,0,,,
58,48,True,0.162565,0.1626,none,,,False,,58,0,,,
58,99,True,1.039712,1.0397,none,,,False,,58,0,,,
58,38,True,0.366347,0.3663,none,,,False,,58,0,,,
58,51,True,0.517034,0.517,none,,,False,,58,0,,,
58,28,True,0.71736,0.7174,none,,,False,,58,0,,,
58,10,True,0.426962,0.427,none,,,False,,58,0,,,
58,43,True,0.582594,0.5826,none,,,False,,58,0,,,
58,40,True,1.145391,1.1454,none,,,False,,58,0,,,
58,18,True,0.189819,0.1898,none,,,False,,58,0,,,
58,78,True,0.733335,0.7333,none,,,False,,58,0,,,
58,64,True,0.390875,0.3909,none,,,False,,58,0,,,
58,5,True,0.413831,0.4138,none,,,False,,58,0,,,
58,14,True,0.232364,0.2324,none,,,False,,58,0,,,
58,0,True,0.633032,0.633,none,,,False,,58,0,,,
58,76,True,0.977404,0.9774,none,,,False,,58,0,,,
58,58,True,0.422617,0.4226,none,,,False,,58,0,,,
58,31,True,0.805733,0.8057,none,,,False,,58,0,,,
58,49,True,0.678583,0.6786,none,,,False,,58,0,,,
58,67,True,0.453729,0.4537,none,,,False,,58,0,,,
58,8,True,0.364671,0.3647,none,,,False,,58,0,,,
58,85,True,0.111274,0.1113,none,,,False,,58,0,,,
58,41,True,0.208033,0.208,none,,,False,,58,0,,,
58,66,True,0.316455,0.3165,none,,,False,,58,0,,,
58,45,True,0.47606,0.4761,none,,,False,,58,0,,,
58,82,True,0.223326,0.2233,none,,,False,,58,0,,,
59,12,True,0.599978,0.6,none,,,False,,59,0,,,
59,88,True,0.742011,0.742,none,,,False,,59,0,,,
59,82,True,0.228495,0.2285,none,,,False,,59,0,,,
59,91,True,0.720498,0.7205,none,,,False,,59,0,,,
59,55,True,0.509755,0.5098,none,,,False,,59,0,,,
59,20,True,0.549553,0.5496,none,,,False,,59,0,,,
59,37,True,0.487066,0.4871,none,,,False,,59,0,,,
59,35,True,0.50198,0.502,none,,,False,,59,0,,,
59,24,True,0.525588,0.5256,none,,,False,,59,0,,,
59,84,True,0.951998,0.952,none,,,False,,59,0,,,
59,7,True,0.493995,0.494,none,,,False,,59,0,,,
59,8,True,0.394852,0.3949,none,,,False,,59,0,,,
59,68,True,0.745531,0.7455,none,,,False,,59,0,,,
59,90,True,0.413144,0.4131,none,,,False,,59,0,,,
59,98,True,0.203633,0.2036,none,,,False,,59,0,,,
59,40,True,0.921947,0.9219,none,,,False,,59,0,,,
59,49,True,0.529714,0.5297,none,,,False,,59,0,,,
59,50,True,0.491231,0.4912,none,,,False,,59,0,,,
59,30,True,0.469839,0.4698,none,,,False,,59,0,,,
59,81,True,0.551206,0.5512,none,,,False,,59,0,,,
59,89,True,0.33113,0.3311,none,,,False,,59,0,,,
59,65,True,0.34757,0.3476,none,,,False,,59,0,,,
59,93,True,0.008546,0.0085,none,,,False,,59,0,,,
59,54,True,0.395989,0.396,none,,,False,,59,0,,,
59,56,True,0.766086,0.7661,none,,,False,,59,0,,,
59,77,True,0.231639,0.2316,none,,,False,,59,0,,,
59,31,True,0.554806,0.5548,none,,,False,,59,0,,,
59,73,True,0.333636,0.3336,none,,,False,,59,0,,,
59,63,True,0.445052,0.4451,none,,,False,,59,0,,,
59,4,True,0.402936,0.4029,none,,,False,,59,0,,,
59,92,True,0.354998,0.355,none,,,False,,59,0,,,
59,57,True,0.699578,0.6996,none,,,False,,59,0,,,
59,29,True,0.675062,0.6751,none,,,False,,59,0,,,
59,69,True,0.66126,0.6613,none,,,False,,59,0,,,
59,83,True,0.543103,0.5431,none,,,False,,59,0,,,
59,75,True,1.087197,1.0872,none,,,False,,59,0,,,
60,90,True,0.345643,0.3456,none,,,False,,60,0,,,
60,4,True,0.312485,0.3125,none,,,False,,60,0,,,
60,92,True,0.424098,0.4241,none,,,False,,60,0,,,
60,22,True,0.909689,0.9097,none,,,False,,60,0,,,
60,52,True,0.334224,0.3342,none,,,False,,60,0,,,
60,79,True,0.29113,0.2911,none,,,False,,60,0,,,
60,7,True,0.366465,0.3665,none,,,False,,60,0,,,
60,43,True,0.589195,0.5892,none,,,False,,60,0,,,
60,31,True,0.849791,0.8498,none,,,False,,60,0,,,
60,81,True,0.527234,0.5272,none,,,False,,60,0,,,
60,37,True,0.526324,0.5263,none,,,False,,60,0,,,
60,5,True,0.172601,0.1726,none,,,False,,60,0,,,
60,61,True,0.546551,0.5466,none,,,False,,60,0,,,
60,39,True,0.997763,0.9978,none,,,False,,60,0,,,
60,0,True,0.618142,0.6181,none,,,False,,60,0,,,
60,18,True,0.707671,0.7077,none,,,False,,60,0,,,
60,41,True,0.226168,0.2262,none,,,False,,60,0,,,
60,2,True,0.670615,0.6706,none,,,False,,60,0,,,
60,19,True,1.099574,1.0996,none,,,False,,60,0,,,
60,84,True,0.961714,0.9617,none,,,False,,60,0,,,
60,55,True,0.436807,0.4368,none,,,False,,60,0,,,
60,58,True,0.457152,0.4572,none,,,False,,60,0,,,
60,10,True,0.563424,0.5634,none,,,False,,60,0,,,
60,49,True,0.208392,0.2084,none,,,False,,60,0,,,
60,85,True,0.14517,0.1452,none,,,False,,60,0,,,
60,97,True,0.627507,0.6275,none,,,False,,60,0,,,
60,76,True,0.971365,0.9714,none,,,False,,60,0,,,
60,91,True,0.896397,0.8964,none,,,False,,60,0,,,
60,40,True,0.816601,0.8166,none,,,False,,60,0,,,
60,13,True,0.30063,0.3006,none,,,False,,60,0,,,
60,50,True,0.628001,0.628,none,,,False,,60,0,,,
60,62,True,0.459267,0.4593,none,,,False,,60,0,,,
60,74,True,0.378738,0.3787,none,,,False,,60,0,,,
60,83,True,0.489129,0.4891,none,,,False,,60,0,,,
60,60,True,0.369589,0.3696,none,,,False,,60,0,,,
60,99,True,1.057,1.057,none,,,False,,60,0,,,
61,17,True,0.670116,0.6701,none,,,False,,61,0,,,
61,73,True,0.282936,0.2829,none,,,False,,61,0,,,
61,57,True,0.676839,0.6768,none,,,False,,61,0,,,
61,71,True,0.727396,0.7274,none,,,False,,61,0,,,
61,53,True,0.622239,0.6222,none,,,False,,61,0,,,
61,95,True,0.656616,0.6566,none,,,False,,61,0,,,
61,8,True,0.465209,0.4652,none,,,False,,61,0,,,
61,30,True,0.428984,0.429,none,,,False,,61,0,,,
61,89,True,0.289633,0.2896,none,,,False,,61,0,,,
61,70,True,0.505883,0.5059,none,,,False,,61,0,,,
61,15,True,0.720279,0.7203,none,,,False,,61,0,,,
61,52,True,0.39981,0.3998,none,,,False,,61,0,,,
61,25,True,0.528455,0.5285,none,,,False,,61,0,,,
61,62,True,0.376542,0.3765,none,,,False,,61,0,,,
61,1,True,1.01023,1.0102,none,,,False,,61,0,,,
61,13,True,0.425624,0.4256,none,,,False,,61,0,,,
61,9,True,0.484599,0.4846,none,,,False,,61,0,,,
61,48,True,0.181894,0.1819,none,,,False,,61,0,,,
61,77,True,0.381272,0.3813,none,,,False,,61,0,,,
61,69,True,0.61921,0.6192,none,,,False,,61,0,,,
61,83,True,0.519252,0.5193,none,,,False,,61,0,,,
61,22,True,0.581202,0.5812,none,,,False,,61,0,,,
61,3,True,0.628089,0.6281,none,,,False,,61,0,,,
61,16,True,0.650429,0.6504,none,,,False,,61,0,,,
61,96,True,0.498862,0.4989,none,,,False,,61,0,,,
61,41,True,0.233883,0.2339,none,,,False,,61,0,,,
61,58,True,0.477854,0.4779,none,,,False,,61,0,,,
61,60,True,0.369267,0.3693,none,,,False,,61,0,,,
61,47,True,0.327912,0.3279,none,,,False,,61,0,,,
61,34,True,0.643294,0.6433,none,,,False,,61,0,,,
61,88,True,0.793311,0.7933,none,,,False,,61,0,,,
61,91,True,0.769647,0.7696,none,,,False,,61,0,,,
61,42,True,1.217412,1.2174,none,,,False,,61,0,,,
61,21,True,0.628142,0.6281,none,,,False,,61,0,,,
61,11,True,0.391643,0.3916,none,,,False,,61,0,,,
61,37,True,0.554136,0.5541,none,,,False,,61,0,,,
62,36,True,0.426984,0.427,none,,,False,,62,0,,,
62,88,True,0.753313,0.7533,none,,,False,,62,0,,,
62,80,True,0.971497,0.9715,none,,,False,,62,0,,,
62,32,True,0.672321,0.6723,none,,,False,,62,0,,,
62,15,True,0.812779,0.8128,none,,,False,,62,0,,,
62,87,True,0.602569,0.6026,none,,,False,,62,0,,,
62,28,True,0.957519,0.9575,none,,,False,,62,0,,,
62,33,True,0.484151,0.4842,none,,,False,,62,0,,,
62,75,True,1.12988,1.1299,none,,,False,,62,0,,,
62,69,True,0.190755,0.1908,none,,,False,,62,0,,,
62,95,True,0.887731,0.8877,none,,,False,,62,0,,,
62,1,True,1.109073,1.1091,none,,,False,,62,0,,,
62,7,True,0.415017,0.415,none,,,False,,62,0,,,
62,6,True,0.489234,0.4892,none,,,False,,62,0,,,
62,26,True,0.57132,0.5713,none,,,False,,62,0,,,
62,67,True,0.425835,0.4258,none,,,False,,62,0,,,
62,89,True,0.402485,0.4025,none,,,False,,62,0,,,
62,81,True,0.66988,0.6699,none,,,False,,62,0,,,
62,59,True,0.28852,0.2885,none,,,False,,62,0,,,
62,93,True,0.130158,0.1302,none,,,False,,62,0,,,
62,58,True,0.260904,0.2609,none,,,False,,62,0,,,
62,18,True,0.383511,0.3835,none,,,False,,62,0,,,
62,56,True,0.918537,0.9185,none,,,False,,62,0,,,
62,12,True,0.591133,0.5911,none,,,False,,62,0,,,
62,53,True,0.630974,0.631,none,,,False,,62,0,,,
62,20,True,0.538715,0.5387,none,,,False,,62,0,,,
62,19,True,1.205567,1.2056,none,,,False,,62,0,,,
62,83,True,0.485831,0.4858,none,,,False,,62,0,,,
62,78,True,0.609635,0.6096,none,,,False,,62,0,,,
62,73,True,0.470966,0.471,none,,,False,,62,0,,,
62,16,True,0.876326,0.8763,none,,,False,,62,0,,,
62,86,True,0.666539,0.6665,none,,,False,,62,0,,,
62,9,True,0.728656,0.7287,none,,,False,,62,0,,,
62,40,True,1.11399,1.114,none,,,False,,62,0,,,
62,90,True,0.358517,0.3585,none,,,False,,62,0,,,
62,92,True,0.399325,0.3993,none,,,False,,62,0,,,
63,12,True,0.695053,0.6951,none,,,False,,63,0,,,
63,62,True,0.430739,0.4307,none,,,False,,63,0,,,
63,7,True,-0.067527,-0.0675,none,,,False,,63,0,,,
63,43,True,0.781208,0.7812,none,,,False,,63,0,,,
63,51,True,0.278534,0.2785,none,,,False,,63,0,,,
63,65,True,0.222233,0.2222,none,,,False,,63,0,,,
63,77,True,0.327219,0.3272,none,,,False,,63,0,,,
63,46,True,0.629265,0.6293,none,,,False,,63,0,,,
63,14,True,0.365736,0.3657,none,,,False,,63,0,,,
63,95,True,0.476107,0.4761,none,,,False,,63,0,,,
63,53,True,0.642464,0.6425,none,,,False,,63,0,,,
63,21,True,0.406141,0.4061,none,,,False,,63,0,,,
63,71,True,0.919342,0.9193,none,,,False,,63,0,,,
63,4,True,0.414417,0.4144,none,,,False,,63,0,,,
63,0,True,0.666383,0.6664,none,,,False,,63,0,,,
63,41,True,0.319976,0.32,none,,,False,,63,0,,,
63,56,True,0.768089,0.7681,none,,,False,,63,0,,,
63,13,True,0.331242,0.3312,none,,,False,,63,0,,,
63,27,True,0.178376,0.1784,none,,,False,,63,0,,,
63,85,True,0.18388,0.1839,none,,,False,,63,0,,,
63,79,True,0.377556,0.3776,none,,,False,,63,0,,,
63,76,True,1.086725,1.0867,none,,,False,,63,0,,,
63,45,True,0.528894,0.5289,none,,,False,,63,0,,,
63,24,True,0.43421,0.4342,none,,,False,,63,0,,,
63,42,True,0.95082,0.9508,none,,,False,,63,0,,,
63,47,True,0.306607,0.3066,none,,,False,,63,0,,,
63,31,True,0.893697,0.8937,none,,,False,,63,0,,,
63,89,True,0.308443,0.3084,none,,,False,,63,0,,,
63,34,True,0.694006,0.694,none,,,False,,63,0,,,
63,82,True,0.297346,0.2973,none,,,False,,63,0,,,
63,84,True,1.009646,1.0096,none,,,False,,63,0,,,
63,99,True,1.141562,1.1416,none,,,False,,63,0,,,
63,78,True,0.376719,0.3767,none,,,False,,63,0,,,
63,25,True,0.333957,0.334,none,,,False,,63,0,,,
63,29,True,0.709584,0.7096,none,,,False,,63,0,,,
63,69,True,0.6321,0.6321,none,,,False,,63,0,,,
64,60,True,0.291865,0.2919,none,,,False,,64,0,,,
64,12,True,0.563707,0.5637,none,,,False,,64,0,,,
64,83,True,0.561247,0.5612,none,,,False,,64,0,,,
64,18,True,0.377282,0.3773,none,,,False,,64,0,,,
64,15,True,0.801069,0.8011,none,,,False,,64,0,,,
64,42,True,1.27212,1.2721,none,,,False,,64,0,,,
64,8,True,0.365701,0.3657,none,,,False,,64,0,,,
64,36,True,0.428007,0.428,none,,,False,,64,0,,,
64,19,True,1.182371,1.1824,none,,,False,,64,0,,,
64,52,True,0.323927,0.3239,none,,,False,,64,0,,,
64,64,True,0.464556,0.4646,none,,,False,,64,0,,,
64,61,True,0.524195,0.5242,none,,,False,,64,0,,,
64,38,True,0.325971,0.326,none,,,False,,64,0,,,
64,40,True,0.797812,0.7978,none,,,False,,64,0,,,
64,98,True,0.181923,0.1819,none,,,False,,64,0,,,
64,4,True,0.42177,0.4218,none,,,False,,64,0,,,
64,27,True,0.237113,0.2371,none,,,False,,64,0,,,
64,34,True,0.593841,0.5938,none,,,False,,64,0,,,
64,65,True,0.394092,0.3941,none,,,False,,64,0,,,
64,35,True,0.466812,0.4668,none,,,False,,64,0,,,
64,86,True,0.633869,0.6339,none,,,False,,64,0,,,
64,37,True,0.436539,0.4365,none,,,False,,64,0,,,
64,56,True,0.739315,0.7393,none,,,False,,64,0,,,
64,2,True,0.463227,0.4632,none,,,False,,64,0,,,
64,99,True,1.188095,1.1881,none,,,False,,64,0,,,
64,84,True,0.954548,0.9545,none,,,False,,64,0,,,
64,68,True,0.693308,0.6933,none,,,False,,64,0,,,
64,48,True,0.137153,0.1372,none,,,False,,64,0,,,
64,78,True,0.54214,0.5421,none,,,False,,64,0,,,
64,93,True,0.247407,0.2474,none,,,False,,64,0,,,
64,97,True,0.709491,0.7095,none,,,False,,64,0,,,
64,66,True,0.532726,0.5327,none,,,False,,64,0,,,
64,13,True,0.374391,0.3744,none,,,False,,64,0,,,
64,80,True,1.04439,1.0444,none,,,False,,64,0,,,
64,26,True,0.597586,0.5976,none,,,False,,64,0,,,
64,20,True,0.385201,0.3852,none,,,False,,64,0,,,
65,58,True,0.469493,0.4695,none,,,False,,65,0,,,
65,76,True,1.005708,1.0057,none,,,False,,65,0,,,
65,48,True,0.067587,0.0676,none,,,False,,65,0,,,
65,98,True,0.13572,0.1357,none,,,False,,65,0,,,
65,55,True,0.481421,0.4814,none,,,False,,65,0,,,
65,80,True,0.952033,0.952,none,,,False,,65,0,,,
65,89,True,0.358846,0.3588,none,,,False,,65,0,,,
65,2,True,0.675773,0.6758,none,,,False,,65,0,,,
65,1,True,0.930543,0.9305,none,,,False,,65,0,,,
65,75,True,1.050441,1.0504,none,,,False,,65,0,,,
65,96,True,0.552754,0.5528,none,,,False,,65,0,,,
65,92,True,0.156318,0.1563,none,,,False,,65,0,,,
65,63,True,0.426231,0.4262,none,,,False,,65,0,,,
65,86,True,0.409235,0.4092,none,,,False,,65,0,,,
65,65,True,0.372767,0.3728,none,,,False,,65,0,,,
65,5,True,0.239538,0.2395,none,,,False,,65,0,,,
65,53,True,0.609009,0.609,none,,,False,,65,0,,,
65,33,True,0.602351,0.6024,none,,,False,,65,0,,,
65,46,True,0.587893,0.5879,none,,,False,,65,0,,,
65,59,True,0.427391,0.4274,none,,,False,,65,0,,,
65,17,True,0.654452,0.6545,none,,,False,,65,0,,,
65,15,True,0.949049,0.949,none,,,False,,65,0,,,
65,73,True,0.320381,0.3204,none,,,False,,65,0,,,
65,14,True,0.357266,0.3573,none,,,False,,65,0,,,
65,85,True,0.179481,0.1795,none,,,False,,65,0,,,
65,43,True,0.644564,0.6446,none,,,False,,65,0,,,
65,24,True,0.270237,0.2702,none,,,False,,65,0,,,
65,66,True,0.378043,0.378,none,,,False,,65,0,,,
65,6,True,0.39025,0.3903,none,,,False,,65,0,,,
65,94,True,0.871016,0.871,none,,,False,,65,0,,,
65,11,True,0.404071,0.4041,none,,,False,,65,0,,,
65,26,True,0.657934,0.6579,none,,,False,,65,0,,,
65,12,True,0.584277,0.5843,none,,,False,,65,0,,,
65,41,True,0.301853,0.3019,none,,,False,,65,0,,,
65,25,True,0.344629,0.3446,none,,,False,,65,0,,,
65,13,True,0.298087,0.2981,none,,,False,,65,0,,,
66,38,True,0.337364,0.3374,none,,,False,,66,0,,,
66,53,True,0.564277,0.5643,none,,,False,,66,0,,,
66,19,True,1.05645,1.0564,none,,,False,,66,0,,,
66,14,True,0.310188,0.3102,none,,,False,,66,0,,,
66,55,True,0.532363,0.5324,none,,,False,,66,0,,,
66,8,True,0.283958,0.284,none,,,False,,66,0,,,
66,64,True,0.495869,0.4959,none,,,False,,66,0,,,
66,16,True,0.808045,0.808,none,,,False,,66,0,,,
66,9,True,0.888364,0.8884,none,,,False,,66,0,,,
66,12,True,0.482883,0.4829,none,,,False,,66,0,,,
66,80,True,0.820466,0.8205,none,,,False,,66,0,,,
66,99,True,1.23194,1.2319,none,,,False,,66,0,,,
66,13,True,0.344019,0.344,none,,,False,,66,0,,,
66,37,True,0.572392,0.5724,none,,,False,,66,0,,,
66,95,True,0.692023,0.692,none,,,False,,66,0,,,
66,60,True,0.422961,0.423,none,,,False,,66,0,,,
66,75,True,1.074405,1.0744,none,,,False,,66,0,,,
66,21,True,0.488678,0.4887,none,,,False,,66,0,,,
66,91,True,0.832156,0.8322,none,,,False,,66,0,,,
66,34,True,0.697171,0.6972,none,,,False,,66,0,,,
66,10,True,0.568026,0.568,none,,,False,,66,0,,,
66,33,True,0.434711,0.4347,none,,,False,,66,0,,,
66,78,True,0.572807,0.5728,none,,,False,,66,0,,,
66,56,True,0.809431,0.8094,none,,,False,,66,0,,,
66,65,True,0.395932,0.3959,none,,,False,,66,0,,,
66,51,True,0.557204,0.5572,none,,,False,,66,0,,,
66,35,True,0.47187,0.4719,none,,,False,,66,0,,,
66,23,True,0.306419,0.3064,none,,,False,,66,0,,,
66,98,True,0.107092,0.1071,none,,,False,,66,0,,,
66,0,True,0.505609,0.5056,none,,,False,,66,0,,,
66,79,True,0.343076,0.3431,none,,,False,,66,0,,,
66,76,True,1.041924,1.0419,none,,,False,,66,0,,,
66,36,True,0.328267,0.3283,none,,,False,,66,0,,,
66,25,True,0.387317,0.3873,none,,,False,,66,0,,,
66,20,True,0.446604,0.4466,none,,,False,,66,0,,,
66,73,True,0.413478,0.4135,none,,,False,,66,0,,,
67,27,True,0.276258,0.2763,none,,,False,,67,0,,,
67,19,True,1.279541,1.2795,none,,,False,,67,0,,,
67,17,True,0.722694,0.7227,none,,,False,,67,0,,,
67,73,True,0.364475,0.3645,none,,,False,,67,0,,,
67,7,True,0.360306,0.3603,none,,,False,,67,0,,,
67,82,True,0.260707,0.2607,none,,,False,,67,0,,,
67,45,True,0.419881,0.4199,none,,,False,,67,0,,,
67,79,True,0.284472,0.2845,none,,,False,,67,0,,,
67,38,True,0.001267,0.0013,none,,,False,,67,0,,,
67,31,True,0.844436,0.8444,none,,,False,,67,0,,,
67,51,True,0.563667,0.5637,none,,,False,,67,0,,,
67,24,True,0.411671,0.4117,none,,,False,,67,0,,,
67,0,True,0.702429,0.7024,none,,,False,,67,0,,,
67,55,True,0.499832,0.4998,none,,,False,,67,0,,,
67,76,True,1.068141,1.0681,none,,,False,,67,0,,,
67,25,True,0.21346,0.2135,none,,,False,,67,0,,,
67,92,True,0.325228,0.3252,none,,,False,,67,0,,,
67,21,True,0.264544,0.2645,none,,,False,,67,0,,,
67,56,True,0.763031,0.763,none,,,False,,67,0,,,
67,49,True,0.631191,0.6312,none,,,False,,67,0,,,
67,71,True,0.876568,0.8766,none,,,False,,67,0,,,
67,96,True,0.352655,0.3527,none,,,False,,67,0,,,
67,86,True,0.42,0.42,none,,,False,,67,0,,,
67,99,True,0.950658,0.9507,none,,,False,,67,0,,,
67,69,True,0.597446,0.5974,none,,,False,,67,0,,,
67,10,True,0.316263,0.3163,none,,,False,,67,0,,,
67,23,True,0.572367,0.5724,none,,,False,,67,0,,,
67,83,True,0.520605,0.5206,none,,,False,,67,0,,,
67,80,True,0.913737,0.9137,none,,,False,,67,0,,,
67,75,True,1.054181,1.0542,none,,,False,,67,0,,,
67,74,True,0.331432,0.3314,none,,,False,,67,0,,,
67,62,True,0.357615,0.3576,none,,,False,,67,0,,,
67,47,True,0.329279,0.3293,none,,,False,,67,0,,,
67,35,True,0.387387,0.3874,none,,,False,,67,0,,,
67,4,True,0.383744,0.3837,none,,,False,,67,0,,,
67,8,True,0.401983,0.402,none,,,False,,67,0,,,
68,90,True,0.523923,0.5239,none,,,False,,68,0,,,
68,81,True,0.483231,0.4832,none,,,False,,68,0,,,
68,8,True,0.370507,0.3705,none,,,False,,68,0,,,
68,13,True,0.307226,0.3072,none,,,False,,68,0,,,
68,23,True,0.338103,0.3381,none,,,False,,68,0,,,
68,24,True,0.462062,0.4621,none,,,False,,68,0,,,
68,93,True,0.256447,0.2564,none,,,False,,68,0,,,
68,69,True,0.442995,0.443,none,,,False,,68,0,,,
68,67,True,0.437424,0.4374,none,,,False,,68,0,,,
68,95,True,0.716589,0.7166,none,,,False,,68,0,,,
68,97,True,0.774795,0.7748,none,,,False,,68,0,,,
68,63,True,0.44416,0.4442,none,,,False,,68,0,,,
68,54,True,0.297177,0.2972,none,,,False,,68,0,,,
68,16,True,0.829547,0.8295,none,,,False,,68,0,,,
68,20,True,0.313426,0.3134,none,,,False,,68,0,,,
68,10,True,0.515364,0.5154,none,,,False,,68,0,,,
68,64,True,0.434259,0.4343,none,,,False,,68,0,,,
68,65,True,0.397032,0.397,none,,,False,,68,0,,,
68,86,True,0.536523,0.5365,none,,,False,,68,0,,,
68,77,True,0.311139,0.3111,none,,,False,,68,0,,,
68,26,True,0.524887,0.5249,none,,,False,,68,0,,,
68,73,True,0.369,0.369,none,,,False,,68,0,,,
68,29,True,0.653344,0.6533,none,,,False,,68,0,,,
68,91,True,0.786863,0.7869,none,,,False,,68,0,,,
68,47,True,0.257007,0.257,none,,,False,,68,0,,,
68,79,True,0.327756,0.3278,none,,,False,,68,0,,,
68,18,True,0.49013,0.4901,none,,,False,,68,0,,,
68,96,True,0.47054,0.4705,none,,,False,,68,0,,,
68,39,True,0.885525,0.8855,none,,,False,,68,0,,,
68,46,True,0.557121,0.5571,none,,,False,,68,0,,,
68,12,True,0.704408,0.7044,none,,,False,,68,0,,,
68,71,True,0.776767,0.7768,none,,,False,,68,0,,,
68,3,True,0.500224,0.5002,none,,,False,,68,0,,,
68,19,True,1.162371,1.1624,none,,,False,,68,0,,,
68,30,True,0.430585,0.4306,none,,,False,,68,0,,,
68,17,True,0.600076,0.6001,none,,,False,,68,0,,,
69,47,True,0.287798,0.2878,none,,,False,,69,0,,,
69,75,True,1.169683,1.1697,none,,,False,,69,0,,,
69,26,True,0.672219,0.6722,none,,,False,,69,0,,,
69,63,True,0.468529,0.4685,none,,,False,,69,0,,,
69,62,True,0.459824,0.4598,none,,,False,,69,0,,,
69,7,True,0.340143,0.3401,none,,,False,,69,0,,,
69,8,True,0.405395,0.4054,none,,,False,,69,0,,,
69,28,True,0.998373,0.9984,none,,,False,,69,0,,,
69,81,True,0.432413,0.4324,none,,,False,,69,0,,,
69,96,True,0.466698,0.4667,none,,,False,,69,0,,,
69,61,True,0.520585,0.5206,none,,,False,,69,0,,,
69,13,True,0.229142,0.2291,none,,,False,,69,0,,,
69,32,True,0.667852,0.6679,none,,,False,,69,0,,,
69,5,True,0.289796,0.2898,none,,,False,,69,0,,,
69,36,True,0.329822,0.3298,none,,,False,,69,0,,,
69,29,True,0.625221,0.6252,none,,,False,,69,0,,,
69,51,True,0.545497,0.5455,none,,,False,,69,0,,,
69,68,True,0.496711,0.4967,none,,,False,,69,0,,,
69,73,True,0.341479,0.3415,none,,,False,,69,0,,,
69,12,True,0.513491,0.5135,none,,,False,,69,0,,,
69,42,True,1.309779,1.3098,none,,,False,,69,0,,,
69,45,True,0.416933,0.4169,none,,,False,,69,0,,,
69,69,True,0.50343,0.5034,none,,,False,,69,0,,,
69,97,True,0.632032,0.632,none,,,False,,69,0,,,
69,98,True,0.033328,0.0333,none,,,False,,69,0,,,
69,19,True,0.93999,0.94,none,,,False,,69,0,,,
69,24,True,0.46662,0.4666,none,,,False,,69,0,,,
69,67,True,0.403637,0.4036,none,,,False,,69,0,,,
69,83,True,0.37845,0.3784,none,,,False,,69,0,,,
69,23,True,0.41682,0.4168,none,,,False,,69,0,,,
69,6,True,0.52546,0.5255,none,,,False,,69,0,,,
69,40,True,0.941359,0.9414,none,,,False,,69,0,,,
69,84,True,1.158908,1.1589,none,,,False,,69,0,,,
69,35,True,0.479968,0.48,none,,,False,,69,0,,,
69,49,True,0.615011,0.615,none,,,False,,69,0,,,
69,33,True,0.544918,0.5449,none,,,False,,69,0,,,
70,30,True,0.406811,0.4068,none,,,False,,70,0,,,
70,6,True,0.450429,0.4504,none,,,False,,70,0,,,
70,67,True,0.505831,0.5058,none,,,False,,70,0,,,
70,37,True,0.551357,0.5514,none,,,False,,70,0,,,
70,78,True,0.535306,0.5353,none,,,False,,70,0,,,
70,14,True,0.368575,0.3686,none,,,False,,70,0,,,
70,31,True,0.938061,0.9381,none,,,False,,70,0,,,
70,97,True,0.589014,0.589,none,,,False,,70,0,,,
70,36,True,0.33821,0.3382,none,,,False,,70,0,,,
70,18,True,0.627779,0.6278,none,,,False,,70,0,,,
70,29,True,0.623023,0.623,none,,,False,,70,0,,,
70,82,True,0.298741,0.2987,none,,,False,,70,0,,,
70,20,True,0.454987,0.455,none,,,False,,70,0,,,
70,77,True,0.290152,0.2902,none,,,False,,70,0,,,
70,98,True,0.177047,0.177,none,,,False,,70,0,,,
70,11,True,0.393298,0.3933,none,,,False,,70,0,,,
70,70,True,0.498939,0.4989,none,,,False,,70,0,,,
70,65,True,0.334789,0.3348,none,,,False,,70,0,,,
70,69,True,0.667301,0.6673,none,,,False,,70,0,,,
70,88,True,0.980539,0.9805,none,,,False,,70,0,,,
70,72,True,0.328839,0.3288,none,,,False,,70,0,,,
70,45,True,0.489656,0.4897,none,,,False,,70,0,,,
70,10,True,0.534074,0.5341,none,,,False,,70,0,,,
70,79,True,0.284365,0.2844,none,,,False,,70,0,,,
70,34,True,0.399275,0.3993,none,,,False,,70,0,,,
70,35,True,0.586633,0.5866,none,,,False,,70,0,,,
70,16,True,0.617605,0.6176,none,,,False,,70,0,,,
70,27,True,0.407975,0.408,none,,,False,,70,0,,,
70,28,True,1.034026,1.034,none,,,False,,70,0,,,
70,68,True,0.604164,0.6042,none,,,False,,70,0,,,
70,42,True,1.22248,1.2225,none,,,False,,70,0,,,
70,17,True,0.604408,0.6044,none,,,False,,70,0,,,
70,4,True,0.362882,0.3629,none,,,False,,70,0,,,
70,66,True,0.420868,0.4209,none,,,False,,70,0,,,
70,33,True,0.400964,0.401,none,,,False,,70,0,,,
70,15,True,0.832999,0.833,none,,,False,,70,0,,,
71,32,True,0.714921,0.7149,none,,,False,,71,0,,,
71,19,True,1.232864,1.2329,none,,,False,,71,0,,,
71,86,True,0.49672,0.4967,none,,,False,,71,0,,,
71,3,True,0.633412,0.6334,none,,,False,,71,0,,,
71,38,True,0.321576,0.3216,none,,,False,,71,0,,,
71,90,True,0.46857,0.4686,none,,,False,,71,0,,,
71,85,True,0.156861,0.1569,none,,,False,,71,0,,,
71,31,True,0.678082,0.6781,none,,,False,,71,0,,,
71,81,True,0.568457,0.5685,none,,,False,,71,0,,,
71,37,True,0.496554,0.4966,none,,,False,,71,0,,,
71,87,True,0.639928,0.6399,none,,,False,,71,0,,,
71,4,True,0.288707,0.2887,none,,,False,,71,0,,,
71,69,True,0.64572,0.6457,none,,,False,,71,0,,,
71,49,True,0.600749,0.6007,none,,,False,,71,0,,,
71,47,True,0.370767,0.3708,none,,,False,,71,0,,,
71,25,True,0.27293,0.2729,none,,,False,,71,0,,,
71,75,True,1.108309,1.1083,none,,,False,,71,0,,,
71,68,True,0.458101,0.4581,none,,,False,,71,0,,,
71,0,True,0.516725,0.5167,none,,,False,,71,0,,,
71,58,True,0.437957,0.438,none,,,False,,71,0,,,
71,67,True,0.589995,0.59,none,,,False,,71,0,,,
71,24,True,0.509248,0.5092,none,,,False,,71,0,,,
71,89,True,0.479282,0.4793,none,,,False,,71,0,,,
71,2,True,0.381572,0.3816,none,,,False,,71,0,,,
71,84,True,1.150761,1.1508,none,,,False,,71,0,,,
71,61,True,0.622827,0.6228,none,,,False,,71,0,,,
71,95,True,0.64171,0.6417,none,,,False,,71,0,,,
71,48,True,0.123657,0.1237,none,,,False,,71,0,,,
71,80,True,1.142037,1.142,none,,,False,,71,0,,,
71,83,True,0.60404,0.604,none,,,False,,71,0,,,
71,78,True,0.516471,0.5165,none,,,False,,71,0,,,
71,23,True,0.439393,0.4394,none,,,False,,71,0,,,
71,13,True,0.366846,0.3668,none,,,False,,71,0,,,
71,60,True,0.240764,0.2408,none,,,False,,71,0,,,
71,46,True,0.310068,0.3101,none,,,False,,71,0,,,
71,35,True,0.574113,0.5741,none,,,False,,71,0,,,
72,91,True,0.745275,0.7453,none,,,False,,72,0,,,
72,78,True,0.500019,0.5,none,,,False,,72,0,,,
72,12,True,0.648903,0.6489,none,,,False,,72,0,,,
72,61,True,0.251948,0.2519,none,,,False,,72,0,,,
72,25,True,0.1248,0.1248,none,,,False,,72,0,,,
72,47,True,0.305372,0.3054,none,,,False,,72,0,,,
72,52,True,0.289548,0.2895,none,,,False,,72,0,,,
72,94,True,0.777628,0.7776,none,,,False,,72,0,,,
72,98,True,0.044314,0.0443,none,,,False,,72,0,,,
72,19,True,1.132138,1.1321,none,,,False,,72,0,,,
72,41,True,0.335163,0.3352,none,,,False,,72,0,,,
72,72,True,0.590915,0.5909,none,,,False,,72,0,,,
72,51,True,0.508177,0.5082,none,,,False,,72,0,,,
72,54,True,0.206594,0.2066,none,,,False,,72,0,,,
72,97,True,0.875697,0.8757,none,,,False,,72,0,,,
72,29,True,0.59225,0.5923,none,,,False,,72,0,,,
72,17,True,0.462354,0.4624,none,,,False,,72,0,,,
72,99,True,0.970565,0.9706,none,,,False,,72,0,,,
72,10,True,0.463812,0.4638,none,,,False,,72,0,,,
72,55,True,0.606363,0.6064,none,,,False,,72,0,,,
72,53,True,0.504307,0.5043,none,,,False,,72,0,,,
72,35,True,0.476886,0.4769,none,,,False,,72,0,,,
72,38,True,0.244468,0.2445,none,,,False,,72,0,,,
72,80,True,0.758764,0.7588,none,,,False,,72,0,,,
72,37,True,0.451173,0.4512,none,,,False,,72,0,,,
72,60,True,0.416887,0.4169,none,,,False,,72,0,,,
72,63,True,0.288587,0.2886,none,,,False,,72,0,,,
72,28,True,1.157919,1.1579,none,,,False,,72,0,,,
72,3,True,0.57695,0.577,none,,,False,,72,0,,,
72,67,True,0.492408,0.4924,none,,,False,,72,0,,,
72,87,True,0.60706,0.6071,none,,,False,,72,0,,,
72,5,True,0.273095,0.2731,none,,,False,,72,0,,,
72,40,True,1.022518,1.0225,none,,,False,,72,0,,,
72,85,True,0.173197,0.1732,none,,,False,,72,0,,,
72,26,True,0.706089,0.7061,none,,,False,,72,0,,,
72,18,True,0.553385,0.5534,none,,,False,,72,0,,,
73,76,True,0.893092,0.8931,none,,,False,,73,0,,,
73,41,True,0.254625,0.2546,none,,,False,,73,0,,,
73,84,True,1.074872,1.0749,none,,,False,,73,0,,,
73,48,True,0.235355,0.2354,none,,,False,,73,0,,,
73,82,True,0.247694,0.2477,none,,,False,,73,0,,,
73,69,True,0.44826,0.4483,none,,,False,,73,0,,,
73,71,True,0.611456,0.6115,none,,,False,,73,0,,,
73,89,True,0.402177,0.4022,none,,,False,,73,0,,,
73,47,True,0.326946,0.3269,none,,,False,,73,0,,,
73,30,True,0.455352,0.4554,none,,,False,,73,0,,,
73,35,True,0.359514,0.3595,none,,,False,,73,0,,,
73,45,True,0.401203,0.4012,none,,,False,,73,0,,,
73,27,True,0.197972,0.198,none,,,False,,73,0,,,
73,17,True,0.475087,0.4751,none,,,False,,73,0,,,
73,39,True,0.838549,0.8385,none,,,False,,73,0,,,
73,3,True,0.630622,0.6306,none,,,False,,73,0,,,
73,34,True,0.686317,0.6863,none,,,False,,73,0,,,
73,37,True,0.346746,0.3467,none,,,False,,73,0,,,
73,67,True,0.516204,0.5162,none,,,False,,73,0,,,
73,58,True,0.393067,0.3931,none,,,False,,73,0,,,
73,38,True,0.313783,0.3138,none,,,False,,73,0,,,
73,26,True,0.528945,0.5289,none,,,False,,73,0,,,
73,75,True,1.123524,1.1235,none,,,False,,73,0,,,
73,97,True,0.595095,0.5951,none,,,False,,73,0,,,
73,8,True,0.394194,0.3942,none,,,False,,73,0,,,
73,94,True,0.873565,0.8736,none,,,False,,73,0,,,
73,64,True,0.388658,0.3887,none,,,False,,73,0,,,
73,55,True,0.564077,0.5641,none,,,False,,73,0,,,
73,92,True,0.27052,0.2705,none,,,False,,73,0,,,
73,51,True,0.630205,0.6302,none,,,False,,73,0,,,
73,78,True,0.49833,0.4983,none,,,False,,73,0,,,
73,7,True,0.353789,0.3538,none,,,False,,73,0,,,
73,12,True,0.584219,0.5842,none,,,False,,73,0,,,
73,0,True,0.553789,0.5538,none,,,False,,73,0,,,
73,66,True,0.442356,0.4424,none,,,False,,73,0,,,
73,90,True,0.524243,0.5242,none,,,False,,73,0,,,
74,98,True,0.206568,0.2066,none,,,False,,74,0,,,
74,28,True,1.045171,1.0452,none,,,False,,74,0,,,
74,59,True,0.320268,0.3203,none,,,False,,74,0,,,
74,21,True,0.495848,0.4958,none,,,False,,74,0,,,
74,91,True,0.791767,0.7918,none,,,False,,74,0,,,
74,3,True,0.606835,0.6068,none,,,False,,74,0,,,
74,79,True,0.305805,0.3058,none,,,False,,74,0,,,
74,8,True,0.368666,0.3687,none,,,False,,74,0,,,
74,26,True,0.480697,0.4807,none,,,False,,74,0,,,
74,30,True,0.356747,0.3567,none,,,False,,74,0,,,
74,72,True,0.475957,0.476,none,,,False,,74,0,,,
74,32,True,0.555404,0.5554,none,,,False,,74,0,,,
74,97,True,0.547763,0.5478,none,,,False,,74,0,,,
74,66,True,0.425786,0.4258,none,,,False,,74,0,,,
74,81,True,0.608482,0.6085,none,,,False,,74,0,,,
74,54,True,0.419418,0.4194,none,,,False,,74,0,,,
74,55,True,0.482552,0.4826,none,,,False,,74,0,,,
74,22,True,0.814377,0.8144,none,,,False,,74,0,,,
74,95,True,0.576999,0.577,none,,,False,,74,0,,,
74,82,True,0.249141,0.2491,none,,,False,,74,0,,,
74,5,True,0.288753,0.2888,none,,,False,,74,0,,,
74,47,True,0.257413,0.2574,none,,,False,,74,0,,,
74,69,True,0.534757,0.5348,none,,,False,,74,0,,,
74,6,True,0.291111,0.2911,none,,,False,,74,0,,,
74,31,True,0.662055,0.6621,none,,,False,,74,0,,,
74,43,True,0.615309,0.6153,none,,,False,,74,0,,,
74,4,True,0.411108,0.4111,none,,,False,,74,0,,,
74,90,True,0.481673,0.4817,none,,,False,,74,0,,,
74,9,True,0.868936,0.8689,none,,,False,,74,0,,,
74,51,True,0.46235,0.4623,none,,,False,,74,0,,,
74,13,True,0.382156,0.3822,none,,,False,,74,0,,,
74,23,True,0.455683,0.4557,none,,,False,,74,0,,,
74,74,True,0.357115,0.3571,none,,,False,,74,0,,,
74,14,True,0.244326,0.2443,none,,,False,,74,0,,,
74,61,True,0.544906,0.5449,none,,,False,,74,0,,,
74,7,True,0.538148,0.5381,none,,,False,,74,0,,,
75,54,True,0.18465,0.1847,none,,,False,,75,0,,,
75,12,True,0.65872,0.6587,none,,,False,,75,0,,,
75,74,True,0.365508,0.3655,none,,,False,,75,0,,,
75,52,True,0.378176,0.3782,none,,,False,,75,0,,,
75,72,True,0.342216,0.3422,none,,,False,,75,0,,,
75,14,True,0.221616,0.2216,none,,,False,,75,0,,,
75,46,True,0.56318,0.5632,none,,,False,,75,0,,,
75,33,True,0.577379,0.5774,none,,,False,,75,0,,,
75,80,True,0.90729,0.9073,none,,,False,,75,0,,,
75,77,True,0.403617,0.4036,none,,,False,,75,0,,,
75,64,True,0.459282,0.4593,none,,,False,,75,0,,,
75,55,True,0.546488,0.5465,none,,,False,,75,0,,,
75,4,True,0.411303,0.4113,none,,,False,,75,0,,,
75,65,True,0.416043,0.416,none,,,False,,75,0,,,
75,7,True,0.402955,0.403,none,,,False,,75,0,,,
75,23,True,0.507696,0.5077,none,,,False,,75,0,,,
75,31,True,0.623392,0.6234,none,,,False,,75,0,,,
75,38,True,0.329583,0.3296,none,,,False,,75,0,,,
75,63,True,0.465236,0.4652,none,,,False,,75,0,,,
75,98,True,0.113933,0.1139,none,,,False,,75,0,,,
75,95,True,0.752838,0.7528,none,,,False,,75,0,,,
75,16,True,0.790188,0.7902,none,,,False,,75,0,,,
75,41,True,0.153715,0.1537,none,,,False,,75,0,,,
75,62,True,0.432324,0.4323,none,,,False,,75,0,,,
75,1,True,1.214903,1.2149,none,,,False,,75,0,,,
75,60,True,0.540349,0.5403,none,,,False,,75,0,,,
75,86,True,0.623026,0.623,none,,,False,,75,0,,,
75,5,True,0.245648,0.2456,none,,,False,,75,0,,,
75,39,True,0.672539,0.6725,none,,,False,,75,0,,,
75,88,True,0.66801,0.668,none,,,False,,75,0,,,
75,29,True,0.806502,0.8065,none,,,False,,75,0,,,
75,47,True,0.304666,0.3047,none,,,False,,75,0,,,
75,42,True,1.426281,1.4263,none,,,False,,75,0,,,
75,28,True,1.067308,1.0673,none,,,False,,75,0,,,
75,2,True,0.483829,0.4838,none,,,False,,75,0,,,
75,97,True,0.551393,0.5514,none,,,False,,75,0,,,
76,65,True,0.465393,0.4654,none,,,False,,76,0,,,
76,18,True,0.455049,0.455,none,,,False,,76,0,,,
76,69,True,0.653118,0.6531,none,,,False,,76,0,,,
76,29,True,0.70055,0.7005,none,,,False,,76,0,,,
76,96,True,0.545471,0.5455,none,,,False,,76,0,,,
76,87,True,0.653266,0.6533,none,,,False,,76,0,,,
76,75,True,1.151553,1.1516,none,,,False,,76,0,,,
76,99,True,1.139795,1.1398,none,,,False,,76,0,,,
76,76,True,1.011086,1.0111,none,,,False,,76,0,,,
76,5,True,0.249896,0.2499,none,,,False,,76,0,,,
76,11,True,0.247559,0.2476,none,,,False,,76,0,,,
76,60,True,0.321714,0.3217,none,,,False,,76,0,,,
76,41,True,0.269284,0.2693,none,,,False,,76,0,,,
76,0,True,0.46935,0.4693,none,,,False,,76,0,,,
76,15,True,0.592739,0.5927,none,,,False,,76,0,,,
76,44,True,0.46272,0.4627,none,,,False,,76,0,,,
76,56,True,0.776481,0.7765,none,,,False,,76,0,,,
76,83,True,0.509157,0.5092,none,,,False,,76,0,,,
76,84,True,1.085687,1.0857,none,,,False,,76,0,,,
76,1,True,0.974125,0.9741,none,,,False,,76,0,,,
76,13,True,0.397786,0.3978,none,,,False,,76,0,,,
76,4,True,0.273975,0.274,none,,,False,,76,0,,,
76,59,True,0.120412,0.1204,none,,,False,,76,0,,,
76,55,True,0.40197,0.402,none,,,False,,76,0,,,
76,42,True,1.257461,1.2575,none,,,False,,76,0,,,
76,68,True,0.683005,0.683,none,,,False,,76,0,,,
76,74,True,0.312726,0.3127,none,,,False,,76,0,,,
76,14,True,0.378175,0.3782,none,,,False,,76,0,,,
76,27,True,0.332281,0.3323,none,,,False,,76,0,,,
76,32,True,0.501057,0.5011,none,,,False,,76,0,,,
76,54,True,0.344801,0.3448,none,,,False,,76,0,,,
76,34,True,0.601312,0.6013,none,,,False,,76,0,,,
76,91,True,0.87379,0.8738,none,,,False,,76,0,,,
76,9,True,0.882168,0.8822,none,,,False,,76,0,,,
76,57,True,0.647889,0.6479,none,,,False,,76,0,,,
76,95,True,0.585787,0.5858,none,,,False,,76,0,,,
77,31,True,0.705565,0.7056,none,,,False,,77,0,,,
77,79,True,0.168115,0.1681,none,,,False,,77,0,,,
77,96,True,0.495488,0.4955,none,,,False,,77,0,,,
77,93,True,0.337644,0.3376,none,,,False,,77,0,,,
77,32,True,0.52184,0.5218,none,,,False,,77,0,,,
77,19,True,1.036517,1.0365,none,,,False,,77,0,,,
77,76,True,0.714077,0.7141,none,,,False,,77,0,,,
77,4,True,0.38556,0.3856,none,,,False,,77,0,,,
77,90,True,0.524447,0.5244,none,,,False,,77,0,,,
77,35,True,0.479887,0.4799,none,,,False,,77,0,,,
77,62,True,0.485322,0.4853,none,,,False,,77,0,,,
77,25,True,0.429706,0.4297,none,,,False,,77,0,,,
77,39,True,0.715765,0.7158,none,,,False,,77,0,,,
77,13,True,0.370216,0.3702,none,,,False,,77,0,,,
77,63,True,0.414711,0.4147,none,,,False,,77,0,,,
77,46,True,0.502394,0.5024,none,,,False,,77,0,,,
77,54,True,0.351988,0.352,none,,,False,,77,0,,,
77,70,True,0.523225,0.5232,none,,,False,,77,0,,,
77,40,True,0.944906,0.9449,none,,,False,,77,0,,,
77,1,True,0.988702,0.9887,none,,,False,,77,0,,,
77,68,True,0.583909,0.5839,none,,,False,,77,0,,,
77,71,True,0.73768,0.7377,none,,,False,,77,0,,,
77,17,True,0.487091,0.4871,none,,,False,,77,0,,,
77,36,True,0.341693,0.3417,none,,,False,,77,0,,,
77,86,True,0.595716,0.5957,none,,,False,,77,0,,,
77,85,True,0.177409,0.1774,none,,,False,,77,0,,,
77,30,True,0.41946,0.4195,none,,,False,,77,0,,,
77,72,True,0.436224,0.4362,none,,,False,,77,0,,,
77,73,True,0.324975,0.325,none,,,False,,77,0,,,
77,50,True,0.548555,0.5486,none,,,False,,77,0,,,
77,12,True,0.581841,0.5818,none,,,False,,77,0,,,
77,33,True,0.45262,0.4526,none,,,False,,77,0,,,
77,95,True,0.703612,0.7036,none,,,False,,77,0,,,
77,6,True,0.558904,0.5589,none,,,False,,77,0,,,
77,58,True,0.369634,0.3696,none,,,False,,77,0,,,
77,60,True,0.482808,0.4828,none,,,False,,77,0,,,
78,79,True,0.3008,0.3008,none,,,False,,78,0,,,
78,86,True,0.471265,0.4713,none,,,False,,78,0,,,
78,6,True,0.491377,0.4914,none,,,False,,78,0,,,
78,66,True,0.36577,0.3658,none,,,False,,78,0,,,
78,35,True,0.521264,0.5213,none,,,False,,78,0,,,
78,92,True,0.189743,0.1897,none,,,False,,78,0,,,
78,58,True,0.45979,0.4598,none,,,False,,78,0,,,
78,99,True,1.001488,1.0015,none,,,False,,78,0,,,
78,40,True,0.915347,0.9153,none,,,False,,78,0,,,
78,59,True,0.274332,0.2743,none,,,False,,78,0,,,
78,12,True,0.586232,0.5862,none,,,False,,78,0,,,
78,31,True,0.677405,0.6774,none,,,False,,78,0,,,
78,14,True,0.364222,0.3642,none,,,False,,78,0,,,
78,17,True,0.548601,0.5486,none,,,False,,78,0,,,
78,61,True,0.416945,0.4169,none,,,False,,78,0,,,
78,83,True,0.490962,0.491,none,,,False,,78,0,,,
78,63,True,0.401683,0.4017,none,,,False,,78,0,,,
78,8,True,0.434235,0.4342,none,,,False,,78,0,,,
78,25,True,0.28316,0.2832,none,,,False,,78,0,,,
78,78,True,0.541001,0.541,none,,,False,,78,0,,,
78,90,True,0.568775,0.5688,none,,,False,,78,0,,,
78,98,True,0.185021,0.185,none,,,False,,78,0,,,
78,76,True,0.895598,0.8956,none,,,False,,78,0,,,
78,91,True,0.49386,0.4939,none,,,False,,78,0,,,
78,26,True,0.581331,0.5813,none,,,False,,78,0,,,
78,49,True,0.729293,0.7293,none,,,False,,78,0,,,
78,71,True,0.760592,0.7606,none,,,False,,78,0,,,
78,38,True,0.381957,0.382,none,,,False,,78,0,,,
78,47,True,0.305865,0.3059,none,,,False,,78,0,,,
78,93,True,0.299174,0.2992,none,,,False,,78,0,,,
78,27,True,0.277195,0.2772,none,,,False,,78,0,,,
78,46,True,0.194115,0.1941,none,,,False,,78,0,,,
78,37,True,0.378401,0.3784,none,,,False,,78,0,,,
78,9,True,0.885342,0.8853,none,,,False,,78,0,,,
78,96,True,0.498787,0.4988,none,,,False,,78,0,,,
78,18,True,0.39545,0.3955,none,,,False,,78,0,,,
79,83,True,0.51333,0.5133,none,,,False,,79,0,,,
79,60,True,0.420094,0.4201,none,,,False,,79,0,,,
79,11,True,0.435715,0.4357,none,,,False,,79,0,,,
79,97,True,0.781964,0.782,none,,,False,,79,0,,,
79,79,True,0.239467,0.2395,none,,,False,,79,0,,,
79,7,True,0.405837,0.4058,none,,,False,,79,0,,,
79,44,True,0.509013,0.509,none,,,False,,79,0,,,
79,94,True,0.788913,0.7889,none,,,False,,79,0,,,
79,8,True,0.351366,0.3514,none,,,False,,79,0,,,
79,91,True,0.393485,0.3935,none,,,False,,79,0,,,
79,88,True,0.664279,0.6643,none,,,False,,79,0,,,
79,25,True,0.302768,0.3028,none,,,False,,79,0,,,
79,67,True,0.535345,0.5353,none,,,False,,79,0,,,
79,74,True,0.441864,0.4419,none,,,False,,79,0,,,
79,59,True,0.363059,0.3631,none,,,False,,79,0,,,
79,51,True,0.38207,0.3821,none,,,False,,79,0,,,
79,42,True,1.363869,1.3639,none,,,False,,79,0,,,
79,18,True,0.369571,0.3696,none,,,False,,79,0,,,
79,10,True,0.33806,0.3381,none,,,False,,79,0,,,
79,26,True,0.730366,0.7304,none,,,False,,79,0,,,
79,93,True,0.093372,0.0934,none,,,False,,79,0,,,
79,75,True,1.207793,1.2078,none,,,False,,79,0,,,
79,4,True,0.416417,0.4164,none,,,False,,79,0,,,
79,14,True,0.236849,0.2368,none,,,False,,79,0,,,
79,43,True,0.497502,0.4975,none,,,False,,79,0,,,
79,0,True,0.673092,0.6731,none,,,False,,79,0,,,
79,57,True,0.5124,0.5124,none,,,False,,79,0,,,
79,61,True,0.431054,0.4311,none,,,False,,79,0,,,
79,13,True,0.256651,0.2567,none,,,False,,79,0,,,
79,49,True,0.638502,0.6385,none,,,False,,79,0,,,
79,23,True,0.543054,0.5431,none,,,False,,79,0,,,
79,54,True,0.383601,0.3836,none,,,False,,79,0,,,
79,27,True,0.215409,0.2154,none,,,False,,79,0,,,
79,52,True,0.267322,0.2673,none,,,False,,79,0,,,
79,34,True,0.704177,0.7042,none,,,False,,79,0,,,
79,24,True,0.473266,0.4733,none,,,False,,79,0,,,
80,15,True,0.581025,0.581,none,,,False,,80,0,,,
80,60,True,0.179262,0.1793,none,,,False,,80,0,,,
80,93,True,0.168465,0.1685,none,,,False,,80,0,,,
80,66,True,0.558082,0.5581,none,,,False,,80,0,,,
80,11,True,0.366877,0.3669,none,,,False,,80,0,,,
80,12,True,0.761911,0.7619,none,,,False,,80,0,,,
80,10,True,0.544804,0.5448,none,,,False,,80,0,,,
80,57,True,0.584233,0.5842,none,,,False,,80,0,,,
80,24,True,0.426586,0.4266,none,,,False,,80,0,,,
80,35,True,0.61981,0.6198,none,,,False,,80,0,,,
80,64,True,0.586129,0.5861,none,,,False,,80,0,,,
80,53,True,0.7251,0.7251,none,,,False,,80,0,,,
80,42,True,1.306851,1.3069,none,,,False,,80,0,,,
80,88,True,0.771475,0.7715,none,,,False,,80,0,,,
80,85,True,0.154262,0.1543,none,,,False,,80,0,,,
80,56,True,0.816837,0.8168,none,,,False,,80,0,,,
80,70,True,0.448144,0.4481,none,,,False,,80,0,,,
80,67,True,0.48085,0.4808,none,,,False,,80,0,,,
80,2,True,0.522091,0.5221,none,,,False,,80,0,,,
80,3,True,0.616003,0.616,none,,,False,,80,0,,,
80,74,True,0.281654,0.2817,none,,,False,,80,0,,,
80,97,True,0.54442,0.5444,none,,,False,,80,0,,,
80,90,True,0.759524,0.7595,none,,,False,,80,0,,,
80,89,True,0.020976,0.021,none,,,False,,80,0,,,
80,52,True,0.442184,0.4422,none,,,False,,80,0,,,
80,38,True,0.305843,0.3058,none,,,False,,80,0,,,
80,21,True,0.620687,0.6207,none,,,False,,80,0,,,
80,50,True,0.407876,0.4079,none,,,False,,80,0,,,
80,33,True,0.390806,0.3908,none,,,False,,80,0,,,
80,39,True,1.060617,1.0606,none,,,False,,80,0,,,
80,86,True,0.541783,0.5418,none,,,False,,80,0,,,
80,95,True,0.731022,0.731,none,,,False,,80,0,,,
80,80,True,0.921314,0.9213,none,,,False,,80,0,,,
80,7,True,0.360523,0.3605,none,,,False,,80,0,,,
80,8,True,0.362697,0.3627,none,,,False,,80,0,,,
80,22,True,0.645603,0.6456,none,,,False,,80,0,,,
81,85,True,0.202272,0.2023,none,,,False,,81,0,,,
81,44,True,0.540353,0.5404,none,,,False,,81,0,,,
81,39,True,0.635859,0.6359,none,,,False,,81,0,,,
81,59,True,0.309326,0.3093,none,,,False,,81,0,,,
81,53,True,0.554458,0.5545,none,,,False,,81,0,,,
81,3,True,0.410262,0.4103,none,,,False,,81,0,,,
81,4,True,0.363344,0.3633,none,,,False,,81,0,,,
81,78,True,0.531943,0.5319,none,,,False,,81,0,,,
81,62,True,0.204318,0.2043,none,,,False,,81,0,,,
81,79,True,0.415152,0.4152,none,,,False,,81,0,,,
81,82,True,0.257801,0.2578,none,,,False,,81,0,,,
81,70,True,0.326134,0.3261,none,,,False,,81,0,,,
81,86,True,0.450402,0.4504,none,,,False,,81,0,,,
81,31,True,0.825558,0.8256,none,,,False,,81,0,,,
81,42,True,1.242715,1.2427,none,,,False,,81,0,,,
81,6,True,0.433644,0.4336,none,,,False,,81,0,,,
81,35,True,0.603245,0.6032,none,,,False,,81,0,,,
81,77,True,0.325712,0.3257,none,,,False,,81,0,,,
81,90,True,0.465595,0.4656,none,,,False,,81,0,,,
81,7,True,0.295874,0.2959,none,,,False,,81,0,,,
81,23,True,0.390582,0.3906,none,,,False,,81,0,,,
81,73,True,0.361743,0.3617,none,,,False,,81,0,,,
81,61,True,0.420716,0.4207,none,,,False,,81,0,,,
81,54,True,0.247505,0.2475,none,,,False,,81,0,,,
81,17,True,0.524967,0.525,none,,,False,,81,0,,,
81,63,True,0.487866,0.4879,none,,,False,,81,0,,,
81,80,True,0.82257,0.8226,none,,,False,,81,0,,,
81,47,True,0.296362,0.2964,none,,,False,,81,0,,,
81,68,True,0.844127,0.8441,none,,,False,,81,0,,,
81,81,True,0.402676,0.4027,none,,,False,,81,0,,,
81,33,True,0.655223,0.6552,none,,,False,,81,0,,,
81,76,True,1.197434,1.1974,none,,,False,,81,0,,,
81,24,True,0.386184,0.3862,none,,,False,,81,0,,,
81,16,True,0.684814,0.6848,none,,,False,,81,0,,,
81,67,True,0.541025,0.541,none,,,False,,81,0,,,
81,92,True,0.435629,0.4356,none,,,False,,81,0,,,
82,93,True,0.328116,0.3281,none,,,False,,82,0,,,
82,28,True,1.188067,1.1881,none,,,False,,82,0,,,
82,89,True,0.303421,0.3034,none,,,False,,82,0,,,
82,50,True,0.528453,0.5285,none,,,False,,82,0,,,
82,70,True,0.351124,0.3511,none,,,False,,82,0,,,
82,20,True,0.415115,0.4151,none,,,False,,82,0,,,
82,74,True,0.290588,0.2906,none,,,False,,82,0,,,
82,65,True,0.516239,0.5162,none,,,False,,82,0,,,
82,10,True,0.5763,0.5763,none,,,False,,82,0,,,
82,36,True,0.301101,0.3011,none,,,False,,82,0,,,
82,45,True,0.489357,0.4894,none,,,False,,82,0,,,
82,12,True,0.736192,0.7362,none,,,False,,82,0,,,
82,54,True,0.196175,0.1962,none,,,False,,82,0,,,
82,98,True,0.091105,0.0911,none,,,False,,82,0,,,
82,55,True,0.610021,0.61,none,,,False,,82,0,,,
82,30,True,0.500037,0.5,none,,,False,,82,0,,,
82,13,True,0.368197,0.3682,none,,,False,,82,0,,,
82,23,True,0.403389,0.4034,none,,,False,,82,0,,,
82,87,True,0.634222,0.6342,none,,,False,,82,0,,,
82,5,True,0.224059,0.2241,none,,,False,,82,0,,,
82,82,True,0.05647,0.0565,none,,,False,,82,0,,,
82,22,True,0.734057,0.7341,none,,,False,,82,0,,,
82,8,True,0.483079,0.4831,none,,,False,,82,0,,,
82,33,True,0.562867,0.5629,none,,,False,,82,0,,,
82,94,True,0.903709,0.9037,none,,,False,,82,0,,,
82,90,True,0.701591,0.7016,none,,,False,,82,0,,,
82,53,True,0.57383,0.5738,none,,,False,,82,0,,,
82,2,True,0.523449,0.5234,none,,,False,,82,0,,,
82,14,True,0.346209,0.3462,none,,,False,,82,0,,,
82,39,True,0.769655,0.7697,none,,,False,,82,0,,,
82,29,True,0.679476,0.6795,none,,,False,,82,0,,,
82,38,True,0.260808,0.2608,none,,,False,,82,0,,,
82,11,True,0.306583,0.3066,none,,,False,,82,0,,,
82,44,True,0.408749,0.4087,none,,,False,,82,0,,,
82,67,True,0.385143,0.3851,none,,,False,,82,0,,,
82,80,True,0.561606,0.5616,none,,,False,,82,0,,,
83,68,True,0.725733,0.7257,none,,,False,,83,0,,,
83,18,True,0.43724,0.4372,none,,,False,,83,0,,,
83,13,True,0.322891,0.3229,none,,,False,,83,0,,,
83,35,True,0.427699,0.4277,none,,,False,,83,0,,,
83,4,True,0.33829,0.3383,none,,,False,,83,0,,,
83,55,True,0.58213,0.5821,none,,,False,,83,0,,,
83,29,True,0.67067,0.6707,none,,,False,,83,0,,,
83,32,True,0.750455,0.7505,none,,,False,,83,0,,,
83,62,True,0.390623,0.3906,none,,,False,,83,0,,,
83,72,True,0.458955,0.459,none,,,False,,83,0,,,
83,33,True,0.475553,0.4756,none,,,False,,83,0,,,
83,21,True,0.455824,0.4558,none,,,False,,83,0,,,
83,93,True,0.215619,0.2156,none,,,False,,83,0,,,
83,52,True,0.165041,0.165,none,,,False,,83,0,,,
83,94,True,0.822941,0.8229,none,,,False,,83,0,,,
83,76,True,1.085,1.085,none,,,False,,83,0,,,
83,99,True,0.960459,0.9605,none,,,False,,83,0,,,
83,97,True,0.6094,0.6094,none,,,False,,83,0,,,
83,75,True,1.256033,1.256,none,,,False,,83,0,,,
83,11,True,0.410558,0.4106,none,,,False,,83,0,,,
83,81,True,0.498543,0.4985,none,,,False,,83,0,,,
83,86,True,0.519431,0.5194,none,,,False,,83,0,,,
83,61,True,0.435134,0.4351,none,,,False,,83,0,,,
83,89,True,0.408211,0.4082,none,,,False,,83,0,,,
83,77,True,0.324288,0.3243,none,,,False,,83,0,,,
83,17,True,0.592173,0.5922,none,,,False,,83,0,,,
83,92,True,0.383366,0.3834,none,,,False,,83,0,,,
83,64,True,0.411119,0.4111,none,,,False,,83,0,,,
83,66,True,0.388659,0.3887,none,,,False,,83,0,,,
83,80,True,0.70787,0.7079,none,,,False,,83,0,,,
83,12,True,0.734434,0.7344,none,,,False,,83,0,,,
83,53,True,0.529798,0.5298,none,,,False,,83,0,,,
83,15,True,0.743338,0.7433,none,,,False,,83,0,,,
83,2,True,0.495367,0.4954,none,,,False,,83,0,,,
83,38,True,0.055806,0.0558,none,,,False,,83,0,,,
83,87,True,0.602625,0.6026,none,,,False,,83,0,,,
84,34,True,0.730001,0.73,none,,,False,,84,0,,,
84,36,True,0.295637,0.2956,none,,,False,,84,0,,,
84,4,True,0.451883,0.4519,none,,,False,,84,0,,,
84,97,True,0.741625,0.7416,none,,,False,,84,0,,,
84,98,True,0.14463,0.1446,none,,,False,,84,0,,,
84,79,True,0.382088,0.3821,none,,,False,,84,0,,,
84,6,True,0.521123,0.5211,none,,,False,,84,0,,,
84,50,True,0.511002,0.511,none,,,False,,84,0,,,
84,84,True,1.172115,1.1721,none,,,False,,84,0,,,
84,53,True,0.47,0.47,none,,,False,,84,0,,,
84,0,True,0.667929,0.6679,none,,,False,,84,0,,,
84,38,True,0.301582,0.3016,none,,,False,,84,0,,,
84,42,True,1.415776,1.4158,none,,,False,,84,0,,,
84,9,True,0.936612,0.9366,none,,,False,,84,0,,,
84,49,True,0.694111,0.6941,none,,,False,,84,0,,,
84,17,True,0.440619,0.4406,none,,,False,,84,0,,,
84,7,True,0.359631,0.3596,none,,,False,,84,0,,,
84,65,True,0.449335,0.4493,none,,,False,,84,0,,,
84,29,True,0.694885,0.6949,none,,,False,,84,0,,,
84,69,True,0.43255,0.4325,none,,,False,,84,0,,,
84,18,True,0.518086,0.5181,none,,,False,,84,0,,,
84,68,True,0.591472,0.5915,none,,,False,,84,0,,,
84,43,True,0.658143,0.6581,none,,,False,,84,0,,,
84,64,True,0.34375,0.3437,none,,,False,,84,0,,,
84,63,True,0.400031,0.4,none,,,False,,84,0,,,
84,39,True,0.571991,0.572,none,,,False,,84,0,,,
84,35,True,0.536254,0.5363,none,,,False,,84,0,,,
84,70,True,0.51194,0.5119,none,,,False,,84,0,,,
84,32,True,0.510897,0.5109,none,,,False,,84,0,,,
84,56,True,0.990211,0.9902,none,,,False,,84,0,,,
84,1,True,0.994376,0.9944,none,,,False,,84,0,,,
84,46,True,0.340719,0.3407,none,,,False,,84,0,,,
84,47,True,0.339614,0.3396,none,,,False,,84,0,,,
84,21,True,0.369636,0.3696,none,,,False,,84,0,,,
84,86,True,0.233225,0.2332,none,,,False,,84,0,,,
84,41,True,0.298869,0.2989,none,,,False,,84,0,,,
85,19,True,1.049084,1.0491,none,,,False,,85,0,,,
85,31,True,0.693233,0.6932,none,,,False,,85,0,,,
85,78,True,0.539438,0.5394,none,,,False,,85,0,,,
85,97,True,0.62303,0.623,none,,,False,,85,0,,,
85,61,True,0.54897,0.549,none,,,False,,85,0,,,
85,4,True,0.24275,0.2427,none,,,False,,85,0,,,
85,24,True,0.475939,0.4759,none,,,False,,85,0,,,
85,1,True,1.033461,1.0335,none,,,False,,85,0,,,
85,66,True,0.395813,0.3958,none,,,False,,85,0,,,
85,64,True,0.374616,0.3746,none,,,False,,85,0,,,
85,26,True,0.456687,0.4567,none,,,False,,85,0,,,
85,93,True,0.288615,0.2886,none,,,False,,85,0,,,
85,69,True,0.610708,0.6107,none,,,False,,85,0,,,
85,79,True,0.316315,0.3163,none,,,False,,85,0,,,
85,88,True,0.681775,0.6818,none,,,False,,85,0,,,
85,34,True,0.584285,0.5843,none,,,False,,85,0,,,
85,96,True,0.548748,0.5487,none,,,False,,85,0,,,
85,99,True,1.064086,1.0641,none,,,False,,85,0,,,
85,72,True,0.392446,0.3924,none,,,False,,85,0,,,
85,82,True,0.27556,0.2756,none,,,False,,85,0,,,
85,17,True,0.531843,0.5318,none,,,False,,85,0,,,
85,98,True,0.108762,0.1088,none,,,False,,85,0,,,
85,35,True,0.552372,0.5524,none,,,False,,85,0,,,
85,7,True,0.409731,0.4097,none,,,False,,85,0,,,
85,62,True,0.377144,0.3771,none,,,False,,85,0,,,
85,53,True,0.620119,0.6201,none,,,False,,85,0,,,
85,37,True,0.478711,0.4787,none,,,False,,85,0,,,
85,52,True,0.432423,0.4324,none,,,False,,85,0,,,
85,54,True,0.338156,0.3382,none,,,False,,85,0,,,
85,59,True,0.447511,0.4475,none,,,False,,85,0,,,
85,12,True,0.613698,0.6137,none,,,False,,85,0,,,
85,68,True,0.523422,0.5234,none,,,False,,85,0,,,
85,3,True,0.660677,0.6607,none,,,False,,85,0,,,
85,71,True,0.799359,0.7994,none,,,False,,85,0,,,
85,84,True,1.13393,1.1339,none,,,False,,85,0,,,
85,75,True,1.159539,1.1595,none,,,False,,85,0,,,
86,37,True,0.426925,0.4269,none,,,False,,86,0,,,
86,74,True,0.496117,0.4961,none,,,False,,86,0,,,
86,56,True,0.829539,0.8295,none,,,False,,86,0,,,
86,98,True,0.092158,0.0922,none,,,False,,86,0,,,
86,97,True,0.646843,0.6468,none,,,False,,86,0,,,
86,55,True,0.629193,0.6292,none,,,False,,86,0,,,
86,53,True,0.447556,0.4476,none,,,False,,86,0,,,
86,49,True,0.62759,0.6276,none,,,False,,86,0,,,
86,10,True,0.445385,0.4454,none,,,False,,86,0,,,
86,85,True,0.188104,0.1881,none,,,False,,86,0,,,
86,34,True,0.57847,0.5785,none,,,False,,86,0,,,
86,92,True,0.304948,0.3049,none,,,False,,86,0,,,
86,78,True,0.631415,0.6314,none,,,False,,86,0,,,
86,11,True,0.420797,0.4208,none,,,False,,86,0,,,
86,15,True,0.808848,0.8088,none,,,False,,86,0,,,
86,35,True,0.473664,0.4737,none,,,False,,86,0,,,
86,36,True,0.363798,0.3638,none,,,False,,86,0,,,
86,61,True,0.54205,0.5421,none,,,False,,86,0,,,
86,33,True,0.580305,0.5803,none,,,False,,86,0,,,
86,76,True,0.788211,0.7882,none,,,False,,86,0,,,
86,68,True,0.518088,0.5181,none,,,False,,86,0,,,
86,45,True,0.431982,0.432,none,,,False,,86,0,,,
86,69,True,0.463032,0.463,none,,,False,,86,0,,,
86,44,True,0.475521,0.4755,none,,,False,,86,0,,,
86,21,True,0.296247,0.2962,none,,,False,,86,0,,,
86,65,True,0.437518,0.4375,none,,,False,,86,0,,,
86,39,True,0.742878,0.7429,none,,,False,,86,0,,,
86,81,True,0.550765,0.5508,none,,,False,,86,0,,,
86,50,True,0.514917,0.5149,none,,,False,,86,0,,,
86,26,True,0.665278,0.6653,none,,,False,,86,0,,,
86,77,True,0.374099,0.3741,none,,,False,,86,0,,,
86,43,True,0.435754,0.4358,none,,,False,,86,0,,,
86,96,True,0.476064,0.4761,none,,,False,,86,0,,,
86,84,True,0.951585,0.9516,none,,,False,,86,0,,,
86,46,True,0.452123,0.4521,none,,,False,,86,0,,,
86,87,True,0.463199,0.4632,none,,,False,,86,0,,,
87,57,True,0.48755,0.4876,none,,,False,,87,0,,,
87,26,True,0.497904,0.4979,none,,,False,,87,0,,,
87,92,True,0.329643,0.3296,none,,,False,,87,0,,,
87,41,True,0.266265,0.2663,none,,,False,,87,0,,,
87,36,True,0.390867,0.3909,none,,,False,,87,0,,,
87,88,True,0.754234,0.7542,none,,,False,,87,0,,,
87,16,True,0.568738,0.5687,none,,,False,,87,0,,,
87,50,True,0.598245,0.5982,none,,,False,,87,0,,,
87,10,True,0.57271,0.5727,none,,,False,,87,0,,,
87,51,True,0.532272,0.5323,none,,,False,,87,0,,,
87,7,True,0.295525,0.2955,none,,,False,,87,0,,,
87,13,True,0.379745,0.3797,none,,,False,,87,0,,,
87,2,True,0.325602,0.3256,none,,,False,,87,0,,,
87,23,True,0.473428,0.4734,none,,,False,,87,0,,,
87,62,True,0.394377,0.3944,none,,,False,,87,0,,,
87,30,True,0.453155,0.4532,none,,,False,,87,0,,,
87,93,True,0.279572,0.2796,none,,,False,,87,0,,,
87,39,True,0.686689,0.6867,none,,,False,,87,0,,,
87,14,True,0.292719,0.2927,none,,,False,,87,0,,,
87,54,True,0.369006,0.369,none,,,False,,87,0,,,
87,95,True,0.643998,0.644,none,,,False,,87,0,,,
87,49,True,0.625872,0.6259,none,,,False,,87,0,,,
87,29,True,0.731103,0.7311,none,,,False,,87,0,,,
87,78,True,0.471602,0.4716,none,,,False,,87,0,,,
87,86,True,0.421092,0.4211,none,,,False,,87,0,,,
87,70,True,0.532221,0.5322,none,,,False,,87,0,,,
87,20,True,0.454904,0.4549,none,,,False,,87,0,,,
87,74,True,0.386801,0.3868,none,,,False,,87,0,,,
87,66,True,0.385542,0.3855,none,,,False,,87,0,,,
87,91,True,0.750132,0.7501,none,,,False,,87,0,,,
87,81,True,0.470553,0.4706,none,,,False,,87,0,,,
87,55,True,0.396358,0.3964,none,,,False,,87,0,,,
87,83,True,0.544466,0.5445,none,,,False,,87,0,,,
87,76,True,0.902079,0.9021,none,,,False,,87,0,,,
87,99,True,0.922032,0.922,none,,,False,,87,0,,,
87,63,True,0.344425,0.3444,none,,,False,,87,0,,,
88,78,True,0.543617,0.5436,none,,,False,,88,0,,,
88,99,True,0.944059,0.9441,none,,,False,,88,0,,,
88,7,True,0.304603,0.3046,none,,,False,,88,0,,,
88,60,True,0.462222,0.4622,none,,,False,,88,0,,,
88,63,True,0.381685,0.3817,none,,,False,,88,0,,,
88,3,True,0.594269,0.5943,none,,,False,,88,0,,,
88,15,True,0.854134,0.8541,none,,,False,,88,0,,,
88,45,True,0.351861,0.3519,none,,,False,,88,0,,,
88,94,True,0.948833,0.9488,none,,,False,,88,0,,,
88,84,True,1.354744,1.3547,none,,,False,,88,0,,,
88,35,True,0.579964,0.58,none,,,False,,88,0,,,
88,92,True,0.386077,0.3861,none,,,False,,88,0,,,
88,30,True,0.509206,0.5092,none,,,False,,88,0,,,
88,62,True,0.477853,0.4779,none,,,False,,88,0,,,
88,48,True,0.210707,0.2107,none,,,False,,88,0,,,
88,12,True,0.661774,0.6618,none,,,False,,88,0,,,
88,80,True,0.899622,0.8996,none,,,False,,88,0,,,
88,95,True,0.520125,0.5201,none,,,False,,88,0,,,
88,55,True,0.490538,0.4905,none,,,False,,88,0,,,
88,70,True,0.328556,0.3286,none,,,False,,88,0,,,
88,43,True,0.687125,0.6871,none,,,False,,88,0,,,
88,96,True,0.417957,0.418,none,,,False,,88,0,,,
88,28,True,1.3004,1.3004,none,,,False,,88,0,,,
88,61,True,0.303395,0.3034,none,,,False,,88,0,,,
88,77,True,0.41531,0.4153,none,,,False,,88,0,,,
88,64,True,0.377354,0.3774,none,,,False,,88,0,,,
88,19,True,1.172238,1.1722,none,,,False,,88,0,,,
88,25,True,0.497209,0.4972,none,,,False,,88,0,,,
88,50,True,0.605019,0.605,none,,,False,,88,0,,,
88,76,True,0.931706,0.9317,none,,,False,,88,0,,,
88,74,True,0.362341,0.3623,none,,,False,,88,0,,,
88,81,True,0.340935,0.3409,none,,,False,,88,0,,,
88,27,True,0.464254,0.4643,none,,,False,,88,0,,,
88,66,True,0.183272,0.1833,none,,,False,,88,0,,,
88,18,True,0.45653,0.4565,none,,,False,,88,0,,,
88,46,True,0.691992,0.692,none,,,False,,88,0,,,
89,9,True,0.808245,0.8082,none,,,False,,89,0,,,
89,43,True,0.63828,0.6383,none,,,False,,89,0,,,
89,4,True,0.447068,0.4471,none,,,False,,89,0,,,
89,30,True,0.443961,0.444,none,,,False,,89,0,,,
89,87,True,0.709738,0.7097,none,,,False,,89,0,,,
89,98,True,0.190692,0.1907,none,,,False,,89,0,,,
89,23,True,0.509245,0.5092,none,,,False,,89,0,,,
89,78,True,0.506348,0.5063,none,,,False,,89,0,,,
89,28,True,0.971667,0.9717,none,,,False,,89,0,,,
89,95,True,0.769925,0.7699,none,,,False,,89,0,,,
89,94,True,0.880843,0.8808,none,,,False,,89,0,,,
89,18,True,0.409172,0.4092,none,,,False,,89,0,,,
89,64,True,0.40091,0.4009,none,,,False,,89,0,,,
89,44,True,0.443308,0.4433,none,,,False,,89,0,,,
89,88,True,0.888475,0.8885,none,,,False,,89,0,,,
89,97,True,0.758372,0.7584,none,,,False,,89,0,,,
89,62,True,0.381299,0.3813,none,,,False,,89,0,,,
89,77,True,0.279555,0.2796,none,,,False,,89,0,,,
89,50,True,0.553267,0.5533,none,,,False,,89,0,,,
89,67,True,0.381588,0.3816,none,,,False,,89,0,,,
89,59,True,0.545778,0.5458,none,,,False,,89,0,,,
89,8,True,0.436852,0.4369,none,,,False,,89,0,,,
89,1,True,1.031052,1.0311,none,,,False,,89,0,,,
89,52,True,0.308002,0.308,none,,,False,,89,0,,,
89,7,True,0.391267,0.3913,none,,,False,,89,0,,,
89,81,True,0.415691,0.4157,none,,,False,,89,0,,,
89,47,True,0.259877,0.2599,none,,,False,,89,0,,,
89,61,True,0.295678,0.2957,none,,,False,,89,0,,,
89,93,True,0.197782,0.1978,none,,,False,,89,0,,,
89,21,True,0.493094,0.4931,none,,,False,,89,0,,,
89,55,True,0.517547,0.5175,none,,,False,,89,0,,,
89,25,True,0.283912,0.2839,none,,,False,,89,0,,,
89,29,True,0.551321,0.5513,none,,,False,,89,0,,,
89,69,True,0.723457,0.7235,none,,,False,,89,0,,,
89,89,True,0.347194,0.3472,none,,,False,,89,0,,,
89,84,True,1.044819,1.0448,none,,,False,,89,0,,,
90,47,True,0.300325,0.3003,none,,,False,,90,0,,,
90,63,True,0.377074,0.3771,none,,,False,,90,0,,,
90,40,True,0.866129,0.8661,none,,,False,,90,0,,,
90,65,True,0.387658,0.3877,none,,,False,,90,0,,,
90,25,True,0.266232,0.2662,none,,,False,,90,0,,,
90,62,True,0.375598,0.3756,none,,,False,,90,0,,,
90,37,True,0.406173,0.4062,none,,,False,,90,0,,,
90,61,True,0.397025,0.397,none,,,False,,90,0,,,
90,3,True,0.538215,0.5382,none,,,False,,90,0,,,
90,72,True,0.523389,0.5234,none,,,False,,90,0,,,
90,66,True,0.420514,0.4205,none,,,False,,90,0,,,
90,89,True,0.304266,0.3043,none,,,False,,90,0,,,
90,68,True,0.746401,0.7464,none,,,False,,90,0,,,
90,9,True,0.76541,0.7654,none,,,False,,90,0,,,
90,60,True,0.230371,0.2304,none,,,False,,90,0,,,
90,92,True,0.387163,0.3872,none,,,False,,90,0,,,
90,10,True,0.43819,0.4382,none,,,False,,90,0,,,
90,75,True,1.300712,1.3007,none,,,False,,90,0,,,
90,83,True,0.433821,0.4338,none,,,False,,90,0,,,
90,8,True,0.457112,0.4571,none,,,False,,90,0,,,
90,57,True,0.528341,0.5283,none,,,False,,90,0,,,
90,55,True,0.464526,0.4645,none,,,False,,90,0,,,
90,48,True,0.180587,0.1806,none,,,False,,90,0,,,
90,54,True,0.206218,0.2062,none,,,False,,90,0,,,
90,2,True,0.495722,0.4957,none,,,False,,90,0,,,
90,56,True,0.79523,0.7952,none,,,False,,90,0,,,
90,45,True,0.442261,0.4423,none,,,False,,90,0,,,
90,44,True,0.453396,0.4534,none,,,False,,90,0,,,
90,18,True,0.425307,0.4253,none,,,False,,90,0,,,
90,64,True,0.288363,0.2884,none,,,False,,90,0,,,
90,27,True,0.151056,0.1511,none,,,False,,90,0,,,
90,42,True,1.514106,1.5141,none,,,False,,90,0,,,
90,86,True,0.467373,0.4674,none,,,False,,90,0,,,
90,96,True,0.441728,0.4417,none,,,False,,90,0,,,
90,94,True,0.754494,0.7545,none,,,False,,90,0,,,
90,35,True,0.478394,0.4784,none,,,False,,90,0,,,
91,4,True,0.357963,0.358,none,,,False,,91,0,,,
91,88,True,0.74836,0.7484,none,,,False,,91,0,,,
91,66,True,0.389198,0.3892,none,,,False,,91,0,,,
91,35,True,0.554772,0.5548,none,,,False,,91,0,,,
91,27,True,0.288377,0.2884,none,,,False,,91,0,,,
91,15,True,0.678792,0.6788,none,,,False,,91,0,,,
91,38,True,0.242249,0.2422,none,,,False,,91,0,,,
91,74,True,0.258928,0.2589,none,,,False,,91,0,,,
91,87,True,0.681745,0.6817,none,,,False,,91,0,,,
91,44,True,0.436407,0.4364,none,,,False,,91,0,,,
91,11,True,0.336855,0.3369,none,,,False,,91,0,,,
91,16,True,0.511265,0.5113,none,,,False,,91,0,,,
91,72,True,0.476831,0.4768,none,,,False,,91,0,,,
91,71,True,0.868789,0.8688,none,,,False,,91,0,,,
91,62,True,0.271147,0.2711,none,,,False,,91,0,,,
91,52,True,0.38078,0.3808,none,,,False,,91,0,,,
91,54,True,0.321499,0.3215,none,,,False,,91,0,,,
91,49,True,0.777974,0.778,none,,,False,,91,0,,,
91,39,True,0.879421,0.8794,none,,,False,,91,0,,,
91,70,True,0.36052,0.3605,none,,,False,,91,0,,,
91,3,True,0.49789,0.4979,none,,,False,,91,0,,,
91,7,True,0.244974,0.245,none,,,False,,91,0,,,
91,6,True,0.433492,0.4335,none,,,False,,91,0,,,
91,28,True,1.153615,1.1536,none,,,False,,91,0,,,
91,82,True,0.138617,0.1386,none,,,False,,91,0,,,
91,1,True,1.337795,1.3378,none,,,False,,91,0,,,
91,41,True,0.150303,0.1503,none,,,False,,91,0,,,
91,91,True,0.75489,0.7549,none,,,False,,91,0,,,
91,19,True,1.332932,1.3329,none,,,False,,91,0,,,
91,47,True,0.335302,0.3353,none,,,False,,91,0,,,
91,61,True,0.421266,0.4213,none,,,False,,91,0,,,
91,98,True,0.113335,0.1133,none,,,False,,91,0,,,
91,83,True,0.443003,0.443,none,,,False,,91,0,,,
91,80,True,0.810455,0.8105,none,,,False,,91,0,,,
91,56,True,0.576524,0.5765,none,,,False,,91,0,,,
91,64,True,0.491018,0.491,none,,,False,,91,0,,,
92,12,True,0.701422,0.7014,none,,,False,,92,0,,,
92,11,True,0.383179,0.3832,none,,,False,,92,0,,,
92,89,True,0.419668,0.4197,none,,,False,,92,0,,,
92,73,True,0.383743,0.3837,none,,,False,,92,0,,,
92,37,True,0.555726,0.5557,none,,,False,,92,0,,,
92,23,True,0.193448,0.1934,none,,,False,,92,0,,,
92,38,True,0.373519,0.3735,none,,,False,,92,0,,,
92,32,True,0.606998,0.607,none,,,False,,92,0,,,
92,74,True,0.467867,0.4679,none,,,False,,92,0,,,
92,87,True,0.51247,0.5125,none,,,False,,92,0,,,
92,69,True,0.571111,0.5711,none,,,False,,92,0,,,
92,77,True,0.342766,0.3428,none,,,False,,92,0,,,
92,30,True,0.467907,0.4679,none,,,False,,92,0,,,
92,31,True,0.650987,0.651,none,,,False,,92,0,,,
92,46,True,0.584105,0.5841,none,,,False,,92,0,,,
92,95,True,0.796686,0.7967,none,,,False,,92,0,,,
92,59,True,0.188674,0.1887,none,,,False,,92,0,,,
92,98,True,0.149406,0.1494,none,,,False,,92,0,,,
92,58,True,0.374605,0.3746,none,,,False,,92,0,,,
92,79,True,0.394901,0.3949,none,,,False,,92,0,,,
92,48,True,0.004036,0.004,none,,,False,,92,0,,,
92,49,True,0.641155,0.6412,none,,,False,,92,0,,,
92,28,True,0.946521,0.9465,none,,,False,,92,0,,,
92,55,True,0.646955,0.647,none,,,False,,92,0,,,
92,82,True,0.222045,0.222,none,,,False,,92,0,,,
92,9,True,0.629868,0.6299,none,,,False,,92,0,,,
92,44,True,0.454054,0.4541,none,,,False,,92,0,,,
92,51,True,0.626531,0.6265,none,,,False,,92,0,,,
92,33,True,0.492607,0.4926,none,,,False,,92,0,,,
92,6,True,0.624084,0.6241,none,,,False,,92,0,,,
92,86,True,0.516711,0.5167,none,,,False,,92,0,,,
92,47,True,0.247669,0.2477,none,,,False,,92,0,,,
92,78,True,0.707714,0.7077,none,,,False,,92,0,,,
92,75,True,1.24959,1.2496,none,,,False,,92,0,,,
92,76,True,0.94709,0.9471,none,,,False,,92,0,,,
92,67,True,0.362682,0.3627,none,,,False,,92,0,,,
93,86,True,0.393891,0.3939,none,,,False,,93,0,,,
93,35,True,0.546753,0.5468,none,,,False,,93,0,,,
93,64,True,0.335534,0.3355,none,,,False,,93,0,,,
93,58,True,0.490371,0.4904,none,,,False,,93,0,,,
93,63,True,0.292189,0.2922,none,,,False,,93,0,,,
93,70,True,0.52689,0.5269,none,,,False,,93,0,,,
93,77,True,0.375895,0.3759,none,,,False,,93,0,,,
93,9,True,0.656635,0.6566,none,,,False,,93,0,,,
93,69,True,0.511792,0.5118,none,,,False,,93,0,,,
93,48,True,0.218351,0.2184,none,,,False,,93,0,,,
93,5,True,0.292614,0.2926,none,,,False,,93,0,,,
93,2,True,0.525127,0.5251,none,,,False,,93,0,,,
93,16,True,0.419758,0.4198,none,,,False,,93,0,,,
93,8,True,0.36554,0.3655,none,,,False,,93,0,,,
93,90,True,0.590667,0.5907,none,,,False,,93,0,,,
93,53,True,0.486159,0.4862,none,,,False,,93,0,,,
93,36,True,0.396784,0.3968,none,,,False,,93,0,,,
93,75,True,1.251948,1.2519,none,,,False,,93,0,,,
93,22,True,0.634503,0.6345,none,,,False,,93,0,,,
93,95,True,0.596794,0.5968,none,,,False,,93,0,,,
93,29,True,0.702072,0.7021,none,,,False,,93,0,,,
93,10,True,0.321833,0.3218,none,,,False,,93,0,,,
93,61,True,0.388225,0.3882,none,,,False,,93,0,,,
93,12,True,0.536539,0.5365,none,,,False,,93,0,,,
93,40,True,0.842337,0.8423,none,,,False,,93,0,,,
93,59,True,0.338976,0.339,none,,,False,,93,0,,,
93,83,True,0.535536,0.5355,none,,,False,,93,0,,,
93,3,True,0.608492,0.6085,none,,,False,,93,0,,,
93,50,True,0.539625,0.5396,none,,,False,,93,0,,,
93,60,True,0.284089,0.2841,none,,,False,,93,0,,,
93,33,True,0.33964,0.3396,none,,,False,,93,0,,,
93,81,True,0.479967,0.48,none,,,False,,93,0,,,
93,57,True,0.482609,0.4826,none,,,False,,93,0,,,
93,46,True,0.359227,0.3592,none,,,False,,93,0,,,
93,74,True,0.390685,0.3907,none,,,False,,93,0,,,
93,4,True,0.425271,0.4253,none,,,False,,93,0,,,
94,63,True,0.266218,0.2662,none,,,False,,94,0,,,
94,66,True,0.300645,0.3006,none,,,False,,94,0,,,
94,18,True,0.621268,0.6213,none,,,False,,94,0,,,
94,56,True,0.665197,0.6652,none,,,False,,94,0,,,
94,38,True,0.116211,0.1162,none,,,False,,94,0,,,
94,78,True,0.456016,0.456,none,,,False,,94,0,,,
94,10,True,0.548834,0.5488,none,,,False,,94,0,,,
94,77,True,0.289514,0.2895,none,,,False,,94,0,,,
94,90,True,0.546909,0.5469,none,,,False,,94,0,,,
94,35,True,0.580883,0.5809,none,,,False,,94,0,,,
94,71,True,0.964802,0.9648,none,,,False,,94,0,,,
94,37,True,0.541266,0.5413,none,,,False,,94,0,,,
94,81,True,0.383075,0.3831,none,,,False,,94,0,,,
94,72,True,0.540646,0.5406,none,,,False,,94,0,,,
94,30,True,0.575215,0.5752,none,,,False,,94,0,,,
94,83,True,0.356343,0.3563,none,,,False,,94,0,,,
94,91,True,0.870984,0.871,none,,,False,,94,0,,,
94,36,True,0.391611,0.3916,none,,,False,,94,0,,,
94,82,True,0.230327,0.2303,none,,,False,,94,0,,,
94,41,True,0.24316,0.2432,none,,,False,,94,0,,,
94,70,True,0.286871,0.2869,none,,,False,,94,0,,,
94,48,True,0.203795,0.2038,none,,,False,,94,0,,,
94,6,True,0.233605,0.2336,none,,,False,,94,0,,,
94,68,True,0.771479,0.7715,none,,,False,,94,0,,,
94,76,True,1.034546,1.0345,none,,,False,,94,0,,,
94,80,True,0.791276,0.7913,none,,,False,,94,0,,,
94,73,True,0.36731,0.3673,none,,,False,,94,0,,,
94,12,True,0.707723,0.7077,none,,,False,,94,0,,,
94,49,True,0.739243,0.7392,none,,,False,,94,0,,,
94,22,True,0.783673,0.7837,none,,,False,,94,0,,,
94,31,True,0.801921,0.8019,none,,,False,,94,0,,,
94,43,True,0.597503,0.5975,none,,,False,,94,0,,,
94,95,True,0.54764,0.5476,none,,,False,,94,0,,,
94,87,True,0.733336,0.7333,none,,,False,,94,0,,,
94,54,True,0.342317,0.3423,none,,,False,,94,0,,,
94,52,True,0.330417,0.3304,none,,,False,,94,0,,,
95,81,True,0.480626,0.4806,none,,,False,,95,0,,,
95,67,True,0.596547,0.5965,none,,,False,,95,0,,,
95,0,True,0.63923,0.6392,none,,,False,,95,0,,,
95,71,True,0.565908,0.5659,none,,,False,,95,0,,,
95,69,True,0.433975,0.434,none,,,False,,95,0,,,
95,47,True,0.34605,0.346,none,,,False,,95,0,,,
95,39,True,0.763626,0.7636,none,,,False,,95,0,,,
95,44,True,0.500586,0.5006,none,,,False,,95,0,,,
95,84,True,1.104035,1.104,none,,,False,,95,0,,,
95,80,True,1.001283,1.0013,none,,,False,,95,0,,,
95,9,True,0.545366,0.5454,none,,,False,,95,0,,,
95,20,True,0.463896,0.4639,none,,,False,,95,0,,,
95,63,True,0.428368,0.4284,none,,,False,,95,0,,,
95,3,True,0.43941,0.4394,none,,,False,,95,0,,,
95,29,True,0.651676,0.6517,none,,,False,,95,0,,,
95,49,True,0.588918,0.5889,none,,,False,,95,0,,,
95,41,True,0.232787,0.2328,none,,,False,,95,0,,,
95,97,True,0.695696,0.6957,none,,,False,,95,0,,,
95,15,True,0.663395,0.6634,none,,,False,,95,0,,,
95,48,True,0.249847,0.2498,none,,,False,,95,0,,,
95,83,True,0.509709,0.5097,none,,,False,,95,0,,,
95,50,True,0.649457,0.6495,none,,,False,,95,0,,,
95,14,True,0.221612,0.2216,none,,,False,,95,0,,,
95,88,True,0.563378,0.5634,none,,,False,,95,0,,,
95,59,True,0.336942,0.3369,none,,,False,,95,0,,,
95,18,True,0.449613,0.4496,none,,,False,,95,0,,,
95,87,True,0.481635,0.4816,none,,,False,,95,0,,,
95,19,True,1.147415,1.1474,none,,,False,,95,0,,,
95,70,True,0.452359,0.4524,none,,,False,,95,0,,,
95,91,True,0.672021,0.672,none,,,False,,95,0,,,
95,2,True,0.350533,0.3505,none,,,False,,95,0,,,
95,43,True,0.435585,0.4356,none,,,False,,95,0,,,
95,37,True,0.444342,0.4443,none,,,False,,95,0,,,
95,30,True,0.532806,0.5328,none,,,False,,95,0,,,
95,93,True,0.136516,0.1365,none,,,False,,95,0,,,
95,7,True,0.421563,0.4216,none,,,False,,95,0,,,
96,76,True,0.874428,0.8744,none,,,False,,96,0,,,
96,14,True,0.310577,0.3106,none,,,False,,96,0,,,
96,31,True,0.62767,0.6277,none,,,False,,96,0,,,
96,95,True,0.778235,0.7782,none,,,False,,96,0,,,
96,51,True,0.572552,0.5726,none,,,False,,96,0,,,
96,77,True,0.423355,0.4234,none,,,False,,96,0,,,
96,55,True,0.533681,0.5337,none,,,False,,96,0,,,
96,42,True,1.469645,1.4696,none,,,False,,96,0,,,
96,66,True,0.424274,0.4243,none,,,False,,96,0,,,
96,59,True,0.372578,0.3726,none,,,False,,96,0,,,
96,2,True,0.442868,0.4429,none,,,False,,96,0,,,
96,63,True,0.440166,0.4402,none,,,False,,96,0,,,
96,43,True,0.451391,0.4514,none,,,False,,96,0,,,
96,41,True,0.184291,0.1843,none,,,False,,96,0,,,
96,11,True,0.415854,0.4159,none,,,False,,96,0,,,
96,35,True,0.558809,0.5588,none,,,False,,96,0,,,
96,16,True,0.854672,0.8547,none,,,False,,96,0,,,
96,84,True,1.212301,1.2123,none,,,False,,96,0,,,
96,9,True,0.702271,0.7023,none,,,False,,96,0,,,
96,33,True,0.362496,0.3625,none,,,False,,96,0,,,
96,10,True,0.653565,0.6536,none,,,False,,96,0,,,
96,86,True,0.558104,0.5581,none,,,False,,96,0,,,
96,85,True,0.184117,0.1841,none,,,False,,96,0,,,
96,75,True,1.167504,1.1675,none,,,False,,96,0,,,
96,1,True,1.075254,1.0753,none,,,False,,96,0,,,
96,3,True,0.484117,0.4841,none,,,False,,96,0,,,
96,88,True,0.702547,0.7025,none,,,False,,96,0,,,
96,47,True,0.29292,0.2929,none,,,False,,96,0,,,
96,25,True,0.487784,0.4878,none,,,False,,96,0,,,
96,97,True,0.640127,0.6401,none,,,False,,96,0,,,
96,92,True,0.356027,0.356,none,,,False,,96,0,,,
96,46,True,0.496314,0.4963,none,,,False,,96,0,,,
96,56,True,0.974111,0.9741,none,,,False,,96,0,,,
96,98,True,0.182103,0.1821,none,,,False,,96,0,,,
96,96,True,0.499494,0.4995,none,,,False,,96,0,,,
96,49,True,0.624659,0.6247,none,,,False,,96,0,,,
97,47,True,0.32781,0.3278,none,,,False,,97,0,,,
97,71,True,0.734653,0.7347,none,,,False,,97,0,,,
97,82,True,0.298667,0.2987,none,,,False,,97,0,,,
97,58,True,0.463508,0.4635,none,,,False,,97,0,,,
97,88,True,0.662227,0.6622,none,,,False,,97,0,,,
97,73,True,0.31604,0.316,none,,,False,,97,0,,,
97,2,True,0.327697,0.3277,none,,,False,,97,0,,,
97,80,True,1.009998,1.01,none,,,False,,97,0,,,
97,29,True,0.744562,0.7446,none,,,False,,97,0,,,
97,70,True,0.461639,0.4616,none,,,False,,97,0,,,
97,48,True,0.260413,0.2604,none,,,False,,97,0,,,
97,19,True,1.086175,1.0862,none,,,False,,97,0,,,
97,96,True,0.631413,0.6314,none,,,False,,97,0,,,
97,33,True,0.462776,0.4628,none,,,False,,97,0,,,
97,51,True,0.541103,0.5411,none,,,False,,97,0,,,
97,74,True,0.302913,0.3029,none,,,False,,97,0,,,
97,44,True,0.502029,0.502,none,,,False,,97,0,,,
97,36,True,0.379308,0.3793,none,,,False,,97,0,,,
97,67,True,0.571517,0.5715,none,,,False,,97,0,,,
97,95,True,0.561848,0.5618,none,,,False,,97,0,,,
97,90,True,0.549792,0.5498,none,,,False,,97,0,,,
97,53,True,0.533895,0.5339,none,,,False,,97,0,,,
97,72,True,0.400645,0.4006,none,,,False,,97,0,,,
97,35,True,0.665555,0.6656,none,,,False,,97,0,,,
97,54,True,0.421275,0.4213,none,,,False,,97,0,,,
97,49,True,0.667076,0.6671,none,,,False,,97,0,,,
97,21,True,0.506803,0.5068,none,,,False,,97,0,,,
97,65,True,0.399375,0.3994,none,,,False,,97,0,,,
97,37,True,0.571503,0.5715,none,,,False,,97,0,,,
97,66,True,0.422234,0.4222,none,,,False,,97,0,,,
97,77,True,0.450711,0.4507,none,,,False,,97,0,,,
97,13,True,0.389977,0.39,none,,,False,,97,0,,,
97,79,True,0.237022,0.237,none,,,False,,97,0,,,
97,30,True,0.520111,0.5201,none,,,False,,97,0,,,
97,76,True,0.985157,0.9852,none,,,False,,97,0,,,
97,63,True,0.41694,0.4169,none,,,False,,97,0,,,
98,11,True,0.478745,0.4787,none,,,False,,98,0,,,
98,52,True,0.302856,0.3029,none,,,False,,98,0,,,
98,92,True,0.300954,0.301,none,,,False,,98,0,,,
98,56,True,1.121113,1.1211,none,,,False,,98,0,,,
98,30,True,0.43741,0.4374,none,,,False,,98,0,,,
98,66,True,0.394633,0.3946,none,,,False,,98,0,,,
98,84,True,1.137031,1.137,none,,,False,,98,0,,,
98,91,True,0.560696,0.5607,none,,,False,,98,0,,,
98,70,True,0.391607,0.3916,none,,,False,,98,0,,,
98,20,True,0.399982,0.4,none,,,False,,98,0,,,
98,47,True,0.23451,0.2345,none,,,False,,98,0,,,
98,74,True,0.52648,0.5265,none,,,False,,98,0,,,
98,25,True,0.334937,0.3349,none,,,False,,98,0,,,
98,10,True,0.477884,0.4779,none,,,False,,98,0,,,
98,40,True,1.152909,1.1529,none,,,False,,98,0,,,
98,55,True,0.679787,0.6798,none,,,False,,98,0,,,
98,4,True,0.419314,0.4193,none,,,False,,98,0,,,
98,78,True,0.610147,0.6101,none,,,False,,98,0,,,
98,62,True,0.419661,0.4197,none,,,False,,98,0,,,
98,2,True,0.566009,0.566,none,,,False,,98,0,,,
98,61,True,0.462527,0.4625,none,,,False,,98,0,,,
98,13,True,0.301323,0.3013,none,,,False,,98,0,,,
98,59,True,0.418897,0.4189,none,,,False,,98,0,,,
98,65,True,0.560118,0.5601,none,,,False,,98,0,,,
98,29,True,0.635856,0.6359,none,,,False,,98,0,,,
98,80,True,0.82449,0.8245,none,,,False,,98,0,,,
98,33,True,0.444918,0.4449,none,,,False,,98,0,,,
98,68,True,0.599701,0.5997,none,,,False,,98,0,,,
98,86,True,0.450407,0.4504,none,,,False,,98,0,,,
98,87,True,0.558427,0.5584,none,,,False,,98,0,,,
98,37,True,0.283828,0.2838,none,,,False,,98,0,,,
98,75,True,1.245722,1.2457,none,,,False,,98,0,,,
98,63,True,0.384229,0.3842,none,,,False,,98,0,,,
98,77,True,0.330395,0.3304,none,,,False,,98,0,,,
98,21,True,0.369494,0.3695,none,,,False,,98,0,,,
98,96,True,0.400528,0.4005,none,,,False,,98,0,,,
99,78,True,0.386188,0.3862,none,,,False,,99,0,,,
99,28,True,1.12179,1.1218,none,,,False,,99,0,,,
99,92,True,0.357403,0.3574,none,,,False,,99,0,,,
99,10,True,0.474402,0.4744,none,,,False,,99,0,,,
99,39,True,0.832384,0.8324,none,,,False,,99,0,,,
99,83,True,0.476302,0.4763,none,,,False,,99,0,,,
99,15,True,0.747343,0.7473,none,,,False,,99,0,,,
99,44,True,0.443568,0.4436,none,,,False,,99,0,,,
99,48,True,0.060492,0.0605,none,,,False,,99,0,,,
99,46,True,0.599221,0.5992,none,,,False,,99,0,,,
99,4,True,0.320035,0.32,none,,,False,,99,0,,,
99,42,True,1.39214,1.3921,none,,,False,,99,0,,,
99,67,True,0.475331,0.4753,none,,,False,,99,0,,,
99,57,True,0.629367,0.6294,none,,,False,,99,0,,,
99,29,True,0.653555,0.6536,none,,,False,,99,0,,,
99,45,True,0.445736,0.4457,none,,,False,,99,0,,,
99,70,True,0.473295,0.4733,none,,,False,,99,0,,,
99,75,True,1.154704,1.1547,none,,,False,,99,0,,,
99,88,True,0.882001,0.882,none,,,False,,99,0,,,
99,5,True,0.262294,0.2623,none,,,False,,99,0,,,
99,36,True,0.386516,0.3865,none,,,False,,99,0,,,
99,23,True,0.529131,0.5291,none,,,False,,99,0,,,
99,73,True,0.330285,0.3303,none,,,False,,99,0,,,
99,93,True,0.263451,0.2635,none,,,False,,99,0,,,
99,98,True,0.104534,0.1045,none,,,False,,99,0,,,
99,80,True,0.812373,0.8124,none,,,False,,99,0,,,
99,35,True,0.549544,0.5495,none,,,False,,99,0,,,
99,24,True,0.292699,0.2927,none,,,False,,99,0,,,
99,53,True,0.589614,0.5896,none,,,False,,99,0,,,
99,56,True,0.692825,0.6928,none,,,False,,99,0,,,
99,32,True,0.709021,0.709,none,,,False,,99,0,,,
99,71,True,0.843503,0.8435,none,,,False,,99,0,,,
99,25,True,0.35224,0.3522,none,,,False,,99,0,,,
99,90,True,0.559358,0.5594,none,,,False,,99,0,,,
99,81,True,0.384417,0.3844,none,,,False,,99,0,,,
99,14,True,0.339346,0.3393,none,,,False,,99,0,,,
100,24,True,0.476131,0.4761,none,,,False,,100,0,,,
100,1,True,1.177685,1.1777,none,,,False,,100,0,,,
100,55,True,0.542357,0.5424,none,,,False,,100,0,,,
100,82,True,0.161016,0.161,none,,,False,,100,0,,,
100,81,True,0.274891,0.2749,none,,,False,,100,0,,,
100,88,True,0.844911,0.8449,none,,,False,,100,0,,,
100,86,True,0.458377,0.4584,none,,,False,,100,0,,,
100,22,True,0.684642,0.6846,none,,,False,,100,0,,,
100,75,True,1.158765,1.1588,none,,,False,,100,0,,,
100,0,True,0.480458,0.4805,none,,,False,,100,0,,,
100,92,True,0.302344,0.3023,none,,,False,,100,0,,,
100,62,True,0.425529,0.4255,none,,,False,,100,0,,,
100,99,True,0.972073,0.9721,none,,,False,,100,0,,,
100,31,True,0.788362,0.7884,none,,,False,,100,0,,,
100,8,True,0.290393,0.2904,none,,,False,,100,0,,,
100,5,True,0.291838,0.2918,none,,,False,,100,0,,,
100,2,True,0.531084,0.5311,none,,,False,,100,0,,,
100,29,True,0.646875,0.6469,none,,,False,,100,0,,,
100,17,True,0.547448,0.5474,none,,,False,,100,0,,,
100,54,True,0.284513,0.2845,none,,,False,,100,0,,,
100,46,True,0.439261,0.4393,none,,,False,,100,0,,,
100,89,True,0.464312,0.4643,none,,,False,,100,0,,,
100,57,True,0.633608,0.6336,none,,,False,,100,0,,,
100,39,True,0.693053,0.6931,none,,,False,,100,0,,,
100,59,True,0.371476,0.3715,none,,,False,,100,0,,,
100,42,True,1.391795,1.3918,none,,,False,,100,0,,,
100,30,True,0.484535,0.4845,none,,,False,,100,0,,,
100,13,True,0.347809,0.3478,none,,,False,,100,0,,,
100,97,True,0.606757,0.6068,none,,,False,,100,0,,,
100,16,True,0.803768,0.8038,none,,,False,,100,0,,,
100,3,True,0.353303,0.3533,none,,,False,,100,0,,,
100,77,True,0.337096,0.3371,none,,,False,,100,0,,,
100,20,True,0.348252,0.3483,none,,,False,,100,0,,,
100,90,True,0.684028,0.684,none,,,False,,100,0,,,
100,9,True,0.76032,0.7603,none,,,False,,100,0,,,
100,37,True,0.40658,0.4066,none,,,False,,100,0,,,
