round,client_id,selected,utility,normalized_utility,detector,cusum_pos,cusum_neg,change_detected,change_direction,last_seen,age,explore_score,exploit_score,final_score
1,26,True,0.102683,-0.2607,none,,,False,,1,0,,,
1,56,True,0.413769,2.6469,none,,,False,,1,0,,,
1,95,True,0.055936,-0.6976,none,,,False,,1,0,,,
1,6,True,0.108461,-0.2067,none,,,False,,1,0,,,
1,5,True,1.047921,3.0,none,,,False,,1,0,,,
1,69,True,0.093099,-0.3503,none,,,False,,1,0,,,
1,85,True,0.056874,-0.6888,none,,,False,,1,0,,,
1,14,True,0.419504,2.7005,none,,,False,,1,0,,,
1,61,True,0.103775,-0.2505,none,,,False,,1,0,,,
1,73,True,0.030875,-0.9318,none,,,False,,1,0,,,
1,28,True,0.140628,0.094,none,,,False,,1,0,,,
1,83,True,0.075139,-0.5181,none,,,False,,1,0,,,
1,58,True,0.300851,1.5915,none,,,False,,1,0,,,
1,38,True,0.054406,-0.7119,none,,,False,,1,0,,,
1,47,True,0.627486,3.0,none,,,False,,1,0,,,
1,40,True,0.347322,2.0258,none,,,False,,1,0,,,
1,9,True,0.070544,-0.5611,none,,,False,,1,0,,,
1,75,True,0.059769,-0.6618,none,,,False,,1,0,,,
1,88,True,0.584498,3.0,none,,,False,,1,0,,,
1,16,True,0.789686,3.0,none,,,False,,1,0,,,
1,63,True,0.087774,-0.4,none,,,False,,1,0,,,
1,34,True,0.139247,0.081,none,,,False,,1,0,,,
1,84,True,0.379044,2.3223,none,,,False,,1,0,,,
1,17,True,0.078984,-0.4822,none,,,False,,1,0,,,
1,19,True,0.628271,3.0,none,,,False,,1,0,,,
1,52,True,0.1079,-0.2119,none,,,False,,1,0,,,
1,31,True,0.072322,-0.5445,none,,,False,,1,0,,,
1,23,True,0.043524,-0.8136,none,,,False,,1,0,,,
1,91,True,0.05705,-0.6872,none,,,False,,1,0,,,
1,4,True,0.190346,0.5586,none,,,False,,1,0,,,
1,22,True,0.066431,-0.5995,none,,,False,,1,0,,,
1,64,True,0.017158,-1.06,none,,,False,,1,0,,,
1,48,True,0.138855,0.0774,none,,,False,,1,0,,,
1,12,True,0.357339,2.1194,none,,,False,,1,0,,,
1,27,True,0.145876,0.143,none,,,False,,1,0,,,
1,59,True,0.11753,-0.1219,none,,,False,,1,0,,,
1,21,True,0.312094,1.6966,none,,,False,,1,0,,,
1,20,True,0.198855,0.6382,none,,,False,,1,0,,,
1,54,True,0.052197,-0.7326,none,,,False,,1,0,,,
1,42,True,0.191675,0.5711,none,,,False,,1,0,,,
1,10,True,0.143836,0.1239,none,,,False,,1,0,,,
1,70,True,0.039006,-0.8558,none,,,False,,1,0,,,
1,35,True,0.353889,2.0872,none,,,False,,1,0,,,
1,79,True,0.125382,-0.0485,none,,,False,,1,0,,,
1,82,True,0.220308,0.8387,none,,,False,,1,0,,,
1,57,True,0.068691,-0.5784,none,,,False,,1,0,,,
1,94,True,0.344544,1.9998,none,,,False,,1,0,,,
1,0,True,0.03844,-0.8611,none,,,False,,1,0,,,
1,96,True,0.135768,0.0485,none,,,False,,1,0,,,
1,11,True,0.146495,0.1488,none,,,False,,1,0,,,
2,4,True,0.448537,0.048,none,,,False,,2,0,,,
2,31,True,0.216096,-0.7958,none,,,False,,2,0,,,
2,69,True,0.251504,-0.6672,none,,,False,,2,0,,,
2,21,True,0.40917,-0.0949,none,,,False,,2,0,,,
2,48,True,0.335737,-0.3615,none,,,False,,2,0,,,
2,61,True,0.261448,-0.6311,none,,,False,,2,0,,,
2,5,True,0.998985,2.046,none,,,False,,2,0,,,
2,60,True,0.660792,0.8184,none,,,False,,2,0,,,
2,37,True,0.482357,0.1707,none,,,False,,2,0,,,
2,7,True,0.51563,0.2915,none,,,False,,2,0,,,
2,1,True,0.431545,-0.0137,none,,,False,,2,0,,,
2,71,True,0.445628,0.0374,none,,,False,,2,0,,,
2,80,True,0.111465,-1.1755,none,,,False,,2,0,,,
2,36,True,0.650846,0.7823,none,,,False,,2,0,,,
2,83,True,0.198101,-0.8611,none,,,False,,2,0,,,
2,68,True,0.103603,-1.2041,none,,,False,,2,0,,,
2,76,True,0.464693,0.1066,none,,,False,,2,0,,,
2,33,True,0.177185,-0.937,none,,,False,,2,0,,,
2,53,True,0.410599,-0.0897,none,,,False,,2,0,,,
2,18,True,0.57666,0.513,none,,,False,,2,0,,,
2,9,True,0.18833,-0.8965,none,,,False,,2,0,,,
2,90,True,0.247061,-0.6834,none,,,False,,2,0,,,
2,8,True,0.342169,-0.3381,none,,,False,,2,0,,,
2,23,True,0.107792,-1.1889,none,,,False,,2,0,,,
2,41,True,1.021857,2.129,none,,,False,,2,0,,,
2,25,True,0.677527,0.8792,none,,,False,,2,0,,,
2,13,True,0.852526,1.5144,none,,,False,,2,0,,,
2,0,True,0.104691,-1.2001,none,,,False,,2,0,,,
2,26,True,0.289483,-0.5294,none,,,False,,2,0,,,
2,94,True,0.505607,0.2551,none,,,False,,2,0,,,
2,47,True,0.533272,0.3555,none,,,False,,2,0,,,
2,86,True,0.356314,-0.2868,none,,,False,,2,0,,,
2,11,True,0.334177,-0.3671,none,,,False,,2,0,,,
2,30,True,0.723742,1.0469,none,,,False,,2,0,,,
2,87,True,0.214728,-0.8007,none,,,False,,2,0,,,
2,39,True,0.144188,-1.0568,none,,,False,,2,0,,,
2,49,True,0.640016,0.743,none,,,False,,2,0,,,
2,88,True,0.607527,0.6251,none,,,False,,2,0,,,
2,72,True,0.247502,-0.6818,none,,,False,,2,0,,,
2,81,True,0.439099,0.0137,none,,,False,,2,0,,,
2,27,True,0.463094,0.1008,none,,,False,,2,0,,,
2,51,True,0.625585,0.6906,none,,,False,,2,0,,,
2,10,True,0.366524,-0.2497,none,,,False,,2,0,,,
2,32,True,0.451403,0.0584,none,,,False,,2,0,,,
2,58,True,0.930148,1.7961,none,,,False,,2,0,,,
2,98,True,0.244503,-0.6926,none,,,False,,2,0,,,
2,16,True,0.689742,0.9235,none,,,False,,2,0,,,
2,35,True,0.392052,-0.1571,none,,,False,,2,0,,,
2,50,True,0.474665,0.1428,none,,,False,,2,0,,,
2,40,True,0.671546,0.8575,none,,,False,,2,0,,,
3,21,True,0.374171,-0.311,none,,,False,,3,0,,,
3,5,True,1.190449,3.0,none,,,False,,3,0,,,
3,58,True,1.01587,3.0,none,,,False,,3,0,,,
3,68,True,0.21379,-1.2962,none,,,False,,3,0,,,
3,82,True,0.716079,1.7893,none,,,False,,3,0,,,
3,24,True,0.331361,-0.574,none,,,False,,3,0,,,
3,13,True,0.670141,1.5071,none,,,False,,3,0,,,
3,96,True,0.400427,-0.1497,none,,,False,,3,0,,,
3,55,True,0.606499,1.1161,none,,,False,,3,0,,,
3,59,True,0.376793,-0.2949,none,,,False,,3,0,,,
3,94,True,0.45669,0.1959,none,,,False,,3,0,,,
3,64,True,0.183357,-1.4832,none,,,False,,3,0,,,
3,22,True,0.283305,-0.8692,none,,,False,,3,0,,,
3,16,True,0.698187,1.6794,none,,,False,,3,0,,,
3,70,True,0.25151,-1.0645,none,,,False,,3,0,,,
3,87,True,0.395537,-0.1798,none,,,False,,3,0,,,
3,50,True,0.524699,0.6137,none,,,False,,3,0,,,
3,65,True,0.308926,-0.7118,none,,,False,,3,0,,,
3,91,True,0.20528,-1.3485,none,,,False,,3,0,,,
3,93,True,0.224578,-1.23,none,,,False,,3,0,,,
3,48,True,0.353239,-0.4396,none,,,False,,3,0,,,
3,7,True,0.473898,0.3016,none,,,False,,3,0,,,
3,95,True,0.357039,-0.4163,none,,,False,,3,0,,,
3,51,True,0.608259,1.127,none,,,False,,3,0,,,
3,34,True,0.493603,0.4226,none,,,False,,3,0,,,
3,44,True,0.533672,0.6688,none,,,False,,3,0,,,
3,3,True,0.557525,0.8153,none,,,False,,3,0,,,
3,8,True,0.271864,-0.9395,none,,,False,,3,0,,,
3,28,True,0.535532,0.6802,none,,,False,,3,0,,,
3,76,True,0.477292,0.3224,none,,,False,,3,0,,,
3,38,True,0.305797,-0.731,none,,,False,,3,0,,,
3,63,True,0.374828,-0.307,none,,,False,,3,0,,,
3,69,True,0.458706,0.2083,none,,,False,,3,0,,,
3,85,True,0.353739,-0.4365,none,,,False,,3,0,,,
3,45,True,0.304876,-0.7367,none,,,False,,3,0,,,
3,81,True,0.475219,0.3097,none,,,False,,3,0,,,
3,42,True,0.563434,0.8516,none,,,False,,3,0,,,
3,23,True,0.27258,-0.9351,none,,,False,,3,0,,,
3,41,True,0.655499,1.4172,none,,,False,,3,0,,,
3,53,True,0.364142,-0.3726,none,,,False,,3,0,,,
3,98,True,0.46863,0.2692,none,,,False,,3,0,,,
3,86,True,0.404587,-0.1242,none,,,False,,3,0,,,
3,72,True,0.423313,-0.0092,none,,,False,,3,0,,,
3,43,True,0.426293,0.0092,none,,,False,,3,0,,,
3,18,True,0.530428,0.6488,none,,,False,,3,0,,,
3,57,True,0.543726,0.7305,none,,,False,,3,0,,,
3,56,True,0.563987,0.855,none,,,False,,3,0,,,
3,26,True,0.392138,-0.2007,none,,,False,,3,0,,,
3,10,True,0.476756,0.3191,none,,,False,,3,0,,,
3,67,True,0.27498,-0.9204,none,,,False,,3,0,,,
4,88,True,0.728142,1.1128,none,,,False,,4,0,,,
4,42,True,0.518875,0.0186,none,,,False,,4,0,,,
4,55,True,0.66751,0.7957,none,,,False,,4,0,,,
4,33,True,0.2963,-1.1452,none,,,False,,4,0,,,
4,68,True,0.197837,-1.6601,none,,,False,,4,0,,,
4,72,True,0.422582,-0.4849,none,,,False,,4,0,,,
4,12,True,0.658404,0.7481,none,,,False,,4,0,,,
4,87,True,0.342885,-0.9017,none,,,False,,4,0,,,
4,44,True,0.509847,-0.0286,none,,,False,,4,0,,,
4,14,True,0.546855,0.1649,none,,,False,,4,0,,,
4,92,True,0.755897,1.2579,none,,,False,,4,0,,,
4,78,True,0.309344,-1.077,none,,,False,,4,0,,,
4,2,True,0.814879,1.5663,none,,,False,,4,0,,,
4,69,True,0.469335,-0.2405,none,,,False,,4,0,,,
4,74,True,1.005197,2.5614,none,,,False,,4,0,,,
4,19,True,0.646998,0.6885,none,,,False,,4,0,,,
4,99,True,0.641642,0.6605,none,,,False,,4,0,,,
4,95,True,0.369048,-0.7648,none,,,False,,4,0,,,
4,24,True,0.422671,-0.4845,none,,,False,,4,0,,,
4,10,True,0.442336,-0.3816,none,,,False,,4,0,,,
4,90,True,0.366285,-0.7793,none,,,False,,4,0,,,
4,59,True,0.549071,0.1765,none,,,False,,4,0,,,
4,0,True,0.407118,-0.5658,none,,,False,,4,0,,,
4,98,True,0.485058,-0.1583,none,,,False,,4,0,,,
4,60,True,0.783521,1.4023,none,,,False,,4,0,,,
4,75,True,0.417172,-0.5132,none,,,False,,4,0,,,
4,82,True,0.579841,0.3373,none,,,False,,4,0,,,
4,85,True,0.43886,-0.3998,none,,,False,,4,0,,,
4,20,True,0.70629,0.9985,none,,,False,,4,0,,,
4,43,True,0.379152,-0.712,none,,,False,,4,0,,,
4,79,True,0.716443,1.0516,none,,,False,,4,0,,,
4,35,True,0.431295,-0.4394,none,,,False,,4,0,,,
4,56,True,0.537916,0.1181,none,,,False,,4,0,,,
4,15,True,0.659562,0.7542,none,,,False,,4,0,,,
4,25,True,0.933022,2.1841,none,,,False,,4,0,,,
4,51,True,0.602198,0.4542,none,,,False,,4,0,,,
4,39,True,0.2905,-1.1756,none,,,False,,4,0,,,
4,11,True,0.934009,2.1892,none,,,False,,4,0,,,
4,63,True,0.484893,-0.1591,none,,,False,,4,0,,,
4,61,True,0.363453,-0.7941,none,,,False,,4,0,,,
4,23,True,0.329857,-0.9698,none,,,False,,4,0,,,
4,48,True,0.547105,0.1662,none,,,False,,4,0,,,
4,16,True,0.492043,-0.1217,none,,,False,,4,0,,,
4,97,True,0.511774,-0.0186,none,,,False,,4,0,,,
4,45,True,0.250819,-1.383,none,,,False,,4,0,,,
4,3,True,0.582627,0.3519,none,,,False,,4,0,,,
4,81,True,0.536524,0.1108,none,,,False,,4,0,,,
4,62,True,0.669537,0.8063,none,,,False,,4,0,,,
4,80,True,0.50203,-0.0695,none,,,False,,4,0,,,
4,57,True,0.559122,0.229,none,,,False,,4,0,,,
5,25,True,0.790736,1.3902,none,,,False,,5,0,,,
5,48,True,0.502104,-0.0486,none,,,False,,5,0,,,
5,40,True,0.85873,1.7291,none,,,False,,5,0,,,
5,22,True,0.280499,-1.1532,none,,,False,,5,0,,,
5,6,True,0.393856,-0.5882,none,,,False,,5,0,,,
5,60,True,0.541719,0.1489,none,,,False,,5,0,,,
5,9,True,0.667092,0.7739,none,,,False,,5,0,,,
5,90,True,0.483515,-0.1412,none,,,False,,5,0,,,
5,20,True,0.741867,1.1466,none,,,False,,5,0,,,
5,88,True,0.585871,0.369,none,,,False,,5,0,,,
5,82,True,0.756875,1.2214,none,,,False,,5,0,,,
5,27,True,0.431958,-0.3982,none,,,False,,5,0,,,
5,92,True,0.641834,0.648,none,,,False,,5,0,,,
5,46,True,0.519793,0.0396,none,,,False,,5,0,,,
5,74,True,0.706085,0.9682,none,,,False,,5,0,,,
5,17,True,0.818215,1.5272,none,,,False,,5,0,,,
5,30,True,0.514193,0.0117,none,,,False,,5,0,,,
5,7,True,0.586206,0.3707,none,,,False,,5,0,,,
5,56,True,0.439793,-0.3592,none,,,False,,5,0,,,
5,65,True,0.5095,-0.0117,none,,,False,,5,0,,,
5,21,True,0.50536,-0.0323,none,,,False,,5,0,,,
5,28,True,0.6577,0.7271,none,,,False,,5,0,,,
5,70,True,0.175555,-1.6763,none,,,False,,5,0,,,
5,66,True,0.216173,-1.4739,none,,,False,,5,0,,,
5,69,True,0.421531,-0.4502,none,,,False,,5,0,,,
5,96,True,0.752417,1.1992,none,,,False,,5,0,,,
5,59,True,0.414628,-0.4846,none,,,False,,5,0,,,
5,58,True,0.972127,2.2944,none,,,False,,5,0,,,
5,62,True,0.780665,1.34,none,,,False,,5,0,,,
5,97,True,0.421588,-0.4499,none,,,False,,5,0,,,
5,72,True,0.51591,0.0203,none,,,False,,5,0,,,
5,41,True,1.35124,3.0,none,,,False,,5,0,,,
5,19,True,0.721656,1.0459,none,,,False,,5,0,,,
5,51,True,0.820604,1.5391,none,,,False,,5,0,,,
5,94,True,0.427485,-0.4205,none,,,False,,5,0,,,
5,93,True,0.307127,-1.0205,none,,,False,,5,0,,,
5,8,True,0.371214,-0.701,none,,,False,,5,0,,,
5,38,True,0.313059,-0.9909,none,,,False,,5,0,,,
5,15,True,0.414932,-0.4831,none,,,False,,5,0,,,
5,24,True,0.193439,-1.5872,none,,,False,,5,0,,,
5,73,True,0.300556,-1.0532,none,,,False,,5,0,,,
5,55,True,0.772468,1.2991,none,,,False,,5,0,,,
5,0,True,0.429725,-0.4094,none,,,False,,5,0,,,
5,81,True,0.502328,-0.0474,none,,,False,,5,0,,,
5,67,True,0.460247,-0.2572,none,,,False,,5,0,,,
5,77,True,0.60824,0.4805,none,,,False,,5,0,,,
5,87,True,0.350361,-0.805,none,,,False,,5,0,,,
5,89,True,0.485276,-0.1324,none,,,False,,5,0,,,
5,43,True,0.580783,0.3436,none,,,False,,5,0,,,
5,11,True,0.758314,1.2286,none,,,False,,5,0,,,
6,90,True,0.460337,-0.2486,none,,,False,,6,0,,,
6,9,True,0.542099,0.1665,none,,,False,,6,0,,,
6,35,True,0.355128,-0.7828,none,,,False,,6,0,,,
6,7,True,0.53265,0.1186,none,,,False,,6,0,,,
6,44,True,0.370669,-0.7039,none,,,False,,6,0,,,
6,22,True,0.311057,-1.0066,none,,,False,,6,0,,,
6,42,True,0.55783,0.2464,none,,,False,,6,0,,,
6,49,True,0.629429,0.61,none,,,False,,6,0,,,
6,13,True,0.814822,1.5513,none,,,False,,6,0,,,
6,93,True,0.263701,-1.2471,none,,,False,,6,0,,,
6,84,True,0.359166,-0.7623,none,,,False,,6,0,,,
6,74,True,0.865308,1.8077,none,,,False,,6,0,,,
6,50,True,0.524198,0.0756,none,,,False,,6,0,,,
6,24,True,0.359268,-0.7618,none,,,False,,6,0,,,
6,21,True,0.418952,-0.4588,none,,,False,,6,0,,,
6,67,True,0.274971,-1.1899,none,,,False,,6,0,,,
6,56,True,0.534282,0.1268,none,,,False,,6,0,,,
6,2,True,0.975901,2.3692,none,,,False,,6,0,,,
6,51,True,0.533822,0.1245,none,,,False,,6,0,,,
6,8,True,0.328065,-0.9203,none,,,False,,6,0,,,
6,43,True,0.479413,-0.1518,none,,,False,,6,0,,,
6,87,True,0.340734,-0.8559,none,,,False,,6,0,,,
6,75,True,0.351942,-0.799,none,,,False,,6,0,,,
6,94,True,0.496751,-0.0637,none,,,False,,6,0,,,
6,15,True,0.566489,0.2904,none,,,False,,6,0,,,
6,16,True,0.743009,1.1867,none,,,False,,6,0,,,
6,5,True,0.900107,1.9844,none,,,False,,6,0,,,
6,45,True,0.30565,-1.0341,none,,,False,,6,0,,,
6,33,True,0.251662,-1.3082,none,,,False,,6,0,,,
6,62,True,0.644134,0.6846,none,,,False,,6,0,,,
6,57,True,0.610083,0.5117,none,,,False,,6,0,,,
6,95,True,0.404308,-0.5331,none,,,False,,6,0,,,
6,97,True,0.431819,-0.3934,none,,,False,,6,0,,,
6,61,True,0.551997,0.2168,none,,,False,,6,0,,,
6,48,True,0.580182,0.3599,none,,,False,,6,0,,,
6,32,True,0.377973,-0.6668,none,,,False,,6,0,,,
6,0,True,0.424008,-0.4331,none,,,False,,6,0,,,
6,66,True,0.185773,-1.6428,none,,,False,,6,0,,,
6,88,True,0.523421,0.0717,none,,,False,,6,0,,,
6,92,True,0.658765,0.7589,none,,,False,,6,0,,,
6,1,True,0.521851,0.0637,none,,,False,,6,0,,,
6,27,True,0.403801,-0.5357,none,,,False,,6,0,,,
6,40,True,0.666195,0.7967,none,,,False,,6,0,,,
6,19,True,0.481661,-0.1403,none,,,False,,6,0,,,
6,12,True,0.674614,0.8394,none,,,False,,6,0,,,
6,77,True,0.643642,0.6821,none,,,False,,6,0,,,
6,25,True,0.822821,1.5919,none,,,False,,6,0,,,
6,70,True,0.252302,-1.305,none,,,False,,6,0,,,
6,3,True,0.583755,0.3781,none,,,False,,6,0,,,
6,4,True,0.383825,-0.6371,none,,,False,,6,0,,,
7,66,True,0.188111,-1.3235,none,,,False,,7,0,,,
7,27,True,0.316575,-0.6551,none,,,False,,7,0,,,
7,56,True,0.642683,1.0415,none,,,False,,7,0,,,
7,34,True,0.526174,0.4354,none,,,False,,7,0,,,
7,79,True,0.610878,0.8761,none,,,False,,7,0,,,
7,60,True,0.6491,1.0749,none,,,False,,7,0,,,
7,70,True,0.225737,-1.1277,none,,,False,,7,0,,,
7,13,True,0.6897,1.2861,none,,,False,,7,0,,,
7,48,True,0.55686,0.595,none,,,False,,7,0,,,
7,85,True,0.382731,-0.3109,none,,,False,,7,0,,,
7,29,True,0.30612,-0.7095,none,,,False,,7,0,,,
7,19,True,0.636756,1.0107,none,,,False,,7,0,,,
7,86,True,0.442998,0.0026,none,,,False,,7,0,,,
7,53,True,0.441993,-0.0026,none,,,False,,7,0,,,
7,87,True,0.316501,-0.6555,none,,,False,,7,0,,,
7,18,True,0.449023,0.034,none,,,False,,7,0,,,
7,44,True,0.351723,-0.4723,none,,,False,,7,0,,,
7,24,True,0.304587,-0.7175,none,,,False,,7,0,,,
7,67,True,0.222466,-1.1448,none,,,False,,7,0,,,
7,59,True,0.508864,0.3453,none,,,False,,7,0,,,
7,37,True,0.471196,0.1493,none,,,False,,7,0,,,
7,95,True,0.366384,-0.396,none,,,False,,7,0,,,
7,3,True,0.598293,0.8106,none,,,False,,7,0,,,
7,10,True,0.496354,0.2802,none,,,False,,7,0,,,
7,47,True,0.822201,1.9755,none,,,False,,7,0,,,
7,45,True,0.356283,-0.4485,none,,,False,,7,0,,,
7,16,True,0.770834,1.7083,none,,,False,,7,0,,,
7,8,True,0.38899,-0.2784,none,,,False,,7,0,,,
7,62,True,0.682102,1.2466,none,,,False,,7,0,,,
7,31,True,0.409782,-0.1702,none,,,False,,7,0,,,
7,72,True,0.366753,-0.3941,none,,,False,,7,0,,,
7,78,True,0.21754,-1.1704,none,,,False,,7,0,,,
7,39,True,0.309208,-0.6935,none,,,False,,7,0,,,
7,40,True,0.751335,1.6068,none,,,False,,7,0,,,
7,38,True,0.284866,-0.8201,none,,,False,,7,0,,,
7,14,True,0.522636,0.4169,none,,,False,,7,0,,,
7,32,True,0.412297,-0.1571,none,,,False,,7,0,,,
7,58,True,1.042907,3.0,none,,,False,,7,0,,,
7,15,True,0.537284,0.4932,none,,,False,,7,0,,,
7,23,True,0.254415,-0.9785,none,,,False,,7,0,,,
7,77,True,0.640315,1.0292,none,,,False,,7,0,,,
7,75,True,0.323317,-0.6201,none,,,False,,7,0,,,
7,73,True,0.27537,-0.8695,none,,,False,,7,0,,,
7,49,True,0.578273,0.7064,none,,,False,,7,0,,,
7,4,True,0.432101,-0.0541,none,,,False,,7,0,,,
7,61,True,0.551205,0.5656,none,,,False,,7,0,,,
7,92,True,0.422208,-0.1056,none,,,False,,7,0,,,
7,51,True,0.589409,0.7644,none,,,False,,7,0,,,
7,68,True,0.197459,-1.2749,none,,,False,,7,0,,,
7,89,True,0.465089,0.1175,none,,,False,,7,0,,,
8,48,True,0.485608,0.3015,none,,,False,,8,0,,,
8,90,True,0.463286,0.1652,none,,,False,,8,0,,,
8,24,True,0.266663,-1.0354,none,,,False,,8,0,,,
8,66,True,0.216156,-1.3438,none,,,False,,8,0,,,
8,32,True,0.370884,-0.399,none,,,False,,8,0,,,
8,54,True,0.363059,-0.4468,none,,,False,,8,0,,,
8,14,True,0.495062,0.3592,none,,,False,,8,0,,,
8,88,True,0.710383,1.6741,none,,,False,,8,0,,,
8,42,True,0.439229,0.0183,none,,,False,,8,0,,,
8,45,True,0.366765,-0.4242,none,,,False,,8,0,,,
8,85,True,0.308552,-0.7796,none,,,False,,8,0,,,
8,34,True,0.423415,-0.0783,none,,,False,,8,0,,,
8,26,True,0.418078,-0.1108,none,,,False,,8,0,,,
8,12,True,0.672555,1.4431,none,,,False,,8,0,,,
8,81,True,0.618276,1.1116,none,,,False,,8,0,,,
8,1,True,0.439356,0.0191,none,,,False,,8,0,,,
8,9,True,0.518972,0.5052,none,,,False,,8,0,,,
8,21,True,0.433231,-0.0183,none,,,False,,8,0,,,
8,4,True,0.316622,-0.7304,none,,,False,,8,0,,,
8,99,True,0.427381,-0.054,none,,,False,,8,0,,,
8,95,True,0.361731,-0.4549,none,,,False,,8,0,,,
8,92,True,0.765429,2.0102,none,,,False,,8,0,,,
8,30,True,0.806481,2.2609,none,,,False,,8,0,,,
8,29,True,0.294434,-0.8658,none,,,False,,8,0,,,
8,75,True,0.233683,-1.2368,none,,,False,,8,0,,,
8,76,True,0.493836,0.3518,none,,,False,,8,0,,,
8,78,True,0.237546,-1.2132,none,,,False,,8,0,,,
8,57,True,0.563176,0.7752,none,,,False,,8,0,,,
8,65,True,0.367347,-0.4206,none,,,False,,8,0,,,
8,68,True,0.208557,-1.3902,none,,,False,,8,0,,,
8,47,True,0.778546,2.0903,none,,,False,,8,0,,,
8,60,True,0.537489,0.6183,none,,,False,,8,0,,,
8,86,True,0.307455,-0.7863,none,,,False,,8,0,,,
8,91,True,0.246965,-1.1557,none,,,False,,8,0,,,
8,46,True,0.566601,0.7961,none,,,False,,8,0,,,
8,27,True,0.45846,0.1357,none,,,False,,8,0,,,
8,28,True,0.602025,1.0124,none,,,False,,8,0,,,
8,44,True,0.519735,0.5099,none,,,False,,8,0,,,
8,37,True,0.446131,0.0605,none,,,False,,8,0,,,
8,18,True,0.677349,1.4723,none,,,False,,8,0,,,
8,25,True,0.830141,2.4053,none,,,False,,8,0,,,
8,7,True,0.493259,0.3482,none,,,False,,8,0,,,
8,2,True,0.876839,2.6905,none,,,False,,8,0,,,
8,6,True,0.334923,-0.6186,none,,,False,,8,0,,,
8,3,True,0.468328,0.196,none,,,False,,8,0,,,
8,39,True,0.243999,-1.1738,none,,,False,,8,0,,,
8,23,True,0.282984,-0.9358,none,,,False,,8,0,,,
8,73,True,0.314059,-0.746,none,,,False,,8,0,,,
8,35,True,0.348883,-0.5334,none,,,False,,8,0,,,
8,87,True,0.396615,-0.2419,none,,,False,,8,0,,,
9,89,True,0.396482,-0.4141,none,,,False,,9,0,,,
9,93,True,0.2953,-0.891,none,,,False,,9,0,,,
9,24,True,0.295021,-0.8923,none,,,False,,9,0,,,
9,60,True,0.604098,0.5643,none,,,False,,9,0,,,
9,30,True,0.726563,1.1415,none,,,False,,9,0,,,
9,0,True,0.44749,-0.1737,none,,,False,,9,0,,,
9,54,True,0.364315,-0.5657,none,,,False,,9,0,,,
9,48,True,0.422454,-0.2917,none,,,False,,9,0,,,
9,55,True,0.624999,0.6628,none,,,False,,9,0,,,
9,95,True,0.381109,-0.4866,none,,,False,,9,0,,,
9,16,True,0.73253,1.1696,none,,,False,,9,0,,,
9,73,True,0.298551,-0.8757,none,,,False,,9,0,,,
9,61,True,0.5687,0.3975,none,,,False,,9,0,,,
9,71,True,0.517558,0.1565,none,,,False,,9,0,,,
9,17,True,0.665199,0.8523,none,,,False,,9,0,,,
9,75,True,0.286736,-0.9313,none,,,False,,9,0,,,
9,18,True,0.536089,0.2438,none,,,False,,9,0,,,
9,21,True,0.39285,-0.4312,none,,,False,,9,0,,,
9,82,True,0.692074,0.979,none,,,False,,9,0,,,
9,77,True,0.57193,0.4127,none,,,False,,9,0,,,
9,92,True,0.767027,1.3322,none,,,False,,9,0,,,
9,4,True,0.338766,-0.6861,none,,,False,,9,0,,,
9,44,True,0.495588,0.0529,none,,,False,,9,0,,,
9,98,True,0.321287,-0.7685,none,,,False,,9,0,,,
9,83,True,0.473121,-0.0529,none,,,False,,9,0,,,
9,46,True,0.590205,0.4989,none,,,False,,9,0,,,
9,96,True,0.678813,0.9165,none,,,False,,9,0,,,
9,63,True,0.357963,-0.5957,none,,,False,,9,0,,,
9,40,True,0.70154,1.0236,none,,,False,,9,0,,,
9,49,True,0.523992,0.1868,none,,,False,,9,0,,,
9,81,True,0.610167,0.5929,none,,,False,,9,0,,,
9,56,True,0.573863,0.4218,none,,,False,,9,0,,,
9,23,True,0.234912,-1.1756,none,,,False,,9,0,,,
9,38,True,0.287152,-0.9294,none,,,False,,9,0,,,
9,9,True,0.467428,-0.0798,none,,,False,,9,0,,,
9,13,True,0.645375,0.7589,none,,,False,,9,0,,,
9,25,True,0.786209,1.4226,none,,,False,,9,0,,,
9,41,True,0.773468,1.3626,none,,,False,,9,0,,,
9,65,True,0.317757,-0.7852,none,,,False,,9,0,,,
9,22,True,0.265424,-1.0318,none,,,False,,9,0,,,
9,70,True,0.236682,-1.1672,none,,,False,,9,0,,,
9,43,True,0.246068,-1.123,none,,,False,,9,0,,,
9,19,True,0.854174,1.7429,none,,,False,,9,0,,,
9,69,True,0.390978,-0.4401,none,,,False,,9,0,,,
9,14,True,0.440185,-0.2082,none,,,False,,9,0,,,
9,78,True,0.245125,-1.1275,none,,,False,,9,0,,,
9,79,True,0.526385,0.1981,none,,,False,,9,0,,,
9,37,True,0.506037,0.1022,none,,,False,,9,0,,,
9,53,True,0.401509,-0.3904,none,,,False,,9,0,,,
9,51,True,0.715485,1.0893,none,,,False,,9,0,,,
10,17,True,0.691426,0.8567,none,,,False,,10,0,,,
10,81,True,0.590658,0.3405,none,,,False,,10,0,,,
10,67,True,0.205056,-1.6347,none,,,False,,10,0,,,
10,92,True,0.57335,0.2519,none,,,False,,10,0,,,
10,6,True,0.485229,-0.1995,none,,,False,,10,0,,,
10,82,True,0.740681,1.109,none,,,False,,10,0,,,
10,79,True,0.596987,0.3729,none,,,False,,10,0,,,
10,72,True,0.538419,0.0729,none,,,False,,10,0,,,
10,57,True,0.555754,0.1617,none,,,False,,10,0,,,
10,24,True,0.291658,-1.1911,none,,,False,,10,0,,,
10,69,True,0.401041,-0.6308,none,,,False,,10,0,,,
10,37,True,0.259825,-1.3542,none,,,False,,10,0,,,
10,42,True,0.615726,0.4689,none,,,False,,10,0,,,
10,80,True,0.519468,-0.0241,none,,,False,,10,0,,,
10,85,True,0.450212,-0.3789,none,,,False,,10,0,,,
10,29,True,0.233499,-1.489,none,,,False,,10,0,,,
10,9,True,0.542705,0.0949,none,,,False,,10,0,,,
10,48,True,0.637709,0.5815,none,,,False,,10,0,,,
10,3,True,0.651717,0.6533,none,,,False,,10,0,,,
10,50,True,0.535635,0.0587,none,,,False,,10,0,,,
10,19,True,0.642721,0.6072,none,,,False,,10,0,,,
10,8,True,0.227709,-1.5187,none,,,False,,10,0,,,
10,25,True,0.820448,1.5176,none,,,False,,10,0,,,
10,49,True,0.489401,-0.1782,none,,,False,,10,0,,,
10,38,True,0.311081,-1.0916,none,,,False,,10,0,,,
10,10,True,0.436837,-0.4474,none,,,False,,10,0,,,
10,68,True,0.216378,-1.5767,none,,,False,,10,0,,,
10,44,True,0.445918,-0.4009,none,,,False,,10,0,,,
10,15,True,0.636275,0.5742,none,,,False,,10,0,,,
10,27,True,0.331689,-0.986,none,,,False,,10,0,,,
10,99,True,0.564091,0.2044,none,,,False,,10,0,,,
10,35,True,0.528896,0.0241,none,,,False,,10,0,,,
10,5,True,0.897565,1.9127,none,,,False,,10,0,,,
10,16,True,0.718516,0.9955,none,,,False,,10,0,,,
10,96,True,0.693269,0.8662,none,,,False,,10,0,,,
10,91,True,0.192767,-1.6977,none,,,False,,10,0,,,
10,30,True,0.725871,1.0332,none,,,False,,10,0,,,
10,84,True,0.194131,-1.6907,none,,,False,,10,0,,,
10,52,True,0.918701,2.0209,none,,,False,,10,0,,,
10,40,True,0.788091,1.3519,none,,,False,,10,0,,,
10,22,True,0.28777,-1.211,none,,,False,,10,0,,,
10,20,True,0.513998,-0.0522,none,,,False,,10,0,,,
10,97,True,0.497182,-0.1383,none,,,False,,10,0,,,
10,36,True,0.689721,0.848,none,,,False,,10,0,,,
10,1,True,0.637624,0.5811,none,,,False,,10,0,,,
10,21,True,0.388373,-0.6957,none,,,False,,10,0,,,
10,12,True,0.438141,-0.4407,none,,,False,,10,0,,,
10,23,True,0.266375,-1.3206,none,,,False,,10,0,,,
10,71,True,0.302027,-1.138,none,,,False,,10,0,,,
10,95,True,0.300396,-1.1463,none,,,False,,10,0,,,
11,87,True,0.301316,-0.9444,none,,,False,,11,0,,,
11,57,True,0.594853,0.7046,none,,,False,,11,0,,,
11,1,True,0.529144,0.3355,none,,,False,,11,0,,,
11,59,True,0.524763,0.3109,none,,,False,,11,0,,,
11,97,True,0.438847,-0.1718,none,,,False,,11,0,,,
11,74,True,0.950888,2.7046,none,,,False,,11,0,,,
11,61,True,0.615956,0.8231,none,,,False,,11,0,,,
11,64,True,0.290507,-1.0051,none,,,False,,11,0,,,
11,28,True,0.590686,0.6812,none,,,False,,11,0,,,
11,84,True,0.448425,-0.118,none,,,False,,11,0,,,
11,7,True,0.49795,0.1602,none,,,False,,11,0,,,
11,23,True,0.246379,-1.253,none,,,False,,11,0,,,
11,8,True,0.392543,-0.4319,none,,,False,,11,0,,,
11,30,True,0.704354,1.3197,none,,,False,,11,0,,,
11,36,True,0.515922,0.2612,none,,,False,,11,0,,,
11,66,True,0.195397,-1.5394,none,,,False,,11,0,,,
11,77,True,0.555249,0.4821,none,,,False,,11,0,,,
11,14,True,0.547673,0.4396,none,,,False,,11,0,,,
11,82,True,0.584721,0.6477,none,,,False,,11,0,,,
11,2,True,1.110508,3.0,none,,,False,,11,0,,,
11,48,True,0.474409,0.028,none,,,False,,11,0,,,
11,94,True,0.424554,-0.2521,none,,,False,,11,0,,,
11,76,True,0.498012,0.1606,none,,,False,,11,0,,,
11,29,True,0.22515,-1.3722,none,,,False,,11,0,,,
11,88,True,0.588302,0.6678,none,,,False,,11,0,,,
11,69,True,0.393574,-0.4261,none,,,False,,11,0,,,
11,95,True,0.315565,-0.8643,none,,,False,,11,0,,,
11,31,True,0.306216,-0.9168,none,,,False,,11,0,,,
11,60,True,0.675213,1.156,none,,,False,,11,0,,,
11,26,True,0.432829,-0.2056,none,,,False,,11,0,,,
11,25,True,0.799618,1.8549,none,,,False,,11,0,,,
11,72,True,0.464442,-0.028,none,,,False,,11,0,,,
11,40,True,0.694562,1.2647,none,,,False,,11,0,,,
11,71,True,0.49699,0.1548,none,,,False,,11,0,,,
11,70,True,0.194742,-1.543,none,,,False,,11,0,,,
11,10,True,0.377419,-0.5168,none,,,False,,11,0,,,
11,0,True,0.455076,-0.0806,none,,,False,,11,0,,,
11,92,True,0.695906,1.2723,none,,,False,,11,0,,,
11,52,True,0.887887,2.3507,none,,,False,,11,0,,,
11,63,True,0.430342,-0.2196,none,,,False,,11,0,,,
11,78,True,0.210417,-1.455,none,,,False,,11,0,,,
11,5,True,0.748612,1.5683,none,,,False,,11,0,,,
11,91,True,0.227658,-1.3581,none,,,False,,11,0,,,
11,67,True,0.343795,-0.7057,none,,,False,,11,0,,,
11,51,True,0.597434,0.7191,none,,,False,,11,0,,,
11,89,True,0.462551,-0.0386,none,,,False,,11,0,,,
11,37,True,0.551657,0.4619,none,,,False,,11,0,,,
11,6,True,0.241804,-1.2787,none,,,False,,11,0,,,
11,43,True,0.370956,-0.5532,none,,,False,,11,0,,,
11,81,True,0.457663,-0.0661,none,,,False,,11,0,,,
12,58,True,1.155551,3.0,none,,,False,,12,0,,,
12,78,True,0.149167,-1.7085,none,,,False,,12,0,,,
12,76,True,0.4152,-0.3487,none,,,False,,12,0,,,
12,82,True,0.514333,0.158,none,,,False,,12,0,,,
12,80,True,0.476575,-0.035,none,,,False,,12,0,,,
12,51,True,0.836357,1.804,none,,,False,,12,0,,,
12,92,True,0.57913,0.4892,none,,,False,,12,0,,,
12,13,True,0.756086,1.3937,none,,,False,,12,0,,,
12,22,True,0.334848,-0.7594,none,,,False,,12,0,,,
12,65,True,0.372302,-0.568,none,,,False,,12,0,,,
12,56,True,0.291457,-0.9812,none,,,False,,12,0,,,
12,61,True,0.673465,0.9714,none,,,False,,12,0,,,
12,53,True,0.521735,0.1959,none,,,False,,12,0,,,
12,59,True,0.487817,0.0225,none,,,False,,12,0,,,
12,62,True,0.763953,1.4339,none,,,False,,12,0,,,
12,70,True,0.172502,-1.5892,none,,,False,,12,0,,,
12,23,True,0.335094,-0.7581,none,,,False,,12,0,,,
12,73,True,0.312311,-0.8746,none,,,False,,12,0,,,
12,93,True,0.37973,-0.53,none,,,False,,12,0,,,
12,37,True,0.29632,-0.9563,none,,,False,,12,0,,,
12,94,True,0.63749,0.7875,none,,,False,,12,0,,,
12,66,True,0.182754,-1.5368,none,,,False,,12,0,,,
12,42,True,0.435811,-0.2433,none,,,False,,12,0,,,
12,99,True,0.600434,0.5981,none,,,False,,12,0,,,
12,75,True,0.316999,-0.8506,none,,,False,,12,0,,,
12,69,True,0.420978,-0.3192,none,,,False,,12,0,,,
12,95,True,0.600663,0.5993,none,,,False,,12,0,,,
12,85,True,0.464165,-0.0984,none,,,False,,12,0,,,
12,11,True,1.058781,2.9409,none,,,False,,12,0,,,
12,26,True,0.33645,-0.7512,none,,,False,,12,0,,,
12,6,True,0.422861,-0.3095,none,,,False,,12,0,,,
12,50,True,0.630092,0.7497,none,,,False,,12,0,,,
12,30,True,0.688321,1.0473,none,,,False,,12,0,,,
12,89,True,0.389528,-0.4799,none,,,False,,12,0,,,
12,5,True,0.764606,1.4372,none,,,False,,12,0,,,
12,27,True,0.461777,-0.1106,none,,,False,,12,0,,,
12,19,True,0.700256,1.1083,none,,,False,,12,0,,,
12,88,True,0.689412,1.0529,none,,,False,,12,0,,,
12,71,True,0.32233,-0.8234,none,,,False,,12,0,,,
12,74,True,0.503888,0.1046,none,,,False,,12,0,,,
12,54,True,0.42116,-0.3182,none,,,False,,12,0,,,
12,41,True,0.961675,2.4445,none,,,False,,12,0,,,
12,21,True,0.535356,0.2655,none,,,False,,12,0,,,
12,33,True,0.388633,-0.4845,none,,,False,,12,0,,,
12,81,True,0.479019,-0.0225,none,,,False,,12,0,,,
12,35,True,0.545199,0.3158,none,,,False,,12,0,,,
12,87,True,0.399146,-0.4307,none,,,False,,12,0,,,
12,55,True,0.760785,1.4177,none,,,False,,12,0,,,
12,90,True,0.548297,0.3316,none,,,False,,12,0,,,
12,14,True,0.563957,0.4117,none,,,False,,12,0,,,
13,48,True,0.574218,0.3282,none,,,False,,13,0,,,
13,78,True,0.25354,-1.2704,none,,,False,,13,0,,,
13,94,True,0.452779,-0.2772,none,,,False,,13,0,,,
13,97,True,0.466222,-0.2102,none,,,False,,13,0,,,
13,51,True,0.423183,-0.4247,none,,,False,,13,0,,,
13,18,True,0.443985,-0.321,none,,,False,,13,0,,,
13,80,True,0.55818,0.2482,none,,,False,,13,0,,,
13,61,True,0.643545,0.6738,none,,,False,,13,0,,,
13,99,True,0.325562,-0.9114,none,,,False,,13,0,,,
13,75,True,0.3298,-0.8902,none,,,False,,13,0,,,
13,25,True,0.706185,0.986,none,,,False,,13,0,,,
13,82,True,0.689687,0.9038,none,,,False,,13,0,,,
13,14,True,0.438349,-0.3491,none,,,False,,13,0,,,
13,19,True,0.555815,0.2364,none,,,False,,13,0,,,
13,47,True,0.611507,0.5141,none,,,False,,13,0,,,
13,17,True,0.739223,1.1507,none,,,False,,13,0,,,
13,5,True,0.881581,1.8604,none,,,False,,13,0,,,
13,56,True,0.567763,0.296,none,,,False,,13,0,,,
13,89,True,0.415036,-0.4653,none,,,False,,13,0,,,
13,52,True,0.65569,0.7343,none,,,False,,13,0,,,
13,66,True,0.208071,-1.497,none,,,False,,13,0,,,
13,41,True,0.91272,2.0156,none,,,False,,13,0,,,
13,22,True,0.281349,-1.1318,none,,,False,,13,0,,,
13,84,True,0.432706,-0.3772,none,,,False,,13,0,,,
13,63,True,0.455157,-0.2653,none,,,False,,13,0,,,
13,38,True,0.379229,-0.6438,none,,,False,,13,0,,,
13,74,True,0.875771,1.8314,none,,,False,,13,0,,,
13,13,True,0.768469,1.2965,none,,,False,,13,0,,,
13,85,True,0.372234,-0.6787,none,,,False,,13,0,,,
13,0,True,0.452869,-0.2767,none,,,False,,13,0,,,
13,12,True,0.535937,0.1374,none,,,False,,13,0,,,
13,83,True,0.344948,-0.8147,none,,,False,,13,0,,,
13,16,True,0.75919,1.2503,none,,,False,,13,0,,,
13,21,True,0.246055,-1.3077,none,,,False,,13,0,,,
13,27,True,0.446055,-0.3107,none,,,False,,13,0,,,
13,81,True,0.657807,0.7449,none,,,False,,13,0,,,
13,95,True,0.302492,-1.0264,none,,,False,,13,0,,,
13,34,True,0.547612,0.1956,none,,,False,,13,0,,,
13,30,True,0.56199,0.2672,none,,,False,,13,0,,,
13,33,True,0.178416,-1.6449,none,,,False,,13,0,,,
13,77,True,0.772943,1.3188,none,,,False,,13,0,,,
13,96,True,0.692106,0.9159,none,,,False,,13,0,,,
13,26,True,0.522539,0.0706,none,,,False,,13,0,,,
13,35,True,0.408587,-0.4975,none,,,False,,13,0,,,
13,86,True,0.398601,-0.5473,none,,,False,,13,0,,,
13,44,True,0.526078,0.0882,none,,,False,,13,0,,,
13,28,True,0.64383,0.6752,none,,,False,,13,0,,,
13,20,True,0.650957,0.7107,none,,,False,,13,0,,,
13,8,True,0.287434,-1.1014,none,,,False,,13,0,,,
13,71,True,0.494225,-0.0706,none,,,False,,13,0,,,
14,78,True,0.210072,-1.9779,none,,,False,,14,0,,,
14,9,True,0.522839,0.1847,none,,,False,,14,0,,,
14,35,True,0.410173,-0.5943,none,,,False,,14,0,,,
14,89,True,0.4524,-0.3023,none,,,False,,14,0,,,
14,56,True,0.446199,-0.3452,none,,,False,,14,0,,,
14,55,True,0.790262,2.0339,none,,,False,,14,0,,,
14,61,True,0.706517,1.4548,none,,,False,,14,0,,,
14,6,True,0.330789,-1.1432,none,,,False,,14,0,,,
14,92,True,0.656701,1.1103,none,,,False,,14,0,,,
14,68,True,0.170998,-2.2481,none,,,False,,14,0,,,
14,0,True,0.460493,-0.2464,none,,,False,,14,0,,,
14,42,True,0.464363,-0.2196,none,,,False,,14,0,,,
14,98,True,0.585307,0.6167,none,,,False,,14,0,,,
14,22,True,0.275513,-1.5254,none,,,False,,14,0,,,
14,10,True,0.485521,-0.0733,none,,,False,,14,0,,,
14,43,True,0.512098,0.1105,none,,,False,,14,0,,,
14,46,True,0.5497,0.3705,none,,,False,,14,0,,,
14,76,True,0.560988,0.4485,none,,,False,,14,0,,,
14,88,True,0.495474,-0.0045,none,,,False,,14,0,,,
14,31,True,0.395846,-0.6934,none,,,False,,14,0,,,
14,13,True,0.794169,2.0609,none,,,False,,14,0,,,
14,15,True,0.572435,0.5277,none,,,False,,14,0,,,
14,2,True,0.947173,3.0,none,,,False,,14,0,,,
14,8,True,0.33624,-1.1055,none,,,False,,14,0,,,
14,59,True,0.502992,0.0475,none,,,False,,14,0,,,
14,3,True,0.568726,0.502,none,,,False,,14,0,,,
14,33,True,0.268094,-1.5767,none,,,False,,14,0,,,
14,49,True,0.540666,0.308,none,,,False,,14,0,,,
14,63,True,0.356293,-0.9669,none,,,False,,14,0,,,
14,82,True,0.648528,1.0538,none,,,False,,14,0,,,
14,81,True,0.492103,-0.0278,none,,,False,,14,0,,,
14,54,True,0.401304,-0.6556,none,,,False,,14,0,,,
14,5,True,0.867253,2.5662,none,,,False,,14,0,,,
14,80,True,0.424658,-0.4941,none,,,False,,14,0,,,
14,7,True,0.536845,0.2816,none,,,False,,14,0,,,
14,50,True,0.648807,1.0558,none,,,False,,14,0,,,
14,94,True,0.556898,0.4203,none,,,False,,14,0,,,
14,77,True,0.6854,1.3088,none,,,False,,14,0,,,
14,36,True,0.473708,-0.155,none,,,False,,14,0,,,
14,25,True,0.890775,2.7289,none,,,False,,14,0,,,
14,51,True,0.719857,1.547,none,,,False,,14,0,,,
14,95,True,0.467649,-0.1969,none,,,False,,14,0,,,
14,52,True,0.673452,1.2262,none,,,False,,14,0,,,
14,87,True,0.287702,-1.4411,none,,,False,,14,0,,,
14,91,True,0.233898,-1.8132,none,,,False,,14,0,,,
14,34,True,0.437087,-0.4082,none,,,False,,14,0,,,
14,58,True,0.988763,3.0,none,,,False,,14,0,,,
14,65,True,0.360838,-0.9354,none,,,False,,14,0,,,
14,14,True,0.496768,0.0045,none,,,False,,14,0,,,
14,71,True,0.378601,-0.8126,none,,,False,,14,0,,,
15,28,True,0.557306,0.4743,none,,,False,,15,0,,,
15,59,True,0.418862,-0.39,none,,,False,,15,0,,,
15,97,True,0.501956,0.1288,none,,,False,,15,0,,,
15,50,True,0.482713,0.0087,none,,,False,,15,0,,,
15,32,True,0.354815,-0.7898,none,,,False,,15,0,,,
15,52,True,0.214919,-1.6631,none,,,False,,15,0,,,
15,24,True,0.26849,-1.3287,none,,,False,,15,0,,,
15,43,True,0.480552,-0.0048,none,,,False,,15,0,,,
15,66,True,0.242032,-1.4939,none,,,False,,15,0,,,
15,77,True,0.783971,1.8894,none,,,False,,15,0,,,
15,73,True,0.34715,-0.8376,none,,,False,,15,0,,,
15,74,True,0.769619,1.7998,none,,,False,,15,0,,,
15,98,True,0.525411,0.2752,none,,,False,,15,0,,,
15,71,True,0.520806,0.2465,none,,,False,,15,0,,,
15,61,True,0.555526,0.4632,none,,,False,,15,0,,,
15,56,True,0.482102,0.0048,none,,,False,,15,0,,,
15,68,True,0.213844,-1.6699,none,,,False,,15,0,,,
15,67,True,0.41835,-0.3932,none,,,False,,15,0,,,
15,33,True,0.217873,-1.6447,none,,,False,,15,0,,,
15,53,True,0.32356,-0.9849,none,,,False,,15,0,,,
15,88,True,0.681083,1.247,none,,,False,,15,0,,,
15,91,True,0.22313,-1.6119,none,,,False,,15,0,,,
15,92,True,0.82486,2.1446,none,,,False,,15,0,,,
15,64,True,0.321196,-0.9997,none,,,False,,15,0,,,
15,54,True,0.384055,-0.6073,none,,,False,,15,0,,,
15,60,True,0.644996,1.0218,none,,,False,,15,0,,,
15,94,True,0.516123,0.2172,none,,,False,,15,0,,,
15,90,True,0.457638,-0.1479,none,,,False,,15,0,,,
15,3,True,0.497796,0.1028,none,,,False,,15,0,,,
15,37,True,0.532876,0.3218,none,,,False,,15,0,,,
15,87,True,0.338942,-0.8889,none,,,False,,15,0,,,
15,69,True,0.439869,-0.2588,none,,,False,,15,0,,,
15,93,True,0.301079,-1.1253,none,,,False,,15,0,,,
15,17,True,0.71299,1.4462,none,,,False,,15,0,,,
15,25,True,0.809202,2.0469,none,,,False,,15,0,,,
15,96,True,0.767956,1.7894,none,,,False,,15,0,,,
15,80,True,0.530854,0.3092,none,,,False,,15,0,,,
15,48,True,0.44203,-0.2453,none,,,False,,15,0,,,
15,57,True,0.569419,0.5499,none,,,False,,15,0,,,
15,62,True,0.558184,0.4798,none,,,False,,15,0,,,
15,89,True,0.362515,-0.7417,none,,,False,,15,0,,,
15,1,True,0.394814,-0.5401,none,,,False,,15,0,,,
15,65,True,0.298146,-1.1436,none,,,False,,15,0,,,
15,22,True,0.319065,-1.013,none,,,False,,15,0,,,
15,31,True,0.419998,-0.3829,none,,,False,,15,0,,,
15,14,True,0.427822,-0.334,none,,,False,,15,0,,,
15,7,True,0.482367,0.0065,none,,,False,,15,0,,,
15,84,True,0.538378,0.3562,none,,,False,,15,0,,,
15,5,True,1.100145,3.0,none,,,False,,15,0,,,
15,46,True,0.609908,0.8027,none,,,False,,15,0,,,
16,86,True,0.502855,-0.0322,none,,,False,,16,0,,,
16,50,True,0.426542,-0.4387,none,,,False,,16,0,,,
16,51,True,0.6241,0.6136,none,,,False,,16,0,,,
16,56,True,0.571191,0.3317,none,,,False,,16,0,,,
16,48,True,0.625814,0.6227,none,,,False,,16,0,,,
16,30,True,0.713305,1.0887,none,,,False,,16,0,,,
16,5,True,0.707419,1.0573,none,,,False,,16,0,,,
16,91,True,0.202135,-1.6339,none,,,False,,16,0,,,
16,80,True,0.519919,0.0587,none,,,False,,16,0,,,
16,76,True,0.46102,-0.255,none,,,False,,16,0,,,
16,83,True,0.368745,-0.7465,none,,,False,,16,0,,,
16,54,True,0.33517,-0.9253,none,,,False,,16,0,,,
16,46,True,0.447734,-0.3258,none,,,False,,16,0,,,
16,92,True,0.514954,0.0322,none,,,False,,16,0,,,
16,35,True,0.524037,0.0806,none,,,False,,16,0,,,
16,26,True,0.448585,-0.3213,none,,,False,,16,0,,,
16,40,True,0.74223,1.2427,none,,,False,,16,0,,,
16,53,True,0.444743,-0.3417,none,,,False,,16,0,,,
16,28,True,0.55628,0.2523,none,,,False,,16,0,,,
16,57,True,0.499884,-0.048,none,,,False,,16,0,,,
16,22,True,0.253545,-1.3601,none,,,False,,16,0,,,
16,34,True,0.606229,0.5184,none,,,False,,16,0,,,
16,8,True,0.327795,-0.9646,none,,,False,,16,0,,,
16,65,True,0.322558,-0.9925,none,,,False,,16,0,,,
16,10,True,0.593979,0.4531,none,,,False,,16,0,,,
16,27,True,0.325197,-0.9785,none,,,False,,16,0,,,
16,89,True,0.371985,-0.7293,none,,,False,,16,0,,,
16,16,True,0.746089,1.2633,none,,,False,,16,0,,,
16,36,True,0.728656,1.1704,none,,,False,,16,0,,,
16,72,True,0.474525,-0.1831,none,,,False,,16,0,,,
16,75,True,0.36865,-0.747,none,,,False,,16,0,,,
16,73,True,0.274077,-1.2507,none,,,False,,16,0,,,
16,42,True,0.497878,-0.0587,none,,,False,,16,0,,,
16,84,True,0.263797,-1.3055,none,,,False,,16,0,,,
16,71,True,0.317718,-1.0183,none,,,False,,16,0,,,
16,62,True,0.57768,0.3663,none,,,False,,16,0,,,
16,79,True,0.593451,0.4503,none,,,False,,16,0,,,
16,12,True,0.792449,1.5102,none,,,False,,16,0,,,
16,4,True,0.531381,0.1197,none,,,False,,16,0,,,
16,17,True,0.77961,1.4418,none,,,False,,16,0,,,
16,0,True,0.479004,-0.1593,none,,,False,,16,0,,,
16,95,True,0.322703,-0.9917,none,,,False,,16,0,,,
16,93,True,0.31632,-1.0257,none,,,False,,16,0,,,
16,13,True,0.632525,0.6584,none,,,False,,16,0,,,
16,11,True,0.905204,2.1108,none,,,False,,16,0,,,
16,98,True,0.638557,0.6906,none,,,False,,16,0,,,
16,45,True,0.348604,-0.8538,none,,,False,,16,0,,,
16,14,True,0.592364,0.4445,none,,,False,,16,0,,,
16,49,True,0.519878,0.0584,none,,,False,,16,0,,,
16,74,True,0.725974,1.1562,none,,,False,,16,0,,,
17,24,True,0.345573,-0.5193,none,,,False,,17,0,,,
17,9,True,0.468781,0.1429,none,,,False,,17,0,,,
17,32,True,0.483464,0.2218,none,,,False,,17,0,,,
17,78,True,0.290928,-0.813,none,,,False,,17,0,,,
17,31,True,0.38861,-0.288,none,,,False,,17,0,,,
17,87,True,0.360566,-0.4388,none,,,False,,17,0,,,
17,84,True,0.57302,0.7031,none,,,False,,17,0,,,
17,17,True,0.625533,0.9854,none,,,False,,17,0,,,
17,64,True,0.260405,-0.9771,none,,,False,,17,0,,,
17,80,True,0.566576,0.6685,none,,,False,,17,0,,,
17,21,True,0.343248,-0.5318,none,,,False,,17,0,,,
17,54,True,0.319876,-0.6575,none,,,False,,17,0,,,
17,43,True,0.276885,-0.8885,none,,,False,,17,0,,,
17,93,True,0.282432,-0.8587,none,,,False,,17,0,,,
17,55,True,0.322957,-0.6409,none,,,False,,17,0,,,
17,26,True,0.434548,-0.0411,none,,,False,,17,0,,,
17,65,True,0.256631,-0.9974,none,,,False,,17,0,,,
17,8,True,0.200684,-1.2981,none,,,False,,17,0,,,
17,69,True,0.391099,-0.2746,none,,,False,,17,0,,,
17,60,True,0.746455,1.6353,none,,,False,,17,0,,,
17,63,True,0.402859,-0.2114,none,,,False,,17,0,,,
17,56,True,0.347777,-0.5075,none,,,False,,17,0,,,
17,0,True,0.409147,-0.1776,none,,,False,,17,0,,,
17,70,True,0.276189,-0.8923,none,,,False,,17,0,,,
17,53,True,0.293294,-0.8003,none,,,False,,17,0,,,
17,81,True,0.680076,1.2785,none,,,False,,17,0,,,
17,15,True,0.568805,0.6805,none,,,False,,17,0,,,
17,83,True,0.512984,0.3805,none,,,False,,17,0,,,
17,76,True,0.415892,-0.1414,none,,,False,,17,0,,,
17,61,True,0.561169,0.6394,none,,,False,,17,0,,,
17,99,True,0.675794,1.2555,none,,,False,,17,0,,,
17,37,True,0.618751,0.9489,none,,,False,,17,0,,,
17,94,True,0.532063,0.483,none,,,False,,17,0,,,
17,13,True,1.012433,3.0,none,,,False,,17,0,,,
17,25,True,0.855688,2.2224,none,,,False,,17,0,,,
17,58,True,0.771677,1.7709,none,,,False,,17,0,,,
17,35,True,0.362041,-0.4308,none,,,False,,17,0,,,
17,75,True,0.280213,-0.8706,none,,,False,,17,0,,,
17,33,True,0.335235,-0.5749,none,,,False,,17,0,,,
17,22,True,0.359415,-0.4449,none,,,False,,17,0,,,
17,52,True,0.521397,0.4257,none,,,False,,17,0,,,
17,41,True,1.065249,3.0,none,,,False,,17,0,,,
17,27,True,0.449848,0.0411,none,,,False,,17,0,,,
17,90,True,0.472258,0.1616,none,,,False,,17,0,,,
17,74,True,0.87248,2.3127,none,,,False,,17,0,,,
17,73,True,0.33211,-0.5917,none,,,False,,17,0,,,
17,46,True,0.580384,0.7427,none,,,False,,17,0,,,
17,88,True,0.673247,1.2418,none,,,False,,17,0,,,
17,11,True,0.64803,1.1063,none,,,False,,17,0,,,
17,62,True,0.620378,0.9577,none,,,False,,17,0,,,
18,79,True,0.524331,0.0562,none,,,False,,18,0,,,
18,15,True,0.444325,-0.3511,none,,,False,,18,0,,,
18,4,True,0.468017,-0.2305,none,,,False,,18,0,,,
18,52,True,0.707178,0.9872,none,,,False,,18,0,,,
18,73,True,0.327289,-0.947,none,,,False,,18,0,,,
18,16,True,0.8808,1.8712,none,,,False,,18,0,,,
18,77,True,0.558526,0.2303,none,,,False,,18,0,,,
18,58,True,0.833079,1.6282,none,,,False,,18,0,,,
18,11,True,0.797708,1.4481,none,,,False,,18,0,,,
18,40,True,0.702334,0.9625,none,,,False,,18,0,,,
18,49,True,0.598964,0.4362,none,,,False,,18,0,,,
18,84,True,0.2765,-1.2056,none,,,False,,18,0,,,
18,32,True,0.398778,-0.583,none,,,False,,18,0,,,
18,28,True,0.756187,1.2367,none,,,False,,18,0,,,
18,68,True,0.198806,-1.6012,none,,,False,,18,0,,,
18,69,True,0.462463,-0.2588,none,,,False,,18,0,,,
18,82,True,0.837144,1.6489,none,,,False,,18,0,,,
18,23,True,0.256477,-1.3076,none,,,False,,18,0,,,
18,85,True,0.326321,-0.952,none,,,False,,18,0,,,
18,12,True,0.771963,1.317,none,,,False,,18,0,,,
18,94,True,0.658751,0.7406,none,,,False,,18,0,,,
18,90,True,0.412896,-0.5112,none,,,False,,18,0,,,
18,36,True,0.6251,0.5693,none,,,False,,18,0,,,
18,53,True,0.439573,-0.3753,none,,,False,,18,0,,,
18,43,True,0.486645,-0.1357,none,,,False,,18,0,,,
18,35,True,0.51703,0.019,none,,,False,,18,0,,,
18,1,True,0.584771,0.3639,none,,,False,,18,0,,,
18,44,True,0.491541,-0.1107,none,,,False,,18,0,,,
18,27,True,0.391445,-0.6204,none,,,False,,18,0,,,
18,91,True,0.31713,-0.9988,none,,,False,,18,0,,,
18,24,True,0.245205,-1.365,none,,,False,,18,0,,,
18,92,True,0.552929,0.2018,none,,,False,,18,0,,,
18,55,True,0.712481,1.0142,none,,,False,,18,0,,,
18,46,True,0.559353,0.2345,none,,,False,,18,0,,,
18,22,True,0.309983,-1.0352,none,,,False,,18,0,,,
18,13,True,0.548257,0.178,none,,,False,,18,0,,,
18,81,True,0.509553,-0.019,none,,,False,,18,0,,,
18,6,True,0.507508,-0.0294,none,,,False,,18,0,,,
18,61,True,0.653286,0.7128,none,,,False,,18,0,,,
18,41,True,0.832604,1.6258,none,,,False,,18,0,,,
18,20,True,0.722044,1.0629,none,,,False,,18,0,,,
18,51,True,0.542076,0.1466,none,,,False,,18,0,,,
18,25,True,0.85378,1.7336,none,,,False,,18,0,,,
18,39,True,0.377333,-0.6922,none,,,False,,18,0,,,
18,34,True,0.505495,-0.0397,none,,,False,,18,0,,,
18,42,True,0.581022,0.3449,none,,,False,,18,0,,,
18,75,True,0.237077,-1.4064,none,,,False,,18,0,,,
18,21,True,0.384304,-0.6567,none,,,False,,18,0,,,
18,7,True,0.429202,-0.4281,none,,,False,,18,0,,,
18,70,True,0.234404,-1.42,none,,,False,,18,0,,,
19,70,True,0.279113,-1.0414,none,,,False,,19,0,,,
19,29,True,0.269945,-1.0851,none,,,False,,19,0,,,
19,98,True,0.391722,-0.5046,none,,,False,,19,0,,,
19,6,True,0.450116,-0.2262,none,,,False,,19,0,,,
19,8,True,0.353643,-0.6861,none,,,False,,19,0,,,
19,30,True,0.669357,0.8189,none,,,False,,19,0,,,
19,25,True,0.782185,1.3568,none,,,False,,19,0,,,
19,43,True,0.27803,-1.0466,none,,,False,,19,0,,,
19,78,True,0.287333,-1.0022,none,,,False,,19,0,,,
19,18,True,0.507045,0.0452,none,,,False,,19,0,,,
19,96,True,0.559909,0.2972,none,,,False,,19,0,,,
19,27,True,0.402175,-0.4547,none,,,False,,19,0,,,
19,21,True,0.322584,-0.8342,none,,,False,,19,0,,,
19,95,True,0.349953,-0.7037,none,,,False,,19,0,,,
19,55,True,0.554161,0.2698,none,,,False,,19,0,,,
19,49,True,0.721303,1.0665,none,,,False,,19,0,,,
19,46,True,0.611247,0.5419,none,,,False,,19,0,,,
19,50,True,0.537093,0.1884,none,,,False,,19,0,,,
19,89,True,0.361253,-0.6498,none,,,False,,19,0,,,
19,41,True,0.779778,1.3453,none,,,False,,19,0,,,
19,93,True,0.276597,-1.0534,none,,,False,,19,0,,,
19,47,True,0.703755,0.9829,none,,,False,,19,0,,,
19,97,True,0.489147,-0.0402,none,,,False,,19,0,,,
19,61,True,0.530921,0.159,none,,,False,,19,0,,,
19,23,True,0.297496,-0.9538,none,,,False,,19,0,,,
19,3,True,0.465638,-0.1522,none,,,False,,19,0,,,
19,19,True,0.77082,1.3026,none,,,False,,19,0,,,
19,60,True,0.749614,1.2015,none,,,False,,19,0,,,
19,91,True,0.160023,-1.6091,none,,,False,,19,0,,,
19,69,True,0.502917,0.0255,none,,,False,,19,0,,,
19,28,True,0.607114,0.5222,none,,,False,,19,0,,,
19,59,True,0.498277,0.0034,none,,,False,,19,0,,,
19,42,True,0.496863,-0.0034,none,,,False,,19,0,,,
19,5,True,1.189943,3.0,none,,,False,,19,0,,,
19,57,True,0.580755,0.3965,none,,,False,,19,0,,,
19,36,True,0.526207,0.1365,none,,,False,,19,0,,,
19,22,True,0.354301,-0.683,none,,,False,,19,0,,,
19,75,True,0.370987,-0.6034,none,,,False,,19,0,,,
19,71,True,0.481659,-0.0758,none,,,False,,19,0,,,
19,87,True,0.323904,-0.8279,none,,,False,,19,0,,,
19,51,True,0.590567,0.4433,none,,,False,,19,0,,,
19,82,True,0.652292,0.7376,none,,,False,,19,0,,,
19,52,True,0.723745,1.0782,none,,,False,,19,0,,,
19,12,True,0.384161,-0.5406,none,,,False,,19,0,,,
19,88,True,0.637283,0.666,none,,,False,,19,0,,,
19,94,True,0.486749,-0.0516,none,,,False,,19,0,,,
19,13,True,0.790561,1.3967,none,,,False,,19,0,,,
19,92,True,0.831333,1.5911,none,,,False,,19,0,,,
19,68,True,0.167456,-1.5737,none,,,False,,19,0,,,
19,32,True,0.388798,-0.5185,none,,,False,,19,0,,,
20,63,True,0.354527,-0.6881,none,,,False,,20,0,,,
20,40,True,0.80416,2.3484,none,,,False,,20,0,,,
20,71,True,0.310026,-0.9886,none,,,False,,20,0,,,
20,73,True,0.336685,-0.8086,none,,,False,,20,0,,,
20,15,True,0.55428,0.6609,none,,,False,,20,0,,,
20,37,True,0.506205,0.3362,none,,,False,,20,0,,,
20,7,True,0.58246,0.8512,none,,,False,,20,0,,,
20,1,True,0.493269,0.2489,none,,,False,,20,0,,,
20,72,True,0.378712,-0.5247,none,,,False,,20,0,,,
20,32,True,0.581293,0.8433,none,,,False,,20,0,,,
20,19,True,0.553285,0.6542,none,,,False,,20,0,,,
20,46,True,0.505225,0.3296,none,,,False,,20,0,,,
20,98,True,0.550355,0.6344,none,,,False,,20,0,,,
20,9,True,0.57412,0.7949,none,,,False,,20,0,,,
20,67,True,0.265932,-1.2864,none,,,False,,20,0,,,
20,29,True,0.245961,-1.4212,none,,,False,,20,0,,,
20,0,True,0.432969,-0.1583,none,,,False,,20,0,,,
20,57,True,0.517118,0.4099,none,,,False,,20,0,,,
20,66,True,0.266386,-1.2833,none,,,False,,20,0,,,
20,36,True,0.44981,-0.0446,none,,,False,,20,0,,,
20,44,True,0.258579,-1.336,none,,,False,,20,0,,,
20,53,True,0.508172,0.3495,none,,,False,,20,0,,,
20,80,True,0.410068,-0.313,none,,,False,,20,0,,,
20,76,True,0.305429,-1.0196,none,,,False,,20,0,,,
20,54,True,0.391778,-0.4365,none,,,False,,20,0,,,
20,93,True,0.268423,-1.2696,none,,,False,,20,0,,,
20,48,True,0.479672,0.1571,none,,,False,,20,0,,,
20,49,True,0.505155,0.3292,none,,,False,,20,0,,,
20,59,True,0.402348,-0.3651,none,,,False,,20,0,,,
20,94,True,0.413134,-0.2923,none,,,False,,20,0,,,
20,85,True,0.383296,-0.4938,none,,,False,,20,0,,,
20,11,True,0.715844,1.752,none,,,False,,20,0,,,
20,64,True,0.320108,-0.9205,none,,,False,,20,0,,,
20,18,True,0.566162,0.7411,none,,,False,,20,0,,,
20,5,True,1.078397,3.0,none,,,False,,20,0,,,
20,45,True,0.338188,-0.7984,none,,,False,,20,0,,,
20,69,True,0.382157,-0.5015,none,,,False,,20,0,,,
20,82,True,0.441642,-0.0998,none,,,False,,20,0,,,
20,78,True,0.206046,-1.6908,none,,,False,,20,0,,,
20,38,True,0.328469,-0.864,none,,,False,,20,0,,,
20,47,True,0.74715,1.9634,none,,,False,,20,0,,,
20,14,True,0.478621,0.15,none,,,False,,20,0,,,
20,39,True,0.204466,-1.7015,none,,,False,,20,0,,,
20,52,True,0.707193,1.6936,none,,,False,,20,0,,,
20,97,True,0.398569,-0.3906,none,,,False,,20,0,,,
20,42,True,0.510085,0.3624,none,,,False,,20,0,,,
20,99,True,0.463338,0.0468,none,,,False,,20,0,,,
20,86,True,0.46302,0.0446,none,,,False,,20,0,,,
20,10,True,0.624298,1.1337,none,,,False,,20,0,,,
20,92,True,0.572705,0.7853,none,,,False,,20,0,,,
21,77,True,0.613208,1.052,none,,,False,,21,0,,,
21,71,True,0.531142,0.5583,none,,,False,,21,0,,,
21,93,True,0.305908,-0.7967,none,,,False,,21,0,,,
21,38,True,0.203371,-1.4136,none,,,False,,21,0,,,
21,75,True,0.346661,-0.5516,none,,,False,,21,0,,,
21,64,True,0.22902,-1.2593,none,,,False,,21,0,,,
21,63,True,0.383202,-0.3317,none,,,False,,21,0,,,
21,73,True,0.276277,-0.975,none,,,False,,21,0,,,
21,4,True,0.530073,0.5518,none,,,False,,21,0,,,
21,39,True,0.284059,-0.9282,none,,,False,,21,0,,,
21,52,True,0.754019,1.8991,none,,,False,,21,0,,,
21,97,True,0.409054,-0.1762,none,,,False,,21,0,,,
21,5,True,1.045022,3.0,none,,,False,,21,0,,,
21,23,True,0.23473,-1.2249,none,,,False,,21,0,,,
21,82,True,0.583039,0.8705,none,,,False,,21,0,,,
21,67,True,0.275488,-0.9797,none,,,False,,21,0,,,
21,98,True,0.44296,0.0278,none,,,False,,21,0,,,
21,70,True,0.209914,-1.3742,none,,,False,,21,0,,,
21,47,True,0.780503,2.0584,none,,,False,,21,0,,,
21,36,True,0.537884,0.5988,none,,,False,,21,0,,,
21,56,True,0.522235,0.5047,none,,,False,,21,0,,,
21,66,True,0.229545,-1.2561,none,,,False,,21,0,,,
21,88,True,0.678635,1.4456,none,,,False,,21,0,,,
21,92,True,0.613003,1.0507,none,,,False,,21,0,,,
21,57,True,0.521845,0.5023,none,,,False,,21,0,,,
21,99,True,0.348558,-0.5402,none,,,False,,21,0,,,
21,79,True,0.299582,-0.8348,none,,,False,,21,0,,,
21,12,True,0.527861,0.5385,none,,,False,,21,0,,,
21,14,True,0.443347,0.0301,none,,,False,,21,0,,,
21,29,True,0.131587,-1.8454,none,,,False,,21,0,,,
21,13,True,0.770219,1.9966,none,,,False,,21,0,,,
21,51,True,0.690459,1.5167,none,,,False,,21,0,,,
21,95,True,0.433729,-0.0278,none,,,False,,21,0,,,
21,59,True,0.374602,-0.3835,none,,,False,,21,0,,,
21,55,True,0.726256,1.7321,none,,,False,,21,0,,,
21,8,True,0.345403,-0.5591,none,,,False,,21,0,,,
21,72,True,0.364302,-0.4454,none,,,False,,21,0,,,
21,81,True,0.523134,0.5101,none,,,False,,21,0,,,
21,30,True,0.645091,1.2438,none,,,False,,21,0,,,
21,37,True,0.352078,-0.519,none,,,False,,21,0,,,
21,86,True,0.371221,-0.4038,none,,,False,,21,0,,,
21,46,True,0.560776,0.7365,none,,,False,,21,0,,,
21,90,True,0.340631,-0.5878,none,,,False,,21,0,,,
21,34,True,0.416301,-0.1326,none,,,False,,21,0,,,
21,65,True,0.238088,-1.2047,none,,,False,,21,0,,,
21,21,True,0.465234,0.1618,none,,,False,,21,0,,,
21,94,True,0.540146,0.6124,none,,,False,,21,0,,,
21,40,True,0.583072,0.8707,none,,,False,,21,0,,,
21,27,True,0.514394,0.4575,none,,,False,,21,0,,,
21,16,True,0.426053,-0.0739,none,,,False,,21,0,,,
22,91,True,0.216076,-1.0581,none,,,False,,22,0,,,
22,11,True,0.673384,0.9192,none,,,False,,22,0,,,
22,40,True,0.687256,0.9792,none,,,False,,22,0,,,
22,78,True,0.28246,-0.771,none,,,False,,22,0,,,
22,71,True,0.426597,-0.1478,none,,,False,,22,0,,,
22,26,True,0.364081,-0.4181,none,,,False,,22,0,,,
22,39,True,0.279388,-0.7843,none,,,False,,22,0,,,
22,23,True,0.194967,-1.1493,none,,,False,,22,0,,,
22,59,True,0.347881,-0.4882,none,,,False,,22,0,,,
22,50,True,0.553083,0.3991,none,,,False,,22,0,,,
22,35,True,0.48296,0.0959,none,,,False,,22,0,,,
22,42,True,0.471175,0.0449,none,,,False,,22,0,,,
22,19,True,0.697622,1.024,none,,,False,,22,0,,,
22,4,True,0.420498,-0.1742,none,,,False,,22,0,,,
22,75,True,0.33122,-0.5602,none,,,False,,22,0,,,
22,58,True,0.641442,0.7811,none,,,False,,22,0,,,
22,96,True,0.343179,-0.5085,none,,,False,,22,0,,,
22,94,True,0.538588,0.3364,none,,,False,,22,0,,,
22,99,True,0.450401,-0.0449,none,,,False,,22,0,,,
22,41,True,0.764334,1.3124,none,,,False,,22,0,,,
22,30,True,0.488254,0.1188,none,,,False,,22,0,,,
22,70,True,0.243452,-0.9397,none,,,False,,22,0,,,
22,29,True,0.185172,-1.1917,none,,,False,,22,0,,,
22,10,True,0.358478,-0.4424,none,,,False,,22,0,,,
22,36,True,0.476695,0.0688,none,,,False,,22,0,,,
22,61,True,0.671992,0.9132,none,,,False,,22,0,,,
22,60,True,0.662195,0.8708,none,,,False,,22,0,,,
22,82,True,0.699793,1.0334,none,,,False,,22,0,,,
22,93,True,0.276601,-0.7964,none,,,False,,22,0,,,
22,77,True,0.681698,0.9551,none,,,False,,22,0,,,
22,98,True,0.497177,0.1573,none,,,False,,22,0,,,
22,44,True,0.444954,-0.0685,none,,,False,,22,0,,,
22,56,True,0.418364,-0.1834,none,,,False,,22,0,,,
22,27,True,0.42853,-0.1395,none,,,False,,22,0,,,
22,69,True,0.289144,-0.7421,none,,,False,,22,0,,,
22,48,True,0.511979,0.2213,none,,,False,,22,0,,,
22,66,True,0.16809,-1.2655,none,,,False,,22,0,,,
22,90,True,0.473451,0.0548,none,,,False,,22,0,,,
22,25,True,0.664021,0.8787,none,,,False,,22,0,,,
22,73,True,0.291244,-0.733,none,,,False,,22,0,,,
22,62,True,0.619515,0.6863,none,,,False,,22,0,,,
22,74,True,0.85398,1.7,none,,,False,,22,0,,,
22,24,True,0.263595,-0.8526,none,,,False,,22,0,,,
22,13,True,0.614061,0.6627,none,,,False,,22,0,,,
22,53,True,0.357009,-0.4487,none,,,False,,22,0,,,
22,43,True,0.418303,-0.1837,none,,,False,,22,0,,,
22,47,True,0.687343,0.9795,none,,,False,,22,0,,,
22,49,True,0.652806,0.8302,none,,,False,,22,0,,,
22,7,True,0.529455,0.2969,none,,,False,,22,0,,,
22,20,True,0.333643,-0.5497,none,,,False,,22,0,,,
23,95,True,0.424269,-0.0583,none,,,False,,23,0,,,
23,32,True,0.419127,-0.0882,none,,,False,,23,0,,,
23,85,True,0.363335,-0.4126,none,,,False,,23,0,,,
23,49,True,0.626532,1.1175,none,,,False,,23,0,,,
23,53,True,0.377231,-0.3318,none,,,False,,23,0,,,
23,87,True,0.363221,-0.4132,none,,,False,,23,0,,,
23,52,True,0.748646,1.8274,none,,,False,,23,0,,,
23,8,True,0.333087,-0.5884,none,,,False,,23,0,,,
23,1,True,0.535081,0.5859,none,,,False,,23,0,,,
23,60,True,0.430885,-0.0199,none,,,False,,23,0,,,
23,88,True,0.689251,1.4821,none,,,False,,23,0,,,
23,61,True,0.63822,1.1854,none,,,False,,23,0,,,
23,45,True,0.323924,-0.6417,none,,,False,,23,0,,,
23,16,True,0.759645,1.8913,none,,,False,,23,0,,,
23,86,True,0.437722,0.0199,none,,,False,,23,0,,,
23,56,True,0.148662,-1.6605,none,,,False,,23,0,,,
23,20,True,0.843805,2.3806,none,,,False,,23,0,,,
23,72,True,0.463609,0.1704,none,,,False,,23,0,,,
23,37,True,0.153862,-1.6303,none,,,False,,23,0,,,
23,44,True,0.447569,0.0771,none,,,False,,23,0,,,
23,64,True,0.303534,-0.7602,none,,,False,,23,0,,,
23,77,True,0.473589,0.2284,none,,,False,,23,0,,,
23,94,True,0.44524,0.0636,none,,,False,,23,0,,,
23,39,True,0.291821,-0.8283,none,,,False,,23,0,,,
23,93,True,0.323465,-0.6443,none,,,False,,23,0,,,
23,92,True,0.573588,0.8097,none,,,False,,23,0,,,
23,59,True,0.367728,-0.387,none,,,False,,23,0,,,
23,9,True,0.395622,-0.2249,none,,,False,,23,0,,,
23,12,True,0.736342,1.7558,none,,,False,,23,0,,,
23,22,True,0.317429,-0.6794,none,,,False,,23,0,,,
23,13,True,0.598016,0.9517,none,,,False,,23,0,,,
23,43,True,0.505358,0.4131,none,,,False,,23,0,,,
23,30,True,0.693893,1.5091,none,,,False,,23,0,,,
23,48,True,0.502316,0.3954,none,,,False,,23,0,,,
23,4,True,0.456877,0.1312,none,,,False,,23,0,,,
23,42,True,0.528199,0.5458,none,,,False,,23,0,,,
23,62,True,0.636929,1.1779,none,,,False,,23,0,,,
23,40,True,0.602068,0.9753,none,,,False,,23,0,,,
23,67,True,0.221672,-1.2361,none,,,False,,23,0,,,
23,26,True,0.319129,-0.6695,none,,,False,,23,0,,,
23,29,True,0.279943,-0.8973,none,,,False,,23,0,,,
23,5,True,0.919895,2.8229,none,,,False,,23,0,,,
23,78,True,0.17037,-1.5343,none,,,False,,23,0,,,
23,75,True,0.24846,-1.0804,none,,,False,,23,0,,,
23,10,True,0.423091,-0.0652,none,,,False,,23,0,,,
23,14,True,0.566417,0.768,none,,,False,,23,0,,,
23,38,True,0.18069,-1.4743,none,,,False,,23,0,,,
23,54,True,0.335867,-0.5722,none,,,False,,23,0,,,
23,66,True,0.174481,-1.5104,none,,,False,,23,0,,,
23,50,True,0.477306,0.25,none,,,False,,23,0,,,
24,44,True,0.133412,-1.943,none,,,False,,24,0,,,
24,80,True,0.559505,0.9951,none,,,False,,24,0,,,
24,99,True,0.612033,1.3573,none,,,False,,24,0,,,
24,26,True,0.325989,-0.6151,none,,,False,,24,0,,,
24,30,True,0.75221,2.3239,none,,,False,,24,0,,,
24,17,True,0.567405,1.0496,none,,,False,,24,0,,,
24,31,True,0.334423,-0.5569,none,,,False,,24,0,,,
24,81,True,0.693092,1.9162,none,,,False,,24,0,,,
24,3,True,0.423986,0.0607,none,,,False,,24,0,,,
24,75,True,0.396366,-0.1298,none,,,False,,24,0,,,
24,22,True,0.31125,-0.7167,none,,,False,,24,0,,,
24,77,True,0.805802,2.6934,none,,,False,,24,0,,,
24,11,True,0.592039,1.2194,none,,,False,,24,0,,,
24,14,True,0.443733,0.1968,none,,,False,,24,0,,,
24,84,True,0.297358,-0.8125,none,,,False,,24,0,,,
24,43,True,0.065772,-2.4094,none,,,False,,24,0,,,
24,37,True,0.392866,-0.1539,none,,,False,,24,0,,,
24,50,True,0.490925,0.5222,none,,,False,,24,0,,,
24,68,True,0.295459,-0.8256,none,,,False,,24,0,,,
24,92,True,0.720593,2.1059,none,,,False,,24,0,,,
24,63,True,-0.00746,-2.9143,none,,,False,,24,0,,,
24,93,True,0.33037,-0.5849,none,,,False,,24,0,,,
24,82,True,0.412718,-0.017,none,,,False,,24,0,,,
24,95,True,0.427996,0.0883,none,,,False,,24,0,,,
24,29,True,0.218832,-1.354,none,,,False,,24,0,,,
24,89,True,0.418087,0.02,none,,,False,,24,0,,,
24,87,True,0.335042,-0.5527,none,,,False,,24,0,,,
24,13,True,0.546665,0.9066,none,,,False,,24,0,,,
24,62,True,0.542421,0.8773,none,,,False,,24,0,,,
24,21,True,0.392406,-0.1571,none,,,False,,24,0,,,
24,45,True,0.356502,-0.4047,none,,,False,,24,0,,,
24,0,True,0.403836,-0.0783,none,,,False,,24,0,,,
24,16,True,0.461359,0.3184,none,,,False,,24,0,,,
24,48,True,0.417661,0.017,none,,,False,,24,0,,,
24,76,True,0.336946,-0.5395,none,,,False,,24,0,,,
24,39,True,0.190818,-1.5471,none,,,False,,24,0,,,
24,94,True,0.495312,0.5525,none,,,False,,24,0,,,
24,5,True,0.675017,1.7916,none,,,False,,24,0,,,
24,8,True,0.159592,-1.7625,none,,,False,,24,0,,,
24,97,True,0.495121,0.5512,none,,,False,,24,0,,,
24,35,True,0.438782,0.1627,none,,,False,,24,0,,,
24,69,True,0.379743,-0.2444,none,,,False,,24,0,,,
24,67,True,0.238247,-1.2201,none,,,False,,24,0,,,
24,19,True,0.808747,2.7137,none,,,False,,24,0,,,
24,7,True,0.248733,-1.1478,none,,,False,,24,0,,,
24,40,True,0.389864,-0.1746,none,,,False,,24,0,,,
24,85,True,0.34059,-0.5144,none,,,False,,24,0,,,
24,51,True,0.763164,2.3994,none,,,False,,24,0,,,
24,49,True,0.58814,1.1926,none,,,False,,24,0,,,
24,34,True,0.506885,0.6323,none,,,False,,24,0,,,
25,42,True,0.58412,0.6691,none,,,False,,25,0,,,
25,79,True,0.431543,-0.1967,none,,,False,,25,0,,,
25,61,True,0.614048,0.839,none,,,False,,25,0,,,
25,13,True,0.445428,-0.1179,none,,,False,,25,0,,,
25,90,True,0.448554,-0.1002,none,,,False,,25,0,,,
25,3,True,0.495391,0.1656,none,,,False,,25,0,,,
25,98,True,0.495017,0.1635,none,,,False,,25,0,,,
25,15,True,0.58594,0.6795,none,,,False,,25,0,,,
25,1,True,0.481998,0.0896,none,,,False,,25,0,,,
25,21,True,0.296389,-0.9637,none,,,False,,25,0,,,
25,55,True,0.476816,0.0602,none,,,False,,25,0,,,
25,6,True,0.318427,-0.8386,none,,,False,,25,0,,,
25,67,True,0.166271,-1.702,none,,,False,,25,0,,,
25,65,True,0.220516,-1.3942,none,,,False,,25,0,,,
25,41,True,0.710619,1.387,none,,,False,,25,0,,,
25,7,True,0.514573,0.2745,none,,,False,,25,0,,,
25,72,True,0.487052,0.1183,none,,,False,,25,0,,,
25,68,True,0.152425,-1.7806,none,,,False,,25,0,,,
25,4,True,0.387611,-0.446,none,,,False,,25,0,,,
25,26,True,0.344829,-0.6888,none,,,False,,25,0,,,
25,2,True,0.92445,2.6004,none,,,False,,25,0,,,
25,83,True,0.442905,-0.1322,none,,,False,,25,0,,,
25,46,True,0.465426,-0.0044,none,,,False,,25,0,,,
25,91,True,0.191458,-1.5591,none,,,False,,25,0,,,
25,73,True,0.290198,-0.9988,none,,,False,,25,0,,,
25,94,True,0.402596,-0.361,none,,,False,,25,0,,,
25,44,True,0.121156,-1.9581,none,,,False,,25,0,,,
25,49,True,0.706338,1.3627,none,,,False,,25,0,,,
25,96,True,0.348222,-0.6695,none,,,False,,25,0,,,
25,82,True,0.500065,0.1921,none,,,False,,25,0,,,
25,16,True,-0.076375,-3.0,none,,,False,,25,0,,,
25,9,True,0.413235,-0.3006,none,,,False,,25,0,,,
25,43,True,0.482468,0.0923,none,,,False,,25,0,,,
25,51,True,0.578488,0.6372,none,,,False,,25,0,,,
25,28,True,0.527117,0.3457,none,,,False,,25,0,,,
25,31,True,0.429869,-0.2062,none,,,False,,25,0,,,
25,59,True,0.466986,0.0044,none,,,False,,25,0,,,
25,5,True,0.846061,2.1556,none,,,False,,25,0,,,
25,40,True,0.607746,0.8032,none,,,False,,25,0,,,
25,70,True,0.226209,-1.3619,none,,,False,,25,0,,,
25,92,True,0.112219,-2.0088,none,,,False,,25,0,,,
25,47,True,0.654213,1.0669,none,,,False,,25,0,,,
25,11,True,0.82432,2.0322,none,,,False,,25,0,,,
25,25,True,0.823773,2.0291,none,,,False,,25,0,,,
25,19,True,0.61249,0.8301,none,,,False,,25,0,,,
25,12,True,0.49071,0.1391,none,,,False,,25,0,,,
25,85,True,0.434541,-0.1797,none,,,False,,25,0,,,
25,58,True,0.919043,2.5697,none,,,False,,25,0,,,
25,63,True,0.414134,-0.2955,none,,,False,,25,0,,,
25,38,True,0.334263,-0.7487,none,,,False,,25,0,,,
26,2,True,0.959045,2.7955,none,,,False,,26,0,0.1996,3.0558,
26,5,True,1.06338,3.0,none,,,False,,26,0,0.096,2.3745,
26,52,True,0.787254,1.663,none,,,False,,26,0,0.1451,1.9454,
26,74,True,0.908698,2.4636,none,,,False,,26,0,0.1825,1.8737,
26,58,True,0.909097,2.4662,none,,,False,,26,0,0.1299,1.804,
26,19,True,0.644694,0.7231,none,,,False,,26,0,0.1038,1.6517,
26,51,True,0.649461,0.7545,none,,,False,,26,0,0.096,1.6356,
26,25,True,0.901361,2.4152,none,,,False,,26,0,0.0983,1.5428,
26,11,True,0.921508,2.548,none,,,False,,26,0,0.1182,1.529,
26,47,True,0.626322,0.602,none,,,False,,26,0,0.1421,1.519,
26,41,True,0.58948,0.3591,none,,,False,,26,0,0.1299,1.4926,
26,30,True,0.694943,1.0544,none,,,False,,26,0,0.1173,1.4463,
26,77,True,0.618016,0.5472,none,,,False,,26,0,0.1205,1.4259,
26,49,True,0.780597,1.6191,none,,,False,,26,0,0.1038,1.3533,
26,88,True,0.510999,-0.1583,none,,,False,,26,0,0.1308,1.327,
26,17,True,0.463544,-0.4712,none,,,False,,26,0,0.1684,1.317,
26,20,True,0.51993,-0.0994,none,,,False,,26,0,0.1955,1.1312,
26,61,True,0.401488,-0.8803,none,,,False,,26,0,0.096,1.097,
26,62,True,0.595786,0.4007,none,,,False,,26,0,0.1433,1.0582,
26,12,True,0.539866,0.032,none,,,False,,26,0,0.1182,0.9498,
26,81,True,0.47703,-0.3823,none,,,False,,26,0,0.1144,0.9274,
26,28,True,0.646136,0.7326,none,,,False,,26,0,0.1299,0.8459,
26,55,True,0.657918,0.8103,none,,,False,,26,0,0.1299,0.8317,
26,60,True,0.649822,0.7569,none,,,False,,26,0,0.1451,0.8228,
26,13,True,0.519914,-0.0995,none,,,False,,26,0,0.096,0.698,
26,40,True,0.41543,-0.7884,none,,,False,,26,0,0.0983,0.6559,
26,80,True,0.47351,-0.4055,none,,,False,,26,0,0.1433,0.5945,
26,57,True,0.469808,-0.4299,none,,,False,,26,0,0.1721,0.5749,
26,42,True,0.558452,0.1545,none,,,False,,26,0,0.101,0.545,
26,50,True,0.519267,-0.1038,none,,,False,,26,0,0.1317,0.5291,
26,82,True,0.654854,0.7901,none,,,False,,26,0,0.096,0.5207,
26,46,True,0.634914,0.6586,none,,,False,,26,0,0.1182,0.4926,
26,15,True,0.480702,-0.3581,none,,,False,,26,0,0.1421,0.4805,
26,1,True,0.468232,-0.4403,none,,,False,,26,0,0.1421,0.4589,
26,14,True,0.569825,0.2295,none,,,False,,26,0,0.1144,0.4566,
26,92,True,0.751136,1.4248,none,,,False,,26,0,0.0917,0.4141,
26,99,True,0.52492,-0.0665,none,,,False,,26,0,0.1555,0.4082,
26,36,True,0.517393,-0.1162,none,,,False,,26,0,0.1825,0.3584,
26,10,True,0.381676,-1.0109,none,,,False,,26,0,0.1451,0.3474,
26,48,True,0.530159,-0.032,none,,,False,,26,0,0.1072,0.326,
26,18,True,0.557009,0.145,none,,,False,,26,0,0.2359,0.3218,
26,34,True,0.485906,-0.3237,none,,,False,,26,0,0.1555,0.3041,
26,98,True,0.525003,-0.066,none,,,False,,26,0,0.1182,0.2549,
26,32,True,0.430297,-0.6904,none,,,False,,26,0,0.169,0.2296,
26,16,True,0.49697,-0.2508,cusum,,,True,negative,26,0,0.301,-0.6384,
26,33,True,0.310492,-1.4802,none,,,False,,26,0,0.2763,-1.0988,
26,64,True,0.301345,-1.5405,none,,,False,,26,0,0.1955,-0.8133,
26,83,True,0.375282,-1.0531,none,,,False,,26,0,0.1834,0.0107,
26,86,True,0.40273,-0.8721,none,,,False,,26,0,0.1818,0.045,
26,54,True,0.259543,-1.8161,none,,,False,,26,0,0.169,-0.4046,
27,2,True,0.61823,0.7,cusum,,,True,positive,27,0,0.3849,3.9754,
27,5,True,1.062993,3.0,cusum,,,True,positive,27,0,0.2933,3.4304,
27,58,True,0.767121,1.781,cusum,,,True,positive,27,0,0.3211,3.0777,
27,11,True,0.83465,2.2712,cusum,,,True,positive,27,0,0.3102,3.0669,
27,25,True,0.755249,1.6948,cusum,,,True,positive,27,0,0.2955,2.8922,
27,74,True,0.665606,1.044,none,,,False,,27,0,0.1325,2.3031,
27,52,True,0.68786,1.2055,none,,,False,,27,0,0.1102,1.9301,
27,30,True,0.512186,-0.0698,none,,,False,,27,0,0.1005,1.7541,
27,19,True,0.645365,0.897,none,,,False,,27,0,0.1005,1.5473,
27,49,True,0.380871,-1.0232,none,,,False,,27,0,0.1005,1.5164,
27,51,True,0.697333,1.2743,none,,,False,,27,0,0.0933,1.3784,
27,77,True,0.513744,-0.0585,none,,,False,,27,0,0.1033,1.2854,
27,41,True,0.614032,0.6696,none,,,False,,27,0,0.1211,1.1582,
27,88,True,0.571909,0.3637,none,,,False,,27,0,0.1005,1.0481,
27,47,True,0.563739,0.3044,none,,,False,,27,0,0.1325,1.0271,
27,55,True,0.295263,-1.6447,none,,,False,,27,0,0.1211,1.0062,
27,62,True,0.499191,-0.1642,none,,,False,,27,0,0.1211,0.9573,
27,81,True,0.529521,0.056,none,,,False,,27,0,0.0979,0.8026,
27,12,True,0.466527,-0.4013,none,,,False,,27,0,0.1102,0.7759,
27,20,True,0.245546,-2.0056,none,,,False,,27,0,0.157,0.7352,
27,28,True,0.428918,-0.6744,none,,,False,,27,0,0.1211,0.6722,
27,17,True,0.648853,0.9224,none,,,False,,27,0,0.1444,0.672,
27,60,True,0.536625,0.1076,none,,,False,,27,0,0.1102,0.6696,
27,92,True,0.655127,0.9679,none,,,False,,27,0,0.0893,0.6164,
27,46,True,0.522124,0.0023,none,,,False,,27,0,0.1102,0.5972,
27,42,True,0.481565,-0.2921,none,,,False,,27,0,0.0979,0.5778,
27,99,True,0.391367,-0.947,none,,,False,,27,0,0.1325,0.5596,
27,14,True,0.400322,-0.882,none,,,False,,27,0,0.0979,0.5194,
27,61,True,0.562742,0.2972,none,,,False,,27,0,0.0933,0.4961,
27,15,True,0.512532,-0.0673,none,,,False,,27,0,0.1325,0.4718,
27,18,True,0.564834,0.3124,none,,,False,,27,0,0.157,0.4686,
27,82,True,0.607291,0.6206,none,,,False,,27,0,0.0933,0.4364,
27,50,True,0.52388,0.0151,none,,,False,,27,0,0.1102,0.3564,
27,13,True,0.655469,0.9704,none,,,False,,27,0,0.0933,0.3444,
27,36,True,0.499115,-0.1647,none,,,False,,27,0,0.1325,0.3281,
27,57,True,0.558908,0.2694,none,,,False,,27,0,0.1102,0.2944,
27,48,True,0.55654,0.2522,none,,,False,,27,0,0.0912,0.2386,
27,80,True,0.466953,-0.3982,none,,,False,,27,0,0.1211,0.2309,
27,9,True,0.295539,-1.6427,none,,,False,,27,0,0.1341,0.2285,
27,1,True,0.492576,-0.2122,none,,,False,,27,0,0.1325,0.2227,
27,35,True,0.416405,-0.7652,none,,,False,,27,0,0.1293,0.2216,
27,98,True,0.484531,-0.2706,none,,,False,,27,0,0.1102,0.2186,
27,34,True,0.432935,-0.6452,none,,,False,,27,0,0.1325,0.203,
27,16,True,0.631074,0.7933,none,,,False,,27,0,0.2979,-1.3562,
27,45,True,0.390118,-0.956,none,,,False,,27,0,0.1829,-0.4568,
27,24,True,0.261529,-1.8896,none,,,False,,27,0,0.173,-0.7736,
27,83,True,0.428882,-0.6746,none,,,False,,27,0,0.1704,-0.1016,
27,29,True,0.263128,-1.878,none,,,False,,27,0,0.1703,-0.9969,
27,39,True,0.115108,-2.9526,none,,,False,,27,0,0.1703,-0.9025,
27,76,True,0.521487,-0.0023,none,,,False,,27,0,0.1703,-0.4161,
28,5,True,1.134594,3.0,none,,,False,,28,0,0.2908,3.8303,
28,11,True,0.896713,3.0,none,,,False,,28,0,0.3029,3.4129,
28,58,True,0.857789,2.8508,none,,,False,,28,0,0.3132,3.4059,
28,2,True,0.639137,0.8853,none,,,False,,28,0,0.372,3.1987,
28,25,True,0.866579,2.9298,none,,,False,,28,0,0.2928,3.1611,
28,74,True,0.583691,0.3869,cusum,,,True,positive,28,0,0.3239,2.8745,
28,52,True,0.584957,0.3983,none,,,False,,28,0,0.1029,1.6944,
28,30,True,0.541938,0.0116,none,,,False,,28,0,0.0974,1.2241,
28,77,True,0.249336,-2.6186,none,,,False,,28,0,0.1,1.1857,
28,51,True,0.564635,0.2156,none,,,False,,28,0,0.0908,1.0005,
28,41,True,0.577609,0.3323,none,,,False,,28,0,0.1132,0.9388,
28,19,True,0.703483,1.4638,none,,,False,,28,0,0.0974,0.938,
28,47,True,0.580402,0.3574,none,,,False,,28,0,0.1239,0.7964,
28,49,True,0.595566,0.4937,none,,,False,,28,0,0.0974,0.7741,
28,88,True,0.548832,0.0736,none,,,False,,28,0,0.0974,0.6838,
28,81,True,0.467077,-0.6613,none,,,False,,28,0,0.095,0.6478,
28,82,True,0.545187,0.0408,none,,,False,,28,0,0.0908,0.6461,
28,17,True,0.611441,0.6364,none,,,False,,28,0,0.135,0.6446,
28,18,True,0.518775,-0.1966,none,,,False,,28,0,0.1466,0.5503,
28,62,True,0.62344,0.7442,none,,,False,,28,0,0.1132,0.5049,
28,60,True,0.616169,0.6789,none,,,False,,28,0,0.1029,0.4106,
28,13,True,0.661183,1.0835,none,,,False,,28,0,0.0908,0.3628,
28,46,True,0.570942,0.2723,none,,,False,,28,0,0.1029,0.3479,
28,42,True,0.507178,-0.3008,none,,,False,,28,0,0.095,0.295,
28,50,True,0.501096,-0.3555,none,,,False,,28,0,0.1029,0.2736,
28,28,True,0.630821,0.8106,none,,,False,,28,0,0.1132,0.2683,
28,99,True,0.380134,-1.4429,none,,,False,,28,0,0.1239,0.2533,
28,57,True,0.514747,-0.2328,none,,,False,,28,0,0.1029,0.243,
28,20,True,0.589194,0.4364,none,,,False,,28,0,0.1466,0.2426,
28,92,True,0.709305,1.5161,none,,,False,,28,0,0.0871,0.2346,
28,15,True,0.398209,-1.2804,none,,,False,,28,0,0.1239,0.2234,
28,80,True,0.432487,-0.9723,none,,,False,,28,0,0.1132,0.1974,
28,61,True,0.540817,0.0015,none,,,False,,28,0,0.0908,0.1971,
28,94,True,0.540476,-0.0015,none,,,False,,28,0,0.1158,0.1968,
28,48,True,0.515255,-0.2282,none,,,False,,28,0,0.0889,0.1882,
28,3,True,0.505088,-0.3196,none,,,False,,28,0,0.16,0.169,
28,32,True,0.481183,-0.5345,none,,,False,,28,0,0.1475,0.1659,
28,97,True,0.445985,-0.8509,none,,,False,,28,0,0.1725,0.1391,
28,95,True,0.379378,-1.4496,none,,,False,,28,0,0.1325,0.1186,
28,72,True,0.409161,-1.1819,none,,,False,,28,0,0.1489,0.0864,
28,27,True,0.466099,-0.6701,none,,,False,,28,0,0.1625,0.0794,
28,98,True,0.460912,-0.7167,none,,,False,,28,0,0.1029,0.0714,
28,36,True,0.487898,-0.4742,none,,,False,,28,0,0.1239,0.068,
28,39,True,0.287927,-2.2717,cusum,,,True,negative,28,0,0.335,-2.1317,
28,16,True,0.688806,1.3318,none,,,False,,28,0,0.295,-1.2013,
28,84,True,0.402842,-1.2387,none,,,False,,28,0,0.1841,-0.2876,
28,31,True,0.400038,-1.2639,none,,,False,,28,0,0.1839,-0.1923,
28,79,True,0.510287,-0.2729,none,,,False,,28,0,0.1839,-0.167,
28,71,True,0.360686,-1.6177,none,,,False,,28,0,0.1757,-0.0591,
28,53,True,0.340906,-1.7955,none,,,False,,28,0,0.1739,-0.005,
29,5,True,0.869387,2.4304,cusum,,,True,positive,29,0,0.2884,4.1091,
29,11,True,0.783566,1.817,cusum,,,True,positive,29,0,0.2996,3.7314,
29,58,True,0.979585,3.0,cusum,,,True,positive,29,0,0.3059,3.4951,
29,25,True,0.804441,1.9662,cusum,,,True,positive,29,0,0.2903,3.4584,
29,2,True,0.716476,1.3375,none,,,False,,29,0,0.3607,2.6184,
29,74,True,0.676581,1.0523,none,,,False,,29,0,0.316,2.4318,
29,92,True,0.399397,-0.9289,cusum,,,True,positive,29,0,0.285,2.4072,
29,19,True,0.561719,0.2313,cusum,,,True,positive,29,0,0.2946,2.1458,
29,52,True,0.800286,1.9365,none,,,False,,29,0,0.0996,1.2139,
29,51,True,0.69113,1.1563,none,,,False,,29,0,0.0884,0.8573,
29,13,True,0.449726,-0.5691,none,,,False,,29,0,0.0884,0.7606,
29,60,True,0.523436,-0.0423,none,,,False,,29,0,0.0996,0.6395,
29,82,True,0.749391,1.5727,none,,,False,,29,0,0.0884,0.5929,
29,41,True,0.917242,2.7725,none,,,False,,29,0,0.1059,0.5827,
29,47,True,0.610288,0.5785,none,,,False,,29,0,0.116,0.5549,
29,17,True,0.617653,0.6311,none,,,False,,29,0,0.1264,0.5012,
29,49,True,0.423058,-0.7598,none,,,False,,29,0,0.0946,0.481,
29,62,True,0.577032,0.3408,none,,,False,,29,0,0.1059,0.456,
29,30,True,0.547266,0.128,none,,,False,,29,0,0.0946,0.4499,
29,46,True,0.515126,-0.1017,none,,,False,,29,0,0.0996,0.4361,
29,28,True,0.516459,-0.0922,none,,,False,,29,0,0.1059,0.4187,
29,16,True,0.825349,2.1157,none,,,False,,29,0,0.2924,0.2395,
29,18,True,0.572067,0.3053,none,,,False,,29,0,0.1372,0.2313,
29,88,True,0.61947,0.6441,none,,,False,,29,0,0.0946,0.2109,
29,94,True,0.338857,-1.3616,none,,,False,,29,0,0.0884,0.1724,
29,3,True,0.487204,-0.3013,none,,,False,,29,0,0.1264,0.1076,
29,48,True,0.557047,0.198,none,,,False,,29,0,0.0867,0.1039,
29,40,True,0.641706,0.8031,none,,,False,,29,0,0.1187,0.0646,
29,12,True,0.53527,0.0423,none,,,False,,29,0,0.118,0.0523,
29,34,True,0.458973,-0.503,none,,,False,,29,0,0.1385,0.0265,
29,27,True,0.39515,-0.9592,none,,,False,,29,0,0.097,0.0039,
29,0,True,0.488646,-0.291,none,,,False,,29,0,0.1642,-0.0045,
29,57,True,0.518766,-0.0757,none,,,False,,29,0,0.0996,-0.0061,
29,97,True,0.41472,-0.8194,none,,,False,,29,0,0.1264,-0.02,
29,50,True,0.569395,0.2862,none,,,False,,29,0,0.0996,-0.0231,
29,4,True,0.486584,-0.3057,none,,,False,,29,0,0.1626,-0.0243,
29,42,True,0.563992,0.2476,none,,,False,,29,0,0.0924,-0.0314,
29,14,True,0.431166,-0.7018,none,,,False,,29,0,0.1066,-0.034,
29,35,True,0.485644,-0.3124,none,,,False,,29,0,0.1116,-0.0439,
29,1,True,0.604754,0.5389,none,,,False,,29,0,0.1385,-0.0489,
29,7,True,0.446332,-0.5934,none,,,False,,29,0,0.1522,-0.0585,
29,90,True,0.40306,-0.9027,none,,,False,,29,0,0.1626,-0.0724,
29,39,True,0.256053,-1.9534,none,,,False,,29,0,0.3264,-2.6185,
29,66,True,0.167303,-2.5878,none,,,False,,29,0,0.1867,-1.2054,
29,89,True,0.438808,-0.6472,none,,,False,,29,0,0.1855,-0.3087,
29,6,True,0.34182,-1.3404,none,,,False,,29,0,0.1848,-0.214,
29,96,True,0.618702,0.6386,none,,,False,,29,0,0.1848,-0.1429,
29,33,True,0.218485,-2.222,none,,,False,,29,0,0.1848,-1.0752,
29,64,True,0.344706,-1.3198,none,,,False,,29,0,0.1848,-1.0286,
29,23,True,0.264459,-1.8934,none,,,False,,29,0,0.1783,-0.9802,
30,5,True,1.149641,3.0,none,,,False,,30,0,0.2863,3.9167,
30,58,True,0.622551,0.646,none,,,False,,30,0,0.2992,3.6689,
30,11,True,1.014783,2.8105,none,,,False,,30,0,0.2966,3.484,
30,25,True,0.751293,1.3565,none,,,False,,30,0,0.288,3.3061,
30,41,True,0.721805,1.1937,cusum,,,True,positive,30,0,0.2992,2.3831,
30,52,True,0.606083,0.5551,cusum,,,True,positive,30,0,0.2966,2.3014,
30,2,True,0.712273,1.1411,none,,,False,,30,0,0.3505,2.125,
30,16,True,0.618901,0.6259,cusum,,,True,positive,30,0,0.2899,2.0254,
30,51,True,0.58965,0.4645,cusum,,,True,positive,30,0,0.2863,1.9887,
30,19,True,0.709276,1.1246,none,,,False,,30,0,0.292,1.9788,
30,74,True,0.705341,1.1029,none,,,False,,30,0,0.3087,1.9569,
30,92,True,0.674325,0.9317,none,,,False,,30,0,0.2831,1.6204,
30,17,True,0.591293,0.4735,none,,,False,,30,0,0.1185,0.8636,
30,82,True,0.29289,-1.1732,none,,,False,,30,0,0.0863,0.8513,
30,13,True,0.503863,-0.0089,none,,,False,,30,0,0.0863,0.6015,
30,47,True,0.632406,0.7004,none,,,False,,30,0,0.1087,0.5425,
30,88,True,0.652956,0.8138,none,,,False,,30,0,0.092,0.4752,
30,62,True,0.430345,-0.4146,none,,,False,,30,0,0.0992,0.432,
30,40,True,0.392569,-0.6231,none,,,False,,30,0,0.092,0.3873,
30,60,True,0.604814,0.5481,none,,,False,,30,0,0.0966,0.3693,
30,18,True,0.446905,-0.3233,none,,,False,,30,0,0.1287,0.279,
30,46,True,0.574093,0.3786,none,,,False,,30,0,0.0966,0.1789,
30,48,True,0.625171,0.6605,none,,,False,,30,0,0.0846,0.1782,
30,28,True,0.409796,-0.528,none,,,False,,30,0,0.0992,0.1397,
30,30,True,0.70349,1.0927,none,,,False,,30,0,0.092,0.138,
30,57,True,0.507106,0.0089,none,,,False,,30,0,0.0966,0.1082,
30,50,True,0.377395,-0.7068,none,,,False,,30,0,0.0966,0.1032,
30,1,True,0.474344,-0.1718,none,,,False,,30,0,0.1185,0.0958,
30,12,True,0.539996,0.1904,none,,,False,,30,0,0.0992,0.016,
30,42,True,0.433082,-0.3995,none,,,False,,30,0,0.0899,-0.0033,
30,3,True,0.559583,0.2985,none,,,False,,30,0,0.1185,-0.0181,
30,96,True,0.709025,1.1232,none,,,False,,30,0,0.1394,-0.0355,
30,0,True,0.411351,-0.5195,none,,,False,,30,0,0.1087,-0.0468,
30,4,True,0.43203,-0.4053,none,,,False,,30,0,0.1185,-0.0732,
30,61,True,0.325592,-0.9927,none,,,False,,30,0,0.0997,-0.0847,
30,36,True,0.535159,0.1638,none,,,False,,30,0,0.1302,-0.1181,
30,55,True,0.581803,0.4212,none,,,False,,30,0,0.1419,-0.1244,
30,72,True,0.410076,-0.5265,none,,,False,,30,0,0.1302,-0.1641,
30,59,True,0.359044,-0.8081,none,,,False,,30,0,0.1458,-0.1653,
30,90,True,0.333077,-0.9514,none,,,False,,30,0,0.1185,-0.1824,
30,35,True,0.352618,-0.8436,none,,,False,,30,0,0.0966,-0.1837,
30,21,True,0.333495,-0.9491,none,,,False,,30,0,0.1432,-0.1984,
30,33,True,0.228395,-1.5291,cusum,,,True,negative,30,0,0.3505,-1.7749,
30,39,True,0.064245,-2.4349,cusum,,,True,negative,30,0,0.3185,-2.759,
30,78,True,0.259188,-1.3592,none,,,False,,30,0,0.1885,-1.1984,
30,38,True,0.380719,-0.6885,none,,,False,,30,0,0.186,-1.0679,
30,65,True,0.246755,-1.4278,none,,,False,,30,0,0.186,-1.0544,
30,83,True,0.434843,-0.3898,none,,,False,,30,0,0.1857,-0.4619,
30,86,True,0.337701,-0.9259,none,,,False,,30,0,0.1855,-0.2679,
30,37,True,0.503759,-0.0095,none,,,False,,30,0,0.1769,-0.6341,
31,5,True,1.168556,3.0,cusum,,,True,positive,31,0,0.2843,3.9144,
31,11,True,0.620432,0.6417,cusum,,,True,positive,31,0,0.2938,3.6604,
31,58,True,0.847037,1.9698,cusum,,,True,positive,31,0,0.2962,3.2869,
31,25,True,0.827894,1.8576,cusum,,,True,positive,31,0,0.2859,3.1908,
31,41,True,0.861765,2.0561,none,,,False,,31,0,0.2962,2.5541,
31,16,True,0.505617,-0.0312,none,,,False,,31,0,0.2877,2.4669,
31,2,True,0.507611,-0.0196,cusum,,,True,positive,31,0,0.3414,2.2657,
31,52,True,0.58247,0.4192,none,,,False,,31,0,0.2938,2.0812,
31,19,True,0.74965,1.399,none,,,False,,31,0,0.2896,2.0517,
31,74,True,0.615694,0.6139,none,,,False,,31,0,0.302,1.9724,
31,51,True,0.662179,0.8864,none,,,False,,31,0,0.2843,1.7164,
31,92,True,0.765792,1.4936,none,,,False,,31,0,0.2813,1.6063,
31,17,True,0.585618,0.4376,none,,,False,,31,0,0.1113,0.7094,
31,47,True,0.643712,0.7781,none,,,False,,31,0,0.102,0.6704,
31,88,True,0.587241,0.4472,none,,,False,,31,0,0.0896,0.6223,
31,30,True,0.639042,0.7508,none,,,False,,31,0,0.0896,0.5226,
31,60,True,0.52268,0.0688,none,,,False,,31,0,0.0938,0.5128,
31,96,True,0.726626,1.2641,none,,,False,,31,0,0.1309,0.5028,
31,62,True,0.54362,0.1915,none,,,False,,31,0,0.0962,0.3447,
31,48,True,0.530558,0.1149,none,,,False,,31,0,0.0827,0.3121,
31,46,True,0.557523,0.273,none,,,False,,31,0,0.0938,0.3009,
31,13,True,0.436853,-0.4343,none,,,False,,31,0,0.0843,0.2727,
31,82,True,0.682016,1.0026,none,,,False,,31,0,0.0843,0.2511,
31,28,True,0.631624,0.7073,none,,,False,,31,0,0.0962,0.1847,
31,1,True,0.48024,-0.18,none,,,False,,31,0,0.1113,0.1807,
31,12,True,-0.329451,-3.0,none,,,False,,31,0,0.0962,0.0651,
31,18,True,0.569395,0.3426,none,,,False,,31,0,0.121,0.0621,
31,3,True,0.454664,-0.3299,none,,,False,,31,0,0.1113,0.0216,
31,57,True,0.368542,-0.8346,none,,,False,,31,0,0.0938,0.018,
31,55,True,0.409229,-0.5962,none,,,False,,31,0,0.1113,-0.0087,
31,36,True,0.471314,-0.2323,none,,,False,,31,0,0.1113,-0.0293,
31,42,True,0.530957,0.1173,none,,,False,,31,0,0.0877,-0.0418,
31,40,True,0.339964,-1.0021,none,,,False,,31,0,0.0896,-0.091,
31,61,True,0.537445,0.1553,none,,,False,,31,0,0.0859,-0.1247,
31,50,True,0.470897,-0.2347,none,,,False,,31,0,0.0938,-0.1409,
31,0,True,0.254522,-1.5029,none,,,False,,31,0,0.102,-0.1712,
31,81,True,0.514283,0.0196,none,,,False,,31,0,0.1142,-0.2145,
31,98,True,0.447232,-0.3734,none,,,False,,31,0,0.1246,-0.2261,
31,85,True,0.220731,-1.701,none,,,False,,31,0,0.1774,-0.2353,
31,97,True,0.435112,-0.4445,none,,,False,,31,0,0.1323,-0.2394,
31,4,True,0.441508,-0.407,none,,,False,,31,0,0.1113,-0.2566,
31,71,True,0.417557,-0.5474,none,,,False,,31,0,0.1339,-0.2733,
31,33,True,0.237549,-1.6024,none,,,False,,31,0,0.3414,-2.0994,
31,39,True,0.255323,-1.4982,none,,,False,,31,0,0.3113,-2.5909,
31,63,True,-0.320018,-3.0,none,,,False,,31,0,0.1874,-1.0419,
31,67,True,0.337335,-1.0175,none,,,False,,31,0,0.1874,-1.2474,
31,68,True,0.149247,-2.1199,none,,,False,,31,0,0.1874,-1.2546,
31,91,True,0.259585,-1.4732,none,,,False,,31,0,0.1874,-1.2701,
31,54,True,0.237301,-1.6038,none,,,False,,31,0,0.1865,-0.7973,
31,45,True,0.339957,-1.0022,none,,,False,,31,0,0.1862,-0.5167,
32,5,True,1.086,3.0,none,,,False,,32,0,0.2824,3.9122,
32,41,True,0.642831,0.9795,cusum,,,True,positive,32,0,0.2934,3.1253,
32,58,True,0.844202,2.7432,none,,,False,,32,0,0.2934,2.9898,
32,11,True,0.8514,2.8062,none,,,False,,32,0,0.2912,2.8711,
32,25,True,0.624663,0.8204,none,,,False,,32,0,0.2839,2.831,
32,52,True,0.761748,2.021,none,,,False,,32,0,0.2912,2.085,
32,74,True,0.684509,1.3445,none,,,False,,32,0,0.2958,2.0443,
32,19,True,0.565492,0.3022,none,,,False,,32,0,0.2873,2.0274,
32,16,True,0.583577,0.4605,none,,,False,,32,0,0.2856,2.01,
32,2,True,0.682622,1.328,none,,,False,,32,0,0.333,1.9584,
32,51,True,0.627604,0.8461,none,,,False,,32,0,0.2824,1.9378,
32,92,True,0.565149,0.2991,none,,,False,,32,0,0.2796,1.5969,
32,96,True,0.457418,-0.6444,none,,,False,,32,0,0.1232,1.1423,
32,47,True,0.570434,0.3454,none,,,False,,32,0,0.0958,0.8069,
32,30,True,0.632681,0.8906,none,,,False,,32,0,0.0873,0.7663,
32,88,True,0.511356,-0.172,none,,,False,,32,0,0.0873,0.7441,
32,17,True,0.569368,0.3361,none,,,False,,32,0,0.1047,0.6391,
32,82,True,0.493026,-0.3325,none,,,False,,32,0,0.0824,0.5695,
32,48,True,0.574253,0.3789,none,,,False,,32,0,0.0809,0.4245,
32,60,True,0.610466,0.696,none,,,False,,32,0,0.0912,0.3062,
32,46,True,0.536925,0.052,none,,,False,,32,0,0.0912,0.298,
32,18,True,0.470446,-0.5303,none,,,False,,32,0,0.1138,0.2373,
32,1,True,0.557904,0.2357,none,,,False,,32,0,0.1047,0.1874,
32,62,True,0.50717,-0.2087,none,,,False,,32,0,0.0934,0.1571,
32,28,True,0.568825,0.3313,none,,,False,,32,0,0.0934,0.1469,
32,42,True,0.543877,0.1128,none,,,False,,32,0,0.0856,0.095,
32,3,True,0.571503,0.3548,none,,,False,,32,0,0.1047,0.0141,
32,36,True,0.611325,0.7036,none,,,False,,32,0,0.1047,-0.0559,
32,81,True,0.471588,-0.5203,none,,,False,,32,0,0.0892,-0.0834,
32,50,True,0.525061,-0.052,none,,,False,,32,0,0.0912,-0.1037,
32,40,True,0.504093,-0.2356,none,,,False,,32,0,0.0873,-0.165,
32,61,True,0.488626,-0.3711,none,,,False,,32,0,0.0839,-0.1744,
32,57,True,0.573177,0.3695,none,,,False,,32,0,0.0912,-0.1857,
32,13,True,0.492055,-0.341,none,,,False,,32,0,0.0824,-0.2354,
32,4,True,0.470091,-0.5334,none,,,False,,32,0,0.1047,-0.2477,
32,59,True,0.375578,-1.3612,none,,,False,,32,0,0.1068,-0.2756,
32,79,True,0.68059,1.3102,none,,,False,,32,0,0.1868,-0.284,
32,89,True,0.402403,-1.1262,none,,,False,,32,0,0.1549,-0.287,
32,32,True,0.49539,-0.3118,none,,,False,,32,0,0.1658,-0.299,
32,49,True,0.342825,-1.648,none,,,False,,32,0,0.1131,-0.315,
32,56,True,0.408344,-1.0742,none,,,False,,32,0,0.1833,-0.3252,
32,33,True,0.231695,-2.6214,cusum,,,True,negative,32,0,0.333,-2.1458,
32,54,True,0.27075,-2.2793,cusum,,,True,negative,32,0,0.333,-1.6921,
32,63,True,-0.39654,-3.0,cusum,,,True,negative,32,0,0.3232,-2.4363,
32,68,True,-0.112087,-3.0,cusum,,,True,negative,32,0,0.3232,-1.9418,
32,39,True,0.263649,-2.3415,cusum,,,True,negative,32,0,0.3047,-2.3372,
32,12,True,0.456443,-0.6529,cusum,,,True,negative,32,0,0.2934,-1.3046,
32,93,True,0.343514,-1.642,none,,,False,,32,0,0.1904,-0.5461,
32,26,True,0.310275,-1.9331,none,,,False,,32,0,0.1889,-0.5242,
32,29,True,0.353296,-1.5563,none,,,False,,32,0,0.187,-1.2321,
33,5,True,0.988595,2.8572,cusum,,,True,positive,33,0,0.2806,4.1,
33,11,True,0.678954,1.0043,cusum,,,True,positive,33,0,0.2889,3.1979,
33,58,True,1.021535,3.0,cusum,,,True,positive,33,0,0.2909,2.9011,
33,41,True,0.79664,1.7085,none,,,False,,33,0,0.2909,2.5245,
33,25,True,0.571087,0.3588,none,,,False,,33,0,0.282,2.4469,
33,74,True,0.553915,0.256,cusum,,,True,positive,33,0,0.2931,2.1383,
33,52,True,0.344056,-0.9998,none,,,False,,33,0,0.2889,2.1103,
33,19,True,0.646255,0.8086,none,,,False,,33,0,0.2852,2.0485,
33,92,True,0.734743,1.3381,none,,,False,,33,0,0.278,2.0044,
33,2,True,0.648933,0.8246,none,,,False,,33,0,0.3254,1.9502,
33,51,True,0.607494,0.5767,none,,,False,,33,0,0.2806,1.8323,
33,16,True,0.543553,0.194,none,,,False,,33,0,0.2836,1.456,
33,30,True,0.689174,1.0654,none,,,False,,33,0,0.0852,1.018,
33,47,True,0.679559,1.0079,none,,,False,,33,0,0.0931,0.7258,
33,96,True,0.736873,1.3509,none,,,False,,33,0,0.1161,0.7101,
33,60,True,0.55132,0.2405,none,,,False,,33,0,0.0889,0.5495,
33,17,True,0.561654,0.3023,none,,,False,,33,0,0.0985,0.537,
33,48,True,0.455366,-0.3337,none,,,False,,33,0,0.0792,0.4828,
33,88,True,0.651401,0.8394,none,,,False,,33,0,0.0852,0.4696,
33,79,True,0.499685,-0.0685,none,,,False,,33,0,0.145,0.4245,
33,46,True,0.576018,0.3883,none,,,False,,33,0,0.0889,0.3463,
33,36,True,0.542909,0.1902,none,,,False,,33,0,0.0985,0.3329,
33,28,True,0.436591,-0.446,none,,,False,,33,0,0.0909,0.2849,
33,3,True,0.540985,0.1787,none,,,False,,33,0,0.0985,0.2291,
33,1,True,0.466291,-0.2683,none,,,False,,33,0,0.0985,0.0826,
33,42,True,0.412314,-0.5913,none,,,False,,33,0,0.0836,0.0478,
33,62,True,0.601325,0.5397,none,,,False,,33,0,0.0909,-0.0292,
33,57,True,0.511059,-0.0004,none,,,False,,33,0,0.0889,-0.0403,
33,18,True,0.43755,-0.4403,none,,,False,,33,0,0.1072,-0.0453,
33,82,True,0.631582,0.7208,none,,,False,,33,0,0.0806,-0.0677,
33,13,True,0.66659,0.9303,none,,,False,,33,0,0.0806,-0.1614,
33,50,True,0.430211,-0.4842,none,,,False,,33,0,0.0889,-0.2194,
33,81,True,0.556686,0.2726,none,,,False,,33,0,0.087,-0.2782,
33,61,True,0.48853,-0.1352,none,,,False,,33,0,0.082,-0.3008,
33,4,True,0.340455,-1.0213,none,,,False,,33,0,0.0985,-0.3273,
33,98,True,0.486614,-0.1467,none,,,False,,33,0,0.1091,-0.3323,
33,14,True,0.347759,-0.9776,none,,,False,,33,0,0.1227,-0.3367,
33,34,True,0.458851,-0.3128,none,,,False,,33,0,0.1572,-0.357,
33,95,True,0.427177,-0.5024,none,,,False,,33,0,0.1333,-0.3585,
33,7,True,0.394926,-0.6954,none,,,False,,33,0,0.1479,-0.3598,
33,10,True,0.384932,-0.7552,none,,,False,,33,0,0.189,-0.3725,
33,29,True,0.234786,-1.6537,cusum,,,True,negative,33,0,0.335,-1.9574,
33,33,True,0.138612,-2.2292,none,,,False,,33,0,0.3254,-2.284,
33,54,True,0.305567,-1.2301,none,,,False,,33,0,0.3254,-2.2661,
33,63,True,-0.242087,-3.0,none,,,False,,33,0,0.3161,-2.4694,
33,68,True,0.191717,-1.9114,none,,,False,,33,0,0.3161,-2.6711,
33,39,True,0.242872,-1.6053,none,,,False,,33,0,0.2985,-2.4703,
33,12,True,0.511199,0.0004,none,,,False,,33,0,0.2909,-1.5395,
33,76,True,0.391073,-0.7184,none,,,False,,33,0,0.198,-0.3762,
33,31,True,0.401905,-0.6536,none,,,False,,33,0,0.198,-0.5249,
34,5,True,1.060522,3.0,none,,,False,,34,0,0.2789,4.0505,
34,58,True,0.784451,1.7896,none,,,False,,34,0,0.2886,3.6828,
34,41,True,0.519839,-0.0241,none,,,False,,34,0,0.2886,2.6932,
34,11,True,0.967787,3.0,none,,,False,,34,0,0.2867,2.5932,
34,92,True,0.700835,1.2165,cusum,,,True,positive,34,0,0.2764,2.1381,
34,25,True,0.769009,1.6837,none,,,False,,34,0,0.2803,2.1123,
34,30,True,0.709664,1.277,cusum,,,True,positive,34,0,0.2833,2.0065,
34,51,True,0.643348,0.8225,none,,,False,,34,0,0.2789,1.8678,
34,74,True,0.574377,0.3497,none,,,False,,34,0,0.2906,1.8529,
34,2,True,0.738566,1.4751,none,,,False,,34,0,0.3183,1.8401,
34,47,True,0.657265,0.9179,cusum,,,True,positive,34,0,0.2906,1.8252,
34,52,True,0.789873,1.8267,none,,,False,,34,0,0.2867,1.5893,
34,16,True,0.564903,0.2848,none,,,False,,34,0,0.2817,1.3098,
34,19,True,0.702197,1.2258,none,,,False,,34,0,0.2833,0.9409,
34,96,True,0.711783,1.2915,none,,,False,,34,0,0.1096,0.7819,
34,82,True,0.589696,0.4547,none,,,False,,34,0,0.0789,0.5617,
34,17,True,0.561937,0.2645,none,,,False,,34,0,0.0928,0.4765,
34,88,True,0.621332,0.6716,none,,,False,,34,0,0.0833,0.4758,
34,79,True,0.644087,0.8275,none,,,False,,34,0,0.1368,0.4616,
34,60,True,0.520639,-0.0186,none,,,False,,34,0,0.0867,0.4442,
34,46,True,0.538789,0.1058,none,,,False,,34,0,0.0867,0.3469,
34,36,True,0.574993,0.354,none,,,False,,34,0,0.0928,0.3383,
34,28,True,0.519574,-0.0259,none,,,False,,34,0,0.0886,0.3093,
34,62,True,0.58571,0.4274,none,,,False,,34,0,0.0886,0.286,
34,3,True,0.547563,0.166,none,,,False,,34,0,0.0928,0.1857,
34,13,True,0.4624,-0.4177,none,,,False,,34,0,0.0789,0.1497,
34,48,True,0.620969,0.6691,none,,,False,,34,0,0.0777,0.1496,
34,1,True,0.497463,-0.1774,none,,,False,,34,0,0.0928,0.047,
34,81,True,0.524963,0.0111,none,,,False,,34,0,0.0849,0.0306,
34,61,True,0.409712,-0.7789,none,,,False,,34,0,0.0803,-0.017,
34,42,True,0.476057,-0.3241,none,,,False,,34,0,0.0817,-0.0183,
34,57,True,0.521734,-0.0111,none,,,False,,34,0,0.0867,-0.0461,
34,18,True,0.500165,-0.1589,none,,,False,,34,0,0.1011,-0.0881,
34,50,True,0.520066,-0.0225,none,,,False,,34,0,0.0867,-0.1479,
34,7,True,0.339338,-1.2612,none,,,False,,34,0,0.1096,-0.2131,
34,76,True,0.394898,-0.8804,none,,,False,,34,0,0.1368,-0.2814,
34,98,True,0.424514,-0.6774,none,,,False,,34,0,0.0928,-0.2944,
34,34,True,0.486272,-0.2541,none,,,False,,34,0,0.1183,-0.3579,
34,69,True,0.42771,-0.6555,none,,,False,,34,0,0.1937,-0.3747,
34,32,True,0.447455,-0.5202,none,,,False,,34,0,0.1377,-0.3786,
34,29,True,-0.025163,-3.0,none,,,False,,34,0,0.3274,-2.0624,
34,33,True,0.238313,-1.9536,cusum,,,True,negative,34,0,0.3183,-2.5219,
34,54,True,0.270194,-1.7351,cusum,,,True,negative,34,0,0.3183,-2.0753,
34,63,True,0.416137,-0.7348,cusum,,,True,negative,34,0,0.3096,-3.375,
34,68,True,0.184533,-2.3222,cusum,,,True,negative,34,0,0.3096,-2.7188,
34,39,True,0.27842,-1.6787,cusum,,,True,negative,34,0,0.2928,-2.1971,
34,12,True,0.584364,0.4182,none,,,False,,34,0,0.2886,-1.6057,
34,8,True,0.253807,-1.8474,none,,,False,,34,0,0.2022,-0.845,
34,87,True,0.339183,-1.2623,none,,,False,,34,0,0.2022,-0.4729,
34,44,True,0.488396,-0.2396,none,,,False,,34,0,0.2007,-1.1455,
35,5,True,0.866957,2.6018,cusum,,,True,positive,35,0,0.2774,4.0486,
35,58,True,0.873001,2.6479,cusum,,,True,positive,35,0,0.2864,3.62,
35,11,True,0.7505,1.7134,cusum,,,True,positive,35,0,0.2846,3.3768,
35,2,True,0.714818,1.4412,cusum,,,True,positive,35,0,0.3118,2.3342,
35,30,True,0.611518,0.6532,none,,,False,,35,0,0.2814,2.1797,
35,25,True,0.839066,2.389,cusum,,,True,positive,35,0,0.2786,2.0524,
35,92,True,0.598197,0.5515,none,,,False,,35,0,0.275,2.0441,
35,41,True,0.800487,2.0947,none,,,False,,35,0,0.2864,1.9971,
35,19,True,0.398158,-0.9745,cusum,,,True,positive,35,0,0.2814,1.8809,
35,47,True,0.768417,1.8501,none,,,False,,35,0,0.2883,1.8689,
35,96,True,0.601118,0.5738,cusum,,,True,positive,35,0,0.3035,1.7873,
35,74,True,0.635506,0.8361,none,,,False,,35,0,0.2883,1.7619,
35,52,True,0.747457,1.6902,none,,,False,,35,0,0.2846,1.0559,
35,51,True,0.675638,1.1423,none,,,False,,35,0,0.2774,0.8447,
35,79,True,0.387093,-1.0589,none,,,False,,35,0,0.1293,0.8234,
35,88,True,0.600649,0.5702,none,,,False,,35,0,0.0814,0.5484,
35,36,True,0.466607,-0.4523,none,,,False,,35,0,0.0903,0.5306,
35,17,True,0.559439,0.2559,none,,,False,,35,0,0.0903,0.4157,
35,16,True,0.608798,0.6324,none,,,False,,35,0,0.28,0.4131,
35,60,True,0.526948,0.008,none,,,False,,35,0,0.0846,0.4126,
35,82,True,0.578348,0.4001,none,,,False,,35,0,0.0774,0.3772,
35,62,True,0.607165,0.6199,none,,,False,,35,0,0.0864,0.3619,
35,3,True,0.512496,-0.1022,none,,,False,,35,0,0.0903,0.3479,
35,48,True,0.524847,-0.008,none,,,False,,35,0,0.0761,0.3326,
35,46,True,0.5369,0.0839,none,,,False,,35,0,0.0846,0.2886,
35,57,True,0.475343,-0.3857,none,,,False,,35,0,0.0846,0.2259,
35,13,True,0.575982,0.3821,none,,,False,,35,0,0.0774,0.1534,
35,28,True,0.614344,0.6747,none,,,False,,35,0,0.0864,0.0623,
35,1,True,0.319042,-1.578,none,,,False,,35,0,0.0903,0.0447,
35,81,True,0.466893,-0.4501,none,,,False,,35,0,0.083,0.0254,
35,50,True,0.442934,-0.6329,none,,,False,,35,0,0.0846,-0.0796,
35,42,True,0.400153,-0.9592,none,,,False,,35,0,0.08,-0.1675,
35,34,True,0.461236,-0.4933,none,,,False,,35,0,0.1118,-0.2317,
35,18,True,0.502072,-0.1817,none,,,False,,35,0,0.0954,-0.2586,
35,98,True,0.517952,-0.0606,none,,,False,,35,0,0.0903,-0.2845,
35,32,True,0.513202,-0.0969,none,,,False,,35,0,0.1204,-0.3264,
35,61,True,0.543701,0.1358,none,,,False,,35,0,0.0786,-0.3303,
35,76,True,0.437509,-0.6743,none,,,False,,35,0,0.1293,-0.4001,
35,72,True,0.496797,-0.222,none,,,False,,35,0,0.1604,-0.4009,
35,20,True,0.742937,1.6557,none,,,False,,35,0,0.2082,-0.4119,
35,29,True,0.194503,-2.528,cusum,,,True,negative,35,0,0.3204,-2.4409,
35,33,True,0.276665,-1.9013,none,,,False,,35,0,0.3118,-2.6431,
35,54,True,0.300409,-1.7201,none,,,False,,35,0,0.3118,-2.1232,
35,63,True,0.09813,-3.0,none,,,False,,35,0,0.3035,-2.6237,
35,68,True,0.161109,-2.7828,none,,,False,,35,0,0.3035,-2.7899,
35,39,True,0.219938,-2.334,none,,,False,,35,0,0.2903,-2.2605,
35,12,True,0.578718,0.4029,none,,,False,,35,0,0.2864,-0.469,
35,70,True,0.209157,-2.4163,none,,,False,,35,0,0.2104,-1.0962,
35,73,True,0.26303,-2.0053,none,,,False,,35,0,0.2104,-0.7732,
35,64,True,0.353117,-1.318,none,,,False,,35,0,0.2084,-1.0561,
36,5,True,0.990125,2.8293,none,,,False,,36,0,0.2759,3.9141,
36,58,True,0.87629,2.1464,none,,,False,,36,0,0.2843,3.5858,
36,11,True,0.78272,1.585,none,,,False,,36,0,0.2827,3.0101,
36,25,True,0.625256,0.6404,none,,,False,,36,0,0.2771,2.5734,
36,2,True,0.756728,1.4291,none,,,False,,36,0,0.3057,2.3682,
36,47,True,0.594536,0.4561,none,,,False,,36,0,0.2861,2.3677,
36,41,True,0.601866,0.5,cusum,,,True,positive,36,0,0.2843,2.3663,
36,96,True,0.694969,1.0586,none,,,False,,36,0,0.2978,2.1899,
36,92,True,0.667844,0.8959,none,,,False,,36,0,0.2736,2.1267,
36,30,True,0.375353,-0.8589,none,,,False,,36,0,0.2797,2.0985,
36,52,True,0.723547,1.23,cusum,,,True,positive,36,0,0.2827,1.9433,
36,51,True,0.633243,0.6883,cusum,,,True,positive,36,0,0.2759,1.9416,
36,74,True,0.71632,1.1867,none,,,False,,36,0,0.2861,1.5898,
36,19,True,0.611876,0.5601,none,,,False,,36,0,0.2797,1.4533,
36,88,True,0.628649,0.6607,none,,,False,,36,0,0.0797,0.7937,
36,62,True,0.499885,-0.1118,none,,,False,,36,0,0.0843,0.6356,
36,82,True,0.485319,-0.1992,none,,,False,,36,0,0.0759,0.6197,
36,16,True,0.419826,-0.5921,none,,,False,,36,0,0.2784,0.4685,
36,13,True,0.456773,-0.3704,none,,,False,,36,0,0.0759,0.3927,
36,17,True,0.659858,0.8479,none,,,False,,36,0,0.088,0.386,
36,46,True,0.567619,0.2946,none,,,False,,36,0,0.0827,0.2969,
36,48,True,0.564464,0.2756,none,,,False,,36,0,0.0747,0.202,
36,3,True,0.451418,-0.4026,none,,,False,,36,0,0.088,0.1926,
36,60,True,0.621893,0.6202,none,,,False,,36,0,0.0827,0.1809,
36,28,True,0.536223,0.1062,none,,,False,,36,0,0.0843,0.1742,
36,20,True,0.543185,0.148,none,,,False,,36,0,0.1401,0.1675,
36,36,True,0.561732,0.2593,none,,,False,,36,0,0.088,0.1424,
36,81,True,0.553866,0.2121,none,,,False,,36,0,0.0812,0.0466,
36,79,True,0.554118,0.2136,none,,,False,,36,0,0.1223,0.0292,
36,57,True,0.567611,0.2945,none,,,False,,36,0,0.0827,-0.0281,
36,12,True,0.298614,-1.3193,none,,,False,,36,0,0.2843,-0.1195,
36,18,True,0.500814,-0.1062,none,,,False,,36,0,0.09,-0.1456,
36,61,True,0.469895,-0.2917,none,,,False,,36,0,0.0771,-0.1632,
36,98,True,0.458058,-0.3627,none,,,False,,36,0,0.088,-0.1831,
36,32,True,0.449414,-0.4146,none,,,False,,36,0,0.1139,-0.1846,
36,34,True,0.471315,-0.2832,none,,,False,,36,0,0.1057,-0.2321,
36,50,True,0.399202,-0.7158,none,,,False,,36,0,0.0827,-0.2756,
36,69,True,0.308848,-1.2579,none,,,False,,36,0,0.1075,-0.4295,
36,15,True,0.549696,0.187,none,,,False,,36,0,0.1991,-0.435,
36,86,True,0.337098,-1.0884,none,,,False,,36,0,0.1983,-0.4484,
36,64,True,0.394664,-0.743,cusum,,,True,negative,36,0,0.3496,-1.7484,
36,29,True,0.232527,-1.7158,none,,,False,,36,0,0.3139,-2.7689,
36,70,True,0.14578,-2.2362,cusum,,,True,negative,36,0,0.3139,-1.9476,
36,33,True,0.237964,-1.6831,cusum,,,True,negative,36,0,0.3057,-2.4068,
36,54,True,0.072479,-2.6759,cusum,,,True,negative,36,0,0.3057,-1.9405,
36,63,True,0.375936,-0.8554,cusum,,,True,negative,36,0,0.2978,-2.6271,
36,68,True,0.247055,-1.6286,cusum,,,True,negative,36,0,0.2978,-2.7209,
36,39,True,0.145626,-2.2371,cusum,,,True,negative,36,0,0.288,-2.2609,
36,84,True,0.367434,-0.9064,none,,,False,,36,0,0.2177,-0.9413,
36,22,True,0.392819,-0.7541,none,,,False,,36,0,0.2127,-0.5718,
37,5,True,0.806081,1.5364,cusum,,,True,positive,37,0,0.2745,3.9032,
37,58,True,0.75846,1.2665,cusum,,,True,positive,37,0,0.2824,3.2989,
37,11,True,0.680589,0.8253,cusum,,,True,positive,37,0,0.2809,3.2015,
37,52,True,0.815156,1.5878,none,,,False,,37,0,0.2809,2.6844,
37,25,True,0.788882,1.4389,none,,,False,,37,0,0.2756,2.6655,
37,2,True,0.763738,1.2964,none,,,False,,37,0,0.3001,2.5663,
37,47,True,0.653845,0.6737,none,,,False,,37,0,0.2841,2.1813,
37,96,True,0.713044,1.0092,none,,,False,,37,0,0.2925,2.0893,
37,92,True,0.572595,0.2133,none,,,False,,37,0,0.2723,1.9778,
37,51,True,0.713947,1.0143,none,,,False,,37,0,0.2745,1.9772,
37,41,True,0.736523,1.1422,none,,,False,,37,0,0.2824,1.9611,
37,74,True,0.718916,1.0425,none,,,False,,37,0,0.2841,1.8975,
37,30,True,0.536688,0.0099,none,,,False,,37,0,0.2781,1.4551,
37,19,True,0.591582,0.3209,none,,,False,,37,0,0.2781,1.3685,
37,20,True,0.748293,1.2089,none,,,False,,37,0,0.1327,0.8803,
37,88,True,0.534802,-0.0008,none,,,False,,37,0,0.0781,0.7322,
37,17,True,0.621448,0.4902,none,,,False,,37,0,0.0858,0.5652,
37,62,True,0.632167,0.5509,none,,,False,,37,0,0.0824,0.4161,
37,48,True,0.41578,-0.6752,none,,,False,,37,0,0.0734,0.4035,
37,28,True,0.64016,0.5962,none,,,False,,37,0,0.0824,0.3559,
37,82,True,0.721937,1.0596,none,,,False,,37,0,0.0745,0.3114,
37,60,True,0.507176,-0.1574,none,,,False,,37,0,0.0809,0.3053,
37,46,True,0.535089,0.0008,none,,,False,,37,0,0.0809,0.2635,
37,16,True,0.41241,-0.6943,none,,,False,,37,0,0.2768,0.2046,
37,36,True,0.425316,-0.6212,none,,,False,,37,0,0.0858,0.1628,
37,79,True,0.483767,-0.29,none,,,False,,37,0,0.1159,0.1191,
37,57,True,0.548978,0.0795,none,,,False,,37,0,0.0809,0.068,
37,81,True,0.461396,-0.4168,none,,,False,,37,0,0.0795,0.0243,
37,3,True,0.446413,-0.5017,none,,,False,,37,0,0.0858,-0.0038,
37,18,True,0.583735,0.2765,none,,,False,,37,0,0.0877,-0.0371,
37,13,True,0.42291,-0.6348,none,,,False,,37,0,0.0745,-0.0425,
37,12,True,0.57179,0.2088,none,,,False,,37,0,0.2824,-0.0618,
37,61,True,0.557903,0.1301,none,,,False,,37,0,0.0756,-0.2171,
37,32,True,0.433837,-0.5729,none,,,False,,37,0,0.1079,-0.2226,
37,34,True,0.409136,-0.7129,none,,,False,,37,0,0.1001,-0.2257,
37,15,True,0.485771,-0.2786,none,,,False,,37,0,0.1242,-0.2578,
37,98,True,0.479486,-0.3143,none,,,False,,37,0,0.0858,-0.2578,
37,50,True,0.587534,0.298,none,,,False,,37,0,0.0809,-0.355,
37,89,True,0.446733,-0.4999,none,,,False,,37,0,0.1706,-0.4509,
37,80,True,0.355638,-1.016,none,,,False,,37,0,0.1998,-0.4629,
37,64,True,0.419967,-0.6515,none,,,False,,37,0,0.3417,-1.4883,
37,29,True,0.091015,-2.5155,cusum,,,True,negative,37,0,0.3079,-2.7933,
37,70,True,0.206672,-1.8601,none,,,False,,37,0,0.3079,-2.3835,
37,33,True,0.245085,-1.6425,none,,,False,,37,0,0.3001,-2.2282,
37,54,True,0.204705,-1.8713,none,,,False,,37,0,0.3001,-2.4259,
37,63,True,0.317159,-1.2341,none,,,False,,37,0,0.2925,-1.9154,
37,68,True,0.219265,-1.7888,none,,,False,,37,0,0.2925,-2.6298,
37,39,True,0.267728,-1.5142,none,,,False,,37,0,0.2858,-2.4742,
37,75,True,0.334044,-1.1384,none,,,False,,37,0,0.2214,-0.4689,
37,43,True,0.340306,-1.1029,none,,,False,,37,0,0.2199,-0.5097,
38,5,True,0.966564,3.0,none,,,False,,38,0,0.2731,3.4138,
38,58,True,0.865219,2.4297,none,,,False,,38,0,0.2807,3.1223,
38,52,True,0.764327,1.77,none,,,False,,38,0,0.2792,2.6027,
38,25,True,0.681634,1.2293,cusum,,,True,positive,38,0,0.2742,2.5823,
38,2,True,0.825506,2.17,cusum,,,True,positive,38,0,0.2948,2.5036,
38,11,True,0.847251,2.3122,none,,,False,,38,0,0.2792,2.4746,
38,41,True,0.78539,1.9077,none,,,False,,38,0,0.2807,2.3477,
38,47,True,0.559531,0.4308,cusum,,,True,positive,38,0,0.2822,2.0975,
38,51,True,0.638274,0.9457,none,,,False,,38,0,0.2731,2.0396,
38,96,True,0.758576,1.7324,none,,,False,,38,0,0.2875,1.9923,
38,92,True,0.529972,0.2375,none,,,False,,38,0,0.2711,1.642,
38,20,True,0.390063,-0.6774,none,,,False,,38,0,0.1259,1.1333,
38,74,True,0.714159,1.4419,none,,,False,,38,0,0.2822,1.126,
38,19,True,0.657104,1.0689,none,,,False,,38,0,0.2766,1.0651,
38,30,True,0.674214,1.1807,none,,,False,,38,0,0.2766,1.0309,
38,17,True,0.655195,1.0564,none,,,False,,38,0,0.0838,0.6379,
38,28,True,0.507109,0.088,none,,,False,,38,0,0.0807,0.5611,
38,82,True,0.476187,-0.1142,none,,,False,,38,0,0.0731,0.5115,
38,88,True,0.572457,0.5153,none,,,False,,38,0,0.0766,0.5063,
38,62,True,0.454665,-0.2549,none,,,False,,38,0,0.0807,0.4551,
38,60,True,0.49091,-0.0179,none,,,False,,38,0,0.0792,0.2569,
38,46,True,0.567398,0.4823,none,,,False,,38,0,0.0792,0.2264,
38,18,True,0.413515,-0.524,none,,,False,,38,0,0.0856,0.1053,
38,57,True,0.578236,0.5531,none,,,False,,38,0,0.0792,0.0961,
38,61,True,0.406352,-0.5708,none,,,False,,38,0,0.0742,0.0842,
38,48,True,0.330727,-1.0654,none,,,False,,38,0,0.0721,-0.0461,
38,13,True,0.596185,0.6705,none,,,False,,38,0,0.0731,-0.1164,
38,81,True,0.545943,0.342,none,,,False,,38,0,0.0779,-0.1202,
38,16,True,0.496388,0.0179,none,,,False,,38,0,0.2754,-0.1235,
38,12,True,0.522973,0.1918,none,,,False,,38,0,0.2807,-0.1338,
38,98,True,0.384355,-0.7147,none,,,False,,38,0,0.0838,-0.1393,
38,36,True,0.474206,-0.1271,none,,,False,,38,0,0.0838,-0.1648,
38,3,True,0.518254,0.1609,none,,,False,,38,0,0.0838,-0.2289,
38,32,True,0.453688,-0.2613,none,,,False,,38,0,0.1022,-0.2436,
38,50,True,0.43035,-0.4139,none,,,False,,38,0,0.0792,-0.2502,
38,79,True,0.589964,0.6298,none,,,False,,38,0,0.1099,-0.2572,
38,15,True,0.459508,-0.2233,none,,,False,,38,0,0.1178,-0.3323,
38,34,True,0.454874,-0.2536,none,,,False,,38,0,0.0948,-0.3817,
38,94,True,0.463749,-0.1955,none,,,False,,38,0,0.1575,-0.4681,
38,37,True,0.448883,-0.2927,none,,,False,,38,0,0.1904,-0.4688,
38,64,True,0.39094,-0.6716,none,,,False,,38,0,0.3343,-1.2706,
38,29,True,0.198576,-1.9295,none,,,False,,38,0,0.3022,-2.6352,
38,70,True,0.18812,-1.9979,cusum,,,True,negative,38,0,0.3022,-2.553,
38,33,True,0.215668,-1.8177,cusum,,,True,negative,38,0,0.2948,-2.1276,
38,54,True,0.290772,-1.3266,cusum,,,True,negative,38,0,0.2948,-2.4744,
38,63,True,0.218309,-1.8005,none,,,False,,38,0,0.2875,-2.0847,
38,68,True,0.216509,-1.8122,cusum,,,True,negative,38,0,0.2875,-2.4549,
38,39,True,0.278785,-1.405,cusum,,,True,negative,38,0,0.2838,-2.4218,
38,83,True,0.327349,-1.0875,none,,,False,,38,0,0.2266,-0.5551,
38,9,True,0.225249,-1.7551,none,,,False,,38,0,0.2264,-0.5891,
39,5,True,1.009655,3.0,cusum,,,True,positive,39,0,0.2718,3.545,
39,58,True,0.77634,1.8926,cusum,,,True,positive,39,0,0.279,3.0476,
39,2,True,0.768107,1.8332,none,,,False,,39,0,0.2898,2.7437,
39,11,True,0.747106,1.6816,cusum,,,True,positive,39,0,0.2776,2.6722,
39,52,True,0.447756,-0.4789,cusum,,,True,positive,39,0,0.2776,2.6273,
39,96,True,0.710607,1.4182,cusum,,,True,positive,39,0,0.2854,2.3758,
39,74,True,0.621562,0.7755,cusum,,,True,positive,39,0,0.2804,2.3258,
39,41,True,0.441608,-0.5233,cusum,,,True,positive,39,0,0.279,2.2833,
39,25,True,0.670713,1.1303,none,,,False,,39,0,0.2729,2.1941,
39,51,True,0.59896,0.6124,none,,,False,,39,0,0.2718,1.9726,
39,17,True,0.664239,1.0835,cusum,,,True,positive,39,0,0.282,1.9024,
39,19,True,0.553044,0.281,none,,,False,,39,0,0.2751,1.7444,
39,47,True,0.584441,0.5076,none,,,False,,39,0,0.2804,1.6223,
39,92,True,0.42155,-0.668,none,,,False,,39,0,0.2699,0.5359,
39,88,True,0.498619,-0.1118,none,,,False,,39,0,0.0751,0.4862,
39,57,True,0.534659,0.1483,none,,,False,,39,0,0.0776,0.4071,
39,28,True,0.621145,0.7725,none,,,False,,39,0,0.079,0.3635,
39,46,True,0.512233,-0.0135,none,,,False,,39,0,0.0776,0.3573,
39,20,True,0.371635,-1.0283,none,,,False,,39,0,0.1196,0.3515,
39,82,True,0.65744,1.0345,none,,,False,,39,0,0.0718,0.3385,
39,79,True,0.531388,0.1247,none,,,False,,39,0,0.1043,0.3023,
39,60,True,0.523364,0.0668,none,,,False,,39,0,0.0776,0.2464,
39,30,True,0.513549,-0.004,none,,,False,,39,0,0.2751,0.2051,
39,62,True,0.619256,0.7589,none,,,False,,39,0,0.079,0.1614,
39,81,True,0.40532,-0.7852,none,,,False,,39,0,0.0763,0.142,
39,15,True,0.529412,0.1104,none,,,False,,39,0,0.1118,0.0163,
39,18,True,0.605913,0.6626,none,,,False,,39,0,0.0836,-0.0113,
39,13,True,0.471828,-0.3051,none,,,False,,39,0,0.0718,-0.0218,
39,37,True,0.335653,-1.288,none,,,False,,39,0,0.1196,-0.0271,
39,36,True,0.421088,-0.6714,none,,,False,,39,0,0.082,-0.0588,
39,3,True,0.465355,-0.3519,none,,,False,,39,0,0.082,-0.1435,
39,61,True,0.543356,0.2111,none,,,False,,39,0,0.0729,-0.1529,
39,50,True,0.514668,0.004,none,,,False,,39,0,0.0776,-0.1792,
39,12,True,0.583133,0.4982,none,,,False,,39,0,0.279,-0.2063,
39,32,True,0.442144,-0.5194,none,,,False,,39,0,0.097,-0.3016,
39,34,True,0.431407,-0.5969,none,,,False,,39,0,0.0898,-0.3047,
39,16,True,0.719162,1.4799,none,,,False,,39,0,0.274,-0.33,
39,98,True,0.506935,-0.0518,none,,,False,,39,0,0.082,-0.3596,
39,48,True,0.554365,0.2905,none,,,False,,39,0,0.0708,-0.3999,
39,94,True,0.526366,0.0885,none,,,False,,39,0,0.082,-0.4153,
39,9,True,0.23502,-2.0143,cusum,,,True,negative,39,0,0.3275,-1.6037,
39,64,True,0.420219,-0.6776,none,,,False,,39,0,0.3275,-1.0596,
39,29,True,0.081872,-3.0,cusum,,,True,negative,39,0,0.297,-2.4389,
39,70,True,0.118422,-2.8558,none,,,False,,39,0,0.297,-2.4167,
39,33,True,0.275526,-1.7219,none,,,False,,39,0,0.2898,-2.1027,
39,54,True,0.259368,-1.8385,none,,,False,,39,0,0.2898,-2.3462,
39,63,True,0.341655,-1.2446,cusum,,,True,negative,39,0,0.2854,-1.6875,
39,68,True,0.222309,-2.106,none,,,False,,39,0,0.2854,-2.1341,
39,39,True,0.304087,-1.5158,none,,,False,,39,0,0.282,-2.1145,
39,24,True,0.113889,-2.8885,none,,,False,,39,0,0.2346,-1.2354,
40,5,True,0.981265,3.0,none,,,False,,40,0,0.2706,3.6005,
40,58,True,0.634332,0.9935,none,,,False,,40,0,0.2774,2.961,
40,2,True,0.776769,1.8695,cusum,,,True,positive,40,0,0.2851,2.8757,
40,11,True,0.858341,2.3712,none,,,False,,40,0,0.2761,2.7026,
40,96,True,0.668785,1.2054,none,,,False,,40,0,0.2834,2.4932,
40,25,True,0.554488,0.5025,none,,,False,,40,0,0.2716,2.3559,
40,74,True,0.777225,1.8723,none,,,False,,40,0,0.2787,2.1866,
40,52,True,0.845518,2.2923,none,,,False,,40,0,0.2761,2.0559,
40,17,True,0.677091,1.2565,none,,,False,,40,0,0.2802,1.9787,
40,51,True,0.581381,0.6679,none,,,False,,40,0,0.2706,1.9459,
40,41,True,0.735519,1.6158,none,,,False,,40,0,0.2774,1.9403,
40,47,True,0.571713,0.6084,none,,,False,,40,0,0.2787,1.6374,
40,82,True,0.371263,-0.6244,none,,,False,,40,0,0.0706,0.7483,
40,19,True,0.481449,0.0533,none,,,False,,40,0,0.2737,0.6498,
40,28,True,0.41881,-0.3319,none,,,False,,40,0,0.0774,0.5836,
40,30,True,0.545129,0.4449,none,,,False,,40,0,0.2737,0.4884,
40,62,True,0.551171,0.4821,none,,,False,,40,0,0.0774,0.4497,
40,12,True,0.497684,0.1531,none,,,False,,40,0,0.2774,0.3976,
40,16,True,0.599386,0.7786,none,,,False,,40,0,0.0727,0.3591,
40,57,True,0.628743,0.9591,none,,,False,,40,0,0.0761,0.3565,
40,79,True,0.554281,0.5012,none,,,False,,40,0,0.099,0.2696,
40,46,True,0.529891,0.3512,none,,,False,,40,0,0.0761,0.2527,
40,18,True,0.453887,-0.1162,none,,,False,,40,0,0.0817,0.2426,
40,88,True,0.533267,0.372,none,,,False,,40,0,0.0737,0.2271,
40,60,True,0.600462,0.7852,none,,,False,,40,0,0.0761,0.0601,
40,50,True,0.46412,-0.0533,none,,,False,,40,0,0.0761,0.0589,
40,92,True,0.621624,0.9154,none,,,False,,40,0,0.2688,0.0134,
40,61,True,0.422482,-0.3094,none,,,False,,40,0,0.0716,0.0132,
40,13,True,0.40152,-0.4383,none,,,False,,40,0,0.0706,-0.0014,
40,15,True,0.391773,-0.4982,none,,,False,,40,0,0.1062,-0.0126,
40,20,True,0.250463,-1.3673,none,,,False,,40,0,0.1136,-0.0443,
40,3,True,0.463453,-0.0574,none,,,False,,40,0,0.0802,-0.1288,
40,81,True,0.514135,0.2543,none,,,False,,40,0,0.0749,-0.1922,
40,98,True,0.372155,-0.6189,none,,,False,,40,0,0.0802,-0.2582,
40,32,True,0.347027,-0.7734,none,,,False,,40,0,0.092,-0.3394,
40,36,True,0.459391,-0.0824,none,,,False,,40,0,0.0802,-0.3712,
40,94,True,0.446732,-0.1602,none,,,False,,40,0,0.0802,-0.3875,
40,48,True,0.484232,0.0704,none,,,False,,40,0,0.0697,-0.3963,
40,37,True,0.405566,-0.4134,none,,,False,,40,0,0.1136,-0.4088,
40,34,True,0.362035,-0.6811,none,,,False,,40,0,0.0851,-0.412,
40,24,True,0.289811,-1.1253,cusum,,,True,negative,40,0,0.3291,-2.2478,
40,9,True,0.299004,-1.0688,none,,,False,,40,0,0.3213,-2.179,
40,64,True,0.422631,-0.3084,none,,,False,,40,0,0.3213,-1.0419,
40,29,True,0.27199,-1.2349,none,,,False,,40,0,0.292,-2.8699,
40,70,True,0.20943,-1.6196,cusum,,,True,negative,40,0,0.292,-2.6261,
40,33,True,0.213074,-1.5972,cusum,,,True,negative,40,0,0.2851,-2.1183,
40,54,True,0.305839,-1.0267,cusum,,,True,negative,40,0,0.2851,-2.0697,
40,63,True,0.319266,-0.9441,none,,,False,,40,0,0.2834,-1.8198,
40,68,True,0.219361,-1.5586,cusum,,,True,negative,40,0,0.2834,-2.2957,
40,39,True,0.195707,-1.704,none,,,False,,40,0,0.2802,-1.8763,
41,5,True,0.958604,2.4348,cusum,,,True,positive,41,0,0.2695,4.087,
41,11,True,0.791237,1.4957,cusum,,,True,positive,41,0,0.2747,3.2162,
41,2,True,0.735708,1.1841,none,,,False,,41,0,0.2832,3.0642,
41,58,True,0.438529,-0.4833,none,,,False,,41,0,0.2759,2.8682,
41,96,True,0.610839,0.4835,none,,,False,,41,0,0.2815,2.5562,
41,74,True,0.710673,1.0437,none,,,False,,41,0,0.2772,2.4613,
41,52,True,0.752126,1.2763,none,,,False,,41,0,0.2747,2.289,
41,17,True,0.685161,0.9005,none,,,False,,41,0,0.2785,2.2321,
41,41,True,0.727961,1.1407,none,,,False,,41,0,0.2759,2.0963,
41,25,True,0.723951,1.1182,none,,,False,,41,0,0.2704,2.0424,
41,47,True,0.658269,0.7496,none,,,False,,41,0,0.2772,1.6137,
41,16,True,0.249567,-1.5436,none,,,False,,41,0,0.0714,0.8486,
41,51,True,0.694813,0.9547,none,,,False,,41,0,0.2695,0.829,
41,57,True,0.600201,0.4238,none,,,False,,41,0,0.0747,0.648,
41,30,True,0.570394,0.2566,none,,,False,,41,0,0.2724,0.6318,
41,19,True,0.647265,0.6879,none,,,False,,41,0,0.2724,0.559,
41,79,True,0.498378,-0.1475,none,,,False,,41,0,0.0941,0.5304,
41,62,True,0.595777,0.399,none,,,False,,41,0,0.0759,0.4249,
41,12,True,0.561964,0.2093,none,,,False,,41,0,0.2759,0.3772,
41,60,True,0.527918,0.0182,none,,,False,,41,0,0.0747,0.3725,
41,46,True,0.521417,-0.0182,none,,,False,,41,0,0.0747,0.3678,
41,88,True,0.616353,0.5144,none,,,False,,41,0,0.0724,0.3498,
41,28,True,0.642487,0.6611,none,,,False,,41,0,0.0759,0.2724,
41,92,True,0.548905,0.136,none,,,False,,41,0,0.2677,0.2461,
41,82,True,0.660965,0.7648,none,,,False,,41,0,0.0695,0.1857,
41,18,True,0.544812,0.113,none,,,False,,41,0,0.08,0.1095,
41,13,True,0.454046,-0.3963,none,,,False,,41,0,0.0695,0.0627,
41,81,True,0.391123,-0.7493,none,,,False,,41,0,0.0735,0.0299,
41,3,True,0.503391,-0.1194,none,,,False,,41,0,0.0785,0.0172,
41,94,True,0.476819,-0.2685,none,,,False,,41,0,0.0785,0.0109,
41,50,True,0.519561,-0.0287,none,,,False,,41,0,0.0747,-0.0599,
41,15,True,0.475417,-0.2763,none,,,False,,41,0,0.101,-0.089,
41,61,True,0.567064,0.2379,none,,,False,,41,0,0.0704,-0.1347,
41,48,True,0.545402,0.1163,none,,,False,,41,0,0.0686,-0.1491,
41,36,True,0.391837,-0.7453,none,,,False,,41,0,0.0785,-0.1936,
41,98,True,0.541271,0.0932,none,,,False,,41,0,0.0785,-0.3618,
41,34,True,0.445517,-0.4441,none,,,False,,41,0,0.0832,-0.4039,
41,32,True,0.475698,-0.2748,none,,,False,,41,0,0.0874,-0.4089,
41,64,True,0.438612,-0.4829,none,,,False,,41,0,0.3154,-0.4313,
41,27,True,0.422276,-0.5745,none,,,False,,41,0,0.202,-0.4718,
41,24,True,0.124453,-2.2456,none,,,False,,41,0,0.3229,-2.3428,
41,9,True,0.268748,-1.436,none,,,False,,41,0,0.3154,-1.9914,
41,29,True,0.286211,-1.338,cusum,,,True,negative,41,0,0.2874,-2.4457,
41,70,True,0.151842,-2.0919,none,,,False,,41,0,0.2874,-2.5487,
41,33,True,0.244939,-1.5696,none,,,False,,41,0,0.2832,-2.1057,
41,54,True,0.275578,-1.3976,none,,,False,,41,0,0.2832,-1.7907,
41,63,True,0.341479,-1.0279,none,,,False,,41,0,0.2815,-1.7255,
41,68,True,0.055834,-2.6306,none,,,False,,41,0,0.2815,-2.2213,
41,39,True,0.247618,-1.5545,cusum,,,True,negative,41,0,0.2785,-1.9416,
41,6,True,0.350732,-0.9759,none,,,False,,41,0,0.2498,-0.6574,
42,5,True,0.871677,2.4857,none,,,False,,42,0,0.2684,3.8974,
42,11,True,0.770853,1.8835,none,,,False,,42,0,0.2733,2.9423,
42,2,True,0.840766,2.301,none,,,False,,42,0,0.2813,2.7332,
42,74,True,0.609968,0.9226,cusum,,,True,positive,42,0,0.2757,2.3267,
42,17,True,0.711978,1.5319,none,,,False,,42,0,0.277,2.1782,
42,96,True,0.198706,-1.5336,none,,,False,,42,0,0.2798,2.1378,
42,52,True,0.725866,1.6148,cusum,,,True,positive,42,0,0.2733,2.1227,
42,25,True,0.639893,1.1013,cusum,,,True,positive,42,0,0.2693,2.004,
42,58,True,0.970482,3.0,none,,,False,,42,0,0.2745,1.8954,
42,41,True,0.649934,1.1613,none,,,False,,42,0,0.2745,1.8389,
42,51,True,0.635171,1.0731,cusum,,,True,positive,42,0,0.2684,1.8307,
42,47,True,0.574349,0.7099,none,,,False,,42,0,0.2757,1.7181,
42,62,True,0.443785,-0.0699,none,,,False,,42,0,0.0745,0.6411,
42,57,True,0.612455,0.9375,none,,,False,,42,0,0.0733,0.6033,
42,82,True,0.63703,1.0842,none,,,False,,42,0,0.0684,0.4774,
42,28,True,0.593252,0.8228,none,,,False,,42,0,0.0745,0.4617,
42,19,True,0.448332,-0.0428,none,,,False,,42,0,0.2712,0.4305,
42,60,True,0.461987,0.0388,none,,,False,,42,0,0.0733,0.3829,
42,12,True,0.39005,-0.3908,none,,,False,,42,0,0.0745,0.3813,
42,88,True,0.531354,0.4531,none,,,False,,42,0,0.0712,0.348,
42,16,True,0.585474,0.7763,none,,,False,,42,0,0.0702,0.3267,
42,30,True,0.536411,0.4833,none,,,False,,42,0,0.2712,0.3223,
42,18,True,0.431466,-0.1435,none,,,False,,42,0,0.0783,0.3198,
42,79,True,0.52358,0.4067,none,,,False,,42,0,0.0895,0.2686,
42,48,True,0.468138,0.0755,none,,,False,,42,0,0.0675,0.2436,
42,92,True,0.508467,0.3164,none,,,False,,42,0,0.2667,0.2111,
42,46,True,0.517155,0.3683,none,,,False,,42,0,0.0733,0.1993,
42,61,True,0.48152,0.1555,none,,,False,,42,0,0.0693,0.1336,
42,50,True,0.273405,-1.0875,none,,,False,,42,0,0.0733,0.0669,
42,94,True,0.368222,-0.5212,none,,,False,,42,0,0.077,-0.0154,
42,3,True,0.473991,0.1105,none,,,False,,42,0,0.077,-0.0782,
42,98,True,0.395634,-0.3575,none,,,False,,42,0,0.077,-0.0944,
42,15,True,0.425287,-0.1804,none,,,False,,42,0,0.0961,-0.1096,
42,13,True,0.439091,-0.0979,none,,,False,,42,0,0.0684,-0.2941,
42,81,True,0.354873,-0.6009,none,,,False,,42,0,0.0722,-0.3354,
42,64,True,0.448995,-0.0388,none,,,False,,42,0,0.3099,-0.3718,
42,36,True,0.434341,-0.1263,none,,,False,,42,0,0.077,-0.4016,
42,32,True,0.434584,-0.1249,none,,,False,,42,0,0.083,-0.4159,
42,34,True,0.128274,-1.9543,none,,,False,,42,0,0.0813,-0.4698,
42,10,True,0.492548,0.2213,none,,,False,,42,0,0.1987,-0.4813,
42,24,True,0.249397,-1.2309,cusum,,,True,negative,42,0,0.317,-2.4652,
42,9,True,0.376209,-0.4735,cusum,,,True,negative,42,0,0.3099,-1.8885,
42,29,True,0.176406,-1.6668,none,,,False,,42,0,0.283,-2.251,
42,70,True,0.206992,-1.4842,cusum,,,True,negative,42,0,0.283,-2.5825,
42,33,True,0.233151,-1.3279,cusum,,,True,negative,42,0,0.2813,-2.0253,
42,54,True,0.100988,-2.1173,none,,,False,,42,0,0.2813,-1.8167,
42,63,True,0.352486,-0.6152,none,,,False,,42,0,0.2798,-1.4702,
42,68,True,0.148946,-1.8308,cusum,,,True,negative,42,0,0.2798,-2.4963,
42,39,True,0.28411,-1.0236,none,,,False,,42,0,0.277,-1.9934,
42,53,True,0.348482,-0.6391,none,,,False,,42,0,0.2483,-0.725,
43,5,True,0.949641,2.9863,cusum,,,True,positive,43,0,0.2673,3.7247,
43,11,True,0.805787,2.041,cusum,,,True,positive,43,0,0.272,3.0081,
43,2,True,0.640196,0.9528,cusum,,,True,positive,43,0,0.2796,2.887,
43,52,True,0.806458,2.0454,none,,,False,,43,0,0.272,2.8191,
43,41,True,0.630879,0.8915,cusum,,,True,positive,43,0,0.2731,2.3988,
43,74,True,0.702559,1.3626,none,,,False,,43,0,0.2743,2.374,
43,17,True,0.627954,0.8723,cusum,,,True,positive,43,0,0.2755,2.3259,
43,58,True,0.858047,2.3844,cusum,,,True,positive,43,0,0.2731,2.2629,
43,25,True,0.681966,1.2273,none,,,False,,43,0,0.2682,1.9931,
43,51,True,0.654295,1.0454,none,,,False,,43,0,0.2673,1.9831,
43,96,True,0.725401,1.5127,none,,,False,,43,0,0.2781,1.1518,
43,57,True,0.509657,0.0949,none,,,False,,43,0,0.072,0.8648,
43,47,True,0.522572,0.1798,none,,,False,,43,0,0.2743,0.7838,
43,92,True,0.514081,0.124,none,,,False,,43,0,0.2657,0.5381,
43,88,True,0.575164,0.5254,none,,,False,,43,0,0.07,0.5349,
43,82,True,0.592475,0.6392,none,,,False,,43,0,0.0673,0.4927,
43,30,True,0.289227,-1.3536,none,,,False,,43,0,0.27,0.4833,
43,28,True,0.387199,-0.7098,none,,,False,,43,0,0.0731,0.4768,
43,60,True,0.488356,-0.045,none,,,False,,43,0,0.072,0.372,
43,62,True,0.382029,-0.7438,none,,,False,,43,0,0.0731,0.3632,
43,79,True,0.561548,0.4359,none,,,False,,43,0,0.0851,0.3601,
43,46,True,0.561145,0.4333,none,,,False,,43,0,0.072,0.325,
43,19,True,0.515163,0.1311,none,,,False,,43,0,0.27,0.3212,
43,48,True,0.516649,0.1409,none,,,False,,43,0,0.0665,0.1708,
43,61,True,0.322203,-1.1369,none,,,False,,43,0,0.0682,0.1137,
43,16,True,0.446869,-0.3177,none,,,False,,43,0,0.0691,0.0908,
43,12,True,0.451932,-0.2844,none,,,False,,43,0,0.0731,0.0834,
43,3,True,0.459393,-0.2354,none,,,False,,43,0,0.0755,0.0741,
43,18,True,0.506895,0.0768,none,,,False,,43,0,0.0768,0.0492,
43,64,True,0.42638,-0.4523,none,,,False,,43,0,0.3047,-0.162,
43,98,True,0.460494,-0.2281,none,,,False,,43,0,0.0755,-0.1982,
43,15,True,0.532531,0.2452,none,,,False,,43,0,0.0915,-0.2092,
43,94,True,0.502257,0.0463,none,,,False,,43,0,0.0755,-0.2204,
43,36,True,0.491284,-0.0258,none,,,False,,43,0,0.0755,-0.2218,
43,13,True,0.470818,-0.1603,none,,,False,,43,0,0.0673,-0.2263,
43,81,True,0.499139,0.0258,none,,,False,,43,0,0.071,-0.2755,
43,32,True,0.470261,-0.164,none,,,False,,43,0,0.0811,-0.2868,
43,50,True,0.459209,-0.2366,none,,,False,,43,0,0.072,-0.2985,
43,10,True,0.25309,-1.5911,none,,,False,,43,0,0.1259,-0.3899,
43,55,True,0.56953,0.4884,none,,,False,,43,0,0.2154,-0.4816,
43,24,True,0.233355,-1.7208,none,,,False,,43,0,0.3116,-1.9161,
43,9,True,0.286467,-1.3718,none,,,False,,43,0,0.3047,-1.378,
43,29,True,0.215872,-1.8357,none,,,False,,43,0,0.2811,-1.809,
43,70,True,0.164157,-2.1755,none,,,False,,43,0,0.2811,-2.1276,
43,33,True,0.223035,-1.7886,none,,,False,,43,0,0.2796,-1.8962,
43,34,True,0.436111,-0.3884,cusum,,,True,negative,43,0,0.2796,-1.4244,
43,54,True,0.219609,-1.8111,cusum,,,True,negative,43,0,0.2796,-1.9118,
43,63,True,0.303249,-1.2615,cusum,,,True,negative,43,0,0.2781,-1.2624,
43,68,True,0.179214,-2.0766,none,,,False,,43,0,0.2781,-2.4067,
43,39,True,0.218538,-1.8182,none,,,False,,43,0,0.2755,-1.8312,
44,5,True,0.752478,1.7398,none,,,False,,44,0,0.2663,3.7189,
44,11,True,0.774733,1.8911,none,,,False,,44,0,0.2708,2.8965,
44,52,True,0.869454,2.5353,cusum,,,True,positive,44,0,0.2708,2.7353,
44,58,True,0.938576,3.0,none,,,False,,44,0,0.2719,2.725,
44,2,True,0.810361,2.1334,none,,,False,,44,0,0.278,2.5793,
44,25,True,0.588218,0.6227,none,,,False,,44,0,0.2671,2.2334,
44,74,True,0.725535,1.5565,none,,,False,,44,0,0.2729,2.2025,
44,17,True,0.649295,1.038,none,,,False,,44,0,0.2741,2.1961,
44,41,True,0.700663,1.3874,none,,,False,,44,0,0.2719,2.1558,
44,51,True,0.671597,1.1897,none,,,False,,44,0,0.2663,2.1077,
44,82,True,0.695486,1.3522,none,,,False,,44,0,0.0663,0.9127,
44,47,True,0.57347,0.5224,none,,,False,,44,0,0.2729,0.6393,
44,88,True,0.551879,0.3755,none,,,False,,44,0,0.0689,0.5847,
44,57,True,0.531899,0.2396,none,,,False,,44,0,0.0708,0.5752,
44,46,True,0.531359,0.236,none,,,False,,44,0,0.0708,0.3509,
44,28,True,0.582118,0.5812,none,,,False,,44,0,0.0719,0.3493,
44,19,True,0.48043,-0.1104,none,,,False,,44,0,0.2689,0.3458,
44,79,True,0.472138,-0.1668,none,,,False,,44,0,0.0809,0.336,
44,92,True,0.522062,0.1727,none,,,False,,44,0,0.0647,0.2732,
44,96,True,0.705448,1.4199,none,,,False,,44,0,0.2766,0.2522,
44,55,True,0.660813,1.1164,none,,,False,,44,0,0.1201,0.2257,
44,48,True,0.492847,-0.0259,none,,,False,,44,0,0.0655,0.1931,
44,18,True,0.438232,-0.3974,none,,,False,,44,0,0.0753,0.1117,
44,60,True,0.514558,0.1217,none,,,False,,44,0,0.0708,0.0938,
44,15,True,0.411231,-0.581,none,,,False,,44,0,0.0871,0.0361,
44,3,True,0.500475,0.0259,none,,,False,,44,0,0.0741,0.0131,
44,62,True,0.581051,0.5739,none,,,False,,44,0,0.0719,-0.0469,
44,12,True,0.479265,-0.1183,none,,,False,,44,0,0.0719,-0.064,
44,98,True,0.46026,-0.2476,none,,,False,,44,0,0.0741,-0.0697,
44,32,True,0.181627,-2.1425,none,,,False,,44,0,0.0794,-0.0858,
44,30,True,0.516692,0.1362,none,,,False,,44,0,0.0689,-0.1176,
44,13,True,0.443344,-0.3626,none,,,False,,44,0,0.0663,-0.1348,
44,94,True,0.389599,-0.7281,none,,,False,,44,0,0.0741,-0.1533,
44,61,True,0.389862,-0.7263,none,,,False,,44,0,0.0671,-0.1633,
44,36,True,0.417102,-0.5411,none,,,False,,44,0,0.0741,-0.2047,
44,64,True,0.481915,-0.1003,none,,,False,,44,0,0.2999,-0.2129,
44,16,True,0.583543,0.5909,none,,,False,,44,0,0.068,-0.2759,
44,81,True,0.507918,0.0766,none,,,False,,44,0,0.0698,-0.3531,
44,50,True,0.455953,-0.2768,none,,,False,,44,0,0.0708,-0.3611,
44,95,True,0.352726,-0.9789,none,,,False,,44,0,0.1794,-0.5094,
44,24,True,0.148754,-2.366,none,,,False,,44,0,0.3064,-2.1177,
44,9,True,0.337618,-1.0816,none,,,False,,44,0,0.2999,-1.4819,
44,29,True,0.280179,-1.4722,cusum,,,True,negative,44,0,0.2794,-2.0114,
44,70,True,0.102706,-2.6792,cusum,,,True,negative,44,0,0.2794,-2.3151,
44,33,True,0.215885,-1.9095,cusum,,,True,negative,44,0,0.278,-1.962,
44,34,True,0.44284,-0.366,none,,,False,,44,0,0.278,-1.3289,
44,54,True,0.294751,-1.3731,none,,,False,,44,0,0.278,-2.1753,
44,63,True,0.191002,-2.0787,none,,,False,,44,0,0.2766,-1.3701,
44,68,True,0.101754,-2.6857,cusum,,,True,negative,44,0,0.2766,-2.5813,
44,39,True,0.245493,-1.7081,cusum,,,True,negative,44,0,0.2741,-1.8709,
45,58,True,0.829347,2.0226,cusum,,,True,positive,45,0,0.2706,3.8846,
45,5,True,0.868658,2.2454,cusum,,,True,positive,45,0,0.2653,3.4861,
45,52,True,0.37521,-0.5514,none,,,False,,45,0,0.2696,3.1535,
45,11,True,0.787135,1.7833,cusum,,,True,positive,45,0,0.2696,3.0269,
45,2,True,0.706178,1.3245,none,,,False,,45,0,0.2764,2.8938,
45,74,True,0.704696,1.3161,cusum,,,True,positive,45,0,0.2717,2.3719,
45,17,True,0.597127,0.7064,none,,,False,,45,0,0.2728,2.2403,
45,41,True,0.794072,1.8227,none,,,False,,45,0,0.2706,2.2365,
45,51,True,0.640046,0.9496,none,,,False,,45,0,0.2653,2.185,
45,82,True,0.594605,0.6921,cusum,,,True,positive,45,0,0.2653,2.1074,
45,25,True,0.686809,1.2147,none,,,False,,45,0,0.2661,2.0671,
45,96,True,0.497262,0.1404,cusum,,,True,positive,45,0,0.2751,1.5626,
45,47,True,0.435567,-0.2093,none,,,False,,45,0,0.2717,0.562,
45,88,True,0.408274,-0.364,none,,,False,,45,0,0.0678,0.5371,
45,57,True,0.588395,0.6569,none,,,False,,45,0,0.0696,0.5124,
45,55,True,0.60246,0.7366,none,,,False,,45,0,0.1147,0.454,
45,16,True,0.651125,1.0124,none,,,False,,45,0,0.0669,0.4343,
45,46,True,0.52817,0.3155,none,,,False,,45,0,0.0696,0.4342,
45,79,True,0.57178,0.5627,none,,,False,,45,0,0.0792,0.3273,
45,28,True,0.597497,0.7085,none,,,False,,45,0,0.0706,0.3212,
45,92,True,0.4779,0.0306,none,,,False,,45,0,0.0638,0.2844,
45,48,True,0.387575,-0.4813,none,,,False,,45,0,0.0646,0.1446,
45,60,True,0.584278,0.6336,none,,,False,,45,0,0.0696,0.1269,
45,19,True,0.624651,0.8624,none,,,False,,45,0,0.0678,0.0784,
45,3,True,0.467098,-0.0306,none,,,False,,45,0,0.0728,0.0599,
45,62,True,0.528894,0.3196,none,,,False,,45,0,0.0706,0.0099,
45,18,True,0.33996,-0.7512,none,,,False,,45,0,0.0739,-0.0602,
45,15,True,0.345744,-0.7184,none,,,False,,45,0,0.083,-0.0678,
45,81,True,0.318175,-0.8747,none,,,False,,45,0,0.0687,-0.0792,
45,64,True,0.430541,-0.2378,none,,,False,,45,0,0.2953,-0.088,
45,13,True,0.560241,0.4973,none,,,False,,45,0,0.0653,-0.1248,
45,36,True,0.406982,-0.3713,none,,,False,,45,0,0.0728,-0.1382,
45,30,True,0.49108,0.1053,none,,,False,,45,0,0.0678,-0.159,
45,12,True,0.564804,0.5232,none,,,False,,45,0,0.0706,-0.1747,
45,98,True,0.325862,-0.8311,none,,,False,,45,0,0.0728,-0.1849,
45,94,True,0.42387,-0.2756,none,,,False,,45,0,0.0728,-0.3082,
45,50,True,0.391433,-0.4595,none,,,False,,45,0,0.0696,-0.4453,
45,61,True,0.463116,-0.0532,none,,,False,,45,0,0.0661,-0.4859,
45,40,True,0.598255,0.7128,none,,,False,,45,0,0.1824,-0.5137,
45,72,True,0.389173,-0.4723,none,,,False,,45,0,0.1986,-0.5185,
45,24,True,0.262951,-1.1877,cusum,,,True,negative,45,0,0.3016,-2.1608,
45,9,True,0.361425,-0.6296,none,,,False,,45,0,0.2953,-1.3665,
45,29,True,0.301123,-0.9713,none,,,False,,45,0,0.2778,-2.0583,
45,32,True,0.435067,-0.2122,cusum,,,True,negative,45,0,0.2778,-1.2104,
45,70,True,0.159201,-1.7758,none,,,False,,45,0,0.2778,-2.513,
45,33,True,0.108748,-2.0617,none,,,False,,45,0,0.2764,-2.0773,
45,34,True,0.420373,-0.2954,none,,,False,,45,0,0.2764,-1.3048,
45,54,True,0.251441,-1.2529,cusum,,,True,negative,45,0,0.2764,-2.1691,
45,63,True,0.358483,-0.6462,cusum,,,True,negative,45,0,0.2751,-1.7222,
45,68,True,0.171465,-1.7062,none,,,False,,45,0,0.2751,-2.6015,
46,58,True,0.724368,1.6391,none,,,False,,46,0,0.2695,3.5574,
46,5,True,0.947477,3.0,none,,,False,,46,0,0.2644,3.4049,
46,11,True,0.766589,1.9077,none,,,False,,46,0,0.2685,2.9922,
46,2,True,0.851273,2.4464,cusum,,,True,positive,46,0,0.275,2.5664,
46,74,True,0.725077,1.6436,none,,,False,,46,0,0.2705,2.5015,
46,41,True,0.79376,2.0806,cusum,,,True,positive,46,0,0.2695,2.4556,
46,52,True,0.10545,-2.2979,none,,,False,,46,0,0.2685,2.4301,
46,51,True,0.461833,-0.0309,cusum,,,True,positive,46,0,0.2644,2.1427,
46,96,True,0.664592,1.2589,none,,,False,,46,0,0.2738,2.1188,
46,25,True,0.464505,-0.0139,cusum,,,True,positive,46,0,0.2651,2.1037,
46,82,True,0.56925,0.6524,none,,,False,,46,0,0.2644,1.9756,
46,17,True,0.632831,1.0569,none,,,False,,46,0,0.2715,1.9635,
46,55,True,0.238978,-1.4485,none,,,False,,46,0,0.1096,0.8952,
46,16,True,0.548602,0.5211,none,,,False,,46,0,0.0659,0.5119,
46,57,True,0.620032,0.9754,none,,,False,,46,0,0.0685,0.4175,
46,46,True,0.547215,0.5122,none,,,False,,46,0,0.0685,0.4153,
46,19,True,0.538554,0.4571,none,,,False,,46,0,0.0668,0.3789,
46,79,True,0.422179,-0.2831,none,,,False,,46,0,0.0776,0.3773,
46,60,True,0.497607,0.1967,none,,,False,,46,0,0.0685,0.3238,
46,28,True,0.550299,0.5319,none,,,False,,46,0,0.0695,0.2817,
46,88,True,0.470353,0.0233,none,,,False,,46,0,0.0668,0.2635,
46,47,True,0.568303,0.6464,none,,,False,,46,0,0.2705,0.2541,
46,92,True,0.576195,0.6966,none,,,False,,46,0,0.0629,0.1882,
46,62,True,0.521778,0.3504,none,,,False,,46,0,0.0695,0.1383,
46,12,True,0.553162,0.5501,none,,,False,,46,0,0.0695,0.1285,
46,13,True,0.544272,0.4935,none,,,False,,46,0,0.0644,0.0726,
46,3,True,0.497459,0.1957,none,,,False,,46,0,0.0715,0.0113,
46,48,True,0.460877,-0.037,none,,,False,,46,0,0.0637,-0.0421,
46,40,True,0.424528,-0.2682,none,,,False,,46,0,0.0849,-0.0707,
46,64,True,0.413959,-0.3354,none,,,False,,46,0,0.0909,-0.1569,
46,81,True,0.468875,0.0139,none,,,False,,46,0,0.0676,-0.1717,
46,36,True,0.344913,-0.7747,none,,,False,,46,0,0.0715,-0.2215,
46,94,True,0.447535,-0.1219,none,,,False,,46,0,0.0715,-0.2279,
46,50,True,0.392329,-0.473,none,,,False,,46,0,0.0685,-0.2373,
46,15,True,0.392889,-0.4695,none,,,False,,46,0,0.0791,-0.2493,
46,18,True,0.473907,0.0459,none,,,False,,46,0,0.0726,-0.2644,
46,72,True,0.396041,-0.4494,none,,,False,,46,0,0.1229,-0.2857,
46,30,True,0.617329,0.9582,none,,,False,,46,0,0.0668,-0.2862,
46,98,True,0.317718,-0.9476,none,,,False,,46,0,0.0715,-0.3443,
46,90,True,0.124636,-2.1759,none,,,False,,46,0,0.2512,-0.5223,
46,24,True,0.263713,-1.2912,none,,,False,,46,0,0.297,-2.1491,
46,9,True,0.277967,-1.2005,none,,,False,,46,0,0.2909,-1.4211,
46,39,True,0.275768,-1.2145,none,,,False,,46,0,0.2802,-1.9238,
46,29,True,0.095968,-2.3582,none,,,False,,46,0,0.2762,-1.8284,
46,32,True,0.357076,-0.6973,none,,,False,,46,0,0.2762,-1.2415,
46,70,True,0.134146,-2.1154,cusum,,,True,negative,46,0,0.2762,-2.6121,
46,33,True,0.142987,-2.0591,cusum,,,True,negative,46,0,0.275,-2.3237,
46,34,True,0.415914,-0.323,none,,,False,,46,0,0.275,-0.7537,
46,54,True,0.30161,-1.0501,none,,,False,,46,0,0.275,-1.8828,
46,99,True,0.321455,-0.9239,none,,,False,,46,0,0.274,-0.6852,
47,5,True,0.847577,2.1341,cusum,,,True,positive,47,0,0.2635,3.4085,
47,58,True,0.911814,2.527,cusum,,,True,positive,47,0,0.2684,3.3076,
47,2,True,0.935591,2.6724,none,,,False,,47,0,0.2736,3.0626,
47,11,True,0.709224,1.288,cusum,,,True,positive,47,0,0.2675,2.9465,
47,41,True,0.624052,0.767,none,,,False,,47,0,0.2684,2.8506,
47,74,True,0.706045,1.2685,none,,,False,,47,0,0.2693,2.5938,
47,96,True,0.782537,1.7363,none,,,False,,47,0,0.2724,2.0326,
47,17,True,0.549531,0.3112,none,,,False,,47,0,0.2703,2.0236,
47,82,True,0.59873,0.6122,none,,,False,,47,0,0.2635,1.979,
47,51,True,0.522388,0.1452,none,,,False,,47,0,0.2635,1.7829,
47,25,True,0.691918,1.1821,none,,,False,,47,0,0.2642,1.6889,
47,52,True,0.739673,1.4742,none,,,False,,47,0,0.2675,0.9811,
47,16,True,0.503662,0.0307,none,,,False,,47,0,0.065,0.7903,
47,57,True,0.600361,0.6221,none,,,False,,47,0,0.0675,0.7097,
47,28,True,0.504047,0.0331,none,,,False,,47,0,0.0684,0.6942,
47,62,True,0.560968,0.3812,none,,,False,,47,0,0.0684,0.5017,
47,19,True,0.613447,0.7022,none,,,False,,47,0,0.0658,0.4864,
47,30,True,0.377994,-0.7379,none,,,False,,47,0,0.0658,0.4833,
47,46,True,0.495364,-0.02,none,,,False,,47,0,0.0675,0.4403,
47,47,True,0.587332,0.5424,none,,,False,,47,0,0.2693,0.4082,
47,12,True,0.501918,0.02,none,,,False,,47,0,0.0684,0.4054,
47,60,True,0.589948,0.5584,none,,,False,,47,0,0.0675,0.4031,
47,92,True,0.515477,0.103,none,,,False,,47,0,0.0621,0.3781,
47,13,True,0.483741,-0.0911,none,,,False,,47,0,0.0635,0.2895,
47,55,True,0.565155,0.4068,none,,,False,,47,0,0.1049,0.2466,
47,40,True,0.147214,-2.1494,none,,,False,,47,0,0.081,0.1717,
47,3,True,0.44684,-0.3168,none,,,False,,47,0,0.0703,0.1535,
47,79,True,0.392887,-0.6468,none,,,False,,47,0,0.0761,0.1357,
47,88,True,0.529636,0.1896,none,,,False,,47,0,0.0658,0.0949,
47,48,True,0.527685,0.1776,none,,,False,,47,0,0.0628,-0.1024,
47,64,True,0.483134,-0.0948,none,,,False,,47,0,0.0868,-0.1203,
47,81,True,0.438867,-0.3656,none,,,False,,47,0,0.0666,-0.1769,
47,72,True,0.284819,-1.3078,none,,,False,,47,0,0.1176,-0.2634,
47,18,True,0.490105,-0.0522,none,,,False,,47,0,0.0713,-0.2763,
47,94,True,0.453498,-0.2761,none,,,False,,47,0,0.0703,-0.2854,
47,50,True,0.51712,0.113,none,,,False,,47,0,0.0675,-0.3174,
47,36,True,0.393304,-0.6443,none,,,False,,47,0,0.0703,-0.4725,
47,15,True,0.18398,-1.9245,none,,,False,,47,0,0.0774,-0.4896,
47,35,True,0.370916,-0.7812,none,,,False,,47,0,0.2368,-0.5225,
47,49,True,0.29807,-1.2267,none,,,False,,47,0,0.2091,-0.5262,
47,90,True,0.255838,-1.485,cusum,,,True,negative,47,0,0.3311,-1.7183,
47,24,True,0.238966,-1.5882,none,,,False,,47,0,0.2927,-2.0084,
47,9,True,0.276962,-1.3558,cusum,,,True,negative,47,0,0.2868,-1.3663,
47,63,True,0.276497,-1.3587,none,,,False,,47,0,0.281,-1.7343,
47,68,True,0.145218,-2.1616,none,,,False,,47,0,0.281,-2.5617,
47,29,True,0.302836,-1.1976,cusum,,,True,negative,47,0,0.2748,-2.0044,
47,32,True,0.409643,-0.5443,none,,,False,,47,0,0.2748,-1.4211,
47,70,True,0.064326,-2.6563,none,,,False,,47,0,0.2748,-2.5939,
47,33,True,0.245777,-1.5466,none,,,False,,47,0,0.2736,-2.4156,
47,34,True,0.322934,-1.0747,none,,,False,,47,0,0.2736,-0.7337,
48,5,True,0.896512,1.8894,none,,,False,,48,0,0.2626,3.5389,
48,2,True,0.81559,1.5252,cusum,,,True,positive,48,0,0.2723,3.2406,
48,58,True,0.830137,1.5906,none,,,False,,48,0,0.2673,3.1487,
48,11,True,0.712091,1.0592,none,,,False,,48,0,0.2665,2.7442,
48,41,True,0.648678,0.7738,none,,,False,,48,0,0.2673,2.6425,
48,74,True,0.696153,0.9875,cusum,,,True,positive,48,0,0.2682,2.4965,
48,96,True,-0.015787,-2.2175,none,,,False,,48,0,0.2712,2.1365,
48,25,True,0.608538,0.5931,none,,,False,,48,0,0.2633,1.8744,
48,57,True,0.498011,0.0955,cusum,,,True,positive,48,0,0.2665,1.836,
48,82,True,0.655285,0.8035,none,,,False,,48,0,0.2626,1.7313,
48,51,True,0.664732,0.846,none,,,False,,48,0,0.2626,1.4337,
48,17,True,0.681917,0.9234,none,,,False,,48,0,0.2692,0.7799,
48,19,True,0.50647,0.1336,none,,,False,,48,0,0.0648,0.7561,
48,52,True,0.668948,0.865,none,,,False,,48,0,0.2665,0.6261,
48,16,True,0.614563,0.6202,none,,,False,,48,0,0.0641,0.6025,
48,60,True,0.434998,-0.1882,none,,,False,,48,0,0.0665,0.5474,
48,28,True,0.619607,0.6429,none,,,False,,48,0,0.0673,0.5102,
48,12,True,0.319947,-0.7061,none,,,False,,48,0,0.0673,0.4502,
48,62,True,0.356338,-0.5423,none,,,False,,48,0,0.0673,0.4362,
48,47,True,0.492271,0.0697,none,,,False,,48,0,0.0682,0.4135,
48,13,True,0.571076,0.4244,none,,,False,,48,0,0.0626,0.379,
48,92,True,0.364225,-0.5068,none,,,False,,48,0,0.0613,0.3539,
48,46,True,0.525409,0.2188,none,,,False,,48,0,0.0665,0.3538,
48,30,True,0.444295,-0.1463,none,,,False,,48,0,0.0648,0.1908,
48,3,True,0.480907,0.0185,none,,,False,,48,0,0.0692,0.0378,
48,88,True,0.569478,0.4172,none,,,False,,48,0,0.0648,0.0318,
48,55,True,-0.237409,-3.0,none,,,False,,48,0,0.1003,0.0074,
48,79,True,0.530721,0.2428,none,,,False,,48,0,0.0746,-0.0262,
48,48,True,0.539999,0.2845,none,,,False,,48,0,0.062,-0.0355,
48,64,True,0.424443,-0.2357,none,,,False,,48,0,0.0829,-0.1206,
48,94,True,0.475548,-0.0056,none,,,False,,48,0,0.0692,-0.1361,
48,18,True,0.478041,0.0056,none,,,False,,48,0,0.0702,-0.1627,
48,50,True,0.517613,0.1838,none,,,False,,48,0,0.0665,-0.1886,
48,81,True,0.436433,-0.1817,none,,,False,,48,0,0.0656,-0.3255,
48,40,True,0.352933,-0.5576,none,,,False,,48,0,0.0773,-0.4683,
48,34,True,0.131546,-1.5542,none,,,False,,48,0,0.2723,-0.4715,
48,36,True,0.394273,-0.3715,none,,,False,,48,0,0.0692,-0.5084,
48,42,True,0.274398,-0.9111,none,,,False,,48,0,0.1634,-0.5268,
48,35,True,0.291899,-0.8323,none,,,False,,48,0,0.1126,-0.531,
48,4,True,0.201153,-1.2409,none,,,False,,48,0,0.221,-0.5361,
48,90,True,0.273676,-0.9144,none,,,False,,48,0,0.3255,-1.9162,
48,49,True,0.507205,0.1369,cusum,,,True,negative,48,0,0.3003,-1.6024,
48,24,True,0.135767,-1.5352,cusum,,,True,negative,48,0,0.2886,-1.7514,
48,9,True,0.302261,-0.7857,none,,,False,,48,0,0.2829,-1.4599,
48,54,True,0.256134,-0.9934,none,,,False,,48,0,0.2807,-1.6309,
48,45,True,0.334689,-0.6397,none,,,False,,48,0,0.2792,-0.6433,
48,39,True,0.191532,-1.2842,none,,,False,,48,0,0.2785,-1.989,
48,38,True,0.258656,-0.982,none,,,False,,48,0,0.2783,-0.8319,
48,65,True,0.287147,-0.8537,none,,,False,,48,0,0.2783,-1.2036,
48,66,True,0.186085,-1.3087,none,,,False,,48,0,0.2779,-1.6543,
49,5,True,0.976861,3.0,cusum,,,True,positive,49,0,0.2618,3.4193,
49,2,True,0.793666,2.2074,none,,,False,,49,0,0.271,3.306,
49,58,True,0.793962,2.2095,cusum,,,True,positive,49,0,0.2663,3.0035,
49,11,True,0.835283,2.5056,none,,,False,,49,0,0.2655,2.5016,
49,74,True,0.712844,1.6283,none,,,False,,49,0,0.2672,2.3856,
49,41,True,0.513622,0.2008,cusum,,,True,positive,49,0,0.2663,2.2916,
49,17,True,0.582897,0.6972,cusum,,,True,positive,49,0,0.2681,1.8509,
49,82,True,0.587191,0.7279,none,,,False,,49,0,0.2618,1.7674,
49,25,True,0.687624,1.4476,none,,,False,,49,0,0.2625,1.6661,
49,57,True,0.563441,0.5578,none,,,False,,49,0,0.2655,1.6477,
49,51,True,0.693027,1.4863,none,,,False,,49,0,0.2618,1.3982,
49,96,True,0.687105,1.4438,none,,,False,,49,0,0.27,1.3491,
49,19,True,0.439999,-0.3267,none,,,False,,49,0,0.0639,0.5121,
49,47,True,0.532858,0.3386,none,,,False,,49,0,0.0672,0.5052,
49,28,True,0.49869,0.0938,none,,,False,,49,0,0.0663,0.4871,
49,16,True,0.410792,-0.536,none,,,False,,49,0,0.0632,0.4707,
49,13,True,0.444767,-0.2925,none,,,False,,49,0,0.0618,0.3537,
49,46,True,0.541218,0.3985,none,,,False,,49,0,0.0655,0.3203,
49,88,True,0.485716,0.0009,none,,,False,,49,0,0.0639,0.2911,
49,60,True,0.563982,0.5616,none,,,False,,49,0,0.0655,0.2723,
49,48,True,0.547474,0.4434,none,,,False,,49,0,0.0611,0.2189,
49,92,True,0.577645,0.6595,none,,,False,,49,0,0.0605,0.1738,
49,62,True,0.536445,0.3643,none,,,False,,49,0,0.0663,0.1476,
49,30,True,0.482978,-0.0188,none,,,False,,49,0,0.0639,0.1058,
49,52,True,0.711904,1.6215,none,,,False,,49,0,0.2655,0.0971,
49,18,True,0.389374,-0.6894,none,,,False,,49,0,0.069,0.0882,
49,3,True,0.429544,-0.4016,none,,,False,,49,0,0.0681,0.0528,
49,12,True,0.337179,-1.0634,none,,,False,,49,0,0.0663,0.0392,
49,50,True,0.485476,-0.0009,none,,,False,,49,0,0.0655,0.0246,
49,94,True,0.306822,-1.2809,none,,,False,,49,0,0.0681,-0.0475,
49,81,True,0.48766,0.0148,none,,,False,,49,0,0.0647,-0.0956,
49,64,True,0.442277,-0.3104,none,,,False,,49,0,0.0792,-0.122,
49,79,True,0.487298,0.0122,none,,,False,,49,0,0.0733,-0.1346,
49,36,True,0.44168,-0.3147,none,,,False,,49,0,0.0681,-0.5098,
49,37,True,0.393945,-0.6567,none,,,False,,49,0,0.1774,-0.5468,
49,61,True,0.306295,-1.2847,none,,,False,,49,0,0.0861,-0.5566,
49,1,True,0.419941,-0.4704,none,,,False,,49,0,0.2007,-0.5628,
49,31,True,0.349276,-0.9767,none,,,False,,49,0,0.2704,-0.5636,
49,21,True,0.290517,-1.3978,none,,,False,,49,0,0.2488,-0.5721,
49,65,True,0.034353,-3.0,cusum,,,True,negative,49,0,0.3476,-1.5916,
49,66,True,0.179757,-2.1914,cusum,,,True,negative,49,0,0.3404,-2.1732,
49,90,True,0.299694,-1.332,none,,,False,,49,0,0.3203,-1.9072,
49,49,True,0.499739,0.1013,none,,,False,,49,0,0.296,-1.306,
49,55,True,0.498465,0.0922,cusum,,,True,negative,49,0,0.296,-1.7406,
49,24,True,0.276517,-1.4981,none,,,False,,49,0,0.2847,-1.8695,
49,29,True,0.177656,-2.2064,none,,,False,,49,0,0.2804,-1.9146,
49,32,True,0.41296,-0.5204,none,,,False,,49,0,0.2804,-0.8901,
49,70,True,0.194215,-2.0878,none,,,False,,49,0,0.2804,-2.588,
49,33,True,0.286177,-1.4289,none,,,False,,49,0,0.2793,-2.2963,
49,63,True,0.342546,-1.025,none,,,False,,49,0,0.2793,-1.7684,
50,5,True,0.871552,1.8877,none,,,False,,50,0,0.261,3.4183,
50,2,True,0.713573,1.0049,cusum,,,True,positive,50,0,0.2699,3.2248,
50,58,True,0.882083,1.9466,none,,,False,,50,0,0.2653,3.1924,
50,11,True,0.716313,1.0202,cusum,,,True,positive,50,0,0.2645,2.6998,
50,52,True,0.728279,1.0871,cusum,,,True,positive,50,0,0.2645,2.4024,
50,74,True,0.655888,0.6826,none,,,False,,50,0,0.2662,2.3793,
50,25,True,0.504357,-0.1642,none,,,False,,50,0,0.2617,2.1523,
50,51,True,0.652994,0.6664,none,,,False,,50,0,0.261,1.903,
50,17,True,0.690654,0.8768,none,,,False,,50,0,0.267,1.7297,
50,41,True,0.69651,0.9096,none,,,False,,50,0,0.2653,1.6639,
50,57,True,0.5315,-0.0125,none,,,False,,50,0,0.2645,1.5073,
50,82,True,0.522745,-0.0614,none,,,False,,50,0,0.261,0.7917,
50,96,True,0.729401,1.0934,none,,,False,,50,0,0.2689,0.4093,
50,47,True,0.632853,0.5539,none,,,False,,50,0,0.0662,0.4014,
50,60,True,0.535976,0.0125,none,,,False,,50,0,0.0645,0.3928,
50,48,True,0.447959,-0.4793,none,,,False,,50,0,0.0604,0.3781,
50,28,True,0.720768,1.0451,none,,,False,,50,0,0.0653,0.3399,
50,88,True,0.630086,0.5384,none,,,False,,50,0,0.063,0.2826,
50,46,True,0.450255,-0.4665,none,,,False,,50,0,0.0645,0.2813,
50,19,True,0.693601,0.8933,none,,,False,,50,0,0.063,0.2497,
50,50,True,0.448949,-0.4738,none,,,False,,50,0,0.0645,0.1808,
50,92,True,0.446576,-0.4871,none,,,False,,50,0,0.0598,0.1606,
50,62,True,0.520352,-0.0748,none,,,False,,50,0,0.0653,0.1511,
50,16,True,0.953841,2.3475,none,,,False,,50,0,0.0623,0.1174,
50,13,True,0.939395,2.2668,none,,,False,,50,0,0.061,0.0907,
50,79,True,0.625357,0.512,none,,,False,,50,0,0.072,-0.0378,
50,81,True,0.565091,0.1752,none,,,False,,50,0,0.0638,-0.0964,
50,64,True,0.42311,-0.6182,none,,,False,,50,0,0.0756,-0.1156,
50,3,True,0.422499,-0.6216,none,,,False,,50,0,0.067,-0.1476,
50,18,True,0.401558,-0.7386,none,,,False,,50,0,0.0679,-0.1583,
50,30,True,0.5968,0.3524,none,,,False,,50,0,0.063,-0.2209,
50,36,True,1.303754,3.0,none,,,False,,50,0,0.067,-0.3577,
50,94,True,0.339483,-1.0855,none,,,False,,50,0,0.067,-0.4351,
50,32,True,0.64464,0.6197,none,,,False,,50,0,0.272,-0.4945,
50,12,True,0.462032,-0.4007,none,,,False,,50,0,0.0653,-0.4998,
50,83,True,0.458872,-0.4184,none,,,False,,50,0,0.241,-0.573,
50,97,True,0.513506,-0.1131,none,,,False,,50,0,0.2674,-0.5758,
50,98,True,0.454722,-0.4415,none,,,False,,50,0,0.0909,-0.5856,
50,10,True,0.406365,-0.7118,none,,,False,,50,0,0.1699,-0.5871,
50,65,True,0.318528,-1.2026,none,,,False,,50,0,0.3414,-2.1314,
50,66,True,0.249961,-1.5858,none,,,False,,50,0,0.3345,-2.4043,
50,90,True,0.733484,1.1162,cusum,,,True,negative,50,0,0.3153,-1.6291,
50,49,True,0.439569,-0.5262,none,,,False,,50,0,0.292,-0.7252,
50,55,True,0.543413,0.0541,none,,,False,,50,0,0.292,-1.2294,
50,9,True,0.330068,-1.1381,none,,,False,,50,0,0.288,-1.514,
50,68,True,0.159316,-2.0923,none,,,False,,50,0,0.286,-2.5917,
50,24,True,0.281699,-1.4084,none,,,False,,50,0,0.281,-1.9405,
50,54,True,0.227546,-1.711,none,,,False,,50,0,0.279,-1.006,
50,34,True,0.488358,-0.2536,none,,,False,,50,0,0.2779,-0.8927,
50,39,True,0.709144,0.9802,none,,,False,,50,0,0.2769,-1.8125,
51,5,True,0.919824,1.7706,cusum,,,True,positive,51,0,0.2602,3.3353,
51,58,True,0.69984,0.7622,cusum,,,True,positive,51,0,0.2644,2.9978,
51,2,True,0.828238,1.3508,none,,,False,,51,0,0.2687,2.6675,
51,11,True,0.756607,1.0224,none,,,False,,51,0,0.2636,2.6094,
51,52,True,0.672314,0.636,none,,,False,,51,0,0.2636,2.2723,
51,74,True,0.767791,1.0737,none,,,False,,51,0,0.2652,2.1828,
51,17,True,0.643338,0.5032,none,,,False,,51,0,0.266,1.917,
51,36,True,0.999207,2.1345,cusum,,,True,positive,51,0,0.266,1.8558,
51,41,True,0.392469,-0.6469,none,,,False,,51,0,0.2644,1.7102,
51,57,True,0.469373,-0.2943,none,,,False,,51,0,0.2636,1.2947,
51,51,True,0.528326,-0.0241,none,,,False,,51,0,0.2602,1.0758,
51,16,True,0.778472,1.1226,none,,,False,,51,0,0.0615,0.8887,
51,13,True,0.651083,0.5387,none,,,False,,51,0,0.0602,0.8758,
51,25,True,0.568204,0.1587,none,,,False,,51,0,0.2609,0.7026,
51,28,True,0.659095,0.5754,none,,,False,,51,0,0.0644,0.6761,
51,82,True,0.496536,-0.1698,none,,,False,,51,0,0.2602,0.5663,
51,47,True,0.576326,0.196,none,,,False,,51,0,0.0652,0.4041,
51,88,True,0.574508,0.1876,none,,,False,,51,0,0.0622,0.3979,
51,79,True,0.65726,0.567,none,,,False,,51,0,0.0708,0.3469,
51,19,True,0.681015,0.6759,none,,,False,,51,0,0.0622,0.3125,
51,60,True,0.692187,0.7271,none,,,False,,51,0,0.0636,0.2098,
51,96,True,0.740997,0.9508,none,,,False,,51,0,0.2678,0.1936,
51,48,True,0.548354,0.0677,none,,,False,,51,0,0.0596,0.1582,
51,30,True,0.538831,0.0241,none,,,False,,51,0,0.0622,0.1415,
51,46,True,0.498529,-0.1607,none,,,False,,51,0,0.0636,0.1314,
51,81,True,0.316843,-0.9935,none,,,False,,51,0,0.0629,0.0828,
51,62,True,0.439475,-0.4314,none,,,False,,51,0,0.0644,-0.002,
51,50,True,0.386743,-0.6731,none,,,False,,51,0,0.0636,-0.0159,
51,92,True,0.717606,0.8436,none,,,False,,51,0,0.059,-0.0369,
51,32,True,0.614823,0.3724,none,,,False,,51,0,0.2708,-0.0571,
51,3,True,0.470696,-0.2883,none,,,False,,51,0,0.066,-0.2504,
51,64,True,0.424221,-0.5013,none,,,False,,51,0,0.0742,-0.2919,
51,97,True,0.479161,-0.2495,none,,,False,,51,0,0.1355,-0.334,
51,18,True,0.341772,-0.8793,none,,,False,,51,0,0.0669,-0.3884,
51,83,True,0.384852,-0.6818,none,,,False,,51,0,0.1569,-0.4932,
51,49,True,0.558558,0.1145,none,,,False,,51,0,0.2881,-0.4939,
51,10,True,0.420827,-0.5169,none,,,False,,51,0,0.1227,-0.576,
51,77,True,0.628545,0.4353,none,,,False,,51,0,0.28,-0.5887,
51,22,True,0.338075,-0.8962,none,,,False,,51,0,0.2188,-0.5989,
51,65,True,0.170097,-1.6662,cusum,,,True,negative,51,0,0.3355,-2.0604,
51,66,True,0.150645,-1.7554,cusum,,,True,negative,51,0,0.329,-2.074,
51,90,True,0.743378,0.9618,none,,,False,,51,0,0.3106,-0.7649,
51,55,True,0.520905,-0.0581,none,,,False,,51,0,0.2881,-1.3492,
51,67,True,0.167095,-1.68,none,,,False,,51,0,0.2798,-1.1796,
51,91,True,0.005802,-2.4194,none,,,False,,51,0,0.2798,-1.2298,
51,23,True,0.294698,-1.0951,none,,,False,,51,0,0.2797,-1.2975,
51,78,True,0.301299,-1.0648,none,,,False,,51,0,0.2796,-1.0924,
51,29,True,0.28492,-1.1399,none,,,False,,51,0,0.2787,-2.3279,
51,70,True,0.25702,-1.2678,none,,,False,,51,0,0.2787,-2.6937,
51,33,True,0.247357,-1.3121,none,,,False,,51,0,0.2776,-2.0869,
52,5,True,0.629787,0.6817,none,,,False,,52,0,0.2595,3.2948,
52,58,True,1.109979,3.0,none,,,False,,52,0,0.2635,2.7205,
52,36,True,1.086327,3.0,none,,,False,,52,0,0.2651,2.6899,
52,2,True,0.706046,1.1138,none,,,False,,52,0,0.2677,2.6081,
52,11,True,0.859145,1.9814,none,,,False,,52,0,0.2628,2.5961,
52,96,True,0.536579,0.1535,cusum,,,True,positive,52,0,0.2668,2.2484,
52,74,True,0.612233,0.5822,cusum,,,True,positive,52,0,0.2643,2.2104,
52,52,True,0.788124,1.5789,none,,,False,,52,0,0.2628,2.1949,
52,16,True,0.86284,2.0023,cusum,,,True,positive,52,0,0.2607,2.0552,
52,17,True,0.707699,1.1232,none,,,False,,52,0,0.2651,1.7757,
52,41,True,0.768125,1.4656,none,,,False,,52,0,0.2635,1.2356,
52,57,True,0.51223,0.0156,none,,,False,,52,0,0.2628,1.1637,
52,13,True,0.875967,2.0767,none,,,False,,52,0,0.0595,0.913,
52,51,True,0.588923,0.4501,none,,,False,,52,0,0.2595,0.7849,
52,28,True,0.784909,1.5607,none,,,False,,52,0,0.0635,0.6526,
52,25,True,0.669892,0.909,none,,,False,,52,0,0.2601,0.557,
52,60,True,0.515895,0.0363,none,,,False,,52,0,0.0628,0.5138,
52,19,True,0.442575,-0.3791,none,,,False,,52,0,0.0614,0.4922,
52,79,True,0.558835,0.2797,none,,,False,,52,0,0.0696,0.4535,
52,47,True,0.608876,0.5632,none,,,False,,52,0,0.0643,0.445,
52,92,True,0.533276,0.1348,none,,,False,,52,0,0.0583,0.4124,
52,88,True,0.511106,0.0092,none,,,False,,52,0,0.0614,0.3204,
52,32,True,0.642225,0.7522,none,,,False,,52,0,0.2696,0.247,
52,82,True,0.489973,-0.1106,none,,,False,,52,0,0.2595,0.2409,
52,30,True,0.507861,-0.0092,none,,,False,,52,0,0.0614,0.1973,
52,48,True,0.616058,0.6039,none,,,False,,52,0,0.0589,0.0851,
52,62,True,0.504625,-0.0275,none,,,False,,52,0,0.0635,0.0338,
52,46,True,0.455984,-0.3032,none,,,False,,52,0,0.0628,0.0039,
52,90,True,0.660691,0.8568,none,,,False,,52,0,0.3062,-0.1422,
52,97,True,0.455165,-0.3078,none,,,False,,52,0,0.1301,-0.1477,
52,81,True,0.523211,0.0778,none,,,False,,52,0,0.0621,-0.1888,
52,50,True,0.48566,-0.135,none,,,False,,52,0,0.0628,-0.3025,
52,3,True,0.465504,-0.2492,none,,,False,,52,0,0.0651,-0.3538,
52,55,True,0.094161,-2.3535,none,,,False,,52,0,0.2844,-0.3706,
52,64,True,0.462252,-0.2676,none,,,False,,52,0,0.0729,-0.3821,
52,49,True,0.476409,-0.1874,none,,,False,,52,0,0.2844,-0.5035,
52,59,True,0.450733,-0.3329,none,,,False,,52,0,0.2517,-0.6038,
52,69,True,0.382303,-0.7207,none,,,False,,52,0,0.2188,-0.6046,
52,83,True,0.4033,-0.6017,cusum,,,True,negative,52,0,0.3503,-1.0956,
52,67,True,0.197641,-1.7671,cusum,,,True,negative,52,0,0.3433,-1.8374,
52,91,True,0.150646,-2.0334,cusum,,,True,negative,52,0,0.3433,-2.1882,
52,65,True,0.291962,-1.2326,none,,,False,,52,0,0.3301,-2.335,
52,66,True,0.237842,-1.5393,none,,,False,,52,0,0.3238,-2.2263,
52,10,True,0.218378,-1.6496,cusum,,,True,negative,52,0,0.3178,-1.3252,
52,9,True,0.391729,-0.6673,none,,,False,,52,0,0.2859,-0.9952,
52,24,True,0.303302,-1.1683,none,,,False,,52,0,0.2859,-1.8825,
52,63,True,0.333948,-0.9947,none,,,False,,52,0,0.2841,-0.9187,
52,85,True,0.432214,-0.4379,none,,,False,,52,0,0.2779,-0.6692,
52,54,True,0.296549,-1.2066,none,,,False,,52,0,0.2774,-1.6602,
52,68,True,0.128145,-2.1609,none,,,False,,52,0,0.2774,-2.3954,
53,36,True,1.06002,2.871,cusum,,,True,positive,53,0,0.2641,3.7937,
53,58,True,1.03431,2.7305,cusum,,,True,positive,53,0,0.2626,2.983,
53,16,True,0.794148,1.4178,none,,,False,,53,0,0.26,2.9004,
53,13,True,0.778143,1.3303,cusum,,,True,positive,53,0,0.2588,2.7019,
53,5,True,0.92566,2.1366,none,,,False,,53,0,0.2588,2.5212,
53,11,True,0.534375,-0.0021,cusum,,,True,positive,53,0,0.2619,2.4204,
53,2,True,0.747403,1.1623,cusum,,,True,positive,53,0,0.2666,2.2423,
53,52,True,0.640298,0.5768,none,,,False,,53,0,0.2619,2.1797,
53,28,True,0.729675,1.0654,cusum,,,True,positive,53,0,0.2626,2.1405,
53,17,True,0.629237,0.5164,none,,,False,,53,0,0.2641,1.9166,
53,74,True,0.65624,0.664,none,,,False,,53,0,0.2634,1.8606,
53,96,True,0.700706,0.907,none,,,False,,53,0,0.2658,1.8171,
53,41,True,0.535149,0.0021,none,,,False,,53,0,0.2626,1.6562,
53,32,True,0.552702,0.0981,none,,,False,,53,0,0.2685,0.6698,
53,90,True,0.744765,1.1478,none,,,False,,53,0,0.302,0.5849,
53,79,True,0.699324,0.8995,none,,,False,,53,0,0.0685,0.5413,
53,47,True,0.497828,-0.2019,none,,,False,,53,0,0.0634,0.5188,
53,19,True,0.595244,0.3306,none,,,False,,53,0,0.0606,0.4738,
53,51,True,0.554589,0.1084,none,,,False,,53,0,0.2588,0.4387,
53,25,True,0.68431,0.8174,none,,,False,,53,0,0.2594,0.3765,
53,60,True,0.469392,-0.3573,none,,,False,,53,0,0.0619,0.3377,
53,88,True,0.59294,0.318,none,,,False,,53,0,0.0606,0.3222,
53,92,True,0.652476,0.6434,none,,,False,,53,0,0.0577,0.2367,
53,30,True,0.477368,-0.3137,none,,,False,,53,0,0.0606,0.1996,
53,48,True,0.604871,0.3832,none,,,False,,53,0,0.0582,0.1378,
53,57,True,0.496971,-0.2066,none,,,False,,53,0,0.2619,-0.018,
53,82,True,0.587819,0.29,none,,,False,,53,0,0.2588,-0.0394,
53,62,True,0.419871,-0.628,none,,,False,,53,0,0.0626,-0.0978,
53,49,True,0.465629,-0.3779,none,,,False,,53,0,0.2809,-0.1017,
53,97,True,0.517735,-0.0931,none,,,False,,53,0,0.1249,-0.1056,
53,81,True,0.535634,0.0048,none,,,False,,53,0,0.0613,-0.1688,
53,46,True,0.494601,-0.2195,none,,,False,,53,0,0.0619,-0.2311,
53,3,True,0.452792,-0.448,none,,,False,,53,0,0.0641,-0.3042,
53,50,True,0.337318,-1.0792,none,,,False,,53,0,0.0619,-0.3482,
53,64,True,0.398237,-0.7462,none,,,False,,53,0,0.0716,-0.3695,
53,61,True,0.401459,-0.7286,none,,,False,,53,0,0.0832,-0.607,
53,27,True,0.48626,-0.2651,none,,,False,,53,0,0.1916,-0.6199,
53,87,True,0.296954,-1.2998,none,,,False,,53,0,0.25,-0.6214,
53,83,True,0.312701,-1.2138,none,,,False,,53,0,0.3441,-0.9382,
53,67,True,0.10354,-2.357,none,,,False,,53,0,0.3375,-1.8632,
53,91,True,0.092148,-2.4193,none,,,False,,53,0,0.3375,-2.3503,
53,65,True,0.164733,-2.0225,none,,,False,,53,0,0.3249,-1.7493,
53,66,True,-0.151276,-3.0,cusum,,,True,negative,53,0,0.319,-2.0121,
53,10,True,0.461332,-0.4014,none,,,False,,53,0,0.3132,-1.3476,
53,39,True,0.745125,1.1498,none,,,False,,53,0,0.2817,-0.9178,
53,55,True,0.542292,0.0412,none,,,False,,53,0,0.2809,-1.1878,
53,29,True,0.246598,-1.5751,none,,,False,,53,0,0.2771,-1.9233,
53,70,True,0.209746,-1.7765,none,,,False,,53,0,0.2771,-2.4127,
53,26,True,0.372307,-0.888,none,,,False,,53,0,0.2762,-0.9499,
53,71,True,0.40944,-0.685,none,,,False,,53,0,0.2762,-0.646,
54,36,True,1.027588,2.5037,none,,,False,,54,0,0.2633,3.7496,
54,58,True,1.084358,2.8173,none,,,False,,54,0,0.2618,3.2433,
54,5,True,0.879307,1.6846,cusum,,,True,positive,54,0,0.2581,2.6034,
54,16,True,0.384567,-1.0485,cusum,,,True,positive,54,0,0.2592,2.5896,
54,13,True,0.768109,1.0703,none,,,False,,54,0,0.2581,2.3889,
54,2,True,0.750674,0.974,none,,,False,,54,0,0.2656,2.2935,
54,28,True,0.713845,0.7705,none,,,False,,54,0,0.2618,2.1462,
54,11,True,0.800945,1.2517,none,,,False,,54,0,0.2611,2.0786,
54,52,True,0.649377,0.4144,cusum,,,True,positive,54,0,0.2611,2.0087,
54,74,True,0.624643,0.2778,none,,,False,,54,0,0.2625,1.8534,
54,96,True,0.641701,0.372,none,,,False,,54,0,0.2648,1.7538,
54,25,True,0.698161,0.6839,cusum,,,True,positive,54,0,0.2587,1.7029,
54,90,True,0.748017,0.9593,cusum,,,True,positive,54,0,0.298,1.5931,
54,17,True,0.688122,0.6284,none,,,False,,54,0,0.2633,0.7954,
54,79,True,0.669612,0.5262,none,,,False,,54,0,0.0674,0.6691,
54,92,True,0.596542,0.1225,none,,,False,,54,0,0.057,0.6128,
54,32,True,0.615029,0.2247,none,,,False,,54,0,0.2674,0.4946,
54,48,True,0.611378,0.2045,none,,,False,,54,0,0.0575,0.4245,
54,39,True,0.678393,0.5747,none,,,False,,54,0,0.2674,0.369,
54,41,True,0.659256,0.469,none,,,False,,54,0,0.2618,0.3527,
54,19,True,0.651753,0.4275,none,,,False,,54,0,0.0599,0.2854,
54,47,True,0.721647,0.8136,none,,,False,,54,0,0.0625,0.2658,
54,51,True,0.655233,0.4468,none,,,False,,54,0,0.2581,0.2519,
54,88,True,0.573366,-0.0055,none,,,False,,54,0,0.0599,0.2479,
54,60,True,0.592444,0.0999,none,,,False,,54,0,0.0611,0.2135,
54,82,True,0.544901,-0.1627,none,,,False,,54,0,0.2581,0.0769,
54,30,True,0.575356,0.0055,none,,,False,,54,0,0.0599,-0.0234,
54,49,True,0.465459,-0.6016,none,,,False,,54,0,0.2775,-0.054,
54,57,True,0.505257,-0.3817,none,,,False,,54,0,0.2611,-0.0837,
54,97,True,0.479262,-0.5253,none,,,False,,54,0,0.1201,-0.1021,
54,46,True,0.459227,-0.636,none,,,False,,54,0,0.0611,-0.1497,
54,81,True,0.533315,-0.2268,none,,,False,,54,0,0.0605,-0.2265,
54,3,True,0.499807,-0.4119,none,,,False,,54,0,0.0633,-0.2474,
54,62,True,0.550866,-0.1298,none,,,False,,54,0,0.0618,-0.2832,
54,64,True,0.437541,-0.7558,none,,,False,,54,0,0.0704,-0.4138,
54,27,True,0.438024,-0.7532,none,,,False,,54,0,0.1144,-0.4878,
54,50,True,0.453967,-0.6651,none,,,False,,54,0,0.0611,-0.551,
54,61,True,0.437919,-0.7537,none,,,False,,54,0,0.0625,-0.6088,
54,26,True,0.343213,-1.2769,cusum,,,True,negative,54,0,0.3384,-1.545,
54,83,True,0.350255,-1.238,none,,,False,,54,0,0.3384,-1.2074,
54,67,True,0.244857,-1.8203,cusum,,,True,negative,54,0,0.3321,-2.3134,
54,91,True,0.120988,-2.5045,cusum,,,True,negative,54,0,0.3321,-2.6694,
54,65,True,0.205326,-2.0386,cusum,,,True,negative,54,0,0.3201,-2.0258,
54,66,True,0.202231,-2.0557,none,,,False,,54,0,0.3144,-2.4864,
54,10,True,0.443693,-0.7218,none,,,False,,54,0,0.3088,-1.2468,
54,9,True,0.366732,-1.147,none,,,False,,54,0,0.284,-1.2675,
54,24,True,0.343524,-1.2752,none,,,False,,54,0,0.284,-1.762,
54,33,True,0.165456,-2.2589,none,,,False,,54,0,0.2823,-1.3394,
54,55,True,0.673924,0.55,none,,,False,,54,0,0.2775,-0.6939,
54,54,True,0.206081,-2.0345,none,,,False,,54,0,0.2758,-1.7139,
55,58,True,1.052712,2.5779,cusum,,,True,positive,55,0,0.261,3.9274,
55,36,True,1.038327,2.5028,cusum,,,True,positive,55,0,0.2624,3.8716,
55,5,True,0.920371,1.8869,none,,,False,,55,0,0.2574,2.5739,
55,13,True,0.717269,0.8265,none,,,False,,55,0,0.2574,2.5654,
55,28,True,0.716176,0.8207,none,,,False,,55,0,0.261,2.2103,
55,2,True,0.752857,1.0123,none,,,False,,55,0,0.2647,2.1667,
55,11,True,0.542153,-0.0879,none,,,False,,55,0,0.2604,2.1541,
55,90,True,0.796654,1.2409,none,,,False,,55,0,0.2942,2.0901,
55,52,True,0.758182,1.0401,none,,,False,,55,0,0.2604,1.9339,
55,25,True,0.657021,0.5119,none,,,False,,55,0,0.258,1.8771,
55,16,True,0.613358,0.2839,none,,,False,,55,0,0.2585,1.8651,
55,17,True,0.643075,0.4391,cusum,,,True,positive,55,0,0.2624,1.8361,
55,74,True,0.698735,0.7297,none,,,False,,55,0,0.2617,1.5871,
55,96,True,0.679442,0.629,none,,,False,,55,0,0.2639,1.5597,
55,39,True,0.67443,0.6028,none,,,False,,55,0,0.2664,0.9873,
55,41,True,0.562349,0.0176,none,,,False,,55,0,0.261,0.7237,
55,79,True,0.583153,0.1262,none,,,False,,55,0,0.0664,0.6542,
55,47,True,0.705702,0.7661,none,,,False,,55,0,0.0617,0.4707,
55,48,True,0.597101,0.199,none,,,False,,55,0,0.0569,0.4694,
55,32,True,0.596686,0.1969,none,,,False,,55,0,0.0664,0.4441,
55,51,True,0.613145,0.2828,none,,,False,,55,0,0.2574,0.408,
55,92,True,0.6054,0.2424,none,,,False,,55,0,0.0564,0.3717,
55,19,True,0.704448,0.7595,none,,,False,,55,0,0.0591,0.2017,
55,88,True,0.571164,0.0636,none,,,False,,55,0,0.0591,0.1826,
55,82,True,0.555611,-0.0176,none,,,False,,55,0,0.0574,0.0785,
55,81,True,0.447633,-0.5814,none,,,False,,55,0,0.0597,0.0282,
55,60,True,0.573714,0.0769,none,,,False,,55,0,0.0604,0.0035,
55,30,True,0.551854,-0.0372,none,,,False,,55,0,0.0591,-0.0304,
55,57,True,0.540678,-0.0956,none,,,False,,55,0,0.2604,-0.1138,
55,62,True,0.487124,-0.3752,none,,,False,,55,0,0.061,-0.1837,
55,97,True,0.503423,-0.2901,none,,,False,,55,0,0.1155,-0.1969,
55,3,True,0.478028,-0.4227,none,,,False,,55,0,0.0624,-0.2896,
55,49,True,0.421075,-0.72,none,,,False,,55,0,0.2743,-0.2945,
55,46,True,0.487818,-0.3716,none,,,False,,55,0,0.0604,-0.3091,
55,27,True,0.303162,-1.3357,none,,,False,,55,0,0.11,-0.4218,
55,55,True,0.579622,0.1078,none,,,False,,55,0,0.2743,-0.4929,
55,50,True,0.48832,-0.3689,none,,,False,,55,0,0.0604,-0.5493,
55,72,True,0.381857,-0.9248,none,,,False,,55,0,0.1658,-0.6284,
55,26,True,0.364886,-1.0134,none,,,False,,55,0,0.3331,-1.7447,
55,83,True,0.418164,-0.7352,none,,,False,,55,0,0.3331,-1.3966,
55,67,True,0.150677,-2.1318,none,,,False,,55,0,0.327,-2.3636,
55,91,True,0.228869,-1.7236,none,,,False,,55,0,0.327,-2.7012,
55,65,True,0.217351,-1.7837,none,,,False,,55,0,0.3155,-2.1528,
55,66,True,0.262764,-1.5466,cusum,,,True,negative,55,0,0.31,-2.5892,
55,10,True,0.479139,-0.4169,none,,,False,,55,0,0.3046,-1.3177,
55,63,True,0.268211,-1.5182,none,,,False,,55,0,0.282,-1.5363,
55,68,True,0.228524,-1.7254,none,,,False,,55,0,0.282,-2.5485,
55,0,True,0.38259,-0.921,none,,,False,,55,0,0.2794,-0.6498,
55,93,True,0.323503,-1.2295,none,,,False,,55,0,0.2793,-0.8321,
55,29,True,0.089588,-2.4508,none,,,False,,55,0,0.2756,-1.5507,
56,58,True,0.930837,2.3155,none,,,False,,56,0,0.2603,3.7857,
56,36,True,1.091886,3.0,none,,,False,,56,0,0.2616,3.7049,
56,5,True,0.900099,2.1455,cusum,,,True,positive,56,0,0.2568,2.9749,
56,90,True,0.793422,1.5557,none,,,False,,56,0,0.2905,2.216,
56,13,True,0.767541,1.4126,none,,,False,,56,0,0.2568,2.1478,
56,2,True,0.729916,1.2046,none,,,False,,56,0,0.2638,2.1317,
56,28,True,0.708773,1.0877,none,,,False,,56,0,0.2603,1.9627,
56,52,True,0.876065,2.0127,none,,,False,,56,0,0.2596,1.7534,
56,25,True,0.718624,1.1422,none,,,False,,56,0,0.2573,1.744,
56,96,True,0.646652,0.7443,none,,,False,,56,0,0.263,1.7171,
56,74,True,0.474385,-0.2082,none,,,False,,56,0,0.2609,1.6352,
56,17,True,0.733228,1.2229,none,,,False,,56,0,0.2616,1.607,
56,11,True,0.598307,0.477,none,,,False,,56,0,0.2596,1.4635,
56,16,True,0.75802,1.36,none,,,False,,56,0,0.2579,1.2915,
56,39,True,0.706087,1.0729,none,,,False,,56,0,0.2654,0.8603,
56,79,True,0.471422,-0.2246,none,,,False,,56,0,0.0654,0.6018,
56,19,True,0.613401,0.5604,none,,,False,,56,0,0.0584,0.5804,
56,47,True,0.697061,1.023,none,,,False,,56,0,0.0609,0.5374,
56,92,True,0.568428,0.3118,none,,,False,,56,0,0.0557,0.4068,
56,51,True,0.632164,0.6642,none,,,False,,56,0,0.0568,0.3515,
56,48,True,0.520834,0.0486,none,,,False,,56,0,0.0562,0.3337,
56,55,True,0.594893,0.4581,none,,,False,,56,0,0.2712,0.3258,
56,32,True,0.61206,0.553,none,,,False,,56,0,0.0654,0.2577,
56,41,True,0.681316,0.9359,none,,,False,,56,0,0.2603,0.24,
56,88,True,0.589883,0.4304,none,,,False,,56,0,0.0584,0.1999,
56,82,True,0.404119,-0.5967,none,,,False,,56,0,0.0568,0.1087,
56,60,True,0.442581,-0.384,none,,,False,,56,0,0.0596,0.0161,
56,30,True,0.544729,0.1807,none,,,False,,56,0,0.0584,-0.0406,
56,57,True,0.503241,-0.0486,none,,,False,,56,0,0.2596,-0.1517,
56,81,True,0.527888,0.0876,none,,,False,,56,0,0.059,-0.1924,
56,97,True,0.493706,-0.1014,none,,,False,,56,0,0.1112,-0.1937,
56,62,True,0.468976,-0.2381,none,,,False,,56,0,0.0603,-0.3005,
56,46,True,0.46646,-0.252,none,,,False,,56,0,0.0596,-0.3328,
56,3,True,0.464179,-0.2646,none,,,False,,56,0,0.0616,-0.3485,
56,49,True,0.311713,-1.1076,none,,,False,,56,0,0.2712,-0.4737,
56,50,True,0.468393,-0.2413,none,,,False,,56,0,0.0596,-0.6282,
56,76,True,0.40344,-0.6004,none,,,False,,56,0,0.2716,-0.6286,
56,26,True,0.394141,-0.6518,none,,,False,,56,0,0.328,-1.4416,
56,83,True,0.397642,-0.6325,cusum,,,True,negative,56,0,0.328,-1.4445,
56,67,True,0.237432,-1.5183,cusum,,,True,negative,56,0,0.3223,-2.4883,
56,91,True,0.224745,-1.5884,cusum,,,True,negative,56,0,0.3223,-2.6011,
56,72,True,0.388175,-0.6848,cusum,,,True,negative,56,0,0.3167,-1.2822,
56,65,True,0.289073,-1.2327,cusum,,,True,negative,56,0,0.3112,-2.3392,
56,27,True,0.464058,-0.2653,cusum,,,True,negative,56,0,0.3059,-1.178,
56,66,True,0.173365,-1.8725,none,,,False,,56,0,0.3059,-2.5942,
56,10,True,0.470279,-0.2309,none,,,False,,56,0,0.3007,-0.9091,
56,9,True,0.378111,-0.7405,none,,,False,,56,0,0.2822,-1.3896,
56,24,True,0.295712,-1.196,none,,,False,,56,0,0.2822,-1.1895,
56,70,True,0.197101,-1.7412,none,,,False,,56,0,0.2816,-2.1209,
56,84,True,0.283581,-1.2631,none,,,False,,56,0,0.2792,-0.8472,
57,36,True,1.01703,2.5704,cusum,,,True,positive,57,0,0.2608,3.7469,
57,58,True,0.291098,-1.0824,cusum,,,True,positive,57,0,0.2595,3.6465,
57,5,True,0.830487,1.6317,none,,,False,,57,0,0.2561,2.9771,
57,90,True,0.776637,1.3608,cusum,,,True,positive,57,0,0.2871,2.3501,
57,52,True,0.827703,1.6177,cusum,,,True,positive,57,0,0.2589,2.2311,
57,13,True,0.751018,1.2319,cusum,,,True,positive,57,0,0.2561,2.1746,
57,2,True,0.729627,1.1242,cusum,,,True,positive,57,0,0.2629,2.1447,
57,28,True,0.813523,1.5464,cusum,,,True,positive,57,0,0.2595,1.9693,
57,47,True,0.63526,0.6494,cusum,,,True,positive,57,0,0.2601,1.9447,
57,25,True,0.687395,0.9117,none,,,False,,57,0,0.2567,1.8515,
57,17,True,0.64665,0.7067,none,,,False,,57,0,0.2608,1.8416,
57,39,True,0.659435,0.771,cusum,,,True,positive,57,0,0.2645,1.8335,
57,11,True,0.751309,1.2333,none,,,False,,57,0,0.2589,1.6223,
57,16,True,0.478921,-0.1373,none,,,False,,57,0,0.2572,1.2714,
57,96,True,0.728966,1.1209,none,,,False,,57,0,0.2622,0.6618,
57,19,True,0.494862,-0.0571,none,,,False,,57,0,0.0577,0.6562,
57,41,True,0.577023,0.3563,none,,,False,,57,0,0.2595,0.5504,
57,51,True,0.501911,-0.0216,none,,,False,,57,0,0.0561,0.536,
57,55,True,0.632435,0.6352,none,,,False,,57,0,0.27,0.4632,
57,32,True,0.622776,0.5866,none,,,False,,57,0,0.0645,0.4082,
57,74,True,0.562493,0.2832,none,,,False,,57,0,0.2601,0.3436,
57,92,True,0.548834,0.2145,none,,,False,,57,0,0.0552,0.2956,
57,88,True,0.599802,0.471,none,,,False,,57,0,0.0577,0.2366,
57,79,True,0.534213,0.1409,none,,,False,,57,0,0.0645,0.2259,
57,48,True,0.587279,0.4079,none,,,False,,57,0,0.0556,0.2214,
57,30,True,0.533626,0.138,none,,,False,,57,0,0.0577,0.1234,
57,60,True,0.59373,0.4404,none,,,False,,57,0,0.0589,0.0063,
57,57,True,0.518951,0.0641,none,,,False,,57,0,0.2589,-0.0999,
57,81,True,0.487452,-0.0944,none,,,False,,57,0,0.0583,-0.1656,
57,62,True,0.289864,-1.0886,none,,,False,,57,0,0.0595,-0.1714,
57,82,True,0.412974,-0.4691,none,,,False,,57,0,0.0561,-0.1876,
57,97,True,0.486874,-0.0973,none,,,False,,57,0,0.1071,-0.199,
57,3,True,0.510504,0.0216,none,,,False,,57,0,0.0608,-0.2883,
57,46,True,0.486461,-0.0994,none,,,False,,57,0,0.0589,-0.3445,
57,50,True,0.496464,-0.049,none,,,False,,57,0,0.0589,-0.3497,
57,10,True,0.088897,-2.0999,none,,,False,,57,0,0.2969,-0.3545,
57,76,True,0.410026,-0.484,none,,,False,,57,0,0.141,-0.5934,
57,84,True,0.335557,-0.8587,cusum,,,True,negative,57,0,0.3541,-1.5025,
57,26,True,0.326479,-0.9044,none,,,False,,57,0,0.3233,-1.366,
57,83,True,0.293026,-1.0727,none,,,False,,57,0,0.3233,-1.2539,
57,67,True,0.258848,-1.2447,none,,,False,,57,0,0.3177,-2.2116,
57,91,True,0.139981,-1.8428,none,,,False,,57,0,0.3177,-2.327,
57,72,True,0.367174,-0.6996,none,,,False,,57,0,0.3123,-1.3633,
57,65,True,0.253466,-1.2718,none,,,False,,57,0,0.3071,-2.0784,
57,27,True,0.410647,-0.4809,none,,,False,,57,0,0.3019,-1.1804,
57,66,True,0.180872,-1.6371,cusum,,,True,negative,57,0,0.3019,-2.2207,
57,86,True,0.38904,-0.5896,none,,,False,,57,0,0.2839,-0.8235,
57,64,True,0.460319,-0.2309,none,,,False,,57,0,0.2813,-1.0001,
57,33,True,0.242432,-1.3273,none,,,False,,57,0,0.2803,-2.0782,
57,54,True,0.215589,-1.4624,none,,,False,,57,0,0.2803,-2.0623,
58,36,True,1.017323,2.0824,none,,,False,,58,0,0.26,3.7682,
58,5,True,0.968159,1.8753,cusum,,,True,positive,58,0,0.2555,2.9588,
58,52,True,0.715,0.8086,none,,,False,,58,0,0.2582,2.6314,
58,90,True,0.80741,1.198,none,,,False,,58,0,0.2837,2.482,
58,58,True,0.62147,0.4145,none,,,False,,58,0,0.2588,2.3457,
58,13,True,0.745096,0.9354,none,,,False,,58,0,0.2555,2.2277,
58,28,True,0.71807,0.8215,none,,,False,,58,0,0.2588,2.227,
58,2,True,0.702343,0.7553,none,,,False,,58,0,0.2621,2.1938,
58,25,True,0.683064,0.674,none,,,False,,58,0,0.256,1.9267,
58,39,True,0.715293,0.8098,none,,,False,,58,0,0.2636,1.8978,
58,47,True,0.65627,0.5611,none,,,False,,58,0,0.2594,1.8891,
58,17,True,0.672516,0.6296,none,,,False,,58,0,0.26,1.8667,
58,16,True,0.798328,1.1597,none,,,False,,58,0,0.2566,1.5744,
58,96,True,0.806852,1.1956,none,,,False,,58,0,0.2614,0.9104,
58,11,True,0.857049,1.4071,none,,,False,,58,0,0.2582,0.6154,
58,32,True,0.523056,-0.0002,none,,,False,,58,0,0.0636,0.5277,
58,41,True,0.501758,-0.0899,none,,,False,,58,0,0.2588,0.512,
58,19,True,0.758758,0.993,none,,,False,,58,0,0.0571,0.4939,
58,55,True,-0.181354,-2.9682,none,,,False,,58,0,0.2689,0.4901,
58,88,True,0.472103,-0.2149,none,,,False,,58,0,0.0571,0.3946,
58,51,True,0.531792,0.0366,none,,,False,,58,0,0.0555,0.3792,
58,74,True,0.650116,0.5352,none,,,False,,58,0,0.2594,0.3445,
58,92,True,0.683287,0.675,none,,,False,,58,0,0.0546,0.3255,
58,48,True,0.583377,0.254,none,,,False,,58,0,0.055,0.2886,
58,30,True,0.52314,0.0002,none,,,False,,58,0,0.0571,0.1668,
58,60,True,0.593101,0.295,none,,,False,,58,0,0.0582,0.119,
58,79,True,0.574379,0.2161,none,,,False,,58,0,0.0636,0.0964,
58,57,True,0.508733,-0.0605,none,,,False,,58,0,0.0582,0.0478,
58,97,True,0.514089,-0.038,none,,,False,,58,0,0.1032,-0.0586,
58,81,True,0.505146,-0.0756,none,,,False,,58,0,0.0576,-0.1223,
58,3,True,0.404397,-0.5001,none,,,False,,58,0,0.06,-0.1447,
58,50,True,0.384504,-0.584,none,,,False,,58,0,0.0582,-0.1452,
58,46,True,0.492464,-0.1291,none,,,False,,58,0,0.0582,-0.1664,
58,82,True,0.522958,-0.0006,none,,,False,,58,0,0.0555,-0.2904,
58,76,True,0.325019,-0.8346,none,,,False,,58,0,0.1357,-0.465,
58,62,True,0.529655,0.0276,none,,,False,,58,0,0.0588,-0.4919,
58,89,True,0.659925,0.5765,none,,,False,,58,0,0.2688,-0.6287,
58,84,True,0.369624,-0.6467,none,,,False,,58,0,0.3481,-1.3803,
58,26,True,0.261227,-1.1034,cusum,,,True,negative,58,0,0.3188,-1.2447,
58,83,True,0.353547,-0.7144,none,,,False,,58,0,0.3188,-1.2017,
58,67,True,0.247304,-1.1621,none,,,False,,58,0,0.3134,-2.0225,
58,91,True,0.202137,-1.3524,cusum,,,True,negative,58,0,0.3134,-2.1092,
58,72,True,0.341538,-0.765,none,,,False,,58,0,0.3082,-1.1631,
58,65,True,0.224254,-1.2592,none,,,False,,58,0,0.3032,-1.8251,
58,27,True,0.346611,-0.7436,none,,,False,,58,0,0.2982,-1.0919,
58,66,True,0.212209,-1.3099,none,,,False,,58,0,0.2982,-2.0833,
58,10,True,0.491318,-0.1339,cusum,,,True,negative,58,0,0.2933,-1.3159,
58,56,True,0.31974,-0.8569,none,,,False,,58,0,0.2808,-0.8549,
58,44,True,0.452075,-0.2993,none,,,False,,58,0,0.2806,-1.2552,
58,9,True,0.301172,-0.9351,none,,,False,,58,0,0.2805,-0.7587,
59,36,True,1.076019,2.998,cusum,,,True,positive,59,0,0.2593,3.6272,
59,5,True,0.823412,1.5748,none,,,False,,59,0,0.2549,2.9542,
59,52,True,0.892772,1.9656,none,,,False,,59,0,0.2575,2.5534,
59,90,True,0.799654,1.4409,none,,,False,,59,0,0.2806,2.466,
59,13,True,0.805574,1.4743,none,,,False,,59,0,0.2549,2.2633,
59,28,True,0.836597,1.6491,none,,,False,,59,0,0.2581,2.2264,
59,11,True,0.772655,1.2888,cusum,,,True,positive,59,0,0.2575,2.1129,
59,2,True,0.769858,1.2731,none,,,False,,59,0,0.2613,2.1071,
59,96,True,0.575488,0.178,cusum,,,True,positive,59,0,0.2606,2.0983,
59,39,True,0.800783,1.4473,none,,,False,,59,0,0.2627,1.9657,
59,17,True,0.652011,0.6091,none,,,False,,59,0,0.2593,1.9293,
59,47,True,0.739508,1.1021,none,,,False,,59,0,0.2587,1.8199,
59,58,True,1.086536,3.0,none,,,False,,59,0,0.2581,1.6237,
59,25,True,0.489621,-0.3058,none,,,False,,59,0,0.2554,0.98,
59,16,True,0.786276,1.3656,none,,,False,,59,0,0.2559,0.8656,
59,19,True,0.529103,-0.0834,none,,,False,,59,0,0.0565,0.5709,
59,41,True,0.547173,0.0184,none,,,False,,59,0,0.0581,0.4753,
59,92,True,0.63994,0.5411,none,,,False,,59,0,0.054,0.4691,
59,32,True,0.581242,0.2104,none,,,False,,59,0,0.0627,0.4609,
59,48,True,0.542698,-0.0068,none,,,False,,59,0,0.0545,0.3062,
59,88,True,0.609428,0.3692,none,,,False,,59,0,0.0565,0.301,
59,51,True,0.55561,0.066,none,,,False,,59,0,0.0549,0.2964,
59,74,True,0.635539,0.5163,none,,,False,,59,0,0.2587,0.2788,
59,60,True,0.545107,0.0068,none,,,False,,59,0,0.0575,0.1908,
59,30,True,0.422643,-0.6832,none,,,False,,59,0,0.0565,0.1785,
59,79,True,0.662072,0.6658,none,,,False,,59,0,0.0627,0.1253,
59,57,True,0.409331,-0.7582,none,,,False,,59,0,0.0575,0.0587,
59,81,True,0.481703,-0.3504,none,,,False,,59,0,0.057,0.0455,
59,97,True,0.505541,-0.2161,none,,,False,,59,0,0.0994,0.0232,
59,46,True,0.446591,-0.5483,none,,,False,,59,0,0.0575,-0.0864,
59,3,True,0.49261,-0.289,none,,,False,,59,0,0.0593,-0.1715,
59,50,True,0.519289,-0.1387,none,,,False,,59,0,0.0575,-0.2177,
59,89,True,0.555003,0.0625,none,,,False,,59,0,0.1426,-0.2249,
59,82,True,0.624392,0.4535,none,,,False,,59,0,0.0549,-0.2855,
59,62,True,0.613479,0.392,none,,,False,,59,0,0.0581,-0.3585,
59,76,True,0.416156,-0.7197,none,,,False,,59,0,0.1308,-0.5218,
59,77,True,0.49385,-0.282,none,,,False,,59,0,0.1723,-0.6294,
59,1,True,0.38361,-0.9031,none,,,False,,59,0,0.1679,-0.6328,
59,84,True,0.260095,-1.599,none,,,False,,59,0,0.3426,-1.2978,
59,26,True,0.307011,-1.3347,none,,,False,,59,0,0.3145,-1.2774,
59,83,True,0.429883,-0.6424,none,,,False,,59,0,0.3145,-1.1974,
59,67,True,0.137366,-2.2905,cusum,,,True,negative,59,0,0.3094,-1.7017,
59,91,True,0.251024,-1.6501,none,,,False,,59,0,0.3094,-1.9879,
59,72,True,0.452471,-0.5151,none,,,False,,59,0,0.3043,-1.1122,
59,65,True,0.286533,-1.4501,cusum,,,True,negative,59,0,0.2994,-1.6525,
59,27,True,0.344038,-1.1261,none,,,False,,59,0,0.2946,-0.8966,
59,66,True,0.149708,-2.221,none,,,False,,59,0,0.2946,-2.0065,
59,10,True,0.428431,-0.6506,none,,,False,,59,0,0.2898,-1.2235,
59,24,True,0.26808,-1.554,none,,,False,,59,0,0.2879,-1.6203,
59,29,True,0.243537,-1.6923,none,,,False,,59,0,0.2856,-2.1335,
60,36,True,1.062877,3.0,none,,,False,,60,0,0.2586,3.6257,
60,5,True,0.807949,1.577,cusum,,,True,positive,60,0,0.2544,2.7633,
60,52,True,0.596316,0.3007,cusum,,,True,positive,60,0,0.2569,2.5369,
60,90,True,0.823685,1.6719,cusum,,,True,positive,60,0,0.2775,2.4261,
60,28,True,0.690953,0.8714,cusum,,,True,positive,60,0,0.2574,2.4127,
60,11,True,0.822595,1.6653,none,,,False,,60,0,0.2569,2.3827,
60,13,True,0.817014,1.6316,cusum,,,True,positive,60,0,0.2544,2.2832,
60,2,True,0.700047,0.9263,none,,,False,,60,0,0.2605,2.1289,
60,39,True,0.784968,1.4384,none,,,False,,60,0,0.2619,2.0894,
60,96,True,0.669462,0.7418,none,,,False,,60,0,0.2598,1.9086,
60,16,True,0.632113,0.5166,cusum,,,True,positive,60,0,0.2553,1.8667,
60,58,True,0.968403,2.5446,cusum,,,True,positive,60,0,0.2574,1.8511,
60,47,True,0.652269,0.6381,none,,,False,,60,0,0.258,1.8454,
60,17,True,0.629276,0.4995,none,,,False,,60,0,0.2586,0.7238,
60,92,True,0.655342,0.6567,none,,,False,,60,0,0.0535,0.5449,
60,74,True,0.657456,0.6694,none,,,False,,60,0,0.258,0.5194,
60,25,True,0.599542,0.3201,none,,,False,,60,0,0.2548,0.4967,
60,79,True,0.631817,0.5148,none,,,False,,60,0,0.0619,0.421,
60,19,True,0.686397,0.8439,none,,,False,,60,0,0.0558,0.3556,
60,32,True,0.555209,0.0528,none,,,False,,60,0,0.0619,0.3456,
60,60,True,0.592429,0.2773,none,,,False,,60,0,0.0569,0.3203,
60,48,True,0.5377,-0.0528,none,,,False,,60,0,0.0539,0.2871,
60,88,True,0.499656,-0.2822,none,,,False,,60,0,0.0558,0.2799,
60,41,True,0.628854,0.4969,none,,,False,,60,0,0.0574,0.1687,
60,89,True,0.582938,0.22,none,,,False,,60,0,0.1374,0.1677,
60,51,True,0.657004,0.6667,none,,,False,,60,0,0.0544,0.0963,
60,82,True,0.577808,0.1891,none,,,False,,60,0,0.0544,0.0639,
60,97,True,0.489382,-0.3442,none,,,False,,60,0,0.0958,-0.0171,
60,81,True,0.482178,-0.3876,none,,,False,,60,0,0.0564,-0.1013,
60,30,True,0.530926,-0.0936,none,,,False,,60,0,0.0558,-0.1103,
60,62,True,0.456599,-0.5419,none,,,False,,60,0,0.0574,-0.1493,
60,57,True,0.525907,-0.1239,none,,,False,,60,0,0.0569,-0.1786,
60,3,True,0.460312,-0.5195,none,,,False,,60,0,0.0586,-0.1805,
60,50,True,0.44135,-0.6338,none,,,False,,60,0,0.0569,-0.1843,
60,46,True,0.467229,-0.4778,none,,,False,,60,0,0.0569,-0.186,
60,64,True,0.392639,-0.9276,none,,,False,,60,0,0.2794,-0.4893,
60,42,True,0.448961,-0.5879,none,,,False,,60,0,0.1507,-0.6353,
60,84,True,0.38199,-0.9918,none,,,False,,60,0,0.3374,-1.4135,
60,76,True,0.358072,-1.1361,cusum,,,True,negative,60,0,0.3261,-1.0647,
60,26,True,0.335887,-1.2698,none,,,False,,60,0,0.3105,-1.5076,
60,83,True,0.410086,-0.8224,none,,,False,,60,0,0.3105,-1.2032,
60,67,True,0.276206,-1.6298,none,,,False,,60,0,0.3055,-1.9615,
60,91,True,0.239481,-1.8512,none,,,False,,60,0,0.3055,-2.0108,
60,72,True,0.38623,-0.9662,none,,,False,,60,0,0.3006,-1.0579,
60,65,True,0.260406,-1.725,none,,,False,,60,0,0.2958,-1.727,
60,27,True,0.433766,-0.6796,none,,,False,,60,0,0.2911,-1.1855,
60,66,True,0.198843,-2.0963,cusum,,,True,negative,60,0,0.2911,-2.1246,
60,63,True,0.314289,-1.4001,none,,,False,,60,0,0.291,-1.0909,
60,68,True,0.183804,-2.187,none,,,False,,60,0,0.291,-2.4045,
60,61,True,0.307775,-1.4394,none,,,False,,60,0,0.2903,-0.8433,
61,36,True,0.988166,2.0687,cusum,,,True,positive,61,0,0.2579,3.768,
61,58,True,0.652242,0.5392,none,,,False,,61,0,0.2568,3.0593,
61,5,True,0.874185,1.5498,none,,,False,,61,0,0.2538,2.7444,
61,90,True,0.859958,1.485,none,,,False,,61,0,0.2746,2.5282,
61,11,True,0.710045,0.8024,none,,,False,,61,0,0.2563,2.5259,
61,13,True,0.873344,1.5459,none,,,False,,61,0,0.2538,2.4158,
61,39,True,0.762331,1.0405,cusum,,,True,positive,61,0,0.2611,2.3109,
61,28,True,0.708422,0.795,none,,,False,,61,0,0.2568,2.1869,
61,52,True,0.696887,0.7425,none,,,False,,61,0,0.2563,2.0971,
61,16,True,0.755725,1.0104,none,,,False,,61,0,0.2547,2.084,
61,2,True,0.731263,0.899,cusum,,,True,positive,61,0,0.2597,2.062,
61,47,True,0.313512,-1.0031,none,,,False,,61,0,0.2573,1.8408,
61,96,True,0.53688,0.014,none,,,False,,61,0,0.2591,1.7814,
61,92,True,0.524689,-0.0416,none,,,False,,61,0,0.0529,0.6917,
61,19,True,0.640726,0.4868,none,,,False,,61,0,0.0552,0.6552,
61,17,True,0.691877,0.7197,none,,,False,,61,0,0.2579,0.6539,
61,74,True,0.584753,0.2319,none,,,False,,61,0,0.2573,0.6473,
61,79,True,0.631607,0.4453,none,,,False,,61,0,0.0611,0.5446,
61,89,True,0.566949,0.1509,none,,,False,,61,0,0.1325,0.4042,
61,51,True,0.655278,0.553,none,,,False,,61,0,0.0538,0.3251,
61,25,True,0.66567,0.6004,none,,,False,,61,0,0.2543,0.2988,
61,82,True,0.567798,0.1547,none,,,False,,61,0,0.0538,0.2827,
61,60,True,0.53075,-0.014,none,,,False,,61,0,0.0563,0.2652,
61,41,True,0.712315,0.8127,none,,,False,,61,0,0.0568,0.2147,
61,32,True,0.647695,0.5185,none,,,False,,61,0,0.0611,0.1667,
61,48,True,0.553412,0.0892,none,,,False,,61,0,0.0534,0.1328,
61,62,True,0.562907,0.1325,none,,,False,,61,0,0.0568,0.0322,
61,88,True,0.563069,0.1332,none,,,False,,61,0,0.0552,0.0281,
61,97,True,0.480345,-0.2435,none,,,False,,61,0,0.0924,-0.1014,
61,30,True,0.530689,-0.0142,none,,,False,,61,0,0.0552,-0.1882,
61,81,True,0.468436,-0.2977,none,,,False,,61,0,0.0557,-0.1998,
61,57,True,0.482232,-0.2349,none,,,False,,61,0,0.0563,-0.242,
61,46,True,0.469826,-0.2914,none,,,False,,61,0,0.0563,-0.3129,
61,3,True,0.470963,-0.2862,none,,,False,,61,0,0.0579,-0.3617,
61,50,True,0.461868,-0.3276,none,,,False,,61,0,0.0563,-0.38,
61,64,True,0.422335,-0.5076,none,,,False,,61,0,0.2667,-0.5511,
61,83,True,0.375253,-0.722,none,,,False,,61,0,0.3066,-0.6221,
61,84,True,0.368462,-0.7529,cusum,,,True,negative,61,0,0.3325,-1.4613,
61,76,True,0.424996,-0.4955,none,,,False,,61,0,0.3217,-1.285,
61,26,True,0.30438,-1.0447,cusum,,,True,negative,61,0,0.3066,-1.6317,
61,67,True,0.306517,-1.0349,cusum,,,True,negative,61,0,0.3018,-2.092,
61,91,True,0.225715,-1.4028,cusum,,,True,negative,61,0,0.3018,-2.0158,
61,72,True,0.395604,-0.6293,none,,,False,,61,0,0.297,-0.6488,
61,10,True,0.249821,-1.2931,none,,,False,,61,0,0.2936,-1.3652,
61,65,True,0.235572,-1.358,cusum,,,True,negative,61,0,0.2924,-1.88,
61,70,True,0.087752,-2.031,none,,,False,,61,0,0.2906,-2.0068,
61,27,True,0.347549,-0.8481,none,,,False,,61,0,0.2878,-0.7535,
61,66,True,0.174326,-1.6368,none,,,False,,61,0,0.2878,-2.2795,
61,73,True,0.289357,-1.1131,none,,,False,,61,0,0.2875,-1.1207,
61,7,True,0.306512,-1.0349,none,,,False,,61,0,0.2873,-0.7287,
62,36,True,0.925922,1.9893,none,,,False,,62,0,0.2572,3.7626,
62,58,True,0.919461,1.9585,none,,,False,,62,0,0.2562,3.1001,
62,5,True,0.87406,1.7424,cusum,,,True,positive,62,0,0.2533,2.6352,
62,90,True,0.909936,1.9132,cusum,,,True,positive,62,0,0.2717,2.6224,
62,13,True,0.750352,1.1535,cusum,,,True,positive,62,0,0.2533,2.6187,
62,39,True,0.80593,1.418,none,,,False,,62,0,0.2603,2.3868,
62,11,True,0.815443,1.4633,cusum,,,True,positive,62,0,0.2556,2.3236,
62,28,True,0.75993,1.1991,none,,,False,,62,0,0.2562,2.1773,
62,2,True,0.758521,1.1924,none,,,False,,62,0,0.259,2.109,
62,52,True,0.29142,-1.0313,none,,,False,,62,0,0.2556,2.0744,
62,16,True,0.398625,-0.521,none,,,False,,62,0,0.2542,2.0335,
62,17,True,0.52067,0.06,cusum,,,True,positive,62,0,0.2572,1.6831,
62,96,True,0.643633,0.6454,none,,,False,,62,0,0.2584,1.3866,
62,79,True,0.616605,0.5168,none,,,False,,62,0,0.0603,0.62,
62,74,True,0.655844,0.7036,none,,,False,,62,0,0.0567,0.5455,
62,41,True,0.60765,0.4741,none,,,False,,62,0,0.0562,0.5149,
62,51,True,0.584276,0.3628,none,,,False,,62,0,0.0533,0.4966,
62,19,True,0.691394,0.8728,none,,,False,,62,0,0.0547,0.4858,
62,92,True,0.658536,0.7164,none,,,False,,62,0,0.0524,0.4522,
62,32,True,0.525451,0.0828,none,,,False,,62,0,0.0603,0.3386,
62,82,True,0.556756,0.2318,none,,,False,,62,0,0.0533,0.3338,
62,47,True,0.589885,0.3896,none,,,False,,62,0,0.2567,0.3186,
62,25,True,0.517287,0.0439,none,,,False,,62,0,0.2537,0.2736,
62,89,True,0.637557,0.6165,none,,,False,,62,0,0.1279,0.2592,
62,60,True,0.490823,-0.082,none,,,False,,62,0,0.0556,0.1615,
62,88,True,0.5542,0.2197,none,,,False,,62,0,0.0547,0.1434,
62,48,True,0.554149,0.2194,none,,,False,,62,0,0.0528,0.0773,
62,62,True,0.608097,0.4763,none,,,False,,62,0,0.0562,0.0664,
62,97,True,0.495221,-0.0611,none,,,False,,62,0,0.0891,-0.1717,
62,30,True,0.498824,-0.0439,none,,,False,,62,0,0.0547,-0.1937,
62,81,True,0.458074,-0.2379,none,,,False,,62,0,0.0551,-0.2745,
62,3,True,0.455906,-0.2483,none,,,False,,62,0,0.0572,-0.2912,
62,50,True,0.444948,-0.3004,none,,,False,,62,0,0.0556,-0.2953,
62,57,True,0.466313,-0.1987,none,,,False,,62,0,0.0556,-0.3009,
62,46,True,0.474217,-0.1611,none,,,False,,62,0,0.0556,-0.3677,
62,64,True,0.454563,-0.2547,none,,,False,,62,0,0.2657,-0.4696,
62,72,True,0.280093,-1.0852,none,,,False,,62,0,0.2936,-0.6055,
62,73,True,0.252462,-1.2168,cusum,,,True,negative,62,0,0.3389,-1.7511,
62,84,True,0.201804,-1.4579,none,,,False,,62,0,0.3279,-1.4999,
62,76,True,0.421155,-0.4137,none,,,False,,62,0,0.3175,-1.1746,
62,26,True,0.287021,-1.0522,none,,,False,,62,0,0.3029,-1.6143,
62,83,True,0.403501,-0.4977,cusum,,,True,negative,62,0,0.3029,-1.1269,
62,67,True,0.234407,-1.3027,none,,,False,,62,0,0.2982,-2.0517,
62,91,True,0.251122,-1.2232,none,,,False,,62,0,0.2982,-2.0347,
62,9,True,0.303312,-0.9747,none,,,False,,62,0,0.2929,-0.8496,
62,8,True,0.208135,-1.4278,none,,,False,,62,0,0.2913,-1.2782,
62,33,True,0.294307,-1.0176,none,,,False,,62,0,0.2892,-1.5457,
62,54,True,0.156221,-1.6749,none,,,False,,62,0,0.2892,-1.4808,
62,65,True,0.103073,-1.9279,none,,,False,,62,0,0.2891,-1.9148,
62,24,True,0.318766,-0.9011,none,,,False,,62,0,0.2873,-1.2505,
63,36,True,0.942862,1.8114,cusum,,,True,positive,63,0,0.2566,3.4256,
63,90,True,0.870218,1.5097,none,,,False,,63,0,0.269,2.7784,
63,58,True,0.459835,-0.1942,cusum,,,True,positive,63,0,0.2556,2.7522,
63,5,True,0.847172,1.4141,none,,,False,,63,0,0.2527,2.6905,
63,13,True,0.800915,1.222,none,,,False,,63,0,0.2527,2.5111,
63,11,True,0.488722,-0.0742,none,,,False,,63,0,0.2551,2.3811,
63,39,True,0.756552,1.0378,none,,,False,,63,0,0.2596,2.3761,
63,2,True,0.780803,1.1385,none,,,False,,63,0,0.2583,2.0813,
63,28,True,0.70659,0.8304,none,,,False,,63,0,0.2556,2.0266,
63,19,True,0.631498,0.5186,cusum,,,True,positive,63,0,0.2541,1.8038,
63,96,True,0.747117,0.9986,none,,,False,,63,0,0.2577,1.5416,
63,17,True,0.741677,0.976,none,,,False,,63,0,0.2566,1.4993,
63,16,True,0.722845,0.8978,none,,,False,,63,0,0.2536,1.404,
63,52,True,0.823576,1.3161,none,,,False,,63,0,0.2551,1.0747,
63,41,True,0.660903,0.6407,none,,,False,,63,0,0.0556,0.666,
63,74,True,0.683653,0.7351,none,,,False,,63,0,0.0561,0.6071,
63,51,True,0.663496,0.6514,none,,,False,,63,0,0.0527,0.5949,
63,79,True,0.669459,0.6762,none,,,False,,63,0,0.0596,0.5694,
63,92,True,0.641618,0.5606,none,,,False,,63,0,0.0519,0.5101,
63,89,True,0.636985,0.5414,none,,,False,,63,0,0.1235,0.4409,
63,25,True,0.589627,0.3447,none,,,False,,63,0,0.2532,0.3895,
63,32,True,0.577822,0.2957,none,,,False,,63,0,0.0596,0.2952,
63,82,True,0.344558,-0.6728,none,,,False,,63,0,0.0527,0.2593,
63,48,True,0.625466,0.4935,none,,,False,,63,0,0.0523,0.1521,
63,60,True,0.651647,0.6022,none,,,False,,63,0,0.0551,0.1311,
63,62,True,0.460748,-0.1904,none,,,False,,63,0,0.0556,0.0937,
63,88,True,0.564208,0.2392,none,,,False,,63,0,0.0541,0.0929,
63,47,True,0.317414,-0.7855,none,,,False,,63,0,0.2561,0.0804,
63,30,True,0.517589,0.0456,none,,,False,,63,0,0.0541,0.0187,
63,57,True,0.531652,0.104,none,,,False,,63,0,0.0551,-0.1151,
63,97,True,0.464299,-0.1756,none,,,False,,63,0,0.086,-0.1218,
63,81,True,0.29792,-0.8664,none,,,False,,63,0,0.0546,-0.2377,
63,46,True,0.454463,-0.2165,none,,,False,,63,0,0.0551,-0.2394,
63,3,True,0.439864,-0.2771,none,,,False,,63,0,0.0566,-0.2784,
63,50,True,0.404692,-0.4231,none,,,False,,63,0,0.0551,-0.3499,
63,64,True,0.379154,-0.5291,none,,,False,,63,0,0.2647,-0.4788,
63,10,True,0.328185,-0.7408,none,,,False,,63,0,0.2915,-0.598,
63,8,True,0.255222,-1.0437,cusum,,,True,negative,63,0,0.3341,-2.0614,
63,73,True,0.298576,-0.8637,none,,,False,,63,0,0.3341,-1.8272,
63,84,True,0.24889,-1.07,none,,,False,,63,0,0.3235,-1.4557,
63,76,True,0.414307,-0.3832,none,,,False,,63,0,0.3135,-1.0751,
63,26,True,0.36957,-0.5689,none,,,False,,63,0,0.2994,-1.5223,
63,83,True,0.274053,-0.9655,none,,,False,,63,0,0.2994,-1.0807,
63,67,True,0.216131,-1.206,none,,,False,,63,0,0.2948,-1.7244,
63,91,True,0.215791,-1.2074,none,,,False,,63,0,0.2948,-1.8943,
63,27,True,0.495608,-0.0456,none,,,False,,63,0,0.2915,-0.7901,
63,66,True,0.280113,-0.9404,none,,,False,,63,0,0.2915,-2.3902,
63,55,True,0.478289,-0.1175,none,,,False,,63,0,0.2912,-1.0366,
63,72,True,0.239017,-1.111,cusum,,,True,negative,63,0,0.2904,-1.2974,
63,65,True,0.139983,-1.5222,cusum,,,True,negative,63,0,0.286,-2.0758,
64,36,True,1.024223,2.5456,none,,,False,,64,0,0.256,3.0286,
64,90,True,0.918819,2.0307,cusum,,,True,positive,64,0,0.2664,2.723,
64,5,True,0.768326,1.2955,cusum,,,True,positive,64,0,0.2522,2.6355,
64,13,True,0.675671,0.8428,none,,,False,,64,0,0.2522,2.3739,
64,39,True,0.868711,1.7859,cusum,,,True,positive,64,0,0.2588,2.2417,
64,2,True,0.648235,0.7088,none,,,False,,64,0,0.2576,2.1512,
64,28,True,0.750129,1.2066,none,,,False,,64,0,0.255,2.0122,
64,58,True,1.085225,2.8436,none,,,False,,64,0,0.255,1.8386,
64,11,True,0.472199,-0.1512,none,,,False,,64,0,0.2545,1.8005,
64,19,True,0.537739,0.169,none,,,False,,64,0,0.2535,1.6947,
64,17,True,0.670775,0.8189,none,,,False,,64,0,0.256,1.6574,
64,16,True,0.840334,1.6473,none,,,False,,64,0,0.2531,1.5305,
64,52,True,0.734495,1.1302,none,,,False,,64,0,0.2545,1.4124,
64,41,True,0.650398,0.7194,none,,,False,,64,0,0.055,0.7132,
64,74,True,0.486357,-0.082,none,,,False,,64,0,0.0555,0.6283,
64,96,True,0.256603,-1.2044,none,,,False,,64,0,0.2571,0.6264,
64,79,True,0.507515,0.0214,none,,,False,,64,0,0.0588,0.6223,
64,51,True,0.619944,0.5706,none,,,False,,64,0,0.0522,0.5893,
64,89,True,0.607785,0.5112,none,,,False,,64,0,0.1193,0.5454,
64,92,True,0.605613,0.5006,none,,,False,,64,0,0.0514,0.4775,
64,25,True,0.688714,0.9066,none,,,False,,64,0,0.0527,0.3971,
64,32,True,0.607631,0.5105,none,,,False,,64,0,0.0588,0.3753,
64,48,True,0.479241,-0.1168,none,,,False,,64,0,0.0518,0.3336,
64,88,True,0.615761,0.5502,none,,,False,,64,0,0.0535,0.266,
64,60,True,0.49992,-0.0157,none,,,False,,64,0,0.0545,0.2388,
64,62,True,0.554522,0.251,none,,,False,,64,0,0.055,0.2102,
64,30,True,0.48171,-0.1047,none,,,False,,64,0,0.0535,0.0645,
64,82,True,0.542824,0.1939,none,,,False,,64,0,0.0522,-0.0286,
64,57,True,0.45193,-0.2502,none,,,False,,64,0,0.0545,-0.0398,
64,97,True,0.536114,0.1611,none,,,False,,64,0,0.083,-0.0672,
64,46,True,0.471218,-0.1559,none,,,False,,64,0,0.0545,-0.153,
64,3,True,0.506362,0.0157,none,,,False,,64,0,0.056,-0.1983,
64,50,True,0.450534,-0.257,none,,,False,,64,0,0.0545,-0.2804,
64,64,True,0.426724,-0.3733,none,,,False,,64,0,0.2638,-0.3471,
64,47,True,0.711008,1.0155,none,,,False,,64,0,0.2555,-0.3949,
64,81,True,0.494783,-0.0408,none,,,False,,64,0,0.054,-0.398,
64,27,True,0.409888,-0.4556,none,,,False,,64,0,0.283,-0.4316,
64,12,True,0.386734,-0.5687,none,,,False,,64,0,0.1341,-0.6412,
64,8,True,0.218259,-1.3917,none,,,False,,64,0,0.3295,-1.8249,
64,73,True,0.248872,-1.2422,none,,,False,,64,0,0.3295,-1.4498,
64,84,True,0.198432,-1.4886,none,,,False,,64,0,0.3193,-1.4845,
64,76,True,0.326946,-0.8607,none,,,False,,64,0,0.3097,-0.8265,
64,26,True,0.304113,-0.9723,none,,,False,,64,0,0.296,-1.2906,
64,83,True,0.3562,-0.7178,none,,,False,,64,0,0.296,-1.1303,
64,67,True,0.184058,-1.5588,cusum,,,True,negative,64,0,0.2916,-1.585,
64,91,True,0.183057,-1.5637,cusum,,,True,negative,64,0,0.2916,-1.6816,
64,14,True,0.362214,-0.6885,none,,,False,,64,0,0.2884,-0.742,
64,80,True,0.380448,-0.5994,none,,,False,,64,0,0.2883,-0.6705,
64,29,True,0.156109,-1.6953,none,,,False,,64,0,0.2883,-1.819,
64,72,True,0.367931,-0.6605,none,,,False,,64,0,0.2872,-1.3473,
65,36,True,0.923492,1.9117,cusum,,,True,positive,65,0,0.2554,3.1868,
65,90,True,0.849642,1.5496,none,,,False,,65,0,0.2654,2.9036,
65,58,True,0.757136,1.0961,cusum,,,True,positive,65,0,0.2544,2.606,
65,5,True,0.878967,1.6934,none,,,False,,65,0,0.2517,2.5502,
65,39,True,0.763706,1.1283,none,,,False,,65,0,0.2581,2.4893,
65,28,True,0.764902,1.1342,cusum,,,True,positive,65,0,0.2544,2.1487,
65,13,True,0.680729,0.7215,none,,,False,,65,0,0.2517,2.139,
65,2,True,0.595709,0.3047,cusum,,,True,positive,65,0,0.257,2.0869,
65,17,True,0.584617,0.2503,none,,,False,,65,0,0.2554,1.6898,
65,51,True,0.211281,-1.58,cusum,,,True,positive,65,0,0.2517,1.5945,
65,19,True,0.680113,0.7185,none,,,False,,65,0,0.253,1.5882,
65,25,True,0.53347,-0.0004,cusum,,,True,positive,65,0,0.2522,1.4986,
65,11,True,0.875966,1.6787,none,,,False,,65,0,0.2539,1.482,
65,16,True,0.75924,1.1064,none,,,False,,65,0,0.2526,0.7421,
65,41,True,0.626117,0.4538,none,,,False,,65,0,0.0544,0.6814,
65,89,True,0.638744,0.5157,none,,,False,,65,0,0.1154,0.663,
65,92,True,0.654075,0.5908,none,,,False,,65,0,0.051,0.6576,
65,52,True,0.760154,1.1109,none,,,False,,65,0,0.2539,0.541,
65,74,True,0.632827,0.4867,none,,,False,,65,0,0.0549,0.5229,
65,79,True,0.676899,0.7027,none,,,False,,65,0,0.0581,0.4802,
65,88,True,0.567642,0.1671,none,,,False,,65,0,0.053,0.4044,
65,32,True,0.621452,0.4309,none,,,False,,65,0,0.0581,0.3717,
65,47,True,0.530395,-0.0155,none,,,False,,65,0,0.2549,0.2772,
65,48,True,0.632076,0.483,none,,,False,,65,0,0.0513,0.2644,
65,62,True,0.461479,-0.3534,none,,,False,,65,0,0.0544,0.249,
65,60,True,0.625164,0.4491,none,,,False,,65,0,0.0539,0.2375,
65,96,True,0.699002,0.8111,none,,,False,,65,0,0.2564,0.2195,
65,97,True,0.46888,-0.3171,none,,,False,,65,0,0.0801,0.0661,
65,30,True,0.436626,-0.4752,none,,,False,,65,0,0.053,0.0337,
65,82,True,0.44924,-0.4134,none,,,False,,65,0,0.0517,-0.0161,
65,57,True,0.533646,0.0004,none,,,False,,65,0,0.0539,-0.0456,
65,3,True,0.456656,-0.377,none,,,False,,65,0,0.0554,-0.0984,
65,46,True,0.451683,-0.4014,none,,,False,,65,0,0.0539,-0.1085,
65,50,True,0.466763,-0.3275,none,,,False,,65,0,0.0539,-0.2575,
65,64,True,0.437878,-0.4691,none,,,False,,65,0,0.0629,-0.3035,
65,81,True,0.497311,-0.1777,none,,,False,,65,0,0.0535,-0.3131,
65,27,True,0.253688,-1.3721,none,,,False,,65,0,0.2801,-0.3585,
65,76,True,0.4423,-0.4474,none,,,False,,65,0,0.3061,-0.4505,
65,8,True,0.269259,-1.2957,none,,,False,,65,0,0.3252,-1.6759,
65,73,True,0.304306,-1.1239,none,,,False,,65,0,0.3252,-1.4957,
65,84,True,0.374584,-0.7794,cusum,,,True,negative,65,0,0.3154,-1.7322,
65,26,True,0.380078,-0.7524,none,,,False,,65,0,0.2927,-1.2683,
65,83,True,0.401736,-0.6463,none,,,False,,65,0,0.2927,-1.1308,
65,10,True,0.357363,-0.8638,none,,,False,,65,0,0.2896,-0.802,
65,65,True,0.15724,-1.8449,none,,,False,,65,0,0.2896,-2.0098,
65,66,True,0.235834,-1.4596,none,,,False,,65,0,0.2896,-1.965,
65,68,True,0.207804,-1.597,none,,,False,,65,0,0.2894,-1.9374,
65,6,True,0.64987,0.5702,none,,,False,,65,0,0.2894,-0.913,
65,67,True,0.224593,-1.5147,none,,,False,,65,0,0.2885,-1.7613,
65,91,True,0.157951,-1.8414,none,,,False,,65,0,0.2885,-1.7369,
66,36,True,1.060941,2.6698,none,,,False,,66,0,0.2548,3.1602,
66,90,True,0.875703,1.6527,cusum,,,True,positive,66,0,0.2645,2.7812,
66,5,True,0.759377,1.0139,none,,,False,,66,0,0.2513,2.5333,
66,39,True,0.816208,1.326,none,,,False,,66,0,0.2575,2.3919,
66,58,True,0.741001,0.913,none,,,False,,66,0,0.2538,2.3178,
66,16,True,0.640362,0.3604,cusum,,,True,positive,66,0,0.2521,2.284,
66,52,True,0.660699,0.4721,cusum,,,True,positive,66,0,0.2534,2.2544,
66,28,True,0.840335,1.4585,none,,,False,,66,0,0.2538,2.1264,
66,13,True,0.868338,1.6122,cusum,,,True,positive,66,0,0.2513,1.9944,
66,2,True,0.643287,0.3765,none,,,False,,66,0,0.2564,1.7903,
66,17,True,0.660287,0.4698,none,,,False,,66,0,0.2548,1.7525,
66,41,True,0.612524,0.2076,cusum,,,True,positive,66,0,0.2538,1.6739,
66,11,True,0.737487,0.8937,none,,,False,,66,0,0.2534,1.5531,
66,19,True,0.650407,0.4156,none,,,False,,66,0,0.2525,1.5361,
66,25,True,0.799701,1.2354,none,,,False,,66,0,0.2517,1.4832,
66,51,True,0.580588,0.0322,none,,,False,,66,0,0.2513,0.9463,
66,89,True,0.560572,-0.0777,none,,,False,,66,0,0.1116,0.627,
66,92,True,0.664967,0.4955,none,,,False,,66,0,0.0505,0.6152,
66,79,True,0.610507,0.1965,none,,,False,,66,0,0.0575,0.5413,
66,32,True,0.523289,-0.2824,none,,,False,,66,0,0.0575,0.4869,
66,74,True,0.587573,0.0706,none,,,False,,66,0,0.0543,0.4499,
66,60,True,0.457962,-0.6411,none,,,False,,66,0,0.0534,0.4139,
66,88,True,0.572762,-0.0108,none,,,False,,66,0,0.0525,0.3862,
66,48,True,0.590622,0.0873,none,,,False,,66,0,0.0509,0.3517,
66,96,True,0.518296,-0.3098,none,,,False,,66,0,0.2558,0.2739,
66,47,True,0.703981,0.7098,none,,,False,,66,0,0.2543,0.1415,
66,57,True,0.445805,-0.7079,none,,,False,,66,0,0.0534,0.0201,
66,97,True,0.501441,-0.4024,none,,,False,,66,0,0.0773,-0.0207,
66,62,True,0.647481,0.3995,none,,,False,,66,0,0.0538,-0.0282,
66,30,True,0.576678,0.0108,none,,,False,,66,0,0.0525,-0.1107,
66,3,True,0.523821,-0.2795,none,,,False,,66,0,0.0548,-0.1421,
66,46,True,0.463068,-0.6131,none,,,False,,66,0,0.0534,-0.1893,
66,82,True,0.608688,0.1865,none,,,False,,66,0,0.0513,-0.2318,
66,50,True,0.54191,-0.1802,none,,,False,,66,0,0.0534,-0.2672,
66,81,True,0.342318,-1.2761,none,,,False,,66,0,0.0529,-0.2936,
66,64,True,0.401276,-0.9524,none,,,False,,66,0,0.0621,-0.3761,
66,6,True,0.663689,0.4885,none,,,False,,66,0,0.1595,-0.4484,
66,76,True,0.36745,-1.1381,none,,,False,,66,0,0.3026,-0.4638,
66,8,True,0.240746,-1.8338,cusum,,,True,negative,66,0,0.3211,-1.6346,
66,73,True,0.2509,-1.7781,cusum,,,True,negative,66,0,0.3211,-1.4675,
66,84,True,0.195262,-2.0836,none,,,False,,66,0,0.3116,-1.5084,
66,9,True,0.29604,-1.5302,none,,,False,,66,0,0.2932,-1.2936,
66,24,True,0.347683,-1.2466,none,,,False,,66,0,0.2932,-1.1273,
66,72,True,0.47429,-0.5515,none,,,False,,66,0,0.2908,-1.3594,
66,70,True,-0.00796,-3.0,none,,,False,,66,0,0.2905,-1.7625,
66,43,True,0.377562,-1.0826,none,,,False,,66,0,0.2902,-1.0187,
66,26,True,0.325138,-1.3704,cusum,,,True,negative,66,0,0.2896,-1.1701,
66,83,True,0.304664,-1.4829,none,,,False,,66,0,0.2896,-1.182,
66,67,True,0.26676,-1.691,none,,,False,,66,0,0.2854,-1.8337,
66,91,True,0.170108,-2.2217,cusum,,,True,negative,66,0,0.2854,-1.9447,
67,36,True,0.906757,2.0401,cusum,,,True,positive,67,0,0.2542,3.4457,
67,90,True,0.873876,1.853,none,,,False,,67,0,0.2636,2.8277,
67,58,True,0.4605,-0.4991,none,,,False,,67,0,0.2533,2.6863,
67,39,True,0.789761,1.3744,cusum,,,True,positive,67,0,0.2568,2.4871,
67,5,True,0.878566,1.8797,cusum,,,True,positive,67,0,0.2508,2.3994,
67,28,True,0.696438,0.8434,none,,,False,,67,0,0.2533,2.3351,
67,13,True,0.776011,1.2962,none,,,False,,67,0,0.2508,2.124,
67,16,True,0.768609,1.2541,none,,,False,,67,0,0.2516,2.1043,
67,52,True,0.729131,1.0294,none,,,False,,67,0,0.2529,1.9724,
67,25,True,0.643094,0.5399,none,,,False,,67,0,0.2512,1.7795,
67,2,True,0.663234,0.6545,none,,,False,,67,0,0.2557,1.5355,
67,41,True,0.64325,0.5408,none,,,False,,67,0,0.2533,1.5289,
67,19,True,0.730766,1.0387,none,,,False,,67,0,0.252,1.5012,
67,11,True,0.506446,-0.2376,none,,,False,,67,0,0.2529,0.8751,
67,51,True,0.636133,0.5003,none,,,False,,67,0,0.2508,0.7394,
67,47,True,0.323959,-1.276,none,,,False,,67,0,0.0538,0.6392,
67,92,True,0.660081,0.6365,none,,,False,,67,0,0.05,0.593,
67,17,True,0.598429,0.2857,none,,,False,,67,0,0.2542,0.583,
67,89,True,0.566346,0.1032,none,,,False,,67,0,0.108,0.4185,
67,79,True,0.697643,0.8503,none,,,False,,67,0,0.0568,0.3806,
67,88,True,0.625909,0.4421,none,,,False,,67,0,0.052,0.3023,
67,32,True,0.479338,-0.3919,none,,,False,,67,0,0.0568,0.2934,
67,74,True,0.693639,0.8275,none,,,False,,67,0,0.0538,0.2278,
67,48,True,0.628815,0.4586,none,,,False,,67,0,0.0504,0.2157,
67,62,True,0.436705,-0.6345,none,,,False,,67,0,0.0533,0.1677,
67,6,True,0.590096,0.2383,none,,,False,,67,0,0.1538,0.1567,
67,82,True,0.565569,0.0988,none,,,False,,67,0,0.0508,0.0541,
67,60,True,0.623739,0.4297,none,,,False,,67,0,0.0529,-0.0012,
67,97,True,0.507027,-0.2343,none,,,False,,67,0,0.0746,-0.0977,
67,30,True,0.483278,-0.3695,none,,,False,,67,0,0.052,-0.1229,
67,3,True,0.424747,-0.7025,none,,,False,,67,0,0.0542,-0.1436,
67,96,True,0.69885,0.8571,none,,,False,,67,0,0.2552,-0.1629,
67,50,True,0.426154,-0.6945,none,,,False,,67,0,0.0529,-0.1868,
67,57,True,0.530855,-0.0988,none,,,False,,67,0,0.0529,-0.2512,
67,46,True,0.452856,-0.5426,none,,,False,,67,0,0.0529,-0.3221,
67,81,True,0.437337,-0.6309,none,,,False,,67,0,0.0524,-0.4308,
67,64,True,0.391175,-0.8935,none,,,False,,67,0,0.0613,-0.5182,
67,43,True,0.387618,-0.9138,none,,,False,,67,0,0.137,-0.5799,
67,8,True,0.312312,-1.3423,none,,,False,,67,0,0.3172,-1.9005,
67,73,True,0.298463,-1.4211,none,,,False,,67,0,0.3172,-1.7748,
67,84,True,0.360243,-1.0695,none,,,False,,67,0,0.308,-1.8484,
67,76,True,0.442948,-0.5989,cusum,,,True,negative,67,0,0.2992,-1.2174,
67,75,True,0.440501,-0.6129,none,,,False,,67,0,0.2885,-0.665,
67,10,True,0.465102,-0.4729,none,,,False,,67,0,0.2878,-0.8746,
67,65,True,0.214063,-1.9013,none,,,False,,67,0,0.2878,-2.1737,
67,66,True,0.242229,-1.741,none,,,False,,67,0,0.2878,-1.2543,
67,54,True,0.304446,-1.387,none,,,False,,67,0,0.2876,-2.1382,
67,26,True,0.129665,-2.3815,none,,,False,,67,0,0.2866,-1.4389,
67,83,True,0.382118,-0.9451,cusum,,,True,negative,67,0,0.2866,-1.3561,
67,55,True,0.642783,0.5381,none,,,False,,67,0,0.2863,-0.7298,
68,36,True,1.018259,1.9348,none,,,False,,68,0,0.2537,3.2765,
68,90,True,0.885813,1.344,cusum,,,True,positive,68,0,0.2627,2.7673,
68,5,True,0.769194,0.8238,none,,,False,,68,0,0.2503,2.5936,
68,39,True,0.825098,1.0732,none,,,False,,68,0,0.2562,2.3492,
68,13,True,0.815388,1.0299,none,,,False,,68,0,0.2503,2.2745,
68,28,True,0.798431,0.9542,cusum,,,True,positive,68,0,0.2528,2.2134,
68,16,True,0.620681,0.1613,none,,,False,,68,0,0.2511,1.9726,
68,52,True,0.76506,0.8054,none,,,False,,68,0,0.2523,1.9382,
68,25,True,0.740427,0.6955,none,,,False,,68,0,0.2507,1.6567,
68,92,True,0.609424,0.1111,cusum,,,True,positive,68,0,0.2496,1.6378,
68,58,True,1.047788,2.0666,none,,,False,,68,0,0.2528,1.5714,
68,2,True,0.613619,0.1298,none,,,False,,68,0,0.2551,1.5167,
68,41,True,0.586681,0.0097,none,,,False,,68,0,0.2528,1.4687,
68,11,True,0.760392,0.7846,none,,,False,,68,0,0.2523,0.8457,
68,19,True,0.658063,0.3281,none,,,False,,68,0,0.2515,0.7905,
68,51,True,0.629592,0.2011,none,,,False,,68,0,0.2503,0.7154,
68,79,True,0.312754,-1.2123,none,,,False,,68,0,0.0562,0.6561,
68,6,True,0.650945,0.2963,none,,,False,,68,0,0.1485,0.5574,
68,74,True,0.591145,0.0296,none,,,False,,68,0,0.0532,0.5303,
68,96,True,0.652832,0.3048,none,,,False,,68,0,0.2546,0.5235,
68,48,True,0.556402,-0.1254,none,,,False,,68,0,0.05,0.407,
68,17,True,0.626918,0.1892,none,,,False,,68,0,0.2537,0.4046,
68,89,True,0.610053,0.1139,none,,,False,,68,0,0.1046,0.2804,
68,88,True,0.646426,0.2762,none,,,False,,68,0,0.0515,0.2657,
68,60,True,0.432005,-0.6803,none,,,False,,68,0,0.0523,0.1467,
68,82,True,0.5138,-0.3154,none,,,False,,68,0,0.0503,0.0219,
68,32,True,0.569026,-0.0691,none,,,False,,68,0,0.0562,-0.0082,
68,47,True,0.582345,-0.0097,none,,,False,,68,0,0.0532,-0.1252,
68,62,True,0.599074,0.065,none,,,False,,68,0,0.0528,-0.1281,
68,57,True,0.447792,-0.6099,none,,,False,,68,0,0.0523,-0.2013,
68,30,True,0.590839,0.0282,none,,,False,,68,0,0.0515,-0.2117,
68,97,True,0.538025,-0.2074,none,,,False,,68,0,0.072,-0.2309,
68,50,True,0.480259,-0.4651,none,,,False,,68,0,0.0523,-0.3333,
68,3,True,0.45705,-0.5686,none,,,False,,68,0,0.0537,-0.3837,
68,46,True,0.470742,-0.5075,none,,,False,,68,0,0.0523,-0.4516,
68,75,True,0.352102,-1.0367,none,,,False,,68,0,0.1325,-0.5123,
68,12,True,0.499725,-0.3782,none,,,False,,68,0,0.0774,-0.5965,
68,8,True,0.313664,-1.2082,cusum,,,True,negative,68,0,0.3134,-1.8864,
68,73,True,0.25301,-1.4788,cusum,,,True,negative,68,0,0.3134,-1.8368,
68,84,True,0.312181,-1.2148,cusum,,,True,negative,68,0,0.3046,-1.7108,
68,76,True,0.419727,-0.7351,none,,,False,,68,0,0.296,-1.1319,
68,27,True,0.434612,-0.6687,none,,,False,,68,0,0.2901,-1.0346,
68,67,True,0.242196,-1.527,none,,,False,,68,0,0.2889,-1.9969,
68,72,True,0.338685,-1.0966,none,,,False,,68,0,0.2889,-0.683,
68,91,True,0.243294,-1.5221,none,,,False,,68,0,0.2889,-2.2843,
68,26,True,0.28954,-1.3158,cusum,,,True,negative,68,0,0.2838,-1.9102,
68,83,True,0.395911,-0.8413,none,,,False,,68,0,0.2838,-1.4334,
68,29,True,0.257823,-1.4573,none,,,False,,68,0,0.2836,-2.3604,
68,53,True,0.901119,1.4123,none,,,False,,68,0,0.283,-0.793,
68,9,True,0.303242,-1.2547,none,,,False,,68,0,0.281,-1.0583,
69,36,True,0.952568,1.9433,cusum,,,True,positive,69,0,0.2531,3.2836,
69,90,True,0.8617,1.4789,none,,,False,,69,0,0.2618,2.6977,
69,13,True,0.682015,0.5606,cusum,,,True,positive,69,0,0.2499,2.3768,
69,39,True,0.783902,1.0813,none,,,False,,69,0,0.2556,2.33,
69,5,True,0.811091,1.2203,none,,,False,,69,0,0.2499,2.3032,
69,28,True,0.658832,0.4421,none,,,False,,69,0,0.2523,2.1528,
69,58,True,0.893557,1.6417,none,,,False,,69,0,0.2523,1.8943,
69,25,True,0.543717,-0.1461,none,,,False,,69,0,0.2503,1.8881,
69,52,True,0.791901,1.1222,none,,,False,,69,0,0.2518,1.8358,
69,16,True,0.82597,1.2963,none,,,False,,69,0,0.2506,1.657,
69,92,True,0.416712,-0.7952,none,,,False,,69,0,0.2492,1.4774,
69,2,True,0.593871,0.1102,none,,,False,,69,0,0.2546,1.4576,
69,41,True,0.680599,0.5534,none,,,False,,69,0,0.2523,1.3201,
69,51,True,0.634856,0.3196,none,,,False,,69,0,0.2499,1.3085,
69,19,True,0.677439,0.5372,none,,,False,,69,0,0.251,0.6598,
69,11,True,0.705566,0.681,none,,,False,,69,0,0.2518,0.547,
69,6,True,0.654126,0.4181,none,,,False,,69,0,0.1436,0.4623,
69,17,True,0.63929,0.3423,none,,,False,,69,0,0.2531,0.3836,
69,74,True,0.646687,0.3801,none,,,False,,69,0,0.0527,0.3773,
69,96,True,0.717301,0.741,none,,,False,,69,0,0.0541,0.354,
69,88,True,0.577589,0.027,none,,,False,,69,0,0.051,0.3015,
69,48,True,0.596946,0.1259,none,,,False,,69,0,0.0495,0.2037,
69,89,True,0.670979,0.5042,none,,,False,,69,0,0.1012,0.1445,
69,82,True,0.559488,-0.0655,none,,,False,,69,0,0.0499,0.054,
69,79,True,0.724198,0.7762,none,,,False,,69,0,0.0556,0.017,
69,62,True,0.441601,-0.668,none,,,False,,69,0,0.0523,0.0108,
69,30,True,0.539536,-0.1675,none,,,False,,69,0,0.051,-0.0445,
69,47,True,0.475867,-0.4929,none,,,False,,69,0,0.0527,-0.1239,
69,32,True,0.617677,0.2318,none,,,False,,69,0,0.0556,-0.1756,
69,97,True,0.495422,-0.393,none,,,False,,69,0,0.0694,-0.1956,
69,53,True,0.673589,0.5176,none,,,False,,69,0,0.1491,-0.2158,
69,60,True,0.657884,0.4373,none,,,False,,69,0,0.0518,-0.2304,
69,12,True,-0.378869,-3.0,none,,,False,,69,0,0.0611,-0.3691,
69,50,True,0.436168,-0.6958,none,,,False,,69,0,0.0518,-0.3798,
69,57,True,0.558536,-0.0704,none,,,False,,69,0,0.0518,-0.4054,
69,3,True,0.412966,-0.8143,none,,,False,,69,0,0.0531,-0.4482,
69,46,True,0.459895,-0.5745,none,,,False,,69,0,0.0518,-0.4876,
69,81,True,0.567038,-0.027,none,,,False,,69,0,0.0569,-0.6281,
69,8,True,0.181762,-1.9959,none,,,False,,69,0,0.3098,-1.8594,
69,73,True,0.280299,-1.4923,none,,,False,,69,0,0.3098,-1.9572,
69,84,True,0.267714,-1.5566,none,,,False,,69,0,0.3012,-1.8579,
69,76,True,0.464547,-0.5507,none,,,False,,69,0,0.293,-1.2296,
69,24,True,0.374484,-1.011,none,,,False,,69,0,0.2872,-1.6455,
69,10,True,0.40967,-0.8312,none,,,False,,69,0,0.2861,-1.1027,
69,65,True,0.107461,-2.3756,none,,,False,,69,0,0.2861,-2.1663,
69,66,True,0.177796,-2.0162,none,,,False,,69,0,0.2861,-1.7905,
69,68,True,0.25251,-1.6343,none,,,False,,69,0,0.2847,-2.2507,
69,26,True,0.320259,-1.2881,none,,,False,,69,0,0.281,-2.0995,
69,67,True,0.182971,-1.9897,none,,,False,,69,0,0.281,-1.9878,
69,72,True,0.326558,-1.2559,none,,,False,,69,0,0.281,-0.6797,
70,36,True,0.976914,1.7467,none,,,False,,70,0,0.2526,3.0408,
70,90,True,0.904013,1.4104,none,,,False,,70,0,0.261,2.6387,
70,5,True,0.815395,1.0016,cusum,,,True,positive,70,0,0.2495,2.3714,
70,39,True,0.773379,0.8078,cusum,,,True,positive,70,0,0.255,2.2477,
70,58,True,0.935725,1.5567,cusum,,,True,positive,70,0,0.2518,2.1365,
70,52,True,0.681211,0.3827,none,,,False,,70,0,0.2514,2.0519,
70,13,True,0.803846,0.9484,none,,,False,,70,0,0.2495,2.0257,
70,16,True,0.850417,1.1632,none,,,False,,70,0,0.2502,1.9684,
70,28,True,0.676443,0.3607,none,,,False,,70,0,0.2518,1.8134,
70,11,True,0.703731,0.4866,cusum,,,True,positive,70,0,0.2514,1.4755,
70,41,True,0.586299,-0.0551,none,,,False,,70,0,0.2518,1.4348,
70,92,True,0.610187,0.0551,none,,,False,,70,0,0.2487,1.0467,
70,96,True,0.814498,0.9975,none,,,False,,70,0,0.0535,0.7036,
70,19,True,0.74851,0.6931,none,,,False,,70,0,0.2506,0.6998,
70,53,True,0.71257,0.5273,none,,,False,,70,0,0.1442,0.5515,
70,74,True,0.657096,0.2715,none,,,False,,70,0,0.0522,0.4798,
70,6,True,0.640327,0.1941,none,,,False,,70,0,0.1389,0.4354,
70,25,True,0.698531,0.4626,none,,,False,,70,0,0.2498,0.4271,
70,51,True,0.694317,0.4432,none,,,False,,70,0,0.2495,0.4038,
70,2,True,0.670395,0.3328,none,,,False,,70,0,0.254,0.3682,
70,17,True,0.667524,0.3196,none,,,False,,70,0,0.2526,0.3404,
70,89,True,0.517532,-0.3723,none,,,False,,70,0,0.0981,0.3367,
70,88,True,0.617485,0.0888,none,,,False,,70,0,0.0506,0.3135,
70,48,True,0.577341,-0.0964,none,,,False,,70,0,0.0491,0.216,
70,79,True,0.616037,0.0821,none,,,False,,70,0,0.055,0.2095,
70,60,True,0.520581,-0.3582,none,,,False,,70,0,0.0514,0.1285,
70,32,True,0.629887,0.146,none,,,False,,70,0,0.055,-0.005,
70,82,True,0.435028,-0.7528,none,,,False,,70,0,0.0495,-0.0306,
70,30,True,0.585353,-0.0595,none,,,False,,70,0,0.0506,-0.1045,
70,57,True,0.413085,-0.8541,none,,,False,,70,0,0.0514,-0.1935,
70,97,True,0.526953,-0.3288,none,,,False,,70,0,0.067,-0.1937,
70,62,True,0.540427,-0.2667,none,,,False,,70,0,0.0518,-0.3457,
70,46,True,0.456055,-0.6559,none,,,False,,70,0,0.0514,-0.4753,
70,47,True,0.664662,0.3064,none,,,False,,70,0,0.0522,-0.5254,
70,81,True,0.35366,-1.1282,none,,,False,,70,0,0.0514,-0.5784,
70,3,True,0.465427,-0.6126,none,,,False,,70,0,0.0526,-0.6271,
70,85,True,0.350376,-1.1433,none,,,False,,70,0,0.2346,-0.6478,
70,8,True,0.247344,-1.6186,cusum,,,True,negative,70,0,0.3064,-1.9155,
70,73,True,0.269926,-1.5144,none,,,False,,70,0,0.3064,-1.8641,
70,84,True,0.275177,-1.4902,none,,,False,,70,0,0.2981,-1.6841,
70,76,True,0.37176,-1.0447,none,,,False,,70,0,0.29,-1.0354,
70,83,True,0.408557,-0.875,none,,,False,,70,0,0.2871,-1.4999,
70,91,True,0.198736,-1.8428,none,,,False,,70,0,0.2871,-2.2719,
70,70,True,0.16907,-1.9796,none,,,False,,70,0,0.2857,-2.6717,
70,20,True,0.627893,0.1368,none,,,False,,70,0,0.2839,-0.9065,
70,27,True,0.444951,-0.7071,none,,,False,,70,0,0.2833,-1.2437,
70,9,True,0.270325,-1.5126,none,,,False,,70,0,0.2795,-1.1662,
70,10,True,0.188441,-1.8903,none,,,False,,70,0,0.2783,-1.1342,
70,26,True,0.281596,-1.4606,none,,,False,,70,0,0.2783,-2.0734,
70,65,True,0.286007,-1.4402,cusum,,,True,negative,70,0,0.2783,-2.4522,
71,36,True,0.965244,1.6558,cusum,,,True,positive,71,0,0.2521,2.9423,
71,58,True,0.711632,0.6496,none,,,False,,71,0,0.2513,2.8212,
71,90,True,0.873919,1.2935,cusum,,,True,positive,71,0,0.2603,2.4902,
71,5,True,0.826016,1.1034,none,,,False,,71,0,0.249,2.0782,
71,39,True,0.851002,1.2026,none,,,False,,71,0,0.2544,2.0582,
71,16,True,0.822255,1.0885,cusum,,,True,positive,71,0,0.2497,1.9376,
71,13,True,0.740285,0.7633,none,,,False,,71,0,0.249,1.9093,
71,11,True,0.762392,0.851,none,,,False,,71,0,0.2509,1.7164,
71,28,True,0.787831,0.9519,none,,,False,,71,0,0.2513,1.6519,
71,53,True,0.784354,0.9381,none,,,False,,71,0,0.1395,0.9369,
71,92,True,0.690772,0.5669,none,,,False,,71,0,0.2483,0.8524,
71,52,True,0.761915,0.8491,none,,,False,,71,0,0.2509,0.8357,
71,96,True,0.680825,0.5274,none,,,False,,71,0,0.053,0.7497,
71,19,True,0.542072,-0.0231,none,,,False,,71,0,0.2501,0.584,
71,6,True,0.617294,0.2754,none,,,False,,71,0,0.1345,0.4176,
71,25,True,0.661058,0.449,none,,,False,,71,0,0.2494,0.4008,
71,51,True,0.501448,-0.1842,none,,,False,,71,0,0.249,0.3843,
71,17,True,0.612999,0.2583,none,,,False,,71,0,0.2521,0.3511,
71,74,True,0.673573,0.4986,none,,,False,,71,0,0.0517,0.2939,
71,2,True,0.77787,0.9124,none,,,False,,71,0,0.2535,0.2603,
71,41,True,0.295812,-1.0001,none,,,False,,71,0,0.2513,0.2355,
71,88,True,0.597802,0.198,none,,,False,,71,0,0.0501,0.1952,
71,89,True,0.555187,0.029,none,,,False,,71,0,0.095,0.1764,
71,32,True,0.5537,0.0231,none,,,False,,71,0,0.0544,0.1736,
71,48,True,0.554839,0.0276,none,,,False,,71,0,0.0487,0.0305,
71,47,True,0.639698,0.3642,none,,,False,,71,0,0.0517,0.0014,
71,30,True,0.583221,0.1402,none,,,False,,71,0,0.0501,-0.0017,
71,79,True,0.603766,0.2217,none,,,False,,71,0,0.0544,-0.0473,
71,60,True,0.523192,-0.098,none,,,False,,71,0,0.0509,-0.1348,
71,62,True,0.536672,-0.0445,none,,,False,,71,0,0.0513,-0.2237,
71,97,True,0.52397,-0.0949,none,,,False,,71,0,0.0647,-0.2264,
71,82,True,0.41944,-0.5096,none,,,False,,71,0,0.049,-0.3149,
71,57,True,0.496567,-0.2036,none,,,False,,71,0,0.0509,-0.4458,
71,46,True,0.46438,-0.3313,none,,,False,,71,0,0.0509,-0.5136,
71,81,True,0.354361,-0.7678,none,,,False,,71,0,0.0509,-0.5297,
71,3,True,0.466549,-0.3227,none,,,False,,71,0,0.0521,-0.5978,
71,20,True,0.322671,-0.8935,none,,,False,,71,0,0.1345,-0.6382,
71,8,True,0.223679,-1.2862,none,,,False,,71,0,0.3031,-2.0095,
71,73,True,0.241327,-1.2162,cusum,,,True,negative,71,0,0.3031,-1.8971,
71,84,True,0.324973,-0.8844,cusum,,,True,negative,71,0,0.295,-1.8261,
71,76,True,0.435874,-0.4444,none,,,False,,71,0,0.2871,-1.1855,
71,66,True,0.144927,-1.5987,none,,,False,,71,0,0.2844,-2.1505,
71,67,True,0.291853,-1.0158,none,,,False,,71,0,0.2844,-2.1475,
71,72,True,0.428765,-0.4726,none,,,False,,71,0,0.2844,-1.3796,
71,54,True,0.274798,-1.0834,none,,,False,,71,0,0.2831,-1.4236,
71,24,True,0.230406,-1.2595,none,,,False,,71,0,0.2806,-1.4659,
71,83,True,0.371608,-0.6994,none,,,False,,71,0,0.2795,-1.2987,
71,91,True,0.220394,-1.2993,none,,,False,,71,0,0.2795,-2.2738,
71,29,True,0.089168,-1.8199,none,,,False,,71,0,0.2782,-1.5305,
71,45,True,0.228817,-1.2658,none,,,False,,71,0,0.2766,-0.7273,
72,36,True,0.925462,1.9247,none,,,False,,72,0,0.2516,2.8487,
72,90,True,0.878292,1.7003,none,,,False,,72,0,0.2595,2.4723,
72,58,True,0.85389,1.5842,none,,,False,,72,0,0.2508,2.3483,
72,16,True,0.482838,-0.1809,none,,,False,,72,0,0.2493,2.2462,
72,5,True,0.830241,1.4717,none,,,False,,72,0,0.2486,2.1709,
72,39,True,0.8717,1.6689,none,,,False,,72,0,0.2539,2.1006,
72,52,True,0.444765,-0.362,cusum,,,True,positive,72,0,0.2504,1.8498,
72,13,True,0.75785,1.1273,none,,,False,,72,0,0.2486,1.8199,
72,11,True,0.684629,0.779,none,,,False,,72,0,0.2504,1.7379,
72,28,True,0.672215,0.72,none,,,False,,72,0,0.2508,1.6506,
72,92,True,0.652578,0.6266,none,,,False,,72,0,0.2479,1.0038,
72,96,True,0.534031,0.0626,none,,,False,,72,0,0.0525,0.8233,
72,53,True,0.772685,1.1979,none,,,False,,72,0,0.1352,0.7757,
72,2,True,0.756424,1.1206,none,,,False,,72,0,0.2529,0.5205,
72,19,True,0.668375,0.7017,none,,,False,,72,0,0.2497,0.4665,
72,74,True,0.639047,0.5622,none,,,False,,72,0,0.0512,0.4496,
72,79,True,0.622988,0.4858,none,,,False,,72,0,0.0539,0.43,
72,6,True,0.700469,0.8544,none,,,False,,72,0,0.1303,0.4077,
72,17,True,0.659712,0.6605,none,,,False,,72,0,0.0516,0.3735,
72,25,True,0.3918,-0.614,none,,,False,,72,0,0.249,0.3181,
72,51,True,0.542708,0.1039,none,,,False,,72,0,0.2486,0.2553,
72,32,True,0.698067,0.843,none,,,False,,72,0,0.0539,0.2036,
72,88,True,0.633748,0.537,none,,,False,,72,0,0.0497,0.1686,
72,89,True,0.569754,0.2326,none,,,False,,72,0,0.0921,0.1465,
72,47,True,0.509915,-0.0521,none,,,False,,72,0,0.0512,0.1255,
72,48,True,0.646325,0.5968,none,,,False,,72,0,0.0483,0.081,
72,60,True,0.499511,-0.1016,none,,,False,,72,0,0.0504,0.0588,
72,30,True,0.512466,-0.04,none,,,False,,72,0,0.0497,0.0351,
72,41,True,0.618447,0.4642,none,,,False,,72,0,0.2508,-0.1016,
72,97,True,0.529264,0.04,none,,,False,,72,0,0.0624,-0.19,
72,62,True,0.445884,-0.3567,none,,,False,,72,0,0.0508,-0.2607,
72,57,True,0.493776,-0.1289,none,,,False,,72,0,0.0504,-0.3109,
72,82,True,0.594858,0.352,none,,,False,,72,0,0.0486,-0.3802,
72,46,True,0.449717,-0.3385,none,,,False,,72,0,0.0504,-0.4555,
72,3,True,0.412141,-0.5172,none,,,False,,72,0,0.0516,-0.5164,
72,76,True,0.366672,-0.7335,none,,,False,,72,0,0.2844,-0.5901,
72,20,True,0.025571,-2.3561,none,,,False,,72,0,0.1303,-0.5962,
72,45,True,0.434739,-0.4097,cusum,,,True,negative,72,0,0.3623,-1.3356,
72,8,True,0.313753,-0.9852,none,,,False,,72,0,0.3,-2.0373,
72,73,True,0.281234,-1.1399,none,,,False,,72,0,0.3,-1.8114,
72,84,True,0.280817,-1.1419,none,,,False,,72,0,0.2921,-1.7175,
72,10,True,0.302757,-1.0375,none,,,False,,72,0,0.2818,-1.4777,
72,26,True,0.258313,-1.249,none,,,False,,72,0,0.2818,-1.7678,
72,27,True,0.421359,-0.4734,none,,,False,,72,0,0.2818,-0.8289,
72,65,True,0.186019,-1.5929,none,,,False,,72,0,0.2818,-2.3187,
72,64,True,0.448635,-0.3436,none,,,False,,72,0,0.2796,-1.1926,
72,68,True,0.256565,-1.2573,none,,,False,,72,0,0.2793,-1.7216,
72,9,True,0.176152,-1.6398,none,,,False,,72,0,0.2781,-1.8467,
72,99,True,0.376135,-0.6885,none,,,False,,72,0,0.2779,-0.9755,
72,66,True,0.180946,-1.617,cusum,,,True,negative,72,0,0.2769,-2.1982,
73,36,True,0.876701,1.5722,cusum,,,True,positive,73,0,0.2512,2.8419,
73,90,True,0.845636,1.4031,none,,,False,,73,0,0.2588,2.5452,
73,58,True,0.964943,2.0526,cusum,,,True,positive,73,0,0.2504,2.3286,
73,39,True,0.831717,1.3273,cusum,,,True,positive,73,0,0.2533,2.2958,
73,5,True,0.788776,1.0935,cusum,,,True,positive,73,0,0.2482,2.2543,
73,13,True,0.739169,0.8234,none,,,False,,73,0,0.2482,2.0084,
73,53,True,0.739782,0.8268,cusum,,,True,positive,73,0,0.331,1.9996,
73,11,True,0.814513,1.2336,none,,,False,,73,0,0.25,1.7701,
73,16,True,0.79959,1.1524,none,,,False,,73,0,0.2489,1.7533,
73,52,True,0.092821,-2.6955,none,,,False,,73,0,0.25,1.3545,
73,2,True,0.72135,0.7264,none,,,False,,73,0,0.2524,0.8566,
73,28,True,0.785353,1.0749,none,,,False,,73,0,0.2504,0.7426,
73,96,True,0.682346,0.5141,none,,,False,,73,0,0.052,0.5966,
73,6,True,0.692584,0.5698,none,,,False,,73,0,0.1264,0.5504,
73,19,True,0.611841,0.1302,none,,,False,,73,0,0.0492,0.5208,
73,74,True,0.606932,0.1035,none,,,False,,73,0,0.0508,0.5098,
73,17,True,0.561698,-0.1428,none,,,False,,73,0,0.0512,0.479,
73,92,True,0.599875,0.0651,none,,,False,,73,0,0.2476,0.4773,
73,32,True,0.612553,0.1341,none,,,False,,73,0,0.0533,0.4067,
73,88,True,0.4767,-0.6056,none,,,False,,73,0,0.0492,0.3381,
73,79,True,0.675539,0.477,none,,,False,,73,0,0.0533,0.3325,
73,47,True,0.629429,0.226,none,,,False,,73,0,0.0508,0.2718,
73,48,True,0.609307,0.1164,none,,,False,,73,0,0.0479,0.2375,
73,51,True,0.461631,-0.6876,none,,,False,,73,0,0.2482,0.183,
73,25,True,0.65588,0.37,none,,,False,,73,0,0.2485,0.1617,
73,30,True,0.537102,-0.2767,none,,,False,,73,0,0.0492,0.0771,
73,89,True,0.607532,0.1068,none,,,False,,73,0,0.0892,0.0544,
73,97,True,0.538466,-0.2693,none,,,False,,73,0,0.0616,-0.0468,
73,60,True,0.559625,-0.1541,none,,,False,,73,0,0.05,-0.1214,
73,41,True,0.575973,-0.0651,none,,,False,,73,0,0.2504,-0.1319,
73,62,True,0.607287,0.1054,none,,,False,,73,0,0.0504,-0.1575,
73,82,True,0.612904,0.136,none,,,False,,73,0,0.0482,-0.2415,
73,57,True,0.466443,-0.6614,none,,,False,,73,0,0.05,-0.331,
73,46,True,0.468923,-0.6479,none,,,False,,73,0,0.05,-0.3773,
73,3,True,0.510444,-0.4218,none,,,False,,73,0,0.0512,-0.4179,
73,27,True,0.45795,-0.7076,none,,,False,,73,0,0.2744,-0.5306,
73,98,True,0.477445,-0.6015,none,,,False,,73,0,0.1872,-0.6517,
73,45,True,0.419795,-0.9154,none,,,False,,73,0,0.3568,-1.1427,
73,99,True,0.471093,-0.6361,cusum,,,True,negative,73,0,0.3512,-1.3934,
73,20,True,0.603371,0.0841,cusum,,,True,negative,73,0,0.3264,-1.4285,
73,8,True,0.275846,-1.6991,cusum,,,True,negative,73,0,0.297,-1.7022,
73,73,True,0.257189,-1.8007,none,,,False,,73,0,0.297,-1.6957,
73,84,True,0.326827,-1.4215,none,,,False,,73,0,0.2892,-1.5809,
73,67,True,0.169706,-2.2769,none,,,False,,73,0,0.2828,-1.9238,
73,72,True,0.388225,-1.0872,none,,,False,,73,0,0.2828,-1.3547,
73,83,True,0.361396,-1.2333,none,,,False,,73,0,0.2828,-0.7182,
73,91,True,0.207924,-2.0689,none,,,False,,73,0,0.2828,-1.9677,
73,76,True,0.402604,-1.009,none,,,False,,73,0,0.2817,-0.6525,
73,70,True,0.17487,-2.2488,none,,,False,,73,0,0.2804,-2.2524,
73,31,True,0.319584,-1.4609,none,,,False,,73,0,0.2793,-0.8261,
74,36,True,0.819833,1.359,none,,,False,,74,0,0.2507,2.7832,
74,90,True,0.796654,1.2367,cusum,,,True,positive,74,0,0.2581,2.5419,
74,58,True,0.979493,2.2009,none,,,False,,74,0,0.2499,2.4934,
74,39,True,0.869932,1.6232,none,,,False,,74,0,0.2528,2.4683,
74,5,True,0.79548,1.2305,none,,,False,,74,0,0.2478,2.2844,
74,53,True,0.765448,1.0721,none,,,False,,74,0,0.3271,2.0967,
74,11,True,0.626537,0.3396,none,,,False,,74,0,0.2495,2.0186,
74,28,True,0.804294,1.277,cusum,,,True,positive,74,0,0.2499,1.9801,
74,13,True,0.705892,0.7581,cusum,,,True,positive,74,0,0.2478,1.9662,
74,16,True,0.857743,1.5589,none,,,False,,74,0,0.2485,1.7492,
74,2,True,0.682939,0.637,none,,,False,,74,0,0.2519,0.9872,
74,6,True,0.697306,0.7128,none,,,False,,74,0,0.1226,0.6731,
74,92,True,0.670633,0.5721,none,,,False,,74,0,0.2472,0.4801,
74,79,True,0.710746,0.7837,none,,,False,,74,0,0.0528,0.4635,
74,74,True,0.629177,0.3535,none,,,False,,74,0,0.0503,0.4532,
74,96,True,0.447635,-0.6039,none,,,False,,74,0,0.0515,0.4349,
74,32,True,0.656223,0.4961,none,,,False,,74,0,0.0528,0.402,
74,19,True,0.65571,0.4934,none,,,False,,74,0,0.0488,0.3326,
74,52,True,0.501629,-0.3191,none,,,False,,74,0,0.2495,0.3279,
74,17,True,0.697148,0.712,none,,,False,,74,0,0.0507,0.3243,
74,48,True,0.583603,0.1132,none,,,False,,74,0,0.0475,0.308,
74,47,True,0.627074,0.3424,none,,,False,,74,0,0.0503,0.2445,
74,89,True,0.607789,0.2407,none,,,False,,74,0,0.0865,0.2126,
74,25,True,0.563573,0.0075,none,,,False,,74,0,0.2481,0.1304,
74,88,True,0.524326,-0.1994,none,,,False,,74,0,0.0488,0.1062,
74,82,True,0.481568,-0.4249,none,,,False,,74,0,0.0478,0.0543,
74,30,True,0.560716,-0.0075,none,,,False,,74,0,0.0488,0.0042,
74,97,True,0.510158,-0.2742,none,,,False,,74,0,0.0608,-0.028,
74,62,True,0.47958,-0.4354,none,,,False,,74,0,0.0499,-0.034,
74,60,True,0.552767,-0.0495,none,,,False,,74,0,0.0495,-0.0539,
74,41,True,0.763908,1.064,none,,,False,,74,0,0.2499,-0.1358,
74,51,True,0.572963,0.0571,none,,,False,,74,0,0.2478,-0.1944,
74,57,True,0.507867,-0.2862,none,,,False,,74,0,0.0495,-0.2673,
74,3,True,0.457061,-0.5542,none,,,False,,74,0,0.0507,-0.3549,
74,46,True,0.418723,-0.7564,none,,,False,,74,0,0.0495,-0.3752,
74,27,True,0.444905,-0.6183,none,,,False,,74,0,0.272,-0.5448,
74,98,True,0.422205,-0.738,none,,,False,,74,0,0.0792,-0.5765,
74,31,True,0.381347,-0.9535,cusum,,,True,negative,74,0,0.3631,-1.3968,
74,45,True,0.409214,-0.8065,none,,,False,,74,0,0.3517,-1.2386,
74,99,True,0.442341,-0.6318,none,,,False,,74,0,0.3464,-1.1282,
74,20,True,0.571431,0.049,none,,,False,,74,0,0.3226,-1.4486,
74,8,True,0.31854,-1.2847,none,,,False,,74,0,0.294,-1.7307,
74,73,True,0.297976,-1.3931,cusum,,,True,negative,74,0,0.294,-1.7928,
74,84,True,0.269539,-1.5431,cusum,,,True,negative,74,0,0.2865,-1.5595,
74,24,True,0.31361,-1.3107,none,,,False,,74,0,0.285,-1.0866,
74,38,True,0.337561,-1.1844,none,,,False,,74,0,0.2814,-0.6728,
74,10,True,0.478946,-0.4388,none,,,False,,74,0,0.2803,-1.6672,
74,26,True,0.341722,-1.1624,none,,,False,,74,0,0.2803,-1.7468,
74,65,True,-0.298693,-3.0,none,,,False,,74,0,0.2803,-2.2172,
74,66,True,0.238187,-1.7084,none,,,False,,74,0,0.2803,-2.1582,
75,58,True,0.85314,1.834,cusum,,,True,positive,75,0,0.2495,3.0099,
75,36,True,0.971298,2.5932,none,,,False,,75,0,0.2502,2.6837,
75,39,True,0.911252,2.2073,none,,,False,,75,0,0.2523,2.6078,
75,90,True,0.875063,1.9748,none,,,False,,75,0,0.2574,2.5221,
75,5,True,0.759626,1.2331,none,,,False,,75,0,0.2474,2.3263,
75,53,True,0.799316,1.4881,none,,,False,,75,0,0.3233,2.1389,
75,28,True,0.707974,0.9012,none,,,False,,75,0,0.2495,2.088,
75,13,True,0.839708,1.7476,none,,,False,,75,0,0.2474,1.964,
75,16,True,0.855191,1.8471,none,,,False,,75,0,0.2481,1.9055,
75,2,True,0.625247,0.3697,none,,,False,,75,0,0.0514,0.8948,
75,11,True,0.676866,0.7013,none,,,False,,75,0,0.2491,0.8476,
75,6,True,0.671217,0.665,none,,,False,,75,0,0.119,0.8166,
75,79,True,0.626105,0.3752,none,,,False,,75,0,0.0523,0.6502,
75,32,True,0.745724,1.1438,none,,,False,,75,0,0.0523,0.5591,
75,41,True,0.653833,0.5533,none,,,False,,75,0,0.2495,0.5517,
75,19,True,0.67416,0.6839,none,,,False,,75,0,0.0484,0.5043,
75,92,True,0.665451,0.628,none,,,False,,75,0,0.2468,0.4814,
75,17,True,0.561976,-0.0369,none,,,False,,75,0,0.0502,0.475,
75,74,True,0.573453,0.0369,none,,,False,,75,0,0.0499,0.4043,
75,48,True,0.57819,0.0673,none,,,False,,75,0,0.0471,0.3361,
75,89,True,0.514666,-0.3409,none,,,False,,75,0,0.0839,0.2817,
75,47,True,0.633125,0.4203,none,,,False,,75,0,0.0499,0.2366,
75,82,True,0.535558,-0.2066,none,,,False,,75,0,0.0474,0.0821,
75,96,True,0.650861,0.5342,none,,,False,,75,0,0.051,0.0572,
75,25,True,0.576874,0.0589,none,,,False,,75,0,0.0477,-0.0173,
75,88,True,0.615845,0.3093,none,,,False,,75,0,0.0484,-0.0268,
75,60,True,0.468624,-0.6367,none,,,False,,75,0,0.0491,-0.0382,
75,30,True,0.368015,-1.2831,none,,,False,,75,0,0.0484,-0.0456,
75,52,True,0.620271,0.3377,none,,,False,,75,0,0.2491,-0.0621,
75,97,True,0.53565,-0.206,none,,,False,,75,0,0.06,-0.0888,
75,51,True,0.442019,-0.8076,none,,,False,,75,0,0.0474,-0.1145,
75,62,True,0.557443,-0.066,none,,,False,,75,0,0.0495,-0.1649,
75,57,True,0.472152,-0.614,none,,,False,,75,0,0.0491,-0.2953,
75,27,True,0.472888,-0.6093,none,,,False,,75,0,0.2697,-0.5164,
75,46,True,0.465025,-0.6598,none,,,False,,75,0,0.0491,-0.5174,
75,50,True,0.60185,0.2193,none,,,False,,75,0,0.2744,-0.5522,
75,64,True,0.451509,-0.7467,none,,,False,,75,0,0.2687,-0.6517,
75,31,True,0.349068,-1.4049,none,,,False,,75,0,0.3577,-1.5013,
75,45,True,0.428178,-0.8966,none,,,False,,75,0,0.3469,-1.0893,
75,99,True,0.378439,-1.2162,none,,,False,,75,0,0.3418,-1.0343,
75,20,True,0.120248,-2.8751,none,,,False,,75,0,0.319,-1.1368,
75,8,True,0.243442,-2.0836,none,,,False,,75,0,0.2912,-1.7317,
75,73,True,0.265668,-1.9407,none,,,False,,75,0,0.2912,-1.8533,
75,76,True,0.510164,-0.3698,none,,,False,,75,0,0.2849,-1.1419,
75,84,True,0.269025,-1.9192,none,,,False,,75,0,0.2839,-1.7805,
75,29,True,0.27157,-1.9028,none,,,False,,75,0,0.2837,-2.0742,
75,12,True,0.494917,-0.4677,none,,,False,,75,0,0.2833,-1.2366,
75,9,True,0.307638,-1.6711,none,,,False,,75,0,0.2825,-1.8845,
75,67,True,0.260466,-1.9742,none,,,False,,75,0,0.2814,-2.1751,
75,72,True,0.472212,-0.6136,none,,,False,,75,0,0.2814,-0.8528,
76,58,True,0.849335,1.2819,none,,,False,,76,0,0.2491,3.0927,
76,36,True,0.96339,1.7934,cusum,,,True,positive,76,0,0.2498,2.906,
76,39,True,0.864164,1.3484,cusum,,,True,positive,76,0,0.2518,2.7867,
76,90,True,0.863128,1.3437,cusum,,,True,positive,76,0,0.2568,2.6127,
76,16,True,0.76485,0.903,cusum,,,True,positive,76,0,0.2477,2.581,
76,5,True,0.733176,0.761,cusum,,,True,positive,76,0,0.247,2.2463,
76,53,True,0.816533,1.1348,none,,,False,,76,0,0.3197,2.2333,
76,13,True,0.795127,1.0388,none,,,False,,76,0,0.247,2.1703,
76,28,True,0.56118,-0.0104,none,,,False,,76,0,0.2491,2.1479,
76,11,True,0.781219,0.9764,cusum,,,True,positive,76,0,0.2487,1.8212,
76,19,True,0.655678,0.4134,cusum,,,True,positive,76,0,0.248,1.4979,
76,6,True,0.693388,0.5825,none,,,False,,76,0,0.1155,0.7513,
76,32,True,0.735838,0.7729,none,,,False,,76,0,0.0518,0.6588,
76,2,True,0.803657,1.077,none,,,False,,76,0,0.051,0.6439,
76,79,True,0.710549,0.6595,none,,,False,,76,0,0.0518,0.6127,
76,41,True,0.721645,0.7092,none,,,False,,76,0,0.0491,0.5809,
76,92,True,0.507327,-0.2519,none,,,False,,76,0,0.2464,0.4815,
76,47,True,0.526899,-0.1641,none,,,False,,76,0,0.0494,0.3936,
76,17,True,0.607866,0.199,none,,,False,,76,0,0.0498,0.242,
76,74,True,0.651647,0.3953,none,,,False,,76,0,0.0494,0.2286,
76,96,True,0.601927,0.1723,none,,,False,,76,0,0.0506,0.2138,
76,25,True,0.566884,0.0152,none,,,False,,76,0,0.0474,0.2065,
76,52,True,0.742605,0.8032,none,,,False,,76,0,0.2487,0.1707,
76,48,True,0.565811,0.0104,none,,,False,,76,0,0.0467,0.1592,
76,89,True,0.596528,0.1481,none,,,False,,76,0,0.0813,0.0892,
76,62,True,0.364764,-0.8912,none,,,False,,76,0,0.0491,-0.0685,
76,88,True,0.605198,0.187,none,,,False,,76,0,0.048,-0.1032,
76,82,True,0.414376,-0.6687,none,,,False,,76,0,0.047,-0.1045,
76,97,True,0.520394,-0.1933,none,,,False,,76,0,0.0593,-0.1717,
76,60,True,0.624303,0.2727,none,,,False,,76,0,0.0487,-0.2171,
76,50,True,0.454506,-0.4888,none,,,False,,76,0,0.2506,-0.2482,
76,51,True,0.58694,0.1051,none,,,False,,76,0,0.047,-0.4188,
76,57,True,0.500974,-0.2804,none,,,False,,76,0,0.0487,-0.4576,
76,30,True,0.490365,-0.328,none,,,False,,76,0,0.048,-0.4604,
76,27,True,0.39616,-0.7504,none,,,False,,76,0,0.0674,-0.5629,
76,64,True,0.439255,-0.5572,none,,,False,,76,0,0.2586,-0.5841,
76,72,True,0.421422,-0.6372,none,,,False,,76,0,0.2743,-0.64,
76,31,True,0.377713,-0.8332,none,,,False,,76,0,0.3526,-1.6481,
76,45,True,0.403094,-0.7193,none,,,False,,76,0,0.3424,-1.255,
76,99,True,0.432826,-0.586,none,,,False,,76,0,0.3375,-1.2133,
76,20,True,0.539884,-0.1059,cusum,,,True,negative,76,0,0.3155,-1.312,
76,8,True,0.243743,-1.434,cusum,,,True,negative,76,0,0.2885,-2.0993,
76,73,True,0.279376,-1.2742,cusum,,,True,negative,76,0,0.2885,-2.1217,
76,83,True,0.224718,-1.5193,none,,,False,,76,0,0.287,-1.3501,
76,91,True,0.178651,-1.7259,none,,,False,,76,0,0.287,-2.1512,
76,98,True,0.411816,-0.6802,none,,,False,,76,0,0.2824,-1.0079,
76,84,True,0.333009,-1.0337,cusum,,,True,negative,76,0,0.2813,-2.0409,
76,70,True,0.186261,-1.6918,none,,,False,,76,0,0.28,-2.8261,
76,10,True,0.461506,-0.4574,none,,,False,,76,0,0.2789,-1.5377,
76,24,True,0.3778,-0.8328,none,,,False,,76,0,0.2789,-1.6092,
77,36,True,0.979337,2.0836,none,,,False,,77,0,0.2494,2.9792,
77,58,True,0.892269,1.6577,cusum,,,True,positive,77,0,0.2486,2.8353,
77,39,True,0.8615,1.5072,none,,,False,,77,0,0.2513,2.7931,
77,90,True,0.897342,1.6825,none,,,False,,77,0,0.2562,2.5921,
77,16,True,0.791538,1.1651,none,,,False,,77,0,0.2473,2.4974,
77,53,True,0.842805,1.4158,cusum,,,True,positive,77,0,0.3162,2.3337,
77,13,True,0.828857,1.3476,cusum,,,True,positive,77,0,0.2467,2.2417,
77,5,True,0.68354,0.6369,none,,,False,,77,0,0.2467,2.135,
77,28,True,0.795654,1.1852,none,,,False,,77,0,0.2486,1.7856,
77,2,True,0.679281,0.616,cusum,,,True,positive,77,0,0.2505,1.7602,
77,11,True,0.729361,0.861,none,,,False,,77,0,0.2483,1.7349,
77,19,True,0.682705,0.6328,none,,,False,,77,0,0.2476,1.5918,
77,32,True,0.492518,-0.2974,none,,,False,,77,0,0.0513,0.8711,
77,41,True,0.704189,0.7378,none,,,False,,77,0,0.0486,0.8385,
77,6,True,0.709052,0.7616,none,,,False,,77,0,0.1122,0.7534,
77,79,True,0.625994,0.3554,none,,,False,,77,0,0.0513,0.6729,
77,92,True,0.680431,0.6216,none,,,False,,77,0,0.2461,0.3754,
77,17,True,0.669676,0.569,none,,,False,,77,0,0.0494,0.3554,
77,52,True,0.774237,1.0804,none,,,False,,77,0,0.2483,0.3364,
77,74,True,0.563815,0.0513,none,,,False,,77,0,0.049,0.3254,
77,47,True,0.618289,0.3177,none,,,False,,77,0,0.049,0.263,
77,88,True,0.54284,-0.0513,none,,,False,,77,0,0.0476,0.1605,
77,48,True,0.5824,0.1422,none,,,False,,77,0,0.0464,0.1234,
77,89,True,0.429398,-0.6061,none,,,False,,77,0,0.0789,0.1017,
77,96,True,0.512603,-0.1992,none,,,False,,77,0,0.0501,0.0993,
77,25,True,0.654568,0.4952,none,,,False,,77,0,0.047,0.0878,
77,60,True,0.573863,0.1004,none,,,False,,77,0,0.0483,-0.0753,
77,97,True,0.542328,-0.0538,none,,,False,,77,0,0.0586,-0.1473,
77,51,True,0.651094,0.4782,none,,,False,,77,0,0.0467,-0.155,
77,50,True,0.484453,-0.3369,none,,,False,,77,0,0.2501,-0.2566,
77,57,True,0.367019,-0.9112,none,,,False,,77,0,0.0483,-0.331,
77,82,True,0.480015,-0.3586,none,,,False,,77,0,0.0467,-0.3732,
77,62,True,0.527598,-0.1258,none,,,False,,77,0,0.0486,-0.4012,
77,64,True,0.407724,-0.7121,none,,,False,,77,0,0.2579,-0.4729,
77,30,True,0.457303,-0.4696,none,,,False,,77,0,0.0476,-0.478,
77,81,True,0.509048,-0.2166,none,,,False,,77,0,0.2728,-0.5759,
77,27,True,0.433221,-0.5874,none,,,False,,77,0,0.0652,-0.5782,
77,31,True,0.356519,-0.9626,none,,,False,,77,0,0.3479,-1.4426,
77,45,True,0.376135,-0.8666,none,,,False,,77,0,0.3381,-0.6928,
77,99,True,0.40541,-0.7234,none,,,False,,77,0,0.3335,-1.1995,
77,20,True,0.632825,0.3888,none,,,False,,77,0,0.3122,-1.3773,
77,8,True,0.296904,-1.2541,none,,,False,,77,0,0.2859,-2.0123,
77,73,True,0.274122,-1.3656,none,,,False,,77,0,0.2859,-1.9476,
77,26,True,0.33037,-1.0905,none,,,False,,77,0,0.2845,-1.2061,
77,65,True,0.343388,-1.0268,none,,,False,,77,0,0.2845,-2.4265,
77,66,True,0.189888,-1.7775,none,,,False,,77,0,0.2845,-2.0569,
77,76,True,0.438432,-0.5619,none,,,False,,77,0,0.2834,-1.1183,
77,67,True,0.032415,-2.5477,none,,,False,,77,0,0.2799,-2.1711,
77,84,True,0.275845,-1.3571,none,,,False,,77,0,0.2789,-1.9129,
77,9,True,0.330211,-1.0912,none,,,False,,77,0,0.2765,-2.0245,
78,36,True,0.868763,1.6394,cusum,,,True,positive,78,0,0.2489,3.2202,
78,39,True,0.862899,1.6074,none,,,False,,78,0,0.2508,2.7539,
78,90,True,0.91911,1.9139,none,,,False,,78,0,0.2555,2.74,
78,58,True,0.806857,1.3018,none,,,False,,78,0,0.2482,2.6537,
78,53,True,0.830461,1.4305,none,,,False,,78,0,0.3129,2.4462,
78,13,True,0.783794,1.1761,none,,,False,,78,0,0.2463,2.4378,
78,16,True,0.80193,1.275,none,,,False,,78,0,0.2469,2.3657,
78,5,True,0.69669,0.7012,none,,,False,,78,0,0.2463,1.9367,
78,11,True,0.670697,0.5594,none,,,False,,78,0,0.2479,1.9083,
78,6,True,0.663038,0.5177,cusum,,,True,positive,78,0,0.309,1.7678,
78,28,True,0.693897,0.6859,none,,,False,,78,0,0.2482,1.7545,
78,2,True,0.706801,0.7563,none,,,False,,78,0,0.2501,1.7527,
78,19,True,0.55313,-0.0816,none,,,False,,78,0,0.2472,1.6378,
78,52,True,0.593229,0.1371,none,,,False,,78,0,0.2479,0.8025,
78,41,True,0.595355,0.1486,none,,,False,,78,0,0.0482,0.7293,
78,32,True,0.63119,0.344,none,,,False,,78,0,0.0508,0.606,
78,79,True,0.702929,0.7352,none,,,False,,78,0,0.0508,0.5296,
78,92,True,0.594339,0.1431,none,,,False,,78,0,0.0457,0.3915,
78,17,True,0.660385,0.5032,none,,,False,,78,0,0.0489,0.3072,
78,47,True,0.679341,0.6066,none,,,False,,78,0,0.0486,0.2543,
78,25,True,0.602539,0.1878,none,,,False,,78,0,0.0466,0.2499,
78,96,True,0.583055,0.0816,none,,,False,,78,0,0.0497,0.2337,
78,74,True,0.677545,0.5968,none,,,False,,78,0,0.0486,0.2242,
78,88,True,0.540846,-0.1486,none,,,False,,78,0,0.0472,0.2094,
78,48,True,0.483306,-0.4623,none,,,False,,78,0,0.046,0.1326,
78,51,True,0.501109,-0.3652,none,,,False,,78,0,0.0463,-0.015,
78,60,True,0.59169,0.1287,none,,,False,,78,0,0.0479,-0.0258,
78,97,True,0.54222,-0.1411,none,,,False,,78,0,0.0579,-0.0748,
78,50,True,0.446486,-0.663,none,,,False,,78,0,0.2497,-0.1376,
78,89,True,0.388443,-0.9795,none,,,False,,78,0,0.0765,-0.1818,
78,62,True,0.300184,-1.4607,none,,,False,,78,0,0.0482,-0.2985,
78,82,True,0.592219,0.1315,none,,,False,,78,0,0.0463,-0.3515,
78,57,True,0.482384,-0.4673,none,,,False,,78,0,0.0479,-0.5399,
78,10,True,0.403289,-0.8986,none,,,False,,78,0,0.2776,-0.5612,
78,64,True,0.44764,-0.6567,none,,,False,,78,0,0.0573,-0.5966,
78,30,True,0.655989,0.4792,none,,,False,,78,0,0.0472,-0.6325,
78,81,True,0.440308,-0.6967,none,,,False,,78,0,0.2497,-0.6396,
78,31,True,0.349995,-1.1892,cusum,,,True,negative,78,0,0.3434,-1.449,
78,45,True,0.38242,-1.0124,cusum,,,True,negative,78,0,0.334,-1.2157,
78,99,True,0.340954,-1.2384,none,,,False,,78,0,0.3296,-0.7328,
78,20,True,0.539232,-0.1574,none,,,False,,78,0,0.309,-1.266,
78,8,True,0.319153,-1.3573,none,,,False,,78,0,0.2834,-2.0035,
78,73,True,0.248391,-1.7431,none,,,False,,78,0,0.2834,-1.9398,
78,83,True,0.346902,-1.206,none,,,False,,78,0,0.281,-1.5661,
78,91,True,0.225452,-1.8682,none,,,False,,78,0,0.281,-2.1135,
78,98,True,0.455392,-0.6145,none,,,False,,78,0,0.281,-1.0887,
78,29,True,0.286291,-1.5365,none,,,False,,78,0,0.2787,-1.6445,
78,95,True,0.538101,-0.1635,none,,,False,,78,0,0.2777,-0.8679,
78,24,True,0.326285,-1.3184,none,,,False,,78,0,0.2776,-1.551,
78,72,True,0.295006,-1.489,none,,,False,,78,0,0.2776,-0.696,
79,36,True,0.89908,1.3269,none,,,False,,79,0,0.2485,2.9018,
79,90,True,0.868001,1.2071,cusum,,,True,positive,79,0,0.2549,2.7189,
79,39,True,0.822956,1.0336,cusum,,,True,positive,79,0,0.2504,2.5533,
79,58,True,0.748528,0.7468,none,,,False,,79,0,0.2478,2.4758,
79,53,True,0.608941,0.209,none,,,False,,79,0,0.3098,2.4251,
79,13,True,0.815748,1.0058,none,,,False,,79,0,0.246,2.2468,
79,16,True,0.717193,0.6261,none,,,False,,79,0,0.2466,2.1745,
79,2,True,0.809042,0.98,none,,,False,,79,0,0.2496,1.881,
79,11,True,0.710257,0.5993,none,,,False,,79,0,0.2475,1.8605,
79,5,True,0.875365,1.2355,none,,,False,,79,0,0.246,1.759,
79,6,True,0.601461,0.1801,none,,,False,,79,0,0.306,1.7168,
79,28,True,0.718258,0.6302,cusum,,,True,positive,79,0,0.2478,1.6823,
79,79,True,0.681481,0.4885,cusum,,,True,positive,79,0,0.2504,1.649,
79,19,True,0.73954,0.7122,none,,,False,,79,0,0.2469,1.3822,
79,52,True,0.354759,-0.7704,none,,,False,,79,0,0.2475,0.7351,
79,41,True,0.577147,0.0865,none,,,False,,79,0,0.0478,0.5939,
79,17,True,0.667575,0.4349,none,,,False,,79,0,0.0485,0.4867,
79,74,True,0.731032,0.6794,none,,,False,,79,0,0.0482,0.4103,
79,32,True,0.565854,0.0429,none,,,False,,79,0,0.0504,0.3388,
79,47,True,0.344198,-0.8111,none,,,False,,79,0,0.0482,0.3159,
79,25,True,0.405012,-0.5768,none,,,False,,79,0,0.0463,0.2925,
79,92,True,0.692201,0.5298,none,,,False,,79,0,0.0454,0.2295,
79,60,True,0.573801,0.0736,none,,,False,,79,0,0.0475,0.2288,
79,51,True,0.570316,0.0601,none,,,False,,79,0,0.046,0.132,
79,96,True,0.794038,0.9222,none,,,False,,79,0,0.0492,0.0823,
79,88,True,0.597953,0.1666,none,,,False,,79,0,0.0469,0.0564,
79,48,True,0.556456,0.0067,none,,,False,,79,0,0.0457,-0.0443,
79,30,True,0.563683,0.0346,none,,,False,,79,0,0.0469,-0.0455,
79,97,True,0.527886,-0.1034,none,,,False,,79,0,0.0572,-0.054,
79,82,True,0.412098,-0.5495,none,,,False,,79,0,0.046,-0.2392,
79,20,True,0.350068,-0.7885,none,,,False,,79,0,0.306,-0.3619,
79,89,True,0.521427,-0.1282,none,,,False,,79,0,0.0742,-0.3958,
79,50,True,0.428762,-0.4853,none,,,False,,79,0,0.2492,-0.4322,
79,95,True,0.552962,-0.0067,none,,,False,,79,0,0.1259,-0.4417,
79,57,True,0.523257,-0.1212,none,,,False,,79,0,0.0475,-0.4914,
79,81,True,0.181658,-1.4374,none,,,False,,79,0,0.2492,-0.4963,
79,10,True,0.380931,-0.6696,none,,,False,,79,0,0.2708,-0.516,
79,31,True,0.362823,-0.7394,none,,,False,,79,0,0.3392,-1.3803,
79,45,True,0.339939,-0.8275,none,,,False,,79,0,0.3302,-1.257,
79,99,True,0.460393,-0.3634,cusum,,,True,negative,79,0,0.3259,-1.2427,
79,76,True,0.420941,-0.5154,none,,,False,,79,0,0.2819,-0.5624,
79,84,True,0.35345,-0.7755,none,,,False,,79,0,0.2819,-1.8521,
79,8,True,0.232308,-1.2422,cusum,,,True,negative,79,0,0.2809,-1.7627,
79,73,True,0.294285,-1.0034,cusum,,,True,negative,79,0,0.2809,-1.8752,
79,70,True,0.222445,-1.2802,none,,,False,,79,0,0.2797,-1.8912,
79,26,True,0.292801,-1.0092,none,,,False,,79,0,0.2786,-1.584,
79,65,True,0.071785,-1.8608,none,,,False,,79,0,0.2786,-2.2899,
79,66,True,0.279926,-1.0588,none,,,False,,79,0,0.2786,-2.1177,
79,67,True,0.335577,-0.8443,none,,,False,,79,0,0.2786,-2.6829,
79,9,True,0.328666,-0.871,none,,,False,,79,0,0.2753,-1.8852,
80,36,True,0.955725,2.0994,none,,,False,,80,0,0.2481,2.7458,
80,90,True,0.958797,2.1161,none,,,False,,80,0,0.2544,2.6726,
80,39,True,0.987494,2.2723,none,,,False,,80,0,0.2499,2.4478,
80,58,True,1.040294,2.5596,cusum,,,True,positive,80,0,0.2475,2.297,
80,13,True,0.810148,1.3071,cusum,,,True,positive,80,0,0.2456,2.2354,
80,53,True,0.850507,1.5267,none,,,False,,80,0,0.3067,2.1147,
80,16,True,0.755206,1.0081,cusum,,,True,positive,80,0,0.2462,2.0818,
80,5,True,0.780263,1.1444,none,,,False,,80,0,0.2456,1.9168,
80,28,True,0.833114,1.4321,none,,,False,,80,0,0.2475,1.8953,
80,2,True,0.764446,1.0583,none,,,False,,80,0,0.2492,1.8481,
80,11,True,0.785036,1.1704,none,,,False,,80,0,0.2471,1.7343,
80,79,True,0.631663,0.3357,none,,,False,,80,0,0.2499,1.5914,
80,6,True,0.597323,0.1488,none,,,False,,80,0,0.303,1.581,
80,74,True,0.644595,0.4061,cusum,,,True,positive,80,0,0.2478,1.5045,
80,19,True,0.672841,0.5598,none,,,False,,80,0,0.2465,1.4813,
80,17,True,0.630686,0.3304,none,,,False,,80,0,0.0481,0.5649,
80,92,True,0.483464,-0.4709,none,,,False,,80,0,0.0451,0.4896,
80,41,True,0.602807,0.1786,none,,,False,,80,0,0.0475,0.3859,
80,96,True,0.569535,-0.0024,none,,,False,,80,0,0.0488,0.3317,
80,52,True,0.553904,-0.0875,none,,,False,,80,0,0.2471,0.2101,
80,60,True,0.543369,-0.1449,none,,,False,,80,0,0.0471,0.162,
80,51,True,0.660458,0.4924,none,,,False,,80,0,0.0456,0.1166,
80,47,True,0.644119,0.4035,none,,,False,,80,0,0.0478,0.0997,
80,32,True,0.681339,0.606,none,,,False,,80,0,0.0499,0.0949,
80,25,True,0.749395,0.9764,none,,,False,,80,0,0.0459,0.0947,
80,30,True,0.467416,-0.5582,none,,,False,,80,0,0.0465,0.0749,
80,88,True,0.508511,-0.3346,none,,,False,,80,0,0.0465,0.0491,
80,97,True,0.570433,0.0024,none,,,False,,80,0,0.0565,-0.0249,
80,48,True,0.58177,0.0641,none,,,False,,80,0,0.0453,-0.0459,
80,82,True,0.495832,-0.4036,none,,,False,,80,0,0.0456,-0.1999,
80,95,True,0.559481,-0.0572,none,,,False,,80,0,0.1224,-0.2788,
80,76,True,0.431807,-0.752,none,,,False,,80,0,0.2752,-0.399,
80,50,True,0.458066,-0.6091,none,,,False,,80,0,0.0488,-0.4316,
80,3,True,0.463861,-0.5776,none,,,False,,80,0,0.2718,-0.4326,
80,57,True,0.454969,-0.626,none,,,False,,80,0,0.0471,-0.4388,
80,89,True,0.590373,0.111,none,,,False,,80,0,0.0719,-0.4891,
80,64,True,0.437136,-0.723,none,,,False,,80,0,0.0609,-0.5675,
80,31,True,0.361115,-1.1368,none,,,False,,80,0,0.3351,-1.3519,
80,45,True,0.387889,-0.991,none,,,False,,80,0,0.3265,-1.2956,
80,99,True,0.357089,-1.1587,none,,,False,,80,0,0.3224,-1.1708,
80,20,True,0.619515,0.2696,none,,,False,,80,0,0.303,-0.5912,
80,83,True,0.361043,-1.1372,none,,,False,,80,0,0.2796,-1.2362,
80,91,True,0.100155,-2.557,none,,,False,,80,0,0.2796,-2.3043,
80,98,True,0.530165,-0.2167,none,,,False,,80,0,0.2796,-0.5942,
80,8,True,0.325065,-1.333,none,,,False,,80,0,0.2785,-1.7001,
80,73,True,0.2414,-1.7883,none,,,False,,80,0,0.2785,-1.7862,
80,78,True,0.221616,-1.896,none,,,False,,80,0,0.2769,-1.1944,
80,24,True,0.356645,-1.1611,none,,,False,,80,0,0.2763,-1.0718,
80,72,True,0.399903,-0.9257,none,,,False,,80,0,0.2763,-1.3311,
80,4,True,0.298032,-1.4801,none,,,False,,80,0,0.2753,-0.8172,
81,90,True,0.78831,1.2494,cusum,,,True,positive,81,0,0.2538,2.8164,
81,36,True,0.989152,2.2846,cusum,,,True,positive,81,0,0.2477,2.7506,
81,39,True,0.882229,1.7334,cusum,,,True,positive,81,0,0.2495,2.7023,
81,58,True,0.845151,1.5423,none,,,False,,81,0,0.2471,2.5972,
81,13,True,0.723902,0.9174,none,,,False,,81,0,0.2453,2.2215,
81,53,True,0.739,0.9952,cusum,,,True,positive,81,0,0.3038,2.1499,
81,5,True,0.861666,1.6275,cusum,,,True,positive,81,0,0.2453,2.0856,
81,16,True,0.83025,1.4655,none,,,False,,81,0,0.2459,2.029,
81,2,True,0.737129,0.9856,none,,,False,,81,0,0.2488,1.995,
81,28,True,0.777733,1.1949,none,,,False,,81,0,0.2471,1.9771,
81,11,True,0.551803,0.0304,cusum,,,True,positive,81,0,0.2468,1.837,
81,74,True,0.670076,0.64,none,,,False,,81,0,0.2474,1.6223,
81,79,True,0.529256,-0.0858,none,,,False,,81,0,0.2495,1.5843,
81,6,True,0.728821,0.9428,none,,,False,,81,0,0.3002,1.3751,
81,17,True,0.71521,0.8726,none,,,False,,81,0,0.0477,0.4848,
81,19,True,0.581682,0.1844,none,,,False,,81,0,0.2462,0.4566,
81,96,True,0.550154,0.0219,none,,,False,,81,0,0.0484,0.3968,
81,32,True,0.694125,0.7639,none,,,False,,81,0,0.0495,0.3956,
81,25,True,0.572425,0.1367,none,,,False,,81,0,0.0456,0.2547,
81,41,True,0.636987,0.4694,none,,,False,,81,0,0.0471,0.199,
81,47,True,0.461961,-0.4327,none,,,False,,81,0,0.0474,0.1279,
81,92,True,0.694044,0.7635,none,,,False,,81,0,0.0447,0.1251,
81,51,True,0.523117,-0.1175,none,,,False,,81,0,0.0453,0.121,
81,60,True,0.541669,-0.0219,none,,,False,,81,0,0.0468,0.0798,
81,30,True,0.536132,-0.0504,none,,,False,,81,0,0.0462,0.045,
81,95,True,0.518789,-0.1398,none,,,False,,81,0,0.119,0.0263,
81,97,True,0.557682,0.0607,none,,,False,,81,0,0.0559,-0.0069,
81,88,True,0.58382,0.1954,none,,,False,,81,0,0.0462,-0.0457,
81,48,True,0.539155,-0.0348,none,,,False,,81,0,0.045,-0.0723,
81,20,True,0.602676,0.2926,none,,,False,,81,0,0.3002,-0.1326,
81,52,True,0.607974,0.3199,none,,,False,,81,0,0.2468,-0.1797,
81,82,True,0.44632,-0.5133,none,,,False,,81,0,0.0453,-0.2153,
81,89,True,0.562758,0.0868,none,,,False,,81,0,0.0697,-0.2512,
81,57,True,0.491499,-0.2805,none,,,False,,81,0,0.0468,-0.3442,
81,98,True,0.45644,-0.4612,none,,,False,,81,0,0.273,-0.4216,
81,3,True,0.415404,-0.6727,none,,,False,,81,0,0.2495,-0.4533,
81,50,True,0.240082,-1.5763,none,,,False,,81,0,0.0484,-0.5228,
81,78,True,0.299393,-1.2706,cusum,,,True,negative,81,0,0.3497,-1.8187,
81,4,True,0.366218,-0.9262,cusum,,,True,negative,81,0,0.3357,-1.6356,
81,31,True,0.405281,-0.7248,none,,,False,,81,0,0.3313,-1.4126,
81,45,True,0.430653,-0.5941,none,,,False,,81,0,0.323,-1.3394,
81,99,True,0.429961,-0.5976,none,,,False,,81,0,0.319,-1.3181,
81,84,True,0.323852,-1.1445,none,,,False,,81,0,0.2806,-0.9721,
81,27,True,0.470091,-0.3908,none,,,False,,81,0,0.2795,-1.069,
81,29,True,0.290998,-1.3139,none,,,False,,81,0,0.2784,-2.172,
81,26,True,0.414695,-0.6763,none,,,False,,81,0,0.2773,-1.5051,
81,65,True,0.228351,-1.6368,none,,,False,,81,0,0.2773,-1.8803,
81,66,True,0.258811,-1.4798,none,,,False,,81,0,0.2773,-1.4327,
81,67,True,0.219082,-1.6845,none,,,False,,81,0,0.2773,-2.2065,
81,8,True,0.294758,-1.2945,none,,,False,,81,0,0.2762,-1.7275,
82,36,True,1.055977,2.5009,none,,,False,,82,0,0.2474,2.9652,
82,39,True,0.955873,2.0206,none,,,False,,82,0,0.2491,2.7438,
82,58,True,0.948889,1.9871,cusum,,,True,positive,82,0,0.2467,2.6769,
82,90,True,0.92482,1.8716,none,,,False,,82,0,0.2533,2.5942,
82,5,True,0.808068,1.3114,none,,,False,,82,0,0.245,2.3939,
82,28,True,0.894781,1.7275,none,,,False,,82,0,0.2467,2.1463,
82,13,True,0.800357,1.2744,none,,,False,,82,0,0.245,2.1349,
82,16,True,0.729748,0.9356,none,,,False,,82,0,0.2455,2.0921,
82,2,True,0.677745,0.6861,cusum,,,True,positive,82,0,0.2484,2.071,
82,53,True,0.791994,1.2343,none,,,False,,82,0,0.301,2.0032,
82,11,True,0.714906,0.8644,none,,,False,,82,0,0.2464,1.6602,
82,74,True,0.499783,-0.1678,none,,,False,,82,0,0.247,1.6362,
82,6,True,0.669751,0.6478,none,,,False,,82,0,0.2974,1.5152,
82,79,True,0.632932,0.4711,none,,,False,,82,0,0.2491,1.3101,
82,17,True,0.534502,-0.0012,none,,,False,,82,0,0.0474,0.6075,
82,19,True,0.534995,0.0012,none,,,False,,82,0,0.2458,0.5448,
82,32,True,0.617461,0.3969,none,,,False,,82,0,0.0491,0.535,
82,96,True,0.514904,-0.0952,none,,,False,,82,0,0.048,0.3764,
82,92,True,0.693451,0.7615,none,,,False,,82,0,0.0444,0.3315,
82,41,True,0.511477,-0.1117,none,,,False,,82,0,0.0467,0.3055,
82,25,True,0.722057,0.8987,none,,,False,,82,0,0.0452,0.2373,
82,51,True,0.592984,0.2794,none,,,False,,82,0,0.045,0.2031,
82,89,True,0.527331,-0.0356,none,,,False,,82,0,0.0676,0.1032,
82,48,True,0.566895,0.1542,none,,,False,,82,0,0.0447,0.0698,
82,88,True,0.592665,0.2779,none,,,False,,82,0,0.0458,0.0685,
82,97,True,0.569121,0.1649,none,,,False,,82,0,0.0553,0.0595,
82,95,True,0.545345,0.0508,none,,,False,,82,0,0.1157,0.0321,
82,60,True,0.475847,-0.2826,none,,,False,,82,0,0.0464,0.0291,
82,20,True,0.451639,-0.3988,none,,,False,,82,0,0.2974,0.0158,
82,52,True,0.672897,0.6629,none,,,False,,82,0,0.0464,-0.1192,
82,30,True,0.545099,0.0497,none,,,False,,82,0,0.0458,-0.132,
82,47,True,0.620866,0.4132,none,,,False,,82,0,0.047,-0.219,
82,57,True,0.429732,-0.5039,none,,,False,,82,0,0.0464,-0.2823,
82,98,True,0.494957,-0.1909,none,,,False,,82,0,0.2708,-0.3497,
82,82,True,0.533705,-0.005,none,,,False,,82,0,0.045,-0.4307,
82,76,True,0.385538,-0.7159,none,,,False,,82,0,0.2783,-0.5276,
82,3,True,0.49664,-0.1829,none,,,False,,82,0,0.2491,-0.5374,
82,78,True,0.196742,-1.6218,none,,,False,,82,0,0.3453,-1.7926,
82,4,True,0.356228,-0.8566,none,,,False,,82,0,0.3319,-1.6066,
82,31,True,0.118132,-1.999,cusum,,,True,negative,82,0,0.3277,-1.2604,
82,45,True,0.361091,-0.8332,none,,,False,,82,0,0.3196,-1.2022,
82,99,True,0.473447,-0.2941,none,,,False,,82,0,0.3157,-1.1066,
82,73,True,0.273942,-1.2514,none,,,False,,82,0,0.2815,-1.9283,
82,9,True,0.356667,-0.8545,none,,,False,,82,0,0.2793,-1.13,
82,10,True,0.317302,-1.0433,none,,,False,,82,0,0.2793,-0.5941,
82,70,True,0.204412,-1.585,none,,,False,,82,0,0.2793,-1.6592,
82,83,True,0.368588,-0.7973,none,,,False,,82,0,0.2783,-1.7053,
82,91,True,0.219905,-1.5107,none,,,False,,82,0,0.2783,-2.4682,
82,23,True,0.266902,-1.2852,none,,,False,,82,0,0.2782,-1.258,
82,21,True,0.413188,-0.5833,none,,,False,,82,0,0.2772,-0.9888,
83,36,True,1.004311,2.3548,cusum,,,True,positive,83,0,0.247,3.356,
83,58,True,0.767684,1.1346,none,,,False,,83,0,0.2464,3.0899,
83,39,True,0.894093,1.7864,cusum,,,True,positive,83,0,0.2487,3.0723,
83,90,True,0.84927,1.5553,cusum,,,True,positive,83,0,0.2528,2.815,
83,28,True,0.86749,1.6492,cusum,,,True,positive,83,0,0.2464,2.5117,
83,5,True,0.678579,0.6751,none,,,False,,83,0,0.2446,2.4188,
83,53,True,0.744851,1.0169,none,,,False,,83,0,0.2982,2.3434,
83,13,True,0.716088,0.8686,cusum,,,True,positive,83,0,0.2446,2.224,
83,16,True,0.676377,0.6638,cusum,,,True,positive,83,0,0.2452,2.1949,
83,2,True,0.711965,0.8473,none,,,False,,83,0,0.248,1.9725,
83,11,True,0.531365,-0.084,none,,,False,,83,0,0.246,1.7482,
83,74,True,0.678326,0.6738,none,,,False,,83,0,0.2467,1.3534,
83,79,True,0.681398,0.6897,none,,,False,,83,0,0.2487,1.3038,
83,25,True,0.546849,-0.0041,none,,,False,,83,0,0.0449,0.7287,
83,6,True,0.624924,0.3985,none,,,False,,83,0,0.2948,0.6696,
83,32,True,0.5778,0.1555,none,,,False,,83,0,0.0487,0.6524,
83,17,True,0.539102,-0.0441,none,,,False,,83,0,0.047,0.4617,
83,92,True,0.717562,0.8762,none,,,False,,83,0,0.0441,0.4083,
83,52,True,0.463799,-0.4324,none,,,False,,83,0,0.046,0.3582,
83,19,True,0.725508,0.9171,none,,,False,,83,0,0.2455,0.3074,
83,51,True,0.616537,0.3552,none,,,False,,83,0,0.0446,0.2758,
83,41,True,0.551786,0.0213,none,,,False,,83,0,0.0464,0.239,
83,47,True,0.579928,0.1665,none,,,False,,83,0,0.0467,0.1886,
83,97,True,0.588802,0.2122,none,,,False,,83,0,0.0547,0.1482,
83,20,True,0.584371,0.1894,none,,,False,,83,0,0.2948,0.1443,
83,89,True,0.548446,0.0041,none,,,False,,83,0,0.0656,0.1331,
83,48,True,0.497551,-0.2583,none,,,False,,83,0,0.0444,0.1185,
83,88,True,0.403,-0.7459,none,,,False,,83,0,0.0455,0.1052,
83,95,True,0.526692,-0.1081,none,,,False,,83,0,0.1126,0.0494,
83,96,True,0.705158,0.8122,none,,,False,,83,0,0.0476,0.0368,
83,60,True,0.454675,-0.4794,none,,,False,,83,0,0.046,-0.09,
83,30,True,0.568124,0.1056,none,,,False,,83,0,0.0455,-0.1274,
83,98,True,0.444997,-0.5293,none,,,False,,83,0,0.2687,-0.2095,
83,82,True,0.633603,0.4432,none,,,False,,83,0,0.0446,-0.2496,
83,57,True,0.485635,-0.3198,none,,,False,,83,0,0.046,-0.4103,
83,3,True,0.314648,-1.2014,none,,,False,,83,0,0.2487,-0.4142,
83,27,True,0.444955,-0.5295,none,,,False,,83,0,0.2698,-0.4972,
83,23,True,0.157234,-2.0131,cusum,,,True,negative,83,0,0.3457,-1.8067,
83,78,True,0.281304,-1.3734,none,,,False,,83,0,0.3411,-1.9814,
83,21,True,0.367287,-0.93,cusum,,,True,negative,83,0,0.3367,-1.3649,
83,4,True,0.490663,-0.2938,none,,,False,,83,0,0.3282,-1.481,
83,31,True,0.340799,-1.0666,none,,,False,,83,0,0.3242,-1.6826,
83,45,True,0.445943,-0.5244,cusum,,,True,negative,83,0,0.3164,-1.2061,
83,99,True,0.316425,-1.1923,none,,,False,,83,0,0.3126,-1.0854,
83,37,True,0.355357,-0.9915,none,,,False,,83,0,0.2803,-0.6713,
83,24,True,0.296393,-1.2956,none,,,False,,83,0,0.2803,-1.023,
83,72,True,0.3702,-0.915,none,,,False,,83,0,0.2803,-1.4361,
83,35,True,0.542453,-0.0268,none,,,False,,83,0,0.2801,-0.7072,
83,8,True,0.287979,-1.339,none,,,False,,83,0,0.2792,-1.7077,
83,84,True,0.340371,-1.0688,none,,,False,,83,0,0.2792,-1.5102,
84,36,True,0.994763,2.0749,none,,,False,,84,0,0.2466,3.4407,
84,39,True,0.884934,1.5119,none,,,False,,84,0,0.2483,2.9098,
84,90,True,0.886338,1.5191,none,,,False,,84,0,0.2522,2.6274,
84,58,True,0.800853,1.0809,cusum,,,True,positive,84,0,0.246,2.6144,
84,28,True,0.88315,1.5028,none,,,False,,84,0,0.246,2.5836,
84,5,True,0.737041,0.7538,cusum,,,True,positive,84,0,0.2443,2.262,
84,53,True,0.719555,0.6642,none,,,False,,84,0,0.2956,2.1719,
84,16,True,0.195763,-2.0209,none,,,False,,84,0,0.2449,2.0798,
84,13,True,0.899109,1.5846,none,,,False,,84,0,0.2443,2.0775,
84,2,True,0.670608,0.4132,none,,,False,,84,0,0.2476,1.9017,
84,74,True,0.592213,0.0114,none,,,False,,84,0,0.2463,1.4422,
84,11,True,0.65467,0.3315,none,,,False,,84,0,0.2457,1.3296,
84,92,True,0.631321,0.2118,none,,,False,,84,0,0.0438,0.857,
84,6,True,0.708489,0.6074,none,,,False,,84,0,0.2922,0.7514,
84,32,True,0.708536,0.6077,none,,,False,,84,0,0.0483,0.5018,
84,19,True,0.70215,0.5749,none,,,False,,84,0,0.2451,0.4261,
84,79,True,0.582596,-0.0379,none,,,False,,84,0,0.2483,0.4213,
84,25,True,0.647367,0.2941,none,,,False,,84,0,0.0446,0.4015,
84,17,True,0.64995,0.3073,none,,,False,,84,0,0.0466,0.3364,
84,96,True,0.708751,0.6088,none,,,False,,84,0,0.0472,0.3078,
84,52,True,0.637038,0.2412,none,,,False,,84,0,0.0457,0.2428,
84,51,True,0.615689,0.1317,none,,,False,,84,0,0.0443,0.2297,
84,97,True,0.591745,0.009,none,,,False,,84,0,0.0542,0.2174,
84,41,True,0.653614,0.3261,none,,,False,,84,0,0.046,0.1861,
84,20,True,0.646328,0.2888,none,,,False,,84,0,0.2922,0.1161,
84,47,True,0.627675,0.1932,none,,,False,,84,0,0.0463,0.1092,
84,89,True,0.511805,-0.4008,none,,,False,,84,0,0.0636,0.0965,
84,30,True,0.481302,-0.5572,none,,,False,,84,0,0.0451,0.0935,
84,82,True,0.588244,-0.009,none,,,False,,84,0,0.0443,0.0323,
84,95,True,0.52558,-0.3302,none,,,False,,84,0,0.1096,0.0306,
84,48,True,0.496798,-0.4777,none,,,False,,84,0,0.0441,0.0107,
84,88,True,0.645476,0.2844,none,,,False,,84,0,0.0451,-0.0323,
84,60,True,0.389684,-1.0268,none,,,False,,84,0,0.0457,-0.202,
84,57,True,0.410777,-0.9187,none,,,False,,84,0,0.0457,-0.3087,
84,98,True,0.455555,-0.6892,none,,,False,,84,0,0.2666,-0.3147,
84,27,True,0.376994,-1.0919,none,,,False,,84,0,0.2636,-0.4245,
84,35,True,0.456402,-0.6848,none,,,False,,84,0,0.1329,-0.4377,
84,23,True,0.246067,-1.763,none,,,False,,84,0,0.3416,-1.8497,
84,78,True,0.273073,-1.6246,cusum,,,True,negative,84,0,0.3372,-1.8101,
84,21,True,0.357868,-1.1899,none,,,False,,84,0,0.3329,-1.3612,
84,4,True,0.399904,-0.9744,none,,,False,,84,0,0.3248,-1.0879,
84,31,True,0.303945,-1.4663,none,,,False,,84,0,0.3208,-1.6614,
84,45,True,0.272993,-1.625,none,,,False,,84,0,0.3133,-1.0525,
84,99,True,0.397586,-0.9863,none,,,False,,84,0,0.3096,-0.5985,
84,46,True,0.465962,-0.6358,none,,,False,,84,0,0.2816,-0.625,
84,26,True,0.170529,-2.1503,none,,,False,,84,0,0.2812,-0.8442,
84,65,True,0.229909,-1.8459,none,,,False,,84,0,0.2812,-1.927,
84,66,True,0.28503,-1.5633,none,,,False,,84,0,0.2812,-1.8576,
84,67,True,0.343261,-1.2648,none,,,False,,84,0,0.2812,-1.6111,
84,73,True,0.322691,-1.3703,none,,,False,,84,0,0.2802,-1.7655,
85,36,True,0.975814,1.9711,cusum,,,True,positive,85,0,0.2463,3.3704,
85,39,True,0.910192,1.6667,cusum,,,True,positive,85,0,0.2479,2.8355,
85,90,True,0.876163,1.5088,none,,,False,,85,0,0.2517,2.7167,
85,28,True,0.919936,1.7119,cusum,,,True,positive,85,0,0.2457,2.6858,
85,58,True,0.725364,0.8091,none,,,False,,85,0,0.2457,2.4602,
85,13,True,0.818452,1.241,none,,,False,,85,0,0.244,2.2995,
85,53,True,0.726352,0.8137,cusum,,,True,positive,85,0,0.293,2.0602,
85,5,True,0.879634,1.5249,none,,,False,,85,0,0.244,1.9704,
85,2,True,0.656857,0.4912,none,,,False,,85,0,0.2472,1.7104,
85,11,True,0.72914,0.8266,none,,,False,,85,0,0.2454,1.4296,
85,16,True,0.828552,1.2879,none,,,False,,85,0,0.2445,0.9172,
85,92,True,0.640455,0.4151,none,,,False,,85,0,0.0435,0.6727,
85,6,True,0.674483,0.573,none,,,False,,85,0,0.2898,0.6383,
85,19,True,0.467593,-0.3869,none,,,False,,85,0,0.2448,0.5559,
85,96,True,0.588358,0.1734,none,,,False,,85,0,0.0469,0.503,
85,25,True,0.61369,0.2909,none,,,False,,85,0,0.0443,0.4536,
85,32,True,0.707869,0.7279,none,,,False,,85,0,0.0479,0.4492,
85,79,True,0.698743,0.6856,none,,,False,,85,0,0.2479,0.4368,
85,47,True,0.434893,-0.5386,none,,,False,,85,0,0.046,0.3174,
85,51,True,0.618719,0.3143,none,,,False,,85,0,0.044,0.3124,
85,74,True,0.646629,0.4438,none,,,False,,85,0,0.246,0.2322,
85,52,True,0.693967,0.6634,none,,,False,,85,0,0.0454,0.2161,
85,82,True,0.627674,0.3558,none,,,False,,85,0,0.044,0.2001,
85,97,True,0.564122,0.061,none,,,False,,85,0,0.0536,0.1994,
85,17,True,0.543057,-0.0368,none,,,False,,85,0,0.0463,0.1476,
85,41,True,0.565031,0.0652,none,,,False,,85,0,0.0457,0.1379,
85,20,True,0.538706,-0.057,none,,,False,,85,0,0.2898,0.1135,
85,88,True,0.369513,-0.842,none,,,False,,85,0,0.0448,-0.0031,
85,95,True,0.514466,-0.1694,none,,,False,,85,0,0.1067,-0.0346,
85,89,True,0.558914,0.0368,none,,,False,,85,0,0.0617,-0.0669,
85,30,True,0.44775,-0.479,none,,,False,,85,0,0.0448,-0.0759,
85,48,True,0.530798,-0.0937,none,,,False,,85,0,0.0437,-0.1373,
85,98,True,0.426431,-0.5779,none,,,False,,85,0,0.0647,-0.3917,
85,35,True,0.47734,-0.3417,none,,,False,,85,0,0.1293,-0.408,
85,60,True,0.586664,0.1655,none,,,False,,85,0,0.0454,-0.5374,
85,37,True,0.228292,-1.4972,none,,,False,,85,0,0.1418,-0.5754,
85,76,True,0.454484,-0.4478,none,,,False,,85,0,0.0821,-0.58,
85,23,True,0.111524,-2.039,cusum,,,True,negative,85,0,0.3377,-2.0753,
85,78,True,0.304298,-1.1446,none,,,False,,85,0,0.3334,-1.9308,
85,21,True,0.321516,-1.0647,none,,,False,,85,0,0.3293,-1.2945,
85,4,True,0.485061,-0.3059,none,,,False,,85,0,0.3214,-1.1062,
85,31,True,0.366687,-0.8551,cusum,,,True,negative,85,0,0.3176,-1.9106,
85,45,True,0.33958,-0.9809,none,,,False,,85,0,0.3103,-1.398,
85,99,True,0.458267,-0.4302,cusum,,,True,negative,85,0,0.3067,-1.2298,
85,29,True,0.232151,-1.4793,none,,,False,,85,0,0.2831,-1.5043,
85,83,True,0.364681,-0.8644,none,,,False,,85,0,0.2821,-1.4657,
85,91,True,0.188837,-1.6803,none,,,False,,85,0,0.2821,-2.3975,
85,71,True,0.322558,-1.0599,none,,,False,,85,0,0.279,-0.8287,
85,9,True,0.40099,-0.696,none,,,False,,85,0,0.279,-0.8588,
85,70,True,0.174868,-1.7451,none,,,False,,85,0,0.279,-1.9389,
86,36,True,1.044659,2.4188,none,,,False,,86,0,0.2459,3.1934,
86,39,True,0.947057,1.9349,none,,,False,,86,0,0.2475,2.717,
86,28,True,0.846147,1.4346,none,,,False,,86,0,0.2453,2.6802,
86,90,True,0.832517,1.3671,cusum,,,True,positive,86,0,0.2513,2.5952,
86,13,True,0.881801,1.6114,cusum,,,True,positive,86,0,0.2437,2.288,
86,58,True,0.88825,1.6434,none,,,False,,86,0,0.2453,2.0671,
86,5,True,0.823873,1.3242,none,,,False,,86,0,0.2437,2.0412,
86,53,True,0.767693,1.0457,none,,,False,,86,0,0.2906,1.9186,
86,2,True,0.675867,0.5904,none,,,False,,86,0,0.2468,1.645,
86,32,True,0.737775,0.8974,cusum,,,True,positive,86,0,0.2475,1.559,
86,16,True,0.687152,0.6464,none,,,False,,86,0,0.2442,1.0343,
86,6,True,0.682956,0.6256,none,,,False,,86,0,0.2874,0.6121,
86,96,True,0.510611,-0.2289,none,,,False,,86,0,0.0465,0.5921,
86,92,True,0.65962,0.5099,none,,,False,,86,0,0.0432,0.5569,
86,79,True,0.61633,0.2953,none,,,False,,86,0,0.2475,0.5078,
86,74,True,0.613285,0.2802,none,,,False,,86,0,0.2456,0.4357,
86,19,True,0.715125,0.7851,none,,,False,,86,0,0.0445,0.4261,
86,11,True,0.670746,0.565,none,,,False,,86,0,0.245,0.4166,
86,51,True,0.632259,0.3742,none,,,False,,86,0,0.0437,0.3237,
86,82,True,0.558659,0.0093,none,,,False,,86,0,0.0437,0.32,
86,25,True,0.683376,0.6277,none,,,False,,86,0,0.044,0.2506,
86,20,True,0.63357,0.3807,none,,,False,,86,0,0.0874,0.2261,
86,52,True,0.446662,-0.5459,none,,,False,,86,0,0.045,0.2159,
86,41,True,0.669606,0.5594,none,,,False,,86,0,0.0453,0.1965,
86,97,True,0.601752,0.223,none,,,False,,86,0,0.0531,0.1641,
86,17,True,0.649097,0.4577,none,,,False,,86,0,0.0459,0.1353,
86,47,True,0.519527,-0.1847,none,,,False,,86,0,0.0456,-0.0003,
86,89,True,0.481304,-0.3742,none,,,False,,86,0,0.0598,-0.0437,
86,95,True,0.527378,-0.1457,none,,,False,,86,0,0.1039,-0.1097,
86,48,True,0.478653,-0.3873,none,,,False,,86,0,0.0434,-0.2203,
86,35,True,0.346304,-1.0435,none,,,False,,86,0,0.1259,-0.2468,
86,30,True,0.55489,-0.0093,none,,,False,,86,0,0.0445,-0.2525,
86,88,True,0.65164,0.4703,none,,,False,,86,0,0.0445,-0.3767,
86,60,True,0.442498,-0.5666,none,,,False,,86,0,0.045,-0.3884,
86,4,True,0.494329,-0.3096,none,,,False,,86,0,0.3183,-0.4247,
86,98,True,0.406116,-0.7469,none,,,False,,86,0,0.0627,-0.5216,
86,76,True,0.379375,-0.8795,none,,,False,,86,0,0.0717,-0.5585,
86,27,True,0.415057,-0.7026,none,,,False,,86,0,0.2668,-0.5936,
86,71,True,0.364268,-0.9544,cusum,,,True,negative,86,0,0.347,-1.1462,
86,23,True,0.241528,-1.5629,none,,,False,,86,0,0.3339,-2.3293,
86,37,True,0.342067,-1.0645,cusum,,,True,negative,86,0,0.3339,-1.4394,
86,78,True,0.321904,-1.1644,none,,,False,,86,0,0.3299,-1.7743,
86,21,True,0.335185,-1.0986,none,,,False,,86,0,0.3259,-1.4573,
86,31,True,0.335852,-1.0953,none,,,False,,86,0,0.3146,-1.5313,
86,45,True,0.448305,-0.5378,none,,,False,,86,0,0.3074,-1.449,
86,99,True,0.411729,-0.7191,none,,,False,,86,0,0.3039,-1.2768,
86,8,True,0.257183,-1.4853,none,,,False,,86,0,0.2829,-1.741,
86,84,True,0.237588,-1.5824,none,,,False,,86,0,0.2829,-1.4152,
86,86,True,0.306346,-1.2416,none,,,False,,86,0,0.2813,-0.7343,
86,22,True,0.223948,-1.6501,none,,,False,,86,0,0.2809,-0.6743,
87,36,True,0.988317,2.1878,cusum,,,True,positive,87,0,0.2456,3.2143,
87,39,True,0.991987,2.2064,cusum,,,True,positive,87,0,0.2471,2.7661,
87,28,True,0.783486,1.1482,cusum,,,True,positive,87,0,0.245,2.6083,
87,13,True,0.831361,1.3912,none,,,False,,87,0,0.2434,2.5353,
87,90,True,0.890176,1.6897,none,,,False,,87,0,0.2508,2.5318,
87,5,True,0.808176,1.2735,cusum,,,True,positive,87,0,0.2434,2.2572,
87,58,True,0.004039,-2.8078,cusum,,,True,positive,87,0,0.245,2.2363,
87,53,True,0.74983,0.9774,none,,,False,,87,0,0.2882,1.9269,
87,32,True,0.67224,0.5836,none,,,False,,87,0,0.2471,1.8059,
87,16,True,0.807301,1.269,none,,,False,,87,0,0.2439,1.0281,
87,6,True,0.644703,0.4438,none,,,False,,87,0,0.285,0.6865,
87,11,True,0.628315,0.3606,none,,,False,,87,0,0.2447,0.6325,
87,2,True,0.665197,0.5478,none,,,False,,87,0,0.2465,0.5589,
87,25,True,0.691305,0.6803,none,,,False,,87,0,0.0437,0.4608,
87,92,True,0.649868,0.47,none,,,False,,87,0,0.0429,0.4345,
87,19,True,0.689966,0.6735,none,,,False,,87,0,0.0442,0.3817,
87,79,True,0.6342,0.3905,none,,,False,,87,0,0.2471,0.3758,
87,41,True,0.65241,0.4829,none,,,False,,87,0,0.045,0.3754,
87,51,True,0.444648,-0.5715,none,,,False,,87,0,0.0434,0.3297,
87,74,True,0.548666,-0.0436,none,,,False,,87,0,0.2453,0.304,
87,17,True,0.579046,0.1106,none,,,False,,87,0,0.0456,0.3021,
87,20,True,0.561888,0.0235,none,,,False,,87,0,0.085,0.2887,
87,96,True,0.620668,0.3218,none,,,False,,87,0,0.0462,0.2446,
87,52,True,0.625928,0.3485,none,,,False,,87,0,0.0447,0.1777,
87,82,True,0.589834,0.1653,none,,,False,,87,0,0.0434,0.175,
87,97,True,0.586623,0.149,none,,,False,,87,0,0.0526,0.167,
87,88,True,0.619251,0.3146,none,,,False,,87,0,0.0442,0.0283,
87,47,True,0.504134,-0.2696,none,,,False,,87,0,0.0453,-0.1178,
87,95,True,0.563316,0.0307,none,,,False,,87,0,0.1013,-0.1238,
87,89,True,0.552634,-0.0235,none,,,False,,87,0,0.0579,-0.1707,
87,48,True,0.523097,-0.1734,none,,,False,,87,0,0.0432,-0.2637,
87,30,True,0.481657,-0.3837,none,,,False,,87,0,0.0442,-0.2912,
87,60,True,0.4191,-0.7012,none,,,False,,87,0,0.0447,-0.4178,
87,4,True,0.055626,-2.546,none,,,False,,87,0,0.3152,-0.4319,
87,98,True,0.425941,-0.6665,none,,,False,,87,0,0.0608,-0.5951,
87,76,True,0.424175,-0.6755,none,,,False,,87,0,0.0697,-0.602,
87,46,True,0.482135,-0.3813,none,,,False,,87,0,0.0558,-0.6215,
87,86,True,0.36305,-0.9857,cusum,,,True,negative,87,0,0.3622,-1.3441,
87,71,True,0.255276,-1.5327,none,,,False,,87,0,0.3429,-1.285,
87,23,True,0.191448,-1.8566,cusum,,,True,negative,87,0,0.3304,-2.1817,
87,37,True,0.408954,-0.7527,none,,,False,,87,0,0.3304,-1.5778,
87,78,True,0.273117,-1.4421,cusum,,,True,negative,87,0,0.3264,-1.707,
87,21,True,0.308243,-1.2639,cusum,,,True,negative,87,0,0.3226,-1.5157,
87,35,True,0.376969,-0.915,cusum,,,True,negative,87,0,0.3226,-1.0879,
87,31,True,0.384926,-0.8747,none,,,False,,87,0,0.3116,-1.5427,
87,45,True,0.370993,-0.9454,none,,,False,,87,0,0.3046,-1.455,
87,99,True,0.274222,-1.4365,none,,,False,,87,0,0.3013,-1.1206,
87,24,True,0.226644,-1.678,none,,,False,,87,0,0.2848,-1.6783,
87,72,True,0.500941,-0.2858,none,,,False,,87,0,0.2848,-1.0298,
87,73,True,0.265601,-1.4803,none,,,False,,87,0,0.2838,-1.8889,
88,36,True,1.040474,3.0,none,,,False,,88,0,0.2452,3.2515,
88,39,True,0.886331,2.0837,none,,,False,,88,0,0.2467,2.9971,
88,90,True,0.906945,2.2085,none,,,False,,88,0,0.2503,2.5881,
88,28,True,0.867703,1.971,none,,,False,,88,0,0.2447,2.4897,
88,13,True,0.800739,1.5656,none,,,False,,88,0,0.2431,2.4704,
88,5,True,0.91758,2.2729,none,,,False,,88,0,0.2431,2.4301,
88,53,True,0.739335,1.1939,none,,,False,,88,0,0.2859,2.0301,
88,32,True,0.715017,1.0467,none,,,False,,88,0,0.2467,1.7974,
88,16,True,0.560348,0.1104,none,,,False,,88,0,0.2436,1.1244,
88,58,True,0.630591,0.5356,none,,,False,,88,0,0.2447,0.9397,
88,11,True,0.656278,0.6911,none,,,False,,88,0,0.2444,0.6418,
88,6,True,0.699552,0.9531,none,,,False,,88,0,0.0828,0.6308,
88,2,True,0.567444,0.1534,none,,,False,,88,0,0.2461,0.6034,
88,25,True,0.491228,-0.308,none,,,False,,88,0,0.0434,0.5892,
88,92,True,0.512098,-0.1817,none,,,False,,88,0,0.0426,0.5202,
88,79,True,0.523869,-0.1104,none,,,False,,88,0,0.2467,0.5182,
88,41,True,0.690541,0.8985,none,,,False,,88,0,0.0447,0.4273,
88,19,True,0.646258,0.6305,none,,,False,,88,0,0.0439,0.4142,
88,74,True,0.633286,0.5519,none,,,False,,88,0,0.2449,0.2853,
88,17,True,0.515378,-0.1618,none,,,False,,88,0,0.0452,0.2361,
88,82,True,0.595053,0.3205,none,,,False,,88,0,0.0431,0.2327,
88,52,True,0.634414,0.5588,none,,,False,,88,0,0.0444,0.2131,
88,97,True,0.582394,0.2439,none,,,False,,88,0,0.0521,0.213,
88,20,True,0.711741,1.0269,none,,,False,,88,0,0.0828,0.1991,
88,96,True,0.395457,-0.8878,none,,,False,,88,0,0.0458,0.1485,
88,51,True,0.683698,0.8571,none,,,False,,88,0,0.0431,0.0949,
88,88,True,0.626035,0.5081,none,,,False,,88,0,0.0439,0.038,
88,95,True,0.582046,0.2418,none,,,False,,88,0,0.0987,-0.005,
88,89,True,0.582949,0.2472,none,,,False,,88,0,0.0562,-0.0458,
88,48,True,0.499634,-0.2571,none,,,False,,88,0,0.0429,-0.1626,
88,30,True,0.596297,0.328,none,,,False,,88,0,0.0439,-0.2337,
88,47,True,0.396178,-0.8834,none,,,False,,88,0,0.0449,-0.2725,
88,60,True,0.511341,-0.1863,none,,,False,,88,0,0.0444,-0.3097,
88,46,True,0.460536,-0.4938,none,,,False,,88,0,0.0474,-0.497,
88,98,True,0.511394,-0.1859,none,,,False,,88,0,0.059,-0.5884,
88,3,True,0.45375,-0.5349,none,,,False,,88,0,0.064,-0.6227,
88,64,True,0.403061,-0.8417,none,,,False,,88,0,0.0834,-0.6236,
88,86,True,0.308519,-1.414,none,,,False,,88,0,0.3574,-1.3139,
88,71,True,0.402525,-0.845,none,,,False,,88,0,0.3391,-1.5705,
88,23,True,0.246833,-1.7874,none,,,False,,88,0,0.327,-2.2153,
88,37,True,0.345679,-1.1891,none,,,False,,88,0,0.327,-1.5005,
88,78,True,0.310937,-1.3994,none,,,False,,88,0,0.3231,-1.6483,
88,21,True,0.366176,-1.065,none,,,False,,88,0,0.3194,-1.5424,
88,35,True,0.44682,-0.5768,none,,,False,,88,0,0.3194,-1.1667,
88,4,True,0.304733,-1.437,cusum,,,True,negative,88,0,0.3122,-1.4576,
88,31,True,0.433435,-0.6579,none,,,False,,88,0,0.3088,-1.3472,
88,45,True,0.445729,-0.5834,cusum,,,True,negative,88,0,0.302,-1.2301,
88,99,True,0.474836,-0.4072,none,,,False,,88,0,0.2987,-1.2721,
88,26,True,0.302728,-1.4491,none,,,False,,88,0,0.2856,-1.6985,
88,65,True,0.130826,-2.4897,none,,,False,,88,0,0.2856,-1.7011,
89,36,True,1.016879,2.1389,cusum,,,True,positive,89,0,0.2449,3.594,
89,39,True,0.913631,1.6216,cusum,,,True,positive,89,0,0.2464,3.1357,
89,90,True,0.893537,1.5209,cusum,,,True,positive,89,0,0.2499,2.8207,
89,5,True,0.856529,1.3354,cusum,,,True,positive,89,0,0.2428,2.6791,
89,13,True,0.748517,0.7942,cusum,,,True,positive,89,0,0.2428,2.5783,
89,28,True,0.674318,0.4225,cusum,,,True,positive,89,0,0.2443,2.5757,
89,53,True,0.741931,0.7612,cusum,,,True,positive,89,0,0.2836,2.1556,
89,32,True,0.723556,0.6692,none,,,False,,89,0,0.2464,1.9032,
89,6,True,0.657922,0.3403,cusum,,,True,positive,89,0,0.2806,1.7564,
89,58,True,0.661531,0.3584,none,,,False,,89,0,0.2443,0.8481,
89,19,True,0.621737,0.159,none,,,False,,89,0,0.0436,0.753,
89,16,True,0.839499,1.2501,none,,,False,,89,0,0.2433,0.7315,
89,41,True,0.6106,0.1032,none,,,False,,89,0,0.0443,0.7047,
89,11,True,0.638211,0.2415,none,,,False,,89,0,0.2441,0.5963,
89,20,True,0.574854,-0.0759,none,,,False,,89,0,0.0806,0.5592,
89,2,True,0.632839,0.2146,none,,,False,,89,0,0.2458,0.4903,
89,88,True,0.650609,0.3037,none,,,False,,89,0,0.0436,0.4876,
89,25,True,0.659699,0.3492,none,,,False,,89,0,0.0431,0.3892,
89,92,True,0.651881,0.31,none,,,False,,89,0,0.0424,0.321,
89,74,True,0.669873,0.4002,none,,,False,,89,0,0.2446,0.321,
89,51,True,0.571205,-0.0942,none,,,False,,89,0,0.0428,0.2755,
89,97,True,0.601952,0.0599,none,,,False,,89,0,0.0516,0.2733,
89,79,True,0.616617,0.1333,none,,,False,,89,0,0.0464,0.2524,
89,82,True,0.619086,0.1457,none,,,False,,89,0,0.0428,0.2206,
89,17,True,0.615635,0.1284,none,,,False,,89,0,0.0449,0.194,
89,52,True,0.535152,-0.2748,none,,,False,,89,0,0.0441,0.1778,
89,95,True,0.48756,-0.5133,none,,,False,,89,0,0.0961,0.1306,
89,30,True,0.423816,-0.8327,none,,,False,,89,0,0.0436,0.0349,
89,89,True,0.608203,0.0912,none,,,False,,89,0,0.0555,0.0236,
89,96,True,0.64766,0.2889,none,,,False,,89,0,0.0455,-0.2056,
89,48,True,0.508505,-0.4084,none,,,False,,89,0,0.0426,-0.2174,
89,47,True,0.578054,-0.0599,none,,,False,,89,0,0.0446,-0.3878,
89,60,True,0.399698,-0.9535,none,,,False,,89,0,0.0441,-0.4273,
89,46,True,0.45453,-0.6788,none,,,False,,89,0,0.047,-0.4421,
89,98,True,0.424314,-0.8302,none,,,False,,89,0,0.0572,-0.4586,
89,3,True,0.420545,-0.8491,none,,,False,,89,0,0.0477,-0.5772,
89,72,True,0.359357,-1.1557,none,,,False,,89,0,0.0756,-0.6298,
89,64,True,0.40742,-0.9148,none,,,False,,89,0,0.055,-0.6676,
89,86,True,0.128632,-2.3117,none,,,False,,89,0,0.3529,-1.5925,
89,71,True,0.335511,-1.2751,none,,,False,,89,0,0.3354,-1.5016,
89,23,True,0.230238,-1.8026,cusum,,,True,negative,89,0,0.3237,-2.1336,
89,37,True,0.379194,-1.0563,none,,,False,,89,0,0.3237,-1.4,
89,78,True,0.153727,-2.186,none,,,False,,89,0,0.32,-1.7353,
89,21,True,0.359464,-1.1551,none,,,False,,89,0,0.3164,-1.5444,
89,35,True,0.39932,-0.9554,none,,,False,,89,0,0.3164,-1.2471,
89,4,True,0.456248,-0.6702,none,,,False,,89,0,0.3094,-1.8363,
89,31,True,0.383847,-1.033,none,,,False,,89,0,0.306,-1.2831,
89,45,True,0.44034,-0.7499,none,,,False,,89,0,0.2994,-1.0991,
89,99,True,0.38183,-1.0431,none,,,False,,89,0,0.2961,-1.2659,
89,66,True,0.151702,-2.1961,none,,,False,,89,0,0.2903,-1.2872,
90,36,True,1.037482,2.289,none,,,False,,90,0,0.2446,3.5003,
90,39,True,0.949111,1.8869,none,,,False,,90,0,0.246,3.0308,
90,90,True,0.817621,1.2885,none,,,False,,90,0,0.2495,2.8714,
90,5,True,0.858571,1.4749,none,,,False,,90,0,0.2425,2.6825,
90,13,True,0.769671,1.0703,none,,,False,,90,0,0.2425,2.3056,
90,28,True,0.884647,1.5935,none,,,False,,90,0,0.244,2.2379,
90,53,True,0.739388,0.9325,none,,,False,,90,0,0.2814,2.0597,
90,16,True,0.709723,0.7975,cusum,,,True,positive,90,0,0.243,1.9324,
90,32,True,0.746583,0.9652,none,,,False,,90,0,0.246,1.8267,
90,6,True,0.749234,0.9773,none,,,False,,90,0,0.2784,1.6602,
90,41,True,0.565638,0.1418,none,,,False,,90,0,0.044,0.5522,
90,19,True,0.709222,0.7952,none,,,False,,90,0,0.0433,0.5439,
90,11,True,0.329273,-0.9339,none,,,False,,90,0,0.2438,0.4881,
90,88,True,0.537843,0.0153,none,,,False,,90,0,0.0433,0.4317,
90,58,True,0.833136,1.3591,none,,,False,,90,0,0.244,0.4194,
90,20,True,0.542091,0.0346,none,,,False,,90,0,0.0784,0.4059,
90,2,True,0.485692,-0.222,none,,,False,,90,0,0.2454,0.3646,
90,74,True,0.562797,0.1289,none,,,False,,90,0,0.0443,0.3606,
90,25,True,0.411808,-0.5583,none,,,False,,90,0,0.0428,0.2961,
90,52,True,0.540667,0.0281,none,,,False,,90,0,0.0438,0.2678,
90,82,True,0.589511,0.2504,none,,,False,,90,0,0.0425,0.2657,
90,92,True,0.569285,0.1584,none,,,False,,90,0,0.0421,0.254,
90,97,True,0.600094,0.2986,none,,,False,,90,0,0.0511,0.2183,
90,79,True,0.616492,0.3732,none,,,False,,90,0,0.046,0.198,
90,89,True,0.541606,0.0324,none,,,False,,90,0,0.0549,0.1779,
90,51,True,0.65307,0.5397,none,,,False,,90,0,0.0425,0.119,
90,17,True,0.543265,0.04,none,,,False,,90,0,0.0446,0.0839,
90,95,True,0.531123,-0.0153,none,,,False,,90,0,0.0937,0.0068,
90,96,True,0.612889,0.3568,none,,,False,,90,0,0.0451,-0.0334,
90,48,True,0.501592,-0.1497,none,,,False,,90,0,0.0423,-0.2247,
90,30,True,0.359964,-0.7942,none,,,False,,90,0,0.0433,-0.2399,
90,47,True,0.51674,-0.0807,none,,,False,,90,0,0.0443,-0.3466,
90,46,True,0.475587,-0.268,none,,,False,,90,0,0.0466,-0.4569,
90,57,True,0.397122,-0.6251,none,,,False,,90,0,0.2646,-0.5219,
90,60,True,0.451357,-0.3783,none,,,False,,90,0,0.0438,-0.5567,
90,14,True,0.321726,-0.9682,none,,,False,,90,0,0.233,-0.6802,
90,18,True,0.494226,-0.1832,none,,,False,,90,0,0.2353,-0.6846,
90,27,True,0.355283,-0.8155,none,,,False,,90,0,0.0756,-0.6984,
90,86,True,0.34881,-0.845,cusum,,,True,negative,90,0,0.3486,-1.9526,
90,71,True,0.25731,-1.2614,cusum,,,True,negative,90,0,0.3318,-1.611,
90,23,True,0.232032,-1.3764,none,,,False,,90,0,0.3206,-2.2156,
90,37,True,0.223313,-1.4161,cusum,,,True,negative,90,0,0.3206,-1.3994,
90,78,True,0.332787,-0.9179,cusum,,,True,negative,90,0,0.317,-2.0778,
90,21,True,0.35239,-0.8287,cusum,,,True,negative,90,0,0.3135,-1.5651,
90,35,True,0.454305,-0.3649,none,,,False,,90,0,0.3135,-1.2195,
90,4,True,0.386639,-0.6728,none,,,False,,90,0,0.3067,-1.9582,
90,31,True,0.3859,-0.6762,cusum,,,True,negative,90,0,0.3033,-1.2639,
90,45,True,0.448821,-0.3898,none,,,False,,90,0,0.2969,-1.1712,
90,67,True,0.365028,-0.7712,none,,,False,,90,0,0.2949,-1.1845,
90,99,True,0.300835,-1.0633,cusum,,,True,negative,90,0,0.2937,-1.3752,
91,36,True,0.968415,2.7383,cusum,,,True,positive,91,0,0.2443,3.5337,
91,39,True,0.946123,2.5907,cusum,,,True,positive,91,0,0.2457,2.9238,
91,5,True,0.834965,1.8547,none,,,False,,91,0,0.2423,2.7493,
91,90,True,0.886867,2.1983,none,,,False,,91,0,0.249,2.7372,
91,28,True,0.893745,2.2439,none,,,False,,91,0,0.2437,2.386,
91,13,True,0.813386,1.7118,none,,,False,,91,0,0.2423,2.1983,
91,53,True,0.738964,1.2191,none,,,False,,91,0,0.2793,2.0437,
91,32,True,0.702944,0.9806,cusum,,,True,positive,91,0,0.2457,1.9535,
91,6,True,0.680852,0.8343,none,,,False,,91,0,0.2764,1.837,
91,58,True,0.862935,2.0399,none,,,False,,91,0,0.2437,1.808,
91,16,True,0.639482,0.5604,none,,,False,,91,0,0.2427,1.7749,
91,19,True,0.604975,0.3319,none,,,False,,91,0,0.043,0.5841,
91,51,True,0.567736,0.0854,none,,,False,,91,0,0.0423,0.4891,
91,41,True,0.606539,0.3423,none,,,False,,91,0,0.0437,0.4382,
91,74,True,0.5267,-0.1863,none,,,False,,91,0,0.044,0.4177,
91,20,True,0.673186,0.7836,none,,,False,,91,0,0.0764,0.4086,
91,88,True,0.48538,-0.4599,none,,,False,,91,0,0.043,0.3316,
91,82,True,0.431966,-0.8136,none,,,False,,91,0,0.0423,0.2938,
91,97,True,0.604435,0.3284,none,,,False,,91,0,0.0506,0.2676,
91,89,True,0.58004,0.1668,none,,,False,,91,0,0.0544,0.1958,
91,79,True,0.579214,0.1614,none,,,False,,91,0,0.0457,0.1918,
91,52,True,0.577191,0.148,none,,,False,,91,0,0.0435,0.1606,
91,92,True,0.655688,0.6677,none,,,False,,91,0,0.0418,0.1498,
91,2,True,0.712629,1.0447,none,,,False,,91,0,0.2451,0.1076,
91,17,True,0.6215,0.4413,none,,,False,,91,0,0.0443,0.0599,
91,11,True,0.693146,0.9157,none,,,False,,91,0,0.0435,0.0562,
91,95,True,0.527295,-0.1824,none,,,False,,91,0,0.0913,-0.0099,
91,96,True,0.655537,0.6667,none,,,False,,91,0,0.0448,-0.0222,
91,25,True,0.538128,-0.1107,none,,,False,,91,0,0.0425,-0.1171,
91,48,True,0.521287,-0.2222,none,,,False,,91,0,0.042,-0.2172,
91,47,True,0.524107,-0.2035,none,,,False,,91,0,0.044,-0.284,
91,30,True,0.569108,0.0945,none,,,False,,91,0,0.043,-0.3771,
91,46,True,0.45868,-0.6367,none,,,False,,91,0,0.0463,-0.4196,
91,60,True,0.475222,-0.5272,none,,,False,,91,0,0.0435,-0.4494,
91,18,True,0.451946,-0.6813,none,,,False,,91,0,0.0853,-0.517,
91,57,True,0.455376,-0.6586,none,,,False,,91,0,0.2448,-0.5627,
91,94,True,0.490824,-0.4239,none,,,False,,91,0,0.2421,-0.7062,
91,77,True,0.541946,-0.0854,none,,,False,,91,0,0.2638,-0.707,
91,86,True,0.353371,-1.3339,none,,,False,,91,0,0.3446,-1.9089,
91,14,True,0.225899,-2.1779,cusum,,,True,negative,91,0,0.3323,-1.2715,
91,71,True,0.116051,-2.9052,none,,,False,,91,0,0.3285,-1.5229,
91,23,True,0.233821,-2.1255,cusum,,,True,negative,91,0,0.3175,-2.0574,
91,37,True,0.340829,-1.417,none,,,False,,91,0,0.3175,-1.6224,
91,78,True,0.325517,-1.5184,none,,,False,,91,0,0.3141,-1.9049,
91,21,True,0.343409,-1.3999,none,,,False,,91,0,0.3106,-1.4218,
91,35,True,0.48307,-0.4752,none,,,False,,91,0,0.3106,-1.0379,
91,4,True,0.456423,-0.6516,none,,,False,,91,0,0.304,-1.3354,
91,31,True,0.4047,-0.9941,none,,,False,,91,0,0.3008,-1.1992,
91,91,True,0.241153,-2.0769,none,,,False,,91,0,0.2956,-1.8359,
91,45,True,0.279776,-1.8212,none,,,False,,91,0,0.2944,-0.9873,
92,36,True,1.028668,2.8995,none,,,False,,92,0,0.244,3.4461,
92,39,True,0.931217,2.3142,none,,,False,,92,0,0.2453,3.0924,
92,90,True,0.875425,1.9791,cusum,,,True,positive,92,0,0.2486,2.7333,
92,5,True,0.848736,1.8188,cusum,,,True,positive,92,0,0.242,2.6096,
92,28,True,0.830804,1.7111,cusum,,,True,positive,92,0,0.2434,2.4766,
92,58,True,0.870063,1.9469,cusum,,,True,positive,92,0,0.2434,2.3091,
92,13,True,0.88643,2.0452,cusum,,,True,positive,92,0,0.242,2.2467,
92,53,True,0.722745,1.0621,none,,,False,,92,0,0.2772,2.051,
92,32,True,0.725612,1.0793,none,,,False,,92,0,0.2453,1.931,
92,16,True,0.783332,1.426,none,,,False,,92,0,0.2425,1.9245,
92,6,True,0.763498,1.3068,none,,,False,,92,0,0.2744,1.7964,
92,96,True,0.640008,0.5651,none,,,False,,92,0,0.0445,0.4956,
92,19,True,0.608628,0.3767,none,,,False,,92,0,0.0427,0.4843,
92,92,True,0.618712,0.4372,none,,,False,,92,0,0.0415,0.4326,
92,2,True,0.599147,0.3197,none,,,False,,92,0,0.0448,0.4043,
92,20,True,0.584222,0.2301,none,,,False,,92,0,0.0744,0.3265,
92,97,True,0.598096,0.3134,none,,,False,,92,0,0.0502,0.2952,
92,79,True,0.64612,0.6018,none,,,False,,92,0,0.0453,0.282,
92,17,True,0.660757,0.6898,none,,,False,,92,0,0.044,0.2606,
92,41,True,0.352809,-1.1599,none,,,False,,92,0,0.0434,0.2524,
92,51,True,0.623003,0.463,none,,,False,,92,0,0.042,0.2315,
92,74,True,0.541649,-0.0256,none,,,False,,92,0,0.0437,0.1712,
92,89,True,0.550187,0.0256,none,,,False,,92,0,0.0538,0.1682,
92,77,True,0.602517,0.34,none,,,False,,92,0,0.1408,0.1345,
92,11,True,0.299331,-1.4811,none,,,False,,92,0,0.0432,0.1307,
92,52,True,0.474891,-0.4266,none,,,False,,92,0,0.0432,0.0234,
92,88,True,0.551319,0.0324,none,,,False,,92,0,0.0427,0.0086,
92,25,True,0.437395,-0.6518,none,,,False,,92,0,0.0422,-0.0517,
92,47,True,0.578066,0.1931,none,,,False,,92,0,0.0437,-0.0577,
92,82,True,0.45266,-0.5601,none,,,False,,92,0,0.042,-0.0846,
92,95,True,0.557009,0.0666,none,,,False,,92,0,0.0891,-0.1525,
92,48,True,0.49306,-0.3175,none,,,False,,92,0,0.0418,-0.2058,
92,30,True,0.535974,-0.0597,none,,,False,,92,0,0.0427,-0.4553,
92,46,True,0.480738,-0.3915,none,,,False,,92,0,0.0459,-0.4676,
92,18,True,0.512429,-0.2011,none,,,False,,92,0,0.0831,-0.499,
92,35,True,0.482138,-0.3831,none,,,False,,92,0,0.3079,-0.5057,
92,60,True,0.436162,-0.6592,none,,,False,,92,0,0.0432,-0.5634,
92,57,True,0.464738,-0.4876,none,,,False,,92,0,0.2445,-0.676,
92,86,True,0.067089,-2.876,none,,,False,,92,0,0.3408,-1.8851,
92,14,True,0.286761,-1.5566,none,,,False,,92,0,0.329,-1.6739,
92,71,True,0.413013,-0.7983,cusum,,,True,negative,92,0,0.3252,-2.2119,
92,23,True,0.260724,-1.713,none,,,False,,92,0,0.3146,-2.1719,
92,37,True,0.337576,-1.2514,none,,,False,,92,0,0.3146,-1.7002,
92,78,True,0.354188,-1.1516,none,,,False,,92,0,0.3113,-1.9462,
92,21,True,0.374937,-1.027,none,,,False,,92,0,0.3079,-1.535,
92,4,True,0.439053,-0.6419,none,,,False,,92,0,0.3014,-1.0751,
92,31,True,0.295165,-1.5061,none,,,False,,92,0,0.2983,-1.3127,
92,70,True,0.178135,-2.209,none,,,False,,92,0,0.2972,-1.4577,
92,99,True,0.419025,-0.7622,none,,,False,,92,0,0.2959,-1.2521,
92,87,True,0.34613,-1.2,none,,,False,,92,0,0.2939,-0.9204,
93,36,True,1.07777,2.8914,cusum,,,True,positive,93,0,0.2436,3.6993,
93,39,True,0.949525,2.1897,cusum,,,True,positive,93,0,0.245,3.3229,
93,28,True,0.90469,1.9444,none,,,False,,93,0,0.2431,2.9058,
93,90,True,0.858513,1.6918,none,,,False,,93,0,0.2482,2.8855,
93,58,True,0.743688,1.0635,none,,,False,,93,0,0.2431,2.8382,
93,5,True,0.867026,1.7384,none,,,False,,93,0,0.2417,2.7704,
93,13,True,0.874272,1.778,none,,,False,,93,0,0.2417,2.6633,
93,53,True,0.746297,1.0778,cusum,,,True,positive,93,0,0.2752,2.1503,
93,6,True,0.698742,0.8176,none,,,False,,93,0,0.2724,2.1176,
93,32,True,0.681513,0.7234,none,,,False,,93,0,0.245,2.0673,
93,16,True,0.848562,1.6373,none,,,False,,93,0,0.2422,1.9828,
93,96,True,0.719696,0.9323,none,,,False,,93,0,0.0442,0.5873,
93,19,True,0.656901,0.5887,none,,,False,,93,0,0.0424,0.5565,
93,92,True,0.639258,0.4922,none,,,False,,93,0,0.0413,0.4747,
93,17,True,0.537054,-0.067,none,,,False,,93,0,0.0436,0.4473,
93,2,True,0.550152,0.0046,none,,,False,,93,0,0.0445,0.4389,
93,79,True,0.264603,-1.5577,none,,,False,,93,0,0.045,0.4377,
93,20,True,0.454008,-0.5214,none,,,False,,93,0,0.0724,0.4275,
93,51,True,0.605764,0.3089,none,,,False,,93,0,0.0417,0.4169,
93,97,True,0.604822,0.3038,none,,,False,,93,0,0.0497,0.3791,
93,89,True,0.548459,-0.0046,none,,,False,,93,0,0.0533,0.1457,
93,77,True,0.529491,-0.1084,none,,,False,,93,0,0.1371,0.1,
93,95,True,0.583349,0.1863,none,,,False,,93,0,0.0868,0.0396,
93,74,True,0.521175,-0.1539,none,,,False,,93,0,0.0434,0.0289,
93,47,True,0.55101,0.0093,none,,,False,,93,0,0.0434,0.0262,
93,52,True,0.628099,0.4311,none,,,False,,93,0,0.0429,-0.0276,
93,88,True,0.603198,0.2949,none,,,False,,93,0,0.0424,-0.0822,
93,41,True,0.617183,0.3714,none,,,False,,93,0,0.0431,-0.169,
93,48,True,0.517517,-0.1739,none,,,False,,93,0,0.0415,-0.1759,
93,30,True,0.441867,-0.5878,none,,,False,,93,0,0.0424,-0.1979,
93,18,True,0.502538,-0.2559,none,,,False,,93,0,0.081,-0.2741,
93,35,True,0.43496,-0.6256,none,,,False,,93,0,0.3053,-0.3164,
93,82,True,0.586513,0.2036,none,,,False,,93,0,0.0417,-0.3202,
93,46,True,0.476301,-0.3994,none,,,False,,93,0,0.0456,-0.3723,
93,25,True,0.597191,0.262,none,,,False,,93,0,0.042,-0.3857,
93,11,True,0.690793,0.7741,none,,,False,,93,0,0.0429,-0.4438,
93,60,True,0.480306,-0.3775,none,,,False,,93,0,0.0429,-0.4657,
93,57,True,0.450524,-0.5405,none,,,False,,93,0,0.2442,-0.5327,
93,87,True,0.387806,-0.8836,cusum,,,True,negative,93,0,0.3453,-1.6393,
93,86,True,0.221278,-1.7948,cusum,,,True,negative,93,0,0.3371,-2.0759,
93,14,True,0.214377,-1.8325,cusum,,,True,negative,93,0,0.3257,-1.9655,
93,71,True,0.365762,-1.0042,none,,,False,,93,0,0.3222,-2.055,
93,23,True,0.222318,-1.7891,cusum,,,True,negative,93,0,0.3118,-2.1438,
93,37,True,0.396798,-0.8344,cusum,,,True,negative,93,0,0.3118,-1.767,
93,78,True,0.282803,-1.4581,cusum,,,True,negative,93,0,0.3085,-1.6031,
93,21,True,0.355658,-1.0595,none,,,False,,93,0,0.3053,-1.4939,
93,4,True,0.346135,-1.1116,cusum,,,True,negative,93,0,0.299,-1.067,
93,45,True,0.435401,-0.6232,none,,,False,,93,0,0.2966,-0.9012,
93,59,True,0.378728,-0.9333,none,,,False,,93,0,0.2959,-0.7194,
93,31,True,0.315538,-1.279,none,,,False,,93,0,0.2959,-1.4717,
94,36,True,1.006099,2.7956,none,,,False,,94,0,0.2434,3.8997,
94,39,True,0.930465,2.3219,none,,,False,,94,0,0.2447,3.4234,
94,28,True,0.829596,1.6903,cusum,,,True,positive,94,0,0.2429,3.0224,
94,90,True,0.87701,1.9872,cusum,,,True,positive,94,0,0.2478,3.0194,
94,13,True,0.741834,1.1407,cusum,,,True,positive,94,0,0.2415,2.8989,
94,5,True,0.855447,1.8521,cusum,,,True,positive,94,0,0.2415,2.8579,
94,58,True,0.706163,0.9173,none,,,False,,94,0,0.2429,2.7393,
94,16,True,0.700958,0.8847,cusum,,,True,positive,94,0,0.2419,2.2625,
94,53,True,0.680802,0.7584,none,,,False,,94,0,0.2733,2.1977,
94,6,True,0.707333,0.9246,cusum,,,True,positive,94,0,0.2705,2.0634,
94,32,True,0.568158,0.053,none,,,False,,94,0,0.2447,1.9863,
94,96,True,0.624572,0.4063,none,,,False,,94,0,0.0439,0.7787,
94,92,True,0.602478,0.2679,none,,,False,,94,0,0.041,0.5857,
94,2,True,0.627689,0.4258,none,,,False,,94,0,0.0441,0.5141,
94,19,True,0.750735,1.1964,none,,,False,,94,0,0.0421,0.4873,
94,17,True,0.64503,0.5344,none,,,False,,94,0,0.0434,0.4113,
94,97,True,0.584629,0.1562,none,,,False,,94,0,0.0493,0.3803,
94,51,True,0.641642,0.5132,none,,,False,,94,0,0.0415,0.3397,
94,20,True,0.586687,0.1691,none,,,False,,94,0,0.0705,0.2412,
94,77,True,0.606332,0.2921,none,,,False,,94,0,0.1337,0.1553,
94,89,True,0.445128,-0.7174,none,,,False,,94,0,0.0527,0.1326,
94,11,True,0.544201,-0.097,none,,,False,,94,0,0.0426,0.1251,
94,52,True,0.483534,-0.4769,none,,,False,,94,0,0.0426,0.1064,
94,95,True,0.565244,0.0348,none,,,False,,94,0,0.0847,0.1057,
94,47,True,0.593629,0.2125,none,,,False,,94,0,0.0431,0.0559,
94,88,True,0.603538,0.2746,none,,,False,,94,0,0.0421,0.0107,
94,74,True,0.541924,-0.1113,none,,,False,,94,0,0.0431,-0.0657,
94,41,True,0.554139,-0.0348,none,,,False,,94,0,0.0429,-0.0928,
94,25,True,0.54373,-0.1,none,,,False,,94,0,0.0417,-0.1126,
94,30,True,0.539654,-0.1255,none,,,False,,94,0,0.0421,-0.1295,
94,48,True,0.507905,-0.3243,none,,,False,,94,0,0.0412,-0.1843,
94,79,True,0.619001,0.3714,none,,,False,,94,0,0.0447,-0.2063,
94,18,True,0.484908,-0.4683,none,,,False,,94,0,0.0789,-0.2994,
94,82,True,0.62395,0.4024,none,,,False,,94,0,0.0415,-0.3361,
94,35,True,0.291716,-1.6782,none,,,False,,94,0,0.3028,-0.4048,
94,46,True,0.462153,-0.6108,none,,,False,,94,0,0.0453,-0.4165,
94,60,True,0.476426,-0.5214,none,,,False,,94,0,0.0426,-0.4657,
94,57,True,0.456521,-0.6461,none,,,False,,94,0,0.2439,-0.5049,
94,76,True,0.447452,-0.7029,none,,,False,,94,0,0.2956,-0.5895,
94,87,True,0.394764,-1.0328,none,,,False,,94,0,0.3416,-1.516,
94,86,True,0.238617,-2.0107,none,,,False,,94,0,0.3337,-2.395,
94,14,True,0.272436,-1.7989,none,,,False,,94,0,0.3227,-2.2557,
94,71,True,0.383521,-1.1033,none,,,False,,94,0,0.3192,-1.9712,
94,23,True,0.219902,-2.1279,none,,,False,,94,0,0.3091,-2.283,
94,37,True,0.378982,-1.1317,none,,,False,,94,0,0.3091,-1.5747,
94,78,True,0.171216,-2.4328,none,,,False,,94,0,0.3059,-1.7847,
94,21,True,0.354851,-1.2828,cusum,,,True,negative,94,0,0.3028,-1.5723,
94,4,True,0.430406,-0.8096,none,,,False,,94,0,0.2966,-1.2147,
94,93,True,0.298955,-1.6328,none,,,False,,94,0,0.2961,-1.0308,
94,26,True,0.220391,-2.1248,none,,,False,,94,0,0.2947,-1.3462,
95,36,True,1.075936,3.0,cusum,,,True,positive,95,0,0.2431,3.9184,
95,39,True,0.91981,2.3126,cusum,,,True,positive,95,0,0.2444,3.3334,
95,90,True,0.876453,2.0373,none,,,False,,95,0,0.2474,2.9485,
95,5,True,0.838561,1.7967,none,,,False,,95,0,0.2412,2.8567,
95,28,True,0.935251,2.4107,none,,,False,,95,0,0.2426,2.8375,
95,13,True,0.868648,1.9877,none,,,False,,95,0,0.2412,2.7082,
95,16,True,0.771961,1.3738,none,,,False,,95,0,0.2416,2.3702,
95,58,True,0.533276,-0.1419,cusum,,,True,positive,95,0,0.2426,2.3648,
95,6,True,0.741589,1.1809,none,,,False,,95,0,0.2686,2.0926,
95,53,True,0.747073,1.2157,none,,,False,,95,0,0.2714,2.0433,
95,19,True,0.665534,0.698,cusum,,,True,positive,95,0,0.2419,1.7751,
95,32,True,0.620571,0.4124,none,,,False,,95,0,0.2444,1.6767,
95,96,True,0.564539,0.0566,none,,,False,,95,0,0.0436,0.6915,
95,51,True,0.65814,0.651,none,,,False,,95,0,0.0412,0.482,
95,92,True,0.536472,-0.1216,none,,,False,,95,0,0.0408,0.4521,
95,17,True,0.613235,0.3659,none,,,False,,95,0,0.0431,0.442,
95,97,True,0.616349,0.3856,none,,,False,,95,0,0.0489,0.3223,
95,2,True,0.612882,0.3636,none,,,False,,95,0,0.0438,0.3074,
95,77,True,0.578788,0.1471,none,,,False,,95,0,0.1303,0.2788,
95,88,True,0.638203,0.5244,none,,,False,,95,0,0.0419,0.2552,
95,47,True,0.599461,0.2784,none,,,False,,95,0,0.0428,0.1942,
95,95,True,0.572438,0.1068,none,,,False,,95,0,0.0826,0.177,
95,82,True,0.621856,0.4206,none,,,False,,95,0,0.0412,0.0689,
95,20,True,0.606237,0.3214,none,,,False,,95,0,0.0686,0.0355,
95,74,True,0.594922,0.2496,none,,,False,,95,0,0.0428,-0.041,
95,52,True,0.527977,-0.1755,none,,,False,,95,0,0.0423,-0.1023,
95,25,True,0.637291,0.5186,none,,,False,,95,0,0.0414,-0.1093,
95,79,True,0.546699,-0.0566,none,,,False,,95,0,0.0444,-0.1367,
95,89,True,0.539298,-0.1036,none,,,False,,95,0,0.0522,-0.1628,
95,30,True,0.502065,-0.3401,none,,,False,,95,0,0.0419,-0.2031,
95,11,True,0.648171,0.5877,none,,,False,,95,0,0.0423,-0.2128,
95,48,True,0.541608,-0.089,none,,,False,,95,0,0.041,-0.2186,
95,41,True,0.375246,-1.1454,none,,,False,,95,0,0.0426,-0.2189,
95,18,True,0.54482,-0.0686,none,,,False,,95,0,0.0769,-0.2294,
95,46,True,0.484503,-0.4516,none,,,False,,95,0,0.0449,-0.4083,
95,98,True,0.517008,-0.2452,none,,,False,,95,0,0.279,-0.4872,
95,57,True,0.414585,-0.8956,none,,,False,,95,0,0.0436,-0.5011,
95,76,True,0.434464,-0.7693,none,,,False,,95,0,0.2714,-0.6755,
95,93,True,0.321568,-1.4862,cusum,,,True,negative,95,0,0.3504,-1.8836,
95,87,True,0.396664,-1.0094,none,,,False,,95,0,0.338,-1.4297,
95,86,True,0.258675,-1.8856,cusum,,,True,negative,95,0,0.3303,-2.6229,
95,14,True,0.346053,-1.3307,cusum,,,True,negative,95,0,0.3197,-2.1313,
95,71,True,0.313736,-1.536,none,,,False,,95,0,0.3163,-1.3724,
95,23,True,0.259141,-1.8826,cusum,,,True,negative,95,0,0.3065,-2.2854,
95,37,True,0.348031,-1.3182,none,,,False,,95,0,0.3065,-1.4812,
95,78,True,0.330566,-1.4291,cusum,,,True,negative,95,0,0.3034,-2.091,
95,21,True,0.342773,-1.3516,none,,,False,,95,0,0.3003,-1.5347,
95,35,True,0.434612,-0.7684,cusum,,,True,negative,95,0,0.3003,-1.3072,
95,65,True,0.372879,-1.1604,none,,,False,,95,0,0.299,-1.9117,
95,99,True,0.437375,-0.7509,none,,,False,,95,0,0.2986,-0.8717,
96,36,True,0.970136,1.7173,none,,,False,,96,0,0.2428,3.9516,
96,39,True,0.894998,1.4083,none,,,False,,96,0,0.2441,3.3325,
96,28,True,0.865871,1.2885,cusum,,,True,positive,96,0,0.2423,3.0703,
96,90,True,0.804034,1.0341,cusum,,,True,positive,96,0,0.2471,2.9674,
96,5,True,0.86924,1.3023,cusum,,,True,positive,96,0,0.241,2.849,
96,13,True,0.836696,1.1685,cusum,,,True,positive,96,0,0.241,2.6888,
96,16,True,0.827669,1.1313,none,,,False,,96,0,0.2414,2.3525,
96,53,True,0.773167,0.9072,none,,,False,,96,0,0.2695,2.0936,
96,6,True,0.742,0.779,none,,,False,,96,0,0.2668,2.0498,
96,19,True,0.589121,0.1502,none,,,False,,96,0,0.2416,1.8819,
96,58,True,0.223246,-1.3546,none,,,False,,96,0,0.2423,1.6682,
96,51,True,0.575657,0.0948,none,,,False,,96,0,0.041,0.5443,
96,96,True,0.722168,0.6974,none,,,False,,96,0,0.0433,0.5217,
96,11,True,0.749033,0.8079,none,,,False,,96,0,0.0421,0.4765,
96,32,True,0.697391,0.5955,none,,,False,,96,0,0.2441,0.454,
96,88,True,0.615112,0.2571,none,,,False,,96,0,0.0416,0.4189,
96,82,True,0.563226,0.0437,none,,,False,,96,0,0.041,0.3955,
96,97,True,0.568307,0.0646,none,,,False,,96,0,0.0485,0.3459,
96,17,True,0.626067,0.3022,none,,,False,,96,0,0.0428,0.3337,
96,2,True,0.676665,0.5103,none,,,False,,96,0,0.0435,0.3217,
96,25,True,0.544991,-0.0313,none,,,False,,96,0,0.0412,0.2805,
96,92,True,0.741197,0.7757,none,,,False,,96,0,0.0405,0.2655,
96,47,True,0.503726,-0.201,none,,,False,,96,0,0.0425,0.2223,
96,77,True,0.713736,0.6627,none,,,False,,96,0,0.1272,0.2123,
96,95,True,0.488625,-0.2631,none,,,False,,96,0,0.0805,0.1893,
96,20,True,0.634209,0.3356,none,,,False,,96,0,0.0668,0.0651,
96,74,True,0.625281,0.2989,none,,,False,,96,0,0.0425,0.0504,
96,52,True,0.511295,-0.1699,none,,,False,,96,0,0.0421,-0.0189,
96,48,True,0.560213,0.0313,none,,,False,,96,0,0.0407,-0.1427,
96,18,True,0.296353,-1.0539,none,,,False,,96,0,0.075,-0.1862,
96,89,True,0.52337,-0.1202,none,,,False,,96,0,0.0517,-0.2066,
96,41,True,0.495147,-0.2363,none,,,False,,96,0,0.0423,-0.2144,
96,30,True,0.521344,-0.1286,none,,,False,,96,0,0.0416,-0.2969,
96,98,True,0.386451,-0.6834,none,,,False,,96,0,0.2589,-0.3475,
96,79,True,0.746111,0.7959,none,,,False,,96,0,0.0441,-0.3566,
96,46,True,0.44307,-0.4505,none,,,False,,96,0,0.0446,-0.4288,
96,57,True,0.482558,-0.2881,none,,,False,,96,0,0.0433,-0.6374,
96,76,True,0.358169,-0.7997,none,,,False,,96,0,0.2695,-0.6396,
96,72,True,0.450863,-0.4184,none,,,False,,96,0,0.0968,-0.7074,
96,93,True,0.248085,-1.2525,none,,,False,,96,0,0.3464,-1.8348,
96,87,True,0.390769,-0.6656,none,,,False,,96,0,0.3345,-1.3687,
96,86,True,0.346527,-0.8476,none,,,False,,96,0,0.3272,-2.295,
96,14,True,0.191098,-1.4868,none,,,False,,96,0,0.3168,-2.0578,
96,71,True,0.421459,-0.5394,cusum,,,True,negative,96,0,0.3135,-1.62,
96,23,True,0.242711,-1.2746,none,,,False,,96,0,0.304,-2.3434,
96,37,True,0.458685,-0.3863,none,,,False,,96,0,0.304,-1.505,
96,31,True,0.314089,-0.981,none,,,False,,96,0,0.3022,-1.674,
96,78,True,0.322937,-0.9446,none,,,False,,96,0,0.3009,-2.1849,
96,66,True,0.299978,-1.039,none,,,False,,96,0,0.2996,-1.6673,
96,45,True,0.357854,-0.801,none,,,False,,96,0,0.2993,-1.3602,
97,36,True,0.976884,2.1799,cusum,,,True,positive,97,0,0.2425,3.5598,
97,39,True,0.918606,1.8785,cusum,,,True,positive,97,0,0.2438,3.0716,
97,28,True,0.907364,1.8203,none,,,False,,97,0,0.242,2.8513,
97,90,True,0.911509,1.8418,none,,,False,,97,0,0.2467,2.7478,
97,5,True,0.858004,1.5651,none,,,False,,97,0,0.2407,2.7034,
97,13,True,0.734222,0.9249,none,,,False,,97,0,0.2407,2.4853,
97,16,True,-0.190581,-3.0,none,,,False,,97,0,0.2411,2.1835,
97,6,True,0.706636,0.7822,none,,,False,,97,0,0.2651,2.036,
97,53,True,0.765405,1.0862,cusum,,,True,positive,97,0,0.2677,2.0358,
97,19,True,0.679911,0.644,none,,,False,,97,0,0.2413,1.7354,
97,58,True,0.786108,1.1932,none,,,False,,97,0,0.242,0.8618,
97,2,True,0.51309,-0.2188,none,,,False,,97,0,0.0432,0.4899,
97,11,True,0.800567,1.268,none,,,False,,97,0,0.0418,0.4874,
97,51,True,0.627959,0.3753,none,,,False,,97,0,0.0407,0.4727,
97,77,True,0.589359,0.1757,none,,,False,,97,0,0.1241,0.4673,
97,17,True,0.562381,0.0362,none,,,False,,97,0,0.0425,0.4564,
97,96,True,0.770925,1.1147,none,,,False,,97,0,0.043,0.443,
97,79,True,0.603001,0.2462,none,,,False,,97,0,0.0438,0.4276,
97,32,True,0.79355,1.2317,none,,,False,,97,0,0.2438,0.411,
97,88,True,0.447304,-0.559,none,,,False,,97,0,0.0413,0.4059,
97,92,True,0.625585,0.363,none,,,False,,97,0,0.0403,0.3598,
97,20,True,0.540443,-0.0773,none,,,False,,97,0,0.0651,0.3499,
97,82,True,0.569445,0.0727,none,,,False,,97,0,0.0407,0.3419,
97,97,True,0.604611,0.2546,none,,,False,,97,0,0.0481,0.2656,
97,74,True,0.478353,-0.3984,none,,,False,,97,0,0.0423,0.201,
97,25,True,0.56057,0.0268,none,,,False,,97,0,0.0409,0.1824,
97,47,True,0.468898,-0.4473,none,,,False,,97,0,0.0423,0.1519,
97,95,True,0.573882,0.0956,none,,,False,,97,0,0.0785,0.0385,
97,48,True,0.633104,0.4019,none,,,False,,97,0,0.0405,-0.0746,
97,30,True,0.515707,-0.2052,none,,,False,,97,0,0.0413,-0.1441,
97,52,True,0.418937,-0.7057,none,,,False,,97,0,0.0418,-0.2196,
97,89,True,0.641301,0.4443,none,,,False,,97,0,0.0512,-0.2457,
97,41,True,0.550208,-0.0268,none,,,False,,97,0,0.042,-0.4173,
97,46,True,0.444016,-0.576,none,,,False,,97,0,0.0443,-0.4462,
97,18,True,0.506079,-0.255,none,,,False,,97,0,0.0731,-0.4531,
97,98,True,0.41395,-0.7315,none,,,False,,97,0,0.2572,-0.5141,
97,72,True,0.451522,-0.5372,none,,,False,,97,0,0.0731,-0.5428,
97,57,True,0.468229,-0.4508,none,,,False,,97,0,0.043,-0.5537,
97,76,True,0.467788,-0.4531,none,,,False,,97,0,0.2677,-0.6819,
97,93,True,0.311969,-1.2589,none,,,False,,97,0,0.3427,-1.8454,
97,87,True,0.32405,-1.1964,none,,,False,,97,0,0.3312,-1.2984,
97,86,True,0.330907,-1.161,none,,,False,,97,0,0.3241,-1.9813,
97,14,True,0.308507,-1.2768,none,,,False,,97,0,0.3141,-1.9443,
97,71,True,0.209352,-1.7896,none,,,False,,97,0,0.3109,-1.4667,
97,4,True,0.419077,-0.705,none,,,False,,97,0,0.3028,-1.2686,
97,21,True,0.344018,-1.0932,none,,,False,,97,0,0.3022,-1.6443,
97,35,True,0.600379,0.2327,none,,,False,,97,0,0.3022,-1.437,
97,23,True,0.258129,-1.5374,cusum,,,True,negative,97,0,0.3016,-2.1733,
97,37,True,0.331418,-1.1583,none,,,False,,97,0,0.3016,-1.357,
97,69,True,0.417241,-0.7145,none,,,False,,97,0,0.3015,-0.7662,
98,36,True,0.982968,2.711,none,,,False,,98,0,0.2422,3.3543,
98,39,True,0.926168,2.3663,none,,,False,,98,0,0.2435,2.9234,
98,28,True,0.794308,1.566,cusum,,,True,positive,98,0,0.2418,2.8944,
98,90,True,0.798286,1.5902,none,,,False,,98,0,0.2463,2.6988,
98,5,True,0.85748,1.9494,none,,,False,,98,0,0.2405,2.6074,
98,13,True,0.771009,1.4246,none,,,False,,98,0,0.2405,2.4131,
98,53,True,0.746881,1.2782,none,,,False,,98,0,0.266,2.1442,
98,6,True,0.674893,0.8413,none,,,False,,98,0,0.2633,1.9878,
98,32,True,0.746479,1.2758,cusum,,,True,positive,98,0,0.2435,1.8035,
98,19,True,0.55804,0.1322,none,,,False,,98,0,0.2411,1.551,
98,58,True,0.501966,-0.2081,none,,,False,,98,0,0.2418,0.9535,
98,11,True,0.511516,-0.1502,none,,,False,,98,0,0.0415,0.9421,
98,96,True,0.599928,0.3864,none,,,False,,98,0,0.0427,0.6788,
98,77,True,0.632694,0.5852,none,,,False,,98,0,0.1212,0.4266,
98,51,True,0.57353,0.2262,none,,,False,,98,0,0.0405,0.4264,
98,92,True,0.680024,0.8725,none,,,False,,98,0,0.0401,0.3912,
98,16,True,0.545333,0.0551,cusum,,,True,negative,98,0,0.2409,0.3883,
98,79,True,0.660333,0.753,none,,,False,,98,0,0.0435,0.3855,
98,97,True,0.606914,0.4288,none,,,False,,98,0,0.0477,0.2979,
98,17,True,0.569224,0.2,none,,,False,,98,0,0.0422,0.2899,
98,2,True,0.654122,0.7153,none,,,False,,98,0,0.0429,0.2746,
98,20,True,0.542467,0.0377,none,,,False,,98,0,0.0633,0.267,
98,82,True,0.639012,0.6236,none,,,False,,98,0,0.0405,0.2317,
98,25,True,0.542568,0.0383,none,,,False,,98,0,0.0407,0.2244,
98,48,True,0.505892,-0.1843,none,,,False,,98,0,0.0403,0.1672,
98,89,True,0.50395,-0.1961,none,,,False,,98,0,0.0508,0.1409,
98,88,True,0.573582,0.2265,none,,,False,,98,0,0.0411,0.1278,
98,74,True,0.535572,-0.0042,none,,,False,,98,0,0.042,0.1049,
98,95,True,0.536949,0.0042,none,,,False,,98,0,0.0766,0.0579,
98,47,True,0.51654,-0.1197,none,,,False,,98,0,0.042,-0.0684,
98,30,True,0.487755,-0.2944,none,,,False,,98,0,0.0411,-0.171,
98,52,True,0.466237,-0.425,none,,,False,,98,0,0.0415,-0.2961,
98,18,True,0.395435,-0.8546,none,,,False,,98,0,0.0712,-0.3829,
98,41,True,0.624427,0.5351,none,,,False,,98,0,0.0418,-0.4149,
98,46,True,0.437011,-0.6023,none,,,False,,98,0,0.044,-0.435,
98,98,True,0.440434,-0.5816,none,,,False,,98,0,0.2556,-0.4819,
98,57,True,0.43184,-0.6337,none,,,False,,98,0,0.0427,-0.4889,
98,76,True,0.345176,-1.1596,none,,,False,,98,0,0.066,-0.5995,
98,72,True,0.361329,-1.0616,none,,,False,,98,0,0.0712,-0.6275,
98,93,True,0.268594,-1.6244,cusum,,,True,negative,98,0,0.3391,-1.7234,
98,87,True,0.321856,-1.3012,cusum,,,True,negative,98,0,0.3281,-1.3551,
98,86,True,0.248275,-1.7477,cusum,,,True,negative,98,0,0.3212,-1.7,
98,14,True,0.206639,-2.0004,cusum,,,True,negative,98,0,0.3114,-1.772,
98,71,True,0.360707,-1.0654,none,,,False,,98,0,0.3083,-1.697,
98,78,True,0.306328,-1.3954,none,,,False,,98,0,0.3028,-2.0151,
98,0,True,0.381675,-0.9381,none,,,False,,98,0,0.3014,-0.8633,
98,15,True,0.45066,-0.5195,none,,,False,,98,0,0.2998,-0.9394,
98,23,True,0.233837,-1.8353,none,,,False,,98,0,0.2992,-1.9778,
98,37,True,0.35181,-1.1194,cusum,,,True,negative,98,0,0.2992,-1.3672,
98,99,True,0.096054,-2.6715,none,,,False,,98,0,0.2976,-0.7754,
99,36,True,1.026226,2.2773,cusum,,,True,positive,99,0,0.242,3.2576,
99,39,True,0.928779,1.8281,cusum,,,True,positive,99,0,0.2432,2.9409,
99,5,True,0.805598,1.2603,cusum,,,True,positive,99,0,0.2402,2.658,
99,28,True,0.834019,1.3913,none,,,False,,99,0,0.2415,2.6125,
99,90,True,0.799748,1.2333,cusum,,,True,positive,99,0,0.246,2.5493,
99,13,True,0.946267,1.9087,cusum,,,True,positive,99,0,0.2402,2.2251,
99,53,True,0.760334,1.0516,none,,,False,,99,0,0.2642,2.1642,
99,32,True,0.732502,0.9233,none,,,False,,99,0,0.2432,2.0909,
99,6,True,0.650276,0.5443,cusum,,,True,positive,99,0,0.2617,1.8738,
99,92,True,0.677323,0.669,cusum,,,True,positive,99,0,0.2398,1.7222,
99,19,True,0.637794,0.4867,none,,,False,,99,0,0.2408,1.3621,
99,58,True,0.672211,0.6454,none,,,False,,99,0,0.2415,0.9311,
99,96,True,0.723104,0.88,none,,,False,,99,0,0.0424,0.7884,
99,11,True,0.730477,0.914,none,,,False,,99,0,0.0413,0.6958,
99,79,True,0.708927,0.8146,none,,,False,,99,0,0.0432,0.655,
99,77,True,0.585443,0.2454,none,,,False,,99,0,0.1184,0.5708,
99,2,True,0.584681,0.2419,none,,,False,,99,0,0.0427,0.3915,
99,97,True,0.536527,0.0199,none,,,False,,99,0,0.0473,0.3118,
99,82,True,0.614297,0.3784,none,,,False,,99,0,0.0402,0.2991,
99,51,True,0.601733,0.3205,none,,,False,,99,0,0.0402,0.2845,
99,17,True,0.473349,-0.2713,none,,,False,,99,0,0.042,0.2343,
99,20,True,-0.204436,-3.0,none,,,False,,99,0,0.0617,0.1716,
99,41,True,0.662111,0.5988,none,,,False,,99,0,0.0415,0.1449,
99,48,True,0.569674,0.1727,none,,,False,,99,0,0.04,0.1351,
99,89,True,0.53307,0.004,none,,,False,,99,0,0.0503,0.1095,
99,25,True,0.497572,-0.1597,none,,,False,,99,0,0.0404,0.064,
99,88,True,0.333098,-0.9178,none,,,False,,99,0,0.0408,0.0282,
99,95,True,0.523469,-0.0403,none,,,False,,99,0,0.0747,0.0227,
99,74,True,0.531342,-0.004,none,,,False,,99,0,0.0417,0.02,
99,30,True,0.384688,-0.68,none,,,False,,99,0,0.0408,-0.1561,
99,47,True,0.437123,-0.4383,none,,,False,,99,0,0.0417,-0.2015,
99,52,True,0.619062,0.4004,none,,,False,,99,0,0.0413,-0.3796,
99,98,True,0.429596,-0.473,none,,,False,,99,0,0.254,-0.5948,
99,44,True,0.396408,-0.626,none,,,False,,99,0,0.2975,-0.711,
99,49,True,0.517941,-0.0658,none,,,False,,99,0,0.2573,-0.7184,
99,81,True,0.486819,-0.2092,none,,,False,,99,0,0.1152,-0.7201,
99,42,True,0.339398,-0.8888,none,,,False,,99,0,0.2495,-0.7249,
99,9,True,0.33456,-0.9111,none,,,False,,99,0,0.126,-0.7281,
99,0,True,0.445234,-0.4009,cusum,,,True,negative,99,0,0.3475,-1.506,
99,93,True,0.28498,-1.1397,none,,,False,,99,0,0.3357,-1.772,
99,87,True,0.335783,-0.9055,none,,,False,,99,0,0.3251,-1.4544,
99,15,True,0.360254,-0.7927,cusum,,,True,negative,99,0,0.3184,-1.3749,
99,86,True,0.329789,-0.9331,none,,,False,,99,0,0.3184,-1.6559,
99,14,True,0.305941,-1.043,none,,,False,,99,0,0.3089,-1.9967,
99,71,True,0.33527,-0.9078,none,,,False,,99,0,0.3058,-1.5417,
99,31,True,0.311872,-1.0157,none,,,False,,99,0,0.3011,-1.1709,
99,21,True,0.355085,-0.8165,none,,,False,,99,0,0.3004,-1.6568,
99,35,True,0.509194,-0.1061,none,,,False,,99,0,0.3004,-1.1522,
99,70,True,0.228754,-1.3988,none,,,False,,99,0,0.2986,-1.7683,
99,40,True,0.670282,0.6365,none,,,False,,99,0,0.2984,-0.8937,
100,36,True,1.046488,3.0,none,,,False,,100,0,0.2417,3.4439,
100,39,True,0.927337,2.4826,none,,,False,,100,0,0.2429,3.0805,
100,28,True,0.894238,2.2789,none,,,False,,100,0,0.2412,2.6465,
100,5,True,0.841781,1.9562,none,,,False,,100,0,0.24,2.6437,
100,90,True,0.908076,2.3641,none,,,False,,100,0,0.2456,2.6153,
100,13,True,0.821062,1.8287,none,,,False,,100,0,0.24,2.4715,
100,53,True,0.630625,0.657,cusum,,,True,positive,100,0,0.2626,2.2116,
100,32,True,0.70526,1.1162,none,,,False,,100,0,0.2429,2.1999,
100,96,True,0.610119,0.5308,cusum,,,True,positive,100,0,0.2422,1.8489,
100,6,True,0.705315,1.1165,none,,,False,,100,0,0.26,1.7948,
100,92,True,0.532029,0.0503,none,,,False,,100,0,0.2396,1.6864,
100,11,True,0.67455,0.9272,none,,,False,,100,0,0.041,0.7309,
100,79,True,0.592289,0.4211,none,,,False,,100,0,0.0429,0.6609,
100,58,True,0.475643,-0.2966,none,,,False,,100,0,0.2412,0.5974,
100,19,True,0.666749,0.8792,none,,,False,,100,0,0.2406,0.474,
100,77,True,0.467639,-0.3459,none,,,False,,100,0,0.1156,0.4299,
100,41,True,0.487822,-0.2217,none,,,False,,100,0,0.0412,0.4229,
100,82,True,0.591267,0.4148,none,,,False,,100,0,0.04,0.4104,
100,51,True,0.542145,0.1126,none,,,False,,100,0,0.04,0.3595,
100,2,True,0.646031,0.7518,none,,,False,,100,0,0.0424,0.3017,
100,97,True,0.600865,0.4739,none,,,False,,100,0,0.0469,0.2964,
100,48,True,0.510025,-0.0851,none,,,False,,100,0,0.0398,0.182,
100,89,True,0.515669,-0.0503,none,,,False,,100,0,0.0499,0.1503,
100,95,True,0.561899,0.2341,none,,,False,,100,0,0.0729,0.0961,
100,17,True,0.638072,0.7028,none,,,False,,100,0,0.0417,0.0429,
100,25,True,0.637216,0.6975,none,,,False,,100,0,0.0402,0.0209,
100,74,True,0.539286,0.095,none,,,False,,100,0,0.0415,-0.0813,
100,35,True,0.441307,-0.5079,none,,,False,,100,0,0.2947,-0.1294,
100,52,True,0.623303,0.6119,none,,,False,,100,0,0.041,-0.1898,
100,44,True,0.346243,-1.0928,none,,,False,,100,0,0.152,-0.2704,
100,47,True,0.588388,0.3971,none,,,False,,100,0,0.0415,-0.2809,
100,30,True,0.439156,-0.5211,none,,,False,,100,0,0.0406,-0.3402,
100,88,True,0.47292,-0.3134,none,,,False,,100,0,0.0406,-0.3638,
100,60,True,0.48221,-0.2562,none,,,False,,100,0,0.2597,-0.4642,
100,98,True,0.465651,-0.3581,none,,,False,,100,0,0.0525,-0.5253,
100,49,True,0.254562,-1.6569,none,,,False,,100,0,0.1064,-0.5413,
100,40,True,0.565066,0.2536,none,,,False,,100,0,0.1189,-0.5939,
100,42,True,0.410602,-0.6968,none,,,False,,100,0,0.1125,-0.7031,
100,0,True,0.411379,-0.692,none,,,False,,100,0,0.3438,-1.1415,
100,93,True,0.307635,-1.3303,none,,,False,,100,0,0.3325,-1.7367,
100,87,True,0.309281,-1.3202,none,,,False,,100,0,0.3221,-1.5363,
100,15,True,0.422771,-0.6219,none,,,False,,100,0,0.3156,-1.4844,
100,86,True,0.354621,-1.0412,none,,,False,,100,0,0.3156,-1.6861,
100,14,True,0.341152,-1.1241,none,,,False,,100,0,0.3064,-1.8503,
100,71,True,0.338637,-1.1396,cusum,,,True,negative,100,0,0.3034,-1.6659,
100,45,True,0.430365,-0.5752,none,,,False,,100,0,0.3023,-0.9985,
100,4,True,0.471935,-0.3194,none,,,False,,100,0,0.3017,-0.7909,
100,23,True,0.245115,-1.715,none,,,False,,100,0,0.301,-1.9633,
100,37,True,0.403119,-0.7428,none,,,False,,100,0,0.301,-1.3022,
100,78,True,0.287086,-1.4568,none,,,False,,100,0,0.301,-1.6706,
